690 4440 790 5
0 -1 141 314 569 643 340
1 -1 147 338 684 528 341
2 575 0 157 404 310 552
2 0 157 404 310 552 575
2 157 404 310 552 575 0
2 404 310 552 575 0 157
2 310 552 575 0 157 404
2 552 575 0 157 404 310
3 460 1 159 410 334 667
3 1 159 410 334 667 460
3 159 410 334 667 460 1
3 410 334 667 460 1 159
3 334 667 460 1 159 410
3 667 460 1 159 410 334
4 576 2 163 428 522 316
4 2 163 428 522 316 576
4 163 428 522 316 576 2
4 428 522 316 576 2 163
4 522 316 576 2 163 428
4 316 576 2 163 428 522
5 220 3 165 434 563 619
5 3 165 434 563 619 220
5 165 434 563 619 220 3
5 434 563 619 220 3 165
5 563 619 220 3 165 434
5 619 220 3 165 434 563
6 461 4 169 452 637 292
6 4 169 452 637 292 461
6 169 452 637 292 461 4
6 452 637 292 461 4 169
6 637 292 461 4 169 452
6 292 461 4 169 452 637
7 221 5 171 458 678 504
7 5 171 458 678 504 221
7 171 458 678 504 221 5
7 458 678 504 221 5 171
7 678 504 221 5 171 458
7 504 221 5 171 458 678
8 -1 183 526 328 644 342
9 577 6 187 544 406 317
9 6 187 544 406 317 577
9 187 544 406 317 577 6
9 544 406 317 577 6 187
9 406 317 577 6 187 544
9 317 577 6 187 544 406
10 222 7 189 550 448 620
10 7 189 550 448 620 222
10 189 550 448 620 222 7
10 550 448 620 222 7 189
10 448 620 222 7 189 550
10 620 222 7 189 550 448
11 -1 193 567 631 268 343
12 223 8 195 573 655 388
12 8 195 573 655 388 223
12 195 573 655 388 223 8
12 573 655 388 223 8 195
12 655 388 223 8 195 573
12 388 223 8 195 573 655
13 -1 207 641 304 529 344
14 462 9 211 659 400 293
14 9 211 659 400 293 462
14 211 659 400 293 462 9
14 659 400 293 462 9 211
14 400 293 462 9 211 659
14 293 462 9 211 659 400
15 224 10 213 665 424 505
15 10 213 665 424 505 224
15 213 665 424 505 224 10
15 665 424 505 224 10 213
15 424 505 224 10 213 665
15 505 224 10 213 665 424
16 -1 217 682 516 269 345
17 225 11 219 688 540 389
17 11 219 688 540 389 225
17 219 688 540 389 225 11
17 688 540 389 225 11 219
17 540 389 225 11 219 688
17 389 225 11 219 688 540
18 578 12 253 164 431 553
18 12 253 164 431 553 578
18 253 164 431 553 578 12
18 164 431 553 578 12 253
18 431 553 578 12 253 164
18 553 578 12 253 164 431
19 463 13 255 170 455 668
19 13 255 170 455 668 463
19 255 170 455 668 463 13
19 170 455 668 463 13 255
19 455 668 463 13 255 170
19 668 463 13 255 170 455
20 579 14 259 188 547 438
20 14 259 188 547 438 579
20 259 188 547 438 579 14
20 188 547 438 579 14 259
20 547 438 579 14 259 188
20 438 579 14 259 188 547
21 346 15 261 194 570 645
21 15 261 194 570 645 346
21 261 194 570 645 346 15
21 194 570 645 346 15 261
21 570 645 346 15 261 194
21 645 346 15 261 194 570
22 464 16 265 212 662 414
22 16 265 212 662 414 464
22 265 212 662 414 464 16
22 212 662 414 464 16 265
22 662 414 464 16 265 212
22 414 464 16 265 212 662
23 347 17 267 218 685 530
23 17 267 218 685 530 347
23 267 218 685 530 347 17
23 218 685 530 347 17 267
23 685 530 347 17 267 218
23 530 347 17 267 218 685
24 580 18 277 380 190 554
24 18 277 380 190 554 580
24 277 380 190 554 580 18
24 380 190 554 580 18 277
24 190 554 580 18 277 380
24 554 580 18 277 380 190
25 465 19 279 386 214 669
25 19 279 386 214 669 465
25 279 386 214 669 465 19
25 386 214 669 465 19 279
25 214 669 465 19 279 386
25 669 465 19 279 386 214
26 581 20 283 422 498 196
26 20 283 422 498 196 581
26 283 422 498 196 581 20
26 422 498 196 581 20 283
26 498 196 581 20 283 422
26 196 581 20 283 422 498
27 100 21 285 432 557 595
27 21 285 432 557 595 100
27 285 432 557 595 100 21
27 432 557 595 100 21 285
27 557 595 100 21 285 432
27 595 100 21 285 432 557
28 466 22 289 446 613 172
28 22 289 446 613 172 466
28 289 446 613 172 466 22
28 446 613 172 466 22 289
28 613 172 466 22 289 446
28 172 466 22 289 446 613
29 101 23 291 456 672 480
29 23 291 456 672 480 101
29 291 456 672 480 101 23
29 456 672 480 101 23 291
29 672 480 101 23 291 456
29 480 101 23 291 456 672
30 582 24 301 496 166 439
30 24 301 496 166 439 582
30 301 496 166 439 582 24
30 496 166 439 582 24 301
30 166 439 582 24 301 496
30 439 582 24 301 496 166
31 348 25 303 502 208 646
31 25 303 502 208 646 348
31 303 502 208 646 348 25
31 502 208 646 348 25 303
31 208 646 348 25 303 502
31 646 348 25 303 502 208
32 583 26 307 538 382 197
32 26 307 538 382 197 583
32 307 538 382 197 583 26
32 538 382 197 583 26 307
32 382 197 583 26 307 538
32 197 583 26 307 538 382
33 102 27 309 548 442 596
33 27 309 548 442 596 102
33 309 548 442 596 102 27
33 548 442 596 102 27 309
33 442 596 102 27 309 548
33 596 102 27 309 548 442
34 349 28 313 561 607 148
34 28 313 561 607 148 349
34 313 561 607 148 349 28
34 561 607 148 349 28 313
34 607 148 349 28 313 561
34 148 349 28 313 561 607
35 103 29 315 571 649 364
35 29 315 571 649 364 103
35 315 571 649 364 103 29
35 571 649 364 103 29 315
35 649 364 103 29 315 571
35 364 103 29 315 571 649
36 467 30 325 611 160 415
36 30 325 611 160 415 467
36 325 611 160 415 467 30
36 611 160 415 467 30 325
36 160 415 467 30 325 611
36 415 467 30 325 611 160
37 350 31 327 617 184 531
37 31 327 617 184 531 350
37 327 617 184 531 350 31
37 617 184 531 350 31 327
37 184 531 350 31 327 617
37 531 350 31 327 617 184
38 468 32 331 653 376 173
38 32 331 653 376 173 468
38 331 653 376 173 468 32
38 653 376 173 468 32 331
38 376 173 468 32 331 653
38 173 468 32 331 653 376
39 104 33 333 663 418 481
39 33 333 663 418 481 104
39 333 663 418 481 104 33
39 663 418 481 104 33 333
39 418 481 104 33 333 663
39 481 104 33 333 663 418
40 351 34 337 676 492 149
40 34 337 676 492 149 351
40 337 676 492 149 351 34
40 676 492 149 351 34 337
40 492 149 351 34 337 676
40 149 351 34 337 676 492
41 105 35 339 686 534 365
41 35 339 686 534 365 105
41 339 686 534 365 105 35
41 686 534 365 105 35 339
41 534 365 105 35 339 686
41 365 105 35 339 686 534
42 584 36 373 140 311 555
42 36 373 140 311 555 584
42 373 140 311 555 584 36
42 140 311 555 584 36 373
42 311 555 584 36 373 140
42 555 584 36 373 140 311
43 469 37 375 146 335 670
43 37 375 146 335 670 469
43 375 146 335 670 469 37
43 146 335 670 469 37 375
43 335 670 469 37 375 146
43 670 469 37 375 146 335
44 585 38 379 182 523 318
44 38 379 182 523 318 585
44 379 182 523 318 585 38
44 182 523 318 585 38 379
44 523 318 585 38 379 182
44 318 585 38 379 182 523
45 226 39 381 192 564 621
45 39 381 192 564 621 226
45 381 192 564 621 226 39
45 192 564 621 226 39 381
45 564 621 226 39 381 192
45 621 226 39 381 192 564
46 470 40 385 206 638 294
46 40 385 206 638 294 470
46 385 206 638 294 470 40
46 206 638 294 470 40 385
46 638 294 470 40 385 206
46 294 470 40 385 206 638
47 227 41 387 216 679 506
47 41 387 216 679 506 227
47 387 216 679 506 227 41
47 216 679 506 227 41 387
47 679 506 227 41 387 216
47 506 227 41 387 216 679
48 586 42 397 260 191 556
48 42 397 260 191 556 586
48 397 260 191 556 586 42
48 260 191 556 586 42 397
48 191 556 586 42 397 260
48 556 586 42 397 260 191
49 471 43 399 266 215 671
49 43 399 266 215 671 471
49 399 266 215 671 471 43
49 266 215 671 471 43 399
49 215 671 471 43 399 266
49 671 471 43 399 266 215
50 587 44 403 302 499 198
50 44 403 302 499 198 587
50 403 302 499 198 587 44
50 302 499 198 587 44 403
50 499 198 587 44 403 302
50 198 587 44 403 302 499
51 106 45 405 312 558 597
51 45 405 312 558 597 106
51 405 312 558 597 106 45
51 312 558 597 106 45 405
51 558 597 106 45 405 312
51 597 106 45 405 312 558
52 472 46 409 326 614 174
52 46 409 326 614 174 472
52 409 326 614 174 472 46
52 326 614 174 472 46 409
52 614 174 472 46 409 326
52 174 472 46 409 326 614
53 107 47 411 336 673 482
53 47 411 336 673 482 107
53 411 336 673 482 107 47
53 336 673 482 107 47 411
53 673 482 107 47 411 336
53 482 107 47 411 336 673
54 588 48 421 490 142 319
54 48 421 490 142 319 588
54 421 490 142 319 588 48
54 490 142 319 588 48 421
54 142 319 588 48 421 490
54 319 588 48 421 490 142
55 228 49 423 500 202 622
55 49 423 500 202 622 228
55 423 500 202 622 228 49
55 500 202 622 228 49 423
55 202 622 228 49 423 500
55 622 228 49 423 500 202
56 589 50 427 514 262 199
56 50 427 514 262 199 589
56 427 514 262 199 589 50
56 514 262 199 589 50 427
56 262 199 589 50 427 514
56 199 589 50 427 514 262
57 108 51 429 524 322 598
57 51 429 524 322 598 108
57 429 524 322 598 108 51
57 524 322 598 108 51 429
57 322 598 108 51 429 524
57 598 108 51 429 524 322
58 229 52 433 559 601 124
58 52 433 559 601 124 229
58 433 559 601 124 229 52
58 559 601 124 229 52 433
58 601 124 229 52 433 559
58 124 229 52 433 559 601
59 109 53 435 565 625 244
59 53 435 565 625 244 109
59 435 565 625 244 109 53
59 565 625 244 109 53 435
59 625 244 109 53 435 565
59 244 109 53 435 565 625
60 473 54 445 605 136 295
60 54 445 605 136 295 473
60 445 605 136 295 473 54
60 605 136 295 473 54 445
60 136 295 473 54 445 605
60 295 473 54 445 605 136
61 230 55 447 615 178 507
61 55 447 615 178 507 230
61 447 615 178 507 230 55
61 615 178 507 230 55 447
61 178 507 230 55 447 615
61 507 230 55 447 615 178
62 474 56 451 629 256 175
62 56 451 629 256 175 474
62 451 629 256 175 474 56
62 629 256 175 474 56 451
62 256 175 474 56 451 629
62 175 474 56 451 629 256
63 110 57 453 639 298 483
63 57 453 639 298 483 110
63 453 639 298 483 110 57
63 639 298 483 110 57 453
63 298 483 110 57 453 639
63 483 110 57 453 639 298
64 231 58 457 674 486 125
64 58 457 674 486 125 231
64 457 674 486 125 231 58
64 674 486 125 231 58 457
64 486 125 231 58 457 674
64 125 231 58 457 674 486
65 111 59 459 680 510 245
65 59 459 680 510 245 111
65 459 680 510 245 111 59
65 680 510 245 111 59 459
65 510 245 111 59 459 680
65 245 111 59 459 680 510
66 -1 491 144 329 647 352
67 590 60 495 158 407 320
67 60 495 158 407 320 590
67 495 158 407 320 590 60
67 158 407 320 590 60 495
67 407 320 590 60 495 158
67 320 590 60 495 158 407
68 232 61 497 168 449 623
68 61 497 168 449 623 232
68 497 168 449 623 232 61
68 168 449 623 232 61 497
68 449 623 232 61 497 168
68 623 232 61 497 168 449
69 -1 501 204 632 270 353
70 233 62 503 210 656 390
70 62 503 210 656 390 233
70 503 210 656 390 233 62
70 210 656 390 233 62 503
70 656 390 233 62 503 210
70 390 233 62 503 210 656
71 591 63 513 254 167 441
71 63 513 254 167 441 591
71 513 254 167 441 591 63
71 254 167 441 591 63 513
71 167 441 591 63 513 254
71 441 591 63 513 254 167
72 354 64 515 264 209 648
72 64 515 264 209 648 354
72 515 264 209 648 354 64
72 264 209 648 354 64 515
72 209 648 354 64 515 264
72 648 354 64 515 264 209
73 592 65 519 278 383 200
73 65 519 278 383 200 592
73 519 278 383 200 592 65
73 278 383 200 592 65 519
73 383 200 592 65 519 278
73 200 592 65 519 278 383
74 112 66 521 288 443 599
74 66 521 288 443 599 112
74 521 288 443 599 112 66
74 288 443 599 112 66 521
74 443 599 112 66 521 288
74 599 112 66 521 288 443
75 355 67 525 324 608 150
75 67 525 324 608 150 355
75 525 324 608 150 355 67
75 324 608 150 355 67 525
75 608 150 355 67 525 324
75 150 355 67 525 324 608
76 113 68 527 330 650 366
76 68 527 330 650 366 113
76 527 330 650 366 113 68
76 330 650 366 113 68 527
76 650 366 113 68 527 330
76 366 113 68 527 330 650
77 593 69 537 374 143 321
77 69 537 374 143 321 593
77 537 374 143 321 593 69
77 374 143 321 593 69 537
77 143 321 593 69 537 374
77 321 593 69 537 374 143
78 234 70 539 384 203 624
78 70 539 384 203 624 234
78 539 384 203 624 234 70
78 384 203 624 234 70 539
78 203 624 234 70 539 384
78 624 234 70 539 384 203
79 594 71 543 398 263 201
79 71 543 398 263 201 594
79 543 398 263 201 594 71
79 398 263 201 594 71 543
79 263 201 594 71 543 398
79 201 594 71 543 398 263
80 114 72 545 408 323 600
80 72 545 408 323 600 114
80 545 408 323 600 114 72
80 408 323 600 114 72 545
80 323 600 114 72 545 408
80 600 114 72 545 408 323
81 235 73 549 444 602 126
81 73 549 444 602 126 235
81 549 444 602 126 235 73
81 444 602 126 235 73 549
81 602 126 235 73 549 444
81 126 235 73 549 444 602
82 115 74 551 450 626 246
82 74 551 450 626 246 115
82 551 450 626 246 115 74
82 450 626 246 115 74 551
82 626 246 115 74 551 450
82 246 115 74 551 450 626
83 -1 560 603 130 271 356
84 236 75 562 609 154 391
84 75 562 609 154 391 236
84 562 609 154 391 236 75
84 609 154 391 236 75 562
84 154 391 236 75 562 609
84 391 236 75 562 609 154
85 357 76 566 627 250 151
85 76 566 627 250 151 357
85 566 627 250 151 357 76
85 627 250 151 357 76 566
85 250 151 357 76 566 627
85 151 357 76 566 627 250
86 116 77 568 633 274 367
86 77 568 633 274 367 116
86 568 633 274 367 116 77
86 633 274 367 116 77 568
86 274 367 116 77 568 633
86 367 116 77 568 633 274
87 237 78 572 651 370 127
87 78 572 651 370 127 237
87 572 651 370 127 237 78
87 651 370 127 237 78 572
87 370 127 237 78 572 651
87 127 237 78 572 651 370
88 117 79 574 657 394 247
88 79 574 657 394 247 117
88 574 657 394 247 117 79
88 657 394 247 117 79 574
88 394 247 117 79 574 657
88 247 117 79 574 657 394
89 -1 606 138 305 532 358
90 475 80 610 156 401 296
90 80 610 156 401 296 475
90 610 156 401 296 475 80
90 156 401 296 475 80 610
90 401 296 475 80 610 156
90 296 475 80 610 156 401
91 238 81 612 162 425 508
91 81 612 162 425 508 238
91 612 162 425 508 238 81
91 162 425 508 238 81 612
91 425 508 238 81 612 162
91 508 238 81 612 162 425
92 -1 616 180 517 272 359
93 239 82 618 186 541 392
93 82 618 186 541 392 239
93 618 186 541 392 239 82
93 186 541 392 239 82 618
93 541 392 239 82 618 186
93 392 239 82 618 186 541
94 476 83 628 252 161 417
94 83 628 252 161 417 476
94 628 252 161 417 476 83
94 252 161 417 476 83 628
94 161 417 476 83 628 252
94 417 476 83 628 252 161
95 360 84 630 258 185 533
95 84 630 258 185 533 360
95 630 258 185 533 360 84
95 258 185 533 360 84 630
95 185 533 360 84 630 258
95 533 360 84 630 258 185
96 477 85 634 276 377 176
96 85 634 276 377 176 477
96 634 276 377 176 477 85
96 276 377 176 477 85 634
96 377 176 477 85 634 276
96 176 477 85 634 276 377
97 118 86 636 282 419 484
97 86 636 282 419 484 118
97 636 282 419 484 118 86
97 282 419 484 118 86 636
97 419 484 118 86 636 282
97 484 118 86 636 282 419
98 361 87 640 300 493 152
98 87 640 300 493 152 361
98 640 300 493 152 361 87
98 300 493 152 361 87 640
98 493 152 361 87 640 300
98 152 361 87 640 300 493
99 119 88 642 306 535 368
99 88 642 306 535 368 119
99 642 306 535 368 119 88
99 306 535 368 119 88 642
99 535 368 119 88 642 306
99 368 119 88 642 306 535
100 478 89 652 372 137 297
100 89 652 372 137 297 478
100 652 372 137 297 478 89
100 372 137 297 478 89 652
100 137 297 478 89 652 372
100 297 478 89 652 372 137
101 240 90 654 378 179 509
101 90 654 378 179 509 240
101 654 378 179 509 240 90
101 378 179 509 240 90 654
101 179 509 240 90 654 378
101 509 240 90 654 378 179
102 479 91 658 396 257 177
102 91 658 396 257 177 479
102 658 396 257 177 479 91
102 396 257 177 479 91 658
102 257 177 479 91 658 396
102 177 479 91 658 396 257
103 120 92 660 402 299 485
103 92 660 402 299 485 120
103 660 402 299 485 120 92
103 402 299 485 120 92 660
103 299 485 120 92 660 402
103 485 120 92 660 402 299
104 241 93 664 420 487 128
104 93 664 420 487 128 241
104 664 420 487 128 241 93
104 420 487 128 241 93 664
104 487 128 241 93 664 420
104 128 241 93 664 420 487
105 121 94 666 426 511 248
105 94 666 426 511 248 121
105 666 426 511 248 121 94
105 426 511 248 121 94 666
105 511 248 121 94 666 426
105 248 121 94 666 426 511
106 -1 675 488 131 273 362
107 242 95 677 494 155 393
107 95 677 494 155 393 242
107 677 494 155 393 242 95
107 494 155 393 242 95 677
107 155 393 242 95 677 494
107 393 242 95 677 494 155
108 363 96 681 512 251 153
108 96 681 512 251 153 363
108 681 512 251 153 363 96
108 512 251 153 363 96 681
108 251 153 363 96 681 512
108 153 363 96 681 512 251
109 122 97 683 518 275 369
109 97 683 518 275 369 122
109 683 518 275 369 122 97
109 518 275 369 122 97 683
109 275 369 122 97 683 518
109 369 122 97 683 518 275
110 243 98 687 536 371 129
110 98 687 536 371 129 243
110 687 536 371 129 243 98
110 536 371 129 243 98 687
110 371 129 243 98 687 536
110 129 243 98 687 536 371
111 123 99 689 542 395 249
111 99 689 542 395 249 123
111 689 542 395 249 123 99
111 542 395 249 123 99 689
111 395 249 123 99 689 542
111 249 123 99 689 542 395
112 -1 100 124 130 132 133
113 -1 101 125 131 134 135
114 -1 102 126 136 138 139
115 -1 103 127 137 140 141
116 -1 104 128 142 144 145
117 -1 105 129 143 146 147
118 156 157 0 106 148 154
118 157 0 106 148 154 156
118 0 106 148 154 156 157
118 106 148 154 156 157 0
118 148 154 156 157 0 106
118 154 156 157 0 106 148
119 158 159 1 107 149 155
119 159 1 107 149 155 158
119 1 107 149 155 158 159
119 107 149 155 158 159 1
119 149 155 158 159 1 107
119 155 158 159 1 107 149
120 162 163 2 108 150 160
120 163 2 108 150 160 162
120 2 108 150 160 162 163
120 108 150 160 162 163 2
120 150 160 162 163 2 108
120 160 162 163 2 108 150
121 164 165 3 109 151 161
121 165 3 109 151 161 164
121 3 109 151 161 164 165
121 109 151 161 164 165 3
121 151 161 164 165 3 109
121 161 164 165 3 109 151
122 168 169 4 110 152 166
122 169 4 110 152 166 168
122 4 110 152 166 168 169
122 110 152 166 168 169 4
122 152 166 168 169 4 110
122 166 168 169 4 110 152
123 170 171 5 111 153 167
123 171 5 111 153 167 170
123 5 111 153 167 170 171
123 111 153 167 170 171 5
123 153 167 170 171 5 111
123 167 170 171 5 111 153
124 -1 112 172 178 180 181
125 -1 113 173 179 182 183
126 186 187 6 114 174 184
126 187 6 114 174 184 186
126 6 114 174 184 186 187
126 114 174 184 186 187 6
126 174 184 186 187 6 114
126 184 186 187 6 114 174
127 188 189 7 115 175 185
127 189 7 115 175 185 188
127 7 115 175 185 188 189
127 115 175 185 188 189 7
127 175 185 188 189 7 115
127 185 188 189 7 115 175
128 -1 116 176 190 192 193
129 194 195 8 117 177 191
129 195 8 117 177 191 194
129 8 117 177 191 194 195
129 117 177 191 194 195 8
129 177 191 194 195 8 117
129 191 194 195 8 117 177
130 -1 118 196 202 204 205
131 -1 119 197 203 206 207
132 210 211 9 120 198 208
132 211 9 120 198 208 210
132 9 120 198 208 210 211
132 120 198 208 210 211 9
132 198 208 210 211 9 120
132 208 210 211 9 120 198
133 212 213 10 121 199 209
133 213 10 121 199 209 212
133 10 121 199 209 212 213
133 121 199 209 212 213 10
133 199 209 212 213 10 121
133 209 212 213 10 121 199
134 -1 122 200 214 216 217
135 218 219 11 123 201 215
135 219 11 123 201 215 218
135 11 123 201 215 218 219
135 123 201 215 218 219 11
135 201 215 218 219 11 123
135 215 218 219 11 123 201
136 252 253 12 220 244 250
136 253 12 220 244 250 252
136 12 220 244 250 252 253
136 220 244 250 252 253 12
136 244 250 252 253 12 220
136 250 252 253 12 220 244
137 254 255 13 221 245 251
137 255 13 221 245 251 254
137 13 221 245 251 254 255
137 221 245 251 254 255 13
137 245 251 254 255 13 221
137 251 254 255 13 221 245
138 258 259 14 222 246 256
138 259 14 222 246 256 258
138 14 222 246 256 258 259
138 222 246 256 258 259 14
138 246 256 258 259 14 222
138 256 258 259 14 222 246
139 260 261 15 223 247 257
139 261 15 223 247 257 260
139 15 223 247 257 260 261
139 223 247 257 260 261 15
139 247 257 260 261 15 223
139 257 260 261 15 223 247
140 264 265 16 224 248 262
140 265 16 224 248 262 264
140 16 224 248 262 264 265
140 224 248 262 264 265 16
140 248 262 264 265 16 224
140 262 264 265 16 224 248
141 266 267 17 225 249 263
141 267 17 225 249 263 266
141 17 225 249 263 266 267
141 225 249 263 266 267 17
141 249 263 266 267 17 225
141 263 266 267 17 225 249
142 276 277 18 226 268 274
142 277 18 226 268 274 276
142 18 226 268 274 276 277
142 226 268 274 276 277 18
142 268 274 276 277 18 226
142 274 276 277 18 226 268
143 278 279 19 227 269 275
143 279 19 227 269 275 278
143 19 227 269 275 278 279
143 227 269 275 278 279 19
143 269 275 278 279 19 227
143 275 278 279 19 227 269
144 282 283 20 228 270 280
144 283 20 228 270 280 282
144 20 228 270 280 282 283
144 228 270 280 282 283 20
144 270 280 282 283 20 228
144 280 282 283 20 228 270
145 284 285 21 229 271 281
145 285 21 229 271 281 284
145 21 229 271 281 284 285
145 229 271 281 284 285 21
145 271 281 284 285 21 229
145 281 284 285 21 229 271
146 288 289 22 230 272 286
146 289 22 230 272 286 288
146 22 230 272 286 288 289
146 230 272 286 288 289 22
146 272 286 288 289 22 230
146 286 288 289 22 230 272
147 290 291 23 231 273 287
147 291 23 231 273 287 290
147 23 231 273 287 290 291
147 231 273 287 290 291 23
147 273 287 290 291 23 231
147 287 290 291 23 231 273
148 300 301 24 232 292 298
148 301 24 232 292 298 300
148 24 232 292 298 300 301
148 232 292 298 300 301 24
148 292 298 300 301 24 232
148 298 300 301 24 232 292
149 302 303 25 233 293 299
149 303 25 233 293 299 302
149 25 233 293 299 302 303
149 233 293 299 302 303 25
149 293 299 302 303 25 233
149 299 302 303 25 233 293
150 306 307 26 234 294 304
150 307 26 234 294 304 306
150 26 234 294 304 306 307
150 234 294 304 306 307 26
150 294 304 306 307 26 234
150 304 306 307 26 234 294
151 308 309 27 235 295 305
151 309 27 235 295 305 308
151 27 235 295 305 308 309
151 235 295 305 308 309 27
151 295 305 308 309 27 235
151 305 308 309 27 235 295
152 312 313 28 236 296 310
152 313 28 236 296 310 312
152 28 236 296 310 312 313
152 236 296 310 312 313 28
152 296 310 312 313 28 236
152 310 312 313 28 236 296
153 314 315 29 237 297 311
153 315 29 237 297 311 314
153 29 237 297 311 314 315
153 237 297 311 314 315 29
153 297 311 314 315 29 237
153 311 314 315 29 237 297
154 324 325 30 238 316 322
154 325 30 238 316 322 324
154 30 238 316 322 324 325
154 238 316 322 324 325 30
154 316 322 324 325 30 238
154 322 324 325 30 238 316
155 326 327 31 239 317 323
155 327 31 239 317 323 326
155 31 239 317 323 326 327
155 239 317 323 326 327 31
155 317 323 326 327 31 239
155 323 326 327 31 239 317
156 330 331 32 240 318 328
156 331 32 240 318 328 330
156 32 240 318 328 330 331
156 240 318 328 330 331 32
156 318 328 330 331 32 240
156 328 330 331 32 240 318
157 332 333 33 241 319 329
157 333 33 241 319 329 332
157 33 241 319 329 332 333
157 241 319 329 332 333 33
157 319 329 332 333 33 241
157 329 332 333 33 241 319
158 336 337 34 242 320 334
158 337 34 242 320 334 336
158 34 242 320 334 336 337
158 242 320 334 336 337 34
158 320 334 336 337 34 242
158 334 336 337 34 242 320
159 338 339 35 243 321 335
159 339 35 243 321 335 338
159 35 243 321 335 338 339
159 243 321 335 338 339 35
159 321 335 338 339 35 243
159 335 338 339 35 243 321
160 372 373 36 340 364 370
160 373 36 340 364 370 372
160 36 340 364 370 372 373
160 340 364 370 372 373 36
160 364 370 372 373 36 340
160 370 372 373 36 340 364
161 374 375 37 341 365 371
161 375 37 341 365 371 374
161 37 341 365 371 374 375
161 341 365 371 374 375 37
161 365 371 374 375 37 341
161 371 374 375 37 341 365
162 378 379 38 342 366 376
162 379 38 342 366 376 378
162 38 342 366 376 378 379
162 342 366 376 378 379 38
162 366 376 378 379 38 342
162 376 378 379 38 342 366
163 380 381 39 343 367 377
163 381 39 343 367 377 380
163 39 343 367 377 380 381
163 343 367 377 380 381 39
163 367 377 380 381 39 343
163 377 380 381 39 343 367
164 384 385 40 344 368 382
164 385 40 344 368 382 384
164 40 344 368 382 384 385
164 344 368 382 384 385 40
164 368 382 384 385 40 344
164 382 384 385 40 344 368
165 386 387 41 345 369 383
165 387 41 345 369 383 386
165 41 345 369 383 386 387
165 345 369 383 386 387 41
165 369 383 386 387 41 345
165 383 386 387 41 345 369
166 396 397 42 346 388 394
166 397 42 346 388 394 396
166 42 346 388 394 396 397
166 346 388 394 396 397 42
166 388 394 396 397 42 346
166 394 396 397 42 346 388
167 398 399 43 347 389 395
167 399 43 347 389 395 398
167 43 347 389 395 398 399
167 347 389 395 398 399 43
167 389 395 398 399 43 347
167 395 398 399 43 347 389
168 402 403 44 348 390 400
168 403 44 348 390 400 402
168 44 348 390 400 402 403
168 348 390 400 402 403 44
168 390 400 402 403 44 348
168 400 402 403 44 348 390
169 404 405 45 349 391 401
169 405 45 349 391 401 404
169 45 349 391 401 404 405
169 349 391 401 404 405 45
169 391 401 404 405 45 349
169 401 404 405 45 349 391
170 408 409 46 350 392 406
170 409 46 350 392 406 408
170 46 350 392 406 408 409
170 350 392 406 408 409 46
170 392 406 408 409 46 350
170 406 408 409 46 350 392
171 410 411 47 351 393 407
171 411 47 351 393 407 410
171 47 351 393 407 410 411
171 351 393 407 410 411 47
171 393 407 410 411 47 351
171 407 410 411 47 351 393
172 420 421 48 352 412 418
172 421 48 352 412 418 420
172 48 352 412 418 420 421
172 352 412 418 420 421 48
172 412 418 420 421 48 352
172 418 420 421 48 352 412
173 422 423 49 353 413 419
173 423 49 353 413 419 422
173 49 353 413 419 422 423
173 353 413 419 422 423 49
173 413 419 422 423 49 353
173 419 422 423 49 353 413
174 426 427 50 354 414 424
174 427 50 354 414 424 426
174 50 354 414 424 426 427
174 354 414 424 426 427 50
174 414 424 426 427 50 354
174 424 426 427 50 354 414
175 428 429 51 355 415 425
175 429 51 355 415 425 428
175 51 355 415 425 428 429
175 355 415 425 428 429 51
175 415 425 428 429 51 355
175 425 428 429 51 355 415
176 432 433 52 356 416 430
176 433 52 356 416 430 432
176 52 356 416 430 432 433
176 356 416 430 432 433 52
176 416 430 432 433 52 356
176 430 432 433 52 356 416
177 434 435 53 357 417 431
177 435 53 357 417 431 434
177 53 357 417 431 434 435
177 357 417 431 434 435 53
177 417 431 434 435 53 357
177 431 434 435 53 357 417
178 444 445 54 358 436 442
178 445 54 358 436 442 444
178 54 358 436 442 444 445
178 358 436 442 444 445 54
178 436 442 444 445 54 358
178 442 444 445 54 358 436
179 446 447 55 359 437 443
179 447 55 359 437 443 446
179 55 359 437 443 446 447
179 359 437 443 446 447 55
179 437 443 446 447 55 359
179 443 446 447 55 359 437
180 450 451 56 360 438 448
180 451 56 360 438 448 450
180 56 360 438 448 450 451
180 360 438 448 450 451 56
180 438 448 450 451 56 360
180 448 450 451 56 360 438
181 452 453 57 361 439 449
181 453 57 361 439 449 452
181 57 361 439 449 452 453
181 361 439 449 452 453 57
181 439 449 452 453 57 361
181 449 452 453 57 361 439
182 456 457 58 362 440 454
182 457 58 362 440 454 456
182 58 362 440 454 456 457
182 362 440 454 456 457 58
182 440 454 456 457 58 362
182 454 456 457 58 362 440
183 458 459 59 363 441 455
183 459 59 363 441 455 458
183 59 363 441 455 458 459
183 363 441 455 458 459 59
183 441 455 458 459 59 363
183 455 458 459 59 363 441
184 494 495 60 460 482 492
184 495 60 460 482 492 494
184 60 460 482 492 494 495
184 460 482 492 494 495 60
184 482 492 494 495 60 460
184 492 494 495 60 460 482
185 496 497 61 461 483 493
185 497 61 461 483 493 496
185 61 461 483 493 496 497
185 461 483 493 496 497 61
185 483 493 496 497 61 461
185 493 496 497 61 461 483
186 502 503 62 462 485 499
186 503 62 462 485 499 502
186 62 462 485 499 502 503
186 462 485 499 502 503 62
186 485 499 502 503 62 462
186 499 502 503 62 462 485
187 512 513 63 463 504 510
187 513 63 463 504 510 512
187 63 463 504 510 512 513
187 463 504 510 512 513 63
187 504 510 512 513 63 463
187 510 512 513 63 463 504
188 514 515 64 464 505 511
188 515 64 464 505 511 514
188 64 464 505 511 514 515
188 464 505 511 514 515 64
188 505 511 514 515 64 464
188 511 514 515 64 464 505
189 518 519 65 465 506 516
189 519 65 465 506 516 518
189 65 465 506 516 518 519
189 465 506 516 518 519 65
189 506 516 518 519 65 465
189 516 518 519 65 465 506
190 520 521 66 466 507 517
190 521 66 466 507 517 520
190 66 466 507 517 520 521
190 466 507 517 520 521 66
190 507 517 520 521 66 466
190 517 520 521 66 466 507
191 524 525 67 467 508 522
191 525 67 467 508 522 524
191 67 467 508 522 524 525
191 467 508 522 524 525 67
191 508 522 524 525 67 467
191 522 524 525 67 467 508
192 526 527 68 468 509 523
192 527 68 468 509 523 526
192 68 468 509 523 526 527
192 468 509 523 526 527 68
192 509 523 526 527 68 468
192 523 526 527 68 468 509
193 536 537 69 469 528 534
193 537 69 469 528 534 536
193 69 469 528 534 536 537
193 469 528 534 536 537 69
193 528 534 536 537 69 469
193 534 536 537 69 469 528
194 538 539 70 470 529 535
194 539 70 470 529 535 538
194 70 470 529 535 538 539
194 470 529 535 538 539 70
194 529 535 538 539 70 470
194 535 538 539 70 470 529
195 542 543 71 471 530 540
195 543 71 471 530 540 542
195 71 471 530 540 542 543
195 471 530 540 542 543 71
195 530 540 542 543 71 471
195 540 542 543 71 471 530
196 544 545 72 472 531 541
196 545 72 472 531 541 544
196 72 472 531 541 544 545
196 472 531 541 544 545 72
196 531 541 544 545 72 472
196 541 544 545 72 472 531
197 548 549 73 473 532 546
197 549 73 473 532 546 548
197 73 473 532 546 548 549
197 473 532 546 548 549 73
197 532 546 548 549 73 473
197 546 548 549 73 473 532
198 550 551 74 474 533 547
198 551 74 474 533 547 550
198 74 474 533 547 550 551
198 474 533 547 550 551 74
198 533 547 550 551 74 474
198 547 550 551 74 474 533
199 561 562 75 475 552 558
199 562 75 475 552 558 561
199 75 475 552 558 561 562
199 475 552 558 561 562 75
199 552 558 561 562 75 475
199 558 561 562 75 475 552
200 565 566 76 476 553 563
200 566 76 476 553 563 565
200 76 476 553 563 565 566
200 476 553 563 565 566 76
200 553 563 565 566 76 476
200 563 565 566 76 476 553
201 567 568 77 477 554 564
201 568 77 477 554 564 567
201 77 477 554 564 567 568
201 477 554 564 567 568 77
201 554 564 567 568 77 477
201 564 567 568 77 477 554
202 571 572 78 478 555 569
202 572 78 478 555 569 571
202 78 478 555 569 571 572
202 478 555 569 571 572 78
202 555 569 571 572 78 478
202 569 571 572 78 478 555
203 573 574 79 479 556 570
203 574 79 479 556 570 573
203 79 479 556 570 573 574
203 479 556 570 573 574 79
203 556 570 573 574 79 479
203 570 573 574 79 479 556
204 609 610 80 575 597 607
204 610 80 575 597 607 609
204 80 575 597 607 609 610
204 575 597 607 609 610 80
204 597 607 609 610 80 575
204 607 609 610 80 575 597
205 611 612 81 576 598 608
205 612 81 576 598 608 611
205 81 576 598 608 611 612
205 576 598 608 611 612 81
205 598 608 611 612 81 576
205 608 611 612 81 576 598
206 617 618 82 577 600 614
206 618 82 577 600 614 617
206 82 577 600 614 617 618
206 577 600 614 617 618 82
206 600 614 617 618 82 577
206 614 617 618 82 577 600
207 627 628 83 578 619 625
207 628 83 578 619 625 627
207 83 578 619 625 627 628
207 578 619 625 627 628 83
207 619 625 627 628 83 578
207 625 627 628 83 578 619
208 629 630 84 579 620 626
208 630 84 579 620 626 629
208 84 579 620 626 629 630
208 579 620 626 629 630 84
208 620 626 629 630 84 579
208 626 629 630 84 579 620
209 633 634 85 580 621 631
209 634 85 580 621 631 633
209 85 580 621 631 633 634
209 580 621 631 633 634 85
209 621 631 633 634 85 580
209 631 633 634 85 580 621
210 635 636 86 581 622 632
210 636 86 581 622 632 635
210 86 581 622 632 635 636
210 581 622 632 635 636 86
210 622 632 635 636 86 581
210 632 635 636 86 581 622
211 639 640 87 582 623 637
211 640 87 582 623 637 639
211 87 582 623 637 639 640
211 582 623 637 639 640 87
211 623 637 639 640 87 582
211 637 639 640 87 582 623
212 641 642 88 583 624 638
212 642 88 583 624 638 641
212 88 583 624 638 641 642
212 583 624 638 641 642 88
212 624 638 641 642 88 583
212 638 641 642 88 583 624
213 651 652 89 584 643 649
213 652 89 584 643 649 651
213 89 584 643 649 651 652
213 584 643 649 651 652 89
213 643 649 651 652 89 584
213 649 651 652 89 584 643
214 653 654 90 585 644 650
214 654 90 585 644 650 653
214 90 585 644 650 653 654
214 585 644 650 653 654 90
214 644 650 653 654 90 585
214 650 653 654 90 585 644
215 657 658 91 586 645 655
215 658 91 586 645 655 657
215 91 586 645 655 657 658
215 586 645 655 657 658 91
215 645 655 657 658 91 586
215 655 657 658 91 586 645
216 659 660 92 587 646 656
216 660 92 587 646 656 659
216 92 587 646 656 659 660
216 587 646 656 659 660 92
216 646 656 659 660 92 587
216 656 659 660 92 587 646
217 663 664 93 588 647 661
217 664 93 588 647 661 663
217 93 588 647 661 663 664
217 588 647 661 663 664 93
217 647 661 663 664 93 588
217 661 663 664 93 588 647
218 665 666 94 589 648 662
218 666 94 589 648 662 665
218 94 589 648 662 665 666
218 589 648 662 665 666 94
218 648 662 665 666 94 589
218 662 665 666 94 589 648
219 676 677 95 590 667 673
219 677 95 590 667 673 676
219 95 590 667 673 676 677
219 590 667 673 676 677 95
219 667 673 676 677 95 590
219 673 676 677 95 590 667
220 680 681 96 591 668 678
220 681 96 591 668 678 680
220 96 591 668 678 680 681
220 591 668 678 680 681 96
220 668 678 680 681 96 591
220 678 680 681 96 591 668
221 682 683 97 592 669 679
221 683 97 592 669 679 682
221 97 592 669 679 682 683
221 592 669 679 682 683 97
221 669 679 682 683 97 592
221 679 682 683 97 592 669
222 686 687 98 593 670 684
222 687 98 593 670 684 686
222 98 593 670 684 686 687
222 593 670 684 686 687 98
222 670 684 686 687 98 593
222 684 686 687 98 593 670
223 688 689 99 594 671 685
223 689 99 594 671 685 688
223 99 594 671 685 688 689
223 594 671 685 688 689 99
223 671 685 688 689 99 594
223 685 688 689 99 594 671
224 -1 12 18 20 21 100
225 -1 13 19 22 23 101
226 -1 14 24 26 27 102
227 -1 15 25 28 29 103
228 -1 16 30 32 33 104
229 -1 17 31 34 35 105
230 44 45 106 0 36 42
230 45 106 0 36 42 44
230 106 0 36 42 44 45
230 0 36 42 44 45 106
230 36 42 44 45 106 0
230 42 44 45 106 0 36
231 46 47 107 1 37 43
231 47 107 1 37 43 46
231 107 1 37 43 46 47
231 1 37 43 46 47 107
231 37 43 46 47 107 1
231 43 46 47 107 1 37
232 50 51 108 2 38 48
232 51 108 2 38 48 50
232 108 2 38 48 50 51
232 2 38 48 50 51 108
232 38 48 50 51 108 2
232 48 50 51 108 2 38
233 52 53 109 3 39 49
233 53 109 3 39 49 52
233 109 3 39 49 52 53
233 3 39 49 52 53 109
233 39 49 52 53 109 3
233 49 52 53 109 3 39
234 56 57 110 4 40 54
234 57 110 4 40 54 56
234 110 4 40 54 56 57
234 4 40 54 56 57 110
234 40 54 56 57 110 4
234 54 56 57 110 4 40
235 58 59 111 5 41 55
235 59 111 5 41 55 58
235 111 5 41 55 58 59
235 5 41 55 58 59 111
235 41 55 58 59 111 5
235 55 58 59 111 5 41
236 71 72 114 6 60 69
236 72 114 6 60 69 71
236 114 6 60 69 71 72
236 6 60 69 71 72 114
236 60 69 71 72 114 6
236 69 71 72 114 6 60
237 73 74 115 7 61 70
237 74 115 7 61 70 73
237 115 7 61 70 73 74
237 7 61 70 73 74 115
237 61 70 73 74 115 7
237 70 73 74 115 7 61
238 78 79 117 8 62 75
238 79 117 8 62 75 78
238 117 8 62 75 78 79
238 8 62 75 78 79 117
238 62 75 78 79 117 8
238 75 78 79 117 8 62
239 91 92 120 9 80 89
239 92 120 9 80 89 91
239 120 9 80 89 91 92
239 9 80 89 91 92 120
239 80 89 91 92 120 9
239 89 91 92 120 9 80
240 93 94 121 10 81 90
240 94 121 10 81 90 93
240 121 10 81 90 93 94
240 10 81 90 93 94 121
240 81 90 93 94 121 10
240 90 93 94 121 10 81
241 98 99 123 11 82 95
241 99 123 11 82 95 98
241 123 11 82 95 98 99
241 11 82 95 98 99 123
241 82 95 98 99 123 11
241 95 98 99 123 11 82
242 228 229 124 244 220 226
242 229 124 244 220 226 228
242 124 244 220 226 228 229
242 244 220 226 228 229 124
242 220 226 228 229 124 244
242 226 228 229 124 244 220
243 230 231 125 245 221 227
243 231 125 245 221 227 230
243 125 245 221 227 230 231
243 245 221 227 230 231 125
243 221 227 230 231 125 245
243 227 230 231 125 245 221
244 234 235 126 246 222 232
244 235 126 246 222 232 234
244 126 246 222 232 234 235
244 246 222 232 234 235 126
244 222 232 234 235 126 246
244 232 234 235 126 246 222
245 236 237 127 247 223 233
245 237 127 247 223 233 236
245 127 247 223 233 236 237
245 247 223 233 236 237 127
245 223 233 236 237 127 247
245 233 236 237 127 247 223
246 240 241 128 248 224 238
246 241 128 248 224 238 240
246 128 248 224 238 240 241
246 248 224 238 240 241 128
246 224 238 240 241 128 248
246 238 240 241 128 248 224
247 242 243 129 249 225 239
247 243 129 249 225 239 242
247 129 249 225 239 242 243
247 249 225 239 242 243 129
247 225 239 242 243 129 249
247 239 242 243 129 249 225
248 270 271 130 250 274 268
248 271 130 250 274 268 270
248 130 250 274 268 270 271
248 250 274 268 270 271 130
248 274 268 270 271 130 250
248 268 270 271 130 250 274
249 272 273 131 251 275 269
249 273 131 251 275 269 272
249 131 251 275 269 272 273
249 251 275 269 272 273 131
249 275 269 272 273 131 251
249 269 272 273 131 251 275
250 280 281 132 252 276 282
250 281 132 252 276 282 280
250 132 252 276 282 280 281
250 252 276 282 280 281 132
250 276 282 280 281 132 252
250 282 280 281 132 252 276
251 285 284 133 253 277 283
251 284 133 253 277 283 285
251 133 253 277 283 285 284
251 253 277 283 285 284 133
251 277 283 285 284 133 253
251 283 285 284 133 253 277
252 286 287 134 254 278 288
252 287 134 254 278 288 286
252 134 254 278 288 286 287
252 254 278 288 286 287 134
252 278 288 286 287 134 254
252 288 286 287 134 254 278
253 291 290 135 255 279 289
253 290 135 255 279 289 291
253 135 255 279 289 291 290
253 255 279 289 291 290 135
253 279 289 291 290 135 255
253 289 291 290 135 255 279
254 294 295 136 256 298 292
254 295 136 256 298 292 294
254 136 256 298 292 294 295
254 256 298 292 294 295 136
254 298 292 294 295 136 256
254 292 294 295 136 256 298
255 296 297 137 257 299 293
255 297 137 257 299 293 296
255 137 257 299 293 296 297
255 257 299 293 296 297 137
255 299 293 296 297 137 257
255 293 296 297 137 257 299
256 304 305 138 258 300 306
256 305 138 258 300 306 304
256 138 258 300 306 304 305
256 258 300 306 304 305 138
256 300 306 304 305 138 258
256 306 304 305 138 258 300
257 309 308 139 259 301 307
257 308 139 259 301 307 309
257 139 259 301 307 309 308
257 259 301 307 309 308 139
257 301 307 309 308 139 259
257 307 309 308 139 259 301
258 310 311 140 260 302 312
258 311 140 260 302 312 310
258 140 260 302 312 310 311
258 260 302 312 310 311 140
258 302 312 310 311 140 260
258 312 310 311 140 260 302
259 315 314 141 261 303 313
259 314 141 261 303 313 315
259 141 261 303 313 315 314
259 261 303 313 315 314 141
259 303 313 315 314 141 261
259 313 315 314 141 261 303
260 318 319 142 262 322 316
260 319 142 262 322 316 318
260 142 262 322 316 318 319
260 262 322 316 318 319 142
260 322 316 318 319 142 262
260 316 318 319 142 262 322
261 320 321 143 263 323 317
261 321 143 263 323 317 320
261 143 263 323 317 320 321
261 263 323 317 320 321 143
261 323 317 320 321 143 263
261 317 320 321 143 263 323
262 328 329 144 264 324 330
262 329 144 264 324 330 328
262 144 264 324 330 328 329
262 264 324 330 328 329 144
262 324 330 328 329 144 264
262 330 328 329 144 264 324
263 333 332 145 265 325 331
263 332 145 265 325 331 333
263 145 265 325 331 333 332
263 265 325 331 333 332 145
263 325 331 333 332 145 265
263 331 333 332 145 265 325
264 334 335 146 266 326 336
264 335 146 266 326 336 334
264 146 266 326 336 334 335
264 266 326 336 334 335 146
264 326 336 334 335 146 266
264 336 334 335 146 266 326
265 339 338 147 267 327 337
265 338 147 267 327 337 339
265 147 267 327 337 339 338
265 267 327 337 339 338 147
265 327 337 339 338 147 267
265 337 339 338 147 267 327
266 348 349 148 364 340 346
266 349 148 364 340 346 348
266 148 364 340 346 348 349
266 364 340 346 348 349 148
266 340 346 348 349 148 364
266 346 348 349 148 364 340
267 350 351 149 365 341 347
267 351 149 365 341 347 350
267 149 365 341 347 350 351
267 365 341 347 350 351 149
267 341 347 350 351 149 365
267 347 350 351 149 365 341
268 354 355 150 366 342 352
268 355 150 366 342 352 354
268 150 366 342 352 354 355
268 366 342 352 354 355 150
268 342 352 354 355 150 366
268 352 354 355 150 366 342
269 356 357 151 367 343 353
269 357 151 367 343 353 356
269 151 367 343 353 356 357
269 367 343 353 356 357 151
269 343 353 356 357 151 367
269 353 356 357 151 367 343
270 360 361 152 368 344 358
270 361 152 368 344 358 360
270 152 368 344 358 360 361
270 368 344 358 360 361 152
270 344 358 360 361 152 368
270 358 360 361 152 368 344
271 362 363 153 369 345 359
271 363 153 369 345 359 362
271 153 369 345 359 362 363
271 369 345 359 362 363 153
271 345 359 362 363 153 369
271 359 362 363 153 369 345
272 390 391 154 370 394 388
272 391 154 370 394 388 390
272 154 370 394 388 390 391
272 370 394 388 390 391 154
272 394 388 390 391 154 370
272 388 390 391 154 370 394
273 392 393 155 371 395 389
273 393 155 371 395 389 392
273 155 371 395 389 392 393
273 371 395 389 392 393 155
273 395 389 392 393 155 371
273 389 392 393 155 371 395
274 400 401 156 372 396 402
274 401 156 372 396 402 400
274 156 372 396 402 400 401
274 372 396 402 400 401 156
274 396 402 400 401 156 372
274 402 400 401 156 372 396
275 405 404 157 373 397 403
275 404 157 373 397 403 405
275 157 373 397 403 405 404
275 373 397 403 405 404 157
275 397 403 405 404 157 373
275 403 405 404 157 373 397
276 406 407 158 374 398 408
276 407 158 374 398 408 406
276 158 374 398 408 406 407
276 374 398 408 406 407 158
276 398 408 406 407 158 374
276 408 406 407 158 374 398
277 411 410 159 375 399 409
277 410 159 375 399 409 411
277 159 375 399 409 411 410
277 375 399 409 411 410 159
277 399 409 411 410 159 375
277 409 411 410 159 375 399
278 414 415 160 376 418 412
278 415 160 376 418 412 414
278 160 376 418 412 414 415
278 376 418 412 414 415 160
278 418 412 414 415 160 376
278 412 414 415 160 376 418
279 416 417 161 377 419 413
279 417 161 377 419 413 416
279 161 377 419 413 416 417
279 377 419 413 416 417 161
279 419 413 416 417 161 377
279 413 416 417 161 377 419
280 424 425 162 378 420 426
280 425 162 378 420 426 424
280 162 378 420 426 424 425
280 378 420 426 424 425 162
280 420 426 424 425 162 378
280 426 424 425 162 378 420
281 429 428 163 379 421 427
281 428 163 379 421 427 429
281 163 379 421 427 429 428
281 379 421 427 429 428 163
281 421 427 429 428 163 379
281 427 429 428 163 379 421
282 430 431 164 380 422 432
282 431 164 380 422 432 430
282 164 380 422 432 430 431
282 380 422 432 430 431 164
282 422 432 430 431 164 380
282 432 430 431 164 380 422
283 435 434 165 381 423 433
283 434 165 381 423 433 435
283 165 381 423 433 435 434
283 381 423 433 435 434 165
283 423 433 435 434 165 381
283 433 435 434 165 381 423
284 438 439 166 382 442 436
284 439 166 382 442 436 438
284 166 382 442 436 438 439
284 382 442 436 438 439 166
284 442 436 438 439 166 382
284 436 438 439 166 382 442
285 440 441 167 383 443 437
285 441 167 383 443 437 440
285 167 383 443 437 440 441
285 383 443 437 440 441 167
285 443 437 440 441 167 383
285 437 440 441 167 383 443
286 448 449 168 384 444 450
286 449 168 384 444 450 448
286 168 384 444 450 448 449
286 384 444 450 448 449 168
286 444 450 448 449 168 384
286 450 448 449 168 384 444
287 453 452 169 385 445 451
287 452 169 385 445 451 453
287 169 385 445 451 453 452
287 385 445 451 453 452 169
287 445 451 453 452 169 385
287 451 453 452 169 385 445
288 454 455 170 386 446 456
288 455 170 386 446 456 454
288 170 386 446 456 454 455
288 386 446 456 454 455 170
288 446 456 454 455 170 386
288 456 454 455 170 386 446
289 459 458 171 387 447 457
289 458 171 387 447 457 459
289 171 387 447 457 459 458
289 387 447 457 459 458 171
289 447 457 459 458 171 387
289 457 459 458 171 387 447
290 -1 463 465 466 172 480
291 -1 464 467 468 173 481
292 471 472 174 482 460 469
292 472 174 482 460 469 471
292 174 482 460 469 471 472
292 482 460 469 471 472 174
292 460 469 471 472 174 482
292 469 471 472 174 482 460
293 473 474 175 483 461 470
293 474 175 483 461 470 473
293 175 483 461 470 473 474
293 483 461 470 473 474 175
293 461 470 473 474 175 483
293 470 473 474 175 483 461
294 478 479 177 485 462 475
294 479 177 485 462 475 478
294 177 485 462 475 478 479
294 485 462 475 478 479 177
294 462 475 478 479 177 485
294 475 478 479 177 485 462
295 506 507 178 486 510 504
295 507 178 486 510 504 506
295 178 486 510 504 506 507
295 486 510 504 506 507 178
295 510 504 506 507 178 486
295 504 506 507 178 486 510
296 508 509 179 487 511 505
296 509 179 487 511 505 508
296 179 487 511 505 508 509
296 487 511 505 508 509 179
296 511 505 508 509 179 487
296 505 508 509 179 487 511
297 516 517 180 488 512 518
297 517 180 488 512 518 516
297 180 488 512 518 516 517
297 488 512 518 516 517 180
297 512 518 516 517 180 488
297 518 516 517 180 488 512
298 521 520 181 489 513 519
298 520 181 489 513 519 521
298 181 489 513 519 521 520
298 489 513 519 521 520 181
298 513 519 521 520 181 489
298 519 521 520 181 489 513
299 522 523 182 490 514 524
299 523 182 490 514 524 522
299 182 490 514 524 522 523
299 490 514 524 522 523 182
299 514 524 522 523 182 490
299 524 522 523 182 490 514
300 527 526 183 491 515 525
300 526 183 491 515 525 527
300 183 491 515 525 527 526
300 491 515 525 527 526 183
300 515 525 527 526 183 491
300 525 527 526 183 491 515
301 530 531 184 492 534 528
301 531 184 492 534 528 530
301 184 492 534 528 530 531
301 492 534 528 530 531 184
301 534 528 530 531 184 492
301 528 530 531 184 492 534
302 532 533 185 493 535 529
302 533 185 493 535 529 532
302 185 493 535 529 532 533
302 493 535 529 532 533 185
302 535 529 532 533 185 493
302 529 532 533 185 493 535
303 540 541 186 494 536 542
303 541 186 494 536 542 540
303 186 494 536 542 540 541
303 494 536 542 540 541 186
303 536 542 540 541 186 494
303 542 540 541 186 494 536
304 545 544 187 495 537 543
304 544 187 495 537 543 545
304 187 495 537 543 545 544
304 495 537 543 545 544 187
304 537 543 545 544 187 495
304 543 545 544 187 495 537
305 546 547 188 496 538 548
305 547 188 496 538 548 546
305 188 496 538 548 546 547
305 496 538 548 546 547 188
305 538 548 546 547 188 496
305 548 546 547 188 496 538
306 551 550 189 497 539 549
306 550 189 497 539 549 551
306 189 497 539 549 551 550
306 497 539 549 551 550 189
306 539 549 551 550 189 497
306 549 551 550 189 497 539
307 -1 553 554 190 498 557
308 555 556 191 499 558 552
308 556 191 499 558 552 555
308 191 499 558 552 555 556
308 499 558 552 555 556 191
308 558 552 555 556 191 499
308 552 555 556 191 499 558
309 563 564 192 500 559 565
309 564 192 500 559 565 563
309 192 500 559 565 563 564
309 500 559 565 563 564 192
309 559 565 563 564 192 500
309 565 563 564 192 500 559
310 568 567 193 501 560 566
310 567 193 501 560 566 568
310 193 501 560 566 568 567
310 501 560 566 568 567 193
310 560 566 568 567 193 501
310 566 568 567 193 501 560
311 569 570 194 502 561 571
311 570 194 502 561 571 569
311 194 502 561 571 569 570
311 502 561 571 569 570 194
311 561 571 569 570 194 502
311 571 569 570 194 502 561
312 574 573 195 503 562 572
312 573 195 503 562 572 574
312 195 503 562 572 574 573
312 503 562 572 574 573 195
312 562 572 574 573 195 503
312 572 574 573 195 503 562
313 -1 578 580 581 196 595
314 -1 579 582 583 197 596
315 586 587 198 597 575 584
315 587 198 597 575 584 586
315 198 597 575 584 586 587
315 597 575 584 586 587 198
315 575 584 586 587 198 597
315 584 586 587 198 597 575
316 588 589 199 598 576 585
316 589 199 598 576 585 588
316 199 598 576 585 588 589
316 598 576 585 588 589 199
316 576 585 588 589 199 598
316 585 588 589 199 598 576
317 593 594 201 600 577 590
317 594 201 600 577 590 593
317 201 600 577 590 593 594
317 600 577 590 593 594 201
317 577 590 593 594 201 600
317 590 593 594 201 600 577
318 621 622 202 601 625 619
318 622 202 601 625 619 621
318 202 601 625 619 621 622
318 601 625 619 621 622 202
318 625 619 621 622 202 601
318 619 621 622 202 601 625
319 623 624 203 602 626 620
319 624 203 602 626 620 623
319 203 602 626 620 623 624
319 602 626 620 623 624 203
319 626 620 623 624 203 602
319 620 623 624 203 602 626
320 631 632 204 603 627 633
320 632 204 603 627 633 631
320 204 603 627 633 631 632
320 603 627 633 631 632 204
320 627 633 631 632 204 603
320 633 631 632 204 603 627
321 636 635 205 604 628 634
321 635 205 604 628 634 636
321 205 604 628 634 636 635
321 604 628 634 636 635 205
321 628 634 636 635 205 604
321 634 636 635 205 604 628
322 637 638 206 605 629 639
322 638 206 605 629 639 637
322 206 605 629 639 637 638
322 605 629 639 637 638 206
322 629 639 637 638 206 605
322 639 637 638 206 605 629
323 642 641 207 606 630 640
323 641 207 606 630 640 642
323 207 606 630 640 642 641
323 606 630 640 642 641 207
323 630 640 642 641 207 606
323 640 642 641 207 606 630
324 645 646 208 607 649 643
324 646 208 607 649 643 645
324 208 607 649 643 645 646
324 607 649 643 645 646 208
324 649 643 645 646 208 607
324 643 645 646 208 607 649
325 647 648 209 608 650 644
325 648 209 608 650 644 647
325 209 608 650 644 647 648
325 608 650 644 647 648 209
325 650 644 647 648 209 608
325 644 647 648 209 608 650
326 655 656 210 609 651 657
326 656 210 609 651 657 655
326 210 609 651 657 655 656
326 609 651 657 655 656 210
326 651 657 655 656 210 609
326 657 655 656 210 609 651
327 660 659 211 610 652 658
327 659 211 610 652 658 660
327 211 610 652 658 660 659
327 610 652 658 660 659 211
327 652 658 660 659 211 610
327 658 660 659 211 610 652
328 661 662 212 611 653 663
328 662 212 611 653 663 661
328 212 611 653 663 661 662
328 611 653 663 661 662 212
328 653 663 661 662 212 611
328 663 661 662 212 611 653
329 666 665 213 612 654 664
329 665 213 612 654 664 666
329 213 612 654 664 666 665
329 612 654 664 666 665 213
329 654 664 666 665 213 612
329 664 666 665 213 612 654
330 -1 668 669 214 613 672
331 670 671 215 614 673 667
331 671 215 614 673 667 670
331 215 614 673 667 670 671
331 614 673 667 670 671 215
331 673 667 670 671 215 614
331 667 670 671 215 614 673
332 678 679 216 615 674 680
332 679 216 615 674 680 678
332 216 615 674 680 678 679
332 615 674 680 678 679 216
332 674 680 678 679 216 615
332 680 678 679 216 615 674
333 683 682 217 616 675 681
333 682 217 616 675 681 683
333 217 616 675 681 683 682
333 616 675 681 683 682 217
333 675 681 683 682 217 616
333 681 683 682 217 616 675
334 684 685 218 617 676 686
334 685 218 617 676 686 684
334 218 617 676 686 684 685
334 617 676 686 684 685 218
334 676 686 684 685 218 617
334 686 684 685 218 617 676
335 689 688 219 618 677 687
335 688 219 618 677 687 689
335 219 618 677 687 689 688
335 618 677 687 689 688 219
335 677 687 689 688 219 618
335 687 689 688 219 618 677
336 -1 0 2 3 220 12
337 -1 1 4 5 221 13
338 38 39 226 18 42 36
338 39 226 18 42 36 38
338 226 18 42 36 38 39
338 18 42 36 38 39 226
338 42 36 38 39 226 18
338 36 38 39 226 18 42
339 40 41 227 19 43 37
339 41 227 19 43 37 40
339 227 19 43 37 40 41
339 19 43 37 40 41 227
339 43 37 40 41 227 19
339 37 40 41 227 19 43
340 48 49 228 20 44 50
340 49 228 20 44 50 48
340 228 20 44 50 48 49
340 20 44 50 48 49 228
340 44 50 48 49 228 20
340 50 48 49 228 20 44
341 53 52 229 21 45 51
341 52 229 21 45 51 53
341 229 21 45 51 53 52
341 21 45 51 53 52 229
341 45 51 53 52 229 21
341 51 53 52 229 21 45
342 54 55 230 22 46 56
342 55 230 22 46 56 54
342 230 22 46 56 54 55
342 22 46 56 54 55 230
342 46 56 54 55 230 22
342 56 54 55 230 22 46
343 59 58 231 23 47 57
343 58 231 23 47 57 59
343 231 23 47 57 59 58
343 23 47 57 59 58 231
343 47 57 59 58 231 23
343 57 59 58 231 23 47
344 -1 60 61 232 24 63
345 69 70 234 26 65 71
345 70 234 26 65 71 69
345 234 26 65 71 69 70
345 26 65 71 69 70 234
345 65 71 69 70 234 26
345 71 69 70 234 26 65
346 74 73 235 27 66 72
346 73 235 27 66 72 74
346 235 27 66 72 74 73
346 27 66 72 74 73 235
346 66 72 74 73 235 27
346 72 74 73 235 27 66
347 -1 75 236 28 67 76
348 79 78 237 29 68 77
348 78 237 29 68 77 79
348 237 29 68 77 79 78
348 29 68 77 79 78 237
348 68 77 79 78 237 29
348 77 79 78 237 29 68
349 -1 80 81 238 30 83
350 89 90 240 32 85 91
350 90 240 32 85 91 89
350 240 32 85 91 89 90
350 32 85 91 89 90 240
350 85 91 89 90 240 32
350 91 89 90 240 32 85
351 94 93 241 33 86 92
351 93 241 33 86 92 94
351 241 33 86 92 94 93
351 33 86 92 94 93 241
351 86 92 94 93 241 33
351 92 94 93 241 33 86
352 -1 95 242 34 87 96
353 99 98 243 35 88 97
353 98 243 35 88 97 99
353 243 35 88 97 99 98
353 35 88 97 99 98 243
353 88 97 99 98 243 35
353 97 99 98 243 35 88
354 108 109 244 124 100 106
354 109 244 124 100 106 108
354 244 124 100 106 108 109
354 124 100 106 108 109 244
354 100 106 108 109 244 124
354 106 108 109 244 124 100
355 110 111 245 125 101 107
355 111 245 125 101 107 110
355 245 125 101 107 110 111
355 125 101 107 110 111 245
355 101 107 110 111 245 125
355 107 110 111 245 125 101
356 114 115 246 126 102 112
356 115 246 126 102 112 114
356 246 126 102 112 114 115
356 126 102 112 114 115 246
356 102 112 114 115 246 126
356 112 114 115 246 126 102
357 116 117 247 127 103 113
357 117 247 127 103 113 116
357 247 127 103 113 116 117
357 127 103 113 116 117 247
357 103 113 116 117 247 127
357 113 116 117 247 127 103
358 120 121 248 128 104 118
358 121 248 128 104 118 120
358 248 128 104 118 120 121
358 128 104 118 120 121 248
358 104 118 120 121 248 128
358 118 120 121 248 128 104
359 122 123 249 129 105 119
359 123 249 129 105 119 122
359 249 129 105 119 122 123
359 129 105 119 122 123 249
359 105 119 122 123 249 129
359 119 122 123 249 129 105
360 150 151 250 130 154 148
360 151 250 130 154 148 150
360 250 130 154 148 150 151
360 130 154 148 150 151 250
360 154 148 150 151 250 130
360 148 150 151 250 130 154
361 152 153 251 131 155 149
361 153 251 131 155 149 152
361 251 131 155 149 152 153
361 131 155 149 152 153 251
361 155 149 152 153 251 131
361 149 152 153 251 131 155
362 160 161 252 132 156 162
362 161 252 132 156 162 160
362 252 132 156 162 160 161
362 132 156 162 160 161 252
362 156 162 160 161 252 132
362 162 160 161 252 132 156
363 165 164 253 133 157 163
363 164 253 133 157 163 165
363 253 133 157 163 165 164
363 133 157 163 165 164 253
363 157 163 165 164 253 133
363 163 165 164 253 133 157
364 166 167 254 134 158 168
364 167 254 134 158 168 166
364 254 134 158 168 166 167
364 134 158 168 166 167 254
364 158 168 166 167 254 134
364 168 166 167 254 134 158
365 171 170 255 135 159 169
365 170 255 135 159 169 171
365 255 135 159 169 171 170
365 135 159 169 171 170 255
365 159 169 171 170 255 135
365 169 171 170 255 135 159
366 174 175 256 136 178 172
366 175 256 136 178 172 174
366 256 136 178 172 174 175
366 136 178 172 174 175 256
366 178 172 174 175 256 136
366 172 174 175 256 136 178
367 176 177 257 137 179 173
367 177 257 137 179 173 176
367 257 137 179 173 176 177
367 137 179 173 176 177 257
367 179 173 176 177 257 137
367 173 176 177 257 137 179
368 184 185 258 138 180 186
368 185 258 138 180 186 184
368 258 138 180 186 184 185
368 138 180 186 184 185 258
368 180 186 184 185 258 138
368 186 184 185 258 138 180
369 189 188 259 139 181 187
369 188 259 139 181 187 189
369 259 139 181 187 189 188
369 139 181 187 189 188 259
369 181 187 189 188 259 139
369 187 189 188 259 139 181
370 190 191 260 140 182 192
370 191 260 140 182 192 190
370 260 140 182 192 190 191
370 140 182 192 190 191 260
370 182 192 190 191 260 140
370 192 190 191 260 140 182
371 195 194 261 141 183 193
371 194 261 141 183 193 195
371 261 141 183 193 195 194
371 141 183 193 195 194 261
371 183 193 195 194 261 141
371 193 195 194 261 141 183
372 198 199 262 142 202 196
372 199 262 142 202 196 198
372 262 142 202 196 198 199
372 142 202 196 198 199 262
372 202 196 198 199 262 142
372 196 198 199 262 142 202
373 200 201 263 143 203 197
373 201 263 143 203 197 200
373 263 143 203 197 200 201
373 143 203 197 200 201 263
373 203 197 200 201 263 143
373 197 200 201 263 143 203
374 208 209 264 144 204 210
374 209 264 144 204 210 208
374 264 144 204 210 208 209
374 144 204 210 208 209 264
374 204 210 208 209 264 144
374 210 208 209 264 144 204
375 213 212 265 145 205 211
375 212 265 145 205 211 213
375 265 145 205 211 213 212
375 145 205 211 213 212 265
375 205 211 213 212 265 145
375 211 213 212 265 145 205
376 214 215 266 146 206 216
376 215 266 146 206 216 214
376 266 146 206 216 214 215
376 146 206 216 214 215 266
376 206 216 214 215 266 146
376 216 214 215 266 146 206
377 219 218 267 147 207 217
377 218 267 147 207 217 219
377 267 147 207 217 219 218
377 147 207 217 219 218 267
377 207 217 219 218 267 147
377 217 219 218 267 147 207
378 342 343 268 388 346 340
378 343 268 388 346 340 342
378 268 388 346 340 342 343
378 388 346 340 342 343 268
378 346 340 342 343 268 388
378 340 342 343 268 388 346
379 344 345 269 389 347 341
379 345 269 389 347 341 344
379 269 389 347 341 344 345
379 389 347 341 344 345 269
379 347 341 344 345 269 389
379 341 344 345 269 389 347
380 352 353 270 390 348 354
380 353 270 390 348 354 352
380 270 390 348 354 352 353
380 390 348 354 352 353 270
380 348 354 352 353 270 390
380 354 352 353 270 390 348
381 357 356 271 391 349 355
381 356 271 391 349 355 357
381 271 391 349 355 357 356
381 391 349 355 357 356 271
381 349 355 357 356 271 391
381 355 357 356 271 391 349
382 358 359 272 392 350 360
382 359 272 392 350 360 358
382 272 392 350 360 358 359
382 392 350 360 358 359 272
382 350 360 358 359 272 392
382 360 358 359 272 392 350
383 363 362 273 393 351 361
383 362 273 393 351 361 363
383 273 393 351 361 363 362
383 393 351 361 363 362 273
383 351 361 363 362 273 393
383 361 363 362 273 393 351
384 366 367 274 394 370 364
384 367 274 394 370 364 366
384 274 394 370 364 366 367
384 394 370 364 366 367 274
384 370 364 366 367 274 394
384 364 366 367 274 394 370
385 368 369 275 395 371 365
385 369 275 395 371 365 368
385 275 395 371 365 368 369
385 395 371 365 368 369 275
385 371 365 368 369 275 395
385 365 368 369 275 395 371
386 376 377 276 396 372 378
386 377 276 396 372 378 376
386 276 396 372 378 376 377
386 396 372 378 376 377 276
386 372 378 376 377 276 396
386 378 376 377 276 396 372
387 381 380 277 397 373 379
387 380 277 397 373 379 381
387 277 397 373 379 381 380
387 397 373 379 381 380 277
387 373 379 381 380 277 397
387 379 381 380 277 397 373
388 382 383 278 398 374 384
388 383 278 398 374 384 382
388 278 398 374 384 382 383
388 398 374 384 382 383 278
388 374 384 382 383 278 398
388 384 382 383 278 398 374
389 387 386 279 399 375 385
389 386 279 399 375 385 387
389 279 399 375 385 387 386
389 399 375 385 387 386 279
389 375 385 387 386 279 399
389 385 387 386 279 399 375
390 412 413 280 400 424 414
390 413 280 400 424 414 412
390 280 400 424 414 412 413
390 400 424 414 412 413 280
390 424 414 412 413 280 400
390 414 412 413 280 400 424
391 417 416 281 401 425 415
391 416 281 401 425 415 417
391 281 401 425 415 417 416
391 401 425 415 417 416 281
391 425 415 417 416 281 401
391 415 417 416 281 401 425
392 418 419 282 402 426 420
392 419 282 402 426 420 418
392 282 402 426 420 418 419
392 402 426 420 418 419 282
392 426 420 418 419 282 402
392 420 418 419 282 402 426
393 423 422 283 403 427 421
393 422 283 403 427 421 423
393 283 403 427 421 423 422
393 403 427 421 423 422 283
393 427 421 423 422 283 403
393 421 423 422 283 403 427
394 431 430 284 404 428 434
394 430 284 404 428 434 431
394 284 404 428 434 431 430
394 404 428 434 431 430 284
394 428 434 431 430 284 404
394 434 431 430 284 404 428
395 433 432 285 405 429 435
395 432 285 405 429 435 433
395 285 405 429 435 433 432
395 405 429 435 433 432 285
395 429 435 433 432 285 405
395 435 433 432 285 405 429
396 436 437 286 406 448 438
396 437 286 406 448 438 436
396 286 406 448 438 436 437
396 406 448 438 436 437 286
396 448 438 436 437 286 406
396 438 436 437 286 406 448
397 441 440 287 407 449 439
397 440 287 407 449 439 441
397 287 407 449 439 441 440
397 407 449 439 441 440 287
397 449 439 441 440 287 407
397 439 441 440 287 407 449
398 442 443 288 408 450 444
398 443 288 408 450 444 442
398 288 408 450 444 442 443
398 408 450 444 442 443 288
398 450 444 442 443 288 408
398 444 442 443 288 408 450
399 447 446 289 409 451 445
399 446 289 409 451 445 447
399 289 409 451 445 447 446
399 409 451 445 447 446 289
399 451 445 447 446 289 409
399 445 447 446 289 409 451
400 455 454 290 410 452 458
400 454 290 410 452 458 455
400 290 410 452 458 455 454
400 410 452 458 455 454 290
400 452 458 455 454 290 410
400 458 455 454 290 410 452
401 457 456 291 411 453 459
401 456 291 411 453 459 457
401 291 411 453 459 457 456
401 411 453 459 457 456 291
401 453 459 457 456 291 411
401 459 457 456 291 411 453
402 -1 460 461 292 504 463
403 469 470 294 506 465 471
403 470 294 506 465 471 469
403 294 506 465 471 469 470
403 506 465 471 469 470 294
403 465 471 469 470 294 506
403 471 469 470 294 506 465
404 474 473 295 507 466 472
404 473 295 507 466 472 474
404 295 507 466 472 474 473
404 507 466 472 474 473 295
404 466 472 474 473 295 507
404 472 474 473 295 507 466
405 -1 475 296 508 467 476
406 479 478 297 509 468 477
406 478 297 509 468 477 479
406 297 509 468 477 479 478
406 509 468 477 479 478 297
406 468 477 479 478 297 509
406 477 479 478 297 509 468
407 482 483 298 510 486 480
407 483 298 510 486 480 482
407 298 510 486 480 482 483
407 510 486 480 482 483 298
407 486 480 482 483 298 510
407 480 482 483 298 510 486
408 484 485 299 511 487 481
408 485 299 511 487 481 484
408 299 511 487 481 484 485
408 511 487 481 484 485 299
408 487 481 484 485 299 511
408 481 484 485 299 511 487
409 492 493 300 512 488 494
409 493 300 512 488 494 492
409 300 512 488 494 492 493
409 512 488 494 492 493 300
409 488 494 492 493 300 512
409 494 492 493 300 512 488
410 497 496 301 513 489 495
410 496 301 513 489 495 497
410 301 513 489 495 497 496
410 513 489 495 497 496 301
410 489 495 497 496 301 513
410 495 497 496 301 513 489
411 498 499 302 514 490 500
411 499 302 514 490 500 498
411 302 514 490 500 498 499
411 514 490 500 498 499 302
411 490 500 498 499 302 514
411 500 498 499 302 514 490
412 503 502 303 515 491 501
412 502 303 515 491 501 503
412 303 515 491 501 503 502
412 515 491 501 503 502 303
412 491 501 503 502 303 515
412 501 503 502 303 515 491
413 528 529 304 516 540 530
413 529 304 516 540 530 528
413 304 516 540 530 528 529
413 516 540 530 528 529 304
413 540 530 528 529 304 516
413 530 528 529 304 516 540
414 533 532 305 517 541 531
414 532 305 517 541 531 533
414 305 517 541 531 533 532
414 517 541 531 533 532 305
414 541 531 533 532 305 517
414 531 533 532 305 517 541
415 534 535 306 518 542 536
415 535 306 518 542 536 534
415 306 518 542 536 534 535
415 518 542 536 534 535 306
415 542 536 534 535 306 518
415 536 534 535 306 518 542
416 539 538 307 519 543 537
416 538 307 519 543 537 539
416 307 519 543 537 539 538
416 519 543 537 539 538 307
416 543 537 539 538 307 519
416 537 539 538 307 519 543
417 547 546 308 520 544 550
417 546 308 520 544 550 547
417 308 520 544 550 547 546
417 520 544 550 547 546 308
417 544 550 547 546 308 520
417 550 547 546 308 520 544
418 549 548 309 521 545 551
418 548 309 521 545 551 549
418 309 521 545 551 549 548
418 521 545 551 549 548 309
418 545 551 549 548 309 521
418 551 549 548 309 521 545
419 -1 552 310 522 563 553
420 556 555 311 523 564 554
420 555 311 523 564 554 556
420 311 523 564 554 556 555
420 523 564 554 556 555 311
420 564 554 556 555 311 523
420 554 556 555 311 523 564
421 557 558 312 524 565 559
421 558 312 524 565 559 557
421 312 524 565 559 557 558
421 524 565 559 557 558 312
421 565 559 557 558 312 524
421 559 557 558 312 524 565
422 562 561 313 525 566 560
422 561 313 525 566 560 562
422 313 525 566 560 562 561
422 525 566 560 562 561 313
422 566 560 562 561 313 525
422 560 562 561 313 525 566
423 570 569 314 526 567 573
423 569 314 526 567 573 570
423 314 526 567 573 570 569
423 526 567 573 570 569 314
423 567 573 570 569 314 526
423 573 570 569 314 526 567
424 572 571 315 527 568 574
424 571 315 527 568 574 572
424 315 527 568 574 572 571
424 527 568 574 572 571 315
424 568 574 572 571 315 527
424 574 572 571 315 527 568
425 -1 575 576 316 619 578
426 584 585 318 621 580 586
426 585 318 621 580 586 584
426 318 621 580 586 584 585
426 621 580 586 584 585 318
426 580 586 584 585 318 621
426 586 584 585 318 621 580
427 589 588 319 622 581 587
427 588 319 622 581 587 589
427 319 622 581 587 589 588
427 622 581 587 589 588 319
427 581 587 589 588 319 622
427 587 589 588 319 622 581
428 -1 590 320 623 582 591
429 594 593 321 624 583 592
429 593 321 624 583 592 594
429 321 624 583 592 594 593
429 624 583 592 594 593 321
429 583 592 594 593 321 624
429 592 594 593 321 624 583
430 597 598 322 625 601 595
430 598 322 625 601 595 597
430 322 625 601 595 597 598
430 625 601 595 597 598 322
430 601 595 597 598 322 625
430 595 597 598 322 625 601
431 599 600 323 626 602 596
431 600 323 626 602 596 599
431 323 626 602 596 599 600
431 626 602 596 599 600 323
431 602 596 599 600 323 626
431 596 599 600 323 626 602
432 607 608 324 627 603 609
432 608 324 627 603 609 607
432 324 627 603 609 607 608
432 627 603 609 607 608 324
432 603 609 607 608 324 627
432 609 607 608 324 627 603
433 612 611 325 628 604 610
433 611 325 628 604 610 612
433 325 628 604 610 612 611
433 628 604 610 612 611 325
433 604 610 612 611 325 628
433 610 612 611 325 628 604
434 613 614 326 629 605 615
434 614 326 629 605 615 613
434 326 629 605 615 613 614
434 629 605 615 613 614 326
434 605 615 613 614 326 629
434 615 613 614 326 629 605
435 618 617 327 630 606 616
435 617 327 630 606 616 618
435 327 630 606 616 618 617
435 630 606 616 618 617 327
435 606 616 618 617 327 630
435 616 618 617 327 630 606
436 643 644 328 631 655 645
436 644 328 631 655 645 643
436 328 631 655 645 643 644
436 631 655 645 643 644 328
436 655 645 643 644 328 631
436 645 643 644 328 631 655
437 648 647 329 632 656 646
437 647 329 632 656 646 648
437 329 632 656 646 648 647
437 632 656 646 648 647 329
437 656 646 648 647 329 632
437 646 648 647 329 632 656
438 649 650 330 633 657 651
438 650 330 633 657 651 649
438 330 633 657 651 649 650
438 633 657 651 649 650 330
438 657 651 649 650 330 633
438 651 649 650 330 633 657
439 654 653 331 634 658 652
439 653 331 634 658 652 654
439 331 634 658 652 654 653
439 634 658 652 654 653 331
439 658 652 654 653 331 634
439 652 654 653 331 634 658
440 662 661 332 635 659 665
440 661 332 635 659 665 662
440 332 635 659 665 662 661
440 635 659 665 662 661 332
440 659 665 662 661 332 635
440 665 662 661 332 635 659
441 664 663 333 636 660 666
441 663 333 636 660 666 664
441 333 636 660 666 664 663
441 636 660 666 664 663 333
441 660 666 664 663 333 636
441 666 664 663 333 636 660
442 -1 667 334 637 678 668
443 671 670 335 638 679 669
443 670 335 638 679 669 671
443 335 638 679 669 671 670
443 638 679 669 671 670 335
443 679 669 671 670 335 638
443 669 671 670 335 638 679
444 672 673 336 639 680 674
444 673 336 639 680 674 672
444 336 639 680 674 672 673
444 639 680 674 672 673 336
444 680 674 672 673 336 639
444 674 672 673 336 639 680
445 677 676 337 640 681 675
445 676 337 640 681 675 677
445 337 640 681 675 677 676
445 640 681 675 677 676 337
445 681 675 677 676 337 640
445 675 677 676 337 640 681
446 685 684 338 641 682 688
446 684 338 641 682 688 685
446 338 641 682 688 685 684
446 641 682 688 685 684 338
446 682 688 685 684 338 641
446 688 685 684 338 641 682
447 687 686 339 642 683 689
447 686 339 642 683 689 687
447 339 642 683 689 687 686
447 642 683 689 687 686 339
447 683 689 687 686 339 642
447 689 687 686 339 642 683
448 -1 343 39 3 7 8
449 -1 345 41 5 10 11
450 14 15 346 42 18 12
450 15 346 42 18 12 14
450 346 42 18 12 14 15
450 42 18 12 14 15 346
450 18 12 14 15 346 42
450 12 14 15 346 42 18
451 16 17 347 43 19 13
451 17 347 43 19 13 16
451 347 43 19 13 16 17
451 43 19 13 16 17 347
451 19 13 16 17 347 43
451 13 16 17 347 43 19
452 24 25 348 44 20 26
452 25 348 44 20 26 24
452 348 44 20 26 24 25
452 44 20 26 24 25 348
452 20 26 24 25 348 44
452 26 24 25 348 44 20
453 29 28 349 45 21 27
453 28 349 45 21 27 29
453 349 45 21 27 29 28
453 45 21 27 29 28 349
453 21 27 29 28 349 45
453 27 29 28 349 45 21
454 30 31 350 46 22 32
454 31 350 46 22 32 30
454 350 46 22 32 30 31
454 46 22 32 30 31 350
454 22 32 30 31 350 46
454 32 30 31 350 46 22
455 35 34 351 47 23 33
455 34 351 47 23 33 35
455 351 47 23 33 35 34
455 47 23 33 35 34 351
455 23 33 35 34 351 47
455 33 35 34 351 47 23
456 -1 353 49 70 61 62
457 63 64 354 50 71 65
457 64 354 50 71 65 63
457 354 50 71 65 63 64
457 50 71 65 63 64 354
457 71 65 63 64 354 50
457 65 63 64 354 50 71
458 68 67 355 51 72 66
458 67 355 51 72 66 68
458 355 51 72 66 68 67
458 51 72 66 68 67 355
458 72 66 68 67 355 51
458 66 68 67 355 51 72
459 -1 356 52 73 78 75
460 77 76 357 53 74 79
460 76 357 53 74 79 77
460 357 53 74 79 77 76
460 53 74 79 77 76 357
460 74 79 77 76 357 53
460 79 77 76 357 53 74
461 -1 359 55 90 81 82
462 83 84 360 56 91 85
462 84 360 56 91 85 83
462 360 56 91 85 83 84
462 56 91 85 83 84 360
462 91 85 83 84 360 56
462 85 83 84 360 56 91
463 88 87 361 57 92 86
463 87 361 57 92 86 88
463 361 57 92 86 88 87
463 57 92 86 88 87 361
463 92 86 88 87 361 57
463 86 88 87 361 57 92
464 -1 362 58 93 98 95
465 97 96 363 59 94 99
465 96 363 59 94 99 97
465 363 59 94 99 97 96
465 59 94 99 97 96 363
465 94 99 97 96 363 59
465 99 97 96 363 59 94
466 102 103 364 148 106 100
466 103 364 148 106 100 102
466 364 148 106 100 102 103
466 148 106 100 102 103 364
466 106 100 102 103 364 148
466 100 102 103 364 148 106
467 104 105 365 149 107 101
467 105 365 149 107 101 104
467 365 149 107 101 104 105
467 149 107 101 104 105 365
467 107 101 104 105 365 149
467 101 104 105 365 149 107
468 112 113 366 150 108 114
468 113 366 150 108 114 112
468 366 150 108 114 112 113
468 150 108 114 112 113 366
468 108 114 112 113 366 150
468 114 112 113 366 150 108
469 117 116 367 151 109 115
469 116 367 151 109 115 117
469 367 151 109 115 117 116
469 151 109 115 117 116 367
469 109 115 117 116 367 151
469 115 117 116 367 151 109
470 118 119 368 152 110 120
470 119 368 152 110 120 118
470 368 152 110 120 118 119
470 152 110 120 118 119 368
470 110 120 118 119 368 152
470 120 118 119 368 152 110
471 123 122 369 153 111 121
471 122 369 153 111 121 123
471 369 153 111 121 123 122
471 153 111 121 123 122 369
471 111 121 123 122 369 153
471 121 123 122 369 153 111
472 126 127 370 154 130 124
472 127 370 154 130 124 126
472 370 154 130 124 126 127
472 154 130 124 126 127 370
472 130 124 126 127 370 154
472 124 126 127 370 154 130
473 128 129 371 155 131 125
473 129 371 155 131 125 128
473 371 155 131 125 128 129
473 155 131 125 128 129 371
473 131 125 128 129 371 155
473 125 128 129 371 155 131
474 136 137 372 156 132 138
474 137 372 156 132 138 136
474 372 156 132 138 136 137
474 156 132 138 136 137 372
474 132 138 136 137 372 156
474 138 136 137 372 156 132
475 141 140 373 157 133 139
475 140 373 157 133 139 141
475 373 157 133 139 141 140
475 157 133 139 141 140 373
475 133 139 141 140 373 157
475 139 141 140 373 157 133
476 142 143 374 158 134 144
476 143 374 158 134 144 142
476 374 158 134 144 142 143
476 158 134 144 142 143 374
476 134 144 142 143 374 158
476 144 142 143 374 158 134
477 147 146 375 159 135 145
477 146 375 159 135 145 147
477 375 159 135 145 147 146
477 159 135 145 147 146 375
477 135 145 147 146 375 159
477 145 147 146 375 159 135
478 172 173 376 160 184 174
478 173 376 160 184 174 172
478 376 160 184 174 172 173
478 160 184 174 172 173 376
478 184 174 172 173 376 160
478 174 172 173 376 160 184
479 177 176 377 161 185 175
479 176 377 161 185 175 177
479 377 161 185 175 177 176
479 161 185 175 177 176 377
479 185 175 177 176 377 161
479 175 177 176 377 161 185
480 178 179 378 162 186 180
480 179 378 162 186 180 178
480 378 162 186 180 178 179
480 162 186 180 178 179 378
480 186 180 178 179 378 162
480 180 178 179 378 162 186
481 183 182 379 163 187 181
481 182 379 163 187 181 183
481 379 163 187 181 183 182
481 163 187 181 183 182 379
481 187 181 183 182 379 163
481 181 183 182 379 163 187
482 191 190 380 164 188 194
482 190 380 164 188 194 191
482 380 164 188 194 191 190
482 164 188 194 191 190 380
482 188 194 191 190 380 164
482 194 191 190 380 164 188
483 193 192 381 165 189 195
483 192 381 165 189 195 193
483 381 165 189 195 193 192
483 165 189 195 193 192 381
483 189 195 193 192 381 165
483 195 193 192 381 165 189
484 196 197 382 166 208 198
484 197 382 166 208 198 196
484 382 166 208 198 196 197
484 166 208 198 196 197 382
484 208 198 196 197 382 166
484 198 196 197 382 166 208
485 201 200 383 167 209 199
485 200 383 167 209 199 201
485 383 167 209 199 201 200
485 167 209 199 201 200 383
485 209 199 201 200 383 167
485 199 201 200 383 167 209
486 202 203 384 168 210 204
486 203 384 168 210 204 202
486 384 168 210 204 202 203
486 168 210 204 202 203 384
486 210 204 202 203 384 168
486 204 202 203 384 168 210
487 207 206 385 169 211 205
487 206 385 169 211 205 207
487 385 169 211 205 207 206
487 169 211 205 207 206 385
487 211 205 207 206 385 169
487 205 207 206 385 169 211
488 215 214 386 170 212 218
488 214 386 170 212 218 215
488 386 170 212 218 215 214
488 170 212 218 215 214 386
488 212 218 215 214 386 170
488 218 215 214 386 170 212
489 217 216 387 171 213 219
489 216 387 171 213 219 217
489 387 171 213 219 217 216
489 171 213 219 217 216 387
489 213 219 217 216 387 171
489 219 217 216 387 171 213
490 222 223 388 268 226 220
490 223 388 268 226 220 222
490 388 268 226 220 222 223
490 268 226 220 222 223 388
490 226 220 222 223 388 268
490 220 222 223 388 268 226
491 224 225 389 269 227 221
491 225 389 269 227 221 224
491 389 269 227 221 224 225
491 269 227 221 224 225 389
491 227 221 224 225 389 269
491 221 224 225 389 269 227
492 232 233 390 270 228 234
492 233 390 270 228 234 232
492 390 270 228 234 232 233
492 270 228 234 232 233 390
492 228 234 232 233 390 270
492 234 232 233 390 270 228
493 237 236 391 271 229 235
493 236 391 271 229 235 237
493 391 271 229 235 237 236
493 271 229 235 237 236 391
493 229 235 237 236 391 271
493 235 237 236 391 271 229
494 238 239 392 272 230 240
494 239 392 272 230 240 238
494 392 272 230 240 238 239
494 272 230 240 238 239 392
494 230 240 238 239 392 272
494 240 238 239 392 272 230
495 243 242 393 273 231 241
495 242 393 273 231 241 243
495 393 273 231 241 243 242
495 273 231 241 243 242 393
495 231 241 243 242 393 273
495 241 243 242 393 273 231
496 246 247 394 274 250 244
496 247 394 274 250 244 246
496 394 274 250 244 246 247
496 274 250 244 246 247 394
496 250 244 246 247 394 274
496 244 246 247 394 274 250
497 248 249 395 275 251 245
497 249 395 275 251 245 248
497 395 275 251 245 248 249
497 275 251 245 248 249 395
497 251 245 248 249 395 275
497 245 248 249 395 275 251
498 256 257 396 276 252 258
498 257 396 276 252 258 256
498 396 276 252 258 256 257
498 276 252 258 256 257 396
498 252 258 256 257 396 276
498 258 256 257 396 276 252
499 261 260 397 277 253 259
499 260 397 277 253 259 261
499 397 277 253 259 261 260
499 277 253 259 261 260 397
499 253 259 261 260 397 277
499 259 261 260 397 277 253
500 262 263 398 278 254 264
500 263 398 278 254 264 262
500 398 278 254 264 262 263
500 278 254 264 262 263 398
500 254 264 262 263 398 278
500 264 262 263 398 278 254
501 267 266 399 279 255 265
501 266 399 279 255 265 267
501 399 279 255 265 267 266
501 279 255 265 267 266 399
501 255 265 267 266 399 279
501 265 267 266 399 279 255
502 292 293 400 280 304 294
502 293 400 280 304 294 292
502 400 280 304 294 292 293
502 280 304 294 292 293 400
502 304 294 292 293 400 280
502 294 292 293 400 280 304
503 297 296 401 281 305 295
503 296 401 281 305 295 297
503 401 281 305 295 297 296
503 281 305 295 297 296 401
503 305 295 297 296 401 281
503 295 297 296 401 281 305
504 298 299 402 282 306 300
504 299 402 282 306 300 298
504 402 282 306 300 298 299
504 282 306 300 298 299 402
504 306 300 298 299 402 282
504 300 298 299 402 282 306
505 303 302 403 283 307 301
505 302 403 283 307 301 303
505 403 283 307 301 303 302
505 283 307 301 303 302 403
505 307 301 303 302 403 283
505 301 303 302 403 283 307
506 311 310 404 284 308 314
506 310 404 284 308 314 311
506 404 284 308 314 311 310
506 284 308 314 311 310 404
506 308 314 311 310 404 284
506 314 311 310 404 284 308
507 313 312 405 285 309 315
507 312 405 285 309 315 313
507 405 285 309 315 313 312
507 285 309 315 313 312 405
507 309 315 313 312 405 285
507 315 313 312 405 285 309
508 316 317 406 286 328 318
508 317 406 286 328 318 316
508 406 286 328 318 316 317
508 286 328 318 316 317 406
508 328 318 316 317 406 286
508 318 316 317 406 286 328
509 321 320 407 287 329 319
509 320 407 287 329 319 321
509 407 287 329 319 321 320
509 287 329 319 321 320 407
509 329 319 321 320 407 287
509 319 321 320 407 287 329
510 322 323 408 288 330 324
510 323 408 288 330 324 322
510 408 288 330 324 322 323
510 288 330 324 322 323 408
510 330 324 322 323 408 288
510 324 322 323 408 288 330
511 327 326 409 289 331 325
511 326 409 289 331 325 327
511 409 289 331 325 327 326
511 289 331 325 327 326 409
511 331 325 327 326 409 289
511 325 327 326 409 289 331
512 335 334 410 290 332 338
512 334 410 290 332 338 335
512 410 290 332 338 335 334
512 290 332 338 335 334 410
512 332 338 335 334 410 290
512 338 335 334 410 290 332
513 337 336 411 291 333 339
513 336 411 291 333 339 337
513 411 291 333 339 337 336
513 291 333 339 337 336 411
513 333 339 337 336 411 291
513 339 337 336 411 291 333
514 -1 413 529 470 461 462
515 463 464 414 530 471 465
515 464 414 530 471 465 463
515 414 530 471 465 463 464
515 530 471 465 463 464 414
515 471 465 463 464 414 530
515 465 463 464 414 530 471
516 468 467 415 531 472 466
516 467 415 531 472 466 468
516 415 531 472 466 468 467
516 531 472 466 468 467 415
516 472 466 468 467 415 531
516 466 468 467 415 531 472
517 -1 416 532 473 478 475
518 477 476 417 533 474 479
518 476 417 533 474 479 477
518 417 533 474 479 477 476
518 533 474 479 477 476 417
518 474 479 477 476 417 533
518 479 477 476 417 533 474
519 480 481 418 534 492 482
519 481 418 534 492 482 480
519 418 534 492 482 480 481
519 534 492 482 480 481 418
519 492 482 480 481 418 534
519 482 480 481 418 534 492
520 485 484 419 535 493 483
520 484 419 535 493 483 485
520 419 535 493 483 485 484
520 535 493 483 485 484 419
520 493 483 485 484 419 535
520 483 485 484 419 535 493
521 486 487 420 536 494 488
521 487 420 536 494 488 486
521 420 536 494 488 486 487
521 536 494 488 486 487 420
521 494 488 486 487 420 536
521 488 486 487 420 536 494
522 491 490 421 537 495 489
522 490 421 537 495 489 491
522 421 537 495 489 491 490
522 537 495 489 491 490 421
522 495 489 491 490 421 537
522 489 491 490 421 537 495
523 499 498 422 538 496 502
523 498 422 538 496 502 499
523 422 538 496 502 499 498
523 538 496 502 499 498 422
523 496 502 499 498 422 538
523 502 499 498 422 538 496
524 501 500 423 539 497 503
524 500 423 539 497 503 501
524 423 539 497 503 501 500
524 539 497 503 501 500 423
524 497 503 501 500 423 539
524 503 501 500 423 539 497
525 504 505 424 540 516 506
525 505 424 540 516 506 504
525 424 540 516 506 504 505
525 540 516 506 504 505 424
525 516 506 504 505 424 540
525 506 504 505 424 540 516
526 509 508 425 541 517 507
526 508 425 541 517 507 509
526 425 541 517 507 509 508
526 541 517 507 509 508 425
526 517 507 509 508 425 541
526 507 509 508 425 541 517
527 510 511 426 542 518 512
527 511 426 542 518 512 510
527 426 542 518 512 510 511
527 542 518 512 510 511 426
527 518 512 510 511 426 542
527 512 510 511 426 542 518
528 515 514 427 543 519 513
528 514 427 543 519 513 515
528 427 543 519 513 515 514
528 543 519 513 515 514 427
528 519 513 515 514 427 543
528 513 515 514 427 543 519
529 523 522 428 544 520 526
529 522 428 544 520 526 523
529 428 544 520 526 523 522
529 544 520 526 523 522 428
529 520 526 523 522 428 544
529 526 523 522 428 544 520
530 525 524 429 545 521 527
530 524 429 545 521 527 525
530 429 545 521 527 525 524
530 545 521 527 525 524 429
530 521 527 525 524 429 545
530 527 525 524 429 545 521
531 -1 430 546 569 555 552
532 554 553 431 547 570 556
532 553 431 547 570 556 554
532 431 547 570 556 554 553
532 547 570 556 554 553 431
532 570 556 554 553 431 547
532 556 554 553 431 547 570
533 558 557 432 548 571 561
533 557 432 548 571 561 558
533 432 548 571 561 558 557
533 548 571 561 558 557 432
533 571 561 558 557 432 548
533 561 558 557 432 548 571
534 560 559 433 549 572 562
534 559 433 549 572 562 560
534 433 549 572 562 560 559
534 549 572 562 560 559 433
534 572 562 560 559 433 549
534 562 560 559 433 549 572
535 564 563 434 550 573 567
535 563 434 550 573 567 564
535 434 550 573 567 564 563
535 550 573 567 564 563 434
535 573 567 564 563 434 550
535 567 564 563 434 550 573
536 566 565 435 551 574 568
536 565 435 551 574 568 566
536 435 551 574 568 566 565
536 551 574 568 566 565 435
536 574 568 566 565 435 551
536 568 566 565 435 551 574
537 -1 437 644 585 576 577
538 578 579 438 645 586 580
538 579 438 645 586 580 578
538 438 645 586 580 578 579
538 645 586 580 578 579 438
538 586 580 578 579 438 645
538 580 578 579 438 645 586
539 583 582 439 646 587 581
539 582 439 646 587 581 583
539 439 646 587 581 583 582
539 646 587 581 583 582 439
539 587 581 583 582 439 646
539 581 583 582 439 646 587
540 -1 440 647 588 593 590
541 592 591 441 648 589 594
541 591 441 648 589 594 592
541 441 648 589 594 592 591
541 648 589 594 592 591 441
541 589 594 592 591 441 648
541 594 592 591 441 648 589
542 595 596 442 649 607 597
542 596 442 649 607 597 595
542 442 649 607 597 595 596
542 649 607 597 595 596 442
542 607 597 595 596 442 649
542 597 595 596 442 649 607
543 600 599 443 650 608 598
543 599 443 650 608 598 600
543 443 650 608 598 600 599
543 650 608 598 600 599 443
543 608 598 600 599 443 650
543 598 600 599 443 650 608
544 601 602 444 651 609 603
544 602 444 651 609 603 601
544 444 651 609 603 601 602
544 651 609 603 601 602 444
544 609 603 601 602 444 651
544 603 601 602 444 651 609
545 606 605 445 652 610 604
545 605 445 652 610 604 606
545 445 652 610 604 606 605
545 652 610 604 606 605 445
545 610 604 606 605 445 652
545 604 606 605 445 652 610
546 614 613 446 653 611 617
546 613 446 653 611 617 614
546 446 653 611 617 614 613
546 653 611 617 614 613 446
546 611 617 614 613 446 653
546 617 614 613 446 653 611
547 616 615 447 654 612 618
547 615 447 654 612 618 616
547 447 654 612 618 616 615
547 654 612 618 616 615 447
547 612 618 616 615 447 654
547 618 616 615 447 654 612
548 619 620 448 655 631 621
548 620 448 655 631 621 619
548 448 655 631 621 619 620
548 655 631 621 619 620 448
548 631 621 619 620 448 655
548 621 619 620 448 655 631
549 624 623 449 656 632 622
549 623 449 656 632 622 624
549 449 656 632 622 624 623
549 656 632 622 624 623 449
549 632 622 624 623 449 656
549 622 624 623 449 656 632
550 625 626 450 657 633 627
550 626 450 657 633 627 625
550 450 657 633 627 625 626
550 657 633 627 625 626 450
550 633 627 625 626 450 657
550 627 625 626 450 657 633
551 630 629 451 658 634 628
551 629 451 658 634 628 630
551 451 658 634 628 630 629
551 658 634 628 630 629 451
551 634 628 630 629 451 658
551 628 630 629 451 658 634
552 638 637 452 659 635 641
552 637 452 659 635 641 638
552 452 659 635 641 638 637
552 659 635 641 638 637 452
552 635 641 638 637 452 659
552 641 638 637 452 659 635
553 640 639 453 660 636 642
553 639 453 660 636 642 640
553 453 660 636 642 640 639
553 660 636 642 640 639 453
553 636 642 640 639 453 660
553 642 640 639 453 660 636
554 -1 454 661 684 670 667
555 669 668 455 662 685 671
555 668 455 662 685 671 669
555 455 662 685 671 669 668
555 662 685 671 669 668 455
555 685 671 669 668 455 662
555 671 669 668 455 662 685
556 673 672 456 663 686 676
556 672 456 663 686 676 673
556 456 663 686 676 673 672
556 663 686 676 673 672 456
556 686 676 673 672 456 663
556 676 673 672 456 663 686
557 675 674 457 664 687 677
557 674 457 664 687 677 675
557 457 664 687 677 675 674
557 664 687 677 675 674 457
557 687 677 675 674 457 664
557 677 675 674 457 664 687
558 679 678 458 665 688 682
558 678 458 665 688 682 679
558 458 665 688 682 679 678
558 665 688 682 679 678 458
558 688 682 679 678 458 665
558 682 679 678 458 665 688
559 681 680 459 666 689 683
559 680 459 666 689 683 681
559 459 666 689 683 681 680
559 666 689 683 681 680 459
559 689 683 681 680 459 666
559 683 681 680 459 666 689
560 0 1 460 60 6 2
560 1 460 60 6 2 0
560 460 60 6 2 0 1
560 60 6 2 0 1 460
560 6 2 0 1 460 60
560 2 0 1 460 60 6
561 5 4 461 61 7 3
561 4 461 61 7 3 5
561 461 61 7 3 5 4
561 61 7 3 5 4 461
561 7 3 5 4 461 61
561 3 5 4 461 61 7
562 10 9 462 62 8 11
562 9 462 62 8 11 10
562 462 62 8 11 10 9
562 62 8 11 10 9 462
562 8 11 10 9 462 62
562 11 10 9 462 62 8
563 12 13 463 63 24 14
563 13 463 63 24 14 12
563 463 63 24 14 12 13
563 63 24 14 12 13 463
563 24 14 12 13 463 63
563 14 12 13 463 63 24
564 17 16 464 64 25 15
564 16 464 64 25 15 17
564 464 64 25 15 17 16
564 64 25 15 17 16 464
564 25 15 17 16 464 64
564 15 17 16 464 64 25
565 18 19 465 65 26 20
565 19 465 65 26 20 18
565 465 65 26 20 18 19
565 65 26 20 18 19 465
565 26 20 18 19 465 65
565 20 18 19 465 65 26
566 23 22 466 66 27 21
566 22 466 66 27 21 23
566 466 66 27 21 23 22
566 66 27 21 23 22 466
566 27 21 23 22 466 66
566 21 23 22 466 66 27
567 31 30 467 67 28 34
567 30 467 67 28 34 31
567 467 67 28 34 31 30
567 67 28 34 31 30 467
567 28 34 31 30 467 67
567 34 31 30 467 67 28
568 33 32 468 68 29 35
568 32 468 68 29 35 33
568 468 68 29 35 33 32
568 68 29 35 33 32 468
568 29 35 33 32 468 68
568 35 33 32 468 68 29
569 36 37 469 69 48 38
569 37 469 69 48 38 36
569 469 69 48 38 36 37
569 69 48 38 36 37 469
569 48 38 36 37 469 69
569 38 36 37 469 69 48
570 41 40 470 70 49 39
570 40 470 70 49 39 41
570 470 70 49 39 41 40
570 70 49 39 41 40 470
570 49 39 41 40 470 70
570 39 41 40 470 70 49
571 42 43 471 71 50 44
571 43 471 71 50 44 42
571 471 71 50 44 42 43
571 71 50 44 42 43 471
571 50 44 42 43 471 71
571 44 42 43 471 71 50
572 47 46 472 72 51 45
572 46 472 72 51 45 47
572 472 72 51 45 47 46
572 72 51 45 47 46 472
572 51 45 47 46 472 72
572 45 47 46 472 72 51
573 55 54 473 73 52 58
573 54 473 73 52 58 55
573 473 73 52 58 55 54
573 73 52 58 55 54 473
573 52 58 55 54 473 73
573 58 55 54 473 73 52
574 57 56 474 74 53 59
574 56 474 74 53 59 57
574 474 74 53 59 57 56
574 74 53 59 57 56 474
574 53 59 57 56 474 74
574 59 57 56 474 74 53
575 81 80 475 75 95 82
575 80 475 75 95 82 81
575 475 75 95 82 81 80
575 75 95 82 81 80 475
575 95 82 81 80 475 75
575 82 81 80 475 75 95
576 84 83 476 76 96 87
576 83 476 76 96 87 84
576 476 76 96 87 84 83
576 76 96 87 84 83 476
576 96 87 84 83 476 76
576 87 84 83 476 76 96
577 86 85 477 77 97 88
577 85 477 77 97 88 86
577 477 77 97 88 86 85
577 77 97 88 86 85 477
577 97 88 86 85 477 77
577 88 86 85 477 77 97
578 90 89 478 78 98 93
578 89 478 78 98 93 90
578 478 78 98 93 90 89
578 78 98 93 90 89 478
578 98 93 90 89 478 78
578 93 90 89 478 78 98
579 92 91 479 79 99 94
579 91 479 79 99 94 92
579 479 79 99 94 92 91
579 79 99 94 92 91 479
579 99 94 92 91 479 79
579 94 92 91 479 79 99
580 100 101 480 172 112 102
580 101 480 172 112 102 100
580 480 172 112 102 100 101
580 172 112 102 100 101 480
580 112 102 100 101 480 172
580 102 100 101 480 172 112
581 105 104 481 173 113 103
581 104 481 173 113 103 105
581 481 173 113 103 105 104
581 173 113 103 105 104 481
581 113 103 105 104 481 173
581 103 105 104 481 173 113
582 106 107 482 174 114 108
582 107 482 174 114 108 106
582 482 174 114 108 106 107
582 174 114 108 106 107 482
582 114 108 106 107 482 174
582 108 106 107 482 174 114
583 111 110 483 175 115 109
583 110 483 175 115 109 111
583 483 175 115 109 111 110
583 175 115 109 111 110 483
583 115 109 111 110 483 175
583 109 111 110 483 175 115
584 119 118 484 176 116 122
584 118 484 176 116 122 119
584 484 176 116 122 119 118
584 176 116 122 119 118 484
584 116 122 119 118 484 176
584 122 119 118 484 176 116
585 121 120 485 177 117 123
585 120 485 177 117 123 121
585 485 177 117 123 121 120
585 177 117 123 121 120 485
585 117 123 121 120 485 177
585 123 121 120 485 177 117
586 124 125 486 178 136 126
586 125 486 178 136 126 124
586 486 178 136 126 124 125
586 178 136 126 124 125 486
586 136 126 124 125 486 178
586 126 124 125 486 178 136
587 129 128 487 179 137 127
587 128 487 179 137 127 129
587 487 179 137 127 129 128
587 179 137 127 129 128 487
587 137 127 129 128 487 179
587 127 129 128 487 179 137
588 130 131 488 180 138 132
588 131 488 180 138 132 130
588 488 180 138 132 130 131
588 180 138 132 130 131 488
588 138 132 130 131 488 180
588 132 130 131 488 180 138
589 135 134 489 181 139 133
589 134 489 181 139 133 135
589 489 181 139 133 135 134
589 181 139 133 135 134 489
589 139 133 135 134 489 181
589 133 135 134 489 181 139
590 143 142 490 182 140 146
590 142 490 182 140 146 143
590 490 182 140 146 143 142
590 182 140 146 143 142 490
590 140 146 143 142 490 182
590 146 143 142 490 182 140
591 145 144 491 183 141 147
591 144 491 183 141 147 145
591 491 183 141 147 145 144
591 183 141 147 145 144 491
591 141 147 145 144 491 183
591 147 145 144 491 183 141
592 148 149 492 184 160 150
592 149 492 184 160 150 148
592 492 184 160 150 148 149
592 184 160 150 148 149 492
592 160 150 148 149 492 184
592 150 148 149 492 184 160
593 153 152 493 185 161 151
593 152 493 185 161 151 153
593 493 185 161 151 153 152
593 185 161 151 153 152 493
593 161 151 153 152 493 185
593 151 153 152 493 185 161
594 154 155 494 186 162 156
594 155 494 186 162 156 154
594 494 186 162 156 154 155
594 186 162 156 154 155 494
594 162 156 154 155 494 186
594 156 154 155 494 186 162
595 159 158 495 187 163 157
595 158 495 187 163 157 159
595 495 187 163 157 159 158
595 187 163 157 159 158 495
595 163 157 159 158 495 187
595 157 159 158 495 187 163
596 167 166 496 188 164 170
596 166 496 188 164 170 167
596 496 188 164 170 167 166
596 188 164 170 167 166 496
596 164 170 167 166 496 188
596 170 167 166 496 188 164
597 169 168 497 189 165 171
597 168 497 189 165 171 169
597 497 189 165 171 169 168
597 189 165 171 169 168 497
597 165 171 169 168 497 189
597 171 169 168 497 189 165
598 197 196 498 190 214 200
598 196 498 190 214 200 197
598 498 190 214 200 197 196
598 190 214 200 197 196 498
598 214 200 197 196 498 190
598 200 197 196 498 190 214
599 199 198 499 191 215 201
599 198 499 191 215 201 199
599 499 191 215 201 199 198
599 191 215 201 199 198 499
599 215 201 199 198 499 191
599 201 199 198 499 191 215
600 203 202 500 192 216 206
600 202 500 192 216 206 203
600 500 192 216 206 203 202
600 192 216 206 203 202 500
600 216 206 203 202 500 192
600 206 203 202 500 192 216
601 205 204 501 193 217 207
601 204 501 193 217 207 205
601 501 193 217 207 205 204
601 193 217 207 205 204 501
601 217 207 205 204 501 193
601 207 205 204 501 193 217
602 209 208 502 194 218 212
602 208 502 194 218 212 209
602 502 194 218 212 209 208
602 194 218 212 209 208 502
602 218 212 209 208 502 194
602 212 209 208 502 194 218
603 211 210 503 195 219 213
603 210 503 195 219 213 211
603 503 195 219 213 211 210
603 195 219 213 211 210 503
603 219 213 211 210 503 195
603 213 211 210 503 195 219
604 220 221 504 292 232 222
604 221 504 292 232 222 220
604 504 292 232 222 220 221
604 292 232 222 220 221 504
604 232 222 220 221 504 292
604 222 220 221 504 292 232
605 225 224 505 293 233 223
605 224 505 293 233 223 225
605 505 293 233 223 225 224
605 293 233 223 225 224 505
605 233 223 225 224 505 293
605 223 225 224 505 293 233
606 226 227 506 294 234 228
606 227 506 294 234 228 226
606 506 294 234 228 226 227
606 294 234 228 226 227 506
606 234 228 226 227 506 294
606 228 226 227 506 294 234
607 231 230 507 295 235 229
607 230 507 295 235 229 231
607 507 295 235 229 231 230
607 295 235 229 231 230 507
607 235 229 231 230 507 295
607 229 231 230 507 295 235
608 239 238 508 296 236 242
608 238 508 296 236 242 239
608 508 296 236 242 239 238
608 296 236 242 239 238 508
608 236 242 239 238 508 296
608 242 239 238 508 296 236
609 241 240 509 297 237 243
609 240 509 297 237 243 241
609 509 297 237 243 241 240
609 297 237 243 241 240 509
609 237 243 241 240 509 297
609 243 241 240 509 297 237
610 244 245 510 298 256 246
610 245 510 298 256 246 244
610 510 298 256 246 244 245
610 298 256 246 244 245 510
610 256 246 244 245 510 298
610 246 244 245 510 298 256
611 249 248 511 299 257 247
611 248 511 299 257 247 249
611 511 299 257 247 249 248
611 299 257 247 249 248 511
611 257 247 249 248 511 299
611 247 249 248 511 299 257
612 250 251 512 300 258 252
612 251 512 300 258 252 250
612 512 300 258 252 250 251
612 300 258 252 250 251 512
612 258 252 250 251 512 300
612 252 250 251 512 300 258
613 255 254 513 301 259 253
613 254 513 301 259 253 255
613 513 301 259 253 255 254
613 301 259 253 255 254 513
613 259 253 255 254 513 301
613 253 255 254 513 301 259
614 263 262 514 302 260 266
614 262 514 302 260 266 263
614 514 302 260 266 263 262
614 302 260 266 263 262 514
614 260 266 263 262 514 302
614 266 263 262 514 302 260
615 265 264 515 303 261 267
615 264 515 303 261 267 265
615 515 303 261 267 265 264
615 303 261 267 265 264 515
615 261 267 265 264 515 303
615 267 265 264 515 303 261
616 268 269 516 304 280 270
616 269 516 304 280 270 268
616 516 304 280 270 268 269
616 304 280 270 268 269 516
616 280 270 268 269 516 304
616 270 268 269 516 304 280
617 273 272 517 305 281 271
617 272 517 305 281 271 273
617 517 305 281 271 273 272
617 305 281 271 273 272 517
617 281 271 273 272 517 305
617 271 273 272 517 305 281
618 274 275 518 306 282 276
618 275 518 306 282 276 274
618 518 306 282 276 274 275
618 306 282 276 274 275 518
618 282 276 274 275 518 306
618 276 274 275 518 306 282
619 279 278 519 307 283 277
619 278 519 307 283 277 279
619 519 307 283 277 279 278
619 307 283 277 279 278 519
619 283 277 279 278 519 307
619 277 279 278 519 307 283
620 287 286 520 308 284 290
620 286 520 308 284 290 287
620 520 308 284 290 287 286
620 308 284 290 287 286 520
620 284 290 287 286 520 308
620 290 287 286 520 308 284
621 289 288 521 309 285 291
621 288 521 309 285 291 289
621 521 309 285 291 289 288
621 309 285 291 289 288 521
621 285 291 289 288 521 309
621 291 289 288 521 309 285
622 317 316 522 310 334 320
622 316 522 310 334 320 317
622 522 310 334 320 317 316
622 310 334 320 317 316 522
622 334 320 317 316 522 310
622 320 317 316 522 310 334
623 319 318 523 311 335 321
623 318 523 311 335 321 319
623 523 311 335 321 319 318
623 311 335 321 319 318 523
623 335 321 319 318 523 311
623 321 319 318 523 311 335
624 323 322 524 312 336 326
624 322 524 312 336 326 323
624 524 312 336 326 323 322
624 312 336 326 323 322 524
624 336 326 323 322 524 312
624 326 323 322 524 312 336
625 325 324 525 313 337 327
625 324 525 313 337 327 325
625 525 313 337 327 325 324
625 313 337 327 325 324 525
625 337 327 325 324 525 313
625 327 325 324 525 313 337
626 329 328 526 314 338 332
626 328 526 314 338 332 329
626 526 314 338 332 329 328
626 314 338 332 329 328 526
626 338 332 329 328 526 314
626 332 329 328 526 314 338
627 331 330 527 315 339 333
627 330 527 315 339 333 331
627 527 315 339 333 331 330
627 315 339 333 331 330 527
627 339 333 331 330 527 315
627 333 331 330 527 315 339
628 340 341 528 412 352 342
628 341 528 412 352 342 340
628 528 412 352 342 340 341
628 412 352 342 340 341 528
628 352 342 340 341 528 412
628 342 340 341 528 412 352
629 345 344 529 413 353 343
629 344 529 413 353 343 345
629 529 413 353 343 345 344
629 413 353 343 345 344 529
629 353 343 345 344 529 413
629 343 345 344 529 413 353
630 346 347 530 414 354 348
630 347 530 414 354 348 346
630 530 414 354 348 346 347
630 414 354 348 346 347 530
630 354 348 346 347 530 414
630 348 346 347 530 414 354
631 351 350 531 415 355 349
631 350 531 415 355 349 351
631 531 415 355 349 351 350
631 415 355 349 351 350 531
631 355 349 351 350 531 415
631 349 351 350 531 415 355
632 359 358 532 416 356 362
632 358 532 416 356 362 359
632 532 416 356 362 359 358
632 416 356 362 359 358 532
632 356 362 359 358 532 416
632 362 359 358 532 416 356
633 361 360 533 417 357 363
633 360 533 417 357 363 361
633 533 417 357 363 361 360
633 417 357 363 361 360 533
633 357 363 361 360 533 417
633 363 361 360 533 417 357
634 364 365 534 418 376 366
634 365 534 418 376 366 364
634 534 418 376 366 364 365
634 418 376 366 364 365 534
634 376 366 364 365 534 418
634 366 364 365 534 418 376
635 369 368 535 419 377 367
635 368 535 419 377 367 369
635 535 419 377 367 369 368
635 419 377 367 369 368 535
635 377 367 369 368 535 419
635 367 369 368 535 419 377
636 370 371 536 420 378 372
636 371 536 420 378 372 370
636 536 420 378 372 370 371
636 420 378 372 370 371 536
636 378 372 370 371 536 420
636 372 370 371 536 420 378
637 375 374 537 421 379 373
637 374 537 421 379 373 375
637 537 421 379 373 375 374
637 421 379 373 375 374 537
637 379 373 375 374 537 421
637 373 375 374 537 421 379
638 383 382 538 422 380 386
638 382 538 422 380 386 383
638 538 422 380 386 383 382
638 422 380 386 383 382 538
638 380 386 383 382 538 422
638 386 383 382 538 422 380
639 385 384 539 423 381 387
639 384 539 423 381 387 385
639 539 423 381 387 385 384
639 423 381 387 385 384 539
639 381 387 385 384 539 423
639 387 385 384 539 423 381
640 388 389 540 424 400 390
640 389 540 424 400 390 388
640 540 424 400 390 388 389
640 424 400 390 388 389 540
640 400 390 388 389 540 424
640 390 388 389 540 424 400
641 393 392 541 425 401 391
641 392 541 425 401 391 393
641 541 425 401 391 393 392
641 425 401 391 393 392 541
641 401 391 393 392 541 425
641 391 393 392 541 425 401
642 394 395 542 426 402 396
642 395 542 426 402 396 394
642 542 426 402 396 394 395
642 426 402 396 394 395 542
642 402 396 394 395 542 426
642 396 394 395 542 426 402
643 399 398 543 427 403 397
643 398 543 427 403 397 399
643 543 427 403 397 399 398
643 427 403 397 399 398 543
643 403 397 399 398 543 427
643 397 399 398 543 427 403
644 407 406 544 428 404 410
644 406 544 428 404 410 407
644 544 428 404 410 407 406
644 428 404 410 407 406 544
644 404 410 407 406 544 428
644 410 407 406 544 428 404
645 409 408 545 429 405 411
645 408 545 429 405 411 409
645 545 429 405 411 409 408
645 429 405 411 409 408 545
645 405 411 409 408 545 429
645 411 409 408 545 429 405
646 437 436 546 430 454 440
646 436 546 430 454 440 437
646 546 430 454 440 437 436
646 430 454 440 437 436 546
646 454 440 437 436 546 430
646 440 437 436 546 430 454
647 439 438 547 431 455 441
647 438 547 431 455 441 439
647 547 431 455 441 439 438
647 431 455 441 439 438 547
647 455 441 439 438 547 431
647 441 439 438 547 431 455
648 443 442 548 432 456 446
648 442 548 432 456 446 443
648 548 432 456 446 443 442
648 432 456 446 443 442 548
648 456 446 443 442 548 432
648 446 443 442 548 432 456
649 445 444 549 433 457 447
649 444 549 433 457 447 445
649 549 433 457 447 445 444
649 433 457 447 445 444 549
649 457 447 445 444 549 433
649 447 445 444 549 433 457
650 449 448 550 434 458 452
650 448 550 434 458 452 449
650 550 434 458 452 449 448
650 434 458 452 449 448 550
650 458 452 449 448 550 434
650 452 449 448 550 434 458
651 451 450 551 435 459 453
651 450 551 435 459 453 451
651 551 435 459 453 451 450
651 435 459 453 451 450 551
651 459 453 451 450 551 435
651 453 451 450 551 435 459
652 576 575 552 667 590 577
652 575 552 667 590 577 576
652 552 667 590 577 576 575
652 667 590 577 576 575 552
652 590 577 576 575 552 667
652 577 576 575 552 667 590
653 579 578 553 668 591 582
653 578 553 668 591 582 579
653 553 668 591 582 579 578
653 668 591 582 579 578 553
653 591 582 579 578 553 668
653 582 579 578 553 668 591
654 581 580 554 669 592 583
654 580 554 669 592 583 581
654 554 669 592 583 581 580
654 669 592 583 581 580 554
654 592 583 581 580 554 669
654 583 581 580 554 669 592
655 585 584 555 670 593 588
655 584 555 670 593 588 585
655 555 670 593 588 585 584
655 670 593 588 585 584 555
655 593 588 585 584 555 670
655 588 585 584 555 670 593
656 587 586 556 671 594 589
656 586 556 671 594 589 587
656 556 671 594 589 587 586
656 671 594 589 587 586 556
656 594 589 587 586 556 671
656 589 587 586 556 671 594
657 596 595 557 672 613 599
657 595 557 672 613 599 596
657 557 672 613 599 596 595
657 672 613 599 596 595 557
657 613 599 596 595 557 672
657 599 596 595 557 672 613
658 598 597 558 673 614 600
658 597 558 673 614 600 598
658 558 673 614 600 598 597
658 673 614 600 598 597 558
658 614 600 598 597 558 673
658 600 598 597 558 673 614
659 602 601 559 674 615 605
659 601 559 674 615 605 602
659 559 674 615 605 602 601
659 674 615 605 602 601 559
659 615 605 602 601 559 674
659 605 602 601 559 674 615
660 604 603 560 675 616 606
660 603 560 675 616 606 604
660 560 675 616 606 604 603
660 675 616 606 604 603 560
660 616 606 604 603 560 675
660 606 604 603 560 675 616
661 608 607 561 676 617 611
661 607 561 676 617 611 608
661 561 676 617 611 608 607
661 676 617 611 608 607 561
661 617 611 608 607 561 676
661 611 608 607 561 676 617
662 610 609 562 677 618 612
662 609 562 677 618 612 610
662 562 677 618 612 610 609
662 677 618 612 610 609 562
662 618 612 610 609 562 677
662 612 610 609 562 677 618
663 620 619 563 678 637 623
663 619 563 678 637 623 620
663 563 678 637 623 620 619
663 678 637 623 620 619 563
663 637 623 620 619 563 678
663 623 620 619 563 678 637
664 622 621 564 679 638 624
664 621 564 679 638 624 622
664 564 679 638 624 622 621
664 679 638 624 622 621 564
664 638 624 622 621 564 679
664 624 622 621 564 679 638
665 626 625 565 680 639 629
665 625 565 680 639 629 626
665 565 680 639 629 626 625
665 680 639 629 626 625 565
665 639 629 626 625 565 680
665 629 626 625 565 680 639
666 628 627 566 681 640 630
666 627 566 681 640 630 628
666 566 681 640 630 628 627
666 681 640 630 628 627 566
666 640 630 628 627 566 681
666 630 628 627 566 681 640
667 632 631 567 682 641 635
667 631 567 682 641 635 632
667 567 682 641 635 632 631
667 682 641 635 632 631 567
667 641 635 632 631 567 682
667 635 632 631 567 682 641
668 634 633 568 683 642 636
668 633 568 683 642 636 634
668 568 683 642 636 634 633
668 683 642 636 634 633 568
668 642 636 634 633 568 683
668 636 634 633 568 683 642
669 644 643 569 684 661 647
669 643 569 684 661 647 644
669 569 684 661 647 644 643
669 684 661 647 644 643 569
669 661 647 644 643 569 684
669 647 644 643 569 684 661
670 646 645 570 685 662 648
670 645 570 685 662 648 646
670 570 685 662 648 646 645
670 685 662 648 646 645 570
670 662 648 646 645 570 685
670 648 646 645 570 685 662
671 650 649 571 686 663 653
671 649 571 686 663 653 650
671 571 686 663 653 650 649
671 686 663 653 650 649 571
671 663 653 650 649 571 686
671 653 650 649 571 686 663
672 652 651 572 687 664 654
672 651 572 687 664 654 652
672 572 687 664 654 652 651
672 687 664 654 652 651 572
672 664 654 652 651 572 687
672 654 652 651 572 687 664
673 656 655 573 688 665 659
673 655 573 688 665 659 656
673 573 688 665 659 656 655
673 688 665 659 656 655 573
673 665 659 656 655 573 688
673 659 656 655 573 688 665
674 658 657 574 689 666 660
674 657 574 689 666 660 658
674 574 689 666 660 658 657
674 689 666 660 658 657 574
674 666 660 658 657 574 689
674 660 658 657 574 689 666
675 1 0 575 80 9 4
675 0 575 80 9 4 1
675 575 80 9 4 1 0
675 80 9 4 1 0 575
675 9 4 1 0 575 80
675 4 1 0 575 80 9
676 3 2 576 81 10 5
676 2 576 81 10 5 3
676 576 81 10 5 3 2
676 81 10 5 3 2 576
676 10 5 3 2 576 81
676 5 3 2 576 81 10
677 7 6 577 82 11 8
677 6 577 82 11 8 7
677 577 82 11 8 7 6
677 82 11 8 7 6 577
677 11 8 7 6 577 82
677 8 7 6 577 82 11
678 13 12 578 83 30 16
678 12 578 83 30 16 13
678 578 83 30 16 13 12
678 83 30 16 13 12 578
678 30 16 13 12 578 83
678 16 13 12 578 83 30
679 15 14 579 84 31 17
679 14 579 84 31 17 15
679 579 84 31 17 15 14
679 84 31 17 15 14 579
679 31 17 15 14 579 84
679 17 15 14 579 84 31
680 19 18 580 85 32 22
680 18 580 85 32 22 19
680 580 85 32 22 19 18
680 85 32 22 19 18 580
680 32 22 19 18 580 85
680 22 19 18 580 85 32
681 21 20 581 86 33 23
681 20 581 86 33 23 21
681 581 86 33 23 21 20
681 86 33 23 21 20 581
681 33 23 21 20 581 86
681 23 21 20 581 86 33
682 25 24 582 87 34 28
682 24 582 87 34 28 25
682 582 87 34 28 25 24
682 87 34 28 25 24 582
682 34 28 25 24 582 87
682 28 25 24 582 87 34
683 27 26 583 88 35 29
683 26 583 88 35 29 27
683 583 88 35 29 27 26
683 88 35 29 27 26 583
683 35 29 27 26 583 88
683 29 27 26 583 88 35
684 37 36 584 89 54 40
684 36 584 89 54 40 37
684 584 89 54 40 37 36
684 89 54 40 37 36 584
684 54 40 37 36 584 89
684 40 37 36 584 89 54
685 39 38 585 90 55 41
685 38 585 90 55 41 39
685 585 90 55 41 39 38
685 90 55 41 39 38 585
685 55 41 39 38 585 90
685 41 39 38 585 90 55
686 43 42 586 91 56 46
686 42 586 91 56 46 43
686 586 91 56 46 43 42
686 91 56 46 43 42 586
686 56 46 43 42 586 91
686 46 43 42 586 91 56
687 45 44 587 92 57 47
687 44 587 92 57 47 45
687 587 92 57 47 45 44
687 92 57 47 45 44 587
687 57 47 45 44 587 92
687 47 45 44 587 92 57
688 49 48 588 93 58 52
688 48 588 93 58 52 49
688 588 93 58 52 49 48
688 93 58 52 49 48 588
688 58 52 49 48 588 93
688 52 49 48 588 93 58
689 51 50 589 94 59 53
689 50 589 94 59 53 51
689 589 94 59 53 51 50
689 94 59 53 51 50 589
689 59 53 51 50 589 94
689 53 51 50 589 94 59
690 61 60 590 95 75 62
690 60 590 95 75 62 61
690 590 95 75 62 61 60
690 95 75 62 61 60 590
690 75 62 61 60 590 95
690 62 61 60 590 95 75
691 64 63 591 96 76 67
691 63 591 96 76 67 64
691 591 96 76 67 64 63
691 96 76 67 64 63 591
691 76 67 64 63 591 96
691 67 64 63 591 96 76
692 66 65 592 97 77 68
692 65 592 97 77 68 66
692 592 97 77 68 66 65
692 97 77 68 66 65 592
692 77 68 66 65 592 97
692 68 66 65 592 97 77
693 70 69 593 98 78 73
693 69 593 98 78 73 70
693 593 98 78 73 70 69
693 98 78 73 70 69 593
693 78 73 70 69 593 98
693 73 70 69 593 98 78
694 72 71 594 99 79 74
694 71 594 99 79 74 72
694 594 99 79 74 72 71
694 99 79 74 72 71 594
694 79 74 72 71 594 99
694 74 72 71 594 99 79
695 101 100 595 196 118 104
695 100 595 196 118 104 101
695 595 196 118 104 101 100
695 196 118 104 101 100 595
695 118 104 101 100 595 196
695 104 101 100 595 196 118
696 103 102 596 197 119 105
696 102 596 197 119 105 103
696 596 197 119 105 103 102
696 197 119 105 103 102 596
696 119 105 103 102 596 197
696 105 103 102 596 197 119
697 107 106 597 198 120 110
697 106 597 198 120 110 107
697 597 198 120 110 107 106
697 198 120 110 107 106 597
697 120 110 107 106 597 198
697 110 107 106 597 198 120
698 109 108 598 199 121 111
698 108 598 199 121 111 109
698 598 199 121 111 109 108
698 199 121 111 109 108 598
698 121 111 109 108 598 199
698 111 109 108 598 199 121
699 113 112 599 200 122 116
699 112 599 200 122 116 113
699 599 200 122 116 113 112
699 200 122 116 113 112 599
699 122 116 113 112 599 200
699 116 113 112 599 200 122
700 115 114 600 201 123 117
700 114 600 201 123 117 115
700 600 201 123 117 115 114
700 201 123 117 115 114 600
700 123 117 115 114 600 201
700 117 115 114 600 201 123
701 125 124 601 202 142 128
701 124 601 202 142 128 125
701 601 202 142 128 125 124
701 202 142 128 125 124 601
701 142 128 125 124 601 202
701 128 125 124 601 202 142
702 127 126 602 203 143 129
702 126 602 203 143 129 127
702 602 203 143 129 127 126
702 203 143 129 127 126 602
702 143 129 127 126 602 203
702 129 127 126 602 203 143
703 131 130 603 204 144 134
703 130 603 204 144 134 131
703 603 204 144 134 131 130
703 204 144 134 131 130 603
703 144 134 131 130 603 204
703 134 131 130 603 204 144
704 133 132 604 205 145 135
704 132 604 205 145 135 133
704 604 205 145 135 133 132
704 205 145 135 133 132 604
704 145 135 133 132 604 205
704 135 133 132 604 205 145
705 137 136 605 206 146 140
705 136 605 206 146 140 137
705 605 206 146 140 137 136
705 206 146 140 137 136 605
705 146 140 137 136 605 206
705 140 137 136 605 206 146
706 139 138 606 207 147 141
706 138 606 207 147 141 139
706 606 207 147 141 139 138
706 207 147 141 139 138 606
706 147 141 139 138 606 207
706 141 139 138 606 207 147
707 149 148 607 208 166 152
707 148 607 208 166 152 149
707 607 208 166 152 149 148
707 208 166 152 149 148 607
707 166 152 149 148 607 208
707 152 149 148 607 208 166
708 151 150 608 209 167 153
708 150 608 209 167 153 151
708 608 209 167 153 151 150
708 209 167 153 151 150 608
708 167 153 151 150 608 209
708 153 151 150 608 209 167
709 155 154 609 210 168 158
709 154 609 210 168 158 155
709 609 210 168 158 155 154
709 210 168 158 155 154 609
709 168 158 155 154 609 210
709 158 155 154 609 210 168
710 157 156 610 211 169 159
710 156 610 211 169 159 157
710 610 211 169 159 157 156
710 211 169 159 157 156 610
710 169 159 157 156 610 211
710 159 157 156 610 211 169
711 161 160 611 212 170 164
711 160 611 212 170 164 161
711 611 212 170 164 161 160
711 212 170 164 161 160 611
711 170 164 161 160 611 212
711 164 161 160 611 212 170
712 163 162 612 213 171 165
712 162 612 213 171 165 163
712 612 213 171 165 163 162
712 213 171 165 163 162 612
712 171 165 163 162 612 213
712 165 163 162 612 213 171
713 173 172 613 214 190 176
713 172 613 214 190 176 173
713 613 214 190 176 173 172
713 214 190 176 173 172 613
713 190 176 173 172 613 214
713 176 173 172 613 214 190
714 175 174 614 215 191 177
714 174 614 215 191 177 175
714 614 215 191 177 175 174
714 215 191 177 175 174 614
714 191 177 175 174 614 215
714 177 175 174 614 215 191
715 179 178 615 216 192 182
715 178 615 216 192 182 179
715 615 216 192 182 179 178
715 216 192 182 179 178 615
715 192 182 179 178 615 216
715 182 179 178 615 216 192
716 181 180 616 217 193 183
716 180 616 217 193 183 181
716 616 217 193 183 181 180
716 217 193 183 181 180 616
716 193 183 181 180 616 217
716 183 181 180 616 217 193
717 185 184 617 218 194 188
717 184 617 218 194 188 185
717 617 218 194 188 185 184
717 218 194 188 185 184 617
717 194 188 185 184 617 218
717 188 185 184 617 218 194
718 187 186 618 219 195 189
718 186 618 219 195 189 187
718 618 219 195 189 187 186
718 219 195 189 187 186 618
718 195 189 187 186 618 219
718 189 187 186 618 219 195
719 221 220 619 316 238 224
719 220 619 316 238 224 221
719 619 316 238 224 221 220
719 316 238 224 221 220 619
719 238 224 221 220 619 316
719 224 221 220 619 316 238
720 223 222 620 317 239 225
720 222 620 317 239 225 223
720 620 317 239 225 223 222
720 317 239 225 223 222 620
720 239 225 223 222 620 317
720 225 223 222 620 317 239
721 227 226 621 318 240 230
721 226 621 318 240 230 227
721 621 318 240 230 227 226
721 318 240 230 227 226 621
721 240 230 227 226 621 318
721 230 227 226 621 318 240
722 229 228 622 319 241 231
722 228 622 319 241 231 229
722 622 319 241 231 229 228
722 319 241 231 229 228 622
722 241 231 229 228 622 319
722 231 229 228 622 319 241
723 233 232 623 320 242 236
723 232 623 320 242 236 233
723 623 320 242 236 233 232
723 320 242 236 233 232 623
723 242 236 233 232 623 320
723 236 233 232 623 320 242
724 235 234 624 321 243 237
724 234 624 321 243 237 235
724 624 321 243 237 235 234
724 321 243 237 235 234 624
724 243 237 235 234 624 321
724 237 235 234 624 321 243
725 245 244 625 322 262 248
725 244 625 322 262 248 245
725 625 322 262 248 245 244
725 322 262 248 245 244 625
725 262 248 245 244 625 322
725 248 245 244 625 322 262
726 247 246 626 323 263 249
726 246 626 323 263 249 247
726 626 323 263 249 247 246
726 323 263 249 247 246 626
726 263 249 247 246 626 323
726 249 247 246 626 323 263
727 251 250 627 324 264 254
727 250 627 324 264 254 251
727 627 324 264 254 251 250
727 324 264 254 251 250 627
727 264 254 251 250 627 324
727 254 251 250 627 324 264
728 253 252 628 325 265 255
728 252 628 325 265 255 253
728 628 325 265 255 253 252
728 325 265 255 253 252 628
728 265 255 253 252 628 325
728 255 253 252 628 325 265
729 257 256 629 326 266 260
729 256 629 326 266 260 257
729 629 326 266 260 257 256
729 326 266 260 257 256 629
729 266 260 257 256 629 326
729 260 257 256 629 326 266
730 259 258 630 327 267 261
730 258 630 327 267 261 259
730 630 327 267 261 259 258
730 327 267 261 259 258 630
730 267 261 259 258 630 327
730 261 259 258 630 327 267
731 269 268 631 328 286 272
731 268 631 328 286 272 269
731 631 328 286 272 269 268
731 328 286 272 269 268 631
731 286 272 269 268 631 328
731 272 269 268 631 328 286
732 271 270 632 329 287 273
732 270 632 329 287 273 271
732 632 329 287 273 271 270
732 329 287 273 271 270 632
732 287 273 271 270 632 329
732 273 271 270 632 329 287
733 275 274 633 330 288 278
733 274 633 330 288 278 275
733 633 330 288 278 275 274
733 330 288 278 275 274 633
733 288 278 275 274 633 330
733 278 275 274 633 330 288
734 277 276 634 331 289 279
734 276 634 331 289 279 277
734 634 331 289 279 277 276
734 331 289 279 277 276 634
734 289 279 277 276 634 331
734 279 277 276 634 331 289
735 281 280 635 332 290 284
735 280 635 332 290 284 281
735 635 332 290 284 281 280
735 332 290 284 281 280 635
735 290 284 281 280 635 332
735 284 281 280 635 332 290
736 283 282 636 333 291 285
736 282 636 333 291 285 283
736 636 333 291 285 283 282
736 333 291 285 283 282 636
736 291 285 283 282 636 333
736 285 283 282 636 333 291
737 293 292 637 334 310 296
737 292 637 334 310 296 293
737 637 334 310 296 293 292
737 334 310 296 293 292 637
737 310 296 293 292 637 334
737 296 293 292 637 334 310
738 295 294 638 335 311 297
738 294 638 335 311 297 295
738 638 335 311 297 295 294
738 335 311 297 295 294 638
738 311 297 295 294 638 335
738 297 295 294 638 335 311
739 299 298 639 336 312 302
739 298 639 336 312 302 299
739 639 336 312 302 299 298
739 336 312 302 299 298 639
739 312 302 299 298 639 336
739 302 299 298 639 336 312
740 301 300 640 337 313 303
740 300 640 337 313 303 301
740 640 337 313 303 301 300
740 337 313 303 301 300 640
740 313 303 301 300 640 337
740 303 301 300 640 337 313
741 305 304 641 338 314 308
741 304 641 338 314 308 305
741 641 338 314 308 305 304
741 338 314 308 305 304 641
741 314 308 305 304 641 338
741 308 305 304 641 338 314
742 307 306 642 339 315 309
742 306 642 339 315 309 307
742 642 339 315 309 307 306
742 339 315 309 307 306 642
742 315 309 307 306 642 339
742 309 307 306 642 339 315
743 341 340 643 436 358 344
743 340 643 436 358 344 341
743 643 436 358 344 341 340
743 436 358 344 341 340 643
743 358 344 341 340 643 436
743 344 341 340 643 436 358
744 343 342 644 437 359 345
744 342 644 437 359 345 343
744 644 437 359 345 343 342
744 437 359 345 343 342 644
744 359 345 343 342 644 437
744 345 343 342 644 437 359
745 347 346 645 438 360 350
745 346 645 438 360 350 347
745 645 438 360 350 347 346
745 438 360 350 347 346 645
745 360 350 347 346 645 438
745 350 347 346 645 438 360
746 349 348 646 439 361 351
746 348 646 439 361 351 349
746 646 439 361 351 349 348
746 439 361 351 349 348 646
746 361 351 349 348 646 439
746 351 349 348 646 439 361
747 353 352 647 440 362 356
747 352 647 440 362 356 353
747 647 440 362 356 353 352
747 440 362 356 353 352 647
747 362 356 353 352 647 440
747 356 353 352 647 440 362
748 355 354 648 441 363 357
748 354 648 441 363 357 355
748 648 441 363 357 355 354
748 441 363 357 355 354 648
748 363 357 355 354 648 441
748 357 355 354 648 441 363
749 365 364 649 442 382 368
749 364 649 442 382 368 365
749 649 442 382 368 365 364
749 442 382 368 365 364 649
749 382 368 365 364 649 442
749 368 365 364 649 442 382
750 367 366 650 443 383 369
750 366 650 443 383 369 367
750 650 443 383 369 367 366
750 443 383 369 367 366 650
750 383 369 367 366 650 443
750 369 367 366 650 443 383
751 371 370 651 444 384 374
751 370 651 444 384 374 371
751 651 444 384 374 371 370
751 444 384 374 371 370 651
751 384 374 371 370 651 444
751 374 371 370 651 444 384
752 373 372 652 445 385 375
752 372 652 445 385 375 373
752 652 445 385 375 373 372
752 445 385 375 373 372 652
752 385 375 373 372 652 445
752 375 373 372 652 445 385
753 377 376 653 446 386 380
753 376 653 446 386 380 377
753 653 446 386 380 377 376
753 446 386 380 377 376 653
753 386 380 377 376 653 446
753 380 377 376 653 446 386
754 379 378 654 447 387 381
754 378 654 447 387 381 379
754 654 447 387 381 379 378
754 447 387 381 379 378 654
754 387 381 379 378 654 447
754 381 379 378 654 447 387
755 389 388 655 448 406 392
755 388 655 448 406 392 389
755 655 448 406 392 389 388
755 448 406 392 389 388 655
755 406 392 389 388 655 448
755 392 389 388 655 448 406
756 391 390 656 449 407 393
756 390 656 449 407 393 391
756 656 449 407 393 391 390
756 449 407 393 391 390 656
756 407 393 391 390 656 449
756 393 391 390 656 449 407
757 395 394 657 450 408 398
757 394 657 450 408 398 395
757 657 450 408 398 395 394
757 450 408 398 395 394 657
757 408 398 395 394 657 450
757 398 395 394 657 450 408
758 397 396 658 451 409 399
758 396 658 451 409 399 397
758 658 451 409 399 397 396
758 451 409 399 397 396 658
758 409 399 397 396 658 451
758 399 397 396 658 451 409
759 401 400 659 452 410 404
759 400 659 452 410 404 401
759 659 452 410 404 401 400
759 452 410 404 401 400 659
759 410 404 401 400 659 452
759 404 401 400 659 452 410
760 403 402 660 453 411 405
760 402 660 453 411 405 403
760 660 453 411 405 403 402
760 453 411 405 403 402 660
760 411 405 403 402 660 453
760 405 403 402 660 453 411
761 413 412 661 454 430 416
761 412 661 454 430 416 413
761 661 454 430 416 413 412
761 454 430 416 413 412 661
761 430 416 413 412 661 454
761 416 413 412 661 454 430
762 415 414 662 455 431 417
762 414 662 455 431 417 415
762 662 455 431 417 415 414
762 455 431 417 415 414 662
762 431 417 415 414 662 455
762 417 415 414 662 455 431
763 419 418 663 456 432 422
763 418 663 456 432 422 419
763 663 456 432 422 419 418
763 456 432 422 419 418 663
763 432 422 419 418 663 456
763 422 419 418 663 456 432
764 421 420 664 457 433 423
764 420 664 457 433 423 421
764 664 457 433 423 421 420
764 457 433 423 421 420 664
764 433 423 421 420 664 457
764 423 421 420 664 457 433
765 425 424 665 458 434 428
765 424 665 458 434 428 425
765 665 458 434 428 425 424
765 458 434 428 425 424 665
765 434 428 425 424 665 458
765 428 425 424 665 458 434
766 427 426 666 459 435 429
766 426 666 459 435 429 427
766 666 459 435 429 427 426
766 459 435 429 427 426 666
766 435 429 427 426 666 459
766 429 427 426 666 459 435
767 461 460 667 552 475 462
767 460 667 552 475 462 461
767 667 552 475 462 461 460
767 552 475 462 461 460 667
767 475 462 461 460 667 552
767 462 461 460 667 552 475
768 464 463 668 553 476 467
768 463 668 553 476 467 464
768 668 553 476 467 464 463
768 553 476 467 464 463 668
768 476 467 464 463 668 553
768 467 464 463 668 553 476
769 466 465 669 554 477 468
769 465 669 554 477 468 466
769 669 554 477 468 466 465
769 554 477 468 466 465 669
769 477 468 466 465 669 554
769 468 466 465 669 554 477
770 470 469 670 555 478 473
770 469 670 555 478 473 470
770 670 555 478 473 470 469
770 555 478 473 470 469 670
770 478 473 470 469 670 555
770 473 470 469 670 555 478
771 472 471 671 556 479 474
771 471 671 556 479 474 472
771 671 556 479 474 472 471
771 556 479 474 472 471 671
771 479 474 472 471 671 556
771 474 472 471 671 556 479
772 481 480 672 557 498 484
772 480 672 557 498 484 481
772 672 557 498 484 481 480
772 557 498 484 481 480 672
772 498 484 481 480 672 557
772 484 481 480 672 557 498
773 483 482 673 558 499 485
773 482 673 558 499 485 483
773 673 558 499 485 483 482
773 558 499 485 483 482 673
773 499 485 483 482 673 558
773 485 483 482 673 558 499
774 487 486 674 559 500 490
774 486 674 559 500 490 487
774 674 559 500 490 487 486
774 559 500 490 487 486 674
774 500 490 487 486 674 559
774 490 487 486 674 559 500
775 489 488 675 560 501 491
775 488 675 560 501 491 489
775 675 560 501 491 489 488
775 560 501 491 489 488 675
775 501 491 489 488 675 560
775 491 489 488 675 560 501
776 493 492 676 561 502 496
776 492 676 561 502 496 493
776 676 561 502 496 493 492
776 561 502 496 493 492 676
776 502 496 493 492 676 561
776 496 493 492 676 561 502
777 495 494 677 562 503 497
777 494 677 562 503 497 495
777 677 562 503 497 495 494
777 562 503 497 495 494 677
777 503 497 495 494 677 562
777 497 495 494 677 562 503
778 505 504 678 563 522 508
778 504 678 563 522 508 505
778 678 563 522 508 505 504
778 563 522 508 505 504 678
778 522 508 505 504 678 563
778 508 505 504 678 563 522
779 507 506 679 564 523 509
779 506 679 564 523 509 507
779 679 564 523 509 507 506
779 564 523 509 507 506 679
779 523 509 507 506 679 564
779 509 507 506 679 564 523
780 511 510 680 565 524 514
780 510 680 565 524 514 511
780 680 565 524 514 511 510
780 565 524 514 511 510 680
780 524 514 511 510 680 565
780 514 511 510 680 565 524
781 513 512 681 566 525 515
781 512 681 566 525 515 513
781 681 566 525 515 513 512
781 566 525 515 513 512 681
781 525 515 513 512 681 566
781 515 513 512 681 566 525
782 517 516 682 567 526 520
782 516 682 567 526 520 517
782 682 567 526 520 517 516
782 567 526 520 517 516 682
782 526 520 517 516 682 567
782 520 517 516 682 567 526
783 519 518 683 568 527 521
783 518 683 568 527 521 519
783 683 568 527 521 519 518
783 568 527 521 519 518 683
783 527 521 519 518 683 568
783 521 519 518 683 568 527
784 529 528 684 569 546 532
784 528 684 569 546 532 529
784 684 569 546 532 529 528
784 569 546 532 529 528 684
784 546 532 529 528 684 569
784 532 529 528 684 569 546
785 531 530 685 570 547 533
785 530 685 570 547 533 531
785 685 570 547 533 531 530
785 570 547 533 531 530 685
785 547 533 531 530 685 570
785 533 531 530 685 570 547
786 535 534 686 571 548 538
786 534 686 571 548 538 535
786 686 571 548 538 535 534
786 571 548 538 535 534 686
786 548 538 535 534 686 571
786 538 535 534 686 571 548
787 537 536 687 572 549 539
787 536 687 572 549 539 537
787 687 572 549 539 537 536
787 572 549 539 537 536 687
787 549 539 537 536 687 572
787 539 537 536 687 572 549
788 541 540 688 573 550 544
788 540 688 573 550 544 541
788 688 573 550 544 541 540
788 573 550 544 541 540 688
788 550 544 541 540 688 573
788 544 541 540 688 573 550
789 543 542 689 574 551 545
789 542 689 574 551 545 543
789 689 574 551 545 543 542
789 574 551 545 543 542 689
789 551 545 543 542 689 574
789 545 543 542 689 574 551
