min_dist	S	d3	d4	d5	ip	anchor	edits	notes
1	134	9	2	0	0	135,9,2,0,0	S-1	s11-grammar-subregion-closed
1	135	8	2	0	0	135,9,2,0,0	d3-1	s11-grammar-subregion-closed
1	137	8	1	0	0	138,8,1,0,0	S-1	s11-grammar-subregion-closed
1	138	7	1	0	0	138,8,1,0,0	d3-1	s11-grammar-subregion-closed
1	139	6	1	0	0	140,6,1,0,0	S-1	s11-grammar-subregion-closed
1	139	8	0	0	0	140,8,0,0,0	S-1	s11-grammar-subregion-closed
1	140	5	1	0	0	140,6,1,0,0	d3-1	s11-grammar-subregion-closed
1	140	7	0	0	0	140,8,0,0,0	d3-1	s11-grammar-subregion-closed
1	141	6	0	0	0	141,7,0,0,0	d3-1	s11-grammar-subregion-closed
1	142	5	0	0	0	142,6,0,0,0	d3-1	s11-grammar-subregion-closed
1	143	4	0	0	0	143,5,0,0,0	d3-1	s11-grammar-subregion-closed
1	144	3	0	0	0	145,3,0,0,0	S-1	s11-grammar-subregion-closed
1	145	2	0	0	0	145,3,0,0,0	d3-1	s11-grammar-subregion-closed
2	135	9	1	0	1	135,9,2,0,0	d4-1 ip+1	
2	135	10	1	0	0	135,9,2,0,0	d3+1 d4-1	s11-grammar-subregion-closed
2	136	9	1	0	0	135,9,2,0,0	S+1 d4-1	s11-grammar-subregion-closed
2	138	8	0	0	1	138,8,1,0,0	d4-1 ip+1	
2	138	9	0	0	0	138,8,1,0,0	d3+1 d4-1	s11-grammar-subregion-closed
2	140	6	0	0	1	140,6,1,0,0	d4-1 ip+1	
3	133	9	2	0	1	135,9,2,0,0	S-2 ip+1	
3	133	10	2	0	0	135,9,2,0,0	S-2 d3+1	s11-grammar-subregion-closed
3	134	8	2	0	1	135,9,2,0,0	S-1 d3-1 ip+1	
3	135	7	2	0	1	135,9,2,0,0	d3-2 ip+1	
3	135	9	0	1	0	135,9,2,0,0	d4-2 d5+1	s11-grammar-subregion-closed
3	136	7	2	0	0	135,9,2,0,0	S+1 d3-2	s11-grammar-subregion-closed
3	136	8	1	0	1	138,8,1,0,0	S-2 ip+1	
3	137	7	1	0	1	138,8,1,0,0	S-1 d3-1 ip+1	
3	138	6	1	0	1	138,8,1,0,0	d3-2 ip+1	
3	139	5	1	0	1	140,6,1,0,0	S-1 d3-1 ip+1	
3	139	7	0	0	1	140,8,0,0,0	S-1 d3-1 ip+1	
3	140	4	1	0	1	140,6,1,0,0	d3-2 ip+1	
3	141	4	1	0	0	140,6,1,0,0	S+1 d3-2	s11-grammar-subregion-closed
3	141	5	0	0	1	141,7,0,0,0	d3-2 ip+1	
3	142	4	0	0	1	142,6,0,0,0	d3-2 ip+1	
3	143	3	0	0	1	143,5,0,0,0	d3-2 ip+1	
3	144	2	0	0	1	145,3,0,0,0	S-1 d3-1 ip+1	
3	145	1	0	0	1	145,3,0,0,0	d3-2 ip+1	
3	146	1	0	0	0	145,3,0,0,0	S+1 d3-2	s11-grammar-subregion-closed
4	132	9	3	0	0	135,9,2,0,0	S-3 d4+1	s11-grammar-subregion-closed
4	133	8	3	0	0	135,9,2,0,0	S-2 d3-1 d4+1	s11-grammar-subregion-closed
4	133	9	1	1	0	135,9,2,0,0	S-2 d4-1 d5+1	s11-grammar-subregion-closed
4	134	7	3	0	0	135,9,2,0,0	S-1 d3-2 d4+1	s11-grammar-subregion-closed
4	134	8	1	1	0	135,9,2,0,0	S-1 d3-1 d4-1 d5+1	s11-grammar-subregion-closed
4	134	9	1	0	2	135,9,2,0,0	S-1 d4-1 ip+2	
4	134	10	1	0	1	135,9,2,0,0	S-1 d3+1 d4-1 ip+1	
4	134	11	1	0	0	135,9,2,0,0	S-1 d3+2 d4-1	s11-grammar-subregion-closed
4	135	6	3	0	0	135,9,2,0,0	d3-3 d4+1	s11-grammar-subregion-closed
4	135	7	1	1	0	135,9,2,0,0	d3-2 d4-1 d5+1	s11-grammar-subregion-closed
4	135	8	1	0	2	135,9,2,0,0	d3-1 d4-1 ip+2	
4	136	8	0	1	0	138,8,1,0,0	S-2 d4-1 d5+1	s11-grammar-subregion-closed
4	137	6	2	0	0	138,8,1,0,0	S-1 d3-2 d4+1	s11-grammar-subregion-closed
4	137	7	0	1	0	138,8,1,0,0	S-1 d3-1 d4-1 d5+1	s11-grammar-subregion-closed
4	137	8	0	0	2	138,8,1,0,0	S-1 d4-1 ip+2	
4	137	9	0	0	1	138,8,1,0,0	S-1 d3+1 d4-1 ip+1	
4	137	10	0	0	0	138,8,1,0,0	S-1 d3+2 d4-1	s11-grammar-subregion-closed
4	138	5	2	0	0	138,8,1,0,0	d3-3 d4+1	s11-grammar-subregion-closed
4	138	6	0	1	0	138,8,1,0,0	d3-2 d4-1 d5+1	s11-grammar-subregion-closed
4	138	7	0	0	2	138,8,1,0,0	d3-1 d4-1 ip+2	
4	139	4	2	0	0	140,6,1,0,0	S-1 d3-2 d4+1	s11-grammar-subregion-closed
4	139	5	0	1	0	140,6,1,0,0	S-1 d3-1 d4-1 d5+1	s11-grammar-subregion-closed
4	139	6	0	0	2	140,6,1,0,0	S-1 d4-1 ip+2	
4	140	3	2	0	0	140,6,1,0,0	d3-3 d4+1	s11-grammar-subregion-closed
4	140	4	0	1	0	140,6,1,0,0	d3-2 d4-1 d5+1	s11-grammar-subregion-closed
4	140	5	0	0	2	140,6,1,0,0	d3-1 d4-1 ip+2	
4	142	3	1	0	0	142,6,0,0,0	d3-3 d4+1	s11-grammar-subregion-closed
4	143	2	1	0	0	143,5,0,0,0	d3-3 d4+1	s11-grammar-subregion-closed
4	144	1	1	0	0	145,3,0,0,0	S-1 d3-2 d4+1	s11-grammar-subregion-closed
4	145	0	1	0	0	145,3,0,0,0	d3-3 d4+1	s11-grammar-subregion-closed
5	131	9	2	1	0	135,9,2,0,0	S-4 d5+1	s11-grammar-subregion-closed
5	132	8	2	1	0	135,9,2,0,0	S-3 d3-1 d5+1	s11-grammar-subregion-closed
5	132	9	2	0	2	135,9,2,0,0	S-3 ip+2	
5	132	10	2	0	1	135,9,2,0,0	S-3 d3+1 ip+1	
5	132	11	2	0	0	135,9,2,0,0	S-3 d3+2	s11-grammar-subregion-closed
5	133	7	2	1	0	135,9,2,0,0	S-2 d3-2 d5+1	s11-grammar-subregion-closed
5	133	8	2	0	2	135,9,2,0,0	S-2 d3-1 ip+2	
5	134	6	2	1	0	135,9,2,0,0	S-1 d3-3 d5+1	s11-grammar-subregion-closed
5	134	7	2	0	2	135,9,2,0,0	S-1 d3-2 ip+2	
5	134	9	0	1	1	135,9,2,0,0	S-1 d4-2 d5+1 ip+1	
5	134	10	0	1	0	135,9,2,0,0	S-1 d3+1 d4-2 d5+1	s11-grammar-subregion-closed
5	135	5	2	1	0	135,9,2,0,0	d3-4 d5+1	s11-grammar-subregion-closed
5	135	6	2	0	2	135,9,2,0,0	d3-3 ip+2	
5	135	8	0	1	1	135,9,2,0,0	d3-1 d4-2 d5+1 ip+1	
5	135	9	0	0	3	135,9,2,0,0	d4-2 ip+3	
5	135	10	0	0	2	135,9,2,0,0	d3+1 d4-2 ip+2	
5	135	11	0	0	1	135,9,2,0,0	d3+2 d4-2 ip+1	
5	135	12	0	0	0	135,9,2,0,0	d3+3 d4-2	s11-grammar-subregion-closed
5	136	6	1	1	0	138,8,1,0,0	S-2 d3-2 d5+1	s11-grammar-subregion-closed
5	136	6	2	0	1	135,9,2,0,0	S+1 d3-3 ip+1	
5	136	7	1	0	2	138,8,1,0,0	S-2 d3-1 ip+2	
5	136	9	0	0	2	135,9,2,0,0	S+1 d4-2 ip+2	
5	136	10	0	0	1	135,9,2,0,0	S+1 d3+1 d4-2 ip+1	
5	136	11	0	0	0	135,9,2,0,0	S+1 d3+2 d4-2	s11-grammar-subregion-closed
5	137	5	1	1	0	138,8,1,0,0	S-1 d3-3 d5+1	s11-grammar-subregion-closed
5	137	6	1	0	2	138,8,1,0,0	S-1 d3-2 ip+2	
5	138	4	1	1	0	138,8,1,0,0	d3-4 d5+1	s11-grammar-subregion-closed
5	138	5	1	0	2	138,8,1,0,0	d3-3 ip+2	
5	139	3	1	1	0	140,6,1,0,0	S-1 d3-3 d5+1	s11-grammar-subregion-closed
5	139	4	1	0	2	140,6,1,0,0	S-1 d3-2 ip+2	
5	140	2	1	1	0	140,6,1,0,0	d3-4 d5+1	s11-grammar-subregion-closed
5	140	3	1	0	2	140,6,1,0,0	d3-3 ip+2	
5	141	3	0	1	0	141,7,0,0,0	d3-4 d5+1	s11-grammar-subregion-closed
5	141	3	1	0	1	140,6,1,0,0	S+1 d3-3 ip+1	
5	141	4	0	0	2	141,7,0,0,0	d3-3 ip+2	
5	142	2	0	1	0	142,6,0,0,0	d3-4 d5+1	s11-grammar-subregion-closed
5	142	3	0	0	2	142,6,0,0,0	d3-3 ip+2	
5	143	1	0	1	0	143,5,0,0,0	d3-4 d5+1	s11-grammar-subregion-closed
5	143	2	0	0	2	143,5,0,0,0	d3-3 ip+2	
5	144	0	0	1	0	145,3,0,0,0	S-1 d3-3 d5+1	s11-grammar-subregion-closed
5	144	1	0	0	2	145,3,0,0,0	S-1 d3-2 ip+2	
5	145	0	0	0	2	145,3,0,0,0	d3-3 ip+2	
5	146	0	0	0	1	145,3,0,0,0	S+1 d3-3 ip+1	
5	147	0	0	0	0	145,3,0,0,0	S+2 d3-3	s11-grammar-subregion-closed
6	131	9	3	0	1	135,9,2,0,0	S-4 d4+1 ip+1	
6	131	10	3	0	0	135,9,2,0,0	S-4 d3+1 d4+1	s11-grammar-subregion-closed
6	132	8	3	0	1	135,9,2,0,0	S-3 d3-1 d4+1 ip+1	
6	132	9	1	1	1	135,9,2,0,0	S-3 d4-1 d5+1 ip+1	
6	132	10	1	1	0	135,9,2,0,0	S-3 d3+1 d4-1 d5+1	s11-grammar-subregion-closed
6	133	7	3	0	1	135,9,2,0,0	S-2 d3-2 d4+1 ip+1	
6	133	8	1	1	1	135,9,2,0,0	S-2 d3-1 d4-1 d5+1 ip+1	
6	133	9	1	0	3	135,9,2,0,0	S-2 d4-1 ip+3	
6	133	10	1	0	2	135,9,2,0,0	S-2 d3+1 d4-1 ip+2	
6	133	11	1	0	1	135,9,2,0,0	S-2 d3+2 d4-1 ip+1	
6	133	12	1	0	0	135,9,2,0,0	S-2 d3+3 d4-1	s11-grammar-subregion-closed
6	134	6	3	0	1	135,9,2,0,0	S-1 d3-3 d4+1 ip+1	
6	134	7	1	1	1	135,9,2,0,0	S-1 d3-2 d4-1 d5+1 ip+1	
6	134	8	1	0	3	135,9,2,0,0	S-1 d3-1 d4-1 ip+3	
6	135	5	3	0	1	135,9,2,0,0	d3-4 d4+1 ip+1	
6	135	6	1	1	1	135,9,2,0,0	d3-3 d4-1 d5+1 ip+1	
6	135	7	1	0	3	135,9,2,0,0	d3-2 d4-1 ip+3	
6	136	5	3	0	0	135,9,2,0,0	S+1 d3-4 d4+1	s11-grammar-subregion-closed
6	136	7	0	1	1	138,8,1,0,0	S-2 d3-1 d4-1 d5+1 ip+1	
6	136	8	0	0	3	138,8,1,0,0	S-2 d4-1 ip+3	
6	137	5	2	0	1	138,8,1,0,0	S-1 d3-3 d4+1 ip+1	
6	137	6	0	1	1	138,8,1,0,0	S-1 d3-2 d4-1 d5+1 ip+1	
6	137	7	0	0	3	138,8,1,0,0	S-1 d3-1 d4-1 ip+3	
6	138	4	2	0	1	138,8,1,0,0	d3-4 d4+1 ip+1	
6	138	5	0	1	1	138,8,1,0,0	d3-3 d4-1 d5+1 ip+1	
6	138	6	0	0	3	138,8,1,0,0	d3-2 d4-1 ip+3	
6	139	3	2	0	1	140,6,1,0,0	S-1 d3-3 d4+1 ip+1	
6	139	4	0	1	1	140,6,1,0,0	S-1 d3-2 d4-1 d5+1 ip+1	
6	139	5	0	0	3	140,6,1,0,0	S-1 d3-1 d4-1 ip+3	
6	140	2	2	0	1	140,6,1,0,0	d3-4 d4+1 ip+1	
6	140	3	0	1	1	140,6,1,0,0	d3-3 d4-1 d5+1 ip+1	
6	140	4	0	0	3	140,6,1,0,0	d3-2 d4-1 ip+3	
6	141	2	2	0	0	140,6,1,0,0	S+1 d3-4 d4+1	s11-grammar-subregion-closed
6	142	2	1	0	1	142,6,0,0,0	d3-4 d4+1 ip+1	
6	143	1	1	0	1	143,5,0,0,0	d3-4 d4+1 ip+1	
6	144	0	1	0	1	145,3,0,0,0	S-1 d3-3 d4+1 ip+1	
7	130	9	2	1	1	135,9,2,0,0	S-5 d5+1 ip+1	
7	130	9	4	0	0	135,9,2,0,0	S-5 d4+2	s11-grammar-subregion-closed
7	130	10	2	1	0	135,9,2,0,0	S-5 d3+1 d5+1	s11-grammar-subregion-closed
7	131	8	2	1	1	135,9,2,0,0	S-4 d3-1 d5+1 ip+1	
7	131	8	4	0	0	135,9,2,0,0	S-4 d3-1 d4+2	s11-grammar-subregion-closed
7	131	9	2	0	3	135,9,2,0,0	S-4 ip+3	
7	131	10	2	0	2	135,9,2,0,0	S-4 d3+1 ip+2	
7	131	11	2	0	1	135,9,2,0,0	S-4 d3+2 ip+1	
7	131	12	2	0	0	135,9,2,0,0	S-4 d3+3	s11-grammar-subregion-closed
7	132	7	2	1	1	135,9,2,0,0	S-3 d3-2 d5+1 ip+1	
7	132	7	4	0	0	135,9,2,0,0	S-3 d3-2 d4+2	s11-grammar-subregion-closed
7	132	8	2	0	3	135,9,2,0,0	S-3 d3-1 ip+3	
7	132	9	0	2	0	135,9,2,0,0	S-3 d4-2 d5+2	s11-grammar-subregion-closed
7	133	6	2	1	1	135,9,2,0,0	S-2 d3-3 d5+1 ip+1	
7	133	6	4	0	0	135,9,2,0,0	S-2 d3-3 d4+2	s11-grammar-subregion-closed
7	133	7	2	0	3	135,9,2,0,0	S-2 d3-2 ip+3	
7	133	8	0	2	0	135,9,2,0,0	S-2 d3-1 d4-2 d5+2	s11-grammar-subregion-closed
7	133	9	0	1	2	135,9,2,0,0	S-2 d4-2 d5+1 ip+2	
7	133	10	0	1	1	135,9,2,0,0	S-2 d3+1 d4-2 d5+1 ip+1	
7	133	11	0	1	0	135,9,2,0,0	S-2 d3+2 d4-2 d5+1	s11-grammar-subregion-closed
7	134	5	2	1	1	135,9,2,0,0	S-1 d3-4 d5+1 ip+1	
7	134	5	4	0	0	135,9,2,0,0	S-1 d3-4 d4+2	s11-grammar-subregion-closed
7	134	6	2	0	3	135,9,2,0,0	S-1 d3-3 ip+3	
7	134	7	0	2	0	135,9,2,0,0	S-1 d3-2 d4-2 d5+2	s11-grammar-subregion-closed
7	134	8	0	1	2	135,9,2,0,0	S-1 d3-1 d4-2 d5+1 ip+2	
7	134	9	0	0	4	135,9,2,0,0	S-1 d4-2 ip+4	
7	134	10	0	0	3	135,9,2,0,0	S-1 d3+1 d4-2 ip+3	
7	134	11	0	0	2	135,9,2,0,0	S-1 d3+2 d4-2 ip+2	
7	134	12	0	0	1	135,9,2,0,0	S-1 d3+3 d4-2 ip+1	
7	134	13	0	0	0	135,9,2,0,0	S-1 d3+4 d4-2	s11-grammar-subregion-closed
7	135	4	2	1	1	135,9,2,0,0	d3-5 d5+1 ip+1	
7	135	4	4	0	0	135,9,2,0,0	d3-5 d4+2	s11-grammar-subregion-closed
7	135	5	2	0	3	135,9,2,0,0	d3-4 ip+3	
7	135	6	0	2	0	135,9,2,0,0	d3-3 d4-2 d5+2	s11-grammar-subregion-closed
7	135	7	0	1	2	135,9,2,0,0	d3-2 d4-2 d5+1 ip+2	
7	135	8	0	0	4	135,9,2,0,0	d3-1 d4-2 ip+4	
7	136	4	2	1	0	135,9,2,0,0	S+1 d3-5 d5+1	s11-grammar-subregion-closed
7	136	5	1	1	1	138,8,1,0,0	S-2 d3-3 d5+1 ip+1	
7	136	5	2	0	2	135,9,2,0,0	S+1 d3-4 ip+2	
7	136	6	1	0	3	138,8,1,0,0	S-2 d3-2 ip+3	
7	137	4	1	1	1	138,8,1,0,0	S-1 d3-4 d5+1 ip+1	
7	137	4	3	0	0	138,8,1,0,0	S-1 d3-4 d4+2	s11-grammar-subregion-closed
7	137	5	1	0	3	138,8,1,0,0	S-1 d3-3 ip+3	
7	138	3	1	1	1	138,8,1,0,0	d3-5 d5+1 ip+1	
7	138	3	3	0	0	138,8,1,0,0	d3-5 d4+2	s11-grammar-subregion-closed
7	138	4	1	0	3	138,8,1,0,0	d3-4 ip+3	
7	139	2	1	1	1	140,6,1,0,0	S-1 d3-4 d5+1 ip+1	
7	139	2	3	0	0	140,6,1,0,0	S-1 d3-4 d4+2	s11-grammar-subregion-closed
7	139	3	1	0	3	140,6,1,0,0	S-1 d3-3 ip+3	
7	140	1	1	1	1	140,6,1,0,0	d3-5 d5+1 ip+1	
7	140	1	3	0	0	140,6,1,0,0	d3-5 d4+2	s11-grammar-subregion-closed
7	140	2	1	0	3	140,6,1,0,0	d3-4 ip+3	
7	141	1	1	1	0	140,6,1,0,0	S+1 d3-5 d5+1	s11-grammar-subregion-closed
7	141	2	0	1	1	141,7,0,0,0	d3-5 d5+1 ip+1	
7	141	2	1	0	2	140,6,1,0,0	S+1 d3-4 ip+2	
7	141	3	0	0	3	141,7,0,0,0	d3-4 ip+3	
7	142	1	0	1	1	142,6,0,0,0	d3-5 d5+1 ip+1	
7	142	1	2	0	0	142,6,0,0,0	d3-5 d4+2	s11-grammar-subregion-closed
7	142	2	0	0	3	142,6,0,0,0	d3-4 ip+3	
7	143	0	0	1	1	143,5,0,0,0	d3-5 d5+1 ip+1	
7	143	0	2	0	0	143,5,0,0,0	d3-5 d4+2	s11-grammar-subregion-closed
7	143	1	0	0	3	143,5,0,0,0	d3-4 ip+3	
7	144	0	0	0	3	145,3,0,0,0	S-1 d3-3 ip+3	
8	129	9	3	1	0	135,9,2,0,0	S-6 d4+1 d5+1	s11-grammar-subregion-closed
8	130	8	3	1	0	135,9,2,0,0	S-5 d3-1 d4+1 d5+1	s11-grammar-subregion-closed
8	130	9	1	2	0	135,9,2,0,0	S-5 d4-1 d5+2	s11-grammar-subregion-closed
8	130	9	3	0	2	135,9,2,0,0	S-5 d4+1 ip+2	
8	130	10	3	0	1	135,9,2,0,0	S-5 d3+1 d4+1 ip+1	
8	130	11	3	0	0	135,9,2,0,0	S-5 d3+2 d4+1	s11-grammar-subregion-closed
8	131	7	3	1	0	135,9,2,0,0	S-4 d3-2 d4+1 d5+1	s11-grammar-subregion-closed
8	131	8	1	2	0	135,9,2,0,0	S-4 d3-1 d4-1 d5+2	s11-grammar-subregion-closed
8	131	8	3	0	2	135,9,2,0,0	S-4 d3-1 d4+1 ip+2	
8	131	9	1	1	2	135,9,2,0,0	S-4 d4-1 d5+1 ip+2	
8	131	10	1	1	1	135,9,2,0,0	S-4 d3+1 d4-1 d5+1 ip+1	
8	131	11	1	1	0	135,9,2,0,0	S-4 d3+2 d4-1 d5+1	s11-grammar-subregion-closed
8	132	6	3	1	0	135,9,2,0,0	S-3 d3-3 d4+1 d5+1	s11-grammar-subregion-closed
8	132	7	1	2	0	135,9,2,0,0	S-3 d3-2 d4-1 d5+2	s11-grammar-subregion-closed
8	132	7	3	0	2	135,9,2,0,0	S-3 d3-2 d4+1 ip+2	
8	132	8	1	1	2	135,9,2,0,0	S-3 d3-1 d4-1 d5+1 ip+2	
8	132	9	1	0	4	135,9,2,0,0	S-3 d4-1 ip+4	
8	132	10	1	0	3	135,9,2,0,0	S-3 d3+1 d4-1 ip+3	
8	132	11	1	0	2	135,9,2,0,0	S-3 d3+2 d4-1 ip+2	
8	132	12	1	0	1	135,9,2,0,0	S-3 d3+3 d4-1 ip+1	
8	132	13	1	0	0	135,9,2,0,0	S-3 d3+4 d4-1	s11-grammar-subregion-closed
8	133	5	3	1	0	135,9,2,0,0	S-2 d3-4 d4+1 d5+1	s11-grammar-subregion-closed
8	133	6	1	2	0	135,9,2,0,0	S-2 d3-3 d4-1 d5+2	s11-grammar-subregion-closed
8	133	6	3	0	2	135,9,2,0,0	S-2 d3-3 d4+1 ip+2	
8	133	7	1	1	2	135,9,2,0,0	S-2 d3-2 d4-1 d5+1 ip+2	
8	133	8	1	0	4	135,9,2,0,0	S-2 d3-1 d4-1 ip+4	
8	134	4	3	1	0	135,9,2,0,0	S-1 d3-5 d4+1 d5+1	s11-grammar-subregion-closed
8	134	5	1	2	0	135,9,2,0,0	S-1 d3-4 d4-1 d5+2	s11-grammar-subregion-closed
8	134	5	3	0	2	135,9,2,0,0	S-1 d3-4 d4+1 ip+2	
8	134	6	1	1	2	135,9,2,0,0	S-1 d3-3 d4-1 d5+1 ip+2	
8	134	7	1	0	4	135,9,2,0,0	S-1 d3-2 d4-1 ip+4	
8	135	3	3	1	0	135,9,2,0,0	d3-6 d4+1 d5+1	s11-grammar-subregion-closed
8	135	4	1	2	0	135,9,2,0,0	d3-5 d4-1 d5+2	s11-grammar-subregion-closed
8	135	4	3	0	2	135,9,2,0,0	d3-5 d4+1 ip+2	
8	135	5	1	1	2	135,9,2,0,0	d3-4 d4-1 d5+1 ip+2	
8	135	6	1	0	4	135,9,2,0,0	d3-3 d4-1 ip+4	
8	136	4	3	0	1	135,9,2,0,0	S+1 d3-5 d4+1 ip+1	
8	136	5	0	2	0	138,8,1,0,0	S-2 d3-3 d4-1 d5+2	s11-grammar-subregion-closed
8	136	6	0	1	2	138,8,1,0,0	S-2 d3-2 d4-1 d5+1 ip+2	
8	136	7	0	0	4	138,8,1,0,0	S-2 d3-1 d4-1 ip+4	
8	137	3	2	1	0	138,8,1,0,0	S-1 d3-5 d4+1 d5+1	s11-grammar-subregion-closed
8	137	4	0	2	0	138,8,1,0,0	S-1 d3-4 d4-1 d5+2	s11-grammar-subregion-closed
8	137	4	2	0	2	138,8,1,0,0	S-1 d3-4 d4+1 ip+2	
8	137	5	0	1	2	138,8,1,0,0	S-1 d3-3 d4-1 d5+1 ip+2	
8	137	6	0	0	4	138,8,1,0,0	S-1 d3-2 d4-1 ip+4	
8	138	2	2	1	0	138,8,1,0,0	d3-6 d4+1 d5+1	s11-grammar-subregion-closed
8	138	3	0	2	0	138,8,1,0,0	d3-5 d4-1 d5+2	s11-grammar-subregion-closed
8	138	3	2	0	2	138,8,1,0,0	d3-5 d4+1 ip+2	
8	138	4	0	1	2	138,8,1,0,0	d3-4 d4-1 d5+1 ip+2	
8	138	5	0	0	4	138,8,1,0,0	d3-3 d4-1 ip+4	
8	139	1	2	1	0	140,6,1,0,0	S-1 d3-5 d4+1 d5+1	s11-grammar-subregion-closed
8	139	2	0	2	0	140,6,1,0,0	S-1 d3-4 d4-1 d5+2	s11-grammar-subregion-closed
8	139	2	2	0	2	140,6,1,0,0	S-1 d3-4 d4+1 ip+2	
8	139	3	0	1	2	140,6,1,0,0	S-1 d3-3 d4-1 d5+1 ip+2	
8	139	4	0	0	4	140,6,1,0,0	S-1 d3-2 d4-1 ip+4	
8	140	0	2	1	0	140,6,1,0,0	d3-6 d4+1 d5+1	s11-grammar-subregion-closed
8	140	1	0	2	0	140,6,1,0,0	d3-5 d4-1 d5+2	s11-grammar-subregion-closed
8	140	1	2	0	2	140,6,1,0,0	d3-5 d4+1 ip+2	
8	140	2	0	1	2	140,6,1,0,0	d3-4 d4-1 d5+1 ip+2	
8	140	3	0	0	4	140,6,1,0,0	d3-3 d4-1 ip+4	
8	141	1	2	0	1	140,6,1,0,0	S+1 d3-5 d4+1 ip+1	
8	142	0	1	1	0	142,6,0,0,0	d3-6 d4+1 d5+1	s11-grammar-subregion-closed
8	142	1	1	0	2	142,6,0,0,0	d3-5 d4+1 ip+2	
8	143	0	1	0	2	143,5,0,0,0	d3-5 d4+1 ip+2	
9	128	9	2	2	0	135,9,2,0,0	S-7 d5+2	s11-grammar-subregion-closed
9	129	8	2	2	0	135,9,2,0,0	S-6 d3-1 d5+2	s11-grammar-subregion-closed
9	129	9	2	1	2	135,9,2,0,0	S-6 d5+1 ip+2	
9	129	9	4	0	1	135,9,2,0,0	S-6 d4+2 ip+1	
9	129	10	2	1	1	135,9,2,0,0	S-6 d3+1 d5+1 ip+1	
9	129	10	4	0	0	135,9,2,0,0	S-6 d3+1 d4+2	s11-grammar-subregion-closed
9	129	11	2	1	0	135,9,2,0,0	S-6 d3+2 d5+1	s11-grammar-subregion-closed
9	130	7	2	2	0	135,9,2,0,0	S-5 d3-2 d5+2	s11-grammar-subregion-closed
9	130	8	2	1	2	135,9,2,0,0	S-5 d3-1 d5+1 ip+2	
9	130	8	4	0	1	135,9,2,0,0	S-5 d3-1 d4+2 ip+1	
9	130	9	2	0	4	135,9,2,0,0	S-5 ip+4	
9	130	10	2	0	3	135,9,2,0,0	S-5 d3+1 ip+3	
9	130	11	2	0	2	135,9,2,0,0	S-5 d3+2 ip+2	
9	130	12	2	0	1	135,9,2,0,0	S-5 d3+3 ip+1	
9	130	13	2	0	0	135,9,2,0,0	S-5 d3+4	s11-grammar-subregion-closed
9	131	6	2	2	0	135,9,2,0,0	S-4 d3-3 d5+2	s11-grammar-subregion-closed
9	131	7	2	1	2	135,9,2,0,0	S-4 d3-2 d5+1 ip+2	
9	131	7	4	0	1	135,9,2,0,0	S-4 d3-2 d4+2 ip+1	
9	131	8	2	0	4	135,9,2,0,0	S-4 d3-1 ip+4	
9	131	9	0	2	1	135,9,2,0,0	S-4 d4-2 d5+2 ip+1	
9	131	10	0	2	0	135,9,2,0,0	S-4 d3+1 d4-2 d5+2	s11-grammar-subregion-closed
9	132	5	2	2	0	135,9,2,0,0	S-3 d3-4 d5+2	s11-grammar-subregion-closed
9	132	6	2	1	2	135,9,2,0,0	S-3 d3-3 d5+1 ip+2	
9	132	6	4	0	1	135,9,2,0,0	S-3 d3-3 d4+2 ip+1	
9	132	7	2	0	4	135,9,2,0,0	S-3 d3-2 ip+4	
9	132	8	0	2	1	135,9,2,0,0	S-3 d3-1 d4-2 d5+2 ip+1	
9	132	9	0	1	3	135,9,2,0,0	S-3 d4-2 d5+1 ip+3	
9	132	10	0	1	2	135,9,2,0,0	S-3 d3+1 d4-2 d5+1 ip+2	
9	132	11	0	1	1	135,9,2,0,0	S-3 d3+2 d4-2 d5+1 ip+1	
9	132	12	0	1	0	135,9,2,0,0	S-3 d3+3 d4-2 d5+1	s11-grammar-subregion-closed
9	133	4	2	2	0	135,9,2,0,0	S-2 d3-5 d5+2	s11-grammar-subregion-closed
9	133	5	2	1	2	135,9,2,0,0	S-2 d3-4 d5+1 ip+2	
9	133	5	4	0	1	135,9,2,0,0	S-2 d3-4 d4+2 ip+1	
9	133	6	2	0	4	135,9,2,0,0	S-2 d3-3 ip+4	
9	133	7	0	2	1	135,9,2,0,0	S-2 d3-2 d4-2 d5+2 ip+1	
9	133	8	0	1	3	135,9,2,0,0	S-2 d3-1 d4-2 d5+1 ip+3	
9	133	9	0	0	5	135,9,2,0,0	S-2 d4-2 ip+5	
9	133	10	0	0	4	135,9,2,0,0	S-2 d3+1 d4-2 ip+4	
9	133	11	0	0	3	135,9,2,0,0	S-2 d3+2 d4-2 ip+3	
9	133	12	0	0	2	135,9,2,0,0	S-2 d3+3 d4-2 ip+2	
9	133	13	0	0	1	135,9,2,0,0	S-2 d3+4 d4-2 ip+1	
9	133	14	0	0	0	135,9,2,0,0	S-2 d3+5 d4-2	s11-grammar-subregion-closed
9	134	3	2	2	0	135,9,2,0,0	S-1 d3-6 d5+2	s11-grammar-subregion-closed
9	134	4	2	1	2	135,9,2,0,0	S-1 d3-5 d5+1 ip+2	
9	134	4	4	0	1	135,9,2,0,0	S-1 d3-5 d4+2 ip+1	
9	134	5	2	0	4	135,9,2,0,0	S-1 d3-4 ip+4	
9	134	6	0	2	1	135,9,2,0,0	S-1 d3-3 d4-2 d5+2 ip+1	
9	134	7	0	1	3	135,9,2,0,0	S-1 d3-2 d4-2 d5+1 ip+3	
9	134	8	0	0	5	135,9,2,0,0	S-1 d3-1 d4-2 ip+5	
9	135	2	2	2	0	135,9,2,0,0	d3-7 d5+2	s11-grammar-subregion-closed
9	135	3	2	1	2	135,9,2,0,0	d3-6 d5+1 ip+2	
9	135	3	4	0	1	135,9,2,0,0	d3-6 d4+2 ip+1	
9	135	4	2	0	4	135,9,2,0,0	d3-5 ip+4	
9	135	5	0	2	1	135,9,2,0,0	d3-4 d4-2 d5+2 ip+1	
9	135	6	0	1	3	135,9,2,0,0	d3-3 d4-2 d5+1 ip+3	
9	135	7	0	0	5	135,9,2,0,0	d3-2 d4-2 ip+5	
9	136	3	1	2	0	138,8,1,0,0	S-2 d3-5 d5+2	s11-grammar-subregion-closed
9	136	3	2	1	1	135,9,2,0,0	S+1 d3-6 d5+1 ip+1	
9	136	3	4	0	0	135,9,2,0,0	S+1 d3-6 d4+2	s11-grammar-subregion-closed
9	136	4	1	1	2	138,8,1,0,0	S-2 d3-4 d5+1 ip+2	
9	136	4	2	0	3	135,9,2,0,0	S+1 d3-5 ip+3	
9	136	5	1	0	4	138,8,1,0,0	S-2 d3-3 ip+4	
9	137	2	1	2	0	138,8,1,0,0	S-1 d3-6 d5+2	s11-grammar-subregion-closed
9	137	3	1	1	2	138,8,1,0,0	S-1 d3-5 d5+1 ip+2	
9	137	3	3	0	1	138,8,1,0,0	S-1 d3-5 d4+2 ip+1	
9	137	4	1	0	4	138,8,1,0,0	S-1 d3-4 ip+4	
9	138	1	1	2	0	138,8,1,0,0	d3-7 d5+2	s11-grammar-subregion-closed
9	138	2	1	1	2	138,8,1,0,0	d3-6 d5+1 ip+2	
9	138	2	3	0	1	138,8,1,0,0	d3-6 d4+2 ip+1	
9	138	3	1	0	4	138,8,1,0,0	d3-5 ip+4	
9	139	0	1	2	0	140,6,1,0,0	S-1 d3-6 d5+2	s11-grammar-subregion-closed
9	139	1	1	1	2	140,6,1,0,0	S-1 d3-5 d5+1 ip+2	
9	139	1	3	0	1	140,6,1,0,0	S-1 d3-5 d4+2 ip+1	
9	139	2	1	0	4	140,6,1,0,0	S-1 d3-4 ip+4	
9	140	0	1	1	2	140,6,1,0,0	d3-6 d5+1 ip+2	
9	140	0	3	0	1	140,6,1,0,0	d3-6 d4+2 ip+1	
9	140	1	1	0	4	140,6,1,0,0	d3-5 ip+4	
9	141	0	0	2	0	141,7,0,0,0	d3-7 d5+2	s11-grammar-subregion-closed
9	141	0	1	1	1	140,6,1,0,0	S+1 d3-6 d5+1 ip+1	
9	141	0	3	0	0	140,6,1,0,0	S+1 d3-6 d4+2	s11-grammar-subregion-closed
9	141	1	0	1	2	141,7,0,0,0	d3-6 d5+1 ip+2	
9	141	1	1	0	3	140,6,1,0,0	S+1 d3-5 ip+3	
9	141	2	0	0	4	141,7,0,0,0	d3-5 ip+4	
9	142	0	0	1	2	142,6,0,0,0	d3-6 d5+1 ip+2	
9	142	0	2	0	1	142,6,0,0,0	d3-6 d4+2 ip+1	
9	142	1	0	0	4	142,6,0,0,0	d3-5 ip+4	
9	143	0	0	0	4	143,5,0,0,0	d3-5 ip+4	
10	128	9	3	1	1	135,9,2,0,0	S-7 d4+1 d5+1 ip+1	
10	128	9	5	0	0	135,9,2,0,0	S-7 d4+3	s11-grammar-subregion-closed
10	128	10	3	1	0	135,9,2,0,0	S-7 d3+1 d4+1 d5+1	s11-grammar-subregion-closed
10	129	8	3	1	1	135,9,2,0,0	S-6 d3-1 d4+1 d5+1 ip+1	
10	129	8	5	0	0	135,9,2,0,0	S-6 d3-1 d4+3	s11-grammar-subregion-closed
10	129	9	1	2	1	135,9,2,0,0	S-6 d4-1 d5+2 ip+1	
10	129	9	3	0	3	135,9,2,0,0	S-6 d4+1 ip+3	
10	129	10	1	2	0	135,9,2,0,0	S-6 d3+1 d4-1 d5+2	s11-grammar-subregion-closed
10	129	10	3	0	2	135,9,2,0,0	S-6 d3+1 d4+1 ip+2	
10	129	11	3	0	1	135,9,2,0,0	S-6 d3+2 d4+1 ip+1	
10	129	12	3	0	0	135,9,2,0,0	S-6 d3+3 d4+1	s11-grammar-subregion-closed
10	130	7	3	1	1	135,9,2,0,0	S-5 d3-2 d4+1 d5+1 ip+1	
10	130	7	5	0	0	135,9,2,0,0	S-5 d3-2 d4+3	s11-grammar-subregion-closed
10	130	8	1	2	1	135,9,2,0,0	S-5 d3-1 d4-1 d5+2 ip+1	
10	130	8	3	0	3	135,9,2,0,0	S-5 d3-1 d4+1 ip+3	
10	130	9	1	1	3	135,9,2,0,0	S-5 d4-1 d5+1 ip+3	
10	130	10	1	1	2	135,9,2,0,0	S-5 d3+1 d4-1 d5+1 ip+2	
10	130	11	1	1	1	135,9,2,0,0	S-5 d3+2 d4-1 d5+1 ip+1	
10	130	12	1	1	0	135,9,2,0,0	S-5 d3+3 d4-1 d5+1	s11-grammar-subregion-closed
10	131	6	3	1	1	135,9,2,0,0	S-4 d3-3 d4+1 d5+1 ip+1	
10	131	6	5	0	0	135,9,2,0,0	S-4 d3-3 d4+3	s11-grammar-subregion-closed
10	131	7	1	2	1	135,9,2,0,0	S-4 d3-2 d4-1 d5+2 ip+1	
10	131	7	3	0	3	135,9,2,0,0	S-4 d3-2 d4+1 ip+3	
10	131	8	1	1	3	135,9,2,0,0	S-4 d3-1 d4-1 d5+1 ip+3	
10	131	9	1	0	5	135,9,2,0,0	S-4 d4-1 ip+5	
10	131	10	1	0	4	135,9,2,0,0	S-4 d3+1 d4-1 ip+4	
10	131	11	1	0	3	135,9,2,0,0	S-4 d3+2 d4-1 ip+3	
10	131	12	1	0	2	135,9,2,0,0	S-4 d3+3 d4-1 ip+2	
10	131	13	1	0	1	135,9,2,0,0	S-4 d3+4 d4-1 ip+1	
10	131	14	1	0	0	135,9,2,0,0	S-4 d3+5 d4-1	s11-grammar-subregion-closed
10	132	5	3	1	1	135,9,2,0,0	S-3 d3-4 d4+1 d5+1 ip+1	
10	132	5	5	0	0	135,9,2,0,0	S-3 d3-4 d4+3	s11-grammar-subregion-closed
10	132	6	1	2	1	135,9,2,0,0	S-3 d3-3 d4-1 d5+2 ip+1	
10	132	6	3	0	3	135,9,2,0,0	S-3 d3-3 d4+1 ip+3	
10	132	7	1	1	3	135,9,2,0,0	S-3 d3-2 d4-1 d5+1 ip+3	
10	132	8	1	0	5	135,9,2,0,0	S-3 d3-1 d4-1 ip+5	
10	133	4	3	1	1	135,9,2,0,0	S-2 d3-5 d4+1 d5+1 ip+1	
10	133	4	5	0	0	135,9,2,0,0	S-2 d3-5 d4+3	s11-grammar-subregion-closed
10	133	5	1	2	1	135,9,2,0,0	S-2 d3-4 d4-1 d5+2 ip+1	
10	133	5	3	0	3	135,9,2,0,0	S-2 d3-4 d4+1 ip+3	
10	133	6	1	1	3	135,9,2,0,0	S-2 d3-3 d4-1 d5+1 ip+3	
10	133	7	1	0	5	135,9,2,0,0	S-2 d3-2 d4-1 ip+5	
10	134	3	3	1	1	135,9,2,0,0	S-1 d3-6 d4+1 d5+1 ip+1	
10	134	3	5	0	0	135,9,2,0,0	S-1 d3-6 d4+3	s11-grammar-subregion-closed
10	134	4	1	2	1	135,9,2,0,0	S-1 d3-5 d4-1 d5+2 ip+1	
10	134	4	3	0	3	135,9,2,0,0	S-1 d3-5 d4+1 ip+3	
10	134	5	1	1	3	135,9,2,0,0	S-1 d3-4 d4-1 d5+1 ip+3	
10	134	6	1	0	5	135,9,2,0,0	S-1 d3-3 d4-1 ip+5	
10	135	2	3	1	1	135,9,2,0,0	d3-7 d4+1 d5+1 ip+1	
10	135	2	5	0	0	135,9,2,0,0	d3-7 d4+3	s11-grammar-subregion-closed
10	135	3	1	2	1	135,9,2,0,0	d3-6 d4-1 d5+2 ip+1	
10	135	3	3	0	3	135,9,2,0,0	d3-6 d4+1 ip+3	
10	135	4	1	1	3	135,9,2,0,0	d3-5 d4-1 d5+1 ip+3	
10	135	5	1	0	5	135,9,2,0,0	d3-4 d4-1 ip+5	
10	136	2	3	1	0	135,9,2,0,0	S+1 d3-7 d4+1 d5+1	s11-grammar-subregion-closed
10	136	3	3	0	2	135,9,2,0,0	S+1 d3-6 d4+1 ip+2	
10	136	4	0	2	1	138,8,1,0,0	S-2 d3-4 d4-1 d5+2 ip+1	
10	136	5	0	1	3	138,8,1,0,0	S-2 d3-3 d4-1 d5+1 ip+3	
10	136	6	0	0	5	138,8,1,0,0	S-2 d3-2 d4-1 ip+5	
10	137	2	2	1	1	138,8,1,0,0	S-1 d3-6 d4+1 d5+1 ip+1	
10	137	2	4	0	0	138,8,1,0,0	S-1 d3-6 d4+3	s11-grammar-subregion-closed
10	137	3	0	2	1	138,8,1,0,0	S-1 d3-5 d4-1 d5+2 ip+1	
10	137	3	2	0	3	138,8,1,0,0	S-1 d3-5 d4+1 ip+3	
10	137	4	0	1	3	138,8,1,0,0	S-1 d3-4 d4-1 d5+1 ip+3	
10	137	5	0	0	5	138,8,1,0,0	S-1 d3-3 d4-1 ip+5	
10	138	1	2	1	1	138,8,1,0,0	d3-7 d4+1 d5+1 ip+1	
10	138	1	4	0	0	138,8,1,0,0	d3-7 d4+3	s11-grammar-subregion-closed
10	138	2	0	2	1	138,8,1,0,0	d3-6 d4-1 d5+2 ip+1	
10	138	2	2	0	3	138,8,1,0,0	d3-6 d4+1 ip+3	
10	138	3	0	1	3	138,8,1,0,0	d3-5 d4-1 d5+1 ip+3	
10	138	4	0	0	5	138,8,1,0,0	d3-4 d4-1 ip+5	
10	139	0	2	1	1	140,6,1,0,0	S-1 d3-6 d4+1 d5+1 ip+1	
10	139	0	4	0	0	140,6,1,0,0	S-1 d3-6 d4+3	s11-grammar-subregion-closed
10	139	1	0	2	1	140,6,1,0,0	S-1 d3-5 d4-1 d5+2 ip+1	
10	139	1	2	0	3	140,6,1,0,0	S-1 d3-5 d4+1 ip+3	
10	139	2	0	1	3	140,6,1,0,0	S-1 d3-4 d4-1 d5+1 ip+3	
10	139	3	0	0	5	140,6,1,0,0	S-1 d3-3 d4-1 ip+5	
10	140	0	0	2	1	140,6,1,0,0	d3-6 d4-1 d5+2 ip+1	
10	140	0	2	0	3	140,6,1,0,0	d3-6 d4+1 ip+3	
10	140	1	0	1	3	140,6,1,0,0	d3-5 d4-1 d5+1 ip+3	
10	140	2	0	0	5	140,6,1,0,0	d3-4 d4-1 ip+5	
10	141	0	2	0	2	140,6,1,0,0	S+1 d3-6 d4+1 ip+2	
10	142	0	1	0	3	142,6,0,0,0	d3-6 d4+1 ip+3	
11	127	9	2	2	1	135,9,2,0,0	S-8 d5+2 ip+1	
11	127	9	4	1	0	135,9,2,0,0	S-8 d4+2 d5+1	s11-grammar-subregion-closed
11	127	10	2	2	0	135,9,2,0,0	S-8 d3+1 d5+2	s11-grammar-subregion-closed
11	128	8	2	2	1	135,9,2,0,0	S-7 d3-1 d5+2 ip+1	
11	128	8	4	1	0	135,9,2,0,0	S-7 d3-1 d4+2 d5+1	s11-grammar-subregion-closed
11	128	9	2	1	3	135,9,2,0,0	S-7 d5+1 ip+3	
11	128	9	4	0	2	135,9,2,0,0	S-7 d4+2 ip+2	
11	128	10	2	1	2	135,9,2,0,0	S-7 d3+1 d5+1 ip+2	
11	128	10	4	0	1	135,9,2,0,0	S-7 d3+1 d4+2 ip+1	
11	128	11	2	1	1	135,9,2,0,0	S-7 d3+2 d5+1 ip+1	
11	128	11	4	0	0	135,9,2,0,0	S-7 d3+2 d4+2	s11-grammar-subregion-closed
11	128	12	2	1	0	135,9,2,0,0	S-7 d3+3 d5+1	s11-grammar-subregion-closed
11	129	7	2	2	1	135,9,2,0,0	S-6 d3-2 d5+2 ip+1	
11	129	7	4	1	0	135,9,2,0,0	S-6 d3-2 d4+2 d5+1	s11-grammar-subregion-closed
11	129	8	2	1	3	135,9,2,0,0	S-6 d3-1 d5+1 ip+3	
11	129	8	4	0	2	135,9,2,0,0	S-6 d3-1 d4+2 ip+2	
11	129	9	0	3	0	135,9,2,0,0	S-6 d4-2 d5+3	s11-grammar-subregion-closed
11	129	9	2	0	5	135,9,2,0,0	S-6 ip+5	
11	129	10	2	0	4	135,9,2,0,0	S-6 d3+1 ip+4	
11	129	11	2	0	3	135,9,2,0,0	S-6 d3+2 ip+3	
11	129	12	2	0	2	135,9,2,0,0	S-6 d3+3 ip+2	
11	129	13	2	0	1	135,9,2,0,0	S-6 d3+4 ip+1	
11	129	14	2	0	0	135,9,2,0,0	S-6 d3+5	s11-grammar-subregion-closed
11	130	6	2	2	1	135,9,2,0,0	S-5 d3-3 d5+2 ip+1	
11	130	6	4	1	0	135,9,2,0,0	S-5 d3-3 d4+2 d5+1	s11-grammar-subregion-closed
11	130	7	2	1	3	135,9,2,0,0	S-5 d3-2 d5+1 ip+3	
11	130	7	4	0	2	135,9,2,0,0	S-5 d3-2 d4+2 ip+2	
11	130	8	0	3	0	135,9,2,0,0	S-5 d3-1 d4-2 d5+3	s11-grammar-subregion-closed
11	130	8	2	0	5	135,9,2,0,0	S-5 d3-1 ip+5	
11	130	9	0	2	2	135,9,2,0,0	S-5 d4-2 d5+2 ip+2	
11	130	10	0	2	1	135,9,2,0,0	S-5 d3+1 d4-2 d5+2 ip+1	
11	130	11	0	2	0	135,9,2,0,0	S-5 d3+2 d4-2 d5+2	s11-grammar-subregion-closed
11	131	5	2	2	1	135,9,2,0,0	S-4 d3-4 d5+2 ip+1	
11	131	5	4	1	0	135,9,2,0,0	S-4 d3-4 d4+2 d5+1	s11-grammar-subregion-closed
11	131	6	2	1	3	135,9,2,0,0	S-4 d3-3 d5+1 ip+3	
11	131	6	4	0	2	135,9,2,0,0	S-4 d3-3 d4+2 ip+2	
11	131	7	0	3	0	135,9,2,0,0	S-4 d3-2 d4-2 d5+3	s11-grammar-subregion-closed
11	131	7	2	0	5	135,9,2,0,0	S-4 d3-2 ip+5	
11	131	8	0	2	2	135,9,2,0,0	S-4 d3-1 d4-2 d5+2 ip+2	
11	131	9	0	1	4	135,9,2,0,0	S-4 d4-2 d5+1 ip+4	
11	131	10	0	1	3	135,9,2,0,0	S-4 d3+1 d4-2 d5+1 ip+3	
11	131	11	0	1	2	135,9,2,0,0	S-4 d3+2 d4-2 d5+1 ip+2	
11	131	12	0	1	1	135,9,2,0,0	S-4 d3+3 d4-2 d5+1 ip+1	
11	131	13	0	1	0	135,9,2,0,0	S-4 d3+4 d4-2 d5+1	s11-grammar-subregion-closed
11	132	4	2	2	1	135,9,2,0,0	S-3 d3-5 d5+2 ip+1	
11	132	4	4	1	0	135,9,2,0,0	S-3 d3-5 d4+2 d5+1	s11-grammar-subregion-closed
11	132	5	2	1	3	135,9,2,0,0	S-3 d3-4 d5+1 ip+3	
11	132	5	4	0	2	135,9,2,0,0	S-3 d3-4 d4+2 ip+2	
11	132	6	0	3	0	135,9,2,0,0	S-3 d3-3 d4-2 d5+3	s11-grammar-subregion-closed
11	132	6	2	0	5	135,9,2,0,0	S-3 d3-3 ip+5	
11	132	7	0	2	2	135,9,2,0,0	S-3 d3-2 d4-2 d5+2 ip+2	
11	132	8	0	1	4	135,9,2,0,0	S-3 d3-1 d4-2 d5+1 ip+4	
11	132	9	0	0	6	135,9,2,0,0	S-3 d4-2 ip+6	
11	132	10	0	0	5	135,9,2,0,0	S-3 d3+1 d4-2 ip+5	
11	132	11	0	0	4	135,9,2,0,0	S-3 d3+2 d4-2 ip+4	
11	132	12	0	0	3	135,9,2,0,0	S-3 d3+3 d4-2 ip+3	
11	132	13	0	0	2	135,9,2,0,0	S-3 d3+4 d4-2 ip+2	
11	132	14	0	0	1	135,9,2,0,0	S-3 d3+5 d4-2 ip+1	
11	132	15	0	0	0	135,9,2,0,0	S-3 d3+6 d4-2	s11-grammar-subregion-closed
11	133	3	2	2	1	135,9,2,0,0	S-2 d3-6 d5+2 ip+1	
11	133	3	4	1	0	135,9,2,0,0	S-2 d3-6 d4+2 d5+1	s11-grammar-subregion-closed
11	133	4	2	1	3	135,9,2,0,0	S-2 d3-5 d5+1 ip+3	
11	133	4	4	0	2	135,9,2,0,0	S-2 d3-5 d4+2 ip+2	
11	133	5	0	3	0	135,9,2,0,0	S-2 d3-4 d4-2 d5+3	s11-grammar-subregion-closed
11	133	5	2	0	5	135,9,2,0,0	S-2 d3-4 ip+5	
11	133	6	0	2	2	135,9,2,0,0	S-2 d3-3 d4-2 d5+2 ip+2	
11	133	7	0	1	4	135,9,2,0,0	S-2 d3-2 d4-2 d5+1 ip+4	
11	133	8	0	0	6	135,9,2,0,0	S-2 d3-1 d4-2 ip+6	
11	134	2	2	2	1	135,9,2,0,0	S-1 d3-7 d5+2 ip+1	
11	134	2	4	1	0	135,9,2,0,0	S-1 d3-7 d4+2 d5+1	s11-grammar-subregion-closed
11	134	3	2	1	3	135,9,2,0,0	S-1 d3-6 d5+1 ip+3	
11	134	3	4	0	2	135,9,2,0,0	S-1 d3-6 d4+2 ip+2	
11	134	4	0	3	0	135,9,2,0,0	S-1 d3-5 d4-2 d5+3	s11-grammar-subregion-closed
11	134	4	2	0	5	135,9,2,0,0	S-1 d3-5 ip+5	
11	134	5	0	2	2	135,9,2,0,0	S-1 d3-4 d4-2 d5+2 ip+2	
11	134	6	0	1	4	135,9,2,0,0	S-1 d3-3 d4-2 d5+1 ip+4	
11	134	7	0	0	6	135,9,2,0,0	S-1 d3-2 d4-2 ip+6	
11	135	1	2	2	1	135,9,2,0,0	d3-8 d5+2 ip+1	
11	135	1	4	1	0	135,9,2,0,0	d3-8 d4+2 d5+1	s11-grammar-subregion-closed
11	135	2	2	1	3	135,9,2,0,0	d3-7 d5+1 ip+3	
11	135	2	4	0	2	135,9,2,0,0	d3-7 d4+2 ip+2	
11	135	3	0	3	0	135,9,2,0,0	d3-6 d4-2 d5+3	s11-grammar-subregion-closed
11	135	3	2	0	5	135,9,2,0,0	d3-6 ip+5	
11	135	4	0	2	2	135,9,2,0,0	d3-5 d4-2 d5+2 ip+2	
11	135	5	0	1	4	135,9,2,0,0	d3-4 d4-2 d5+1 ip+4	
11	135	6	0	0	6	135,9,2,0,0	d3-3 d4-2 ip+6	
11	136	1	2	2	0	135,9,2,0,0	S+1 d3-8 d5+2	s11-grammar-subregion-closed
11	136	2	1	2	1	138,8,1,0,0	S-2 d3-6 d5+2 ip+1	
11	136	2	2	1	2	135,9,2,0,0	S+1 d3-7 d5+1 ip+2	
11	136	2	4	0	1	135,9,2,0,0	S+1 d3-7 d4+2 ip+1	
11	136	3	1	1	3	138,8,1,0,0	S-2 d3-5 d5+1 ip+3	
11	136	3	2	0	4	135,9,2,0,0	S+1 d3-6 ip+4	
11	136	4	1	0	5	138,8,1,0,0	S-2 d3-4 ip+5	
11	137	1	1	2	1	138,8,1,0,0	S-1 d3-7 d5+2 ip+1	
11	137	1	3	1	0	138,8,1,0,0	S-1 d3-7 d4+2 d5+1	s11-grammar-subregion-closed
11	137	2	1	1	3	138,8,1,0,0	S-1 d3-6 d5+1 ip+3	
11	137	2	3	0	2	138,8,1,0,0	S-1 d3-6 d4+2 ip+2	
11	137	3	1	0	5	138,8,1,0,0	S-1 d3-5 ip+5	
11	138	0	1	2	1	138,8,1,0,0	d3-8 d5+2 ip+1	
11	138	0	3	1	0	138,8,1,0,0	d3-8 d4+2 d5+1	s11-grammar-subregion-closed
11	138	1	1	1	3	138,8,1,0,0	d3-7 d5+1 ip+3	
11	138	1	3	0	2	138,8,1,0,0	d3-7 d4+2 ip+2	
11	138	2	1	0	5	138,8,1,0,0	d3-6 ip+5	
11	139	0	1	1	3	140,6,1,0,0	S-1 d3-6 d5+1 ip+3	
11	139	0	3	0	2	140,6,1,0,0	S-1 d3-6 d4+2 ip+2	
11	139	1	1	0	5	140,6,1,0,0	S-1 d3-5 ip+5	
11	140	0	1	0	5	140,6,1,0,0	d3-6 ip+5	
11	141	0	0	1	3	141,7,0,0,0	d3-7 d5+1 ip+3	
11	141	0	1	0	4	140,6,1,0,0	S+1 d3-6 ip+4	
11	141	1	0	0	5	141,7,0,0,0	d3-6 ip+5	
11	142	0	0	0	5	142,6,0,0,0	d3-6 ip+5	
12	126	9	3	2	0	135,9,2,0,0	S-9 d4+1 d5+2	s11-grammar-subregion-closed
12	127	8	3	2	0	135,9,2,0,0	S-8 d3-1 d4+1 d5+2	s11-grammar-subregion-closed
12	127	9	1	3	0	135,9,2,0,0	S-8 d4-1 d5+3	s11-grammar-subregion-closed
12	127	9	3	1	2	135,9,2,0,0	S-8 d4+1 d5+1 ip+2	
12	127	9	5	0	1	135,9,2,0,0	S-8 d4+3 ip+1	
12	127	10	3	1	1	135,9,2,0,0	S-8 d3+1 d4+1 d5+1 ip+1	
12	127	10	5	0	0	135,9,2,0,0	S-8 d3+1 d4+3	s11-grammar-subregion-closed
12	127	11	3	1	0	135,9,2,0,0	S-8 d3+2 d4+1 d5+1	s11-grammar-subregion-closed
12	128	7	3	2	0	135,9,2,0,0	S-7 d3-2 d4+1 d5+2	s11-grammar-subregion-closed
12	128	8	1	3	0	135,9,2,0,0	S-7 d3-1 d4-1 d5+3	s11-grammar-subregion-closed
12	128	8	3	1	2	135,9,2,0,0	S-7 d3-1 d4+1 d5+1 ip+2	
12	128	8	5	0	1	135,9,2,0,0	S-7 d3-1 d4+3 ip+1	
12	128	9	1	2	2	135,9,2,0,0	S-7 d4-1 d5+2 ip+2	
12	128	9	3	0	4	135,9,2,0,0	S-7 d4+1 ip+4	
12	128	10	1	2	1	135,9,2,0,0	S-7 d3+1 d4-1 d5+2 ip+1	
12	128	10	3	0	3	135,9,2,0,0	S-7 d3+1 d4+1 ip+3	
12	128	11	1	2	0	135,9,2,0,0	S-7 d3+2 d4-1 d5+2	s11-grammar-subregion-closed
12	128	11	3	0	2	135,9,2,0,0	S-7 d3+2 d4+1 ip+2	
12	128	12	3	0	1	135,9,2,0,0	S-7 d3+3 d4+1 ip+1	
12	128	13	3	0	0	135,9,2,0,0	S-7 d3+4 d4+1	s11-grammar-subregion-closed
12	129	6	3	2	0	135,9,2,0,0	S-6 d3-3 d4+1 d5+2	s11-grammar-subregion-closed
12	129	7	1	3	0	135,9,2,0,0	S-6 d3-2 d4-1 d5+3	s11-grammar-subregion-closed
12	129	7	3	1	2	135,9,2,0,0	S-6 d3-2 d4+1 d5+1 ip+2	
12	129	7	5	0	1	135,9,2,0,0	S-6 d3-2 d4+3 ip+1	
12	129	8	1	2	2	135,9,2,0,0	S-6 d3-1 d4-1 d5+2 ip+2	
12	129	8	3	0	4	135,9,2,0,0	S-6 d3-1 d4+1 ip+4	
12	129	9	1	1	4	135,9,2,0,0	S-6 d4-1 d5+1 ip+4	
12	129	10	1	1	3	135,9,2,0,0	S-6 d3+1 d4-1 d5+1 ip+3	
12	129	11	1	1	2	135,9,2,0,0	S-6 d3+2 d4-1 d5+1 ip+2	
12	129	12	1	1	1	135,9,2,0,0	S-6 d3+3 d4-1 d5+1 ip+1	
12	129	13	1	1	0	135,9,2,0,0	S-6 d3+4 d4-1 d5+1	s11-grammar-subregion-closed
12	130	5	3	2	0	135,9,2,0,0	S-5 d3-4 d4+1 d5+2	s11-grammar-subregion-closed
12	130	6	1	3	0	135,9,2,0,0	S-5 d3-3 d4-1 d5+3	s11-grammar-subregion-closed
12	130	6	3	1	2	135,9,2,0,0	S-5 d3-3 d4+1 d5+1 ip+2	
12	130	6	5	0	1	135,9,2,0,0	S-5 d3-3 d4+3 ip+1	
12	130	7	1	2	2	135,9,2,0,0	S-5 d3-2 d4-1 d5+2 ip+2	
12	130	7	3	0	4	135,9,2,0,0	S-5 d3-2 d4+1 ip+4	
12	130	8	1	1	4	135,9,2,0,0	S-5 d3-1 d4-1 d5+1 ip+4	
12	130	9	1	0	6	135,9,2,0,0	S-5 d4-1 ip+6	
12	130	10	1	0	5	135,9,2,0,0	S-5 d3+1 d4-1 ip+5	
12	130	11	1	0	4	135,9,2,0,0	S-5 d3+2 d4-1 ip+4	
12	130	12	1	0	3	135,9,2,0,0	S-5 d3+3 d4-1 ip+3	
12	130	13	1	0	2	135,9,2,0,0	S-5 d3+4 d4-1 ip+2	
12	130	14	1	0	1	135,9,2,0,0	S-5 d3+5 d4-1 ip+1	
12	130	15	1	0	0	135,9,2,0,0	S-5 d3+6 d4-1	s11-grammar-subregion-closed
12	131	4	3	2	0	135,9,2,0,0	S-4 d3-5 d4+1 d5+2	s11-grammar-subregion-closed
12	131	5	1	3	0	135,9,2,0,0	S-4 d3-4 d4-1 d5+3	s11-grammar-subregion-closed
12	131	5	3	1	2	135,9,2,0,0	S-4 d3-4 d4+1 d5+1 ip+2	
12	131	5	5	0	1	135,9,2,0,0	S-4 d3-4 d4+3 ip+1	
12	131	6	1	2	2	135,9,2,0,0	S-4 d3-3 d4-1 d5+2 ip+2	
12	131	6	3	0	4	135,9,2,0,0	S-4 d3-3 d4+1 ip+4	
12	131	7	1	1	4	135,9,2,0,0	S-4 d3-2 d4-1 d5+1 ip+4	
12	131	8	1	0	6	135,9,2,0,0	S-4 d3-1 d4-1 ip+6	
12	132	3	3	2	0	135,9,2,0,0	S-3 d3-6 d4+1 d5+2	s11-grammar-subregion-closed
12	132	4	1	3	0	135,9,2,0,0	S-3 d3-5 d4-1 d5+3	s11-grammar-subregion-closed
12	132	4	3	1	2	135,9,2,0,0	S-3 d3-5 d4+1 d5+1 ip+2	
12	132	4	5	0	1	135,9,2,0,0	S-3 d3-5 d4+3 ip+1	
12	132	5	1	2	2	135,9,2,0,0	S-3 d3-4 d4-1 d5+2 ip+2	
12	132	5	3	0	4	135,9,2,0,0	S-3 d3-4 d4+1 ip+4	
12	132	6	1	1	4	135,9,2,0,0	S-3 d3-3 d4-1 d5+1 ip+4	
12	132	7	1	0	6	135,9,2,0,0	S-3 d3-2 d4-1 ip+6	
12	133	2	3	2	0	135,9,2,0,0	S-2 d3-7 d4+1 d5+2	s11-grammar-subregion-closed
12	133	3	1	3	0	135,9,2,0,0	S-2 d3-6 d4-1 d5+3	s11-grammar-subregion-closed
12	133	3	3	1	2	135,9,2,0,0	S-2 d3-6 d4+1 d5+1 ip+2	
12	133	3	5	0	1	135,9,2,0,0	S-2 d3-6 d4+3 ip+1	
12	133	4	1	2	2	135,9,2,0,0	S-2 d3-5 d4-1 d5+2 ip+2	
12	133	4	3	0	4	135,9,2,0,0	S-2 d3-5 d4+1 ip+4	
12	133	5	1	1	4	135,9,2,0,0	S-2 d3-4 d4-1 d5+1 ip+4	
12	133	6	1	0	6	135,9,2,0,0	S-2 d3-3 d4-1 ip+6	
12	134	1	3	2	0	135,9,2,0,0	S-1 d3-8 d4+1 d5+2	s11-grammar-subregion-closed
12	134	2	1	3	0	135,9,2,0,0	S-1 d3-7 d4-1 d5+3	s11-grammar-subregion-closed
12	134	2	3	1	2	135,9,2,0,0	S-1 d3-7 d4+1 d5+1 ip+2	
12	134	2	5	0	1	135,9,2,0,0	S-1 d3-7 d4+3 ip+1	
12	134	3	1	2	2	135,9,2,0,0	S-1 d3-6 d4-1 d5+2 ip+2	
12	134	3	3	0	4	135,9,2,0,0	S-1 d3-6 d4+1 ip+4	
12	134	4	1	1	4	135,9,2,0,0	S-1 d3-5 d4-1 d5+1 ip+4	
12	134	5	1	0	6	135,9,2,0,0	S-1 d3-4 d4-1 ip+6	
12	135	0	3	2	0	135,9,2,0,0	d3-9 d4+1 d5+2	s11-grammar-subregion-closed
12	135	1	1	3	0	135,9,2,0,0	d3-8 d4-1 d5+3	s11-grammar-subregion-closed
12	135	1	3	1	2	135,9,2,0,0	d3-8 d4+1 d5+1 ip+2	
12	135	1	5	0	1	135,9,2,0,0	d3-8 d4+3 ip+1	
12	135	2	1	2	2	135,9,2,0,0	d3-7 d4-1 d5+2 ip+2	
12	135	2	3	0	4	135,9,2,0,0	d3-7 d4+1 ip+4	
12	135	3	1	1	4	135,9,2,0,0	d3-6 d4-1 d5+1 ip+4	
12	135	4	1	0	6	135,9,2,0,0	d3-5 d4-1 ip+6	
12	136	1	3	1	1	135,9,2,0,0	S+1 d3-8 d4+1 d5+1 ip+1	
12	136	1	5	0	0	135,9,2,0,0	S+1 d3-8 d4+3	s11-grammar-subregion-closed
12	136	2	0	3	0	138,8,1,0,0	S-2 d3-6 d4-1 d5+3	s11-grammar-subregion-closed
12	136	2	3	0	3	135,9,2,0,0	S+1 d3-7 d4+1 ip+3	
12	136	3	0	2	2	138,8,1,0,0	S-2 d3-5 d4-1 d5+2 ip+2	
12	136	4	0	1	4	138,8,1,0,0	S-2 d3-4 d4-1 d5+1 ip+4	
12	136	5	0	0	6	138,8,1,0,0	S-2 d3-3 d4-1 ip+6	
12	137	0	2	2	0	138,8,1,0,0	S-1 d3-8 d4+1 d5+2	s11-grammar-subregion-closed
12	137	1	0	3	0	138,8,1,0,0	S-1 d3-7 d4-1 d5+3	s11-grammar-subregion-closed
12	137	1	2	1	2	138,8,1,0,0	S-1 d3-7 d4+1 d5+1 ip+2	
12	137	1	4	0	1	138,8,1,0,0	S-1 d3-7 d4+3 ip+1	
12	137	2	0	2	2	138,8,1,0,0	S-1 d3-6 d4-1 d5+2 ip+2	
12	137	2	2	0	4	138,8,1,0,0	S-1 d3-6 d4+1 ip+4	
12	137	3	0	1	4	138,8,1,0,0	S-1 d3-5 d4-1 d5+1 ip+4	
12	137	4	0	0	6	138,8,1,0,0	S-1 d3-4 d4-1 ip+6	
12	138	0	0	3	0	138,8,1,0,0	d3-8 d4-1 d5+3	s11-grammar-subregion-closed
12	138	0	2	1	2	138,8,1,0,0	d3-8 d4+1 d5+1 ip+2	
12	138	0	4	0	1	138,8,1,0,0	d3-8 d4+3 ip+1	
12	138	1	0	2	2	138,8,1,0,0	d3-7 d4-1 d5+2 ip+2	
12	138	1	2	0	4	138,8,1,0,0	d3-7 d4+1 ip+4	
12	138	2	0	1	4	138,8,1,0,0	d3-6 d4-1 d5+1 ip+4	
12	138	3	0	0	6	138,8,1,0,0	d3-5 d4-1 ip+6	
12	139	0	0	2	2	140,6,1,0,0	S-1 d3-6 d4-1 d5+2 ip+2	
12	139	0	2	0	4	140,6,1,0,0	S-1 d3-6 d4+1 ip+4	
12	139	1	0	1	4	140,6,1,0,0	S-1 d3-5 d4-1 d5+1 ip+4	
12	139	2	0	0	6	140,6,1,0,0	S-1 d3-4 d4-1 ip+6	
12	140	0	0	1	4	140,6,1,0,0	d3-6 d4-1 d5+1 ip+4	
12	140	1	0	0	6	140,6,1,0,0	d3-5 d4-1 ip+6	
13	125	9	2	3	0	135,9,2,0,0	S-10 d5+3	s11-grammar-subregion-closed
13	126	8	2	3	0	135,9,2,0,0	S-9 d3-1 d5+3	s11-grammar-subregion-closed
13	126	9	2	2	2	135,9,2,0,0	S-9 d5+2 ip+2	
13	126	9	4	1	1	135,9,2,0,0	S-9 d4+2 d5+1 ip+1	
13	126	9	6	0	0	135,9,2,0,0	S-9 d4+4	s11-grammar-subregion-closed
13	126	10	2	2	1	135,9,2,0,0	S-9 d3+1 d5+2 ip+1	
13	126	10	4	1	0	135,9,2,0,0	S-9 d3+1 d4+2 d5+1	s11-grammar-subregion-closed
13	126	11	2	2	0	135,9,2,0,0	S-9 d3+2 d5+2	s11-grammar-subregion-closed
13	127	7	2	3	0	135,9,2,0,0	S-8 d3-2 d5+3	s11-grammar-subregion-closed
13	127	8	2	2	2	135,9,2,0,0	S-8 d3-1 d5+2 ip+2	
13	127	8	4	1	1	135,9,2,0,0	S-8 d3-1 d4+2 d5+1 ip+1	
13	127	8	6	0	0	135,9,2,0,0	S-8 d3-1 d4+4	s11-grammar-subregion-closed
13	127	9	2	1	4	135,9,2,0,0	S-8 d5+1 ip+4	
13	127	9	4	0	3	135,9,2,0,0	S-8 d4+2 ip+3	
13	127	10	2	1	3	135,9,2,0,0	S-8 d3+1 d5+1 ip+3	
13	127	10	4	0	2	135,9,2,0,0	S-8 d3+1 d4+2 ip+2	
13	127	11	2	1	2	135,9,2,0,0	S-8 d3+2 d5+1 ip+2	
13	127	11	4	0	1	135,9,2,0,0	S-8 d3+2 d4+2 ip+1	
13	127	12	2	1	1	135,9,2,0,0	S-8 d3+3 d5+1 ip+1	
13	127	12	4	0	0	135,9,2,0,0	S-8 d3+3 d4+2	s11-grammar-subregion-closed
13	127	13	2	1	0	135,9,2,0,0	S-8 d3+4 d5+1	s11-grammar-subregion-closed
13	128	6	2	3	0	135,9,2,0,0	S-7 d3-3 d5+3	s11-grammar-subregion-closed
13	128	7	2	2	2	135,9,2,0,0	S-7 d3-2 d5+2 ip+2	
13	128	7	4	1	1	135,9,2,0,0	S-7 d3-2 d4+2 d5+1 ip+1	
13	128	7	6	0	0	135,9,2,0,0	S-7 d3-2 d4+4	s11-grammar-subregion-closed
13	128	8	2	1	4	135,9,2,0,0	S-7 d3-1 d5+1 ip+4	
13	128	8	4	0	3	135,9,2,0,0	S-7 d3-1 d4+2 ip+3	
13	128	9	0	3	1	135,9,2,0,0	S-7 d4-2 d5+3 ip+1	
13	128	9	2	0	6	135,9,2,0,0	S-7 ip+6	
13	128	10	0	3	0	135,9,2,0,0	S-7 d3+1 d4-2 d5+3	s11-grammar-subregion-closed
13	128	10	2	0	5	135,9,2,0,0	S-7 d3+1 ip+5	
13	128	11	2	0	4	135,9,2,0,0	S-7 d3+2 ip+4	
13	128	12	2	0	3	135,9,2,0,0	S-7 d3+3 ip+3	
13	128	13	2	0	2	135,9,2,0,0	S-7 d3+4 ip+2	
13	128	14	2	0	1	135,9,2,0,0	S-7 d3+5 ip+1	
13	128	15	2	0	0	135,9,2,0,0	S-7 d3+6	s11-grammar-subregion-closed
13	129	5	2	3	0	135,9,2,0,0	S-6 d3-4 d5+3	s11-grammar-subregion-closed
13	129	6	2	2	2	135,9,2,0,0	S-6 d3-3 d5+2 ip+2	
13	129	6	4	1	1	135,9,2,0,0	S-6 d3-3 d4+2 d5+1 ip+1	
13	129	6	6	0	0	135,9,2,0,0	S-6 d3-3 d4+4	s11-grammar-subregion-closed
13	129	7	2	1	4	135,9,2,0,0	S-6 d3-2 d5+1 ip+4	
13	129	7	4	0	3	135,9,2,0,0	S-6 d3-2 d4+2 ip+3	
13	129	8	0	3	1	135,9,2,0,0	S-6 d3-1 d4-2 d5+3 ip+1	
13	129	8	2	0	6	135,9,2,0,0	S-6 d3-1 ip+6	
13	129	9	0	2	3	135,9,2,0,0	S-6 d4-2 d5+2 ip+3	
13	129	10	0	2	2	135,9,2,0,0	S-6 d3+1 d4-2 d5+2 ip+2	
13	129	11	0	2	1	135,9,2,0,0	S-6 d3+2 d4-2 d5+2 ip+1	
13	129	12	0	2	0	135,9,2,0,0	S-6 d3+3 d4-2 d5+2	s11-grammar-subregion-closed
13	130	4	2	3	0	135,9,2,0,0	S-5 d3-5 d5+3	s11-grammar-subregion-closed
13	130	5	2	2	2	135,9,2,0,0	S-5 d3-4 d5+2 ip+2	
13	130	5	4	1	1	135,9,2,0,0	S-5 d3-4 d4+2 d5+1 ip+1	
13	130	5	6	0	0	135,9,2,0,0	S-5 d3-4 d4+4	s11-grammar-subregion-closed
13	130	6	2	1	4	135,9,2,0,0	S-5 d3-3 d5+1 ip+4	
13	130	6	4	0	3	135,9,2,0,0	S-5 d3-3 d4+2 ip+3	
13	130	7	0	3	1	135,9,2,0,0	S-5 d3-2 d4-2 d5+3 ip+1	
13	130	7	2	0	6	135,9,2,0,0	S-5 d3-2 ip+6	
13	130	8	0	2	3	135,9,2,0,0	S-5 d3-1 d4-2 d5+2 ip+3	
13	130	9	0	1	5	135,9,2,0,0	S-5 d4-2 d5+1 ip+5	
13	130	10	0	1	4	135,9,2,0,0	S-5 d3+1 d4-2 d5+1 ip+4	
13	130	11	0	1	3	135,9,2,0,0	S-5 d3+2 d4-2 d5+1 ip+3	
13	130	12	0	1	2	135,9,2,0,0	S-5 d3+3 d4-2 d5+1 ip+2	
13	130	13	0	1	1	135,9,2,0,0	S-5 d3+4 d4-2 d5+1 ip+1	
13	130	14	0	1	0	135,9,2,0,0	S-5 d3+5 d4-2 d5+1	s11-grammar-subregion-closed
13	131	3	2	3	0	135,9,2,0,0	S-4 d3-6 d5+3	s11-grammar-subregion-closed
13	131	4	2	2	2	135,9,2,0,0	S-4 d3-5 d5+2 ip+2	
13	131	4	4	1	1	135,9,2,0,0	S-4 d3-5 d4+2 d5+1 ip+1	
13	131	4	6	0	0	135,9,2,0,0	S-4 d3-5 d4+4	s11-grammar-subregion-closed
13	131	5	2	1	4	135,9,2,0,0	S-4 d3-4 d5+1 ip+4	
13	131	5	4	0	3	135,9,2,0,0	S-4 d3-4 d4+2 ip+3	
13	131	6	0	3	1	135,9,2,0,0	S-4 d3-3 d4-2 d5+3 ip+1	
13	131	6	2	0	6	135,9,2,0,0	S-4 d3-3 ip+6	
13	131	7	0	2	3	135,9,2,0,0	S-4 d3-2 d4-2 d5+2 ip+3	
13	131	8	0	1	5	135,9,2,0,0	S-4 d3-1 d4-2 d5+1 ip+5	
13	131	9	0	0	7	135,9,2,0,0	S-4 d4-2 ip+7	
13	131	10	0	0	6	135,9,2,0,0	S-4 d3+1 d4-2 ip+6	
13	131	11	0	0	5	135,9,2,0,0	S-4 d3+2 d4-2 ip+5	
13	131	12	0	0	4	135,9,2,0,0	S-4 d3+3 d4-2 ip+4	
13	131	13	0	0	3	135,9,2,0,0	S-4 d3+4 d4-2 ip+3	
13	131	14	0	0	2	135,9,2,0,0	S-4 d3+5 d4-2 ip+2	
13	131	15	0	0	1	135,9,2,0,0	S-4 d3+6 d4-2 ip+1	
13	131	16	0	0	0	135,9,2,0,0	S-4 d3+7 d4-2	s11-grammar-subregion-closed
13	132	2	2	3	0	135,9,2,0,0	S-3 d3-7 d5+3	s11-grammar-subregion-closed
13	132	3	2	2	2	135,9,2,0,0	S-3 d3-6 d5+2 ip+2	
13	132	3	4	1	1	135,9,2,0,0	S-3 d3-6 d4+2 d5+1 ip+1	
13	132	3	6	0	0	135,9,2,0,0	S-3 d3-6 d4+4	s11-grammar-subregion-closed
13	132	4	2	1	4	135,9,2,0,0	S-3 d3-5 d5+1 ip+4	
13	132	4	4	0	3	135,9,2,0,0	S-3 d3-5 d4+2 ip+3	
13	132	5	0	3	1	135,9,2,0,0	S-3 d3-4 d4-2 d5+3 ip+1	
13	132	5	2	0	6	135,9,2,0,0	S-3 d3-4 ip+6	
13	132	6	0	2	3	135,9,2,0,0	S-3 d3-3 d4-2 d5+2 ip+3	
13	132	7	0	1	5	135,9,2,0,0	S-3 d3-2 d4-2 d5+1 ip+5	
13	132	8	0	0	7	135,9,2,0,0	S-3 d3-1 d4-2 ip+7	
13	133	1	2	3	0	135,9,2,0,0	S-2 d3-8 d5+3	s11-grammar-subregion-closed
13	133	2	2	2	2	135,9,2,0,0	S-2 d3-7 d5+2 ip+2	
13	133	2	4	1	1	135,9,2,0,0	S-2 d3-7 d4+2 d5+1 ip+1	
13	133	2	6	0	0	135,9,2,0,0	S-2 d3-7 d4+4	s11-grammar-subregion-closed
13	133	3	2	1	4	135,9,2,0,0	S-2 d3-6 d5+1 ip+4	
13	133	3	4	0	3	135,9,2,0,0	S-2 d3-6 d4+2 ip+3	
13	133	4	0	3	1	135,9,2,0,0	S-2 d3-5 d4-2 d5+3 ip+1	
13	133	4	2	0	6	135,9,2,0,0	S-2 d3-5 ip+6	
13	133	5	0	2	3	135,9,2,0,0	S-2 d3-4 d4-2 d5+2 ip+3	
13	133	6	0	1	5	135,9,2,0,0	S-2 d3-3 d4-2 d5+1 ip+5	
13	133	7	0	0	7	135,9,2,0,0	S-2 d3-2 d4-2 ip+7	
13	134	0	2	3	0	135,9,2,0,0	S-1 d3-9 d5+3	s11-grammar-subregion-closed
13	134	1	2	2	2	135,9,2,0,0	S-1 d3-8 d5+2 ip+2	
13	134	1	4	1	1	135,9,2,0,0	S-1 d3-8 d4+2 d5+1 ip+1	
13	134	1	6	0	0	135,9,2,0,0	S-1 d3-8 d4+4	s11-grammar-subregion-closed
13	134	2	2	1	4	135,9,2,0,0	S-1 d3-7 d5+1 ip+4	
13	134	2	4	0	3	135,9,2,0,0	S-1 d3-7 d4+2 ip+3	
13	134	3	0	3	1	135,9,2,0,0	S-1 d3-6 d4-2 d5+3 ip+1	
13	134	3	2	0	6	135,9,2,0,0	S-1 d3-6 ip+6	
13	134	4	0	2	3	135,9,2,0,0	S-1 d3-5 d4-2 d5+2 ip+3	
13	134	5	0	1	5	135,9,2,0,0	S-1 d3-4 d4-2 d5+1 ip+5	
13	134	6	0	0	7	135,9,2,0,0	S-1 d3-3 d4-2 ip+7	
13	135	0	2	2	2	135,9,2,0,0	d3-9 d5+2 ip+2	
13	135	0	4	1	1	135,9,2,0,0	d3-9 d4+2 d5+1 ip+1	
13	135	0	6	0	0	135,9,2,0,0	d3-9 d4+4	s11-grammar-subregion-closed
13	135	1	2	1	4	135,9,2,0,0	d3-8 d5+1 ip+4	
13	135	1	4	0	3	135,9,2,0,0	d3-8 d4+2 ip+3	
13	135	2	0	3	1	135,9,2,0,0	d3-7 d4-2 d5+3 ip+1	
13	135	2	2	0	6	135,9,2,0,0	d3-7 ip+6	
13	135	3	0	2	3	135,9,2,0,0	d3-6 d4-2 d5+2 ip+3	
13	135	4	0	1	5	135,9,2,0,0	d3-5 d4-2 d5+1 ip+5	
13	135	5	0	0	7	135,9,2,0,0	d3-4 d4-2 ip+7	
13	136	0	1	3	0	138,8,1,0,0	S-2 d3-8 d5+3	s11-grammar-subregion-closed
13	136	0	2	2	1	135,9,2,0,0	S+1 d3-9 d5+2 ip+1	
13	136	0	4	1	0	135,9,2,0,0	S+1 d3-9 d4+2 d5+1	s11-grammar-subregion-closed
13	136	1	1	2	2	138,8,1,0,0	S-2 d3-7 d5+2 ip+2	
13	136	1	2	1	3	135,9,2,0,0	S+1 d3-8 d5+1 ip+3	
13	136	1	4	0	2	135,9,2,0,0	S+1 d3-8 d4+2 ip+2	
13	136	2	1	1	4	138,8,1,0,0	S-2 d3-6 d5+1 ip+4	
13	136	2	2	0	5	135,9,2,0,0	S+1 d3-7 ip+5	
13	136	3	1	0	6	138,8,1,0,0	S-2 d3-5 ip+6	
13	137	0	1	2	2	138,8,1,0,0	S-1 d3-8 d5+2 ip+2	
13	137	0	3	1	1	138,8,1,0,0	S-1 d3-8 d4+2 d5+1 ip+1	
13	137	0	5	0	0	138,8,1,0,0	S-1 d3-8 d4+4	s11-grammar-subregion-closed
13	137	1	1	1	4	138,8,1,0,0	S-1 d3-7 d5+1 ip+4	
13	137	1	3	0	3	138,8,1,0,0	S-1 d3-7 d4+2 ip+3	
13	137	2	1	0	6	138,8,1,0,0	S-1 d3-6 ip+6	
13	138	0	1	1	4	138,8,1,0,0	d3-8 d5+1 ip+4	
13	138	0	3	0	3	138,8,1,0,0	d3-8 d4+2 ip+3	
13	138	1	1	0	6	138,8,1,0,0	d3-7 ip+6	
13	139	0	1	0	6	140,6,1,0,0	S-1 d3-6 ip+6	
13	141	0	0	0	6	141,7,0,0,0	d3-7 ip+6	
14	125	9	3	2	1	135,9,2,0,0	S-10 d4+1 d5+2 ip+1	
14	125	9	5	1	0	135,9,2,0,0	S-10 d4+3 d5+1	s11-grammar-subregion-closed
14	125	10	3	2	0	135,9,2,0,0	S-10 d3+1 d4+1 d5+2	s11-grammar-subregion-closed
14	126	8	3	2	1	135,9,2,0,0	S-9 d3-1 d4+1 d5+2 ip+1	
14	126	8	5	1	0	135,9,2,0,0	S-9 d3-1 d4+3 d5+1	s11-grammar-subregion-closed
14	126	9	1	3	1	135,9,2,0,0	S-9 d4-1 d5+3 ip+1	
14	126	9	3	1	3	135,9,2,0,0	S-9 d4+1 d5+1 ip+3	
14	126	9	5	0	2	135,9,2,0,0	S-9 d4+3 ip+2	
14	126	10	1	3	0	135,9,2,0,0	S-9 d3+1 d4-1 d5+3	s11-grammar-subregion-closed
14	126	10	3	1	2	135,9,2,0,0	S-9 d3+1 d4+1 d5+1 ip+2	
14	126	10	5	0	1	135,9,2,0,0	S-9 d3+1 d4+3 ip+1	
14	126	11	3	1	1	135,9,2,0,0	S-9 d3+2 d4+1 d5+1 ip+1	
14	126	11	5	0	0	135,9,2,0,0	S-9 d3+2 d4+3	s11-grammar-subregion-closed
14	126	12	3	1	0	135,9,2,0,0	S-9 d3+3 d4+1 d5+1	s11-grammar-subregion-closed
14	127	7	3	2	1	135,9,2,0,0	S-8 d3-2 d4+1 d5+2 ip+1	
14	127	7	5	1	0	135,9,2,0,0	S-8 d3-2 d4+3 d5+1	s11-grammar-subregion-closed
14	127	8	1	3	1	135,9,2,0,0	S-8 d3-1 d4-1 d5+3 ip+1	
14	127	8	3	1	3	135,9,2,0,0	S-8 d3-1 d4+1 d5+1 ip+3	
14	127	8	5	0	2	135,9,2,0,0	S-8 d3-1 d4+3 ip+2	
14	127	9	1	2	3	135,9,2,0,0	S-8 d4-1 d5+2 ip+3	
14	127	9	3	0	5	135,9,2,0,0	S-8 d4+1 ip+5	
14	127	10	1	2	2	135,9,2,0,0	S-8 d3+1 d4-1 d5+2 ip+2	
14	127	10	3	0	4	135,9,2,0,0	S-8 d3+1 d4+1 ip+4	
14	127	11	1	2	1	135,9,2,0,0	S-8 d3+2 d4-1 d5+2 ip+1	
14	127	11	3	0	3	135,9,2,0,0	S-8 d3+2 d4+1 ip+3	
14	127	12	1	2	0	135,9,2,0,0	S-8 d3+3 d4-1 d5+2	s11-grammar-subregion-closed
14	127	12	3	0	2	135,9,2,0,0	S-8 d3+3 d4+1 ip+2	
14	127	13	3	0	1	135,9,2,0,0	S-8 d3+4 d4+1 ip+1	
14	127	14	3	0	0	135,9,2,0,0	S-8 d3+5 d4+1	s11-grammar-subregion-closed
14	128	6	3	2	1	135,9,2,0,0	S-7 d3-3 d4+1 d5+2 ip+1	
14	128	6	5	1	0	135,9,2,0,0	S-7 d3-3 d4+3 d5+1	s11-grammar-subregion-closed
14	128	7	1	3	1	135,9,2,0,0	S-7 d3-2 d4-1 d5+3 ip+1	
14	128	7	3	1	3	135,9,2,0,0	S-7 d3-2 d4+1 d5+1 ip+3	
14	128	7	5	0	2	135,9,2,0,0	S-7 d3-2 d4+3 ip+2	
14	128	8	1	2	3	135,9,2,0,0	S-7 d3-1 d4-1 d5+2 ip+3	
14	128	8	3	0	5	135,9,2,0,0	S-7 d3-1 d4+1 ip+5	
14	128	9	1	1	5	135,9,2,0,0	S-7 d4-1 d5+1 ip+5	
14	128	10	1	1	4	135,9,2,0,0	S-7 d3+1 d4-1 d5+1 ip+4	
14	128	11	1	1	3	135,9,2,0,0	S-7 d3+2 d4-1 d5+1 ip+3	
14	128	12	1	1	2	135,9,2,0,0	S-7 d3+3 d4-1 d5+1 ip+2	
14	128	13	1	1	1	135,9,2,0,0	S-7 d3+4 d4-1 d5+1 ip+1	
14	128	14	1	1	0	135,9,2,0,0	S-7 d3+5 d4-1 d5+1	s11-grammar-subregion-closed
14	129	5	3	2	1	135,9,2,0,0	S-6 d3-4 d4+1 d5+2 ip+1	
14	129	5	5	1	0	135,9,2,0,0	S-6 d3-4 d4+3 d5+1	s11-grammar-subregion-closed
14	129	6	1	3	1	135,9,2,0,0	S-6 d3-3 d4-1 d5+3 ip+1	
14	129	6	3	1	3	135,9,2,0,0	S-6 d3-3 d4+1 d5+1 ip+3	
14	129	6	5	0	2	135,9,2,0,0	S-6 d3-3 d4+3 ip+2	
14	129	7	1	2	3	135,9,2,0,0	S-6 d3-2 d4-1 d5+2 ip+3	
14	129	7	3	0	5	135,9,2,0,0	S-6 d3-2 d4+1 ip+5	
14	129	8	1	1	5	135,9,2,0,0	S-6 d3-1 d4-1 d5+1 ip+5	
14	129	9	1	0	7	135,9,2,0,0	S-6 d4-1 ip+7	
14	129	10	1	0	6	135,9,2,0,0	S-6 d3+1 d4-1 ip+6	
14	129	11	1	0	5	135,9,2,0,0	S-6 d3+2 d4-1 ip+5	
14	129	12	1	0	4	135,9,2,0,0	S-6 d3+3 d4-1 ip+4	
14	129	13	1	0	3	135,9,2,0,0	S-6 d3+4 d4-1 ip+3	
14	129	14	1	0	2	135,9,2,0,0	S-6 d3+5 d4-1 ip+2	
14	129	15	1	0	1	135,9,2,0,0	S-6 d3+6 d4-1 ip+1	
14	129	16	1	0	0	135,9,2,0,0	S-6 d3+7 d4-1	s11-grammar-subregion-closed
14	130	4	3	2	1	135,9,2,0,0	S-5 d3-5 d4+1 d5+2 ip+1	
14	130	4	5	1	0	135,9,2,0,0	S-5 d3-5 d4+3 d5+1	s11-grammar-subregion-closed
14	130	5	1	3	1	135,9,2,0,0	S-5 d3-4 d4-1 d5+3 ip+1	
14	130	5	3	1	3	135,9,2,0,0	S-5 d3-4 d4+1 d5+1 ip+3	
14	130	5	5	0	2	135,9,2,0,0	S-5 d3-4 d4+3 ip+2	
14	130	6	1	2	3	135,9,2,0,0	S-5 d3-3 d4-1 d5+2 ip+3	
14	130	6	3	0	5	135,9,2,0,0	S-5 d3-3 d4+1 ip+5	
14	130	7	1	1	5	135,9,2,0,0	S-5 d3-2 d4-1 d5+1 ip+5	
14	130	8	1	0	7	135,9,2,0,0	S-5 d3-1 d4-1 ip+7	
14	131	3	3	2	1	135,9,2,0,0	S-4 d3-6 d4+1 d5+2 ip+1	
14	131	3	5	1	0	135,9,2,0,0	S-4 d3-6 d4+3 d5+1	s11-grammar-subregion-closed
14	131	4	1	3	1	135,9,2,0,0	S-4 d3-5 d4-1 d5+3 ip+1	
14	131	4	3	1	3	135,9,2,0,0	S-4 d3-5 d4+1 d5+1 ip+3	
14	131	4	5	0	2	135,9,2,0,0	S-4 d3-5 d4+3 ip+2	
14	131	5	1	2	3	135,9,2,0,0	S-4 d3-4 d4-1 d5+2 ip+3	
14	131	5	3	0	5	135,9,2,0,0	S-4 d3-4 d4+1 ip+5	
14	131	6	1	1	5	135,9,2,0,0	S-4 d3-3 d4-1 d5+1 ip+5	
14	131	7	1	0	7	135,9,2,0,0	S-4 d3-2 d4-1 ip+7	
14	132	2	3	2	1	135,9,2,0,0	S-3 d3-7 d4+1 d5+2 ip+1	
14	132	2	5	1	0	135,9,2,0,0	S-3 d3-7 d4+3 d5+1	s11-grammar-subregion-closed
14	132	3	1	3	1	135,9,2,0,0	S-3 d3-6 d4-1 d5+3 ip+1	
14	132	3	3	1	3	135,9,2,0,0	S-3 d3-6 d4+1 d5+1 ip+3	
14	132	3	5	0	2	135,9,2,0,0	S-3 d3-6 d4+3 ip+2	
14	132	4	1	2	3	135,9,2,0,0	S-3 d3-5 d4-1 d5+2 ip+3	
14	132	4	3	0	5	135,9,2,0,0	S-3 d3-5 d4+1 ip+5	
14	132	5	1	1	5	135,9,2,0,0	S-3 d3-4 d4-1 d5+1 ip+5	
14	132	6	1	0	7	135,9,2,0,0	S-3 d3-3 d4-1 ip+7	
14	133	1	3	2	1	135,9,2,0,0	S-2 d3-8 d4+1 d5+2 ip+1	
14	133	1	5	1	0	135,9,2,0,0	S-2 d3-8 d4+3 d5+1	s11-grammar-subregion-closed
14	133	2	1	3	1	135,9,2,0,0	S-2 d3-7 d4-1 d5+3 ip+1	
14	133	2	3	1	3	135,9,2,0,0	S-2 d3-7 d4+1 d5+1 ip+3	
14	133	2	5	0	2	135,9,2,0,0	S-2 d3-7 d4+3 ip+2	
14	133	3	1	2	3	135,9,2,0,0	S-2 d3-6 d4-1 d5+2 ip+3	
14	133	3	3	0	5	135,9,2,0,0	S-2 d3-6 d4+1 ip+5	
14	133	4	1	1	5	135,9,2,0,0	S-2 d3-5 d4-1 d5+1 ip+5	
14	133	5	1	0	7	135,9,2,0,0	S-2 d3-4 d4-1 ip+7	
14	134	0	3	2	1	135,9,2,0,0	S-1 d3-9 d4+1 d5+2 ip+1	
14	134	0	5	1	0	135,9,2,0,0	S-1 d3-9 d4+3 d5+1	s11-grammar-subregion-closed
14	134	1	1	3	1	135,9,2,0,0	S-1 d3-8 d4-1 d5+3 ip+1	
14	134	1	3	1	3	135,9,2,0,0	S-1 d3-8 d4+1 d5+1 ip+3	
14	134	1	5	0	2	135,9,2,0,0	S-1 d3-8 d4+3 ip+2	
14	134	2	1	2	3	135,9,2,0,0	S-1 d3-7 d4-1 d5+2 ip+3	
14	134	2	3	0	5	135,9,2,0,0	S-1 d3-7 d4+1 ip+5	
14	134	3	1	1	5	135,9,2,0,0	S-1 d3-6 d4-1 d5+1 ip+5	
14	134	4	1	0	7	135,9,2,0,0	S-1 d3-5 d4-1 ip+7	
14	135	0	1	3	1	135,9,2,0,0	d3-9 d4-1 d5+3 ip+1	
14	135	0	3	1	3	135,9,2,0,0	d3-9 d4+1 d5+1 ip+3	
14	135	0	5	0	2	135,9,2,0,0	d3-9 d4+3 ip+2	
14	135	1	1	2	3	135,9,2,0,0	d3-8 d4-1 d5+2 ip+3	
14	135	1	3	0	5	135,9,2,0,0	d3-8 d4+1 ip+5	
14	135	2	1	1	5	135,9,2,0,0	d3-7 d4-1 d5+1 ip+5	
14	135	3	1	0	7	135,9,2,0,0	d3-6 d4-1 ip+7	
14	136	0	3	1	2	135,9,2,0,0	S+1 d3-9 d4+1 d5+1 ip+2	
14	136	0	5	0	1	135,9,2,0,0	S+1 d3-9 d4+3 ip+1	
14	136	1	0	3	1	138,8,1,0,0	S-2 d3-7 d4-1 d5+3 ip+1	
14	136	1	3	0	4	135,9,2,0,0	S+1 d3-8 d4+1 ip+4	
14	136	2	0	2	3	138,8,1,0,0	S-2 d3-6 d4-1 d5+2 ip+3	
14	136	3	0	1	5	138,8,1,0,0	S-2 d3-5 d4-1 d5+1 ip+5	
14	136	4	0	0	7	138,8,1,0,0	S-2 d3-4 d4-1 ip+7	
14	137	0	0	3	1	138,8,1,0,0	S-1 d3-8 d4-1 d5+3 ip+1	
14	137	0	2	1	3	138,8,1,0,0	S-1 d3-8 d4+1 d5+1 ip+3	
14	137	0	4	0	2	138,8,1,0,0	S-1 d3-8 d4+3 ip+2	
14	137	1	0	2	3	138,8,1,0,0	S-1 d3-7 d4-1 d5+2 ip+3	
14	137	1	2	0	5	138,8,1,0,0	S-1 d3-7 d4+1 ip+5	
14	137	2	0	1	5	138,8,1,0,0	S-1 d3-6 d4-1 d5+1 ip+5	
14	137	3	0	0	7	138,8,1,0,0	S-1 d3-5 d4-1 ip+7	
14	138	0	0	2	3	138,8,1,0,0	d3-8 d4-1 d5+2 ip+3	
14	138	0	2	0	5	138,8,1,0,0	d3-8 d4+1 ip+5	
14	138	1	0	1	5	138,8,1,0,0	d3-7 d4-1 d5+1 ip+5	
14	138	2	0	0	7	138,8,1,0,0	d3-6 d4-1 ip+7	
14	139	0	0	1	5	140,6,1,0,0	S-1 d3-6 d4-1 d5+1 ip+5	
14	139	1	0	0	7	140,6,1,0,0	S-1 d3-5 d4-1 ip+7	
14	140	0	0	0	7	140,6,1,0,0	d3-6 d4-1 ip+7	
15	124	9	2	3	1	135,9,2,0,0	S-11 d5+3 ip+1	
15	124	9	4	2	0	135,9,2,0,0	S-11 d4+2 d5+2	s11-grammar-subregion-closed
15	124	10	2	3	0	135,9,2,0,0	S-11 d3+1 d5+3	s11-grammar-subregion-closed
15	125	8	2	3	1	135,9,2,0,0	S-10 d3-1 d5+3 ip+1	
15	125	8	4	2	0	135,9,2,0,0	S-10 d3-1 d4+2 d5+2	s11-grammar-subregion-closed
15	125	9	2	2	3	135,9,2,0,0	S-10 d5+2 ip+3	
15	125	9	4	1	2	135,9,2,0,0	S-10 d4+2 d5+1 ip+2	
15	125	9	6	0	1	135,9,2,0,0	S-10 d4+4 ip+1	
15	125	10	2	2	2	135,9,2,0,0	S-10 d3+1 d5+2 ip+2	
15	125	10	4	1	1	135,9,2,0,0	S-10 d3+1 d4+2 d5+1 ip+1	
15	125	10	6	0	0	135,9,2,0,0	S-10 d3+1 d4+4	s11-grammar-subregion-closed
15	125	11	2	2	1	135,9,2,0,0	S-10 d3+2 d5+2 ip+1	
15	125	11	4	1	0	135,9,2,0,0	S-10 d3+2 d4+2 d5+1	s11-grammar-subregion-closed
15	125	12	2	2	0	135,9,2,0,0	S-10 d3+3 d5+2	s11-grammar-subregion-closed
15	126	7	2	3	1	135,9,2,0,0	S-9 d3-2 d5+3 ip+1	
15	126	7	4	2	0	135,9,2,0,0	S-9 d3-2 d4+2 d5+2	s11-grammar-subregion-closed
15	126	8	2	2	3	135,9,2,0,0	S-9 d3-1 d5+2 ip+3	
15	126	8	4	1	2	135,9,2,0,0	S-9 d3-1 d4+2 d5+1 ip+2	
15	126	8	6	0	1	135,9,2,0,0	S-9 d3-1 d4+4 ip+1	
15	126	9	0	4	0	135,9,2,0,0	S-9 d4-2 d5+4	s11-grammar-subregion-closed
15	126	9	2	1	5	135,9,2,0,0	S-9 d5+1 ip+5	
15	126	9	4	0	4	135,9,2,0,0	S-9 d4+2 ip+4	
15	126	10	2	1	4	135,9,2,0,0	S-9 d3+1 d5+1 ip+4	
15	126	10	4	0	3	135,9,2,0,0	S-9 d3+1 d4+2 ip+3	
15	126	11	2	1	3	135,9,2,0,0	S-9 d3+2 d5+1 ip+3	
15	126	11	4	0	2	135,9,2,0,0	S-9 d3+2 d4+2 ip+2	
15	126	12	2	1	2	135,9,2,0,0	S-9 d3+3 d5+1 ip+2	
15	126	12	4	0	1	135,9,2,0,0	S-9 d3+3 d4+2 ip+1	
15	126	13	2	1	1	135,9,2,0,0	S-9 d3+4 d5+1 ip+1	
15	126	13	4	0	0	135,9,2,0,0	S-9 d3+4 d4+2	s11-grammar-subregion-closed
15	126	14	2	1	0	135,9,2,0,0	S-9 d3+5 d5+1	s11-grammar-subregion-closed
15	127	6	2	3	1	135,9,2,0,0	S-8 d3-3 d5+3 ip+1	
15	127	6	4	2	0	135,9,2,0,0	S-8 d3-3 d4+2 d5+2	s11-grammar-subregion-closed
15	127	7	2	2	3	135,9,2,0,0	S-8 d3-2 d5+2 ip+3	
15	127	7	4	1	2	135,9,2,0,0	S-8 d3-2 d4+2 d5+1 ip+2	
15	127	7	6	0	1	135,9,2,0,0	S-8 d3-2 d4+4 ip+1	
15	127	8	0	4	0	135,9,2,0,0	S-8 d3-1 d4-2 d5+4	s11-grammar-subregion-closed
15	127	8	2	1	5	135,9,2,0,0	S-8 d3-1 d5+1 ip+5	
15	127	8	4	0	4	135,9,2,0,0	S-8 d3-1 d4+2 ip+4	
15	127	9	0	3	2	135,9,2,0,0	S-8 d4-2 d5+3 ip+2	
15	127	9	2	0	7	135,9,2,0,0	S-8 ip+7	
15	127	10	0	3	1	135,9,2,0,0	S-8 d3+1 d4-2 d5+3 ip+1	
15	127	10	2	0	6	135,9,2,0,0	S-8 d3+1 ip+6	
15	127	11	0	3	0	135,9,2,0,0	S-8 d3+2 d4-2 d5+3	s11-grammar-subregion-closed
15	127	11	2	0	5	135,9,2,0,0	S-8 d3+2 ip+5	
15	127	12	2	0	4	135,9,2,0,0	S-8 d3+3 ip+4	
15	127	13	2	0	3	135,9,2,0,0	S-8 d3+4 ip+3	
15	127	14	2	0	2	135,9,2,0,0	S-8 d3+5 ip+2	
15	127	15	2	0	1	135,9,2,0,0	S-8 d3+6 ip+1	
15	127	16	2	0	0	135,9,2,0,0	S-8 d3+7	s11-grammar-subregion-closed
15	128	5	2	3	1	135,9,2,0,0	S-7 d3-4 d5+3 ip+1	
15	128	5	4	2	0	135,9,2,0,0	S-7 d3-4 d4+2 d5+2	s11-grammar-subregion-closed
15	128	6	2	2	3	135,9,2,0,0	S-7 d3-3 d5+2 ip+3	
15	128	6	4	1	2	135,9,2,0,0	S-7 d3-3 d4+2 d5+1 ip+2	
15	128	6	6	0	1	135,9,2,0,0	S-7 d3-3 d4+4 ip+1	
15	128	7	0	4	0	135,9,2,0,0	S-7 d3-2 d4-2 d5+4	s11-grammar-subregion-closed
15	128	7	2	1	5	135,9,2,0,0	S-7 d3-2 d5+1 ip+5	
15	128	7	4	0	4	135,9,2,0,0	S-7 d3-2 d4+2 ip+4	
15	128	8	0	3	2	135,9,2,0,0	S-7 d3-1 d4-2 d5+3 ip+2	
15	128	8	2	0	7	135,9,2,0,0	S-7 d3-1 ip+7	
15	128	9	0	2	4	135,9,2,0,0	S-7 d4-2 d5+2 ip+4	
15	128	10	0	2	3	135,9,2,0,0	S-7 d3+1 d4-2 d5+2 ip+3	
15	128	11	0	2	2	135,9,2,0,0	S-7 d3+2 d4-2 d5+2 ip+2	
15	128	12	0	2	1	135,9,2,0,0	S-7 d3+3 d4-2 d5+2 ip+1	
15	128	13	0	2	0	135,9,2,0,0	S-7 d3+4 d4-2 d5+2	s11-grammar-subregion-closed
15	129	4	2	3	1	135,9,2,0,0	S-6 d3-5 d5+3 ip+1	
15	129	4	4	2	0	135,9,2,0,0	S-6 d3-5 d4+2 d5+2	s11-grammar-subregion-closed
15	129	5	2	2	3	135,9,2,0,0	S-6 d3-4 d5+2 ip+3	
15	129	5	4	1	2	135,9,2,0,0	S-6 d3-4 d4+2 d5+1 ip+2	
15	129	5	6	0	1	135,9,2,0,0	S-6 d3-4 d4+4 ip+1	
15	129	6	0	4	0	135,9,2,0,0	S-6 d3-3 d4-2 d5+4	s11-grammar-subregion-closed
15	129	6	2	1	5	135,9,2,0,0	S-6 d3-3 d5+1 ip+5	
15	129	6	4	0	4	135,9,2,0,0	S-6 d3-3 d4+2 ip+4	
15	129	7	0	3	2	135,9,2,0,0	S-6 d3-2 d4-2 d5+3 ip+2	
15	129	7	2	0	7	135,9,2,0,0	S-6 d3-2 ip+7	
15	129	8	0	2	4	135,9,2,0,0	S-6 d3-1 d4-2 d5+2 ip+4	
15	129	9	0	1	6	135,9,2,0,0	S-6 d4-2 d5+1 ip+6	
15	129	10	0	1	5	135,9,2,0,0	S-6 d3+1 d4-2 d5+1 ip+5	
15	129	11	0	1	4	135,9,2,0,0	S-6 d3+2 d4-2 d5+1 ip+4	
15	129	12	0	1	3	135,9,2,0,0	S-6 d3+3 d4-2 d5+1 ip+3	
15	129	13	0	1	2	135,9,2,0,0	S-6 d3+4 d4-2 d5+1 ip+2	
15	129	14	0	1	1	135,9,2,0,0	S-6 d3+5 d4-2 d5+1 ip+1	
15	129	15	0	1	0	135,9,2,0,0	S-6 d3+6 d4-2 d5+1	s11-grammar-subregion-closed
15	130	3	2	3	1	135,9,2,0,0	S-5 d3-6 d5+3 ip+1	
15	130	3	4	2	0	135,9,2,0,0	S-5 d3-6 d4+2 d5+2	s11-grammar-subregion-closed
15	130	4	2	2	3	135,9,2,0,0	S-5 d3-5 d5+2 ip+3	
15	130	4	4	1	2	135,9,2,0,0	S-5 d3-5 d4+2 d5+1 ip+2	
15	130	4	6	0	1	135,9,2,0,0	S-5 d3-5 d4+4 ip+1	
15	130	5	0	4	0	135,9,2,0,0	S-5 d3-4 d4-2 d5+4	s11-grammar-subregion-closed
15	130	5	2	1	5	135,9,2,0,0	S-5 d3-4 d5+1 ip+5	
15	130	5	4	0	4	135,9,2,0,0	S-5 d3-4 d4+2 ip+4	
15	130	6	0	3	2	135,9,2,0,0	S-5 d3-3 d4-2 d5+3 ip+2	
15	130	6	2	0	7	135,9,2,0,0	S-5 d3-3 ip+7	
15	130	7	0	2	4	135,9,2,0,0	S-5 d3-2 d4-2 d5+2 ip+4	
15	130	8	0	1	6	135,9,2,0,0	S-5 d3-1 d4-2 d5+1 ip+6	
15	130	9	0	0	8	135,9,2,0,0	S-5 d4-2 ip+8	
15	130	10	0	0	7	135,9,2,0,0	S-5 d3+1 d4-2 ip+7	
15	130	11	0	0	6	135,9,2,0,0	S-5 d3+2 d4-2 ip+6	
15	130	12	0	0	5	135,9,2,0,0	S-5 d3+3 d4-2 ip+5	
15	130	13	0	0	4	135,9,2,0,0	S-5 d3+4 d4-2 ip+4	
15	130	14	0	0	3	135,9,2,0,0	S-5 d3+5 d4-2 ip+3	
15	130	15	0	0	2	135,9,2,0,0	S-5 d3+6 d4-2 ip+2	
15	130	16	0	0	1	135,9,2,0,0	S-5 d3+7 d4-2 ip+1	
15	130	17	0	0	0	135,9,2,0,0	S-5 d3+8 d4-2	s11-grammar-subregion-closed
15	131	2	2	3	1	135,9,2,0,0	S-4 d3-7 d5+3 ip+1	
15	131	2	4	2	0	135,9,2,0,0	S-4 d3-7 d4+2 d5+2	s11-grammar-subregion-closed
15	131	3	2	2	3	135,9,2,0,0	S-4 d3-6 d5+2 ip+3	
15	131	3	4	1	2	135,9,2,0,0	S-4 d3-6 d4+2 d5+1 ip+2	
15	131	3	6	0	1	135,9,2,0,0	S-4 d3-6 d4+4 ip+1	
15	131	4	0	4	0	135,9,2,0,0	S-4 d3-5 d4-2 d5+4	s11-grammar-subregion-closed
15	131	4	2	1	5	135,9,2,0,0	S-4 d3-5 d5+1 ip+5	
15	131	4	4	0	4	135,9,2,0,0	S-4 d3-5 d4+2 ip+4	
15	131	5	0	3	2	135,9,2,0,0	S-4 d3-4 d4-2 d5+3 ip+2	
15	131	5	2	0	7	135,9,2,0,0	S-4 d3-4 ip+7	
15	131	6	0	2	4	135,9,2,0,0	S-4 d3-3 d4-2 d5+2 ip+4	
15	131	7	0	1	6	135,9,2,0,0	S-4 d3-2 d4-2 d5+1 ip+6	
15	131	8	0	0	8	135,9,2,0,0	S-4 d3-1 d4-2 ip+8	
15	132	1	2	3	1	135,9,2,0,0	S-3 d3-8 d5+3 ip+1	
15	132	1	4	2	0	135,9,2,0,0	S-3 d3-8 d4+2 d5+2	s11-grammar-subregion-closed
15	132	2	2	2	3	135,9,2,0,0	S-3 d3-7 d5+2 ip+3	
15	132	2	4	1	2	135,9,2,0,0	S-3 d3-7 d4+2 d5+1 ip+2	
15	132	2	6	0	1	135,9,2,0,0	S-3 d3-7 d4+4 ip+1	
15	132	3	0	4	0	135,9,2,0,0	S-3 d3-6 d4-2 d5+4	s11-grammar-subregion-closed
15	132	3	2	1	5	135,9,2,0,0	S-3 d3-6 d5+1 ip+5	
15	132	3	4	0	4	135,9,2,0,0	S-3 d3-6 d4+2 ip+4	
15	132	4	0	3	2	135,9,2,0,0	S-3 d3-5 d4-2 d5+3 ip+2	
15	132	4	2	0	7	135,9,2,0,0	S-3 d3-5 ip+7	
15	132	5	0	2	4	135,9,2,0,0	S-3 d3-4 d4-2 d5+2 ip+4	
15	132	6	0	1	6	135,9,2,0,0	S-3 d3-3 d4-2 d5+1 ip+6	
15	132	7	0	0	8	135,9,2,0,0	S-3 d3-2 d4-2 ip+8	
15	133	0	2	3	1	135,9,2,0,0	S-2 d3-9 d5+3 ip+1	
15	133	0	4	2	0	135,9,2,0,0	S-2 d3-9 d4+2 d5+2	s11-grammar-subregion-closed
15	133	1	2	2	3	135,9,2,0,0	S-2 d3-8 d5+2 ip+3	
15	133	1	4	1	2	135,9,2,0,0	S-2 d3-8 d4+2 d5+1 ip+2	
15	133	1	6	0	1	135,9,2,0,0	S-2 d3-8 d4+4 ip+1	
15	133	2	0	4	0	135,9,2,0,0	S-2 d3-7 d4-2 d5+4	s11-grammar-subregion-closed
15	133	2	2	1	5	135,9,2,0,0	S-2 d3-7 d5+1 ip+5	
15	133	2	4	0	4	135,9,2,0,0	S-2 d3-7 d4+2 ip+4	
15	133	3	0	3	2	135,9,2,0,0	S-2 d3-6 d4-2 d5+3 ip+2	
15	133	3	2	0	7	135,9,2,0,0	S-2 d3-6 ip+7	
15	133	4	0	2	4	135,9,2,0,0	S-2 d3-5 d4-2 d5+2 ip+4	
15	133	5	0	1	6	135,9,2,0,0	S-2 d3-4 d4-2 d5+1 ip+6	
15	133	6	0	0	8	135,9,2,0,0	S-2 d3-3 d4-2 ip+8	
15	134	0	2	2	3	135,9,2,0,0	S-1 d3-9 d5+2 ip+3	
15	134	0	4	1	2	135,9,2,0,0	S-1 d3-9 d4+2 d5+1 ip+2	
15	134	0	6	0	1	135,9,2,0,0	S-1 d3-9 d4+4 ip+1	
15	134	1	0	4	0	135,9,2,0,0	S-1 d3-8 d4-2 d5+4	s11-grammar-subregion-closed
15	134	1	2	1	5	135,9,2,0,0	S-1 d3-8 d5+1 ip+5	
15	134	1	4	0	4	135,9,2,0,0	S-1 d3-8 d4+2 ip+4	
15	134	2	0	3	2	135,9,2,0,0	S-1 d3-7 d4-2 d5+3 ip+2	
15	134	2	2	0	7	135,9,2,0,0	S-1 d3-7 ip+7	
15	134	3	0	2	4	135,9,2,0,0	S-1 d3-6 d4-2 d5+2 ip+4	
15	134	4	0	1	6	135,9,2,0,0	S-1 d3-5 d4-2 d5+1 ip+6	
15	134	5	0	0	8	135,9,2,0,0	S-1 d3-4 d4-2 ip+8	
15	135	0	0	4	0	135,9,2,0,0	d3-9 d4-2 d5+4	s11-grammar-subregion-closed
15	135	0	2	1	5	135,9,2,0,0	d3-9 d5+1 ip+5	
15	135	0	4	0	4	135,9,2,0,0	d3-9 d4+2 ip+4	
15	135	1	0	3	2	135,9,2,0,0	d3-8 d4-2 d5+3 ip+2	
15	135	1	2	0	7	135,9,2,0,0	d3-8 ip+7	
15	135	2	0	2	4	135,9,2,0,0	d3-7 d4-2 d5+2 ip+4	
15	135	3	0	1	6	135,9,2,0,0	d3-6 d4-2 d5+1 ip+6	
15	135	4	0	0	8	135,9,2,0,0	d3-5 d4-2 ip+8	
15	136	0	1	2	3	138,8,1,0,0	S-2 d3-8 d5+2 ip+3	
15	136	0	2	1	4	135,9,2,0,0	S+1 d3-9 d5+1 ip+4	
15	136	0	4	0	3	135,9,2,0,0	S+1 d3-9 d4+2 ip+3	
15	136	1	1	1	5	138,8,1,0,0	S-2 d3-7 d5+1 ip+5	
15	136	1	2	0	6	135,9,2,0,0	S+1 d3-8 ip+6	
15	136	2	1	0	7	138,8,1,0,0	S-2 d3-6 ip+7	
15	137	0	1	1	5	138,8,1,0,0	S-1 d3-8 d5+1 ip+5	
15	137	0	3	0	4	138,8,1,0,0	S-1 d3-8 d4+2 ip+4	
15	137	1	1	0	7	138,8,1,0,0	S-1 d3-7 ip+7	
15	138	0	1	0	7	138,8,1,0,0	d3-8 ip+7	
16	123	9	3	3	0	135,9,2,0,0	S-12 d4+1 d5+3	s11-grammar-subregion-closed
16	124	8	3	3	0	135,9,2,0,0	S-11 d3-1 d4+1 d5+3	s11-grammar-subregion-closed
16	124	9	1	4	0	135,9,2,0,0	S-11 d4-1 d5+4	s11-grammar-subregion-closed
16	124	9	3	2	2	135,9,2,0,0	S-11 d4+1 d5+2 ip+2	
16	124	9	5	1	1	135,9,2,0,0	S-11 d4+3 d5+1 ip+1	
16	124	9	7	0	0	135,9,2,0,0	S-11 d4+5	s11-grammar-subregion-closed
16	124	10	3	2	1	135,9,2,0,0	S-11 d3+1 d4+1 d5+2 ip+1	
16	124	10	5	1	0	135,9,2,0,0	S-11 d3+1 d4+3 d5+1	s11-grammar-subregion-closed
16	124	11	3	2	0	135,9,2,0,0	S-11 d3+2 d4+1 d5+2	s11-grammar-subregion-closed
16	125	7	3	3	0	135,9,2,0,0	S-10 d3-2 d4+1 d5+3	s11-grammar-subregion-closed
16	125	8	1	4	0	135,9,2,0,0	S-10 d3-1 d4-1 d5+4	s11-grammar-subregion-closed
16	125	8	3	2	2	135,9,2,0,0	S-10 d3-1 d4+1 d5+2 ip+2	
16	125	8	5	1	1	135,9,2,0,0	S-10 d3-1 d4+3 d5+1 ip+1	
16	125	8	7	0	0	135,9,2,0,0	S-10 d3-1 d4+5	s11-grammar-subregion-closed
16	125	9	1	3	2	135,9,2,0,0	S-10 d4-1 d5+3 ip+2	
16	125	9	3	1	4	135,9,2,0,0	S-10 d4+1 d5+1 ip+4	
16	125	9	5	0	3	135,9,2,0,0	S-10 d4+3 ip+3	
16	125	10	1	3	1	135,9,2,0,0	S-10 d3+1 d4-1 d5+3 ip+1	
16	125	10	3	1	3	135,9,2,0,0	S-10 d3+1 d4+1 d5+1 ip+3	
16	125	10	5	0	2	135,9,2,0,0	S-10 d3+1 d4+3 ip+2	
16	125	11	1	3	0	135,9,2,0,0	S-10 d3+2 d4-1 d5+3	s11-grammar-subregion-closed
16	125	11	3	1	2	135,9,2,0,0	S-10 d3+2 d4+1 d5+1 ip+2	
16	125	11	5	0	1	135,9,2,0,0	S-10 d3+2 d4+3 ip+1	
16	125	12	3	1	1	135,9,2,0,0	S-10 d3+3 d4+1 d5+1 ip+1	
16	125	12	5	0	0	135,9,2,0,0	S-10 d3+3 d4+3	s11-grammar-subregion-closed
16	125	13	3	1	0	135,9,2,0,0	S-10 d3+4 d4+1 d5+1	s11-grammar-subregion-closed
16	126	6	3	3	0	135,9,2,0,0	S-9 d3-3 d4+1 d5+3	s11-grammar-subregion-closed
16	126	7	1	4	0	135,9,2,0,0	S-9 d3-2 d4-1 d5+4	s11-grammar-subregion-closed
16	126	7	3	2	2	135,9,2,0,0	S-9 d3-2 d4+1 d5+2 ip+2	
16	126	7	5	1	1	135,9,2,0,0	S-9 d3-2 d4+3 d5+1 ip+1	
16	126	7	7	0	0	135,9,2,0,0	S-9 d3-2 d4+5	s11-grammar-subregion-closed
16	126	8	1	3	2	135,9,2,0,0	S-9 d3-1 d4-1 d5+3 ip+2	
16	126	8	3	1	4	135,9,2,0,0	S-9 d3-1 d4+1 d5+1 ip+4	
16	126	8	5	0	3	135,9,2,0,0	S-9 d3-1 d4+3 ip+3	
16	126	9	1	2	4	135,9,2,0,0	S-9 d4-1 d5+2 ip+4	
16	126	9	3	0	6	135,9,2,0,0	S-9 d4+1 ip+6	
16	126	10	1	2	3	135,9,2,0,0	S-9 d3+1 d4-1 d5+2 ip+3	
16	126	10	3	0	5	135,9,2,0,0	S-9 d3+1 d4+1 ip+5	
16	126	11	1	2	2	135,9,2,0,0	S-9 d3+2 d4-1 d5+2 ip+2	
16	126	11	3	0	4	135,9,2,0,0	S-9 d3+2 d4+1 ip+4	
16	126	12	1	2	1	135,9,2,0,0	S-9 d3+3 d4-1 d5+2 ip+1	
16	126	12	3	0	3	135,9,2,0,0	S-9 d3+3 d4+1 ip+3	
16	126	13	1	2	0	135,9,2,0,0	S-9 d3+4 d4-1 d5+2	s11-grammar-subregion-closed
16	126	13	3	0	2	135,9,2,0,0	S-9 d3+4 d4+1 ip+2	
16	126	14	3	0	1	135,9,2,0,0	S-9 d3+5 d4+1 ip+1	
16	126	15	3	0	0	135,9,2,0,0	S-9 d3+6 d4+1	s11-grammar-subregion-closed
16	127	5	3	3	0	135,9,2,0,0	S-8 d3-4 d4+1 d5+3	s11-grammar-subregion-closed
16	127	6	1	4	0	135,9,2,0,0	S-8 d3-3 d4-1 d5+4	s11-grammar-subregion-closed
16	127	6	3	2	2	135,9,2,0,0	S-8 d3-3 d4+1 d5+2 ip+2	
16	127	6	5	1	1	135,9,2,0,0	S-8 d3-3 d4+3 d5+1 ip+1	
16	127	6	7	0	0	135,9,2,0,0	S-8 d3-3 d4+5	s11-grammar-subregion-closed
16	127	7	1	3	2	135,9,2,0,0	S-8 d3-2 d4-1 d5+3 ip+2	
16	127	7	3	1	4	135,9,2,0,0	S-8 d3-2 d4+1 d5+1 ip+4	
16	127	7	5	0	3	135,9,2,0,0	S-8 d3-2 d4+3 ip+3	
16	127	8	1	2	4	135,9,2,0,0	S-8 d3-1 d4-1 d5+2 ip+4	
16	127	8	3	0	6	135,9,2,0,0	S-8 d3-1 d4+1 ip+6	
16	127	9	1	1	6	135,9,2,0,0	S-8 d4-1 d5+1 ip+6	
16	127	10	1	1	5	135,9,2,0,0	S-8 d3+1 d4-1 d5+1 ip+5	
16	127	11	1	1	4	135,9,2,0,0	S-8 d3+2 d4-1 d5+1 ip+4	
16	127	12	1	1	3	135,9,2,0,0	S-8 d3+3 d4-1 d5+1 ip+3	
16	127	13	1	1	2	135,9,2,0,0	S-8 d3+4 d4-1 d5+1 ip+2	
16	127	14	1	1	1	135,9,2,0,0	S-8 d3+5 d4-1 d5+1 ip+1	
16	127	15	1	1	0	135,9,2,0,0	S-8 d3+6 d4-1 d5+1	s11-grammar-subregion-closed
16	128	4	3	3	0	135,9,2,0,0	S-7 d3-5 d4+1 d5+3	s11-grammar-subregion-closed
16	128	5	1	4	0	135,9,2,0,0	S-7 d3-4 d4-1 d5+4	s11-grammar-subregion-closed
16	128	5	3	2	2	135,9,2,0,0	S-7 d3-4 d4+1 d5+2 ip+2	
16	128	5	5	1	1	135,9,2,0,0	S-7 d3-4 d4+3 d5+1 ip+1	
16	128	5	7	0	0	135,9,2,0,0	S-7 d3-4 d4+5	s11-grammar-subregion-closed
16	128	6	1	3	2	135,9,2,0,0	S-7 d3-3 d4-1 d5+3 ip+2	
16	128	6	3	1	4	135,9,2,0,0	S-7 d3-3 d4+1 d5+1 ip+4	
16	128	6	5	0	3	135,9,2,0,0	S-7 d3-3 d4+3 ip+3	
16	128	7	1	2	4	135,9,2,0,0	S-7 d3-2 d4-1 d5+2 ip+4	
16	128	7	3	0	6	135,9,2,0,0	S-7 d3-2 d4+1 ip+6	
16	128	8	1	1	6	135,9,2,0,0	S-7 d3-1 d4-1 d5+1 ip+6	
16	128	9	1	0	8	135,9,2,0,0	S-7 d4-1 ip+8	
16	128	10	1	0	7	135,9,2,0,0	S-7 d3+1 d4-1 ip+7	
16	128	11	1	0	6	135,9,2,0,0	S-7 d3+2 d4-1 ip+6	
16	128	12	1	0	5	135,9,2,0,0	S-7 d3+3 d4-1 ip+5	
16	128	13	1	0	4	135,9,2,0,0	S-7 d3+4 d4-1 ip+4	
16	128	14	1	0	3	135,9,2,0,0	S-7 d3+5 d4-1 ip+3	
16	128	15	1	0	2	135,9,2,0,0	S-7 d3+6 d4-1 ip+2	
16	128	16	1	0	1	135,9,2,0,0	S-7 d3+7 d4-1 ip+1	
16	128	17	1	0	0	135,9,2,0,0	S-7 d3+8 d4-1	s11-grammar-subregion-closed
16	129	3	3	3	0	135,9,2,0,0	S-6 d3-6 d4+1 d5+3	s11-grammar-subregion-closed
16	129	4	1	4	0	135,9,2,0,0	S-6 d3-5 d4-1 d5+4	s11-grammar-subregion-closed
16	129	4	3	2	2	135,9,2,0,0	S-6 d3-5 d4+1 d5+2 ip+2	
16	129	4	5	1	1	135,9,2,0,0	S-6 d3-5 d4+3 d5+1 ip+1	
16	129	4	7	0	0	135,9,2,0,0	S-6 d3-5 d4+5	s11-grammar-subregion-closed
16	129	5	1	3	2	135,9,2,0,0	S-6 d3-4 d4-1 d5+3 ip+2	
16	129	5	3	1	4	135,9,2,0,0	S-6 d3-4 d4+1 d5+1 ip+4	
16	129	5	5	0	3	135,9,2,0,0	S-6 d3-4 d4+3 ip+3	
16	129	6	1	2	4	135,9,2,0,0	S-6 d3-3 d4-1 d5+2 ip+4	
16	129	6	3	0	6	135,9,2,0,0	S-6 d3-3 d4+1 ip+6	
16	129	7	1	1	6	135,9,2,0,0	S-6 d3-2 d4-1 d5+1 ip+6	
16	129	8	1	0	8	135,9,2,0,0	S-6 d3-1 d4-1 ip+8	
16	130	2	3	3	0	135,9,2,0,0	S-5 d3-7 d4+1 d5+3	s11-grammar-subregion-closed
16	130	3	1	4	0	135,9,2,0,0	S-5 d3-6 d4-1 d5+4	s11-grammar-subregion-closed
16	130	3	3	2	2	135,9,2,0,0	S-5 d3-6 d4+1 d5+2 ip+2	
16	130	3	5	1	1	135,9,2,0,0	S-5 d3-6 d4+3 d5+1 ip+1	
16	130	3	7	0	0	135,9,2,0,0	S-5 d3-6 d4+5	s11-grammar-subregion-closed
16	130	4	1	3	2	135,9,2,0,0	S-5 d3-5 d4-1 d5+3 ip+2	
16	130	4	3	1	4	135,9,2,0,0	S-5 d3-5 d4+1 d5+1 ip+4	
16	130	4	5	0	3	135,9,2,0,0	S-5 d3-5 d4+3 ip+3	
16	130	5	1	2	4	135,9,2,0,0	S-5 d3-4 d4-1 d5+2 ip+4	
16	130	5	3	0	6	135,9,2,0,0	S-5 d3-4 d4+1 ip+6	
16	130	6	1	1	6	135,9,2,0,0	S-5 d3-3 d4-1 d5+1 ip+6	
16	130	7	1	0	8	135,9,2,0,0	S-5 d3-2 d4-1 ip+8	
16	131	1	3	3	0	135,9,2,0,0	S-4 d3-8 d4+1 d5+3	s11-grammar-subregion-closed
16	131	2	1	4	0	135,9,2,0,0	S-4 d3-7 d4-1 d5+4	s11-grammar-subregion-closed
16	131	2	3	2	2	135,9,2,0,0	S-4 d3-7 d4+1 d5+2 ip+2	
16	131	2	5	1	1	135,9,2,0,0	S-4 d3-7 d4+3 d5+1 ip+1	
16	131	2	7	0	0	135,9,2,0,0	S-4 d3-7 d4+5	s11-grammar-subregion-closed
16	131	3	1	3	2	135,9,2,0,0	S-4 d3-6 d4-1 d5+3 ip+2	
16	131	3	3	1	4	135,9,2,0,0	S-4 d3-6 d4+1 d5+1 ip+4	
16	131	3	5	0	3	135,9,2,0,0	S-4 d3-6 d4+3 ip+3	
16	131	4	1	2	4	135,9,2,0,0	S-4 d3-5 d4-1 d5+2 ip+4	
16	131	4	3	0	6	135,9,2,0,0	S-4 d3-5 d4+1 ip+6	
16	131	5	1	1	6	135,9,2,0,0	S-4 d3-4 d4-1 d5+1 ip+6	
16	131	6	1	0	8	135,9,2,0,0	S-4 d3-3 d4-1 ip+8	
16	132	0	3	3	0	135,9,2,0,0	S-3 d3-9 d4+1 d5+3	s11-grammar-subregion-closed
16	132	1	1	4	0	135,9,2,0,0	S-3 d3-8 d4-1 d5+4	s11-grammar-subregion-closed
16	132	1	3	2	2	135,9,2,0,0	S-3 d3-8 d4+1 d5+2 ip+2	
16	132	1	5	1	1	135,9,2,0,0	S-3 d3-8 d4+3 d5+1 ip+1	
16	132	1	7	0	0	135,9,2,0,0	S-3 d3-8 d4+5	s11-grammar-subregion-closed
16	132	2	1	3	2	135,9,2,0,0	S-3 d3-7 d4-1 d5+3 ip+2	
16	132	2	3	1	4	135,9,2,0,0	S-3 d3-7 d4+1 d5+1 ip+4	
16	132	2	5	0	3	135,9,2,0,0	S-3 d3-7 d4+3 ip+3	
16	132	3	1	2	4	135,9,2,0,0	S-3 d3-6 d4-1 d5+2 ip+4	
16	132	3	3	0	6	135,9,2,0,0	S-3 d3-6 d4+1 ip+6	
16	132	4	1	1	6	135,9,2,0,0	S-3 d3-5 d4-1 d5+1 ip+6	
16	132	5	1	0	8	135,9,2,0,0	S-3 d3-4 d4-1 ip+8	
16	133	0	1	4	0	135,9,2,0,0	S-2 d3-9 d4-1 d5+4	s11-grammar-subregion-closed
16	133	0	3	2	2	135,9,2,0,0	S-2 d3-9 d4+1 d5+2 ip+2	
16	133	0	5	1	1	135,9,2,0,0	S-2 d3-9 d4+3 d5+1 ip+1	
16	133	0	7	0	0	135,9,2,0,0	S-2 d3-9 d4+5	s11-grammar-subregion-closed
16	133	1	1	3	2	135,9,2,0,0	S-2 d3-8 d4-1 d5+3 ip+2	
16	133	1	3	1	4	135,9,2,0,0	S-2 d3-8 d4+1 d5+1 ip+4	
16	133	1	5	0	3	135,9,2,0,0	S-2 d3-8 d4+3 ip+3	
16	133	2	1	2	4	135,9,2,0,0	S-2 d3-7 d4-1 d5+2 ip+4	
16	133	2	3	0	6	135,9,2,0,0	S-2 d3-7 d4+1 ip+6	
16	133	3	1	1	6	135,9,2,0,0	S-2 d3-6 d4-1 d5+1 ip+6	
16	133	4	1	0	8	135,9,2,0,0	S-2 d3-5 d4-1 ip+8	
16	134	0	1	3	2	135,9,2,0,0	S-1 d3-9 d4-1 d5+3 ip+2	
16	134	0	3	1	4	135,9,2,0,0	S-1 d3-9 d4+1 d5+1 ip+4	
16	134	0	5	0	3	135,9,2,0,0	S-1 d3-9 d4+3 ip+3	
16	134	1	1	2	4	135,9,2,0,0	S-1 d3-8 d4-1 d5+2 ip+4	
16	134	1	3	0	6	135,9,2,0,0	S-1 d3-8 d4+1 ip+6	
16	134	2	1	1	6	135,9,2,0,0	S-1 d3-7 d4-1 d5+1 ip+6	
16	134	3	1	0	8	135,9,2,0,0	S-1 d3-6 d4-1 ip+8	
16	135	0	1	2	4	135,9,2,0,0	d3-9 d4-1 d5+2 ip+4	
16	135	0	3	0	6	135,9,2,0,0	d3-9 d4+1 ip+6	
16	135	1	1	1	6	135,9,2,0,0	d3-8 d4-1 d5+1 ip+6	
16	135	2	1	0	8	135,9,2,0,0	d3-7 d4-1 ip+8	
16	136	0	0	3	2	138,8,1,0,0	S-2 d3-8 d4-1 d5+3 ip+2	
16	136	0	3	0	5	135,9,2,0,0	S+1 d3-9 d4+1 ip+5	
16	136	1	0	2	4	138,8,1,0,0	S-2 d3-7 d4-1 d5+2 ip+4	
16	136	2	0	1	6	138,8,1,0,0	S-2 d3-6 d4-1 d5+1 ip+6	
16	136	3	0	0	8	138,8,1,0,0	S-2 d3-5 d4-1 ip+8	
16	137	0	0	2	4	138,8,1,0,0	S-1 d3-8 d4-1 d5+2 ip+4	
16	137	0	2	0	6	138,8,1,0,0	S-1 d3-8 d4+1 ip+6	
16	137	1	0	1	6	138,8,1,0,0	S-1 d3-7 d4-1 d5+1 ip+6	
16	137	2	0	0	8	138,8,1,0,0	S-1 d3-6 d4-1 ip+8	
16	138	0	0	1	6	138,8,1,0,0	d3-8 d4-1 d5+1 ip+6	
16	138	1	0	0	8	138,8,1,0,0	d3-7 d4-1 ip+8	
16	139	0	0	0	8	140,6,1,0,0	S-1 d3-6 d4-1 ip+8	
17	122	9	2	4	0	135,9,2,0,0	S-13 d5+4	s11-grammar-subregion-closed
17	123	8	2	4	0	135,9,2,0,0	S-12 d3-1 d5+4	s11-grammar-subregion-closed
17	123	9	2	3	2	135,9,2,0,0	S-12 d5+3 ip+2	
17	123	9	4	2	1	135,9,2,0,0	S-12 d4+2 d5+2 ip+1	
17	123	9	6	1	0	135,9,2,0,0	S-12 d4+4 d5+1	s11-grammar-subregion-closed
17	123	10	2	3	1	135,9,2,0,0	S-12 d3+1 d5+3 ip+1	
17	123	10	4	2	0	135,9,2,0,0	S-12 d3+1 d4+2 d5+2	s11-grammar-subregion-closed
17	123	11	2	3	0	135,9,2,0,0	S-12 d3+2 d5+3	s11-grammar-subregion-closed
17	124	7	2	4	0	135,9,2,0,0	S-11 d3-2 d5+4	s11-grammar-subregion-closed
17	124	8	2	3	2	135,9,2,0,0	S-11 d3-1 d5+3 ip+2	
17	124	8	4	2	1	135,9,2,0,0	S-11 d3-1 d4+2 d5+2 ip+1	
17	124	8	6	1	0	135,9,2,0,0	S-11 d3-1 d4+4 d5+1	s11-grammar-subregion-closed
17	124	9	2	2	4	135,9,2,0,0	S-11 d5+2 ip+4	
17	124	9	4	1	3	135,9,2,0,0	S-11 d4+2 d5+1 ip+3	
17	124	9	6	0	2	135,9,2,0,0	S-11 d4+4 ip+2	
17	124	10	2	2	3	135,9,2,0,0	S-11 d3+1 d5+2 ip+3	
17	124	10	4	1	2	135,9,2,0,0	S-11 d3+1 d4+2 d5+1 ip+2	
17	124	10	6	0	1	135,9,2,0,0	S-11 d3+1 d4+4 ip+1	
17	124	11	2	2	2	135,9,2,0,0	S-11 d3+2 d5+2 ip+2	
17	124	11	4	1	1	135,9,2,0,0	S-11 d3+2 d4+2 d5+1 ip+1	
17	124	11	6	0	0	135,9,2,0,0	S-11 d3+2 d4+4	s11-grammar-subregion-closed
17	124	12	2	2	1	135,9,2,0,0	S-11 d3+3 d5+2 ip+1	
17	124	12	4	1	0	135,9,2,0,0	S-11 d3+3 d4+2 d5+1	s11-grammar-subregion-closed
17	124	13	2	2	0	135,9,2,0,0	S-11 d3+4 d5+2	s11-grammar-subregion-closed
17	125	6	2	4	0	135,9,2,0,0	S-10 d3-3 d5+4	s11-grammar-subregion-closed
17	125	7	2	3	2	135,9,2,0,0	S-10 d3-2 d5+3 ip+2	
17	125	7	4	2	1	135,9,2,0,0	S-10 d3-2 d4+2 d5+2 ip+1	
17	125	7	6	1	0	135,9,2,0,0	S-10 d3-2 d4+4 d5+1	s11-grammar-subregion-closed
17	125	8	2	2	4	135,9,2,0,0	S-10 d3-1 d5+2 ip+4	
17	125	8	4	1	3	135,9,2,0,0	S-10 d3-1 d4+2 d5+1 ip+3	
17	125	8	6	0	2	135,9,2,0,0	S-10 d3-1 d4+4 ip+2	
17	125	9	0	4	1	135,9,2,0,0	S-10 d4-2 d5+4 ip+1	
17	125	9	2	1	6	135,9,2,0,0	S-10 d5+1 ip+6	
17	125	9	4	0	5	135,9,2,0,0	S-10 d4+2 ip+5	
17	125	10	0	4	0	135,9,2,0,0	S-10 d3+1 d4-2 d5+4	s11-grammar-subregion-closed
17	125	10	2	1	5	135,9,2,0,0	S-10 d3+1 d5+1 ip+5	
17	125	10	4	0	4	135,9,2,0,0	S-10 d3+1 d4+2 ip+4	
17	125	11	2	1	4	135,9,2,0,0	S-10 d3+2 d5+1 ip+4	
17	125	11	4	0	3	135,9,2,0,0	S-10 d3+2 d4+2 ip+3	
17	125	12	2	1	3	135,9,2,0,0	S-10 d3+3 d5+1 ip+3	
17	125	12	4	0	2	135,9,2,0,0	S-10 d3+3 d4+2 ip+2	
17	125	13	2	1	2	135,9,2,0,0	S-10 d3+4 d5+1 ip+2	
17	125	13	4	0	1	135,9,2,0,0	S-10 d3+4 d4+2 ip+1	
17	125	14	2	1	1	135,9,2,0,0	S-10 d3+5 d5+1 ip+1	
17	125	14	4	0	0	135,9,2,0,0	S-10 d3+5 d4+2	s11-grammar-subregion-closed
17	125	15	2	1	0	135,9,2,0,0	S-10 d3+6 d5+1	s11-grammar-subregion-closed
17	126	5	2	4	0	135,9,2,0,0	S-9 d3-4 d5+4	s11-grammar-subregion-closed
17	126	6	2	3	2	135,9,2,0,0	S-9 d3-3 d5+3 ip+2	
17	126	6	4	2	1	135,9,2,0,0	S-9 d3-3 d4+2 d5+2 ip+1	
17	126	6	6	1	0	135,9,2,0,0	S-9 d3-3 d4+4 d5+1	s11-grammar-subregion-closed
17	126	7	2	2	4	135,9,2,0,0	S-9 d3-2 d5+2 ip+4	
17	126	7	4	1	3	135,9,2,0,0	S-9 d3-2 d4+2 d5+1 ip+3	
17	126	7	6	0	2	135,9,2,0,0	S-9 d3-2 d4+4 ip+2	
17	126	8	0	4	1	135,9,2,0,0	S-9 d3-1 d4-2 d5+4 ip+1	
17	126	8	2	1	6	135,9,2,0,0	S-9 d3-1 d5+1 ip+6	
17	126	8	4	0	5	135,9,2,0,0	S-9 d3-1 d4+2 ip+5	
17	126	9	0	3	3	135,9,2,0,0	S-9 d4-2 d5+3 ip+3	
17	126	9	2	0	8	135,9,2,0,0	S-9 ip+8	
17	126	10	0	3	2	135,9,2,0,0	S-9 d3+1 d4-2 d5+3 ip+2	
17	126	10	2	0	7	135,9,2,0,0	S-9 d3+1 ip+7	
17	126	11	0	3	1	135,9,2,0,0	S-9 d3+2 d4-2 d5+3 ip+1	
17	126	11	2	0	6	135,9,2,0,0	S-9 d3+2 ip+6	
17	126	12	0	3	0	135,9,2,0,0	S-9 d3+3 d4-2 d5+3	s11-grammar-subregion-closed
17	126	12	2	0	5	135,9,2,0,0	S-9 d3+3 ip+5	
17	126	13	2	0	4	135,9,2,0,0	S-9 d3+4 ip+4	
17	126	14	2	0	3	135,9,2,0,0	S-9 d3+5 ip+3	
17	126	15	2	0	2	135,9,2,0,0	S-9 d3+6 ip+2	
17	126	16	2	0	1	135,9,2,0,0	S-9 d3+7 ip+1	
17	126	17	2	0	0	135,9,2,0,0	S-9 d3+8	s11-grammar-subregion-closed
17	127	4	2	4	0	135,9,2,0,0	S-8 d3-5 d5+4	s11-grammar-subregion-closed
17	127	5	2	3	2	135,9,2,0,0	S-8 d3-4 d5+3 ip+2	
17	127	5	4	2	1	135,9,2,0,0	S-8 d3-4 d4+2 d5+2 ip+1	
17	127	5	6	1	0	135,9,2,0,0	S-8 d3-4 d4+4 d5+1	s11-grammar-subregion-closed
17	127	6	2	2	4	135,9,2,0,0	S-8 d3-3 d5+2 ip+4	
17	127	6	4	1	3	135,9,2,0,0	S-8 d3-3 d4+2 d5+1 ip+3	
17	127	6	6	0	2	135,9,2,0,0	S-8 d3-3 d4+4 ip+2	
17	127	7	0	4	1	135,9,2,0,0	S-8 d3-2 d4-2 d5+4 ip+1	
17	127	7	2	1	6	135,9,2,0,0	S-8 d3-2 d5+1 ip+6	
17	127	7	4	0	5	135,9,2,0,0	S-8 d3-2 d4+2 ip+5	
17	127	8	0	3	3	135,9,2,0,0	S-8 d3-1 d4-2 d5+3 ip+3	
17	127	8	2	0	8	135,9,2,0,0	S-8 d3-1 ip+8	
17	127	9	0	2	5	135,9,2,0,0	S-8 d4-2 d5+2 ip+5	
17	127	10	0	2	4	135,9,2,0,0	S-8 d3+1 d4-2 d5+2 ip+4	
17	127	11	0	2	3	135,9,2,0,0	S-8 d3+2 d4-2 d5+2 ip+3	
17	127	12	0	2	2	135,9,2,0,0	S-8 d3+3 d4-2 d5+2 ip+2	
17	127	13	0	2	1	135,9,2,0,0	S-8 d3+4 d4-2 d5+2 ip+1	
17	127	14	0	2	0	135,9,2,0,0	S-8 d3+5 d4-2 d5+2	s11-grammar-subregion-closed
17	128	3	2	4	0	135,9,2,0,0	S-7 d3-6 d5+4	s11-grammar-subregion-closed
17	128	4	2	3	2	135,9,2,0,0	S-7 d3-5 d5+3 ip+2	
17	128	4	4	2	1	135,9,2,0,0	S-7 d3-5 d4+2 d5+2 ip+1	
17	128	4	6	1	0	135,9,2,0,0	S-7 d3-5 d4+4 d5+1	s11-grammar-subregion-closed
17	128	5	2	2	4	135,9,2,0,0	S-7 d3-4 d5+2 ip+4	
17	128	5	4	1	3	135,9,2,0,0	S-7 d3-4 d4+2 d5+1 ip+3	
17	128	5	6	0	2	135,9,2,0,0	S-7 d3-4 d4+4 ip+2	
17	128	6	0	4	1	135,9,2,0,0	S-7 d3-3 d4-2 d5+4 ip+1	
17	128	6	2	1	6	135,9,2,0,0	S-7 d3-3 d5+1 ip+6	
17	128	6	4	0	5	135,9,2,0,0	S-7 d3-3 d4+2 ip+5	
17	128	7	0	3	3	135,9,2,0,0	S-7 d3-2 d4-2 d5+3 ip+3	
17	128	7	2	0	8	135,9,2,0,0	S-7 d3-2 ip+8	
17	128	8	0	2	5	135,9,2,0,0	S-7 d3-1 d4-2 d5+2 ip+5	
17	128	9	0	1	7	135,9,2,0,0	S-7 d4-2 d5+1 ip+7	
17	128	10	0	1	6	135,9,2,0,0	S-7 d3+1 d4-2 d5+1 ip+6	
17	128	11	0	1	5	135,9,2,0,0	S-7 d3+2 d4-2 d5+1 ip+5	
17	128	12	0	1	4	135,9,2,0,0	S-7 d3+3 d4-2 d5+1 ip+4	
17	128	13	0	1	3	135,9,2,0,0	S-7 d3+4 d4-2 d5+1 ip+3	
17	128	14	0	1	2	135,9,2,0,0	S-7 d3+5 d4-2 d5+1 ip+2	
17	128	15	0	1	1	135,9,2,0,0	S-7 d3+6 d4-2 d5+1 ip+1	
17	128	16	0	1	0	135,9,2,0,0	S-7 d3+7 d4-2 d5+1	s11-grammar-subregion-closed
17	129	2	2	4	0	135,9,2,0,0	S-6 d3-7 d5+4	s11-grammar-subregion-closed
17	129	3	2	3	2	135,9,2,0,0	S-6 d3-6 d5+3 ip+2	
17	129	3	4	2	1	135,9,2,0,0	S-6 d3-6 d4+2 d5+2 ip+1	
17	129	3	6	1	0	135,9,2,0,0	S-6 d3-6 d4+4 d5+1	s11-grammar-subregion-closed
17	129	4	2	2	4	135,9,2,0,0	S-6 d3-5 d5+2 ip+4	
17	129	4	4	1	3	135,9,2,0,0	S-6 d3-5 d4+2 d5+1 ip+3	
17	129	4	6	0	2	135,9,2,0,0	S-6 d3-5 d4+4 ip+2	
17	129	5	0	4	1	135,9,2,0,0	S-6 d3-4 d4-2 d5+4 ip+1	
17	129	5	2	1	6	135,9,2,0,0	S-6 d3-4 d5+1 ip+6	
17	129	5	4	0	5	135,9,2,0,0	S-6 d3-4 d4+2 ip+5	
17	129	6	0	3	3	135,9,2,0,0	S-6 d3-3 d4-2 d5+3 ip+3	
17	129	6	2	0	8	135,9,2,0,0	S-6 d3-3 ip+8	
17	129	7	0	2	5	135,9,2,0,0	S-6 d3-2 d4-2 d5+2 ip+5	
17	129	8	0	1	7	135,9,2,0,0	S-6 d3-1 d4-2 d5+1 ip+7	
17	129	9	0	0	9	135,9,2,0,0	S-6 d4-2 ip+9	
17	129	10	0	0	8	135,9,2,0,0	S-6 d3+1 d4-2 ip+8	
17	129	11	0	0	7	135,9,2,0,0	S-6 d3+2 d4-2 ip+7	
17	129	12	0	0	6	135,9,2,0,0	S-6 d3+3 d4-2 ip+6	
17	129	13	0	0	5	135,9,2,0,0	S-6 d3+4 d4-2 ip+5	
17	129	14	0	0	4	135,9,2,0,0	S-6 d3+5 d4-2 ip+4	
17	129	15	0	0	3	135,9,2,0,0	S-6 d3+6 d4-2 ip+3	
17	129	16	0	0	2	135,9,2,0,0	S-6 d3+7 d4-2 ip+2	
17	129	17	0	0	1	135,9,2,0,0	S-6 d3+8 d4-2 ip+1	
17	129	18	0	0	0	135,9,2,0,0	S-6 d3+9 d4-2	s11-grammar-subregion-closed
17	130	1	2	4	0	135,9,2,0,0	S-5 d3-8 d5+4	s11-grammar-subregion-closed
17	130	2	2	3	2	135,9,2,0,0	S-5 d3-7 d5+3 ip+2	
17	130	2	4	2	1	135,9,2,0,0	S-5 d3-7 d4+2 d5+2 ip+1	
17	130	2	6	1	0	135,9,2,0,0	S-5 d3-7 d4+4 d5+1	s11-grammar-subregion-closed
17	130	3	2	2	4	135,9,2,0,0	S-5 d3-6 d5+2 ip+4	
17	130	3	4	1	3	135,9,2,0,0	S-5 d3-6 d4+2 d5+1 ip+3	
17	130	3	6	0	2	135,9,2,0,0	S-5 d3-6 d4+4 ip+2	
17	130	4	0	4	1	135,9,2,0,0	S-5 d3-5 d4-2 d5+4 ip+1	
17	130	4	2	1	6	135,9,2,0,0	S-5 d3-5 d5+1 ip+6	
17	130	4	4	0	5	135,9,2,0,0	S-5 d3-5 d4+2 ip+5	
17	130	5	0	3	3	135,9,2,0,0	S-5 d3-4 d4-2 d5+3 ip+3	
17	130	5	2	0	8	135,9,2,0,0	S-5 d3-4 ip+8	
17	130	6	0	2	5	135,9,2,0,0	S-5 d3-3 d4-2 d5+2 ip+5	
17	130	7	0	1	7	135,9,2,0,0	S-5 d3-2 d4-2 d5+1 ip+7	
17	130	8	0	0	9	135,9,2,0,0	S-5 d3-1 d4-2 ip+9	
17	131	0	2	4	0	135,9,2,0,0	S-4 d3-9 d5+4	s11-grammar-subregion-closed
17	131	1	2	3	2	135,9,2,0,0	S-4 d3-8 d5+3 ip+2	
17	131	1	4	2	1	135,9,2,0,0	S-4 d3-8 d4+2 d5+2 ip+1	
17	131	1	6	1	0	135,9,2,0,0	S-4 d3-8 d4+4 d5+1	s11-grammar-subregion-closed
17	131	2	2	2	4	135,9,2,0,0	S-4 d3-7 d5+2 ip+4	
17	131	2	4	1	3	135,9,2,0,0	S-4 d3-7 d4+2 d5+1 ip+3	
17	131	2	6	0	2	135,9,2,0,0	S-4 d3-7 d4+4 ip+2	
17	131	3	0	4	1	135,9,2,0,0	S-4 d3-6 d4-2 d5+4 ip+1	
17	131	3	2	1	6	135,9,2,0,0	S-4 d3-6 d5+1 ip+6	
17	131	3	4	0	5	135,9,2,0,0	S-4 d3-6 d4+2 ip+5	
17	131	4	0	3	3	135,9,2,0,0	S-4 d3-5 d4-2 d5+3 ip+3	
17	131	4	2	0	8	135,9,2,0,0	S-4 d3-5 ip+8	
17	131	5	0	2	5	135,9,2,0,0	S-4 d3-4 d4-2 d5+2 ip+5	
17	131	6	0	1	7	135,9,2,0,0	S-4 d3-3 d4-2 d5+1 ip+7	
17	131	7	0	0	9	135,9,2,0,0	S-4 d3-2 d4-2 ip+9	
17	132	0	2	3	2	135,9,2,0,0	S-3 d3-9 d5+3 ip+2	
17	132	0	4	2	1	135,9,2,0,0	S-3 d3-9 d4+2 d5+2 ip+1	
17	132	0	6	1	0	135,9,2,0,0	S-3 d3-9 d4+4 d5+1	s11-grammar-subregion-closed
17	132	1	2	2	4	135,9,2,0,0	S-3 d3-8 d5+2 ip+4	
17	132	1	4	1	3	135,9,2,0,0	S-3 d3-8 d4+2 d5+1 ip+3	
17	132	1	6	0	2	135,9,2,0,0	S-3 d3-8 d4+4 ip+2	
17	132	2	0	4	1	135,9,2,0,0	S-3 d3-7 d4-2 d5+4 ip+1	
17	132	2	2	1	6	135,9,2,0,0	S-3 d3-7 d5+1 ip+6	
17	132	2	4	0	5	135,9,2,0,0	S-3 d3-7 d4+2 ip+5	
17	132	3	0	3	3	135,9,2,0,0	S-3 d3-6 d4-2 d5+3 ip+3	
17	132	3	2	0	8	135,9,2,0,0	S-3 d3-6 ip+8	
17	132	4	0	2	5	135,9,2,0,0	S-3 d3-5 d4-2 d5+2 ip+5	
17	132	5	0	1	7	135,9,2,0,0	S-3 d3-4 d4-2 d5+1 ip+7	
17	132	6	0	0	9	135,9,2,0,0	S-3 d3-3 d4-2 ip+9	
17	133	0	2	2	4	135,9,2,0,0	S-2 d3-9 d5+2 ip+4	
17	133	0	4	1	3	135,9,2,0,0	S-2 d3-9 d4+2 d5+1 ip+3	
17	133	0	6	0	2	135,9,2,0,0	S-2 d3-9 d4+4 ip+2	
17	133	1	0	4	1	135,9,2,0,0	S-2 d3-8 d4-2 d5+4 ip+1	
17	133	1	2	1	6	135,9,2,0,0	S-2 d3-8 d5+1 ip+6	
17	133	1	4	0	5	135,9,2,0,0	S-2 d3-8 d4+2 ip+5	
17	133	2	0	3	3	135,9,2,0,0	S-2 d3-7 d4-2 d5+3 ip+3	
17	133	2	2	0	8	135,9,2,0,0	S-2 d3-7 ip+8	
17	133	3	0	2	5	135,9,2,0,0	S-2 d3-6 d4-2 d5+2 ip+5	
17	133	4	0	1	7	135,9,2,0,0	S-2 d3-5 d4-2 d5+1 ip+7	
17	133	5	0	0	9	135,9,2,0,0	S-2 d3-4 d4-2 ip+9	
17	134	0	0	4	1	135,9,2,0,0	S-1 d3-9 d4-2 d5+4 ip+1	
17	134	0	2	1	6	135,9,2,0,0	S-1 d3-9 d5+1 ip+6	
17	134	0	4	0	5	135,9,2,0,0	S-1 d3-9 d4+2 ip+5	
17	134	1	0	3	3	135,9,2,0,0	S-1 d3-8 d4-2 d5+3 ip+3	
17	134	1	2	0	8	135,9,2,0,0	S-1 d3-8 ip+8	
17	134	2	0	2	5	135,9,2,0,0	S-1 d3-7 d4-2 d5+2 ip+5	
17	134	3	0	1	7	135,9,2,0,0	S-1 d3-6 d4-2 d5+1 ip+7	
17	134	4	0	0	9	135,9,2,0,0	S-1 d3-5 d4-2 ip+9	
17	135	0	0	3	3	135,9,2,0,0	d3-9 d4-2 d5+3 ip+3	
17	135	0	2	0	8	135,9,2,0,0	d3-9 ip+8	
17	135	1	0	2	5	135,9,2,0,0	d3-8 d4-2 d5+2 ip+5	
17	135	2	0	1	7	135,9,2,0,0	d3-7 d4-2 d5+1 ip+7	
17	135	3	0	0	9	135,9,2,0,0	d3-6 d4-2 ip+9	
17	136	0	1	1	6	138,8,1,0,0	S-2 d3-8 d5+1 ip+6	
17	136	0	2	0	7	135,9,2,0,0	S+1 d3-9 ip+7	
17	136	1	1	0	8	138,8,1,0,0	S-2 d3-7 ip+8	
17	137	0	1	0	8	138,8,1,0,0	S-1 d3-8 ip+8	
18	122	9	3	3	1	135,9,2,0,0	S-13 d4+1 d5+3 ip+1	
18	122	9	5	2	0	135,9,2,0,0	S-13 d4+3 d5+2	s11-grammar-subregion-closed
18	122	10	3	3	0	135,9,2,0,0	S-13 d3+1 d4+1 d5+3	s11-grammar-subregion-closed
18	123	8	3	3	1	135,9,2,0,0	S-12 d3-1 d4+1 d5+3 ip+1	
18	123	8	5	2	0	135,9,2,0,0	S-12 d3-1 d4+3 d5+2	s11-grammar-subregion-closed
18	123	9	1	4	1	135,9,2,0,0	S-12 d4-1 d5+4 ip+1	
18	123	9	3	2	3	135,9,2,0,0	S-12 d4+1 d5+2 ip+3	
18	123	9	5	1	2	135,9,2,0,0	S-12 d4+3 d5+1 ip+2	
18	123	9	7	0	1	135,9,2,0,0	S-12 d4+5 ip+1	
18	123	10	1	4	0	135,9,2,0,0	S-12 d3+1 d4-1 d5+4	s11-grammar-subregion-closed
18	123	10	3	2	2	135,9,2,0,0	S-12 d3+1 d4+1 d5+2 ip+2	
18	123	10	5	1	1	135,9,2,0,0	S-12 d3+1 d4+3 d5+1 ip+1	
18	123	10	7	0	0	135,9,2,0,0	S-12 d3+1 d4+5	s11-grammar-subregion-closed
18	123	11	3	2	1	135,9,2,0,0	S-12 d3+2 d4+1 d5+2 ip+1	
18	123	11	5	1	0	135,9,2,0,0	S-12 d3+2 d4+3 d5+1	s11-grammar-subregion-closed
18	123	12	3	2	0	135,9,2,0,0	S-12 d3+3 d4+1 d5+2	s11-grammar-subregion-closed
18	124	7	3	3	1	135,9,2,0,0	S-11 d3-2 d4+1 d5+3 ip+1	
18	124	7	5	2	0	135,9,2,0,0	S-11 d3-2 d4+3 d5+2	s11-grammar-subregion-closed
18	124	8	1	4	1	135,9,2,0,0	S-11 d3-1 d4-1 d5+4 ip+1	
18	124	8	3	2	3	135,9,2,0,0	S-11 d3-1 d4+1 d5+2 ip+3	
18	124	8	5	1	2	135,9,2,0,0	S-11 d3-1 d4+3 d5+1 ip+2	
18	124	8	7	0	1	135,9,2,0,0	S-11 d3-1 d4+5 ip+1	
18	124	9	1	3	3	135,9,2,0,0	S-11 d4-1 d5+3 ip+3	
18	124	9	3	1	5	135,9,2,0,0	S-11 d4+1 d5+1 ip+5	
18	124	9	5	0	4	135,9,2,0,0	S-11 d4+3 ip+4	
18	124	10	1	3	2	135,9,2,0,0	S-11 d3+1 d4-1 d5+3 ip+2	
18	124	10	3	1	4	135,9,2,0,0	S-11 d3+1 d4+1 d5+1 ip+4	
18	124	10	5	0	3	135,9,2,0,0	S-11 d3+1 d4+3 ip+3	
18	124	11	1	3	1	135,9,2,0,0	S-11 d3+2 d4-1 d5+3 ip+1	
18	124	11	3	1	3	135,9,2,0,0	S-11 d3+2 d4+1 d5+1 ip+3	
18	124	11	5	0	2	135,9,2,0,0	S-11 d3+2 d4+3 ip+2	
18	124	12	1	3	0	135,9,2,0,0	S-11 d3+3 d4-1 d5+3	s11-grammar-subregion-closed
18	124	12	3	1	2	135,9,2,0,0	S-11 d3+3 d4+1 d5+1 ip+2	
18	124	12	5	0	1	135,9,2,0,0	S-11 d3+3 d4+3 ip+1	
18	124	13	3	1	1	135,9,2,0,0	S-11 d3+4 d4+1 d5+1 ip+1	
18	124	13	5	0	0	135,9,2,0,0	S-11 d3+4 d4+3	s11-grammar-subregion-closed
18	124	14	3	1	0	135,9,2,0,0	S-11 d3+5 d4+1 d5+1	s11-grammar-subregion-closed
18	125	6	3	3	1	135,9,2,0,0	S-10 d3-3 d4+1 d5+3 ip+1	
18	125	6	5	2	0	135,9,2,0,0	S-10 d3-3 d4+3 d5+2	s11-grammar-subregion-closed
18	125	7	1	4	1	135,9,2,0,0	S-10 d3-2 d4-1 d5+4 ip+1	
18	125	7	3	2	3	135,9,2,0,0	S-10 d3-2 d4+1 d5+2 ip+3	
18	125	7	5	1	2	135,9,2,0,0	S-10 d3-2 d4+3 d5+1 ip+2	
18	125	7	7	0	1	135,9,2,0,0	S-10 d3-2 d4+5 ip+1	
18	125	8	1	3	3	135,9,2,0,0	S-10 d3-1 d4-1 d5+3 ip+3	
18	125	8	3	1	5	135,9,2,0,0	S-10 d3-1 d4+1 d5+1 ip+5	
18	125	8	5	0	4	135,9,2,0,0	S-10 d3-1 d4+3 ip+4	
18	125	9	1	2	5	135,9,2,0,0	S-10 d4-1 d5+2 ip+5	
18	125	9	3	0	7	135,9,2,0,0	S-10 d4+1 ip+7	
18	125	10	1	2	4	135,9,2,0,0	S-10 d3+1 d4-1 d5+2 ip+4	
18	125	10	3	0	6	135,9,2,0,0	S-10 d3+1 d4+1 ip+6	
18	125	11	1	2	3	135,9,2,0,0	S-10 d3+2 d4-1 d5+2 ip+3	
18	125	11	3	0	5	135,9,2,0,0	S-10 d3+2 d4+1 ip+5	
18	125	12	1	2	2	135,9,2,0,0	S-10 d3+3 d4-1 d5+2 ip+2	
18	125	12	3	0	4	135,9,2,0,0	S-10 d3+3 d4+1 ip+4	
18	125	13	1	2	1	135,9,2,0,0	S-10 d3+4 d4-1 d5+2 ip+1	
18	125	13	3	0	3	135,9,2,0,0	S-10 d3+4 d4+1 ip+3	
18	125	14	1	2	0	135,9,2,0,0	S-10 d3+5 d4-1 d5+2	s11-grammar-subregion-closed
18	125	14	3	0	2	135,9,2,0,0	S-10 d3+5 d4+1 ip+2	
18	125	15	3	0	1	135,9,2,0,0	S-10 d3+6 d4+1 ip+1	
18	125	16	3	0	0	135,9,2,0,0	S-10 d3+7 d4+1	s11-grammar-subregion-closed
18	126	5	3	3	1	135,9,2,0,0	S-9 d3-4 d4+1 d5+3 ip+1	
18	126	5	5	2	0	135,9,2,0,0	S-9 d3-4 d4+3 d5+2	s11-grammar-subregion-closed
18	126	6	1	4	1	135,9,2,0,0	S-9 d3-3 d4-1 d5+4 ip+1	
18	126	6	3	2	3	135,9,2,0,0	S-9 d3-3 d4+1 d5+2 ip+3	
18	126	6	5	1	2	135,9,2,0,0	S-9 d3-3 d4+3 d5+1 ip+2	
18	126	6	7	0	1	135,9,2,0,0	S-9 d3-3 d4+5 ip+1	
18	126	7	1	3	3	135,9,2,0,0	S-9 d3-2 d4-1 d5+3 ip+3	
18	126	7	3	1	5	135,9,2,0,0	S-9 d3-2 d4+1 d5+1 ip+5	
18	126	7	5	0	4	135,9,2,0,0	S-9 d3-2 d4+3 ip+4	
18	126	8	1	2	5	135,9,2,0,0	S-9 d3-1 d4-1 d5+2 ip+5	
18	126	8	3	0	7	135,9,2,0,0	S-9 d3-1 d4+1 ip+7	
18	126	9	1	1	7	135,9,2,0,0	S-9 d4-1 d5+1 ip+7	
18	126	10	1	1	6	135,9,2,0,0	S-9 d3+1 d4-1 d5+1 ip+6	
18	126	11	1	1	5	135,9,2,0,0	S-9 d3+2 d4-1 d5+1 ip+5	
18	126	12	1	1	4	135,9,2,0,0	S-9 d3+3 d4-1 d5+1 ip+4	
18	126	13	1	1	3	135,9,2,0,0	S-9 d3+4 d4-1 d5+1 ip+3	
18	126	14	1	1	2	135,9,2,0,0	S-9 d3+5 d4-1 d5+1 ip+2	
18	126	15	1	1	1	135,9,2,0,0	S-9 d3+6 d4-1 d5+1 ip+1	
18	126	16	1	1	0	135,9,2,0,0	S-9 d3+7 d4-1 d5+1	s11-grammar-subregion-closed
18	127	4	3	3	1	135,9,2,0,0	S-8 d3-5 d4+1 d5+3 ip+1	
18	127	4	5	2	0	135,9,2,0,0	S-8 d3-5 d4+3 d5+2	s11-grammar-subregion-closed
18	127	5	1	4	1	135,9,2,0,0	S-8 d3-4 d4-1 d5+4 ip+1	
18	127	5	3	2	3	135,9,2,0,0	S-8 d3-4 d4+1 d5+2 ip+3	
18	127	5	5	1	2	135,9,2,0,0	S-8 d3-4 d4+3 d5+1 ip+2	
18	127	5	7	0	1	135,9,2,0,0	S-8 d3-4 d4+5 ip+1	
18	127	6	1	3	3	135,9,2,0,0	S-8 d3-3 d4-1 d5+3 ip+3	
18	127	6	3	1	5	135,9,2,0,0	S-8 d3-3 d4+1 d5+1 ip+5	
18	127	6	5	0	4	135,9,2,0,0	S-8 d3-3 d4+3 ip+4	
18	127	7	1	2	5	135,9,2,0,0	S-8 d3-2 d4-1 d5+2 ip+5	
18	127	7	3	0	7	135,9,2,0,0	S-8 d3-2 d4+1 ip+7	
18	127	8	1	1	7	135,9,2,0,0	S-8 d3-1 d4-1 d5+1 ip+7	
18	127	9	1	0	9	135,9,2,0,0	S-8 d4-1 ip+9	
18	127	10	1	0	8	135,9,2,0,0	S-8 d3+1 d4-1 ip+8	
18	127	11	1	0	7	135,9,2,0,0	S-8 d3+2 d4-1 ip+7	
18	127	12	1	0	6	135,9,2,0,0	S-8 d3+3 d4-1 ip+6	
18	127	13	1	0	5	135,9,2,0,0	S-8 d3+4 d4-1 ip+5	
18	127	14	1	0	4	135,9,2,0,0	S-8 d3+5 d4-1 ip+4	
18	127	15	1	0	3	135,9,2,0,0	S-8 d3+6 d4-1 ip+3	
18	127	16	1	0	2	135,9,2,0,0	S-8 d3+7 d4-1 ip+2	
18	127	17	1	0	1	135,9,2,0,0	S-8 d3+8 d4-1 ip+1	
18	127	18	1	0	0	135,9,2,0,0	S-8 d3+9 d4-1	s11-grammar-subregion-closed
18	128	3	3	3	1	135,9,2,0,0	S-7 d3-6 d4+1 d5+3 ip+1	
18	128	3	5	2	0	135,9,2,0,0	S-7 d3-6 d4+3 d5+2	s11-grammar-subregion-closed
18	128	4	1	4	1	135,9,2,0,0	S-7 d3-5 d4-1 d5+4 ip+1	
18	128	4	3	2	3	135,9,2,0,0	S-7 d3-5 d4+1 d5+2 ip+3	
18	128	4	5	1	2	135,9,2,0,0	S-7 d3-5 d4+3 d5+1 ip+2	
18	128	4	7	0	1	135,9,2,0,0	S-7 d3-5 d4+5 ip+1	
18	128	5	1	3	3	135,9,2,0,0	S-7 d3-4 d4-1 d5+3 ip+3	
18	128	5	3	1	5	135,9,2,0,0	S-7 d3-4 d4+1 d5+1 ip+5	
18	128	5	5	0	4	135,9,2,0,0	S-7 d3-4 d4+3 ip+4	
18	128	6	1	2	5	135,9,2,0,0	S-7 d3-3 d4-1 d5+2 ip+5	
18	128	6	3	0	7	135,9,2,0,0	S-7 d3-3 d4+1 ip+7	
18	128	7	1	1	7	135,9,2,0,0	S-7 d3-2 d4-1 d5+1 ip+7	
18	128	8	1	0	9	135,9,2,0,0	S-7 d3-1 d4-1 ip+9	
18	129	2	3	3	1	135,9,2,0,0	S-6 d3-7 d4+1 d5+3 ip+1	
18	129	2	5	2	0	135,9,2,0,0	S-6 d3-7 d4+3 d5+2	s11-grammar-subregion-closed
18	129	3	1	4	1	135,9,2,0,0	S-6 d3-6 d4-1 d5+4 ip+1	
18	129	3	3	2	3	135,9,2,0,0	S-6 d3-6 d4+1 d5+2 ip+3	
18	129	3	5	1	2	135,9,2,0,0	S-6 d3-6 d4+3 d5+1 ip+2	
18	129	3	7	0	1	135,9,2,0,0	S-6 d3-6 d4+5 ip+1	
18	129	4	1	3	3	135,9,2,0,0	S-6 d3-5 d4-1 d5+3 ip+3	
18	129	4	3	1	5	135,9,2,0,0	S-6 d3-5 d4+1 d5+1 ip+5	
18	129	4	5	0	4	135,9,2,0,0	S-6 d3-5 d4+3 ip+4	
18	129	5	1	2	5	135,9,2,0,0	S-6 d3-4 d4-1 d5+2 ip+5	
18	129	5	3	0	7	135,9,2,0,0	S-6 d3-4 d4+1 ip+7	
18	129	6	1	1	7	135,9,2,0,0	S-6 d3-3 d4-1 d5+1 ip+7	
18	129	7	1	0	9	135,9,2,0,0	S-6 d3-2 d4-1 ip+9	
18	130	1	3	3	1	135,9,2,0,0	S-5 d3-8 d4+1 d5+3 ip+1	
18	130	1	5	2	0	135,9,2,0,0	S-5 d3-8 d4+3 d5+2	s11-grammar-subregion-closed
18	130	2	1	4	1	135,9,2,0,0	S-5 d3-7 d4-1 d5+4 ip+1	
18	130	2	3	2	3	135,9,2,0,0	S-5 d3-7 d4+1 d5+2 ip+3	
18	130	2	5	1	2	135,9,2,0,0	S-5 d3-7 d4+3 d5+1 ip+2	
18	130	2	7	0	1	135,9,2,0,0	S-5 d3-7 d4+5 ip+1	
18	130	3	1	3	3	135,9,2,0,0	S-5 d3-6 d4-1 d5+3 ip+3	
18	130	3	3	1	5	135,9,2,0,0	S-5 d3-6 d4+1 d5+1 ip+5	
18	130	3	5	0	4	135,9,2,0,0	S-5 d3-6 d4+3 ip+4	
18	130	4	1	2	5	135,9,2,0,0	S-5 d3-5 d4-1 d5+2 ip+5	
18	130	4	3	0	7	135,9,2,0,0	S-5 d3-5 d4+1 ip+7	
18	130	5	1	1	7	135,9,2,0,0	S-5 d3-4 d4-1 d5+1 ip+7	
18	130	6	1	0	9	135,9,2,0,0	S-5 d3-3 d4-1 ip+9	
18	131	0	3	3	1	135,9,2,0,0	S-4 d3-9 d4+1 d5+3 ip+1	
18	131	0	5	2	0	135,9,2,0,0	S-4 d3-9 d4+3 d5+2	s11-grammar-subregion-closed
18	131	1	1	4	1	135,9,2,0,0	S-4 d3-8 d4-1 d5+4 ip+1	
18	131	1	3	2	3	135,9,2,0,0	S-4 d3-8 d4+1 d5+2 ip+3	
18	131	1	5	1	2	135,9,2,0,0	S-4 d3-8 d4+3 d5+1 ip+2	
18	131	1	7	0	1	135,9,2,0,0	S-4 d3-8 d4+5 ip+1	
18	131	2	1	3	3	135,9,2,0,0	S-4 d3-7 d4-1 d5+3 ip+3	
18	131	2	3	1	5	135,9,2,0,0	S-4 d3-7 d4+1 d5+1 ip+5	
18	131	2	5	0	4	135,9,2,0,0	S-4 d3-7 d4+3 ip+4	
18	131	3	1	2	5	135,9,2,0,0	S-4 d3-6 d4-1 d5+2 ip+5	
18	131	3	3	0	7	135,9,2,0,0	S-4 d3-6 d4+1 ip+7	
18	131	4	1	1	7	135,9,2,0,0	S-4 d3-5 d4-1 d5+1 ip+7	
18	131	5	1	0	9	135,9,2,0,0	S-4 d3-4 d4-1 ip+9	
18	132	0	1	4	1	135,9,2,0,0	S-3 d3-9 d4-1 d5+4 ip+1	
18	132	0	3	2	3	135,9,2,0,0	S-3 d3-9 d4+1 d5+2 ip+3	
18	132	0	5	1	2	135,9,2,0,0	S-3 d3-9 d4+3 d5+1 ip+2	
18	132	0	7	0	1	135,9,2,0,0	S-3 d3-9 d4+5 ip+1	
18	132	1	1	3	3	135,9,2,0,0	S-3 d3-8 d4-1 d5+3 ip+3	
18	132	1	3	1	5	135,9,2,0,0	S-3 d3-8 d4+1 d5+1 ip+5	
18	132	1	5	0	4	135,9,2,0,0	S-3 d3-8 d4+3 ip+4	
18	132	2	1	2	5	135,9,2,0,0	S-3 d3-7 d4-1 d5+2 ip+5	
18	132	2	3	0	7	135,9,2,0,0	S-3 d3-7 d4+1 ip+7	
18	132	3	1	1	7	135,9,2,0,0	S-3 d3-6 d4-1 d5+1 ip+7	
18	132	4	1	0	9	135,9,2,0,0	S-3 d3-5 d4-1 ip+9	
18	133	0	1	3	3	135,9,2,0,0	S-2 d3-9 d4-1 d5+3 ip+3	
18	133	0	3	1	5	135,9,2,0,0	S-2 d3-9 d4+1 d5+1 ip+5	
18	133	0	5	0	4	135,9,2,0,0	S-2 d3-9 d4+3 ip+4	
18	133	1	1	2	5	135,9,2,0,0	S-2 d3-8 d4-1 d5+2 ip+5	
18	133	1	3	0	7	135,9,2,0,0	S-2 d3-8 d4+1 ip+7	
18	133	2	1	1	7	135,9,2,0,0	S-2 d3-7 d4-1 d5+1 ip+7	
18	133	3	1	0	9	135,9,2,0,0	S-2 d3-6 d4-1 ip+9	
18	134	0	1	2	5	135,9,2,0,0	S-1 d3-9 d4-1 d5+2 ip+5	
18	134	0	3	0	7	135,9,2,0,0	S-1 d3-9 d4+1 ip+7	
18	134	1	1	1	7	135,9,2,0,0	S-1 d3-8 d4-1 d5+1 ip+7	
18	134	2	1	0	9	135,9,2,0,0	S-1 d3-7 d4-1 ip+9	
18	135	0	1	1	7	135,9,2,0,0	d3-9 d4-1 d5+1 ip+7	
18	135	1	1	0	9	135,9,2,0,0	d3-8 d4-1 ip+9	
18	136	0	0	2	5	138,8,1,0,0	S-2 d3-8 d4-1 d5+2 ip+5	
18	136	1	0	1	7	138,8,1,0,0	S-2 d3-7 d4-1 d5+1 ip+7	
18	136	2	0	0	9	138,8,1,0,0	S-2 d3-6 d4-1 ip+9	
18	137	0	0	1	7	138,8,1,0,0	S-1 d3-8 d4-1 d5+1 ip+7	
18	137	1	0	0	9	138,8,1,0,0	S-1 d3-7 d4-1 ip+9	
18	138	0	0	0	9	138,8,1,0,0	d3-8 d4-1 ip+9	
19	121	9	2	4	1	135,9,2,0,0	S-14 d5+4 ip+1	
19	121	9	4	3	0	135,9,2,0,0	S-14 d4+2 d5+3	s11-grammar-subregion-closed
19	121	10	2	4	0	135,9,2,0,0	S-14 d3+1 d5+4	s11-grammar-subregion-closed
19	122	8	2	4	1	135,9,2,0,0	S-13 d3-1 d5+4 ip+1	
19	122	8	4	3	0	135,9,2,0,0	S-13 d3-1 d4+2 d5+3	s11-grammar-subregion-closed
19	122	9	2	3	3	135,9,2,0,0	S-13 d5+3 ip+3	
19	122	9	4	2	2	135,9,2,0,0	S-13 d4+2 d5+2 ip+2	
19	122	9	6	1	1	135,9,2,0,0	S-13 d4+4 d5+1 ip+1	
19	122	9	8	0	0	135,9,2,0,0	S-13 d4+6	s11-grammar-subregion-closed
19	122	10	2	3	2	135,9,2,0,0	S-13 d3+1 d5+3 ip+2	
19	122	10	4	2	1	135,9,2,0,0	S-13 d3+1 d4+2 d5+2 ip+1	
19	122	10	6	1	0	135,9,2,0,0	S-13 d3+1 d4+4 d5+1	s11-grammar-subregion-closed
19	122	11	2	3	1	135,9,2,0,0	S-13 d3+2 d5+3 ip+1	
19	122	11	4	2	0	135,9,2,0,0	S-13 d3+2 d4+2 d5+2	s11-grammar-subregion-closed
19	122	12	2	3	0	135,9,2,0,0	S-13 d3+3 d5+3	s11-grammar-subregion-closed
19	123	7	2	4	1	135,9,2,0,0	S-12 d3-2 d5+4 ip+1	
19	123	7	4	3	0	135,9,2,0,0	S-12 d3-2 d4+2 d5+3	s11-grammar-subregion-closed
19	123	8	2	3	3	135,9,2,0,0	S-12 d3-1 d5+3 ip+3	
19	123	8	4	2	2	135,9,2,0,0	S-12 d3-1 d4+2 d5+2 ip+2	
19	123	8	6	1	1	135,9,2,0,0	S-12 d3-1 d4+4 d5+1 ip+1	
19	123	8	8	0	0	135,9,2,0,0	S-12 d3-1 d4+6	s11-grammar-subregion-closed
19	123	9	0	5	0	135,9,2,0,0	S-12 d4-2 d5+5	s11-grammar-subregion-closed
19	123	9	2	2	5	135,9,2,0,0	S-12 d5+2 ip+5	
19	123	9	4	1	4	135,9,2,0,0	S-12 d4+2 d5+1 ip+4	
19	123	9	6	0	3	135,9,2,0,0	S-12 d4+4 ip+3	
19	123	10	2	2	4	135,9,2,0,0	S-12 d3+1 d5+2 ip+4	
19	123	10	4	1	3	135,9,2,0,0	S-12 d3+1 d4+2 d5+1 ip+3	
19	123	10	6	0	2	135,9,2,0,0	S-12 d3+1 d4+4 ip+2	
19	123	11	2	2	3	135,9,2,0,0	S-12 d3+2 d5+2 ip+3	
19	123	11	4	1	2	135,9,2,0,0	S-12 d3+2 d4+2 d5+1 ip+2	
19	123	11	6	0	1	135,9,2,0,0	S-12 d3+2 d4+4 ip+1	
19	123	12	2	2	2	135,9,2,0,0	S-12 d3+3 d5+2 ip+2	
19	123	12	4	1	1	135,9,2,0,0	S-12 d3+3 d4+2 d5+1 ip+1	
19	123	12	6	0	0	135,9,2,0,0	S-12 d3+3 d4+4	s11-grammar-subregion-closed
19	123	13	2	2	1	135,9,2,0,0	S-12 d3+4 d5+2 ip+1	
19	123	13	4	1	0	135,9,2,0,0	S-12 d3+4 d4+2 d5+1	s11-grammar-subregion-closed
19	123	14	2	2	0	135,9,2,0,0	S-12 d3+5 d5+2	s11-grammar-subregion-closed
19	124	6	2	4	1	135,9,2,0,0	S-11 d3-3 d5+4 ip+1	
19	124	6	4	3	0	135,9,2,0,0	S-11 d3-3 d4+2 d5+3	s11-grammar-subregion-closed
19	124	7	2	3	3	135,9,2,0,0	S-11 d3-2 d5+3 ip+3	
19	124	7	4	2	2	135,9,2,0,0	S-11 d3-2 d4+2 d5+2 ip+2	
19	124	7	6	1	1	135,9,2,0,0	S-11 d3-2 d4+4 d5+1 ip+1	
19	124	7	8	0	0	135,9,2,0,0	S-11 d3-2 d4+6	s11-grammar-subregion-closed
19	124	8	0	5	0	135,9,2,0,0	S-11 d3-1 d4-2 d5+5	s11-grammar-subregion-closed
19	124	8	2	2	5	135,9,2,0,0	S-11 d3-1 d5+2 ip+5	
19	124	8	4	1	4	135,9,2,0,0	S-11 d3-1 d4+2 d5+1 ip+4	
19	124	8	6	0	3	135,9,2,0,0	S-11 d3-1 d4+4 ip+3	
19	124	9	0	4	2	135,9,2,0,0	S-11 d4-2 d5+4 ip+2	
19	124	9	2	1	7	135,9,2,0,0	S-11 d5+1 ip+7	
19	124	9	4	0	6	135,9,2,0,0	S-11 d4+2 ip+6	
19	124	10	0	4	1	135,9,2,0,0	S-11 d3+1 d4-2 d5+4 ip+1	
19	124	10	2	1	6	135,9,2,0,0	S-11 d3+1 d5+1 ip+6	
19	124	10	4	0	5	135,9,2,0,0	S-11 d3+1 d4+2 ip+5	
19	124	11	0	4	0	135,9,2,0,0	S-11 d3+2 d4-2 d5+4	s11-grammar-subregion-closed
19	124	11	2	1	5	135,9,2,0,0	S-11 d3+2 d5+1 ip+5	
19	124	11	4	0	4	135,9,2,0,0	S-11 d3+2 d4+2 ip+4	
19	124	12	2	1	4	135,9,2,0,0	S-11 d3+3 d5+1 ip+4	
19	124	12	4	0	3	135,9,2,0,0	S-11 d3+3 d4+2 ip+3	
19	124	13	2	1	3	135,9,2,0,0	S-11 d3+4 d5+1 ip+3	
19	124	13	4	0	2	135,9,2,0,0	S-11 d3+4 d4+2 ip+2	
19	124	14	2	1	2	135,9,2,0,0	S-11 d3+5 d5+1 ip+2	
19	124	14	4	0	1	135,9,2,0,0	S-11 d3+5 d4+2 ip+1	
19	124	15	2	1	1	135,9,2,0,0	S-11 d3+6 d5+1 ip+1	
19	124	15	4	0	0	135,9,2,0,0	S-11 d3+6 d4+2	s11-grammar-subregion-closed
19	124	16	2	1	0	135,9,2,0,0	S-11 d3+7 d5+1	s11-grammar-subregion-closed
19	125	5	2	4	1	135,9,2,0,0	S-10 d3-4 d5+4 ip+1	
19	125	5	4	3	0	135,9,2,0,0	S-10 d3-4 d4+2 d5+3	s11-grammar-subregion-closed
19	125	6	2	3	3	135,9,2,0,0	S-10 d3-3 d5+3 ip+3	
19	125	6	4	2	2	135,9,2,0,0	S-10 d3-3 d4+2 d5+2 ip+2	
19	125	6	6	1	1	135,9,2,0,0	S-10 d3-3 d4+4 d5+1 ip+1	
19	125	6	8	0	0	135,9,2,0,0	S-10 d3-3 d4+6	s11-grammar-subregion-closed
19	125	7	0	5	0	135,9,2,0,0	S-10 d3-2 d4-2 d5+5	s11-grammar-subregion-closed
19	125	7	2	2	5	135,9,2,0,0	S-10 d3-2 d5+2 ip+5	
19	125	7	4	1	4	135,9,2,0,0	S-10 d3-2 d4+2 d5+1 ip+4	
19	125	7	6	0	3	135,9,2,0,0	S-10 d3-2 d4+4 ip+3	
19	125	8	0	4	2	135,9,2,0,0	S-10 d3-1 d4-2 d5+4 ip+2	
19	125	8	2	1	7	135,9,2,0,0	S-10 d3-1 d5+1 ip+7	
19	125	8	4	0	6	135,9,2,0,0	S-10 d3-1 d4+2 ip+6	
19	125	9	0	3	4	135,9,2,0,0	S-10 d4-2 d5+3 ip+4	
19	125	9	2	0	9	135,9,2,0,0	S-10 ip+9	
19	125	10	0	3	3	135,9,2,0,0	S-10 d3+1 d4-2 d5+3 ip+3	
19	125	10	2	0	8	135,9,2,0,0	S-10 d3+1 ip+8	
19	125	11	0	3	2	135,9,2,0,0	S-10 d3+2 d4-2 d5+3 ip+2	
19	125	11	2	0	7	135,9,2,0,0	S-10 d3+2 ip+7	
19	125	12	0	3	1	135,9,2,0,0	S-10 d3+3 d4-2 d5+3 ip+1	
19	125	12	2	0	6	135,9,2,0,0	S-10 d3+3 ip+6	
19	125	13	0	3	0	135,9,2,0,0	S-10 d3+4 d4-2 d5+3	s11-grammar-subregion-closed
19	125	13	2	0	5	135,9,2,0,0	S-10 d3+4 ip+5	
19	125	14	2	0	4	135,9,2,0,0	S-10 d3+5 ip+4	
19	125	15	2	0	3	135,9,2,0,0	S-10 d3+6 ip+3	
19	125	16	2	0	2	135,9,2,0,0	S-10 d3+7 ip+2	
19	125	17	2	0	1	135,9,2,0,0	S-10 d3+8 ip+1	
19	125	18	2	0	0	135,9,2,0,0	S-10 d3+9	s11-grammar-subregion-closed
19	126	4	2	4	1	135,9,2,0,0	S-9 d3-5 d5+4 ip+1	
19	126	4	4	3	0	135,9,2,0,0	S-9 d3-5 d4+2 d5+3	s11-grammar-subregion-closed
19	126	5	2	3	3	135,9,2,0,0	S-9 d3-4 d5+3 ip+3	
19	126	5	4	2	2	135,9,2,0,0	S-9 d3-4 d4+2 d5+2 ip+2	
19	126	5	6	1	1	135,9,2,0,0	S-9 d3-4 d4+4 d5+1 ip+1	
19	126	5	8	0	0	135,9,2,0,0	S-9 d3-4 d4+6	s11-grammar-subregion-closed
19	126	6	0	5	0	135,9,2,0,0	S-9 d3-3 d4-2 d5+5	s11-grammar-subregion-closed
19	126	6	2	2	5	135,9,2,0,0	S-9 d3-3 d5+2 ip+5	
19	126	6	4	1	4	135,9,2,0,0	S-9 d3-3 d4+2 d5+1 ip+4	
19	126	6	6	0	3	135,9,2,0,0	S-9 d3-3 d4+4 ip+3	
19	126	7	0	4	2	135,9,2,0,0	S-9 d3-2 d4-2 d5+4 ip+2	
19	126	7	2	1	7	135,9,2,0,0	S-9 d3-2 d5+1 ip+7	
19	126	7	4	0	6	135,9,2,0,0	S-9 d3-2 d4+2 ip+6	
19	126	8	0	3	4	135,9,2,0,0	S-9 d3-1 d4-2 d5+3 ip+4	
19	126	8	2	0	9	135,9,2,0,0	S-9 d3-1 ip+9	
19	126	9	0	2	6	135,9,2,0,0	S-9 d4-2 d5+2 ip+6	
19	126	10	0	2	5	135,9,2,0,0	S-9 d3+1 d4-2 d5+2 ip+5	
19	126	11	0	2	4	135,9,2,0,0	S-9 d3+2 d4-2 d5+2 ip+4	
19	126	12	0	2	3	135,9,2,0,0	S-9 d3+3 d4-2 d5+2 ip+3	
19	126	13	0	2	2	135,9,2,0,0	S-9 d3+4 d4-2 d5+2 ip+2	
19	126	14	0	2	1	135,9,2,0,0	S-9 d3+5 d4-2 d5+2 ip+1	
19	126	15	0	2	0	135,9,2,0,0	S-9 d3+6 d4-2 d5+2	s11-grammar-subregion-closed
19	127	3	2	4	1	135,9,2,0,0	S-8 d3-6 d5+4 ip+1	
19	127	3	4	3	0	135,9,2,0,0	S-8 d3-6 d4+2 d5+3	s11-grammar-subregion-closed
19	127	4	2	3	3	135,9,2,0,0	S-8 d3-5 d5+3 ip+3	
19	127	4	4	2	2	135,9,2,0,0	S-8 d3-5 d4+2 d5+2 ip+2	
19	127	4	6	1	1	135,9,2,0,0	S-8 d3-5 d4+4 d5+1 ip+1	
19	127	4	8	0	0	135,9,2,0,0	S-8 d3-5 d4+6	s11-grammar-subregion-closed
19	127	5	0	5	0	135,9,2,0,0	S-8 d3-4 d4-2 d5+5	s11-grammar-subregion-closed
19	127	5	2	2	5	135,9,2,0,0	S-8 d3-4 d5+2 ip+5	
19	127	5	4	1	4	135,9,2,0,0	S-8 d3-4 d4+2 d5+1 ip+4	
19	127	5	6	0	3	135,9,2,0,0	S-8 d3-4 d4+4 ip+3	
19	127	6	0	4	2	135,9,2,0,0	S-8 d3-3 d4-2 d5+4 ip+2	
19	127	6	2	1	7	135,9,2,0,0	S-8 d3-3 d5+1 ip+7	
19	127	6	4	0	6	135,9,2,0,0	S-8 d3-3 d4+2 ip+6	
19	127	7	0	3	4	135,9,2,0,0	S-8 d3-2 d4-2 d5+3 ip+4	
19	127	7	2	0	9	135,9,2,0,0	S-8 d3-2 ip+9	
19	127	8	0	2	6	135,9,2,0,0	S-8 d3-1 d4-2 d5+2 ip+6	
19	127	9	0	1	8	135,9,2,0,0	S-8 d4-2 d5+1 ip+8	
19	127	10	0	1	7	135,9,2,0,0	S-8 d3+1 d4-2 d5+1 ip+7	
19	127	11	0	1	6	135,9,2,0,0	S-8 d3+2 d4-2 d5+1 ip+6	
19	127	12	0	1	5	135,9,2,0,0	S-8 d3+3 d4-2 d5+1 ip+5	
19	127	13	0	1	4	135,9,2,0,0	S-8 d3+4 d4-2 d5+1 ip+4	
19	127	14	0	1	3	135,9,2,0,0	S-8 d3+5 d4-2 d5+1 ip+3	
19	127	15	0	1	2	135,9,2,0,0	S-8 d3+6 d4-2 d5+1 ip+2	
19	127	16	0	1	1	135,9,2,0,0	S-8 d3+7 d4-2 d5+1 ip+1	
19	127	17	0	1	0	135,9,2,0,0	S-8 d3+8 d4-2 d5+1	s11-grammar-subregion-closed
19	128	2	2	4	1	135,9,2,0,0	S-7 d3-7 d5+4 ip+1	
19	128	2	4	3	0	135,9,2,0,0	S-7 d3-7 d4+2 d5+3	s11-grammar-subregion-closed
19	128	3	2	3	3	135,9,2,0,0	S-7 d3-6 d5+3 ip+3	
19	128	3	4	2	2	135,9,2,0,0	S-7 d3-6 d4+2 d5+2 ip+2	
19	128	3	6	1	1	135,9,2,0,0	S-7 d3-6 d4+4 d5+1 ip+1	
19	128	3	8	0	0	135,9,2,0,0	S-7 d3-6 d4+6	s11-grammar-subregion-closed
19	128	4	0	5	0	135,9,2,0,0	S-7 d3-5 d4-2 d5+5	s11-grammar-subregion-closed
19	128	4	2	2	5	135,9,2,0,0	S-7 d3-5 d5+2 ip+5	
19	128	4	4	1	4	135,9,2,0,0	S-7 d3-5 d4+2 d5+1 ip+4	
19	128	4	6	0	3	135,9,2,0,0	S-7 d3-5 d4+4 ip+3	
19	128	5	0	4	2	135,9,2,0,0	S-7 d3-4 d4-2 d5+4 ip+2	
19	128	5	2	1	7	135,9,2,0,0	S-7 d3-4 d5+1 ip+7	
19	128	5	4	0	6	135,9,2,0,0	S-7 d3-4 d4+2 ip+6	
19	128	6	0	3	4	135,9,2,0,0	S-7 d3-3 d4-2 d5+3 ip+4	
19	128	6	2	0	9	135,9,2,0,0	S-7 d3-3 ip+9	
19	128	7	0	2	6	135,9,2,0,0	S-7 d3-2 d4-2 d5+2 ip+6	
19	128	8	0	1	8	135,9,2,0,0	S-7 d3-1 d4-2 d5+1 ip+8	
19	128	9	0	0	10	135,9,2,0,0	S-7 d4-2 ip+10	
19	128	10	0	0	9	135,9,2,0,0	S-7 d3+1 d4-2 ip+9	
19	128	11	0	0	8	135,9,2,0,0	S-7 d3+2 d4-2 ip+8	
19	128	12	0	0	7	135,9,2,0,0	S-7 d3+3 d4-2 ip+7	
19	128	13	0	0	6	135,9,2,0,0	S-7 d3+4 d4-2 ip+6	
19	128	14	0	0	5	135,9,2,0,0	S-7 d3+5 d4-2 ip+5	
19	128	15	0	0	4	135,9,2,0,0	S-7 d3+6 d4-2 ip+4	
19	128	16	0	0	3	135,9,2,0,0	S-7 d3+7 d4-2 ip+3	
19	128	17	0	0	2	135,9,2,0,0	S-7 d3+8 d4-2 ip+2	
19	128	18	0	0	1	135,9,2,0,0	S-7 d3+9 d4-2 ip+1	
19	128	19	0	0	0	135,9,2,0,0	S-7 d3+10 d4-2	s11-grammar-subregion-closed
19	129	1	2	4	1	135,9,2,0,0	S-6 d3-8 d5+4 ip+1	
19	129	1	4	3	0	135,9,2,0,0	S-6 d3-8 d4+2 d5+3	s11-grammar-subregion-closed
19	129	2	2	3	3	135,9,2,0,0	S-6 d3-7 d5+3 ip+3	
19	129	2	4	2	2	135,9,2,0,0	S-6 d3-7 d4+2 d5+2 ip+2	
19	129	2	6	1	1	135,9,2,0,0	S-6 d3-7 d4+4 d5+1 ip+1	
19	129	2	8	0	0	135,9,2,0,0	S-6 d3-7 d4+6	s11-grammar-subregion-closed
19	129	3	0	5	0	135,9,2,0,0	S-6 d3-6 d4-2 d5+5	s11-grammar-subregion-closed
19	129	3	2	2	5	135,9,2,0,0	S-6 d3-6 d5+2 ip+5	
19	129	3	4	1	4	135,9,2,0,0	S-6 d3-6 d4+2 d5+1 ip+4	
19	129	3	6	0	3	135,9,2,0,0	S-6 d3-6 d4+4 ip+3	
19	129	4	0	4	2	135,9,2,0,0	S-6 d3-5 d4-2 d5+4 ip+2	
19	129	4	2	1	7	135,9,2,0,0	S-6 d3-5 d5+1 ip+7	
19	129	4	4	0	6	135,9,2,0,0	S-6 d3-5 d4+2 ip+6	
19	129	5	0	3	4	135,9,2,0,0	S-6 d3-4 d4-2 d5+3 ip+4	
19	129	5	2	0	9	135,9,2,0,0	S-6 d3-4 ip+9	
19	129	6	0	2	6	135,9,2,0,0	S-6 d3-3 d4-2 d5+2 ip+6	
19	129	7	0	1	8	135,9,2,0,0	S-6 d3-2 d4-2 d5+1 ip+8	
19	129	8	0	0	10	135,9,2,0,0	S-6 d3-1 d4-2 ip+10	
19	130	0	2	4	1	135,9,2,0,0	S-5 d3-9 d5+4 ip+1	
19	130	0	4	3	0	135,9,2,0,0	S-5 d3-9 d4+2 d5+3	s11-grammar-subregion-closed
19	130	1	2	3	3	135,9,2,0,0	S-5 d3-8 d5+3 ip+3	
19	130	1	4	2	2	135,9,2,0,0	S-5 d3-8 d4+2 d5+2 ip+2	
19	130	1	6	1	1	135,9,2,0,0	S-5 d3-8 d4+4 d5+1 ip+1	
19	130	1	8	0	0	135,9,2,0,0	S-5 d3-8 d4+6	s11-grammar-subregion-closed
19	130	2	0	5	0	135,9,2,0,0	S-5 d3-7 d4-2 d5+5	s11-grammar-subregion-closed
19	130	2	2	2	5	135,9,2,0,0	S-5 d3-7 d5+2 ip+5	
19	130	2	4	1	4	135,9,2,0,0	S-5 d3-7 d4+2 d5+1 ip+4	
19	130	2	6	0	3	135,9,2,0,0	S-5 d3-7 d4+4 ip+3	
19	130	3	0	4	2	135,9,2,0,0	S-5 d3-6 d4-2 d5+4 ip+2	
19	130	3	2	1	7	135,9,2,0,0	S-5 d3-6 d5+1 ip+7	
19	130	3	4	0	6	135,9,2,0,0	S-5 d3-6 d4+2 ip+6	
19	130	4	0	3	4	135,9,2,0,0	S-5 d3-5 d4-2 d5+3 ip+4	
19	130	4	2	0	9	135,9,2,0,0	S-5 d3-5 ip+9	
19	130	5	0	2	6	135,9,2,0,0	S-5 d3-4 d4-2 d5+2 ip+6	
19	130	6	0	1	8	135,9,2,0,0	S-5 d3-3 d4-2 d5+1 ip+8	
19	130	7	0	0	10	135,9,2,0,0	S-5 d3-2 d4-2 ip+10	
19	131	0	2	3	3	135,9,2,0,0	S-4 d3-9 d5+3 ip+3	
19	131	0	4	2	2	135,9,2,0,0	S-4 d3-9 d4+2 d5+2 ip+2	
19	131	0	6	1	1	135,9,2,0,0	S-4 d3-9 d4+4 d5+1 ip+1	
19	131	0	8	0	0	135,9,2,0,0	S-4 d3-9 d4+6	s11-grammar-subregion-closed
19	131	1	0	5	0	135,9,2,0,0	S-4 d3-8 d4-2 d5+5	s11-grammar-subregion-closed
19	131	1	2	2	5	135,9,2,0,0	S-4 d3-8 d5+2 ip+5	
19	131	1	4	1	4	135,9,2,0,0	S-4 d3-8 d4+2 d5+1 ip+4	
19	131	1	6	0	3	135,9,2,0,0	S-4 d3-8 d4+4 ip+3	
19	131	2	0	4	2	135,9,2,0,0	S-4 d3-7 d4-2 d5+4 ip+2	
19	131	2	2	1	7	135,9,2,0,0	S-4 d3-7 d5+1 ip+7	
19	131	2	4	0	6	135,9,2,0,0	S-4 d3-7 d4+2 ip+6	
19	131	3	0	3	4	135,9,2,0,0	S-4 d3-6 d4-2 d5+3 ip+4	
19	131	3	2	0	9	135,9,2,0,0	S-4 d3-6 ip+9	
19	131	4	0	2	6	135,9,2,0,0	S-4 d3-5 d4-2 d5+2 ip+6	
19	131	5	0	1	8	135,9,2,0,0	S-4 d3-4 d4-2 d5+1 ip+8	
19	131	6	0	0	10	135,9,2,0,0	S-4 d3-3 d4-2 ip+10	
19	132	0	0	5	0	135,9,2,0,0	S-3 d3-9 d4-2 d5+5	s11-grammar-subregion-closed
19	132	0	2	2	5	135,9,2,0,0	S-3 d3-9 d5+2 ip+5	
19	132	0	4	1	4	135,9,2,0,0	S-3 d3-9 d4+2 d5+1 ip+4	
19	132	0	6	0	3	135,9,2,0,0	S-3 d3-9 d4+4 ip+3	
19	132	1	0	4	2	135,9,2,0,0	S-3 d3-8 d4-2 d5+4 ip+2	
19	132	1	2	1	7	135,9,2,0,0	S-3 d3-8 d5+1 ip+7	
19	132	1	4	0	6	135,9,2,0,0	S-3 d3-8 d4+2 ip+6	
19	132	2	0	3	4	135,9,2,0,0	S-3 d3-7 d4-2 d5+3 ip+4	
19	132	2	2	0	9	135,9,2,0,0	S-3 d3-7 ip+9	
19	132	3	0	2	6	135,9,2,0,0	S-3 d3-6 d4-2 d5+2 ip+6	
19	132	4	0	1	8	135,9,2,0,0	S-3 d3-5 d4-2 d5+1 ip+8	
19	132	5	0	0	10	135,9,2,0,0	S-3 d3-4 d4-2 ip+10	
19	133	0	0	4	2	135,9,2,0,0	S-2 d3-9 d4-2 d5+4 ip+2	
19	133	0	2	1	7	135,9,2,0,0	S-2 d3-9 d5+1 ip+7	
19	133	0	4	0	6	135,9,2,0,0	S-2 d3-9 d4+2 ip+6	
19	133	1	0	3	4	135,9,2,0,0	S-2 d3-8 d4-2 d5+3 ip+4	
19	133	1	2	0	9	135,9,2,0,0	S-2 d3-8 ip+9	
19	133	2	0	2	6	135,9,2,0,0	S-2 d3-7 d4-2 d5+2 ip+6	
19	133	3	0	1	8	135,9,2,0,0	S-2 d3-6 d4-2 d5+1 ip+8	
19	133	4	0	0	10	135,9,2,0,0	S-2 d3-5 d4-2 ip+10	
19	134	0	0	3	4	135,9,2,0,0	S-1 d3-9 d4-2 d5+3 ip+4	
19	134	0	2	0	9	135,9,2,0,0	S-1 d3-9 ip+9	
19	134	1	0	2	6	135,9,2,0,0	S-1 d3-8 d4-2 d5+2 ip+6	
19	134	2	0	1	8	135,9,2,0,0	S-1 d3-7 d4-2 d5+1 ip+8	
19	134	3	0	0	10	135,9,2,0,0	S-1 d3-6 d4-2 ip+10	
19	135	0	0	2	6	135,9,2,0,0	d3-9 d4-2 d5+2 ip+6	
19	135	1	0	1	8	135,9,2,0,0	d3-8 d4-2 d5+1 ip+8	
19	135	2	0	0	10	135,9,2,0,0	d3-7 d4-2 ip+10	
19	136	0	1	0	9	138,8,1,0,0	S-2 d3-8 ip+9	
20	120	9	3	4	0	135,9,2,0,0	S-15 d4+1 d5+4	s11-grammar-subregion-closed;perfect-ride-family(ATSP-closable)
20	121	8	3	4	0	135,9,2,0,0	S-14 d3-1 d4+1 d5+4	s11-grammar-subregion-closed
20	121	9	1	5	0	135,9,2,0,0	S-14 d4-1 d5+5	s11-grammar-subregion-closed
20	121	9	3	3	2	135,9,2,0,0	S-14 d4+1 d5+3 ip+2	
20	121	9	5	2	1	135,9,2,0,0	S-14 d4+3 d5+2 ip+1	
20	121	9	7	1	0	135,9,2,0,0	S-14 d4+5 d5+1	s11-grammar-subregion-closed
20	121	10	3	3	1	135,9,2,0,0	S-14 d3+1 d4+1 d5+3 ip+1	
20	121	10	5	2	0	135,9,2,0,0	S-14 d3+1 d4+3 d5+2	s11-grammar-subregion-closed
20	121	11	3	3	0	135,9,2,0,0	S-14 d3+2 d4+1 d5+3	s11-grammar-subregion-closed
20	122	7	3	4	0	135,9,2,0,0	S-13 d3-2 d4+1 d5+4	s11-grammar-subregion-closed
20	122	8	1	5	0	135,9,2,0,0	S-13 d3-1 d4-1 d5+5	s11-grammar-subregion-closed
20	122	8	3	3	2	135,9,2,0,0	S-13 d3-1 d4+1 d5+3 ip+2	
20	122	8	5	2	1	135,9,2,0,0	S-13 d3-1 d4+3 d5+2 ip+1	
20	122	8	7	1	0	135,9,2,0,0	S-13 d3-1 d4+5 d5+1	s11-grammar-subregion-closed
20	122	9	1	4	2	135,9,2,0,0	S-13 d4-1 d5+4 ip+2	
20	122	9	3	2	4	135,9,2,0,0	S-13 d4+1 d5+2 ip+4	
20	122	9	5	1	3	135,9,2,0,0	S-13 d4+3 d5+1 ip+3	
20	122	9	7	0	2	135,9,2,0,0	S-13 d4+5 ip+2	
20	122	10	1	4	1	135,9,2,0,0	S-13 d3+1 d4-1 d5+4 ip+1	
20	122	10	3	2	3	135,9,2,0,0	S-13 d3+1 d4+1 d5+2 ip+3	
20	122	10	5	1	2	135,9,2,0,0	S-13 d3+1 d4+3 d5+1 ip+2	
20	122	10	7	0	1	135,9,2,0,0	S-13 d3+1 d4+5 ip+1	
20	122	11	1	4	0	135,9,2,0,0	S-13 d3+2 d4-1 d5+4	s11-grammar-subregion-closed
20	122	11	3	2	2	135,9,2,0,0	S-13 d3+2 d4+1 d5+2 ip+2	
20	122	11	5	1	1	135,9,2,0,0	S-13 d3+2 d4+3 d5+1 ip+1	
20	122	11	7	0	0	135,9,2,0,0	S-13 d3+2 d4+5	s11-grammar-subregion-closed
20	122	12	3	2	1	135,9,2,0,0	S-13 d3+3 d4+1 d5+2 ip+1	
20	122	12	5	1	0	135,9,2,0,0	S-13 d3+3 d4+3 d5+1	s11-grammar-subregion-closed
20	122	13	3	2	0	135,9,2,0,0	S-13 d3+4 d4+1 d5+2	s11-grammar-subregion-closed
20	123	6	3	4	0	135,9,2,0,0	S-12 d3-3 d4+1 d5+4	s11-grammar-subregion-closed
20	123	7	1	5	0	135,9,2,0,0	S-12 d3-2 d4-1 d5+5	s11-grammar-subregion-closed
20	123	7	3	3	2	135,9,2,0,0	S-12 d3-2 d4+1 d5+3 ip+2	
20	123	7	5	2	1	135,9,2,0,0	S-12 d3-2 d4+3 d5+2 ip+1	
20	123	7	7	1	0	135,9,2,0,0	S-12 d3-2 d4+5 d5+1	s11-grammar-subregion-closed
20	123	8	1	4	2	135,9,2,0,0	S-12 d3-1 d4-1 d5+4 ip+2	
20	123	8	3	2	4	135,9,2,0,0	S-12 d3-1 d4+1 d5+2 ip+4	
20	123	8	5	1	3	135,9,2,0,0	S-12 d3-1 d4+3 d5+1 ip+3	
20	123	8	7	0	2	135,9,2,0,0	S-12 d3-1 d4+5 ip+2	
20	123	9	1	3	4	135,9,2,0,0	S-12 d4-1 d5+3 ip+4	
20	123	9	3	1	6	135,9,2,0,0	S-12 d4+1 d5+1 ip+6	
20	123	9	5	0	5	135,9,2,0,0	S-12 d4+3 ip+5	
20	123	10	1	3	3	135,9,2,0,0	S-12 d3+1 d4-1 d5+3 ip+3	
20	123	10	3	1	5	135,9,2,0,0	S-12 d3+1 d4+1 d5+1 ip+5	
20	123	10	5	0	4	135,9,2,0,0	S-12 d3+1 d4+3 ip+4	
20	123	11	1	3	2	135,9,2,0,0	S-12 d3+2 d4-1 d5+3 ip+2	
20	123	11	3	1	4	135,9,2,0,0	S-12 d3+2 d4+1 d5+1 ip+4	
20	123	11	5	0	3	135,9,2,0,0	S-12 d3+2 d4+3 ip+3	
20	123	12	1	3	1	135,9,2,0,0	S-12 d3+3 d4-1 d5+3 ip+1	
20	123	12	3	1	3	135,9,2,0,0	S-12 d3+3 d4+1 d5+1 ip+3	
20	123	12	5	0	2	135,9,2,0,0	S-12 d3+3 d4+3 ip+2	
20	123	13	1	3	0	135,9,2,0,0	S-12 d3+4 d4-1 d5+3	s11-grammar-subregion-closed
20	123	13	3	1	2	135,9,2,0,0	S-12 d3+4 d4+1 d5+1 ip+2	
20	123	13	5	0	1	135,9,2,0,0	S-12 d3+4 d4+3 ip+1	
20	123	14	3	1	1	135,9,2,0,0	S-12 d3+5 d4+1 d5+1 ip+1	
20	123	14	5	0	0	135,9,2,0,0	S-12 d3+5 d4+3	s11-grammar-subregion-closed
20	123	15	3	1	0	135,9,2,0,0	S-12 d3+6 d4+1 d5+1	s11-grammar-subregion-closed
20	124	5	3	4	0	135,9,2,0,0	S-11 d3-4 d4+1 d5+4	s11-grammar-subregion-closed
20	124	6	1	5	0	135,9,2,0,0	S-11 d3-3 d4-1 d5+5	s11-grammar-subregion-closed
20	124	6	3	3	2	135,9,2,0,0	S-11 d3-3 d4+1 d5+3 ip+2	
20	124	6	5	2	1	135,9,2,0,0	S-11 d3-3 d4+3 d5+2 ip+1	
20	124	6	7	1	0	135,9,2,0,0	S-11 d3-3 d4+5 d5+1	s11-grammar-subregion-closed
20	124	7	1	4	2	135,9,2,0,0	S-11 d3-2 d4-1 d5+4 ip+2	
20	124	7	3	2	4	135,9,2,0,0	S-11 d3-2 d4+1 d5+2 ip+4	
20	124	7	5	1	3	135,9,2,0,0	S-11 d3-2 d4+3 d5+1 ip+3	
20	124	7	7	0	2	135,9,2,0,0	S-11 d3-2 d4+5 ip+2	
20	124	8	1	3	4	135,9,2,0,0	S-11 d3-1 d4-1 d5+3 ip+4	
20	124	8	3	1	6	135,9,2,0,0	S-11 d3-1 d4+1 d5+1 ip+6	
20	124	8	5	0	5	135,9,2,0,0	S-11 d3-1 d4+3 ip+5	
20	124	9	1	2	6	135,9,2,0,0	S-11 d4-1 d5+2 ip+6	
20	124	9	3	0	8	135,9,2,0,0	S-11 d4+1 ip+8	
20	124	10	1	2	5	135,9,2,0,0	S-11 d3+1 d4-1 d5+2 ip+5	
20	124	10	3	0	7	135,9,2,0,0	S-11 d3+1 d4+1 ip+7	
20	124	11	1	2	4	135,9,2,0,0	S-11 d3+2 d4-1 d5+2 ip+4	
20	124	11	3	0	6	135,9,2,0,0	S-11 d3+2 d4+1 ip+6	
20	124	12	1	2	3	135,9,2,0,0	S-11 d3+3 d4-1 d5+2 ip+3	
20	124	12	3	0	5	135,9,2,0,0	S-11 d3+3 d4+1 ip+5	
20	124	13	1	2	2	135,9,2,0,0	S-11 d3+4 d4-1 d5+2 ip+2	
20	124	13	3	0	4	135,9,2,0,0	S-11 d3+4 d4+1 ip+4	
20	124	14	1	2	1	135,9,2,0,0	S-11 d3+5 d4-1 d5+2 ip+1	
20	124	14	3	0	3	135,9,2,0,0	S-11 d3+5 d4+1 ip+3	
20	124	15	1	2	0	135,9,2,0,0	S-11 d3+6 d4-1 d5+2	s11-grammar-subregion-closed
20	124	15	3	0	2	135,9,2,0,0	S-11 d3+6 d4+1 ip+2	
20	124	16	3	0	1	135,9,2,0,0	S-11 d3+7 d4+1 ip+1	
20	124	17	3	0	0	135,9,2,0,0	S-11 d3+8 d4+1	s11-grammar-subregion-closed
20	125	4	3	4	0	135,9,2,0,0	S-10 d3-5 d4+1 d5+4	s11-grammar-subregion-closed
20	125	5	1	5	0	135,9,2,0,0	S-10 d3-4 d4-1 d5+5	s11-grammar-subregion-closed
20	125	5	3	3	2	135,9,2,0,0	S-10 d3-4 d4+1 d5+3 ip+2	
20	125	5	5	2	1	135,9,2,0,0	S-10 d3-4 d4+3 d5+2 ip+1	
20	125	5	7	1	0	135,9,2,0,0	S-10 d3-4 d4+5 d5+1	s11-grammar-subregion-closed
20	125	6	1	4	2	135,9,2,0,0	S-10 d3-3 d4-1 d5+4 ip+2	
20	125	6	3	2	4	135,9,2,0,0	S-10 d3-3 d4+1 d5+2 ip+4	
20	125	6	5	1	3	135,9,2,0,0	S-10 d3-3 d4+3 d5+1 ip+3	
20	125	6	7	0	2	135,9,2,0,0	S-10 d3-3 d4+5 ip+2	
20	125	7	1	3	4	135,9,2,0,0	S-10 d3-2 d4-1 d5+3 ip+4	
20	125	7	3	1	6	135,9,2,0,0	S-10 d3-2 d4+1 d5+1 ip+6	
20	125	7	5	0	5	135,9,2,0,0	S-10 d3-2 d4+3 ip+5	
20	125	8	1	2	6	135,9,2,0,0	S-10 d3-1 d4-1 d5+2 ip+6	
20	125	8	3	0	8	135,9,2,0,0	S-10 d3-1 d4+1 ip+8	
20	125	9	1	1	8	135,9,2,0,0	S-10 d4-1 d5+1 ip+8	
20	125	10	1	1	7	135,9,2,0,0	S-10 d3+1 d4-1 d5+1 ip+7	
20	125	11	1	1	6	135,9,2,0,0	S-10 d3+2 d4-1 d5+1 ip+6	
20	125	12	1	1	5	135,9,2,0,0	S-10 d3+3 d4-1 d5+1 ip+5	
20	125	13	1	1	4	135,9,2,0,0	S-10 d3+4 d4-1 d5+1 ip+4	
20	125	14	1	1	3	135,9,2,0,0	S-10 d3+5 d4-1 d5+1 ip+3	
20	125	15	1	1	2	135,9,2,0,0	S-10 d3+6 d4-1 d5+1 ip+2	
20	125	16	1	1	1	135,9,2,0,0	S-10 d3+7 d4-1 d5+1 ip+1	
20	125	17	1	1	0	135,9,2,0,0	S-10 d3+8 d4-1 d5+1	s11-grammar-subregion-closed
20	126	3	3	4	0	135,9,2,0,0	S-9 d3-6 d4+1 d5+4	s11-grammar-subregion-closed
20	126	4	1	5	0	135,9,2,0,0	S-9 d3-5 d4-1 d5+5	s11-grammar-subregion-closed
20	126	4	3	3	2	135,9,2,0,0	S-9 d3-5 d4+1 d5+3 ip+2	
20	126	4	5	2	1	135,9,2,0,0	S-9 d3-5 d4+3 d5+2 ip+1	
20	126	4	7	1	0	135,9,2,0,0	S-9 d3-5 d4+5 d5+1	s11-grammar-subregion-closed
20	126	5	1	4	2	135,9,2,0,0	S-9 d3-4 d4-1 d5+4 ip+2	
20	126	5	3	2	4	135,9,2,0,0	S-9 d3-4 d4+1 d5+2 ip+4	
20	126	5	5	1	3	135,9,2,0,0	S-9 d3-4 d4+3 d5+1 ip+3	
20	126	5	7	0	2	135,9,2,0,0	S-9 d3-4 d4+5 ip+2	
20	126	6	1	3	4	135,9,2,0,0	S-9 d3-3 d4-1 d5+3 ip+4	
20	126	6	3	1	6	135,9,2,0,0	S-9 d3-3 d4+1 d5+1 ip+6	
20	126	6	5	0	5	135,9,2,0,0	S-9 d3-3 d4+3 ip+5	
20	126	7	1	2	6	135,9,2,0,0	S-9 d3-2 d4-1 d5+2 ip+6	
20	126	7	3	0	8	135,9,2,0,0	S-9 d3-2 d4+1 ip+8	
20	126	8	1	1	8	135,9,2,0,0	S-9 d3-1 d4-1 d5+1 ip+8	
20	126	9	1	0	10	135,9,2,0,0	S-9 d4-1 ip+10	
20	126	10	1	0	9	135,9,2,0,0	S-9 d3+1 d4-1 ip+9	
20	126	11	1	0	8	135,9,2,0,0	S-9 d3+2 d4-1 ip+8	
20	126	12	1	0	7	135,9,2,0,0	S-9 d3+3 d4-1 ip+7	
20	126	13	1	0	6	135,9,2,0,0	S-9 d3+4 d4-1 ip+6	
20	126	14	1	0	5	135,9,2,0,0	S-9 d3+5 d4-1 ip+5	
20	126	15	1	0	4	135,9,2,0,0	S-9 d3+6 d4-1 ip+4	
20	126	16	1	0	3	135,9,2,0,0	S-9 d3+7 d4-1 ip+3	
20	126	17	1	0	2	135,9,2,0,0	S-9 d3+8 d4-1 ip+2	
20	126	18	1	0	1	135,9,2,0,0	S-9 d3+9 d4-1 ip+1	
20	126	19	1	0	0	135,9,2,0,0	S-9 d3+10 d4-1	s11-grammar-subregion-closed
20	127	2	3	4	0	135,9,2,0,0	S-8 d3-7 d4+1 d5+4	s11-grammar-subregion-closed
20	127	3	1	5	0	135,9,2,0,0	S-8 d3-6 d4-1 d5+5	s11-grammar-subregion-closed
20	127	3	3	3	2	135,9,2,0,0	S-8 d3-6 d4+1 d5+3 ip+2	
20	127	3	5	2	1	135,9,2,0,0	S-8 d3-6 d4+3 d5+2 ip+1	
20	127	3	7	1	0	135,9,2,0,0	S-8 d3-6 d4+5 d5+1	s11-grammar-subregion-closed
20	127	4	1	4	2	135,9,2,0,0	S-8 d3-5 d4-1 d5+4 ip+2	
20	127	4	3	2	4	135,9,2,0,0	S-8 d3-5 d4+1 d5+2 ip+4	
20	127	4	5	1	3	135,9,2,0,0	S-8 d3-5 d4+3 d5+1 ip+3	
20	127	4	7	0	2	135,9,2,0,0	S-8 d3-5 d4+5 ip+2	
20	127	5	1	3	4	135,9,2,0,0	S-8 d3-4 d4-1 d5+3 ip+4	
20	127	5	3	1	6	135,9,2,0,0	S-8 d3-4 d4+1 d5+1 ip+6	
20	127	5	5	0	5	135,9,2,0,0	S-8 d3-4 d4+3 ip+5	
20	127	6	1	2	6	135,9,2,0,0	S-8 d3-3 d4-1 d5+2 ip+6	
20	127	6	3	0	8	135,9,2,0,0	S-8 d3-3 d4+1 ip+8	
20	127	7	1	1	8	135,9,2,0,0	S-8 d3-2 d4-1 d5+1 ip+8	
20	127	8	1	0	10	135,9,2,0,0	S-8 d3-1 d4-1 ip+10	
20	128	1	3	4	0	135,9,2,0,0	S-7 d3-8 d4+1 d5+4	s11-grammar-subregion-closed
20	128	2	1	5	0	135,9,2,0,0	S-7 d3-7 d4-1 d5+5	s11-grammar-subregion-closed
20	128	2	3	3	2	135,9,2,0,0	S-7 d3-7 d4+1 d5+3 ip+2	
20	128	2	5	2	1	135,9,2,0,0	S-7 d3-7 d4+3 d5+2 ip+1	
20	128	2	7	1	0	135,9,2,0,0	S-7 d3-7 d4+5 d5+1	s11-grammar-subregion-closed
20	128	3	1	4	2	135,9,2,0,0	S-7 d3-6 d4-1 d5+4 ip+2	
20	128	3	3	2	4	135,9,2,0,0	S-7 d3-6 d4+1 d5+2 ip+4	
20	128	3	5	1	3	135,9,2,0,0	S-7 d3-6 d4+3 d5+1 ip+3	
20	128	3	7	0	2	135,9,2,0,0	S-7 d3-6 d4+5 ip+2	
20	128	4	1	3	4	135,9,2,0,0	S-7 d3-5 d4-1 d5+3 ip+4	
20	128	4	3	1	6	135,9,2,0,0	S-7 d3-5 d4+1 d5+1 ip+6	
20	128	4	5	0	5	135,9,2,0,0	S-7 d3-5 d4+3 ip+5	
20	128	5	1	2	6	135,9,2,0,0	S-7 d3-4 d4-1 d5+2 ip+6	
20	128	5	3	0	8	135,9,2,0,0	S-7 d3-4 d4+1 ip+8	
20	128	6	1	1	8	135,9,2,0,0	S-7 d3-3 d4-1 d5+1 ip+8	
20	128	7	1	0	10	135,9,2,0,0	S-7 d3-2 d4-1 ip+10	
20	129	0	3	4	0	135,9,2,0,0	S-6 d3-9 d4+1 d5+4	s11-grammar-subregion-closed
20	129	1	1	5	0	135,9,2,0,0	S-6 d3-8 d4-1 d5+5	s11-grammar-subregion-closed
20	129	1	3	3	2	135,9,2,0,0	S-6 d3-8 d4+1 d5+3 ip+2	
20	129	1	5	2	1	135,9,2,0,0	S-6 d3-8 d4+3 d5+2 ip+1	
20	129	1	7	1	0	135,9,2,0,0	S-6 d3-8 d4+5 d5+1	s11-grammar-subregion-closed
20	129	2	1	4	2	135,9,2,0,0	S-6 d3-7 d4-1 d5+4 ip+2	
20	129	2	3	2	4	135,9,2,0,0	S-6 d3-7 d4+1 d5+2 ip+4	
20	129	2	5	1	3	135,9,2,0,0	S-6 d3-7 d4+3 d5+1 ip+3	
20	129	2	7	0	2	135,9,2,0,0	S-6 d3-7 d4+5 ip+2	
20	129	3	1	3	4	135,9,2,0,0	S-6 d3-6 d4-1 d5+3 ip+4	
20	129	3	3	1	6	135,9,2,0,0	S-6 d3-6 d4+1 d5+1 ip+6	
20	129	3	5	0	5	135,9,2,0,0	S-6 d3-6 d4+3 ip+5	
20	129	4	1	2	6	135,9,2,0,0	S-6 d3-5 d4-1 d5+2 ip+6	
20	129	4	3	0	8	135,9,2,0,0	S-6 d3-5 d4+1 ip+8	
20	129	5	1	1	8	135,9,2,0,0	S-6 d3-4 d4-1 d5+1 ip+8	
20	129	6	1	0	10	135,9,2,0,0	S-6 d3-3 d4-1 ip+10	
20	130	0	1	5	0	135,9,2,0,0	S-5 d3-9 d4-1 d5+5	s11-grammar-subregion-closed
20	130	0	3	3	2	135,9,2,0,0	S-5 d3-9 d4+1 d5+3 ip+2	
20	130	0	5	2	1	135,9,2,0,0	S-5 d3-9 d4+3 d5+2 ip+1	
20	130	0	7	1	0	135,9,2,0,0	S-5 d3-9 d4+5 d5+1	s11-grammar-subregion-closed
20	130	1	1	4	2	135,9,2,0,0	S-5 d3-8 d4-1 d5+4 ip+2	
20	130	1	3	2	4	135,9,2,0,0	S-5 d3-8 d4+1 d5+2 ip+4	
20	130	1	5	1	3	135,9,2,0,0	S-5 d3-8 d4+3 d5+1 ip+3	
20	130	1	7	0	2	135,9,2,0,0	S-5 d3-8 d4+5 ip+2	
20	130	2	1	3	4	135,9,2,0,0	S-5 d3-7 d4-1 d5+3 ip+4	
20	130	2	3	1	6	135,9,2,0,0	S-5 d3-7 d4+1 d5+1 ip+6	
20	130	2	5	0	5	135,9,2,0,0	S-5 d3-7 d4+3 ip+5	
20	130	3	1	2	6	135,9,2,0,0	S-5 d3-6 d4-1 d5+2 ip+6	
20	130	3	3	0	8	135,9,2,0,0	S-5 d3-6 d4+1 ip+8	
20	130	4	1	1	8	135,9,2,0,0	S-5 d3-5 d4-1 d5+1 ip+8	
20	130	5	1	0	10	135,9,2,0,0	S-5 d3-4 d4-1 ip+10	
20	131	0	1	4	2	135,9,2,0,0	S-4 d3-9 d4-1 d5+4 ip+2	
20	131	0	3	2	4	135,9,2,0,0	S-4 d3-9 d4+1 d5+2 ip+4	
20	131	0	5	1	3	135,9,2,0,0	S-4 d3-9 d4+3 d5+1 ip+3	
20	131	0	7	0	2	135,9,2,0,0	S-4 d3-9 d4+5 ip+2	
20	131	1	1	3	4	135,9,2,0,0	S-4 d3-8 d4-1 d5+3 ip+4	
20	131	1	3	1	6	135,9,2,0,0	S-4 d3-8 d4+1 d5+1 ip+6	
20	131	1	5	0	5	135,9,2,0,0	S-4 d3-8 d4+3 ip+5	
20	131	2	1	2	6	135,9,2,0,0	S-4 d3-7 d4-1 d5+2 ip+6	
20	131	2	3	0	8	135,9,2,0,0	S-4 d3-7 d4+1 ip+8	
20	131	3	1	1	8	135,9,2,0,0	S-4 d3-6 d4-1 d5+1 ip+8	
20	131	4	1	0	10	135,9,2,0,0	S-4 d3-5 d4-1 ip+10	
20	132	0	1	3	4	135,9,2,0,0	S-3 d3-9 d4-1 d5+3 ip+4	
20	132	0	3	1	6	135,9,2,0,0	S-3 d3-9 d4+1 d5+1 ip+6	
20	132	0	5	0	5	135,9,2,0,0	S-3 d3-9 d4+3 ip+5	
20	132	1	1	2	6	135,9,2,0,0	S-3 d3-8 d4-1 d5+2 ip+6	
20	132	1	3	0	8	135,9,2,0,0	S-3 d3-8 d4+1 ip+8	
20	132	2	1	1	8	135,9,2,0,0	S-3 d3-7 d4-1 d5+1 ip+8	
20	132	3	1	0	10	135,9,2,0,0	S-3 d3-6 d4-1 ip+10	
20	133	0	1	2	6	135,9,2,0,0	S-2 d3-9 d4-1 d5+2 ip+6	
20	133	0	3	0	8	135,9,2,0,0	S-2 d3-9 d4+1 ip+8	
20	133	1	1	1	8	135,9,2,0,0	S-2 d3-8 d4-1 d5+1 ip+8	
20	133	2	1	0	10	135,9,2,0,0	S-2 d3-7 d4-1 ip+10	
20	134	0	1	1	8	135,9,2,0,0	S-1 d3-9 d4-1 d5+1 ip+8	
20	134	1	1	0	10	135,9,2,0,0	S-1 d3-8 d4-1 ip+10	
20	135	0	1	0	10	135,9,2,0,0	d3-9 d4-1 ip+10	
20	136	0	0	1	8	138,8,1,0,0	S-2 d3-8 d4-1 d5+1 ip+8	
20	136	1	0	0	10	138,8,1,0,0	S-2 d3-7 d4-1 ip+10	
20	137	0	0	0	10	138,8,1,0,0	S-1 d3-8 d4-1 ip+10	
21	120	8	2	5	0	135,9,2,0,0	S-15 d3-1 d5+5	s11-grammar-subregion-closed;perfect-ride-family(ATSP-closable)
21	120	9	6	2	0	135,9,2,0,0	S-15 d4+4 d5+2	s11-grammar-subregion-closed;perfect-ride-family(ATSP-closable)
21	120	10	4	3	0	135,9,2,0,0	S-15 d3+1 d4+2 d5+3	s11-grammar-subregion-closed;perfect-ride-family(ATSP-closable)
21	120	11	2	4	0	135,9,2,0,0	S-15 d3+2 d5+4	s11-grammar-subregion-closed;perfect-ride-family(ATSP-closable)
21	121	7	2	5	0	135,9,2,0,0	S-14 d3-2 d5+5	s11-grammar-subregion-closed
21	121	8	2	4	2	135,9,2,0,0	S-14 d3-1 d5+4 ip+2	
21	121	8	4	3	1	135,9,2,0,0	S-14 d3-1 d4+2 d5+3 ip+1	
21	121	8	6	2	0	135,9,2,0,0	S-14 d3-1 d4+4 d5+2	s11-grammar-subregion-closed
21	121	9	2	3	4	135,9,2,0,0	S-14 d5+3 ip+4	
21	121	9	4	2	3	135,9,2,0,0	S-14 d4+2 d5+2 ip+3	
21	121	9	6	1	2	135,9,2,0,0	S-14 d4+4 d5+1 ip+2	
21	121	9	8	0	1	135,9,2,0,0	S-14 d4+6 ip+1	
21	121	10	2	3	3	135,9,2,0,0	S-14 d3+1 d5+3 ip+3	
21	121	10	4	2	2	135,9,2,0,0	S-14 d3+1 d4+2 d5+2 ip+2	
21	121	10	6	1	1	135,9,2,0,0	S-14 d3+1 d4+4 d5+1 ip+1	
21	121	10	8	0	0	135,9,2,0,0	S-14 d3+1 d4+6	s11-grammar-subregion-closed
21	121	11	2	3	2	135,9,2,0,0	S-14 d3+2 d5+3 ip+2	
21	121	11	4	2	1	135,9,2,0,0	S-14 d3+2 d4+2 d5+2 ip+1	
21	121	11	6	1	0	135,9,2,0,0	S-14 d3+2 d4+4 d5+1	s11-grammar-subregion-closed
21	121	12	2	3	1	135,9,2,0,0	S-14 d3+3 d5+3 ip+1	
21	121	12	4	2	0	135,9,2,0,0	S-14 d3+3 d4+2 d5+2	s11-grammar-subregion-closed
21	121	13	2	3	0	135,9,2,0,0	S-14 d3+4 d5+3	s11-grammar-subregion-closed
21	122	6	2	5	0	135,9,2,0,0	S-13 d3-3 d5+5	s11-grammar-subregion-closed
21	122	7	2	4	2	135,9,2,0,0	S-13 d3-2 d5+4 ip+2	
21	122	7	4	3	1	135,9,2,0,0	S-13 d3-2 d4+2 d5+3 ip+1	
21	122	7	6	2	0	135,9,2,0,0	S-13 d3-2 d4+4 d5+2	s11-grammar-subregion-closed
21	122	8	2	3	4	135,9,2,0,0	S-13 d3-1 d5+3 ip+4	
21	122	8	4	2	3	135,9,2,0,0	S-13 d3-1 d4+2 d5+2 ip+3	
21	122	8	6	1	2	135,9,2,0,0	S-13 d3-1 d4+4 d5+1 ip+2	
21	122	8	8	0	1	135,9,2,0,0	S-13 d3-1 d4+6 ip+1	
21	122	9	0	5	1	135,9,2,0,0	S-13 d4-2 d5+5 ip+1	
21	122	9	2	2	6	135,9,2,0,0	S-13 d5+2 ip+6	
21	122	9	4	1	5	135,9,2,0,0	S-13 d4+2 d5+1 ip+5	
21	122	9	6	0	4	135,9,2,0,0	S-13 d4+4 ip+4	
21	122	10	0	5	0	135,9,2,0,0	S-13 d3+1 d4-2 d5+5	s11-grammar-subregion-closed
21	122	10	2	2	5	135,9,2,0,0	S-13 d3+1 d5+2 ip+5	
21	122	10	4	1	4	135,9,2,0,0	S-13 d3+1 d4+2 d5+1 ip+4	
21	122	10	6	0	3	135,9,2,0,0	S-13 d3+1 d4+4 ip+3	
21	122	11	2	2	4	135,9,2,0,0	S-13 d3+2 d5+2 ip+4	
21	122	11	4	1	3	135,9,2,0,0	S-13 d3+2 d4+2 d5+1 ip+3	
21	122	11	6	0	2	135,9,2,0,0	S-13 d3+2 d4+4 ip+2	
21	122	12	2	2	3	135,9,2,0,0	S-13 d3+3 d5+2 ip+3	
21	122	12	4	1	2	135,9,2,0,0	S-13 d3+3 d4+2 d5+1 ip+2	
21	122	12	6	0	1	135,9,2,0,0	S-13 d3+3 d4+4 ip+1	
21	122	13	2	2	2	135,9,2,0,0	S-13 d3+4 d5+2 ip+2	
21	122	13	4	1	1	135,9,2,0,0	S-13 d3+4 d4+2 d5+1 ip+1	
21	122	13	6	0	0	135,9,2,0,0	S-13 d3+4 d4+4	s11-grammar-subregion-closed
21	122	14	2	2	1	135,9,2,0,0	S-13 d3+5 d5+2 ip+1	
21	122	14	4	1	0	135,9,2,0,0	S-13 d3+5 d4+2 d5+1	s11-grammar-subregion-closed
21	122	15	2	2	0	135,9,2,0,0	S-13 d3+6 d5+2	s11-grammar-subregion-closed
21	123	5	2	5	0	135,9,2,0,0	S-12 d3-4 d5+5	s11-grammar-subregion-closed
21	123	6	2	4	2	135,9,2,0,0	S-12 d3-3 d5+4 ip+2	
21	123	6	4	3	1	135,9,2,0,0	S-12 d3-3 d4+2 d5+3 ip+1	
21	123	6	6	2	0	135,9,2,0,0	S-12 d3-3 d4+4 d5+2	s11-grammar-subregion-closed
21	123	7	2	3	4	135,9,2,0,0	S-12 d3-2 d5+3 ip+4	
21	123	7	4	2	3	135,9,2,0,0	S-12 d3-2 d4+2 d5+2 ip+3	
21	123	7	6	1	2	135,9,2,0,0	S-12 d3-2 d4+4 d5+1 ip+2	
21	123	7	8	0	1	135,9,2,0,0	S-12 d3-2 d4+6 ip+1	
21	123	8	0	5	1	135,9,2,0,0	S-12 d3-1 d4-2 d5+5 ip+1	
21	123	8	2	2	6	135,9,2,0,0	S-12 d3-1 d5+2 ip+6	
21	123	8	4	1	5	135,9,2,0,0	S-12 d3-1 d4+2 d5+1 ip+5	
21	123	8	6	0	4	135,9,2,0,0	S-12 d3-1 d4+4 ip+4	
21	123	9	0	4	3	135,9,2,0,0	S-12 d4-2 d5+4 ip+3	
21	123	9	2	1	8	135,9,2,0,0	S-12 d5+1 ip+8	
21	123	9	4	0	7	135,9,2,0,0	S-12 d4+2 ip+7	
21	123	10	0	4	2	135,9,2,0,0	S-12 d3+1 d4-2 d5+4 ip+2	
21	123	10	2	1	7	135,9,2,0,0	S-12 d3+1 d5+1 ip+7	
21	123	10	4	0	6	135,9,2,0,0	S-12 d3+1 d4+2 ip+6	
21	123	11	0	4	1	135,9,2,0,0	S-12 d3+2 d4-2 d5+4 ip+1	
21	123	11	2	1	6	135,9,2,0,0	S-12 d3+2 d5+1 ip+6	
21	123	11	4	0	5	135,9,2,0,0	S-12 d3+2 d4+2 ip+5	
21	123	12	0	4	0	135,9,2,0,0	S-12 d3+3 d4-2 d5+4	s11-grammar-subregion-closed
21	123	12	2	1	5	135,9,2,0,0	S-12 d3+3 d5+1 ip+5	
21	123	12	4	0	4	135,9,2,0,0	S-12 d3+3 d4+2 ip+4	
21	123	13	2	1	4	135,9,2,0,0	S-12 d3+4 d5+1 ip+4	
21	123	13	4	0	3	135,9,2,0,0	S-12 d3+4 d4+2 ip+3	
21	123	14	2	1	3	135,9,2,0,0	S-12 d3+5 d5+1 ip+3	
21	123	14	4	0	2	135,9,2,0,0	S-12 d3+5 d4+2 ip+2	
21	123	15	2	1	2	135,9,2,0,0	S-12 d3+6 d5+1 ip+2	
21	123	15	4	0	1	135,9,2,0,0	S-12 d3+6 d4+2 ip+1	
21	123	16	2	1	1	135,9,2,0,0	S-12 d3+7 d5+1 ip+1	
21	123	16	4	0	0	135,9,2,0,0	S-12 d3+7 d4+2	s11-grammar-subregion-closed
21	123	17	2	1	0	135,9,2,0,0	S-12 d3+8 d5+1	s11-grammar-subregion-closed
21	124	4	2	5	0	135,9,2,0,0	S-11 d3-5 d5+5	s11-grammar-subregion-closed
21	124	5	2	4	2	135,9,2,0,0	S-11 d3-4 d5+4 ip+2	
21	124	5	4	3	1	135,9,2,0,0	S-11 d3-4 d4+2 d5+3 ip+1	
21	124	5	6	2	0	135,9,2,0,0	S-11 d3-4 d4+4 d5+2	s11-grammar-subregion-closed
21	124	6	2	3	4	135,9,2,0,0	S-11 d3-3 d5+3 ip+4	
21	124	6	4	2	3	135,9,2,0,0	S-11 d3-3 d4+2 d5+2 ip+3	
21	124	6	6	1	2	135,9,2,0,0	S-11 d3-3 d4+4 d5+1 ip+2	
21	124	6	8	0	1	135,9,2,0,0	S-11 d3-3 d4+6 ip+1	
21	124	7	0	5	1	135,9,2,0,0	S-11 d3-2 d4-2 d5+5 ip+1	
21	124	7	2	2	6	135,9,2,0,0	S-11 d3-2 d5+2 ip+6	
21	124	7	4	1	5	135,9,2,0,0	S-11 d3-2 d4+2 d5+1 ip+5	
21	124	7	6	0	4	135,9,2,0,0	S-11 d3-2 d4+4 ip+4	
21	124	8	0	4	3	135,9,2,0,0	S-11 d3-1 d4-2 d5+4 ip+3	
21	124	8	2	1	8	135,9,2,0,0	S-11 d3-1 d5+1 ip+8	
21	124	8	4	0	7	135,9,2,0,0	S-11 d3-1 d4+2 ip+7	
21	124	9	0	3	5	135,9,2,0,0	S-11 d4-2 d5+3 ip+5	
21	124	9	2	0	10	135,9,2,0,0	S-11 ip+10	
21	124	10	0	3	4	135,9,2,0,0	S-11 d3+1 d4-2 d5+3 ip+4	
21	124	10	2	0	9	135,9,2,0,0	S-11 d3+1 ip+9	
21	124	11	0	3	3	135,9,2,0,0	S-11 d3+2 d4-2 d5+3 ip+3	
21	124	11	2	0	8	135,9,2,0,0	S-11 d3+2 ip+8	
21	124	12	0	3	2	135,9,2,0,0	S-11 d3+3 d4-2 d5+3 ip+2	
21	124	12	2	0	7	135,9,2,0,0	S-11 d3+3 ip+7	
21	124	13	0	3	1	135,9,2,0,0	S-11 d3+4 d4-2 d5+3 ip+1	
21	124	13	2	0	6	135,9,2,0,0	S-11 d3+4 ip+6	
21	124	14	0	3	0	135,9,2,0,0	S-11 d3+5 d4-2 d5+3	s11-grammar-subregion-closed
21	124	14	2	0	5	135,9,2,0,0	S-11 d3+5 ip+5	
21	124	15	2	0	4	135,9,2,0,0	S-11 d3+6 ip+4	
21	124	16	2	0	3	135,9,2,0,0	S-11 d3+7 ip+3	
21	124	17	2	0	2	135,9,2,0,0	S-11 d3+8 ip+2	
21	124	18	2	0	1	135,9,2,0,0	S-11 d3+9 ip+1	
21	124	19	2	0	0	135,9,2,0,0	S-11 d3+10	s11-grammar-subregion-closed
21	125	3	2	5	0	135,9,2,0,0	S-10 d3-6 d5+5	s11-grammar-subregion-closed
21	125	4	2	4	2	135,9,2,0,0	S-10 d3-5 d5+4 ip+2	
21	125	4	4	3	1	135,9,2,0,0	S-10 d3-5 d4+2 d5+3 ip+1	
21	125	4	6	2	0	135,9,2,0,0	S-10 d3-5 d4+4 d5+2	s11-grammar-subregion-closed
21	125	5	2	3	4	135,9,2,0,0	S-10 d3-4 d5+3 ip+4	
21	125	5	4	2	3	135,9,2,0,0	S-10 d3-4 d4+2 d5+2 ip+3	
21	125	5	6	1	2	135,9,2,0,0	S-10 d3-4 d4+4 d5+1 ip+2	
21	125	5	8	0	1	135,9,2,0,0	S-10 d3-4 d4+6 ip+1	
21	125	6	0	5	1	135,9,2,0,0	S-10 d3-3 d4-2 d5+5 ip+1	
21	125	6	2	2	6	135,9,2,0,0	S-10 d3-3 d5+2 ip+6	
21	125	6	4	1	5	135,9,2,0,0	S-10 d3-3 d4+2 d5+1 ip+5	
21	125	6	6	0	4	135,9,2,0,0	S-10 d3-3 d4+4 ip+4	
21	125	7	0	4	3	135,9,2,0,0	S-10 d3-2 d4-2 d5+4 ip+3	
21	125	7	2	1	8	135,9,2,0,0	S-10 d3-2 d5+1 ip+8	
21	125	7	4	0	7	135,9,2,0,0	S-10 d3-2 d4+2 ip+7	
21	125	8	0	3	5	135,9,2,0,0	S-10 d3-1 d4-2 d5+3 ip+5	
21	125	8	2	0	10	135,9,2,0,0	S-10 d3-1 ip+10	
21	125	9	0	2	7	135,9,2,0,0	S-10 d4-2 d5+2 ip+7	
21	125	10	0	2	6	135,9,2,0,0	S-10 d3+1 d4-2 d5+2 ip+6	
21	125	11	0	2	5	135,9,2,0,0	S-10 d3+2 d4-2 d5+2 ip+5	
21	125	12	0	2	4	135,9,2,0,0	S-10 d3+3 d4-2 d5+2 ip+4	
21	125	13	0	2	3	135,9,2,0,0	S-10 d3+4 d4-2 d5+2 ip+3	
21	125	14	0	2	2	135,9,2,0,0	S-10 d3+5 d4-2 d5+2 ip+2	
21	125	15	0	2	1	135,9,2,0,0	S-10 d3+6 d4-2 d5+2 ip+1	
21	125	16	0	2	0	135,9,2,0,0	S-10 d3+7 d4-2 d5+2	s11-grammar-subregion-closed
21	126	2	2	5	0	135,9,2,0,0	S-9 d3-7 d5+5	s11-grammar-subregion-closed
21	126	3	2	4	2	135,9,2,0,0	S-9 d3-6 d5+4 ip+2	
21	126	3	4	3	1	135,9,2,0,0	S-9 d3-6 d4+2 d5+3 ip+1	
21	126	3	6	2	0	135,9,2,0,0	S-9 d3-6 d4+4 d5+2	s11-grammar-subregion-closed
21	126	4	2	3	4	135,9,2,0,0	S-9 d3-5 d5+3 ip+4	
21	126	4	4	2	3	135,9,2,0,0	S-9 d3-5 d4+2 d5+2 ip+3	
21	126	4	6	1	2	135,9,2,0,0	S-9 d3-5 d4+4 d5+1 ip+2	
21	126	4	8	0	1	135,9,2,0,0	S-9 d3-5 d4+6 ip+1	
21	126	5	0	5	1	135,9,2,0,0	S-9 d3-4 d4-2 d5+5 ip+1	
21	126	5	2	2	6	135,9,2,0,0	S-9 d3-4 d5+2 ip+6	
21	126	5	4	1	5	135,9,2,0,0	S-9 d3-4 d4+2 d5+1 ip+5	
21	126	5	6	0	4	135,9,2,0,0	S-9 d3-4 d4+4 ip+4	
21	126	6	0	4	3	135,9,2,0,0	S-9 d3-3 d4-2 d5+4 ip+3	
21	126	6	2	1	8	135,9,2,0,0	S-9 d3-3 d5+1 ip+8	
21	126	6	4	0	7	135,9,2,0,0	S-9 d3-3 d4+2 ip+7	
21	126	7	0	3	5	135,9,2,0,0	S-9 d3-2 d4-2 d5+3 ip+5	
21	126	7	2	0	10	135,9,2,0,0	S-9 d3-2 ip+10	
21	126	8	0	2	7	135,9,2,0,0	S-9 d3-1 d4-2 d5+2 ip+7	
21	126	9	0	1	9	135,9,2,0,0	S-9 d4-2 d5+1 ip+9	
21	126	10	0	1	8	135,9,2,0,0	S-9 d3+1 d4-2 d5+1 ip+8	
21	126	11	0	1	7	135,9,2,0,0	S-9 d3+2 d4-2 d5+1 ip+7	
21	126	12	0	1	6	135,9,2,0,0	S-9 d3+3 d4-2 d5+1 ip+6	
21	126	13	0	1	5	135,9,2,0,0	S-9 d3+4 d4-2 d5+1 ip+5	
21	126	14	0	1	4	135,9,2,0,0	S-9 d3+5 d4-2 d5+1 ip+4	
21	126	15	0	1	3	135,9,2,0,0	S-9 d3+6 d4-2 d5+1 ip+3	
21	126	16	0	1	2	135,9,2,0,0	S-9 d3+7 d4-2 d5+1 ip+2	
21	126	17	0	1	1	135,9,2,0,0	S-9 d3+8 d4-2 d5+1 ip+1	
21	126	18	0	1	0	135,9,2,0,0	S-9 d3+9 d4-2 d5+1	s11-grammar-subregion-closed
21	127	1	2	5	0	135,9,2,0,0	S-8 d3-8 d5+5	s11-grammar-subregion-closed
21	127	2	2	4	2	135,9,2,0,0	S-8 d3-7 d5+4 ip+2	
21	127	2	4	3	1	135,9,2,0,0	S-8 d3-7 d4+2 d5+3 ip+1	
21	127	2	6	2	0	135,9,2,0,0	S-8 d3-7 d4+4 d5+2	s11-grammar-subregion-closed
21	127	3	2	3	4	135,9,2,0,0	S-8 d3-6 d5+3 ip+4	
21	127	3	4	2	3	135,9,2,0,0	S-8 d3-6 d4+2 d5+2 ip+3	
21	127	3	6	1	2	135,9,2,0,0	S-8 d3-6 d4+4 d5+1 ip+2	
21	127	3	8	0	1	135,9,2,0,0	S-8 d3-6 d4+6 ip+1	
21	127	4	0	5	1	135,9,2,0,0	S-8 d3-5 d4-2 d5+5 ip+1	
21	127	4	2	2	6	135,9,2,0,0	S-8 d3-5 d5+2 ip+6	
21	127	4	4	1	5	135,9,2,0,0	S-8 d3-5 d4+2 d5+1 ip+5	
21	127	4	6	0	4	135,9,2,0,0	S-8 d3-5 d4+4 ip+4	
21	127	5	0	4	3	135,9,2,0,0	S-8 d3-4 d4-2 d5+4 ip+3	
21	127	5	2	1	8	135,9,2,0,0	S-8 d3-4 d5+1 ip+8	
21	127	5	4	0	7	135,9,2,0,0	S-8 d3-4 d4+2 ip+7	
21	127	6	0	3	5	135,9,2,0,0	S-8 d3-3 d4-2 d5+3 ip+5	
21	127	6	2	0	10	135,9,2,0,0	S-8 d3-3 ip+10	
21	127	7	0	2	7	135,9,2,0,0	S-8 d3-2 d4-2 d5+2 ip+7	
21	127	8	0	1	9	135,9,2,0,0	S-8 d3-1 d4-2 d5+1 ip+9	
21	127	9	0	0	11	135,9,2,0,0	S-8 d4-2 ip+11	
21	127	10	0	0	10	135,9,2,0,0	S-8 d3+1 d4-2 ip+10	
21	127	11	0	0	9	135,9,2,0,0	S-8 d3+2 d4-2 ip+9	
21	127	12	0	0	8	135,9,2,0,0	S-8 d3+3 d4-2 ip+8	
21	127	13	0	0	7	135,9,2,0,0	S-8 d3+4 d4-2 ip+7	
21	127	14	0	0	6	135,9,2,0,0	S-8 d3+5 d4-2 ip+6	
21	127	15	0	0	5	135,9,2,0,0	S-8 d3+6 d4-2 ip+5	
21	127	16	0	0	4	135,9,2,0,0	S-8 d3+7 d4-2 ip+4	
21	127	17	0	0	3	135,9,2,0,0	S-8 d3+8 d4-2 ip+3	
21	127	18	0	0	2	135,9,2,0,0	S-8 d3+9 d4-2 ip+2	
21	127	19	0	0	1	135,9,2,0,0	S-8 d3+10 d4-2 ip+1	
21	127	20	0	0	0	135,9,2,0,0	S-8 d3+11 d4-2	s11-grammar-subregion-closed
21	128	0	2	5	0	135,9,2,0,0	S-7 d3-9 d5+5	s11-grammar-subregion-closed
21	128	1	2	4	2	135,9,2,0,0	S-7 d3-8 d5+4 ip+2	
21	128	1	4	3	1	135,9,2,0,0	S-7 d3-8 d4+2 d5+3 ip+1	
21	128	1	6	2	0	135,9,2,0,0	S-7 d3-8 d4+4 d5+2	s11-grammar-subregion-closed
21	128	2	2	3	4	135,9,2,0,0	S-7 d3-7 d5+3 ip+4	
21	128	2	4	2	3	135,9,2,0,0	S-7 d3-7 d4+2 d5+2 ip+3	
21	128	2	6	1	2	135,9,2,0,0	S-7 d3-7 d4+4 d5+1 ip+2	
21	128	2	8	0	1	135,9,2,0,0	S-7 d3-7 d4+6 ip+1	
21	128	3	0	5	1	135,9,2,0,0	S-7 d3-6 d4-2 d5+5 ip+1	
21	128	3	2	2	6	135,9,2,0,0	S-7 d3-6 d5+2 ip+6	
21	128	3	4	1	5	135,9,2,0,0	S-7 d3-6 d4+2 d5+1 ip+5	
21	128	3	6	0	4	135,9,2,0,0	S-7 d3-6 d4+4 ip+4	
21	128	4	0	4	3	135,9,2,0,0	S-7 d3-5 d4-2 d5+4 ip+3	
21	128	4	2	1	8	135,9,2,0,0	S-7 d3-5 d5+1 ip+8	
21	128	4	4	0	7	135,9,2,0,0	S-7 d3-5 d4+2 ip+7	
21	128	5	0	3	5	135,9,2,0,0	S-7 d3-4 d4-2 d5+3 ip+5	
21	128	5	2	0	10	135,9,2,0,0	S-7 d3-4 ip+10	
21	128	6	0	2	7	135,9,2,0,0	S-7 d3-3 d4-2 d5+2 ip+7	
21	128	7	0	1	9	135,9,2,0,0	S-7 d3-2 d4-2 d5+1 ip+9	
21	128	8	0	0	11	135,9,2,0,0	S-7 d3-1 d4-2 ip+11	
21	129	0	2	4	2	135,9,2,0,0	S-6 d3-9 d5+4 ip+2	
21	129	0	4	3	1	135,9,2,0,0	S-6 d3-9 d4+2 d5+3 ip+1	
21	129	0	6	2	0	135,9,2,0,0	S-6 d3-9 d4+4 d5+2	s11-grammar-subregion-closed
21	129	1	2	3	4	135,9,2,0,0	S-6 d3-8 d5+3 ip+4	
21	129	1	4	2	3	135,9,2,0,0	S-6 d3-8 d4+2 d5+2 ip+3	
21	129	1	6	1	2	135,9,2,0,0	S-6 d3-8 d4+4 d5+1 ip+2	
21	129	1	8	0	1	135,9,2,0,0	S-6 d3-8 d4+6 ip+1	
21	129	2	0	5	1	135,9,2,0,0	S-6 d3-7 d4-2 d5+5 ip+1	
21	129	2	2	2	6	135,9,2,0,0	S-6 d3-7 d5+2 ip+6	
21	129	2	4	1	5	135,9,2,0,0	S-6 d3-7 d4+2 d5+1 ip+5	
21	129	2	6	0	4	135,9,2,0,0	S-6 d3-7 d4+4 ip+4	
21	129	3	0	4	3	135,9,2,0,0	S-6 d3-6 d4-2 d5+4 ip+3	
21	129	3	2	1	8	135,9,2,0,0	S-6 d3-6 d5+1 ip+8	
21	129	3	4	0	7	135,9,2,0,0	S-6 d3-6 d4+2 ip+7	
21	129	4	0	3	5	135,9,2,0,0	S-6 d3-5 d4-2 d5+3 ip+5	
21	129	4	2	0	10	135,9,2,0,0	S-6 d3-5 ip+10	
21	129	5	0	2	7	135,9,2,0,0	S-6 d3-4 d4-2 d5+2 ip+7	
21	129	6	0	1	9	135,9,2,0,0	S-6 d3-3 d4-2 d5+1 ip+9	
21	129	7	0	0	11	135,9,2,0,0	S-6 d3-2 d4-2 ip+11	
21	130	0	2	3	4	135,9,2,0,0	S-5 d3-9 d5+3 ip+4	
21	130	0	4	2	3	135,9,2,0,0	S-5 d3-9 d4+2 d5+2 ip+3	
21	130	0	6	1	2	135,9,2,0,0	S-5 d3-9 d4+4 d5+1 ip+2	
21	130	0	8	0	1	135,9,2,0,0	S-5 d3-9 d4+6 ip+1	
21	130	1	0	5	1	135,9,2,0,0	S-5 d3-8 d4-2 d5+5 ip+1	
21	130	1	2	2	6	135,9,2,0,0	S-5 d3-8 d5+2 ip+6	
21	130	1	4	1	5	135,9,2,0,0	S-5 d3-8 d4+2 d5+1 ip+5	
21	130	1	6	0	4	135,9,2,0,0	S-5 d3-8 d4+4 ip+4	
21	130	2	0	4	3	135,9,2,0,0	S-5 d3-7 d4-2 d5+4 ip+3	
21	130	2	2	1	8	135,9,2,0,0	S-5 d3-7 d5+1 ip+8	
21	130	2	4	0	7	135,9,2,0,0	S-5 d3-7 d4+2 ip+7	
21	130	3	0	3	5	135,9,2,0,0	S-5 d3-6 d4-2 d5+3 ip+5	
21	130	3	2	0	10	135,9,2,0,0	S-5 d3-6 ip+10	
21	130	4	0	2	7	135,9,2,0,0	S-5 d3-5 d4-2 d5+2 ip+7	
21	130	5	0	1	9	135,9,2,0,0	S-5 d3-4 d4-2 d5+1 ip+9	
21	130	6	0	0	11	135,9,2,0,0	S-5 d3-3 d4-2 ip+11	
21	131	0	0	5	1	135,9,2,0,0	S-4 d3-9 d4-2 d5+5 ip+1	
21	131	0	2	2	6	135,9,2,0,0	S-4 d3-9 d5+2 ip+6	
21	131	0	4	1	5	135,9,2,0,0	S-4 d3-9 d4+2 d5+1 ip+5	
21	131	0	6	0	4	135,9,2,0,0	S-4 d3-9 d4+4 ip+4	
21	131	1	0	4	3	135,9,2,0,0	S-4 d3-8 d4-2 d5+4 ip+3	
21	131	1	2	1	8	135,9,2,0,0	S-4 d3-8 d5+1 ip+8	
21	131	1	4	0	7	135,9,2,0,0	S-4 d3-8 d4+2 ip+7	
21	131	2	0	3	5	135,9,2,0,0	S-4 d3-7 d4-2 d5+3 ip+5	
21	131	2	2	0	10	135,9,2,0,0	S-4 d3-7 ip+10	
21	131	3	0	2	7	135,9,2,0,0	S-4 d3-6 d4-2 d5+2 ip+7	
21	131	4	0	1	9	135,9,2,0,0	S-4 d3-5 d4-2 d5+1 ip+9	
21	131	5	0	0	11	135,9,2,0,0	S-4 d3-4 d4-2 ip+11	
21	132	0	0	4	3	135,9,2,0,0	S-3 d3-9 d4-2 d5+4 ip+3	
21	132	0	2	1	8	135,9,2,0,0	S-3 d3-9 d5+1 ip+8	
21	132	0	4	0	7	135,9,2,0,0	S-3 d3-9 d4+2 ip+7	
21	132	1	0	3	5	135,9,2,0,0	S-3 d3-8 d4-2 d5+3 ip+5	
21	132	1	2	0	10	135,9,2,0,0	S-3 d3-8 ip+10	
21	132	2	0	2	7	135,9,2,0,0	S-3 d3-7 d4-2 d5+2 ip+7	
21	132	3	0	1	9	135,9,2,0,0	S-3 d3-6 d4-2 d5+1 ip+9	
21	132	4	0	0	11	135,9,2,0,0	S-3 d3-5 d4-2 ip+11	
21	133	0	0	3	5	135,9,2,0,0	S-2 d3-9 d4-2 d5+3 ip+5	
21	133	0	2	0	10	135,9,2,0,0	S-2 d3-9 ip+10	
21	133	1	0	2	7	135,9,2,0,0	S-2 d3-8 d4-2 d5+2 ip+7	
21	133	2	0	1	9	135,9,2,0,0	S-2 d3-7 d4-2 d5+1 ip+9	
21	133	3	0	0	11	135,9,2,0,0	S-2 d3-6 d4-2 ip+11	
21	134	0	0	2	7	135,9,2,0,0	S-1 d3-9 d4-2 d5+2 ip+7	
21	134	1	0	1	9	135,9,2,0,0	S-1 d3-8 d4-2 d5+1 ip+9	
21	134	2	0	0	11	135,9,2,0,0	S-1 d3-7 d4-2 ip+11	
21	135	0	0	1	9	135,9,2,0,0	d3-9 d4-2 d5+1 ip+9	
21	135	1	0	0	11	135,9,2,0,0	d3-8 d4-2 ip+11	
22	120	8	5	3	0	135,9,2,0,0	S-15 d3-1 d4+3 d5+3	s11-grammar-subregion-closed;perfect-ride-family(ATSP-closable)
22	120	9	9	0	0	135,9,2,0,0	S-15 d4+7	s11-grammar-subregion-closed;perfect-ride-family(ATSP-closable)
22	120	10	1	5	0	135,9,2,0,0	S-15 d3+1 d4-1 d5+5	s11-grammar-subregion-closed;perfect-ride-family(ATSP-closable)
22	120	10	7	1	0	135,9,2,0,0	S-15 d3+1 d4+5 d5+1	s11-grammar-subregion-closed;perfect-ride-family(ATSP-closable)
22	120	11	5	2	0	135,9,2,0,0	S-15 d3+2 d4+3 d5+2	s11-grammar-subregion-closed;perfect-ride-family(ATSP-closable)
22	120	12	3	3	0	135,9,2,0,0	S-15 d3+3 d4+1 d5+3	s11-grammar-subregion-closed;perfect-ride-family(ATSP-closable)
22	121	7	3	4	1	135,9,2,0,0	S-14 d3-2 d4+1 d5+4 ip+1	
22	121	7	5	3	0	135,9,2,0,0	S-14 d3-2 d4+3 d5+3	s11-grammar-subregion-closed
22	121	8	1	5	1	135,9,2,0,0	S-14 d3-1 d4-1 d5+5 ip+1	
22	121	8	3	3	3	135,9,2,0,0	S-14 d3-1 d4+1 d5+3 ip+3	
22	121	8	5	2	2	135,9,2,0,0	S-14 d3-1 d4+3 d5+2 ip+2	
22	121	8	7	1	1	135,9,2,0,0	S-14 d3-1 d4+5 d5+1 ip+1	
22	121	8	9	0	0	135,9,2,0,0	S-14 d3-1 d4+7	s11-grammar-subregion-closed
22	121	9	1	4	3	135,9,2,0,0	S-14 d4-1 d5+4 ip+3	
22	121	9	5	1	4	135,9,2,0,0	S-14 d4+3 d5+1 ip+4	
22	121	9	7	0	3	135,9,2,0,0	S-14 d4+5 ip+3	
22	121	10	1	4	2	135,9,2,0,0	S-14 d3+1 d4-1 d5+4 ip+2	
22	121	10	3	2	4	135,9,2,0,0	S-14 d3+1 d4+1 d5+2 ip+4	
22	121	10	5	1	3	135,9,2,0,0	S-14 d3+1 d4+3 d5+1 ip+3	
22	121	10	7	0	2	135,9,2,0,0	S-14 d3+1 d4+5 ip+2	
22	121	11	1	4	1	135,9,2,0,0	S-14 d3+2 d4-1 d5+4 ip+1	
22	121	11	3	2	3	135,9,2,0,0	S-14 d3+2 d4+1 d5+2 ip+3	
22	121	11	5	1	2	135,9,2,0,0	S-14 d3+2 d4+3 d5+1 ip+2	
22	121	11	7	0	1	135,9,2,0,0	S-14 d3+2 d4+5 ip+1	
22	121	12	1	4	0	135,9,2,0,0	S-14 d3+3 d4-1 d5+4	s11-grammar-subregion-closed
22	121	12	3	2	2	135,9,2,0,0	S-14 d3+3 d4+1 d5+2 ip+2	
22	121	12	5	1	1	135,9,2,0,0	S-14 d3+3 d4+3 d5+1 ip+1	
22	121	12	7	0	0	135,9,2,0,0	S-14 d3+3 d4+5	s11-grammar-subregion-closed
22	121	13	3	2	1	135,9,2,0,0	S-14 d3+4 d4+1 d5+2 ip+1	
22	121	13	5	1	0	135,9,2,0,0	S-14 d3+4 d4+3 d5+1	s11-grammar-subregion-closed
22	121	14	3	2	0	135,9,2,0,0	S-14 d3+5 d4+1 d5+2	s11-grammar-subregion-closed
22	122	6	3	4	1	135,9,2,0,0	S-13 d3-3 d4+1 d5+4 ip+1	
22	122	6	5	3	0	135,9,2,0,0	S-13 d3-3 d4+3 d5+3	s11-grammar-subregion-closed
22	122	7	1	5	1	135,9,2,0,0	S-13 d3-2 d4-1 d5+5 ip+1	
22	122	7	3	3	3	135,9,2,0,0	S-13 d3-2 d4+1 d5+3 ip+3	
22	122	7	5	2	2	135,9,2,0,0	S-13 d3-2 d4+3 d5+2 ip+2	
22	122	7	7	1	1	135,9,2,0,0	S-13 d3-2 d4+5 d5+1 ip+1	
22	122	7	9	0	0	135,9,2,0,0	S-13 d3-2 d4+7	s11-grammar-subregion-closed
22	122	8	1	4	3	135,9,2,0,0	S-13 d3-1 d4-1 d5+4 ip+3	
22	122	8	3	2	5	135,9,2,0,0	S-13 d3-1 d4+1 d5+2 ip+5	
22	122	8	5	1	4	135,9,2,0,0	S-13 d3-1 d4+3 d5+1 ip+4	
22	122	8	7	0	3	135,9,2,0,0	S-13 d3-1 d4+5 ip+3	
22	122	9	1	3	5	135,9,2,0,0	S-13 d4-1 d5+3 ip+5	
22	122	9	3	1	7	135,9,2,0,0	S-13 d4+1 d5+1 ip+7	
22	122	9	5	0	6	135,9,2,0,0	S-13 d4+3 ip+6	
22	122	10	1	3	4	135,9,2,0,0	S-13 d3+1 d4-1 d5+3 ip+4	
22	122	10	3	1	6	135,9,2,0,0	S-13 d3+1 d4+1 d5+1 ip+6	
22	122	10	5	0	5	135,9,2,0,0	S-13 d3+1 d4+3 ip+5	
22	122	11	1	3	3	135,9,2,0,0	S-13 d3+2 d4-1 d5+3 ip+3	
22	122	11	3	1	5	135,9,2,0,0	S-13 d3+2 d4+1 d5+1 ip+5	
22	122	11	5	0	4	135,9,2,0,0	S-13 d3+2 d4+3 ip+4	
22	122	12	1	3	2	135,9,2,0,0	S-13 d3+3 d4-1 d5+3 ip+2	
22	122	12	3	1	4	135,9,2,0,0	S-13 d3+3 d4+1 d5+1 ip+4	
22	122	12	5	0	3	135,9,2,0,0	S-13 d3+3 d4+3 ip+3	
22	122	13	1	3	1	135,9,2,0,0	S-13 d3+4 d4-1 d5+3 ip+1	
22	122	13	3	1	3	135,9,2,0,0	S-13 d3+4 d4+1 d5+1 ip+3	
22	122	13	5	0	2	135,9,2,0,0	S-13 d3+4 d4+3 ip+2	
22	122	14	1	3	0	135,9,2,0,0	S-13 d3+5 d4-1 d5+3	s11-grammar-subregion-closed
22	122	14	3	1	2	135,9,2,0,0	S-13 d3+5 d4+1 d5+1 ip+2	
22	122	14	5	0	1	135,9,2,0,0	S-13 d3+5 d4+3 ip+1	
22	122	15	3	1	1	135,9,2,0,0	S-13 d3+6 d4+1 d5+1 ip+1	
22	122	15	5	0	0	135,9,2,0,0	S-13 d3+6 d4+3	s11-grammar-subregion-closed
22	122	16	3	1	0	135,9,2,0,0	S-13 d3+7 d4+1 d5+1	s11-grammar-subregion-closed
22	123	5	3	4	1	135,9,2,0,0	S-12 d3-4 d4+1 d5+4 ip+1	
22	123	5	5	3	0	135,9,2,0,0	S-12 d3-4 d4+3 d5+3	s11-grammar-subregion-closed
22	123	6	1	5	1	135,9,2,0,0	S-12 d3-3 d4-1 d5+5 ip+1	
22	123	6	3	3	3	135,9,2,0,0	S-12 d3-3 d4+1 d5+3 ip+3	
22	123	6	5	2	2	135,9,2,0,0	S-12 d3-3 d4+3 d5+2 ip+2	
22	123	6	7	1	1	135,9,2,0,0	S-12 d3-3 d4+5 d5+1 ip+1	
22	123	6	9	0	0	135,9,2,0,0	S-12 d3-3 d4+7	s11-grammar-subregion-closed
22	123	7	1	4	3	135,9,2,0,0	S-12 d3-2 d4-1 d5+4 ip+3	
22	123	7	3	2	5	135,9,2,0,0	S-12 d3-2 d4+1 d5+2 ip+5	
22	123	7	5	1	4	135,9,2,0,0	S-12 d3-2 d4+3 d5+1 ip+4	
22	123	7	7	0	3	135,9,2,0,0	S-12 d3-2 d4+5 ip+3	
22	123	8	1	3	5	135,9,2,0,0	S-12 d3-1 d4-1 d5+3 ip+5	
22	123	8	3	1	7	135,9,2,0,0	S-12 d3-1 d4+1 d5+1 ip+7	
22	123	8	5	0	6	135,9,2,0,0	S-12 d3-1 d4+3 ip+6	
22	123	9	1	2	7	135,9,2,0,0	S-12 d4-1 d5+2 ip+7	
22	123	9	3	0	9	135,9,2,0,0	S-12 d4+1 ip+9	
22	123	10	1	2	6	135,9,2,0,0	S-12 d3+1 d4-1 d5+2 ip+6	
22	123	10	3	0	8	135,9,2,0,0	S-12 d3+1 d4+1 ip+8	
22	123	11	1	2	5	135,9,2,0,0	S-12 d3+2 d4-1 d5+2 ip+5	
22	123	11	3	0	7	135,9,2,0,0	S-12 d3+2 d4+1 ip+7	
22	123	12	1	2	4	135,9,2,0,0	S-12 d3+3 d4-1 d5+2 ip+4	
22	123	12	3	0	6	135,9,2,0,0	S-12 d3+3 d4+1 ip+6	
22	123	13	1	2	3	135,9,2,0,0	S-12 d3+4 d4-1 d5+2 ip+3	
22	123	13	3	0	5	135,9,2,0,0	S-12 d3+4 d4+1 ip+5	
22	123	14	1	2	2	135,9,2,0,0	S-12 d3+5 d4-1 d5+2 ip+2	
22	123	14	3	0	4	135,9,2,0,0	S-12 d3+5 d4+1 ip+4	
22	123	15	1	2	1	135,9,2,0,0	S-12 d3+6 d4-1 d5+2 ip+1	
22	123	15	3	0	3	135,9,2,0,0	S-12 d3+6 d4+1 ip+3	
22	123	16	1	2	0	135,9,2,0,0	S-12 d3+7 d4-1 d5+2	s11-grammar-subregion-closed
22	123	16	3	0	2	135,9,2,0,0	S-12 d3+7 d4+1 ip+2	
22	123	17	3	0	1	135,9,2,0,0	S-12 d3+8 d4+1 ip+1	
22	123	18	3	0	0	135,9,2,0,0	S-12 d3+9 d4+1	s11-grammar-subregion-closed
22	124	4	3	4	1	135,9,2,0,0	S-11 d3-5 d4+1 d5+4 ip+1	
22	124	4	5	3	0	135,9,2,0,0	S-11 d3-5 d4+3 d5+3	s11-grammar-subregion-closed
22	124	5	1	5	1	135,9,2,0,0	S-11 d3-4 d4-1 d5+5 ip+1	
22	124	5	3	3	3	135,9,2,0,0	S-11 d3-4 d4+1 d5+3 ip+3	
22	124	5	5	2	2	135,9,2,0,0	S-11 d3-4 d4+3 d5+2 ip+2	
22	124	5	7	1	1	135,9,2,0,0	S-11 d3-4 d4+5 d5+1 ip+1	
22	124	5	9	0	0	135,9,2,0,0	S-11 d3-4 d4+7	s11-grammar-subregion-closed
22	124	6	1	4	3	135,9,2,0,0	S-11 d3-3 d4-1 d5+4 ip+3	
22	124	6	3	2	5	135,9,2,0,0	S-11 d3-3 d4+1 d5+2 ip+5	
22	124	6	5	1	4	135,9,2,0,0	S-11 d3-3 d4+3 d5+1 ip+4	
22	124	6	7	0	3	135,9,2,0,0	S-11 d3-3 d4+5 ip+3	
22	124	7	1	3	5	135,9,2,0,0	S-11 d3-2 d4-1 d5+3 ip+5	
22	124	7	3	1	7	135,9,2,0,0	S-11 d3-2 d4+1 d5+1 ip+7	
22	124	7	5	0	6	135,9,2,0,0	S-11 d3-2 d4+3 ip+6	
22	124	8	1	2	7	135,9,2,0,0	S-11 d3-1 d4-1 d5+2 ip+7	
22	124	8	3	0	9	135,9,2,0,0	S-11 d3-1 d4+1 ip+9	
22	124	9	1	1	9	135,9,2,0,0	S-11 d4-1 d5+1 ip+9	
22	124	10	1	1	8	135,9,2,0,0	S-11 d3+1 d4-1 d5+1 ip+8	
22	124	11	1	1	7	135,9,2,0,0	S-11 d3+2 d4-1 d5+1 ip+7	
22	124	12	1	1	6	135,9,2,0,0	S-11 d3+3 d4-1 d5+1 ip+6	
22	124	13	1	1	5	135,9,2,0,0	S-11 d3+4 d4-1 d5+1 ip+5	
22	124	14	1	1	4	135,9,2,0,0	S-11 d3+5 d4-1 d5+1 ip+4	
22	124	15	1	1	3	135,9,2,0,0	S-11 d3+6 d4-1 d5+1 ip+3	
22	124	16	1	1	2	135,9,2,0,0	S-11 d3+7 d4-1 d5+1 ip+2	
22	124	17	1	1	1	135,9,2,0,0	S-11 d3+8 d4-1 d5+1 ip+1	
22	124	18	1	1	0	135,9,2,0,0	S-11 d3+9 d4-1 d5+1	s11-grammar-subregion-closed
22	125	3	3	4	1	135,9,2,0,0	S-10 d3-6 d4+1 d5+4 ip+1	
22	125	3	5	3	0	135,9,2,0,0	S-10 d3-6 d4+3 d5+3	s11-grammar-subregion-closed
22	125	4	1	5	1	135,9,2,0,0	S-10 d3-5 d4-1 d5+5 ip+1	
22	125	4	3	3	3	135,9,2,0,0	S-10 d3-5 d4+1 d5+3 ip+3	
22	125	4	5	2	2	135,9,2,0,0	S-10 d3-5 d4+3 d5+2 ip+2	
22	125	4	7	1	1	135,9,2,0,0	S-10 d3-5 d4+5 d5+1 ip+1	
22	125	4	9	0	0	135,9,2,0,0	S-10 d3-5 d4+7	s11-grammar-subregion-closed
22	125	5	1	4	3	135,9,2,0,0	S-10 d3-4 d4-1 d5+4 ip+3	
22	125	5	3	2	5	135,9,2,0,0	S-10 d3-4 d4+1 d5+2 ip+5	
22	125	5	5	1	4	135,9,2,0,0	S-10 d3-4 d4+3 d5+1 ip+4	
22	125	5	7	0	3	135,9,2,0,0	S-10 d3-4 d4+5 ip+3	
22	125	6	1	3	5	135,9,2,0,0	S-10 d3-3 d4-1 d5+3 ip+5	
22	125	6	3	1	7	135,9,2,0,0	S-10 d3-3 d4+1 d5+1 ip+7	
22	125	6	5	0	6	135,9,2,0,0	S-10 d3-3 d4+3 ip+6	
22	125	7	1	2	7	135,9,2,0,0	S-10 d3-2 d4-1 d5+2 ip+7	
22	125	7	3	0	9	135,9,2,0,0	S-10 d3-2 d4+1 ip+9	
22	125	8	1	1	9	135,9,2,0,0	S-10 d3-1 d4-1 d5+1 ip+9	
22	125	9	1	0	11	135,9,2,0,0	S-10 d4-1 ip+11	
22	125	10	1	0	10	135,9,2,0,0	S-10 d3+1 d4-1 ip+10	
22	125	11	1	0	9	135,9,2,0,0	S-10 d3+2 d4-1 ip+9	
22	125	12	1	0	8	135,9,2,0,0	S-10 d3+3 d4-1 ip+8	
22	125	13	1	0	7	135,9,2,0,0	S-10 d3+4 d4-1 ip+7	
22	125	14	1	0	6	135,9,2,0,0	S-10 d3+5 d4-1 ip+6	
22	125	15	1	0	5	135,9,2,0,0	S-10 d3+6 d4-1 ip+5	
22	125	16	1	0	4	135,9,2,0,0	S-10 d3+7 d4-1 ip+4	
22	125	17	1	0	3	135,9,2,0,0	S-10 d3+8 d4-1 ip+3	
22	125	18	1	0	2	135,9,2,0,0	S-10 d3+9 d4-1 ip+2	
22	125	19	1	0	1	135,9,2,0,0	S-10 d3+10 d4-1 ip+1	
22	125	20	1	0	0	135,9,2,0,0	S-10 d3+11 d4-1	s11-grammar-subregion-closed
22	126	2	3	4	1	135,9,2,0,0	S-9 d3-7 d4+1 d5+4 ip+1	
22	126	2	5	3	0	135,9,2,0,0	S-9 d3-7 d4+3 d5+3	s11-grammar-subregion-closed
22	126	3	1	5	1	135,9,2,0,0	S-9 d3-6 d4-1 d5+5 ip+1	
22	126	3	3	3	3	135,9,2,0,0	S-9 d3-6 d4+1 d5+3 ip+3	
22	126	3	5	2	2	135,9,2,0,0	S-9 d3-6 d4+3 d5+2 ip+2	
22	126	3	7	1	1	135,9,2,0,0	S-9 d3-6 d4+5 d5+1 ip+1	
22	126	3	9	0	0	135,9,2,0,0	S-9 d3-6 d4+7	s11-grammar-subregion-closed
22	126	4	1	4	3	135,9,2,0,0	S-9 d3-5 d4-1 d5+4 ip+3	
22	126	4	3	2	5	135,9,2,0,0	S-9 d3-5 d4+1 d5+2 ip+5	
22	126	4	5	1	4	135,9,2,0,0	S-9 d3-5 d4+3 d5+1 ip+4	
22	126	4	7	0	3	135,9,2,0,0	S-9 d3-5 d4+5 ip+3	
22	126	5	1	3	5	135,9,2,0,0	S-9 d3-4 d4-1 d5+3 ip+5	
22	126	5	3	1	7	135,9,2,0,0	S-9 d3-4 d4+1 d5+1 ip+7	
22	126	5	5	0	6	135,9,2,0,0	S-9 d3-4 d4+3 ip+6	
22	126	6	1	2	7	135,9,2,0,0	S-9 d3-3 d4-1 d5+2 ip+7	
22	126	6	3	0	9	135,9,2,0,0	S-9 d3-3 d4+1 ip+9	
22	126	7	1	1	9	135,9,2,0,0	S-9 d3-2 d4-1 d5+1 ip+9	
22	126	8	1	0	11	135,9,2,0,0	S-9 d3-1 d4-1 ip+11	
22	127	1	3	4	1	135,9,2,0,0	S-8 d3-8 d4+1 d5+4 ip+1	
22	127	1	5	3	0	135,9,2,0,0	S-8 d3-8 d4+3 d5+3	s11-grammar-subregion-closed
22	127	2	1	5	1	135,9,2,0,0	S-8 d3-7 d4-1 d5+5 ip+1	
22	127	2	3	3	3	135,9,2,0,0	S-8 d3-7 d4+1 d5+3 ip+3	
22	127	2	5	2	2	135,9,2,0,0	S-8 d3-7 d4+3 d5+2 ip+2	
22	127	2	7	1	1	135,9,2,0,0	S-8 d3-7 d4+5 d5+1 ip+1	
22	127	2	9	0	0	135,9,2,0,0	S-8 d3-7 d4+7	s11-grammar-subregion-closed
22	127	3	1	4	3	135,9,2,0,0	S-8 d3-6 d4-1 d5+4 ip+3	
22	127	3	3	2	5	135,9,2,0,0	S-8 d3-6 d4+1 d5+2 ip+5	
22	127	3	5	1	4	135,9,2,0,0	S-8 d3-6 d4+3 d5+1 ip+4	
22	127	3	7	0	3	135,9,2,0,0	S-8 d3-6 d4+5 ip+3	
22	127	4	1	3	5	135,9,2,0,0	S-8 d3-5 d4-1 d5+3 ip+5	
22	127	4	3	1	7	135,9,2,0,0	S-8 d3-5 d4+1 d5+1 ip+7	
22	127	4	5	0	6	135,9,2,0,0	S-8 d3-5 d4+3 ip+6	
22	127	5	1	2	7	135,9,2,0,0	S-8 d3-4 d4-1 d5+2 ip+7	
22	127	5	3	0	9	135,9,2,0,0	S-8 d3-4 d4+1 ip+9	
22	127	6	1	1	9	135,9,2,0,0	S-8 d3-3 d4-1 d5+1 ip+9	
22	127	7	1	0	11	135,9,2,0,0	S-8 d3-2 d4-1 ip+11	
22	128	0	3	4	1	135,9,2,0,0	S-7 d3-9 d4+1 d5+4 ip+1	
22	128	0	5	3	0	135,9,2,0,0	S-7 d3-9 d4+3 d5+3	s11-grammar-subregion-closed
22	128	1	1	5	1	135,9,2,0,0	S-7 d3-8 d4-1 d5+5 ip+1	
22	128	1	3	3	3	135,9,2,0,0	S-7 d3-8 d4+1 d5+3 ip+3	
22	128	1	5	2	2	135,9,2,0,0	S-7 d3-8 d4+3 d5+2 ip+2	
22	128	1	7	1	1	135,9,2,0,0	S-7 d3-8 d4+5 d5+1 ip+1	
22	128	1	9	0	0	135,9,2,0,0	S-7 d3-8 d4+7	s11-grammar-subregion-closed
22	128	2	1	4	3	135,9,2,0,0	S-7 d3-7 d4-1 d5+4 ip+3	
22	128	2	3	2	5	135,9,2,0,0	S-7 d3-7 d4+1 d5+2 ip+5	
22	128	2	5	1	4	135,9,2,0,0	S-7 d3-7 d4+3 d5+1 ip+4	
22	128	2	7	0	3	135,9,2,0,0	S-7 d3-7 d4+5 ip+3	
22	128	3	1	3	5	135,9,2,0,0	S-7 d3-6 d4-1 d5+3 ip+5	
22	128	3	3	1	7	135,9,2,0,0	S-7 d3-6 d4+1 d5+1 ip+7	
22	128	3	5	0	6	135,9,2,0,0	S-7 d3-6 d4+3 ip+6	
22	128	4	1	2	7	135,9,2,0,0	S-7 d3-5 d4-1 d5+2 ip+7	
22	128	4	3	0	9	135,9,2,0,0	S-7 d3-5 d4+1 ip+9	
22	128	5	1	1	9	135,9,2,0,0	S-7 d3-4 d4-1 d5+1 ip+9	
22	128	6	1	0	11	135,9,2,0,0	S-7 d3-3 d4-1 ip+11	
22	129	0	1	5	1	135,9,2,0,0	S-6 d3-9 d4-1 d5+5 ip+1	
22	129	0	3	3	3	135,9,2,0,0	S-6 d3-9 d4+1 d5+3 ip+3	
22	129	0	5	2	2	135,9,2,0,0	S-6 d3-9 d4+3 d5+2 ip+2	
22	129	0	7	1	1	135,9,2,0,0	S-6 d3-9 d4+5 d5+1 ip+1	
22	129	0	9	0	0	135,9,2,0,0	S-6 d3-9 d4+7	s11-grammar-subregion-closed
22	129	1	1	4	3	135,9,2,0,0	S-6 d3-8 d4-1 d5+4 ip+3	
22	129	1	3	2	5	135,9,2,0,0	S-6 d3-8 d4+1 d5+2 ip+5	
22	129	1	5	1	4	135,9,2,0,0	S-6 d3-8 d4+3 d5+1 ip+4	
22	129	1	7	0	3	135,9,2,0,0	S-6 d3-8 d4+5 ip+3	
22	129	2	1	3	5	135,9,2,0,0	S-6 d3-7 d4-1 d5+3 ip+5	
22	129	2	3	1	7	135,9,2,0,0	S-6 d3-7 d4+1 d5+1 ip+7	
22	129	2	5	0	6	135,9,2,0,0	S-6 d3-7 d4+3 ip+6	
22	129	3	1	2	7	135,9,2,0,0	S-6 d3-6 d4-1 d5+2 ip+7	
22	129	3	3	0	9	135,9,2,0,0	S-6 d3-6 d4+1 ip+9	
22	129	4	1	1	9	135,9,2,0,0	S-6 d3-5 d4-1 d5+1 ip+9	
22	129	5	1	0	11	135,9,2,0,0	S-6 d3-4 d4-1 ip+11	
22	130	0	1	4	3	135,9,2,0,0	S-5 d3-9 d4-1 d5+4 ip+3	
22	130	0	3	2	5	135,9,2,0,0	S-5 d3-9 d4+1 d5+2 ip+5	
22	130	0	5	1	4	135,9,2,0,0	S-5 d3-9 d4+3 d5+1 ip+4	
22	130	0	7	0	3	135,9,2,0,0	S-5 d3-9 d4+5 ip+3	
22	130	1	1	3	5	135,9,2,0,0	S-5 d3-8 d4-1 d5+3 ip+5	
22	130	1	3	1	7	135,9,2,0,0	S-5 d3-8 d4+1 d5+1 ip+7	
22	130	1	5	0	6	135,9,2,0,0	S-5 d3-8 d4+3 ip+6	
22	130	2	1	2	7	135,9,2,0,0	S-5 d3-7 d4-1 d5+2 ip+7	
22	130	2	3	0	9	135,9,2,0,0	S-5 d3-7 d4+1 ip+9	
22	130	3	1	1	9	135,9,2,0,0	S-5 d3-6 d4-1 d5+1 ip+9	
22	130	4	1	0	11	135,9,2,0,0	S-5 d3-5 d4-1 ip+11	
22	131	0	1	3	5	135,9,2,0,0	S-4 d3-9 d4-1 d5+3 ip+5	
22	131	0	3	1	7	135,9,2,0,0	S-4 d3-9 d4+1 d5+1 ip+7	
22	131	0	5	0	6	135,9,2,0,0	S-4 d3-9 d4+3 ip+6	
22	131	1	1	2	7	135,9,2,0,0	S-4 d3-8 d4-1 d5+2 ip+7	
22	131	1	3	0	9	135,9,2,0,0	S-4 d3-8 d4+1 ip+9	
22	131	2	1	1	9	135,9,2,0,0	S-4 d3-7 d4-1 d5+1 ip+9	
22	131	3	1	0	11	135,9,2,0,0	S-4 d3-6 d4-1 ip+11	
22	132	0	1	2	7	135,9,2,0,0	S-3 d3-9 d4-1 d5+2 ip+7	
22	132	0	3	0	9	135,9,2,0,0	S-3 d3-9 d4+1 ip+9	
22	132	1	1	1	9	135,9,2,0,0	S-3 d3-8 d4-1 d5+1 ip+9	
22	132	2	1	0	11	135,9,2,0,0	S-3 d3-7 d4-1 ip+11	
22	133	0	1	1	9	135,9,2,0,0	S-2 d3-9 d4-1 d5+1 ip+9	
22	133	1	1	0	11	135,9,2,0,0	S-2 d3-8 d4-1 ip+11	
22	134	0	1	0	11	135,9,2,0,0	S-1 d3-9 d4-1 ip+11	
22	136	0	0	0	11	138,8,1,0,0	S-2 d3-8 d4-1 ip+11	
23	120	7	4	4	0	135,9,2,0,0	S-15 d3-2 d4+2 d5+4	s11-grammar-subregion-closed;perfect-ride-family(ATSP-closable)
23	120	8	8	1	0	135,9,2,0,0	S-15 d3-1 d4+6 d5+1	s11-grammar-subregion-closed;perfect-ride-family(ATSP-closable)
23	120	9	0	6	0	135,9,2,0,0	S-15 d4-2 d5+6	s11-grammar-subregion-closed;perfect-ride-family(ATSP-closable)
23	120	11	8	0	0	135,9,2,0,0	S-15 d3+2 d4+6	s11-grammar-subregion-closed;perfect-ride-family(ATSP-closable)
23	120	12	6	1	0	135,9,2,0,0	S-15 d3+3 d4+4 d5+1	s11-grammar-subregion-closed;perfect-ride-family(ATSP-closable)
23	120	13	4	2	0	135,9,2,0,0	S-15 d3+4 d4+2 d5+2	s11-grammar-subregion-closed;perfect-ride-family(ATSP-closable)
23	120	14	2	3	0	135,9,2,0,0	S-15 d3+5 d5+3	s11-grammar-subregion-closed;perfect-ride-family(ATSP-closable)
23	121	6	2	5	1	135,9,2,0,0	S-14 d3-3 d5+5 ip+1	
23	121	6	4	4	0	135,9,2,0,0	S-14 d3-3 d4+2 d5+4	s11-grammar-subregion-closed
23	121	7	2	4	3	135,9,2,0,0	S-14 d3-2 d5+4 ip+3	
23	121	7	4	3	2	135,9,2,0,0	S-14 d3-2 d4+2 d5+3 ip+2	
23	121	7	6	2	1	135,9,2,0,0	S-14 d3-2 d4+4 d5+2 ip+1	
23	121	7	8	1	0	135,9,2,0,0	S-14 d3-2 d4+6 d5+1	s11-grammar-subregion-closed
23	121	8	0	6	0	135,9,2,0,0	S-14 d3-1 d4-2 d5+6	s11-grammar-subregion-closed
23	121	8	4	2	4	135,9,2,0,0	S-14 d3-1 d4+2 d5+2 ip+4	
23	121	8	6	1	3	135,9,2,0,0	S-14 d3-1 d4+4 d5+1 ip+3	
23	121	8	8	0	2	135,9,2,0,0	S-14 d3-1 d4+6 ip+2	
23	121	9	0	5	2	135,9,2,0,0	S-14 d4-2 d5+5 ip+2	
23	121	10	0	5	1	135,9,2,0,0	S-14 d3+1 d4-2 d5+5 ip+1	
23	121	10	6	0	4	135,9,2,0,0	S-14 d3+1 d4+4 ip+4	
23	121	11	0	5	0	135,9,2,0,0	S-14 d3+2 d4-2 d5+5	s11-grammar-subregion-closed
23	121	11	4	1	4	135,9,2,0,0	S-14 d3+2 d4+2 d5+1 ip+4	
23	121	11	6	0	3	135,9,2,0,0	S-14 d3+2 d4+4 ip+3	
23	121	12	2	2	4	135,9,2,0,0	S-14 d3+3 d5+2 ip+4	
23	121	12	4	1	3	135,9,2,0,0	S-14 d3+3 d4+2 d5+1 ip+3	
23	121	12	6	0	2	135,9,2,0,0	S-14 d3+3 d4+4 ip+2	
23	121	13	2	2	3	135,9,2,0,0	S-14 d3+4 d5+2 ip+3	
23	121	13	4	1	2	135,9,2,0,0	S-14 d3+4 d4+2 d5+1 ip+2	
23	121	13	6	0	1	135,9,2,0,0	S-14 d3+4 d4+4 ip+1	
23	121	14	2	2	2	135,9,2,0,0	S-14 d3+5 d5+2 ip+2	
23	121	14	4	1	1	135,9,2,0,0	S-14 d3+5 d4+2 d5+1 ip+1	
23	121	14	6	0	0	135,9,2,0,0	S-14 d3+5 d4+4	s11-grammar-subregion-closed
23	121	15	2	2	1	135,9,2,0,0	S-14 d3+6 d5+2 ip+1	
23	121	15	4	1	0	135,9,2,0,0	S-14 d3+6 d4+2 d5+1	s11-grammar-subregion-closed
23	121	16	2	2	0	135,9,2,0,0	S-14 d3+7 d5+2	s11-grammar-subregion-closed
23	122	5	2	5	1	135,9,2,0,0	S-13 d3-4 d5+5 ip+1	
23	122	5	4	4	0	135,9,2,0,0	S-13 d3-4 d4+2 d5+4	s11-grammar-subregion-closed
23	122	6	2	4	3	135,9,2,0,0	S-13 d3-3 d5+4 ip+3	
23	122	6	4	3	2	135,9,2,0,0	S-13 d3-3 d4+2 d5+3 ip+2	
23	122	6	6	2	1	135,9,2,0,0	S-13 d3-3 d4+4 d5+2 ip+1	
23	122	6	8	1	0	135,9,2,0,0	S-13 d3-3 d4+6 d5+1	s11-grammar-subregion-closed
23	122	7	0	6	0	135,9,2,0,0	S-13 d3-2 d4-2 d5+6	s11-grammar-subregion-closed
23	122	7	2	3	5	135,9,2,0,0	S-13 d3-2 d5+3 ip+5	
23	122	7	4	2	4	135,9,2,0,0	S-13 d3-2 d4+2 d5+2 ip+4	
23	122	7	6	1	3	135,9,2,0,0	S-13 d3-2 d4+4 d5+1 ip+3	
23	122	7	8	0	2	135,9,2,0,0	S-13 d3-2 d4+6 ip+2	
23	122	8	0	5	2	135,9,2,0,0	S-13 d3-1 d4-2 d5+5 ip+2	
23	122	8	2	2	7	135,9,2,0,0	S-13 d3-1 d5+2 ip+7	
23	122	8	4	1	6	135,9,2,0,0	S-13 d3-1 d4+2 d5+1 ip+6	
23	122	8	6	0	5	135,9,2,0,0	S-13 d3-1 d4+4 ip+5	
23	122	9	0	4	4	135,9,2,0,0	S-13 d4-2 d5+4 ip+4	
23	122	9	4	0	8	135,9,2,0,0	S-13 d4+2 ip+8	
23	122	10	0	4	3	135,9,2,0,0	S-13 d3+1 d4-2 d5+4 ip+3	
23	122	10	2	1	8	135,9,2,0,0	S-13 d3+1 d5+1 ip+8	
23	122	10	4	0	7	135,9,2,0,0	S-13 d3+1 d4+2 ip+7	
23	122	11	0	4	2	135,9,2,0,0	S-13 d3+2 d4-2 d5+4 ip+2	
23	122	11	2	1	7	135,9,2,0,0	S-13 d3+2 d5+1 ip+7	
23	122	11	4	0	6	135,9,2,0,0	S-13 d3+2 d4+2 ip+6	
23	122	12	0	4	1	135,9,2,0,0	S-13 d3+3 d4-2 d5+4 ip+1	
23	122	12	2	1	6	135,9,2,0,0	S-13 d3+3 d5+1 ip+6	
23	122	12	4	0	5	135,9,2,0,0	S-13 d3+3 d4+2 ip+5	
23	122	13	0	4	0	135,9,2,0,0	S-13 d3+4 d4-2 d5+4	s11-grammar-subregion-closed
23	122	13	2	1	5	135,9,2,0,0	S-13 d3+4 d5+1 ip+5	
23	122	13	4	0	4	135,9,2,0,0	S-13 d3+4 d4+2 ip+4	
23	122	14	2	1	4	135,9,2,0,0	S-13 d3+5 d5+1 ip+4	
23	122	14	4	0	3	135,9,2,0,0	S-13 d3+5 d4+2 ip+3	
23	122	15	2	1	3	135,9,2,0,0	S-13 d3+6 d5+1 ip+3	
23	122	15	4	0	2	135,9,2,0,0	S-13 d3+6 d4+2 ip+2	
23	122	16	2	1	2	135,9,2,0,0	S-13 d3+7 d5+1 ip+2	
23	122	16	4	0	1	135,9,2,0,0	S-13 d3+7 d4+2 ip+1	
23	122	17	2	1	1	135,9,2,0,0	S-13 d3+8 d5+1 ip+1	
23	122	17	4	0	0	135,9,2,0,0	S-13 d3+8 d4+2	s11-grammar-subregion-closed
23	122	18	2	1	0	135,9,2,0,0	S-13 d3+9 d5+1	s11-grammar-subregion-closed
23	123	4	2	5	1	135,9,2,0,0	S-12 d3-5 d5+5 ip+1	
23	123	4	4	4	0	135,9,2,0,0	S-12 d3-5 d4+2 d5+4	s11-grammar-subregion-closed
23	123	5	2	4	3	135,9,2,0,0	S-12 d3-4 d5+4 ip+3	
23	123	5	4	3	2	135,9,2,0,0	S-12 d3-4 d4+2 d5+3 ip+2	
23	123	5	6	2	1	135,9,2,0,0	S-12 d3-4 d4+4 d5+2 ip+1	
23	123	5	8	1	0	135,9,2,0,0	S-12 d3-4 d4+6 d5+1	s11-grammar-subregion-closed
23	123	6	0	6	0	135,9,2,0,0	S-12 d3-3 d4-2 d5+6	s11-grammar-subregion-closed
23	123	6	2	3	5	135,9,2,0,0	S-12 d3-3 d5+3 ip+5	
23	123	6	4	2	4	135,9,2,0,0	S-12 d3-3 d4+2 d5+2 ip+4	
23	123	6	6	1	3	135,9,2,0,0	S-12 d3-3 d4+4 d5+1 ip+3	
23	123	6	8	0	2	135,9,2,0,0	S-12 d3-3 d4+6 ip+2	
23	123	7	0	5	2	135,9,2,0,0	S-12 d3-2 d4-2 d5+5 ip+2	
23	123	7	2	2	7	135,9,2,0,0	S-12 d3-2 d5+2 ip+7	
23	123	7	4	1	6	135,9,2,0,0	S-12 d3-2 d4+2 d5+1 ip+6	
23	123	7	6	0	5	135,9,2,0,0	S-12 d3-2 d4+4 ip+5	
23	123	8	0	4	4	135,9,2,0,0	S-12 d3-1 d4-2 d5+4 ip+4	
23	123	8	2	1	9	135,9,2,0,0	S-12 d3-1 d5+1 ip+9	
23	123	8	4	0	8	135,9,2,0,0	S-12 d3-1 d4+2 ip+8	
23	123	9	0	3	6	135,9,2,0,0	S-12 d4-2 d5+3 ip+6	
23	123	9	2	0	11	135,9,2,0,0	S-12 ip+11	
23	123	10	0	3	5	135,9,2,0,0	S-12 d3+1 d4-2 d5+3 ip+5	
23	123	10	2	0	10	135,9,2,0,0	S-12 d3+1 ip+10	
23	123	11	0	3	4	135,9,2,0,0	S-12 d3+2 d4-2 d5+3 ip+4	
23	123	11	2	0	9	135,9,2,0,0	S-12 d3+2 ip+9	
23	123	12	0	3	3	135,9,2,0,0	S-12 d3+3 d4-2 d5+3 ip+3	
23	123	12	2	0	8	135,9,2,0,0	S-12 d3+3 ip+8	
23	123	13	0	3	2	135,9,2,0,0	S-12 d3+4 d4-2 d5+3 ip+2	
23	123	13	2	0	7	135,9,2,0,0	S-12 d3+4 ip+7	
23	123	14	0	3	1	135,9,2,0,0	S-12 d3+5 d4-2 d5+3 ip+1	
23	123	14	2	0	6	135,9,2,0,0	S-12 d3+5 ip+6	
23	123	15	0	3	0	135,9,2,0,0	S-12 d3+6 d4-2 d5+3	s11-grammar-subregion-closed
23	123	15	2	0	5	135,9,2,0,0	S-12 d3+6 ip+5	
23	123	16	2	0	4	135,9,2,0,0	S-12 d3+7 ip+4	
23	123	17	2	0	3	135,9,2,0,0	S-12 d3+8 ip+3	
23	123	18	2	0	2	135,9,2,0,0	S-12 d3+9 ip+2	
23	123	19	2	0	1	135,9,2,0,0	S-12 d3+10 ip+1	
23	123	20	2	0	0	135,9,2,0,0	S-12 d3+11	s11-grammar-subregion-closed
23	124	3	2	5	1	135,9,2,0,0	S-11 d3-6 d5+5 ip+1	
23	124	3	4	4	0	135,9,2,0,0	S-11 d3-6 d4+2 d5+4	s11-grammar-subregion-closed
23	124	4	2	4	3	135,9,2,0,0	S-11 d3-5 d5+4 ip+3	
23	124	4	4	3	2	135,9,2,0,0	S-11 d3-5 d4+2 d5+3 ip+2	
23	124	4	6	2	1	135,9,2,0,0	S-11 d3-5 d4+4 d5+2 ip+1	
23	124	4	8	1	0	135,9,2,0,0	S-11 d3-5 d4+6 d5+1	s11-grammar-subregion-closed
23	124	5	0	6	0	135,9,2,0,0	S-11 d3-4 d4-2 d5+6	s11-grammar-subregion-closed
23	124	5	2	3	5	135,9,2,0,0	S-11 d3-4 d5+3 ip+5	
23	124	5	4	2	4	135,9,2,0,0	S-11 d3-4 d4+2 d5+2 ip+4	
23	124	5	6	1	3	135,9,2,0,0	S-11 d3-4 d4+4 d5+1 ip+3	
23	124	5	8	0	2	135,9,2,0,0	S-11 d3-4 d4+6 ip+2	
23	124	6	0	5	2	135,9,2,0,0	S-11 d3-3 d4-2 d5+5 ip+2	
23	124	6	2	2	7	135,9,2,0,0	S-11 d3-3 d5+2 ip+7	
23	124	6	4	1	6	135,9,2,0,0	S-11 d3-3 d4+2 d5+1 ip+6	
23	124	6	6	0	5	135,9,2,0,0	S-11 d3-3 d4+4 ip+5	
23	124	7	0	4	4	135,9,2,0,0	S-11 d3-2 d4-2 d5+4 ip+4	
23	124	7	2	1	9	135,9,2,0,0	S-11 d3-2 d5+1 ip+9	
23	124	7	4	0	8	135,9,2,0,0	S-11 d3-2 d4+2 ip+8	
23	124	8	0	3	6	135,9,2,0,0	S-11 d3-1 d4-2 d5+3 ip+6	
23	124	8	2	0	11	135,9,2,0,0	S-11 d3-1 ip+11	
23	124	9	0	2	8	135,9,2,0,0	S-11 d4-2 d5+2 ip+8	
23	124	10	0	2	7	135,9,2,0,0	S-11 d3+1 d4-2 d5+2 ip+7	
23	124	11	0	2	6	135,9,2,0,0	S-11 d3+2 d4-2 d5+2 ip+6	
23	124	12	0	2	5	135,9,2,0,0	S-11 d3+3 d4-2 d5+2 ip+5	
23	124	13	0	2	4	135,9,2,0,0	S-11 d3+4 d4-2 d5+2 ip+4	
23	124	14	0	2	3	135,9,2,0,0	S-11 d3+5 d4-2 d5+2 ip+3	
23	124	15	0	2	2	135,9,2,0,0	S-11 d3+6 d4-2 d5+2 ip+2	
23	124	16	0	2	1	135,9,2,0,0	S-11 d3+7 d4-2 d5+2 ip+1	
23	124	17	0	2	0	135,9,2,0,0	S-11 d3+8 d4-2 d5+2	s11-grammar-subregion-closed
23	125	2	2	5	1	135,9,2,0,0	S-10 d3-7 d5+5 ip+1	
23	125	2	4	4	0	135,9,2,0,0	S-10 d3-7 d4+2 d5+4	s11-grammar-subregion-closed
23	125	3	2	4	3	135,9,2,0,0	S-10 d3-6 d5+4 ip+3	
23	125	3	4	3	2	135,9,2,0,0	S-10 d3-6 d4+2 d5+3 ip+2	
23	125	3	6	2	1	135,9,2,0,0	S-10 d3-6 d4+4 d5+2 ip+1	
23	125	3	8	1	0	135,9,2,0,0	S-10 d3-6 d4+6 d5+1	s11-grammar-subregion-closed
23	125	4	0	6	0	135,9,2,0,0	S-10 d3-5 d4-2 d5+6	s11-grammar-subregion-closed
23	125	4	2	3	5	135,9,2,0,0	S-10 d3-5 d5+3 ip+5	
23	125	4	4	2	4	135,9,2,0,0	S-10 d3-5 d4+2 d5+2 ip+4	
23	125	4	6	1	3	135,9,2,0,0	S-10 d3-5 d4+4 d5+1 ip+3	
23	125	4	8	0	2	135,9,2,0,0	S-10 d3-5 d4+6 ip+2	
23	125	5	0	5	2	135,9,2,0,0	S-10 d3-4 d4-2 d5+5 ip+2	
23	125	5	2	2	7	135,9,2,0,0	S-10 d3-4 d5+2 ip+7	
23	125	5	4	1	6	135,9,2,0,0	S-10 d3-4 d4+2 d5+1 ip+6	
23	125	5	6	0	5	135,9,2,0,0	S-10 d3-4 d4+4 ip+5	
23	125	6	0	4	4	135,9,2,0,0	S-10 d3-3 d4-2 d5+4 ip+4	
23	125	6	2	1	9	135,9,2,0,0	S-10 d3-3 d5+1 ip+9	
23	125	6	4	0	8	135,9,2,0,0	S-10 d3-3 d4+2 ip+8	
23	125	7	0	3	6	135,9,2,0,0	S-10 d3-2 d4-2 d5+3 ip+6	
23	125	7	2	0	11	135,9,2,0,0	S-10 d3-2 ip+11	
23	125	8	0	2	8	135,9,2,0,0	S-10 d3-1 d4-2 d5+2 ip+8	
23	125	9	0	1	10	135,9,2,0,0	S-10 d4-2 d5+1 ip+10	
23	125	10	0	1	9	135,9,2,0,0	S-10 d3+1 d4-2 d5+1 ip+9	
23	125	11	0	1	8	135,9,2,0,0	S-10 d3+2 d4-2 d5+1 ip+8	
23	125	12	0	1	7	135,9,2,0,0	S-10 d3+3 d4-2 d5+1 ip+7	
23	125	13	0	1	6	135,9,2,0,0	S-10 d3+4 d4-2 d5+1 ip+6	
23	125	14	0	1	5	135,9,2,0,0	S-10 d3+5 d4-2 d5+1 ip+5	
23	125	15	0	1	4	135,9,2,0,0	S-10 d3+6 d4-2 d5+1 ip+4	
23	125	16	0	1	3	135,9,2,0,0	S-10 d3+7 d4-2 d5+1 ip+3	
23	125	17	0	1	2	135,9,2,0,0	S-10 d3+8 d4-2 d5+1 ip+2	
23	125	18	0	1	1	135,9,2,0,0	S-10 d3+9 d4-2 d5+1 ip+1	
23	125	19	0	1	0	135,9,2,0,0	S-10 d3+10 d4-2 d5+1	s11-grammar-subregion-closed
23	126	1	2	5	1	135,9,2,0,0	S-9 d3-8 d5+5 ip+1	
23	126	1	4	4	0	135,9,2,0,0	S-9 d3-8 d4+2 d5+4	s11-grammar-subregion-closed
23	126	2	2	4	3	135,9,2,0,0	S-9 d3-7 d5+4 ip+3	
23	126	2	4	3	2	135,9,2,0,0	S-9 d3-7 d4+2 d5+3 ip+2	
23	126	2	6	2	1	135,9,2,0,0	S-9 d3-7 d4+4 d5+2 ip+1	
23	126	2	8	1	0	135,9,2,0,0	S-9 d3-7 d4+6 d5+1	s11-grammar-subregion-closed
23	126	3	0	6	0	135,9,2,0,0	S-9 d3-6 d4-2 d5+6	s11-grammar-subregion-closed
23	126	3	2	3	5	135,9,2,0,0	S-9 d3-6 d5+3 ip+5	
23	126	3	4	2	4	135,9,2,0,0	S-9 d3-6 d4+2 d5+2 ip+4	
23	126	3	6	1	3	135,9,2,0,0	S-9 d3-6 d4+4 d5+1 ip+3	
23	126	3	8	0	2	135,9,2,0,0	S-9 d3-6 d4+6 ip+2	
23	126	4	0	5	2	135,9,2,0,0	S-9 d3-5 d4-2 d5+5 ip+2	
23	126	4	2	2	7	135,9,2,0,0	S-9 d3-5 d5+2 ip+7	
23	126	4	4	1	6	135,9,2,0,0	S-9 d3-5 d4+2 d5+1 ip+6	
23	126	4	6	0	5	135,9,2,0,0	S-9 d3-5 d4+4 ip+5	
23	126	5	0	4	4	135,9,2,0,0	S-9 d3-4 d4-2 d5+4 ip+4	
23	126	5	2	1	9	135,9,2,0,0	S-9 d3-4 d5+1 ip+9	
23	126	5	4	0	8	135,9,2,0,0	S-9 d3-4 d4+2 ip+8	
23	126	6	0	3	6	135,9,2,0,0	S-9 d3-3 d4-2 d5+3 ip+6	
23	126	6	2	0	11	135,9,2,0,0	S-9 d3-3 ip+11	
23	126	7	0	2	8	135,9,2,0,0	S-9 d3-2 d4-2 d5+2 ip+8	
23	126	8	0	1	10	135,9,2,0,0	S-9 d3-1 d4-2 d5+1 ip+10	
23	126	9	0	0	12	135,9,2,0,0	S-9 d4-2 ip+12	
23	126	10	0	0	11	135,9,2,0,0	S-9 d3+1 d4-2 ip+11	
23	126	11	0	0	10	135,9,2,0,0	S-9 d3+2 d4-2 ip+10	
23	126	12	0	0	9	135,9,2,0,0	S-9 d3+3 d4-2 ip+9	
23	126	13	0	0	8	135,9,2,0,0	S-9 d3+4 d4-2 ip+8	
23	126	14	0	0	7	135,9,2,0,0	S-9 d3+5 d4-2 ip+7	
23	126	15	0	0	6	135,9,2,0,0	S-9 d3+6 d4-2 ip+6	
23	126	16	0	0	5	135,9,2,0,0	S-9 d3+7 d4-2 ip+5	
23	126	17	0	0	4	135,9,2,0,0	S-9 d3+8 d4-2 ip+4	
23	126	18	0	0	3	135,9,2,0,0	S-9 d3+9 d4-2 ip+3	
23	126	19	0	0	2	135,9,2,0,0	S-9 d3+10 d4-2 ip+2	
23	126	20	0	0	1	135,9,2,0,0	S-9 d3+11 d4-2 ip+1	
23	126	21	0	0	0	135,9,2,0,0	S-9 d3+12 d4-2	s11-grammar-subregion-closed
23	127	0	2	5	1	135,9,2,0,0	S-8 d3-9 d5+5 ip+1	
23	127	0	4	4	0	135,9,2,0,0	S-8 d3-9 d4+2 d5+4	s11-grammar-subregion-closed
23	127	1	2	4	3	135,9,2,0,0	S-8 d3-8 d5+4 ip+3	
23	127	1	4	3	2	135,9,2,0,0	S-8 d3-8 d4+2 d5+3 ip+2	
23	127	1	6	2	1	135,9,2,0,0	S-8 d3-8 d4+4 d5+2 ip+1	
23	127	1	8	1	0	135,9,2,0,0	S-8 d3-8 d4+6 d5+1	s11-grammar-subregion-closed
23	127	2	0	6	0	135,9,2,0,0	S-8 d3-7 d4-2 d5+6	s11-grammar-subregion-closed
23	127	2	2	3	5	135,9,2,0,0	S-8 d3-7 d5+3 ip+5	
23	127	2	4	2	4	135,9,2,0,0	S-8 d3-7 d4+2 d5+2 ip+4	
23	127	2	6	1	3	135,9,2,0,0	S-8 d3-7 d4+4 d5+1 ip+3	
23	127	2	8	0	2	135,9,2,0,0	S-8 d3-7 d4+6 ip+2	
23	127	3	0	5	2	135,9,2,0,0	S-8 d3-6 d4-2 d5+5 ip+2	
23	127	3	2	2	7	135,9,2,0,0	S-8 d3-6 d5+2 ip+7	
23	127	3	4	1	6	135,9,2,0,0	S-8 d3-6 d4+2 d5+1 ip+6	
23	127	3	6	0	5	135,9,2,0,0	S-8 d3-6 d4+4 ip+5	
23	127	4	0	4	4	135,9,2,0,0	S-8 d3-5 d4-2 d5+4 ip+4	
23	127	4	2	1	9	135,9,2,0,0	S-8 d3-5 d5+1 ip+9	
23	127	4	4	0	8	135,9,2,0,0	S-8 d3-5 d4+2 ip+8	
23	127	5	0	3	6	135,9,2,0,0	S-8 d3-4 d4-2 d5+3 ip+6	
23	127	5	2	0	11	135,9,2,0,0	S-8 d3-4 ip+11	
23	127	6	0	2	8	135,9,2,0,0	S-8 d3-3 d4-2 d5+2 ip+8	
23	127	7	0	1	10	135,9,2,0,0	S-8 d3-2 d4-2 d5+1 ip+10	
23	127	8	0	0	12	135,9,2,0,0	S-8 d3-1 d4-2 ip+12	
23	128	0	2	4	3	135,9,2,0,0	S-7 d3-9 d5+4 ip+3	
23	128	0	4	3	2	135,9,2,0,0	S-7 d3-9 d4+2 d5+3 ip+2	
23	128	0	6	2	1	135,9,2,0,0	S-7 d3-9 d4+4 d5+2 ip+1	
23	128	0	8	1	0	135,9,2,0,0	S-7 d3-9 d4+6 d5+1	s11-grammar-subregion-closed
23	128	1	0	6	0	135,9,2,0,0	S-7 d3-8 d4-2 d5+6	s11-grammar-subregion-closed
23	128	1	2	3	5	135,9,2,0,0	S-7 d3-8 d5+3 ip+5	
23	128	1	4	2	4	135,9,2,0,0	S-7 d3-8 d4+2 d5+2 ip+4	
23	128	1	6	1	3	135,9,2,0,0	S-7 d3-8 d4+4 d5+1 ip+3	
23	128	1	8	0	2	135,9,2,0,0	S-7 d3-8 d4+6 ip+2	
23	128	2	0	5	2	135,9,2,0,0	S-7 d3-7 d4-2 d5+5 ip+2	
23	128	2	2	2	7	135,9,2,0,0	S-7 d3-7 d5+2 ip+7	
23	128	2	4	1	6	135,9,2,0,0	S-7 d3-7 d4+2 d5+1 ip+6	
23	128	2	6	0	5	135,9,2,0,0	S-7 d3-7 d4+4 ip+5	
23	128	3	0	4	4	135,9,2,0,0	S-7 d3-6 d4-2 d5+4 ip+4	
23	128	3	2	1	9	135,9,2,0,0	S-7 d3-6 d5+1 ip+9	
23	128	3	4	0	8	135,9,2,0,0	S-7 d3-6 d4+2 ip+8	
23	128	4	0	3	6	135,9,2,0,0	S-7 d3-5 d4-2 d5+3 ip+6	
23	128	4	2	0	11	135,9,2,0,0	S-7 d3-5 ip+11	
23	128	5	0	2	8	135,9,2,0,0	S-7 d3-4 d4-2 d5+2 ip+8	
23	128	6	0	1	10	135,9,2,0,0	S-7 d3-3 d4-2 d5+1 ip+10	
23	128	7	0	0	12	135,9,2,0,0	S-7 d3-2 d4-2 ip+12	
23	129	0	0	6	0	135,9,2,0,0	S-6 d3-9 d4-2 d5+6	s11-grammar-subregion-closed
23	129	0	2	3	5	135,9,2,0,0	S-6 d3-9 d5+3 ip+5	
23	129	0	4	2	4	135,9,2,0,0	S-6 d3-9 d4+2 d5+2 ip+4	
23	129	0	6	1	3	135,9,2,0,0	S-6 d3-9 d4+4 d5+1 ip+3	
23	129	0	8	0	2	135,9,2,0,0	S-6 d3-9 d4+6 ip+2	
23	129	1	0	5	2	135,9,2,0,0	S-6 d3-8 d4-2 d5+5 ip+2	
23	129	1	2	2	7	135,9,2,0,0	S-6 d3-8 d5+2 ip+7	
23	129	1	4	1	6	135,9,2,0,0	S-6 d3-8 d4+2 d5+1 ip+6	
23	129	1	6	0	5	135,9,2,0,0	S-6 d3-8 d4+4 ip+5	
23	129	2	0	4	4	135,9,2,0,0	S-6 d3-7 d4-2 d5+4 ip+4	
23	129	2	2	1	9	135,9,2,0,0	S-6 d3-7 d5+1 ip+9	
23	129	2	4	0	8	135,9,2,0,0	S-6 d3-7 d4+2 ip+8	
23	129	3	0	3	6	135,9,2,0,0	S-6 d3-6 d4-2 d5+3 ip+6	
23	129	3	2	0	11	135,9,2,0,0	S-6 d3-6 ip+11	
23	129	4	0	2	8	135,9,2,0,0	S-6 d3-5 d4-2 d5+2 ip+8	
23	129	5	0	1	10	135,9,2,0,0	S-6 d3-4 d4-2 d5+1 ip+10	
23	129	6	0	0	12	135,9,2,0,0	S-6 d3-3 d4-2 ip+12	
23	130	0	0	5	2	135,9,2,0,0	S-5 d3-9 d4-2 d5+5 ip+2	
23	130	0	2	2	7	135,9,2,0,0	S-5 d3-9 d5+2 ip+7	
23	130	0	4	1	6	135,9,2,0,0	S-5 d3-9 d4+2 d5+1 ip+6	
23	130	0	6	0	5	135,9,2,0,0	S-5 d3-9 d4+4 ip+5	
23	130	1	0	4	4	135,9,2,0,0	S-5 d3-8 d4-2 d5+4 ip+4	
23	130	1	2	1	9	135,9,2,0,0	S-5 d3-8 d5+1 ip+9	
23	130	1	4	0	8	135,9,2,0,0	S-5 d3-8 d4+2 ip+8	
23	130	2	0	3	6	135,9,2,0,0	S-5 d3-7 d4-2 d5+3 ip+6	
23	130	2	2	0	11	135,9,2,0,0	S-5 d3-7 ip+11	
23	130	3	0	2	8	135,9,2,0,0	S-5 d3-6 d4-2 d5+2 ip+8	
23	130	4	0	1	10	135,9,2,0,0	S-5 d3-5 d4-2 d5+1 ip+10	
23	130	5	0	0	12	135,9,2,0,0	S-5 d3-4 d4-2 ip+12	
23	131	0	0	4	4	135,9,2,0,0	S-4 d3-9 d4-2 d5+4 ip+4	
23	131	0	2	1	9	135,9,2,0,0	S-4 d3-9 d5+1 ip+9	
23	131	0	4	0	8	135,9,2,0,0	S-4 d3-9 d4+2 ip+8	
23	131	1	0	3	6	135,9,2,0,0	S-4 d3-8 d4-2 d5+3 ip+6	
23	131	1	2	0	11	135,9,2,0,0	S-4 d3-8 ip+11	
23	131	2	0	2	8	135,9,2,0,0	S-4 d3-7 d4-2 d5+2 ip+8	
23	131	3	0	1	10	135,9,2,0,0	S-4 d3-6 d4-2 d5+1 ip+10	
23	131	4	0	0	12	135,9,2,0,0	S-4 d3-5 d4-2 ip+12	
23	132	0	0	3	6	135,9,2,0,0	S-3 d3-9 d4-2 d5+3 ip+6	
23	132	0	2	0	11	135,9,2,0,0	S-3 d3-9 ip+11	
23	132	1	0	2	8	135,9,2,0,0	S-3 d3-8 d4-2 d5+2 ip+8	
23	132	2	0	1	10	135,9,2,0,0	S-3 d3-7 d4-2 d5+1 ip+10	
23	132	3	0	0	12	135,9,2,0,0	S-3 d3-6 d4-2 ip+12	
23	133	0	0	2	8	135,9,2,0,0	S-2 d3-9 d4-2 d5+2 ip+8	
23	133	1	0	1	10	135,9,2,0,0	S-2 d3-8 d4-2 d5+1 ip+10	
23	133	2	0	0	12	135,9,2,0,0	S-2 d3-7 d4-2 ip+12	
23	134	0	0	1	10	135,9,2,0,0	S-1 d3-9 d4-2 d5+1 ip+10	
23	134	1	0	0	12	135,9,2,0,0	S-1 d3-8 d4-2 ip+12	
23	135	0	0	0	12	135,9,2,0,0	d3-9 d4-2 ip+12	
24	120	6	3	5	0	135,9,2,0,0	S-15 d3-3 d4+1 d5+5	s11-grammar-subregion-closed;perfect-ride-family(ATSP-closable)
24	120	7	1	6	0	135,9,2,0,0	S-15 d3-2 d4-1 d5+6	s11-grammar-subregion-closed;perfect-ride-family(ATSP-closable)
24	120	7	7	2	0	135,9,2,0,0	S-15 d3-2 d4+5 d5+2	s11-grammar-subregion-closed;perfect-ride-family(ATSP-closable)
24	120	13	1	4	0	135,9,2,0,0	S-15 d3+4 d4-1 d5+4	s11-grammar-subregion-closed;perfect-ride-family(ATSP-closable)
24	120	13	7	0	0	135,9,2,0,0	S-15 d3+4 d4+5	s11-grammar-subregion-closed;perfect-ride-family(ATSP-closable)
24	120	14	5	1	0	135,9,2,0,0	S-15 d3+5 d4+3 d5+1	s11-grammar-subregion-closed;perfect-ride-family(ATSP-closable)
24	120	15	3	2	0	135,9,2,0,0	S-15 d3+6 d4+1 d5+2	s11-grammar-subregion-closed;perfect-ride-family(ATSP-closable)
24	121	5	3	5	0	135,9,2,0,0	S-14 d3-4 d4+1 d5+5	s11-grammar-subregion-closed
24	121	6	1	6	0	135,9,2,0,0	S-14 d3-3 d4-1 d5+6	s11-grammar-subregion-closed
24	121	6	3	4	2	135,9,2,0,0	S-14 d3-3 d4+1 d5+4 ip+2	
24	121	6	5	3	1	135,9,2,0,0	S-14 d3-3 d4+3 d5+3 ip+1	
24	121	6	7	2	0	135,9,2,0,0	S-14 d3-3 d4+5 d5+2	s11-grammar-subregion-closed
24	121	7	1	5	2	135,9,2,0,0	S-14 d3-2 d4-1 d5+5 ip+2	
24	121	7	3	3	4	135,9,2,0,0	S-14 d3-2 d4+1 d5+3 ip+4	
24	121	7	5	2	3	135,9,2,0,0	S-14 d3-2 d4+3 d5+2 ip+3	
24	121	7	7	1	2	135,9,2,0,0	S-14 d3-2 d4+5 d5+1 ip+2	
24	121	7	9	0	1	135,9,2,0,0	S-14 d3-2 d4+7 ip+1	
24	121	8	1	4	4	135,9,2,0,0	S-14 d3-1 d4-1 d5+4 ip+4	
24	121	8	7	0	4	135,9,2,0,0	S-14 d3-1 d4+5 ip+4	
24	121	11	1	3	4	135,9,2,0,0	S-14 d3+2 d4-1 d5+3 ip+4	
24	121	12	1	3	3	135,9,2,0,0	S-14 d3+3 d4-1 d5+3 ip+3	
24	121	12	5	0	4	135,9,2,0,0	S-14 d3+3 d4+3 ip+4	
24	121	13	1	3	2	135,9,2,0,0	S-14 d3+4 d4-1 d5+3 ip+2	
24	121	13	3	1	4	135,9,2,0,0	S-14 d3+4 d4+1 d5+1 ip+4	
24	121	13	5	0	3	135,9,2,0,0	S-14 d3+4 d4+3 ip+3	
24	121	14	1	3	1	135,9,2,0,0	S-14 d3+5 d4-1 d5+3 ip+1	
24	121	14	3	1	3	135,9,2,0,0	S-14 d3+5 d4+1 d5+1 ip+3	
24	121	14	5	0	2	135,9,2,0,0	S-14 d3+5 d4+3 ip+2	
24	121	15	1	3	0	135,9,2,0,0	S-14 d3+6 d4-1 d5+3	s11-grammar-subregion-closed
24	121	15	3	1	2	135,9,2,0,0	S-14 d3+6 d4+1 d5+1 ip+2	
24	121	15	5	0	1	135,9,2,0,0	S-14 d3+6 d4+3 ip+1	
24	121	16	3	1	1	135,9,2,0,0	S-14 d3+7 d4+1 d5+1 ip+1	
24	121	16	5	0	0	135,9,2,0,0	S-14 d3+7 d4+3	s11-grammar-subregion-closed
24	121	17	3	1	0	135,9,2,0,0	S-14 d3+8 d4+1 d5+1	s11-grammar-subregion-closed
24	122	4	3	5	0	135,9,2,0,0	S-13 d3-5 d4+1 d5+5	s11-grammar-subregion-closed
24	122	5	1	6	0	135,9,2,0,0	S-13 d3-4 d4-1 d5+6	s11-grammar-subregion-closed
24	122	5	3	4	2	135,9,2,0,0	S-13 d3-4 d4+1 d5+4 ip+2	
24	122	5	5	3	1	135,9,2,0,0	S-13 d3-4 d4+3 d5+3 ip+1	
24	122	5	7	2	0	135,9,2,0,0	S-13 d3-4 d4+5 d5+2	s11-grammar-subregion-closed
24	122	6	1	5	2	135,9,2,0,0	S-13 d3-3 d4-1 d5+5 ip+2	
24	122	6	3	3	4	135,9,2,0,0	S-13 d3-3 d4+1 d5+3 ip+4	
24	122	6	5	2	3	135,9,2,0,0	S-13 d3-3 d4+3 d5+2 ip+3	
24	122	6	7	1	2	135,9,2,0,0	S-13 d3-3 d4+5 d5+1 ip+2	
24	122	6	9	0	1	135,9,2,0,0	S-13 d3-3 d4+7 ip+1	
24	122	7	1	4	4	135,9,2,0,0	S-13 d3-2 d4-1 d5+4 ip+4	
24	122	7	3	2	6	135,9,2,0,0	S-13 d3-2 d4+1 d5+2 ip+6	
24	122	7	5	1	5	135,9,2,0,0	S-13 d3-2 d4+3 d5+1 ip+5	
24	122	7	7	0	4	135,9,2,0,0	S-13 d3-2 d4+5 ip+4	
24	122	8	1	3	6	135,9,2,0,0	S-13 d3-1 d4-1 d5+3 ip+6	
24	122	8	3	1	8	135,9,2,0,0	S-13 d3-1 d4+1 d5+1 ip+8	
24	122	8	5	0	7	135,9,2,0,0	S-13 d3-1 d4+3 ip+7	
24	122	9	1	2	8	135,9,2,0,0	S-13 d4-1 d5+2 ip+8	
24	122	10	1	2	7	135,9,2,0,0	S-13 d3+1 d4-1 d5+2 ip+7	
24	122	11	1	2	6	135,9,2,0,0	S-13 d3+2 d4-1 d5+2 ip+6	
24	122	11	3	0	8	135,9,2,0,0	S-13 d3+2 d4+1 ip+8	
24	122	12	1	2	5	135,9,2,0,0	S-13 d3+3 d4-1 d5+2 ip+5	
24	122	12	3	0	7	135,9,2,0,0	S-13 d3+3 d4+1 ip+7	
24	122	13	1	2	4	135,9,2,0,0	S-13 d3+4 d4-1 d5+2 ip+4	
24	122	13	3	0	6	135,9,2,0,0	S-13 d3+4 d4+1 ip+6	
24	122	14	1	2	3	135,9,2,0,0	S-13 d3+5 d4-1 d5+2 ip+3	
24	122	14	3	0	5	135,9,2,0,0	S-13 d3+5 d4+1 ip+5	
24	122	15	1	2	2	135,9,2,0,0	S-13 d3+6 d4-1 d5+2 ip+2	
24	122	15	3	0	4	135,9,2,0,0	S-13 d3+6 d4+1 ip+4	
24	122	16	1	2	1	135,9,2,0,0	S-13 d3+7 d4-1 d5+2 ip+1	
24	122	16	3	0	3	135,9,2,0,0	S-13 d3+7 d4+1 ip+3	
24	122	17	1	2	0	135,9,2,0,0	S-13 d3+8 d4-1 d5+2	s11-grammar-subregion-closed
24	122	17	3	0	2	135,9,2,0,0	S-13 d3+8 d4+1 ip+2	
24	122	18	3	0	1	135,9,2,0,0	S-13 d3+9 d4+1 ip+1	
24	122	19	3	0	0	135,9,2,0,0	S-13 d3+10 d4+1	s11-grammar-subregion-closed
24	123	3	3	5	0	135,9,2,0,0	S-12 d3-6 d4+1 d5+5	s11-grammar-subregion-closed
24	123	4	1	6	0	135,9,2,0,0	S-12 d3-5 d4-1 d5+6	s11-grammar-subregion-closed
24	123	4	3	4	2	135,9,2,0,0	S-12 d3-5 d4+1 d5+4 ip+2	
24	123	4	5	3	1	135,9,2,0,0	S-12 d3-5 d4+3 d5+3 ip+1	
24	123	4	7	2	0	135,9,2,0,0	S-12 d3-5 d4+5 d5+2	s11-grammar-subregion-closed
24	123	5	1	5	2	135,9,2,0,0	S-12 d3-4 d4-1 d5+5 ip+2	
24	123	5	3	3	4	135,9,2,0,0	S-12 d3-4 d4+1 d5+3 ip+4	
24	123	5	5	2	3	135,9,2,0,0	S-12 d3-4 d4+3 d5+2 ip+3	
24	123	5	7	1	2	135,9,2,0,0	S-12 d3-4 d4+5 d5+1 ip+2	
24	123	5	9	0	1	135,9,2,0,0	S-12 d3-4 d4+7 ip+1	
24	123	6	1	4	4	135,9,2,0,0	S-12 d3-3 d4-1 d5+4 ip+4	
24	123	6	3	2	6	135,9,2,0,0	S-12 d3-3 d4+1 d5+2 ip+6	
24	123	6	5	1	5	135,9,2,0,0	S-12 d3-3 d4+3 d5+1 ip+5	
24	123	6	7	0	4	135,9,2,0,0	S-12 d3-3 d4+5 ip+4	
24	123	7	1	3	6	135,9,2,0,0	S-12 d3-2 d4-1 d5+3 ip+6	
24	123	7	3	1	8	135,9,2,0,0	S-12 d3-2 d4+1 d5+1 ip+8	
24	123	7	5	0	7	135,9,2,0,0	S-12 d3-2 d4+3 ip+7	
24	123	8	1	2	8	135,9,2,0,0	S-12 d3-1 d4-1 d5+2 ip+8	
24	123	8	3	0	10	135,9,2,0,0	S-12 d3-1 d4+1 ip+10	
24	123	9	1	1	10	135,9,2,0,0	S-12 d4-1 d5+1 ip+10	
24	123	10	1	1	9	135,9,2,0,0	S-12 d3+1 d4-1 d5+1 ip+9	
24	123	11	1	1	8	135,9,2,0,0	S-12 d3+2 d4-1 d5+1 ip+8	
24	123	12	1	1	7	135,9,2,0,0	S-12 d3+3 d4-1 d5+1 ip+7	
24	123	13	1	1	6	135,9,2,0,0	S-12 d3+4 d4-1 d5+1 ip+6	
24	123	14	1	1	5	135,9,2,0,0	S-12 d3+5 d4-1 d5+1 ip+5	
24	123	15	1	1	4	135,9,2,0,0	S-12 d3+6 d4-1 d5+1 ip+4	
24	123	16	1	1	3	135,9,2,0,0	S-12 d3+7 d4-1 d5+1 ip+3	
24	123	17	1	1	2	135,9,2,0,0	S-12 d3+8 d4-1 d5+1 ip+2	
24	123	18	1	1	1	135,9,2,0,0	S-12 d3+9 d4-1 d5+1 ip+1	
24	123	19	1	1	0	135,9,2,0,0	S-12 d3+10 d4-1 d5+1	s11-grammar-subregion-closed
24	124	2	3	5	0	135,9,2,0,0	S-11 d3-7 d4+1 d5+5	s11-grammar-subregion-closed
24	124	3	1	6	0	135,9,2,0,0	S-11 d3-6 d4-1 d5+6	s11-grammar-subregion-closed
24	124	3	3	4	2	135,9,2,0,0	S-11 d3-6 d4+1 d5+4 ip+2	
24	124	3	5	3	1	135,9,2,0,0	S-11 d3-6 d4+3 d5+3 ip+1	
24	124	3	7	2	0	135,9,2,0,0	S-11 d3-6 d4+5 d5+2	s11-grammar-subregion-closed
24	124	4	1	5	2	135,9,2,0,0	S-11 d3-5 d4-1 d5+5 ip+2	
24	124	4	3	3	4	135,9,2,0,0	S-11 d3-5 d4+1 d5+3 ip+4	
24	124	4	5	2	3	135,9,2,0,0	S-11 d3-5 d4+3 d5+2 ip+3	
24	124	4	7	1	2	135,9,2,0,0	S-11 d3-5 d4+5 d5+1 ip+2	
24	124	4	9	0	1	135,9,2,0,0	S-11 d3-5 d4+7 ip+1	
24	124	5	1	4	4	135,9,2,0,0	S-11 d3-4 d4-1 d5+4 ip+4	
24	124	5	3	2	6	135,9,2,0,0	S-11 d3-4 d4+1 d5+2 ip+6	
24	124	5	5	1	5	135,9,2,0,0	S-11 d3-4 d4+3 d5+1 ip+5	
24	124	5	7	0	4	135,9,2,0,0	S-11 d3-4 d4+5 ip+4	
24	124	6	1	3	6	135,9,2,0,0	S-11 d3-3 d4-1 d5+3 ip+6	
24	124	6	3	1	8	135,9,2,0,0	S-11 d3-3 d4+1 d5+1 ip+8	
24	124	6	5	0	7	135,9,2,0,0	S-11 d3-3 d4+3 ip+7	
24	124	7	1	2	8	135,9,2,0,0	S-11 d3-2 d4-1 d5+2 ip+8	
24	124	7	3	0	10	135,9,2,0,0	S-11 d3-2 d4+1 ip+10	
24	124	8	1	1	10	135,9,2,0,0	S-11 d3-1 d4-1 d5+1 ip+10	
24	124	9	1	0	12	135,9,2,0,0	S-11 d4-1 ip+12	
24	124	10	1	0	11	135,9,2,0,0	S-11 d3+1 d4-1 ip+11	
24	124	11	1	0	10	135,9,2,0,0	S-11 d3+2 d4-1 ip+10	
24	124	12	1	0	9	135,9,2,0,0	S-11 d3+3 d4-1 ip+9	
24	124	13	1	0	8	135,9,2,0,0	S-11 d3+4 d4-1 ip+8	
24	124	14	1	0	7	135,9,2,0,0	S-11 d3+5 d4-1 ip+7	
24	124	15	1	0	6	135,9,2,0,0	S-11 d3+6 d4-1 ip+6	
24	124	16	1	0	5	135,9,2,0,0	S-11 d3+7 d4-1 ip+5	
24	124	17	1	0	4	135,9,2,0,0	S-11 d3+8 d4-1 ip+4	
24	124	18	1	0	3	135,9,2,0,0	S-11 d3+9 d4-1 ip+3	
24	124	19	1	0	2	135,9,2,0,0	S-11 d3+10 d4-1 ip+2	
24	124	20	1	0	1	135,9,2,0,0	S-11 d3+11 d4-1 ip+1	
24	124	21	1	0	0	135,9,2,0,0	S-11 d3+12 d4-1	s11-grammar-subregion-closed
24	125	1	3	5	0	135,9,2,0,0	S-10 d3-8 d4+1 d5+5	s11-grammar-subregion-closed
24	125	2	1	6	0	135,9,2,0,0	S-10 d3-7 d4-1 d5+6	s11-grammar-subregion-closed
24	125	2	3	4	2	135,9,2,0,0	S-10 d3-7 d4+1 d5+4 ip+2	
24	125	2	5	3	1	135,9,2,0,0	S-10 d3-7 d4+3 d5+3 ip+1	
24	125	2	7	2	0	135,9,2,0,0	S-10 d3-7 d4+5 d5+2	s11-grammar-subregion-closed
24	125	3	1	5	2	135,9,2,0,0	S-10 d3-6 d4-1 d5+5 ip+2	
24	125	3	3	3	4	135,9,2,0,0	S-10 d3-6 d4+1 d5+3 ip+4	
24	125	3	5	2	3	135,9,2,0,0	S-10 d3-6 d4+3 d5+2 ip+3	
24	125	3	7	1	2	135,9,2,0,0	S-10 d3-6 d4+5 d5+1 ip+2	
24	125	3	9	0	1	135,9,2,0,0	S-10 d3-6 d4+7 ip+1	
24	125	4	1	4	4	135,9,2,0,0	S-10 d3-5 d4-1 d5+4 ip+4	
24	125	4	3	2	6	135,9,2,0,0	S-10 d3-5 d4+1 d5+2 ip+6	
24	125	4	5	1	5	135,9,2,0,0	S-10 d3-5 d4+3 d5+1 ip+5	
24	125	4	7	0	4	135,9,2,0,0	S-10 d3-5 d4+5 ip+4	
24	125	5	1	3	6	135,9,2,0,0	S-10 d3-4 d4-1 d5+3 ip+6	
24	125	5	3	1	8	135,9,2,0,0	S-10 d3-4 d4+1 d5+1 ip+8	
24	125	5	5	0	7	135,9,2,0,0	S-10 d3-4 d4+3 ip+7	
24	125	6	1	2	8	135,9,2,0,0	S-10 d3-3 d4-1 d5+2 ip+8	
24	125	6	3	0	10	135,9,2,0,0	S-10 d3-3 d4+1 ip+10	
24	125	7	1	1	10	135,9,2,0,0	S-10 d3-2 d4-1 d5+1 ip+10	
24	125	8	1	0	12	135,9,2,0,0	S-10 d3-1 d4-1 ip+12	
24	126	0	3	5	0	135,9,2,0,0	S-9 d3-9 d4+1 d5+5	s11-grammar-subregion-closed
24	126	1	1	6	0	135,9,2,0,0	S-9 d3-8 d4-1 d5+6	s11-grammar-subregion-closed
24	126	1	3	4	2	135,9,2,0,0	S-9 d3-8 d4+1 d5+4 ip+2	
24	126	1	5	3	1	135,9,2,0,0	S-9 d3-8 d4+3 d5+3 ip+1	
24	126	1	7	2	0	135,9,2,0,0	S-9 d3-8 d4+5 d5+2	s11-grammar-subregion-closed
24	126	2	1	5	2	135,9,2,0,0	S-9 d3-7 d4-1 d5+5 ip+2	
24	126	2	3	3	4	135,9,2,0,0	S-9 d3-7 d4+1 d5+3 ip+4	
24	126	2	5	2	3	135,9,2,0,0	S-9 d3-7 d4+3 d5+2 ip+3	
24	126	2	7	1	2	135,9,2,0,0	S-9 d3-7 d4+5 d5+1 ip+2	
24	126	2	9	0	1	135,9,2,0,0	S-9 d3-7 d4+7 ip+1	
24	126	3	1	4	4	135,9,2,0,0	S-9 d3-6 d4-1 d5+4 ip+4	
24	126	3	3	2	6	135,9,2,0,0	S-9 d3-6 d4+1 d5+2 ip+6	
24	126	3	5	1	5	135,9,2,0,0	S-9 d3-6 d4+3 d5+1 ip+5	
24	126	3	7	0	4	135,9,2,0,0	S-9 d3-6 d4+5 ip+4	
24	126	4	1	3	6	135,9,2,0,0	S-9 d3-5 d4-1 d5+3 ip+6	
24	126	4	3	1	8	135,9,2,0,0	S-9 d3-5 d4+1 d5+1 ip+8	
24	126	4	5	0	7	135,9,2,0,0	S-9 d3-5 d4+3 ip+7	
24	126	5	1	2	8	135,9,2,0,0	S-9 d3-4 d4-1 d5+2 ip+8	
24	126	5	3	0	10	135,9,2,0,0	S-9 d3-4 d4+1 ip+10	
24	126	6	1	1	10	135,9,2,0,0	S-9 d3-3 d4-1 d5+1 ip+10	
24	126	7	1	0	12	135,9,2,0,0	S-9 d3-2 d4-1 ip+12	
24	127	0	1	6	0	135,9,2,0,0	S-8 d3-9 d4-1 d5+6	s11-grammar-subregion-closed
24	127	0	3	4	2	135,9,2,0,0	S-8 d3-9 d4+1 d5+4 ip+2	
24	127	0	5	3	1	135,9,2,0,0	S-8 d3-9 d4+3 d5+3 ip+1	
24	127	0	7	2	0	135,9,2,0,0	S-8 d3-9 d4+5 d5+2	s11-grammar-subregion-closed
24	127	1	1	5	2	135,9,2,0,0	S-8 d3-8 d4-1 d5+5 ip+2	
24	127	1	3	3	4	135,9,2,0,0	S-8 d3-8 d4+1 d5+3 ip+4	
24	127	1	5	2	3	135,9,2,0,0	S-8 d3-8 d4+3 d5+2 ip+3	
24	127	1	7	1	2	135,9,2,0,0	S-8 d3-8 d4+5 d5+1 ip+2	
24	127	1	9	0	1	135,9,2,0,0	S-8 d3-8 d4+7 ip+1	
24	127	2	1	4	4	135,9,2,0,0	S-8 d3-7 d4-1 d5+4 ip+4	
24	127	2	3	2	6	135,9,2,0,0	S-8 d3-7 d4+1 d5+2 ip+6	
24	127	2	5	1	5	135,9,2,0,0	S-8 d3-7 d4+3 d5+1 ip+5	
24	127	2	7	0	4	135,9,2,0,0	S-8 d3-7 d4+5 ip+4	
24	127	3	1	3	6	135,9,2,0,0	S-8 d3-6 d4-1 d5+3 ip+6	
24	127	3	3	1	8	135,9,2,0,0	S-8 d3-6 d4+1 d5+1 ip+8	
24	127	3	5	0	7	135,9,2,0,0	S-8 d3-6 d4+3 ip+7	
24	127	4	1	2	8	135,9,2,0,0	S-8 d3-5 d4-1 d5+2 ip+8	
24	127	4	3	0	10	135,9,2,0,0	S-8 d3-5 d4+1 ip+10	
24	127	5	1	1	10	135,9,2,0,0	S-8 d3-4 d4-1 d5+1 ip+10	
24	127	6	1	0	12	135,9,2,0,0	S-8 d3-3 d4-1 ip+12	
24	128	0	1	5	2	135,9,2,0,0	S-7 d3-9 d4-1 d5+5 ip+2	
24	128	0	3	3	4	135,9,2,0,0	S-7 d3-9 d4+1 d5+3 ip+4	
24	128	0	5	2	3	135,9,2,0,0	S-7 d3-9 d4+3 d5+2 ip+3	
24	128	0	7	1	2	135,9,2,0,0	S-7 d3-9 d4+5 d5+1 ip+2	
24	128	0	9	0	1	135,9,2,0,0	S-7 d3-9 d4+7 ip+1	
24	128	1	1	4	4	135,9,2,0,0	S-7 d3-8 d4-1 d5+4 ip+4	
24	128	1	3	2	6	135,9,2,0,0	S-7 d3-8 d4+1 d5+2 ip+6	
24	128	1	5	1	5	135,9,2,0,0	S-7 d3-8 d4+3 d5+1 ip+5	
24	128	1	7	0	4	135,9,2,0,0	S-7 d3-8 d4+5 ip+4	
24	128	2	1	3	6	135,9,2,0,0	S-7 d3-7 d4-1 d5+3 ip+6	
24	128	2	3	1	8	135,9,2,0,0	S-7 d3-7 d4+1 d5+1 ip+8	
24	128	2	5	0	7	135,9,2,0,0	S-7 d3-7 d4+3 ip+7	
24	128	3	1	2	8	135,9,2,0,0	S-7 d3-6 d4-1 d5+2 ip+8	
24	128	3	3	0	10	135,9,2,0,0	S-7 d3-6 d4+1 ip+10	
24	128	4	1	1	10	135,9,2,0,0	S-7 d3-5 d4-1 d5+1 ip+10	
24	128	5	1	0	12	135,9,2,0,0	S-7 d3-4 d4-1 ip+12	
24	129	0	1	4	4	135,9,2,0,0	S-6 d3-9 d4-1 d5+4 ip+4	
24	129	0	3	2	6	135,9,2,0,0	S-6 d3-9 d4+1 d5+2 ip+6	
24	129	0	5	1	5	135,9,2,0,0	S-6 d3-9 d4+3 d5+1 ip+5	
24	129	0	7	0	4	135,9,2,0,0	S-6 d3-9 d4+5 ip+4	
24	129	1	1	3	6	135,9,2,0,0	S-6 d3-8 d4-1 d5+3 ip+6	
24	129	1	3	1	8	135,9,2,0,0	S-6 d3-8 d4+1 d5+1 ip+8	
24	129	1	5	0	7	135,9,2,0,0	S-6 d3-8 d4+3 ip+7	
24	129	2	1	2	8	135,9,2,0,0	S-6 d3-7 d4-1 d5+2 ip+8	
24	129	2	3	0	10	135,9,2,0,0	S-6 d3-7 d4+1 ip+10	
24	129	3	1	1	10	135,9,2,0,0	S-6 d3-6 d4-1 d5+1 ip+10	
24	129	4	1	0	12	135,9,2,0,0	S-6 d3-5 d4-1 ip+12	
24	130	0	1	3	6	135,9,2,0,0	S-5 d3-9 d4-1 d5+3 ip+6	
24	130	0	3	1	8	135,9,2,0,0	S-5 d3-9 d4+1 d5+1 ip+8	
24	130	0	5	0	7	135,9,2,0,0	S-5 d3-9 d4+3 ip+7	
24	130	1	1	2	8	135,9,2,0,0	S-5 d3-8 d4-1 d5+2 ip+8	
24	130	1	3	0	10	135,9,2,0,0	S-5 d3-8 d4+1 ip+10	
24	130	2	1	1	10	135,9,2,0,0	S-5 d3-7 d4-1 d5+1 ip+10	
24	130	3	1	0	12	135,9,2,0,0	S-5 d3-6 d4-1 ip+12	
24	131	0	1	2	8	135,9,2,0,0	S-4 d3-9 d4-1 d5+2 ip+8	
24	131	0	3	0	10	135,9,2,0,0	S-4 d3-9 d4+1 ip+10	
24	131	1	1	1	10	135,9,2,0,0	S-4 d3-8 d4-1 d5+1 ip+10	
24	131	2	1	0	12	135,9,2,0,0	S-4 d3-7 d4-1 ip+12	
24	132	0	1	1	10	135,9,2,0,0	S-3 d3-9 d4-1 d5+1 ip+10	
24	132	1	1	0	12	135,9,2,0,0	S-3 d3-8 d4-1 ip+12	
24	133	0	1	0	12	135,9,2,0,0	S-2 d3-9 d4-1 ip+12	
25	120	5	2	6	0	135,9,2,0,0	S-15 d3-4 d5+6	s11-grammar-subregion-closed;perfect-ride-family(ATSP-closable)
25	120	6	6	3	0	135,9,2,0,0	S-15 d3-3 d4+4 d5+3	s11-grammar-subregion-closed;perfect-ride-family(ATSP-closable)
25	120	7	10	0	0	135,9,2,0,0	S-15 d3-2 d4+8	s11-grammar-subregion-closed;perfect-ride-family(ATSP-closable)
25	120	12	0	5	0	135,9,2,0,0	S-15 d3+3 d4-2 d5+5	s11-grammar-subregion-closed;perfect-ride-family(ATSP-closable)
25	120	15	6	0	0	135,9,2,0,0	S-15 d3+6 d4+4	s11-grammar-subregion-closed;perfect-ride-family(ATSP-closable)
25	120	16	4	1	0	135,9,2,0,0	S-15 d3+7 d4+2 d5+1	s11-grammar-subregion-closed;perfect-ride-family(ATSP-closable)
25	120	17	2	2	0	135,9,2,0,0	S-15 d3+8 d5+2	s11-grammar-subregion-closed;perfect-ride-family(ATSP-closable)
25	121	4	2	6	0	135,9,2,0,0	S-14 d3-5 d5+6	s11-grammar-subregion-closed
25	121	5	2	5	2	135,9,2,0,0	S-14 d3-4 d5+5 ip+2	
25	121	5	4	4	1	135,9,2,0,0	S-14 d3-4 d4+2 d5+4 ip+1	
25	121	5	6	3	0	135,9,2,0,0	S-14 d3-4 d4+4 d5+3	s11-grammar-subregion-closed
25	121	6	2	4	4	135,9,2,0,0	S-14 d3-3 d5+4 ip+4	
25	121	6	4	3	3	135,9,2,0,0	S-14 d3-3 d4+2 d5+3 ip+3	
25	121	6	6	2	2	135,9,2,0,0	S-14 d3-3 d4+4 d5+2 ip+2	
25	121	6	8	1	1	135,9,2,0,0	S-14 d3-3 d4+6 d5+1 ip+1	
25	121	6	10	0	0	135,9,2,0,0	S-14 d3-3 d4+8	s11-grammar-subregion-closed
25	121	7	0	6	1	135,9,2,0,0	S-14 d3-2 d4-2 d5+6 ip+1	
25	121	7	6	1	4	135,9,2,0,0	S-14 d3-2 d4+4 d5+1 ip+4	
25	121	7	8	0	3	135,9,2,0,0	S-14 d3-2 d4+6 ip+3	
25	121	8	0	5	3	135,9,2,0,0	S-14 d3-1 d4-2 d5+5 ip+3	
25	121	10	0	4	4	135,9,2,0,0	S-14 d3+1 d4-2 d5+4 ip+4	
25	121	11	0	4	3	135,9,2,0,0	S-14 d3+2 d4-2 d5+4 ip+3	
25	121	12	0	4	2	135,9,2,0,0	S-14 d3+3 d4-2 d5+4 ip+2	
25	121	13	0	4	1	135,9,2,0,0	S-14 d3+4 d4-2 d5+4 ip+1	
25	121	14	0	4	0	135,9,2,0,0	S-14 d3+5 d4-2 d5+4	s11-grammar-subregion-closed
25	121	14	4	0	4	135,9,2,0,0	S-14 d3+5 d4+2 ip+4	
25	121	15	2	1	4	135,9,2,0,0	S-14 d3+6 d5+1 ip+4	
25	121	15	4	0	3	135,9,2,0,0	S-14 d3+6 d4+2 ip+3	
25	121	16	2	1	3	135,9,2,0,0	S-14 d3+7 d5+1 ip+3	
25	121	16	4	0	2	135,9,2,0,0	S-14 d3+7 d4+2 ip+2	
25	121	17	2	1	2	135,9,2,0,0	S-14 d3+8 d5+1 ip+2	
25	121	17	4	0	1	135,9,2,0,0	S-14 d3+8 d4+2 ip+1	
25	121	18	2	1	1	135,9,2,0,0	S-14 d3+9 d5+1 ip+1	
25	121	18	4	0	0	135,9,2,0,0	S-14 d3+9 d4+2	s11-grammar-subregion-closed
25	121	19	2	1	0	135,9,2,0,0	S-14 d3+10 d5+1	s11-grammar-subregion-closed
25	122	3	2	6	0	135,9,2,0,0	S-13 d3-6 d5+6	s11-grammar-subregion-closed
25	122	4	2	5	2	135,9,2,0,0	S-13 d3-5 d5+5 ip+2	
25	122	4	4	4	1	135,9,2,0,0	S-13 d3-5 d4+2 d5+4 ip+1	
25	122	4	6	3	0	135,9,2,0,0	S-13 d3-5 d4+4 d5+3	s11-grammar-subregion-closed
25	122	5	2	4	4	135,9,2,0,0	S-13 d3-4 d5+4 ip+4	
25	122	5	4	3	3	135,9,2,0,0	S-13 d3-4 d4+2 d5+3 ip+3	
25	122	5	6	2	2	135,9,2,0,0	S-13 d3-4 d4+4 d5+2 ip+2	
25	122	5	8	1	1	135,9,2,0,0	S-13 d3-4 d4+6 d5+1 ip+1	
25	122	5	10	0	0	135,9,2,0,0	S-13 d3-4 d4+8	s11-grammar-subregion-closed
25	122	6	0	6	1	135,9,2,0,0	S-13 d3-3 d4-2 d5+6 ip+1	
25	122	6	2	3	6	135,9,2,0,0	S-13 d3-3 d5+3 ip+6	
25	122	6	4	2	5	135,9,2,0,0	S-13 d3-3 d4+2 d5+2 ip+5	
25	122	6	6	1	4	135,9,2,0,0	S-13 d3-3 d4+4 d5+1 ip+4	
25	122	6	8	0	3	135,9,2,0,0	S-13 d3-3 d4+6 ip+3	
25	122	7	0	5	3	135,9,2,0,0	S-13 d3-2 d4-2 d5+5 ip+3	
25	122	7	2	2	8	135,9,2,0,0	S-13 d3-2 d5+2 ip+8	
25	122	7	4	1	7	135,9,2,0,0	S-13 d3-2 d4+2 d5+1 ip+7	
25	122	7	6	0	6	135,9,2,0,0	S-13 d3-2 d4+4 ip+6	
25	122	8	0	4	5	135,9,2,0,0	S-13 d3-1 d4-2 d5+4 ip+5	
25	122	9	0	3	7	135,9,2,0,0	S-13 d4-2 d5+3 ip+7	
25	122	10	0	3	6	135,9,2,0,0	S-13 d3+1 d4-2 d5+3 ip+6	
25	122	11	0	3	5	135,9,2,0,0	S-13 d3+2 d4-2 d5+3 ip+5	
25	122	12	0	3	4	135,9,2,0,0	S-13 d3+3 d4-2 d5+3 ip+4	
25	122	13	0	3	3	135,9,2,0,0	S-13 d3+4 d4-2 d5+3 ip+3	
25	122	13	2	0	8	135,9,2,0,0	S-13 d3+4 ip+8	
25	122	14	0	3	2	135,9,2,0,0	S-13 d3+5 d4-2 d5+3 ip+2	
25	122	14	2	0	7	135,9,2,0,0	S-13 d3+5 ip+7	
25	122	15	0	3	1	135,9,2,0,0	S-13 d3+6 d4-2 d5+3 ip+1	
25	122	15	2	0	6	135,9,2,0,0	S-13 d3+6 ip+6	
25	122	16	0	3	0	135,9,2,0,0	S-13 d3+7 d4-2 d5+3	s11-grammar-subregion-closed
25	122	16	2	0	5	135,9,2,0,0	S-13 d3+7 ip+5	
25	122	17	2	0	4	135,9,2,0,0	S-13 d3+8 ip+4	
25	122	18	2	0	3	135,9,2,0,0	S-13 d3+9 ip+3	
25	122	19	2	0	2	135,9,2,0,0	S-13 d3+10 ip+2	
25	122	20	2	0	1	135,9,2,0,0	S-13 d3+11 ip+1	
25	122	21	2	0	0	135,9,2,0,0	S-13 d3+12	s11-grammar-subregion-closed
25	123	2	2	6	0	135,9,2,0,0	S-12 d3-7 d5+6	s11-grammar-subregion-closed
25	123	3	2	5	2	135,9,2,0,0	S-12 d3-6 d5+5 ip+2	
25	123	3	4	4	1	135,9,2,0,0	S-12 d3-6 d4+2 d5+4 ip+1	
25	123	3	6	3	0	135,9,2,0,0	S-12 d3-6 d4+4 d5+3	s11-grammar-subregion-closed
25	123	4	2	4	4	135,9,2,0,0	S-12 d3-5 d5+4 ip+4	
25	123	4	4	3	3	135,9,2,0,0	S-12 d3-5 d4+2 d5+3 ip+3	
25	123	4	6	2	2	135,9,2,0,0	S-12 d3-5 d4+4 d5+2 ip+2	
25	123	4	8	1	1	135,9,2,0,0	S-12 d3-5 d4+6 d5+1 ip+1	
25	123	4	10	0	0	135,9,2,0,0	S-12 d3-5 d4+8	s11-grammar-subregion-closed
25	123	5	0	6	1	135,9,2,0,0	S-12 d3-4 d4-2 d5+6 ip+1	
25	123	5	2	3	6	135,9,2,0,0	S-12 d3-4 d5+3 ip+6	
25	123	5	4	2	5	135,9,2,0,0	S-12 d3-4 d4+2 d5+2 ip+5	
25	123	5	6	1	4	135,9,2,0,0	S-12 d3-4 d4+4 d5+1 ip+4	
25	123	5	8	0	3	135,9,2,0,0	S-12 d3-4 d4+6 ip+3	
25	123	6	0	5	3	135,9,2,0,0	S-12 d3-3 d4-2 d5+5 ip+3	
25	123	6	2	2	8	135,9,2,0,0	S-12 d3-3 d5+2 ip+8	
25	123	6	4	1	7	135,9,2,0,0	S-12 d3-3 d4+2 d5+1 ip+7	
25	123	6	6	0	6	135,9,2,0,0	S-12 d3-3 d4+4 ip+6	
25	123	7	0	4	5	135,9,2,0,0	S-12 d3-2 d4-2 d5+4 ip+5	
25	123	7	2	1	10	135,9,2,0,0	S-12 d3-2 d5+1 ip+10	
25	123	7	4	0	9	135,9,2,0,0	S-12 d3-2 d4+2 ip+9	
25	123	8	0	3	7	135,9,2,0,0	S-12 d3-1 d4-2 d5+3 ip+7	
25	123	8	2	0	12	135,9,2,0,0	S-12 d3-1 ip+12	
25	123	9	0	2	9	135,9,2,0,0	S-12 d4-2 d5+2 ip+9	
25	123	10	0	2	8	135,9,2,0,0	S-12 d3+1 d4-2 d5+2 ip+8	
25	123	11	0	2	7	135,9,2,0,0	S-12 d3+2 d4-2 d5+2 ip+7	
25	123	12	0	2	6	135,9,2,0,0	S-12 d3+3 d4-2 d5+2 ip+6	
25	123	13	0	2	5	135,9,2,0,0	S-12 d3+4 d4-2 d5+2 ip+5	
25	123	14	0	2	4	135,9,2,0,0	S-12 d3+5 d4-2 d5+2 ip+4	
25	123	15	0	2	3	135,9,2,0,0	S-12 d3+6 d4-2 d5+2 ip+3	
25	123	16	0	2	2	135,9,2,0,0	S-12 d3+7 d4-2 d5+2 ip+2	
25	123	17	0	2	1	135,9,2,0,0	S-12 d3+8 d4-2 d5+2 ip+1	
25	123	18	0	2	0	135,9,2,0,0	S-12 d3+9 d4-2 d5+2	s11-grammar-subregion-closed
25	124	1	2	6	0	135,9,2,0,0	S-11 d3-8 d5+6	s11-grammar-subregion-closed
25	124	2	2	5	2	135,9,2,0,0	S-11 d3-7 d5+5 ip+2	
25	124	2	4	4	1	135,9,2,0,0	S-11 d3-7 d4+2 d5+4 ip+1	
25	124	2	6	3	0	135,9,2,0,0	S-11 d3-7 d4+4 d5+3	s11-grammar-subregion-closed
25	124	3	2	4	4	135,9,2,0,0	S-11 d3-6 d5+4 ip+4	
25	124	3	4	3	3	135,9,2,0,0	S-11 d3-6 d4+2 d5+3 ip+3	
25	124	3	6	2	2	135,9,2,0,0	S-11 d3-6 d4+4 d5+2 ip+2	
25	124	3	8	1	1	135,9,2,0,0	S-11 d3-6 d4+6 d5+1 ip+1	
25	124	3	10	0	0	135,9,2,0,0	S-11 d3-6 d4+8	s11-grammar-subregion-closed
25	124	4	0	6	1	135,9,2,0,0	S-11 d3-5 d4-2 d5+6 ip+1	
25	124	4	2	3	6	135,9,2,0,0	S-11 d3-5 d5+3 ip+6	
25	124	4	4	2	5	135,9,2,0,0	S-11 d3-5 d4+2 d5+2 ip+5	
25	124	4	6	1	4	135,9,2,0,0	S-11 d3-5 d4+4 d5+1 ip+4	
25	124	4	8	0	3	135,9,2,0,0	S-11 d3-5 d4+6 ip+3	
25	124	5	0	5	3	135,9,2,0,0	S-11 d3-4 d4-2 d5+5 ip+3	
25	124	5	2	2	8	135,9,2,0,0	S-11 d3-4 d5+2 ip+8	
25	124	5	4	1	7	135,9,2,0,0	S-11 d3-4 d4+2 d5+1 ip+7	
25	124	5	6	0	6	135,9,2,0,0	S-11 d3-4 d4+4 ip+6	
25	124	6	0	4	5	135,9,2,0,0	S-11 d3-3 d4-2 d5+4 ip+5	
25	124	6	2	1	10	135,9,2,0,0	S-11 d3-3 d5+1 ip+10	
25	124	6	4	0	9	135,9,2,0,0	S-11 d3-3 d4+2 ip+9	
25	124	7	0	3	7	135,9,2,0,0	S-11 d3-2 d4-2 d5+3 ip+7	
25	124	7	2	0	12	135,9,2,0,0	S-11 d3-2 ip+12	
25	124	8	0	2	9	135,9,2,0,0	S-11 d3-1 d4-2 d5+2 ip+9	
25	124	9	0	1	11	135,9,2,0,0	S-11 d4-2 d5+1 ip+11	
25	124	10	0	1	10	135,9,2,0,0	S-11 d3+1 d4-2 d5+1 ip+10	
25	124	11	0	1	9	135,9,2,0,0	S-11 d3+2 d4-2 d5+1 ip+9	
25	124	12	0	1	8	135,9,2,0,0	S-11 d3+3 d4-2 d5+1 ip+8	
25	124	13	0	1	7	135,9,2,0,0	S-11 d3+4 d4-2 d5+1 ip+7	
25	124	14	0	1	6	135,9,2,0,0	S-11 d3+5 d4-2 d5+1 ip+6	
25	124	15	0	1	5	135,9,2,0,0	S-11 d3+6 d4-2 d5+1 ip+5	
25	124	16	0	1	4	135,9,2,0,0	S-11 d3+7 d4-2 d5+1 ip+4	
25	124	17	0	1	3	135,9,2,0,0	S-11 d3+8 d4-2 d5+1 ip+3	
25	124	18	0	1	2	135,9,2,0,0	S-11 d3+9 d4-2 d5+1 ip+2	
25	124	19	0	1	1	135,9,2,0,0	S-11 d3+10 d4-2 d5+1 ip+1	
25	124	20	0	1	0	135,9,2,0,0	S-11 d3+11 d4-2 d5+1	s11-grammar-subregion-closed
25	125	0	2	6	0	135,9,2,0,0	S-10 d3-9 d5+6	s11-grammar-subregion-closed
25	125	1	2	5	2	135,9,2,0,0	S-10 d3-8 d5+5 ip+2	
25	125	1	4	4	1	135,9,2,0,0	S-10 d3-8 d4+2 d5+4 ip+1	
25	125	1	6	3	0	135,9,2,0,0	S-10 d3-8 d4+4 d5+3	s11-grammar-subregion-closed
25	125	2	2	4	4	135,9,2,0,0	S-10 d3-7 d5+4 ip+4	
25	125	2	4	3	3	135,9,2,0,0	S-10 d3-7 d4+2 d5+3 ip+3	
25	125	2	6	2	2	135,9,2,0,0	S-10 d3-7 d4+4 d5+2 ip+2	
25	125	2	8	1	1	135,9,2,0,0	S-10 d3-7 d4+6 d5+1 ip+1	
25	125	2	10	0	0	135,9,2,0,0	S-10 d3-7 d4+8	s11-grammar-subregion-closed
25	125	3	0	6	1	135,9,2,0,0	S-10 d3-6 d4-2 d5+6 ip+1	
25	125	3	2	3	6	135,9,2,0,0	S-10 d3-6 d5+3 ip+6	
25	125	3	4	2	5	135,9,2,0,0	S-10 d3-6 d4+2 d5+2 ip+5	
25	125	3	6	1	4	135,9,2,0,0	S-10 d3-6 d4+4 d5+1 ip+4	
25	125	3	8	0	3	135,9,2,0,0	S-10 d3-6 d4+6 ip+3	
25	125	4	0	5	3	135,9,2,0,0	S-10 d3-5 d4-2 d5+5 ip+3	
25	125	4	2	2	8	135,9,2,0,0	S-10 d3-5 d5+2 ip+8	
25	125	4	4	1	7	135,9,2,0,0	S-10 d3-5 d4+2 d5+1 ip+7	
25	125	4	6	0	6	135,9,2,0,0	S-10 d3-5 d4+4 ip+6	
25	125	5	0	4	5	135,9,2,0,0	S-10 d3-4 d4-2 d5+4 ip+5	
25	125	5	2	1	10	135,9,2,0,0	S-10 d3-4 d5+1 ip+10	
25	125	5	4	0	9	135,9,2,0,0	S-10 d3-4 d4+2 ip+9	
25	125	6	0	3	7	135,9,2,0,0	S-10 d3-3 d4-2 d5+3 ip+7	
25	125	6	2	0	12	135,9,2,0,0	S-10 d3-3 ip+12	
25	125	7	0	2	9	135,9,2,0,0	S-10 d3-2 d4-2 d5+2 ip+9	
25	125	8	0	1	11	135,9,2,0,0	S-10 d3-1 d4-2 d5+1 ip+11	
25	125	9	0	0	13	135,9,2,0,0	S-10 d4-2 ip+13	
25	125	10	0	0	12	135,9,2,0,0	S-10 d3+1 d4-2 ip+12	
25	125	11	0	0	11	135,9,2,0,0	S-10 d3+2 d4-2 ip+11	
25	125	12	0	0	10	135,9,2,0,0	S-10 d3+3 d4-2 ip+10	
25	125	13	0	0	9	135,9,2,0,0	S-10 d3+4 d4-2 ip+9	
25	125	14	0	0	8	135,9,2,0,0	S-10 d3+5 d4-2 ip+8	
25	125	15	0	0	7	135,9,2,0,0	S-10 d3+6 d4-2 ip+7	
25	125	16	0	0	6	135,9,2,0,0	S-10 d3+7 d4-2 ip+6	
25	125	17	0	0	5	135,9,2,0,0	S-10 d3+8 d4-2 ip+5	
25	125	18	0	0	4	135,9,2,0,0	S-10 d3+9 d4-2 ip+4	
25	125	19	0	0	3	135,9,2,0,0	S-10 d3+10 d4-2 ip+3	
25	125	20	0	0	2	135,9,2,0,0	S-10 d3+11 d4-2 ip+2	
25	125	21	0	0	1	135,9,2,0,0	S-10 d3+12 d4-2 ip+1	
25	125	22	0	0	0	135,9,2,0,0	S-10 d3+13 d4-2	s11-grammar-subregion-closed
25	126	0	2	5	2	135,9,2,0,0	S-9 d3-9 d5+5 ip+2	
25	126	0	4	4	1	135,9,2,0,0	S-9 d3-9 d4+2 d5+4 ip+1	
25	126	0	6	3	0	135,9,2,0,0	S-9 d3-9 d4+4 d5+3	s11-grammar-subregion-closed
25	126	1	2	4	4	135,9,2,0,0	S-9 d3-8 d5+4 ip+4	
25	126	1	4	3	3	135,9,2,0,0	S-9 d3-8 d4+2 d5+3 ip+3	
25	126	1	6	2	2	135,9,2,0,0	S-9 d3-8 d4+4 d5+2 ip+2	
25	126	1	8	1	1	135,9,2,0,0	S-9 d3-8 d4+6 d5+1 ip+1	
25	126	1	10	0	0	135,9,2,0,0	S-9 d3-8 d4+8	s11-grammar-subregion-closed
25	126	2	0	6	1	135,9,2,0,0	S-9 d3-7 d4-2 d5+6 ip+1	
25	126	2	2	3	6	135,9,2,0,0	S-9 d3-7 d5+3 ip+6	
25	126	2	4	2	5	135,9,2,0,0	S-9 d3-7 d4+2 d5+2 ip+5	
25	126	2	6	1	4	135,9,2,0,0	S-9 d3-7 d4+4 d5+1 ip+4	
25	126	2	8	0	3	135,9,2,0,0	S-9 d3-7 d4+6 ip+3	
25	126	3	0	5	3	135,9,2,0,0	S-9 d3-6 d4-2 d5+5 ip+3	
25	126	3	2	2	8	135,9,2,0,0	S-9 d3-6 d5+2 ip+8	
25	126	3	4	1	7	135,9,2,0,0	S-9 d3-6 d4+2 d5+1 ip+7	
25	126	3	6	0	6	135,9,2,0,0	S-9 d3-6 d4+4 ip+6	
25	126	4	0	4	5	135,9,2,0,0	S-9 d3-5 d4-2 d5+4 ip+5	
25	126	4	2	1	10	135,9,2,0,0	S-9 d3-5 d5+1 ip+10	
25	126	4	4	0	9	135,9,2,0,0	S-9 d3-5 d4+2 ip+9	
25	126	5	0	3	7	135,9,2,0,0	S-9 d3-4 d4-2 d5+3 ip+7	
25	126	5	2	0	12	135,9,2,0,0	S-9 d3-4 ip+12	
25	126	6	0	2	9	135,9,2,0,0	S-9 d3-3 d4-2 d5+2 ip+9	
25	126	7	0	1	11	135,9,2,0,0	S-9 d3-2 d4-2 d5+1 ip+11	
25	126	8	0	0	13	135,9,2,0,0	S-9 d3-1 d4-2 ip+13	
25	127	0	2	4	4	135,9,2,0,0	S-8 d3-9 d5+4 ip+4	
25	127	0	4	3	3	135,9,2,0,0	S-8 d3-9 d4+2 d5+3 ip+3	
25	127	0	6	2	2	135,9,2,0,0	S-8 d3-9 d4+4 d5+2 ip+2	
25	127	0	8	1	1	135,9,2,0,0	S-8 d3-9 d4+6 d5+1 ip+1	
25	127	0	10	0	0	135,9,2,0,0	S-8 d3-9 d4+8	s11-grammar-subregion-closed
25	127	1	0	6	1	135,9,2,0,0	S-8 d3-8 d4-2 d5+6 ip+1	
25	127	1	2	3	6	135,9,2,0,0	S-8 d3-8 d5+3 ip+6	
25	127	1	4	2	5	135,9,2,0,0	S-8 d3-8 d4+2 d5+2 ip+5	
25	127	1	6	1	4	135,9,2,0,0	S-8 d3-8 d4+4 d5+1 ip+4	
25	127	1	8	0	3	135,9,2,0,0	S-8 d3-8 d4+6 ip+3	
25	127	2	0	5	3	135,9,2,0,0	S-8 d3-7 d4-2 d5+5 ip+3	
25	127	2	2	2	8	135,9,2,0,0	S-8 d3-7 d5+2 ip+8	
25	127	2	4	1	7	135,9,2,0,0	S-8 d3-7 d4+2 d5+1 ip+7	
25	127	2	6	0	6	135,9,2,0,0	S-8 d3-7 d4+4 ip+6	
25	127	3	0	4	5	135,9,2,0,0	S-8 d3-6 d4-2 d5+4 ip+5	
25	127	3	2	1	10	135,9,2,0,0	S-8 d3-6 d5+1 ip+10	
25	127	3	4	0	9	135,9,2,0,0	S-8 d3-6 d4+2 ip+9	
25	127	4	0	3	7	135,9,2,0,0	S-8 d3-5 d4-2 d5+3 ip+7	
25	127	4	2	0	12	135,9,2,0,0	S-8 d3-5 ip+12	
25	127	5	0	2	9	135,9,2,0,0	S-8 d3-4 d4-2 d5+2 ip+9	
25	127	6	0	1	11	135,9,2,0,0	S-8 d3-3 d4-2 d5+1 ip+11	
25	127	7	0	0	13	135,9,2,0,0	S-8 d3-2 d4-2 ip+13	
25	128	0	0	6	1	135,9,2,0,0	S-7 d3-9 d4-2 d5+6 ip+1	
25	128	0	2	3	6	135,9,2,0,0	S-7 d3-9 d5+3 ip+6	
25	128	0	4	2	5	135,9,2,0,0	S-7 d3-9 d4+2 d5+2 ip+5	
25	128	0	6	1	4	135,9,2,0,0	S-7 d3-9 d4+4 d5+1 ip+4	
25	128	0	8	0	3	135,9,2,0,0	S-7 d3-9 d4+6 ip+3	
25	128	1	0	5	3	135,9,2,0,0	S-7 d3-8 d4-2 d5+5 ip+3	
25	128	1	2	2	8	135,9,2,0,0	S-7 d3-8 d5+2 ip+8	
25	128	1	4	1	7	135,9,2,0,0	S-7 d3-8 d4+2 d5+1 ip+7	
25	128	1	6	0	6	135,9,2,0,0	S-7 d3-8 d4+4 ip+6	
25	128	2	0	4	5	135,9,2,0,0	S-7 d3-7 d4-2 d5+4 ip+5	
25	128	2	2	1	10	135,9,2,0,0	S-7 d3-7 d5+1 ip+10	
25	128	2	4	0	9	135,9,2,0,0	S-7 d3-7 d4+2 ip+9	
25	128	3	0	3	7	135,9,2,0,0	S-7 d3-6 d4-2 d5+3 ip+7	
25	128	3	2	0	12	135,9,2,0,0	S-7 d3-6 ip+12	
25	128	4	0	2	9	135,9,2,0,0	S-7 d3-5 d4-2 d5+2 ip+9	
25	128	5	0	1	11	135,9,2,0,0	S-7 d3-4 d4-2 d5+1 ip+11	
25	128	6	0	0	13	135,9,2,0,0	S-7 d3-3 d4-2 ip+13	
25	129	0	0	5	3	135,9,2,0,0	S-6 d3-9 d4-2 d5+5 ip+3	
25	129	0	2	2	8	135,9,2,0,0	S-6 d3-9 d5+2 ip+8	
25	129	0	4	1	7	135,9,2,0,0	S-6 d3-9 d4+2 d5+1 ip+7	
25	129	0	6	0	6	135,9,2,0,0	S-6 d3-9 d4+4 ip+6	
25	129	1	0	4	5	135,9,2,0,0	S-6 d3-8 d4-2 d5+4 ip+5	
25	129	1	2	1	10	135,9,2,0,0	S-6 d3-8 d5+1 ip+10	
25	129	1	4	0	9	135,9,2,0,0	S-6 d3-8 d4+2 ip+9	
25	129	2	0	3	7	135,9,2,0,0	S-6 d3-7 d4-2 d5+3 ip+7	
25	129	2	2	0	12	135,9,2,0,0	S-6 d3-7 ip+12	
25	129	3	0	2	9	135,9,2,0,0	S-6 d3-6 d4-2 d5+2 ip+9	
25	129	4	0	1	11	135,9,2,0,0	S-6 d3-5 d4-2 d5+1 ip+11	
25	129	5	0	0	13	135,9,2,0,0	S-6 d3-4 d4-2 ip+13	
25	130	0	0	4	5	135,9,2,0,0	S-5 d3-9 d4-2 d5+4 ip+5	
25	130	0	2	1	10	135,9,2,0,0	S-5 d3-9 d5+1 ip+10	
25	130	0	4	0	9	135,9,2,0,0	S-5 d3-9 d4+2 ip+9	
25	130	1	0	3	7	135,9,2,0,0	S-5 d3-8 d4-2 d5+3 ip+7	
25	130	1	2	0	12	135,9,2,0,0	S-5 d3-8 ip+12	
25	130	2	0	2	9	135,9,2,0,0	S-5 d3-7 d4-2 d5+2 ip+9	
25	130	3	0	1	11	135,9,2,0,0	S-5 d3-6 d4-2 d5+1 ip+11	
25	130	4	0	0	13	135,9,2,0,0	S-5 d3-5 d4-2 ip+13	
25	131	0	0	3	7	135,9,2,0,0	S-4 d3-9 d4-2 d5+3 ip+7	
25	131	0	2	0	12	135,9,2,0,0	S-4 d3-9 ip+12	
25	131	1	0	2	9	135,9,2,0,0	S-4 d3-8 d4-2 d5+2 ip+9	
25	131	2	0	1	11	135,9,2,0,0	S-4 d3-7 d4-2 d5+1 ip+11	
25	131	3	0	0	13	135,9,2,0,0	S-4 d3-6 d4-2 ip+13	
25	132	0	0	2	9	135,9,2,0,0	S-3 d3-9 d4-2 d5+2 ip+9	
25	132	1	0	1	11	135,9,2,0,0	S-3 d3-8 d4-2 d5+1 ip+11	
25	132	2	0	0	13	135,9,2,0,0	S-3 d3-7 d4-2 ip+13	
25	133	0	0	1	11	135,9,2,0,0	S-2 d3-9 d4-2 d5+1 ip+11	
25	133	1	0	0	13	135,9,2,0,0	S-2 d3-8 d4-2 ip+13	
25	134	0	0	0	13	135,9,2,0,0	S-1 d3-9 d4-2 ip+13	
26	120	5	5	4	0	135,9,2,0,0	S-15 d3-4 d4+3 d5+4	s11-grammar-subregion-closed;perfect-ride-family(ATSP-closable)
26	120	6	9	1	0	135,9,2,0,0	S-15 d3-3 d4+7 d5+1	s11-grammar-subregion-closed;perfect-ride-family(ATSP-closable)
26	120	16	1	3	0	135,9,2,0,0	S-15 d3+7 d4-1 d5+3	s11-grammar-subregion-closed;perfect-ride-family(ATSP-closable)
26	120	17	5	0	0	135,9,2,0,0	S-15 d3+8 d4+3	s11-grammar-subregion-closed;perfect-ride-family(ATSP-closable)
26	120	18	3	1	0	135,9,2,0,0	S-15 d3+9 d4+1 d5+1	s11-grammar-subregion-closed;perfect-ride-family(ATSP-closable)
26	121	4	3	5	1	135,9,2,0,0	S-14 d3-5 d4+1 d5+5 ip+1	
26	121	4	5	4	0	135,9,2,0,0	S-14 d3-5 d4+3 d5+4	s11-grammar-subregion-closed
26	121	5	1	6	1	135,9,2,0,0	S-14 d3-4 d4-1 d5+6 ip+1	
26	121	5	3	4	3	135,9,2,0,0	S-14 d3-4 d4+1 d5+4 ip+3	
26	121	5	5	3	2	135,9,2,0,0	S-14 d3-4 d4+3 d5+3 ip+2	
26	121	5	7	2	1	135,9,2,0,0	S-14 d3-4 d4+5 d5+2 ip+1	
26	121	5	9	1	0	135,9,2,0,0	S-14 d3-4 d4+7 d5+1	s11-grammar-subregion-closed
26	121	6	1	5	3	135,9,2,0,0	S-14 d3-3 d4-1 d5+5 ip+3	
26	121	6	5	2	4	135,9,2,0,0	S-14 d3-3 d4+3 d5+2 ip+4	
26	121	6	7	1	3	135,9,2,0,0	S-14 d3-3 d4+5 d5+1 ip+3	
26	121	6	9	0	2	135,9,2,0,0	S-14 d3-3 d4+7 ip+2	
26	121	14	1	2	4	135,9,2,0,0	S-14 d3+5 d4-1 d5+2 ip+4	
26	121	15	1	2	3	135,9,2,0,0	S-14 d3+6 d4-1 d5+2 ip+3	
26	121	16	1	2	2	135,9,2,0,0	S-14 d3+7 d4-1 d5+2 ip+2	
26	121	16	3	0	4	135,9,2,0,0	S-14 d3+7 d4+1 ip+4	
26	121	17	1	2	1	135,9,2,0,0	S-14 d3+8 d4-1 d5+2 ip+1	
26	121	17	3	0	3	135,9,2,0,0	S-14 d3+8 d4+1 ip+3	
26	121	18	1	2	0	135,9,2,0,0	S-14 d3+9 d4-1 d5+2	s11-grammar-subregion-closed
26	121	18	3	0	2	135,9,2,0,0	S-14 d3+9 d4+1 ip+2	
26	121	19	3	0	1	135,9,2,0,0	S-14 d3+10 d4+1 ip+1	
26	121	20	3	0	0	135,9,2,0,0	S-14 d3+11 d4+1	s11-grammar-subregion-closed
26	122	3	3	5	1	135,9,2,0,0	S-13 d3-6 d4+1 d5+5 ip+1	
26	122	3	5	4	0	135,9,2,0,0	S-13 d3-6 d4+3 d5+4	s11-grammar-subregion-closed
26	122	4	1	6	1	135,9,2,0,0	S-13 d3-5 d4-1 d5+6 ip+1	
26	122	4	3	4	3	135,9,2,0,0	S-13 d3-5 d4+1 d5+4 ip+3	
26	122	4	5	3	2	135,9,2,0,0	S-13 d3-5 d4+3 d5+3 ip+2	
26	122	4	7	2	1	135,9,2,0,0	S-13 d3-5 d4+5 d5+2 ip+1	
26	122	4	9	1	0	135,9,2,0,0	S-13 d3-5 d4+7 d5+1	s11-grammar-subregion-closed
26	122	5	1	5	3	135,9,2,0,0	S-13 d3-4 d4-1 d5+5 ip+3	
26	122	5	3	3	5	135,9,2,0,0	S-13 d3-4 d4+1 d5+3 ip+5	
26	122	5	5	2	4	135,9,2,0,0	S-13 d3-4 d4+3 d5+2 ip+4	
26	122	5	7	1	3	135,9,2,0,0	S-13 d3-4 d4+5 d5+1 ip+3	
26	122	5	9	0	2	135,9,2,0,0	S-13 d3-4 d4+7 ip+2	
26	122	6	1	4	5	135,9,2,0,0	S-13 d3-3 d4-1 d5+4 ip+5	
26	122	6	3	2	7	135,9,2,0,0	S-13 d3-3 d4+1 d5+2 ip+7	
26	122	6	5	1	6	135,9,2,0,0	S-13 d3-3 d4+3 d5+1 ip+6	
26	122	6	7	0	5	135,9,2,0,0	S-13 d3-3 d4+5 ip+5	
26	122	7	1	3	7	135,9,2,0,0	S-13 d3-2 d4-1 d5+3 ip+7	
26	122	7	5	0	8	135,9,2,0,0	S-13 d3-2 d4+3 ip+8	
26	122	12	1	1	8	135,9,2,0,0	S-13 d3+3 d4-1 d5+1 ip+8	
26	122	13	1	1	7	135,9,2,0,0	S-13 d3+4 d4-1 d5+1 ip+7	
26	122	14	1	1	6	135,9,2,0,0	S-13 d3+5 d4-1 d5+1 ip+6	
26	122	15	1	1	5	135,9,2,0,0	S-13 d3+6 d4-1 d5+1 ip+5	
26	122	16	1	1	4	135,9,2,0,0	S-13 d3+7 d4-1 d5+1 ip+4	
26	122	17	1	1	3	135,9,2,0,0	S-13 d3+8 d4-1 d5+1 ip+3	
26	122	18	1	1	2	135,9,2,0,0	S-13 d3+9 d4-1 d5+1 ip+2	
26	122	19	1	1	1	135,9,2,0,0	S-13 d3+10 d4-1 d5+1 ip+1	
26	122	20	1	1	0	135,9,2,0,0	S-13 d3+11 d4-1 d5+1	s11-grammar-subregion-closed
26	123	2	3	5	1	135,9,2,0,0	S-12 d3-7 d4+1 d5+5 ip+1	
26	123	2	5	4	0	135,9,2,0,0	S-12 d3-7 d4+3 d5+4	s11-grammar-subregion-closed
26	123	3	1	6	1	135,9,2,0,0	S-12 d3-6 d4-1 d5+6 ip+1	
26	123	3	3	4	3	135,9,2,0,0	S-12 d3-6 d4+1 d5+4 ip+3	
26	123	3	5	3	2	135,9,2,0,0	S-12 d3-6 d4+3 d5+3 ip+2	
26	123	3	7	2	1	135,9,2,0,0	S-12 d3-6 d4+5 d5+2 ip+1	
26	123	3	9	1	0	135,9,2,0,0	S-12 d3-6 d4+7 d5+1	s11-grammar-subregion-closed
26	123	4	1	5	3	135,9,2,0,0	S-12 d3-5 d4-1 d5+5 ip+3	
26	123	4	3	3	5	135,9,2,0,0	S-12 d3-5 d4+1 d5+3 ip+5	
26	123	4	5	2	4	135,9,2,0,0	S-12 d3-5 d4+3 d5+2 ip+4	
26	123	4	7	1	3	135,9,2,0,0	S-12 d3-5 d4+5 d5+1 ip+3	
26	123	4	9	0	2	135,9,2,0,0	S-12 d3-5 d4+7 ip+2	
26	123	5	1	4	5	135,9,2,0,0	S-12 d3-4 d4-1 d5+4 ip+5	
26	123	5	3	2	7	135,9,2,0,0	S-12 d3-4 d4+1 d5+2 ip+7	
26	123	5	5	1	6	135,9,2,0,0	S-12 d3-4 d4+3 d5+1 ip+6	
26	123	5	7	0	5	135,9,2,0,0	S-12 d3-4 d4+5 ip+5	
26	123	6	1	3	7	135,9,2,0,0	S-12 d3-3 d4-1 d5+3 ip+7	
26	123	6	3	1	9	135,9,2,0,0	S-12 d3-3 d4+1 d5+1 ip+9	
26	123	6	5	0	8	135,9,2,0,0	S-12 d3-3 d4+3 ip+8	
26	123	7	1	2	9	135,9,2,0,0	S-12 d3-2 d4-1 d5+2 ip+9	
26	123	7	3	0	11	135,9,2,0,0	S-12 d3-2 d4+1 ip+11	
26	123	8	1	1	11	135,9,2,0,0	S-12 d3-1 d4-1 d5+1 ip+11	
26	123	10	1	0	12	135,9,2,0,0	S-12 d3+1 d4-1 ip+12	
26	123	11	1	0	11	135,9,2,0,0	S-12 d3+2 d4-1 ip+11	
26	123	12	1	0	10	135,9,2,0,0	S-12 d3+3 d4-1 ip+10	
26	123	13	1	0	9	135,9,2,0,0	S-12 d3+4 d4-1 ip+9	
26	123	14	1	0	8	135,9,2,0,0	S-12 d3+5 d4-1 ip+8	
26	123	15	1	0	7	135,9,2,0,0	S-12 d3+6 d4-1 ip+7	
26	123	16	1	0	6	135,9,2,0,0	S-12 d3+7 d4-1 ip+6	
26	123	17	1	0	5	135,9,2,0,0	S-12 d3+8 d4-1 ip+5	
26	123	18	1	0	4	135,9,2,0,0	S-12 d3+9 d4-1 ip+4	
26	123	19	1	0	3	135,9,2,0,0	S-12 d3+10 d4-1 ip+3	
26	123	20	1	0	2	135,9,2,0,0	S-12 d3+11 d4-1 ip+2	
26	123	21	1	0	1	135,9,2,0,0	S-12 d3+12 d4-1 ip+1	
26	123	22	1	0	0	135,9,2,0,0	S-12 d3+13 d4-1	s11-grammar-subregion-closed
26	124	1	3	5	1	135,9,2,0,0	S-11 d3-8 d4+1 d5+5 ip+1	
26	124	1	5	4	0	135,9,2,0,0	S-11 d3-8 d4+3 d5+4	s11-grammar-subregion-closed
26	124	2	1	6	1	135,9,2,0,0	S-11 d3-7 d4-1 d5+6 ip+1	
26	124	2	3	4	3	135,9,2,0,0	S-11 d3-7 d4+1 d5+4 ip+3	
26	124	2	5	3	2	135,9,2,0,0	S-11 d3-7 d4+3 d5+3 ip+2	
26	124	2	7	2	1	135,9,2,0,0	S-11 d3-7 d4+5 d5+2 ip+1	
26	124	2	9	1	0	135,9,2,0,0	S-11 d3-7 d4+7 d5+1	s11-grammar-subregion-closed
26	124	3	1	5	3	135,9,2,0,0	S-11 d3-6 d4-1 d5+5 ip+3	
26	124	3	3	3	5	135,9,2,0,0	S-11 d3-6 d4+1 d5+3 ip+5	
26	124	3	5	2	4	135,9,2,0,0	S-11 d3-6 d4+3 d5+2 ip+4	
26	124	3	7	1	3	135,9,2,0,0	S-11 d3-6 d4+5 d5+1 ip+3	
26	124	3	9	0	2	135,9,2,0,0	S-11 d3-6 d4+7 ip+2	
26	124	4	1	4	5	135,9,2,0,0	S-11 d3-5 d4-1 d5+4 ip+5	
26	124	4	3	2	7	135,9,2,0,0	S-11 d3-5 d4+1 d5+2 ip+7	
26	124	4	5	1	6	135,9,2,0,0	S-11 d3-5 d4+3 d5+1 ip+6	
26	124	4	7	0	5	135,9,2,0,0	S-11 d3-5 d4+5 ip+5	
26	124	5	1	3	7	135,9,2,0,0	S-11 d3-4 d4-1 d5+3 ip+7	
26	124	5	3	1	9	135,9,2,0,0	S-11 d3-4 d4+1 d5+1 ip+9	
26	124	5	5	0	8	135,9,2,0,0	S-11 d3-4 d4+3 ip+8	
26	124	6	1	2	9	135,9,2,0,0	S-11 d3-3 d4-1 d5+2 ip+9	
26	124	6	3	0	11	135,9,2,0,0	S-11 d3-3 d4+1 ip+11	
26	124	7	1	1	11	135,9,2,0,0	S-11 d3-2 d4-1 d5+1 ip+11	
26	124	8	1	0	13	135,9,2,0,0	S-11 d3-1 d4-1 ip+13	
26	125	0	3	5	1	135,9,2,0,0	S-10 d3-9 d4+1 d5+5 ip+1	
26	125	0	5	4	0	135,9,2,0,0	S-10 d3-9 d4+3 d5+4	s11-grammar-subregion-closed
26	125	1	1	6	1	135,9,2,0,0	S-10 d3-8 d4-1 d5+6 ip+1	
26	125	1	3	4	3	135,9,2,0,0	S-10 d3-8 d4+1 d5+4 ip+3	
26	125	1	5	3	2	135,9,2,0,0	S-10 d3-8 d4+3 d5+3 ip+2	
26	125	1	7	2	1	135,9,2,0,0	S-10 d3-8 d4+5 d5+2 ip+1	
26	125	1	9	1	0	135,9,2,0,0	S-10 d3-8 d4+7 d5+1	s11-grammar-subregion-closed
26	125	2	1	5	3	135,9,2,0,0	S-10 d3-7 d4-1 d5+5 ip+3	
26	125	2	3	3	5	135,9,2,0,0	S-10 d3-7 d4+1 d5+3 ip+5	
26	125	2	5	2	4	135,9,2,0,0	S-10 d3-7 d4+3 d5+2 ip+4	
26	125	2	7	1	3	135,9,2,0,0	S-10 d3-7 d4+5 d5+1 ip+3	
26	125	2	9	0	2	135,9,2,0,0	S-10 d3-7 d4+7 ip+2	
26	125	3	1	4	5	135,9,2,0,0	S-10 d3-6 d4-1 d5+4 ip+5	
26	125	3	3	2	7	135,9,2,0,0	S-10 d3-6 d4+1 d5+2 ip+7	
26	125	3	5	1	6	135,9,2,0,0	S-10 d3-6 d4+3 d5+1 ip+6	
26	125	3	7	0	5	135,9,2,0,0	S-10 d3-6 d4+5 ip+5	
26	125	4	1	3	7	135,9,2,0,0	S-10 d3-5 d4-1 d5+3 ip+7	
26	125	4	3	1	9	135,9,2,0,0	S-10 d3-5 d4+1 d5+1 ip+9	
26	125	4	5	0	8	135,9,2,0,0	S-10 d3-5 d4+3 ip+8	
26	125	5	1	2	9	135,9,2,0,0	S-10 d3-4 d4-1 d5+2 ip+9	
26	125	5	3	0	11	135,9,2,0,0	S-10 d3-4 d4+1 ip+11	
26	125	6	1	1	11	135,9,2,0,0	S-10 d3-3 d4-1 d5+1 ip+11	
26	125	7	1	0	13	135,9,2,0,0	S-10 d3-2 d4-1 ip+13	
26	126	0	1	6	1	135,9,2,0,0	S-9 d3-9 d4-1 d5+6 ip+1	
26	126	0	3	4	3	135,9,2,0,0	S-9 d3-9 d4+1 d5+4 ip+3	
26	126	0	5	3	2	135,9,2,0,0	S-9 d3-9 d4+3 d5+3 ip+2	
26	126	0	7	2	1	135,9,2,0,0	S-9 d3-9 d4+5 d5+2 ip+1	
26	126	0	9	1	0	135,9,2,0,0	S-9 d3-9 d4+7 d5+1	s11-grammar-subregion-closed
26	126	1	1	5	3	135,9,2,0,0	S-9 d3-8 d4-1 d5+5 ip+3	
26	126	1	3	3	5	135,9,2,0,0	S-9 d3-8 d4+1 d5+3 ip+5	
26	126	1	5	2	4	135,9,2,0,0	S-9 d3-8 d4+3 d5+2 ip+4	
26	126	1	7	1	3	135,9,2,0,0	S-9 d3-8 d4+5 d5+1 ip+3	
26	126	1	9	0	2	135,9,2,0,0	S-9 d3-8 d4+7 ip+2	
26	126	2	1	4	5	135,9,2,0,0	S-9 d3-7 d4-1 d5+4 ip+5	
26	126	2	3	2	7	135,9,2,0,0	S-9 d3-7 d4+1 d5+2 ip+7	
26	126	2	5	1	6	135,9,2,0,0	S-9 d3-7 d4+3 d5+1 ip+6	
26	126	2	7	0	5	135,9,2,0,0	S-9 d3-7 d4+5 ip+5	
26	126	3	1	3	7	135,9,2,0,0	S-9 d3-6 d4-1 d5+3 ip+7	
26	126	3	3	1	9	135,9,2,0,0	S-9 d3-6 d4+1 d5+1 ip+9	
26	126	3	5	0	8	135,9,2,0,0	S-9 d3-6 d4+3 ip+8	
26	126	4	1	2	9	135,9,2,0,0	S-9 d3-5 d4-1 d5+2 ip+9	
26	126	4	3	0	11	135,9,2,0,0	S-9 d3-5 d4+1 ip+11	
26	126	5	1	1	11	135,9,2,0,0	S-9 d3-4 d4-1 d5+1 ip+11	
26	126	6	1	0	13	135,9,2,0,0	S-9 d3-3 d4-1 ip+13	
26	127	0	1	5	3	135,9,2,0,0	S-8 d3-9 d4-1 d5+5 ip+3	
26	127	0	3	3	5	135,9,2,0,0	S-8 d3-9 d4+1 d5+3 ip+5	
26	127	0	5	2	4	135,9,2,0,0	S-8 d3-9 d4+3 d5+2 ip+4	
26	127	0	7	1	3	135,9,2,0,0	S-8 d3-9 d4+5 d5+1 ip+3	
26	127	0	9	0	2	135,9,2,0,0	S-8 d3-9 d4+7 ip+2	
26	127	1	1	4	5	135,9,2,0,0	S-8 d3-8 d4-1 d5+4 ip+5	
26	127	1	3	2	7	135,9,2,0,0	S-8 d3-8 d4+1 d5+2 ip+7	
26	127	1	5	1	6	135,9,2,0,0	S-8 d3-8 d4+3 d5+1 ip+6	
26	127	1	7	0	5	135,9,2,0,0	S-8 d3-8 d4+5 ip+5	
26	127	2	1	3	7	135,9,2,0,0	S-8 d3-7 d4-1 d5+3 ip+7	
26	127	2	3	1	9	135,9,2,0,0	S-8 d3-7 d4+1 d5+1 ip+9	
26	127	2	5	0	8	135,9,2,0,0	S-8 d3-7 d4+3 ip+8	
26	127	3	1	2	9	135,9,2,0,0	S-8 d3-6 d4-1 d5+2 ip+9	
26	127	3	3	0	11	135,9,2,0,0	S-8 d3-6 d4+1 ip+11	
26	127	4	1	1	11	135,9,2,0,0	S-8 d3-5 d4-1 d5+1 ip+11	
26	127	5	1	0	13	135,9,2,0,0	S-8 d3-4 d4-1 ip+13	
26	128	0	1	4	5	135,9,2,0,0	S-7 d3-9 d4-1 d5+4 ip+5	
26	128	0	3	2	7	135,9,2,0,0	S-7 d3-9 d4+1 d5+2 ip+7	
26	128	0	5	1	6	135,9,2,0,0	S-7 d3-9 d4+3 d5+1 ip+6	
26	128	0	7	0	5	135,9,2,0,0	S-7 d3-9 d4+5 ip+5	
26	128	1	1	3	7	135,9,2,0,0	S-7 d3-8 d4-1 d5+3 ip+7	
26	128	1	3	1	9	135,9,2,0,0	S-7 d3-8 d4+1 d5+1 ip+9	
26	128	1	5	0	8	135,9,2,0,0	S-7 d3-8 d4+3 ip+8	
26	128	2	1	2	9	135,9,2,0,0	S-7 d3-7 d4-1 d5+2 ip+9	
26	128	2	3	0	11	135,9,2,0,0	S-7 d3-7 d4+1 ip+11	
26	128	3	1	1	11	135,9,2,0,0	S-7 d3-6 d4-1 d5+1 ip+11	
26	128	4	1	0	13	135,9,2,0,0	S-7 d3-5 d4-1 ip+13	
26	129	0	1	3	7	135,9,2,0,0	S-6 d3-9 d4-1 d5+3 ip+7	
26	129	0	3	1	9	135,9,2,0,0	S-6 d3-9 d4+1 d5+1 ip+9	
26	129	0	5	0	8	135,9,2,0,0	S-6 d3-9 d4+3 ip+8	
26	129	1	1	2	9	135,9,2,0,0	S-6 d3-8 d4-1 d5+2 ip+9	
26	129	1	3	0	11	135,9,2,0,0	S-6 d3-8 d4+1 ip+11	
26	129	2	1	1	11	135,9,2,0,0	S-6 d3-7 d4-1 d5+1 ip+11	
26	129	3	1	0	13	135,9,2,0,0	S-6 d3-6 d4-1 ip+13	
26	130	0	1	2	9	135,9,2,0,0	S-5 d3-9 d4-1 d5+2 ip+9	
26	130	0	3	0	11	135,9,2,0,0	S-5 d3-9 d4+1 ip+11	
26	130	1	1	1	11	135,9,2,0,0	S-5 d3-8 d4-1 d5+1 ip+11	
26	130	2	1	0	13	135,9,2,0,0	S-5 d3-7 d4-1 ip+13	
26	131	0	1	1	11	135,9,2,0,0	S-4 d3-9 d4-1 d5+1 ip+11	
26	131	1	1	0	13	135,9,2,0,0	S-4 d3-8 d4-1 ip+13	
26	132	0	1	0	13	135,9,2,0,0	S-3 d3-9 d4-1 ip+13	
27	120	4	4	5	0	135,9,2,0,0	S-15 d3-5 d4+2 d5+5	s11-grammar-subregion-closed;perfect-ride-family(ATSP-closable)
27	120	5	8	2	0	135,9,2,0,0	S-15 d3-4 d4+6 d5+2	s11-grammar-subregion-closed;perfect-ride-family(ATSP-closable)
27	120	6	0	7	0	135,9,2,0,0	S-15 d3-3 d4-2 d5+7	s11-grammar-subregion-closed;perfect-ride-family(ATSP-closable)
27	120	15	0	4	0	135,9,2,0,0	S-15 d3+6 d4-2 d5+4	s11-grammar-subregion-closed;perfect-ride-family(ATSP-closable)
27	120	19	4	0	0	135,9,2,0,0	S-15 d3+10 d4+2	s11-grammar-subregion-closed;perfect-ride-family(ATSP-closable)
27	120	20	2	1	0	135,9,2,0,0	S-15 d3+11 d5+1	s11-grammar-subregion-closed;perfect-ride-family(ATSP-closable)
27	121	3	2	6	1	135,9,2,0,0	S-14 d3-6 d5+6 ip+1	
27	121	3	4	5	0	135,9,2,0,0	S-14 d3-6 d4+2 d5+5	s11-grammar-subregion-closed
27	121	4	2	5	3	135,9,2,0,0	S-14 d3-5 d5+5 ip+3	
27	121	4	4	4	2	135,9,2,0,0	S-14 d3-5 d4+2 d5+4 ip+2	
27	121	4	6	3	1	135,9,2,0,0	S-14 d3-5 d4+4 d5+3 ip+1	
27	121	4	8	2	0	135,9,2,0,0	S-14 d3-5 d4+6 d5+2	s11-grammar-subregion-closed
27	121	5	0	7	0	135,9,2,0,0	S-14 d3-4 d4-2 d5+7	s11-grammar-subregion-closed
27	121	5	4	3	4	135,9,2,0,0	S-14 d3-4 d4+2 d5+3 ip+4	
27	121	5	6	2	3	135,9,2,0,0	S-14 d3-4 d4+4 d5+2 ip+3	
27	121	5	8	1	2	135,9,2,0,0	S-14 d3-4 d4+6 d5+1 ip+2	
27	121	5	10	0	1	135,9,2,0,0	S-14 d3-4 d4+8 ip+1	
27	121	6	0	6	2	135,9,2,0,0	S-14 d3-3 d4-2 d5+6 ip+2	
27	121	6	8	0	4	135,9,2,0,0	S-14 d3-3 d4+6 ip+4	
27	121	7	0	5	4	135,9,2,0,0	S-14 d3-2 d4-2 d5+5 ip+4	
27	121	13	0	3	4	135,9,2,0,0	S-14 d3+4 d4-2 d5+3 ip+4	
27	121	14	0	3	3	135,9,2,0,0	S-14 d3+5 d4-2 d5+3 ip+3	
27	121	15	0	3	2	135,9,2,0,0	S-14 d3+6 d4-2 d5+3 ip+2	
27	121	16	0	3	1	135,9,2,0,0	S-14 d3+7 d4-2 d5+3 ip+1	
27	121	17	0	3	0	135,9,2,0,0	S-14 d3+8 d4-2 d5+3	s11-grammar-subregion-closed
27	121	18	2	0	4	135,9,2,0,0	S-14 d3+9 ip+4	
27	121	19	2	0	3	135,9,2,0,0	S-14 d3+10 ip+3	
27	121	20	2	0	2	135,9,2,0,0	S-14 d3+11 ip+2	
27	121	21	2	0	1	135,9,2,0,0	S-14 d3+12 ip+1	
27	121	22	2	0	0	135,9,2,0,0	S-14 d3+13	s11-grammar-subregion-closed
27	122	2	2	6	1	135,9,2,0,0	S-13 d3-7 d5+6 ip+1	
27	122	2	4	5	0	135,9,2,0,0	S-13 d3-7 d4+2 d5+5	s11-grammar-subregion-closed
27	122	3	2	5	3	135,9,2,0,0	S-13 d3-6 d5+5 ip+3	
27	122	3	4	4	2	135,9,2,0,0	S-13 d3-6 d4+2 d5+4 ip+2	
27	122	3	6	3	1	135,9,2,0,0	S-13 d3-6 d4+4 d5+3 ip+1	
27	122	3	8	2	0	135,9,2,0,0	S-13 d3-6 d4+6 d5+2	s11-grammar-subregion-closed
27	122	4	0	7	0	135,9,2,0,0	S-13 d3-5 d4-2 d5+7	s11-grammar-subregion-closed
27	122	4	2	4	5	135,9,2,0,0	S-13 d3-5 d5+4 ip+5	
27	122	4	4	3	4	135,9,2,0,0	S-13 d3-5 d4+2 d5+3 ip+4	
27	122	4	6	2	3	135,9,2,0,0	S-13 d3-5 d4+4 d5+2 ip+3	
27	122	4	8	1	2	135,9,2,0,0	S-13 d3-5 d4+6 d5+1 ip+2	
27	122	4	10	0	1	135,9,2,0,0	S-13 d3-5 d4+8 ip+1	
27	122	5	0	6	2	135,9,2,0,0	S-13 d3-4 d4-2 d5+6 ip+2	
27	122	5	2	3	7	135,9,2,0,0	S-13 d3-4 d5+3 ip+7	
27	122	5	4	2	6	135,9,2,0,0	S-13 d3-4 d4+2 d5+2 ip+6	
27	122	5	6	1	5	135,9,2,0,0	S-13 d3-4 d4+4 d5+1 ip+5	
27	122	5	8	0	4	135,9,2,0,0	S-13 d3-4 d4+6 ip+4	
27	122	6	0	5	4	135,9,2,0,0	S-13 d3-3 d4-2 d5+5 ip+4	
27	122	6	4	1	8	135,9,2,0,0	S-13 d3-3 d4+2 d5+1 ip+8	
27	122	6	6	0	7	135,9,2,0,0	S-13 d3-3 d4+4 ip+7	
27	122	7	0	4	6	135,9,2,0,0	S-13 d3-2 d4-2 d5+4 ip+6	
27	122	8	0	3	8	135,9,2,0,0	S-13 d3-1 d4-2 d5+3 ip+8	
27	122	11	0	2	8	135,9,2,0,0	S-13 d3+2 d4-2 d5+2 ip+8	
27	122	12	0	2	7	135,9,2,0,0	S-13 d3+3 d4-2 d5+2 ip+7	
27	122	13	0	2	6	135,9,2,0,0	S-13 d3+4 d4-2 d5+2 ip+6	
27	122	14	0	2	5	135,9,2,0,0	S-13 d3+5 d4-2 d5+2 ip+5	
27	122	15	0	2	4	135,9,2,0,0	S-13 d3+6 d4-2 d5+2 ip+4	
27	122	16	0	2	3	135,9,2,0,0	S-13 d3+7 d4-2 d5+2 ip+3	
27	122	17	0	2	2	135,9,2,0,0	S-13 d3+8 d4-2 d5+2 ip+2	
27	122	18	0	2	1	135,9,2,0,0	S-13 d3+9 d4-2 d5+2 ip+1	
27	122	19	0	2	0	135,9,2,0,0	S-13 d3+10 d4-2 d5+2	s11-grammar-subregion-closed
27	123	1	2	6	1	135,9,2,0,0	S-12 d3-8 d5+6 ip+1	
27	123	1	4	5	0	135,9,2,0,0	S-12 d3-8 d4+2 d5+5	s11-grammar-subregion-closed
27	123	2	2	5	3	135,9,2,0,0	S-12 d3-7 d5+5 ip+3	
27	123	2	4	4	2	135,9,2,0,0	S-12 d3-7 d4+2 d5+4 ip+2	
27	123	2	6	3	1	135,9,2,0,0	S-12 d3-7 d4+4 d5+3 ip+1	
27	123	2	8	2	0	135,9,2,0,0	S-12 d3-7 d4+6 d5+2	s11-grammar-subregion-closed
27	123	3	0	7	0	135,9,2,0,0	S-12 d3-6 d4-2 d5+7	s11-grammar-subregion-closed
27	123	3	2	4	5	135,9,2,0,0	S-12 d3-6 d5+4 ip+5	
27	123	3	4	3	4	135,9,2,0,0	S-12 d3-6 d4+2 d5+3 ip+4	
27	123	3	6	2	3	135,9,2,0,0	S-12 d3-6 d4+4 d5+2 ip+3	
27	123	3	8	1	2	135,9,2,0,0	S-12 d3-6 d4+6 d5+1 ip+2	
27	123	3	10	0	1	135,9,2,0,0	S-12 d3-6 d4+8 ip+1	
27	123	4	0	6	2	135,9,2,0,0	S-12 d3-5 d4-2 d5+6 ip+2	
27	123	4	2	3	7	135,9,2,0,0	S-12 d3-5 d5+3 ip+7	
27	123	4	4	2	6	135,9,2,0,0	S-12 d3-5 d4+2 d5+2 ip+6	
27	123	4	6	1	5	135,9,2,0,0	S-12 d3-5 d4+4 d5+1 ip+5	
27	123	4	8	0	4	135,9,2,0,0	S-12 d3-5 d4+6 ip+4	
27	123	5	0	5	4	135,9,2,0,0	S-12 d3-4 d4-2 d5+5 ip+4	
27	123	5	2	2	9	135,9,2,0,0	S-12 d3-4 d5+2 ip+9	
27	123	5	4	1	8	135,9,2,0,0	S-12 d3-4 d4+2 d5+1 ip+8	
27	123	5	6	0	7	135,9,2,0,0	S-12 d3-4 d4+4 ip+7	
27	123	6	0	4	6	135,9,2,0,0	S-12 d3-3 d4-2 d5+4 ip+6	
27	123	6	2	1	11	135,9,2,0,0	S-12 d3-3 d5+1 ip+11	
27	123	6	4	0	10	135,9,2,0,0	S-12 d3-3 d4+2 ip+10	
27	123	7	0	3	8	135,9,2,0,0	S-12 d3-2 d4-2 d5+3 ip+8	
27	123	8	0	2	10	135,9,2,0,0	S-12 d3-1 d4-2 d5+2 ip+10	
27	123	9	0	1	12	135,9,2,0,0	S-12 d4-2 d5+1 ip+12	
27	123	10	0	1	11	135,9,2,0,0	S-12 d3+1 d4-2 d5+1 ip+11	
27	123	11	0	1	10	135,9,2,0,0	S-12 d3+2 d4-2 d5+1 ip+10	
27	123	12	0	1	9	135,9,2,0,0	S-12 d3+3 d4-2 d5+1 ip+9	
27	123	13	0	1	8	135,9,2,0,0	S-12 d3+4 d4-2 d5+1 ip+8	
27	123	14	0	1	7	135,9,2,0,0	S-12 d3+5 d4-2 d5+1 ip+7	
27	123	15	0	1	6	135,9,2,0,0	S-12 d3+6 d4-2 d5+1 ip+6	
27	123	16	0	1	5	135,9,2,0,0	S-12 d3+7 d4-2 d5+1 ip+5	
27	123	17	0	1	4	135,9,2,0,0	S-12 d3+8 d4-2 d5+1 ip+4	
27	123	18	0	1	3	135,9,2,0,0	S-12 d3+9 d4-2 d5+1 ip+3	
27	123	19	0	1	2	135,9,2,0,0	S-12 d3+10 d4-2 d5+1 ip+2	
27	123	20	0	1	1	135,9,2,0,0	S-12 d3+11 d4-2 d5+1 ip+1	
27	123	21	0	1	0	135,9,2,0,0	S-12 d3+12 d4-2 d5+1	s11-grammar-subregion-closed
27	124	0	2	6	1	135,9,2,0,0	S-11 d3-9 d5+6 ip+1	
27	124	0	4	5	0	135,9,2,0,0	S-11 d3-9 d4+2 d5+5	s11-grammar-subregion-closed
27	124	1	2	5	3	135,9,2,0,0	S-11 d3-8 d5+5 ip+3	
27	124	1	4	4	2	135,9,2,0,0	S-11 d3-8 d4+2 d5+4 ip+2	
27	124	1	6	3	1	135,9,2,0,0	S-11 d3-8 d4+4 d5+3 ip+1	
27	124	1	8	2	0	135,9,2,0,0	S-11 d3-8 d4+6 d5+2	s11-grammar-subregion-closed
27	124	2	0	7	0	135,9,2,0,0	S-11 d3-7 d4-2 d5+7	s11-grammar-subregion-closed
27	124	2	2	4	5	135,9,2,0,0	S-11 d3-7 d5+4 ip+5	
27	124	2	4	3	4	135,9,2,0,0	S-11 d3-7 d4+2 d5+3 ip+4	
27	124	2	6	2	3	135,9,2,0,0	S-11 d3-7 d4+4 d5+2 ip+3	
27	124	2	8	1	2	135,9,2,0,0	S-11 d3-7 d4+6 d5+1 ip+2	
27	124	2	10	0	1	135,9,2,0,0	S-11 d3-7 d4+8 ip+1	
27	124	3	0	6	2	135,9,2,0,0	S-11 d3-6 d4-2 d5+6 ip+2	
27	124	3	2	3	7	135,9,2,0,0	S-11 d3-6 d5+3 ip+7	
27	124	3	4	2	6	135,9,2,0,0	S-11 d3-6 d4+2 d5+2 ip+6	
27	124	3	6	1	5	135,9,2,0,0	S-11 d3-6 d4+4 d5+1 ip+5	
27	124	3	8	0	4	135,9,2,0,0	S-11 d3-6 d4+6 ip+4	
27	124	4	0	5	4	135,9,2,0,0	S-11 d3-5 d4-2 d5+5 ip+4	
27	124	4	2	2	9	135,9,2,0,0	S-11 d3-5 d5+2 ip+9	
27	124	4	4	1	8	135,9,2,0,0	S-11 d3-5 d4+2 d5+1 ip+8	
27	124	4	6	0	7	135,9,2,0,0	S-11 d3-5 d4+4 ip+7	
27	124	5	0	4	6	135,9,2,0,0	S-11 d3-4 d4-2 d5+4 ip+6	
27	124	5	2	1	11	135,9,2,0,0	S-11 d3-4 d5+1 ip+11	
27	124	5	4	0	10	135,9,2,0,0	S-11 d3-4 d4+2 ip+10	
27	124	6	0	3	8	135,9,2,0,0	S-11 d3-3 d4-2 d5+3 ip+8	
27	124	6	2	0	13	135,9,2,0,0	S-11 d3-3 ip+13	
27	124	7	0	2	10	135,9,2,0,0	S-11 d3-2 d4-2 d5+2 ip+10	
27	124	8	0	1	12	135,9,2,0,0	S-11 d3-1 d4-2 d5+1 ip+12	
27	124	9	0	0	14	135,9,2,0,0	S-11 d4-2 ip+14	
27	124	10	0	0	13	135,9,2,0,0	S-11 d3+1 d4-2 ip+13	
27	124	11	0	0	12	135,9,2,0,0	S-11 d3+2 d4-2 ip+12	
27	124	12	0	0	11	135,9,2,0,0	S-11 d3+3 d4-2 ip+11	
27	124	13	0	0	10	135,9,2,0,0	S-11 d3+4 d4-2 ip+10	
27	124	14	0	0	9	135,9,2,0,0	S-11 d3+5 d4-2 ip+9	
27	124	15	0	0	8	135,9,2,0,0	S-11 d3+6 d4-2 ip+8	
27	124	16	0	0	7	135,9,2,0,0	S-11 d3+7 d4-2 ip+7	
27	124	17	0	0	6	135,9,2,0,0	S-11 d3+8 d4-2 ip+6	
27	124	18	0	0	5	135,9,2,0,0	S-11 d3+9 d4-2 ip+5	
27	124	19	0	0	4	135,9,2,0,0	S-11 d3+10 d4-2 ip+4	
27	124	20	0	0	3	135,9,2,0,0	S-11 d3+11 d4-2 ip+3	
27	124	21	0	0	2	135,9,2,0,0	S-11 d3+12 d4-2 ip+2	
27	124	22	0	0	1	135,9,2,0,0	S-11 d3+13 d4-2 ip+1	
27	124	23	0	0	0	135,9,2,0,0	S-11 d3+14 d4-2	s11-grammar-subregion-closed
27	125	0	2	5	3	135,9,2,0,0	S-10 d3-9 d5+5 ip+3	
27	125	0	4	4	2	135,9,2,0,0	S-10 d3-9 d4+2 d5+4 ip+2	
27	125	0	6	3	1	135,9,2,0,0	S-10 d3-9 d4+4 d5+3 ip+1	
27	125	0	8	2	0	135,9,2,0,0	S-10 d3-9 d4+6 d5+2	s11-grammar-subregion-closed
27	125	1	0	7	0	135,9,2,0,0	S-10 d3-8 d4-2 d5+7	s11-grammar-subregion-closed
27	125	1	2	4	5	135,9,2,0,0	S-10 d3-8 d5+4 ip+5	
27	125	1	4	3	4	135,9,2,0,0	S-10 d3-8 d4+2 d5+3 ip+4	
27	125	1	6	2	3	135,9,2,0,0	S-10 d3-8 d4+4 d5+2 ip+3	
27	125	1	8	1	2	135,9,2,0,0	S-10 d3-8 d4+6 d5+1 ip+2	
27	125	1	10	0	1	135,9,2,0,0	S-10 d3-8 d4+8 ip+1	
27	125	2	0	6	2	135,9,2,0,0	S-10 d3-7 d4-2 d5+6 ip+2	
27	125	2	2	3	7	135,9,2,0,0	S-10 d3-7 d5+3 ip+7	
27	125	2	4	2	6	135,9,2,0,0	S-10 d3-7 d4+2 d5+2 ip+6	
27	125	2	6	1	5	135,9,2,0,0	S-10 d3-7 d4+4 d5+1 ip+5	
27	125	2	8	0	4	135,9,2,0,0	S-10 d3-7 d4+6 ip+4	
27	125	3	0	5	4	135,9,2,0,0	S-10 d3-6 d4-2 d5+5 ip+4	
27	125	3	2	2	9	135,9,2,0,0	S-10 d3-6 d5+2 ip+9	
27	125	3	4	1	8	135,9,2,0,0	S-10 d3-6 d4+2 d5+1 ip+8	
27	125	3	6	0	7	135,9,2,0,0	S-10 d3-6 d4+4 ip+7	
27	125	4	0	4	6	135,9,2,0,0	S-10 d3-5 d4-2 d5+4 ip+6	
27	125	4	2	1	11	135,9,2,0,0	S-10 d3-5 d5+1 ip+11	
27	125	4	4	0	10	135,9,2,0,0	S-10 d3-5 d4+2 ip+10	
27	125	5	0	3	8	135,9,2,0,0	S-10 d3-4 d4-2 d5+3 ip+8	
27	125	5	2	0	13	135,9,2,0,0	S-10 d3-4 ip+13	
27	125	6	0	2	10	135,9,2,0,0	S-10 d3-3 d4-2 d5+2 ip+10	
27	125	7	0	1	12	135,9,2,0,0	S-10 d3-2 d4-2 d5+1 ip+12	
27	125	8	0	0	14	135,9,2,0,0	S-10 d3-1 d4-2 ip+14	
27	126	0	0	7	0	135,9,2,0,0	S-9 d3-9 d4-2 d5+7	s11-grammar-subregion-closed
27	126	0	2	4	5	135,9,2,0,0	S-9 d3-9 d5+4 ip+5	
27	126	0	4	3	4	135,9,2,0,0	S-9 d3-9 d4+2 d5+3 ip+4	
27	126	0	6	2	3	135,9,2,0,0	S-9 d3-9 d4+4 d5+2 ip+3	
27	126	0	8	1	2	135,9,2,0,0	S-9 d3-9 d4+6 d5+1 ip+2	
27	126	0	10	0	1	135,9,2,0,0	S-9 d3-9 d4+8 ip+1	
27	126	1	0	6	2	135,9,2,0,0	S-9 d3-8 d4-2 d5+6 ip+2	
27	126	1	2	3	7	135,9,2,0,0	S-9 d3-8 d5+3 ip+7	
27	126	1	4	2	6	135,9,2,0,0	S-9 d3-8 d4+2 d5+2 ip+6	
27	126	1	6	1	5	135,9,2,0,0	S-9 d3-8 d4+4 d5+1 ip+5	
27	126	1	8	0	4	135,9,2,0,0	S-9 d3-8 d4+6 ip+4	
27	126	2	0	5	4	135,9,2,0,0	S-9 d3-7 d4-2 d5+5 ip+4	
27	126	2	2	2	9	135,9,2,0,0	S-9 d3-7 d5+2 ip+9	
27	126	2	4	1	8	135,9,2,0,0	S-9 d3-7 d4+2 d5+1 ip+8	
27	126	2	6	0	7	135,9,2,0,0	S-9 d3-7 d4+4 ip+7	
27	126	3	0	4	6	135,9,2,0,0	S-9 d3-6 d4-2 d5+4 ip+6	
27	126	3	2	1	11	135,9,2,0,0	S-9 d3-6 d5+1 ip+11	
27	126	3	4	0	10	135,9,2,0,0	S-9 d3-6 d4+2 ip+10	
27	126	4	0	3	8	135,9,2,0,0	S-9 d3-5 d4-2 d5+3 ip+8	
27	126	4	2	0	13	135,9,2,0,0	S-9 d3-5 ip+13	
27	126	5	0	2	10	135,9,2,0,0	S-9 d3-4 d4-2 d5+2 ip+10	
27	126	6	0	1	12	135,9,2,0,0	S-9 d3-3 d4-2 d5+1 ip+12	
27	126	7	0	0	14	135,9,2,0,0	S-9 d3-2 d4-2 ip+14	
27	127	0	0	6	2	135,9,2,0,0	S-8 d3-9 d4-2 d5+6 ip+2	
27	127	0	2	3	7	135,9,2,0,0	S-8 d3-9 d5+3 ip+7	
27	127	0	4	2	6	135,9,2,0,0	S-8 d3-9 d4+2 d5+2 ip+6	
27	127	0	6	1	5	135,9,2,0,0	S-8 d3-9 d4+4 d5+1 ip+5	
27	127	0	8	0	4	135,9,2,0,0	S-8 d3-9 d4+6 ip+4	
27	127	1	0	5	4	135,9,2,0,0	S-8 d3-8 d4-2 d5+5 ip+4	
27	127	1	2	2	9	135,9,2,0,0	S-8 d3-8 d5+2 ip+9	
27	127	1	4	1	8	135,9,2,0,0	S-8 d3-8 d4+2 d5+1 ip+8	
27	127	1	6	0	7	135,9,2,0,0	S-8 d3-8 d4+4 ip+7	
27	127	2	0	4	6	135,9,2,0,0	S-8 d3-7 d4-2 d5+4 ip+6	
27	127	2	2	1	11	135,9,2,0,0	S-8 d3-7 d5+1 ip+11	
27	127	2	4	0	10	135,9,2,0,0	S-8 d3-7 d4+2 ip+10	
27	127	3	0	3	8	135,9,2,0,0	S-8 d3-6 d4-2 d5+3 ip+8	
27	127	3	2	0	13	135,9,2,0,0	S-8 d3-6 ip+13	
27	127	4	0	2	10	135,9,2,0,0	S-8 d3-5 d4-2 d5+2 ip+10	
27	127	5	0	1	12	135,9,2,0,0	S-8 d3-4 d4-2 d5+1 ip+12	
27	127	6	0	0	14	135,9,2,0,0	S-8 d3-3 d4-2 ip+14	
27	128	0	0	5	4	135,9,2,0,0	S-7 d3-9 d4-2 d5+5 ip+4	
27	128	0	2	2	9	135,9,2,0,0	S-7 d3-9 d5+2 ip+9	
27	128	0	4	1	8	135,9,2,0,0	S-7 d3-9 d4+2 d5+1 ip+8	
27	128	0	6	0	7	135,9,2,0,0	S-7 d3-9 d4+4 ip+7	
27	128	1	0	4	6	135,9,2,0,0	S-7 d3-8 d4-2 d5+4 ip+6	
27	128	1	2	1	11	135,9,2,0,0	S-7 d3-8 d5+1 ip+11	
27	128	1	4	0	10	135,9,2,0,0	S-7 d3-8 d4+2 ip+10	
27	128	2	0	3	8	135,9,2,0,0	S-7 d3-7 d4-2 d5+3 ip+8	
27	128	2	2	0	13	135,9,2,0,0	S-7 d3-7 ip+13	
27	128	3	0	2	10	135,9,2,0,0	S-7 d3-6 d4-2 d5+2 ip+10	
27	128	4	0	1	12	135,9,2,0,0	S-7 d3-5 d4-2 d5+1 ip+12	
27	128	5	0	0	14	135,9,2,0,0	S-7 d3-4 d4-2 ip+14	
27	129	0	0	4	6	135,9,2,0,0	S-6 d3-9 d4-2 d5+4 ip+6	
27	129	0	2	1	11	135,9,2,0,0	S-6 d3-9 d5+1 ip+11	
27	129	0	4	0	10	135,9,2,0,0	S-6 d3-9 d4+2 ip+10	
27	129	1	0	3	8	135,9,2,0,0	S-6 d3-8 d4-2 d5+3 ip+8	
27	129	1	2	0	13	135,9,2,0,0	S-6 d3-8 ip+13	
27	129	2	0	2	10	135,9,2,0,0	S-6 d3-7 d4-2 d5+2 ip+10	
27	129	3	0	1	12	135,9,2,0,0	S-6 d3-6 d4-2 d5+1 ip+12	
27	129	4	0	0	14	135,9,2,0,0	S-6 d3-5 d4-2 ip+14	
27	130	0	0	3	8	135,9,2,0,0	S-5 d3-9 d4-2 d5+3 ip+8	
27	130	0	2	0	13	135,9,2,0,0	S-5 d3-9 ip+13	
27	130	1	0	2	10	135,9,2,0,0	S-5 d3-8 d4-2 d5+2 ip+10	
27	130	2	0	1	12	135,9,2,0,0	S-5 d3-7 d4-2 d5+1 ip+12	
27	130	3	0	0	14	135,9,2,0,0	S-5 d3-6 d4-2 ip+14	
27	131	0	0	2	10	135,9,2,0,0	S-4 d3-9 d4-2 d5+2 ip+10	
27	131	1	0	1	12	135,9,2,0,0	S-4 d3-8 d4-2 d5+1 ip+12	
27	131	2	0	0	14	135,9,2,0,0	S-4 d3-7 d4-2 ip+14	
27	132	0	0	1	12	135,9,2,0,0	S-3 d3-9 d4-2 d5+1 ip+12	
27	132	1	0	0	14	135,9,2,0,0	S-3 d3-8 d4-2 ip+14	
27	133	0	0	0	14	135,9,2,0,0	S-2 d3-9 d4-2 ip+14	
28	120	3	3	6	0	135,9,2,0,0	S-15 d3-6 d4+1 d5+6	s11-grammar-subregion-closed;perfect-ride-family(ATSP-closable)
28	120	4	1	7	0	135,9,2,0,0	S-15 d3-5 d4-1 d5+7	s11-grammar-subregion-closed;perfect-ride-family(ATSP-closable)
28	120	4	7	3	0	135,9,2,0,0	S-15 d3-5 d4+5 d5+3	s11-grammar-subregion-closed;perfect-ride-family(ATSP-closable)
28	120	5	11	0	0	135,9,2,0,0	S-15 d3-4 d4+9	s11-grammar-subregion-closed;perfect-ride-family(ATSP-closable)
28	120	19	1	2	0	135,9,2,0,0	S-15 d3+10 d4-1 d5+2	s11-grammar-subregion-closed;perfect-ride-family(ATSP-closable)
28	120	21	3	0	0	135,9,2,0,0	S-15 d3+12 d4+1	s11-grammar-subregion-closed;perfect-ride-family(ATSP-closable)
28	121	2	3	6	0	135,9,2,0,0	S-14 d3-7 d4+1 d5+6	s11-grammar-subregion-closed
28	121	3	1	7	0	135,9,2,0,0	S-14 d3-6 d4-1 d5+7	s11-grammar-subregion-closed
28	121	3	3	5	2	135,9,2,0,0	S-14 d3-6 d4+1 d5+5 ip+2	
28	121	3	5	4	1	135,9,2,0,0	S-14 d3-6 d4+3 d5+4 ip+1	
28	121	3	7	3	0	135,9,2,0,0	S-14 d3-6 d4+5 d5+3	s11-grammar-subregion-closed
28	121	4	1	6	2	135,9,2,0,0	S-14 d3-5 d4-1 d5+6 ip+2	
28	121	4	3	4	4	135,9,2,0,0	S-14 d3-5 d4+1 d5+4 ip+4	
28	121	4	5	3	3	135,9,2,0,0	S-14 d3-5 d4+3 d5+3 ip+3	
28	121	4	7	2	2	135,9,2,0,0	S-14 d3-5 d4+5 d5+2 ip+2	
28	121	4	9	1	1	135,9,2,0,0	S-14 d3-5 d4+7 d5+1 ip+1	
28	121	4	11	0	0	135,9,2,0,0	S-14 d3-5 d4+9	s11-grammar-subregion-closed
28	121	5	1	5	4	135,9,2,0,0	S-14 d3-4 d4-1 d5+5 ip+4	
28	121	5	7	1	4	135,9,2,0,0	S-14 d3-4 d4+5 d5+1 ip+4	
28	121	5	9	0	3	135,9,2,0,0	S-14 d3-4 d4+7 ip+3	
28	121	17	1	1	4	135,9,2,0,0	S-14 d3+8 d4-1 d5+1 ip+4	
28	121	18	1	1	3	135,9,2,0,0	S-14 d3+9 d4-1 d5+1 ip+3	
28	121	19	1	1	2	135,9,2,0,0	S-14 d3+10 d4-1 d5+1 ip+2	
28	121	20	1	1	1	135,9,2,0,0	S-14 d3+11 d4-1 d5+1 ip+1	
28	121	21	1	1	0	135,9,2,0,0	S-14 d3+12 d4-1 d5+1	s11-grammar-subregion-closed
28	122	1	3	6	0	135,9,2,0,0	S-13 d3-8 d4+1 d5+6	s11-grammar-subregion-closed
28	122	2	1	7	0	135,9,2,0,0	S-13 d3-7 d4-1 d5+7	s11-grammar-subregion-closed
28	122	2	3	5	2	135,9,2,0,0	S-13 d3-7 d4+1 d5+5 ip+2	
28	122	2	5	4	1	135,9,2,0,0	S-13 d3-7 d4+3 d5+4 ip+1	
28	122	2	7	3	0	135,9,2,0,0	S-13 d3-7 d4+5 d5+3	s11-grammar-subregion-closed
28	122	3	1	6	2	135,9,2,0,0	S-13 d3-6 d4-1 d5+6 ip+2	
28	122	3	3	4	4	135,9,2,0,0	S-13 d3-6 d4+1 d5+4 ip+4	
28	122	3	5	3	3	135,9,2,0,0	S-13 d3-6 d4+3 d5+3 ip+3	
28	122	3	7	2	2	135,9,2,0,0	S-13 d3-6 d4+5 d5+2 ip+2	
28	122	3	9	1	1	135,9,2,0,0	S-13 d3-6 d4+7 d5+1 ip+1	
28	122	3	11	0	0	135,9,2,0,0	S-13 d3-6 d4+9	s11-grammar-subregion-closed
28	122	4	1	5	4	135,9,2,0,0	S-13 d3-5 d4-1 d5+5 ip+4	
28	122	4	3	3	6	135,9,2,0,0	S-13 d3-5 d4+1 d5+3 ip+6	
28	122	4	5	2	5	135,9,2,0,0	S-13 d3-5 d4+3 d5+2 ip+5	
28	122	4	7	1	4	135,9,2,0,0	S-13 d3-5 d4+5 d5+1 ip+4	
28	122	4	9	0	3	135,9,2,0,0	S-13 d3-5 d4+7 ip+3	
28	122	5	1	4	6	135,9,2,0,0	S-13 d3-4 d4-1 d5+4 ip+6	
28	122	5	3	2	8	135,9,2,0,0	S-13 d3-4 d4+1 d5+2 ip+8	
28	122	5	5	1	7	135,9,2,0,0	S-13 d3-4 d4+3 d5+1 ip+7	
28	122	5	7	0	6	135,9,2,0,0	S-13 d3-4 d4+5 ip+6	
28	122	6	1	3	8	135,9,2,0,0	S-13 d3-3 d4-1 d5+3 ip+8	
28	122	15	1	0	8	135,9,2,0,0	S-13 d3+6 d4-1 ip+8	
28	122	16	1	0	7	135,9,2,0,0	S-13 d3+7 d4-1 ip+7	
28	122	17	1	0	6	135,9,2,0,0	S-13 d3+8 d4-1 ip+6	
28	122	18	1	0	5	135,9,2,0,0	S-13 d3+9 d4-1 ip+5	
28	122	19	1	0	4	135,9,2,0,0	S-13 d3+10 d4-1 ip+4	
28	122	20	1	0	3	135,9,2,0,0	S-13 d3+11 d4-1 ip+3	
28	122	21	1	0	2	135,9,2,0,0	S-13 d3+12 d4-1 ip+2	
28	122	22	1	0	1	135,9,2,0,0	S-13 d3+13 d4-1 ip+1	
28	122	23	1	0	0	135,9,2,0,0	S-13 d3+14 d4-1	s11-grammar-subregion-closed
28	123	0	3	6	0	135,9,2,0,0	S-12 d3-9 d4+1 d5+6	s11-grammar-subregion-closed
28	123	1	1	7	0	135,9,2,0,0	S-12 d3-8 d4-1 d5+7	s11-grammar-subregion-closed
28	123	1	3	5	2	135,9,2,0,0	S-12 d3-8 d4+1 d5+5 ip+2	
28	123	1	5	4	1	135,9,2,0,0	S-12 d3-8 d4+3 d5+4 ip+1	
28	123	1	7	3	0	135,9,2,0,0	S-12 d3-8 d4+5 d5+3	s11-grammar-subregion-closed
28	123	2	1	6	2	135,9,2,0,0	S-12 d3-7 d4-1 d5+6 ip+2	
28	123	2	3	4	4	135,9,2,0,0	S-12 d3-7 d4+1 d5+4 ip+4	
28	123	2	5	3	3	135,9,2,0,0	S-12 d3-7 d4+3 d5+3 ip+3	
28	123	2	7	2	2	135,9,2,0,0	S-12 d3-7 d4+5 d5+2 ip+2	
28	123	2	9	1	1	135,9,2,0,0	S-12 d3-7 d4+7 d5+1 ip+1	
28	123	2	11	0	0	135,9,2,0,0	S-12 d3-7 d4+9	s11-grammar-subregion-closed
28	123	3	1	5	4	135,9,2,0,0	S-12 d3-6 d4-1 d5+5 ip+4	
28	123	3	3	3	6	135,9,2,0,0	S-12 d3-6 d4+1 d5+3 ip+6	
28	123	3	5	2	5	135,9,2,0,0	S-12 d3-6 d4+3 d5+2 ip+5	
28	123	3	7	1	4	135,9,2,0,0	S-12 d3-6 d4+5 d5+1 ip+4	
28	123	3	9	0	3	135,9,2,0,0	S-12 d3-6 d4+7 ip+3	
28	123	4	1	4	6	135,9,2,0,0	S-12 d3-5 d4-1 d5+4 ip+6	
28	123	4	3	2	8	135,9,2,0,0	S-12 d3-5 d4+1 d5+2 ip+8	
28	123	4	5	1	7	135,9,2,0,0	S-12 d3-5 d4+3 d5+1 ip+7	
28	123	4	7	0	6	135,9,2,0,0	S-12 d3-5 d4+5 ip+6	
28	123	5	1	3	8	135,9,2,0,0	S-12 d3-4 d4-1 d5+3 ip+8	
28	123	5	3	1	10	135,9,2,0,0	S-12 d3-4 d4+1 d5+1 ip+10	
28	123	5	5	0	9	135,9,2,0,0	S-12 d3-4 d4+3 ip+9	
28	123	6	1	2	10	135,9,2,0,0	S-12 d3-3 d4-1 d5+2 ip+10	
28	123	6	3	0	12	135,9,2,0,0	S-12 d3-3 d4+1 ip+12	
28	123	7	1	1	12	135,9,2,0,0	S-12 d3-2 d4-1 d5+1 ip+12	
28	124	0	1	7	0	135,9,2,0,0	S-11 d3-9 d4-1 d5+7	s11-grammar-subregion-closed
28	124	0	3	5	2	135,9,2,0,0	S-11 d3-9 d4+1 d5+5 ip+2	
28	124	0	5	4	1	135,9,2,0,0	S-11 d3-9 d4+3 d5+4 ip+1	
28	124	0	7	3	0	135,9,2,0,0	S-11 d3-9 d4+5 d5+3	s11-grammar-subregion-closed
28	124	1	1	6	2	135,9,2,0,0	S-11 d3-8 d4-1 d5+6 ip+2	
28	124	1	3	4	4	135,9,2,0,0	S-11 d3-8 d4+1 d5+4 ip+4	
28	124	1	5	3	3	135,9,2,0,0	S-11 d3-8 d4+3 d5+3 ip+3	
28	124	1	7	2	2	135,9,2,0,0	S-11 d3-8 d4+5 d5+2 ip+2	
28	124	1	9	1	1	135,9,2,0,0	S-11 d3-8 d4+7 d5+1 ip+1	
28	124	1	11	0	0	135,9,2,0,0	S-11 d3-8 d4+9	s11-grammar-subregion-closed
28	124	2	1	5	4	135,9,2,0,0	S-11 d3-7 d4-1 d5+5 ip+4	
28	124	2	3	3	6	135,9,2,0,0	S-11 d3-7 d4+1 d5+3 ip+6	
28	124	2	5	2	5	135,9,2,0,0	S-11 d3-7 d4+3 d5+2 ip+5	
28	124	2	7	1	4	135,9,2,0,0	S-11 d3-7 d4+5 d5+1 ip+4	
28	124	2	9	0	3	135,9,2,0,0	S-11 d3-7 d4+7 ip+3	
28	124	3	1	4	6	135,9,2,0,0	S-11 d3-6 d4-1 d5+4 ip+6	
28	124	3	3	2	8	135,9,2,0,0	S-11 d3-6 d4+1 d5+2 ip+8	
28	124	3	5	1	7	135,9,2,0,0	S-11 d3-6 d4+3 d5+1 ip+7	
28	124	3	7	0	6	135,9,2,0,0	S-11 d3-6 d4+5 ip+6	
28	124	4	1	3	8	135,9,2,0,0	S-11 d3-5 d4-1 d5+3 ip+8	
28	124	4	3	1	10	135,9,2,0,0	S-11 d3-5 d4+1 d5+1 ip+10	
28	124	4	5	0	9	135,9,2,0,0	S-11 d3-5 d4+3 ip+9	
28	124	5	1	2	10	135,9,2,0,0	S-11 d3-4 d4-1 d5+2 ip+10	
28	124	5	3	0	12	135,9,2,0,0	S-11 d3-4 d4+1 ip+12	
28	124	6	1	1	12	135,9,2,0,0	S-11 d3-3 d4-1 d5+1 ip+12	
28	124	7	1	0	14	135,9,2,0,0	S-11 d3-2 d4-1 ip+14	
28	125	0	1	6	2	135,9,2,0,0	S-10 d3-9 d4-1 d5+6 ip+2	
28	125	0	3	4	4	135,9,2,0,0	S-10 d3-9 d4+1 d5+4 ip+4	
28	125	0	5	3	3	135,9,2,0,0	S-10 d3-9 d4+3 d5+3 ip+3	
28	125	0	7	2	2	135,9,2,0,0	S-10 d3-9 d4+5 d5+2 ip+2	
28	125	0	9	1	1	135,9,2,0,0	S-10 d3-9 d4+7 d5+1 ip+1	
28	125	0	11	0	0	135,9,2,0,0	S-10 d3-9 d4+9	s11-grammar-subregion-closed
28	125	1	1	5	4	135,9,2,0,0	S-10 d3-8 d4-1 d5+5 ip+4	
28	125	1	3	3	6	135,9,2,0,0	S-10 d3-8 d4+1 d5+3 ip+6	
28	125	1	5	2	5	135,9,2,0,0	S-10 d3-8 d4+3 d5+2 ip+5	
28	125	1	7	1	4	135,9,2,0,0	S-10 d3-8 d4+5 d5+1 ip+4	
28	125	1	9	0	3	135,9,2,0,0	S-10 d3-8 d4+7 ip+3	
28	125	2	1	4	6	135,9,2,0,0	S-10 d3-7 d4-1 d5+4 ip+6	
28	125	2	3	2	8	135,9,2,0,0	S-10 d3-7 d4+1 d5+2 ip+8	
28	125	2	5	1	7	135,9,2,0,0	S-10 d3-7 d4+3 d5+1 ip+7	
28	125	2	7	0	6	135,9,2,0,0	S-10 d3-7 d4+5 ip+6	
28	125	3	1	3	8	135,9,2,0,0	S-10 d3-6 d4-1 d5+3 ip+8	
28	125	3	3	1	10	135,9,2,0,0	S-10 d3-6 d4+1 d5+1 ip+10	
28	125	3	5	0	9	135,9,2,0,0	S-10 d3-6 d4+3 ip+9	
28	125	4	1	2	10	135,9,2,0,0	S-10 d3-5 d4-1 d5+2 ip+10	
28	125	4	3	0	12	135,9,2,0,0	S-10 d3-5 d4+1 ip+12	
28	125	5	1	1	12	135,9,2,0,0	S-10 d3-4 d4-1 d5+1 ip+12	
28	125	6	1	0	14	135,9,2,0,0	S-10 d3-3 d4-1 ip+14	
28	126	0	1	5	4	135,9,2,0,0	S-9 d3-9 d4-1 d5+5 ip+4	
28	126	0	3	3	6	135,9,2,0,0	S-9 d3-9 d4+1 d5+3 ip+6	
28	126	0	5	2	5	135,9,2,0,0	S-9 d3-9 d4+3 d5+2 ip+5	
28	126	0	7	1	4	135,9,2,0,0	S-9 d3-9 d4+5 d5+1 ip+4	
28	126	0	9	0	3	135,9,2,0,0	S-9 d3-9 d4+7 ip+3	
28	126	1	1	4	6	135,9,2,0,0	S-9 d3-8 d4-1 d5+4 ip+6	
28	126	1	3	2	8	135,9,2,0,0	S-9 d3-8 d4+1 d5+2 ip+8	
28	126	1	5	1	7	135,9,2,0,0	S-9 d3-8 d4+3 d5+1 ip+7	
28	126	1	7	0	6	135,9,2,0,0	S-9 d3-8 d4+5 ip+6	
28	126	2	1	3	8	135,9,2,0,0	S-9 d3-7 d4-1 d5+3 ip+8	
28	126	2	3	1	10	135,9,2,0,0	S-9 d3-7 d4+1 d5+1 ip+10	
28	126	2	5	0	9	135,9,2,0,0	S-9 d3-7 d4+3 ip+9	
28	126	3	1	2	10	135,9,2,0,0	S-9 d3-6 d4-1 d5+2 ip+10	
28	126	3	3	0	12	135,9,2,0,0	S-9 d3-6 d4+1 ip+12	
28	126	4	1	1	12	135,9,2,0,0	S-9 d3-5 d4-1 d5+1 ip+12	
28	126	5	1	0	14	135,9,2,0,0	S-9 d3-4 d4-1 ip+14	
28	127	0	1	4	6	135,9,2,0,0	S-8 d3-9 d4-1 d5+4 ip+6	
28	127	0	3	2	8	135,9,2,0,0	S-8 d3-9 d4+1 d5+2 ip+8	
28	127	0	5	1	7	135,9,2,0,0	S-8 d3-9 d4+3 d5+1 ip+7	
28	127	0	7	0	6	135,9,2,0,0	S-8 d3-9 d4+5 ip+6	
28	127	1	1	3	8	135,9,2,0,0	S-8 d3-8 d4-1 d5+3 ip+8	
28	127	1	3	1	10	135,9,2,0,0	S-8 d3-8 d4+1 d5+1 ip+10	
28	127	1	5	0	9	135,9,2,0,0	S-8 d3-8 d4+3 ip+9	
28	127	2	1	2	10	135,9,2,0,0	S-8 d3-7 d4-1 d5+2 ip+10	
28	127	2	3	0	12	135,9,2,0,0	S-8 d3-7 d4+1 ip+12	
28	127	3	1	1	12	135,9,2,0,0	S-8 d3-6 d4-1 d5+1 ip+12	
28	127	4	1	0	14	135,9,2,0,0	S-8 d3-5 d4-1 ip+14	
28	128	0	1	3	8	135,9,2,0,0	S-7 d3-9 d4-1 d5+3 ip+8	
28	128	0	3	1	10	135,9,2,0,0	S-7 d3-9 d4+1 d5+1 ip+10	
28	128	0	5	0	9	135,9,2,0,0	S-7 d3-9 d4+3 ip+9	
28	128	1	1	2	10	135,9,2,0,0	S-7 d3-8 d4-1 d5+2 ip+10	
28	128	1	3	0	12	135,9,2,0,0	S-7 d3-8 d4+1 ip+12	
28	128	2	1	1	12	135,9,2,0,0	S-7 d3-7 d4-1 d5+1 ip+12	
28	128	3	1	0	14	135,9,2,0,0	S-7 d3-6 d4-1 ip+14	
28	129	0	1	2	10	135,9,2,0,0	S-6 d3-9 d4-1 d5+2 ip+10	
28	129	0	3	0	12	135,9,2,0,0	S-6 d3-9 d4+1 ip+12	
28	129	1	1	1	12	135,9,2,0,0	S-6 d3-8 d4-1 d5+1 ip+12	
28	129	2	1	0	14	135,9,2,0,0	S-6 d3-7 d4-1 ip+14	
28	130	0	1	1	12	135,9,2,0,0	S-5 d3-9 d4-1 d5+1 ip+12	
28	130	1	1	0	14	135,9,2,0,0	S-5 d3-8 d4-1 ip+14	
28	131	0	1	0	14	135,9,2,0,0	S-4 d3-9 d4-1 ip+14	
29	120	2	2	7	0	135,9,2,0,0	S-15 d3-7 d5+7	s11-grammar-subregion-closed;perfect-ride-family(ATSP-closable)
29	120	3	6	4	0	135,9,2,0,0	S-15 d3-6 d4+4 d5+4	s11-grammar-subregion-closed;perfect-ride-family(ATSP-closable)
29	120	4	10	1	0	135,9,2,0,0	S-15 d3-5 d4+8 d5+1	s11-grammar-subregion-closed;perfect-ride-family(ATSP-closable)
29	120	18	0	3	0	135,9,2,0,0	S-15 d3+9 d4-2 d5+3	s11-grammar-subregion-closed;perfect-ride-family(ATSP-closable)
29	120	23	2	0	0	135,9,2,0,0	S-15 d3+14	s11-grammar-subregion-closed;perfect-ride-family(ATSP-closable)
29	121	1	2	7	0	135,9,2,0,0	S-14 d3-8 d5+7	s11-grammar-subregion-closed
29	121	2	2	6	2	135,9,2,0,0	S-14 d3-7 d5+6 ip+2	
29	121	2	4	5	1	135,9,2,0,0	S-14 d3-7 d4+2 d5+5 ip+1	
29	121	2	6	4	0	135,9,2,0,0	S-14 d3-7 d4+4 d5+4	s11-grammar-subregion-closed
29	121	3	2	5	4	135,9,2,0,0	S-14 d3-6 d5+5 ip+4	
29	121	3	4	4	3	135,9,2,0,0	S-14 d3-6 d4+2 d5+4 ip+3	
29	121	3	6	3	2	135,9,2,0,0	S-14 d3-6 d4+4 d5+3 ip+2	
29	121	3	8	2	1	135,9,2,0,0	S-14 d3-6 d4+6 d5+2 ip+1	
29	121	3	10	1	0	135,9,2,0,0	S-14 d3-6 d4+8 d5+1	s11-grammar-subregion-closed
29	121	4	0	7	1	135,9,2,0,0	S-14 d3-5 d4-2 d5+7 ip+1	
29	121	4	6	2	4	135,9,2,0,0	S-14 d3-5 d4+4 d5+2 ip+4	
29	121	4	8	1	3	135,9,2,0,0	S-14 d3-5 d4+6 d5+1 ip+3	
29	121	4	10	0	2	135,9,2,0,0	S-14 d3-5 d4+8 ip+2	
29	121	5	0	6	3	135,9,2,0,0	S-14 d3-4 d4-2 d5+6 ip+3	
29	121	16	0	2	4	135,9,2,0,0	S-14 d3+7 d4-2 d5+2 ip+4	
29	121	17	0	2	3	135,9,2,0,0	S-14 d3+8 d4-2 d5+2 ip+3	
29	121	18	0	2	2	135,9,2,0,0	S-14 d3+9 d4-2 d5+2 ip+2	
29	121	19	0	2	1	135,9,2,0,0	S-14 d3+10 d4-2 d5+2 ip+1	
29	121	20	0	2	0	135,9,2,0,0	S-14 d3+11 d4-2 d5+2	s11-grammar-subregion-closed
29	122	0	2	7	0	135,9,2,0,0	S-13 d3-9 d5+7	s11-grammar-subregion-closed
29	122	1	2	6	2	135,9,2,0,0	S-13 d3-8 d5+6 ip+2	
29	122	1	4	5	1	135,9,2,0,0	S-13 d3-8 d4+2 d5+5 ip+1	
29	122	1	6	4	0	135,9,2,0,0	S-13 d3-8 d4+4 d5+4	s11-grammar-subregion-closed
29	122	2	2	5	4	135,9,2,0,0	S-13 d3-7 d5+5 ip+4	
29	122	2	4	4	3	135,9,2,0,0	S-13 d3-7 d4+2 d5+4 ip+3	
29	122	2	6	3	2	135,9,2,0,0	S-13 d3-7 d4+4 d5+3 ip+2	
29	122	2	8	2	1	135,9,2,0,0	S-13 d3-7 d4+6 d5+2 ip+1	
29	122	2	10	1	0	135,9,2,0,0	S-13 d3-7 d4+8 d5+1	s11-grammar-subregion-closed
29	122	3	0	7	1	135,9,2,0,0	S-13 d3-6 d4-2 d5+7 ip+1	
29	122	3	2	4	6	135,9,2,0,0	S-13 d3-6 d5+4 ip+6	
29	122	3	4	3	5	135,9,2,0,0	S-13 d3-6 d4+2 d5+3 ip+5	
29	122	3	6	2	4	135,9,2,0,0	S-13 d3-6 d4+4 d5+2 ip+4	
29	122	3	8	1	3	135,9,2,0,0	S-13 d3-6 d4+6 d5+1 ip+3	
29	122	3	10	0	2	135,9,2,0,0	S-13 d3-6 d4+8 ip+2	
29	122	4	0	6	3	135,9,2,0,0	S-13 d3-5 d4-2 d5+6 ip+3	
29	122	4	2	3	8	135,9,2,0,0	S-13 d3-5 d5+3 ip+8	
29	122	4	4	2	7	135,9,2,0,0	S-13 d3-5 d4+2 d5+2 ip+7	
29	122	4	6	1	6	135,9,2,0,0	S-13 d3-5 d4+4 d5+1 ip+6	
29	122	4	8	0	5	135,9,2,0,0	S-13 d3-5 d4+6 ip+5	
29	122	5	0	5	5	135,9,2,0,0	S-13 d3-4 d4-2 d5+5 ip+5	
29	122	5	6	0	8	135,9,2,0,0	S-13 d3-4 d4+4 ip+8	
29	122	6	0	4	7	135,9,2,0,0	S-13 d3-3 d4-2 d5+4 ip+7	
29	122	14	0	1	8	135,9,2,0,0	S-13 d3+5 d4-2 d5+1 ip+8	
29	122	15	0	1	7	135,9,2,0,0	S-13 d3+6 d4-2 d5+1 ip+7	
29	122	16	0	1	6	135,9,2,0,0	S-13 d3+7 d4-2 d5+1 ip+6	
29	122	17	0	1	5	135,9,2,0,0	S-13 d3+8 d4-2 d5+1 ip+5	
29	122	18	0	1	4	135,9,2,0,0	S-13 d3+9 d4-2 d5+1 ip+4	
29	122	19	0	1	3	135,9,2,0,0	S-13 d3+10 d4-2 d5+1 ip+3	
29	122	20	0	1	2	135,9,2,0,0	S-13 d3+11 d4-2 d5+1 ip+2	
29	122	21	0	1	1	135,9,2,0,0	S-13 d3+12 d4-2 d5+1 ip+1	
29	122	22	0	1	0	135,9,2,0,0	S-13 d3+13 d4-2 d5+1	s11-grammar-subregion-closed
29	123	0	2	6	2	135,9,2,0,0	S-12 d3-9 d5+6 ip+2	
29	123	0	4	5	1	135,9,2,0,0	S-12 d3-9 d4+2 d5+5 ip+1	
29	123	0	6	4	0	135,9,2,0,0	S-12 d3-9 d4+4 d5+4	s11-grammar-subregion-closed
29	123	1	2	5	4	135,9,2,0,0	S-12 d3-8 d5+5 ip+4	
29	123	1	4	4	3	135,9,2,0,0	S-12 d3-8 d4+2 d5+4 ip+3	
29	123	1	6	3	2	135,9,2,0,0	S-12 d3-8 d4+4 d5+3 ip+2	
29	123	1	8	2	1	135,9,2,0,0	S-12 d3-8 d4+6 d5+2 ip+1	
29	123	1	10	1	0	135,9,2,0,0	S-12 d3-8 d4+8 d5+1	s11-grammar-subregion-closed
29	123	2	0	7	1	135,9,2,0,0	S-12 d3-7 d4-2 d5+7 ip+1	
29	123	2	2	4	6	135,9,2,0,0	S-12 d3-7 d5+4 ip+6	
29	123	2	4	3	5	135,9,2,0,0	S-12 d3-7 d4+2 d5+3 ip+5	
29	123	2	6	2	4	135,9,2,0,0	S-12 d3-7 d4+4 d5+2 ip+4	
29	123	2	8	1	3	135,9,2,0,0	S-12 d3-7 d4+6 d5+1 ip+3	
29	123	2	10	0	2	135,9,2,0,0	S-12 d3-7 d4+8 ip+2	
29	123	3	0	6	3	135,9,2,0,0	S-12 d3-6 d4-2 d5+6 ip+3	
29	123	3	2	3	8	135,9,2,0,0	S-12 d3-6 d5+3 ip+8	
29	123	3	4	2	7	135,9,2,0,0	S-12 d3-6 d4+2 d5+2 ip+7	
29	123	3	6	1	6	135,9,2,0,0	S-12 d3-6 d4+4 d5+1 ip+6	
29	123	3	8	0	5	135,9,2,0,0	S-12 d3-6 d4+6 ip+5	
29	123	4	0	5	5	135,9,2,0,0	S-12 d3-5 d4-2 d5+5 ip+5	
29	123	4	2	2	10	135,9,2,0,0	S-12 d3-5 d5+2 ip+10	
29	123	4	4	1	9	135,9,2,0,0	S-12 d3-5 d4+2 d5+1 ip+9	
29	123	4	6	0	8	135,9,2,0,0	S-12 d3-5 d4+4 ip+8	
29	123	5	0	4	7	135,9,2,0,0	S-12 d3-4 d4-2 d5+4 ip+7	
29	123	5	2	1	12	135,9,2,0,0	S-12 d3-4 d5+1 ip+12	
29	123	5	4	0	11	135,9,2,0,0	S-12 d3-4 d4+2 ip+11	
29	123	6	0	3	9	135,9,2,0,0	S-12 d3-3 d4-2 d5+3 ip+9	
29	123	7	0	2	11	135,9,2,0,0	S-12 d3-2 d4-2 d5+2 ip+11	
29	123	12	0	0	12	135,9,2,0,0	S-12 d3+3 d4-2 ip+12	
29	123	13	0	0	11	135,9,2,0,0	S-12 d3+4 d4-2 ip+11	
29	123	14	0	0	10	135,9,2,0,0	S-12 d3+5 d4-2 ip+10	
29	123	15	0	0	9	135,9,2,0,0	S-12 d3+6 d4-2 ip+9	
29	123	16	0	0	8	135,9,2,0,0	S-12 d3+7 d4-2 ip+8	
29	123	17	0	0	7	135,9,2,0,0	S-12 d3+8 d4-2 ip+7	
29	123	18	0	0	6	135,9,2,0,0	S-12 d3+9 d4-2 ip+6	
29	123	19	0	0	5	135,9,2,0,0	S-12 d3+10 d4-2 ip+5	
29	123	20	0	0	4	135,9,2,0,0	S-12 d3+11 d4-2 ip+4	
29	123	21	0	0	3	135,9,2,0,0	S-12 d3+12 d4-2 ip+3	
29	123	22	0	0	2	135,9,2,0,0	S-12 d3+13 d4-2 ip+2	
29	123	23	0	0	1	135,9,2,0,0	S-12 d3+14 d4-2 ip+1	
29	123	24	0	0	0	135,9,2,0,0	S-12 d3+15 d4-2	s11-grammar-subregion-closed
29	124	0	2	5	4	135,9,2,0,0	S-11 d3-9 d5+5 ip+4	
29	124	0	4	4	3	135,9,2,0,0	S-11 d3-9 d4+2 d5+4 ip+3	
29	124	0	6	3	2	135,9,2,0,0	S-11 d3-9 d4+4 d5+3 ip+2	
29	124	0	8	2	1	135,9,2,0,0	S-11 d3-9 d4+6 d5+2 ip+1	
29	124	0	10	1	0	135,9,2,0,0	S-11 d3-9 d4+8 d5+1	s11-grammar-subregion-closed
29	124	1	0	7	1	135,9,2,0,0	S-11 d3-8 d4-2 d5+7 ip+1	
29	124	1	2	4	6	135,9,2,0,0	S-11 d3-8 d5+4 ip+6	
29	124	1	4	3	5	135,9,2,0,0	S-11 d3-8 d4+2 d5+3 ip+5	
29	124	1	6	2	4	135,9,2,0,0	S-11 d3-8 d4+4 d5+2 ip+4	
29	124	1	8	1	3	135,9,2,0,0	S-11 d3-8 d4+6 d5+1 ip+3	
29	124	1	10	0	2	135,9,2,0,0	S-11 d3-8 d4+8 ip+2	
29	124	2	0	6	3	135,9,2,0,0	S-11 d3-7 d4-2 d5+6 ip+3	
29	124	2	2	3	8	135,9,2,0,0	S-11 d3-7 d5+3 ip+8	
29	124	2	4	2	7	135,9,2,0,0	S-11 d3-7 d4+2 d5+2 ip+7	
29	124	2	6	1	6	135,9,2,0,0	S-11 d3-7 d4+4 d5+1 ip+6	
29	124	2	8	0	5	135,9,2,0,0	S-11 d3-7 d4+6 ip+5	
29	124	3	0	5	5	135,9,2,0,0	S-11 d3-6 d4-2 d5+5 ip+5	
29	124	3	2	2	10	135,9,2,0,0	S-11 d3-6 d5+2 ip+10	
29	124	3	4	1	9	135,9,2,0,0	S-11 d3-6 d4+2 d5+1 ip+9	
29	124	3	6	0	8	135,9,2,0,0	S-11 d3-6 d4+4 ip+8	
29	124	4	0	4	7	135,9,2,0,0	S-11 d3-5 d4-2 d5+4 ip+7	
29	124	4	2	1	12	135,9,2,0,0	S-11 d3-5 d5+1 ip+12	
29	124	4	4	0	11	135,9,2,0,0	S-11 d3-5 d4+2 ip+11	
29	124	5	0	3	9	135,9,2,0,0	S-11 d3-4 d4-2 d5+3 ip+9	
29	124	5	2	0	14	135,9,2,0,0	S-11 d3-4 ip+14	
29	124	6	0	2	11	135,9,2,0,0	S-11 d3-3 d4-2 d5+2 ip+11	
29	124	7	0	1	13	135,9,2,0,0	S-11 d3-2 d4-2 d5+1 ip+13	
29	124	8	0	0	15	135,9,2,0,0	S-11 d3-1 d4-2 ip+15	
29	125	0	0	7	1	135,9,2,0,0	S-10 d3-9 d4-2 d5+7 ip+1	
29	125	0	2	4	6	135,9,2,0,0	S-10 d3-9 d5+4 ip+6	
29	125	0	4	3	5	135,9,2,0,0	S-10 d3-9 d4+2 d5+3 ip+5	
29	125	0	6	2	4	135,9,2,0,0	S-10 d3-9 d4+4 d5+2 ip+4	
29	125	0	8	1	3	135,9,2,0,0	S-10 d3-9 d4+6 d5+1 ip+3	
29	125	0	10	0	2	135,9,2,0,0	S-10 d3-9 d4+8 ip+2	
29	125	1	0	6	3	135,9,2,0,0	S-10 d3-8 d4-2 d5+6 ip+3	
29	125	1	2	3	8	135,9,2,0,0	S-10 d3-8 d5+3 ip+8	
29	125	1	4	2	7	135,9,2,0,0	S-10 d3-8 d4+2 d5+2 ip+7	
29	125	1	6	1	6	135,9,2,0,0	S-10 d3-8 d4+4 d5+1 ip+6	
29	125	1	8	0	5	135,9,2,0,0	S-10 d3-8 d4+6 ip+5	
29	125	2	0	5	5	135,9,2,0,0	S-10 d3-7 d4-2 d5+5 ip+5	
29	125	2	2	2	10	135,9,2,0,0	S-10 d3-7 d5+2 ip+10	
29	125	2	4	1	9	135,9,2,0,0	S-10 d3-7 d4+2 d5+1 ip+9	
29	125	2	6	0	8	135,9,2,0,0	S-10 d3-7 d4+4 ip+8	
29	125	3	0	4	7	135,9,2,0,0	S-10 d3-6 d4-2 d5+4 ip+7	
29	125	3	2	1	12	135,9,2,0,0	S-10 d3-6 d5+1 ip+12	
29	125	3	4	0	11	135,9,2,0,0	S-10 d3-6 d4+2 ip+11	
29	125	4	0	3	9	135,9,2,0,0	S-10 d3-5 d4-2 d5+3 ip+9	
29	125	4	2	0	14	135,9,2,0,0	S-10 d3-5 ip+14	
29	125	5	0	2	11	135,9,2,0,0	S-10 d3-4 d4-2 d5+2 ip+11	
29	125	6	0	1	13	135,9,2,0,0	S-10 d3-3 d4-2 d5+1 ip+13	
29	125	7	0	0	15	135,9,2,0,0	S-10 d3-2 d4-2 ip+15	
29	126	0	0	6	3	135,9,2,0,0	S-9 d3-9 d4-2 d5+6 ip+3	
29	126	0	2	3	8	135,9,2,0,0	S-9 d3-9 d5+3 ip+8	
29	126	0	4	2	7	135,9,2,0,0	S-9 d3-9 d4+2 d5+2 ip+7	
29	126	0	6	1	6	135,9,2,0,0	S-9 d3-9 d4+4 d5+1 ip+6	
29	126	0	8	0	5	135,9,2,0,0	S-9 d3-9 d4+6 ip+5	
29	126	1	0	5	5	135,9,2,0,0	S-9 d3-8 d4-2 d5+5 ip+5	
29	126	1	2	2	10	135,9,2,0,0	S-9 d3-8 d5+2 ip+10	
29	126	1	4	1	9	135,9,2,0,0	S-9 d3-8 d4+2 d5+1 ip+9	
29	126	1	6	0	8	135,9,2,0,0	S-9 d3-8 d4+4 ip+8	
29	126	2	0	4	7	135,9,2,0,0	S-9 d3-7 d4-2 d5+4 ip+7	
29	126	2	2	1	12	135,9,2,0,0	S-9 d3-7 d5+1 ip+12	
29	126	2	4	0	11	135,9,2,0,0	S-9 d3-7 d4+2 ip+11	
29	126	3	0	3	9	135,9,2,0,0	S-9 d3-6 d4-2 d5+3 ip+9	
29	126	3	2	0	14	135,9,2,0,0	S-9 d3-6 ip+14	
29	126	4	0	2	11	135,9,2,0,0	S-9 d3-5 d4-2 d5+2 ip+11	
29	126	5	0	1	13	135,9,2,0,0	S-9 d3-4 d4-2 d5+1 ip+13	
29	126	6	0	0	15	135,9,2,0,0	S-9 d3-3 d4-2 ip+15	
29	127	0	0	5	5	135,9,2,0,0	S-8 d3-9 d4-2 d5+5 ip+5	
29	127	0	2	2	10	135,9,2,0,0	S-8 d3-9 d5+2 ip+10	
29	127	0	4	1	9	135,9,2,0,0	S-8 d3-9 d4+2 d5+1 ip+9	
29	127	0	6	0	8	135,9,2,0,0	S-8 d3-9 d4+4 ip+8	
29	127	1	0	4	7	135,9,2,0,0	S-8 d3-8 d4-2 d5+4 ip+7	
29	127	1	2	1	12	135,9,2,0,0	S-8 d3-8 d5+1 ip+12	
29	127	1	4	0	11	135,9,2,0,0	S-8 d3-8 d4+2 ip+11	
29	127	2	0	3	9	135,9,2,0,0	S-8 d3-7 d4-2 d5+3 ip+9	
29	127	2	2	0	14	135,9,2,0,0	S-8 d3-7 ip+14	
29	127	3	0	2	11	135,9,2,0,0	S-8 d3-6 d4-2 d5+2 ip+11	
29	127	4	0	1	13	135,9,2,0,0	S-8 d3-5 d4-2 d5+1 ip+13	
29	127	5	0	0	15	135,9,2,0,0	S-8 d3-4 d4-2 ip+15	
29	128	0	0	4	7	135,9,2,0,0	S-7 d3-9 d4-2 d5+4 ip+7	
29	128	0	2	1	12	135,9,2,0,0	S-7 d3-9 d5+1 ip+12	
29	128	0	4	0	11	135,9,2,0,0	S-7 d3-9 d4+2 ip+11	
29	128	1	0	3	9	135,9,2,0,0	S-7 d3-8 d4-2 d5+3 ip+9	
29	128	1	2	0	14	135,9,2,0,0	S-7 d3-8 ip+14	
29	128	2	0	2	11	135,9,2,0,0	S-7 d3-7 d4-2 d5+2 ip+11	
29	128	3	0	1	13	135,9,2,0,0	S-7 d3-6 d4-2 d5+1 ip+13	
29	128	4	0	0	15	135,9,2,0,0	S-7 d3-5 d4-2 ip+15	
29	129	0	0	3	9	135,9,2,0,0	S-6 d3-9 d4-2 d5+3 ip+9	
29	129	0	2	0	14	135,9,2,0,0	S-6 d3-9 ip+14	
29	129	1	0	2	11	135,9,2,0,0	S-6 d3-8 d4-2 d5+2 ip+11	
29	129	2	0	1	13	135,9,2,0,0	S-6 d3-7 d4-2 d5+1 ip+13	
29	129	3	0	0	15	135,9,2,0,0	S-6 d3-6 d4-2 ip+15	
29	130	0	0	2	11	135,9,2,0,0	S-5 d3-9 d4-2 d5+2 ip+11	
29	130	1	0	1	13	135,9,2,0,0	S-5 d3-8 d4-2 d5+1 ip+13	
29	130	2	0	0	15	135,9,2,0,0	S-5 d3-7 d4-2 ip+15	
29	131	0	0	1	13	135,9,2,0,0	S-4 d3-9 d4-2 d5+1 ip+13	
29	131	1	0	0	15	135,9,2,0,0	S-4 d3-8 d4-2 ip+15	
29	132	0	0	0	15	135,9,2,0,0	S-3 d3-9 d4-2 ip+15	
30	120	2	5	5	0	135,9,2,0,0	S-15 d3-7 d4+3 d5+5	s11-grammar-subregion-closed;perfect-ride-family(ATSP-closable)
30	120	3	9	2	0	135,9,2,0,0	S-15 d3-6 d4+7 d5+2	s11-grammar-subregion-closed;perfect-ride-family(ATSP-closable)
30	120	22	1	1	0	135,9,2,0,0	S-15 d3+13 d4-1 d5+1	s11-grammar-subregion-closed;perfect-ride-family(ATSP-closable)
30	121	1	3	6	1	135,9,2,0,0	S-14 d3-8 d4+1 d5+6 ip+1	
30	121	1	5	5	0	135,9,2,0,0	S-14 d3-8 d4+3 d5+5	s11-grammar-subregion-closed
30	121	2	1	7	1	135,9,2,0,0	S-14 d3-7 d4-1 d5+7 ip+1	
30	121	2	3	5	3	135,9,2,0,0	S-14 d3-7 d4+1 d5+5 ip+3	
30	121	2	5	4	2	135,9,2,0,0	S-14 d3-7 d4+3 d5+4 ip+2	
30	121	2	7	3	1	135,9,2,0,0	S-14 d3-7 d4+5 d5+3 ip+1	
30	121	2	9	2	0	135,9,2,0,0	S-14 d3-7 d4+7 d5+2	s11-grammar-subregion-closed
30	121	3	1	6	3	135,9,2,0,0	S-14 d3-6 d4-1 d5+6 ip+3	
30	121	3	5	3	4	135,9,2,0,0	S-14 d3-6 d4+3 d5+3 ip+4	
30	121	3	7	2	3	135,9,2,0,0	S-14 d3-6 d4+5 d5+2 ip+3	
30	121	3	9	1	2	135,9,2,0,0	S-14 d3-6 d4+7 d5+1 ip+2	
30	121	3	11	0	1	135,9,2,0,0	S-14 d3-6 d4+9 ip+1	
30	121	4	9	0	4	135,9,2,0,0	S-14 d3-5 d4+7 ip+4	
30	121	20	1	0	4	135,9,2,0,0	S-14 d3+11 d4-1 ip+4	
30	121	21	1	0	3	135,9,2,0,0	S-14 d3+12 d4-1 ip+3	
30	121	22	1	0	2	135,9,2,0,0	S-14 d3+13 d4-1 ip+2	
30	121	23	1	0	1	135,9,2,0,0	S-14 d3+14 d4-1 ip+1	
30	121	24	1	0	0	135,9,2,0,0	S-14 d3+15 d4-1	s11-grammar-subregion-closed
30	122	0	3	6	1	135,9,2,0,0	S-13 d3-9 d4+1 d5+6 ip+1	
30	122	0	5	5	0	135,9,2,0,0	S-13 d3-9 d4+3 d5+5	s11-grammar-subregion-closed
30	122	1	1	7	1	135,9,2,0,0	S-13 d3-8 d4-1 d5+7 ip+1	
30	122	1	3	5	3	135,9,2,0,0	S-13 d3-8 d4+1 d5+5 ip+3	
30	122	1	5	4	2	135,9,2,0,0	S-13 d3-8 d4+3 d5+4 ip+2	
30	122	1	7	3	1	135,9,2,0,0	S-13 d3-8 d4+5 d5+3 ip+1	
30	122	1	9	2	0	135,9,2,0,0	S-13 d3-8 d4+7 d5+2	s11-grammar-subregion-closed
30	122	2	1	6	3	135,9,2,0,0	S-13 d3-7 d4-1 d5+6 ip+3	
30	122	2	3	4	5	135,9,2,0,0	S-13 d3-7 d4+1 d5+4 ip+5	
30	122	2	5	3	4	135,9,2,0,0	S-13 d3-7 d4+3 d5+3 ip+4	
30	122	2	7	2	3	135,9,2,0,0	S-13 d3-7 d4+5 d5+2 ip+3	
30	122	2	9	1	2	135,9,2,0,0	S-13 d3-7 d4+7 d5+1 ip+2	
30	122	2	11	0	1	135,9,2,0,0	S-13 d3-7 d4+9 ip+1	
30	122	3	1	5	5	135,9,2,0,0	S-13 d3-6 d4-1 d5+5 ip+5	
30	122	3	3	3	7	135,9,2,0,0	S-13 d3-6 d4+1 d5+3 ip+7	
30	122	3	5	2	6	135,9,2,0,0	S-13 d3-6 d4+3 d5+2 ip+6	
30	122	3	7	1	5	135,9,2,0,0	S-13 d3-6 d4+5 d5+1 ip+5	
30	122	3	9	0	4	135,9,2,0,0	S-13 d3-6 d4+7 ip+4	
30	122	4	1	4	7	135,9,2,0,0	S-13 d3-5 d4-1 d5+4 ip+7	
30	122	4	5	1	8	135,9,2,0,0	S-13 d3-5 d4+3 d5+1 ip+8	
30	122	4	7	0	7	135,9,2,0,0	S-13 d3-5 d4+5 ip+7	
30	123	0	1	7	1	135,9,2,0,0	S-12 d3-9 d4-1 d5+7 ip+1	
30	123	0	3	5	3	135,9,2,0,0	S-12 d3-9 d4+1 d5+5 ip+3	
30	123	0	5	4	2	135,9,2,0,0	S-12 d3-9 d4+3 d5+4 ip+2	
30	123	0	7	3	1	135,9,2,0,0	S-12 d3-9 d4+5 d5+3 ip+1	
30	123	0	9	2	0	135,9,2,0,0	S-12 d3-9 d4+7 d5+2	s11-grammar-subregion-closed
30	123	1	1	6	3	135,9,2,0,0	S-12 d3-8 d4-1 d5+6 ip+3	
30	123	1	3	4	5	135,9,2,0,0	S-12 d3-8 d4+1 d5+4 ip+5	
30	123	1	5	3	4	135,9,2,0,0	S-12 d3-8 d4+3 d5+3 ip+4	
30	123	1	7	2	3	135,9,2,0,0	S-12 d3-8 d4+5 d5+2 ip+3	
30	123	1	9	1	2	135,9,2,0,0	S-12 d3-8 d4+7 d5+1 ip+2	
30	123	1	11	0	1	135,9,2,0,0	S-12 d3-8 d4+9 ip+1	
30	123	2	1	5	5	135,9,2,0,0	S-12 d3-7 d4-1 d5+5 ip+5	
30	123	2	3	3	7	135,9,2,0,0	S-12 d3-7 d4+1 d5+3 ip+7	
30	123	2	5	2	6	135,9,2,0,0	S-12 d3-7 d4+3 d5+2 ip+6	
30	123	2	7	1	5	135,9,2,0,0	S-12 d3-7 d4+5 d5+1 ip+5	
30	123	2	9	0	4	135,9,2,0,0	S-12 d3-7 d4+7 ip+4	
30	123	3	1	4	7	135,9,2,0,0	S-12 d3-6 d4-1 d5+4 ip+7	
30	123	3	3	2	9	135,9,2,0,0	S-12 d3-6 d4+1 d5+2 ip+9	
30	123	3	5	1	8	135,9,2,0,0	S-12 d3-6 d4+3 d5+1 ip+8	
30	123	3	7	0	7	135,9,2,0,0	S-12 d3-6 d4+5 ip+7	
30	123	4	1	3	9	135,9,2,0,0	S-12 d3-5 d4-1 d5+3 ip+9	
30	123	4	3	1	11	135,9,2,0,0	S-12 d3-5 d4+1 d5+1 ip+11	
30	123	4	5	0	10	135,9,2,0,0	S-12 d3-5 d4+3 ip+10	
30	123	5	1	2	11	135,9,2,0,0	S-12 d3-4 d4-1 d5+2 ip+11	
30	124	0	1	6	3	135,9,2,0,0	S-11 d3-9 d4-1 d5+6 ip+3	
30	124	0	3	4	5	135,9,2,0,0	S-11 d3-9 d4+1 d5+4 ip+5	
30	124	0	5	3	4	135,9,2,0,0	S-11 d3-9 d4+3 d5+3 ip+4	
30	124	0	7	2	3	135,9,2,0,0	S-11 d3-9 d4+5 d5+2 ip+3	
30	124	0	9	1	2	135,9,2,0,0	S-11 d3-9 d4+7 d5+1 ip+2	
30	124	0	11	0	1	135,9,2,0,0	S-11 d3-9 d4+9 ip+1	
30	124	1	1	5	5	135,9,2,0,0	S-11 d3-8 d4-1 d5+5 ip+5	
30	124	1	3	3	7	135,9,2,0,0	S-11 d3-8 d4+1 d5+3 ip+7	
30	124	1	5	2	6	135,9,2,0,0	S-11 d3-8 d4+3 d5+2 ip+6	
30	124	1	7	1	5	135,9,2,0,0	S-11 d3-8 d4+5 d5+1 ip+5	
30	124	1	9	0	4	135,9,2,0,0	S-11 d3-8 d4+7 ip+4	
30	124	2	1	4	7	135,9,2,0,0	S-11 d3-7 d4-1 d5+4 ip+7	
30	124	2	3	2	9	135,9,2,0,0	S-11 d3-7 d4+1 d5+2 ip+9	
30	124	2	5	1	8	135,9,2,0,0	S-11 d3-7 d4+3 d5+1 ip+8	
30	124	2	7	0	7	135,9,2,0,0	S-11 d3-7 d4+5 ip+7	
30	124	3	1	3	9	135,9,2,0,0	S-11 d3-6 d4-1 d5+3 ip+9	
30	124	3	3	1	11	135,9,2,0,0	S-11 d3-6 d4+1 d5+1 ip+11	
30	124	3	5	0	10	135,9,2,0,0	S-11 d3-6 d4+3 ip+10	
30	124	4	1	2	11	135,9,2,0,0	S-11 d3-5 d4-1 d5+2 ip+11	
30	124	4	3	0	13	135,9,2,0,0	S-11 d3-5 d4+1 ip+13	
30	124	5	1	1	13	135,9,2,0,0	S-11 d3-4 d4-1 d5+1 ip+13	
30	124	6	1	0	15	135,9,2,0,0	S-11 d3-3 d4-1 ip+15	
30	125	0	1	5	5	135,9,2,0,0	S-10 d3-9 d4-1 d5+5 ip+5	
30	125	0	3	3	7	135,9,2,0,0	S-10 d3-9 d4+1 d5+3 ip+7	
30	125	0	5	2	6	135,9,2,0,0	S-10 d3-9 d4+3 d5+2 ip+6	
30	125	0	7	1	5	135,9,2,0,0	S-10 d3-9 d4+5 d5+1 ip+5	
30	125	0	9	0	4	135,9,2,0,0	S-10 d3-9 d4+7 ip+4	
30	125	1	1	4	7	135,9,2,0,0	S-10 d3-8 d4-1 d5+4 ip+7	
30	125	1	3	2	9	135,9,2,0,0	S-10 d3-8 d4+1 d5+2 ip+9	
30	125	1	5	1	8	135,9,2,0,0	S-10 d3-8 d4+3 d5+1 ip+8	
30	125	1	7	0	7	135,9,2,0,0	S-10 d3-8 d4+5 ip+7	
30	125	2	1	3	9	135,9,2,0,0	S-10 d3-7 d4-1 d5+3 ip+9	
30	125	2	3	1	11	135,9,2,0,0	S-10 d3-7 d4+1 d5+1 ip+11	
30	125	2	5	0	10	135,9,2,0,0	S-10 d3-7 d4+3 ip+10	
30	125	3	1	2	11	135,9,2,0,0	S-10 d3-6 d4-1 d5+2 ip+11	
30	125	3	3	0	13	135,9,2,0,0	S-10 d3-6 d4+1 ip+13	
30	125	4	1	1	13	135,9,2,0,0	S-10 d3-5 d4-1 d5+1 ip+13	
30	125	5	1	0	15	135,9,2,0,0	S-10 d3-4 d4-1 ip+15	
30	126	0	1	4	7	135,9,2,0,0	S-9 d3-9 d4-1 d5+4 ip+7	
30	126	0	3	2	9	135,9,2,0,0	S-9 d3-9 d4+1 d5+2 ip+9	
30	126	0	5	1	8	135,9,2,0,0	S-9 d3-9 d4+3 d5+1 ip+8	
30	126	0	7	0	7	135,9,2,0,0	S-9 d3-9 d4+5 ip+7	
30	126	1	1	3	9	135,9,2,0,0	S-9 d3-8 d4-1 d5+3 ip+9	
30	126	1	3	1	11	135,9,2,0,0	S-9 d3-8 d4+1 d5+1 ip+11	
30	126	1	5	0	10	135,9,2,0,0	S-9 d3-8 d4+3 ip+10	
30	126	2	1	2	11	135,9,2,0,0	S-9 d3-7 d4-1 d5+2 ip+11	
30	126	2	3	0	13	135,9,2,0,0	S-9 d3-7 d4+1 ip+13	
30	126	3	1	1	13	135,9,2,0,0	S-9 d3-6 d4-1 d5+1 ip+13	
30	126	4	1	0	15	135,9,2,0,0	S-9 d3-5 d4-1 ip+15	
30	127	0	1	3	9	135,9,2,0,0	S-8 d3-9 d4-1 d5+3 ip+9	
30	127	0	3	1	11	135,9,2,0,0	S-8 d3-9 d4+1 d5+1 ip+11	
30	127	0	5	0	10	135,9,2,0,0	S-8 d3-9 d4+3 ip+10	
30	127	1	1	2	11	135,9,2,0,0	S-8 d3-8 d4-1 d5+2 ip+11	
30	127	1	3	0	13	135,9,2,0,0	S-8 d3-8 d4+1 ip+13	
30	127	2	1	1	13	135,9,2,0,0	S-8 d3-7 d4-1 d5+1 ip+13	
30	127	3	1	0	15	135,9,2,0,0	S-8 d3-6 d4-1 ip+15	
30	128	0	1	2	11	135,9,2,0,0	S-7 d3-9 d4-1 d5+2 ip+11	
30	128	0	3	0	13	135,9,2,0,0	S-7 d3-9 d4+1 ip+13	
30	128	1	1	1	13	135,9,2,0,0	S-7 d3-8 d4-1 d5+1 ip+13	
30	128	2	1	0	15	135,9,2,0,0	S-7 d3-7 d4-1 ip+15	
30	129	0	1	1	13	135,9,2,0,0	S-6 d3-9 d4-1 d5+1 ip+13	
30	129	1	1	0	15	135,9,2,0,0	S-6 d3-8 d4-1 ip+15	
30	130	0	1	0	15	135,9,2,0,0	S-5 d3-9 d4-1 ip+15	
31	120	1	4	6	0	135,9,2,0,0	S-15 d3-8 d4+2 d5+6	s11-grammar-subregion-closed;perfect-ride-family(ATSP-closable)
31	120	2	8	3	0	135,9,2,0,0	S-15 d3-7 d4+6 d5+3	s11-grammar-subregion-closed;perfect-ride-family(ATSP-closable)
31	120	3	0	8	0	135,9,2,0,0	S-15 d3-6 d4-2 d5+8	s11-grammar-subregion-closed;perfect-ride-family(ATSP-closable)
31	120	3	12	0	0	135,9,2,0,0	S-15 d3-6 d4+10	s11-grammar-subregion-closed;perfect-ride-family(ATSP-closable)
31	120	21	0	2	0	135,9,2,0,0	S-15 d3+12 d4-2 d5+2	s11-grammar-subregion-closed;perfect-ride-family(ATSP-closable)
31	121	0	2	7	1	135,9,2,0,0	S-14 d3-9 d5+7 ip+1	
31	121	0	4	6	0	135,9,2,0,0	S-14 d3-9 d4+2 d5+6	s11-grammar-subregion-closed
31	121	1	2	6	3	135,9,2,0,0	S-14 d3-8 d5+6 ip+3	
31	121	1	4	5	2	135,9,2,0,0	S-14 d3-8 d4+2 d5+5 ip+2	
31	121	1	6	4	1	135,9,2,0,0	S-14 d3-8 d4+4 d5+4 ip+1	
31	121	1	8	3	0	135,9,2,0,0	S-14 d3-8 d4+6 d5+3	s11-grammar-subregion-closed
31	121	2	0	8	0	135,9,2,0,0	S-14 d3-7 d4-2 d5+8	s11-grammar-subregion-closed
31	121	2	4	4	4	135,9,2,0,0	S-14 d3-7 d4+2 d5+4 ip+4	
31	121	2	6	3	3	135,9,2,0,0	S-14 d3-7 d4+4 d5+3 ip+3	
31	121	2	8	2	2	135,9,2,0,0	S-14 d3-7 d4+6 d5+2 ip+2	
31	121	2	10	1	1	135,9,2,0,0	S-14 d3-7 d4+8 d5+1 ip+1	
31	121	2	12	0	0	135,9,2,0,0	S-14 d3-7 d4+10	s11-grammar-subregion-closed
31	121	3	0	7	2	135,9,2,0,0	S-14 d3-6 d4-2 d5+7 ip+2	
31	121	3	8	1	4	135,9,2,0,0	S-14 d3-6 d4+6 d5+1 ip+4	
31	121	3	10	0	3	135,9,2,0,0	S-14 d3-6 d4+8 ip+3	
31	121	4	0	6	4	135,9,2,0,0	S-14 d3-5 d4-2 d5+6 ip+4	
31	121	19	0	1	4	135,9,2,0,0	S-14 d3+10 d4-2 d5+1 ip+4	
31	121	20	0	1	3	135,9,2,0,0	S-14 d3+11 d4-2 d5+1 ip+3	
31	121	21	0	1	2	135,9,2,0,0	S-14 d3+12 d4-2 d5+1 ip+2	
31	121	22	0	1	1	135,9,2,0,0	S-14 d3+13 d4-2 d5+1 ip+1	
31	121	23	0	1	0	135,9,2,0,0	S-14 d3+14 d4-2 d5+1	s11-grammar-subregion-closed
31	122	0	2	6	3	135,9,2,0,0	S-13 d3-9 d5+6 ip+3	
31	122	0	4	5	2	135,9,2,0,0	S-13 d3-9 d4+2 d5+5 ip+2	
31	122	0	6	4	1	135,9,2,0,0	S-13 d3-9 d4+4 d5+4 ip+1	
31	122	0	8	3	0	135,9,2,0,0	S-13 d3-9 d4+6 d5+3	s11-grammar-subregion-closed
31	122	1	0	8	0	135,9,2,0,0	S-13 d3-8 d4-2 d5+8	s11-grammar-subregion-closed
31	122	1	2	5	5	135,9,2,0,0	S-13 d3-8 d5+5 ip+5	
31	122	1	4	4	4	135,9,2,0,0	S-13 d3-8 d4+2 d5+4 ip+4	
31	122	1	6	3	3	135,9,2,0,0	S-13 d3-8 d4+4 d5+3 ip+3	
31	122	1	8	2	2	135,9,2,0,0	S-13 d3-8 d4+6 d5+2 ip+2	
31	122	1	10	1	1	135,9,2,0,0	S-13 d3-8 d4+8 d5+1 ip+1	
31	122	1	12	0	0	135,9,2,0,0	S-13 d3-8 d4+10	s11-grammar-subregion-closed
31	122	2	0	7	2	135,9,2,0,0	S-13 d3-7 d4-2 d5+7 ip+2	
31	122	2	2	4	7	135,9,2,0,0	S-13 d3-7 d5+4 ip+7	
31	122	2	4	3	6	135,9,2,0,0	S-13 d3-7 d4+2 d5+3 ip+6	
31	122	2	6	2	5	135,9,2,0,0	S-13 d3-7 d4+4 d5+2 ip+5	
31	122	2	8	1	4	135,9,2,0,0	S-13 d3-7 d4+6 d5+1 ip+4	
31	122	2	10	0	3	135,9,2,0,0	S-13 d3-7 d4+8 ip+3	
31	122	3	0	6	4	135,9,2,0,0	S-13 d3-6 d4-2 d5+6 ip+4	
31	122	3	4	2	8	135,9,2,0,0	S-13 d3-6 d4+2 d5+2 ip+8	
31	122	3	6	1	7	135,9,2,0,0	S-13 d3-6 d4+4 d5+1 ip+7	
31	122	3	8	0	6	135,9,2,0,0	S-13 d3-6 d4+6 ip+6	
31	122	4	0	5	6	135,9,2,0,0	S-13 d3-5 d4-2 d5+5 ip+6	
31	122	5	0	4	8	135,9,2,0,0	S-13 d3-4 d4-2 d5+4 ip+8	
31	122	17	0	0	8	135,9,2,0,0	S-13 d3+8 d4-2 ip+8	
31	122	18	0	0	7	135,9,2,0,0	S-13 d3+9 d4-2 ip+7	
31	122	19	0	0	6	135,9,2,0,0	S-13 d3+10 d4-2 ip+6	
31	122	20	0	0	5	135,9,2,0,0	S-13 d3+11 d4-2 ip+5	
31	122	21	0	0	4	135,9,2,0,0	S-13 d3+12 d4-2 ip+4	
31	122	22	0	0	3	135,9,2,0,0	S-13 d3+13 d4-2 ip+3	
31	122	23	0	0	2	135,9,2,0,0	S-13 d3+14 d4-2 ip+2	
31	122	24	0	0	1	135,9,2,0,0	S-13 d3+15 d4-2 ip+1	
31	122	25	0	0	0	135,9,2,0,0	S-13 d3+16 d4-2	s11-grammar-subregion-closed
31	123	0	0	8	0	135,9,2,0,0	S-12 d3-9 d4-2 d5+8	s11-grammar-subregion-closed
31	123	0	2	5	5	135,9,2,0,0	S-12 d3-9 d5+5 ip+5	
31	123	0	4	4	4	135,9,2,0,0	S-12 d3-9 d4+2 d5+4 ip+4	
31	123	0	6	3	3	135,9,2,0,0	S-12 d3-9 d4+4 d5+3 ip+3	
31	123	0	8	2	2	135,9,2,0,0	S-12 d3-9 d4+6 d5+2 ip+2	
31	123	0	10	1	1	135,9,2,0,0	S-12 d3-9 d4+8 d5+1 ip+1	
31	123	0	12	0	0	135,9,2,0,0	S-12 d3-9 d4+10	s11-grammar-subregion-closed
31	123	1	0	7	2	135,9,2,0,0	S-12 d3-8 d4-2 d5+7 ip+2	
31	123	1	2	4	7	135,9,2,0,0	S-12 d3-8 d5+4 ip+7	
31	123	1	4	3	6	135,9,2,0,0	S-12 d3-8 d4+2 d5+3 ip+6	
31	123	1	6	2	5	135,9,2,0,0	S-12 d3-8 d4+4 d5+2 ip+5	
31	123	1	8	1	4	135,9,2,0,0	S-12 d3-8 d4+6 d5+1 ip+4	
31	123	1	10	0	3	135,9,2,0,0	S-12 d3-8 d4+8 ip+3	
31	123	2	0	6	4	135,9,2,0,0	S-12 d3-7 d4-2 d5+6 ip+4	
31	123	2	2	3	9	135,9,2,0,0	S-12 d3-7 d5+3 ip+9	
31	123	2	4	2	8	135,9,2,0,0	S-12 d3-7 d4+2 d5+2 ip+8	
31	123	2	6	1	7	135,9,2,0,0	S-12 d3-7 d4+4 d5+1 ip+7	
31	123	2	8	0	6	135,9,2,0,0	S-12 d3-7 d4+6 ip+6	
31	123	3	0	5	6	135,9,2,0,0	S-12 d3-6 d4-2 d5+5 ip+6	
31	123	3	2	2	11	135,9,2,0,0	S-12 d3-6 d5+2 ip+11	
31	123	3	4	1	10	135,9,2,0,0	S-12 d3-6 d4+2 d5+1 ip+10	
31	123	3	6	0	9	135,9,2,0,0	S-12 d3-6 d4+4 ip+9	
31	123	4	0	4	8	135,9,2,0,0	S-12 d3-5 d4-2 d5+4 ip+8	
31	123	4	4	0	12	135,9,2,0,0	S-12 d3-5 d4+2 ip+12	
31	123	5	0	3	10	135,9,2,0,0	S-12 d3-4 d4-2 d5+3 ip+10	
31	123	6	0	2	12	135,9,2,0,0	S-12 d3-3 d4-2 d5+2 ip+12	
31	124	0	0	7	2	135,9,2,0,0	S-11 d3-9 d4-2 d5+7 ip+2	
31	124	0	2	4	7	135,9,2,0,0	S-11 d3-9 d5+4 ip+7	
31	124	0	4	3	6	135,9,2,0,0	S-11 d3-9 d4+2 d5+3 ip+6	
31	124	0	6	2	5	135,9,2,0,0	S-11 d3-9 d4+4 d5+2 ip+5	
31	124	0	8	1	4	135,9,2,0,0	S-11 d3-9 d4+6 d5+1 ip+4	
31	124	0	10	0	3	135,9,2,0,0	S-11 d3-9 d4+8 ip+3	
31	124	1	0	6	4	135,9,2,0,0	S-11 d3-8 d4-2 d5+6 ip+4	
31	124	1	2	3	9	135,9,2,0,0	S-11 d3-8 d5+3 ip+9	
31	124	1	4	2	8	135,9,2,0,0	S-11 d3-8 d4+2 d5+2 ip+8	
31	124	1	6	1	7	135,9,2,0,0	S-11 d3-8 d4+4 d5+1 ip+7	
31	124	1	8	0	6	135,9,2,0,0	S-11 d3-8 d4+6 ip+6	
31	124	2	0	5	6	135,9,2,0,0	S-11 d3-7 d4-2 d5+5 ip+6	
31	124	2	2	2	11	135,9,2,0,0	S-11 d3-7 d5+2 ip+11	
31	124	2	4	1	10	135,9,2,0,0	S-11 d3-7 d4+2 d5+1 ip+10	
31	124	2	6	0	9	135,9,2,0,0	S-11 d3-7 d4+4 ip+9	
31	124	3	0	4	8	135,9,2,0,0	S-11 d3-6 d4-2 d5+4 ip+8	
31	124	3	2	1	13	135,9,2,0,0	S-11 d3-6 d5+1 ip+13	
31	124	3	4	0	12	135,9,2,0,0	S-11 d3-6 d4+2 ip+12	
31	124	4	0	3	10	135,9,2,0,0	S-11 d3-5 d4-2 d5+3 ip+10	
31	124	4	2	0	15	135,9,2,0,0	S-11 d3-5 ip+15	
31	124	5	0	2	12	135,9,2,0,0	S-11 d3-4 d4-2 d5+2 ip+12	
31	124	6	0	1	14	135,9,2,0,0	S-11 d3-3 d4-2 d5+1 ip+14	
31	124	7	0	0	16	135,9,2,0,0	S-11 d3-2 d4-2 ip+16	
31	125	0	0	6	4	135,9,2,0,0	S-10 d3-9 d4-2 d5+6 ip+4	
31	125	0	2	3	9	135,9,2,0,0	S-10 d3-9 d5+3 ip+9	
31	125	0	4	2	8	135,9,2,0,0	S-10 d3-9 d4+2 d5+2 ip+8	
31	125	0	6	1	7	135,9,2,0,0	S-10 d3-9 d4+4 d5+1 ip+7	
31	125	0	8	0	6	135,9,2,0,0	S-10 d3-9 d4+6 ip+6	
31	125	1	0	5	6	135,9,2,0,0	S-10 d3-8 d4-2 d5+5 ip+6	
31	125	1	2	2	11	135,9,2,0,0	S-10 d3-8 d5+2 ip+11	
31	125	1	4	1	10	135,9,2,0,0	S-10 d3-8 d4+2 d5+1 ip+10	
31	125	1	6	0	9	135,9,2,0,0	S-10 d3-8 d4+4 ip+9	
31	125	2	0	4	8	135,9,2,0,0	S-10 d3-7 d4-2 d5+4 ip+8	
31	125	2	2	1	13	135,9,2,0,0	S-10 d3-7 d5+1 ip+13	
31	125	2	4	0	12	135,9,2,0,0	S-10 d3-7 d4+2 ip+12	
31	125	3	0	3	10	135,9,2,0,0	S-10 d3-6 d4-2 d5+3 ip+10	
31	125	3	2	0	15	135,9,2,0,0	S-10 d3-6 ip+15	
31	125	4	0	2	12	135,9,2,0,0	S-10 d3-5 d4-2 d5+2 ip+12	
31	125	5	0	1	14	135,9,2,0,0	S-10 d3-4 d4-2 d5+1 ip+14	
31	125	6	0	0	16	135,9,2,0,0	S-10 d3-3 d4-2 ip+16	
31	126	0	0	5	6	135,9,2,0,0	S-9 d3-9 d4-2 d5+5 ip+6	
31	126	0	2	2	11	135,9,2,0,0	S-9 d3-9 d5+2 ip+11	
31	126	0	4	1	10	135,9,2,0,0	S-9 d3-9 d4+2 d5+1 ip+10	
31	126	0	6	0	9	135,9,2,0,0	S-9 d3-9 d4+4 ip+9	
31	126	1	0	4	8	135,9,2,0,0	S-9 d3-8 d4-2 d5+4 ip+8	
31	126	1	2	1	13	135,9,2,0,0	S-9 d3-8 d5+1 ip+13	
31	126	1	4	0	12	135,9,2,0,0	S-9 d3-8 d4+2 ip+12	
31	126	2	0	3	10	135,9,2,0,0	S-9 d3-7 d4-2 d5+3 ip+10	
31	126	2	2	0	15	135,9,2,0,0	S-9 d3-7 ip+15	
31	126	3	0	2	12	135,9,2,0,0	S-9 d3-6 d4-2 d5+2 ip+12	
31	126	4	0	1	14	135,9,2,0,0	S-9 d3-5 d4-2 d5+1 ip+14	
31	126	5	0	0	16	135,9,2,0,0	S-9 d3-4 d4-2 ip+16	
31	127	0	0	4	8	135,9,2,0,0	S-8 d3-9 d4-2 d5+4 ip+8	
31	127	0	2	1	13	135,9,2,0,0	S-8 d3-9 d5+1 ip+13	
31	127	0	4	0	12	135,9,2,0,0	S-8 d3-9 d4+2 ip+12	
31	127	1	0	3	10	135,9,2,0,0	S-8 d3-8 d4-2 d5+3 ip+10	
31	127	1	2	0	15	135,9,2,0,0	S-8 d3-8 ip+15	
31	127	2	0	2	12	135,9,2,0,0	S-8 d3-7 d4-2 d5+2 ip+12	
31	127	3	0	1	14	135,9,2,0,0	S-8 d3-6 d4-2 d5+1 ip+14	
31	127	4	0	0	16	135,9,2,0,0	S-8 d3-5 d4-2 ip+16	
31	128	0	0	3	10	135,9,2,0,0	S-7 d3-9 d4-2 d5+3 ip+10	
31	128	0	2	0	15	135,9,2,0,0	S-7 d3-9 ip+15	
31	128	1	0	2	12	135,9,2,0,0	S-7 d3-8 d4-2 d5+2 ip+12	
31	128	2	0	1	14	135,9,2,0,0	S-7 d3-7 d4-2 d5+1 ip+14	
31	128	3	0	0	16	135,9,2,0,0	S-7 d3-6 d4-2 ip+16	
31	129	0	0	2	12	135,9,2,0,0	S-6 d3-9 d4-2 d5+2 ip+12	
31	129	1	0	1	14	135,9,2,0,0	S-6 d3-8 d4-2 d5+1 ip+14	
31	129	2	0	0	16	135,9,2,0,0	S-6 d3-7 d4-2 ip+16	
31	130	0	0	1	14	135,9,2,0,0	S-5 d3-9 d4-2 d5+1 ip+14	
31	130	1	0	0	16	135,9,2,0,0	S-5 d3-8 d4-2 ip+16	
31	131	0	0	0	16	135,9,2,0,0	S-4 d3-9 d4-2 ip+16	
32	120	0	3	7	0	135,9,2,0,0	S-15 d3-9 d4+1 d5+7	s11-grammar-subregion-closed;perfect-ride-family(ATSP-closable)
32	120	1	1	8	0	135,9,2,0,0	S-15 d3-8 d4-1 d5+8	s11-grammar-subregion-closed;perfect-ride-family(ATSP-closable)
32	120	1	7	4	0	135,9,2,0,0	S-15 d3-8 d4+5 d5+4	s11-grammar-subregion-closed;perfect-ride-family(ATSP-closable)
32	120	2	11	1	0	135,9,2,0,0	S-15 d3-7 d4+9 d5+1	s11-grammar-subregion-closed;perfect-ride-family(ATSP-closable)
32	120	25	1	0	0	135,9,2,0,0	S-15 d3+16 d4-1	s11-grammar-subregion-closed;perfect-ride-family(ATSP-closable)
32	121	0	1	8	0	135,9,2,0,0	S-14 d3-9 d4-1 d5+8	s11-grammar-subregion-closed
32	121	0	3	6	2	135,9,2,0,0	S-14 d3-9 d4+1 d5+6 ip+2	
32	121	0	5	5	1	135,9,2,0,0	S-14 d3-9 d4+3 d5+5 ip+1	
32	121	0	7	4	0	135,9,2,0,0	S-14 d3-9 d4+5 d5+4	s11-grammar-subregion-closed
32	121	1	1	7	2	135,9,2,0,0	S-14 d3-8 d4-1 d5+7 ip+2	
32	121	1	3	5	4	135,9,2,0,0	S-14 d3-8 d4+1 d5+5 ip+4	
32	121	1	5	4	3	135,9,2,0,0	S-14 d3-8 d4+3 d5+4 ip+3	
32	121	1	7	3	2	135,9,2,0,0	S-14 d3-8 d4+5 d5+3 ip+2	
32	121	1	9	2	1	135,9,2,0,0	S-14 d3-8 d4+7 d5+2 ip+1	
32	121	1	11	1	0	135,9,2,0,0	S-14 d3-8 d4+9 d5+1	s11-grammar-subregion-closed
32	121	2	1	6	4	135,9,2,0,0	S-14 d3-7 d4-1 d5+6 ip+4	
32	121	2	7	2	4	135,9,2,0,0	S-14 d3-7 d4+5 d5+2 ip+4	
32	121	2	9	1	3	135,9,2,0,0	S-14 d3-7 d4+7 d5+1 ip+3	
32	121	2	11	0	2	135,9,2,0,0	S-14 d3-7 d4+9 ip+2	
32	122	0	1	7	2	135,9,2,0,0	S-13 d3-9 d4-1 d5+7 ip+2	
32	122	0	3	5	4	135,9,2,0,0	S-13 d3-9 d4+1 d5+5 ip+4	
32	122	0	5	4	3	135,9,2,0,0	S-13 d3-9 d4+3 d5+4 ip+3	
32	122	0	7	3	2	135,9,2,0,0	S-13 d3-9 d4+5 d5+3 ip+2	
32	122	0	9	2	1	135,9,2,0,0	S-13 d3-9 d4+7 d5+2 ip+1	
32	122	0	11	1	0	135,9,2,0,0	S-13 d3-9 d4+9 d5+1	s11-grammar-subregion-closed
32	122	1	1	6	4	135,9,2,0,0	S-13 d3-8 d4-1 d5+6 ip+4	
32	122	1	3	4	6	135,9,2,0,0	S-13 d3-8 d4+1 d5+4 ip+6	
32	122	1	5	3	5	135,9,2,0,0	S-13 d3-8 d4+3 d5+3 ip+5	
32	122	1	7	2	4	135,9,2,0,0	S-13 d3-8 d4+5 d5+2 ip+4	
32	122	1	9	1	3	135,9,2,0,0	S-13 d3-8 d4+7 d5+1 ip+3	
32	122	1	11	0	2	135,9,2,0,0	S-13 d3-8 d4+9 ip+2	
32	122	2	1	5	6	135,9,2,0,0	S-13 d3-7 d4-1 d5+5 ip+6	
32	122	2	3	3	8	135,9,2,0,0	S-13 d3-7 d4+1 d5+3 ip+8	
32	122	2	5	2	7	135,9,2,0,0	S-13 d3-7 d4+3 d5+2 ip+7	
32	122	2	7	1	6	135,9,2,0,0	S-13 d3-7 d4+5 d5+1 ip+6	
32	122	2	9	0	5	135,9,2,0,0	S-13 d3-7 d4+7 ip+5	
32	122	3	1	4	8	135,9,2,0,0	S-13 d3-6 d4-1 d5+4 ip+8	
32	122	3	7	0	8	135,9,2,0,0	S-13 d3-6 d4+5 ip+8	
32	123	0	1	6	4	135,9,2,0,0	S-12 d3-9 d4-1 d5+6 ip+4	
32	123	0	3	4	6	135,9,2,0,0	S-12 d3-9 d4+1 d5+4 ip+6	
32	123	0	5	3	5	135,9,2,0,0	S-12 d3-9 d4+3 d5+3 ip+5	
32	123	0	7	2	4	135,9,2,0,0	S-12 d3-9 d4+5 d5+2 ip+4	
32	123	0	9	1	3	135,9,2,0,0	S-12 d3-9 d4+7 d5+1 ip+3	
32	123	0	11	0	2	135,9,2,0,0	S-12 d3-9 d4+9 ip+2	
32	123	1	1	5	6	135,9,2,0,0	S-12 d3-8 d4-1 d5+5 ip+6	
32	123	1	3	3	8	135,9,2,0,0	S-12 d3-8 d4+1 d5+3 ip+8	
32	123	1	5	2	7	135,9,2,0,0	S-12 d3-8 d4+3 d5+2 ip+7	
32	123	1	7	1	6	135,9,2,0,0	S-12 d3-8 d4+5 d5+1 ip+6	
32	123	1	9	0	5	135,9,2,0,0	S-12 d3-8 d4+7 ip+5	
32	123	2	1	4	8	135,9,2,0,0	S-12 d3-7 d4-1 d5+4 ip+8	
32	123	2	3	2	10	135,9,2,0,0	S-12 d3-7 d4+1 d5+2 ip+10	
32	123	2	5	1	9	135,9,2,0,0	S-12 d3-7 d4+3 d5+1 ip+9	
32	123	2	7	0	8	135,9,2,0,0	S-12 d3-7 d4+5 ip+8	
32	123	3	1	3	10	135,9,2,0,0	S-12 d3-6 d4-1 d5+3 ip+10	
32	123	3	3	1	12	135,9,2,0,0	S-12 d3-6 d4+1 d5+1 ip+12	
32	123	3	5	0	11	135,9,2,0,0	S-12 d3-6 d4+3 ip+11	
32	123	4	1	2	12	135,9,2,0,0	S-12 d3-5 d4-1 d5+2 ip+12	
32	124	0	1	5	6	135,9,2,0,0	S-11 d3-9 d4-1 d5+5 ip+6	
32	124	0	3	3	8	135,9,2,0,0	S-11 d3-9 d4+1 d5+3 ip+8	
32	124	0	5	2	7	135,9,2,0,0	S-11 d3-9 d4+3 d5+2 ip+7	
32	124	0	7	1	6	135,9,2,0,0	S-11 d3-9 d4+5 d5+1 ip+6	
32	124	0	9	0	5	135,9,2,0,0	S-11 d3-9 d4+7 ip+5	
32	124	1	1	4	8	135,9,2,0,0	S-11 d3-8 d4-1 d5+4 ip+8	
32	124	1	3	2	10	135,9,2,0,0	S-11 d3-8 d4+1 d5+2 ip+10	
32	124	1	5	1	9	135,9,2,0,0	S-11 d3-8 d4+3 d5+1 ip+9	
32	124	1	7	0	8	135,9,2,0,0	S-11 d3-8 d4+5 ip+8	
32	124	2	1	3	10	135,9,2,0,0	S-11 d3-7 d4-1 d5+3 ip+10	
32	124	2	3	1	12	135,9,2,0,0	S-11 d3-7 d4+1 d5+1 ip+12	
32	124	2	5	0	11	135,9,2,0,0	S-11 d3-7 d4+3 ip+11	
32	124	3	1	2	12	135,9,2,0,0	S-11 d3-6 d4-1 d5+2 ip+12	
32	124	3	3	0	14	135,9,2,0,0	S-11 d3-6 d4+1 ip+14	
32	124	4	1	1	14	135,9,2,0,0	S-11 d3-5 d4-1 d5+1 ip+14	
32	124	5	1	0	16	135,9,2,0,0	S-11 d3-4 d4-1 ip+16	
32	125	0	1	4	8	135,9,2,0,0	S-10 d3-9 d4-1 d5+4 ip+8	
32	125	0	3	2	10	135,9,2,0,0	S-10 d3-9 d4+1 d5+2 ip+10	
32	125	0	5	1	9	135,9,2,0,0	S-10 d3-9 d4+3 d5+1 ip+9	
32	125	0	7	0	8	135,9,2,0,0	S-10 d3-9 d4+5 ip+8	
32	125	1	1	3	10	135,9,2,0,0	S-10 d3-8 d4-1 d5+3 ip+10	
32	125	1	3	1	12	135,9,2,0,0	S-10 d3-8 d4+1 d5+1 ip+12	
32	125	1	5	0	11	135,9,2,0,0	S-10 d3-8 d4+3 ip+11	
32	125	2	1	2	12	135,9,2,0,0	S-10 d3-7 d4-1 d5+2 ip+12	
32	125	2	3	0	14	135,9,2,0,0	S-10 d3-7 d4+1 ip+14	
32	125	3	1	1	14	135,9,2,0,0	S-10 d3-6 d4-1 d5+1 ip+14	
32	125	4	1	0	16	135,9,2,0,0	S-10 d3-5 d4-1 ip+16	
32	126	0	1	3	10	135,9,2,0,0	S-9 d3-9 d4-1 d5+3 ip+10	
32	126	0	3	1	12	135,9,2,0,0	S-9 d3-9 d4+1 d5+1 ip+12	
32	126	0	5	0	11	135,9,2,0,0	S-9 d3-9 d4+3 ip+11	
32	126	1	1	2	12	135,9,2,0,0	S-9 d3-8 d4-1 d5+2 ip+12	
32	126	1	3	0	14	135,9,2,0,0	S-9 d3-8 d4+1 ip+14	
32	126	2	1	1	14	135,9,2,0,0	S-9 d3-7 d4-1 d5+1 ip+14	
32	126	3	1	0	16	135,9,2,0,0	S-9 d3-6 d4-1 ip+16	
32	127	0	1	2	12	135,9,2,0,0	S-8 d3-9 d4-1 d5+2 ip+12	
32	127	0	3	0	14	135,9,2,0,0	S-8 d3-9 d4+1 ip+14	
32	127	1	1	1	14	135,9,2,0,0	S-8 d3-8 d4-1 d5+1 ip+14	
32	127	2	1	0	16	135,9,2,0,0	S-8 d3-7 d4-1 ip+16	
32	128	0	1	1	14	135,9,2,0,0	S-7 d3-9 d4-1 d5+1 ip+14	
32	128	1	1	0	16	135,9,2,0,0	S-7 d3-8 d4-1 ip+16	
32	129	0	1	0	16	135,9,2,0,0	S-6 d3-9 d4-1 ip+16	
33	120	0	6	5	0	135,9,2,0,0	S-15 d3-9 d4+4 d5+5	s11-grammar-subregion-closed;perfect-ride-family(ATSP-closable)
33	120	1	10	2	0	135,9,2,0,0	S-15 d3-8 d4+8 d5+2	s11-grammar-subregion-closed;perfect-ride-family(ATSP-closable)
33	120	24	0	1	0	135,9,2,0,0	S-15 d3+15 d4-2 d5+1	s11-grammar-subregion-closed;perfect-ride-family(ATSP-closable)
33	121	0	2	6	4	135,9,2,0,0	S-14 d3-9 d5+6 ip+4	
33	121	0	4	5	3	135,9,2,0,0	S-14 d3-9 d4+2 d5+5 ip+3	
33	121	0	6	4	2	135,9,2,0,0	S-14 d3-9 d4+4 d5+4 ip+2	
33	121	0	8	3	1	135,9,2,0,0	S-14 d3-9 d4+6 d5+3 ip+1	
33	121	0	10	2	0	135,9,2,0,0	S-14 d3-9 d4+8 d5+2	s11-grammar-subregion-closed
33	121	1	0	8	1	135,9,2,0,0	S-14 d3-8 d4-2 d5+8 ip+1	
33	121	1	6	3	4	135,9,2,0,0	S-14 d3-8 d4+4 d5+3 ip+4	
33	121	1	8	2	3	135,9,2,0,0	S-14 d3-8 d4+6 d5+2 ip+3	
33	121	1	10	1	2	135,9,2,0,0	S-14 d3-8 d4+8 d5+1 ip+2	
33	121	1	12	0	1	135,9,2,0,0	S-14 d3-8 d4+10 ip+1	
33	121	2	0	7	3	135,9,2,0,0	S-14 d3-7 d4-2 d5+7 ip+3	
33	121	2	10	0	4	135,9,2,0,0	S-14 d3-7 d4+8 ip+4	
33	121	22	0	0	4	135,9,2,0,0	S-14 d3+13 d4-2 ip+4	
33	121	23	0	0	3	135,9,2,0,0	S-14 d3+14 d4-2 ip+3	
33	121	24	0	0	2	135,9,2,0,0	S-14 d3+15 d4-2 ip+2	
33	121	25	0	0	1	135,9,2,0,0	S-14 d3+16 d4-2 ip+1	
33	121	26	0	0	0	135,9,2,0,0	S-14 d3+17 d4-2	s11-grammar-subregion-closed
33	122	0	0	8	1	135,9,2,0,0	S-13 d3-9 d4-2 d5+8 ip+1	
33	122	0	2	5	6	135,9,2,0,0	S-13 d3-9 d5+5 ip+6	
33	122	0	4	4	5	135,9,2,0,0	S-13 d3-9 d4+2 d5+4 ip+5	
33	122	0	6	3	4	135,9,2,0,0	S-13 d3-9 d4+4 d5+3 ip+4	
33	122	0	8	2	3	135,9,2,0,0	S-13 d3-9 d4+6 d5+2 ip+3	
33	122	0	10	1	2	135,9,2,0,0	S-13 d3-9 d4+8 d5+1 ip+2	
33	122	0	12	0	1	135,9,2,0,0	S-13 d3-9 d4+10 ip+1	
33	122	1	0	7	3	135,9,2,0,0	S-13 d3-8 d4-2 d5+7 ip+3	
33	122	1	2	4	8	135,9,2,0,0	S-13 d3-8 d5+4 ip+8	
33	122	1	4	3	7	135,9,2,0,0	S-13 d3-8 d4+2 d5+3 ip+7	
33	122	1	6	2	6	135,9,2,0,0	S-13 d3-8 d4+4 d5+2 ip+6	
33	122	1	8	1	5	135,9,2,0,0	S-13 d3-8 d4+6 d5+1 ip+5	
33	122	1	10	0	4	135,9,2,0,0	S-13 d3-8 d4+8 ip+4	
33	122	2	0	6	5	135,9,2,0,0	S-13 d3-7 d4-2 d5+6 ip+5	
33	122	2	6	1	8	135,9,2,0,0	S-13 d3-7 d4+4 d5+1 ip+8	
33	122	2	8	0	7	135,9,2,0,0	S-13 d3-7 d4+6 ip+7	
33	122	3	0	5	7	135,9,2,0,0	S-13 d3-6 d4-2 d5+5 ip+7	
33	123	0	0	7	3	135,9,2,0,0	S-12 d3-9 d4-2 d5+7 ip+3	
33	123	0	2	4	8	135,9,2,0,0	S-12 d3-9 d5+4 ip+8	
33	123	0	4	3	7	135,9,2,0,0	S-12 d3-9 d4+2 d5+3 ip+7	
33	123	0	6	2	6	135,9,2,0,0	S-12 d3-9 d4+4 d5+2 ip+6	
33	123	0	8	1	5	135,9,2,0,0	S-12 d3-9 d4+6 d5+1 ip+5	
33	123	0	10	0	4	135,9,2,0,0	S-12 d3-9 d4+8 ip+4	
33	123	1	0	6	5	135,9,2,0,0	S-12 d3-8 d4-2 d5+6 ip+5	
33	123	1	2	3	10	135,9,2,0,0	S-12 d3-8 d5+3 ip+10	
33	123	1	4	2	9	135,9,2,0,0	S-12 d3-8 d4+2 d5+2 ip+9	
33	123	1	6	1	8	135,9,2,0,0	S-12 d3-8 d4+4 d5+1 ip+8	
33	123	1	8	0	7	135,9,2,0,0	S-12 d3-8 d4+6 ip+7	
33	123	2	0	5	7	135,9,2,0,0	S-12 d3-7 d4-2 d5+5 ip+7	
33	123	2	2	2	12	135,9,2,0,0	S-12 d3-7 d5+2 ip+12	
33	123	2	4	1	11	135,9,2,0,0	S-12 d3-7 d4+2 d5+1 ip+11	
33	123	2	6	0	10	135,9,2,0,0	S-12 d3-7 d4+4 ip+10	
33	123	3	0	4	9	135,9,2,0,0	S-12 d3-6 d4-2 d5+4 ip+9	
33	123	4	0	3	11	135,9,2,0,0	S-12 d3-5 d4-2 d5+3 ip+11	
33	124	0	0	6	5	135,9,2,0,0	S-11 d3-9 d4-2 d5+6 ip+5	
33	124	0	2	3	10	135,9,2,0,0	S-11 d3-9 d5+3 ip+10	
33	124	0	4	2	9	135,9,2,0,0	S-11 d3-9 d4+2 d5+2 ip+9	
33	124	0	6	1	8	135,9,2,0,0	S-11 d3-9 d4+4 d5+1 ip+8	
33	124	0	8	0	7	135,9,2,0,0	S-11 d3-9 d4+6 ip+7	
33	124	1	0	5	7	135,9,2,0,0	S-11 d3-8 d4-2 d5+5 ip+7	
33	124	1	2	2	12	135,9,2,0,0	S-11 d3-8 d5+2 ip+12	
33	124	1	4	1	11	135,9,2,0,0	S-11 d3-8 d4+2 d5+1 ip+11	
33	124	1	6	0	10	135,9,2,0,0	S-11 d3-8 d4+4 ip+10	
33	124	2	0	4	9	135,9,2,0,0	S-11 d3-7 d4-2 d5+4 ip+9	
33	124	2	2	1	14	135,9,2,0,0	S-11 d3-7 d5+1 ip+14	
33	124	2	4	0	13	135,9,2,0,0	S-11 d3-7 d4+2 ip+13	
33	124	3	0	3	11	135,9,2,0,0	S-11 d3-6 d4-2 d5+3 ip+11	
33	124	3	2	0	16	135,9,2,0,0	S-11 d3-6 ip+16	
33	124	4	0	2	13	135,9,2,0,0	S-11 d3-5 d4-2 d5+2 ip+13	
33	124	5	0	1	15	135,9,2,0,0	S-11 d3-4 d4-2 d5+1 ip+15	
33	125	0	0	5	7	135,9,2,0,0	S-10 d3-9 d4-2 d5+5 ip+7	
33	125	0	2	2	12	135,9,2,0,0	S-10 d3-9 d5+2 ip+12	
33	125	0	4	1	11	135,9,2,0,0	S-10 d3-9 d4+2 d5+1 ip+11	
33	125	0	6	0	10	135,9,2,0,0	S-10 d3-9 d4+4 ip+10	
33	125	1	0	4	9	135,9,2,0,0	S-10 d3-8 d4-2 d5+4 ip+9	
33	125	1	2	1	14	135,9,2,0,0	S-10 d3-8 d5+1 ip+14	
33	125	1	4	0	13	135,9,2,0,0	S-10 d3-8 d4+2 ip+13	
33	125	2	0	3	11	135,9,2,0,0	S-10 d3-7 d4-2 d5+3 ip+11	
33	125	2	2	0	16	135,9,2,0,0	S-10 d3-7 ip+16	
33	125	3	0	2	13	135,9,2,0,0	S-10 d3-6 d4-2 d5+2 ip+13	
33	125	4	0	1	15	135,9,2,0,0	S-10 d3-5 d4-2 d5+1 ip+15	
33	125	5	0	0	17	135,9,2,0,0	S-10 d3-4 d4-2 ip+17	
33	126	0	0	4	9	135,9,2,0,0	S-9 d3-9 d4-2 d5+4 ip+9	
33	126	0	2	1	14	135,9,2,0,0	S-9 d3-9 d5+1 ip+14	
33	126	0	4	0	13	135,9,2,0,0	S-9 d3-9 d4+2 ip+13	
33	126	1	0	3	11	135,9,2,0,0	S-9 d3-8 d4-2 d5+3 ip+11	
33	126	1	2	0	16	135,9,2,0,0	S-9 d3-8 ip+16	
33	126	2	0	2	13	135,9,2,0,0	S-9 d3-7 d4-2 d5+2 ip+13	
33	126	3	0	1	15	135,9,2,0,0	S-9 d3-6 d4-2 d5+1 ip+15	
33	126	4	0	0	17	135,9,2,0,0	S-9 d3-5 d4-2 ip+17	
33	127	0	0	3	11	135,9,2,0,0	S-8 d3-9 d4-2 d5+3 ip+11	
33	127	0	2	0	16	135,9,2,0,0	S-8 d3-9 ip+16	
33	127	1	0	2	13	135,9,2,0,0	S-8 d3-8 d4-2 d5+2 ip+13	
33	127	2	0	1	15	135,9,2,0,0	S-8 d3-7 d4-2 d5+1 ip+15	
33	127	3	0	0	17	135,9,2,0,0	S-8 d3-6 d4-2 ip+17	
33	128	0	0	2	13	135,9,2,0,0	S-7 d3-9 d4-2 d5+2 ip+13	
33	128	1	0	1	15	135,9,2,0,0	S-7 d3-8 d4-2 d5+1 ip+15	
33	128	2	0	0	17	135,9,2,0,0	S-7 d3-7 d4-2 ip+17	
33	129	0	0	1	15	135,9,2,0,0	S-6 d3-9 d4-2 d5+1 ip+15	
33	129	1	0	0	17	135,9,2,0,0	S-6 d3-8 d4-2 ip+17	
33	130	0	0	0	17	135,9,2,0,0	S-5 d3-9 d4-2 ip+17	
34	120	0	9	3	0	135,9,2,0,0	S-15 d3-9 d4+7 d5+3	s11-grammar-subregion-closed;perfect-ride-family(ATSP-closable)
34	120	1	13	0	0	135,9,2,0,0	S-15 d3-8 d4+11	s11-grammar-subregion-closed;perfect-ride-family(ATSP-closable)
34	121	0	1	7	3	135,9,2,0,0	S-14 d3-9 d4-1 d5+7 ip+3	
34	121	0	5	4	4	135,9,2,0,0	S-14 d3-9 d4+3 d5+4 ip+4	
34	121	0	7	3	3	135,9,2,0,0	S-14 d3-9 d4+5 d5+3 ip+3	
34	121	0	9	2	2	135,9,2,0,0	S-14 d3-9 d4+7 d5+2 ip+2	
34	121	0	11	1	1	135,9,2,0,0	S-14 d3-9 d4+9 d5+1 ip+1	
34	121	0	13	0	0	135,9,2,0,0	S-14 d3-9 d4+11	s11-grammar-subregion-closed
34	121	1	9	1	4	135,9,2,0,0	S-14 d3-8 d4+7 d5+1 ip+4	
34	121	1	11	0	3	135,9,2,0,0	S-14 d3-8 d4+9 ip+3	
34	122	0	1	6	5	135,9,2,0,0	S-13 d3-9 d4-1 d5+6 ip+5	
34	122	0	3	4	7	135,9,2,0,0	S-13 d3-9 d4+1 d5+4 ip+7	
34	122	0	5	3	6	135,9,2,0,0	S-13 d3-9 d4+3 d5+3 ip+6	
34	122	0	7	2	5	135,9,2,0,0	S-13 d3-9 d4+5 d5+2 ip+5	
34	122	0	9	1	4	135,9,2,0,0	S-13 d3-9 d4+7 d5+1 ip+4	
34	122	0	11	0	3	135,9,2,0,0	S-13 d3-9 d4+9 ip+3	
34	122	1	1	5	7	135,9,2,0,0	S-13 d3-8 d4-1 d5+5 ip+7	
34	122	1	5	2	8	135,9,2,0,0	S-13 d3-8 d4+3 d5+2 ip+8	
34	122	1	7	1	7	135,9,2,0,0	S-13 d3-8 d4+5 d5+1 ip+7	
34	122	1	9	0	6	135,9,2,0,0	S-13 d3-8 d4+7 ip+6	
34	123	0	1	5	7	135,9,2,0,0	S-12 d3-9 d4-1 d5+5 ip+7	
34	123	0	3	3	9	135,9,2,0,0	S-12 d3-9 d4+1 d5+3 ip+9	
34	123	0	5	2	8	135,9,2,0,0	S-12 d3-9 d4+3 d5+2 ip+8	
34	123	0	7	1	7	135,9,2,0,0	S-12 d3-9 d4+5 d5+1 ip+7	
34	123	0	9	0	6	135,9,2,0,0	S-12 d3-9 d4+7 ip+6	
34	123	1	1	4	9	135,9,2,0,0	S-12 d3-8 d4-1 d5+4 ip+9	
34	123	1	3	2	11	135,9,2,0,0	S-12 d3-8 d4+1 d5+2 ip+11	
34	123	1	5	1	10	135,9,2,0,0	S-12 d3-8 d4+3 d5+1 ip+10	
34	123	1	7	0	9	135,9,2,0,0	S-12 d3-8 d4+5 ip+9	
34	123	2	1	3	11	135,9,2,0,0	S-12 d3-7 d4-1 d5+3 ip+11	
34	123	2	5	0	12	135,9,2,0,0	S-12 d3-7 d4+3 ip+12	
34	124	0	1	4	9	135,9,2,0,0	S-11 d3-9 d4-1 d5+4 ip+9	
34	124	0	3	2	11	135,9,2,0,0	S-11 d3-9 d4+1 d5+2 ip+11	
34	124	0	5	1	10	135,9,2,0,0	S-11 d3-9 d4+3 d5+1 ip+10	
34	124	0	7	0	9	135,9,2,0,0	S-11 d3-9 d4+5 ip+9	
34	124	1	1	3	11	135,9,2,0,0	S-11 d3-8 d4-1 d5+3 ip+11	
34	124	1	3	1	13	135,9,2,0,0	S-11 d3-8 d4+1 d5+1 ip+13	
34	124	1	5	0	12	135,9,2,0,0	S-11 d3-8 d4+3 ip+12	
34	124	2	1	2	13	135,9,2,0,0	S-11 d3-7 d4-1 d5+2 ip+13	
34	124	2	3	0	15	135,9,2,0,0	S-11 d3-7 d4+1 ip+15	
34	124	3	1	1	15	135,9,2,0,0	S-11 d3-6 d4-1 d5+1 ip+15	
34	125	0	1	3	11	135,9,2,0,0	S-10 d3-9 d4-1 d5+3 ip+11	
34	125	0	3	1	13	135,9,2,0,0	S-10 d3-9 d4+1 d5+1 ip+13	
34	125	0	5	0	12	135,9,2,0,0	S-10 d3-9 d4+3 ip+12	
34	125	1	1	2	13	135,9,2,0,0	S-10 d3-8 d4-1 d5+2 ip+13	
34	125	1	3	0	15	135,9,2,0,0	S-10 d3-8 d4+1 ip+15	
34	125	2	1	1	15	135,9,2,0,0	S-10 d3-7 d4-1 d5+1 ip+15	
34	125	3	1	0	17	135,9,2,0,0	S-10 d3-6 d4-1 ip+17	
34	126	0	1	2	13	135,9,2,0,0	S-9 d3-9 d4-1 d5+2 ip+13	
34	126	0	3	0	15	135,9,2,0,0	S-9 d3-9 d4+1 ip+15	
34	126	1	1	1	15	135,9,2,0,0	S-9 d3-8 d4-1 d5+1 ip+15	
34	126	2	1	0	17	135,9,2,0,0	S-9 d3-7 d4-1 ip+17	
34	127	0	1	1	15	135,9,2,0,0	S-8 d3-9 d4-1 d5+1 ip+15	
34	127	1	1	0	17	135,9,2,0,0	S-8 d3-8 d4-1 ip+17	
34	128	0	1	0	17	135,9,2,0,0	S-7 d3-9 d4-1 ip+17	
35	120	0	0	9	0	135,9,2,0,0	S-15 d3-9 d4-2 d5+9	s11-grammar-subregion-closed;perfect-ride-family(ATSP-closable)
35	120	0	12	1	0	135,9,2,0,0	S-15 d3-9 d4+10 d5+1	s11-grammar-subregion-closed;perfect-ride-family(ATSP-closable)
35	120	27	0	0	0	135,9,2,0,0	S-15 d3+18 d4-2	s11-grammar-subregion-closed;perfect-ride-family(ATSP-closable)
35	121	0	0	8	2	135,9,2,0,0	S-14 d3-9 d4-2 d5+8 ip+2	
35	121	0	8	2	4	135,9,2,0,0	S-14 d3-9 d4+6 d5+2 ip+4	
35	121	0	10	1	3	135,9,2,0,0	S-14 d3-9 d4+8 d5+1 ip+3	
35	121	0	12	0	2	135,9,2,0,0	S-14 d3-9 d4+10 ip+2	
35	121	1	0	7	4	135,9,2,0,0	S-14 d3-8 d4-2 d5+7 ip+4	
35	122	0	0	7	4	135,9,2,0,0	S-13 d3-9 d4-2 d5+7 ip+4	
35	122	0	4	3	8	135,9,2,0,0	S-13 d3-9 d4+2 d5+3 ip+8	
35	122	0	6	2	7	135,9,2,0,0	S-13 d3-9 d4+4 d5+2 ip+7	
35	122	0	8	1	6	135,9,2,0,0	S-13 d3-9 d4+6 d5+1 ip+6	
35	122	0	10	0	5	135,9,2,0,0	S-13 d3-9 d4+8 ip+5	
35	122	1	0	6	6	135,9,2,0,0	S-13 d3-8 d4-2 d5+6 ip+6	
35	122	1	8	0	8	135,9,2,0,0	S-13 d3-8 d4+6 ip+8	
35	122	2	0	5	8	135,9,2,0,0	S-13 d3-7 d4-2 d5+5 ip+8	
35	123	0	0	6	6	135,9,2,0,0	S-12 d3-9 d4-2 d5+6 ip+6	
35	123	0	2	3	11	135,9,2,0,0	S-12 d3-9 d5+3 ip+11	
35	123	0	4	2	10	135,9,2,0,0	S-12 d3-9 d4+2 d5+2 ip+10	
35	123	0	6	1	9	135,9,2,0,0	S-12 d3-9 d4+4 d5+1 ip+9	
35	123	0	8	0	8	135,9,2,0,0	S-12 d3-9 d4+6 ip+8	
35	123	1	0	5	8	135,9,2,0,0	S-12 d3-8 d4-2 d5+5 ip+8	
35	123	1	4	1	12	135,9,2,0,0	S-12 d3-8 d4+2 d5+1 ip+12	
35	123	1	6	0	11	135,9,2,0,0	S-12 d3-8 d4+4 ip+11	
35	123	2	0	4	10	135,9,2,0,0	S-12 d3-7 d4-2 d5+4 ip+10	
35	123	3	0	3	12	135,9,2,0,0	S-12 d3-6 d4-2 d5+3 ip+12	
35	124	0	0	5	8	135,9,2,0,0	S-11 d3-9 d4-2 d5+5 ip+8	
35	124	0	2	2	13	135,9,2,0,0	S-11 d3-9 d5+2 ip+13	
35	124	0	4	1	12	135,9,2,0,0	S-11 d3-9 d4+2 d5+1 ip+12	
35	124	0	6	0	11	135,9,2,0,0	S-11 d3-9 d4+4 ip+11	
35	124	1	0	4	10	135,9,2,0,0	S-11 d3-8 d4-2 d5+4 ip+10	
35	124	1	2	1	15	135,9,2,0,0	S-11 d3-8 d5+1 ip+15	
35	124	1	4	0	14	135,9,2,0,0	S-11 d3-8 d4+2 ip+14	
35	124	2	0	3	12	135,9,2,0,0	S-11 d3-7 d4-2 d5+3 ip+12	
35	124	3	0	2	14	135,9,2,0,0	S-11 d3-6 d4-2 d5+2 ip+14	
35	124	4	0	1	16	135,9,2,0,0	S-11 d3-5 d4-2 d5+1 ip+16	
35	125	0	0	4	10	135,9,2,0,0	S-10 d3-9 d4-2 d5+4 ip+10	
35	125	0	2	1	15	135,9,2,0,0	S-10 d3-9 d5+1 ip+15	
35	125	0	4	0	14	135,9,2,0,0	S-10 d3-9 d4+2 ip+14	
35	125	1	0	3	12	135,9,2,0,0	S-10 d3-8 d4-2 d5+3 ip+12	
35	125	1	2	0	17	135,9,2,0,0	S-10 d3-8 ip+17	
35	125	2	0	2	14	135,9,2,0,0	S-10 d3-7 d4-2 d5+2 ip+14	
35	125	3	0	1	16	135,9,2,0,0	S-10 d3-6 d4-2 d5+1 ip+16	
35	125	4	0	0	18	135,9,2,0,0	S-10 d3-5 d4-2 ip+18	
35	126	0	0	3	12	135,9,2,0,0	S-9 d3-9 d4-2 d5+3 ip+12	
35	126	0	2	0	17	135,9,2,0,0	S-9 d3-9 ip+17	
35	126	1	0	2	14	135,9,2,0,0	S-9 d3-8 d4-2 d5+2 ip+14	
35	126	2	0	1	16	135,9,2,0,0	S-9 d3-7 d4-2 d5+1 ip+16	
35	126	3	0	0	18	135,9,2,0,0	S-9 d3-6 d4-2 ip+18	
35	127	0	0	2	14	135,9,2,0,0	S-8 d3-9 d4-2 d5+2 ip+14	
35	127	1	0	1	16	135,9,2,0,0	S-8 d3-8 d4-2 d5+1 ip+16	
35	127	2	0	0	18	135,9,2,0,0	S-8 d3-7 d4-2 ip+18	
35	128	0	0	1	16	135,9,2,0,0	S-7 d3-9 d4-2 d5+1 ip+16	
35	128	1	0	0	18	135,9,2,0,0	S-7 d3-8 d4-2 ip+18	
35	129	0	0	0	18	135,9,2,0,0	S-6 d3-9 d4-2 ip+18	
36	121	0	11	0	4	135,9,2,0,0	S-14 d3-9 d4+9 ip+4	
36	122	0	1	5	8	135,9,2,0,0	S-13 d3-9 d4-1 d5+5 ip+8	
36	122	0	7	1	8	135,9,2,0,0	S-13 d3-9 d4+5 d5+1 ip+8	
36	122	0	9	0	7	135,9,2,0,0	S-13 d3-9 d4+7 ip+7	
36	123	0	1	4	10	135,9,2,0,0	S-12 d3-9 d4-1 d5+4 ip+10	
36	123	0	3	2	12	135,9,2,0,0	S-12 d3-9 d4+1 d5+2 ip+12	
36	123	0	5	1	11	135,9,2,0,0	S-12 d3-9 d4+3 d5+1 ip+11	
36	123	0	7	0	10	135,9,2,0,0	S-12 d3-9 d4+5 ip+10	
36	123	1	1	3	12	135,9,2,0,0	S-12 d3-8 d4-1 d5+3 ip+12	
36	124	0	1	3	12	135,9,2,0,0	S-11 d3-9 d4-1 d5+3 ip+12	
36	124	0	3	1	14	135,9,2,0,0	S-11 d3-9 d4+1 d5+1 ip+14	
36	124	0	5	0	13	135,9,2,0,0	S-11 d3-9 d4+3 ip+13	
36	124	1	1	2	14	135,9,2,0,0	S-11 d3-8 d4-1 d5+2 ip+14	
36	124	1	3	0	16	135,9,2,0,0	S-11 d3-8 d4+1 ip+16	
36	124	2	1	1	16	135,9,2,0,0	S-11 d3-7 d4-1 d5+1 ip+16	
36	125	0	1	2	14	135,9,2,0,0	S-10 d3-9 d4-1 d5+2 ip+14	
36	125	0	3	0	16	135,9,2,0,0	S-10 d3-9 d4+1 ip+16	
36	125	1	1	1	16	135,9,2,0,0	S-10 d3-8 d4-1 d5+1 ip+16	
36	125	2	1	0	18	135,9,2,0,0	S-10 d3-7 d4-1 ip+18	
36	126	0	1	1	16	135,9,2,0,0	S-9 d3-9 d4-1 d5+1 ip+16	
36	126	1	1	0	18	135,9,2,0,0	S-9 d3-8 d4-1 ip+18	
36	127	0	1	0	18	135,9,2,0,0	S-8 d3-9 d4-1 ip+18	
37	122	0	0	6	7	135,9,2,0,0	S-13 d3-9 d4-2 d5+6 ip+7	
37	123	0	0	5	9	135,9,2,0,0	S-12 d3-9 d4-2 d5+5 ip+9	
37	123	0	6	0	12	135,9,2,0,0	S-12 d3-9 d4+4 ip+12	
37	123	1	0	4	11	135,9,2,0,0	S-12 d3-8 d4-2 d5+4 ip+11	
37	124	0	0	4	11	135,9,2,0,0	S-11 d3-9 d4-2 d5+4 ip+11	
37	124	0	2	1	16	135,9,2,0,0	S-11 d3-9 d5+1 ip+16	
37	124	0	4	0	15	135,9,2,0,0	S-11 d3-9 d4+2 ip+15	
37	124	1	0	3	13	135,9,2,0,0	S-11 d3-8 d4-2 d5+3 ip+13	
37	124	2	0	2	15	135,9,2,0,0	S-11 d3-7 d4-2 d5+2 ip+15	
37	125	0	0	3	13	135,9,2,0,0	S-10 d3-9 d4-2 d5+3 ip+13	
37	125	0	2	0	18	135,9,2,0,0	S-10 d3-9 ip+18	
37	125	1	0	2	15	135,9,2,0,0	S-10 d3-8 d4-2 d5+2 ip+15	
37	125	2	0	1	17	135,9,2,0,0	S-10 d3-7 d4-2 d5+1 ip+17	
37	125	3	0	0	19	135,9,2,0,0	S-10 d3-6 d4-2 ip+19	
37	126	0	0	2	15	135,9,2,0,0	S-9 d3-9 d4-2 d5+2 ip+15	
37	126	1	0	1	17	135,9,2,0,0	S-9 d3-8 d4-2 d5+1 ip+17	
37	126	2	0	0	19	135,9,2,0,0	S-9 d3-7 d4-2 ip+19	
37	127	0	0	1	17	135,9,2,0,0	S-8 d3-9 d4-2 d5+1 ip+17	
37	127	1	0	0	19	135,9,2,0,0	S-8 d3-8 d4-2 ip+19	
37	128	0	0	0	19	135,9,2,0,0	S-7 d3-9 d4-2 ip+19	
38	124	0	1	2	15	135,9,2,0,0	S-11 d3-9 d4-1 d5+2 ip+15	
38	125	0	1	1	17	135,9,2,0,0	S-10 d3-9 d4-1 d5+1 ip+17	
38	125	1	1	0	19	135,9,2,0,0	S-10 d3-8 d4-1 ip+19	
38	126	0	1	0	19	135,9,2,0,0	S-9 d3-9 d4-1 ip+19	
39	123	0	0	4	12	135,9,2,0,0	S-12 d3-9 d4-2 d5+4 ip+12	
39	124	0	0	3	14	135,9,2,0,0	S-11 d3-9 d4-2 d5+3 ip+14	
39	124	1	0	2	16	135,9,2,0,0	S-11 d3-8 d4-2 d5+2 ip+16	
39	125	0	0	2	16	135,9,2,0,0	S-10 d3-9 d4-2 d5+2 ip+16	
39	125	1	0	1	18	135,9,2,0,0	S-10 d3-8 d4-2 d5+1 ip+18	
39	125	2	0	0	20	135,9,2,0,0	S-10 d3-7 d4-2 ip+20	
39	126	0	0	1	18	135,9,2,0,0	S-9 d3-9 d4-2 d5+1 ip+18	
39	126	1	0	0	20	135,9,2,0,0	S-9 d3-8 d4-2 ip+20	
39	127	0	0	0	20	135,9,2,0,0	S-8 d3-9 d4-2 ip+20	
40	125	0	1	0	20	135,9,2,0,0	S-10 d3-9 d4-1 ip+20	
41	125	0	0	1	19	135,9,2,0,0	S-10 d3-9 d4-2 d5+1 ip+19	
41	126	0	0	0	21	135,9,2,0,0	S-9 d3-9 d4-2 ip+21	
