blind	other	alloc_blind	alloc_other	other_touched	symdiff	ents_out	ents_in	doors_out	doors_in	o_src	o_tgt	rho
5906.up-1b0920685429.txt	5906.i4a-29c55ed5fbf6.txt	720,17	720,22	T	1287	646	641	12	17	F	F	1234567
5906.up-1b0920685429.txt	5906.i4a-50d865ca7907.txt	720,17	720,26	T	1415	712	703	15	24	F	R	6243517
5906.up-1b0920685429.txt	5906.i4a-66637a3b8941.txt	720,17	720,22	T	1159	582	577	12	17	F	F	1234567
5906.up-1b0920685429.txt	5906.i4a-6a77e138ea8e.txt	720,17	720,22	T	1191	598	593	12	17	F	F	1234567
5906.up-1b0920685429.txt	5906.i4a-7f46c8149026.txt	720,17	720,22	T	1171	588	583	12	17	F	F	1234567
5906.up-1b0920685429.txt	5906.i4a-b99b1d60f13e.txt	720,17	720,26	T	1427	718	709	15	24	F	R	6243517
5906.up-1b0920685429.txt	5906.i4a-c1080e26f60c.txt	720,17	720,22	T	1299	652	647	12	17	F	F	1234567
5906.up-1b0920685429.txt	5906.i4a-e0f3de4ca026.txt	720,17	720,22	T	1231	618	613	12	17	F	F	1234567
5906.up-1b0920685429.txt	5906.lswap-025c4805fc39.txt	720,17	720,17	T	1284	642	642	14	14	F	F	5264137
5906.up-1b0920685429.txt	5906.lswap-031568aa1b5c.txt	720,17	720,17	T	1240	620	620	14	14	F	F	1234567
5906.up-1b0920685429.txt	5906.lswap-06f4ba2c8122.txt	720,17	720,23	T	1050	528	522	3	9	F	F	1234567
5906.up-1b0920685429.txt	5906.lswap-09c105553d61.txt	720,17	720,23	T	906	456	450	3	9	F	F	1234567
5906.up-1b0920685429.txt	5906.lswap-0d13fc4a8a4a.txt	720,17	720,21	T	1148	576	572	12	16	F	F	1643527
5906.up-1b0920685429.txt	5906.lswap-0de54c0a7bb6.txt	720,17	720,17	T	1312	656	656	14	14	F	F	5264137
5906.up-1b0920685429.txt	5906.lswap-10f62906b166.txt	720,17	720,23	T	906	456	450	3	9	F	F	1462537
5906.up-1b0920685429.txt	5906.lswap-17203113788c.txt	720,17	720,17	T	1300	650	650	14	14	F	F	1234567
5906.up-1b0920685429.txt	5906.lswap-17946ea8ba63.txt	720,17	720,17	T	1328	664	664	14	14	F	F	1234567
5906.up-1b0920685429.txt	5906.lswap-1e70957354f1.txt	720,17	720,17	T	1324	662	662	14	14	F	F	5264137
5906.up-1b0920685429.txt	5906.lswap-1f8e06e3e616.txt	720,17	720,22	T	1147	576	571	12	17	F	F	1643527
5906.up-1b0920685429.txt	5906.lswap-20db05a5b51e.txt	720,17	720,17	T	1356	678	678	14	14	F	R	5264137
5906.up-1b0920685429.txt	5906.lswap-23548cda0ace.txt	720,17	720,23	T	1050	528	522	3	9	F	F	1462537
5906.up-1b0920685429.txt	5906.lswap-2497c9291398.txt	720,17	720,17	T	1264	632	632	14	14	F	F	1234567
5906.up-1b0920685429.txt	5906.lswap-25804d565b10.txt	720,17	720,17	T	1288	644	644	14	14	F	R	5264137
5906.up-1b0920685429.txt	5906.lswap-25cebe1ff658.txt	720,17	720,17	T	1360	680	680	14	14	F	F	5264137
5906.up-1b0920685429.txt	5906.lswap-28b97fbb68d1.txt	720,17	720,23	T	918	462	456	3	9	F	F	1462537
5906.up-1b0920685429.txt	5906.lswap-29ee6f7c1197.txt	720,17	720,17	T	1308	654	654	14	14	F	F	5264137
5906.up-1b0920685429.txt	5906.lswap-2ae54d2fd96c.txt	720,17	720,17	T	1264	632	632	14	14	F	F	1234567
5906.up-1b0920685429.txt	5906.lswap-2c94cb485ad7.txt	720,17	720,17	T	1140	570	570	0	0	F	F	1234567
5906.up-1b0920685429.txt	5906.lswap-2fb529601be6.txt	720,17	720,17	T	1348	674	674	14	14	F	F	5264137
5906.up-1b0920685429.txt	5906.lswap-3a55a72f70d6.txt	720,17	720,23	T	894	450	444	3	9	F	F	1462537
5906.up-1b0920685429.txt	5906.lswap-3b4f2e286e0c.txt	720,17	720,17	T	1344	672	672	14	14	F	R	5264137
5906.up-1b0920685429.txt	5906.lswap-3b66fbdbdf53.txt	720,17	720,17	T	1264	632	632	14	14	F	F	1234567
5906.up-1b0920685429.txt	5906.lswap-3baeeea281f2.txt	720,17	720,17	T	1276	638	638	14	14	F	R	5264137
5906.up-1b0920685429.txt	5906.lswap-3c791ffa671d.txt	720,17	720,17	T	1312	656	656	14	14	F	R	5264137
5906.up-1b0920685429.txt	5906.lswap-3d82ae1f2111.txt	720,17	720,17	T	1348	674	674	14	14	F	F	1234567
5906.up-1b0920685429.txt	5906.lswap-41a210488ac9.txt	720,17	720,17	T	1288	644	644	14	14	F	F	1234567
5906.up-1b0920685429.txt	5906.lswap-423441640591.txt	720,17	720,17	T	1336	668	668	14	14	F	R	5264137
5906.up-1b0920685429.txt	5906.lswap-469763027c57.txt	720,17	720,17	T	1324	662	662	14	14	F	R	5264137
5906.up-1b0920685429.txt	5906.lswap-49fac07a5323.txt	720,17	720,17	T	1288	644	644	14	14	F	F	1234567
5906.up-1b0920685429.txt	5906.lswap-49fc63d034f2.txt	720,17	720,17	T	1332	666	666	14	14	F	F	5264137
5906.up-1b0920685429.txt	5906.lswap-4a581202d46c.txt	720,17	720,17	T	1352	676	676	14	14	F	F	1234567
5906.up-1b0920685429.txt	5906.lswap-4c179f65aa4b.txt	720,17	720,17	T	1320	660	660	14	14	F	R	5264137
5906.up-1b0920685429.txt	5906.lswap-5228890279ca.txt	720,17	720,17	T	1300	650	650	14	14	F	F	1234567
5906.up-1b0920685429.txt	5906.lswap-52e683fb05d3.txt	720,17	720,17	T	1288	644	644	14	14	F	F	5264137
5906.up-1b0920685429.txt	5906.lswap-52f45c5e8e22.txt	720,17	720,17	T	1312	656	656	14	14	F	F	1234567
5906.up-1b0920685429.txt	5906.lswap-5764c730eaee.txt	720,17	720,17	T	1348	674	674	14	14	F	F	1234567
5906.up-1b0920685429.txt	5906.lswap-5808edca979d.txt	720,17	720,17	T	1308	654	654	14	14	F	F	5264137
5906.up-1b0920685429.txt	5906.lswap-5a55d1641a86.txt	720,17	720,17	T	1276	638	638	14	14	F	F	1234567
5906.up-1b0920685429.txt	5906.lswap-5a7a973564fd.txt	720,17	720,17	T	1336	668	668	14	14	F	F	1234567
5906.up-1b0920685429.txt	5906.lswap-5dbb54e50268.txt	720,17	720,17	T	1288	644	644	14	14	F	F	5264137
5906.up-1b0920685429.txt	5906.lswap-6008b60b1c2c.txt	720,17	720,17	T	1352	676	676	14	14	F	R	5264137
5906.up-1b0920685429.txt	5906.lswap-62d959eb4e73.txt	720,17	720,17	T	1264	632	632	14	14	F	F	5264137
5906.up-1b0920685429.txt	5906.lswap-637b5054102a.txt	720,17	720,21	T	1312	658	654	12	16	F	F	1643527
5906.up-1b0920685429.txt	5906.lswap-67fc5c2184ab.txt	720,17	720,23	T	906	456	450	3	9	F	F	1234567
5906.up-1b0920685429.txt	5906.lswap-68a263f18066.txt	720,17	720,17	T	1352	676	676	14	14	F	F	1234567
5906.up-1b0920685429.txt	5906.lswap-6bd82af50a4e.txt	720,17	720,17	T	1336	668	668	14	14	F	F	1234567
5906.up-1b0920685429.txt	5906.lswap-6d0ad177e5ee.txt	720,17	720,17	T	1288	644	644	14	14	F	F	1234567
5906.up-1b0920685429.txt	5906.lswap-6d7ea156bdcc.txt	720,17	720,17	T	1312	656	656	14	14	F	F	1234567
5906.up-1b0920685429.txt	5906.lswap-6dc582bac458.txt	720,17	720,22	T	1287	646	641	12	17	F	F	1643527
5906.up-1b0920685429.txt	5906.lswap-6f6f375dca74.txt	720,17	720,17	T	1324	662	662	14	14	F	F	1234567
5906.up-1b0920685429.txt	5906.lswap-7217a0cd3774.txt	720,17	720,17	T	1324	662	662	14	14	F	R	5264137
5906.up-1b0920685429.txt	5906.lswap-73851215f718.txt	720,17	720,17	T	1336	668	668	14	14	F	F	1234567
5906.up-1b0920685429.txt	5906.lswap-7602ba885180.txt	720,17	720,17	T	1300	650	650	14	14	F	R	5264137
5906.up-1b0920685429.txt	5906.lswap-760f8ed53670.txt	720,17	720,22	T	1147	576	571	12	17	F	R	1234567
5906.up-1b0920685429.txt	5906.lswap-7bd46049981f.txt	720,17	720,17	T	1348	674	674	14	14	F	R	5264137
5906.up-1b0920685429.txt	5906.lswap-7f47c6e6eeda.txt	720,17	720,17	T	1240	620	620	14	14	F	R	5264137
5906.up-1b0920685429.txt	5906.lswap-80e6c24a2613.txt	720,17	720,17	T	1312	656	656	14	14	F	F	1234567
5906.up-1b0920685429.txt	5906.lswap-821102adfff8.txt	720,17	720,17	T	1312	656	656	14	14	F	R	5264137
5906.up-1b0920685429.txt	5906.lswap-8ed814577309.txt	720,17	720,17	T	1288	644	644	14	14	F	F	1234567
5906.up-1b0920685429.txt	5906.lswap-8f58c699a11d.txt	720,17	720,23	T	1050	528	522	3	9	F	F	1462537
5906.up-1b0920685429.txt	5906.lswap-945cf8ae5bef.txt	720,17	720,23	T	1062	534	528	3	9	F	F	1462537
5906.up-1b0920685429.txt	5906.lswap-964ebce5847f.txt	720,17	720,17	T	1336	668	668	14	14	F	F	5264137
5906.up-1b0920685429.txt	5906.lswap-9759fb4af500.txt	720,17	720,17	T	1288	644	644	14	14	F	F	1234567
5906.up-1b0920685429.txt	5906.lswap-9a5cc6a6e3c8.txt	720,17	720,17	T	1308	654	654	14	14	F	F	5264137
5906.up-1b0920685429.txt	5906.lswap-9bd2a50baa0e.txt	720,17	720,17	T	1340	670	670	14	14	F	R	5264137
5906.up-1b0920685429.txt	5906.lswap-9bf7e32c6472.txt	720,17	720,23	T	1050	528	522	3	9	F	F	1234567
5906.up-1b0920685429.txt	5906.lswap-9edd04d13626.txt	720,17	720,17	T	1220	610	610	14	14	F	R	5264137
5906.up-1b0920685429.txt	5906.lswap-9f3672f6c430.txt	720,17	720,17	T	1288	644	644	14	14	F	F	5264137
5906.up-1b0920685429.txt	5906.lswap-9f885c2a5e20.txt	720,17	720,23	T	1038	522	516	3	9	F	F	1462537
5906.up-1b0920685429.txt	5906.lswap-a28e203d65dc.txt	720,17	720,17	T	1324	662	662	14	14	F	R	5264137
5906.up-1b0920685429.txt	5906.lswap-a7d2db45842b.txt	720,17	720,17	T	1264	632	632	14	14	F	R	5264137
5906.up-1b0920685429.txt	5906.lswap-aa52880fc9e0.txt	720,17	720,17	T	1344	672	672	14	14	F	F	1234567
5906.up-1b0920685429.txt	5906.lswap-aea48ef05d9e.txt	720,17	720,17	T	1344	672	672	14	14	F	F	5264137
5906.up-1b0920685429.txt	5906.lswap-af54b6f406a6.txt	720,17	720,17	T	1288	644	644	14	14	F	R	5264137
5906.up-1b0920685429.txt	5906.lswap-afd973e1a915.txt	720,17	720,17	T	1332	666	666	14	14	F	F	5264137
5906.up-1b0920685429.txt	5906.lswap-b12d38608f09.txt	720,17	720,17	T	1312	656	656	14	14	F	F	1234567
5906.up-1b0920685429.txt	5906.lswap-b55f23a2f470.txt	720,17	720,17	T	1312	656	656	14	14	F	R	5264137
5906.up-1b0920685429.txt	5906.lswap-be4759bc731a.txt	720,17	720,17	T	1312	656	656	14	14	F	F	1234567
5906.up-1b0920685429.txt	5906.lswap-c394b34cb7cc.txt	720,17	720,17	T	564	282	282	0	0	F	F	1234567
5906.up-1b0920685429.txt	5906.lswap-c55c2b0fbb0f.txt	720,17	720,17	T	1328	664	664	14	14	F	F	5264137
5906.up-1b0920685429.txt	5906.lswap-cae9c3b46793.txt	720,17	720,17	T	1300	650	650	14	14	F	R	5264137
5906.up-1b0920685429.txt	5906.lswap-cf5ecb0e9ecc.txt	720,17	720,17	T	1320	660	660	14	14	F	R	5264137
5906.up-1b0920685429.txt	5906.lswap-cf8339eb5ca7.txt	720,17	720,21	T	1288	646	642	12	16	F	R	1234567
5906.up-1b0920685429.txt	5906.lswap-d252e4d38aa9.txt	720,17	720,17	T	1356	678	678	14	14	F	F	5264137
5906.up-1b0920685429.txt	5906.lswap-d515e64b87be.txt	720,17	720,17	T	1340	670	670	14	14	F	F	1234567
5906.up-1b0920685429.txt	5906.lswap-db110b7302cf.txt	720,17	720,23	T	906	456	450	3	9	F	F	1462537
5906.up-1b0920685429.txt	5906.lswap-dcc866de4e11.txt	720,17	720,17	T	1324	662	662	14	14	F	R	5264137
5906.up-1b0920685429.txt	5906.lswap-df71274e07be.txt	720,17	720,17	T	1264	632	632	14	14	F	R	5264137
5906.up-1b0920685429.txt	5906.lswap-e0920da719d9.txt	720,17	720,17	T	1288	644	644	14	14	F	R	5264137
5906.up-1b0920685429.txt	5906.lswap-e145b859ca30.txt	720,17	720,17	T	1332	666	666	14	14	F	F	5264137
5906.up-1b0920685429.txt	5906.lswap-e21e24656b8e.txt	720,17	720,17	T	1348	674	674	14	14	F	F	5264137
5906.up-1b0920685429.txt	5906.lswap-e2d18fca77cb.txt	720,17	720,17	T	1312	656	656	14	14	F	F	5264137
5906.up-1b0920685429.txt	5906.lswap-e59a6239aa79.txt	720,17	720,17	T	1344	672	672	14	14	F	R	5264137
5906.up-1b0920685429.txt	5906.lswap-e73e096376f0.txt	720,17	720,17	T	1264	632	632	14	14	F	R	5264137
5906.up-1b0920685429.txt	5906.lswap-ebd38bf2c1cd.txt	720,17	720,22	T	1287	646	641	12	17	F	R	1234567
5906.up-1b0920685429.txt	5906.lswap-eeb9a73f4b33.txt	720,17	720,17	T	1312	656	656	14	14	F	F	5264137
5906.up-1b0920685429.txt	5906.lswap-f4c2deec7c96.txt	720,17	720,19	T	1328	665	663	17	19	F	F	1234567
5906.up-1b0920685429.txt	5906.lswap-f6dbf9989449.txt	720,17	720,17	T	1324	662	662	14	14	F	F	1234567
5906.up-1b0920685429.txt	5906.lswap-f8f86258580e.txt	720,17	720,17	T	1328	664	664	14	14	F	F	1234567
5906.up-1b0920685429.txt	5906.lswap-fde8e0f0f322.txt	720,17	720,17	T	888	444	444	0	0	F	F	1234567
5906.up-1b0920685429.txt	5906.rbnd-0dad091b8ac4.txt	720,17	720,18	T	1329	665	664	17	18	F	F	1234657
5906.up-1b0920685429.txt	5906.rbnd-2641d60c9d5c.txt	720,17	720,18	T	1341	671	670	17	18	F	R	6254137
5906.up-1b0920685429.txt	5906.rbnd-c44d48fbd52c.txt	720,17	720,18	T	1329	665	664	17	18	F	F	1234567
5906.up-1b0920685429.txt	5906.rbnd-e9623244f6b1.txt	720,17	720,18	T	1377	689	688	14	15	F	R	5264317
5906.up-1b0920685429.txt	5906.up-02d771908307.txt	720,17	720,17	T	1364	682	682	14	14	F	F	1234567
5906.up-1b0920685429.txt	5906.up-0a065898a821.txt	720,17	720,23	T	1038	522	516	3	9	F	F	1234567
5906.up-1b0920685429.txt	5906.up-0d2e98183c29.txt	720,17	720,17	T	1312	656	656	14	14	F	F	1234567
5906.up-1b0920685429.txt	5906.up-0db50fc7743c.txt	720,17	720,17	T	1284	642	642	14	14	F	F	1234567
5906.up-1b0920685429.txt	5906.up-1206598d1ff0.txt	720,17	720,21	T	1160	582	578	12	16	F	F	1234567
5906.up-1b0920685429.txt	5906.up-14e2c7b29aae.txt	720,17	720,17	T	1356	678	678	14	14	F	F	1234567
5906.up-1b0920685429.txt	5906.up-168d62e1a9d1.txt	720,17	720,17	T	1336	668	668	14	14	F	F	1234567
5906.up-1b0920685429.txt	5906.up-16ca46d2c5a9.txt	720,17	720,17	T	1264	632	632	14	14	F	F	1234567
5906.up-1b0920685429.txt	5906.up-1b8244ba04bb.txt	720,17	720,23	B	1376	691	685	14	20	F	F	1234567
5906.up-1b0920685429.txt	5906.up-1bced7f87a93.txt	720,17	720,17	T	1268	634	634	14	14	F	F	1234567
5906.up-1b0920685429.txt	5906.up-1e6ba5f50479.txt	720,17	720,17	B	1304	652	652	14	14	F	F	1234567
5906.up-1b0920685429.txt	5906.up-207dc5352d35.txt	720,17	720,17	T	1348	674	674	14	14	F	F	1234567
5906.up-1b0920685429.txt	5906.up-23ca8a9bcc81.txt	720,17	720,17	T	1348	674	674	14	14	F	F	1234567
5906.up-1b0920685429.txt	5906.up-2cb6c1139592.txt	720,17	720,17	T	1312	656	656	14	14	F	F	1234567
5906.up-1b0920685429.txt	5906.up-331228e22360.txt	720,17	720,19	T	1328	665	663	17	19	F	F	1234567
5906.up-1b0920685429.txt	5906.up-331e3f0f91ee.txt	720,17	720,17	T	1288	644	644	14	14	F	F	1234567
5906.up-1b0920685429.txt	5906.up-377da0a3c300.txt	720,17	720,23	T	1062	534	528	3	9	F	F	1234567
5906.up-1b0920685429.txt	5906.up-37ac2db82134.txt	720,17	720,17	T	1360	680	680	14	14	F	F	1234567
5906.up-1b0920685429.txt	5906.up-3ba99c5557bb.txt	720,17	720,17	B	1428	714	714	14	14	F	F	1234567
5906.up-1b0920685429.txt	5906.up-3de4f10d5095.txt	720,17	720,17	T	1344	672	672	14	14	F	F	1234567
5906.up-1b0920685429.txt	5906.up-3ffb4355518f.txt	720,17	720,17	T	1152	576	576	0	0	F	F	1234567
5906.up-1b0920685429.txt	5906.up-454308027985.txt	720,17	720,17	T	1352	676	676	14	14	F	F	1234567
5906.up-1b0920685429.txt	5906.up-4c3eef44600b.txt	720,17	720,17	B	1248	624	624	14	14	F	F	1234567
5906.up-1b0920685429.txt	5906.up-53b55626d912.txt	720,17	720,17	T	1308	654	654	14	14	F	F	1234567
5906.up-1b0920685429.txt	5906.up-55058cab6cba.txt	720,17	720,17	T	840	420	420	0	0	F	F	1234567
5906.up-1b0920685429.txt	5906.up-56126e7237c3.txt	720,17	720,21	T	1300	652	648	12	16	F	F	1234567
5906.up-1b0920685429.txt	5906.up-590fe2cb2c21.txt	720,17	720,21	T	1192	598	594	12	16	F	F	1234567
5906.up-1b0920685429.txt	5906.up-5ce87c54ecea.txt	720,17	720,17	T	1328	664	664	14	14	F	F	1234567
5906.up-1b0920685429.txt	5906.up-63a938be8d73.txt	720,17	720,17	T	528	264	264	0	0	F	F	1234567
5906.up-1b0920685429.txt	5906.up-6572648567f1.txt	720,17	720,17	B	1224	612	612	0	0	F	F	1234567
5906.up-1b0920685429.txt	5906.up-6597315411ea.txt	720,17	720,23	T	894	450	444	3	9	F	F	1234567
5906.up-1b0920685429.txt	5906.up-6773ff05a318.txt	720,17	720,17	T	1352	676	676	14	14	F	F	1234567
5906.up-1b0920685429.txt	5906.up-6a142cb8e27d.txt	720,17	720,21	T	1172	588	584	12	16	F	F	1234567
5906.up-1b0920685429.txt	5906.up-6a8f7756517b.txt	720,17	720,17	B	1352	676	676	14	14	F	F	1234567
5906.up-1b0920685429.txt	5906.up-6f42b3603dac.txt	720,17	720,21	T	1336	670	666	12	16	F	F	1234567
5906.up-1b0920685429.txt	5906.up-72482a71c81e.txt	720,17	720,23	T	1038	522	516	3	9	F	F	1234567
5906.up-1b0920685429.txt	5906.up-756ff2ed09bd.txt	720,17	720,17	T	1376	688	688	14	14	F	F	1234567
5906.up-1b0920685429.txt	5906.up-77512ee88848.txt	720,17	720,17	T	1332	666	666	14	14	F	F	1234567
5906.up-1b0920685429.txt	5906.up-7824c044436e.txt	720,17	720,17	B	1392	696	696	14	14	F	F	1234567
5906.up-1b0920685429.txt	5906.up-78d638be95ae.txt	720,17	720,17	T	1404	702	702	14	14	F	F	1234567
5906.up-1b0920685429.txt	5906.up-7c111e182316.txt	720,17	720,17	T	1348	674	674	14	14	F	F	1234567
5906.up-1b0920685429.txt	5906.up-7f9a93193f10.txt	720,17	720,21	T	1288	646	642	12	16	F	F	1234567
5906.up-1b0920685429.txt	5906.up-839c85982253.txt	720,17	720,17	B	1344	672	672	14	14	F	F	1234567
5906.up-1b0920685429.txt	5906.up-890b6674bd25.txt	720,17	720,25	T	1416	712	704	15	23	F	F	1234567
5906.up-1b0920685429.txt	5906.up-8b8c8916a24a.txt	720,17	720,19	T	1412	707	705	17	19	F	F	1234567
5906.up-1b0920685429.txt	5906.up-8ec03171f5df.txt	720,17	720,17	T	1356	678	678	14	14	F	F	1234567
5906.up-1b0920685429.txt	5906.up-91a0d3cd2c14.txt	720,17	720,17	T	1356	678	678	14	14	F	F	1234567
5906.up-1b0920685429.txt	5906.up-956f3f1864b5.txt	720,17	720,17	T	1128	564	564	0	0	F	F	1234567
5906.up-1b0920685429.txt	5906.up-95ffff5c765c.txt	720,17	720,17	T	1332	666	666	14	14	F	F	1234567
5906.up-1b0920685429.txt	5906.up-9a915a83c416.txt	720,17	720,17	T	1376	688	688	14	14	F	F	1234567
5906.up-1b0920685429.txt	5906.up-a001786e5861.txt	720,17	720,17	T	1372	686	686	14	14	F	F	1234567
5906.up-1b0920685429.txt	5906.up-a00b3e52965d.txt	720,17	720,17	T	1344	672	672	14	14	F	F	1234567
5906.up-1b0920685429.txt	5906.up-a233fdf94b8d.txt	720,17	720,17	T	1244	622	622	14	14	F	F	1234567
5906.up-1b0920685429.txt	5906.up-a235b0e09b6c.txt	720,17	720,17	T	1368	684	684	14	14	F	F	1234567
5906.up-1b0920685429.txt	5906.up-a30c7c517d7b.txt	720,17	720,17	T	1080	540	540	0	0	F	F	1234567
5906.up-1b0920685429.txt	5906.up-a838f31a7b4f.txt	720,17	720,17	T	1332	666	666	14	14	F	F	1234567
5906.up-1b0920685429.txt	5906.up-abe33e328763.txt	720,17	720,17	T	1344	672	672	14	14	F	F	1234567
5906.up-1b0920685429.txt	5906.up-aed220b1ebc4.txt	720,17	720,17	T	1372	686	686	14	14	F	F	1234567
5906.up-1b0920685429.txt	5906.up-b2d6bec1e3bd.txt	720,17	720,17	T	1324	662	662	14	14	F	F	1234567
5906.up-1b0920685429.txt	5906.up-bd458e7fc19e.txt	720,17	720,21	T	1288	646	642	12	16	F	F	1234567
5906.up-1b0920685429.txt	5906.up-c2286e4674af.txt	720,17	720,17	B	1264	632	632	14	14	F	F	1234567
5906.up-1b0920685429.txt	5906.up-c3afee7ed153.txt	720,17	720,23	T	918	462	456	3	9	F	F	1234567
5906.up-1b0920685429.txt	5906.up-c63a66adbc60.txt	720,17	720,23	T	918	462	456	3	9	F	F	1234567
5906.up-1b0920685429.txt	5906.up-cad80abdf334.txt	720,17	720,17	T	1320	660	660	14	14	F	F	1234567
5906.up-1b0920685429.txt	5906.up-d0b9281ca469.txt	720,17	720,25	T	1428	718	710	15	23	F	F	1234567
5906.up-1b0920685429.txt	5906.up-d1489855deef.txt	720,17	720,23	T	894	450	444	3	9	F	F	1234567
5906.up-1b0920685429.txt	5906.up-d2559533f431.txt	720,17	720,17	T	1336	668	668	14	14	F	F	1234567
5906.up-1b0920685429.txt	5906.up-d8c6ba46400e.txt	720,17	720,17	T	600	300	300	0	0	F	F	1234567
5906.up-1b0920685429.txt	5906.up-d9a28c2d8195.txt	720,17	720,18	T	1079	540	539	1	2	F	R	1462537
5906.up-1b0920685429.txt	5906.up-da93a66cd37b.txt	720,17	720,17	B	1416	708	708	14	14	F	F	1234567
5906.up-1b0920685429.txt	5906.up-dab493384582.txt	720,17	720,17	T	1376	688	688	14	14	F	F	1234567
5906.up-1b0920685429.txt	5906.up-dcd1e20d40f8.txt	720,17	720,17	B	1316	658	658	14	14	F	F	1234567
5906.up-1b0920685429.txt	5906.up-df8c9033249e.txt	720,17	720,21	T	1232	618	614	12	16	F	F	1234567
5906.up-1b0920685429.txt	5906.up-e132c7a7c340.txt	720,17	720,17	T	1340	670	670	14	14	F	F	1234567
5906.up-1b0920685429.txt	5906.up-e1680a9d0e30.txt	720,17	720,17	T	1384	692	692	14	14	F	F	1234567
5906.up-1b0920685429.txt	5906.up-e65e244c83d3.txt	720,17	720,17	T	1380	690	690	14	14	F	F	1234567
5906.up-1b0920685429.txt	5906.up-e8da0f18269f.txt	720,17	720,17	T	1348	674	674	14	14	F	F	1234567
5906.up-1b0920685429.txt	5906.up-e948752d6a32.txt	720,17	720,17	T	1360	680	680	14	14	F	F	1234567
5906.up-1b0920685429.txt	5906.up-e94d2b57a7d4.txt	720,17	720,17	T	1380	690	690	14	14	F	F	1234567
5906.up-1b0920685429.txt	5906.up-eebb02e3baec.txt	720,17	720,17	T	1336	668	668	14	14	F	F	1234567
5906.up-1b0920685429.txt	5906.up-f0a3bb335ed9.txt	720,17	720,17	T	936	468	468	0	0	F	F	1234567
5906.up-1b0920685429.txt	5906.up-f2c7804be474.txt	720,17	720,23	T	1062	534	528	3	9	F	F	1234567
5906.up-1b0920685429.txt	5906.up-f8d1e70c6a52.txt	720,17	720,21	T	1300	652	648	12	16	F	F	1234567
5906.up-1b8244ba04bb.txt	5906.i4a-29c55ed5fbf6.txt	720,23	720,22	T	1281	640	641	20	19	F	F	1234567
5906.up-1b8244ba04bb.txt	5906.i4a-50d865ca7907.txt	720,23	720,26	T	1237	620	617	21	24	F	R	6243517
5906.up-1b8244ba04bb.txt	5906.i4a-66637a3b8941.txt	720,23	720,22	T	1293	646	647	20	19	F	F	1234567
5906.up-1b8244ba04bb.txt	5906.i4a-6a77e138ea8e.txt	720,23	720,22	T	1329	664	665	20	19	F	F	1234567
5906.up-1b8244ba04bb.txt	5906.i4a-7f46c8149026.txt	720,23	720,22	T	1257	628	629	20	19	F	F	1234567
5906.up-1b8244ba04bb.txt	5906.i4a-b99b1d60f13e.txt	720,23	720,26	T	1249	626	623	21	24	F	R	6243517
5906.up-1b8244ba04bb.txt	5906.i4a-c1080e26f60c.txt	720,23	720,22	T	1293	646	647	20	19	F	F	1234567
5906.up-1b8244ba04bb.txt	5906.i4a-e0f3de4ca026.txt	720,23	720,22	T	1341	670	671	20	19	F	F	1234567
5906.up-1b8244ba04bb.txt	5906.lswap-025c4805fc39.txt	720,23	720,17	T	1362	678	684	20	14	F	F	5264137
5906.up-1b8244ba04bb.txt	5906.lswap-031568aa1b5c.txt	720,23	720,17	T	1362	678	684	20	14	F	F	1234567
5906.up-1b8244ba04bb.txt	5906.lswap-06f4ba2c8122.txt	720,23	720,23	T	1294	647	647	20	20	F	R	1462537
5906.up-1b8244ba04bb.txt	5906.lswap-09c105553d61.txt	720,23	720,23	T	1294	647	647	20	20	F	R	1462537
5906.up-1b8244ba04bb.txt	5906.lswap-0d13fc4a8a4a.txt	720,23	720,21	T	1270	634	636	20	18	F	R	1234567
5906.up-1b8244ba04bb.txt	5906.lswap-0de54c0a7bb6.txt	720,23	720,17	T	1370	682	688	20	14	F	F	5264137
5906.up-1b8244ba04bb.txt	5906.lswap-10f62906b166.txt	720,23	720,23	T	1270	635	635	20	20	F	F	1462537
5906.up-1b8244ba04bb.txt	5906.lswap-17203113788c.txt	720,23	720,17	T	1358	676	682	20	14	F	F	1234567
5906.up-1b8244ba04bb.txt	5906.lswap-17946ea8ba63.txt	720,23	720,17	T	1352	673	679	20	14	F	R	5264137
5906.up-1b8244ba04bb.txt	5906.lswap-1e70957354f1.txt	720,23	720,17	T	1370	682	688	20	14	F	F	5264137
5906.up-1b8244ba04bb.txt	5906.lswap-1f8e06e3e616.txt	720,23	720,22	T	1269	634	635	20	19	F	R	1234567
5906.up-1b8244ba04bb.txt	5906.lswap-20db05a5b51e.txt	720,23	720,17	T	1304	649	655	20	14	F	F	1234567
5906.up-1b8244ba04bb.txt	5906.lswap-23548cda0ace.txt	720,23	720,23	T	1318	659	659	20	20	F	F	1462537
5906.up-1b8244ba04bb.txt	5906.lswap-2497c9291398.txt	720,23	720,17	T	1338	666	672	20	14	F	F	1234567
5906.up-1b8244ba04bb.txt	5906.lswap-25804d565b10.txt	720,23	720,17	T	1326	660	666	20	14	F	F	1234567
5906.up-1b8244ba04bb.txt	5906.lswap-25cebe1ff658.txt	720,23	720,17	T	1316	655	661	20	14	F	F	5264137
5906.up-1b8244ba04bb.txt	5906.lswap-28b97fbb68d1.txt	720,23	720,23	T	1314	657	657	20	20	F	R	1234567
5906.up-1b8244ba04bb.txt	5906.lswap-29ee6f7c1197.txt	720,23	720,17	T	1338	666	672	20	14	F	F	5264137
5906.up-1b8244ba04bb.txt	5906.lswap-2ae54d2fd96c.txt	720,23	720,17	T	1362	678	684	20	14	F	F	1234567
5906.up-1b8244ba04bb.txt	5906.lswap-2c94cb485ad7.txt	720,23	720,17	T	1406	700	706	20	14	F	F	1234567
5906.up-1b8244ba04bb.txt	5906.lswap-2fb529601be6.txt	720,23	720,17	T	1352	673	679	20	14	F	F	5264137
5906.up-1b8244ba04bb.txt	5906.lswap-3a55a72f70d6.txt	720,23	720,23	T	1294	647	647	20	20	F	R	1234567
5906.up-1b8244ba04bb.txt	5906.lswap-3b4f2e286e0c.txt	720,23	720,17	T	1358	676	682	20	14	F	R	5264137
5906.up-1b8244ba04bb.txt	5906.lswap-3b66fbdbdf53.txt	720,23	720,17	T	1362	678	684	20	14	F	F	1234567
5906.up-1b8244ba04bb.txt	5906.lswap-3baeeea281f2.txt	720,23	720,17	T	1358	676	682	20	14	F	R	5264137
5906.up-1b8244ba04bb.txt	5906.lswap-3c791ffa671d.txt	720,23	720,17	T	1358	676	682	20	14	F	R	5264137
5906.up-1b8244ba04bb.txt	5906.lswap-3d82ae1f2111.txt	720,23	720,17	T	1310	652	658	20	14	F	F	1234567
5906.up-1b8244ba04bb.txt	5906.lswap-41a210488ac9.txt	720,23	720,17	T	1370	682	688	20	14	F	F	1234567
5906.up-1b8244ba04bb.txt	5906.lswap-423441640591.txt	720,23	720,17	T	1358	676	682	20	14	F	R	5264137
5906.up-1b8244ba04bb.txt	5906.lswap-469763027c57.txt	720,23	720,17	T	1358	676	682	20	14	F	R	5264137
5906.up-1b8244ba04bb.txt	5906.lswap-49fac07a5323.txt	720,23	720,17	T	1338	666	672	20	14	F	F	1234567
5906.up-1b8244ba04bb.txt	5906.lswap-49fc63d034f2.txt	720,23	720,17	T	1370	682	688	20	14	F	F	5264137
5906.up-1b8244ba04bb.txt	5906.lswap-4a581202d46c.txt	720,23	720,17	T	1364	679	685	20	14	F	F	1234567
5906.up-1b8244ba04bb.txt	5906.lswap-4c179f65aa4b.txt	720,23	720,17	T	1358	676	682	20	14	F	R	5264137
5906.up-1b8244ba04bb.txt	5906.lswap-5228890279ca.txt	720,23	720,17	T	1358	676	682	20	14	F	F	1234567
5906.up-1b8244ba04bb.txt	5906.lswap-52e683fb05d3.txt	720,23	720,17	T	1338	666	672	20	14	F	R	1234567
5906.up-1b8244ba04bb.txt	5906.lswap-52f45c5e8e22.txt	720,23	720,17	T	1326	660	666	20	14	F	F	1234567
5906.up-1b8244ba04bb.txt	5906.lswap-5764c730eaee.txt	720,23	720,17	T	1358	676	682	20	14	F	R	5264137
5906.up-1b8244ba04bb.txt	5906.lswap-5808edca979d.txt	720,23	720,17	T	1338	666	672	20	14	F	R	1234567
5906.up-1b8244ba04bb.txt	5906.lswap-5a55d1641a86.txt	720,23	720,17	T	1358	676	682	20	14	F	F	1234567
5906.up-1b8244ba04bb.txt	5906.lswap-5a7a973564fd.txt	720,23	720,17	T	1352	673	679	20	14	F	F	1234567
5906.up-1b8244ba04bb.txt	5906.lswap-5dbb54e50268.txt	720,23	720,17	T	1338	666	672	20	14	F	R	1234567
5906.up-1b8244ba04bb.txt	5906.lswap-6008b60b1c2c.txt	720,23	720,17	T	1328	661	667	20	14	F	F	1234567
5906.up-1b8244ba04bb.txt	5906.lswap-62d959eb4e73.txt	720,23	720,17	T	1362	678	684	20	14	F	F	5264137
5906.up-1b8244ba04bb.txt	5906.lswap-637b5054102a.txt	720,23	720,21	T	1270	634	636	20	18	F	F	1643527
5906.up-1b8244ba04bb.txt	5906.lswap-67fc5c2184ab.txt	720,23	720,23	T	1282	641	641	20	20	F	R	1462537
5906.up-1b8244ba04bb.txt	5906.lswap-68a263f18066.txt	720,23	720,17	T	1328	661	667	20	14	F	R	5264137
5906.up-1b8244ba04bb.txt	5906.lswap-6bd82af50a4e.txt	720,23	720,17	T	1352	673	679	20	14	F	F	1234567
5906.up-1b8244ba04bb.txt	5906.lswap-6d0ad177e5ee.txt	720,23	720,17	T	1338	666	672	20	14	F	R	5264137
5906.up-1b8244ba04bb.txt	5906.lswap-6d7ea156bdcc.txt	720,23	720,17	T	1370	682	688	20	14	F	F	1234567
5906.up-1b8244ba04bb.txt	5906.lswap-6dc582bac458.txt	720,23	720,22	T	1281	640	641	20	19	F	F	1643527
5906.up-1b8244ba04bb.txt	5906.lswap-6f6f375dca74.txt	720,23	720,17	T	1358	676	682	20	14	F	R	5264137
5906.up-1b8244ba04bb.txt	5906.lswap-7217a0cd3774.txt	720,23	720,17	T	1310	652	658	20	14	F	R	5264137
5906.up-1b8244ba04bb.txt	5906.lswap-73851215f718.txt	720,23	720,17	T	1358	676	682	20	14	F	F	1234567
5906.up-1b8244ba04bb.txt	5906.lswap-7602ba885180.txt	720,23	720,17	T	1358	676	682	20	14	F	R	5264137
5906.up-1b8244ba04bb.txt	5906.lswap-760f8ed53670.txt	720,23	720,22	T	1269	634	635	20	19	F	F	1643527
5906.up-1b8244ba04bb.txt	5906.lswap-7bd46049981f.txt	720,23	720,17	T	1310	652	658	20	14	F	R	5264137
5906.up-1b8244ba04bb.txt	5906.lswap-7f47c6e6eeda.txt	720,23	720,17	T	1362	678	684	20	14	F	F	1234567
5906.up-1b8244ba04bb.txt	5906.lswap-80e6c24a2613.txt	720,23	720,17	T	1326	660	666	20	14	F	F	1234567
5906.up-1b8244ba04bb.txt	5906.lswap-821102adfff8.txt	720,23	720,17	T	1358	676	682	20	14	F	R	5264137
5906.up-1b8244ba04bb.txt	5906.lswap-8ed814577309.txt	720,23	720,17	T	1338	666	672	20	14	F	F	1234567
5906.up-1b8244ba04bb.txt	5906.lswap-8f58c699a11d.txt	720,23	720,23	T	1282	641	641	20	20	F	F	1462537
5906.up-1b8244ba04bb.txt	5906.lswap-945cf8ae5bef.txt	720,23	720,23	T	1326	663	663	20	20	F	R	1234567
5906.up-1b8244ba04bb.txt	5906.lswap-964ebce5847f.txt	720,23	720,17	T	1352	673	679	20	14	F	F	5264137
5906.up-1b8244ba04bb.txt	5906.lswap-9759fb4af500.txt	720,23	720,17	T	1326	660	666	20	14	F	F	1234567
5906.up-1b8244ba04bb.txt	5906.lswap-9a5cc6a6e3c8.txt	720,23	720,17	T	1338	666	672	20	14	F	R	1234567
5906.up-1b8244ba04bb.txt	5906.lswap-9bd2a50baa0e.txt	720,23	720,17	T	1260	627	633	20	14	F	R	5264137
5906.up-1b8244ba04bb.txt	5906.lswap-9bf7e32c6472.txt	720,23	720,23	T	1306	653	653	20	20	F	R	1462537
5906.up-1b8244ba04bb.txt	5906.lswap-9edd04d13626.txt	720,23	720,17	T	1334	664	670	20	14	F	F	1234567
5906.up-1b8244ba04bb.txt	5906.lswap-9f3672f6c430.txt	720,23	720,17	T	1338	666	672	20	14	F	F	5264137
5906.up-1b8244ba04bb.txt	5906.lswap-9f885c2a5e20.txt	720,23	720,23	T	1306	653	653	20	20	F	R	1234567
5906.up-1b8244ba04bb.txt	5906.lswap-a28e203d65dc.txt	720,23	720,17	T	1358	676	682	20	14	F	F	1234567
5906.up-1b8244ba04bb.txt	5906.lswap-a7d2db45842b.txt	720,23	720,17	T	1338	666	672	20	14	F	F	1234567
5906.up-1b8244ba04bb.txt	5906.lswap-aa52880fc9e0.txt	720,23	720,17	T	1358	676	682	20	14	F	F	1234567
5906.up-1b8244ba04bb.txt	5906.lswap-aea48ef05d9e.txt	720,23	720,17	T	1304	649	655	20	14	F	R	1234567
5906.up-1b8244ba04bb.txt	5906.lswap-af54b6f406a6.txt	720,23	720,17	T	1338	666	672	20	14	F	F	1234567
5906.up-1b8244ba04bb.txt	5906.lswap-afd973e1a915.txt	720,23	720,17	T	1326	660	666	20	14	F	F	5264137
5906.up-1b8244ba04bb.txt	5906.lswap-b12d38608f09.txt	720,23	720,17	T	1370	682	688	20	14	F	F	1234567
5906.up-1b8244ba04bb.txt	5906.lswap-b55f23a2f470.txt	720,23	720,17	T	1352	673	679	20	14	F	F	1234567
5906.up-1b8244ba04bb.txt	5906.lswap-be4759bc731a.txt	720,23	720,17	T	1352	673	679	20	14	F	F	1234567
5906.up-1b8244ba04bb.txt	5906.lswap-c394b34cb7cc.txt	720,23	720,17	T	1370	682	688	20	14	F	R	1462537
5906.up-1b8244ba04bb.txt	5906.lswap-c55c2b0fbb0f.txt	720,23	720,17	T	1384	689	695	20	14	F	F	5264137
5906.up-1b8244ba04bb.txt	5906.lswap-cae9c3b46793.txt	720,23	720,17	T	1358	676	682	20	14	F	R	5264137
5906.up-1b8244ba04bb.txt	5906.lswap-cf5ecb0e9ecc.txt	720,23	720,17	T	1358	676	682	20	14	F	R	5264137
5906.up-1b8244ba04bb.txt	5906.lswap-cf8339eb5ca7.txt	720,23	720,21	T	1282	640	642	20	18	F	R	1234567
5906.up-1b8244ba04bb.txt	5906.lswap-d252e4d38aa9.txt	720,23	720,17	T	1352	673	679	20	14	F	F	5264137
5906.up-1b8244ba04bb.txt	5906.lswap-d515e64b87be.txt	720,23	720,17	T	1340	667	673	20	14	F	F	1234567
5906.up-1b8244ba04bb.txt	5906.lswap-db110b7302cf.txt	720,23	720,23	T	1306	653	653	20	20	F	F	1462537
5906.up-1b8244ba04bb.txt	5906.lswap-dcc866de4e11.txt	720,23	720,17	T	1310	652	658	20	14	F	R	5264137
5906.up-1b8244ba04bb.txt	5906.lswap-df71274e07be.txt	720,23	720,17	T	1338	666	672	20	14	F	F	1234567
5906.up-1b8244ba04bb.txt	5906.lswap-e0920da719d9.txt	720,23	720,17	T	1370	682	688	20	14	F	F	1234567
5906.up-1b8244ba04bb.txt	5906.lswap-e145b859ca30.txt	720,23	720,17	T	1338	666	672	20	14	F	R	1234567
5906.up-1b8244ba04bb.txt	5906.lswap-e21e24656b8e.txt	720,23	720,17	T	1334	664	670	20	14	F	F	5264137
5906.up-1b8244ba04bb.txt	5906.lswap-e2d18fca77cb.txt	720,23	720,17	T	1338	666	672	20	14	F	R	1234567
5906.up-1b8244ba04bb.txt	5906.lswap-e59a6239aa79.txt	720,23	720,17	T	1358	676	682	20	14	F	R	5264137
5906.up-1b8244ba04bb.txt	5906.lswap-e73e096376f0.txt	720,23	720,17	T	1338	666	672	20	14	F	R	5264137
5906.up-1b8244ba04bb.txt	5906.lswap-ebd38bf2c1cd.txt	720,23	720,22	T	1281	640	641	20	19	F	R	1234567
5906.up-1b8244ba04bb.txt	5906.lswap-eeb9a73f4b33.txt	720,23	720,17	T	1326	660	666	20	14	F	F	5264137
5906.up-1b8244ba04bb.txt	5906.lswap-f4c2deec7c96.txt	720,23	720,19	T	1078	537	541	20	16	F	R	6254317
5906.up-1b8244ba04bb.txt	5906.lswap-f6dbf9989449.txt	720,23	720,17	T	1358	676	682	20	14	F	F	1234567
5906.up-1b8244ba04bb.txt	5906.lswap-f8f86258580e.txt	720,23	720,17	T	1352	673	679	20	14	F	R	5264137
5906.up-1b8244ba04bb.txt	5906.lswap-fde8e0f0f322.txt	720,23	720,17	T	1274	634	640	20	14	F	F	1234567
5906.up-1b8244ba04bb.txt	5906.rbnd-0dad091b8ac4.txt	720,23	720,18	T	1113	554	559	21	16	F	F	1234657
5906.up-1b8244ba04bb.txt	5906.rbnd-2641d60c9d5c.txt	720,23	720,18	T	1077	536	541	21	16	F	R	6254137
5906.up-1b8244ba04bb.txt	5906.rbnd-c44d48fbd52c.txt	720,23	720,18	T	1113	554	559	21	16	F	F	1234567
5906.up-1b8244ba04bb.txt	5906.rbnd-e9623244f6b1.txt	720,23	720,18	T	1221	608	613	21	16	F	F	1234567
5906.up-1b8244ba04bb.txt	5906.up-02d771908307.txt	720,23	720,17	T	1340	667	673	20	14	F	F	1234567
5906.up-1b8244ba04bb.txt	5906.up-0a065898a821.txt	720,23	720,23	T	1318	659	659	20	20	F	F	1234567
5906.up-1b8244ba04bb.txt	5906.up-0d2e98183c29.txt	720,23	720,17	T	1326	660	666	20	14	F	F	1234567
5906.up-1b8244ba04bb.txt	5906.up-0db50fc7743c.txt	720,23	720,17	T	1362	678	684	20	14	F	F	1234567
5906.up-1b8244ba04bb.txt	5906.up-1206598d1ff0.txt	720,23	720,21	T	1294	646	648	20	18	F	F	1234567
5906.up-1b8244ba04bb.txt	5906.up-14e2c7b29aae.txt	720,23	720,17	T	1352	673	679	20	14	F	F	1234567
5906.up-1b8244ba04bb.txt	5906.up-168d62e1a9d1.txt	720,23	720,17	T	1352	673	679	20	14	F	F	1234567
5906.up-1b8244ba04bb.txt	5906.up-16ca46d2c5a9.txt	720,23	720,17	T	1362	678	684	20	14	F	F	1234567
5906.up-1b8244ba04bb.txt	5906.up-1b0920685429.txt	720,23	720,17	B	1376	685	691	20	14	F	F	1234567
5906.up-1b8244ba04bb.txt	5906.up-1bced7f87a93.txt	720,23	720,17	T	1334	664	670	20	14	F	F	1234567
5906.up-1b8244ba04bb.txt	5906.up-1e6ba5f50479.txt	720,23	720,17	B	1388	691	697	20	14	F	F	1234567
5906.up-1b8244ba04bb.txt	5906.up-207dc5352d35.txt	720,23	720,17	T	1334	664	670	20	14	F	F	1234567
5906.up-1b8244ba04bb.txt	5906.up-23ca8a9bcc81.txt	720,23	720,17	T	1370	682	688	20	14	F	F	1234567
5906.up-1b8244ba04bb.txt	5906.up-2cb6c1139592.txt	720,23	720,17	T	1370	682	688	20	14	F	F	1234567
5906.up-1b8244ba04bb.txt	5906.up-331228e22360.txt	720,23	720,19	T	1114	555	559	20	16	F	F	1234567
5906.up-1b8244ba04bb.txt	5906.up-331e3f0f91ee.txt	720,23	720,17	T	1362	678	684	20	14	F	F	1234567
5906.up-1b8244ba04bb.txt	5906.up-377da0a3c300.txt	720,23	720,23	T	1338	669	669	20	20	F	F	1234567
5906.up-1b8244ba04bb.txt	5906.up-37ac2db82134.txt	720,23	720,17	T	1316	655	661	20	14	F	F	1234567
5906.up-1b8244ba04bb.txt	5906.up-3ba99c5557bb.txt	720,23	720,17	B	1292	643	649	20	14	F	F	1234567
5906.up-1b8244ba04bb.txt	5906.up-3de4f10d5095.txt	720,23	720,17	T	1328	661	667	20	14	F	F	1234567
5906.up-1b8244ba04bb.txt	5906.up-3ffb4355518f.txt	720,23	720,17	T	1406	700	706	20	14	F	F	1234567
5906.up-1b8244ba04bb.txt	5906.up-454308027985.txt	720,23	720,17	T	1388	691	697	20	14	F	F	1234567
5906.up-1b8244ba04bb.txt	5906.up-4c3eef44600b.txt	720,23	720,17	B	1286	640	646	20	14	F	F	1234567
5906.up-1b8244ba04bb.txt	5906.up-53b55626d912.txt	720,23	720,17	T	1362	678	684	20	14	F	F	1234567
5906.up-1b8244ba04bb.txt	5906.up-55058cab6cba.txt	720,23	720,17	T	1286	640	646	20	14	F	F	1234567
5906.up-1b8244ba04bb.txt	5906.up-56126e7237c3.txt	720,23	720,21	T	1294	646	648	20	18	F	F	1234567
5906.up-1b8244ba04bb.txt	5906.up-590fe2cb2c21.txt	720,23	720,21	T	1330	664	666	20	18	F	F	1234567
5906.up-1b8244ba04bb.txt	5906.up-5ce87c54ecea.txt	720,23	720,17	T	1372	683	689	20	14	F	F	1234567
5906.up-1b8244ba04bb.txt	5906.up-63a938be8d73.txt	720,23	720,17	T	1382	688	694	20	14	F	F	1234567
5906.up-1b8244ba04bb.txt	5906.up-6572648567f1.txt	720,23	720,17	B	1398	696	702	20	14	F	F	1234567
5906.up-1b8244ba04bb.txt	5906.up-6597315411ea.txt	720,23	720,23	T	1306	653	653	20	20	F	F	1234567
5906.up-1b8244ba04bb.txt	5906.up-6773ff05a318.txt	720,23	720,17	T	1362	678	684	20	14	F	F	1234567
5906.up-1b8244ba04bb.txt	5906.up-6a142cb8e27d.txt	720,23	720,21	T	1258	628	630	20	18	F	F	1234567
5906.up-1b8244ba04bb.txt	5906.up-6a8f7756517b.txt	720,23	720,17	B	1366	680	686	20	14	F	F	1234567
5906.up-1b8244ba04bb.txt	5906.up-6f42b3603dac.txt	720,23	720,21	T	1270	634	636	20	18	F	F	1234567
5906.up-1b8244ba04bb.txt	5906.up-72482a71c81e.txt	720,23	720,23	T	1330	665	665	20	20	F	F	1234567
5906.up-1b8244ba04bb.txt	5906.up-756ff2ed09bd.txt	720,23	720,17	T	1272	633	639	20	14	F	F	1234567
5906.up-1b8244ba04bb.txt	5906.up-77512ee88848.txt	720,23	720,17	T	1326	660	666	20	14	F	F	1234567
5906.up-1b8244ba04bb.txt	5906.up-7824c044436e.txt	720,23	720,17	B	1346	670	676	20	14	F	F	1234567
5906.up-1b8244ba04bb.txt	5906.up-78d638be95ae.txt	720,23	720,17	T	1304	649	655	20	14	F	F	1234567
5906.up-1b8244ba04bb.txt	5906.up-7c111e182316.txt	720,23	720,17	T	1352	673	679	20	14	F	F	1234567
5906.up-1b8244ba04bb.txt	5906.up-7f9a93193f10.txt	720,23	720,21	T	1270	634	636	20	18	F	F	1234567
5906.up-1b8244ba04bb.txt	5906.up-839c85982253.txt	720,23	720,17	B	1406	700	706	20	14	F	F	1234567
5906.up-1b8244ba04bb.txt	5906.up-890b6674bd25.txt	720,23	720,25	T	1238	620	618	21	23	F	F	1234567
5906.up-1b8244ba04bb.txt	5906.up-8b8c8916a24a.txt	720,23	720,19	T	1222	609	613	20	16	F	F	1234567
5906.up-1b8244ba04bb.txt	5906.up-8ec03171f5df.txt	720,23	720,17	T	1326	660	666	20	14	F	F	1234567
5906.up-1b8244ba04bb.txt	5906.up-91a0d3cd2c14.txt	720,23	720,17	T	1370	682	688	20	14	F	F	1234567
5906.up-1b8244ba04bb.txt	5906.up-956f3f1864b5.txt	720,23	720,17	T	1406	700	706	20	14	F	F	1234567
5906.up-1b8244ba04bb.txt	5906.up-95ffff5c765c.txt	720,23	720,17	T	1328	661	667	20	14	F	F	1234567
5906.up-1b8244ba04bb.txt	5906.up-9a915a83c416.txt	720,23	720,17	T	1364	679	685	20	14	F	F	1234567
5906.up-1b8244ba04bb.txt	5906.up-a001786e5861.txt	720,23	720,17	T	1334	664	670	20	14	F	F	1234567
5906.up-1b8244ba04bb.txt	5906.up-a00b3e52965d.txt	720,23	720,17	T	1400	697	703	20	14	F	F	1234567
5906.up-1b8244ba04bb.txt	5906.up-a233fdf94b8d.txt	720,23	720,17	T	1346	670	676	20	14	F	F	1234567
5906.up-1b8244ba04bb.txt	5906.up-a235b0e09b6c.txt	720,23	720,17	T	1316	655	661	20	14	F	F	1234567
5906.up-1b8244ba04bb.txt	5906.up-a30c7c517d7b.txt	720,23	720,17	T	1406	700	706	20	14	F	F	1234567
5906.up-1b8244ba04bb.txt	5906.up-a838f31a7b4f.txt	720,23	720,17	T	1370	682	688	20	14	F	F	1234567
5906.up-1b8244ba04bb.txt	5906.up-abe33e328763.txt	720,23	720,17	T	1304	649	655	20	14	F	F	1234567
5906.up-1b8244ba04bb.txt	5906.up-aed220b1ebc4.txt	720,23	720,17	T	1352	673	679	20	14	F	F	1234567
5906.up-1b8244ba04bb.txt	5906.up-b2d6bec1e3bd.txt	720,23	720,17	T	1370	682	688	20	14	F	F	1234567
5906.up-1b8244ba04bb.txt	5906.up-bd458e7fc19e.txt	720,23	720,21	T	1282	640	642	20	18	F	F	1234567
5906.up-1b8244ba04bb.txt	5906.up-c2286e4674af.txt	720,23	720,17	B	1300	647	653	20	14	F	F	1234567
5906.up-1b8244ba04bb.txt	5906.up-c3afee7ed153.txt	720,23	720,23	T	1326	663	663	20	20	F	F	1234567
5906.up-1b8244ba04bb.txt	5906.up-c63a66adbc60.txt	720,23	720,23	T	1338	669	669	20	20	F	F	1234567
5906.up-1b8244ba04bb.txt	5906.up-cad80abdf334.txt	720,23	720,17	T	1328	661	667	20	14	F	F	1234567
5906.up-1b8244ba04bb.txt	5906.up-d0b9281ca469.txt	720,23	720,25	T	1250	626	624	21	23	F	F	1234567
5906.up-1b8244ba04bb.txt	5906.up-d1489855deef.txt	720,23	720,23	T	1318	659	659	20	20	F	F	1234567
5906.up-1b8244ba04bb.txt	5906.up-d2559533f431.txt	720,23	720,17	T	1326	660	666	20	14	F	F	1234567
5906.up-1b8244ba04bb.txt	5906.up-d8c6ba46400e.txt	720,23	720,17	T	1370	682	688	20	14	F	F	1234567
5906.up-1b8244ba04bb.txt	5906.up-d9a28c2d8195.txt	720,23	720,18	T	1405	700	705	20	15	F	R	1462537
5906.up-1b8244ba04bb.txt	5906.up-da93a66cd37b.txt	720,23	720,17	B	1376	685	691	20	14	F	F	1234567
5906.up-1b8244ba04bb.txt	5906.up-dab493384582.txt	720,23	720,17	T	1292	643	649	20	14	F	F	1234567
5906.up-1b8244ba04bb.txt	5906.up-dcd1e20d40f8.txt	720,23	720,17	B	1400	697	703	20	14	F	F	1234567
5906.up-1b8244ba04bb.txt	5906.up-df8c9033249e.txt	720,23	720,21	T	1342	670	672	20	18	F	F	1234567
5906.up-1b8244ba04bb.txt	5906.up-e132c7a7c340.txt	720,23	720,17	T	1364	679	685	20	14	F	F	1234567
5906.up-1b8244ba04bb.txt	5906.up-e1680a9d0e30.txt	720,23	720,17	T	1316	655	661	20	14	F	F	1234567
5906.up-1b8244ba04bb.txt	5906.up-e65e244c83d3.txt	720,23	720,17	T	1316	655	661	20	14	F	F	1234567
5906.up-1b8244ba04bb.txt	5906.up-e8da0f18269f.txt	720,23	720,17	T	1350	672	678	20	14	F	F	1234567
5906.up-1b8244ba04bb.txt	5906.up-e948752d6a32.txt	720,23	720,17	T	1352	673	679	20	14	F	F	1234567
5906.up-1b8244ba04bb.txt	5906.up-e94d2b57a7d4.txt	720,23	720,17	T	1352	673	679	20	14	F	F	1234567
5906.up-1b8244ba04bb.txt	5906.up-eebb02e3baec.txt	720,23	720,17	T	1370	682	688	20	14	F	F	1234567
5906.up-1b8244ba04bb.txt	5906.up-f0a3bb335ed9.txt	720,23	720,17	T	1262	628	634	20	14	F	F	1234567
5906.up-1b8244ba04bb.txt	5906.up-f2c7804be474.txt	720,23	720,23	T	1350	675	675	20	20	F	F	1234567
5906.up-1b8244ba04bb.txt	5906.up-f8d1e70c6a52.txt	720,23	720,21	T	1234	616	618	20	18	F	F	1234567
5906.up-1e6ba5f50479.txt	5906.i4a-29c55ed5fbf6.txt	720,17	720,22	T	1315	660	655	11	16	F	F	1234567
5906.up-1e6ba5f50479.txt	5906.i4a-50d865ca7907.txt	720,17	720,26	T	1267	638	629	15	24	F	R	6243517
5906.up-1e6ba5f50479.txt	5906.i4a-66637a3b8941.txt	720,17	720,22	T	1243	624	619	11	16	F	F	1234567
5906.up-1e6ba5f50479.txt	5906.i4a-6a77e138ea8e.txt	720,17	720,22	T	1291	648	643	11	16	F	F	1234567
5906.up-1e6ba5f50479.txt	5906.i4a-7f46c8149026.txt	720,17	720,22	T	1267	636	631	11	16	F	F	1234567
5906.up-1e6ba5f50479.txt	5906.i4a-b99b1d60f13e.txt	720,17	720,26	T	1255	632	623	15	24	F	R	6243517
5906.up-1e6ba5f50479.txt	5906.i4a-c1080e26f60c.txt	720,17	720,22	T	1279	642	637	11	16	F	F	1234567
5906.up-1e6ba5f50479.txt	5906.i4a-e0f3de4ca026.txt	720,17	720,22	T	1227	616	611	11	16	F	F	1234567
5906.up-1e6ba5f50479.txt	5906.lswap-025c4805fc39.txt	720,17	720,17	T	1308	654	654	0	0	F	F	5264137
5906.up-1e6ba5f50479.txt	5906.lswap-031568aa1b5c.txt	720,17	720,17	T	1308	654	654	0	0	F	F	1234567
5906.up-1e6ba5f50479.txt	5906.lswap-06f4ba2c8122.txt	720,17	720,23	T	1246	626	620	14	20	F	F	1234567
5906.up-1e6ba5f50479.txt	5906.lswap-09c105553d61.txt	720,17	720,23	T	1330	668	662	14	20	F	F	1234567
5906.up-1e6ba5f50479.txt	5906.lswap-0d13fc4a8a4a.txt	720,17	720,21	T	1244	624	620	11	15	F	F	1643527
5906.up-1e6ba5f50479.txt	5906.lswap-0de54c0a7bb6.txt	720,17	720,17	T	1236	618	618	0	0	F	F	5264137
5906.up-1e6ba5f50479.txt	5906.lswap-10f62906b166.txt	720,17	720,23	T	1342	674	668	14	20	F	R	1234567
5906.up-1e6ba5f50479.txt	5906.lswap-17203113788c.txt	720,17	720,17	T	1224	612	612	0	0	F	F	1234567
5906.up-1e6ba5f50479.txt	5906.lswap-17946ea8ba63.txt	720,17	720,17	T	948	474	474	0	0	F	F	1234567
5906.up-1e6ba5f50479.txt	5906.lswap-1e70957354f1.txt	720,17	720,17	T	1236	618	618	0	0	F	F	5264137
5906.up-1e6ba5f50479.txt	5906.lswap-1f8e06e3e616.txt	720,17	720,22	T	1243	624	619	11	16	F	F	1643527
5906.up-1e6ba5f50479.txt	5906.lswap-20db05a5b51e.txt	720,17	720,17	T	1056	528	528	0	0	F	F	1234567
5906.up-1e6ba5f50479.txt	5906.lswap-23548cda0ace.txt	720,17	720,23	T	1234	620	614	14	20	F	R	1234567
5906.up-1e6ba5f50479.txt	5906.lswap-2497c9291398.txt	720,17	720,17	T	1284	642	642	0	0	F	F	1234567
5906.up-1e6ba5f50479.txt	5906.lswap-25804d565b10.txt	720,17	720,17	T	1272	636	636	0	0	F	F	1234567
5906.up-1e6ba5f50479.txt	5906.lswap-25cebe1ff658.txt	720,17	720,17	T	1092	546	546	0	0	F	F	5264137
5906.up-1e6ba5f50479.txt	5906.lswap-28b97fbb68d1.txt	720,17	720,23	T	1390	698	692	14	20	F	F	1462537
5906.up-1e6ba5f50479.txt	5906.lswap-29ee6f7c1197.txt	720,17	720,17	T	1284	642	642	0	0	F	F	5264137
5906.up-1e6ba5f50479.txt	5906.lswap-2ae54d2fd96c.txt	720,17	720,17	T	1320	660	660	0	0	F	F	1234567
5906.up-1e6ba5f50479.txt	5906.lswap-2c94cb485ad7.txt	720,17	720,17	T	1208	604	604	14	14	F	F	1234567
5906.up-1e6ba5f50479.txt	5906.lswap-2fb529601be6.txt	720,17	720,17	T	1212	606	606	0	0	F	F	5264137
5906.up-1e6ba5f50479.txt	5906.lswap-3a55a72f70d6.txt	720,17	720,23	T	1342	674	668	14	20	F	F	1462537
5906.up-1e6ba5f50479.txt	5906.lswap-3b4f2e286e0c.txt	720,17	720,17	T	1212	606	606	0	0	F	F	1234567
5906.up-1e6ba5f50479.txt	5906.lswap-3b66fbdbdf53.txt	720,17	720,17	T	1332	666	666	0	0	F	F	1234567
5906.up-1e6ba5f50479.txt	5906.lswap-3baeeea281f2.txt	720,17	720,17	T	1212	606	606	0	0	F	F	1234567
5906.up-1e6ba5f50479.txt	5906.lswap-3c791ffa671d.txt	720,17	720,17	T	1212	606	606	0	0	F	F	1234567
5906.up-1e6ba5f50479.txt	5906.lswap-3d82ae1f2111.txt	720,17	720,17	T	1104	552	552	0	0	F	F	1234567
5906.up-1e6ba5f50479.txt	5906.lswap-41a210488ac9.txt	720,17	720,17	T	1212	606	606	0	0	F	F	1234567
5906.up-1e6ba5f50479.txt	5906.lswap-423441640591.txt	720,17	720,17	T	1236	618	618	0	0	F	F	1234567
5906.up-1e6ba5f50479.txt	5906.lswap-469763027c57.txt	720,17	720,17	T	1236	618	618	0	0	F	F	1234567
5906.up-1e6ba5f50479.txt	5906.lswap-49fac07a5323.txt	720,17	720,17	T	1308	654	654	0	0	F	F	1234567
5906.up-1e6ba5f50479.txt	5906.lswap-49fc63d034f2.txt	720,17	720,17	T	1212	606	606	0	0	F	F	5264137
5906.up-1e6ba5f50479.txt	5906.lswap-4a581202d46c.txt	720,17	720,17	T	900	450	450	0	0	F	F	1234567
5906.up-1e6ba5f50479.txt	5906.lswap-4c179f65aa4b.txt	720,17	720,17	T	1200	600	600	0	0	F	F	1234567
5906.up-1e6ba5f50479.txt	5906.lswap-5228890279ca.txt	720,17	720,17	T	1212	606	606	0	0	F	F	1234567
5906.up-1e6ba5f50479.txt	5906.lswap-52e683fb05d3.txt	720,17	720,17	T	1296	648	648	0	0	F	F	5264137
5906.up-1e6ba5f50479.txt	5906.lswap-52f45c5e8e22.txt	720,17	720,17	T	1284	642	642	0	0	F	F	1234567
5906.up-1e6ba5f50479.txt	5906.lswap-5764c730eaee.txt	720,17	720,17	T	1224	612	612	0	0	F	F	1234567
5906.up-1e6ba5f50479.txt	5906.lswap-5808edca979d.txt	720,17	720,17	T	1272	636	636	0	0	F	F	5264137
5906.up-1e6ba5f50479.txt	5906.lswap-5a55d1641a86.txt	720,17	720,17	T	1200	600	600	0	0	F	F	1234567
5906.up-1e6ba5f50479.txt	5906.lswap-5a7a973564fd.txt	720,17	720,17	T	1200	600	600	0	0	F	F	1234567
5906.up-1e6ba5f50479.txt	5906.lswap-5dbb54e50268.txt	720,17	720,17	T	1308	654	654	0	0	F	F	5264137
5906.up-1e6ba5f50479.txt	5906.lswap-6008b60b1c2c.txt	720,17	720,17	T	948	474	474	0	0	F	F	1234567
5906.up-1e6ba5f50479.txt	5906.lswap-62d959eb4e73.txt	720,17	720,17	T	1332	666	666	0	0	F	F	5264137
5906.up-1e6ba5f50479.txt	5906.lswap-637b5054102a.txt	720,17	720,21	T	1340	672	668	11	15	F	R	1234567
5906.up-1e6ba5f50479.txt	5906.lswap-67fc5c2184ab.txt	720,17	720,23	T	1354	680	674	14	20	F	F	1234567
5906.up-1e6ba5f50479.txt	5906.lswap-68a263f18066.txt	720,17	720,17	T	984	492	492	0	0	F	F	1234567
5906.up-1e6ba5f50479.txt	5906.lswap-6bd82af50a4e.txt	720,17	720,17	T	1212	606	606	0	0	F	F	1234567
5906.up-1e6ba5f50479.txt	5906.lswap-6d0ad177e5ee.txt	720,17	720,17	T	1296	648	648	0	0	F	F	1234567
5906.up-1e6ba5f50479.txt	5906.lswap-6d7ea156bdcc.txt	720,17	720,17	T	1236	618	618	0	0	F	F	1234567
5906.up-1e6ba5f50479.txt	5906.lswap-6dc582bac458.txt	720,17	720,22	T	1279	642	637	11	16	F	R	1234567
5906.up-1e6ba5f50479.txt	5906.lswap-6f6f375dca74.txt	720,17	720,17	T	1200	600	600	0	0	F	F	1234567
5906.up-1e6ba5f50479.txt	5906.lswap-7217a0cd3774.txt	720,17	720,17	T	1104	552	552	0	0	F	F	1234567
5906.up-1e6ba5f50479.txt	5906.lswap-73851215f718.txt	720,17	720,17	T	1224	612	612	0	0	F	F	1234567
5906.up-1e6ba5f50479.txt	5906.lswap-7602ba885180.txt	720,17	720,17	T	1224	612	612	0	0	F	F	1234567
5906.up-1e6ba5f50479.txt	5906.lswap-760f8ed53670.txt	720,17	720,22	T	1243	624	619	11	16	F	R	1234567
5906.up-1e6ba5f50479.txt	5906.lswap-7bd46049981f.txt	720,17	720,17	T	1116	558	558	0	0	F	F	1234567
5906.up-1e6ba5f50479.txt	5906.lswap-7f47c6e6eeda.txt	720,17	720,17	T	1320	660	660	0	0	F	F	1234567
5906.up-1e6ba5f50479.txt	5906.lswap-80e6c24a2613.txt	720,17	720,17	T	1272	636	636	0	0	F	F	1234567
5906.up-1e6ba5f50479.txt	5906.lswap-821102adfff8.txt	720,17	720,17	T	1224	612	612	0	0	F	F	1234567
5906.up-1e6ba5f50479.txt	5906.lswap-8ed814577309.txt	720,17	720,17	T	1296	648	648	0	0	F	F	1234567
5906.up-1e6ba5f50479.txt	5906.lswap-8f58c699a11d.txt	720,17	720,23	T	1234	620	614	14	20	F	R	1234567
5906.up-1e6ba5f50479.txt	5906.lswap-945cf8ae5bef.txt	720,17	720,23	T	1282	644	638	14	20	F	F	1462537
5906.up-1e6ba5f50479.txt	5906.lswap-964ebce5847f.txt	720,17	720,17	T	1212	606	606	0	0	F	F	5264137
5906.up-1e6ba5f50479.txt	5906.lswap-9759fb4af500.txt	720,17	720,17	T	1260	630	630	0	0	F	F	1234567
5906.up-1e6ba5f50479.txt	5906.lswap-9a5cc6a6e3c8.txt	720,17	720,17	T	1284	642	642	0	0	F	F	5264137
5906.up-1e6ba5f50479.txt	5906.lswap-9bd2a50baa0e.txt	720,17	720,17	T	1068	534	534	0	0	F	F	1234567
5906.up-1e6ba5f50479.txt	5906.lswap-9bf7e32c6472.txt	720,17	720,23	T	1222	614	608	14	20	F	F	1234567
5906.up-1e6ba5f50479.txt	5906.lswap-9edd04d13626.txt	720,17	720,17	T	912	456	456	0	0	F	F	1234567
5906.up-1e6ba5f50479.txt	5906.lswap-9f3672f6c430.txt	720,17	720,17	T	1308	654	654	0	0	F	F	5264137
5906.up-1e6ba5f50479.txt	5906.lswap-9f885c2a5e20.txt	720,17	720,23	T	1234	620	614	14	20	F	F	1462537
5906.up-1e6ba5f50479.txt	5906.lswap-a28e203d65dc.txt	720,17	720,17	T	1212	606	606	0	0	F	F	1234567
5906.up-1e6ba5f50479.txt	5906.lswap-a7d2db45842b.txt	720,17	720,17	T	1284	642	642	0	0	F	F	1234567
5906.up-1e6ba5f50479.txt	5906.lswap-aa52880fc9e0.txt	720,17	720,17	T	1200	600	600	0	0	F	F	1234567
5906.up-1e6ba5f50479.txt	5906.lswap-aea48ef05d9e.txt	720,17	720,17	T	1176	588	588	0	0	F	F	5264137
5906.up-1e6ba5f50479.txt	5906.lswap-af54b6f406a6.txt	720,17	720,17	T	1308	654	654	0	0	F	F	1234567
5906.up-1e6ba5f50479.txt	5906.lswap-afd973e1a915.txt	720,17	720,17	T	1260	630	630	0	0	F	F	5264137
5906.up-1e6ba5f50479.txt	5906.lswap-b12d38608f09.txt	720,17	720,17	T	1224	612	612	0	0	F	F	1234567
5906.up-1e6ba5f50479.txt	5906.lswap-b55f23a2f470.txt	720,17	720,17	T	1200	600	600	0	0	F	F	1234567
5906.up-1e6ba5f50479.txt	5906.lswap-be4759bc731a.txt	720,17	720,17	T	1188	594	594	0	0	F	F	1234567
5906.up-1e6ba5f50479.txt	5906.lswap-c394b34cb7cc.txt	720,17	720,17	T	1232	616	616	14	14	F	F	1234567
5906.up-1e6ba5f50479.txt	5906.lswap-c55c2b0fbb0f.txt	720,17	720,17	T	1044	522	522	0	0	F	F	5264137
5906.up-1e6ba5f50479.txt	5906.lswap-cae9c3b46793.txt	720,17	720,17	T	1212	606	606	0	0	F	F	1234567
5906.up-1e6ba5f50479.txt	5906.lswap-cf5ecb0e9ecc.txt	720,17	720,17	T	1188	594	594	0	0	F	F	1234567
5906.up-1e6ba5f50479.txt	5906.lswap-cf8339eb5ca7.txt	720,17	720,21	T	1280	642	638	11	15	F	F	1643527
5906.up-1e6ba5f50479.txt	5906.lswap-d252e4d38aa9.txt	720,17	720,17	T	1188	594	594	0	0	F	F	5264137
5906.up-1e6ba5f50479.txt	5906.lswap-d515e64b87be.txt	720,17	720,17	T	996	498	498	0	0	F	F	1234567
5906.up-1e6ba5f50479.txt	5906.lswap-db110b7302cf.txt	720,17	720,23	T	1342	674	668	14	20	F	R	1234567
5906.up-1e6ba5f50479.txt	5906.lswap-dcc866de4e11.txt	720,17	720,17	T	1092	546	546	0	0	F	F	1234567
5906.up-1e6ba5f50479.txt	5906.lswap-df71274e07be.txt	720,17	720,17	T	1296	648	648	0	0	F	F	1234567
5906.up-1e6ba5f50479.txt	5906.lswap-e0920da719d9.txt	720,17	720,17	T	1224	612	612	0	0	F	F	1234567
5906.up-1e6ba5f50479.txt	5906.lswap-e145b859ca30.txt	720,17	720,17	T	1296	648	648	0	0	F	F	5264137
5906.up-1e6ba5f50479.txt	5906.lswap-e21e24656b8e.txt	720,17	720,17	T	1116	558	558	0	0	F	F	5264137
5906.up-1e6ba5f50479.txt	5906.lswap-e2d18fca77cb.txt	720,17	720,17	T	1320	660	660	0	0	F	F	5264137
5906.up-1e6ba5f50479.txt	5906.lswap-e59a6239aa79.txt	720,17	720,17	T	1212	606	606	0	0	F	F	1234567
5906.up-1e6ba5f50479.txt	5906.lswap-e73e096376f0.txt	720,17	720,17	T	1296	648	648	0	0	F	F	1234567
5906.up-1e6ba5f50479.txt	5906.lswap-ebd38bf2c1cd.txt	720,17	720,22	T	1279	642	637	11	16	F	F	1643527
5906.up-1e6ba5f50479.txt	5906.lswap-eeb9a73f4b33.txt	720,17	720,17	T	1284	642	642	0	0	F	F	5264137
5906.up-1e6ba5f50479.txt	5906.lswap-f4c2deec7c96.txt	720,17	720,19	T	1400	701	699	17	19	F	R	6254317
5906.up-1e6ba5f50479.txt	5906.lswap-f6dbf9989449.txt	720,17	720,17	T	1224	612	612	0	0	F	F	1234567
5906.up-1e6ba5f50479.txt	5906.lswap-f8f86258580e.txt	720,17	720,17	T	912	456	456	0	0	F	F	1234567
5906.up-1e6ba5f50479.txt	5906.lswap-fde8e0f0f322.txt	720,17	720,17	T	1232	616	616	14	14	F	R	1462537
5906.up-1e6ba5f50479.txt	5906.rbnd-0dad091b8ac4.txt	720,17	720,18	T	1069	535	534	0	1	F	R	5264137
5906.up-1e6ba5f50479.txt	5906.rbnd-2641d60c9d5c.txt	720,17	720,18	T	1069	535	534	0	1	F	F	1234567
5906.up-1e6ba5f50479.txt	5906.rbnd-c44d48fbd52c.txt	720,17	720,18	T	1081	541	540	0	1	F	R	5264317
5906.up-1e6ba5f50479.txt	5906.rbnd-e9623244f6b1.txt	720,17	720,18	T	1009	505	504	0	1	F	R	5264317
5906.up-1e6ba5f50479.txt	5906.up-02d771908307.txt	720,17	720,17	T	1032	516	516	0	0	F	F	1234567
5906.up-1e6ba5f50479.txt	5906.up-0a065898a821.txt	720,17	720,23	T	1246	626	620	14	20	F	F	1234567
5906.up-1e6ba5f50479.txt	5906.up-0d2e98183c29.txt	720,17	720,17	T	1272	636	636	0	0	F	F	1234567
5906.up-1e6ba5f50479.txt	5906.up-0db50fc7743c.txt	720,17	720,17	T	1296	648	648	0	0	F	F	1234567
5906.up-1e6ba5f50479.txt	5906.up-1206598d1ff0.txt	720,17	720,21	T	1244	624	620	11	15	F	F	1234567
5906.up-1e6ba5f50479.txt	5906.up-14e2c7b29aae.txt	720,17	720,17	T	1176	588	588	0	0	F	F	1234567
5906.up-1e6ba5f50479.txt	5906.up-168d62e1a9d1.txt	720,17	720,17	T	1200	600	600	0	0	F	F	1234567
5906.up-1e6ba5f50479.txt	5906.up-16ca46d2c5a9.txt	720,17	720,17	T	1320	660	660	0	0	F	F	1234567
5906.up-1e6ba5f50479.txt	5906.up-1b0920685429.txt	720,17	720,17	B	1304	652	652	14	14	F	F	1234567
5906.up-1e6ba5f50479.txt	5906.up-1b8244ba04bb.txt	720,17	720,23	B	1388	697	691	14	20	F	F	1234567
5906.up-1e6ba5f50479.txt	5906.up-1bced7f87a93.txt	720,17	720,17	T	864	432	432	0	0	F	F	1234567
5906.up-1e6ba5f50479.txt	5906.up-207dc5352d35.txt	720,17	720,17	T	1104	552	552	0	0	F	F	1234567
5906.up-1e6ba5f50479.txt	5906.up-23ca8a9bcc81.txt	720,17	720,17	T	1248	624	624	0	0	F	F	1234567
5906.up-1e6ba5f50479.txt	5906.up-2cb6c1139592.txt	720,17	720,17	T	1224	612	612	0	0	F	F	1234567
5906.up-1e6ba5f50479.txt	5906.up-331228e22360.txt	720,17	720,19	T	1412	707	705	17	19	F	F	1234567
5906.up-1e6ba5f50479.txt	5906.up-331e3f0f91ee.txt	720,17	720,17	T	1344	672	672	0	0	F	F	1234567
5906.up-1e6ba5f50479.txt	5906.up-377da0a3c300.txt	720,17	720,23	T	1294	650	644	14	20	F	F	1234567
5906.up-1e6ba5f50479.txt	5906.up-37ac2db82134.txt	720,17	720,17	T	1080	540	540	0	0	F	F	1234567
5906.up-1e6ba5f50479.txt	5906.up-3ba99c5557bb.txt	720,17	720,17	B	1176	588	588	0	0	F	F	1234567
5906.up-1e6ba5f50479.txt	5906.up-3de4f10d5095.txt	720,17	720,17	T	1128	564	564	0	0	F	F	1234567
5906.up-1e6ba5f50479.txt	5906.up-3ffb4355518f.txt	720,17	720,17	T	1244	622	622	14	14	F	F	1234567
5906.up-1e6ba5f50479.txt	5906.up-454308027985.txt	720,17	720,17	T	864	432	432	0	0	F	F	1234567
5906.up-1e6ba5f50479.txt	5906.up-4c3eef44600b.txt	720,17	720,17	B	1032	516	516	0	0	F	F	1234567
5906.up-1e6ba5f50479.txt	5906.up-53b55626d912.txt	720,17	720,17	T	1320	660	660	0	0	F	F	1234567
5906.up-1e6ba5f50479.txt	5906.up-55058cab6cba.txt	720,17	720,17	T	1244	622	622	14	14	F	F	1234567
5906.up-1e6ba5f50479.txt	5906.up-56126e7237c3.txt	720,17	720,21	T	1280	642	638	11	15	F	F	1234567
5906.up-1e6ba5f50479.txt	5906.up-590fe2cb2c21.txt	720,17	720,21	T	1292	648	644	11	15	F	F	1234567
5906.up-1e6ba5f50479.txt	5906.up-5ce87c54ecea.txt	720,17	720,17	T	1032	516	516	0	0	F	F	1234567
5906.up-1e6ba5f50479.txt	5906.up-63a938be8d73.txt	720,17	720,17	T	1256	628	628	14	14	F	F	1234567
5906.up-1e6ba5f50479.txt	5906.up-6572648567f1.txt	720,17	720,17	B	1172	586	586	14	14	F	F	1234567
5906.up-1e6ba5f50479.txt	5906.up-6597315411ea.txt	720,17	720,23	T	1354	680	674	14	20	F	F	1234567
5906.up-1e6ba5f50479.txt	5906.up-6773ff05a318.txt	720,17	720,17	T	1224	612	612	0	0	F	F	1234567
5906.up-1e6ba5f50479.txt	5906.up-6a142cb8e27d.txt	720,17	720,21	T	1268	636	632	11	15	F	F	1234567
5906.up-1e6ba5f50479.txt	5906.up-6a8f7756517b.txt	720,17	720,17	B	1080	540	540	0	0	F	F	1234567
5906.up-1e6ba5f50479.txt	5906.up-6f42b3603dac.txt	720,17	720,21	T	1340	672	668	11	15	F	F	1234567
5906.up-1e6ba5f50479.txt	5906.up-72482a71c81e.txt	720,17	720,23	T	1222	614	608	14	20	F	F	1234567
5906.up-1e6ba5f50479.txt	5906.up-756ff2ed09bd.txt	720,17	720,17	T	1080	540	540	0	0	F	F	1234567
5906.up-1e6ba5f50479.txt	5906.up-77512ee88848.txt	720,17	720,17	T	1248	624	624	0	0	F	F	1234567
5906.up-1e6ba5f50479.txt	5906.up-7824c044436e.txt	720,17	720,17	B	1032	516	516	0	0	F	F	1234567
5906.up-1e6ba5f50479.txt	5906.up-78d638be95ae.txt	720,17	720,17	T	1008	504	504	0	0	F	F	1234567
5906.up-1e6ba5f50479.txt	5906.up-7c111e182316.txt	720,17	720,17	T	1200	600	600	0	0	F	F	1234567
5906.up-1e6ba5f50479.txt	5906.up-7f9a93193f10.txt	720,17	720,21	T	1364	684	680	11	15	F	F	1234567
5906.up-1e6ba5f50479.txt	5906.up-839c85982253.txt	720,17	720,17	B	1176	588	588	0	0	F	F	1234567
5906.up-1e6ba5f50479.txt	5906.up-890b6674bd25.txt	720,17	720,25	T	1268	638	630	15	23	F	F	1234567
5906.up-1e6ba5f50479.txt	5906.up-8b8c8916a24a.txt	720,17	720,19	T	1376	689	687	17	19	F	F	1234567
5906.up-1e6ba5f50479.txt	5906.up-8ec03171f5df.txt	720,17	720,17	T	1272	636	636	0	0	F	F	1234567
5906.up-1e6ba5f50479.txt	5906.up-91a0d3cd2c14.txt	720,17	720,17	T	1224	612	612	0	0	F	F	1234567
5906.up-1e6ba5f50479.txt	5906.up-956f3f1864b5.txt	720,17	720,17	T	1184	592	592	14	14	F	F	1234567
5906.up-1e6ba5f50479.txt	5906.up-95ffff5c765c.txt	720,17	720,17	T	1152	576	576	0	0	F	F	1234567
5906.up-1e6ba5f50479.txt	5906.up-9a915a83c416.txt	720,17	720,17	T	936	468	468	0	0	F	F	1234567
5906.up-1e6ba5f50479.txt	5906.up-a001786e5861.txt	720,17	720,17	T	1128	564	564	0	0	F	F	1234567
5906.up-1e6ba5f50479.txt	5906.up-a00b3e52965d.txt	720,17	720,17	T	1056	528	528	0	0	F	F	1234567
5906.up-1e6ba5f50479.txt	5906.up-a233fdf94b8d.txt	720,17	720,17	T	960	480	480	0	0	F	F	1234567
5906.up-1e6ba5f50479.txt	5906.up-a235b0e09b6c.txt	720,17	720,17	T	1152	576	576	0	0	F	F	1234567
5906.up-1e6ba5f50479.txt	5906.up-a30c7c517d7b.txt	720,17	720,17	T	1328	664	664	14	14	F	F	1234567
5906.up-1e6ba5f50479.txt	5906.up-a838f31a7b4f.txt	720,17	720,17	T	1200	600	600	0	0	F	F	1234567
5906.up-1e6ba5f50479.txt	5906.up-abe33e328763.txt	720,17	720,17	T	1176	588	588	0	0	F	F	1234567
5906.up-1e6ba5f50479.txt	5906.up-aed220b1ebc4.txt	720,17	720,17	T	1224	612	612	0	0	F	F	1234567
5906.up-1e6ba5f50479.txt	5906.up-b2d6bec1e3bd.txt	720,17	720,17	T	1224	612	612	0	0	F	F	1234567
5906.up-1e6ba5f50479.txt	5906.up-bd458e7fc19e.txt	720,17	720,21	T	1316	660	656	11	15	F	F	1234567
5906.up-1e6ba5f50479.txt	5906.up-c2286e4674af.txt	720,17	720,17	B	1104	552	552	0	0	F	F	1234567
5906.up-1e6ba5f50479.txt	5906.up-c3afee7ed153.txt	720,17	720,23	T	1402	704	698	14	20	F	F	1234567
5906.up-1e6ba5f50479.txt	5906.up-c63a66adbc60.txt	720,17	720,23	T	1378	692	686	14	20	F	F	1234567
5906.up-1e6ba5f50479.txt	5906.up-cad80abdf334.txt	720,17	720,17	T	1152	576	576	0	0	F	F	1234567
5906.up-1e6ba5f50479.txt	5906.up-d0b9281ca469.txt	720,17	720,25	T	1256	632	624	15	23	F	F	1234567
5906.up-1e6ba5f50479.txt	5906.up-d1489855deef.txt	720,17	720,23	T	1330	668	662	14	20	F	F	1234567
5906.up-1e6ba5f50479.txt	5906.up-d2559533f431.txt	720,17	720,17	T	1296	648	648	0	0	F	F	1234567
5906.up-1e6ba5f50479.txt	5906.up-d8c6ba46400e.txt	720,17	720,17	T	1232	616	616	14	14	F	F	1234567
5906.up-1e6ba5f50479.txt	5906.up-d9a28c2d8195.txt	720,17	720,18	T	1327	664	663	14	15	F	F	1234567
5906.up-1e6ba5f50479.txt	5906.up-da93a66cd37b.txt	720,17	720,17	B	1152	576	576	0	0	F	F	1234567
5906.up-1e6ba5f50479.txt	5906.up-dab493384582.txt	720,17	720,17	T	1008	504	504	0	0	F	F	1234567
5906.up-1e6ba5f50479.txt	5906.up-dcd1e20d40f8.txt	720,17	720,17	B	936	468	468	0	0	F	F	1234567
5906.up-1e6ba5f50479.txt	5906.up-df8c9033249e.txt	720,17	720,21	T	1228	616	612	11	15	F	F	1234567
5906.up-1e6ba5f50479.txt	5906.up-e132c7a7c340.txt	720,17	720,17	T	960	480	480	0	0	F	F	1234567
5906.up-1e6ba5f50479.txt	5906.up-e1680a9d0e30.txt	720,17	720,17	T	1104	552	552	0	0	F	F	1234567
5906.up-1e6ba5f50479.txt	5906.up-e65e244c83d3.txt	720,17	720,17	T	1104	552	552	0	0	F	F	1234567
5906.up-1e6ba5f50479.txt	5906.up-e8da0f18269f.txt	720,17	720,17	T	1080	540	540	0	0	F	F	1234567
5906.up-1e6ba5f50479.txt	5906.up-e948752d6a32.txt	720,17	720,17	T	1224	612	612	0	0	F	F	1234567
5906.up-1e6ba5f50479.txt	5906.up-e94d2b57a7d4.txt	720,17	720,17	T	1200	600	600	0	0	F	F	1234567
5906.up-1e6ba5f50479.txt	5906.up-eebb02e3baec.txt	720,17	720,17	T	1248	624	624	0	0	F	F	1234567
5906.up-1e6ba5f50479.txt	5906.up-f0a3bb335ed9.txt	720,17	720,17	T	1232	616	616	14	14	F	F	1234567
5906.up-1e6ba5f50479.txt	5906.up-f2c7804be474.txt	720,17	720,23	T	1270	638	632	14	20	F	F	1234567
5906.up-1e6ba5f50479.txt	5906.up-f8d1e70c6a52.txt	720,17	720,21	T	1340	672	668	11	15	F	F	1234567
5906.up-3ba99c5557bb.txt	5906.i4a-29c55ed5fbf6.txt	720,17	720,22	T	1287	646	641	11	16	F	F	1234567
5906.up-3ba99c5557bb.txt	5906.i4a-50d865ca7907.txt	720,17	720,26	T	1215	612	603	15	24	F	F	1234567
5906.up-3ba99c5557bb.txt	5906.i4a-66637a3b8941.txt	720,17	720,22	T	1323	664	659	11	16	F	F	1234567
5906.up-3ba99c5557bb.txt	5906.i4a-6a77e138ea8e.txt	720,17	720,22	T	1347	676	671	11	16	F	F	1234567
5906.up-3ba99c5557bb.txt	5906.i4a-7f46c8149026.txt	720,17	720,22	T	1299	652	647	11	16	F	F	1234567
5906.up-3ba99c5557bb.txt	5906.i4a-b99b1d60f13e.txt	720,17	720,26	T	1227	618	609	15	24	F	F	1234567
5906.up-3ba99c5557bb.txt	5906.i4a-c1080e26f60c.txt	720,17	720,22	T	1275	640	635	11	16	F	F	1234567
5906.up-3ba99c5557bb.txt	5906.i4a-e0f3de4ca026.txt	720,17	720,22	T	1319	662	657	11	16	F	F	1234567
5906.up-3ba99c5557bb.txt	5906.lswap-025c4805fc39.txt	720,17	720,17	T	912	456	456	0	0	F	F	5264137
5906.up-3ba99c5557bb.txt	5906.lswap-031568aa1b5c.txt	720,17	720,17	T	924	462	462	0	0	F	F	1234567
5906.up-3ba99c5557bb.txt	5906.lswap-06f4ba2c8122.txt	720,17	720,23	T	1290	648	642	14	20	F	F	1234567
5906.up-3ba99c5557bb.txt	5906.lswap-09c105553d61.txt	720,17	720,23	T	1314	660	654	14	20	F	F	1234567
5906.up-3ba99c5557bb.txt	5906.lswap-0d13fc4a8a4a.txt	720,17	720,21	T	1300	652	648	11	15	F	F	1643527
5906.up-3ba99c5557bb.txt	5906.lswap-0de54c0a7bb6.txt	720,17	720,17	T	888	444	444	0	0	F	F	5264137
5906.up-3ba99c5557bb.txt	5906.lswap-10f62906b166.txt	720,17	720,23	T	1302	654	648	14	20	F	R	1234567
5906.up-3ba99c5557bb.txt	5906.lswap-17203113788c.txt	720,17	720,17	T	876	438	438	0	0	F	F	1234567
5906.up-3ba99c5557bb.txt	5906.lswap-17946ea8ba63.txt	720,17	720,17	T	864	432	432	0	0	F	F	1234567
5906.up-3ba99c5557bb.txt	5906.lswap-1e70957354f1.txt	720,17	720,17	T	888	444	444	0	0	F	F	5264137
5906.up-3ba99c5557bb.txt	5906.lswap-1f8e06e3e616.txt	720,17	720,22	T	1301	653	648	11	16	F	F	1643527
5906.up-3ba99c5557bb.txt	5906.lswap-20db05a5b51e.txt	720,17	720,17	T	588	294	294	0	0	F	F	1234567
5906.up-3ba99c5557bb.txt	5906.lswap-23548cda0ace.txt	720,17	720,23	T	1302	654	648	14	20	F	R	1234567
5906.up-3ba99c5557bb.txt	5906.lswap-2497c9291398.txt	720,17	720,17	T	900	450	450	0	0	F	F	1234567
5906.up-3ba99c5557bb.txt	5906.lswap-25804d565b10.txt	720,17	720,17	T	900	450	450	0	0	F	F	1234567
5906.up-3ba99c5557bb.txt	5906.lswap-25cebe1ff658.txt	720,17	720,17	T	960	480	480	0	0	F	F	5264137
5906.up-3ba99c5557bb.txt	5906.lswap-28b97fbb68d1.txt	720,17	720,23	T	1350	678	672	14	20	F	F	1462537
5906.up-3ba99c5557bb.txt	5906.lswap-29ee6f7c1197.txt	720,17	720,17	T	888	444	444	0	0	F	F	5264137
5906.up-3ba99c5557bb.txt	5906.lswap-2ae54d2fd96c.txt	720,17	720,17	T	948	474	474	0	0	F	F	1234567
5906.up-3ba99c5557bb.txt	5906.lswap-2c94cb485ad7.txt	720,17	720,17	T	1248	624	624	14	14	F	F	1234567
5906.up-3ba99c5557bb.txt	5906.lswap-2fb529601be6.txt	720,17	720,17	T	888	444	444	0	0	F	F	5264137
5906.up-3ba99c5557bb.txt	5906.lswap-3a55a72f70d6.txt	720,17	720,23	T	1278	642	636	14	20	F	F	1462537
5906.up-3ba99c5557bb.txt	5906.lswap-3b4f2e286e0c.txt	720,17	720,17	T	852	426	426	0	0	F	F	1234567
5906.up-3ba99c5557bb.txt	5906.lswap-3b66fbdbdf53.txt	720,17	720,17	T	972	486	486	0	0	F	F	1234567
5906.up-3ba99c5557bb.txt	5906.lswap-3baeeea281f2.txt	720,17	720,17	T	852	426	426	0	0	F	F	1234567
5906.up-3ba99c5557bb.txt	5906.lswap-3c791ffa671d.txt	720,17	720,17	T	864	432	432	0	0	F	F	1234567
5906.up-3ba99c5557bb.txt	5906.lswap-3d82ae1f2111.txt	720,17	720,17	T	960	480	480	0	0	F	F	1234567
5906.up-3ba99c5557bb.txt	5906.lswap-41a210488ac9.txt	720,17	720,17	T	828	414	414	0	0	F	F	1234567
5906.up-3ba99c5557bb.txt	5906.lswap-423441640591.txt	720,17	720,17	T	912	456	456	0	0	F	F	1234567
5906.up-3ba99c5557bb.txt	5906.lswap-469763027c57.txt	720,17	720,17	T	912	456	456	0	0	F	F	1234567
5906.up-3ba99c5557bb.txt	5906.lswap-49fac07a5323.txt	720,17	720,17	T	948	474	474	0	0	F	F	1234567
5906.up-3ba99c5557bb.txt	5906.lswap-49fc63d034f2.txt	720,17	720,17	T	816	408	408	0	0	F	F	5264137
5906.up-3ba99c5557bb.txt	5906.lswap-4a581202d46c.txt	720,17	720,17	T	888	444	444	0	0	F	F	1234567
5906.up-3ba99c5557bb.txt	5906.lswap-4c179f65aa4b.txt	720,17	720,17	T	816	408	408	0	0	F	F	1234567
5906.up-3ba99c5557bb.txt	5906.lswap-5228890279ca.txt	720,17	720,17	T	852	426	426	0	0	F	F	1234567
5906.up-3ba99c5557bb.txt	5906.lswap-52e683fb05d3.txt	720,17	720,17	T	936	468	468	0	0	F	F	5264137
5906.up-3ba99c5557bb.txt	5906.lswap-52f45c5e8e22.txt	720,17	720,17	T	924	462	462	0	0	F	F	1234567
5906.up-3ba99c5557bb.txt	5906.lswap-5764c730eaee.txt	720,17	720,17	T	876	438	438	0	0	F	F	1234567
5906.up-3ba99c5557bb.txt	5906.lswap-5808edca979d.txt	720,17	720,17	T	864	432	432	0	0	F	F	5264137
5906.up-3ba99c5557bb.txt	5906.lswap-5a55d1641a86.txt	720,17	720,17	T	828	414	414	0	0	F	F	1234567
5906.up-3ba99c5557bb.txt	5906.lswap-5a7a973564fd.txt	720,17	720,17	T	852	426	426	0	0	F	F	1234567
5906.up-3ba99c5557bb.txt	5906.lswap-5dbb54e50268.txt	720,17	720,17	T	960	480	480	0	0	F	F	5264137
5906.up-3ba99c5557bb.txt	5906.lswap-6008b60b1c2c.txt	720,17	720,17	T	864	432	432	0	0	F	F	1234567
5906.up-3ba99c5557bb.txt	5906.lswap-62d959eb4e73.txt	720,17	720,17	T	984	492	492	0	0	F	F	5264137
5906.up-3ba99c5557bb.txt	5906.lswap-637b5054102a.txt	720,17	720,21	T	1348	676	672	11	15	F	F	1643527
5906.up-3ba99c5557bb.txt	5906.lswap-67fc5c2184ab.txt	720,17	720,23	T	1302	654	648	14	20	F	F	1234567
5906.up-3ba99c5557bb.txt	5906.lswap-68a263f18066.txt	720,17	720,17	T	888	444	444	0	0	F	F	1234567
5906.up-3ba99c5557bb.txt	5906.lswap-6bd82af50a4e.txt	720,17	720,17	T	876	438	438	0	0	F	F	1234567
5906.up-3ba99c5557bb.txt	5906.lswap-6d0ad177e5ee.txt	720,17	720,17	T	924	462	462	0	0	F	F	1234567
5906.up-3ba99c5557bb.txt	5906.lswap-6d7ea156bdcc.txt	720,17	720,17	T	876	438	438	0	0	F	F	1234567
5906.up-3ba99c5557bb.txt	5906.lswap-6dc582bac458.txt	720,17	720,22	T	1251	628	623	11	16	F	R	1234567
5906.up-3ba99c5557bb.txt	5906.lswap-6f6f375dca74.txt	720,17	720,17	T	828	414	414	0	0	F	F	1234567
5906.up-3ba99c5557bb.txt	5906.lswap-7217a0cd3774.txt	720,17	720,17	T	960	480	480	0	0	F	F	1234567
5906.up-3ba99c5557bb.txt	5906.lswap-73851215f718.txt	720,17	720,17	T	888	444	444	0	0	F	F	1234567
5906.up-3ba99c5557bb.txt	5906.lswap-7602ba885180.txt	720,17	720,17	T	888	444	444	0	0	F	F	1234567
5906.up-3ba99c5557bb.txt	5906.lswap-760f8ed53670.txt	720,17	720,22	T	1299	652	647	11	16	F	R	1234567
5906.up-3ba99c5557bb.txt	5906.lswap-7bd46049981f.txt	720,17	720,17	T	984	492	492	0	0	F	F	1234567
5906.up-3ba99c5557bb.txt	5906.lswap-7f47c6e6eeda.txt	720,17	720,17	T	948	474	474	0	0	F	F	1234567
5906.up-3ba99c5557bb.txt	5906.lswap-80e6c24a2613.txt	720,17	720,17	T	900	450	450	0	0	F	F	1234567
5906.up-3ba99c5557bb.txt	5906.lswap-821102adfff8.txt	720,17	720,17	T	888	444	444	0	0	F	F	1234567
5906.up-3ba99c5557bb.txt	5906.lswap-8ed814577309.txt	720,17	720,17	T	924	462	462	0	0	F	F	1234567
5906.up-3ba99c5557bb.txt	5906.lswap-8f58c699a11d.txt	720,17	720,23	T	1290	648	642	14	20	F	R	1234567
5906.up-3ba99c5557bb.txt	5906.lswap-945cf8ae5bef.txt	720,17	720,23	T	1338	672	666	14	20	F	F	1462537
5906.up-3ba99c5557bb.txt	5906.lswap-964ebce5847f.txt	720,17	720,17	T	888	444	444	0	0	F	F	5264137
5906.up-3ba99c5557bb.txt	5906.lswap-9759fb4af500.txt	720,17	720,17	T	876	438	438	0	0	F	F	1234567
5906.up-3ba99c5557bb.txt	5906.lswap-9a5cc6a6e3c8.txt	720,17	720,17	T	888	444	444	0	0	F	F	5264137
5906.up-3ba99c5557bb.txt	5906.lswap-9bd2a50baa0e.txt	720,17	720,17	T	972	486	486	0	0	F	F	1234567
5906.up-3ba99c5557bb.txt	5906.lswap-9bf7e32c6472.txt	720,17	720,23	T	1302	654	648	14	20	F	F	1234567
5906.up-3ba99c5557bb.txt	5906.lswap-9edd04d13626.txt	720,17	720,17	T	948	474	474	0	0	F	F	1234567
5906.up-3ba99c5557bb.txt	5906.lswap-9f3672f6c430.txt	720,17	720,17	T	960	480	480	0	0	F	F	5264137
5906.up-3ba99c5557bb.txt	5906.lswap-9f885c2a5e20.txt	720,17	720,23	T	1266	636	630	14	20	F	F	1462537
5906.up-3ba99c5557bb.txt	5906.lswap-a28e203d65dc.txt	720,17	720,17	T	852	426	426	0	0	F	F	1234567
5906.up-3ba99c5557bb.txt	5906.lswap-a7d2db45842b.txt	720,17	720,17	T	900	450	450	0	0	F	F	1234567
5906.up-3ba99c5557bb.txt	5906.lswap-aa52880fc9e0.txt	720,17	720,17	T	816	408	408	0	0	F	F	1234567
5906.up-3ba99c5557bb.txt	5906.lswap-aea48ef05d9e.txt	720,17	720,17	T	936	468	468	0	0	F	F	5264137
5906.up-3ba99c5557bb.txt	5906.lswap-af54b6f406a6.txt	720,17	720,17	T	948	474	474	0	0	F	F	1234567
5906.up-3ba99c5557bb.txt	5906.lswap-afd973e1a915.txt	720,17	720,17	T	864	432	432	0	0	F	F	5264137
5906.up-3ba99c5557bb.txt	5906.lswap-b12d38608f09.txt	720,17	720,17	T	852	426	426	0	0	F	F	1234567
5906.up-3ba99c5557bb.txt	5906.lswap-b55f23a2f470.txt	720,17	720,17	T	852	426	426	0	0	F	F	1234567
5906.up-3ba99c5557bb.txt	5906.lswap-be4759bc731a.txt	720,17	720,17	T	828	414	414	0	0	F	F	1234567
5906.up-3ba99c5557bb.txt	5906.lswap-c394b34cb7cc.txt	720,17	720,17	T	1344	672	672	14	14	F	F	1234567
5906.up-3ba99c5557bb.txt	5906.lswap-c55c2b0fbb0f.txt	720,17	720,17	T	972	486	486	0	0	F	F	5264137
5906.up-3ba99c5557bb.txt	5906.lswap-cae9c3b46793.txt	720,17	720,17	T	864	432	432	0	0	F	F	1234567
5906.up-3ba99c5557bb.txt	5906.lswap-cf5ecb0e9ecc.txt	720,17	720,17	T	792	396	396	0	0	F	F	1234567
5906.up-3ba99c5557bb.txt	5906.lswap-cf8339eb5ca7.txt	720,17	720,21	T	1252	628	624	11	15	F	F	1643527
5906.up-3ba99c5557bb.txt	5906.lswap-d252e4d38aa9.txt	720,17	720,17	T	816	408	408	0	0	F	F	5264137
5906.up-3ba99c5557bb.txt	5906.lswap-d515e64b87be.txt	720,17	720,17	T	840	420	420	0	0	F	F	1234567
5906.up-3ba99c5557bb.txt	5906.lswap-db110b7302cf.txt	720,17	720,23	T	1314	660	654	14	20	F	R	1234567
5906.up-3ba99c5557bb.txt	5906.lswap-dcc866de4e11.txt	720,17	720,17	T	936	468	468	0	0	F	F	1234567
5906.up-3ba99c5557bb.txt	5906.lswap-df71274e07be.txt	720,17	720,17	T	924	462	462	0	0	F	F	1234567
5906.up-3ba99c5557bb.txt	5906.lswap-e0920da719d9.txt	720,17	720,17	T	852	426	426	0	0	F	F	1234567
5906.up-3ba99c5557bb.txt	5906.lswap-e145b859ca30.txt	720,17	720,17	T	912	456	456	0	0	F	F	5264137
5906.up-3ba99c5557bb.txt	5906.lswap-e21e24656b8e.txt	720,17	720,17	T	960	480	480	0	0	F	F	5264137
5906.up-3ba99c5557bb.txt	5906.lswap-e2d18fca77cb.txt	720,17	720,17	T	984	492	492	0	0	F	F	5264137
5906.up-3ba99c5557bb.txt	5906.lswap-e59a6239aa79.txt	720,17	720,17	T	840	420	420	0	0	F	F	1234567
5906.up-3ba99c5557bb.txt	5906.lswap-e73e096376f0.txt	720,17	720,17	T	924	462	462	0	0	F	F	1234567
5906.up-3ba99c5557bb.txt	5906.lswap-ebd38bf2c1cd.txt	720,17	720,22	T	1253	629	624	11	16	F	F	1643527
5906.up-3ba99c5557bb.txt	5906.lswap-eeb9a73f4b33.txt	720,17	720,17	T	936	468	468	0	0	F	F	5264137
5906.up-3ba99c5557bb.txt	5906.lswap-f4c2deec7c96.txt	720,17	720,19	T	1404	703	701	17	19	F	F	1234567
5906.up-3ba99c5557bb.txt	5906.lswap-f6dbf9989449.txt	720,17	720,17	T	888	444	444	0	0	F	F	1234567
5906.up-3ba99c5557bb.txt	5906.lswap-f8f86258580e.txt	720,17	720,17	T	840	420	420	0	0	F	F	1234567
5906.up-3ba99c5557bb.txt	5906.lswap-fde8e0f0f322.txt	720,17	720,17	T	1332	666	666	14	14	F	F	1234567
5906.up-3ba99c5557bb.txt	5906.rbnd-0dad091b8ac4.txt	720,17	720,18	T	971	486	485	0	1	F	R	5264137
5906.up-3ba99c5557bb.txt	5906.rbnd-2641d60c9d5c.txt	720,17	720,18	T	971	486	485	0	1	F	F	1234567
5906.up-3ba99c5557bb.txt	5906.rbnd-c44d48fbd52c.txt	720,17	720,18	T	983	492	491	0	1	F	R	5264317
5906.up-3ba99c5557bb.txt	5906.rbnd-e9623244f6b1.txt	720,17	720,18	T	959	480	479	0	1	F	R	5264317
5906.up-3ba99c5557bb.txt	5906.up-02d771908307.txt	720,17	720,17	T	864	432	432	0	0	F	F	1234567
5906.up-3ba99c5557bb.txt	5906.up-0a065898a821.txt	720,17	720,23	T	1266	636	630	14	20	F	F	1234567
5906.up-3ba99c5557bb.txt	5906.up-0d2e98183c29.txt	720,17	720,17	T	912	456	456	0	0	F	F	1234567
5906.up-3ba99c5557bb.txt	5906.up-0db50fc7743c.txt	720,17	720,17	T	888	444	444	0	0	F	F	1234567
5906.up-3ba99c5557bb.txt	5906.up-1206598d1ff0.txt	720,17	720,21	T	1324	664	660	11	15	F	F	1234567
5906.up-3ba99c5557bb.txt	5906.up-14e2c7b29aae.txt	720,17	720,17	T	792	396	396	0	0	F	F	1234567
5906.up-3ba99c5557bb.txt	5906.up-168d62e1a9d1.txt	720,17	720,17	T	864	432	432	0	0	F	F	1234567
5906.up-3ba99c5557bb.txt	5906.up-16ca46d2c5a9.txt	720,17	720,17	T	960	480	480	0	0	F	F	1234567
5906.up-3ba99c5557bb.txt	5906.up-1b0920685429.txt	720,17	720,17	B	1428	714	714	14	14	F	F	1234567
5906.up-3ba99c5557bb.txt	5906.up-1b8244ba04bb.txt	720,17	720,23	B	1292	649	643	14	20	F	F	1234567
5906.up-3ba99c5557bb.txt	5906.up-1bced7f87a93.txt	720,17	720,17	T	984	492	492	0	0	F	F	1234567
5906.up-3ba99c5557bb.txt	5906.up-1e6ba5f50479.txt	720,17	720,17	B	1176	588	588	0	0	F	F	1234567
5906.up-3ba99c5557bb.txt	5906.up-207dc5352d35.txt	720,17	720,17	T	936	468	468	0	0	F	F	1234567
5906.up-3ba99c5557bb.txt	5906.up-23ca8a9bcc81.txt	720,17	720,17	T	912	456	456	0	0	F	F	1234567
5906.up-3ba99c5557bb.txt	5906.up-2cb6c1139592.txt	720,17	720,17	T	864	432	432	0	0	F	F	1234567
5906.up-3ba99c5557bb.txt	5906.up-331228e22360.txt	720,17	720,19	T	1428	715	713	17	19	F	F	1234567
5906.up-3ba99c5557bb.txt	5906.up-331e3f0f91ee.txt	720,17	720,17	T	1008	504	504	0	0	F	F	1234567
5906.up-3ba99c5557bb.txt	5906.up-377da0a3c300.txt	720,17	720,23	T	1338	672	666	14	20	F	F	1234567
5906.up-3ba99c5557bb.txt	5906.up-37ac2db82134.txt	720,17	720,17	T	936	468	468	0	0	F	F	1234567
5906.up-3ba99c5557bb.txt	5906.up-3de4f10d5095.txt	720,17	720,17	T	840	420	420	0	0	F	F	1234567
5906.up-3ba99c5557bb.txt	5906.up-3ffb4355518f.txt	720,17	720,17	T	1236	618	618	14	14	F	F	1234567
5906.up-3ba99c5557bb.txt	5906.up-454308027985.txt	720,17	720,17	T	864	432	432	0	0	F	F	1234567
5906.up-3ba99c5557bb.txt	5906.up-4c3eef44600b.txt	720,17	720,17	B	1152	576	576	0	0	F	F	1234567
5906.up-3ba99c5557bb.txt	5906.up-53b55626d912.txt	720,17	720,17	T	936	468	468	0	0	F	F	1234567
5906.up-3ba99c5557bb.txt	5906.up-55058cab6cba.txt	720,17	720,17	T	1356	678	678	14	14	F	F	1234567
5906.up-3ba99c5557bb.txt	5906.up-56126e7237c3.txt	720,17	720,21	T	1276	640	636	11	15	F	F	1234567
5906.up-3ba99c5557bb.txt	5906.up-590fe2cb2c21.txt	720,17	720,21	T	1348	676	672	11	15	F	F	1234567
5906.up-3ba99c5557bb.txt	5906.up-5ce87c54ecea.txt	720,17	720,17	T	960	480	480	0	0	F	F	1234567
5906.up-3ba99c5557bb.txt	5906.up-63a938be8d73.txt	720,17	720,17	T	1344	672	672	14	14	F	F	1234567
5906.up-3ba99c5557bb.txt	5906.up-6572648567f1.txt	720,17	720,17	B	1224	612	612	14	14	F	F	1234567
5906.up-3ba99c5557bb.txt	5906.up-6597315411ea.txt	720,17	720,23	T	1278	642	636	14	20	F	F	1234567
5906.up-3ba99c5557bb.txt	5906.up-6773ff05a318.txt	720,17	720,17	T	744	372	372	0	0	F	F	1234567
5906.up-3ba99c5557bb.txt	5906.up-6a142cb8e27d.txt	720,17	720,21	T	1300	652	648	11	15	F	F	1234567
5906.up-3ba99c5557bb.txt	5906.up-6a8f7756517b.txt	720,17	720,17	B	960	480	480	0	0	F	F	1234567
5906.up-3ba99c5557bb.txt	5906.up-6f42b3603dac.txt	720,17	720,21	T	1336	670	666	11	15	F	F	1234567
5906.up-3ba99c5557bb.txt	5906.up-72482a71c81e.txt	720,17	720,23	T	1278	642	636	14	20	F	F	1234567
5906.up-3ba99c5557bb.txt	5906.up-756ff2ed09bd.txt	720,17	720,17	T	984	492	492	0	0	F	F	1234567
5906.up-3ba99c5557bb.txt	5906.up-77512ee88848.txt	720,17	720,17	T	840	420	420	0	0	F	F	1234567
5906.up-3ba99c5557bb.txt	5906.up-7824c044436e.txt	720,17	720,17	B	840	420	420	0	0	F	F	1234567
5906.up-3ba99c5557bb.txt	5906.up-78d638be95ae.txt	720,17	720,17	T	624	312	312	0	0	F	F	1234567
5906.up-3ba99c5557bb.txt	5906.up-7c111e182316.txt	720,17	720,17	T	864	432	432	0	0	F	F	1234567
5906.up-3ba99c5557bb.txt	5906.up-7f9a93193f10.txt	720,17	720,21	T	1360	682	678	11	15	F	F	1234567
5906.up-3ba99c5557bb.txt	5906.up-839c85982253.txt	720,17	720,17	B	864	432	432	0	0	F	F	1234567
5906.up-3ba99c5557bb.txt	5906.up-890b6674bd25.txt	720,17	720,25	T	1216	612	604	15	23	F	F	1234567
5906.up-3ba99c5557bb.txt	5906.up-8b8c8916a24a.txt	720,17	720,19	T	1428	715	713	17	19	F	F	1234567
5906.up-3ba99c5557bb.txt	5906.up-8ec03171f5df.txt	720,17	720,17	T	888	444	444	0	0	F	F	1234567
5906.up-3ba99c5557bb.txt	5906.up-91a0d3cd2c14.txt	720,17	720,17	T	840	420	420	0	0	F	F	1234567
5906.up-3ba99c5557bb.txt	5906.up-956f3f1864b5.txt	720,17	720,17	T	1284	642	642	14	14	F	F	1234567
5906.up-3ba99c5557bb.txt	5906.up-95ffff5c765c.txt	720,17	720,17	T	912	456	456	0	0	F	F	1234567
5906.up-3ba99c5557bb.txt	5906.up-9a915a83c416.txt	720,17	720,17	T	912	456	456	0	0	F	F	1234567
5906.up-3ba99c5557bb.txt	5906.up-a001786e5861.txt	720,17	720,17	T	984	492	492	0	0	F	F	1234567
5906.up-3ba99c5557bb.txt	5906.up-a00b3e52965d.txt	720,17	720,17	T	984	492	492	0	0	F	F	1234567
5906.up-3ba99c5557bb.txt	5906.up-a233fdf94b8d.txt	720,17	720,17	T	912	456	456	0	0	F	F	1234567
5906.up-3ba99c5557bb.txt	5906.up-a235b0e09b6c.txt	720,17	720,17	T	936	468	468	0	0	F	F	1234567
5906.up-3ba99c5557bb.txt	5906.up-a30c7c517d7b.txt	720,17	720,17	T	1380	690	690	14	14	F	F	1234567
5906.up-3ba99c5557bb.txt	5906.up-a838f31a7b4f.txt	720,17	720,17	T	792	396	396	0	0	F	F	1234567
5906.up-3ba99c5557bb.txt	5906.up-abe33e328763.txt	720,17	720,17	T	936	468	468	0	0	F	F	1234567
5906.up-3ba99c5557bb.txt	5906.up-aed220b1ebc4.txt	720,17	720,17	T	912	456	456	0	0	F	F	1234567
5906.up-3ba99c5557bb.txt	5906.up-b2d6bec1e3bd.txt	720,17	720,17	T	864	432	432	0	0	F	F	1234567
5906.up-3ba99c5557bb.txt	5906.up-bd458e7fc19e.txt	720,17	720,21	T	1288	646	642	11	15	F	F	1234567
5906.up-3ba99c5557bb.txt	5906.up-c2286e4674af.txt	720,17	720,17	B	936	468	468	0	0	F	F	1234567
5906.up-3ba99c5557bb.txt	5906.up-c3afee7ed153.txt	720,17	720,23	T	1350	678	672	14	20	F	F	1234567
5906.up-3ba99c5557bb.txt	5906.up-c63a66adbc60.txt	720,17	720,23	T	1362	684	678	14	20	F	F	1234567
5906.up-3ba99c5557bb.txt	5906.up-cad80abdf334.txt	720,17	720,17	T	864	432	432	0	0	F	F	1234567
5906.up-3ba99c5557bb.txt	5906.up-d0b9281ca469.txt	720,17	720,25	T	1228	618	610	15	23	F	F	1234567
5906.up-3ba99c5557bb.txt	5906.up-d1489855deef.txt	720,17	720,23	T	1290	648	642	14	20	F	F	1234567
5906.up-3ba99c5557bb.txt	5906.up-d2559533f431.txt	720,17	720,17	T	960	480	480	0	0	F	F	1234567
5906.up-3ba99c5557bb.txt	5906.up-d8c6ba46400e.txt	720,17	720,17	T	1344	672	672	14	14	F	F	1234567
5906.up-3ba99c5557bb.txt	5906.up-d9a28c2d8195.txt	720,17	720,18	T	1379	690	689	14	15	F	F	1234567
5906.up-3ba99c5557bb.txt	5906.up-da93a66cd37b.txt	720,17	720,17	B	912	456	456	0	0	F	F	1234567
5906.up-3ba99c5557bb.txt	5906.up-dab493384582.txt	720,17	720,17	T	960	480	480	0	0	F	F	1234567
5906.up-3ba99c5557bb.txt	5906.up-dcd1e20d40f8.txt	720,17	720,17	B	1080	540	540	0	0	F	F	1234567
5906.up-3ba99c5557bb.txt	5906.up-df8c9033249e.txt	720,17	720,21	T	1320	662	658	11	15	F	F	1234567
5906.up-3ba99c5557bb.txt	5906.up-e132c7a7c340.txt	720,17	720,17	T	816	408	408	0	0	F	F	1234567
5906.up-3ba99c5557bb.txt	5906.up-e1680a9d0e30.txt	720,17	720,17	T	984	492	492	0	0	F	F	1234567
5906.up-3ba99c5557bb.txt	5906.up-e65e244c83d3.txt	720,17	720,17	T	552	276	276	0	0	F	F	1234567
5906.up-3ba99c5557bb.txt	5906.up-e8da0f18269f.txt	720,17	720,17	T	888	444	444	0	0	F	F	1234567
5906.up-3ba99c5557bb.txt	5906.up-e948752d6a32.txt	720,17	720,17	T	912	456	456	0	0	F	F	1234567
5906.up-3ba99c5557bb.txt	5906.up-e94d2b57a7d4.txt	720,17	720,17	T	840	420	420	0	0	F	F	1234567
5906.up-3ba99c5557bb.txt	5906.up-eebb02e3baec.txt	720,17	720,17	T	912	456	456	0	0	F	F	1234567
5906.up-3ba99c5557bb.txt	5906.up-f0a3bb335ed9.txt	720,17	720,17	T	1320	660	660	14	14	F	F	1234567
5906.up-3ba99c5557bb.txt	5906.up-f2c7804be474.txt	720,17	720,23	T	1350	678	672	14	20	F	F	1234567
5906.up-3ba99c5557bb.txt	5906.up-f8d1e70c6a52.txt	720,17	720,21	T	1396	700	696	11	15	F	F	1234567
5906.up-4c3eef44600b.txt	5906.i4a-29c55ed5fbf6.txt	720,17	720,22	T	1135	570	565	11	16	F	F	1234567
5906.up-4c3eef44600b.txt	5906.i4a-50d865ca7907.txt	720,17	720,26	T	1267	638	629	15	24	F	R	6243517
5906.up-4c3eef44600b.txt	5906.i4a-66637a3b8941.txt	720,17	720,22	T	1207	606	601	11	16	F	F	1234567
5906.up-4c3eef44600b.txt	5906.i4a-6a77e138ea8e.txt	720,17	720,22	T	1195	600	595	11	16	F	F	1234567
5906.up-4c3eef44600b.txt	5906.i4a-7f46c8149026.txt	720,17	720,22	T	1195	600	595	11	16	F	F	1234567
5906.up-4c3eef44600b.txt	5906.i4a-b99b1d60f13e.txt	720,17	720,26	T	1267	638	629	15	24	F	R	6243517
5906.up-4c3eef44600b.txt	5906.i4a-c1080e26f60c.txt	720,17	720,22	T	1063	534	529	11	16	F	F	1234567
5906.up-4c3eef44600b.txt	5906.i4a-e0f3de4ca026.txt	720,17	720,22	T	1311	658	653	11	16	F	F	1234567
5906.up-4c3eef44600b.txt	5906.lswap-025c4805fc39.txt	720,17	720,17	T	1344	672	672	0	0	F	F	5264137
5906.up-4c3eef44600b.txt	5906.lswap-031568aa1b5c.txt	720,17	720,17	T	1308	654	654	0	0	F	F	1234567
5906.up-4c3eef44600b.txt	5906.lswap-06f4ba2c8122.txt	720,17	720,23	T	1220	613	607	14	20	F	F	1234567
5906.up-4c3eef44600b.txt	5906.lswap-09c105553d61.txt	720,17	720,23	T	1280	643	637	14	20	F	F	1234567
5906.up-4c3eef44600b.txt	5906.lswap-0d13fc4a8a4a.txt	720,17	720,21	T	1196	600	596	11	15	F	F	1643527
5906.up-4c3eef44600b.txt	5906.lswap-0de54c0a7bb6.txt	720,17	720,17	T	1152	576	576	0	0	F	F	5264137
5906.up-4c3eef44600b.txt	5906.lswap-10f62906b166.txt	720,17	720,23	T	1232	619	613	14	20	F	R	1234567
5906.up-4c3eef44600b.txt	5906.lswap-17203113788c.txt	720,17	720,17	T	1224	612	612	0	0	F	F	1234567
5906.up-4c3eef44600b.txt	5906.lswap-17946ea8ba63.txt	720,17	720,17	T	1008	504	504	0	0	F	F	1234567
5906.up-4c3eef44600b.txt	5906.lswap-1e70957354f1.txt	720,17	720,17	T	1152	576	576	0	0	F	F	5264137
5906.up-4c3eef44600b.txt	5906.lswap-1f8e06e3e616.txt	720,17	720,22	T	1195	600	595	11	16	F	F	1643527
5906.up-4c3eef44600b.txt	5906.lswap-20db05a5b51e.txt	720,17	720,17	T	1272	636	636	0	0	F	F	1234567
5906.up-4c3eef44600b.txt	5906.lswap-23548cda0ace.txt	720,17	720,23	T	1268	637	631	14	20	F	R	1234567
5906.up-4c3eef44600b.txt	5906.lswap-2497c9291398.txt	720,17	720,17	T	1296	648	648	0	0	F	F	1234567
5906.up-4c3eef44600b.txt	5906.lswap-25804d565b10.txt	720,17	720,17	T	1284	642	642	0	0	F	F	1234567
5906.up-4c3eef44600b.txt	5906.lswap-25cebe1ff658.txt	720,17	720,17	T	1200	600	600	0	0	F	F	5264137
5906.up-4c3eef44600b.txt	5906.lswap-28b97fbb68d1.txt	720,17	720,23	T	1280	643	637	14	20	F	F	1462537
5906.up-4c3eef44600b.txt	5906.lswap-29ee6f7c1197.txt	720,17	720,17	T	1332	666	666	0	0	F	F	5264137
5906.up-4c3eef44600b.txt	5906.lswap-2ae54d2fd96c.txt	720,17	720,17	T	1308	654	654	0	0	F	F	1234567
5906.up-4c3eef44600b.txt	5906.lswap-2c94cb485ad7.txt	720,17	720,17	T	1356	678	678	14	14	F	F	1234567
5906.up-4c3eef44600b.txt	5906.lswap-2fb529601be6.txt	720,17	720,17	T	1224	612	612	0	0	F	F	5264137
5906.up-4c3eef44600b.txt	5906.lswap-3a55a72f70d6.txt	720,17	720,23	T	1232	619	613	14	20	F	F	1462537
5906.up-4c3eef44600b.txt	5906.lswap-3b4f2e286e0c.txt	720,17	720,17	T	1224	612	612	0	0	F	F	1234567
5906.up-4c3eef44600b.txt	5906.lswap-3b66fbdbdf53.txt	720,17	720,17	T	1308	654	654	0	0	F	F	1234567
5906.up-4c3eef44600b.txt	5906.lswap-3baeeea281f2.txt	720,17	720,17	T	1224	612	612	0	0	F	F	1234567
5906.up-4c3eef44600b.txt	5906.lswap-3c791ffa671d.txt	720,17	720,17	T	1188	594	594	0	0	F	F	1234567
5906.up-4c3eef44600b.txt	5906.lswap-3d82ae1f2111.txt	720,17	720,17	T	1176	588	588	0	0	F	F	1234567
5906.up-4c3eef44600b.txt	5906.lswap-41a210488ac9.txt	720,17	720,17	T	1188	594	594	0	0	F	F	1234567
5906.up-4c3eef44600b.txt	5906.lswap-423441640591.txt	720,17	720,17	T	1188	594	594	0	0	F	F	1234567
5906.up-4c3eef44600b.txt	5906.lswap-469763027c57.txt	720,17	720,17	T	1188	594	594	0	0	F	F	1234567
5906.up-4c3eef44600b.txt	5906.lswap-49fac07a5323.txt	720,17	720,17	T	1296	648	648	0	0	F	F	1234567
5906.up-4c3eef44600b.txt	5906.lswap-49fc63d034f2.txt	720,17	720,17	T	1224	612	612	0	0	F	F	5264137
5906.up-4c3eef44600b.txt	5906.lswap-4a581202d46c.txt	720,17	720,17	T	996	498	498	0	0	F	F	1234567
5906.up-4c3eef44600b.txt	5906.lswap-4c179f65aa4b.txt	720,17	720,17	T	1260	630	630	0	0	F	F	1234567
5906.up-4c3eef44600b.txt	5906.lswap-5228890279ca.txt	720,17	720,17	T	1224	612	612	0	0	F	F	1234567
5906.up-4c3eef44600b.txt	5906.lswap-52e683fb05d3.txt	720,17	720,17	T	1260	630	630	0	0	F	F	5264137
5906.up-4c3eef44600b.txt	5906.lswap-52f45c5e8e22.txt	720,17	720,17	T	1284	642	642	0	0	F	F	1234567
5906.up-4c3eef44600b.txt	5906.lswap-5764c730eaee.txt	720,17	720,17	T	1224	612	612	0	0	F	F	1234567
5906.up-4c3eef44600b.txt	5906.lswap-5808edca979d.txt	720,17	720,17	T	1332	666	666	0	0	F	F	5264137
5906.up-4c3eef44600b.txt	5906.lswap-5a55d1641a86.txt	720,17	720,17	T	1224	612	612	0	0	F	F	1234567
5906.up-4c3eef44600b.txt	5906.lswap-5a7a973564fd.txt	720,17	720,17	T	1260	630	630	0	0	F	F	1234567
5906.up-4c3eef44600b.txt	5906.lswap-5dbb54e50268.txt	720,17	720,17	T	1260	630	630	0	0	F	F	5264137
5906.up-4c3eef44600b.txt	5906.lswap-6008b60b1c2c.txt	720,17	720,17	T	1008	504	504	0	0	F	F	1234567
5906.up-4c3eef44600b.txt	5906.lswap-62d959eb4e73.txt	720,17	720,17	T	1272	636	636	0	0	F	F	5264137
5906.up-4c3eef44600b.txt	5906.lswap-637b5054102a.txt	720,17	720,21	T	1256	630	626	11	15	F	F	1643527
5906.up-4c3eef44600b.txt	5906.lswap-67fc5c2184ab.txt	720,17	720,23	T	1220	613	607	14	20	F	F	1234567
5906.up-4c3eef44600b.txt	5906.lswap-68a263f18066.txt	720,17	720,17	T	996	498	498	0	0	F	F	1234567
5906.up-4c3eef44600b.txt	5906.lswap-6bd82af50a4e.txt	720,17	720,17	T	1260	630	630	0	0	F	F	1234567
5906.up-4c3eef44600b.txt	5906.lswap-6d0ad177e5ee.txt	720,17	720,17	T	1296	648	648	0	0	F	F	1234567
5906.up-4c3eef44600b.txt	5906.lswap-6d7ea156bdcc.txt	720,17	720,17	T	1188	594	594	0	0	F	F	1234567
5906.up-4c3eef44600b.txt	5906.lswap-6dc582bac458.txt	720,17	720,22	T	1087	546	541	11	16	F	F	1643527
5906.up-4c3eef44600b.txt	5906.lswap-6f6f375dca74.txt	720,17	720,17	T	1224	612	612	0	0	F	F	1234567
5906.up-4c3eef44600b.txt	5906.lswap-7217a0cd3774.txt	720,17	720,17	T	1176	588	588	0	0	F	F	1234567
5906.up-4c3eef44600b.txt	5906.lswap-73851215f718.txt	720,17	720,17	T	1188	594	594	0	0	F	F	1234567
5906.up-4c3eef44600b.txt	5906.lswap-7602ba885180.txt	720,17	720,17	T	1188	594	594	0	0	F	F	1234567
5906.up-4c3eef44600b.txt	5906.lswap-760f8ed53670.txt	720,17	720,22	T	1195	600	595	11	16	F	R	1234567
5906.up-4c3eef44600b.txt	5906.lswap-7bd46049981f.txt	720,17	720,17	T	1176	588	588	0	0	F	F	1234567
5906.up-4c3eef44600b.txt	5906.lswap-7f47c6e6eeda.txt	720,17	720,17	T	1308	654	654	0	0	F	F	1234567
5906.up-4c3eef44600b.txt	5906.lswap-80e6c24a2613.txt	720,17	720,17	T	1284	642	642	0	0	F	F	1234567
5906.up-4c3eef44600b.txt	5906.lswap-821102adfff8.txt	720,17	720,17	T	1188	594	594	0	0	F	F	1234567
5906.up-4c3eef44600b.txt	5906.lswap-8ed814577309.txt	720,17	720,17	T	1296	648	648	0	0	F	F	1234567
5906.up-4c3eef44600b.txt	5906.lswap-8f58c699a11d.txt	720,17	720,23	T	1232	619	613	14	20	F	R	1234567
5906.up-4c3eef44600b.txt	5906.lswap-945cf8ae5bef.txt	720,17	720,23	T	1280	643	637	14	20	F	F	1462537
5906.up-4c3eef44600b.txt	5906.lswap-964ebce5847f.txt	720,17	720,17	T	1224	612	612	0	0	F	F	5264137
5906.up-4c3eef44600b.txt	5906.lswap-9759fb4af500.txt	720,17	720,17	T	1284	642	642	0	0	F	F	1234567
5906.up-4c3eef44600b.txt	5906.lswap-9a5cc6a6e3c8.txt	720,17	720,17	T	1332	666	666	0	0	F	F	5264137
5906.up-4c3eef44600b.txt	5906.lswap-9bd2a50baa0e.txt	720,17	720,17	T	1128	564	564	0	0	F	F	1234567
5906.up-4c3eef44600b.txt	5906.lswap-9bf7e32c6472.txt	720,17	720,23	T	1280	643	637	14	20	F	F	1234567
5906.up-4c3eef44600b.txt	5906.lswap-9edd04d13626.txt	720,17	720,17	T	984	492	492	0	0	F	F	1234567
5906.up-4c3eef44600b.txt	5906.lswap-9f3672f6c430.txt	720,17	720,17	T	1260	630	630	0	0	F	F	5264137
5906.up-4c3eef44600b.txt	5906.lswap-9f885c2a5e20.txt	720,17	720,23	T	1232	619	613	14	20	F	F	1462537
5906.up-4c3eef44600b.txt	5906.lswap-a28e203d65dc.txt	720,17	720,17	T	1224	612	612	0	0	F	F	1234567
5906.up-4c3eef44600b.txt	5906.lswap-a7d2db45842b.txt	720,17	720,17	T	1296	648	648	0	0	F	F	1234567
5906.up-4c3eef44600b.txt	5906.lswap-aa52880fc9e0.txt	720,17	720,17	T	1260	630	630	0	0	F	F	1234567
5906.up-4c3eef44600b.txt	5906.lswap-aea48ef05d9e.txt	720,17	720,17	T	1356	678	678	0	0	F	F	5264137
5906.up-4c3eef44600b.txt	5906.lswap-af54b6f406a6.txt	720,17	720,17	T	1296	648	648	0	0	F	F	1234567
5906.up-4c3eef44600b.txt	5906.lswap-afd973e1a915.txt	720,17	720,17	T	1320	660	660	0	0	F	F	5264137
5906.up-4c3eef44600b.txt	5906.lswap-b12d38608f09.txt	720,17	720,17	T	1188	594	594	0	0	F	F	1234567
5906.up-4c3eef44600b.txt	5906.lswap-b55f23a2f470.txt	720,17	720,17	T	1260	630	630	0	0	F	F	1234567
5906.up-4c3eef44600b.txt	5906.lswap-be4759bc731a.txt	720,17	720,17	T	1260	630	630	0	0	F	F	1234567
5906.up-4c3eef44600b.txt	5906.lswap-c394b34cb7cc.txt	720,17	720,17	T	1320	660	660	14	14	F	F	1234567
5906.up-4c3eef44600b.txt	5906.lswap-c55c2b0fbb0f.txt	720,17	720,17	T	1140	570	570	0	0	F	F	5264137
5906.up-4c3eef44600b.txt	5906.lswap-cae9c3b46793.txt	720,17	720,17	T	1188	594	594	0	0	F	F	1234567
5906.up-4c3eef44600b.txt	5906.lswap-cf5ecb0e9ecc.txt	720,17	720,17	T	1260	630	630	0	0	F	F	1234567
5906.up-4c3eef44600b.txt	5906.lswap-cf8339eb5ca7.txt	720,17	720,21	T	1088	546	542	11	15	F	R	1234567
5906.up-4c3eef44600b.txt	5906.lswap-d252e4d38aa9.txt	720,17	720,17	T	1296	648	648	0	0	F	F	5264137
5906.up-4c3eef44600b.txt	5906.lswap-d515e64b87be.txt	720,17	720,17	T	1020	510	510	0	0	F	F	1234567
5906.up-4c3eef44600b.txt	5906.lswap-db110b7302cf.txt	720,17	720,23	T	1268	637	631	14	20	F	R	1234567
5906.up-4c3eef44600b.txt	5906.lswap-dcc866de4e11.txt	720,17	720,17	T	1176	588	588	0	0	F	F	1234567
5906.up-4c3eef44600b.txt	5906.lswap-df71274e07be.txt	720,17	720,17	T	1296	648	648	0	0	F	F	1234567
5906.up-4c3eef44600b.txt	5906.lswap-e0920da719d9.txt	720,17	720,17	T	1188	594	594	0	0	F	F	1234567
5906.up-4c3eef44600b.txt	5906.lswap-e145b859ca30.txt	720,17	720,17	T	1332	666	666	0	0	F	F	5264137
5906.up-4c3eef44600b.txt	5906.lswap-e21e24656b8e.txt	720,17	720,17	T	1152	576	576	0	0	F	F	5264137
5906.up-4c3eef44600b.txt	5906.lswap-e2d18fca77cb.txt	720,17	720,17	T	1260	630	630	0	0	F	F	5264137
5906.up-4c3eef44600b.txt	5906.lswap-e59a6239aa79.txt	720,17	720,17	T	1260	630	630	0	0	F	F	1234567
5906.up-4c3eef44600b.txt	5906.lswap-e73e096376f0.txt	720,17	720,17	T	1296	648	648	0	0	F	F	1234567
5906.up-4c3eef44600b.txt	5906.lswap-ebd38bf2c1cd.txt	720,17	720,22	T	1087	546	541	11	16	F	R	1234567
5906.up-4c3eef44600b.txt	5906.lswap-eeb9a73f4b33.txt	720,17	720,17	T	1248	624	624	0	0	F	F	5264137
5906.up-4c3eef44600b.txt	5906.lswap-f4c2deec7c96.txt	720,17	720,19	T	1268	635	633	17	19	F	R	6254317
5906.up-4c3eef44600b.txt	5906.lswap-f6dbf9989449.txt	720,17	720,17	T	1188	594	594	0	0	F	F	1234567
5906.up-4c3eef44600b.txt	5906.lswap-f8f86258580e.txt	720,17	720,17	T	1020	510	510	0	0	F	F	1234567
5906.up-4c3eef44600b.txt	5906.lswap-fde8e0f0f322.txt	720,17	720,17	T	1272	636	636	14	14	F	F	1234567
5906.up-4c3eef44600b.txt	5906.rbnd-0dad091b8ac4.txt	720,17	720,18	T	1129	565	564	0	1	F	R	5264137
5906.up-4c3eef44600b.txt	5906.rbnd-2641d60c9d5c.txt	720,17	720,18	T	1129	565	564	0	1	F	F	1234567
5906.up-4c3eef44600b.txt	5906.rbnd-c44d48fbd52c.txt	720,17	720,18	T	1129	565	564	0	1	F	R	5264317
5906.up-4c3eef44600b.txt	5906.rbnd-e9623244f6b1.txt	720,17	720,18	T	1177	589	588	0	1	F	R	5264317
5906.up-4c3eef44600b.txt	5906.up-02d771908307.txt	720,17	720,17	T	1008	504	504	0	0	F	F	1234567
5906.up-4c3eef44600b.txt	5906.up-0a065898a821.txt	720,17	720,23	T	1220	613	607	14	20	F	F	1234567
5906.up-4c3eef44600b.txt	5906.up-0d2e98183c29.txt	720,17	720,17	T	1248	624	624	0	0	F	F	1234567
5906.up-4c3eef44600b.txt	5906.up-0db50fc7743c.txt	720,17	720,17	T	1344	672	672	0	0	F	F	1234567
5906.up-4c3eef44600b.txt	5906.up-1206598d1ff0.txt	720,17	720,21	T	1208	606	602	11	15	F	F	1234567
5906.up-4c3eef44600b.txt	5906.up-14e2c7b29aae.txt	720,17	720,17	T	1296	648	648	0	0	F	F	1234567
5906.up-4c3eef44600b.txt	5906.up-168d62e1a9d1.txt	720,17	720,17	T	1224	612	612	0	0	F	F	1234567
5906.up-4c3eef44600b.txt	5906.up-16ca46d2c5a9.txt	720,17	720,17	T	1272	636	636	0	0	F	F	1234567
5906.up-4c3eef44600b.txt	5906.up-1b0920685429.txt	720,17	720,17	B	1248	624	624	14	14	F	F	1234567
5906.up-4c3eef44600b.txt	5906.up-1b8244ba04bb.txt	720,17	720,23	B	1286	646	640	14	20	F	F	1234567
5906.up-4c3eef44600b.txt	5906.up-1bced7f87a93.txt	720,17	720,17	T	960	480	480	0	0	F	F	1234567
5906.up-4c3eef44600b.txt	5906.up-1e6ba5f50479.txt	720,17	720,17	B	1032	516	516	0	0	F	F	1234567
5906.up-4c3eef44600b.txt	5906.up-207dc5352d35.txt	720,17	720,17	T	1152	576	576	0	0	F	F	1234567
5906.up-4c3eef44600b.txt	5906.up-23ca8a9bcc81.txt	720,17	720,17	T	1152	576	576	0	0	F	F	1234567
5906.up-4c3eef44600b.txt	5906.up-2cb6c1139592.txt	720,17	720,17	T	1152	576	576	0	0	F	F	1234567
5906.up-4c3eef44600b.txt	5906.up-331228e22360.txt	720,17	720,19	T	1280	641	639	17	19	F	F	1234567
5906.up-4c3eef44600b.txt	5906.up-331e3f0f91ee.txt	720,17	720,17	T	1272	636	636	0	0	F	F	1234567
5906.up-4c3eef44600b.txt	5906.up-377da0a3c300.txt	720,17	720,23	T	1268	637	631	14	20	F	F	1234567
5906.up-4c3eef44600b.txt	5906.up-37ac2db82134.txt	720,17	720,17	T	1200	600	600	0	0	F	F	1234567
5906.up-4c3eef44600b.txt	5906.up-3ba99c5557bb.txt	720,17	720,17	B	1152	576	576	0	0	F	F	1234567
5906.up-4c3eef44600b.txt	5906.up-3de4f10d5095.txt	720,17	720,17	T	1416	708	708	0	0	F	F	1234567
5906.up-4c3eef44600b.txt	5906.up-3ffb4355518f.txt	720,17	720,17	T	1368	684	684	14	14	F	F	1234567
5906.up-4c3eef44600b.txt	5906.up-454308027985.txt	720,17	720,17	T	1008	504	504	0	0	F	F	1234567
5906.up-4c3eef44600b.txt	5906.up-53b55626d912.txt	720,17	720,17	T	1344	672	672	0	0	F	F	1234567
5906.up-4c3eef44600b.txt	5906.up-55058cab6cba.txt	720,17	720,17	T	1296	648	648	14	14	F	F	1234567
5906.up-4c3eef44600b.txt	5906.up-56126e7237c3.txt	720,17	720,21	T	1064	534	530	11	15	F	F	1234567
5906.up-4c3eef44600b.txt	5906.up-590fe2cb2c21.txt	720,17	720,21	T	1196	600	596	11	15	F	F	1234567
5906.up-4c3eef44600b.txt	5906.up-5ce87c54ecea.txt	720,17	720,17	T	1128	564	564	0	0	F	F	1234567
5906.up-4c3eef44600b.txt	5906.up-63a938be8d73.txt	720,17	720,17	T	1320	660	660	14	14	F	F	1234567
5906.up-4c3eef44600b.txt	5906.up-6572648567f1.txt	720,17	720,17	B	1164	582	582	14	14	F	F	1234567
5906.up-4c3eef44600b.txt	5906.up-6597315411ea.txt	720,17	720,23	T	1220	613	607	14	20	F	F	1234567
5906.up-4c3eef44600b.txt	5906.up-6773ff05a318.txt	720,17	720,17	T	1296	648	648	0	0	F	F	1234567
5906.up-4c3eef44600b.txt	5906.up-6a142cb8e27d.txt	720,17	720,21	T	1196	600	596	11	15	F	F	1234567
5906.up-4c3eef44600b.txt	5906.up-6a8f7756517b.txt	720,17	720,17	B	1152	576	576	0	0	F	F	1234567
5906.up-4c3eef44600b.txt	5906.up-6f42b3603dac.txt	720,17	720,21	T	1232	618	614	11	15	F	F	1234567
5906.up-4c3eef44600b.txt	5906.up-72482a71c81e.txt	720,17	720,23	T	1280	643	637	14	20	F	F	1234567
5906.up-4c3eef44600b.txt	5906.up-756ff2ed09bd.txt	720,17	720,17	T	1128	564	564	0	0	F	F	1234567
5906.up-4c3eef44600b.txt	5906.up-77512ee88848.txt	720,17	720,17	T	1320	660	660	0	0	F	F	1234567
5906.up-4c3eef44600b.txt	5906.up-7824c044436e.txt	720,17	720,17	B	1200	600	600	0	0	F	F	1234567
5906.up-4c3eef44600b.txt	5906.up-78d638be95ae.txt	720,17	720,17	T	1248	624	624	0	0	F	F	1234567
5906.up-4c3eef44600b.txt	5906.up-7c111e182316.txt	720,17	720,17	T	1224	612	612	0	0	F	F	1234567
5906.up-4c3eef44600b.txt	5906.up-7f9a93193f10.txt	720,17	720,21	T	1280	642	638	11	15	F	F	1234567
5906.up-4c3eef44600b.txt	5906.up-839c85982253.txt	720,17	720,17	B	1272	636	636	0	0	F	F	1234567
5906.up-4c3eef44600b.txt	5906.up-890b6674bd25.txt	720,17	720,25	T	1268	638	630	15	23	F	F	1234567
5906.up-4c3eef44600b.txt	5906.up-8b8c8916a24a.txt	720,17	720,19	T	1352	677	675	17	19	F	F	1234567
5906.up-4c3eef44600b.txt	5906.up-8ec03171f5df.txt	720,17	720,17	T	1320	660	660	0	0	F	F	1234567
5906.up-4c3eef44600b.txt	5906.up-91a0d3cd2c14.txt	720,17	720,17	T	1224	612	612	0	0	F	F	1234567
5906.up-4c3eef44600b.txt	5906.up-956f3f1864b5.txt	720,17	720,17	T	1356	678	678	14	14	F	F	1234567
5906.up-4c3eef44600b.txt	5906.up-95ffff5c765c.txt	720,17	720,17	T	1392	696	696	0	0	F	F	1234567
5906.up-4c3eef44600b.txt	5906.up-9a915a83c416.txt	720,17	720,17	T	984	492	492	0	0	F	F	1234567
5906.up-4c3eef44600b.txt	5906.up-a001786e5861.txt	720,17	720,17	T	1152	576	576	0	0	F	F	1234567
5906.up-4c3eef44600b.txt	5906.up-a00b3e52965d.txt	720,17	720,17	T	1152	576	576	0	0	F	F	1234567
5906.up-4c3eef44600b.txt	5906.up-a233fdf94b8d.txt	720,17	720,17	T	1008	504	504	0	0	F	F	1234567
5906.up-4c3eef44600b.txt	5906.up-a235b0e09b6c.txt	720,17	720,17	T	1344	672	672	0	0	F	F	1234567
5906.up-4c3eef44600b.txt	5906.up-a30c7c517d7b.txt	720,17	720,17	T	1392	696	696	14	14	F	F	1234567
5906.up-4c3eef44600b.txt	5906.up-a838f31a7b4f.txt	720,17	720,17	T	1224	612	612	0	0	F	F	1234567
5906.up-4c3eef44600b.txt	5906.up-abe33e328763.txt	720,17	720,17	T	1320	660	660	0	0	F	F	1234567
5906.up-4c3eef44600b.txt	5906.up-aed220b1ebc4.txt	720,17	720,17	T	1224	612	612	0	0	F	F	1234567
5906.up-4c3eef44600b.txt	5906.up-b2d6bec1e3bd.txt	720,17	720,17	T	1152	576	576	0	0	F	F	1234567
5906.up-4c3eef44600b.txt	5906.up-bd458e7fc19e.txt	720,17	720,21	T	1136	570	566	11	15	F	F	1234567
5906.up-4c3eef44600b.txt	5906.up-c2286e4674af.txt	720,17	720,17	B	960	480	480	0	0	F	F	1234567
5906.up-4c3eef44600b.txt	5906.up-c3afee7ed153.txt	720,17	720,23	T	1268	637	631	14	20	F	F	1234567
5906.up-4c3eef44600b.txt	5906.up-c63a66adbc60.txt	720,17	720,23	T	1328	667	661	14	20	F	F	1234567
5906.up-4c3eef44600b.txt	5906.up-cad80abdf334.txt	720,17	720,17	T	1416	708	708	0	0	F	F	1234567
5906.up-4c3eef44600b.txt	5906.up-d0b9281ca469.txt	720,17	720,25	T	1268	638	630	15	23	F	F	1234567
5906.up-4c3eef44600b.txt	5906.up-d1489855deef.txt	720,17	720,23	T	1280	643	637	14	20	F	F	1234567
5906.up-4c3eef44600b.txt	5906.up-d2559533f431.txt	720,17	720,17	T	1248	624	624	0	0	F	F	1234567
5906.up-4c3eef44600b.txt	5906.up-d8c6ba46400e.txt	720,17	720,17	T	1320	660	660	14	14	F	F	1234567
5906.up-4c3eef44600b.txt	5906.up-d9a28c2d8195.txt	720,17	720,18	T	1391	696	695	14	15	F	F	1234567
5906.up-4c3eef44600b.txt	5906.up-da93a66cd37b.txt	720,17	720,17	B	1200	600	600	0	0	F	F	1234567
5906.up-4c3eef44600b.txt	5906.up-dab493384582.txt	720,17	720,17	T	1176	588	588	0	0	F	F	1234567
5906.up-4c3eef44600b.txt	5906.up-dcd1e20d40f8.txt	720,17	720,17	B	1032	516	516	0	0	F	F	1234567
5906.up-4c3eef44600b.txt	5906.up-df8c9033249e.txt	720,17	720,21	T	1312	658	654	11	15	F	F	1234567
5906.up-4c3eef44600b.txt	5906.up-e132c7a7c340.txt	720,17	720,17	T	1032	516	516	0	0	F	F	1234567
5906.up-4c3eef44600b.txt	5906.up-e1680a9d0e30.txt	720,17	720,17	T	1200	600	600	0	0	F	F	1234567
5906.up-4c3eef44600b.txt	5906.up-e65e244c83d3.txt	720,17	720,17	T	1296	648	648	0	0	F	F	1234567
5906.up-4c3eef44600b.txt	5906.up-e8da0f18269f.txt	720,17	720,17	T	1248	624	624	0	0	F	F	1234567
5906.up-4c3eef44600b.txt	5906.up-e948752d6a32.txt	720,17	720,17	T	1224	612	612	0	0	F	F	1234567
5906.up-4c3eef44600b.txt	5906.up-e94d2b57a7d4.txt	720,17	720,17	T	1296	648	648	0	0	F	F	1234567
5906.up-4c3eef44600b.txt	5906.up-eebb02e3baec.txt	720,17	720,17	T	1152	576	576	0	0	F	F	1234567
5906.up-4c3eef44600b.txt	5906.up-f0a3bb335ed9.txt	720,17	720,17	T	1260	630	630	14	14	F	F	1234567
5906.up-4c3eef44600b.txt	5906.up-f2c7804be474.txt	720,17	720,23	T	1328	667	661	14	20	F	F	1234567
5906.up-4c3eef44600b.txt	5906.up-f8d1e70c6a52.txt	720,17	720,21	T	1244	624	620	11	15	F	F	1234567
5906.up-6572648567f1.txt	5906.i4a-29c55ed5fbf6.txt	720,17	720,22	T	1311	658	653	12	17	F	F	1234567
5906.up-6572648567f1.txt	5906.i4a-50d865ca7907.txt	720,17	720,26	T	1315	662	653	15	24	F	F	1234567
5906.up-6572648567f1.txt	5906.i4a-66637a3b8941.txt	720,17	720,22	T	1363	684	679	12	17	F	F	1234567
5906.up-6572648567f1.txt	5906.i4a-6a77e138ea8e.txt	720,17	720,22	T	1263	634	629	12	17	F	F	1234567
5906.up-6572648567f1.txt	5906.i4a-7f46c8149026.txt	720,17	720,22	T	1327	666	661	12	17	F	F	1234567
5906.up-6572648567f1.txt	5906.i4a-b99b1d60f13e.txt	720,17	720,26	T	1315	662	653	15	24	F	F	1234567
5906.up-6572648567f1.txt	5906.i4a-c1080e26f60c.txt	720,17	720,22	T	1335	670	665	12	17	F	F	1234567
5906.up-6572648567f1.txt	5906.i4a-e0f3de4ca026.txt	720,17	720,22	T	1279	642	637	12	17	F	F	1234567
5906.up-6572648567f1.txt	5906.lswap-025c4805fc39.txt	720,17	720,17	T	1164	582	582	14	14	F	F	5264137
5906.up-6572648567f1.txt	5906.lswap-031568aa1b5c.txt	720,17	720,17	T	1120	560	560	14	14	F	F	1234567
5906.up-6572648567f1.txt	5906.lswap-06f4ba2c8122.txt	720,17	720,23	T	1194	600	594	3	9	F	F	1234567
5906.up-6572648567f1.txt	5906.lswap-09c105553d61.txt	720,17	720,23	T	1290	648	642	3	9	F	F	1234567
5906.up-6572648567f1.txt	5906.lswap-0d13fc4a8a4a.txt	720,17	720,21	T	1328	666	662	12	16	F	R	1234567
5906.up-6572648567f1.txt	5906.lswap-0de54c0a7bb6.txt	720,17	720,17	T	1060	530	530	14	14	F	F	5264137
5906.up-6572648567f1.txt	5906.lswap-10f62906b166.txt	720,17	720,23	T	1290	648	642	3	9	F	F	1462537
5906.up-6572648567f1.txt	5906.lswap-17203113788c.txt	720,17	720,17	T	1084	542	542	14	14	F	F	1234567
5906.up-6572648567f1.txt	5906.lswap-17946ea8ba63.txt	720,17	720,17	T	1244	622	622	14	14	F	F	1234567
5906.up-6572648567f1.txt	5906.lswap-1e70957354f1.txt	720,17	720,17	T	1048	524	524	14	14	F	F	5264137
5906.up-6572648567f1.txt	5906.lswap-1f8e06e3e616.txt	720,17	720,22	T	1327	666	661	12	17	F	R	1234567
5906.up-6572648567f1.txt	5906.lswap-20db05a5b51e.txt	720,17	720,17	T	1152	576	576	14	14	F	F	1234567
5906.up-6572648567f1.txt	5906.lswap-23548cda0ace.txt	720,17	720,23	T	1194	600	594	3	9	F	F	1462537
5906.up-6572648567f1.txt	5906.lswap-2497c9291398.txt	720,17	720,17	T	1120	560	560	14	14	F	F	1234567
5906.up-6572648567f1.txt	5906.lswap-25804d565b10.txt	720,17	720,17	T	1072	536	536	14	14	F	R	5264137
5906.up-6572648567f1.txt	5906.lswap-25cebe1ff658.txt	720,17	720,17	T	1348	674	674	14	14	F	F	5264137
5906.up-6572648567f1.txt	5906.lswap-28b97fbb68d1.txt	720,17	720,23	T	1338	672	666	3	9	F	F	1462537
5906.up-6572648567f1.txt	5906.lswap-29ee6f7c1197.txt	720,17	720,17	T	1140	570	570	14	14	F	R	1234567
5906.up-6572648567f1.txt	5906.lswap-2ae54d2fd96c.txt	720,17	720,17	T	1144	572	572	14	14	F	F	1234567
5906.up-6572648567f1.txt	5906.lswap-2c94cb485ad7.txt	720,17	720,17	T	1020	510	510	0	0	F	F	1234567
5906.up-6572648567f1.txt	5906.lswap-2fb529601be6.txt	720,17	720,17	T	1108	554	554	14	14	F	F	5264137
5906.up-6572648567f1.txt	5906.lswap-3a55a72f70d6.txt	720,17	720,23	T	1242	624	618	3	9	F	F	1462537
5906.up-6572648567f1.txt	5906.lswap-3b4f2e286e0c.txt	720,17	720,17	T	1116	558	558	14	14	F	R	5264137
5906.up-6572648567f1.txt	5906.lswap-3b66fbdbdf53.txt	720,17	720,17	T	1144	572	572	14	14	F	F	1234567
5906.up-6572648567f1.txt	5906.lswap-3baeeea281f2.txt	720,17	720,17	T	1060	530	530	14	14	F	R	5264137
5906.up-6572648567f1.txt	5906.lswap-3c791ffa671d.txt	720,17	720,17	T	1060	530	530	14	14	F	R	5264137
5906.up-6572648567f1.txt	5906.lswap-3d82ae1f2111.txt	720,17	720,17	T	1324	662	662	14	14	F	R	5264137
5906.up-6572648567f1.txt	5906.lswap-41a210488ac9.txt	720,17	720,17	T	1048	524	524	14	14	F	F	1234567
5906.up-6572648567f1.txt	5906.lswap-423441640591.txt	720,17	720,17	T	1084	542	542	14	14	F	R	5264137
5906.up-6572648567f1.txt	5906.lswap-469763027c57.txt	720,17	720,17	T	1096	548	548	14	14	F	R	5264137
5906.up-6572648567f1.txt	5906.lswap-49fac07a5323.txt	720,17	720,17	T	1144	572	572	14	14	F	F	1234567
5906.up-6572648567f1.txt	5906.lswap-49fc63d034f2.txt	720,17	720,17	T	1092	546	546	14	14	F	F	5264137
5906.up-6572648567f1.txt	5906.lswap-4a581202d46c.txt	720,17	720,17	T	1256	628	628	14	14	F	F	1234567
5906.up-6572648567f1.txt	5906.lswap-4c179f65aa4b.txt	720,17	720,17	T	1104	552	552	14	14	F	R	5264137
5906.up-6572648567f1.txt	5906.lswap-5228890279ca.txt	720,17	720,17	T	1084	542	542	14	14	F	F	1234567
5906.up-6572648567f1.txt	5906.lswap-52e683fb05d3.txt	720,17	720,17	T	1084	542	542	14	14	F	F	5264137
5906.up-6572648567f1.txt	5906.lswap-52f45c5e8e22.txt	720,17	720,17	T	1096	548	548	14	14	F	F	1234567
5906.up-6572648567f1.txt	5906.lswap-5764c730eaee.txt	720,17	720,17	T	1120	560	560	14	14	F	F	1234567
5906.up-6572648567f1.txt	5906.lswap-5808edca979d.txt	720,17	720,17	T	1116	558	558	14	14	F	F	5264137
5906.up-6572648567f1.txt	5906.lswap-5a55d1641a86.txt	720,17	720,17	T	1060	530	530	14	14	F	F	1234567
5906.up-6572648567f1.txt	5906.lswap-5a7a973564fd.txt	720,17	720,17	T	1132	566	566	14	14	F	F	1234567
5906.up-6572648567f1.txt	5906.lswap-5dbb54e50268.txt	720,17	720,17	T	1084	542	542	14	14	F	F	5264137
5906.up-6572648567f1.txt	5906.lswap-6008b60b1c2c.txt	720,17	720,17	T	1256	628	628	14	14	F	F	1234567
5906.up-6572648567f1.txt	5906.lswap-62d959eb4e73.txt	720,17	720,17	T	1132	566	566	14	14	F	F	5264137
5906.up-6572648567f1.txt	5906.lswap-637b5054102a.txt	720,17	720,21	T	1324	664	660	12	16	F	R	1234567
5906.up-6572648567f1.txt	5906.lswap-67fc5c2184ab.txt	720,17	720,23	T	1290	648	642	3	9	F	F	1234567
5906.up-6572648567f1.txt	5906.lswap-68a263f18066.txt	720,17	720,17	T	1268	634	634	14	14	F	F	1234567
5906.up-6572648567f1.txt	5906.lswap-6bd82af50a4e.txt	720,17	720,17	T	1132	566	566	14	14	F	F	1234567
5906.up-6572648567f1.txt	5906.lswap-6d0ad177e5ee.txt	720,17	720,17	T	1096	548	548	14	14	F	F	1234567
5906.up-6572648567f1.txt	5906.lswap-6d7ea156bdcc.txt	720,17	720,17	T	1072	536	536	14	14	F	F	1234567
5906.up-6572648567f1.txt	5906.lswap-6dc582bac458.txt	720,17	720,22	T	1311	658	653	12	17	F	R	1234567
5906.up-6572648567f1.txt	5906.lswap-6f6f375dca74.txt	720,17	720,17	T	1096	548	548	14	14	F	F	1234567
5906.up-6572648567f1.txt	5906.lswap-7217a0cd3774.txt	720,17	720,17	T	1312	656	656	14	14	F	R	5264137
5906.up-6572648567f1.txt	5906.lswap-73851215f718.txt	720,17	720,17	T	1084	542	542	14	14	F	F	1234567
5906.up-6572648567f1.txt	5906.lswap-7602ba885180.txt	720,17	720,17	T	1072	536	536	14	14	F	R	5264137
5906.up-6572648567f1.txt	5906.lswap-760f8ed53670.txt	720,17	720,22	T	1329	667	662	12	17	F	F	1643527
5906.up-6572648567f1.txt	5906.lswap-7bd46049981f.txt	720,17	720,17	T	1336	668	668	14	14	F	R	5264137
5906.up-6572648567f1.txt	5906.lswap-7f47c6e6eeda.txt	720,17	720,17	T	1120	560	560	14	14	F	R	5264137
5906.up-6572648567f1.txt	5906.lswap-80e6c24a2613.txt	720,17	720,17	T	1096	548	548	14	14	F	F	1234567
5906.up-6572648567f1.txt	5906.lswap-821102adfff8.txt	720,17	720,17	T	1060	530	530	14	14	F	R	5264137
5906.up-6572648567f1.txt	5906.lswap-8ed814577309.txt	720,17	720,17	T	1128	564	564	14	14	F	R	5264137
5906.up-6572648567f1.txt	5906.lswap-8f58c699a11d.txt	720,17	720,23	T	1194	600	594	3	9	F	F	1462537
5906.up-6572648567f1.txt	5906.lswap-945cf8ae5bef.txt	720,17	720,23	T	1242	624	618	3	9	F	F	1462537
5906.up-6572648567f1.txt	5906.lswap-964ebce5847f.txt	720,17	720,17	T	1120	560	560	14	14	F	F	5264137
5906.up-6572648567f1.txt	5906.lswap-9759fb4af500.txt	720,17	720,17	T	1072	536	536	14	14	F	F	1234567
5906.up-6572648567f1.txt	5906.lswap-9a5cc6a6e3c8.txt	720,17	720,17	T	1116	558	558	14	14	F	F	5264137
5906.up-6572648567f1.txt	5906.lswap-9bd2a50baa0e.txt	720,17	720,17	T	1280	640	640	14	14	F	F	1234567
5906.up-6572648567f1.txt	5906.lswap-9bf7e32c6472.txt	720,17	720,23	T	1194	600	594	3	9	F	F	1234567
5906.up-6572648567f1.txt	5906.lswap-9edd04d13626.txt	720,17	720,17	T	1256	628	628	14	14	F	F	1234567
5906.up-6572648567f1.txt	5906.lswap-9f3672f6c430.txt	720,17	720,17	T	1108	554	554	14	14	F	R	1234567
5906.up-6572648567f1.txt	5906.lswap-9f885c2a5e20.txt	720,17	720,23	T	1146	576	570	3	9	F	F	1462537
5906.up-6572648567f1.txt	5906.lswap-a28e203d65dc.txt	720,17	720,17	T	1096	548	548	14	14	F	R	5264137
5906.up-6572648567f1.txt	5906.lswap-a7d2db45842b.txt	720,17	720,17	T	1072	536	536	14	14	F	R	5264137
5906.up-6572648567f1.txt	5906.lswap-aa52880fc9e0.txt	720,17	720,17	T	1128	564	564	14	14	F	F	1234567
5906.up-6572648567f1.txt	5906.lswap-aea48ef05d9e.txt	720,17	720,17	T	1296	648	648	14	14	F	F	5264137
5906.up-6572648567f1.txt	5906.lswap-af54b6f406a6.txt	720,17	720,17	T	1096	548	548	14	14	F	R	5264137
5906.up-6572648567f1.txt	5906.lswap-afd973e1a915.txt	720,17	720,17	T	1116	558	558	14	14	F	F	5264137
5906.up-6572648567f1.txt	5906.lswap-b12d38608f09.txt	720,17	720,17	T	1072	536	536	14	14	F	F	1234567
5906.up-6572648567f1.txt	5906.lswap-b55f23a2f470.txt	720,17	720,17	T	1108	554	554	14	14	F	R	5264137
5906.up-6572648567f1.txt	5906.lswap-be4759bc731a.txt	720,17	720,17	T	1108	554	554	14	14	F	F	1234567
5906.up-6572648567f1.txt	5906.lswap-c394b34cb7cc.txt	720,17	720,17	T	1152	576	576	0	0	F	F	1234567
5906.up-6572648567f1.txt	5906.lswap-c55c2b0fbb0f.txt	720,17	720,17	T	1172	586	586	14	14	F	F	5264137
5906.up-6572648567f1.txt	5906.lswap-cae9c3b46793.txt	720,17	720,17	T	1072	536	536	14	14	F	R	5264137
5906.up-6572648567f1.txt	5906.lswap-cf5ecb0e9ecc.txt	720,17	720,17	T	1104	552	552	14	14	F	R	5264137
5906.up-6572648567f1.txt	5906.lswap-cf8339eb5ca7.txt	720,17	720,21	T	1312	658	654	12	16	F	F	1643527
5906.up-6572648567f1.txt	5906.lswap-d252e4d38aa9.txt	720,17	720,17	T	1152	576	576	14	14	F	F	5264137
5906.up-6572648567f1.txt	5906.lswap-d515e64b87be.txt	720,17	720,17	T	1244	622	622	14	14	F	F	1234567
5906.up-6572648567f1.txt	5906.lswap-db110b7302cf.txt	720,17	720,23	T	1290	648	642	3	9	F	F	1462537
5906.up-6572648567f1.txt	5906.lswap-dcc866de4e11.txt	720,17	720,17	T	1312	656	656	14	14	F	R	5264137
5906.up-6572648567f1.txt	5906.lswap-df71274e07be.txt	720,17	720,17	T	1072	536	536	14	14	F	R	5264137
5906.up-6572648567f1.txt	5906.lswap-e0920da719d9.txt	720,17	720,17	T	1048	524	524	14	14	F	R	5264137
5906.up-6572648567f1.txt	5906.lswap-e145b859ca30.txt	720,17	720,17	T	1140	570	570	14	14	F	F	5264137
5906.up-6572648567f1.txt	5906.lswap-e21e24656b8e.txt	720,17	720,17	T	1288	644	644	14	14	F	F	5264137
5906.up-6572648567f1.txt	5906.lswap-e2d18fca77cb.txt	720,17	720,17	T	1108	554	554	14	14	F	F	5264137
5906.up-6572648567f1.txt	5906.lswap-e59a6239aa79.txt	720,17	720,17	T	1128	564	564	14	14	F	R	5264137
5906.up-6572648567f1.txt	5906.lswap-e73e096376f0.txt	720,17	720,17	T	1120	560	560	14	14	F	R	5264137
5906.up-6572648567f1.txt	5906.lswap-ebd38bf2c1cd.txt	720,17	720,22	T	1313	659	654	12	17	F	F	1643527
5906.up-6572648567f1.txt	5906.lswap-eeb9a73f4b33.txt	720,17	720,17	T	1084	542	542	14	14	F	F	5264137
5906.up-6572648567f1.txt	5906.lswap-f4c2deec7c96.txt	720,17	720,19	T	1376	689	687	17	19	F	R	6254317
5906.up-6572648567f1.txt	5906.lswap-f6dbf9989449.txt	720,17	720,17	T	1096	548	548	14	14	F	F	1234567
5906.up-6572648567f1.txt	5906.lswap-f8f86258580e.txt	720,17	720,17	T	1232	616	616	14	14	F	F	1234567
5906.up-6572648567f1.txt	5906.lswap-fde8e0f0f322.txt	720,17	720,17	T	1128	564	564	0	0	F	F	1234567
5906.up-6572648567f1.txt	5906.rbnd-0dad091b8ac4.txt	720,17	720,18	T	1291	646	645	14	15	F	R	5264137
5906.up-6572648567f1.txt	5906.rbnd-2641d60c9d5c.txt	720,17	720,18	T	1279	640	639	14	15	F	F	1234567
5906.up-6572648567f1.txt	5906.rbnd-c44d48fbd52c.txt	720,17	720,18	T	1291	646	645	14	15	F	R	5264317
5906.up-6572648567f1.txt	5906.rbnd-e9623244f6b1.txt	720,17	720,18	T	1243	622	621	14	15	F	R	5264317
5906.up-6572648567f1.txt	5906.up-02d771908307.txt	720,17	720,17	T	1268	634	634	14	14	F	F	1234567
5906.up-6572648567f1.txt	5906.up-0a065898a821.txt	720,17	720,23	T	1146	576	570	3	9	F	F	1234567
5906.up-6572648567f1.txt	5906.up-0d2e98183c29.txt	720,17	720,17	T	1084	542	542	14	14	F	F	1234567
5906.up-6572648567f1.txt	5906.up-0db50fc7743c.txt	720,17	720,17	T	1164	582	582	14	14	F	F	1234567
5906.up-6572648567f1.txt	5906.up-1206598d1ff0.txt	720,17	720,21	T	1364	684	680	12	16	F	F	1234567
5906.up-6572648567f1.txt	5906.up-14e2c7b29aae.txt	720,17	720,17	T	1152	576	576	14	14	F	F	1234567
5906.up-6572648567f1.txt	5906.up-168d62e1a9d1.txt	720,17	720,17	T	1120	560	560	14	14	F	F	1234567
5906.up-6572648567f1.txt	5906.up-16ca46d2c5a9.txt	720,17	720,17	T	1132	566	566	14	14	F	F	1234567
5906.up-6572648567f1.txt	5906.up-1b0920685429.txt	720,17	720,17	B	1224	612	612	0	0	F	F	1234567
5906.up-6572648567f1.txt	5906.up-1b8244ba04bb.txt	720,17	720,23	B	1398	702	696	14	20	F	F	1234567
5906.up-6572648567f1.txt	5906.up-1bced7f87a93.txt	720,17	720,17	T	1208	604	604	14	14	F	F	1234567
5906.up-6572648567f1.txt	5906.up-1e6ba5f50479.txt	720,17	720,17	B	1172	586	586	14	14	F	F	1234567
5906.up-6572648567f1.txt	5906.up-207dc5352d35.txt	720,17	720,17	T	1288	644	644	14	14	F	F	1234567
5906.up-6572648567f1.txt	5906.up-23ca8a9bcc81.txt	720,17	720,17	T	1072	536	536	14	14	F	F	1234567
5906.up-6572648567f1.txt	5906.up-2cb6c1139592.txt	720,17	720,17	T	1060	530	530	14	14	F	F	1234567
5906.up-6572648567f1.txt	5906.up-331228e22360.txt	720,17	720,19	T	1388	695	693	17	19	F	F	1234567
5906.up-6572648567f1.txt	5906.up-331e3f0f91ee.txt	720,17	720,17	T	1156	578	578	14	14	F	F	1234567
5906.up-6572648567f1.txt	5906.up-377da0a3c300.txt	720,17	720,23	T	1242	624	618	3	9	F	F	1234567
5906.up-6572648567f1.txt	5906.up-37ac2db82134.txt	720,17	720,17	T	1348	674	674	14	14	F	F	1234567
5906.up-6572648567f1.txt	5906.up-3ba99c5557bb.txt	720,17	720,17	B	1224	612	612	14	14	F	F	1234567
5906.up-6572648567f1.txt	5906.up-3de4f10d5095.txt	720,17	720,17	T	1296	648	648	14	14	F	F	1234567
5906.up-6572648567f1.txt	5906.up-3ffb4355518f.txt	720,17	720,17	T	1008	504	504	0	0	F	F	1234567
5906.up-6572648567f1.txt	5906.up-454308027985.txt	720,17	720,17	T	1244	622	622	14	14	F	F	1234567
5906.up-6572648567f1.txt	5906.up-4c3eef44600b.txt	720,17	720,17	B	1164	582	582	14	14	F	F	1234567
5906.up-6572648567f1.txt	5906.up-53b55626d912.txt	720,17	720,17	T	1188	594	594	14	14	F	F	1234567
5906.up-6572648567f1.txt	5906.up-55058cab6cba.txt	720,17	720,17	T	1128	564	564	0	0	F	F	1234567
5906.up-6572648567f1.txt	5906.up-56126e7237c3.txt	720,17	720,21	T	1336	670	666	12	16	F	F	1234567
5906.up-6572648567f1.txt	5906.up-590fe2cb2c21.txt	720,17	720,21	T	1264	634	630	12	16	F	F	1234567
5906.up-6572648567f1.txt	5906.up-5ce87c54ecea.txt	720,17	720,17	T	1172	586	586	14	14	F	F	1234567
5906.up-6572648567f1.txt	5906.up-63a938be8d73.txt	720,17	720,17	T	1152	576	576	0	0	F	F	1234567
5906.up-6572648567f1.txt	5906.up-6597315411ea.txt	720,17	720,23	T	1242	624	618	3	9	F	F	1234567
5906.up-6572648567f1.txt	5906.up-6773ff05a318.txt	720,17	720,17	T	1172	586	586	14	14	F	F	1234567
5906.up-6572648567f1.txt	5906.up-6a142cb8e27d.txt	720,17	720,21	T	1328	666	662	12	16	F	F	1234567
5906.up-6572648567f1.txt	5906.up-6a8f7756517b.txt	720,17	720,17	B	1172	586	586	14	14	F	F	1234567
5906.up-6572648567f1.txt	5906.up-6f42b3603dac.txt	720,17	720,21	T	1348	676	672	12	16	F	F	1234567
5906.up-6572648567f1.txt	5906.up-72482a71c81e.txt	720,17	720,23	T	1146	576	570	3	9	F	F	1234567
5906.up-6572648567f1.txt	5906.up-756ff2ed09bd.txt	720,17	720,17	T	1292	646	646	14	14	F	F	1234567
5906.up-6572648567f1.txt	5906.up-77512ee88848.txt	720,17	720,17	T	1116	558	558	14	14	F	F	1234567
5906.up-6572648567f1.txt	5906.up-7824c044436e.txt	720,17	720,17	B	1188	594	594	14	14	F	F	1234567
5906.up-6572648567f1.txt	5906.up-78d638be95ae.txt	720,17	720,17	T	1104	552	552	14	14	F	F	1234567
5906.up-6572648567f1.txt	5906.up-7c111e182316.txt	720,17	720,17	T	1108	554	554	14	14	F	F	1234567
5906.up-6572648567f1.txt	5906.up-7f9a93193f10.txt	720,17	720,21	T	1312	658	654	12	16	F	F	1234567
5906.up-6572648567f1.txt	5906.up-839c85982253.txt	720,17	720,17	B	1212	606	606	14	14	F	F	1234567
5906.up-6572648567f1.txt	5906.up-890b6674bd25.txt	720,17	720,25	T	1316	662	654	15	23	F	F	1234567
5906.up-6572648567f1.txt	5906.up-8b8c8916a24a.txt	720,17	720,19	T	1376	689	687	17	19	F	F	1234567
5906.up-6572648567f1.txt	5906.up-8ec03171f5df.txt	720,17	720,17	T	1140	570	570	14	14	F	F	1234567
5906.up-6572648567f1.txt	5906.up-91a0d3cd2c14.txt	720,17	720,17	T	1116	558	558	14	14	F	F	1234567
5906.up-6572648567f1.txt	5906.up-956f3f1864b5.txt	720,17	720,17	T	1032	516	516	0	0	F	F	1234567
5906.up-6572648567f1.txt	5906.up-95ffff5c765c.txt	720,17	720,17	T	1308	654	654	14	14	F	F	1234567
5906.up-6572648567f1.txt	5906.up-9a915a83c416.txt	720,17	720,17	T	1280	640	640	14	14	F	F	1234567
5906.up-6572648567f1.txt	5906.up-a001786e5861.txt	720,17	720,17	T	1312	656	656	14	14	F	F	1234567
5906.up-6572648567f1.txt	5906.up-a00b3e52965d.txt	720,17	720,17	T	1212	606	606	14	14	F	F	1234567
5906.up-6572648567f1.txt	5906.up-a233fdf94b8d.txt	720,17	720,17	T	1304	652	652	14	14	F	F	1234567
5906.up-6572648567f1.txt	5906.up-a235b0e09b6c.txt	720,17	720,17	T	1296	648	648	14	14	F	F	1234567
5906.up-6572648567f1.txt	5906.up-a30c7c517d7b.txt	720,17	720,17	T	1104	552	552	0	0	F	F	1234567
5906.up-6572648567f1.txt	5906.up-a838f31a7b4f.txt	720,17	720,17	T	1092	546	546	14	14	F	F	1234567
5906.up-6572648567f1.txt	5906.up-abe33e328763.txt	720,17	720,17	T	1272	636	636	14	14	F	F	1234567
5906.up-6572648567f1.txt	5906.up-aed220b1ebc4.txt	720,17	720,17	T	1132	566	566	14	14	F	F	1234567
5906.up-6572648567f1.txt	5906.up-b2d6bec1e3bd.txt	720,17	720,17	T	1048	524	524	14	14	F	F	1234567
5906.up-6572648567f1.txt	5906.up-bd458e7fc19e.txt	720,17	720,21	T	1312	658	654	12	16	F	F	1234567
5906.up-6572648567f1.txt	5906.up-c2286e4674af.txt	720,17	720,17	B	1144	572	572	14	14	F	F	1234567
5906.up-6572648567f1.txt	5906.up-c3afee7ed153.txt	720,17	720,23	T	1338	672	666	3	9	F	F	1234567
5906.up-6572648567f1.txt	5906.up-c63a66adbc60.txt	720,17	720,23	T	1338	672	666	3	9	F	F	1234567
5906.up-6572648567f1.txt	5906.up-cad80abdf334.txt	720,17	720,17	T	1284	642	642	14	14	F	F	1234567
5906.up-6572648567f1.txt	5906.up-d0b9281ca469.txt	720,17	720,25	T	1316	662	654	15	23	F	F	1234567
5906.up-6572648567f1.txt	5906.up-d1489855deef.txt	720,17	720,23	T	1242	624	618	3	9	F	F	1234567
5906.up-6572648567f1.txt	5906.up-d2559533f431.txt	720,17	720,17	T	1108	554	554	14	14	F	F	1234567
5906.up-6572648567f1.txt	5906.up-d8c6ba46400e.txt	720,17	720,17	T	1152	576	576	0	0	F	F	1234567
5906.up-6572648567f1.txt	5906.up-d9a28c2d8195.txt	720,17	720,18	T	1103	552	551	1	2	F	R	1462537
5906.up-6572648567f1.txt	5906.up-da93a66cd37b.txt	720,17	720,17	B	1380	690	690	14	14	F	F	1234567
5906.up-6572648567f1.txt	5906.up-dab493384582.txt	720,17	720,17	T	1244	622	622	14	14	F	F	1234567
5906.up-6572648567f1.txt	5906.up-dcd1e20d40f8.txt	720,17	720,17	B	1292	646	646	14	14	F	F	1234567
5906.up-6572648567f1.txt	5906.up-df8c9033249e.txt	720,17	720,21	T	1280	642	638	12	16	F	F	1234567
5906.up-6572648567f1.txt	5906.up-e132c7a7c340.txt	720,17	720,17	T	1232	616	616	14	14	F	F	1234567
5906.up-6572648567f1.txt	5906.up-e1680a9d0e30.txt	720,17	720,17	T	1372	686	686	14	14	F	F	1234567
5906.up-6572648567f1.txt	5906.up-e65e244c83d3.txt	720,17	720,17	T	1200	600	600	14	14	F	F	1234567
5906.up-6572648567f1.txt	5906.up-e8da0f18269f.txt	720,17	720,17	T	1180	590	590	14	14	F	F	1234567
5906.up-6572648567f1.txt	5906.up-e948752d6a32.txt	720,17	720,17	T	1144	572	572	14	14	F	F	1234567
5906.up-6572648567f1.txt	5906.up-e94d2b57a7d4.txt	720,17	720,17	T	1176	588	588	14	14	F	F	1234567
5906.up-6572648567f1.txt	5906.up-eebb02e3baec.txt	720,17	720,17	T	1084	542	542	14	14	F	F	1234567
5906.up-6572648567f1.txt	5906.up-f0a3bb335ed9.txt	720,17	720,17	T	1128	564	564	0	0	F	F	1234567
5906.up-6572648567f1.txt	5906.up-f2c7804be474.txt	720,17	720,23	T	1242	624	618	3	9	F	F	1234567
5906.up-6572648567f1.txt	5906.up-f8d1e70c6a52.txt	720,17	720,21	T	1300	652	648	12	16	F	F	1234567
5906.up-6a8f7756517b.txt	5906.i4a-29c55ed5fbf6.txt	720,17	720,22	T	1367	686	681	11	16	F	F	1234567
5906.up-6a8f7756517b.txt	5906.i4a-50d865ca7907.txt	720,17	720,26	T	1155	582	573	15	24	F	F	1234567
5906.up-6a8f7756517b.txt	5906.i4a-66637a3b8941.txt	720,17	720,22	T	1331	668	663	11	16	F	F	1234567
5906.up-6a8f7756517b.txt	5906.i4a-6a77e138ea8e.txt	720,17	720,22	T	1367	686	681	11	16	F	F	1234567
5906.up-6a8f7756517b.txt	5906.i4a-7f46c8149026.txt	720,17	720,22	T	1343	674	669	11	16	F	F	1234567
5906.up-6a8f7756517b.txt	5906.i4a-b99b1d60f13e.txt	720,17	720,26	T	1167	588	579	15	24	F	F	1234567
5906.up-6a8f7756517b.txt	5906.i4a-c1080e26f60c.txt	720,17	720,22	T	1283	644	639	11	16	F	F	1234567
5906.up-6a8f7756517b.txt	5906.i4a-e0f3de4ca026.txt	720,17	720,22	T	1351	678	673	11	16	F	F	1234567
5906.up-6a8f7756517b.txt	5906.lswap-025c4805fc39.txt	720,17	720,17	T	840	420	420	0	0	F	F	5264137
5906.up-6a8f7756517b.txt	5906.lswap-031568aa1b5c.txt	720,17	720,17	T	804	402	402	0	0	F	F	1234567
5906.up-6a8f7756517b.txt	5906.lswap-06f4ba2c8122.txt	720,17	720,23	T	1252	629	623	14	20	F	F	1234567
5906.up-6a8f7756517b.txt	5906.lswap-09c105553d61.txt	720,17	720,23	T	1216	611	605	14	20	F	F	1234567
5906.up-6a8f7756517b.txt	5906.lswap-0d13fc4a8a4a.txt	720,17	720,21	T	1320	662	658	11	15	F	F	1643527
5906.up-6a8f7756517b.txt	5906.lswap-0de54c0a7bb6.txt	720,17	720,17	T	672	336	336	0	0	F	F	5264137
5906.up-6a8f7756517b.txt	5906.lswap-10f62906b166.txt	720,17	720,23	T	1240	623	617	14	20	F	R	1234567
5906.up-6a8f7756517b.txt	5906.lswap-17203113788c.txt	720,17	720,17	T	732	366	366	0	0	F	F	1234567
5906.up-6a8f7756517b.txt	5906.lswap-17946ea8ba63.txt	720,17	720,17	T	924	462	462	0	0	F	F	1234567
5906.up-6a8f7756517b.txt	5906.lswap-1e70957354f1.txt	720,17	720,17	T	672	336	336	0	0	F	F	5264137
5906.up-6a8f7756517b.txt	5906.lswap-1f8e06e3e616.txt	720,17	720,22	T	1321	663	658	11	16	F	F	1643527
5906.up-6a8f7756517b.txt	5906.lswap-20db05a5b51e.txt	720,17	720,17	T	744	372	372	0	0	F	F	1234567
5906.up-6a8f7756517b.txt	5906.lswap-23548cda0ace.txt	720,17	720,23	T	1228	617	611	14	20	F	R	1234567
5906.up-6a8f7756517b.txt	5906.lswap-2497c9291398.txt	720,17	720,17	T	768	384	384	0	0	F	F	1234567
5906.up-6a8f7756517b.txt	5906.lswap-25804d565b10.txt	720,17	720,17	T	756	378	378	0	0	F	F	1234567
5906.up-6a8f7756517b.txt	5906.lswap-25cebe1ff658.txt	720,17	720,17	T	1080	540	540	0	0	F	F	5264137
5906.up-6a8f7756517b.txt	5906.lswap-28b97fbb68d1.txt	720,17	720,23	T	1264	635	629	14	20	F	R	1234567
5906.up-6a8f7756517b.txt	5906.lswap-29ee6f7c1197.txt	720,17	720,17	T	804	402	402	0	0	F	F	5264137
5906.up-6a8f7756517b.txt	5906.lswap-2ae54d2fd96c.txt	720,17	720,17	T	828	414	414	0	0	F	F	1234567
5906.up-6a8f7756517b.txt	5906.lswap-2c94cb485ad7.txt	720,17	720,17	T	1184	592	592	14	14	F	F	1234567
5906.up-6a8f7756517b.txt	5906.lswap-2fb529601be6.txt	720,17	720,17	T	720	360	360	0	0	F	F	5264137
5906.up-6a8f7756517b.txt	5906.lswap-3a55a72f70d6.txt	720,17	720,23	T	1204	605	599	14	20	F	R	1234567
5906.up-6a8f7756517b.txt	5906.lswap-3b4f2e286e0c.txt	720,17	720,17	T	708	354	354	0	0	F	F	1234567
5906.up-6a8f7756517b.txt	5906.lswap-3b66fbdbdf53.txt	720,17	720,17	T	852	426	426	0	0	F	F	1234567
5906.up-6a8f7756517b.txt	5906.lswap-3baeeea281f2.txt	720,17	720,17	T	708	354	354	0	0	F	F	1234567
5906.up-6a8f7756517b.txt	5906.lswap-3c791ffa671d.txt	720,17	720,17	T	672	336	336	0	0	F	F	1234567
5906.up-6a8f7756517b.txt	5906.lswap-3d82ae1f2111.txt	720,17	720,17	T	1068	534	534	0	0	F	F	1234567
5906.up-6a8f7756517b.txt	5906.lswap-41a210488ac9.txt	720,17	720,17	T	660	330	330	0	0	F	F	1234567
5906.up-6a8f7756517b.txt	5906.lswap-423441640591.txt	720,17	720,17	T	720	360	360	0	0	F	F	1234567
5906.up-6a8f7756517b.txt	5906.lswap-469763027c57.txt	720,17	720,17	T	720	360	360	0	0	F	F	1234567
5906.up-6a8f7756517b.txt	5906.lswap-49fac07a5323.txt	720,17	720,17	T	816	408	408	0	0	F	F	1234567
5906.up-6a8f7756517b.txt	5906.lswap-49fc63d034f2.txt	720,17	720,17	T	696	348	348	0	0	F	F	5264137
5906.up-6a8f7756517b.txt	5906.lswap-4a581202d46c.txt	720,17	720,17	T	960	480	480	0	0	F	F	1234567
5906.up-6a8f7756517b.txt	5906.lswap-4c179f65aa4b.txt	720,17	720,17	T	720	360	360	0	0	F	F	1234567
5906.up-6a8f7756517b.txt	5906.lswap-5228890279ca.txt	720,17	720,17	T	708	354	354	0	0	F	F	1234567
5906.up-6a8f7756517b.txt	5906.lswap-52e683fb05d3.txt	720,17	720,17	T	756	378	378	0	0	F	F	5264137
5906.up-6a8f7756517b.txt	5906.lswap-52f45c5e8e22.txt	720,17	720,17	T	780	390	390	0	0	F	F	1234567
5906.up-6a8f7756517b.txt	5906.lswap-5764c730eaee.txt	720,17	720,17	T	732	366	366	0	0	F	F	1234567
5906.up-6a8f7756517b.txt	5906.lswap-5808edca979d.txt	720,17	720,17	T	780	390	390	0	0	F	F	5264137
5906.up-6a8f7756517b.txt	5906.lswap-5a55d1641a86.txt	720,17	720,17	T	684	342	342	0	0	F	F	1234567
5906.up-6a8f7756517b.txt	5906.lswap-5a7a973564fd.txt	720,17	720,17	T	732	366	366	0	0	F	F	1234567
5906.up-6a8f7756517b.txt	5906.lswap-5dbb54e50268.txt	720,17	720,17	T	780	390	390	0	0	F	F	5264137
5906.up-6a8f7756517b.txt	5906.lswap-6008b60b1c2c.txt	720,17	720,17	T	924	462	462	0	0	F	F	1234567
5906.up-6a8f7756517b.txt	5906.lswap-62d959eb4e73.txt	720,17	720,17	T	816	408	408	0	0	F	F	5264137
5906.up-6a8f7756517b.txt	5906.lswap-637b5054102a.txt	720,17	720,21	T	1236	620	616	11	15	F	F	1643527
5906.up-6a8f7756517b.txt	5906.lswap-67fc5c2184ab.txt	720,17	720,23	T	1240	623	617	14	20	F	F	1234567
5906.up-6a8f7756517b.txt	5906.lswap-68a263f18066.txt	720,17	720,17	T	948	474	474	0	0	F	F	1234567
5906.up-6a8f7756517b.txt	5906.lswap-6bd82af50a4e.txt	720,17	720,17	T	756	378	378	0	0	F	F	1234567
5906.up-6a8f7756517b.txt	5906.lswap-6d0ad177e5ee.txt	720,17	720,17	T	792	396	396	0	0	F	F	1234567
5906.up-6a8f7756517b.txt	5906.lswap-6d7ea156bdcc.txt	720,17	720,17	T	708	354	354	0	0	F	F	1234567
5906.up-6a8f7756517b.txt	5906.lswap-6dc582bac458.txt	720,17	720,22	T	1319	662	657	11	16	F	R	1234567
5906.up-6a8f7756517b.txt	5906.lswap-6f6f375dca74.txt	720,17	720,17	T	684	342	342	0	0	F	F	1234567
5906.up-6a8f7756517b.txt	5906.lswap-7217a0cd3774.txt	720,17	720,17	T	1068	534	534	0	0	F	F	1234567
5906.up-6a8f7756517b.txt	5906.lswap-73851215f718.txt	720,17	720,17	T	696	348	348	0	0	F	F	1234567
5906.up-6a8f7756517b.txt	5906.lswap-7602ba885180.txt	720,17	720,17	T	696	348	348	0	0	F	F	1234567
5906.up-6a8f7756517b.txt	5906.lswap-760f8ed53670.txt	720,17	720,22	T	1319	662	657	11	16	F	R	1234567
5906.up-6a8f7756517b.txt	5906.lswap-7bd46049981f.txt	720,17	720,17	T	1092	546	546	0	0	F	F	1234567
5906.up-6a8f7756517b.txt	5906.lswap-7f47c6e6eeda.txt	720,17	720,17	T	828	414	414	0	0	F	F	1234567
5906.up-6a8f7756517b.txt	5906.lswap-80e6c24a2613.txt	720,17	720,17	T	756	378	378	0	0	F	F	1234567
5906.up-6a8f7756517b.txt	5906.lswap-821102adfff8.txt	720,17	720,17	T	696	348	348	0	0	F	F	1234567
5906.up-6a8f7756517b.txt	5906.lswap-8ed814577309.txt	720,17	720,17	T	792	396	396	0	0	F	F	1234567
5906.up-6a8f7756517b.txt	5906.lswap-8f58c699a11d.txt	720,17	720,23	T	1252	629	623	14	20	F	R	1234567
5906.up-6a8f7756517b.txt	5906.lswap-945cf8ae5bef.txt	720,17	720,23	T	1276	641	635	14	20	F	R	1234567
5906.up-6a8f7756517b.txt	5906.lswap-964ebce5847f.txt	720,17	720,17	T	720	360	360	0	0	F	F	5264137
5906.up-6a8f7756517b.txt	5906.lswap-9759fb4af500.txt	720,17	720,17	T	732	366	366	0	0	F	F	1234567
5906.up-6a8f7756517b.txt	5906.lswap-9a5cc6a6e3c8.txt	720,17	720,17	T	804	402	402	0	0	F	F	5264137
5906.up-6a8f7756517b.txt	5906.lswap-9bd2a50baa0e.txt	720,17	720,17	T	948	474	474	0	0	F	F	1234567
5906.up-6a8f7756517b.txt	5906.lswap-9bf7e32c6472.txt	720,17	720,23	T	1228	617	611	14	20	F	F	1234567
5906.up-6a8f7756517b.txt	5906.lswap-9edd04d13626.txt	720,17	720,17	T	1056	528	528	0	0	F	F	1234567
5906.up-6a8f7756517b.txt	5906.lswap-9f3672f6c430.txt	720,17	720,17	T	780	390	390	0	0	F	F	5264137
5906.up-6a8f7756517b.txt	5906.lswap-9f885c2a5e20.txt	720,17	720,23	T	1216	611	605	14	20	F	R	1234567
5906.up-6a8f7756517b.txt	5906.lswap-a28e203d65dc.txt	720,17	720,17	T	708	354	354	0	0	F	F	1234567
5906.up-6a8f7756517b.txt	5906.lswap-a7d2db45842b.txt	720,17	720,17	T	768	384	384	0	0	F	F	1234567
5906.up-6a8f7756517b.txt	5906.lswap-aa52880fc9e0.txt	720,17	720,17	T	720	360	360	0	0	F	F	1234567
5906.up-6a8f7756517b.txt	5906.lswap-aea48ef05d9e.txt	720,17	720,17	T	708	354	354	0	0	F	F	5264137
5906.up-6a8f7756517b.txt	5906.lswap-af54b6f406a6.txt	720,17	720,17	T	816	408	408	0	0	F	F	1234567
5906.up-6a8f7756517b.txt	5906.lswap-afd973e1a915.txt	720,17	720,17	T	768	384	384	0	0	F	F	5264137
5906.up-6a8f7756517b.txt	5906.lswap-b12d38608f09.txt	720,17	720,17	T	684	342	342	0	0	F	F	1234567
5906.up-6a8f7756517b.txt	5906.lswap-b55f23a2f470.txt	720,17	720,17	T	732	366	366	0	0	F	F	1234567
5906.up-6a8f7756517b.txt	5906.lswap-be4759bc731a.txt	720,17	720,17	T	708	354	354	0	0	F	F	1234567
5906.up-6a8f7756517b.txt	5906.lswap-c394b34cb7cc.txt	720,17	720,17	T	1268	634	634	14	14	F	F	1234567
5906.up-6a8f7756517b.txt	5906.lswap-c55c2b0fbb0f.txt	720,17	720,17	T	576	288	288	0	0	F	F	5264137
5906.up-6a8f7756517b.txt	5906.lswap-cae9c3b46793.txt	720,17	720,17	T	672	336	336	0	0	F	F	1234567
5906.up-6a8f7756517b.txt	5906.lswap-cf5ecb0e9ecc.txt	720,17	720,17	T	696	348	348	0	0	F	F	1234567
5906.up-6a8f7756517b.txt	5906.lswap-cf8339eb5ca7.txt	720,17	720,21	T	1320	662	658	11	15	F	F	1643527
5906.up-6a8f7756517b.txt	5906.lswap-d252e4d38aa9.txt	720,17	720,17	T	744	372	372	0	0	F	F	5264137
5906.up-6a8f7756517b.txt	5906.lswap-d515e64b87be.txt	720,17	720,17	T	888	444	444	0	0	F	F	1234567
5906.up-6a8f7756517b.txt	5906.lswap-db110b7302cf.txt	720,17	720,23	T	1216	611	605	14	20	F	R	1234567
5906.up-6a8f7756517b.txt	5906.lswap-dcc866de4e11.txt	720,17	720,17	T	1044	522	522	0	0	F	F	1234567
5906.up-6a8f7756517b.txt	5906.lswap-df71274e07be.txt	720,17	720,17	T	792	396	396	0	0	F	F	1234567
5906.up-6a8f7756517b.txt	5906.lswap-e0920da719d9.txt	720,17	720,17	T	684	342	342	0	0	F	F	1234567
5906.up-6a8f7756517b.txt	5906.lswap-e145b859ca30.txt	720,17	720,17	T	828	414	414	0	0	F	F	5264137
5906.up-6a8f7756517b.txt	5906.lswap-e21e24656b8e.txt	720,17	720,17	T	1056	528	528	0	0	F	F	5264137
5906.up-6a8f7756517b.txt	5906.lswap-e2d18fca77cb.txt	720,17	720,17	T	804	402	402	0	0	F	F	5264137
5906.up-6a8f7756517b.txt	5906.lswap-e59a6239aa79.txt	720,17	720,17	T	744	372	372	0	0	F	F	1234567
5906.up-6a8f7756517b.txt	5906.lswap-e73e096376f0.txt	720,17	720,17	T	792	396	396	0	0	F	F	1234567
5906.up-6a8f7756517b.txt	5906.lswap-ebd38bf2c1cd.txt	720,17	720,22	T	1321	663	658	11	16	F	F	1643527
5906.up-6a8f7756517b.txt	5906.lswap-eeb9a73f4b33.txt	720,17	720,17	T	744	372	372	0	0	F	F	5264137
5906.up-6a8f7756517b.txt	5906.lswap-f4c2deec7c96.txt	720,17	720,19	T	1318	660	658	17	19	F	F	1234567
5906.up-6a8f7756517b.txt	5906.lswap-f6dbf9989449.txt	720,17	720,17	T	696	348	348	0	0	F	F	1234567
5906.up-6a8f7756517b.txt	5906.lswap-f8f86258580e.txt	720,17	720,17	T	900	450	450	0	0	F	F	1234567
5906.up-6a8f7756517b.txt	5906.lswap-fde8e0f0f322.txt	720,17	720,17	T	1148	574	574	14	14	F	F	1234567
5906.up-6a8f7756517b.txt	5906.rbnd-0dad091b8ac4.txt	720,17	720,18	T	947	474	473	0	1	F	R	5264137
5906.up-6a8f7756517b.txt	5906.rbnd-2641d60c9d5c.txt	720,17	720,18	T	947	474	473	0	1	F	F	1234567
5906.up-6a8f7756517b.txt	5906.rbnd-c44d48fbd52c.txt	720,17	720,18	T	983	492	491	0	1	F	R	5264317
5906.up-6a8f7756517b.txt	5906.rbnd-e9623244f6b1.txt	720,17	720,18	T	935	468	467	0	1	F	R	5264317
5906.up-6a8f7756517b.txt	5906.up-02d771908307.txt	720,17	720,17	T	912	456	456	0	0	F	F	1234567
5906.up-6a8f7756517b.txt	5906.up-0a065898a821.txt	720,17	720,23	T	1240	623	617	14	20	F	F	1234567
5906.up-6a8f7756517b.txt	5906.up-0d2e98183c29.txt	720,17	720,17	T	720	360	360	0	0	F	F	1234567
5906.up-6a8f7756517b.txt	5906.up-0db50fc7743c.txt	720,17	720,17	T	816	408	408	0	0	F	F	1234567
5906.up-6a8f7756517b.txt	5906.up-1206598d1ff0.txt	720,17	720,21	T	1332	668	664	11	15	F	F	1234567
5906.up-6a8f7756517b.txt	5906.up-14e2c7b29aae.txt	720,17	720,17	T	720	360	360	0	0	F	F	1234567
5906.up-6a8f7756517b.txt	5906.up-168d62e1a9d1.txt	720,17	720,17	T	696	348	348	0	0	F	F	1234567
5906.up-6a8f7756517b.txt	5906.up-16ca46d2c5a9.txt	720,17	720,17	T	792	396	396	0	0	F	F	1234567
5906.up-6a8f7756517b.txt	5906.up-1b0920685429.txt	720,17	720,17	B	1352	676	676	14	14	F	F	1234567
5906.up-6a8f7756517b.txt	5906.up-1b8244ba04bb.txt	720,17	720,23	B	1366	686	680	14	20	F	F	1234567
5906.up-6a8f7756517b.txt	5906.up-1bced7f87a93.txt	720,17	720,17	T	1104	552	552	0	0	F	F	1234567
5906.up-6a8f7756517b.txt	5906.up-1e6ba5f50479.txt	720,17	720,17	B	1080	540	540	0	0	F	F	1234567
5906.up-6a8f7756517b.txt	5906.up-207dc5352d35.txt	720,17	720,17	T	1032	516	516	0	0	F	F	1234567
5906.up-6a8f7756517b.txt	5906.up-23ca8a9bcc81.txt	720,17	720,17	T	696	348	348	0	0	F	F	1234567
5906.up-6a8f7756517b.txt	5906.up-2cb6c1139592.txt	720,17	720,17	T	648	324	324	0	0	F	F	1234567
5906.up-6a8f7756517b.txt	5906.up-331228e22360.txt	720,17	720,19	T	1354	678	676	17	19	F	F	1234567
5906.up-6a8f7756517b.txt	5906.up-331e3f0f91ee.txt	720,17	720,17	T	840	420	420	0	0	F	F	1234567
5906.up-6a8f7756517b.txt	5906.up-377da0a3c300.txt	720,17	720,23	T	1300	653	647	14	20	F	F	1234567
5906.up-6a8f7756517b.txt	5906.up-37ac2db82134.txt	720,17	720,17	T	1056	528	528	0	0	F	F	1234567
5906.up-6a8f7756517b.txt	5906.up-3ba99c5557bb.txt	720,17	720,17	B	960	480	480	0	0	F	F	1234567
5906.up-6a8f7756517b.txt	5906.up-3de4f10d5095.txt	720,17	720,17	T	624	312	312	0	0	F	F	1234567
5906.up-6a8f7756517b.txt	5906.up-3ffb4355518f.txt	720,17	720,17	T	1184	592	592	14	14	F	F	1234567
5906.up-6a8f7756517b.txt	5906.up-454308027985.txt	720,17	720,17	T	936	468	468	0	0	F	F	1234567
5906.up-6a8f7756517b.txt	5906.up-4c3eef44600b.txt	720,17	720,17	B	1152	576	576	0	0	F	F	1234567
5906.up-6a8f7756517b.txt	5906.up-53b55626d912.txt	720,17	720,17	T	864	432	432	0	0	F	F	1234567
5906.up-6a8f7756517b.txt	5906.up-55058cab6cba.txt	720,17	720,17	T	1172	586	586	14	14	F	F	1234567
5906.up-6a8f7756517b.txt	5906.up-56126e7237c3.txt	720,17	720,21	T	1284	644	640	11	15	F	F	1234567
5906.up-6a8f7756517b.txt	5906.up-590fe2cb2c21.txt	720,17	720,21	T	1368	686	682	11	15	F	F	1234567
5906.up-6a8f7756517b.txt	5906.up-5ce87c54ecea.txt	720,17	720,17	T	528	264	264	0	0	F	F	1234567
5906.up-6a8f7756517b.txt	5906.up-63a938be8d73.txt	720,17	720,17	T	1268	634	634	14	14	F	F	1234567
5906.up-6a8f7756517b.txt	5906.up-6572648567f1.txt	720,17	720,17	B	1172	586	586	14	14	F	F	1234567
5906.up-6a8f7756517b.txt	5906.up-6597315411ea.txt	720,17	720,23	T	1228	617	611	14	20	F	F	1234567
5906.up-6a8f7756517b.txt	5906.up-6773ff05a318.txt	720,17	720,17	T	600	300	300	0	0	F	F	1234567
5906.up-6a8f7756517b.txt	5906.up-6a142cb8e27d.txt	720,17	720,21	T	1344	674	670	11	15	F	F	1234567
5906.up-6a8f7756517b.txt	5906.up-6f42b3603dac.txt	720,17	720,21	T	1236	620	616	11	15	F	F	1234567
5906.up-6a8f7756517b.txt	5906.up-72482a71c81e.txt	720,17	720,23	T	1216	611	605	14	20	F	F	1234567
5906.up-6a8f7756517b.txt	5906.up-756ff2ed09bd.txt	720,17	720,17	T	984	492	492	0	0	F	F	1234567
5906.up-6a8f7756517b.txt	5906.up-77512ee88848.txt	720,17	720,17	T	744	372	372	0	0	F	F	1234567
5906.up-6a8f7756517b.txt	5906.up-7824c044436e.txt	720,17	720,17	B	696	348	348	0	0	F	F	1234567
5906.up-6a8f7756517b.txt	5906.up-78d638be95ae.txt	720,17	720,17	T	792	396	396	0	0	F	F	1234567
5906.up-6a8f7756517b.txt	5906.up-7c111e182316.txt	720,17	720,17	T	696	348	348	0	0	F	F	1234567
5906.up-6a8f7756517b.txt	5906.up-7f9a93193f10.txt	720,17	720,21	T	1272	638	634	11	15	F	F	1234567
5906.up-6a8f7756517b.txt	5906.up-839c85982253.txt	720,17	720,17	B	696	348	348	0	0	F	F	1234567
5906.up-6a8f7756517b.txt	5906.up-890b6674bd25.txt	720,17	720,25	T	1156	582	574	15	23	F	F	1234567
5906.up-6a8f7756517b.txt	5906.up-8b8c8916a24a.txt	720,17	720,19	T	1354	678	676	17	19	F	F	1234567
5906.up-6a8f7756517b.txt	5906.up-8ec03171f5df.txt	720,17	720,17	T	792	396	396	0	0	F	F	1234567
5906.up-6a8f7756517b.txt	5906.up-91a0d3cd2c14.txt	720,17	720,17	T	720	360	360	0	0	F	F	1234567
5906.up-6a8f7756517b.txt	5906.up-956f3f1864b5.txt	720,17	720,17	T	1208	604	604	14	14	F	F	1234567
5906.up-6a8f7756517b.txt	5906.up-95ffff5c765c.txt	720,17	720,17	T	696	348	348	0	0	F	F	1234567
5906.up-6a8f7756517b.txt	5906.up-9a915a83c416.txt	720,17	720,17	T	984	492	492	0	0	F	F	1234567
5906.up-6a8f7756517b.txt	5906.up-a001786e5861.txt	720,17	720,17	T	1080	540	540	0	0	F	F	1234567
5906.up-6a8f7756517b.txt	5906.up-a00b3e52965d.txt	720,17	720,17	T	624	312	312	0	0	F	F	1234567
5906.up-6a8f7756517b.txt	5906.up-a233fdf94b8d.txt	720,17	720,17	T	1008	504	504	0	0	F	F	1234567
5906.up-6a8f7756517b.txt	5906.up-a235b0e09b6c.txt	720,17	720,17	T	720	360	360	0	0	F	F	1234567
5906.up-6a8f7756517b.txt	5906.up-a30c7c517d7b.txt	720,17	720,17	T	1184	592	592	14	14	F	F	1234567
5906.up-6a8f7756517b.txt	5906.up-a838f31a7b4f.txt	720,17	720,17	T	672	336	336	0	0	F	F	1234567
5906.up-6a8f7756517b.txt	5906.up-abe33e328763.txt	720,17	720,17	T	696	348	348	0	0	F	F	1234567
5906.up-6a8f7756517b.txt	5906.up-aed220b1ebc4.txt	720,17	720,17	T	744	372	372	0	0	F	F	1234567
5906.up-6a8f7756517b.txt	5906.up-b2d6bec1e3bd.txt	720,17	720,17	T	648	324	324	0	0	F	F	1234567
5906.up-6a8f7756517b.txt	5906.up-bd458e7fc19e.txt	720,17	720,21	T	1368	686	682	11	15	F	F	1234567
5906.up-6a8f7756517b.txt	5906.up-c2286e4674af.txt	720,17	720,17	B	600	300	300	0	0	F	F	1234567
5906.up-6a8f7756517b.txt	5906.up-c3afee7ed153.txt	720,17	720,23	T	1288	647	641	14	20	F	F	1234567
5906.up-6a8f7756517b.txt	5906.up-c63a66adbc60.txt	720,17	720,23	T	1264	635	629	14	20	F	F	1234567
5906.up-6a8f7756517b.txt	5906.up-cad80abdf334.txt	720,17	720,17	T	648	324	324	0	0	F	F	1234567
5906.up-6a8f7756517b.txt	5906.up-d0b9281ca469.txt	720,17	720,25	T	1168	588	580	15	23	F	F	1234567
5906.up-6a8f7756517b.txt	5906.up-d1489855deef.txt	720,17	720,23	T	1204	605	599	14	20	F	F	1234567
5906.up-6a8f7756517b.txt	5906.up-d2559533f431.txt	720,17	720,17	T	768	384	384	0	0	F	F	1234567
5906.up-6a8f7756517b.txt	5906.up-d8c6ba46400e.txt	720,17	720,17	T	1268	634	634	14	14	F	F	1234567
5906.up-6a8f7756517b.txt	5906.up-d9a28c2d8195.txt	720,17	720,18	T	1183	592	591	14	15	F	R	1462537
5906.up-6a8f7756517b.txt	5906.up-da93a66cd37b.txt	720,17	720,17	B	1008	504	504	0	0	F	F	1234567
5906.up-6a8f7756517b.txt	5906.up-dab493384582.txt	720,17	720,17	T	936	468	468	0	0	F	F	1234567
5906.up-6a8f7756517b.txt	5906.up-dcd1e20d40f8.txt	720,17	720,17	B	984	492	492	0	0	F	F	1234567
5906.up-6a8f7756517b.txt	5906.up-df8c9033249e.txt	720,17	720,21	T	1352	678	674	11	15	F	F	1234567
5906.up-6a8f7756517b.txt	5906.up-e132c7a7c340.txt	720,17	720,17	T	864	432	432	0	0	F	F	1234567
5906.up-6a8f7756517b.txt	5906.up-e1680a9d0e30.txt	720,17	720,17	T	1104	552	552	0	0	F	F	1234567
5906.up-6a8f7756517b.txt	5906.up-e65e244c83d3.txt	720,17	720,17	T	696	348	348	0	0	F	F	1234567
5906.up-6a8f7756517b.txt	5906.up-e8da0f18269f.txt	720,17	720,17	T	648	324	324	0	0	F	F	1234567
5906.up-6a8f7756517b.txt	5906.up-e948752d6a32.txt	720,17	720,17	T	744	372	372	0	0	F	F	1234567
5906.up-6a8f7756517b.txt	5906.up-e94d2b57a7d4.txt	720,17	720,17	T	768	384	384	0	0	F	F	1234567
5906.up-6a8f7756517b.txt	5906.up-eebb02e3baec.txt	720,17	720,17	T	696	348	348	0	0	F	F	1234567
5906.up-6a8f7756517b.txt	5906.up-f0a3bb335ed9.txt	720,17	720,17	T	1136	568	568	14	14	F	F	1234567
5906.up-6a8f7756517b.txt	5906.up-f2c7804be474.txt	720,17	720,23	T	1276	641	635	14	20	F	F	1234567
5906.up-6a8f7756517b.txt	5906.up-f8d1e70c6a52.txt	720,17	720,21	T	1224	614	610	11	15	F	F	1234567
5906.up-7824c044436e.txt	5906.i4a-29c55ed5fbf6.txt	720,17	720,22	T	1411	708	703	11	16	F	F	1234567
5906.up-7824c044436e.txt	5906.i4a-50d865ca7907.txt	720,17	720,26	T	1239	624	615	15	24	F	F	1234567
5906.up-7824c044436e.txt	5906.i4a-66637a3b8941.txt	720,17	720,22	T	1375	690	685	11	16	F	F	1234567
5906.up-7824c044436e.txt	5906.i4a-6a77e138ea8e.txt	720,17	720,22	T	1327	666	661	11	16	F	F	1234567
5906.up-7824c044436e.txt	5906.i4a-7f46c8149026.txt	720,17	720,22	T	1375	690	685	11	16	F	F	1234567
5906.up-7824c044436e.txt	5906.i4a-b99b1d60f13e.txt	720,17	720,26	T	1263	636	627	15	24	F	F	1234567
5906.up-7824c044436e.txt	5906.i4a-c1080e26f60c.txt	720,17	720,22	T	1399	702	697	11	16	F	F	1234567
5906.up-7824c044436e.txt	5906.i4a-e0f3de4ca026.txt	720,17	720,22	T	1347	676	671	11	16	F	F	1234567
5906.up-7824c044436e.txt	5906.lswap-025c4805fc39.txt	720,17	720,17	T	696	348	348	0	0	F	F	5264137
5906.up-7824c044436e.txt	5906.lswap-031568aa1b5c.txt	720,17	720,17	T	708	354	354	0	0	F	F	1234567
5906.up-7824c044436e.txt	5906.lswap-06f4ba2c8122.txt	720,17	720,23	T	1194	600	594	14	20	F	F	1234567
5906.up-7824c044436e.txt	5906.lswap-09c105553d61.txt	720,17	720,23	T	1230	618	612	14	20	F	F	1234567
5906.up-7824c044436e.txt	5906.lswap-0d13fc4a8a4a.txt	720,17	720,21	T	1364	684	680	11	15	F	F	1643527
5906.up-7824c044436e.txt	5906.lswap-0de54c0a7bb6.txt	720,17	720,17	T	720	360	360	0	0	F	F	5264137
5906.up-7824c044436e.txt	5906.lswap-10f62906b166.txt	720,17	720,23	T	1194	600	594	14	20	F	R	1234567
5906.up-7824c044436e.txt	5906.lswap-17203113788c.txt	720,17	720,17	T	732	366	366	0	0	F	F	1234567
5906.up-7824c044436e.txt	5906.lswap-17946ea8ba63.txt	720,17	720,17	T	1032	516	516	0	0	F	F	1234567
5906.up-7824c044436e.txt	5906.lswap-1e70957354f1.txt	720,17	720,17	T	720	360	360	0	0	F	F	5264137
5906.up-7824c044436e.txt	5906.lswap-1f8e06e3e616.txt	720,17	720,22	T	1363	684	679	11	16	F	F	1643527
5906.up-7824c044436e.txt	5906.lswap-20db05a5b51e.txt	720,17	720,17	T	852	426	426	0	0	F	F	1234567
5906.up-7824c044436e.txt	5906.lswap-23548cda0ace.txt	720,17	720,23	T	1230	618	612	14	20	F	R	1234567
5906.up-7824c044436e.txt	5906.lswap-2497c9291398.txt	720,17	720,17	T	672	336	336	0	0	F	F	1234567
5906.up-7824c044436e.txt	5906.lswap-25804d565b10.txt	720,17	720,17	T	660	330	330	0	0	F	F	1234567
5906.up-7824c044436e.txt	5906.lswap-25cebe1ff658.txt	720,17	720,17	T	1032	516	516	0	0	F	F	5264137
5906.up-7824c044436e.txt	5906.lswap-28b97fbb68d1.txt	720,17	720,23	T	1242	624	618	14	20	F	F	1462537
5906.up-7824c044436e.txt	5906.lswap-29ee6f7c1197.txt	720,17	720,17	T	660	330	330	0	0	F	F	5264137
5906.up-7824c044436e.txt	5906.lswap-2ae54d2fd96c.txt	720,17	720,17	T	732	366	366	0	0	F	F	1234567
5906.up-7824c044436e.txt	5906.lswap-2c94cb485ad7.txt	720,17	720,17	T	1236	618	618	14	14	F	R	1462537
5906.up-7824c044436e.txt	5906.lswap-2fb529601be6.txt	720,17	720,17	T	768	384	384	0	0	F	F	5264137
5906.up-7824c044436e.txt	5906.lswap-3a55a72f70d6.txt	720,17	720,23	T	1194	600	594	14	20	F	F	1462537
5906.up-7824c044436e.txt	5906.lswap-3b4f2e286e0c.txt	720,17	720,17	T	708	354	354	0	0	F	F	1234567
5906.up-7824c044436e.txt	5906.lswap-3b66fbdbdf53.txt	720,17	720,17	T	756	378	378	0	0	F	F	1234567
5906.up-7824c044436e.txt	5906.lswap-3baeeea281f2.txt	720,17	720,17	T	708	354	354	0	0	F	F	1234567
5906.up-7824c044436e.txt	5906.lswap-3c791ffa671d.txt	720,17	720,17	T	720	360	360	0	0	F	F	1234567
5906.up-7824c044436e.txt	5906.lswap-3d82ae1f2111.txt	720,17	720,17	T	996	498	498	0	0	F	F	1234567
5906.up-7824c044436e.txt	5906.lswap-41a210488ac9.txt	720,17	720,17	T	660	330	330	0	0	F	F	1234567
5906.up-7824c044436e.txt	5906.lswap-423441640591.txt	720,17	720,17	T	768	384	384	0	0	F	F	1234567
5906.up-7824c044436e.txt	5906.lswap-469763027c57.txt	720,17	720,17	T	768	384	384	0	0	F	F	1234567
5906.up-7824c044436e.txt	5906.lswap-49fac07a5323.txt	720,17	720,17	T	720	360	360	0	0	F	F	1234567
5906.up-7824c044436e.txt	5906.lswap-49fc63d034f2.txt	720,17	720,17	T	648	324	324	0	0	F	F	5264137
5906.up-7824c044436e.txt	5906.lswap-4a581202d46c.txt	720,17	720,17	T	996	498	498	0	0	F	F	1234567
5906.up-7824c044436e.txt	5906.lswap-4c179f65aa4b.txt	720,17	720,17	T	672	336	336	0	0	F	F	1234567
5906.up-7824c044436e.txt	5906.lswap-5228890279ca.txt	720,17	720,17	T	708	354	354	0	0	F	F	1234567
5906.up-7824c044436e.txt	5906.lswap-52e683fb05d3.txt	720,17	720,17	T	708	354	354	0	0	F	F	5264137
5906.up-7824c044436e.txt	5906.lswap-52f45c5e8e22.txt	720,17	720,17	T	684	342	342	0	0	F	F	1234567
5906.up-7824c044436e.txt	5906.lswap-5764c730eaee.txt	720,17	720,17	T	732	366	366	0	0	F	F	1234567
5906.up-7824c044436e.txt	5906.lswap-5808edca979d.txt	720,17	720,17	T	636	318	318	0	0	F	F	5264137
5906.up-7824c044436e.txt	5906.lswap-5a55d1641a86.txt	720,17	720,17	T	684	342	342	0	0	F	F	1234567
5906.up-7824c044436e.txt	5906.lswap-5a7a973564fd.txt	720,17	720,17	T	732	366	366	0	0	F	F	1234567
5906.up-7824c044436e.txt	5906.lswap-5dbb54e50268.txt	720,17	720,17	T	732	366	366	0	0	F	F	5264137
5906.up-7824c044436e.txt	5906.lswap-6008b60b1c2c.txt	720,17	720,17	T	1032	516	516	0	0	F	F	1234567
5906.up-7824c044436e.txt	5906.lswap-62d959eb4e73.txt	720,17	720,17	T	768	384	384	0	0	F	F	5264137
5906.up-7824c044436e.txt	5906.lswap-637b5054102a.txt	720,17	720,21	T	1232	618	614	11	15	F	F	1643527
5906.up-7824c044436e.txt	5906.lswap-67fc5c2184ab.txt	720,17	720,23	T	1194	600	594	14	20	F	F	1234567
5906.up-7824c044436e.txt	5906.lswap-68a263f18066.txt	720,17	720,17	T	1044	522	522	0	0	F	F	1234567
5906.up-7824c044436e.txt	5906.lswap-6bd82af50a4e.txt	720,17	720,17	T	756	378	378	0	0	F	F	1234567
5906.up-7824c044436e.txt	5906.lswap-6d0ad177e5ee.txt	720,17	720,17	T	696	348	348	0	0	F	F	1234567
5906.up-7824c044436e.txt	5906.lswap-6d7ea156bdcc.txt	720,17	720,17	T	708	354	354	0	0	F	F	1234567
5906.up-7824c044436e.txt	5906.lswap-6dc582bac458.txt	720,17	720,22	T	1375	690	685	11	16	F	R	1234567
5906.up-7824c044436e.txt	5906.lswap-6f6f375dca74.txt	720,17	720,17	T	684	342	342	0	0	F	F	1234567
5906.up-7824c044436e.txt	5906.lswap-7217a0cd3774.txt	720,17	720,17	T	996	498	498	0	0	F	F	1234567
5906.up-7824c044436e.txt	5906.lswap-73851215f718.txt	720,17	720,17	T	744	372	372	0	0	F	F	1234567
5906.up-7824c044436e.txt	5906.lswap-7602ba885180.txt	720,17	720,17	T	744	372	372	0	0	F	F	1234567
5906.up-7824c044436e.txt	5906.lswap-760f8ed53670.txt	720,17	720,22	T	1363	684	679	11	16	F	R	1234567
5906.up-7824c044436e.txt	5906.lswap-7bd46049981f.txt	720,17	720,17	T	1020	510	510	0	0	F	F	1234567
5906.up-7824c044436e.txt	5906.lswap-7f47c6e6eeda.txt	720,17	720,17	T	732	366	366	0	0	F	F	1234567
5906.up-7824c044436e.txt	5906.lswap-80e6c24a2613.txt	720,17	720,17	T	660	330	330	0	0	F	F	1234567
5906.up-7824c044436e.txt	5906.lswap-821102adfff8.txt	720,17	720,17	T	744	372	372	0	0	F	F	1234567
5906.up-7824c044436e.txt	5906.lswap-8ed814577309.txt	720,17	720,17	T	696	348	348	0	0	F	F	1234567
5906.up-7824c044436e.txt	5906.lswap-8f58c699a11d.txt	720,17	720,23	T	1194	600	594	14	20	F	R	1234567
5906.up-7824c044436e.txt	5906.lswap-945cf8ae5bef.txt	720,17	720,23	T	1242	624	618	14	20	F	F	1462537
5906.up-7824c044436e.txt	5906.lswap-964ebce5847f.txt	720,17	720,17	T	768	384	384	0	0	F	F	5264137
5906.up-7824c044436e.txt	5906.lswap-9759fb4af500.txt	720,17	720,17	T	636	318	318	0	0	F	F	1234567
5906.up-7824c044436e.txt	5906.lswap-9a5cc6a6e3c8.txt	720,17	720,17	T	660	330	330	0	0	F	F	5264137
5906.up-7824c044436e.txt	5906.lswap-9bd2a50baa0e.txt	720,17	720,17	T	1044	522	522	0	0	F	F	1234567
5906.up-7824c044436e.txt	5906.lswap-9bf7e32c6472.txt	720,17	720,23	T	1230	618	612	14	20	F	F	1234567
5906.up-7824c044436e.txt	5906.lswap-9edd04d13626.txt	720,17	720,17	T	996	498	498	0	0	F	F	1234567
5906.up-7824c044436e.txt	5906.lswap-9f3672f6c430.txt	720,17	720,17	T	732	366	366	0	0	F	F	5264137
5906.up-7824c044436e.txt	5906.lswap-9f885c2a5e20.txt	720,17	720,23	T	1194	600	594	14	20	F	F	1462537
5906.up-7824c044436e.txt	5906.lswap-a28e203d65dc.txt	720,17	720,17	T	708	354	354	0	0	F	F	1234567
5906.up-7824c044436e.txt	5906.lswap-a7d2db45842b.txt	720,17	720,17	T	672	336	336	0	0	F	F	1234567
5906.up-7824c044436e.txt	5906.lswap-aa52880fc9e0.txt	720,17	720,17	T	672	336	336	0	0	F	F	1234567
5906.up-7824c044436e.txt	5906.lswap-aea48ef05d9e.txt	720,17	720,17	T	744	372	372	0	0	F	F	5264137
5906.up-7824c044436e.txt	5906.lswap-af54b6f406a6.txt	720,17	720,17	T	720	360	360	0	0	F	F	1234567
5906.up-7824c044436e.txt	5906.lswap-afd973e1a915.txt	720,17	720,17	T	624	312	312	0	0	F	F	5264137
5906.up-7824c044436e.txt	5906.lswap-b12d38608f09.txt	720,17	720,17	T	684	342	342	0	0	F	F	1234567
5906.up-7824c044436e.txt	5906.lswap-b55f23a2f470.txt	720,17	720,17	T	732	366	366	0	0	F	F	1234567
5906.up-7824c044436e.txt	5906.lswap-be4759bc731a.txt	720,17	720,17	T	708	354	354	0	0	F	F	1234567
5906.up-7824c044436e.txt	5906.lswap-c394b34cb7cc.txt	720,17	720,17	T	1272	636	636	14	14	F	F	1234567
5906.up-7824c044436e.txt	5906.lswap-c55c2b0fbb0f.txt	720,17	720,17	T	444	222	222	0	0	F	F	5264137
5906.up-7824c044436e.txt	5906.lswap-cae9c3b46793.txt	720,17	720,17	T	720	360	360	0	0	F	F	1234567
5906.up-7824c044436e.txt	5906.lswap-cf5ecb0e9ecc.txt	720,17	720,17	T	648	324	324	0	0	F	F	1234567
5906.up-7824c044436e.txt	5906.lswap-cf8339eb5ca7.txt	720,17	720,21	T	1376	690	686	11	15	F	F	1643527
5906.up-7824c044436e.txt	5906.lswap-d252e4d38aa9.txt	720,17	720,17	T	696	348	348	0	0	F	F	5264137
5906.up-7824c044436e.txt	5906.lswap-d515e64b87be.txt	720,17	720,17	T	1068	534	534	0	0	F	F	1234567
5906.up-7824c044436e.txt	5906.lswap-db110b7302cf.txt	720,17	720,23	T	1230	618	612	14	20	F	R	1234567
5906.up-7824c044436e.txt	5906.lswap-dcc866de4e11.txt	720,17	720,17	T	972	486	486	0	0	F	F	1234567
5906.up-7824c044436e.txt	5906.lswap-df71274e07be.txt	720,17	720,17	T	696	348	348	0	0	F	F	1234567
5906.up-7824c044436e.txt	5906.lswap-e0920da719d9.txt	720,17	720,17	T	684	342	342	0	0	F	F	1234567
5906.up-7824c044436e.txt	5906.lswap-e145b859ca30.txt	720,17	720,17	T	684	342	342	0	0	F	F	5264137
5906.up-7824c044436e.txt	5906.lswap-e21e24656b8e.txt	720,17	720,17	T	960	480	480	0	0	F	F	5264137
5906.up-7824c044436e.txt	5906.lswap-e2d18fca77cb.txt	720,17	720,17	T	756	378	378	0	0	F	F	5264137
5906.up-7824c044436e.txt	5906.lswap-e59a6239aa79.txt	720,17	720,17	T	696	348	348	0	0	F	F	1234567
5906.up-7824c044436e.txt	5906.lswap-e73e096376f0.txt	720,17	720,17	T	696	348	348	0	0	F	F	1234567
5906.up-7824c044436e.txt	5906.lswap-ebd38bf2c1cd.txt	720,17	720,22	T	1375	690	685	11	16	F	F	1643527
5906.up-7824c044436e.txt	5906.lswap-eeb9a73f4b33.txt	720,17	720,17	T	696	348	348	0	0	F	F	5264137
5906.up-7824c044436e.txt	5906.lswap-f4c2deec7c96.txt	720,17	720,19	T	1364	683	681	17	19	F	F	1234567
5906.up-7824c044436e.txt	5906.lswap-f6dbf9989449.txt	720,17	720,17	T	744	372	372	0	0	F	F	1234567
5906.up-7824c044436e.txt	5906.lswap-f8f86258580e.txt	720,17	720,17	T	1020	510	510	0	0	F	F	1234567
5906.up-7824c044436e.txt	5906.lswap-fde8e0f0f322.txt	720,17	720,17	T	1284	642	642	14	14	F	F	1234567
5906.up-7824c044436e.txt	5906.rbnd-0dad091b8ac4.txt	720,17	720,18	T	1043	522	521	0	1	F	R	5264137
5906.up-7824c044436e.txt	5906.rbnd-2641d60c9d5c.txt	720,17	720,18	T	1043	522	521	0	1	F	F	1234567
5906.up-7824c044436e.txt	5906.rbnd-c44d48fbd52c.txt	720,17	720,18	T	1079	540	539	0	1	F	R	5264317
5906.up-7824c044436e.txt	5906.rbnd-e9623244f6b1.txt	720,17	720,18	T	1055	528	527	0	1	F	R	5264317
5906.up-7824c044436e.txt	5906.up-02d771908307.txt	720,17	720,17	T	1080	540	540	0	0	F	F	1234567
5906.up-7824c044436e.txt	5906.up-0a065898a821.txt	720,17	720,23	T	1194	600	594	14	20	F	F	1234567
5906.up-7824c044436e.txt	5906.up-0d2e98183c29.txt	720,17	720,17	T	672	336	336	0	0	F	F	1234567
5906.up-7824c044436e.txt	5906.up-0db50fc7743c.txt	720,17	720,17	T	672	336	336	0	0	F	F	1234567
5906.up-7824c044436e.txt	5906.up-1206598d1ff0.txt	720,17	720,21	T	1376	690	686	11	15	F	F	1234567
5906.up-7824c044436e.txt	5906.up-14e2c7b29aae.txt	720,17	720,17	T	672	336	336	0	0	F	F	1234567
5906.up-7824c044436e.txt	5906.up-168d62e1a9d1.txt	720,17	720,17	T	744	372	372	0	0	F	F	1234567
5906.up-7824c044436e.txt	5906.up-16ca46d2c5a9.txt	720,17	720,17	T	744	372	372	0	0	F	F	1234567
5906.up-7824c044436e.txt	5906.up-1b0920685429.txt	720,17	720,17	B	1392	696	696	14	14	F	F	1234567
5906.up-7824c044436e.txt	5906.up-1b8244ba04bb.txt	720,17	720,23	B	1346	676	670	14	20	F	F	1234567
5906.up-7824c044436e.txt	5906.up-1bced7f87a93.txt	720,17	720,17	T	1032	516	516	0	0	F	F	1234567
5906.up-7824c044436e.txt	5906.up-1e6ba5f50479.txt	720,17	720,17	B	1032	516	516	0	0	F	F	1234567
5906.up-7824c044436e.txt	5906.up-207dc5352d35.txt	720,17	720,17	T	936	468	468	0	0	F	F	1234567
5906.up-7824c044436e.txt	5906.up-23ca8a9bcc81.txt	720,17	720,17	T	744	372	372	0	0	F	F	1234567
5906.up-7824c044436e.txt	5906.up-2cb6c1139592.txt	720,17	720,17	T	696	348	348	0	0	F	F	1234567
5906.up-7824c044436e.txt	5906.up-331228e22360.txt	720,17	720,19	T	1388	695	693	17	19	F	F	1234567
5906.up-7824c044436e.txt	5906.up-331e3f0f91ee.txt	720,17	720,17	T	792	396	396	0	0	F	F	1234567
5906.up-7824c044436e.txt	5906.up-377da0a3c300.txt	720,17	720,23	T	1242	624	618	14	20	F	F	1234567
5906.up-7824c044436e.txt	5906.up-37ac2db82134.txt	720,17	720,17	T	1008	504	504	0	0	F	F	1234567
5906.up-7824c044436e.txt	5906.up-3ba99c5557bb.txt	720,17	720,17	B	840	420	420	0	0	F	F	1234567
5906.up-7824c044436e.txt	5906.up-3de4f10d5095.txt	720,17	720,17	T	720	360	360	0	0	F	F	1234567
5906.up-7824c044436e.txt	5906.up-3ffb4355518f.txt	720,17	720,17	T	1236	618	618	14	14	F	F	1234567
5906.up-7824c044436e.txt	5906.up-454308027985.txt	720,17	720,17	T	984	492	492	0	0	F	F	1234567
5906.up-7824c044436e.txt	5906.up-4c3eef44600b.txt	720,17	720,17	B	1200	600	600	0	0	F	F	1234567
5906.up-7824c044436e.txt	5906.up-53b55626d912.txt	720,17	720,17	T	720	360	360	0	0	F	F	1234567
5906.up-7824c044436e.txt	5906.up-55058cab6cba.txt	720,17	720,17	T	1296	648	648	14	14	F	F	1234567
5906.up-7824c044436e.txt	5906.up-56126e7237c3.txt	720,17	720,21	T	1400	702	698	11	15	F	F	1234567
5906.up-7824c044436e.txt	5906.up-590fe2cb2c21.txt	720,17	720,21	T	1328	666	662	11	15	F	F	1234567
5906.up-7824c044436e.txt	5906.up-5ce87c54ecea.txt	720,17	720,17	T	456	228	228	0	0	F	F	1234567
5906.up-7824c044436e.txt	5906.up-63a938be8d73.txt	720,17	720,17	T	1284	642	642	14	14	F	F	1234567
5906.up-7824c044436e.txt	5906.up-6572648567f1.txt	720,17	720,17	B	1188	594	594	14	14	F	F	1234567
5906.up-7824c044436e.txt	5906.up-6597315411ea.txt	720,17	720,23	T	1194	600	594	14	20	F	F	1234567
5906.up-7824c044436e.txt	5906.up-6773ff05a318.txt	720,17	720,17	T	648	324	324	0	0	F	F	1234567
5906.up-7824c044436e.txt	5906.up-6a142cb8e27d.txt	720,17	720,21	T	1376	690	686	11	15	F	F	1234567
5906.up-7824c044436e.txt	5906.up-6a8f7756517b.txt	720,17	720,17	B	696	348	348	0	0	F	F	1234567
5906.up-7824c044436e.txt	5906.up-6f42b3603dac.txt	720,17	720,21	T	1220	612	608	11	15	F	F	1234567
5906.up-7824c044436e.txt	5906.up-72482a71c81e.txt	720,17	720,23	T	1230	618	612	14	20	F	F	1234567
5906.up-7824c044436e.txt	5906.up-756ff2ed09bd.txt	720,17	720,17	T	1080	540	540	0	0	F	F	1234567
5906.up-7824c044436e.txt	5906.up-77512ee88848.txt	720,17	720,17	T	600	300	300	0	0	F	F	1234567
5906.up-7824c044436e.txt	5906.up-78d638be95ae.txt	720,17	720,17	T	888	444	444	0	0	F	F	1234567
5906.up-7824c044436e.txt	5906.up-7c111e182316.txt	720,17	720,17	T	744	372	372	0	0	F	F	1234567
5906.up-7824c044436e.txt	5906.up-7f9a93193f10.txt	720,17	720,21	T	1280	642	638	11	15	F	F	1234567
5906.up-7824c044436e.txt	5906.up-839c85982253.txt	720,17	720,17	B	648	324	324	0	0	F	F	1234567
5906.up-7824c044436e.txt	5906.up-890b6674bd25.txt	720,17	720,25	T	1240	624	616	15	23	F	F	1234567
5906.up-7824c044436e.txt	5906.up-8b8c8916a24a.txt	720,17	720,19	T	1364	683	681	17	19	F	F	1234567
5906.up-7824c044436e.txt	5906.up-8ec03171f5df.txt	720,17	720,17	T	648	324	324	0	0	F	F	1234567
5906.up-7824c044436e.txt	5906.up-91a0d3cd2c14.txt	720,17	720,17	T	672	336	336	0	0	F	F	1234567
5906.up-7824c044436e.txt	5906.up-956f3f1864b5.txt	720,17	720,17	T	1248	624	624	14	14	F	F	1234567
5906.up-7824c044436e.txt	5906.up-95ffff5c765c.txt	720,17	720,17	T	768	384	384	0	0	F	F	1234567
5906.up-7824c044436e.txt	5906.up-9a915a83c416.txt	720,17	720,17	T	1008	504	504	0	0	F	F	1234567
5906.up-7824c044436e.txt	5906.up-a001786e5861.txt	720,17	720,17	T	984	492	492	0	0	F	F	1234567
5906.up-7824c044436e.txt	5906.up-a00b3e52965d.txt	720,17	720,17	T	432	216	216	0	0	F	F	1234567
5906.up-7824c044436e.txt	5906.up-a233fdf94b8d.txt	720,17	720,17	T	960	480	480	0	0	F	F	1234567
5906.up-7824c044436e.txt	5906.up-a235b0e09b6c.txt	720,17	720,17	T	744	372	372	0	0	F	F	1234567
5906.up-7824c044436e.txt	5906.up-a30c7c517d7b.txt	720,17	720,17	T	1188	594	594	14	14	F	F	1234567
5906.up-7824c044436e.txt	5906.up-a838f31a7b4f.txt	720,17	720,17	T	624	312	312	0	0	F	F	1234567
5906.up-7824c044436e.txt	5906.up-abe33e328763.txt	720,17	720,17	T	720	360	360	0	0	F	F	1234567
5906.up-7824c044436e.txt	5906.up-aed220b1ebc4.txt	720,17	720,17	T	792	396	396	0	0	F	F	1234567
5906.up-7824c044436e.txt	5906.up-b2d6bec1e3bd.txt	720,17	720,17	T	696	348	348	0	0	F	F	1234567
5906.up-7824c044436e.txt	5906.up-bd458e7fc19e.txt	720,17	720,21	T	1412	708	704	11	15	F	F	1234567
5906.up-7824c044436e.txt	5906.up-c2286e4674af.txt	720,17	720,17	B	864	432	432	0	0	F	F	1234567
5906.up-7824c044436e.txt	5906.up-c3afee7ed153.txt	720,17	720,23	T	1242	624	618	14	20	F	F	1234567
5906.up-7824c044436e.txt	5906.up-c63a66adbc60.txt	720,17	720,23	T	1278	642	636	14	20	F	F	1234567
5906.up-7824c044436e.txt	5906.up-cad80abdf334.txt	720,17	720,17	T	720	360	360	0	0	F	F	1234567
5906.up-7824c044436e.txt	5906.up-d0b9281ca469.txt	720,17	720,25	T	1264	636	628	15	23	F	F	1234567
5906.up-7824c044436e.txt	5906.up-d1489855deef.txt	720,17	720,23	T	1230	618	612	14	20	F	F	1234567
5906.up-7824c044436e.txt	5906.up-d2559533f431.txt	720,17	720,17	T	720	360	360	0	0	F	F	1234567
5906.up-7824c044436e.txt	5906.up-d8c6ba46400e.txt	720,17	720,17	T	1272	636	636	14	14	F	F	1234567
5906.up-7824c044436e.txt	5906.up-d9a28c2d8195.txt	720,17	720,18	T	1187	594	593	14	15	F	F	1234567
5906.up-7824c044436e.txt	5906.up-da93a66cd37b.txt	720,17	720,17	B	984	492	492	0	0	F	F	1234567
5906.up-7824c044436e.txt	5906.up-dab493384582.txt	720,17	720,17	T	1056	528	528	0	0	F	F	1234567
5906.up-7824c044436e.txt	5906.up-dcd1e20d40f8.txt	720,17	720,17	B	960	480	480	0	0	F	F	1234567
5906.up-7824c044436e.txt	5906.up-df8c9033249e.txt	720,17	720,21	T	1348	676	672	11	15	F	F	1234567
5906.up-7824c044436e.txt	5906.up-e132c7a7c340.txt	720,17	720,17	T	1056	528	528	0	0	F	F	1234567
5906.up-7824c044436e.txt	5906.up-e1680a9d0e30.txt	720,17	720,17	T	1056	528	528	0	0	F	F	1234567
5906.up-7824c044436e.txt	5906.up-e65e244c83d3.txt	720,17	720,17	T	816	408	408	0	0	F	F	1234567
5906.up-7824c044436e.txt	5906.up-e8da0f18269f.txt	720,17	720,17	T	528	264	264	0	0	F	F	1234567
5906.up-7824c044436e.txt	5906.up-e948752d6a32.txt	720,17	720,17	T	792	396	396	0	0	F	F	1234567
5906.up-7824c044436e.txt	5906.up-e94d2b57a7d4.txt	720,17	720,17	T	720	360	360	0	0	F	F	1234567
5906.up-7824c044436e.txt	5906.up-eebb02e3baec.txt	720,17	720,17	T	744	372	372	0	0	F	F	1234567
5906.up-7824c044436e.txt	5906.up-f0a3bb335ed9.txt	720,17	720,17	T	1272	636	636	14	14	F	F	1234567
5906.up-7824c044436e.txt	5906.up-f2c7804be474.txt	720,17	720,23	T	1278	642	636	14	20	F	F	1234567
5906.up-7824c044436e.txt	5906.up-f8d1e70c6a52.txt	720,17	720,21	T	1256	630	626	11	15	F	F	1234567
5906.up-839c85982253.txt	5906.i4a-29c55ed5fbf6.txt	720,17	720,22	T	1467	736	731	11	16	F	F	1234567
5906.up-839c85982253.txt	5906.i4a-50d865ca7907.txt	720,17	720,26	T	1263	636	627	15	24	F	F	1234567
5906.up-839c85982253.txt	5906.i4a-66637a3b8941.txt	720,17	720,22	T	1419	712	707	11	16	F	F	1234567
5906.up-839c85982253.txt	5906.i4a-6a77e138ea8e.txt	720,17	720,22	T	1323	664	659	11	16	F	F	1234567
5906.up-839c85982253.txt	5906.i4a-7f46c8149026.txt	720,17	720,22	T	1419	712	707	11	16	F	F	1234567
5906.up-839c85982253.txt	5906.i4a-b99b1d60f13e.txt	720,17	720,26	T	1251	630	621	15	24	F	F	1234567
5906.up-839c85982253.txt	5906.i4a-c1080e26f60c.txt	720,17	720,22	T	1431	718	713	11	16	F	F	1234567
5906.up-839c85982253.txt	5906.i4a-e0f3de4ca026.txt	720,17	720,22	T	1451	728	723	11	16	F	F	1234567
5906.up-839c85982253.txt	5906.lswap-025c4805fc39.txt	720,17	720,17	T	624	312	312	0	0	F	F	5264137
5906.up-839c85982253.txt	5906.lswap-031568aa1b5c.txt	720,17	720,17	T	624	312	312	0	0	F	F	1234567
5906.up-839c85982253.txt	5906.lswap-06f4ba2c8122.txt	720,17	720,23	T	1236	621	615	14	20	F	F	1234567
5906.up-839c85982253.txt	5906.lswap-09c105553d61.txt	720,17	720,23	T	1188	597	591	14	20	F	F	1234567
5906.up-839c85982253.txt	5906.lswap-0d13fc4a8a4a.txt	720,17	720,21	T	1408	706	702	11	15	F	F	1643527
5906.up-839c85982253.txt	5906.lswap-0de54c0a7bb6.txt	720,17	720,17	T	744	372	372	0	0	F	F	5264137
5906.up-839c85982253.txt	5906.lswap-10f62906b166.txt	720,17	720,23	T	1212	609	603	14	20	F	F	1462537
5906.up-839c85982253.txt	5906.lswap-17203113788c.txt	720,17	720,17	T	780	390	390	0	0	F	F	1234567
5906.up-839c85982253.txt	5906.lswap-17946ea8ba63.txt	720,17	720,17	T	1056	528	528	0	0	F	F	1234567
5906.up-839c85982253.txt	5906.lswap-1e70957354f1.txt	720,17	720,17	T	744	372	372	0	0	F	F	5264137
5906.up-839c85982253.txt	5906.lswap-1f8e06e3e616.txt	720,17	720,22	T	1407	706	701	11	16	F	F	1643527
5906.up-839c85982253.txt	5906.lswap-20db05a5b51e.txt	720,17	720,17	T	720	360	360	0	0	F	F	1234567
5906.up-839c85982253.txt	5906.lswap-23548cda0ace.txt	720,17	720,23	T	1200	603	597	14	20	F	R	1234567
5906.up-839c85982253.txt	5906.lswap-2497c9291398.txt	720,17	720,17	T	600	300	300	0	0	F	F	1234567
5906.up-839c85982253.txt	5906.lswap-25804d565b10.txt	720,17	720,17	T	624	312	312	0	0	F	F	1234567
5906.up-839c85982253.txt	5906.lswap-25cebe1ff658.txt	720,17	720,17	T	960	480	480	0	0	F	F	5264137
5906.up-839c85982253.txt	5906.lswap-28b97fbb68d1.txt	720,17	720,23	T	1200	603	597	14	20	F	R	1234567
5906.up-839c85982253.txt	5906.lswap-29ee6f7c1197.txt	720,17	720,17	T	600	300	300	0	0	F	F	5264137
5906.up-839c85982253.txt	5906.lswap-2ae54d2fd96c.txt	720,17	720,17	T	672	336	336	0	0	F	F	1234567
5906.up-839c85982253.txt	5906.lswap-2c94cb485ad7.txt	720,17	720,17	T	1212	606	606	14	14	F	F	1234567
5906.up-839c85982253.txt	5906.lswap-2fb529601be6.txt	720,17	720,17	T	816	408	408	0	0	F	F	5264137
5906.up-839c85982253.txt	5906.lswap-3a55a72f70d6.txt	720,17	720,23	T	1188	597	591	14	20	F	R	1234567
5906.up-839c85982253.txt	5906.lswap-3b4f2e286e0c.txt	720,17	720,17	T	732	366	366	0	0	F	F	1234567
5906.up-839c85982253.txt	5906.lswap-3b66fbdbdf53.txt	720,17	720,17	T	720	360	360	0	0	F	F	1234567
5906.up-839c85982253.txt	5906.lswap-3baeeea281f2.txt	720,17	720,17	T	732	366	366	0	0	F	F	1234567
5906.up-839c85982253.txt	5906.lswap-3c791ffa671d.txt	720,17	720,17	T	732	366	366	0	0	F	F	1234567
5906.up-839c85982253.txt	5906.lswap-3d82ae1f2111.txt	720,17	720,17	T	924	462	462	0	0	F	F	1234567
5906.up-839c85982253.txt	5906.lswap-41a210488ac9.txt	720,17	720,17	T	648	324	324	0	0	F	F	1234567
5906.up-839c85982253.txt	5906.lswap-423441640591.txt	720,17	720,17	T	828	414	414	0	0	F	F	1234567
5906.up-839c85982253.txt	5906.lswap-469763027c57.txt	720,17	720,17	T	828	414	414	0	0	F	F	1234567
5906.up-839c85982253.txt	5906.lswap-49fac07a5323.txt	720,17	720,17	T	696	348	348	0	0	F	F	1234567
5906.up-839c85982253.txt	5906.lswap-49fc63d034f2.txt	720,17	720,17	T	648	324	324	0	0	F	F	5264137
5906.up-839c85982253.txt	5906.lswap-4a581202d46c.txt	720,17	720,17	T	1080	540	540	0	0	F	F	1234567
5906.up-839c85982253.txt	5906.lswap-4c179f65aa4b.txt	720,17	720,17	T	684	342	342	0	0	F	F	1234567
5906.up-839c85982253.txt	5906.lswap-5228890279ca.txt	720,17	720,17	T	732	366	366	0	0	F	F	1234567
5906.up-839c85982253.txt	5906.lswap-52e683fb05d3.txt	720,17	720,17	T	648	324	324	0	0	F	F	5264137
5906.up-839c85982253.txt	5906.lswap-52f45c5e8e22.txt	720,17	720,17	T	672	336	336	0	0	F	F	1234567
5906.up-839c85982253.txt	5906.lswap-5764c730eaee.txt	720,17	720,17	T	780	390	390	0	0	F	F	1234567
5906.up-839c85982253.txt	5906.lswap-5808edca979d.txt	720,17	720,17	T	552	276	276	0	0	F	F	5264137
5906.up-839c85982253.txt	5906.lswap-5a55d1641a86.txt	720,17	720,17	T	684	342	342	0	0	F	F	1234567
5906.up-839c85982253.txt	5906.lswap-5a7a973564fd.txt	720,17	720,17	T	768	384	384	0	0	F	F	1234567
5906.up-839c85982253.txt	5906.lswap-5dbb54e50268.txt	720,17	720,17	T	696	348	348	0	0	F	F	5264137
5906.up-839c85982253.txt	5906.lswap-6008b60b1c2c.txt	720,17	720,17	T	1056	528	528	0	0	F	F	1234567
5906.up-839c85982253.txt	5906.lswap-62d959eb4e73.txt	720,17	720,17	T	720	360	360	0	0	F	F	5264137
5906.up-839c85982253.txt	5906.lswap-637b5054102a.txt	720,17	720,21	T	1288	646	642	11	15	F	F	1643527
5906.up-839c85982253.txt	5906.lswap-67fc5c2184ab.txt	720,17	720,23	T	1212	609	603	14	20	F	F	1234567
5906.up-839c85982253.txt	5906.lswap-68a263f18066.txt	720,17	720,17	T	1080	540	540	0	0	F	F	1234567
5906.up-839c85982253.txt	5906.lswap-6bd82af50a4e.txt	720,17	720,17	T	816	408	408	0	0	F	F	1234567
5906.up-839c85982253.txt	5906.lswap-6d0ad177e5ee.txt	720,17	720,17	T	648	324	324	0	0	F	F	1234567
5906.up-839c85982253.txt	5906.lswap-6d7ea156bdcc.txt	720,17	720,17	T	744	372	372	0	0	F	F	1234567
5906.up-839c85982253.txt	5906.lswap-6dc582bac458.txt	720,17	720,22	T	1431	718	713	11	16	F	R	1234567
5906.up-839c85982253.txt	5906.lswap-6f6f375dca74.txt	720,17	720,17	T	684	342	342	0	0	F	F	1234567
5906.up-839c85982253.txt	5906.lswap-7217a0cd3774.txt	720,17	720,17	T	924	462	462	0	0	F	F	1234567
5906.up-839c85982253.txt	5906.lswap-73851215f718.txt	720,17	720,17	T	780	390	390	0	0	F	F	1234567
5906.up-839c85982253.txt	5906.lswap-7602ba885180.txt	720,17	720,17	T	780	390	390	0	0	F	F	1234567
5906.up-839c85982253.txt	5906.lswap-760f8ed53670.txt	720,17	720,22	T	1407	706	701	11	16	F	R	1234567
5906.up-839c85982253.txt	5906.lswap-7bd46049981f.txt	720,17	720,17	T	972	486	486	0	0	F	F	1234567
5906.up-839c85982253.txt	5906.lswap-7f47c6e6eeda.txt	720,17	720,17	T	672	336	336	0	0	F	F	1234567
5906.up-839c85982253.txt	5906.lswap-80e6c24a2613.txt	720,17	720,17	T	624	312	312	0	0	F	F	1234567
5906.up-839c85982253.txt	5906.lswap-821102adfff8.txt	720,17	720,17	T	780	390	390	0	0	F	F	1234567
5906.up-839c85982253.txt	5906.lswap-8ed814577309.txt	720,17	720,17	T	648	324	324	0	0	F	F	1234567
5906.up-839c85982253.txt	5906.lswap-8f58c699a11d.txt	720,17	720,23	T	1236	621	615	14	20	F	F	1462537
5906.up-839c85982253.txt	5906.lswap-945cf8ae5bef.txt	720,17	720,23	T	1224	615	609	14	20	F	R	1234567
5906.up-839c85982253.txt	5906.lswap-964ebce5847f.txt	720,17	720,17	T	816	408	408	0	0	F	F	5264137
5906.up-839c85982253.txt	5906.lswap-9759fb4af500.txt	720,17	720,17	T	576	288	288	0	0	F	F	1234567
5906.up-839c85982253.txt	5906.lswap-9a5cc6a6e3c8.txt	720,17	720,17	T	600	300	300	0	0	F	F	5264137
5906.up-839c85982253.txt	5906.lswap-9bd2a50baa0e.txt	720,17	720,17	T	1008	504	504	0	0	F	F	1234567
5906.up-839c85982253.txt	5906.lswap-9bf7e32c6472.txt	720,17	720,23	T	1212	609	603	14	20	F	F	1234567
5906.up-839c85982253.txt	5906.lswap-9edd04d13626.txt	720,17	720,17	T	1056	528	528	0	0	F	F	1234567
5906.up-839c85982253.txt	5906.lswap-9f3672f6c430.txt	720,17	720,17	T	696	348	348	0	0	F	F	5264137
5906.up-839c85982253.txt	5906.lswap-9f885c2a5e20.txt	720,17	720,23	T	1212	609	603	14	20	F	R	1234567
5906.up-839c85982253.txt	5906.lswap-a28e203d65dc.txt	720,17	720,17	T	732	366	366	0	0	F	F	1234567
5906.up-839c85982253.txt	5906.lswap-a7d2db45842b.txt	720,17	720,17	T	600	300	300	0	0	F	F	1234567
5906.up-839c85982253.txt	5906.lswap-aa52880fc9e0.txt	720,17	720,17	T	684	342	342	0	0	F	F	1234567
5906.up-839c85982253.txt	5906.lswap-aea48ef05d9e.txt	720,17	720,17	T	756	378	378	0	0	F	F	5264137
5906.up-839c85982253.txt	5906.lswap-af54b6f406a6.txt	720,17	720,17	T	696	348	348	0	0	F	F	1234567
5906.up-839c85982253.txt	5906.lswap-afd973e1a915.txt	720,17	720,17	T	576	288	288	0	0	F	F	5264137
5906.up-839c85982253.txt	5906.lswap-b12d38608f09.txt	720,17	720,17	T	696	348	348	0	0	F	F	1234567
5906.up-839c85982253.txt	5906.lswap-b55f23a2f470.txt	720,17	720,17	T	768	384	384	0	0	F	F	1234567
5906.up-839c85982253.txt	5906.lswap-be4759bc731a.txt	720,17	720,17	T	720	360	360	0	0	F	F	1234567
5906.up-839c85982253.txt	5906.lswap-c394b34cb7cc.txt	720,17	720,17	T	1320	660	660	14	14	F	F	1234567
5906.up-839c85982253.txt	5906.lswap-c55c2b0fbb0f.txt	720,17	720,17	T	732	366	366	0	0	F	F	5264137
5906.up-839c85982253.txt	5906.lswap-cae9c3b46793.txt	720,17	720,17	T	732	366	366	0	0	F	F	1234567
5906.up-839c85982253.txt	5906.lswap-cf5ecb0e9ecc.txt	720,17	720,17	T	636	318	318	0	0	F	F	1234567
5906.up-839c85982253.txt	5906.lswap-cf8339eb5ca7.txt	720,17	720,21	T	1432	718	714	11	15	F	F	1643527
5906.up-839c85982253.txt	5906.lswap-d252e4d38aa9.txt	720,17	720,17	T	720	360	360	0	0	F	F	5264137
5906.up-839c85982253.txt	5906.lswap-d515e64b87be.txt	720,17	720,17	T	1032	516	516	0	0	F	F	1234567
5906.up-839c85982253.txt	5906.lswap-db110b7302cf.txt	720,17	720,23	T	1176	591	585	14	20	F	R	1234567
5906.up-839c85982253.txt	5906.lswap-dcc866de4e11.txt	720,17	720,17	T	876	438	438	0	0	F	F	1234567
5906.up-839c85982253.txt	5906.lswap-df71274e07be.txt	720,17	720,17	T	648	324	324	0	0	F	F	1234567
5906.up-839c85982253.txt	5906.lswap-e0920da719d9.txt	720,17	720,17	T	696	348	348	0	0	F	F	1234567
5906.up-839c85982253.txt	5906.lswap-e145b859ca30.txt	720,17	720,17	T	648	324	324	0	0	F	F	5264137
5906.up-839c85982253.txt	5906.lswap-e21e24656b8e.txt	720,17	720,17	T	888	444	444	0	0	F	F	5264137
5906.up-839c85982253.txt	5906.lswap-e2d18fca77cb.txt	720,17	720,17	T	744	372	372	0	0	F	F	5264137
5906.up-839c85982253.txt	5906.lswap-e59a6239aa79.txt	720,17	720,17	T	732	366	366	0	0	F	F	1234567
5906.up-839c85982253.txt	5906.lswap-e73e096376f0.txt	720,17	720,17	T	648	324	324	0	0	F	F	1234567
5906.up-839c85982253.txt	5906.lswap-ebd38bf2c1cd.txt	720,17	720,22	T	1431	718	713	11	16	F	F	1643527
5906.up-839c85982253.txt	5906.lswap-eeb9a73f4b33.txt	720,17	720,17	T	672	336	336	0	0	F	F	5264137
5906.up-839c85982253.txt	5906.lswap-f4c2deec7c96.txt	720,17	720,19	T	1352	677	675	17	19	F	F	1234567
5906.up-839c85982253.txt	5906.lswap-f6dbf9989449.txt	720,17	720,17	T	780	390	390	0	0	F	F	1234567
5906.up-839c85982253.txt	5906.lswap-f8f86258580e.txt	720,17	720,17	T	1032	516	516	0	0	F	F	1234567
5906.up-839c85982253.txt	5906.lswap-fde8e0f0f322.txt	720,17	720,17	T	1320	660	660	14	14	F	F	1234567
5906.up-839c85982253.txt	5906.rbnd-0dad091b8ac4.txt	720,17	720,18	T	1007	504	503	0	1	F	R	5264137
5906.up-839c85982253.txt	5906.rbnd-2641d60c9d5c.txt	720,17	720,18	T	1007	504	503	0	1	F	F	1234567
5906.up-839c85982253.txt	5906.rbnd-c44d48fbd52c.txt	720,17	720,18	T	1055	528	527	0	1	F	R	5264317
5906.up-839c85982253.txt	5906.rbnd-e9623244f6b1.txt	720,17	720,18	T	863	432	431	0	1	F	R	5264317
5906.up-839c85982253.txt	5906.up-02d771908307.txt	720,17	720,17	T	1056	528	528	0	0	F	F	1234567
5906.up-839c85982253.txt	5906.up-0a065898a821.txt	720,17	720,23	T	1248	627	621	14	20	F	F	1234567
5906.up-839c85982253.txt	5906.up-0d2e98183c29.txt	720,17	720,17	T	624	312	312	0	0	F	F	1234567
5906.up-839c85982253.txt	5906.up-0db50fc7743c.txt	720,17	720,17	T	576	288	288	0	0	F	F	1234567
5906.up-839c85982253.txt	5906.up-1206598d1ff0.txt	720,17	720,21	T	1420	712	708	11	15	F	F	1234567
5906.up-839c85982253.txt	5906.up-14e2c7b29aae.txt	720,17	720,17	T	672	336	336	0	0	F	F	1234567
5906.up-839c85982253.txt	5906.up-168d62e1a9d1.txt	720,17	720,17	T	768	384	384	0	0	F	F	1234567
5906.up-839c85982253.txt	5906.up-16ca46d2c5a9.txt	720,17	720,17	T	672	336	336	0	0	F	F	1234567
5906.up-839c85982253.txt	5906.up-1b0920685429.txt	720,17	720,17	B	1344	672	672	14	14	F	F	1234567
5906.up-839c85982253.txt	5906.up-1b8244ba04bb.txt	720,17	720,23	B	1406	706	700	14	20	F	F	1234567
5906.up-839c85982253.txt	5906.up-1bced7f87a93.txt	720,17	720,17	T	1104	552	552	0	0	F	F	1234567
5906.up-839c85982253.txt	5906.up-1e6ba5f50479.txt	720,17	720,17	B	1176	588	588	0	0	F	F	1234567
5906.up-839c85982253.txt	5906.up-207dc5352d35.txt	720,17	720,17	T	840	420	420	0	0	F	F	1234567
5906.up-839c85982253.txt	5906.up-23ca8a9bcc81.txt	720,17	720,17	T	792	396	396	0	0	F	F	1234567
5906.up-839c85982253.txt	5906.up-2cb6c1139592.txt	720,17	720,17	T	696	348	348	0	0	F	F	1234567
5906.up-839c85982253.txt	5906.up-331228e22360.txt	720,17	720,19	T	1388	695	693	17	19	F	F	1234567
5906.up-839c85982253.txt	5906.up-331e3f0f91ee.txt	720,17	720,17	T	768	384	384	0	0	F	F	1234567
5906.up-839c85982253.txt	5906.up-377da0a3c300.txt	720,17	720,23	T	1260	633	627	14	20	F	F	1234567
5906.up-839c85982253.txt	5906.up-37ac2db82134.txt	720,17	720,17	T	912	456	456	0	0	F	F	1234567
5906.up-839c85982253.txt	5906.up-3ba99c5557bb.txt	720,17	720,17	B	864	432	432	0	0	F	F	1234567
5906.up-839c85982253.txt	5906.up-3de4f10d5095.txt	720,17	720,17	T	696	348	348	0	0	F	F	1234567
5906.up-839c85982253.txt	5906.up-3ffb4355518f.txt	720,17	720,17	T	1200	600	600	14	14	F	F	1234567
5906.up-839c85982253.txt	5906.up-454308027985.txt	720,17	720,17	T	1056	528	528	0	0	F	F	1234567
5906.up-839c85982253.txt	5906.up-4c3eef44600b.txt	720,17	720,17	B	1272	636	636	0	0	F	F	1234567
5906.up-839c85982253.txt	5906.up-53b55626d912.txt	720,17	720,17	T	672	336	336	0	0	F	F	1234567
5906.up-839c85982253.txt	5906.up-55058cab6cba.txt	720,17	720,17	T	1332	666	666	14	14	F	F	1234567
5906.up-839c85982253.txt	5906.up-56126e7237c3.txt	720,17	720,21	T	1432	718	714	11	15	F	F	1234567
5906.up-839c85982253.txt	5906.up-590fe2cb2c21.txt	720,17	720,21	T	1324	664	660	11	15	F	F	1234567
5906.up-839c85982253.txt	5906.up-5ce87c54ecea.txt	720,17	720,17	T	744	372	372	0	0	F	F	1234567
5906.up-839c85982253.txt	5906.up-63a938be8d73.txt	720,17	720,17	T	1320	660	660	14	14	F	F	1234567
5906.up-839c85982253.txt	5906.up-6572648567f1.txt	720,17	720,17	B	1212	606	606	14	14	F	F	1234567
5906.up-839c85982253.txt	5906.up-6597315411ea.txt	720,17	720,23	T	1224	615	609	14	20	F	F	1234567
5906.up-839c85982253.txt	5906.up-6773ff05a318.txt	720,17	720,17	T	624	312	312	0	0	F	F	1234567
5906.up-839c85982253.txt	5906.up-6a142cb8e27d.txt	720,17	720,21	T	1420	712	708	11	15	F	F	1234567
5906.up-839c85982253.txt	5906.up-6a8f7756517b.txt	720,17	720,17	B	696	348	348	0	0	F	F	1234567
5906.up-839c85982253.txt	5906.up-6f42b3603dac.txt	720,17	720,21	T	1276	640	636	11	15	F	F	1234567
5906.up-839c85982253.txt	5906.up-72482a71c81e.txt	720,17	720,23	T	1224	615	609	14	20	F	F	1234567
5906.up-839c85982253.txt	5906.up-756ff2ed09bd.txt	720,17	720,17	T	1056	528	528	0	0	F	F	1234567
5906.up-839c85982253.txt	5906.up-77512ee88848.txt	720,17	720,17	T	528	264	264	0	0	F	F	1234567
5906.up-839c85982253.txt	5906.up-7824c044436e.txt	720,17	720,17	B	648	324	324	0	0	F	F	1234567
5906.up-839c85982253.txt	5906.up-78d638be95ae.txt	720,17	720,17	T	768	384	384	0	0	F	F	1234567
5906.up-839c85982253.txt	5906.up-7c111e182316.txt	720,17	720,17	T	768	384	384	0	0	F	F	1234567
5906.up-839c85982253.txt	5906.up-7f9a93193f10.txt	720,17	720,21	T	1324	664	660	11	15	F	F	1234567
5906.up-839c85982253.txt	5906.up-890b6674bd25.txt	720,17	720,25	T	1264	636	628	15	23	F	F	1234567
5906.up-839c85982253.txt	5906.up-8b8c8916a24a.txt	720,17	720,19	T	1436	719	717	17	19	F	F	1234567
5906.up-839c85982253.txt	5906.up-8ec03171f5df.txt	720,17	720,17	T	624	312	312	0	0	F	F	1234567
5906.up-839c85982253.txt	5906.up-91a0d3cd2c14.txt	720,17	720,17	T	696	348	348	0	0	F	F	1234567
5906.up-839c85982253.txt	5906.up-956f3f1864b5.txt	720,17	720,17	T	1236	618	618	14	14	F	F	1234567
5906.up-839c85982253.txt	5906.up-95ffff5c765c.txt	720,17	720,17	T	744	372	372	0	0	F	F	1234567
5906.up-839c85982253.txt	5906.up-9a915a83c416.txt	720,17	720,17	T	1104	552	552	0	0	F	F	1234567
5906.up-839c85982253.txt	5906.up-a001786e5861.txt	720,17	720,17	T	936	468	468	0	0	F	F	1234567
5906.up-839c85982253.txt	5906.up-a00b3e52965d.txt	720,17	720,17	T	720	360	360	0	0	F	F	1234567
5906.up-839c85982253.txt	5906.up-a233fdf94b8d.txt	720,17	720,17	T	1008	504	504	0	0	F	F	1234567
5906.up-839c85982253.txt	5906.up-a235b0e09b6c.txt	720,17	720,17	T	768	384	384	0	0	F	F	1234567
5906.up-839c85982253.txt	5906.up-a30c7c517d7b.txt	720,17	720,17	T	1284	642	642	14	14	F	F	1234567
5906.up-839c85982253.txt	5906.up-a838f31a7b4f.txt	720,17	720,17	T	600	300	300	0	0	F	F	1234567
5906.up-839c85982253.txt	5906.up-abe33e328763.txt	720,17	720,17	T	744	372	372	0	0	F	F	1234567
5906.up-839c85982253.txt	5906.up-aed220b1ebc4.txt	720,17	720,17	T	864	432	432	0	0	F	F	1234567
5906.up-839c85982253.txt	5906.up-b2d6bec1e3bd.txt	720,17	720,17	T	696	348	348	0	0	F	F	1234567
5906.up-839c85982253.txt	5906.up-bd458e7fc19e.txt	720,17	720,21	T	1468	736	732	11	15	F	F	1234567
5906.up-839c85982253.txt	5906.up-c2286e4674af.txt	720,17	720,17	B	960	480	480	0	0	F	F	1234567
5906.up-839c85982253.txt	5906.up-c3afee7ed153.txt	720,17	720,23	T	1236	621	615	14	20	F	F	1234567
5906.up-839c85982253.txt	5906.up-c63a66adbc60.txt	720,17	720,23	T	1212	609	603	14	20	F	F	1234567
5906.up-839c85982253.txt	5906.up-cad80abdf334.txt	720,17	720,17	T	696	348	348	0	0	F	F	1234567
5906.up-839c85982253.txt	5906.up-d0b9281ca469.txt	720,17	720,25	T	1252	630	622	15	23	F	F	1234567
5906.up-839c85982253.txt	5906.up-d1489855deef.txt	720,17	720,23	T	1200	603	597	14	20	F	F	1234567
5906.up-839c85982253.txt	5906.up-d2559533f431.txt	720,17	720,17	T	720	360	360	0	0	F	F	1234567
5906.up-839c85982253.txt	5906.up-d8c6ba46400e.txt	720,17	720,17	T	1320	660	660	14	14	F	F	1234567
5906.up-839c85982253.txt	5906.up-d9a28c2d8195.txt	720,17	720,18	T	1283	642	641	14	15	F	F	1234567
5906.up-839c85982253.txt	5906.up-da93a66cd37b.txt	720,17	720,17	B	912	456	456	0	0	F	F	1234567
5906.up-839c85982253.txt	5906.up-dab493384582.txt	720,17	720,17	T	864	432	432	0	0	F	F	1234567
5906.up-839c85982253.txt	5906.up-dcd1e20d40f8.txt	720,17	720,17	B	1080	540	540	0	0	F	F	1234567
5906.up-839c85982253.txt	5906.up-df8c9033249e.txt	720,17	720,21	T	1452	728	724	11	15	F	F	1234567
5906.up-839c85982253.txt	5906.up-e132c7a7c340.txt	720,17	720,17	T	1008	504	504	0	0	F	F	1234567
5906.up-839c85982253.txt	5906.up-e1680a9d0e30.txt	720,17	720,17	T	1008	504	504	0	0	F	F	1234567
5906.up-839c85982253.txt	5906.up-e65e244c83d3.txt	720,17	720,17	T	672	336	336	0	0	F	F	1234567
5906.up-839c85982253.txt	5906.up-e8da0f18269f.txt	720,17	720,17	T	720	360	360	0	0	F	F	1234567
5906.up-839c85982253.txt	5906.up-e948752d6a32.txt	720,17	720,17	T	864	432	432	0	0	F	F	1234567
5906.up-839c85982253.txt	5906.up-e94d2b57a7d4.txt	720,17	720,17	T	768	384	384	0	0	F	F	1234567
5906.up-839c85982253.txt	5906.up-eebb02e3baec.txt	720,17	720,17	T	792	396	396	0	0	F	F	1234567
5906.up-839c85982253.txt	5906.up-f0a3bb335ed9.txt	720,17	720,17	T	1308	654	654	14	14	F	F	1234567
5906.up-839c85982253.txt	5906.up-f2c7804be474.txt	720,17	720,23	T	1236	621	615	14	20	F	F	1234567
5906.up-839c85982253.txt	5906.up-f8d1e70c6a52.txt	720,17	720,21	T	1324	664	660	11	15	F	F	1234567
5906.up-c2286e4674af.txt	5906.i4a-29c55ed5fbf6.txt	720,17	720,22	T	1307	656	651	11	16	F	F	1234567
5906.up-c2286e4674af.txt	5906.i4a-50d865ca7907.txt	720,17	720,26	T	1149	579	570	15	24	F	F	1234567
5906.up-c2286e4674af.txt	5906.i4a-66637a3b8941.txt	720,17	720,22	T	1295	650	645	11	16	F	F	1234567
5906.up-c2286e4674af.txt	5906.i4a-6a77e138ea8e.txt	720,17	720,22	T	1259	632	627	11	16	F	F	1234567
5906.up-c2286e4674af.txt	5906.i4a-7f46c8149026.txt	720,17	720,22	T	1283	644	639	11	16	F	F	1234567
5906.up-c2286e4674af.txt	5906.i4a-b99b1d60f13e.txt	720,17	720,26	T	1149	579	570	15	24	F	F	1234567
5906.up-c2286e4674af.txt	5906.i4a-c1080e26f60c.txt	720,17	720,22	T	1223	614	609	11	16	F	F	1234567
5906.up-c2286e4674af.txt	5906.i4a-e0f3de4ca026.txt	720,17	720,22	T	1315	660	655	11	16	F	F	1234567
5906.up-c2286e4674af.txt	5906.lswap-025c4805fc39.txt	720,17	720,17	T	1092	546	546	0	0	F	F	5264137
5906.up-c2286e4674af.txt	5906.lswap-031568aa1b5c.txt	720,17	720,17	T	1044	522	522	0	0	F	F	1234567
5906.up-c2286e4674af.txt	5906.lswap-06f4ba2c8122.txt	720,17	720,23	T	1152	579	573	14	20	F	F	1234567
5906.up-c2286e4674af.txt	5906.lswap-09c105553d61.txt	720,17	720,23	T	1212	609	603	14	20	F	F	1234567
5906.up-c2286e4674af.txt	5906.lswap-0d13fc4a8a4a.txt	720,17	720,21	T	1272	638	634	11	15	F	F	1643527
5906.up-c2286e4674af.txt	5906.lswap-0de54c0a7bb6.txt	720,17	720,17	T	876	438	438	0	0	F	F	5264137
5906.up-c2286e4674af.txt	5906.lswap-10f62906b166.txt	720,17	720,23	T	1188	597	591	14	20	F	R	1234567
5906.up-c2286e4674af.txt	5906.lswap-17203113788c.txt	720,17	720,17	T	936	468	468	0	0	F	F	1234567
5906.up-c2286e4674af.txt	5906.lswap-17946ea8ba63.txt	720,17	720,17	T	924	462	462	0	0	F	F	1234567
5906.up-c2286e4674af.txt	5906.lswap-1e70957354f1.txt	720,17	720,17	T	876	438	438	0	0	F	F	5264137
5906.up-c2286e4674af.txt	5906.lswap-1f8e06e3e616.txt	720,17	720,22	T	1271	638	633	11	16	F	F	1643527
5906.up-c2286e4674af.txt	5906.lswap-20db05a5b51e.txt	720,17	720,17	T	972	486	486	0	0	F	F	1234567
5906.up-c2286e4674af.txt	5906.lswap-23548cda0ace.txt	720,17	720,23	T	1176	591	585	14	20	F	R	1234567
5906.up-c2286e4674af.txt	5906.lswap-2497c9291398.txt	720,17	720,17	T	1008	504	504	0	0	F	F	1234567
5906.up-c2286e4674af.txt	5906.lswap-25804d565b10.txt	720,17	720,17	T	984	492	492	0	0	F	F	1234567
5906.up-c2286e4674af.txt	5906.lswap-25cebe1ff658.txt	720,17	720,17	T	1068	534	534	0	0	F	F	5264137
5906.up-c2286e4674af.txt	5906.lswap-28b97fbb68d1.txt	720,17	720,23	T	1236	621	615	14	20	F	F	1462537
5906.up-c2286e4674af.txt	5906.lswap-29ee6f7c1197.txt	720,17	720,17	T	1056	528	528	0	0	F	F	5264137
5906.up-c2286e4674af.txt	5906.lswap-2ae54d2fd96c.txt	720,17	720,17	T	1056	528	528	0	0	F	F	1234567
5906.up-c2286e4674af.txt	5906.lswap-2c94cb485ad7.txt	720,17	720,17	T	1228	614	614	14	14	F	F	1234567
5906.up-c2286e4674af.txt	5906.lswap-2fb529601be6.txt	720,17	720,17	T	900	450	450	0	0	F	F	5264137
5906.up-c2286e4674af.txt	5906.lswap-3a55a72f70d6.txt	720,17	720,23	T	1176	591	585	14	20	F	F	1462537
5906.up-c2286e4674af.txt	5906.lswap-3b4f2e286e0c.txt	720,17	720,17	T	924	462	462	0	0	F	F	1234567
5906.up-c2286e4674af.txt	5906.lswap-3b66fbdbdf53.txt	720,17	720,17	T	1068	534	534	0	0	F	F	1234567
5906.up-c2286e4674af.txt	5906.lswap-3baeeea281f2.txt	720,17	720,17	T	924	462	462	0	0	F	F	1234567
5906.up-c2286e4674af.txt	5906.lswap-3c791ffa671d.txt	720,17	720,17	T	876	438	438	0	0	F	F	1234567
5906.up-c2286e4674af.txt	5906.lswap-3d82ae1f2111.txt	720,17	720,17	T	1056	528	528	0	0	F	F	1234567
5906.up-c2286e4674af.txt	5906.lswap-41a210488ac9.txt	720,17	720,17	T	900	450	450	0	0	F	F	1234567
5906.up-c2286e4674af.txt	5906.lswap-423441640591.txt	720,17	720,17	T	900	450	450	0	0	F	F	1234567
5906.up-c2286e4674af.txt	5906.lswap-469763027c57.txt	720,17	720,17	T	900	450	450	0	0	F	F	1234567
5906.up-c2286e4674af.txt	5906.lswap-49fac07a5323.txt	720,17	720,17	T	1032	516	516	0	0	F	F	1234567
5906.up-c2286e4674af.txt	5906.lswap-49fc63d034f2.txt	720,17	720,17	T	948	474	474	0	0	F	F	5264137
5906.up-c2286e4674af.txt	5906.lswap-4a581202d46c.txt	720,17	720,17	T	936	468	468	0	0	F	F	1234567
5906.up-c2286e4674af.txt	5906.lswap-4c179f65aa4b.txt	720,17	720,17	T	960	480	480	0	0	F	F	1234567
5906.up-c2286e4674af.txt	5906.lswap-5228890279ca.txt	720,17	720,17	T	924	462	462	0	0	F	F	1234567
5906.up-c2286e4674af.txt	5906.lswap-52e683fb05d3.txt	720,17	720,17	T	972	486	486	0	0	F	F	5264137
5906.up-c2286e4674af.txt	5906.lswap-52f45c5e8e22.txt	720,17	720,17	T	996	498	498	0	0	F	F	1234567
5906.up-c2286e4674af.txt	5906.lswap-5764c730eaee.txt	720,17	720,17	T	936	468	468	0	0	F	F	1234567
5906.up-c2286e4674af.txt	5906.lswap-5808edca979d.txt	720,17	720,17	T	1044	522	522	0	0	F	F	5264137
5906.up-c2286e4674af.txt	5906.lswap-5a55d1641a86.txt	720,17	720,17	T	912	456	456	0	0	F	F	1234567
5906.up-c2286e4674af.txt	5906.lswap-5a7a973564fd.txt	720,17	720,17	T	936	468	468	0	0	F	F	1234567
5906.up-c2286e4674af.txt	5906.lswap-5dbb54e50268.txt	720,17	720,17	T	984	492	492	0	0	F	F	5264137
5906.up-c2286e4674af.txt	5906.lswap-6008b60b1c2c.txt	720,17	720,17	T	924	462	462	0	0	F	F	1234567
5906.up-c2286e4674af.txt	5906.lswap-62d959eb4e73.txt	720,17	720,17	T	1020	510	510	0	0	F	F	5264137
5906.up-c2286e4674af.txt	5906.lswap-637b5054102a.txt	720,17	720,21	T	1236	620	616	11	15	F	F	1643527
5906.up-c2286e4674af.txt	5906.lswap-67fc5c2184ab.txt	720,17	720,23	T	1188	597	591	14	20	F	F	1234567
5906.up-c2286e4674af.txt	5906.lswap-68a263f18066.txt	720,17	720,17	T	948	474	474	0	0	F	F	1234567
5906.up-c2286e4674af.txt	5906.lswap-6bd82af50a4e.txt	720,17	720,17	T	948	474	474	0	0	F	F	1234567
5906.up-c2286e4674af.txt	5906.lswap-6d0ad177e5ee.txt	720,17	720,17	T	1020	510	510	0	0	F	F	1234567
5906.up-c2286e4674af.txt	5906.lswap-6d7ea156bdcc.txt	720,17	720,17	T	924	462	462	0	0	F	F	1234567
5906.up-c2286e4674af.txt	5906.lswap-6dc582bac458.txt	720,17	720,22	T	1259	632	627	11	16	F	R	1234567
5906.up-c2286e4674af.txt	5906.lswap-6f6f375dca74.txt	720,17	720,17	T	912	456	456	0	0	F	F	1234567
5906.up-c2286e4674af.txt	5906.lswap-7217a0cd3774.txt	720,17	720,17	T	1056	528	528	0	0	F	F	1234567
5906.up-c2286e4674af.txt	5906.lswap-73851215f718.txt	720,17	720,17	T	888	444	444	0	0	F	F	1234567
5906.up-c2286e4674af.txt	5906.lswap-7602ba885180.txt	720,17	720,17	T	888	444	444	0	0	F	F	1234567
5906.up-c2286e4674af.txt	5906.lswap-760f8ed53670.txt	720,17	720,22	T	1271	638	633	11	16	F	R	1234567
5906.up-c2286e4674af.txt	5906.lswap-7bd46049981f.txt	720,17	720,17	T	1068	534	534	0	0	F	F	1234567
5906.up-c2286e4674af.txt	5906.lswap-7f47c6e6eeda.txt	720,17	720,17	T	1056	528	528	0	0	F	F	1234567
5906.up-c2286e4674af.txt	5906.lswap-80e6c24a2613.txt	720,17	720,17	T	984	492	492	0	0	F	F	1234567
5906.up-c2286e4674af.txt	5906.lswap-821102adfff8.txt	720,17	720,17	T	888	444	444	0	0	F	F	1234567
5906.up-c2286e4674af.txt	5906.lswap-8ed814577309.txt	720,17	720,17	T	1020	510	510	0	0	F	F	1234567
5906.up-c2286e4674af.txt	5906.lswap-8f58c699a11d.txt	720,17	720,23	T	1152	579	573	14	20	F	R	1234567
5906.up-c2286e4674af.txt	5906.lswap-945cf8ae5bef.txt	720,17	720,23	T	1200	603	597	14	20	F	F	1462537
5906.up-c2286e4674af.txt	5906.lswap-964ebce5847f.txt	720,17	720,17	T	900	450	450	0	0	F	F	5264137
5906.up-c2286e4674af.txt	5906.lswap-9759fb4af500.txt	720,17	720,17	T	972	486	486	0	0	F	F	1234567
5906.up-c2286e4674af.txt	5906.lswap-9a5cc6a6e3c8.txt	720,17	720,17	T	1056	528	528	0	0	F	F	5264137
5906.up-c2286e4674af.txt	5906.lswap-9bd2a50baa0e.txt	720,17	720,17	T	1056	528	528	0	0	F	F	1234567
5906.up-c2286e4674af.txt	5906.lswap-9bf7e32c6472.txt	720,17	720,23	T	1176	591	585	14	20	F	F	1234567
5906.up-c2286e4674af.txt	5906.lswap-9edd04d13626.txt	720,17	720,17	T	1116	558	558	0	0	F	F	1234567
5906.up-c2286e4674af.txt	5906.lswap-9f3672f6c430.txt	720,17	720,17	T	984	492	492	0	0	F	F	5264137
5906.up-c2286e4674af.txt	5906.lswap-9f885c2a5e20.txt	720,17	720,23	T	1140	573	567	14	20	F	F	1462537
5906.up-c2286e4674af.txt	5906.lswap-a28e203d65dc.txt	720,17	720,17	T	924	462	462	0	0	F	F	1234567
5906.up-c2286e4674af.txt	5906.lswap-a7d2db45842b.txt	720,17	720,17	T	1008	504	504	0	0	F	F	1234567
5906.up-c2286e4674af.txt	5906.lswap-aa52880fc9e0.txt	720,17	720,17	T	960	480	480	0	0	F	F	1234567
5906.up-c2286e4674af.txt	5906.lswap-aea48ef05d9e.txt	720,17	720,17	T	900	450	450	0	0	F	F	5264137
5906.up-c2286e4674af.txt	5906.lswap-af54b6f406a6.txt	720,17	720,17	T	1032	516	516	0	0	F	F	1234567
5906.up-c2286e4674af.txt	5906.lswap-afd973e1a915.txt	720,17	720,17	T	1020	510	510	0	0	F	F	5264137
5906.up-c2286e4674af.txt	5906.lswap-b12d38608f09.txt	720,17	720,17	T	912	456	456	0	0	F	F	1234567
5906.up-c2286e4674af.txt	5906.lswap-b55f23a2f470.txt	720,17	720,17	T	936	468	468	0	0	F	F	1234567
5906.up-c2286e4674af.txt	5906.lswap-be4759bc731a.txt	720,17	720,17	T	924	462	462	0	0	F	F	1234567
5906.up-c2286e4674af.txt	5906.lswap-c394b34cb7cc.txt	720,17	720,17	T	1240	620	620	14	14	F	F	1234567
5906.up-c2286e4674af.txt	5906.lswap-c55c2b0fbb0f.txt	720,17	720,17	T	696	348	348	0	0	F	F	5264137
5906.up-c2286e4674af.txt	5906.lswap-cae9c3b46793.txt	720,17	720,17	T	876	438	438	0	0	F	F	1234567
5906.up-c2286e4674af.txt	5906.lswap-cf5ecb0e9ecc.txt	720,17	720,17	T	948	474	474	0	0	F	F	1234567
5906.up-c2286e4674af.txt	5906.lswap-cf8339eb5ca7.txt	720,17	720,21	T	1260	632	628	11	15	F	F	1643527
5906.up-c2286e4674af.txt	5906.lswap-d252e4d38aa9.txt	720,17	720,17	T	972	486	486	0	0	F	F	5264137
5906.up-c2286e4674af.txt	5906.lswap-d515e64b87be.txt	720,17	720,17	T	912	456	456	0	0	F	F	1234567
5906.up-c2286e4674af.txt	5906.lswap-db110b7302cf.txt	720,17	720,23	T	1212	609	603	14	20	F	R	1234567
5906.up-c2286e4674af.txt	5906.lswap-dcc866de4e11.txt	720,17	720,17	T	1044	522	522	0	0	F	F	1234567
5906.up-c2286e4674af.txt	5906.lswap-df71274e07be.txt	720,17	720,17	T	1020	510	510	0	0	F	F	1234567
5906.up-c2286e4674af.txt	5906.lswap-e0920da719d9.txt	720,17	720,17	T	912	456	456	0	0	F	F	1234567
5906.up-c2286e4674af.txt	5906.lswap-e145b859ca30.txt	720,17	720,17	T	1068	534	534	0	0	F	F	5264137
5906.up-c2286e4674af.txt	5906.lswap-e21e24656b8e.txt	720,17	720,17	T	1044	522	522	0	0	F	F	5264137
5906.up-c2286e4674af.txt	5906.lswap-e2d18fca77cb.txt	720,17	720,17	T	996	498	498	0	0	F	F	5264137
5906.up-c2286e4674af.txt	5906.lswap-e59a6239aa79.txt	720,17	720,17	T	972	486	486	0	0	F	F	1234567
5906.up-c2286e4674af.txt	5906.lswap-e73e096376f0.txt	720,17	720,17	T	1020	510	510	0	0	F	F	1234567
5906.up-c2286e4674af.txt	5906.lswap-ebd38bf2c1cd.txt	720,17	720,22	T	1259	632	627	11	16	F	F	1643527
5906.up-c2286e4674af.txt	5906.lswap-eeb9a73f4b33.txt	720,17	720,17	T	948	474	474	0	0	F	F	5264137
5906.up-c2286e4674af.txt	5906.lswap-f4c2deec7c96.txt	720,17	720,19	T	1354	678	676	17	19	F	F	1234567
5906.up-c2286e4674af.txt	5906.lswap-f6dbf9989449.txt	720,17	720,17	T	888	444	444	0	0	F	F	1234567
5906.up-c2286e4674af.txt	5906.lswap-f8f86258580e.txt	720,17	720,17	T	900	450	450	0	0	F	F	1234567
5906.up-c2286e4674af.txt	5906.lswap-fde8e0f0f322.txt	720,17	720,17	T	1216	608	608	14	14	F	F	1234567
5906.up-c2286e4674af.txt	5906.rbnd-0dad091b8ac4.txt	720,17	720,18	T	1057	529	528	0	1	F	R	5264137
5906.up-c2286e4674af.txt	5906.rbnd-2641d60c9d5c.txt	720,17	720,18	T	1057	529	528	0	1	F	F	1234567
5906.up-c2286e4674af.txt	5906.rbnd-c44d48fbd52c.txt	720,17	720,18	T	1081	541	540	0	1	F	R	5264317
5906.up-c2286e4674af.txt	5906.rbnd-e9623244f6b1.txt	720,17	720,18	T	889	445	444	0	1	F	R	5264317
5906.up-c2286e4674af.txt	5906.up-02d771908307.txt	720,17	720,17	T	936	468	468	0	0	F	F	1234567
5906.up-c2286e4674af.txt	5906.up-0a065898a821.txt	720,17	720,23	T	1140	573	567	14	20	F	F	1234567
5906.up-c2286e4674af.txt	5906.up-0d2e98183c29.txt	720,17	720,17	T	936	468	468	0	0	F	F	1234567
5906.up-c2286e4674af.txt	5906.up-0db50fc7743c.txt	720,17	720,17	T	1080	540	540	0	0	F	F	1234567
5906.up-c2286e4674af.txt	5906.up-1206598d1ff0.txt	720,17	720,21	T	1296	650	646	11	15	F	F	1234567
5906.up-c2286e4674af.txt	5906.up-14e2c7b29aae.txt	720,17	720,17	T	960	480	480	0	0	F	F	1234567
5906.up-c2286e4674af.txt	5906.up-168d62e1a9d1.txt	720,17	720,17	T	888	444	444	0	0	F	F	1234567
5906.up-c2286e4674af.txt	5906.up-16ca46d2c5a9.txt	720,17	720,17	T	1008	504	504	0	0	F	F	1234567
5906.up-c2286e4674af.txt	5906.up-1b0920685429.txt	720,17	720,17	B	1264	632	632	14	14	F	F	1234567
5906.up-c2286e4674af.txt	5906.up-1b8244ba04bb.txt	720,17	720,23	B	1300	653	647	14	20	F	F	1234567
5906.up-c2286e4674af.txt	5906.up-1bced7f87a93.txt	720,17	720,17	T	1152	576	576	0	0	F	F	1234567
5906.up-c2286e4674af.txt	5906.up-1e6ba5f50479.txt	720,17	720,17	B	1104	552	552	0	0	F	F	1234567
5906.up-c2286e4674af.txt	5906.up-207dc5352d35.txt	720,17	720,17	T	1032	516	516	0	0	F	F	1234567
5906.up-c2286e4674af.txt	5906.up-23ca8a9bcc81.txt	720,17	720,17	T	888	444	444	0	0	F	F	1234567
5906.up-c2286e4674af.txt	5906.up-2cb6c1139592.txt	720,17	720,17	T	864	432	432	0	0	F	F	1234567
5906.up-c2286e4674af.txt	5906.up-331228e22360.txt	720,17	720,19	T	1378	690	688	17	19	F	F	1234567
5906.up-c2286e4674af.txt	5906.up-331e3f0f91ee.txt	720,17	720,17	T	1032	516	516	0	0	F	F	1234567
5906.up-c2286e4674af.txt	5906.up-377da0a3c300.txt	720,17	720,23	T	1200	603	597	14	20	F	F	1234567
5906.up-c2286e4674af.txt	5906.up-37ac2db82134.txt	720,17	720,17	T	1056	528	528	0	0	F	F	1234567
5906.up-c2286e4674af.txt	5906.up-3ba99c5557bb.txt	720,17	720,17	B	936	468	468	0	0	F	F	1234567
5906.up-c2286e4674af.txt	5906.up-3de4f10d5095.txt	720,17	720,17	T	864	432	432	0	0	F	F	1234567
5906.up-c2286e4674af.txt	5906.up-3ffb4355518f.txt	720,17	720,17	T	1228	614	614	14	14	F	F	1234567
5906.up-c2286e4674af.txt	5906.up-454308027985.txt	720,17	720,17	T	912	456	456	0	0	F	F	1234567
5906.up-c2286e4674af.txt	5906.up-4c3eef44600b.txt	720,17	720,17	B	960	480	480	0	0	F	F	1234567
5906.up-c2286e4674af.txt	5906.up-53b55626d912.txt	720,17	720,17	T	1104	552	552	0	0	F	F	1234567
5906.up-c2286e4674af.txt	5906.up-55058cab6cba.txt	720,17	720,17	T	1228	614	614	14	14	F	F	1234567
5906.up-c2286e4674af.txt	5906.up-56126e7237c3.txt	720,17	720,21	T	1224	614	610	11	15	F	F	1234567
5906.up-c2286e4674af.txt	5906.up-590fe2cb2c21.txt	720,17	720,21	T	1260	632	628	11	15	F	F	1234567
5906.up-c2286e4674af.txt	5906.up-5ce87c54ecea.txt	720,17	720,17	T	648	324	324	0	0	F	F	1234567
5906.up-c2286e4674af.txt	5906.up-63a938be8d73.txt	720,17	720,17	T	1240	620	620	14	14	F	F	1234567
5906.up-c2286e4674af.txt	5906.up-6572648567f1.txt	720,17	720,17	B	1144	572	572	14	14	F	F	1234567
5906.up-c2286e4674af.txt	5906.up-6597315411ea.txt	720,17	720,23	T	1176	591	585	14	20	F	F	1234567
5906.up-c2286e4674af.txt	5906.up-6773ff05a318.txt	720,17	720,17	T	840	420	420	0	0	F	F	1234567
5906.up-c2286e4674af.txt	5906.up-6a142cb8e27d.txt	720,17	720,21	T	1284	644	640	11	15	F	F	1234567
5906.up-c2286e4674af.txt	5906.up-6a8f7756517b.txt	720,17	720,17	B	600	300	300	0	0	F	F	1234567
5906.up-c2286e4674af.txt	5906.up-6f42b3603dac.txt	720,17	720,21	T	1248	626	622	11	15	F	F	1234567
5906.up-c2286e4674af.txt	5906.up-72482a71c81e.txt	720,17	720,23	T	1164	585	579	14	20	F	F	1234567
5906.up-c2286e4674af.txt	5906.up-756ff2ed09bd.txt	720,17	720,17	T	1080	540	540	0	0	F	F	1234567
5906.up-c2286e4674af.txt	5906.up-77512ee88848.txt	720,17	720,17	T	1008	504	504	0	0	F	F	1234567
5906.up-c2286e4674af.txt	5906.up-7824c044436e.txt	720,17	720,17	B	864	432	432	0	0	F	F	1234567
5906.up-c2286e4674af.txt	5906.up-78d638be95ae.txt	720,17	720,17	T	1008	504	504	0	0	F	F	1234567
5906.up-c2286e4674af.txt	5906.up-7c111e182316.txt	720,17	720,17	T	888	444	444	0	0	F	F	1234567
5906.up-c2286e4674af.txt	5906.up-7f9a93193f10.txt	720,17	720,21	T	1248	626	622	11	15	F	F	1234567
5906.up-c2286e4674af.txt	5906.up-839c85982253.txt	720,17	720,17	B	960	480	480	0	0	F	F	1234567
5906.up-c2286e4674af.txt	5906.up-890b6674bd25.txt	720,17	720,25	T	1148	578	570	15	23	F	F	1234567
5906.up-c2286e4674af.txt	5906.up-8b8c8916a24a.txt	720,17	720,19	T	1366	684	682	17	19	F	F	1234567
5906.up-c2286e4674af.txt	5906.up-8ec03171f5df.txt	720,17	720,17	T	1032	516	516	0	0	F	F	1234567
5906.up-c2286e4674af.txt	5906.up-91a0d3cd2c14.txt	720,17	720,17	T	960	480	480	0	0	F	F	1234567
5906.up-c2286e4674af.txt	5906.up-956f3f1864b5.txt	720,17	720,17	T	1228	614	614	14	14	F	F	1234567
5906.up-c2286e4674af.txt	5906.up-95ffff5c765c.txt	720,17	720,17	T	864	432	432	0	0	F	F	1234567
5906.up-c2286e4674af.txt	5906.up-9a915a83c416.txt	720,17	720,17	T	960	480	480	0	0	F	F	1234567
5906.up-c2286e4674af.txt	5906.up-a001786e5861.txt	720,17	720,17	T	1056	528	528	0	0	F	F	1234567
5906.up-c2286e4674af.txt	5906.up-a00b3e52965d.txt	720,17	720,17	T	744	372	372	0	0	F	F	1234567
5906.up-c2286e4674af.txt	5906.up-a233fdf94b8d.txt	720,17	720,17	T	1080	540	540	0	0	F	F	1234567
5906.up-c2286e4674af.txt	5906.up-a235b0e09b6c.txt	720,17	720,17	T	888	444	444	0	0	F	F	1234567
5906.up-c2286e4674af.txt	5906.up-a30c7c517d7b.txt	720,17	720,17	T	1204	602	602	14	14	F	F	1234567
5906.up-c2286e4674af.txt	5906.up-a838f31a7b4f.txt	720,17	720,17	T	936	468	468	0	0	F	F	1234567
5906.up-c2286e4674af.txt	5906.up-abe33e328763.txt	720,17	720,17	T	840	420	420	0	0	F	F	1234567
5906.up-c2286e4674af.txt	5906.up-aed220b1ebc4.txt	720,17	720,17	T	912	456	456	0	0	F	F	1234567
5906.up-c2286e4674af.txt	5906.up-b2d6bec1e3bd.txt	720,17	720,17	T	864	432	432	0	0	F	F	1234567
5906.up-c2286e4674af.txt	5906.up-bd458e7fc19e.txt	720,17	720,21	T	1308	656	652	11	15	F	F	1234567
5906.up-c2286e4674af.txt	5906.up-c3afee7ed153.txt	720,17	720,23	T	1236	621	615	14	20	F	F	1234567
5906.up-c2286e4674af.txt	5906.up-c63a66adbc60.txt	720,17	720,23	T	1260	633	627	14	20	F	F	1234567
5906.up-c2286e4674af.txt	5906.up-cad80abdf334.txt	720,17	720,17	T	864	432	432	0	0	F	F	1234567
5906.up-c2286e4674af.txt	5906.up-d0b9281ca469.txt	720,17	720,25	T	1148	578	570	15	23	F	F	1234567
5906.up-c2286e4674af.txt	5906.up-d1489855deef.txt	720,17	720,23	T	1200	603	597	14	20	F	F	1234567
5906.up-c2286e4674af.txt	5906.up-d2559533f431.txt	720,17	720,17	T	960	480	480	0	0	F	F	1234567
5906.up-c2286e4674af.txt	5906.up-d8c6ba46400e.txt	720,17	720,17	T	1240	620	620	14	14	F	F	1234567
5906.up-c2286e4674af.txt	5906.up-d9a28c2d8195.txt	720,17	720,18	T	1203	602	601	14	15	F	R	1462537
5906.up-c2286e4674af.txt	5906.up-da93a66cd37b.txt	720,17	720,17	B	1104	552	552	0	0	F	F	1234567
5906.up-c2286e4674af.txt	5906.up-dab493384582.txt	720,17	720,17	T	888	444	444	0	0	F	F	1234567
5906.up-c2286e4674af.txt	5906.up-dcd1e20d40f8.txt	720,17	720,17	B	1128	564	564	0	0	F	F	1234567
5906.up-c2286e4674af.txt	5906.up-df8c9033249e.txt	720,17	720,21	T	1316	660	656	11	15	F	F	1234567
5906.up-c2286e4674af.txt	5906.up-e132c7a7c340.txt	720,17	720,17	T	888	444	444	0	0	F	F	1234567
5906.up-c2286e4674af.txt	5906.up-e1680a9d0e30.txt	720,17	720,17	T	1080	540	540	0	0	F	F	1234567
5906.up-c2286e4674af.txt	5906.up-e65e244c83d3.txt	720,17	720,17	T	936	468	468	0	0	F	F	1234567
5906.up-c2286e4674af.txt	5906.up-e8da0f18269f.txt	720,17	720,17	T	816	408	408	0	0	F	F	1234567
5906.up-c2286e4674af.txt	5906.up-e948752d6a32.txt	720,17	720,17	T	912	456	456	0	0	F	F	1234567
5906.up-c2286e4674af.txt	5906.up-e94d2b57a7d4.txt	720,17	720,17	T	984	492	492	0	0	F	F	1234567
5906.up-c2286e4674af.txt	5906.up-eebb02e3baec.txt	720,17	720,17	T	888	444	444	0	0	F	F	1234567
5906.up-c2286e4674af.txt	5906.up-f0a3bb335ed9.txt	720,17	720,17	T	1216	608	608	14	14	F	F	1234567
5906.up-c2286e4674af.txt	5906.up-f2c7804be474.txt	720,17	720,23	T	1224	615	609	14	20	F	F	1234567
5906.up-c2286e4674af.txt	5906.up-f8d1e70c6a52.txt	720,17	720,21	T	1188	596	592	11	15	F	F	1234567
5906.up-da93a66cd37b.txt	5906.i4a-29c55ed5fbf6.txt	720,17	720,22	T	1143	574	569	11	16	F	F	1234567
5906.up-da93a66cd37b.txt	5906.i4a-50d865ca7907.txt	720,17	720,26	T	1287	648	639	15	24	F	F	1234567
5906.up-da93a66cd37b.txt	5906.i4a-66637a3b8941.txt	720,17	720,22	T	1311	658	653	11	16	F	F	1234567
5906.up-da93a66cd37b.txt	5906.i4a-6a77e138ea8e.txt	720,17	720,22	T	1239	622	617	11	16	F	F	1234567
5906.up-da93a66cd37b.txt	5906.i4a-7f46c8149026.txt	720,17	720,22	T	1371	688	683	11	16	F	F	1234567
5906.up-da93a66cd37b.txt	5906.i4a-b99b1d60f13e.txt	720,17	720,26	T	1311	660	651	15	24	F	F	1234567
5906.up-da93a66cd37b.txt	5906.i4a-c1080e26f60c.txt	720,17	720,22	T	1119	562	557	11	16	F	F	1234567
5906.up-da93a66cd37b.txt	5906.i4a-e0f3de4ca026.txt	720,17	720,22	T	1403	704	699	11	16	F	F	1234567
5906.up-da93a66cd37b.txt	5906.lswap-025c4805fc39.txt	720,17	720,17	T	936	468	468	0	0	F	F	5264137
5906.up-da93a66cd37b.txt	5906.lswap-031568aa1b5c.txt	720,17	720,17	T	912	456	456	0	0	F	F	1234567
5906.up-da93a66cd37b.txt	5906.lswap-06f4ba2c8122.txt	720,17	720,23	T	1272	639	633	14	20	F	F	1234567
5906.up-da93a66cd37b.txt	5906.lswap-09c105553d61.txt	720,17	720,23	T	1284	645	639	14	20	F	F	1234567
5906.up-da93a66cd37b.txt	5906.lswap-0d13fc4a8a4a.txt	720,17	720,21	T	1336	670	666	11	15	F	R	1234567
5906.up-da93a66cd37b.txt	5906.lswap-0de54c0a7bb6.txt	720,17	720,17	T	960	480	480	0	0	F	F	5264137
5906.up-da93a66cd37b.txt	5906.lswap-10f62906b166.txt	720,17	720,23	T	1284	645	639	14	20	F	R	1234567
5906.up-da93a66cd37b.txt	5906.lswap-17203113788c.txt	720,17	720,17	T	960	480	480	0	0	F	F	1234567
5906.up-da93a66cd37b.txt	5906.lswap-17946ea8ba63.txt	720,17	720,17	T	1056	528	528	0	0	F	F	1234567
5906.up-da93a66cd37b.txt	5906.lswap-1e70957354f1.txt	720,17	720,17	T	960	480	480	0	0	F	F	5264137
5906.up-da93a66cd37b.txt	5906.lswap-1f8e06e3e616.txt	720,17	720,22	T	1335	670	665	11	16	F	R	1234567
5906.up-da93a66cd37b.txt	5906.lswap-20db05a5b51e.txt	720,17	720,17	T	912	456	456	0	0	F	F	1234567
5906.up-da93a66cd37b.txt	5906.lswap-23548cda0ace.txt	720,17	720,23	T	1272	639	633	14	20	F	R	1234567
5906.up-da93a66cd37b.txt	5906.lswap-2497c9291398.txt	720,17	720,17	T	900	450	450	0	0	F	F	1234567
5906.up-da93a66cd37b.txt	5906.lswap-25804d565b10.txt	720,17	720,17	T	936	468	468	0	0	F	F	1234567
5906.up-da93a66cd37b.txt	5906.lswap-25cebe1ff658.txt	720,17	720,17	T	480	240	240	0	0	F	F	5264137
5906.up-da93a66cd37b.txt	5906.lswap-28b97fbb68d1.txt	720,17	720,23	T	1320	663	657	14	20	F	R	1234567
5906.up-da93a66cd37b.txt	5906.lswap-29ee6f7c1197.txt	720,17	720,17	T	924	462	462	0	0	F	F	5264137
5906.up-da93a66cd37b.txt	5906.lswap-2ae54d2fd96c.txt	720,17	720,17	T	960	480	480	0	0	F	F	1234567
5906.up-da93a66cd37b.txt	5906.lswap-2c94cb485ad7.txt	720,17	720,17	T	1416	708	708	14	14	F	F	1234567
5906.up-da93a66cd37b.txt	5906.lswap-2fb529601be6.txt	720,17	720,17	T	912	456	456	0	0	F	F	5264137
5906.up-da93a66cd37b.txt	5906.lswap-3a55a72f70d6.txt	720,17	720,23	T	1272	639	633	14	20	F	R	1234567
5906.up-da93a66cd37b.txt	5906.lswap-3b4f2e286e0c.txt	720,17	720,17	T	912	456	456	0	0	F	F	1234567
5906.up-da93a66cd37b.txt	5906.lswap-3b66fbdbdf53.txt	720,17	720,17	T	1008	504	504	0	0	F	F	1234567
5906.up-da93a66cd37b.txt	5906.lswap-3baeeea281f2.txt	720,17	720,17	T	912	456	456	0	0	F	F	1234567
5906.up-da93a66cd37b.txt	5906.lswap-3c791ffa671d.txt	720,17	720,17	T	888	444	444	0	0	F	F	1234567
5906.up-da93a66cd37b.txt	5906.lswap-3d82ae1f2111.txt	720,17	720,17	T	516	258	258	0	0	F	F	1234567
5906.up-da93a66cd37b.txt	5906.lswap-41a210488ac9.txt	720,17	720,17	T	888	444	444	0	0	F	F	1234567
5906.up-da93a66cd37b.txt	5906.lswap-423441640591.txt	720,17	720,17	T	984	492	492	0	0	F	F	1234567
5906.up-da93a66cd37b.txt	5906.lswap-469763027c57.txt	720,17	720,17	T	984	492	492	0	0	F	F	1234567
5906.up-da93a66cd37b.txt	5906.lswap-49fac07a5323.txt	720,17	720,17	T	996	498	498	0	0	F	F	1234567
5906.up-da93a66cd37b.txt	5906.lswap-49fc63d034f2.txt	720,17	720,17	T	912	456	456	0	0	F	F	5264137
5906.up-da93a66cd37b.txt	5906.lswap-4a581202d46c.txt	720,17	720,17	T	1044	522	522	0	0	F	F	1234567
5906.up-da93a66cd37b.txt	5906.lswap-4c179f65aa4b.txt	720,17	720,17	T	888	444	444	0	0	F	F	1234567
5906.up-da93a66cd37b.txt	5906.lswap-5228890279ca.txt	720,17	720,17	T	912	456	456	0	0	F	F	1234567
5906.up-da93a66cd37b.txt	5906.lswap-52e683fb05d3.txt	720,17	720,17	T	924	462	462	0	0	F	F	5264137
5906.up-da93a66cd37b.txt	5906.lswap-52f45c5e8e22.txt	720,17	720,17	T	984	492	492	0	0	F	F	1234567
5906.up-da93a66cd37b.txt	5906.lswap-5764c730eaee.txt	720,17	720,17	T	960	480	480	0	0	F	F	1234567
5906.up-da93a66cd37b.txt	5906.lswap-5808edca979d.txt	720,17	720,17	T	876	438	438	0	0	F	F	5264137
5906.up-da93a66cd37b.txt	5906.lswap-5a55d1641a86.txt	720,17	720,17	T	864	432	432	0	0	F	F	1234567
5906.up-da93a66cd37b.txt	5906.lswap-5a7a973564fd.txt	720,17	720,17	T	888	444	444	0	0	F	F	1234567
5906.up-da93a66cd37b.txt	5906.lswap-5dbb54e50268.txt	720,17	720,17	T	972	486	486	0	0	F	F	5264137
5906.up-da93a66cd37b.txt	5906.lswap-6008b60b1c2c.txt	720,17	720,17	T	1056	528	528	0	0	F	F	1234567
5906.up-da93a66cd37b.txt	5906.lswap-62d959eb4e73.txt	720,17	720,17	T	984	492	492	0	0	F	F	5264137
5906.up-da93a66cd37b.txt	5906.lswap-637b5054102a.txt	720,17	720,21	T	1060	532	528	11	15	F	F	1643527
5906.up-da93a66cd37b.txt	5906.lswap-67fc5c2184ab.txt	720,17	720,23	T	1272	639	633	14	20	F	F	1234567
5906.up-da93a66cd37b.txt	5906.lswap-68a263f18066.txt	720,17	720,17	T	1068	534	534	0	0	F	F	1234567
5906.up-da93a66cd37b.txt	5906.lswap-6bd82af50a4e.txt	720,17	720,17	T	936	468	468	0	0	F	F	1234567
5906.up-da93a66cd37b.txt	5906.lswap-6d0ad177e5ee.txt	720,17	720,17	T	948	474	474	0	0	F	F	1234567
5906.up-da93a66cd37b.txt	5906.lswap-6d7ea156bdcc.txt	720,17	720,17	T	984	492	492	0	0	F	F	1234567
5906.up-da93a66cd37b.txt	5906.lswap-6dc582bac458.txt	720,17	720,22	T	1119	562	557	11	16	F	R	1234567
5906.up-da93a66cd37b.txt	5906.lswap-6f6f375dca74.txt	720,17	720,17	T	864	432	432	0	0	F	F	1234567
5906.up-da93a66cd37b.txt	5906.lswap-7217a0cd3774.txt	720,17	720,17	T	516	258	258	0	0	F	F	1234567
5906.up-da93a66cd37b.txt	5906.lswap-73851215f718.txt	720,17	720,17	T	936	468	468	0	0	F	F	1234567
5906.up-da93a66cd37b.txt	5906.lswap-7602ba885180.txt	720,17	720,17	T	936	468	468	0	0	F	F	1234567
5906.up-da93a66cd37b.txt	5906.lswap-760f8ed53670.txt	720,17	720,22	T	1335	670	665	11	16	F	F	1643527
5906.up-da93a66cd37b.txt	5906.lswap-7bd46049981f.txt	720,17	720,17	T	564	282	282	0	0	F	F	1234567
5906.up-da93a66cd37b.txt	5906.lswap-7f47c6e6eeda.txt	720,17	720,17	T	960	480	480	0	0	F	F	1234567
5906.up-da93a66cd37b.txt	5906.lswap-80e6c24a2613.txt	720,17	720,17	T	936	468	468	0	0	F	F	1234567
5906.up-da93a66cd37b.txt	5906.lswap-821102adfff8.txt	720,17	720,17	T	936	468	468	0	0	F	F	1234567
5906.up-da93a66cd37b.txt	5906.lswap-8ed814577309.txt	720,17	720,17	T	948	474	474	0	0	F	F	1234567
5906.up-da93a66cd37b.txt	5906.lswap-8f58c699a11d.txt	720,17	720,23	T	1284	645	639	14	20	F	R	1234567
5906.up-da93a66cd37b.txt	5906.lswap-945cf8ae5bef.txt	720,17	720,23	T	1320	663	657	14	20	F	R	1234567
5906.up-da93a66cd37b.txt	5906.lswap-964ebce5847f.txt	720,17	720,17	T	912	456	456	0	0	F	F	5264137
5906.up-da93a66cd37b.txt	5906.lswap-9759fb4af500.txt	720,17	720,17	T	888	444	444	0	0	F	F	1234567
5906.up-da93a66cd37b.txt	5906.lswap-9a5cc6a6e3c8.txt	720,17	720,17	T	924	462	462	0	0	F	F	5264137
5906.up-da93a66cd37b.txt	5906.lswap-9bd2a50baa0e.txt	720,17	720,17	T	936	468	468	0	0	F	F	1234567
5906.up-da93a66cd37b.txt	5906.lswap-9bf7e32c6472.txt	720,17	720,23	T	1284	645	639	14	20	F	F	1234567
5906.up-da93a66cd37b.txt	5906.lswap-9edd04d13626.txt	720,17	720,17	T	1104	552	552	0	0	F	F	1234567
5906.up-da93a66cd37b.txt	5906.lswap-9f3672f6c430.txt	720,17	720,17	T	972	486	486	0	0	F	F	5264137
5906.up-da93a66cd37b.txt	5906.lswap-9f885c2a5e20.txt	720,17	720,23	T	1272	639	633	14	20	F	R	1234567
5906.up-da93a66cd37b.txt	5906.lswap-a28e203d65dc.txt	720,17	720,17	T	912	456	456	0	0	F	F	1234567
5906.up-da93a66cd37b.txt	5906.lswap-a7d2db45842b.txt	720,17	720,17	T	900	450	450	0	0	F	F	1234567
5906.up-da93a66cd37b.txt	5906.lswap-aa52880fc9e0.txt	720,17	720,17	T	888	444	444	0	0	F	F	1234567
5906.up-da93a66cd37b.txt	5906.lswap-aea48ef05d9e.txt	720,17	720,17	T	948	474	474	0	0	F	F	5264137
5906.up-da93a66cd37b.txt	5906.lswap-af54b6f406a6.txt	720,17	720,17	T	996	498	498	0	0	F	F	1234567
5906.up-da93a66cd37b.txt	5906.lswap-afd973e1a915.txt	720,17	720,17	T	912	456	456	0	0	F	F	5264137
5906.up-da93a66cd37b.txt	5906.lswap-b12d38608f09.txt	720,17	720,17	T	936	468	468	0	0	F	F	1234567
5906.up-da93a66cd37b.txt	5906.lswap-b55f23a2f470.txt	720,17	720,17	T	888	444	444	0	0	F	F	1234567
5906.up-da93a66cd37b.txt	5906.lswap-be4759bc731a.txt	720,17	720,17	T	840	420	420	0	0	F	F	1234567
5906.up-da93a66cd37b.txt	5906.lswap-c394b34cb7cc.txt	720,17	720,17	T	1452	726	726	14	14	F	R	1462537
5906.up-da93a66cd37b.txt	5906.lswap-c55c2b0fbb0f.txt	720,17	720,17	T	912	456	456	0	0	F	F	5264137
5906.up-da93a66cd37b.txt	5906.lswap-cae9c3b46793.txt	720,17	720,17	T	888	444	444	0	0	F	F	1234567
5906.up-da93a66cd37b.txt	5906.lswap-cf5ecb0e9ecc.txt	720,17	720,17	T	840	420	420	0	0	F	F	1234567
5906.up-da93a66cd37b.txt	5906.lswap-cf8339eb5ca7.txt	720,17	720,21	T	1120	562	558	11	15	F	F	1643527
5906.up-da93a66cd37b.txt	5906.lswap-d252e4d38aa9.txt	720,17	720,17	T	864	432	432	0	0	F	F	5264137
5906.up-da93a66cd37b.txt	5906.lswap-d515e64b87be.txt	720,17	720,17	T	1068	534	534	0	0	F	F	1234567
5906.up-da93a66cd37b.txt	5906.lswap-db110b7302cf.txt	720,17	720,23	T	1272	639	633	14	20	F	R	1234567
5906.up-da93a66cd37b.txt	5906.lswap-dcc866de4e11.txt	720,17	720,17	T	468	234	234	0	0	F	F	1234567
5906.up-da93a66cd37b.txt	5906.lswap-df71274e07be.txt	720,17	720,17	T	948	474	474	0	0	F	F	1234567
5906.up-da93a66cd37b.txt	5906.lswap-e0920da719d9.txt	720,17	720,17	T	936	468	468	0	0	F	F	1234567
5906.up-da93a66cd37b.txt	5906.lswap-e145b859ca30.txt	720,17	720,17	T	972	486	486	0	0	F	F	5264137
5906.up-da93a66cd37b.txt	5906.lswap-e21e24656b8e.txt	720,17	720,17	T	552	276	276	0	0	F	F	5264137
5906.up-da93a66cd37b.txt	5906.lswap-e2d18fca77cb.txt	720,17	720,17	T	1020	510	510	0	0	F	F	5264137
5906.up-da93a66cd37b.txt	5906.lswap-e59a6239aa79.txt	720,17	720,17	T	936	468	468	0	0	F	F	1234567
5906.up-da93a66cd37b.txt	5906.lswap-e73e096376f0.txt	720,17	720,17	T	948	474	474	0	0	F	F	1234567
5906.up-da93a66cd37b.txt	5906.lswap-ebd38bf2c1cd.txt	720,17	720,22	T	1119	562	557	11	16	F	F	1643527
5906.up-da93a66cd37b.txt	5906.lswap-eeb9a73f4b33.txt	720,17	720,17	T	960	480	480	0	0	F	F	5264137
5906.up-da93a66cd37b.txt	5906.lswap-f4c2deec7c96.txt	720,17	720,19	T	1414	708	706	17	19	F	F	1234567
5906.up-da93a66cd37b.txt	5906.lswap-f6dbf9989449.txt	720,17	720,17	T	936	468	468	0	0	F	F	1234567
5906.up-da93a66cd37b.txt	5906.lswap-f8f86258580e.txt	720,17	720,17	T	1044	522	522	0	0	F	F	1234567
5906.up-da93a66cd37b.txt	5906.lswap-fde8e0f0f322.txt	720,17	720,17	T	1392	696	696	14	14	F	F	1234567
5906.up-da93a66cd37b.txt	5906.rbnd-0dad091b8ac4.txt	720,17	720,18	T	935	468	467	0	1	F	R	5264137
5906.up-da93a66cd37b.txt	5906.rbnd-2641d60c9d5c.txt	720,17	720,18	T	935	468	467	0	1	F	F	1234567
5906.up-da93a66cd37b.txt	5906.rbnd-c44d48fbd52c.txt	720,17	720,18	T	959	480	479	0	1	F	R	5264317
5906.up-da93a66cd37b.txt	5906.rbnd-e9623244f6b1.txt	720,17	720,18	T	983	492	491	0	1	F	R	5264317
5906.up-da93a66cd37b.txt	5906.up-02d771908307.txt	720,17	720,17	T	1080	540	540	0	0	F	F	1234567
5906.up-da93a66cd37b.txt	5906.up-0a065898a821.txt	720,17	720,23	T	1272	639	633	14	20	F	F	1234567
5906.up-da93a66cd37b.txt	5906.up-0d2e98183c29.txt	720,17	720,17	T	912	456	456	0	0	F	F	1234567
5906.up-da93a66cd37b.txt	5906.up-0db50fc7743c.txt	720,17	720,17	T	888	444	444	0	0	F	F	1234567
5906.up-da93a66cd37b.txt	5906.up-1206598d1ff0.txt	720,17	720,21	T	1312	658	654	11	15	F	F	1234567
5906.up-da93a66cd37b.txt	5906.up-14e2c7b29aae.txt	720,17	720,17	T	816	408	408	0	0	F	F	1234567
5906.up-da93a66cd37b.txt	5906.up-168d62e1a9d1.txt	720,17	720,17	T	864	432	432	0	0	F	F	1234567
5906.up-da93a66cd37b.txt	5906.up-16ca46d2c5a9.txt	720,17	720,17	T	936	468	468	0	0	F	F	1234567
5906.up-da93a66cd37b.txt	5906.up-1b0920685429.txt	720,17	720,17	B	1416	708	708	14	14	F	F	1234567
5906.up-da93a66cd37b.txt	5906.up-1b8244ba04bb.txt	720,17	720,23	B	1376	691	685	14	20	F	F	1234567
5906.up-da93a66cd37b.txt	5906.up-1bced7f87a93.txt	720,17	720,17	T	1128	564	564	0	0	F	F	1234567
5906.up-da93a66cd37b.txt	5906.up-1e6ba5f50479.txt	720,17	720,17	B	1152	576	576	0	0	F	F	1234567
5906.up-da93a66cd37b.txt	5906.up-207dc5352d35.txt	720,17	720,17	T	504	252	252	0	0	F	F	1234567
5906.up-da93a66cd37b.txt	5906.up-23ca8a9bcc81.txt	720,17	720,17	T	1008	504	504	0	0	F	F	1234567
5906.up-da93a66cd37b.txt	5906.up-2cb6c1139592.txt	720,17	720,17	T	912	456	456	0	0	F	F	1234567
5906.up-da93a66cd37b.txt	5906.up-331228e22360.txt	720,17	720,19	T	1426	714	712	17	19	F	F	1234567
5906.up-da93a66cd37b.txt	5906.up-331e3f0f91ee.txt	720,17	720,17	T	1032	516	516	0	0	F	F	1234567
5906.up-da93a66cd37b.txt	5906.up-377da0a3c300.txt	720,17	720,23	T	1320	663	657	14	20	F	F	1234567
5906.up-da93a66cd37b.txt	5906.up-37ac2db82134.txt	720,17	720,17	T	432	216	216	0	0	F	F	1234567
5906.up-da93a66cd37b.txt	5906.up-3ba99c5557bb.txt	720,17	720,17	B	912	456	456	0	0	F	F	1234567
5906.up-da93a66cd37b.txt	5906.up-3de4f10d5095.txt	720,17	720,17	T	936	468	468	0	0	F	F	1234567
5906.up-da93a66cd37b.txt	5906.up-3ffb4355518f.txt	720,17	720,17	T	1404	702	702	14	14	F	F	1234567
5906.up-da93a66cd37b.txt	5906.up-454308027985.txt	720,17	720,17	T	1032	516	516	0	0	F	F	1234567
5906.up-da93a66cd37b.txt	5906.up-4c3eef44600b.txt	720,17	720,17	B	1200	600	600	0	0	F	F	1234567
5906.up-da93a66cd37b.txt	5906.up-53b55626d912.txt	720,17	720,17	T	984	492	492	0	0	F	F	1234567
5906.up-da93a66cd37b.txt	5906.up-55058cab6cba.txt	720,17	720,17	T	1428	714	714	14	14	F	F	1234567
5906.up-da93a66cd37b.txt	5906.up-56126e7237c3.txt	720,17	720,21	T	1120	562	558	11	15	F	F	1234567
5906.up-da93a66cd37b.txt	5906.up-590fe2cb2c21.txt	720,17	720,21	T	1240	622	618	11	15	F	F	1234567
5906.up-da93a66cd37b.txt	5906.up-5ce87c54ecea.txt	720,17	720,17	T	912	456	456	0	0	F	F	1234567
5906.up-da93a66cd37b.txt	5906.up-63a938be8d73.txt	720,17	720,17	T	1452	726	726	14	14	F	F	1234567
5906.up-da93a66cd37b.txt	5906.up-6572648567f1.txt	720,17	720,17	B	1380	690	690	14	14	F	F	1234567
5906.up-da93a66cd37b.txt	5906.up-6597315411ea.txt	720,17	720,23	T	1272	639	633	14	20	F	F	1234567
5906.up-da93a66cd37b.txt	5906.up-6773ff05a318.txt	720,17	720,17	T	888	444	444	0	0	F	F	1234567
5906.up-da93a66cd37b.txt	5906.up-6a142cb8e27d.txt	720,17	720,21	T	1372	688	684	11	15	F	F	1234567
5906.up-da93a66cd37b.txt	5906.up-6a8f7756517b.txt	720,17	720,17	B	1008	504	504	0	0	F	F	1234567
5906.up-da93a66cd37b.txt	5906.up-6f42b3603dac.txt	720,17	720,21	T	1096	550	546	11	15	F	F	1234567
5906.up-da93a66cd37b.txt	5906.up-72482a71c81e.txt	720,17	720,23	T	1284	645	639	14	20	F	F	1234567
5906.up-da93a66cd37b.txt	5906.up-756ff2ed09bd.txt	720,17	720,17	T	960	480	480	0	0	F	F	1234567
5906.up-da93a66cd37b.txt	5906.up-77512ee88848.txt	720,17	720,17	T	864	432	432	0	0	F	F	1234567
5906.up-da93a66cd37b.txt	5906.up-7824c044436e.txt	720,17	720,17	B	984	492	492	0	0	F	F	1234567
5906.up-da93a66cd37b.txt	5906.up-78d638be95ae.txt	720,17	720,17	T	936	468	468	0	0	F	F	1234567
5906.up-da93a66cd37b.txt	5906.up-7c111e182316.txt	720,17	720,17	T	864	432	432	0	0	F	F	1234567
5906.up-da93a66cd37b.txt	5906.up-7f9a93193f10.txt	720,17	720,21	T	1096	550	546	11	15	F	F	1234567
5906.up-da93a66cd37b.txt	5906.up-839c85982253.txt	720,17	720,17	B	912	456	456	0	0	F	F	1234567
5906.up-da93a66cd37b.txt	5906.up-890b6674bd25.txt	720,17	720,25	T	1288	648	640	15	23	F	F	1234567
5906.up-da93a66cd37b.txt	5906.up-8b8c8916a24a.txt	720,17	720,19	T	1474	738	736	17	19	F	F	1234567
5906.up-da93a66cd37b.txt	5906.up-8ec03171f5df.txt	720,17	720,17	T	960	480	480	0	0	F	F	1234567
5906.up-da93a66cd37b.txt	5906.up-91a0d3cd2c14.txt	720,17	720,17	T	960	480	480	0	0	F	F	1234567
5906.up-da93a66cd37b.txt	5906.up-956f3f1864b5.txt	720,17	720,17	T	1440	720	720	14	14	F	F	1234567
5906.up-da93a66cd37b.txt	5906.up-95ffff5c765c.txt	720,17	720,17	T	984	492	492	0	0	F	F	1234567
5906.up-da93a66cd37b.txt	5906.up-9a915a83c416.txt	720,17	720,17	T	1056	528	528	0	0	F	F	1234567
5906.up-da93a66cd37b.txt	5906.up-a001786e5861.txt	720,17	720,17	T	600	300	300	0	0	F	F	1234567
5906.up-da93a66cd37b.txt	5906.up-a00b3e52965d.txt	720,17	720,17	T	912	456	456	0	0	F	F	1234567
5906.up-da93a66cd37b.txt	5906.up-a233fdf94b8d.txt	720,17	720,17	T	1080	540	540	0	0	F	F	1234567
5906.up-da93a66cd37b.txt	5906.up-a235b0e09b6c.txt	720,17	720,17	T	960	480	480	0	0	F	F	1234567
5906.up-da93a66cd37b.txt	5906.up-a30c7c517d7b.txt	720,17	720,17	T	1404	702	702	14	14	F	F	1234567
5906.up-da93a66cd37b.txt	5906.up-a838f31a7b4f.txt	720,17	720,17	T	864	432	432	0	0	F	F	1234567
5906.up-da93a66cd37b.txt	5906.up-abe33e328763.txt	720,17	720,17	T	960	480	480	0	0	F	F	1234567
5906.up-da93a66cd37b.txt	5906.up-aed220b1ebc4.txt	720,17	720,17	T	960	480	480	0	0	F	F	1234567
5906.up-da93a66cd37b.txt	5906.up-b2d6bec1e3bd.txt	720,17	720,17	T	912	456	456	0	0	F	F	1234567
5906.up-da93a66cd37b.txt	5906.up-bd458e7fc19e.txt	720,17	720,21	T	1144	574	570	11	15	F	F	1234567
5906.up-da93a66cd37b.txt	5906.up-c2286e4674af.txt	720,17	720,17	B	1104	552	552	0	0	F	F	1234567
5906.up-da93a66cd37b.txt	5906.up-c3afee7ed153.txt	720,17	720,23	T	1320	663	657	14	20	F	F	1234567
5906.up-da93a66cd37b.txt	5906.up-c63a66adbc60.txt	720,17	720,23	T	1332	669	663	14	20	F	F	1234567
5906.up-da93a66cd37b.txt	5906.up-cad80abdf334.txt	720,17	720,17	T	960	480	480	0	0	F	F	1234567
5906.up-da93a66cd37b.txt	5906.up-d0b9281ca469.txt	720,17	720,25	T	1312	660	652	15	23	F	F	1234567
5906.up-da93a66cd37b.txt	5906.up-d1489855deef.txt	720,17	720,23	T	1284	645	639	14	20	F	F	1234567
5906.up-da93a66cd37b.txt	5906.up-d2559533f431.txt	720,17	720,17	T	1008	504	504	0	0	F	F	1234567
5906.up-da93a66cd37b.txt	5906.up-d8c6ba46400e.txt	720,17	720,17	T	1476	738	738	14	14	F	F	1234567
5906.up-da93a66cd37b.txt	5906.up-d9a28c2d8195.txt	720,17	720,18	T	1403	702	701	14	15	F	F	1234567
5906.up-da93a66cd37b.txt	5906.up-dab493384582.txt	720,17	720,17	T	984	492	492	0	0	F	F	1234567
5906.up-da93a66cd37b.txt	5906.up-dcd1e20d40f8.txt	720,17	720,17	B	936	468	468	0	0	F	F	1234567
5906.up-da93a66cd37b.txt	5906.up-df8c9033249e.txt	720,17	720,21	T	1404	704	700	11	15	F	F	1234567
5906.up-da93a66cd37b.txt	5906.up-e132c7a7c340.txt	720,17	720,17	T	1056	528	528	0	0	F	F	1234567
5906.up-da93a66cd37b.txt	5906.up-e1680a9d0e30.txt	720,17	720,17	T	528	264	264	0	0	F	F	1234567
5906.up-da93a66cd37b.txt	5906.up-e65e244c83d3.txt	720,17	720,17	T	888	444	444	0	0	F	F	1234567
5906.up-da93a66cd37b.txt	5906.up-e8da0f18269f.txt	720,17	720,17	T	936	468	468	0	0	F	F	1234567
5906.up-da93a66cd37b.txt	5906.up-e948752d6a32.txt	720,17	720,17	T	960	480	480	0	0	F	F	1234567
5906.up-da93a66cd37b.txt	5906.up-e94d2b57a7d4.txt	720,17	720,17	T	912	456	456	0	0	F	F	1234567
5906.up-da93a66cd37b.txt	5906.up-eebb02e3baec.txt	720,17	720,17	T	1008	504	504	0	0	F	F	1234567
5906.up-da93a66cd37b.txt	5906.up-f0a3bb335ed9.txt	720,17	720,17	T	1392	696	696	14	14	F	F	1234567
5906.up-da93a66cd37b.txt	5906.up-f2c7804be474.txt	720,17	720,23	T	1332	669	663	14	20	F	F	1234567
5906.up-da93a66cd37b.txt	5906.up-f8d1e70c6a52.txt	720,17	720,21	T	1156	580	576	11	15	F	F	1234567
5906.up-dcd1e20d40f8.txt	5906.i4a-29c55ed5fbf6.txt	720,17	720,22	T	1299	652	647	11	16	F	F	1234567
5906.up-dcd1e20d40f8.txt	5906.i4a-50d865ca7907.txt	720,17	720,26	T	1339	674	665	15	24	F	R	6243517
5906.up-dcd1e20d40f8.txt	5906.i4a-66637a3b8941.txt	720,17	720,22	T	1275	640	635	11	16	F	F	1234567
5906.up-dcd1e20d40f8.txt	5906.i4a-6a77e138ea8e.txt	720,17	720,22	T	1299	652	647	11	16	F	F	1234567
5906.up-dcd1e20d40f8.txt	5906.i4a-7f46c8149026.txt	720,17	720,22	T	1263	634	629	11	16	F	F	1234567
5906.up-dcd1e20d40f8.txt	5906.i4a-b99b1d60f13e.txt	720,17	720,26	T	1351	680	671	15	24	F	R	6243517
5906.up-dcd1e20d40f8.txt	5906.i4a-c1080e26f60c.txt	720,17	720,22	T	1275	640	635	11	16	F	F	1234567
5906.up-dcd1e20d40f8.txt	5906.i4a-e0f3de4ca026.txt	720,17	720,22	T	1343	674	669	11	16	F	F	1234567
5906.up-dcd1e20d40f8.txt	5906.lswap-025c4805fc39.txt	720,17	720,17	T	1080	540	540	0	0	F	F	5264137
5906.up-dcd1e20d40f8.txt	5906.lswap-031568aa1b5c.txt	720,17	720,17	T	1080	540	540	0	0	F	F	1234567
5906.up-dcd1e20d40f8.txt	5906.lswap-06f4ba2c8122.txt	720,17	720,23	T	1222	614	608	14	20	F	F	1234567
5906.up-dcd1e20d40f8.txt	5906.lswap-09c105553d61.txt	720,17	720,23	T	1234	620	614	14	20	F	F	1234567
5906.up-dcd1e20d40f8.txt	5906.lswap-0d13fc4a8a4a.txt	720,17	720,21	T	1264	634	630	11	15	F	F	1643527
5906.up-dcd1e20d40f8.txt	5906.lswap-0de54c0a7bb6.txt	720,17	720,17	T	1032	516	516	0	0	F	F	5264137
5906.up-dcd1e20d40f8.txt	5906.lswap-10f62906b166.txt	720,17	720,23	T	1198	602	596	14	20	F	R	1234567
5906.up-dcd1e20d40f8.txt	5906.lswap-17203113788c.txt	720,17	720,17	T	1008	504	504	0	0	F	F	1234567
5906.up-dcd1e20d40f8.txt	5906.lswap-17946ea8ba63.txt	720,17	720,17	T	816	408	408	0	0	F	F	1234567
5906.up-dcd1e20d40f8.txt	5906.lswap-1e70957354f1.txt	720,17	720,17	T	1032	516	516	0	0	F	F	5264137
5906.up-dcd1e20d40f8.txt	5906.lswap-1f8e06e3e616.txt	720,17	720,22	T	1263	634	629	11	16	F	F	1643527
5906.up-dcd1e20d40f8.txt	5906.lswap-20db05a5b51e.txt	720,17	720,17	T	1044	522	522	0	0	F	F	1234567
5906.up-dcd1e20d40f8.txt	5906.lswap-23548cda0ace.txt	720,17	720,23	T	1258	632	626	14	20	F	R	1234567
5906.up-dcd1e20d40f8.txt	5906.lswap-2497c9291398.txt	720,17	720,17	T	1068	534	534	0	0	F	F	1234567
5906.up-dcd1e20d40f8.txt	5906.lswap-25804d565b10.txt	720,17	720,17	T	1080	540	540	0	0	F	F	1234567
5906.up-dcd1e20d40f8.txt	5906.lswap-25cebe1ff658.txt	720,17	720,17	T	960	480	480	0	0	F	F	5264137
5906.up-dcd1e20d40f8.txt	5906.lswap-28b97fbb68d1.txt	720,17	720,23	T	1246	626	620	14	20	F	F	1462537
5906.up-dcd1e20d40f8.txt	5906.lswap-29ee6f7c1197.txt	720,17	720,17	T	1068	534	534	0	0	F	F	5264137
5906.up-dcd1e20d40f8.txt	5906.lswap-2ae54d2fd96c.txt	720,17	720,17	T	1104	552	552	0	0	F	F	1234567
5906.up-dcd1e20d40f8.txt	5906.lswap-2c94cb485ad7.txt	720,17	720,17	T	1388	694	694	14	14	F	F	1234567
5906.up-dcd1e20d40f8.txt	5906.lswap-2fb529601be6.txt	720,17	720,17	T	984	492	492	0	0	F	F	5264137
5906.up-dcd1e20d40f8.txt	5906.lswap-3a55a72f70d6.txt	720,17	720,23	T	1210	608	602	14	20	F	F	1462537
5906.up-dcd1e20d40f8.txt	5906.lswap-3b4f2e286e0c.txt	720,17	720,17	T	984	492	492	0	0	F	F	1234567
5906.up-dcd1e20d40f8.txt	5906.lswap-3b66fbdbdf53.txt	720,17	720,17	T	1128	564	564	0	0	F	F	1234567
5906.up-dcd1e20d40f8.txt	5906.lswap-3baeeea281f2.txt	720,17	720,17	T	984	492	492	0	0	F	F	1234567
5906.up-dcd1e20d40f8.txt	5906.lswap-3c791ffa671d.txt	720,17	720,17	T	984	492	492	0	0	F	F	1234567
5906.up-dcd1e20d40f8.txt	5906.lswap-3d82ae1f2111.txt	720,17	720,17	T	984	492	492	0	0	F	F	1234567
5906.up-dcd1e20d40f8.txt	5906.lswap-41a210488ac9.txt	720,17	720,17	T	984	492	492	0	0	F	F	1234567
5906.up-dcd1e20d40f8.txt	5906.lswap-423441640591.txt	720,17	720,17	T	1032	516	516	0	0	F	F	1234567
5906.up-dcd1e20d40f8.txt	5906.lswap-469763027c57.txt	720,17	720,17	T	1032	516	516	0	0	F	F	1234567
5906.up-dcd1e20d40f8.txt	5906.lswap-49fac07a5323.txt	720,17	720,17	T	1116	558	558	0	0	F	F	1234567
5906.up-dcd1e20d40f8.txt	5906.lswap-49fc63d034f2.txt	720,17	720,17	T	984	492	492	0	0	F	F	5264137
5906.up-dcd1e20d40f8.txt	5906.lswap-4a581202d46c.txt	720,17	720,17	T	792	396	396	0	0	F	F	1234567
5906.up-dcd1e20d40f8.txt	5906.lswap-4c179f65aa4b.txt	720,17	720,17	T	960	480	480	0	0	F	F	1234567
5906.up-dcd1e20d40f8.txt	5906.lswap-5228890279ca.txt	720,17	720,17	T	984	492	492	0	0	F	F	1234567
5906.up-dcd1e20d40f8.txt	5906.lswap-52e683fb05d3.txt	720,17	720,17	T	1092	546	546	0	0	F	F	5264137
5906.up-dcd1e20d40f8.txt	5906.lswap-52f45c5e8e22.txt	720,17	720,17	T	1104	552	552	0	0	F	F	1234567
5906.up-dcd1e20d40f8.txt	5906.lswap-5764c730eaee.txt	720,17	720,17	T	1008	504	504	0	0	F	F	1234567
5906.up-dcd1e20d40f8.txt	5906.lswap-5808edca979d.txt	720,17	720,17	T	1044	522	522	0	0	F	F	5264137
5906.up-dcd1e20d40f8.txt	5906.lswap-5a55d1641a86.txt	720,17	720,17	T	960	480	480	0	0	F	F	1234567
5906.up-dcd1e20d40f8.txt	5906.lswap-5a7a973564fd.txt	720,17	720,17	T	960	480	480	0	0	F	F	1234567
5906.up-dcd1e20d40f8.txt	5906.lswap-5dbb54e50268.txt	720,17	720,17	T	1116	558	558	0	0	F	F	5264137
5906.up-dcd1e20d40f8.txt	5906.lswap-6008b60b1c2c.txt	720,17	720,17	T	816	408	408	0	0	F	F	1234567
5906.up-dcd1e20d40f8.txt	5906.lswap-62d959eb4e73.txt	720,17	720,17	T	1128	564	564	0	0	F	F	5264137
5906.up-dcd1e20d40f8.txt	5906.lswap-637b5054102a.txt	720,17	720,21	T	1300	652	648	11	15	F	F	1643527
5906.up-dcd1e20d40f8.txt	5906.lswap-67fc5c2184ab.txt	720,17	720,23	T	1210	608	602	14	20	F	F	1234567
5906.up-dcd1e20d40f8.txt	5906.lswap-68a263f18066.txt	720,17	720,17	T	864	432	432	0	0	F	F	1234567
5906.up-dcd1e20d40f8.txt	5906.lswap-6bd82af50a4e.txt	720,17	720,17	T	984	492	492	0	0	F	F	1234567
5906.up-dcd1e20d40f8.txt	5906.lswap-6d0ad177e5ee.txt	720,17	720,17	T	1092	546	546	0	0	F	F	1234567
5906.up-dcd1e20d40f8.txt	5906.lswap-6d7ea156bdcc.txt	720,17	720,17	T	1032	516	516	0	0	F	F	1234567
5906.up-dcd1e20d40f8.txt	5906.lswap-6dc582bac458.txt	720,17	720,22	T	1275	640	635	11	16	F	R	1234567
5906.up-dcd1e20d40f8.txt	5906.lswap-6f6f375dca74.txt	720,17	720,17	T	960	480	480	0	0	F	F	1234567
5906.up-dcd1e20d40f8.txt	5906.lswap-7217a0cd3774.txt	720,17	720,17	T	984	492	492	0	0	F	F	1234567
5906.up-dcd1e20d40f8.txt	5906.lswap-73851215f718.txt	720,17	720,17	T	1008	504	504	0	0	F	F	1234567
5906.up-dcd1e20d40f8.txt	5906.lswap-7602ba885180.txt	720,17	720,17	T	1008	504	504	0	0	F	F	1234567
5906.up-dcd1e20d40f8.txt	5906.lswap-760f8ed53670.txt	720,17	720,22	T	1263	634	629	11	16	F	R	1234567
5906.up-dcd1e20d40f8.txt	5906.lswap-7bd46049981f.txt	720,17	720,17	T	1008	504	504	0	0	F	F	1234567
5906.up-dcd1e20d40f8.txt	5906.lswap-7f47c6e6eeda.txt	720,17	720,17	T	1104	552	552	0	0	F	F	1234567
5906.up-dcd1e20d40f8.txt	5906.lswap-80e6c24a2613.txt	720,17	720,17	T	1080	540	540	0	0	F	F	1234567
5906.up-dcd1e20d40f8.txt	5906.lswap-821102adfff8.txt	720,17	720,17	T	1008	504	504	0	0	F	F	1234567
5906.up-dcd1e20d40f8.txt	5906.lswap-8ed814577309.txt	720,17	720,17	T	1092	546	546	0	0	F	F	1234567
5906.up-dcd1e20d40f8.txt	5906.lswap-8f58c699a11d.txt	720,17	720,23	T	1210	608	602	14	20	F	R	1234567
5906.up-dcd1e20d40f8.txt	5906.lswap-945cf8ae5bef.txt	720,17	720,23	T	1258	632	626	14	20	F	F	1462537
5906.up-dcd1e20d40f8.txt	5906.lswap-964ebce5847f.txt	720,17	720,17	T	984	492	492	0	0	F	F	5264137
5906.up-dcd1e20d40f8.txt	5906.lswap-9759fb4af500.txt	720,17	720,17	T	1056	528	528	0	0	F	F	1234567
5906.up-dcd1e20d40f8.txt	5906.lswap-9a5cc6a6e3c8.txt	720,17	720,17	T	1068	534	534	0	0	F	F	5264137
5906.up-dcd1e20d40f8.txt	5906.lswap-9bd2a50baa0e.txt	720,17	720,17	T	924	462	462	0	0	F	F	1234567
5906.up-dcd1e20d40f8.txt	5906.lswap-9bf7e32c6472.txt	720,17	720,23	T	1246	626	620	14	20	F	F	1234567
5906.up-dcd1e20d40f8.txt	5906.lswap-9edd04d13626.txt	720,17	720,17	T	1140	570	570	0	0	F	F	1234567
5906.up-dcd1e20d40f8.txt	5906.lswap-9f3672f6c430.txt	720,17	720,17	T	1116	558	558	0	0	F	F	5264137
5906.up-dcd1e20d40f8.txt	5906.lswap-9f885c2a5e20.txt	720,17	720,23	T	1222	614	608	14	20	F	F	1462537
5906.up-dcd1e20d40f8.txt	5906.lswap-a28e203d65dc.txt	720,17	720,17	T	984	492	492	0	0	F	F	1234567
5906.up-dcd1e20d40f8.txt	5906.lswap-a7d2db45842b.txt	720,17	720,17	T	1068	534	534	0	0	F	F	1234567
5906.up-dcd1e20d40f8.txt	5906.lswap-aa52880fc9e0.txt	720,17	720,17	T	960	480	480	0	0	F	F	1234567
5906.up-dcd1e20d40f8.txt	5906.lswap-aea48ef05d9e.txt	720,17	720,17	T	936	468	468	0	0	F	F	5264137
5906.up-dcd1e20d40f8.txt	5906.lswap-af54b6f406a6.txt	720,17	720,17	T	1116	558	558	0	0	F	F	1234567
5906.up-dcd1e20d40f8.txt	5906.lswap-afd973e1a915.txt	720,17	720,17	T	1056	528	528	0	0	F	F	5264137
5906.up-dcd1e20d40f8.txt	5906.lswap-b12d38608f09.txt	720,17	720,17	T	1008	504	504	0	0	F	F	1234567
5906.up-dcd1e20d40f8.txt	5906.lswap-b55f23a2f470.txt	720,17	720,17	T	960	480	480	0	0	F	F	1234567
5906.up-dcd1e20d40f8.txt	5906.lswap-be4759bc731a.txt	720,17	720,17	T	936	468	468	0	0	F	F	1234567
5906.up-dcd1e20d40f8.txt	5906.lswap-c394b34cb7cc.txt	720,17	720,17	T	1292	646	646	14	14	F	F	1234567
5906.up-dcd1e20d40f8.txt	5906.lswap-c55c2b0fbb0f.txt	720,17	720,17	T	864	432	432	0	0	F	F	5264137
5906.up-dcd1e20d40f8.txt	5906.lswap-cae9c3b46793.txt	720,17	720,17	T	984	492	492	0	0	F	F	1234567
5906.up-dcd1e20d40f8.txt	5906.lswap-cf5ecb0e9ecc.txt	720,17	720,17	T	936	468	468	0	0	F	F	1234567
5906.up-dcd1e20d40f8.txt	5906.lswap-cf8339eb5ca7.txt	720,17	720,21	T	1276	640	636	11	15	F	F	1643527
5906.up-dcd1e20d40f8.txt	5906.lswap-d252e4d38aa9.txt	720,17	720,17	T	936	468	468	0	0	F	F	5264137
5906.up-dcd1e20d40f8.txt	5906.lswap-d515e64b87be.txt	720,17	720,17	T	840	420	420	0	0	F	F	1234567
5906.up-dcd1e20d40f8.txt	5906.lswap-db110b7302cf.txt	720,17	720,23	T	1246	626	620	14	20	F	R	1234567
5906.up-dcd1e20d40f8.txt	5906.lswap-dcc866de4e11.txt	720,17	720,17	T	960	480	480	0	0	F	F	1234567
5906.up-dcd1e20d40f8.txt	5906.lswap-df71274e07be.txt	720,17	720,17	T	1092	546	546	0	0	F	F	1234567
5906.up-dcd1e20d40f8.txt	5906.lswap-e0920da719d9.txt	720,17	720,17	T	1008	504	504	0	0	F	F	1234567
5906.up-dcd1e20d40f8.txt	5906.lswap-e145b859ca30.txt	720,17	720,17	T	1092	546	546	0	0	F	F	5264137
5906.up-dcd1e20d40f8.txt	5906.lswap-e21e24656b8e.txt	720,17	720,17	T	1008	504	504	0	0	F	F	5264137
5906.up-dcd1e20d40f8.txt	5906.lswap-e2d18fca77cb.txt	720,17	720,17	T	1140	570	570	0	0	F	F	5264137
5906.up-dcd1e20d40f8.txt	5906.lswap-e59a6239aa79.txt	720,17	720,17	T	984	492	492	0	0	F	F	1234567
5906.up-dcd1e20d40f8.txt	5906.lswap-e73e096376f0.txt	720,17	720,17	T	1092	546	546	0	0	F	F	1234567
5906.up-dcd1e20d40f8.txt	5906.lswap-ebd38bf2c1cd.txt	720,17	720,22	T	1275	640	635	11	16	F	F	1643527
5906.up-dcd1e20d40f8.txt	5906.lswap-eeb9a73f4b33.txt	720,17	720,17	T	1104	552	552	0	0	F	F	5264137
5906.up-dcd1e20d40f8.txt	5906.lswap-f4c2deec7c96.txt	720,17	720,19	T	1376	689	687	17	19	F	F	1234567
5906.up-dcd1e20d40f8.txt	5906.lswap-f6dbf9989449.txt	720,17	720,17	T	1008	504	504	0	0	F	F	1234567
5906.up-dcd1e20d40f8.txt	5906.lswap-f8f86258580e.txt	720,17	720,17	T	768	384	384	0	0	F	F	1234567
5906.up-dcd1e20d40f8.txt	5906.lswap-fde8e0f0f322.txt	720,17	720,17	T	1292	646	646	14	14	F	F	1234567
5906.up-dcd1e20d40f8.txt	5906.rbnd-0dad091b8ac4.txt	720,17	720,18	T	925	463	462	0	1	F	R	5264137
5906.up-dcd1e20d40f8.txt	5906.rbnd-2641d60c9d5c.txt	720,17	720,18	T	925	463	462	0	1	F	F	1234567
5906.up-dcd1e20d40f8.txt	5906.rbnd-c44d48fbd52c.txt	720,17	720,18	T	961	481	480	0	1	F	R	5264317
5906.up-dcd1e20d40f8.txt	5906.rbnd-e9623244f6b1.txt	720,17	720,18	T	865	433	432	0	1	F	R	5264317
5906.up-dcd1e20d40f8.txt	5906.up-02d771908307.txt	720,17	720,17	T	888	444	444	0	0	F	F	1234567
5906.up-dcd1e20d40f8.txt	5906.up-0a065898a821.txt	720,17	720,23	T	1234	620	614	14	20	F	F	1234567
5906.up-dcd1e20d40f8.txt	5906.up-0d2e98183c29.txt	720,17	720,17	T	1080	540	540	0	0	F	F	1234567
5906.up-dcd1e20d40f8.txt	5906.up-0db50fc7743c.txt	720,17	720,17	T	1056	528	528	0	0	F	F	1234567
5906.up-dcd1e20d40f8.txt	5906.up-1206598d1ff0.txt	720,17	720,21	T	1276	640	636	11	15	F	F	1234567
5906.up-dcd1e20d40f8.txt	5906.up-14e2c7b29aae.txt	720,17	720,17	T	912	456	456	0	0	F	F	1234567
5906.up-dcd1e20d40f8.txt	5906.up-168d62e1a9d1.txt	720,17	720,17	T	960	480	480	0	0	F	F	1234567
5906.up-dcd1e20d40f8.txt	5906.up-16ca46d2c5a9.txt	720,17	720,17	T	1104	552	552	0	0	F	F	1234567
5906.up-dcd1e20d40f8.txt	5906.up-1b0920685429.txt	720,17	720,17	B	1316	658	658	14	14	F	F	1234567
5906.up-dcd1e20d40f8.txt	5906.up-1b8244ba04bb.txt	720,17	720,23	B	1400	703	697	14	20	F	F	1234567
5906.up-dcd1e20d40f8.txt	5906.up-1bced7f87a93.txt	720,17	720,17	T	1176	588	588	0	0	F	F	1234567
5906.up-dcd1e20d40f8.txt	5906.up-1e6ba5f50479.txt	720,17	720,17	B	936	468	468	0	0	F	F	1234567
5906.up-dcd1e20d40f8.txt	5906.up-207dc5352d35.txt	720,17	720,17	T	984	492	492	0	0	F	F	1234567
5906.up-dcd1e20d40f8.txt	5906.up-23ca8a9bcc81.txt	720,17	720,17	T	1056	528	528	0	0	F	F	1234567
5906.up-dcd1e20d40f8.txt	5906.up-2cb6c1139592.txt	720,17	720,17	T	1008	504	504	0	0	F	F	1234567
5906.up-dcd1e20d40f8.txt	5906.up-331228e22360.txt	720,17	720,19	T	1400	701	699	17	19	F	F	1234567
5906.up-dcd1e20d40f8.txt	5906.up-331e3f0f91ee.txt	720,17	720,17	T	1152	576	576	0	0	F	F	1234567
5906.up-dcd1e20d40f8.txt	5906.up-377da0a3c300.txt	720,17	720,23	T	1270	638	632	14	20	F	F	1234567
5906.up-dcd1e20d40f8.txt	5906.up-37ac2db82134.txt	720,17	720,17	T	936	468	468	0	0	F	F	1234567
5906.up-dcd1e20d40f8.txt	5906.up-3ba99c5557bb.txt	720,17	720,17	B	1080	540	540	0	0	F	F	1234567
5906.up-dcd1e20d40f8.txt	5906.up-3de4f10d5095.txt	720,17	720,17	T	1032	516	516	0	0	F	F	1234567
5906.up-dcd1e20d40f8.txt	5906.up-3ffb4355518f.txt	720,17	720,17	T	1412	706	706	14	14	F	F	1234567
5906.up-dcd1e20d40f8.txt	5906.up-454308027985.txt	720,17	720,17	T	744	372	372	0	0	F	F	1234567
5906.up-dcd1e20d40f8.txt	5906.up-4c3eef44600b.txt	720,17	720,17	B	1032	516	516	0	0	F	F	1234567
5906.up-dcd1e20d40f8.txt	5906.up-53b55626d912.txt	720,17	720,17	T	1104	552	552	0	0	F	F	1234567
5906.up-dcd1e20d40f8.txt	5906.up-55058cab6cba.txt	720,17	720,17	T	1328	664	664	14	14	F	F	1234567
5906.up-dcd1e20d40f8.txt	5906.up-56126e7237c3.txt	720,17	720,21	T	1276	640	636	11	15	F	F	1234567
5906.up-dcd1e20d40f8.txt	5906.up-590fe2cb2c21.txt	720,17	720,21	T	1300	652	648	11	15	F	F	1234567
5906.up-dcd1e20d40f8.txt	5906.up-5ce87c54ecea.txt	720,17	720,17	T	840	420	420	0	0	F	F	1234567
5906.up-dcd1e20d40f8.txt	5906.up-63a938be8d73.txt	720,17	720,17	T	1328	664	664	14	14	F	F	1234567
5906.up-dcd1e20d40f8.txt	5906.up-6572648567f1.txt	720,17	720,17	B	1292	646	646	14	14	F	F	1234567
5906.up-dcd1e20d40f8.txt	5906.up-6597315411ea.txt	720,17	720,23	T	1222	614	608	14	20	F	F	1234567
5906.up-dcd1e20d40f8.txt	5906.up-6773ff05a318.txt	720,17	720,17	T	1032	516	516	0	0	F	F	1234567
5906.up-dcd1e20d40f8.txt	5906.up-6a142cb8e27d.txt	720,17	720,21	T	1264	634	630	11	15	F	F	1234567
5906.up-dcd1e20d40f8.txt	5906.up-6a8f7756517b.txt	720,17	720,17	B	984	492	492	0	0	F	F	1234567
5906.up-dcd1e20d40f8.txt	5906.up-6f42b3603dac.txt	720,17	720,21	T	1288	646	642	11	15	F	F	1234567
5906.up-dcd1e20d40f8.txt	5906.up-72482a71c81e.txt	720,17	720,23	T	1258	632	626	14	20	F	F	1234567
5906.up-dcd1e20d40f8.txt	5906.up-756ff2ed09bd.txt	720,17	720,17	T	960	480	480	0	0	F	F	1234567
5906.up-dcd1e20d40f8.txt	5906.up-77512ee88848.txt	720,17	720,17	T	1032	516	516	0	0	F	F	1234567
5906.up-dcd1e20d40f8.txt	5906.up-7824c044436e.txt	720,17	720,17	B	960	480	480	0	0	F	F	1234567
5906.up-dcd1e20d40f8.txt	5906.up-78d638be95ae.txt	720,17	720,17	T	1080	540	540	0	0	F	F	1234567
5906.up-dcd1e20d40f8.txt	5906.up-7c111e182316.txt	720,17	720,17	T	960	480	480	0	0	F	F	1234567
5906.up-dcd1e20d40f8.txt	5906.up-7f9a93193f10.txt	720,17	720,21	T	1336	670	666	11	15	F	F	1234567
5906.up-dcd1e20d40f8.txt	5906.up-839c85982253.txt	720,17	720,17	B	1080	540	540	0	0	F	F	1234567
5906.up-dcd1e20d40f8.txt	5906.up-890b6674bd25.txt	720,17	720,25	T	1340	674	666	15	23	F	F	1234567
5906.up-dcd1e20d40f8.txt	5906.up-8b8c8916a24a.txt	720,17	720,19	T	1376	689	687	17	19	F	F	1234567
5906.up-dcd1e20d40f8.txt	5906.up-8ec03171f5df.txt	720,17	720,17	T	1080	540	540	0	0	F	F	1234567
5906.up-dcd1e20d40f8.txt	5906.up-91a0d3cd2c14.txt	720,17	720,17	T	1008	504	504	0	0	F	F	1234567
5906.up-dcd1e20d40f8.txt	5906.up-956f3f1864b5.txt	720,17	720,17	T	1388	694	694	14	14	F	F	1234567
5906.up-dcd1e20d40f8.txt	5906.up-95ffff5c765c.txt	720,17	720,17	T	1008	504	504	0	0	F	F	1234567
5906.up-dcd1e20d40f8.txt	5906.up-9a915a83c416.txt	720,17	720,17	T	840	420	420	0	0	F	F	1234567
5906.up-dcd1e20d40f8.txt	5906.up-a001786e5861.txt	720,17	720,17	T	1032	516	516	0	0	F	F	1234567
5906.up-dcd1e20d40f8.txt	5906.up-a00b3e52965d.txt	720,17	720,17	T	888	444	444	0	0	F	F	1234567
5906.up-dcd1e20d40f8.txt	5906.up-a233fdf94b8d.txt	720,17	720,17	T	1104	552	552	0	0	F	F	1234567
5906.up-dcd1e20d40f8.txt	5906.up-a235b0e09b6c.txt	720,17	720,17	T	984	492	492	0	0	F	F	1234567
5906.up-dcd1e20d40f8.txt	5906.up-a30c7c517d7b.txt	720,17	720,17	T	1496	748	748	14	14	F	F	1234567
5906.up-dcd1e20d40f8.txt	5906.up-a838f31a7b4f.txt	720,17	720,17	T	960	480	480	0	0	F	F	1234567
5906.up-dcd1e20d40f8.txt	5906.up-abe33e328763.txt	720,17	720,17	T	984	492	492	0	0	F	F	1234567
5906.up-dcd1e20d40f8.txt	5906.up-aed220b1ebc4.txt	720,17	720,17	T	1008	504	504	0	0	F	F	1234567
5906.up-dcd1e20d40f8.txt	5906.up-b2d6bec1e3bd.txt	720,17	720,17	T	1008	504	504	0	0	F	F	1234567
5906.up-dcd1e20d40f8.txt	5906.up-bd458e7fc19e.txt	720,17	720,21	T	1300	652	648	11	15	F	F	1234567
5906.up-dcd1e20d40f8.txt	5906.up-c2286e4674af.txt	720,17	720,17	B	1128	564	564	0	0	F	F	1234567
5906.up-dcd1e20d40f8.txt	5906.up-c3afee7ed153.txt	720,17	720,23	T	1258	632	626	14	20	F	F	1234567
5906.up-dcd1e20d40f8.txt	5906.up-c63a66adbc60.txt	720,17	720,23	T	1282	644	638	14	20	F	F	1234567
5906.up-dcd1e20d40f8.txt	5906.up-cad80abdf334.txt	720,17	720,17	T	1032	516	516	0	0	F	F	1234567
5906.up-dcd1e20d40f8.txt	5906.up-d0b9281ca469.txt	720,17	720,25	T	1352	680	672	15	23	F	F	1234567
5906.up-dcd1e20d40f8.txt	5906.up-d1489855deef.txt	720,17	720,23	T	1246	626	620	14	20	F	F	1234567
5906.up-dcd1e20d40f8.txt	5906.up-d2559533f431.txt	720,17	720,17	T	1128	564	564	0	0	F	F	1234567
5906.up-dcd1e20d40f8.txt	5906.up-d8c6ba46400e.txt	720,17	720,17	T	1292	646	646	14	14	F	F	1234567
5906.up-dcd1e20d40f8.txt	5906.up-d9a28c2d8195.txt	720,17	720,18	T	1495	748	747	14	15	F	F	1234567
5906.up-dcd1e20d40f8.txt	5906.up-da93a66cd37b.txt	720,17	720,17	B	936	468	468	0	0	F	F	1234567
5906.up-dcd1e20d40f8.txt	5906.up-dab493384582.txt	720,17	720,17	T	864	432	432	0	0	F	F	1234567
5906.up-dcd1e20d40f8.txt	5906.up-df8c9033249e.txt	720,17	720,21	T	1344	674	670	11	15	F	F	1234567
5906.up-dcd1e20d40f8.txt	5906.up-e132c7a7c340.txt	720,17	720,17	T	792	396	396	0	0	F	F	1234567
5906.up-dcd1e20d40f8.txt	5906.up-e1680a9d0e30.txt	720,17	720,17	T	984	492	492	0	0	F	F	1234567
5906.up-dcd1e20d40f8.txt	5906.up-e65e244c83d3.txt	720,17	720,17	T	1008	504	504	0	0	F	F	1234567
5906.up-dcd1e20d40f8.txt	5906.up-e8da0f18269f.txt	720,17	720,17	T	984	492	492	0	0	F	F	1234567
5906.up-dcd1e20d40f8.txt	5906.up-e948752d6a32.txt	720,17	720,17	T	1008	504	504	0	0	F	F	1234567
5906.up-dcd1e20d40f8.txt	5906.up-e94d2b57a7d4.txt	720,17	720,17	T	960	480	480	0	0	F	F	1234567
5906.up-dcd1e20d40f8.txt	5906.up-eebb02e3baec.txt	720,17	720,17	T	1056	528	528	0	0	F	F	1234567
5906.up-dcd1e20d40f8.txt	5906.up-f0a3bb335ed9.txt	720,17	720,17	T	1280	640	640	14	14	F	F	1234567
5906.up-dcd1e20d40f8.txt	5906.up-f2c7804be474.txt	720,17	720,23	T	1294	650	644	14	20	F	F	1234567
5906.up-dcd1e20d40f8.txt	5906.up-f8d1e70c6a52.txt	720,17	720,21	T	1348	676	672	11	15	F	F	1234567
