blind	o_src	target	o_tgt	symdiff	ents_out	ents_in	doors_out	doors_in	sumset_hits
5906.up-1b0920685429.txt	F	5906.up-63a938be8d73.txt	F	528	264	264	0	0	0
5906.up-1b0920685429.txt	F	5906.up-63a938be8d73.txt	R	528	264	264	0	0	0
5906.up-1b0920685429.txt	R	5906.up-63a938be8d73.txt	F	528	264	264	0	0	0
5906.up-1b0920685429.txt	R	5906.up-63a938be8d73.txt	R	528	264	264	0	0	0
5906.up-1b0920685429.txt	F	5906.lswap-c394b34cb7cc.txt	F	564	282	282	0	0	0
5906.up-1b0920685429.txt	F	5906.lswap-c394b34cb7cc.txt	R	564	282	282	0	0	0
5906.up-1b0920685429.txt	R	5906.lswap-c394b34cb7cc.txt	F	564	282	282	0	0	0
5906.up-1b0920685429.txt	R	5906.lswap-c394b34cb7cc.txt	R	564	282	282	0	0	0
5906.up-1b0920685429.txt	F	5906.up-d8c6ba46400e.txt	F	600	300	300	0	0	0
5906.up-1b0920685429.txt	F	5906.up-d8c6ba46400e.txt	R	600	300	300	0	0	0
5906.up-1b0920685429.txt	R	5906.up-d8c6ba46400e.txt	F	600	300	300	0	0	0
5906.up-1b0920685429.txt	R	5906.up-d8c6ba46400e.txt	R	600	300	300	0	0	0
5906.up-1b0920685429.txt	F	5906.up-55058cab6cba.txt	F	840	420	420	0	0	0
5906.up-1b0920685429.txt	F	5906.up-55058cab6cba.txt	R	840	420	420	0	0	0
5906.up-1b0920685429.txt	R	5906.up-55058cab6cba.txt	F	840	420	420	0	0	0
5906.up-1b0920685429.txt	R	5906.up-55058cab6cba.txt	R	840	420	420	0	0	0
5906.up-1b0920685429.txt	F	5906.lswap-fde8e0f0f322.txt	F	888	444	444	0	0	0
5906.up-1b0920685429.txt	F	5906.lswap-fde8e0f0f322.txt	R	888	444	444	0	0	0
5906.up-1b0920685429.txt	R	5906.lswap-fde8e0f0f322.txt	F	888	444	444	0	0	0
5906.up-1b0920685429.txt	R	5906.lswap-fde8e0f0f322.txt	R	888	444	444	0	0	0
5906.up-1b0920685429.txt	F	5906.lswap-3a55a72f70d6.txt	F	894	450	444	3	9	0
5906.up-1b0920685429.txt	F	5906.lswap-3a55a72f70d6.txt	R	894	450	444	3	9	0
5906.up-1b0920685429.txt	F	5906.up-6597315411ea.txt	F	894	450	444	3	9	0
5906.up-1b0920685429.txt	F	5906.up-6597315411ea.txt	R	894	450	444	3	9	0
5906.up-1b0920685429.txt	F	5906.up-d1489855deef.txt	F	894	450	444	3	9	0
5906.up-1b0920685429.txt	F	5906.up-d1489855deef.txt	R	894	450	444	3	9	0
5906.up-1b0920685429.txt	R	5906.lswap-3a55a72f70d6.txt	F	894	450	444	3	9	0
5906.up-1b0920685429.txt	R	5906.lswap-3a55a72f70d6.txt	R	894	450	444	3	9	0
5906.up-1b0920685429.txt	R	5906.up-6597315411ea.txt	F	894	450	444	3	9	0
5906.up-1b0920685429.txt	R	5906.up-6597315411ea.txt	R	894	450	444	3	9	0
5906.up-1b0920685429.txt	R	5906.up-d1489855deef.txt	F	894	450	444	3	9	0
5906.up-1b0920685429.txt	R	5906.up-d1489855deef.txt	R	894	450	444	3	9	0
5906.up-1b0920685429.txt	F	5906.lswap-09c105553d61.txt	F	906	456	450	3	9	0
5906.up-1b0920685429.txt	F	5906.lswap-09c105553d61.txt	R	906	456	450	3	9	0
5906.up-1b0920685429.txt	F	5906.lswap-10f62906b166.txt	F	906	456	450	3	9	0
5906.up-1b0920685429.txt	F	5906.lswap-10f62906b166.txt	R	906	456	450	3	9	0
5906.up-1b0920685429.txt	F	5906.lswap-67fc5c2184ab.txt	F	906	456	450	3	9	0
5906.up-1b0920685429.txt	F	5906.lswap-67fc5c2184ab.txt	R	906	456	450	3	9	0
5906.up-1b0920685429.txt	F	5906.lswap-db110b7302cf.txt	F	906	456	450	3	9	0
5906.up-1b0920685429.txt	F	5906.lswap-db110b7302cf.txt	R	906	456	450	3	9	0
5906.up-1b0920685429.txt	R	5906.lswap-09c105553d61.txt	F	906	456	450	3	9	0
5906.up-1b0920685429.txt	R	5906.lswap-09c105553d61.txt	R	906	456	450	3	9	0
5906.up-1b0920685429.txt	R	5906.lswap-10f62906b166.txt	F	906	456	450	3	9	0
5906.up-1b0920685429.txt	R	5906.lswap-10f62906b166.txt	R	906	456	450	3	9	0
5906.up-1b0920685429.txt	R	5906.lswap-67fc5c2184ab.txt	F	906	456	450	3	9	0
5906.up-1b0920685429.txt	R	5906.lswap-67fc5c2184ab.txt	R	906	456	450	3	9	0
5906.up-1b0920685429.txt	R	5906.lswap-db110b7302cf.txt	F	906	456	450	3	9	0
5906.up-1b0920685429.txt	R	5906.lswap-db110b7302cf.txt	R	906	456	450	3	9	0
5906.up-1b0920685429.txt	F	5906.lswap-28b97fbb68d1.txt	F	918	462	456	3	9	0
5906.up-1b0920685429.txt	F	5906.lswap-28b97fbb68d1.txt	R	918	462	456	3	9	0
5906.up-1b0920685429.txt	F	5906.up-c3afee7ed153.txt	F	918	462	456	3	9	0
5906.up-1b0920685429.txt	F	5906.up-c3afee7ed153.txt	R	918	462	456	3	9	0
5906.up-1b0920685429.txt	F	5906.up-c63a66adbc60.txt	F	918	462	456	3	9	0
5906.up-1b0920685429.txt	F	5906.up-c63a66adbc60.txt	R	918	462	456	3	9	0
5906.up-1b0920685429.txt	R	5906.lswap-28b97fbb68d1.txt	F	918	462	456	3	9	0
5906.up-1b0920685429.txt	R	5906.lswap-28b97fbb68d1.txt	R	918	462	456	3	9	0
5906.up-1b0920685429.txt	R	5906.up-c3afee7ed153.txt	F	918	462	456	3	9	0
5906.up-1b0920685429.txt	R	5906.up-c3afee7ed153.txt	R	918	462	456	3	9	0
5906.up-1b0920685429.txt	R	5906.up-c63a66adbc60.txt	F	918	462	456	3	9	0
5906.up-1b0920685429.txt	R	5906.up-c63a66adbc60.txt	R	918	462	456	3	9	0
5906.up-1b0920685429.txt	F	5906.up-f0a3bb335ed9.txt	F	936	468	468	0	0	0
5906.up-1b0920685429.txt	F	5906.up-f0a3bb335ed9.txt	R	936	468	468	0	0	0
5906.up-1b0920685429.txt	R	5906.up-f0a3bb335ed9.txt	F	936	468	468	0	0	0
5906.up-1b0920685429.txt	R	5906.up-f0a3bb335ed9.txt	R	936	468	468	0	0	0
5906.up-1b0920685429.txt	F	5906.lswap-9f885c2a5e20.txt	F	1038	522	516	3	9	0
5906.up-1b0920685429.txt	F	5906.lswap-9f885c2a5e20.txt	R	1038	522	516	3	9	0
5906.up-1b0920685429.txt	F	5906.up-0a065898a821.txt	F	1038	522	516	3	9	0
5906.up-1b0920685429.txt	F	5906.up-0a065898a821.txt	R	1038	522	516	3	9	0
5906.up-1b0920685429.txt	F	5906.up-72482a71c81e.txt	F	1038	522	516	3	9	0
5906.up-1b0920685429.txt	F	5906.up-72482a71c81e.txt	R	1038	522	516	3	9	0
5906.up-1b0920685429.txt	R	5906.lswap-9f885c2a5e20.txt	F	1038	522	516	3	9	0
5906.up-1b0920685429.txt	R	5906.lswap-9f885c2a5e20.txt	R	1038	522	516	3	9	0
5906.up-1b0920685429.txt	R	5906.up-0a065898a821.txt	F	1038	522	516	3	9	0
5906.up-1b0920685429.txt	R	5906.up-0a065898a821.txt	R	1038	522	516	3	9	0
5906.up-1b0920685429.txt	R	5906.up-72482a71c81e.txt	F	1038	522	516	3	9	0
5906.up-1b0920685429.txt	R	5906.up-72482a71c81e.txt	R	1038	522	516	3	9	0
5906.up-1b0920685429.txt	F	5906.lswap-06f4ba2c8122.txt	F	1050	528	522	3	9	0
5906.up-1b0920685429.txt	F	5906.lswap-06f4ba2c8122.txt	R	1050	528	522	3	9	0
5906.up-1b0920685429.txt	F	5906.lswap-23548cda0ace.txt	F	1050	528	522	3	9	0
5906.up-1b0920685429.txt	F	5906.lswap-23548cda0ace.txt	R	1050	528	522	3	9	0
5906.up-1b0920685429.txt	F	5906.lswap-8f58c699a11d.txt	F	1050	528	522	3	9	0
5906.up-1b0920685429.txt	F	5906.lswap-8f58c699a11d.txt	R	1050	528	522	3	9	0
5906.up-1b0920685429.txt	F	5906.lswap-9bf7e32c6472.txt	F	1050	528	522	3	9	0
5906.up-1b0920685429.txt	F	5906.lswap-9bf7e32c6472.txt	R	1050	528	522	3	9	0
5906.up-1b0920685429.txt	R	5906.lswap-06f4ba2c8122.txt	F	1050	528	522	3	9	0
5906.up-1b0920685429.txt	R	5906.lswap-06f4ba2c8122.txt	R	1050	528	522	3	9	0
5906.up-1b0920685429.txt	R	5906.lswap-23548cda0ace.txt	F	1050	528	522	3	9	0
5906.up-1b0920685429.txt	R	5906.lswap-23548cda0ace.txt	R	1050	528	522	3	9	0
5906.up-1b0920685429.txt	R	5906.lswap-8f58c699a11d.txt	F	1050	528	522	3	9	0
5906.up-1b0920685429.txt	R	5906.lswap-8f58c699a11d.txt	R	1050	528	522	3	9	0
5906.up-1b0920685429.txt	R	5906.lswap-9bf7e32c6472.txt	F	1050	528	522	3	9	0
5906.up-1b0920685429.txt	R	5906.lswap-9bf7e32c6472.txt	R	1050	528	522	3	9	0
5906.up-1b0920685429.txt	F	5906.lswap-945cf8ae5bef.txt	F	1062	534	528	3	9	0
5906.up-1b0920685429.txt	F	5906.lswap-945cf8ae5bef.txt	R	1062	534	528	3	9	0
5906.up-1b0920685429.txt	F	5906.up-377da0a3c300.txt	F	1062	534	528	3	9	0
5906.up-1b0920685429.txt	F	5906.up-377da0a3c300.txt	R	1062	534	528	3	9	0
5906.up-1b0920685429.txt	F	5906.up-f2c7804be474.txt	F	1062	534	528	3	9	0
5906.up-1b0920685429.txt	F	5906.up-f2c7804be474.txt	R	1062	534	528	3	9	0
5906.up-1b0920685429.txt	R	5906.lswap-945cf8ae5bef.txt	F	1062	534	528	3	9	0
5906.up-1b0920685429.txt	R	5906.lswap-945cf8ae5bef.txt	R	1062	534	528	3	9	0
5906.up-1b0920685429.txt	R	5906.up-377da0a3c300.txt	F	1062	534	528	3	9	0
5906.up-1b0920685429.txt	R	5906.up-377da0a3c300.txt	R	1062	534	528	3	9	0
5906.up-1b0920685429.txt	R	5906.up-f2c7804be474.txt	F	1062	534	528	3	9	0
5906.up-1b0920685429.txt	R	5906.up-f2c7804be474.txt	R	1062	534	528	3	9	0
5906.up-1b0920685429.txt	F	5906.up-d9a28c2d8195.txt	R	1079	540	539	1	2	0
5906.up-1b0920685429.txt	R	5906.up-d9a28c2d8195.txt	R	1079	540	539	1	2	0
5906.up-1b0920685429.txt	F	5906.up-a30c7c517d7b.txt	F	1080	540	540	0	0	0
5906.up-1b0920685429.txt	F	5906.up-a30c7c517d7b.txt	R	1080	540	540	0	0	0
5906.up-1b0920685429.txt	R	5906.up-a30c7c517d7b.txt	F	1080	540	540	0	0	0
5906.up-1b0920685429.txt	R	5906.up-a30c7c517d7b.txt	R	1080	540	540	0	0	0
5906.up-1b0920685429.txt	F	5906.up-d9a28c2d8195.txt	F	1081	541	540	1	2	0
5906.up-1b0920685429.txt	R	5906.up-d9a28c2d8195.txt	F	1081	541	540	1	2	0
5906.up-1b0920685429.txt	F	5906.up-956f3f1864b5.txt	F	1128	564	564	0	0	0
5906.up-1b0920685429.txt	F	5906.up-956f3f1864b5.txt	R	1128	564	564	0	0	0
5906.up-1b0920685429.txt	R	5906.up-956f3f1864b5.txt	F	1128	564	564	0	0	0
5906.up-1b0920685429.txt	R	5906.up-956f3f1864b5.txt	R	1128	564	564	0	0	0
5906.up-1b0920685429.txt	F	5906.lswap-2c94cb485ad7.txt	F	1140	570	570	0	0	0
5906.up-1b0920685429.txt	F	5906.lswap-2c94cb485ad7.txt	R	1140	570	570	0	0	0
5906.up-1b0920685429.txt	R	5906.lswap-2c94cb485ad7.txt	F	1140	570	570	0	0	0
5906.up-1b0920685429.txt	R	5906.lswap-2c94cb485ad7.txt	R	1140	570	570	0	0	0
5906.up-1b0920685429.txt	F	5906.lswap-1f8e06e3e616.txt	F	1147	576	571	12	17	0
5906.up-1b0920685429.txt	F	5906.lswap-760f8ed53670.txt	R	1147	576	571	12	17	0
5906.up-1b0920685429.txt	R	5906.lswap-1f8e06e3e616.txt	F	1147	576	571	12	17	0
5906.up-1b0920685429.txt	R	5906.lswap-760f8ed53670.txt	R	1147	576	571	12	17	0
5906.up-1b0920685429.txt	F	5906.lswap-0d13fc4a8a4a.txt	F	1148	576	572	12	16	0
5906.up-1b0920685429.txt	R	5906.lswap-0d13fc4a8a4a.txt	F	1148	576	572	12	16	0
5906.up-1b0920685429.txt	F	5906.up-3ffb4355518f.txt	F	1152	576	576	0	0	0
5906.up-1b0920685429.txt	F	5906.up-3ffb4355518f.txt	R	1152	576	576	0	0	0
5906.up-1b0920685429.txt	R	5906.up-3ffb4355518f.txt	F	1152	576	576	0	0	0
5906.up-1b0920685429.txt	R	5906.up-3ffb4355518f.txt	R	1152	576	576	0	0	0
5906.up-1b0920685429.txt	F	5906.i4a-66637a3b8941.txt	F	1159	582	577	12	17	0
5906.up-1b0920685429.txt	F	5906.i4a-66637a3b8941.txt	R	1159	582	577	12	17	0
5906.up-1b0920685429.txt	R	5906.i4a-66637a3b8941.txt	F	1159	582	577	12	17	0
5906.up-1b0920685429.txt	R	5906.i4a-66637a3b8941.txt	R	1159	582	577	12	17	0
5906.up-1b0920685429.txt	F	5906.up-1206598d1ff0.txt	F	1160	582	578	12	16	0
5906.up-1b0920685429.txt	F	5906.up-1206598d1ff0.txt	R	1160	582	578	12	16	0
5906.up-1b0920685429.txt	R	5906.up-1206598d1ff0.txt	F	1160	582	578	12	16	0
5906.up-1b0920685429.txt	R	5906.up-1206598d1ff0.txt	R	1160	582	578	12	16	0
5906.up-1b0920685429.txt	F	5906.i4a-7f46c8149026.txt	F	1171	588	583	12	17	0
5906.up-1b0920685429.txt	F	5906.i4a-7f46c8149026.txt	R	1171	588	583	12	17	0
5906.up-1b0920685429.txt	R	5906.i4a-7f46c8149026.txt	F	1171	588	583	12	17	0
5906.up-1b0920685429.txt	R	5906.i4a-7f46c8149026.txt	R	1171	588	583	12	17	0
5906.up-1b0920685429.txt	F	5906.up-6a142cb8e27d.txt	F	1172	588	584	12	16	0
5906.up-1b0920685429.txt	F	5906.up-6a142cb8e27d.txt	R	1172	588	584	12	16	0
5906.up-1b0920685429.txt	R	5906.up-6a142cb8e27d.txt	F	1172	588	584	12	16	0
5906.up-1b0920685429.txt	R	5906.up-6a142cb8e27d.txt	R	1172	588	584	12	16	0
5906.up-1b0920685429.txt	F	5906.lswap-1f8e06e3e616.txt	R	1183	594	589	12	17	0
5906.up-1b0920685429.txt	F	5906.lswap-760f8ed53670.txt	F	1183	594	589	12	17	0
5906.up-1b0920685429.txt	R	5906.lswap-1f8e06e3e616.txt	R	1183	594	589	12	17	0
5906.up-1b0920685429.txt	R	5906.lswap-760f8ed53670.txt	F	1183	594	589	12	17	0
5906.up-1b0920685429.txt	F	5906.lswap-0d13fc4a8a4a.txt	R	1184	594	590	12	16	0
5906.up-1b0920685429.txt	R	5906.lswap-0d13fc4a8a4a.txt	R	1184	594	590	12	16	0
5906.up-1b0920685429.txt	F	5906.i4a-6a77e138ea8e.txt	F	1191	598	593	12	17	0
5906.up-1b0920685429.txt	F	5906.i4a-6a77e138ea8e.txt	R	1191	598	593	12	17	0
5906.up-1b0920685429.txt	R	5906.i4a-6a77e138ea8e.txt	F	1191	598	593	12	17	0
5906.up-1b0920685429.txt	R	5906.i4a-6a77e138ea8e.txt	R	1191	598	593	12	17	0
5906.up-1b0920685429.txt	F	5906.up-590fe2cb2c21.txt	F	1192	598	594	12	16	0
5906.up-1b0920685429.txt	F	5906.up-590fe2cb2c21.txt	R	1192	598	594	12	16	0
5906.up-1b0920685429.txt	R	5906.up-590fe2cb2c21.txt	F	1192	598	594	12	16	0
5906.up-1b0920685429.txt	R	5906.up-590fe2cb2c21.txt	R	1192	598	594	12	16	0
5906.up-1b0920685429.txt	F	5906.lswap-9edd04d13626.txt	R	1220	610	610	14	14	0
5906.up-1b0920685429.txt	R	5906.lswap-9edd04d13626.txt	R	1220	610	610	14	14	0
5906.up-1b0920685429.txt	F	5906.up-6572648567f1.txt	F	1224	612	612	0	0	0
5906.up-1b0920685429.txt	F	5906.up-6572648567f1.txt	R	1224	612	612	0	0	0
5906.up-1b0920685429.txt	R	5906.up-6572648567f1.txt	F	1224	612	612	0	0	0
5906.up-1b0920685429.txt	R	5906.up-6572648567f1.txt	R	1224	612	612	0	0	0
5906.up-1b0920685429.txt	F	5906.i4a-e0f3de4ca026.txt	F	1231	618	613	12	17	0
5906.up-1b0920685429.txt	F	5906.i4a-e0f3de4ca026.txt	R	1231	618	613	12	17	0
5906.up-1b0920685429.txt	R	5906.i4a-e0f3de4ca026.txt	F	1231	618	613	12	17	0
5906.up-1b0920685429.txt	R	5906.i4a-e0f3de4ca026.txt	R	1231	618	613	12	17	0
5906.up-1b0920685429.txt	F	5906.up-df8c9033249e.txt	F	1232	618	614	12	16	0
5906.up-1b0920685429.txt	F	5906.up-df8c9033249e.txt	R	1232	618	614	12	16	0
5906.up-1b0920685429.txt	R	5906.up-df8c9033249e.txt	F	1232	618	614	12	16	0
5906.up-1b0920685429.txt	R	5906.up-df8c9033249e.txt	R	1232	618	614	12	16	0
5906.up-1b0920685429.txt	F	5906.lswap-031568aa1b5c.txt	F	1240	620	620	14	14	0
5906.up-1b0920685429.txt	F	5906.lswap-7f47c6e6eeda.txt	R	1240	620	620	14	14	0
5906.up-1b0920685429.txt	R	5906.lswap-031568aa1b5c.txt	F	1240	620	620	14	14	0
5906.up-1b0920685429.txt	R	5906.lswap-7f47c6e6eeda.txt	R	1240	620	620	14	14	0
5906.up-1b0920685429.txt	F	5906.up-a233fdf94b8d.txt	F	1244	622	622	14	14	0
5906.up-1b0920685429.txt	F	5906.up-a233fdf94b8d.txt	R	1244	622	622	14	14	0
5906.up-1b0920685429.txt	R	5906.up-a233fdf94b8d.txt	F	1244	622	622	14	14	0
5906.up-1b0920685429.txt	R	5906.up-a233fdf94b8d.txt	R	1244	622	622	14	14	0
5906.up-1b0920685429.txt	F	5906.up-4c3eef44600b.txt	F	1248	624	624	14	14	0
5906.up-1b0920685429.txt	F	5906.up-4c3eef44600b.txt	R	1248	624	624	14	14	0
5906.up-1b0920685429.txt	R	5906.up-4c3eef44600b.txt	F	1248	624	624	14	14	0
5906.up-1b0920685429.txt	R	5906.up-4c3eef44600b.txt	R	1248	624	624	14	14	0
5906.up-1b0920685429.txt	F	5906.lswap-2497c9291398.txt	F	1264	632	632	14	14	0
5906.up-1b0920685429.txt	F	5906.lswap-2ae54d2fd96c.txt	F	1264	632	632	14	14	0
5906.up-1b0920685429.txt	F	5906.lswap-3b66fbdbdf53.txt	F	1264	632	632	14	14	0
5906.up-1b0920685429.txt	F	5906.lswap-62d959eb4e73.txt	F	1264	632	632	14	14	0
5906.up-1b0920685429.txt	F	5906.lswap-a7d2db45842b.txt	R	1264	632	632	14	14	0
5906.up-1b0920685429.txt	F	5906.lswap-df71274e07be.txt	R	1264	632	632	14	14	0
5906.up-1b0920685429.txt	F	5906.lswap-e73e096376f0.txt	R	1264	632	632	14	14	0
5906.up-1b0920685429.txt	F	5906.up-16ca46d2c5a9.txt	F	1264	632	632	14	14	0
5906.up-1b0920685429.txt	F	5906.up-16ca46d2c5a9.txt	R	1264	632	632	14	14	0
5906.up-1b0920685429.txt	F	5906.up-c2286e4674af.txt	F	1264	632	632	14	14	0
5906.up-1b0920685429.txt	F	5906.up-c2286e4674af.txt	R	1264	632	632	14	14	0
5906.up-1b0920685429.txt	R	5906.lswap-2497c9291398.txt	F	1264	632	632	14	14	0
5906.up-1b0920685429.txt	R	5906.lswap-2ae54d2fd96c.txt	F	1264	632	632	14	14	0
5906.up-1b0920685429.txt	R	5906.lswap-3b66fbdbdf53.txt	F	1264	632	632	14	14	0
5906.up-1b0920685429.txt	R	5906.lswap-62d959eb4e73.txt	F	1264	632	632	14	14	0
5906.up-1b0920685429.txt	R	5906.lswap-a7d2db45842b.txt	R	1264	632	632	14	14	0
5906.up-1b0920685429.txt	R	5906.lswap-df71274e07be.txt	R	1264	632	632	14	14	0
5906.up-1b0920685429.txt	R	5906.lswap-e73e096376f0.txt	R	1264	632	632	14	14	0
5906.up-1b0920685429.txt	R	5906.up-16ca46d2c5a9.txt	F	1264	632	632	14	14	0
5906.up-1b0920685429.txt	R	5906.up-16ca46d2c5a9.txt	R	1264	632	632	14	14	0
5906.up-1b0920685429.txt	R	5906.up-c2286e4674af.txt	F	1264	632	632	14	14	0
5906.up-1b0920685429.txt	R	5906.up-c2286e4674af.txt	R	1264	632	632	14	14	0
5906.up-1b0920685429.txt	F	5906.up-1bced7f87a93.txt	F	1268	634	634	14	14	0
5906.up-1b0920685429.txt	F	5906.up-1bced7f87a93.txt	R	1268	634	634	14	14	0
5906.up-1b0920685429.txt	R	5906.up-1bced7f87a93.txt	F	1268	634	634	14	14	0
5906.up-1b0920685429.txt	R	5906.up-1bced7f87a93.txt	R	1268	634	634	14	14	0
5906.up-1b0920685429.txt	F	5906.lswap-3baeeea281f2.txt	R	1276	638	638	14	14	0
5906.up-1b0920685429.txt	F	5906.lswap-5a55d1641a86.txt	F	1276	638	638	14	14	0
5906.up-1b0920685429.txt	R	5906.lswap-3baeeea281f2.txt	R	1276	638	638	14	14	0
5906.up-1b0920685429.txt	R	5906.lswap-5a55d1641a86.txt	F	1276	638	638	14	14	0
5906.up-1b0920685429.txt	F	5906.lswap-025c4805fc39.txt	F	1284	642	642	14	14	0
5906.up-1b0920685429.txt	F	5906.up-0db50fc7743c.txt	F	1284	642	642	14	14	0
5906.up-1b0920685429.txt	F	5906.up-0db50fc7743c.txt	R	1284	642	642	14	14	0
5906.up-1b0920685429.txt	R	5906.lswap-025c4805fc39.txt	F	1284	642	642	14	14	0
5906.up-1b0920685429.txt	R	5906.up-0db50fc7743c.txt	F	1284	642	642	14	14	0
5906.up-1b0920685429.txt	R	5906.up-0db50fc7743c.txt	R	1284	642	642	14	14	0
5906.up-1b0920685429.txt	F	5906.i4a-29c55ed5fbf6.txt	F	1287	646	641	12	17	0
5906.up-1b0920685429.txt	F	5906.i4a-29c55ed5fbf6.txt	R	1287	646	641	12	17	0
5906.up-1b0920685429.txt	F	5906.lswap-6dc582bac458.txt	F	1287	646	641	12	17	0
5906.up-1b0920685429.txt	F	5906.lswap-ebd38bf2c1cd.txt	R	1287	646	641	12	17	0
5906.up-1b0920685429.txt	R	5906.i4a-29c55ed5fbf6.txt	F	1287	646	641	12	17	0
5906.up-1b0920685429.txt	R	5906.i4a-29c55ed5fbf6.txt	R	1287	646	641	12	17	0
5906.up-1b0920685429.txt	R	5906.lswap-6dc582bac458.txt	F	1287	646	641	12	17	0
5906.up-1b0920685429.txt	R	5906.lswap-ebd38bf2c1cd.txt	R	1287	646	641	12	17	0
5906.up-1b0920685429.txt	F	5906.lswap-25804d565b10.txt	R	1288	644	644	14	14	0
5906.up-1b0920685429.txt	F	5906.lswap-41a210488ac9.txt	F	1288	644	644	14	14	0
5906.up-1b0920685429.txt	F	5906.lswap-49fac07a5323.txt	F	1288	644	644	14	14	0
5906.up-1b0920685429.txt	F	5906.lswap-52e683fb05d3.txt	F	1288	644	644	14	14	0
5906.up-1b0920685429.txt	F	5906.lswap-52e683fb05d3.txt	R	1288	644	644	14	14	0
5906.up-1b0920685429.txt	F	5906.lswap-5dbb54e50268.txt	F	1288	644	644	14	14	0
5906.up-1b0920685429.txt	F	5906.lswap-62d959eb4e73.txt	R	1288	644	644	14	14	0
5906.up-1b0920685429.txt	F	5906.lswap-6d0ad177e5ee.txt	F	1288	644	644	14	14	0
5906.up-1b0920685429.txt	F	5906.lswap-8ed814577309.txt	F	1288	644	644	14	14	0
5906.up-1b0920685429.txt	F	5906.lswap-9759fb4af500.txt	F	1288	644	644	14	14	0
5906.up-1b0920685429.txt	F	5906.lswap-9f3672f6c430.txt	F	1288	644	644	14	14	0
5906.up-1b0920685429.txt	F	5906.lswap-af54b6f406a6.txt	R	1288	644	644	14	14	0
5906.up-1b0920685429.txt	F	5906.lswap-cf8339eb5ca7.txt	R	1288	646	642	12	16	0
5906.up-1b0920685429.txt	F	5906.lswap-e0920da719d9.txt	R	1288	644	644	14	14	0
5906.up-1b0920685429.txt	F	5906.up-331e3f0f91ee.txt	F	1288	644	644	14	14	0
5906.up-1b0920685429.txt	F	5906.up-331e3f0f91ee.txt	R	1288	644	644	14	14	0
5906.up-1b0920685429.txt	F	5906.up-7f9a93193f10.txt	F	1288	646	642	12	16	0
5906.up-1b0920685429.txt	F	5906.up-7f9a93193f10.txt	R	1288	646	642	12	16	0
5906.up-1b0920685429.txt	F	5906.up-bd458e7fc19e.txt	F	1288	646	642	12	16	0
5906.up-1b0920685429.txt	F	5906.up-bd458e7fc19e.txt	R	1288	646	642	12	16	0
5906.up-1b0920685429.txt	R	5906.lswap-25804d565b10.txt	R	1288	644	644	14	14	0
5906.up-1b0920685429.txt	R	5906.lswap-41a210488ac9.txt	F	1288	644	644	14	14	0
5906.up-1b0920685429.txt	R	5906.lswap-49fac07a5323.txt	F	1288	644	644	14	14	0
5906.up-1b0920685429.txt	R	5906.lswap-52e683fb05d3.txt	F	1288	644	644	14	14	0
5906.up-1b0920685429.txt	R	5906.lswap-52e683fb05d3.txt	R	1288	644	644	14	14	0
5906.up-1b0920685429.txt	R	5906.lswap-5dbb54e50268.txt	F	1288	644	644	14	14	0
5906.up-1b0920685429.txt	R	5906.lswap-62d959eb4e73.txt	R	1288	644	644	14	14	0
5906.up-1b0920685429.txt	R	5906.lswap-6d0ad177e5ee.txt	F	1288	644	644	14	14	0
5906.up-1b0920685429.txt	R	5906.lswap-8ed814577309.txt	F	1288	644	644	14	14	0
5906.up-1b0920685429.txt	R	5906.lswap-9759fb4af500.txt	F	1288	644	644	14	14	0
5906.up-1b0920685429.txt	R	5906.lswap-9f3672f6c430.txt	F	1288	644	644	14	14	0
5906.up-1b0920685429.txt	R	5906.lswap-af54b6f406a6.txt	R	1288	644	644	14	14	0
5906.up-1b0920685429.txt	R	5906.lswap-cf8339eb5ca7.txt	R	1288	646	642	12	16	0
5906.up-1b0920685429.txt	R	5906.lswap-e0920da719d9.txt	R	1288	644	644	14	14	0
5906.up-1b0920685429.txt	R	5906.up-331e3f0f91ee.txt	F	1288	644	644	14	14	0
5906.up-1b0920685429.txt	R	5906.up-331e3f0f91ee.txt	R	1288	644	644	14	14	0
5906.up-1b0920685429.txt	R	5906.up-7f9a93193f10.txt	F	1288	646	642	12	16	0
5906.up-1b0920685429.txt	R	5906.up-7f9a93193f10.txt	R	1288	646	642	12	16	0
5906.up-1b0920685429.txt	R	5906.up-bd458e7fc19e.txt	F	1288	646	642	12	16	0
5906.up-1b0920685429.txt	R	5906.up-bd458e7fc19e.txt	R	1288	646	642	12	16	0
5906.up-1b0920685429.txt	F	5906.lswap-9edd04d13626.txt	F	1292	646	646	14	14	0
5906.up-1b0920685429.txt	R	5906.lswap-9edd04d13626.txt	F	1292	646	646	14	14	0
5906.up-1b0920685429.txt	F	5906.i4a-c1080e26f60c.txt	F	1299	652	647	12	17	0
5906.up-1b0920685429.txt	F	5906.i4a-c1080e26f60c.txt	R	1299	652	647	12	17	0
5906.up-1b0920685429.txt	F	5906.lswap-6dc582bac458.txt	R	1299	652	647	12	17	0
5906.up-1b0920685429.txt	F	5906.lswap-ebd38bf2c1cd.txt	F	1299	652	647	12	17	0
5906.up-1b0920685429.txt	R	5906.i4a-c1080e26f60c.txt	F	1299	652	647	12	17	0
5906.up-1b0920685429.txt	R	5906.i4a-c1080e26f60c.txt	R	1299	652	647	12	17	0
5906.up-1b0920685429.txt	R	5906.lswap-6dc582bac458.txt	R	1299	652	647	12	17	0
5906.up-1b0920685429.txt	R	5906.lswap-ebd38bf2c1cd.txt	F	1299	652	647	12	17	0
5906.up-1b0920685429.txt	F	5906.lswap-17203113788c.txt	F	1300	650	650	14	14	0
5906.up-1b0920685429.txt	F	5906.lswap-5228890279ca.txt	F	1300	650	650	14	14	0
5906.up-1b0920685429.txt	F	5906.lswap-7602ba885180.txt	R	1300	650	650	14	14	0
5906.up-1b0920685429.txt	F	5906.lswap-cae9c3b46793.txt	R	1300	650	650	14	14	0
5906.up-1b0920685429.txt	F	5906.lswap-cf8339eb5ca7.txt	F	1300	652	648	12	16	0
5906.up-1b0920685429.txt	F	5906.up-56126e7237c3.txt	F	1300	652	648	12	16	0
5906.up-1b0920685429.txt	F	5906.up-56126e7237c3.txt	R	1300	652	648	12	16	0
5906.up-1b0920685429.txt	F	5906.up-f8d1e70c6a52.txt	F	1300	652	648	12	16	0
5906.up-1b0920685429.txt	F	5906.up-f8d1e70c6a52.txt	R	1300	652	648	12	16	0
5906.up-1b0920685429.txt	R	5906.lswap-17203113788c.txt	F	1300	650	650	14	14	0
5906.up-1b0920685429.txt	R	5906.lswap-5228890279ca.txt	F	1300	650	650	14	14	0
5906.up-1b0920685429.txt	R	5906.lswap-7602ba885180.txt	R	1300	650	650	14	14	0
5906.up-1b0920685429.txt	R	5906.lswap-cae9c3b46793.txt	R	1300	650	650	14	14	0
5906.up-1b0920685429.txt	R	5906.lswap-cf8339eb5ca7.txt	F	1300	652	648	12	16	0
5906.up-1b0920685429.txt	R	5906.up-56126e7237c3.txt	F	1300	652	648	12	16	0
5906.up-1b0920685429.txt	R	5906.up-56126e7237c3.txt	R	1300	652	648	12	16	0
5906.up-1b0920685429.txt	R	5906.up-f8d1e70c6a52.txt	F	1300	652	648	12	16	0
5906.up-1b0920685429.txt	R	5906.up-f8d1e70c6a52.txt	R	1300	652	648	12	16	0
5906.up-1b0920685429.txt	F	5906.up-1e6ba5f50479.txt	F	1304	652	652	14	14	0
5906.up-1b0920685429.txt	F	5906.up-1e6ba5f50479.txt	R	1304	652	652	14	14	0
5906.up-1b0920685429.txt	R	5906.up-1e6ba5f50479.txt	F	1304	652	652	14	14	0
5906.up-1b0920685429.txt	R	5906.up-1e6ba5f50479.txt	R	1304	652	652	14	14	0
5906.up-1b0920685429.txt	F	5906.lswap-025c4805fc39.txt	R	1308	654	654	14	14	0
5906.up-1b0920685429.txt	F	5906.lswap-031568aa1b5c.txt	R	1308	654	654	14	14	0
5906.up-1b0920685429.txt	F	5906.lswap-29ee6f7c1197.txt	F	1308	654	654	14	14	0
5906.up-1b0920685429.txt	F	5906.lswap-2ae54d2fd96c.txt	R	1308	654	654	14	14	0
5906.up-1b0920685429.txt	F	5906.lswap-5808edca979d.txt	F	1308	654	654	14	14	0
5906.up-1b0920685429.txt	F	5906.lswap-5808edca979d.txt	R	1308	654	654	14	14	0
5906.up-1b0920685429.txt	F	5906.lswap-9a5cc6a6e3c8.txt	F	1308	654	654	14	14	0
5906.up-1b0920685429.txt	F	5906.up-53b55626d912.txt	F	1308	654	654	14	14	0
5906.up-1b0920685429.txt	F	5906.up-53b55626d912.txt	R	1308	654	654	14	14	0
5906.up-1b0920685429.txt	R	5906.lswap-025c4805fc39.txt	R	1308	654	654	14	14	0
5906.up-1b0920685429.txt	R	5906.lswap-031568aa1b5c.txt	R	1308	654	654	14	14	0
5906.up-1b0920685429.txt	R	5906.lswap-29ee6f7c1197.txt	F	1308	654	654	14	14	0
5906.up-1b0920685429.txt	R	5906.lswap-2ae54d2fd96c.txt	R	1308	654	654	14	14	0
5906.up-1b0920685429.txt	R	5906.lswap-5808edca979d.txt	F	1308	654	654	14	14	0
5906.up-1b0920685429.txt	R	5906.lswap-5808edca979d.txt	R	1308	654	654	14	14	0
5906.up-1b0920685429.txt	R	5906.lswap-9a5cc6a6e3c8.txt	F	1308	654	654	14	14	0
5906.up-1b0920685429.txt	R	5906.up-53b55626d912.txt	F	1308	654	654	14	14	0
5906.up-1b0920685429.txt	R	5906.up-53b55626d912.txt	R	1308	654	654	14	14	0
5906.up-1b0920685429.txt	F	5906.lswap-0de54c0a7bb6.txt	F	1312	656	656	14	14	0
5906.up-1b0920685429.txt	F	5906.lswap-3c791ffa671d.txt	R	1312	656	656	14	14	0
5906.up-1b0920685429.txt	F	5906.lswap-52f45c5e8e22.txt	F	1312	656	656	14	14	0
5906.up-1b0920685429.txt	F	5906.lswap-5dbb54e50268.txt	R	1312	656	656	14	14	0
5906.up-1b0920685429.txt	F	5906.lswap-637b5054102a.txt	F	1312	658	654	12	16	0
5906.up-1b0920685429.txt	F	5906.lswap-637b5054102a.txt	R	1312	658	654	12	16	0
5906.up-1b0920685429.txt	F	5906.lswap-6d7ea156bdcc.txt	F	1312	656	656	14	14	0
5906.up-1b0920685429.txt	F	5906.lswap-80e6c24a2613.txt	F	1312	656	656	14	14	0
5906.up-1b0920685429.txt	F	5906.lswap-821102adfff8.txt	R	1312	656	656	14	14	0
5906.up-1b0920685429.txt	F	5906.lswap-9f3672f6c430.txt	R	1312	656	656	14	14	0
5906.up-1b0920685429.txt	F	5906.lswap-b12d38608f09.txt	F	1312	656	656	14	14	0
5906.up-1b0920685429.txt	F	5906.lswap-b55f23a2f470.txt	R	1312	656	656	14	14	0
5906.up-1b0920685429.txt	F	5906.lswap-be4759bc731a.txt	F	1312	656	656	14	14	0
5906.up-1b0920685429.txt	F	5906.lswap-e2d18fca77cb.txt	F	1312	656	656	14	14	0
5906.up-1b0920685429.txt	F	5906.lswap-e2d18fca77cb.txt	R	1312	656	656	14	14	0
5906.up-1b0920685429.txt	F	5906.lswap-eeb9a73f4b33.txt	F	1312	656	656	14	14	0
5906.up-1b0920685429.txt	F	5906.up-0d2e98183c29.txt	F	1312	656	656	14	14	0
5906.up-1b0920685429.txt	F	5906.up-0d2e98183c29.txt	R	1312	656	656	14	14	0
5906.up-1b0920685429.txt	F	5906.up-2cb6c1139592.txt	F	1312	656	656	14	14	0
5906.up-1b0920685429.txt	F	5906.up-2cb6c1139592.txt	R	1312	656	656	14	14	0
5906.up-1b0920685429.txt	R	5906.lswap-0de54c0a7bb6.txt	F	1312	656	656	14	14	0
5906.up-1b0920685429.txt	R	5906.lswap-3c791ffa671d.txt	R	1312	656	656	14	14	0
5906.up-1b0920685429.txt	R	5906.lswap-52f45c5e8e22.txt	F	1312	656	656	14	14	0
5906.up-1b0920685429.txt	R	5906.lswap-5dbb54e50268.txt	R	1312	656	656	14	14	0
5906.up-1b0920685429.txt	R	5906.lswap-637b5054102a.txt	F	1312	658	654	12	16	0
5906.up-1b0920685429.txt	R	5906.lswap-637b5054102a.txt	R	1312	658	654	12	16	0
5906.up-1b0920685429.txt	R	5906.lswap-6d7ea156bdcc.txt	F	1312	656	656	14	14	0
5906.up-1b0920685429.txt	R	5906.lswap-80e6c24a2613.txt	F	1312	656	656	14	14	0
5906.up-1b0920685429.txt	R	5906.lswap-821102adfff8.txt	R	1312	656	656	14	14	0
5906.up-1b0920685429.txt	R	5906.lswap-9f3672f6c430.txt	R	1312	656	656	14	14	0
5906.up-1b0920685429.txt	R	5906.lswap-b12d38608f09.txt	F	1312	656	656	14	14	0
5906.up-1b0920685429.txt	R	5906.lswap-b55f23a2f470.txt	R	1312	656	656	14	14	0
5906.up-1b0920685429.txt	R	5906.lswap-be4759bc731a.txt	F	1312	656	656	14	14	0
5906.up-1b0920685429.txt	R	5906.lswap-e2d18fca77cb.txt	F	1312	656	656	14	14	0
5906.up-1b0920685429.txt	R	5906.lswap-e2d18fca77cb.txt	R	1312	656	656	14	14	0
5906.up-1b0920685429.txt	R	5906.lswap-eeb9a73f4b33.txt	F	1312	656	656	14	14	0
5906.up-1b0920685429.txt	R	5906.up-0d2e98183c29.txt	F	1312	656	656	14	14	0
5906.up-1b0920685429.txt	R	5906.up-0d2e98183c29.txt	R	1312	656	656	14	14	0
5906.up-1b0920685429.txt	R	5906.up-2cb6c1139592.txt	F	1312	656	656	14	14	0
5906.up-1b0920685429.txt	R	5906.up-2cb6c1139592.txt	R	1312	656	656	14	14	0
5906.up-1b0920685429.txt	F	5906.up-dcd1e20d40f8.txt	F	1316	658	658	14	14	0
5906.up-1b0920685429.txt	F	5906.up-dcd1e20d40f8.txt	R	1316	658	658	14	14	0
5906.up-1b0920685429.txt	R	5906.up-dcd1e20d40f8.txt	F	1316	658	658	14	14	0
5906.up-1b0920685429.txt	R	5906.up-dcd1e20d40f8.txt	R	1316	658	658	14	14	0
5906.up-1b0920685429.txt	F	5906.lswap-4c179f65aa4b.txt	R	1320	660	660	14	14	0
5906.up-1b0920685429.txt	F	5906.lswap-cf5ecb0e9ecc.txt	R	1320	660	660	14	14	0
5906.up-1b0920685429.txt	F	5906.up-cad80abdf334.txt	F	1320	660	660	14	14	0
5906.up-1b0920685429.txt	F	5906.up-cad80abdf334.txt	R	1320	660	660	14	14	0
5906.up-1b0920685429.txt	R	5906.lswap-4c179f65aa4b.txt	R	1320	660	660	14	14	0
5906.up-1b0920685429.txt	R	5906.lswap-cf5ecb0e9ecc.txt	R	1320	660	660	14	14	0
5906.up-1b0920685429.txt	R	5906.up-cad80abdf334.txt	F	1320	660	660	14	14	0
5906.up-1b0920685429.txt	R	5906.up-cad80abdf334.txt	R	1320	660	660	14	14	0
5906.up-1b0920685429.txt	F	5906.lswap-1e70957354f1.txt	F	1324	662	662	14	14	0
5906.up-1b0920685429.txt	F	5906.lswap-469763027c57.txt	R	1324	662	662	14	14	0
5906.up-1b0920685429.txt	F	5906.lswap-6f6f375dca74.txt	F	1324	662	662	14	14	0
5906.up-1b0920685429.txt	F	5906.lswap-7217a0cd3774.txt	R	1324	662	662	14	14	0
5906.up-1b0920685429.txt	F	5906.lswap-a28e203d65dc.txt	R	1324	662	662	14	14	0
5906.up-1b0920685429.txt	F	5906.lswap-dcc866de4e11.txt	R	1324	662	662	14	14	0
5906.up-1b0920685429.txt	F	5906.lswap-f6dbf9989449.txt	F	1324	662	662	14	14	0
5906.up-1b0920685429.txt	F	5906.up-b2d6bec1e3bd.txt	F	1324	662	662	14	14	0
5906.up-1b0920685429.txt	F	5906.up-b2d6bec1e3bd.txt	R	1324	662	662	14	14	0
5906.up-1b0920685429.txt	R	5906.lswap-1e70957354f1.txt	F	1324	662	662	14	14	0
5906.up-1b0920685429.txt	R	5906.lswap-469763027c57.txt	R	1324	662	662	14	14	0
5906.up-1b0920685429.txt	R	5906.lswap-6f6f375dca74.txt	F	1324	662	662	14	14	0
5906.up-1b0920685429.txt	R	5906.lswap-7217a0cd3774.txt	R	1324	662	662	14	14	0
5906.up-1b0920685429.txt	R	5906.lswap-a28e203d65dc.txt	R	1324	662	662	14	14	0
5906.up-1b0920685429.txt	R	5906.lswap-dcc866de4e11.txt	R	1324	662	662	14	14	0
5906.up-1b0920685429.txt	R	5906.lswap-f6dbf9989449.txt	F	1324	662	662	14	14	0
5906.up-1b0920685429.txt	R	5906.up-b2d6bec1e3bd.txt	F	1324	662	662	14	14	0
5906.up-1b0920685429.txt	R	5906.up-b2d6bec1e3bd.txt	R	1324	662	662	14	14	0
5906.up-1b0920685429.txt	F	5906.lswap-17946ea8ba63.txt	F	1328	664	664	14	14	0
5906.up-1b0920685429.txt	F	5906.lswap-c55c2b0fbb0f.txt	F	1328	664	664	14	14	0
5906.up-1b0920685429.txt	F	5906.lswap-f4c2deec7c96.txt	F	1328	665	663	17	19	0
5906.up-1b0920685429.txt	F	5906.lswap-f8f86258580e.txt	F	1328	664	664	14	14	0
5906.up-1b0920685429.txt	F	5906.up-331228e22360.txt	F	1328	665	663	17	19	0
5906.up-1b0920685429.txt	F	5906.up-331228e22360.txt	R	1328	665	663	17	19	0
5906.up-1b0920685429.txt	F	5906.up-5ce87c54ecea.txt	F	1328	664	664	14	14	0
5906.up-1b0920685429.txt	F	5906.up-5ce87c54ecea.txt	R	1328	664	664	14	14	0
5906.up-1b0920685429.txt	R	5906.lswap-17946ea8ba63.txt	F	1328	664	664	14	14	0
5906.up-1b0920685429.txt	R	5906.lswap-c55c2b0fbb0f.txt	F	1328	664	664	14	14	0
5906.up-1b0920685429.txt	R	5906.lswap-f4c2deec7c96.txt	F	1328	665	663	17	19	0
5906.up-1b0920685429.txt	R	5906.lswap-f8f86258580e.txt	F	1328	664	664	14	14	0
5906.up-1b0920685429.txt	R	5906.up-331228e22360.txt	F	1328	665	663	17	19	0
5906.up-1b0920685429.txt	R	5906.up-331228e22360.txt	R	1328	665	663	17	19	0
5906.up-1b0920685429.txt	R	5906.up-5ce87c54ecea.txt	F	1328	664	664	14	14	0
5906.up-1b0920685429.txt	R	5906.up-5ce87c54ecea.txt	R	1328	664	664	14	14	0
5906.up-1b0920685429.txt	F	5906.rbnd-0dad091b8ac4.txt	F	1329	665	664	17	18	0
5906.up-1b0920685429.txt	F	5906.rbnd-c44d48fbd52c.txt	F	1329	665	664	17	18	0
5906.up-1b0920685429.txt	R	5906.rbnd-0dad091b8ac4.txt	F	1329	665	664	17	18	0
5906.up-1b0920685429.txt	R	5906.rbnd-c44d48fbd52c.txt	F	1329	665	664	17	18	0
5906.up-1b0920685429.txt	F	5906.lswap-2497c9291398.txt	R	1332	666	666	14	14	0
5906.up-1b0920685429.txt	F	5906.lswap-29ee6f7c1197.txt	R	1332	666	666	14	14	0
5906.up-1b0920685429.txt	F	5906.lswap-3b66fbdbdf53.txt	R	1332	666	666	14	14	0
5906.up-1b0920685429.txt	F	5906.lswap-49fc63d034f2.txt	F	1332	666	666	14	14	0
5906.up-1b0920685429.txt	F	5906.lswap-6d0ad177e5ee.txt	R	1332	666	666	14	14	0
5906.up-1b0920685429.txt	F	5906.lswap-7f47c6e6eeda.txt	F	1332	666	666	14	14	0
5906.up-1b0920685429.txt	F	5906.lswap-8ed814577309.txt	R	1332	666	666	14	14	0
5906.up-1b0920685429.txt	F	5906.lswap-9a5cc6a6e3c8.txt	R	1332	666	666	14	14	0
5906.up-1b0920685429.txt	F	5906.lswap-a7d2db45842b.txt	F	1332	666	666	14	14	0
5906.up-1b0920685429.txt	F	5906.lswap-afd973e1a915.txt	F	1332	666	666	14	14	0
5906.up-1b0920685429.txt	F	5906.lswap-e145b859ca30.txt	F	1332	666	666	14	14	0
5906.up-1b0920685429.txt	F	5906.lswap-e145b859ca30.txt	R	1332	666	666	14	14	0
5906.up-1b0920685429.txt	F	5906.up-77512ee88848.txt	F	1332	666	666	14	14	0
5906.up-1b0920685429.txt	F	5906.up-77512ee88848.txt	R	1332	666	666	14	14	0
5906.up-1b0920685429.txt	F	5906.up-95ffff5c765c.txt	F	1332	666	666	14	14	0
5906.up-1b0920685429.txt	F	5906.up-95ffff5c765c.txt	R	1332	666	666	14	14	0
5906.up-1b0920685429.txt	F	5906.up-a838f31a7b4f.txt	F	1332	666	666	14	14	0
5906.up-1b0920685429.txt	F	5906.up-a838f31a7b4f.txt	R	1332	666	666	14	14	0
5906.up-1b0920685429.txt	R	5906.lswap-2497c9291398.txt	R	1332	666	666	14	14	0
5906.up-1b0920685429.txt	R	5906.lswap-29ee6f7c1197.txt	R	1332	666	666	14	14	0
5906.up-1b0920685429.txt	R	5906.lswap-3b66fbdbdf53.txt	R	1332	666	666	14	14	0
5906.up-1b0920685429.txt	R	5906.lswap-49fc63d034f2.txt	F	1332	666	666	14	14	0
5906.up-1b0920685429.txt	R	5906.lswap-6d0ad177e5ee.txt	R	1332	666	666	14	14	0
5906.up-1b0920685429.txt	R	5906.lswap-7f47c6e6eeda.txt	F	1332	666	666	14	14	0
5906.up-1b0920685429.txt	R	5906.lswap-8ed814577309.txt	R	1332	666	666	14	14	0
5906.up-1b0920685429.txt	R	5906.lswap-9a5cc6a6e3c8.txt	R	1332	666	666	14	14	0
5906.up-1b0920685429.txt	R	5906.lswap-a7d2db45842b.txt	F	1332	666	666	14	14	0
5906.up-1b0920685429.txt	R	5906.lswap-afd973e1a915.txt	F	1332	666	666	14	14	0
5906.up-1b0920685429.txt	R	5906.lswap-e145b859ca30.txt	F	1332	666	666	14	14	0
5906.up-1b0920685429.txt	R	5906.lswap-e145b859ca30.txt	R	1332	666	666	14	14	0
5906.up-1b0920685429.txt	R	5906.up-77512ee88848.txt	F	1332	666	666	14	14	0
5906.up-1b0920685429.txt	R	5906.up-77512ee88848.txt	R	1332	666	666	14	14	0
5906.up-1b0920685429.txt	R	5906.up-95ffff5c765c.txt	F	1332	666	666	14	14	0
5906.up-1b0920685429.txt	R	5906.up-95ffff5c765c.txt	R	1332	666	666	14	14	0
5906.up-1b0920685429.txt	R	5906.up-a838f31a7b4f.txt	F	1332	666	666	14	14	0
5906.up-1b0920685429.txt	R	5906.up-a838f31a7b4f.txt	R	1332	666	666	14	14	0
5906.up-1b0920685429.txt	F	5906.lswap-0de54c0a7bb6.txt	R	1336	668	668	14	14	0
5906.up-1b0920685429.txt	F	5906.lswap-423441640591.txt	R	1336	668	668	14	14	0
5906.up-1b0920685429.txt	F	5906.lswap-5a7a973564fd.txt	F	1336	668	668	14	14	0
5906.up-1b0920685429.txt	F	5906.lswap-6bd82af50a4e.txt	F	1336	668	668	14	14	0
5906.up-1b0920685429.txt	F	5906.lswap-73851215f718.txt	F	1336	668	668	14	14	0
5906.up-1b0920685429.txt	F	5906.lswap-964ebce5847f.txt	F	1336	668	668	14	14	0
5906.up-1b0920685429.txt	F	5906.lswap-eeb9a73f4b33.txt	R	1336	668	668	14	14	0
5906.up-1b0920685429.txt	F	5906.up-168d62e1a9d1.txt	F	1336	668	668	14	14	0
5906.up-1b0920685429.txt	F	5906.up-168d62e1a9d1.txt	R	1336	668	668	14	14	0
5906.up-1b0920685429.txt	F	5906.up-6f42b3603dac.txt	F	1336	670	666	12	16	0
5906.up-1b0920685429.txt	F	5906.up-6f42b3603dac.txt	R	1336	670	666	12	16	0
5906.up-1b0920685429.txt	F	5906.up-d2559533f431.txt	F	1336	668	668	14	14	0
5906.up-1b0920685429.txt	F	5906.up-d2559533f431.txt	R	1336	668	668	14	14	0
5906.up-1b0920685429.txt	F	5906.up-eebb02e3baec.txt	F	1336	668	668	14	14	0
5906.up-1b0920685429.txt	F	5906.up-eebb02e3baec.txt	R	1336	668	668	14	14	0
5906.up-1b0920685429.txt	R	5906.lswap-0de54c0a7bb6.txt	R	1336	668	668	14	14	0
5906.up-1b0920685429.txt	R	5906.lswap-423441640591.txt	R	1336	668	668	14	14	0
5906.up-1b0920685429.txt	R	5906.lswap-5a7a973564fd.txt	F	1336	668	668	14	14	0
5906.up-1b0920685429.txt	R	5906.lswap-6bd82af50a4e.txt	F	1336	668	668	14	14	0
5906.up-1b0920685429.txt	R	5906.lswap-73851215f718.txt	F	1336	668	668	14	14	0
5906.up-1b0920685429.txt	R	5906.lswap-964ebce5847f.txt	F	1336	668	668	14	14	0
5906.up-1b0920685429.txt	R	5906.lswap-eeb9a73f4b33.txt	R	1336	668	668	14	14	0
5906.up-1b0920685429.txt	R	5906.up-168d62e1a9d1.txt	F	1336	668	668	14	14	0
5906.up-1b0920685429.txt	R	5906.up-168d62e1a9d1.txt	R	1336	668	668	14	14	0
5906.up-1b0920685429.txt	R	5906.up-6f42b3603dac.txt	F	1336	670	666	12	16	0
5906.up-1b0920685429.txt	R	5906.up-6f42b3603dac.txt	R	1336	670	666	12	16	0
5906.up-1b0920685429.txt	R	5906.up-d2559533f431.txt	F	1336	668	668	14	14	0
5906.up-1b0920685429.txt	R	5906.up-d2559533f431.txt	R	1336	668	668	14	14	0
5906.up-1b0920685429.txt	R	5906.up-eebb02e3baec.txt	F	1336	668	668	14	14	0
5906.up-1b0920685429.txt	R	5906.up-eebb02e3baec.txt	R	1336	668	668	14	14	0
5906.up-1b0920685429.txt	F	5906.lswap-9bd2a50baa0e.txt	R	1340	670	670	14	14	0
5906.up-1b0920685429.txt	F	5906.lswap-d515e64b87be.txt	F	1340	670	670	14	14	0
5906.up-1b0920685429.txt	F	5906.lswap-f4c2deec7c96.txt	R	1340	671	669	17	19	0
5906.up-1b0920685429.txt	F	5906.up-e132c7a7c340.txt	F	1340	670	670	14	14	0
5906.up-1b0920685429.txt	F	5906.up-e132c7a7c340.txt	R	1340	670	670	14	14	0
5906.up-1b0920685429.txt	R	5906.lswap-9bd2a50baa0e.txt	R	1340	670	670	14	14	0
5906.up-1b0920685429.txt	R	5906.lswap-d515e64b87be.txt	F	1340	670	670	14	14	0
5906.up-1b0920685429.txt	R	5906.lswap-f4c2deec7c96.txt	R	1340	671	669	17	19	0
5906.up-1b0920685429.txt	R	5906.up-e132c7a7c340.txt	F	1340	670	670	14	14	0
5906.up-1b0920685429.txt	R	5906.up-e132c7a7c340.txt	R	1340	670	670	14	14	0
5906.up-1b0920685429.txt	F	5906.rbnd-0dad091b8ac4.txt	R	1341	671	670	14	15	0
5906.up-1b0920685429.txt	F	5906.rbnd-2641d60c9d5c.txt	R	1341	671	670	17	18	0
5906.up-1b0920685429.txt	R	5906.rbnd-0dad091b8ac4.txt	R	1341	671	670	14	15	0
5906.up-1b0920685429.txt	R	5906.rbnd-2641d60c9d5c.txt	R	1341	671	670	17	18	0
5906.up-1b0920685429.txt	F	5906.lswap-3b4f2e286e0c.txt	R	1344	672	672	14	14	0
5906.up-1b0920685429.txt	F	5906.lswap-6f6f375dca74.txt	R	1344	672	672	14	14	0
5906.up-1b0920685429.txt	F	5906.lswap-aa52880fc9e0.txt	F	1344	672	672	14	14	0
5906.up-1b0920685429.txt	F	5906.lswap-aea48ef05d9e.txt	F	1344	672	672	14	14	0
5906.up-1b0920685429.txt	F	5906.lswap-aea48ef05d9e.txt	R	1344	672	672	14	14	0
5906.up-1b0920685429.txt	F	5906.lswap-c55c2b0fbb0f.txt	R	1344	672	672	14	14	0
5906.up-1b0920685429.txt	F	5906.lswap-e59a6239aa79.txt	R	1344	672	672	14	14	0
5906.up-1b0920685429.txt	F	5906.up-3de4f10d5095.txt	F	1344	672	672	14	14	0
5906.up-1b0920685429.txt	F	5906.up-3de4f10d5095.txt	R	1344	672	672	14	14	0
5906.up-1b0920685429.txt	F	5906.up-839c85982253.txt	F	1344	672	672	14	14	0
5906.up-1b0920685429.txt	F	5906.up-839c85982253.txt	R	1344	672	672	14	14	0
5906.up-1b0920685429.txt	F	5906.up-a00b3e52965d.txt	F	1344	672	672	14	14	0
5906.up-1b0920685429.txt	F	5906.up-a00b3e52965d.txt	R	1344	672	672	14	14	0
5906.up-1b0920685429.txt	F	5906.up-abe33e328763.txt	F	1344	672	672	14	14	0
5906.up-1b0920685429.txt	F	5906.up-abe33e328763.txt	R	1344	672	672	14	14	0
5906.up-1b0920685429.txt	R	5906.lswap-3b4f2e286e0c.txt	R	1344	672	672	14	14	0
5906.up-1b0920685429.txt	R	5906.lswap-6f6f375dca74.txt	R	1344	672	672	14	14	0
5906.up-1b0920685429.txt	R	5906.lswap-aa52880fc9e0.txt	F	1344	672	672	14	14	0
5906.up-1b0920685429.txt	R	5906.lswap-aea48ef05d9e.txt	F	1344	672	672	14	14	0
5906.up-1b0920685429.txt	R	5906.lswap-aea48ef05d9e.txt	R	1344	672	672	14	14	0
5906.up-1b0920685429.txt	R	5906.lswap-c55c2b0fbb0f.txt	R	1344	672	672	14	14	0
5906.up-1b0920685429.txt	R	5906.lswap-e59a6239aa79.txt	R	1344	672	672	14	14	0
5906.up-1b0920685429.txt	R	5906.up-3de4f10d5095.txt	F	1344	672	672	14	14	0
5906.up-1b0920685429.txt	R	5906.up-3de4f10d5095.txt	R	1344	672	672	14	14	0
5906.up-1b0920685429.txt	R	5906.up-839c85982253.txt	F	1344	672	672	14	14	0
5906.up-1b0920685429.txt	R	5906.up-839c85982253.txt	R	1344	672	672	14	14	0
5906.up-1b0920685429.txt	R	5906.up-a00b3e52965d.txt	F	1344	672	672	14	14	0
5906.up-1b0920685429.txt	R	5906.up-a00b3e52965d.txt	R	1344	672	672	14	14	0
5906.up-1b0920685429.txt	R	5906.up-abe33e328763.txt	F	1344	672	672	14	14	0
5906.up-1b0920685429.txt	R	5906.up-abe33e328763.txt	R	1344	672	672	14	14	0
5906.up-1b0920685429.txt	F	5906.lswap-1e70957354f1.txt	R	1348	674	674	14	14	0
5906.up-1b0920685429.txt	F	5906.lswap-2fb529601be6.txt	F	1348	674	674	14	14	0
5906.up-1b0920685429.txt	F	5906.lswap-3b4f2e286e0c.txt	F	1348	674	674	14	14	0
5906.up-1b0920685429.txt	F	5906.lswap-3d82ae1f2111.txt	F	1348	674	674	14	14	0
5906.up-1b0920685429.txt	F	5906.lswap-5764c730eaee.txt	F	1348	674	674	14	14	0
5906.up-1b0920685429.txt	F	5906.lswap-7bd46049981f.txt	R	1348	674	674	14	14	0
5906.up-1b0920685429.txt	F	5906.lswap-cae9c3b46793.txt	F	1348	674	674	14	14	0
5906.up-1b0920685429.txt	F	5906.lswap-e21e24656b8e.txt	F	1348	674	674	14	14	0
5906.up-1b0920685429.txt	F	5906.lswap-f6dbf9989449.txt	R	1348	674	674	14	14	0
5906.up-1b0920685429.txt	F	5906.up-207dc5352d35.txt	F	1348	674	674	14	14	0
5906.up-1b0920685429.txt	F	5906.up-207dc5352d35.txt	R	1348	674	674	14	14	0
5906.up-1b0920685429.txt	F	5906.up-23ca8a9bcc81.txt	F	1348	674	674	14	14	0
5906.up-1b0920685429.txt	F	5906.up-23ca8a9bcc81.txt	R	1348	674	674	14	14	0
5906.up-1b0920685429.txt	F	5906.up-7c111e182316.txt	F	1348	674	674	14	14	0
5906.up-1b0920685429.txt	F	5906.up-7c111e182316.txt	R	1348	674	674	14	14	0
5906.up-1b0920685429.txt	F	5906.up-e8da0f18269f.txt	F	1348	674	674	14	14	0
5906.up-1b0920685429.txt	F	5906.up-e8da0f18269f.txt	R	1348	674	674	14	14	0
5906.up-1b0920685429.txt	R	5906.lswap-1e70957354f1.txt	R	1348	674	674	14	14	0
5906.up-1b0920685429.txt	R	5906.lswap-2fb529601be6.txt	F	1348	674	674	14	14	0
5906.up-1b0920685429.txt	R	5906.lswap-3b4f2e286e0c.txt	F	1348	674	674	14	14	0
5906.up-1b0920685429.txt	R	5906.lswap-3d82ae1f2111.txt	F	1348	674	674	14	14	0
5906.up-1b0920685429.txt	R	5906.lswap-5764c730eaee.txt	F	1348	674	674	14	14	0
5906.up-1b0920685429.txt	R	5906.lswap-7bd46049981f.txt	R	1348	674	674	14	14	0
5906.up-1b0920685429.txt	R	5906.lswap-cae9c3b46793.txt	F	1348	674	674	14	14	0
5906.up-1b0920685429.txt	R	5906.lswap-e21e24656b8e.txt	F	1348	674	674	14	14	0
5906.up-1b0920685429.txt	R	5906.lswap-f6dbf9989449.txt	R	1348	674	674	14	14	0
5906.up-1b0920685429.txt	R	5906.up-207dc5352d35.txt	F	1348	674	674	14	14	0
5906.up-1b0920685429.txt	R	5906.up-207dc5352d35.txt	R	1348	674	674	14	14	0
5906.up-1b0920685429.txt	R	5906.up-23ca8a9bcc81.txt	F	1348	674	674	14	14	0
5906.up-1b0920685429.txt	R	5906.up-23ca8a9bcc81.txt	R	1348	674	674	14	14	0
5906.up-1b0920685429.txt	R	5906.up-7c111e182316.txt	F	1348	674	674	14	14	0
5906.up-1b0920685429.txt	R	5906.up-7c111e182316.txt	R	1348	674	674	14	14	0
5906.up-1b0920685429.txt	R	5906.up-e8da0f18269f.txt	F	1348	674	674	14	14	0
5906.up-1b0920685429.txt	R	5906.up-e8da0f18269f.txt	R	1348	674	674	14	14	0
5906.up-1b0920685429.txt	F	5906.lswap-4a581202d46c.txt	F	1352	676	676	14	14	0
5906.up-1b0920685429.txt	F	5906.lswap-6008b60b1c2c.txt	R	1352	676	676	14	14	0
5906.up-1b0920685429.txt	F	5906.lswap-68a263f18066.txt	F	1352	676	676	14	14	0
5906.up-1b0920685429.txt	F	5906.up-454308027985.txt	F	1352	676	676	14	14	0
5906.up-1b0920685429.txt	F	5906.up-454308027985.txt	R	1352	676	676	14	14	0
5906.up-1b0920685429.txt	F	5906.up-6773ff05a318.txt	F	1352	676	676	14	14	0
5906.up-1b0920685429.txt	F	5906.up-6773ff05a318.txt	R	1352	676	676	14	14	0
5906.up-1b0920685429.txt	F	5906.up-6a8f7756517b.txt	F	1352	676	676	14	14	0
5906.up-1b0920685429.txt	F	5906.up-6a8f7756517b.txt	R	1352	676	676	14	14	0
5906.up-1b0920685429.txt	R	5906.lswap-4a581202d46c.txt	F	1352	676	676	14	14	0
5906.up-1b0920685429.txt	R	5906.lswap-6008b60b1c2c.txt	R	1352	676	676	14	14	0
5906.up-1b0920685429.txt	R	5906.lswap-68a263f18066.txt	F	1352	676	676	14	14	0
5906.up-1b0920685429.txt	R	5906.up-454308027985.txt	F	1352	676	676	14	14	0
5906.up-1b0920685429.txt	R	5906.up-454308027985.txt	R	1352	676	676	14	14	0
5906.up-1b0920685429.txt	R	5906.up-6773ff05a318.txt	F	1352	676	676	14	14	0
5906.up-1b0920685429.txt	R	5906.up-6773ff05a318.txt	R	1352	676	676	14	14	0
5906.up-1b0920685429.txt	R	5906.up-6a8f7756517b.txt	F	1352	676	676	14	14	0
5906.up-1b0920685429.txt	R	5906.up-6a8f7756517b.txt	R	1352	676	676	14	14	0
5906.up-1b0920685429.txt	F	5906.lswap-20db05a5b51e.txt	R	1356	678	678	14	14	0
5906.up-1b0920685429.txt	F	5906.lswap-41a210488ac9.txt	R	1356	678	678	14	14	0
5906.up-1b0920685429.txt	F	5906.lswap-49fac07a5323.txt	R	1356	678	678	14	14	0
5906.up-1b0920685429.txt	F	5906.lswap-49fc63d034f2.txt	R	1356	678	678	14	14	0
5906.up-1b0920685429.txt	F	5906.lswap-80e6c24a2613.txt	R	1356	678	678	14	14	0
5906.up-1b0920685429.txt	F	5906.lswap-9759fb4af500.txt	R	1356	678	678	14	14	0
5906.up-1b0920685429.txt	F	5906.lswap-af54b6f406a6.txt	F	1356	678	678	14	14	0
5906.up-1b0920685429.txt	F	5906.lswap-afd973e1a915.txt	R	1356	678	678	14	14	0
5906.up-1b0920685429.txt	F	5906.lswap-b12d38608f09.txt	R	1356	678	678	14	14	0
5906.up-1b0920685429.txt	F	5906.lswap-d252e4d38aa9.txt	F	1356	678	678	14	14	0
5906.up-1b0920685429.txt	F	5906.lswap-df71274e07be.txt	F	1356	678	678	14	14	0
5906.up-1b0920685429.txt	F	5906.lswap-e73e096376f0.txt	F	1356	678	678	14	14	0
5906.up-1b0920685429.txt	F	5906.up-14e2c7b29aae.txt	F	1356	678	678	14	14	0
5906.up-1b0920685429.txt	F	5906.up-14e2c7b29aae.txt	R	1356	678	678	14	14	0
5906.up-1b0920685429.txt	F	5906.up-8ec03171f5df.txt	F	1356	678	678	14	14	0
5906.up-1b0920685429.txt	F	5906.up-8ec03171f5df.txt	R	1356	678	678	14	14	0
5906.up-1b0920685429.txt	F	5906.up-91a0d3cd2c14.txt	F	1356	678	678	14	14	0
5906.up-1b0920685429.txt	F	5906.up-91a0d3cd2c14.txt	R	1356	678	678	14	14	0
5906.up-1b0920685429.txt	R	5906.lswap-20db05a5b51e.txt	R	1356	678	678	14	14	0
5906.up-1b0920685429.txt	R	5906.lswap-41a210488ac9.txt	R	1356	678	678	14	14	0
5906.up-1b0920685429.txt	R	5906.lswap-49fac07a5323.txt	R	1356	678	678	14	14	0
5906.up-1b0920685429.txt	R	5906.lswap-49fc63d034f2.txt	R	1356	678	678	14	14	0
5906.up-1b0920685429.txt	R	5906.lswap-80e6c24a2613.txt	R	1356	678	678	14	14	0
5906.up-1b0920685429.txt	R	5906.lswap-9759fb4af500.txt	R	1356	678	678	14	14	0
5906.up-1b0920685429.txt	R	5906.lswap-af54b6f406a6.txt	F	1356	678	678	14	14	0
5906.up-1b0920685429.txt	R	5906.lswap-afd973e1a915.txt	R	1356	678	678	14	14	0
5906.up-1b0920685429.txt	R	5906.lswap-b12d38608f09.txt	R	1356	678	678	14	14	0
5906.up-1b0920685429.txt	R	5906.lswap-d252e4d38aa9.txt	F	1356	678	678	14	14	0
5906.up-1b0920685429.txt	R	5906.lswap-df71274e07be.txt	F	1356	678	678	14	14	0
5906.up-1b0920685429.txt	R	5906.lswap-e73e096376f0.txt	F	1356	678	678	14	14	0
5906.up-1b0920685429.txt	R	5906.up-14e2c7b29aae.txt	F	1356	678	678	14	14	0
5906.up-1b0920685429.txt	R	5906.up-14e2c7b29aae.txt	R	1356	678	678	14	14	0
5906.up-1b0920685429.txt	R	5906.up-8ec03171f5df.txt	F	1356	678	678	14	14	0
5906.up-1b0920685429.txt	R	5906.up-8ec03171f5df.txt	R	1356	678	678	14	14	0
5906.up-1b0920685429.txt	R	5906.up-91a0d3cd2c14.txt	F	1356	678	678	14	14	0
5906.up-1b0920685429.txt	R	5906.up-91a0d3cd2c14.txt	R	1356	678	678	14	14	0
5906.up-1b0920685429.txt	F	5906.lswap-25cebe1ff658.txt	F	1360	680	680	14	14	0
5906.up-1b0920685429.txt	F	5906.lswap-3c791ffa671d.txt	F	1360	680	680	14	14	0
5906.up-1b0920685429.txt	F	5906.lswap-73851215f718.txt	R	1360	680	680	14	14	0
5906.up-1b0920685429.txt	F	5906.lswap-964ebce5847f.txt	R	1360	680	680	14	14	0
5906.up-1b0920685429.txt	F	5906.up-37ac2db82134.txt	F	1360	680	680	14	14	0
5906.up-1b0920685429.txt	F	5906.up-37ac2db82134.txt	R	1360	680	680	14	14	0
5906.up-1b0920685429.txt	F	5906.up-e948752d6a32.txt	F	1360	680	680	14	14	0
5906.up-1b0920685429.txt	F	5906.up-e948752d6a32.txt	R	1360	680	680	14	14	0
5906.up-1b0920685429.txt	R	5906.lswap-25cebe1ff658.txt	F	1360	680	680	14	14	0
5906.up-1b0920685429.txt	R	5906.lswap-3c791ffa671d.txt	F	1360	680	680	14	14	0
5906.up-1b0920685429.txt	R	5906.lswap-73851215f718.txt	R	1360	680	680	14	14	0
5906.up-1b0920685429.txt	R	5906.lswap-964ebce5847f.txt	R	1360	680	680	14	14	0
5906.up-1b0920685429.txt	R	5906.up-37ac2db82134.txt	F	1360	680	680	14	14	0
5906.up-1b0920685429.txt	R	5906.up-37ac2db82134.txt	R	1360	680	680	14	14	0
5906.up-1b0920685429.txt	R	5906.up-e948752d6a32.txt	F	1360	680	680	14	14	0
5906.up-1b0920685429.txt	R	5906.up-e948752d6a32.txt	R	1360	680	680	14	14	0
5906.up-1b0920685429.txt	F	5906.lswap-6008b60b1c2c.txt	F	1364	682	682	14	14	0
5906.up-1b0920685429.txt	F	5906.lswap-d515e64b87be.txt	R	1364	682	682	14	14	0
5906.up-1b0920685429.txt	F	5906.lswap-f8f86258580e.txt	R	1364	682	682	14	14	0
5906.up-1b0920685429.txt	F	5906.up-02d771908307.txt	F	1364	682	682	14	14	0
5906.up-1b0920685429.txt	F	5906.up-02d771908307.txt	R	1364	682	682	14	14	0
5906.up-1b0920685429.txt	R	5906.lswap-6008b60b1c2c.txt	F	1364	682	682	14	14	0
5906.up-1b0920685429.txt	R	5906.lswap-d515e64b87be.txt	R	1364	682	682	14	14	0
5906.up-1b0920685429.txt	R	5906.lswap-f8f86258580e.txt	R	1364	682	682	14	14	0
5906.up-1b0920685429.txt	R	5906.up-02d771908307.txt	F	1364	682	682	14	14	0
5906.up-1b0920685429.txt	R	5906.up-02d771908307.txt	R	1364	682	682	14	14	0
5906.up-1b0920685429.txt	F	5906.lswap-5764c730eaee.txt	R	1368	684	684	14	14	0
5906.up-1b0920685429.txt	F	5906.lswap-a28e203d65dc.txt	F	1368	684	684	14	14	0
5906.up-1b0920685429.txt	F	5906.lswap-aa52880fc9e0.txt	R	1368	684	684	14	14	0
5906.up-1b0920685429.txt	F	5906.lswap-cf5ecb0e9ecc.txt	F	1368	684	684	14	14	0
5906.up-1b0920685429.txt	F	5906.up-a235b0e09b6c.txt	F	1368	684	684	14	14	0
5906.up-1b0920685429.txt	F	5906.up-a235b0e09b6c.txt	R	1368	684	684	14	14	0
5906.up-1b0920685429.txt	R	5906.lswap-5764c730eaee.txt	R	1368	684	684	14	14	0
5906.up-1b0920685429.txt	R	5906.lswap-a28e203d65dc.txt	F	1368	684	684	14	14	0
5906.up-1b0920685429.txt	R	5906.lswap-aa52880fc9e0.txt	R	1368	684	684	14	14	0
5906.up-1b0920685429.txt	R	5906.lswap-cf5ecb0e9ecc.txt	F	1368	684	684	14	14	0
5906.up-1b0920685429.txt	R	5906.up-a235b0e09b6c.txt	F	1368	684	684	14	14	0
5906.up-1b0920685429.txt	R	5906.up-a235b0e09b6c.txt	R	1368	684	684	14	14	0
5906.up-1b0920685429.txt	F	5906.lswap-2fb529601be6.txt	R	1372	686	686	14	14	0
5906.up-1b0920685429.txt	F	5906.lswap-469763027c57.txt	F	1372	686	686	14	14	0
5906.up-1b0920685429.txt	F	5906.lswap-7602ba885180.txt	F	1372	686	686	14	14	0
5906.up-1b0920685429.txt	F	5906.lswap-e21e24656b8e.txt	R	1372	686	686	14	14	0
5906.up-1b0920685429.txt	F	5906.up-a001786e5861.txt	F	1372	686	686	14	14	0
5906.up-1b0920685429.txt	F	5906.up-a001786e5861.txt	R	1372	686	686	14	14	0
5906.up-1b0920685429.txt	F	5906.up-aed220b1ebc4.txt	F	1372	686	686	14	14	0
5906.up-1b0920685429.txt	F	5906.up-aed220b1ebc4.txt	R	1372	686	686	14	14	0
5906.up-1b0920685429.txt	R	5906.lswap-2fb529601be6.txt	R	1372	686	686	14	14	0
5906.up-1b0920685429.txt	R	5906.lswap-469763027c57.txt	F	1372	686	686	14	14	0
5906.up-1b0920685429.txt	R	5906.lswap-7602ba885180.txt	F	1372	686	686	14	14	0
5906.up-1b0920685429.txt	R	5906.lswap-e21e24656b8e.txt	R	1372	686	686	14	14	0
5906.up-1b0920685429.txt	R	5906.up-a001786e5861.txt	F	1372	686	686	14	14	0
5906.up-1b0920685429.txt	R	5906.up-a001786e5861.txt	R	1372	686	686	14	14	0
5906.up-1b0920685429.txt	R	5906.up-aed220b1ebc4.txt	F	1372	686	686	14	14	0
5906.up-1b0920685429.txt	R	5906.up-aed220b1ebc4.txt	R	1372	686	686	14	14	0
5906.up-1b0920685429.txt	F	5906.lswap-4a581202d46c.txt	R	1376	688	688	14	14	0
5906.up-1b0920685429.txt	F	5906.lswap-9bd2a50baa0e.txt	F	1376	688	688	14	14	0
5906.up-1b0920685429.txt	F	5906.up-1b8244ba04bb.txt	F	1376	691	685	14	20	0
5906.up-1b0920685429.txt	F	5906.up-1b8244ba04bb.txt	R	1376	691	685	14	20	0
5906.up-1b0920685429.txt	F	5906.up-756ff2ed09bd.txt	F	1376	688	688	14	14	0
5906.up-1b0920685429.txt	F	5906.up-756ff2ed09bd.txt	R	1376	688	688	14	14	0
5906.up-1b0920685429.txt	F	5906.up-9a915a83c416.txt	F	1376	688	688	14	14	0
5906.up-1b0920685429.txt	F	5906.up-9a915a83c416.txt	R	1376	688	688	14	14	0
5906.up-1b0920685429.txt	F	5906.up-dab493384582.txt	F	1376	688	688	14	14	0
5906.up-1b0920685429.txt	F	5906.up-dab493384582.txt	R	1376	688	688	14	14	0
5906.up-1b0920685429.txt	R	5906.lswap-4a581202d46c.txt	R	1376	688	688	14	14	0
5906.up-1b0920685429.txt	R	5906.lswap-9bd2a50baa0e.txt	F	1376	688	688	14	14	0
5906.up-1b0920685429.txt	R	5906.up-1b8244ba04bb.txt	F	1376	691	685	14	20	0
5906.up-1b0920685429.txt	R	5906.up-1b8244ba04bb.txt	R	1376	691	685	14	20	0
5906.up-1b0920685429.txt	R	5906.up-756ff2ed09bd.txt	F	1376	688	688	14	14	0
5906.up-1b0920685429.txt	R	5906.up-756ff2ed09bd.txt	R	1376	688	688	14	14	0
5906.up-1b0920685429.txt	R	5906.up-9a915a83c416.txt	F	1376	688	688	14	14	0
5906.up-1b0920685429.txt	R	5906.up-9a915a83c416.txt	R	1376	688	688	14	14	0
5906.up-1b0920685429.txt	R	5906.up-dab493384582.txt	F	1376	688	688	14	14	0
5906.up-1b0920685429.txt	R	5906.up-dab493384582.txt	R	1376	688	688	14	14	0
5906.up-1b0920685429.txt	F	5906.rbnd-2641d60c9d5c.txt	F	1377	689	688	14	15	0
5906.up-1b0920685429.txt	F	5906.rbnd-c44d48fbd52c.txt	R	1377	689	688	14	15	0
5906.up-1b0920685429.txt	F	5906.rbnd-e9623244f6b1.txt	R	1377	689	688	14	15	0
5906.up-1b0920685429.txt	R	5906.rbnd-2641d60c9d5c.txt	F	1377	689	688	14	15	0
5906.up-1b0920685429.txt	R	5906.rbnd-c44d48fbd52c.txt	R	1377	689	688	14	15	0
5906.up-1b0920685429.txt	R	5906.rbnd-e9623244f6b1.txt	R	1377	689	688	14	15	0
5906.up-1b0920685429.txt	F	5906.lswap-25804d565b10.txt	F	1380	690	690	14	14	0
5906.up-1b0920685429.txt	F	5906.lswap-52f45c5e8e22.txt	R	1380	690	690	14	14	0
5906.up-1b0920685429.txt	F	5906.lswap-5a7a973564fd.txt	R	1380	690	690	14	14	0
5906.up-1b0920685429.txt	F	5906.lswap-6d7ea156bdcc.txt	R	1380	690	690	14	14	0
5906.up-1b0920685429.txt	F	5906.lswap-be4759bc731a.txt	R	1380	690	690	14	14	0
5906.up-1b0920685429.txt	F	5906.lswap-d252e4d38aa9.txt	R	1380	690	690	14	14	0
5906.up-1b0920685429.txt	F	5906.lswap-e0920da719d9.txt	F	1380	690	690	14	14	0
5906.up-1b0920685429.txt	F	5906.up-e65e244c83d3.txt	F	1380	690	690	14	14	0
5906.up-1b0920685429.txt	F	5906.up-e65e244c83d3.txt	R	1380	690	690	14	14	0
5906.up-1b0920685429.txt	F	5906.up-e94d2b57a7d4.txt	F	1380	690	690	14	14	0
5906.up-1b0920685429.txt	F	5906.up-e94d2b57a7d4.txt	R	1380	690	690	14	14	0
5906.up-1b0920685429.txt	R	5906.lswap-25804d565b10.txt	F	1380	690	690	14	14	0
5906.up-1b0920685429.txt	R	5906.lswap-52f45c5e8e22.txt	R	1380	690	690	14	14	0
5906.up-1b0920685429.txt	R	5906.lswap-5a7a973564fd.txt	R	1380	690	690	14	14	0
5906.up-1b0920685429.txt	R	5906.lswap-6d7ea156bdcc.txt	R	1380	690	690	14	14	0
5906.up-1b0920685429.txt	R	5906.lswap-be4759bc731a.txt	R	1380	690	690	14	14	0
5906.up-1b0920685429.txt	R	5906.lswap-d252e4d38aa9.txt	R	1380	690	690	14	14	0
5906.up-1b0920685429.txt	R	5906.lswap-e0920da719d9.txt	F	1380	690	690	14	14	0
5906.up-1b0920685429.txt	R	5906.up-e65e244c83d3.txt	F	1380	690	690	14	14	0
5906.up-1b0920685429.txt	R	5906.up-e65e244c83d3.txt	R	1380	690	690	14	14	0
5906.up-1b0920685429.txt	R	5906.up-e94d2b57a7d4.txt	F	1380	690	690	14	14	0
5906.up-1b0920685429.txt	R	5906.up-e94d2b57a7d4.txt	R	1380	690	690	14	14	0
5906.up-1b0920685429.txt	F	5906.lswap-25cebe1ff658.txt	R	1384	692	692	14	14	0
5906.up-1b0920685429.txt	F	5906.lswap-3d82ae1f2111.txt	R	1384	692	692	14	14	0
5906.up-1b0920685429.txt	F	5906.lswap-423441640591.txt	F	1384	692	692	14	14	0
5906.up-1b0920685429.txt	F	5906.lswap-821102adfff8.txt	F	1384	692	692	14	14	0
5906.up-1b0920685429.txt	F	5906.lswap-dcc866de4e11.txt	F	1384	692	692	14	14	0
5906.up-1b0920685429.txt	F	5906.up-e1680a9d0e30.txt	F	1384	692	692	14	14	0
5906.up-1b0920685429.txt	F	5906.up-e1680a9d0e30.txt	R	1384	692	692	14	14	0
5906.up-1b0920685429.txt	R	5906.lswap-25cebe1ff658.txt	R	1384	692	692	14	14	0
5906.up-1b0920685429.txt	R	5906.lswap-3d82ae1f2111.txt	R	1384	692	692	14	14	0
5906.up-1b0920685429.txt	R	5906.lswap-423441640591.txt	F	1384	692	692	14	14	0
5906.up-1b0920685429.txt	R	5906.lswap-821102adfff8.txt	F	1384	692	692	14	14	0
5906.up-1b0920685429.txt	R	5906.lswap-dcc866de4e11.txt	F	1384	692	692	14	14	0
5906.up-1b0920685429.txt	R	5906.up-e1680a9d0e30.txt	F	1384	692	692	14	14	0
5906.up-1b0920685429.txt	R	5906.up-e1680a9d0e30.txt	R	1384	692	692	14	14	0
5906.up-1b0920685429.txt	F	5906.lswap-17946ea8ba63.txt	R	1388	694	694	14	14	0
5906.up-1b0920685429.txt	F	5906.lswap-68a263f18066.txt	R	1388	694	694	14	14	0
5906.up-1b0920685429.txt	R	5906.lswap-17946ea8ba63.txt	R	1388	694	694	14	14	0
5906.up-1b0920685429.txt	R	5906.lswap-68a263f18066.txt	R	1388	694	694	14	14	0
5906.up-1b0920685429.txt	F	5906.lswap-4c179f65aa4b.txt	F	1392	696	696	14	14	0
5906.up-1b0920685429.txt	F	5906.lswap-5228890279ca.txt	R	1392	696	696	14	14	0
5906.up-1b0920685429.txt	F	5906.lswap-5a55d1641a86.txt	R	1392	696	696	14	14	0
5906.up-1b0920685429.txt	F	5906.lswap-e59a6239aa79.txt	F	1392	696	696	14	14	0
5906.up-1b0920685429.txt	F	5906.up-7824c044436e.txt	F	1392	696	696	14	14	0
5906.up-1b0920685429.txt	F	5906.up-7824c044436e.txt	R	1392	696	696	14	14	0
5906.up-1b0920685429.txt	R	5906.lswap-4c179f65aa4b.txt	F	1392	696	696	14	14	0
5906.up-1b0920685429.txt	R	5906.lswap-5228890279ca.txt	R	1392	696	696	14	14	0
5906.up-1b0920685429.txt	R	5906.lswap-5a55d1641a86.txt	R	1392	696	696	14	14	0
5906.up-1b0920685429.txt	R	5906.lswap-e59a6239aa79.txt	F	1392	696	696	14	14	0
5906.up-1b0920685429.txt	R	5906.up-7824c044436e.txt	F	1392	696	696	14	14	0
5906.up-1b0920685429.txt	R	5906.up-7824c044436e.txt	R	1392	696	696	14	14	0
5906.up-1b0920685429.txt	F	5906.lswap-6bd82af50a4e.txt	R	1404	702	702	14	14	0
5906.up-1b0920685429.txt	F	5906.lswap-b55f23a2f470.txt	F	1404	702	702	14	14	0
5906.up-1b0920685429.txt	F	5906.up-78d638be95ae.txt	F	1404	702	702	14	14	0
5906.up-1b0920685429.txt	F	5906.up-78d638be95ae.txt	R	1404	702	702	14	14	0
5906.up-1b0920685429.txt	R	5906.lswap-6bd82af50a4e.txt	R	1404	702	702	14	14	0
5906.up-1b0920685429.txt	R	5906.lswap-b55f23a2f470.txt	F	1404	702	702	14	14	0
5906.up-1b0920685429.txt	R	5906.up-78d638be95ae.txt	F	1404	702	702	14	14	0
5906.up-1b0920685429.txt	R	5906.up-78d638be95ae.txt	R	1404	702	702	14	14	0
5906.up-1b0920685429.txt	F	5906.lswap-7217a0cd3774.txt	F	1408	704	704	14	14	0
5906.up-1b0920685429.txt	F	5906.lswap-7bd46049981f.txt	F	1408	704	704	14	14	0
5906.up-1b0920685429.txt	R	5906.lswap-7217a0cd3774.txt	F	1408	704	704	14	14	0
5906.up-1b0920685429.txt	R	5906.lswap-7bd46049981f.txt	F	1408	704	704	14	14	0
5906.up-1b0920685429.txt	F	5906.up-8b8c8916a24a.txt	F	1412	707	705	17	19	0
5906.up-1b0920685429.txt	F	5906.up-8b8c8916a24a.txt	R	1412	707	705	17	19	0
5906.up-1b0920685429.txt	R	5906.up-8b8c8916a24a.txt	F	1412	707	705	17	19	0
5906.up-1b0920685429.txt	R	5906.up-8b8c8916a24a.txt	R	1412	707	705	17	19	0
5906.up-1b0920685429.txt	F	5906.rbnd-e9623244f6b1.txt	F	1413	707	706	17	18	0
5906.up-1b0920685429.txt	R	5906.rbnd-e9623244f6b1.txt	F	1413	707	706	17	18	0
5906.up-1b0920685429.txt	F	5906.i4a-50d865ca7907.txt	R	1415	712	703	15	24	0
5906.up-1b0920685429.txt	R	5906.i4a-50d865ca7907.txt	R	1415	712	703	15	24	0
5906.up-1b0920685429.txt	F	5906.lswap-17203113788c.txt	R	1416	708	708	14	14	0
5906.up-1b0920685429.txt	F	5906.lswap-3baeeea281f2.txt	F	1416	708	708	14	14	0
5906.up-1b0920685429.txt	F	5906.up-890b6674bd25.txt	F	1416	712	704	15	23	0
5906.up-1b0920685429.txt	F	5906.up-890b6674bd25.txt	R	1416	712	704	15	23	0
5906.up-1b0920685429.txt	F	5906.up-da93a66cd37b.txt	F	1416	708	708	14	14	0
5906.up-1b0920685429.txt	F	5906.up-da93a66cd37b.txt	R	1416	708	708	14	14	0
5906.up-1b0920685429.txt	R	5906.lswap-17203113788c.txt	R	1416	708	708	14	14	0
5906.up-1b0920685429.txt	R	5906.lswap-3baeeea281f2.txt	F	1416	708	708	14	14	0
5906.up-1b0920685429.txt	R	5906.up-890b6674bd25.txt	F	1416	712	704	15	23	0
5906.up-1b0920685429.txt	R	5906.up-890b6674bd25.txt	R	1416	712	704	15	23	0
5906.up-1b0920685429.txt	R	5906.up-da93a66cd37b.txt	F	1416	708	708	14	14	0
5906.up-1b0920685429.txt	R	5906.up-da93a66cd37b.txt	R	1416	708	708	14	14	0
5906.up-1b0920685429.txt	F	5906.i4a-50d865ca7907.txt	F	1417	713	704	15	24	0
5906.up-1b0920685429.txt	R	5906.i4a-50d865ca7907.txt	F	1417	713	704	15	24	0
5906.up-1b0920685429.txt	F	5906.i4a-b99b1d60f13e.txt	R	1427	718	709	15	24	0
5906.up-1b0920685429.txt	R	5906.i4a-b99b1d60f13e.txt	R	1427	718	709	15	24	0
5906.up-1b0920685429.txt	F	5906.lswap-20db05a5b51e.txt	F	1428	714	714	14	14	0
5906.up-1b0920685429.txt	F	5906.up-3ba99c5557bb.txt	F	1428	714	714	14	14	0
5906.up-1b0920685429.txt	F	5906.up-3ba99c5557bb.txt	R	1428	714	714	14	14	0
5906.up-1b0920685429.txt	F	5906.up-d0b9281ca469.txt	F	1428	718	710	15	23	0
5906.up-1b0920685429.txt	F	5906.up-d0b9281ca469.txt	R	1428	718	710	15	23	0
5906.up-1b0920685429.txt	R	5906.lswap-20db05a5b51e.txt	F	1428	714	714	14	14	0
5906.up-1b0920685429.txt	R	5906.up-3ba99c5557bb.txt	F	1428	714	714	14	14	0
5906.up-1b0920685429.txt	R	5906.up-3ba99c5557bb.txt	R	1428	714	714	14	14	0
5906.up-1b0920685429.txt	R	5906.up-d0b9281ca469.txt	F	1428	718	710	15	23	0
5906.up-1b0920685429.txt	R	5906.up-d0b9281ca469.txt	R	1428	718	710	15	23	0
5906.up-1b0920685429.txt	F	5906.i4a-b99b1d60f13e.txt	F	1429	719	710	15	24	0
5906.up-1b0920685429.txt	R	5906.i4a-b99b1d60f13e.txt	F	1429	719	710	15	24	0
5906.up-1b8244ba04bb.txt	F	5906.rbnd-2641d60c9d5c.txt	R	1077	536	541	21	16	0
5906.up-1b8244ba04bb.txt	R	5906.rbnd-2641d60c9d5c.txt	R	1077	536	541	21	16	0
5906.up-1b8244ba04bb.txt	F	5906.lswap-f4c2deec7c96.txt	R	1078	537	541	20	16	0
5906.up-1b8244ba04bb.txt	R	5906.lswap-f4c2deec7c96.txt	R	1078	537	541	20	16	0
5906.up-1b8244ba04bb.txt	F	5906.rbnd-0dad091b8ac4.txt	F	1113	554	559	21	16	0
5906.up-1b8244ba04bb.txt	F	5906.rbnd-c44d48fbd52c.txt	F	1113	554	559	21	16	0
5906.up-1b8244ba04bb.txt	R	5906.rbnd-0dad091b8ac4.txt	F	1113	554	559	21	16	0
5906.up-1b8244ba04bb.txt	R	5906.rbnd-c44d48fbd52c.txt	F	1113	554	559	21	16	0
5906.up-1b8244ba04bb.txt	F	5906.lswap-f4c2deec7c96.txt	F	1114	555	559	20	16	0
5906.up-1b8244ba04bb.txt	F	5906.up-331228e22360.txt	F	1114	555	559	20	16	0
5906.up-1b8244ba04bb.txt	F	5906.up-331228e22360.txt	R	1114	555	559	20	16	0
5906.up-1b8244ba04bb.txt	R	5906.lswap-f4c2deec7c96.txt	F	1114	555	559	20	16	0
5906.up-1b8244ba04bb.txt	R	5906.up-331228e22360.txt	F	1114	555	559	20	16	0
5906.up-1b8244ba04bb.txt	R	5906.up-331228e22360.txt	R	1114	555	559	20	16	0
5906.up-1b8244ba04bb.txt	F	5906.rbnd-e9623244f6b1.txt	F	1221	608	613	21	16	0
5906.up-1b8244ba04bb.txt	R	5906.rbnd-e9623244f6b1.txt	F	1221	608	613	21	16	0
5906.up-1b8244ba04bb.txt	F	5906.up-8b8c8916a24a.txt	F	1222	609	613	20	16	0
5906.up-1b8244ba04bb.txt	F	5906.up-8b8c8916a24a.txt	R	1222	609	613	20	16	0
5906.up-1b8244ba04bb.txt	R	5906.up-8b8c8916a24a.txt	F	1222	609	613	20	16	0
5906.up-1b8244ba04bb.txt	R	5906.up-8b8c8916a24a.txt	R	1222	609	613	20	16	0
5906.up-1b8244ba04bb.txt	F	5906.up-f8d1e70c6a52.txt	F	1234	616	618	20	18	0
5906.up-1b8244ba04bb.txt	F	5906.up-f8d1e70c6a52.txt	R	1234	616	618	20	18	0
5906.up-1b8244ba04bb.txt	R	5906.up-f8d1e70c6a52.txt	F	1234	616	618	20	18	0
5906.up-1b8244ba04bb.txt	R	5906.up-f8d1e70c6a52.txt	R	1234	616	618	20	18	0
5906.up-1b8244ba04bb.txt	F	5906.i4a-50d865ca7907.txt	R	1237	620	617	21	24	0
5906.up-1b8244ba04bb.txt	R	5906.i4a-50d865ca7907.txt	R	1237	620	617	21	24	0
5906.up-1b8244ba04bb.txt	F	5906.up-890b6674bd25.txt	F	1238	620	618	21	23	0
5906.up-1b8244ba04bb.txt	F	5906.up-890b6674bd25.txt	R	1238	620	618	21	23	0
5906.up-1b8244ba04bb.txt	R	5906.up-890b6674bd25.txt	F	1238	620	618	21	23	0
5906.up-1b8244ba04bb.txt	R	5906.up-890b6674bd25.txt	R	1238	620	618	21	23	0
5906.up-1b8244ba04bb.txt	F	5906.i4a-50d865ca7907.txt	F	1239	621	618	21	24	0
5906.up-1b8244ba04bb.txt	R	5906.i4a-50d865ca7907.txt	F	1239	621	618	21	24	0
5906.up-1b8244ba04bb.txt	F	5906.i4a-b99b1d60f13e.txt	R	1249	626	623	21	24	0
5906.up-1b8244ba04bb.txt	R	5906.i4a-b99b1d60f13e.txt	R	1249	626	623	21	24	0
5906.up-1b8244ba04bb.txt	F	5906.up-d0b9281ca469.txt	F	1250	626	624	21	23	0
5906.up-1b8244ba04bb.txt	F	5906.up-d0b9281ca469.txt	R	1250	626	624	21	23	0
5906.up-1b8244ba04bb.txt	R	5906.up-d0b9281ca469.txt	F	1250	626	624	21	23	0
5906.up-1b8244ba04bb.txt	R	5906.up-d0b9281ca469.txt	R	1250	626	624	21	23	0
5906.up-1b8244ba04bb.txt	F	5906.i4a-b99b1d60f13e.txt	F	1251	627	624	21	24	0
5906.up-1b8244ba04bb.txt	R	5906.i4a-b99b1d60f13e.txt	F	1251	627	624	21	24	0
5906.up-1b8244ba04bb.txt	F	5906.i4a-7f46c8149026.txt	F	1257	628	629	20	19	0
5906.up-1b8244ba04bb.txt	F	5906.i4a-7f46c8149026.txt	R	1257	628	629	20	19	0
5906.up-1b8244ba04bb.txt	R	5906.i4a-7f46c8149026.txt	F	1257	628	629	20	19	0
5906.up-1b8244ba04bb.txt	R	5906.i4a-7f46c8149026.txt	R	1257	628	629	20	19	0
5906.up-1b8244ba04bb.txt	F	5906.up-6a142cb8e27d.txt	F	1258	628	630	20	18	0
5906.up-1b8244ba04bb.txt	F	5906.up-6a142cb8e27d.txt	R	1258	628	630	20	18	0
5906.up-1b8244ba04bb.txt	R	5906.up-6a142cb8e27d.txt	F	1258	628	630	20	18	0
5906.up-1b8244ba04bb.txt	R	5906.up-6a142cb8e27d.txt	R	1258	628	630	20	18	0
5906.up-1b8244ba04bb.txt	F	5906.lswap-9bd2a50baa0e.txt	R	1260	627	633	20	14	0
5906.up-1b8244ba04bb.txt	R	5906.lswap-9bd2a50baa0e.txt	R	1260	627	633	20	14	0
5906.up-1b8244ba04bb.txt	F	5906.rbnd-0dad091b8ac4.txt	R	1261	628	633	20	15	0
5906.up-1b8244ba04bb.txt	R	5906.rbnd-0dad091b8ac4.txt	R	1261	628	633	20	15	0
5906.up-1b8244ba04bb.txt	F	5906.up-f0a3bb335ed9.txt	F	1262	628	634	20	14	0
5906.up-1b8244ba04bb.txt	F	5906.up-f0a3bb335ed9.txt	R	1262	628	634	20	14	0
5906.up-1b8244ba04bb.txt	R	5906.up-f0a3bb335ed9.txt	F	1262	628	634	20	14	0
5906.up-1b8244ba04bb.txt	R	5906.up-f0a3bb335ed9.txt	R	1262	628	634	20	14	0
5906.up-1b8244ba04bb.txt	F	5906.lswap-1f8e06e3e616.txt	R	1269	634	635	20	19	0
5906.up-1b8244ba04bb.txt	F	5906.lswap-760f8ed53670.txt	F	1269	634	635	20	19	0
5906.up-1b8244ba04bb.txt	R	5906.lswap-1f8e06e3e616.txt	R	1269	634	635	20	19	0
5906.up-1b8244ba04bb.txt	R	5906.lswap-760f8ed53670.txt	F	1269	634	635	20	19	0
5906.up-1b8244ba04bb.txt	F	5906.lswap-0d13fc4a8a4a.txt	R	1270	634	636	20	18	0
5906.up-1b8244ba04bb.txt	F	5906.lswap-10f62906b166.txt	F	1270	635	635	20	20	0
5906.up-1b8244ba04bb.txt	F	5906.lswap-637b5054102a.txt	F	1270	634	636	20	18	0
5906.up-1b8244ba04bb.txt	F	5906.lswap-637b5054102a.txt	R	1270	634	636	20	18	0
5906.up-1b8244ba04bb.txt	F	5906.up-6f42b3603dac.txt	F	1270	634	636	20	18	0
5906.up-1b8244ba04bb.txt	F	5906.up-6f42b3603dac.txt	R	1270	634	636	20	18	0
5906.up-1b8244ba04bb.txt	F	5906.up-7f9a93193f10.txt	F	1270	634	636	20	18	0
5906.up-1b8244ba04bb.txt	F	5906.up-7f9a93193f10.txt	R	1270	634	636	20	18	0
5906.up-1b8244ba04bb.txt	R	5906.lswap-0d13fc4a8a4a.txt	R	1270	634	636	20	18	0
5906.up-1b8244ba04bb.txt	R	5906.lswap-10f62906b166.txt	F	1270	635	635	20	20	0
5906.up-1b8244ba04bb.txt	R	5906.lswap-637b5054102a.txt	F	1270	634	636	20	18	0
5906.up-1b8244ba04bb.txt	R	5906.lswap-637b5054102a.txt	R	1270	634	636	20	18	0
5906.up-1b8244ba04bb.txt	R	5906.up-6f42b3603dac.txt	F	1270	634	636	20	18	0
5906.up-1b8244ba04bb.txt	R	5906.up-6f42b3603dac.txt	R	1270	634	636	20	18	0
5906.up-1b8244ba04bb.txt	R	5906.up-7f9a93193f10.txt	F	1270	634	636	20	18	0
5906.up-1b8244ba04bb.txt	R	5906.up-7f9a93193f10.txt	R	1270	634	636	20	18	0
5906.up-1b8244ba04bb.txt	F	5906.up-756ff2ed09bd.txt	F	1272	633	639	20	14	0
5906.up-1b8244ba04bb.txt	F	5906.up-756ff2ed09bd.txt	R	1272	633	639	20	14	0
5906.up-1b8244ba04bb.txt	R	5906.up-756ff2ed09bd.txt	F	1272	633	639	20	14	0
5906.up-1b8244ba04bb.txt	R	5906.up-756ff2ed09bd.txt	R	1272	633	639	20	14	0
5906.up-1b8244ba04bb.txt	F	5906.rbnd-c44d48fbd52c.txt	R	1273	634	639	20	15	0
5906.up-1b8244ba04bb.txt	R	5906.rbnd-c44d48fbd52c.txt	R	1273	634	639	20	15	0
5906.up-1b8244ba04bb.txt	F	5906.lswap-fde8e0f0f322.txt	F	1274	634	640	20	14	0
5906.up-1b8244ba04bb.txt	F	5906.lswap-fde8e0f0f322.txt	R	1274	634	640	20	14	0
5906.up-1b8244ba04bb.txt	R	5906.lswap-fde8e0f0f322.txt	F	1274	634	640	20	14	0
5906.up-1b8244ba04bb.txt	R	5906.lswap-fde8e0f0f322.txt	R	1274	634	640	20	14	0
5906.up-1b8244ba04bb.txt	F	5906.i4a-29c55ed5fbf6.txt	F	1281	640	641	20	19	0
5906.up-1b8244ba04bb.txt	F	5906.i4a-29c55ed5fbf6.txt	R	1281	640	641	20	19	0
5906.up-1b8244ba04bb.txt	F	5906.lswap-1f8e06e3e616.txt	F	1281	640	641	20	19	0
5906.up-1b8244ba04bb.txt	F	5906.lswap-6dc582bac458.txt	F	1281	640	641	20	19	0
5906.up-1b8244ba04bb.txt	F	5906.lswap-760f8ed53670.txt	R	1281	640	641	20	19	0
5906.up-1b8244ba04bb.txt	F	5906.lswap-ebd38bf2c1cd.txt	R	1281	640	641	20	19	0
5906.up-1b8244ba04bb.txt	R	5906.i4a-29c55ed5fbf6.txt	F	1281	640	641	20	19	0
5906.up-1b8244ba04bb.txt	R	5906.i4a-29c55ed5fbf6.txt	R	1281	640	641	20	19	0
5906.up-1b8244ba04bb.txt	R	5906.lswap-1f8e06e3e616.txt	F	1281	640	641	20	19	0
5906.up-1b8244ba04bb.txt	R	5906.lswap-6dc582bac458.txt	F	1281	640	641	20	19	0
5906.up-1b8244ba04bb.txt	R	5906.lswap-760f8ed53670.txt	R	1281	640	641	20	19	0
5906.up-1b8244ba04bb.txt	R	5906.lswap-ebd38bf2c1cd.txt	R	1281	640	641	20	19	0
5906.up-1b8244ba04bb.txt	F	5906.lswap-0d13fc4a8a4a.txt	F	1282	640	642	20	18	0
5906.up-1b8244ba04bb.txt	F	5906.lswap-67fc5c2184ab.txt	R	1282	641	641	20	20	0
5906.up-1b8244ba04bb.txt	F	5906.lswap-8f58c699a11d.txt	F	1282	641	641	20	20	0
5906.up-1b8244ba04bb.txt	F	5906.lswap-cf8339eb5ca7.txt	R	1282	640	642	20	18	0
5906.up-1b8244ba04bb.txt	F	5906.up-bd458e7fc19e.txt	F	1282	640	642	20	18	0
5906.up-1b8244ba04bb.txt	F	5906.up-bd458e7fc19e.txt	R	1282	640	642	20	18	0
5906.up-1b8244ba04bb.txt	R	5906.lswap-0d13fc4a8a4a.txt	F	1282	640	642	20	18	0
5906.up-1b8244ba04bb.txt	R	5906.lswap-67fc5c2184ab.txt	R	1282	641	641	20	20	0
5906.up-1b8244ba04bb.txt	R	5906.lswap-8f58c699a11d.txt	F	1282	641	641	20	20	0
5906.up-1b8244ba04bb.txt	R	5906.lswap-cf8339eb5ca7.txt	R	1282	640	642	20	18	0
5906.up-1b8244ba04bb.txt	R	5906.up-bd458e7fc19e.txt	F	1282	640	642	20	18	0
5906.up-1b8244ba04bb.txt	R	5906.up-bd458e7fc19e.txt	R	1282	640	642	20	18	0
5906.up-1b8244ba04bb.txt	F	5906.lswap-9bd2a50baa0e.txt	F	1284	639	645	20	14	0
5906.up-1b8244ba04bb.txt	R	5906.lswap-9bd2a50baa0e.txt	F	1284	639	645	20	14	0
5906.up-1b8244ba04bb.txt	F	5906.rbnd-2641d60c9d5c.txt	F	1285	640	645	20	15	0
5906.up-1b8244ba04bb.txt	R	5906.rbnd-2641d60c9d5c.txt	F	1285	640	645	20	15	0
5906.up-1b8244ba04bb.txt	F	5906.up-4c3eef44600b.txt	F	1286	640	646	20	14	0
5906.up-1b8244ba04bb.txt	F	5906.up-4c3eef44600b.txt	R	1286	640	646	20	14	0
5906.up-1b8244ba04bb.txt	F	5906.up-55058cab6cba.txt	F	1286	640	646	20	14	0
5906.up-1b8244ba04bb.txt	F	5906.up-55058cab6cba.txt	R	1286	640	646	20	14	0
5906.up-1b8244ba04bb.txt	R	5906.up-4c3eef44600b.txt	F	1286	640	646	20	14	0
5906.up-1b8244ba04bb.txt	R	5906.up-4c3eef44600b.txt	R	1286	640	646	20	14	0
5906.up-1b8244ba04bb.txt	R	5906.up-55058cab6cba.txt	F	1286	640	646	20	14	0
5906.up-1b8244ba04bb.txt	R	5906.up-55058cab6cba.txt	R	1286	640	646	20	14	0
5906.up-1b8244ba04bb.txt	F	5906.up-3ba99c5557bb.txt	F	1292	643	649	20	14	0
5906.up-1b8244ba04bb.txt	F	5906.up-3ba99c5557bb.txt	R	1292	643	649	20	14	0
5906.up-1b8244ba04bb.txt	F	5906.up-dab493384582.txt	F	1292	643	649	20	14	0
5906.up-1b8244ba04bb.txt	F	5906.up-dab493384582.txt	R	1292	643	649	20	14	0
5906.up-1b8244ba04bb.txt	R	5906.up-3ba99c5557bb.txt	F	1292	643	649	20	14	0
5906.up-1b8244ba04bb.txt	R	5906.up-3ba99c5557bb.txt	R	1292	643	649	20	14	0
5906.up-1b8244ba04bb.txt	R	5906.up-dab493384582.txt	F	1292	643	649	20	14	0
5906.up-1b8244ba04bb.txt	R	5906.up-dab493384582.txt	R	1292	643	649	20	14	0
5906.up-1b8244ba04bb.txt	F	5906.i4a-66637a3b8941.txt	F	1293	646	647	20	19	0
5906.up-1b8244ba04bb.txt	F	5906.i4a-66637a3b8941.txt	R	1293	646	647	20	19	0
5906.up-1b8244ba04bb.txt	F	5906.i4a-c1080e26f60c.txt	F	1293	646	647	20	19	0
5906.up-1b8244ba04bb.txt	F	5906.i4a-c1080e26f60c.txt	R	1293	646	647	20	19	0
5906.up-1b8244ba04bb.txt	F	5906.lswap-6dc582bac458.txt	R	1293	646	647	20	19	0
5906.up-1b8244ba04bb.txt	F	5906.lswap-ebd38bf2c1cd.txt	F	1293	646	647	20	19	0
5906.up-1b8244ba04bb.txt	F	5906.rbnd-e9623244f6b1.txt	R	1293	644	649	20	15	0
5906.up-1b8244ba04bb.txt	R	5906.i4a-66637a3b8941.txt	F	1293	646	647	20	19	0
5906.up-1b8244ba04bb.txt	R	5906.i4a-66637a3b8941.txt	R	1293	646	647	20	19	0
5906.up-1b8244ba04bb.txt	R	5906.i4a-c1080e26f60c.txt	F	1293	646	647	20	19	0
5906.up-1b8244ba04bb.txt	R	5906.i4a-c1080e26f60c.txt	R	1293	646	647	20	19	0
5906.up-1b8244ba04bb.txt	R	5906.lswap-6dc582bac458.txt	R	1293	646	647	20	19	0
5906.up-1b8244ba04bb.txt	R	5906.lswap-ebd38bf2c1cd.txt	F	1293	646	647	20	19	0
5906.up-1b8244ba04bb.txt	R	5906.rbnd-e9623244f6b1.txt	R	1293	644	649	20	15	0
5906.up-1b8244ba04bb.txt	F	5906.lswap-06f4ba2c8122.txt	R	1294	647	647	20	20	0
5906.up-1b8244ba04bb.txt	F	5906.lswap-09c105553d61.txt	R	1294	647	647	20	20	0
5906.up-1b8244ba04bb.txt	F	5906.lswap-3a55a72f70d6.txt	R	1294	647	647	20	20	0
5906.up-1b8244ba04bb.txt	F	5906.lswap-cf8339eb5ca7.txt	F	1294	646	648	20	18	0
5906.up-1b8244ba04bb.txt	F	5906.up-1206598d1ff0.txt	F	1294	646	648	20	18	0
5906.up-1b8244ba04bb.txt	F	5906.up-1206598d1ff0.txt	R	1294	646	648	20	18	0
5906.up-1b8244ba04bb.txt	F	5906.up-56126e7237c3.txt	F	1294	646	648	20	18	0
5906.up-1b8244ba04bb.txt	F	5906.up-56126e7237c3.txt	R	1294	646	648	20	18	0
5906.up-1b8244ba04bb.txt	R	5906.lswap-06f4ba2c8122.txt	R	1294	647	647	20	20	0
5906.up-1b8244ba04bb.txt	R	5906.lswap-09c105553d61.txt	R	1294	647	647	20	20	0
5906.up-1b8244ba04bb.txt	R	5906.lswap-3a55a72f70d6.txt	R	1294	647	647	20	20	0
5906.up-1b8244ba04bb.txt	R	5906.lswap-cf8339eb5ca7.txt	F	1294	646	648	20	18	0
5906.up-1b8244ba04bb.txt	R	5906.up-1206598d1ff0.txt	F	1294	646	648	20	18	0
5906.up-1b8244ba04bb.txt	R	5906.up-1206598d1ff0.txt	R	1294	646	648	20	18	0
5906.up-1b8244ba04bb.txt	R	5906.up-56126e7237c3.txt	F	1294	646	648	20	18	0
5906.up-1b8244ba04bb.txt	R	5906.up-56126e7237c3.txt	R	1294	646	648	20	18	0
5906.up-1b8244ba04bb.txt	F	5906.up-c2286e4674af.txt	F	1300	647	653	20	14	0
5906.up-1b8244ba04bb.txt	F	5906.up-c2286e4674af.txt	R	1300	647	653	20	14	0
5906.up-1b8244ba04bb.txt	R	5906.up-c2286e4674af.txt	F	1300	647	653	20	14	0
5906.up-1b8244ba04bb.txt	R	5906.up-c2286e4674af.txt	R	1300	647	653	20	14	0
5906.up-1b8244ba04bb.txt	F	5906.lswap-20db05a5b51e.txt	F	1304	649	655	20	14	0
5906.up-1b8244ba04bb.txt	F	5906.lswap-aea48ef05d9e.txt	R	1304	649	655	20	14	0
5906.up-1b8244ba04bb.txt	F	5906.up-78d638be95ae.txt	F	1304	649	655	20	14	0
5906.up-1b8244ba04bb.txt	F	5906.up-78d638be95ae.txt	R	1304	649	655	20	14	0
5906.up-1b8244ba04bb.txt	F	5906.up-abe33e328763.txt	F	1304	649	655	20	14	0
5906.up-1b8244ba04bb.txt	F	5906.up-abe33e328763.txt	R	1304	649	655	20	14	0
5906.up-1b8244ba04bb.txt	R	5906.lswap-20db05a5b51e.txt	F	1304	649	655	20	14	0
5906.up-1b8244ba04bb.txt	R	5906.lswap-aea48ef05d9e.txt	R	1304	649	655	20	14	0
5906.up-1b8244ba04bb.txt	R	5906.up-78d638be95ae.txt	F	1304	649	655	20	14	0
5906.up-1b8244ba04bb.txt	R	5906.up-78d638be95ae.txt	R	1304	649	655	20	14	0
5906.up-1b8244ba04bb.txt	R	5906.up-abe33e328763.txt	F	1304	649	655	20	14	0
5906.up-1b8244ba04bb.txt	R	5906.up-abe33e328763.txt	R	1304	649	655	20	14	0
5906.up-1b8244ba04bb.txt	F	5906.lswap-9bf7e32c6472.txt	R	1306	653	653	20	20	0
5906.up-1b8244ba04bb.txt	F	5906.lswap-9f885c2a5e20.txt	R	1306	653	653	20	20	0
5906.up-1b8244ba04bb.txt	F	5906.lswap-db110b7302cf.txt	F	1306	653	653	20	20	0
5906.up-1b8244ba04bb.txt	F	5906.up-6597315411ea.txt	F	1306	653	653	20	20	0
5906.up-1b8244ba04bb.txt	F	5906.up-6597315411ea.txt	R	1306	653	653	20	20	0
5906.up-1b8244ba04bb.txt	R	5906.lswap-9bf7e32c6472.txt	R	1306	653	653	20	20	0
5906.up-1b8244ba04bb.txt	R	5906.lswap-9f885c2a5e20.txt	R	1306	653	653	20	20	0
5906.up-1b8244ba04bb.txt	R	5906.lswap-db110b7302cf.txt	F	1306	653	653	20	20	0
5906.up-1b8244ba04bb.txt	R	5906.up-6597315411ea.txt	F	1306	653	653	20	20	0
5906.up-1b8244ba04bb.txt	R	5906.up-6597315411ea.txt	R	1306	653	653	20	20	0
5906.up-1b8244ba04bb.txt	F	5906.lswap-3d82ae1f2111.txt	F	1310	652	658	20	14	0
5906.up-1b8244ba04bb.txt	F	5906.lswap-7217a0cd3774.txt	R	1310	652	658	20	14	0
5906.up-1b8244ba04bb.txt	F	5906.lswap-7bd46049981f.txt	R	1310	652	658	20	14	0
5906.up-1b8244ba04bb.txt	F	5906.lswap-dcc866de4e11.txt	R	1310	652	658	20	14	0
5906.up-1b8244ba04bb.txt	R	5906.lswap-3d82ae1f2111.txt	F	1310	652	658	20	14	0
5906.up-1b8244ba04bb.txt	R	5906.lswap-7217a0cd3774.txt	R	1310	652	658	20	14	0
5906.up-1b8244ba04bb.txt	R	5906.lswap-7bd46049981f.txt	R	1310	652	658	20	14	0
5906.up-1b8244ba04bb.txt	R	5906.lswap-dcc866de4e11.txt	R	1310	652	658	20	14	0
5906.up-1b8244ba04bb.txt	F	5906.lswap-28b97fbb68d1.txt	R	1314	657	657	20	20	0
5906.up-1b8244ba04bb.txt	R	5906.lswap-28b97fbb68d1.txt	R	1314	657	657	20	20	0
5906.up-1b8244ba04bb.txt	F	5906.lswap-20db05a5b51e.txt	R	1316	655	661	20	14	0
5906.up-1b8244ba04bb.txt	F	5906.lswap-25cebe1ff658.txt	F	1316	655	661	20	14	0
5906.up-1b8244ba04bb.txt	F	5906.lswap-25cebe1ff658.txt	R	1316	655	661	20	14	0
5906.up-1b8244ba04bb.txt	F	5906.lswap-aea48ef05d9e.txt	F	1316	655	661	20	14	0
5906.up-1b8244ba04bb.txt	F	5906.up-37ac2db82134.txt	F	1316	655	661	20	14	0
5906.up-1b8244ba04bb.txt	F	5906.up-37ac2db82134.txt	R	1316	655	661	20	14	0
5906.up-1b8244ba04bb.txt	F	5906.up-a235b0e09b6c.txt	F	1316	655	661	20	14	0
5906.up-1b8244ba04bb.txt	F	5906.up-a235b0e09b6c.txt	R	1316	655	661	20	14	0
5906.up-1b8244ba04bb.txt	F	5906.up-e1680a9d0e30.txt	F	1316	655	661	20	14	0
5906.up-1b8244ba04bb.txt	F	5906.up-e1680a9d0e30.txt	R	1316	655	661	20	14	0
5906.up-1b8244ba04bb.txt	F	5906.up-e65e244c83d3.txt	F	1316	655	661	20	14	0
5906.up-1b8244ba04bb.txt	F	5906.up-e65e244c83d3.txt	R	1316	655	661	20	14	0
5906.up-1b8244ba04bb.txt	R	5906.lswap-20db05a5b51e.txt	R	1316	655	661	20	14	0
5906.up-1b8244ba04bb.txt	R	5906.lswap-25cebe1ff658.txt	F	1316	655	661	20	14	0
5906.up-1b8244ba04bb.txt	R	5906.lswap-25cebe1ff658.txt	R	1316	655	661	20	14	0
5906.up-1b8244ba04bb.txt	R	5906.lswap-aea48ef05d9e.txt	F	1316	655	661	20	14	0
5906.up-1b8244ba04bb.txt	R	5906.up-37ac2db82134.txt	F	1316	655	661	20	14	0
5906.up-1b8244ba04bb.txt	R	5906.up-37ac2db82134.txt	R	1316	655	661	20	14	0
5906.up-1b8244ba04bb.txt	R	5906.up-a235b0e09b6c.txt	F	1316	655	661	20	14	0
5906.up-1b8244ba04bb.txt	R	5906.up-a235b0e09b6c.txt	R	1316	655	661	20	14	0
5906.up-1b8244ba04bb.txt	R	5906.up-e1680a9d0e30.txt	F	1316	655	661	20	14	0
5906.up-1b8244ba04bb.txt	R	5906.up-e1680a9d0e30.txt	R	1316	655	661	20	14	0
5906.up-1b8244ba04bb.txt	R	5906.up-e65e244c83d3.txt	F	1316	655	661	20	14	0
5906.up-1b8244ba04bb.txt	R	5906.up-e65e244c83d3.txt	R	1316	655	661	20	14	0
5906.up-1b8244ba04bb.txt	F	5906.lswap-23548cda0ace.txt	F	1318	659	659	20	20	0
5906.up-1b8244ba04bb.txt	F	5906.up-0a065898a821.txt	F	1318	659	659	20	20	0
5906.up-1b8244ba04bb.txt	F	5906.up-0a065898a821.txt	R	1318	659	659	20	20	0
5906.up-1b8244ba04bb.txt	F	5906.up-d1489855deef.txt	F	1318	659	659	20	20	0
5906.up-1b8244ba04bb.txt	F	5906.up-d1489855deef.txt	R	1318	659	659	20	20	0
5906.up-1b8244ba04bb.txt	R	5906.lswap-23548cda0ace.txt	F	1318	659	659	20	20	0
5906.up-1b8244ba04bb.txt	R	5906.up-0a065898a821.txt	F	1318	659	659	20	20	0
5906.up-1b8244ba04bb.txt	R	5906.up-0a065898a821.txt	R	1318	659	659	20	20	0
5906.up-1b8244ba04bb.txt	R	5906.up-d1489855deef.txt	F	1318	659	659	20	20	0
5906.up-1b8244ba04bb.txt	R	5906.up-d1489855deef.txt	R	1318	659	659	20	20	0
5906.up-1b8244ba04bb.txt	F	5906.lswap-25804d565b10.txt	F	1326	660	666	20	14	0
5906.up-1b8244ba04bb.txt	F	5906.lswap-25804d565b10.txt	R	1326	660	666	20	14	0
5906.up-1b8244ba04bb.txt	F	5906.lswap-52f45c5e8e22.txt	F	1326	660	666	20	14	0
5906.up-1b8244ba04bb.txt	F	5906.lswap-52f45c5e8e22.txt	R	1326	660	666	20	14	0
5906.up-1b8244ba04bb.txt	F	5906.lswap-80e6c24a2613.txt	F	1326	660	666	20	14	0
5906.up-1b8244ba04bb.txt	F	5906.lswap-80e6c24a2613.txt	R	1326	660	666	20	14	0
5906.up-1b8244ba04bb.txt	F	5906.lswap-945cf8ae5bef.txt	R	1326	663	663	20	20	0
5906.up-1b8244ba04bb.txt	F	5906.lswap-9759fb4af500.txt	F	1326	660	666	20	14	0
5906.up-1b8244ba04bb.txt	F	5906.lswap-9759fb4af500.txt	R	1326	660	666	20	14	0
5906.up-1b8244ba04bb.txt	F	5906.lswap-afd973e1a915.txt	F	1326	660	666	20	14	0
5906.up-1b8244ba04bb.txt	F	5906.lswap-afd973e1a915.txt	R	1326	660	666	20	14	0
5906.up-1b8244ba04bb.txt	F	5906.lswap-eeb9a73f4b33.txt	F	1326	660	666	20	14	0
5906.up-1b8244ba04bb.txt	F	5906.lswap-eeb9a73f4b33.txt	R	1326	660	666	20	14	0
5906.up-1b8244ba04bb.txt	F	5906.up-0d2e98183c29.txt	F	1326	660	666	20	14	0
5906.up-1b8244ba04bb.txt	F	5906.up-0d2e98183c29.txt	R	1326	660	666	20	14	0
5906.up-1b8244ba04bb.txt	F	5906.up-77512ee88848.txt	F	1326	660	666	20	14	0
5906.up-1b8244ba04bb.txt	F	5906.up-77512ee88848.txt	R	1326	660	666	20	14	0
5906.up-1b8244ba04bb.txt	F	5906.up-8ec03171f5df.txt	F	1326	660	666	20	14	0
5906.up-1b8244ba04bb.txt	F	5906.up-8ec03171f5df.txt	R	1326	660	666	20	14	0
5906.up-1b8244ba04bb.txt	F	5906.up-c3afee7ed153.txt	F	1326	663	663	20	20	0
5906.up-1b8244ba04bb.txt	F	5906.up-c3afee7ed153.txt	R	1326	663	663	20	20	0
5906.up-1b8244ba04bb.txt	F	5906.up-d2559533f431.txt	F	1326	660	666	20	14	0
5906.up-1b8244ba04bb.txt	F	5906.up-d2559533f431.txt	R	1326	660	666	20	14	0
5906.up-1b8244ba04bb.txt	R	5906.lswap-25804d565b10.txt	F	1326	660	666	20	14	0
5906.up-1b8244ba04bb.txt	R	5906.lswap-25804d565b10.txt	R	1326	660	666	20	14	0
5906.up-1b8244ba04bb.txt	R	5906.lswap-52f45c5e8e22.txt	F	1326	660	666	20	14	0
5906.up-1b8244ba04bb.txt	R	5906.lswap-52f45c5e8e22.txt	R	1326	660	666	20	14	0
5906.up-1b8244ba04bb.txt	R	5906.lswap-80e6c24a2613.txt	F	1326	660	666	20	14	0
5906.up-1b8244ba04bb.txt	R	5906.lswap-80e6c24a2613.txt	R	1326	660	666	20	14	0
5906.up-1b8244ba04bb.txt	R	5906.lswap-945cf8ae5bef.txt	R	1326	663	663	20	20	0
5906.up-1b8244ba04bb.txt	R	5906.lswap-9759fb4af500.txt	F	1326	660	666	20	14	0
5906.up-1b8244ba04bb.txt	R	5906.lswap-9759fb4af500.txt	R	1326	660	666	20	14	0
5906.up-1b8244ba04bb.txt	R	5906.lswap-afd973e1a915.txt	F	1326	660	666	20	14	0
5906.up-1b8244ba04bb.txt	R	5906.lswap-afd973e1a915.txt	R	1326	660	666	20	14	0
5906.up-1b8244ba04bb.txt	R	5906.lswap-eeb9a73f4b33.txt	F	1326	660	666	20	14	0
5906.up-1b8244ba04bb.txt	R	5906.lswap-eeb9a73f4b33.txt	R	1326	660	666	20	14	0
5906.up-1b8244ba04bb.txt	R	5906.up-0d2e98183c29.txt	F	1326	660	666	20	14	0
5906.up-1b8244ba04bb.txt	R	5906.up-0d2e98183c29.txt	R	1326	660	666	20	14	0
5906.up-1b8244ba04bb.txt	R	5906.up-77512ee88848.txt	F	1326	660	666	20	14	0
5906.up-1b8244ba04bb.txt	R	5906.up-77512ee88848.txt	R	1326	660	666	20	14	0
5906.up-1b8244ba04bb.txt	R	5906.up-8ec03171f5df.txt	F	1326	660	666	20	14	0
5906.up-1b8244ba04bb.txt	R	5906.up-8ec03171f5df.txt	R	1326	660	666	20	14	0
5906.up-1b8244ba04bb.txt	R	5906.up-c3afee7ed153.txt	F	1326	663	663	20	20	0
5906.up-1b8244ba04bb.txt	R	5906.up-c3afee7ed153.txt	R	1326	663	663	20	20	0
5906.up-1b8244ba04bb.txt	R	5906.up-d2559533f431.txt	F	1326	660	666	20	14	0
5906.up-1b8244ba04bb.txt	R	5906.up-d2559533f431.txt	R	1326	660	666	20	14	0
5906.up-1b8244ba04bb.txt	F	5906.lswap-6008b60b1c2c.txt	F	1328	661	667	20	14	0
5906.up-1b8244ba04bb.txt	F	5906.lswap-68a263f18066.txt	R	1328	661	667	20	14	0
5906.up-1b8244ba04bb.txt	F	5906.up-3de4f10d5095.txt	F	1328	661	667	20	14	0
5906.up-1b8244ba04bb.txt	F	5906.up-3de4f10d5095.txt	R	1328	661	667	20	14	0
5906.up-1b8244ba04bb.txt	F	5906.up-95ffff5c765c.txt	F	1328	661	667	20	14	0
5906.up-1b8244ba04bb.txt	F	5906.up-95ffff5c765c.txt	R	1328	661	667	20	14	0
5906.up-1b8244ba04bb.txt	F	5906.up-cad80abdf334.txt	F	1328	661	667	20	14	0
5906.up-1b8244ba04bb.txt	F	5906.up-cad80abdf334.txt	R	1328	661	667	20	14	0
5906.up-1b8244ba04bb.txt	R	5906.lswap-6008b60b1c2c.txt	F	1328	661	667	20	14	0
5906.up-1b8244ba04bb.txt	R	5906.lswap-68a263f18066.txt	R	1328	661	667	20	14	0
5906.up-1b8244ba04bb.txt	R	5906.up-3de4f10d5095.txt	F	1328	661	667	20	14	0
5906.up-1b8244ba04bb.txt	R	5906.up-3de4f10d5095.txt	R	1328	661	667	20	14	0
5906.up-1b8244ba04bb.txt	R	5906.up-95ffff5c765c.txt	F	1328	661	667	20	14	0
5906.up-1b8244ba04bb.txt	R	5906.up-95ffff5c765c.txt	R	1328	661	667	20	14	0
5906.up-1b8244ba04bb.txt	R	5906.up-cad80abdf334.txt	F	1328	661	667	20	14	0
5906.up-1b8244ba04bb.txt	R	5906.up-cad80abdf334.txt	R	1328	661	667	20	14	0
5906.up-1b8244ba04bb.txt	F	5906.i4a-6a77e138ea8e.txt	F	1329	664	665	20	19	0
5906.up-1b8244ba04bb.txt	F	5906.i4a-6a77e138ea8e.txt	R	1329	664	665	20	19	0
5906.up-1b8244ba04bb.txt	R	5906.i4a-6a77e138ea8e.txt	F	1329	664	665	20	19	0
5906.up-1b8244ba04bb.txt	R	5906.i4a-6a77e138ea8e.txt	R	1329	664	665	20	19	0
5906.up-1b8244ba04bb.txt	F	5906.lswap-3a55a72f70d6.txt	F	1330	665	665	20	20	0
5906.up-1b8244ba04bb.txt	F	5906.up-590fe2cb2c21.txt	F	1330	664	666	20	18	0
5906.up-1b8244ba04bb.txt	F	5906.up-590fe2cb2c21.txt	R	1330	664	666	20	18	0
5906.up-1b8244ba04bb.txt	F	5906.up-72482a71c81e.txt	F	1330	665	665	20	20	0
5906.up-1b8244ba04bb.txt	F	5906.up-72482a71c81e.txt	R	1330	665	665	20	20	0
5906.up-1b8244ba04bb.txt	R	5906.lswap-3a55a72f70d6.txt	F	1330	665	665	20	20	0
5906.up-1b8244ba04bb.txt	R	5906.up-590fe2cb2c21.txt	F	1330	664	666	20	18	0
5906.up-1b8244ba04bb.txt	R	5906.up-590fe2cb2c21.txt	R	1330	664	666	20	18	0
5906.up-1b8244ba04bb.txt	R	5906.up-72482a71c81e.txt	F	1330	665	665	20	20	0
5906.up-1b8244ba04bb.txt	R	5906.up-72482a71c81e.txt	R	1330	665	665	20	20	0
5906.up-1b8244ba04bb.txt	F	5906.lswap-9edd04d13626.txt	F	1334	664	670	20	14	0
5906.up-1b8244ba04bb.txt	F	5906.lswap-e21e24656b8e.txt	F	1334	664	670	20	14	0
5906.up-1b8244ba04bb.txt	F	5906.lswap-e21e24656b8e.txt	R	1334	664	670	20	14	0
5906.up-1b8244ba04bb.txt	F	5906.up-1bced7f87a93.txt	F	1334	664	670	20	14	0
5906.up-1b8244ba04bb.txt	F	5906.up-1bced7f87a93.txt	R	1334	664	670	20	14	0
5906.up-1b8244ba04bb.txt	F	5906.up-207dc5352d35.txt	F	1334	664	670	20	14	0
5906.up-1b8244ba04bb.txt	F	5906.up-207dc5352d35.txt	R	1334	664	670	20	14	0
5906.up-1b8244ba04bb.txt	F	5906.up-a001786e5861.txt	F	1334	664	670	20	14	0
5906.up-1b8244ba04bb.txt	F	5906.up-a001786e5861.txt	R	1334	664	670	20	14	0
5906.up-1b8244ba04bb.txt	R	5906.lswap-9edd04d13626.txt	F	1334	664	670	20	14	0
5906.up-1b8244ba04bb.txt	R	5906.lswap-e21e24656b8e.txt	F	1334	664	670	20	14	0
5906.up-1b8244ba04bb.txt	R	5906.lswap-e21e24656b8e.txt	R	1334	664	670	20	14	0
5906.up-1b8244ba04bb.txt	R	5906.up-1bced7f87a93.txt	F	1334	664	670	20	14	0
5906.up-1b8244ba04bb.txt	R	5906.up-1bced7f87a93.txt	R	1334	664	670	20	14	0
5906.up-1b8244ba04bb.txt	R	5906.up-207dc5352d35.txt	F	1334	664	670	20	14	0
5906.up-1b8244ba04bb.txt	R	5906.up-207dc5352d35.txt	R	1334	664	670	20	14	0
5906.up-1b8244ba04bb.txt	R	5906.up-a001786e5861.txt	F	1334	664	670	20	14	0
5906.up-1b8244ba04bb.txt	R	5906.up-a001786e5861.txt	R	1334	664	670	20	14	0
5906.up-1b8244ba04bb.txt	F	5906.lswap-2497c9291398.txt	F	1338	666	672	20	14	0
5906.up-1b8244ba04bb.txt	F	5906.lswap-29ee6f7c1197.txt	F	1338	666	672	20	14	0
5906.up-1b8244ba04bb.txt	F	5906.lswap-49fac07a5323.txt	F	1338	666	672	20	14	0
5906.up-1b8244ba04bb.txt	F	5906.lswap-52e683fb05d3.txt	R	1338	666	672	20	14	0
5906.up-1b8244ba04bb.txt	F	5906.lswap-5808edca979d.txt	R	1338	666	672	20	14	0
5906.up-1b8244ba04bb.txt	F	5906.lswap-5dbb54e50268.txt	R	1338	666	672	20	14	0
5906.up-1b8244ba04bb.txt	F	5906.lswap-6d0ad177e5ee.txt	R	1338	666	672	20	14	0
5906.up-1b8244ba04bb.txt	F	5906.lswap-8ed814577309.txt	F	1338	666	672	20	14	0
5906.up-1b8244ba04bb.txt	F	5906.lswap-9a5cc6a6e3c8.txt	R	1338	666	672	20	14	0
5906.up-1b8244ba04bb.txt	F	5906.lswap-9f3672f6c430.txt	F	1338	666	672	20	14	0
5906.up-1b8244ba04bb.txt	F	5906.lswap-a7d2db45842b.txt	F	1338	666	672	20	14	0
5906.up-1b8244ba04bb.txt	F	5906.lswap-af54b6f406a6.txt	F	1338	666	672	20	14	0
5906.up-1b8244ba04bb.txt	F	5906.lswap-db110b7302cf.txt	R	1338	669	669	20	20	0
5906.up-1b8244ba04bb.txt	F	5906.lswap-df71274e07be.txt	F	1338	666	672	20	14	0
5906.up-1b8244ba04bb.txt	F	5906.lswap-e145b859ca30.txt	R	1338	666	672	20	14	0
5906.up-1b8244ba04bb.txt	F	5906.lswap-e2d18fca77cb.txt	R	1338	666	672	20	14	0
5906.up-1b8244ba04bb.txt	F	5906.lswap-e73e096376f0.txt	R	1338	666	672	20	14	0
5906.up-1b8244ba04bb.txt	F	5906.up-377da0a3c300.txt	F	1338	669	669	20	20	0
5906.up-1b8244ba04bb.txt	F	5906.up-377da0a3c300.txt	R	1338	669	669	20	20	0
5906.up-1b8244ba04bb.txt	F	5906.up-c63a66adbc60.txt	F	1338	669	669	20	20	0
5906.up-1b8244ba04bb.txt	F	5906.up-c63a66adbc60.txt	R	1338	669	669	20	20	0
5906.up-1b8244ba04bb.txt	R	5906.lswap-2497c9291398.txt	F	1338	666	672	20	14	0
5906.up-1b8244ba04bb.txt	R	5906.lswap-29ee6f7c1197.txt	F	1338	666	672	20	14	0
5906.up-1b8244ba04bb.txt	R	5906.lswap-49fac07a5323.txt	F	1338	666	672	20	14	0
5906.up-1b8244ba04bb.txt	R	5906.lswap-52e683fb05d3.txt	R	1338	666	672	20	14	0
5906.up-1b8244ba04bb.txt	R	5906.lswap-5808edca979d.txt	R	1338	666	672	20	14	0
5906.up-1b8244ba04bb.txt	R	5906.lswap-5dbb54e50268.txt	R	1338	666	672	20	14	0
5906.up-1b8244ba04bb.txt	R	5906.lswap-6d0ad177e5ee.txt	R	1338	666	672	20	14	0
5906.up-1b8244ba04bb.txt	R	5906.lswap-8ed814577309.txt	F	1338	666	672	20	14	0
5906.up-1b8244ba04bb.txt	R	5906.lswap-9a5cc6a6e3c8.txt	R	1338	666	672	20	14	0
5906.up-1b8244ba04bb.txt	R	5906.lswap-9f3672f6c430.txt	F	1338	666	672	20	14	0
5906.up-1b8244ba04bb.txt	R	5906.lswap-a7d2db45842b.txt	F	1338	666	672	20	14	0
5906.up-1b8244ba04bb.txt	R	5906.lswap-af54b6f406a6.txt	F	1338	666	672	20	14	0
5906.up-1b8244ba04bb.txt	R	5906.lswap-db110b7302cf.txt	R	1338	669	669	20	20	0
5906.up-1b8244ba04bb.txt	R	5906.lswap-df71274e07be.txt	F	1338	666	672	20	14	0
5906.up-1b8244ba04bb.txt	R	5906.lswap-e145b859ca30.txt	R	1338	666	672	20	14	0
5906.up-1b8244ba04bb.txt	R	5906.lswap-e2d18fca77cb.txt	R	1338	666	672	20	14	0
5906.up-1b8244ba04bb.txt	R	5906.lswap-e73e096376f0.txt	R	1338	666	672	20	14	0
5906.up-1b8244ba04bb.txt	R	5906.up-377da0a3c300.txt	F	1338	669	669	20	20	0
5906.up-1b8244ba04bb.txt	R	5906.up-377da0a3c300.txt	R	1338	669	669	20	20	0
5906.up-1b8244ba04bb.txt	R	5906.up-c63a66adbc60.txt	F	1338	669	669	20	20	0
5906.up-1b8244ba04bb.txt	R	5906.up-c63a66adbc60.txt	R	1338	669	669	20	20	0
5906.up-1b8244ba04bb.txt	F	5906.lswap-3d82ae1f2111.txt	R	1340	667	673	20	14	0
5906.up-1b8244ba04bb.txt	F	5906.lswap-7217a0cd3774.txt	F	1340	667	673	20	14	0
5906.up-1b8244ba04bb.txt	F	5906.lswap-7bd46049981f.txt	F	1340	667	673	20	14	0
5906.up-1b8244ba04bb.txt	F	5906.lswap-d515e64b87be.txt	F	1340	667	673	20	14	0
5906.up-1b8244ba04bb.txt	F	5906.lswap-dcc866de4e11.txt	F	1340	667	673	20	14	0
5906.up-1b8244ba04bb.txt	F	5906.up-02d771908307.txt	F	1340	667	673	20	14	0
5906.up-1b8244ba04bb.txt	F	5906.up-02d771908307.txt	R	1340	667	673	20	14	0
5906.up-1b8244ba04bb.txt	R	5906.lswap-3d82ae1f2111.txt	R	1340	667	673	20	14	0
5906.up-1b8244ba04bb.txt	R	5906.lswap-7217a0cd3774.txt	F	1340	667	673	20	14	0
5906.up-1b8244ba04bb.txt	R	5906.lswap-7bd46049981f.txt	F	1340	667	673	20	14	0
5906.up-1b8244ba04bb.txt	R	5906.lswap-d515e64b87be.txt	F	1340	667	673	20	14	0
5906.up-1b8244ba04bb.txt	R	5906.lswap-dcc866de4e11.txt	F	1340	667	673	20	14	0
5906.up-1b8244ba04bb.txt	R	5906.up-02d771908307.txt	F	1340	667	673	20	14	0
5906.up-1b8244ba04bb.txt	R	5906.up-02d771908307.txt	R	1340	667	673	20	14	0
5906.up-1b8244ba04bb.txt	F	5906.i4a-e0f3de4ca026.txt	F	1341	670	671	20	19	0
5906.up-1b8244ba04bb.txt	F	5906.i4a-e0f3de4ca026.txt	R	1341	670	671	20	19	0
5906.up-1b8244ba04bb.txt	R	5906.i4a-e0f3de4ca026.txt	F	1341	670	671	20	19	0
5906.up-1b8244ba04bb.txt	R	5906.i4a-e0f3de4ca026.txt	R	1341	670	671	20	19	0
5906.up-1b8244ba04bb.txt	F	5906.lswap-9f885c2a5e20.txt	F	1342	671	671	20	20	0
5906.up-1b8244ba04bb.txt	F	5906.up-df8c9033249e.txt	F	1342	670	672	20	18	0
5906.up-1b8244ba04bb.txt	F	5906.up-df8c9033249e.txt	R	1342	670	672	20	18	0
5906.up-1b8244ba04bb.txt	R	5906.lswap-9f885c2a5e20.txt	F	1342	671	671	20	20	0
5906.up-1b8244ba04bb.txt	R	5906.up-df8c9033249e.txt	F	1342	670	672	20	18	0
5906.up-1b8244ba04bb.txt	R	5906.up-df8c9033249e.txt	R	1342	670	672	20	18	0
5906.up-1b8244ba04bb.txt	F	5906.lswap-9edd04d13626.txt	R	1346	670	676	20	14	0
5906.up-1b8244ba04bb.txt	F	5906.up-7824c044436e.txt	F	1346	670	676	20	14	0
5906.up-1b8244ba04bb.txt	F	5906.up-7824c044436e.txt	R	1346	670	676	20	14	0
5906.up-1b8244ba04bb.txt	F	5906.up-a233fdf94b8d.txt	F	1346	670	676	20	14	0
5906.up-1b8244ba04bb.txt	F	5906.up-a233fdf94b8d.txt	R	1346	670	676	20	14	0
5906.up-1b8244ba04bb.txt	R	5906.lswap-9edd04d13626.txt	R	1346	670	676	20	14	0
5906.up-1b8244ba04bb.txt	R	5906.up-7824c044436e.txt	F	1346	670	676	20	14	0
5906.up-1b8244ba04bb.txt	R	5906.up-7824c044436e.txt	R	1346	670	676	20	14	0
5906.up-1b8244ba04bb.txt	R	5906.up-a233fdf94b8d.txt	F	1346	670	676	20	14	0
5906.up-1b8244ba04bb.txt	R	5906.up-a233fdf94b8d.txt	R	1346	670	676	20	14	0
5906.up-1b8244ba04bb.txt	F	5906.lswap-23548cda0ace.txt	R	1350	675	675	20	20	0
5906.up-1b8244ba04bb.txt	F	5906.lswap-2497c9291398.txt	R	1350	672	678	20	14	0
5906.up-1b8244ba04bb.txt	F	5906.lswap-28b97fbb68d1.txt	F	1350	675	675	20	20	0
5906.up-1b8244ba04bb.txt	F	5906.lswap-29ee6f7c1197.txt	R	1350	672	678	20	14	0
5906.up-1b8244ba04bb.txt	F	5906.lswap-49fac07a5323.txt	R	1350	672	678	20	14	0
5906.up-1b8244ba04bb.txt	F	5906.lswap-52e683fb05d3.txt	F	1350	672	678	20	14	0
5906.up-1b8244ba04bb.txt	F	5906.lswap-5808edca979d.txt	F	1350	672	678	20	14	0
5906.up-1b8244ba04bb.txt	F	5906.lswap-5dbb54e50268.txt	F	1350	672	678	20	14	0
5906.up-1b8244ba04bb.txt	F	5906.lswap-67fc5c2184ab.txt	F	1350	675	675	20	20	0
5906.up-1b8244ba04bb.txt	F	5906.lswap-6d0ad177e5ee.txt	F	1350	672	678	20	14	0
5906.up-1b8244ba04bb.txt	F	5906.lswap-8ed814577309.txt	R	1350	672	678	20	14	0
5906.up-1b8244ba04bb.txt	F	5906.lswap-9a5cc6a6e3c8.txt	F	1350	672	678	20	14	0
5906.up-1b8244ba04bb.txt	F	5906.lswap-9f3672f6c430.txt	R	1350	672	678	20	14	0
5906.up-1b8244ba04bb.txt	F	5906.lswap-a7d2db45842b.txt	R	1350	672	678	20	14	0
5906.up-1b8244ba04bb.txt	F	5906.lswap-af54b6f406a6.txt	R	1350	672	678	20	14	0
5906.up-1b8244ba04bb.txt	F	5906.lswap-df71274e07be.txt	R	1350	672	678	20	14	0
5906.up-1b8244ba04bb.txt	F	5906.lswap-e145b859ca30.txt	F	1350	672	678	20	14	0
5906.up-1b8244ba04bb.txt	F	5906.lswap-e2d18fca77cb.txt	F	1350	672	678	20	14	0
5906.up-1b8244ba04bb.txt	F	5906.lswap-e73e096376f0.txt	F	1350	672	678	20	14	0
5906.up-1b8244ba04bb.txt	F	5906.up-e8da0f18269f.txt	F	1350	672	678	20	14	0
5906.up-1b8244ba04bb.txt	F	5906.up-e8da0f18269f.txt	R	1350	672	678	20	14	0
5906.up-1b8244ba04bb.txt	F	5906.up-f2c7804be474.txt	F	1350	675	675	20	20	0
5906.up-1b8244ba04bb.txt	F	5906.up-f2c7804be474.txt	R	1350	675	675	20	20	0
5906.up-1b8244ba04bb.txt	R	5906.lswap-23548cda0ace.txt	R	1350	675	675	20	20	0
5906.up-1b8244ba04bb.txt	R	5906.lswap-2497c9291398.txt	R	1350	672	678	20	14	0
5906.up-1b8244ba04bb.txt	R	5906.lswap-28b97fbb68d1.txt	F	1350	675	675	20	20	0
5906.up-1b8244ba04bb.txt	R	5906.lswap-29ee6f7c1197.txt	R	1350	672	678	20	14	0
5906.up-1b8244ba04bb.txt	R	5906.lswap-49fac07a5323.txt	R	1350	672	678	20	14	0
5906.up-1b8244ba04bb.txt	R	5906.lswap-52e683fb05d3.txt	F	1350	672	678	20	14	0
5906.up-1b8244ba04bb.txt	R	5906.lswap-5808edca979d.txt	F	1350	672	678	20	14	0
5906.up-1b8244ba04bb.txt	R	5906.lswap-5dbb54e50268.txt	F	1350	672	678	20	14	0
5906.up-1b8244ba04bb.txt	R	5906.lswap-67fc5c2184ab.txt	F	1350	675	675	20	20	0
5906.up-1b8244ba04bb.txt	R	5906.lswap-6d0ad177e5ee.txt	F	1350	672	678	20	14	0
5906.up-1b8244ba04bb.txt	R	5906.lswap-8ed814577309.txt	R	1350	672	678	20	14	0
5906.up-1b8244ba04bb.txt	R	5906.lswap-9a5cc6a6e3c8.txt	F	1350	672	678	20	14	0
5906.up-1b8244ba04bb.txt	R	5906.lswap-9f3672f6c430.txt	R	1350	672	678	20	14	0
5906.up-1b8244ba04bb.txt	R	5906.lswap-a7d2db45842b.txt	R	1350	672	678	20	14	0
5906.up-1b8244ba04bb.txt	R	5906.lswap-af54b6f406a6.txt	R	1350	672	678	20	14	0
5906.up-1b8244ba04bb.txt	R	5906.lswap-df71274e07be.txt	R	1350	672	678	20	14	0
5906.up-1b8244ba04bb.txt	R	5906.lswap-e145b859ca30.txt	F	1350	672	678	20	14	0
5906.up-1b8244ba04bb.txt	R	5906.lswap-e2d18fca77cb.txt	F	1350	672	678	20	14	0
5906.up-1b8244ba04bb.txt	R	5906.lswap-e73e096376f0.txt	F	1350	672	678	20	14	0
5906.up-1b8244ba04bb.txt	R	5906.up-e8da0f18269f.txt	F	1350	672	678	20	14	0
5906.up-1b8244ba04bb.txt	R	5906.up-e8da0f18269f.txt	R	1350	672	678	20	14	0
5906.up-1b8244ba04bb.txt	R	5906.up-f2c7804be474.txt	F	1350	675	675	20	20	0
5906.up-1b8244ba04bb.txt	R	5906.up-f2c7804be474.txt	R	1350	675	675	20	20	0
5906.up-1b8244ba04bb.txt	F	5906.lswap-17946ea8ba63.txt	R	1352	673	679	20	14	0
5906.up-1b8244ba04bb.txt	F	5906.lswap-2fb529601be6.txt	F	1352	673	679	20	14	0
5906.up-1b8244ba04bb.txt	F	5906.lswap-2fb529601be6.txt	R	1352	673	679	20	14	0
5906.up-1b8244ba04bb.txt	F	5906.lswap-5a7a973564fd.txt	F	1352	673	679	20	14	0
5906.up-1b8244ba04bb.txt	F	5906.lswap-5a7a973564fd.txt	R	1352	673	679	20	14	0
5906.up-1b8244ba04bb.txt	F	5906.lswap-6bd82af50a4e.txt	F	1352	673	679	20	14	0
5906.up-1b8244ba04bb.txt	F	5906.lswap-6bd82af50a4e.txt	R	1352	673	679	20	14	0
5906.up-1b8244ba04bb.txt	F	5906.lswap-964ebce5847f.txt	F	1352	673	679	20	14	0
5906.up-1b8244ba04bb.txt	F	5906.lswap-964ebce5847f.txt	R	1352	673	679	20	14	0
5906.up-1b8244ba04bb.txt	F	5906.lswap-b55f23a2f470.txt	F	1352	673	679	20	14	0
5906.up-1b8244ba04bb.txt	F	5906.lswap-b55f23a2f470.txt	R	1352	673	679	20	14	0
5906.up-1b8244ba04bb.txt	F	5906.lswap-be4759bc731a.txt	F	1352	673	679	20	14	0
5906.up-1b8244ba04bb.txt	F	5906.lswap-be4759bc731a.txt	R	1352	673	679	20	14	0
5906.up-1b8244ba04bb.txt	F	5906.lswap-d252e4d38aa9.txt	F	1352	673	679	20	14	0
5906.up-1b8244ba04bb.txt	F	5906.lswap-d252e4d38aa9.txt	R	1352	673	679	20	14	0
5906.up-1b8244ba04bb.txt	F	5906.lswap-f8f86258580e.txt	R	1352	673	679	20	14	0
5906.up-1b8244ba04bb.txt	F	5906.up-14e2c7b29aae.txt	F	1352	673	679	20	14	0
5906.up-1b8244ba04bb.txt	F	5906.up-14e2c7b29aae.txt	R	1352	673	679	20	14	0
5906.up-1b8244ba04bb.txt	F	5906.up-168d62e1a9d1.txt	F	1352	673	679	20	14	0
5906.up-1b8244ba04bb.txt	F	5906.up-168d62e1a9d1.txt	R	1352	673	679	20	14	0
5906.up-1b8244ba04bb.txt	F	5906.up-7c111e182316.txt	F	1352	673	679	20	14	0
5906.up-1b8244ba04bb.txt	F	5906.up-7c111e182316.txt	R	1352	673	679	20	14	0
5906.up-1b8244ba04bb.txt	F	5906.up-aed220b1ebc4.txt	F	1352	673	679	20	14	0
5906.up-1b8244ba04bb.txt	F	5906.up-aed220b1ebc4.txt	R	1352	673	679	20	14	0
5906.up-1b8244ba04bb.txt	F	5906.up-e948752d6a32.txt	F	1352	673	679	20	14	0
5906.up-1b8244ba04bb.txt	F	5906.up-e948752d6a32.txt	R	1352	673	679	20	14	0
5906.up-1b8244ba04bb.txt	F	5906.up-e94d2b57a7d4.txt	F	1352	673	679	20	14	0
5906.up-1b8244ba04bb.txt	F	5906.up-e94d2b57a7d4.txt	R	1352	673	679	20	14	0
5906.up-1b8244ba04bb.txt	R	5906.lswap-17946ea8ba63.txt	R	1352	673	679	20	14	0
5906.up-1b8244ba04bb.txt	R	5906.lswap-2fb529601be6.txt	F	1352	673	679	20	14	0
5906.up-1b8244ba04bb.txt	R	5906.lswap-2fb529601be6.txt	R	1352	673	679	20	14	0
5906.up-1b8244ba04bb.txt	R	5906.lswap-5a7a973564fd.txt	F	1352	673	679	20	14	0
5906.up-1b8244ba04bb.txt	R	5906.lswap-5a7a973564fd.txt	R	1352	673	679	20	14	0
5906.up-1b8244ba04bb.txt	R	5906.lswap-6bd82af50a4e.txt	F	1352	673	679	20	14	0
5906.up-1b8244ba04bb.txt	R	5906.lswap-6bd82af50a4e.txt	R	1352	673	679	20	14	0
5906.up-1b8244ba04bb.txt	R	5906.lswap-964ebce5847f.txt	F	1352	673	679	20	14	0
5906.up-1b8244ba04bb.txt	R	5906.lswap-964ebce5847f.txt	R	1352	673	679	20	14	0
5906.up-1b8244ba04bb.txt	R	5906.lswap-b55f23a2f470.txt	F	1352	673	679	20	14	0
5906.up-1b8244ba04bb.txt	R	5906.lswap-b55f23a2f470.txt	R	1352	673	679	20	14	0
5906.up-1b8244ba04bb.txt	R	5906.lswap-be4759bc731a.txt	F	1352	673	679	20	14	0
5906.up-1b8244ba04bb.txt	R	5906.lswap-be4759bc731a.txt	R	1352	673	679	20	14	0
5906.up-1b8244ba04bb.txt	R	5906.lswap-d252e4d38aa9.txt	F	1352	673	679	20	14	0
5906.up-1b8244ba04bb.txt	R	5906.lswap-d252e4d38aa9.txt	R	1352	673	679	20	14	0
5906.up-1b8244ba04bb.txt	R	5906.lswap-f8f86258580e.txt	R	1352	673	679	20	14	0
5906.up-1b8244ba04bb.txt	R	5906.up-14e2c7b29aae.txt	F	1352	673	679	20	14	0
5906.up-1b8244ba04bb.txt	R	5906.up-14e2c7b29aae.txt	R	1352	673	679	20	14	0
5906.up-1b8244ba04bb.txt	R	5906.up-168d62e1a9d1.txt	F	1352	673	679	20	14	0
5906.up-1b8244ba04bb.txt	R	5906.up-168d62e1a9d1.txt	R	1352	673	679	20	14	0
5906.up-1b8244ba04bb.txt	R	5906.up-7c111e182316.txt	F	1352	673	679	20	14	0
5906.up-1b8244ba04bb.txt	R	5906.up-7c111e182316.txt	R	1352	673	679	20	14	0
5906.up-1b8244ba04bb.txt	R	5906.up-aed220b1ebc4.txt	F	1352	673	679	20	14	0
5906.up-1b8244ba04bb.txt	R	5906.up-aed220b1ebc4.txt	R	1352	673	679	20	14	0
5906.up-1b8244ba04bb.txt	R	5906.up-e948752d6a32.txt	F	1352	673	679	20	14	0
5906.up-1b8244ba04bb.txt	R	5906.up-e948752d6a32.txt	R	1352	673	679	20	14	0
5906.up-1b8244ba04bb.txt	R	5906.up-e94d2b57a7d4.txt	F	1352	673	679	20	14	0
5906.up-1b8244ba04bb.txt	R	5906.up-e94d2b57a7d4.txt	R	1352	673	679	20	14	0
5906.up-1b8244ba04bb.txt	F	5906.lswap-17203113788c.txt	F	1358	676	682	20	14	0
5906.up-1b8244ba04bb.txt	F	5906.lswap-3b4f2e286e0c.txt	R	1358	676	682	20	14	0
5906.up-1b8244ba04bb.txt	F	5906.lswap-3baeeea281f2.txt	R	1358	676	682	20	14	0
5906.up-1b8244ba04bb.txt	F	5906.lswap-3c791ffa671d.txt	R	1358	676	682	20	14	0
5906.up-1b8244ba04bb.txt	F	5906.lswap-423441640591.txt	R	1358	676	682	20	14	0
5906.up-1b8244ba04bb.txt	F	5906.lswap-469763027c57.txt	R	1358	676	682	20	14	0
5906.up-1b8244ba04bb.txt	F	5906.lswap-4c179f65aa4b.txt	R	1358	676	682	20	14	0
5906.up-1b8244ba04bb.txt	F	5906.lswap-5228890279ca.txt	F	1358	676	682	20	14	0
5906.up-1b8244ba04bb.txt	F	5906.lswap-5764c730eaee.txt	R	1358	676	682	20	14	0
5906.up-1b8244ba04bb.txt	F	5906.lswap-5a55d1641a86.txt	F	1358	676	682	20	14	0
5906.up-1b8244ba04bb.txt	F	5906.lswap-6f6f375dca74.txt	R	1358	676	682	20	14	0
5906.up-1b8244ba04bb.txt	F	5906.lswap-73851215f718.txt	F	1358	676	682	20	14	0
5906.up-1b8244ba04bb.txt	F	5906.lswap-7602ba885180.txt	R	1358	676	682	20	14	0
5906.up-1b8244ba04bb.txt	F	5906.lswap-821102adfff8.txt	R	1358	676	682	20	14	0
5906.up-1b8244ba04bb.txt	F	5906.lswap-a28e203d65dc.txt	F	1358	676	682	20	14	0
5906.up-1b8244ba04bb.txt	F	5906.lswap-aa52880fc9e0.txt	F	1358	676	682	20	14	0
5906.up-1b8244ba04bb.txt	F	5906.lswap-cae9c3b46793.txt	R	1358	676	682	20	14	0
5906.up-1b8244ba04bb.txt	F	5906.lswap-cf5ecb0e9ecc.txt	R	1358	676	682	20	14	0
5906.up-1b8244ba04bb.txt	F	5906.lswap-e59a6239aa79.txt	R	1358	676	682	20	14	0
5906.up-1b8244ba04bb.txt	F	5906.lswap-f6dbf9989449.txt	F	1358	676	682	20	14	0
5906.up-1b8244ba04bb.txt	R	5906.lswap-17203113788c.txt	F	1358	676	682	20	14	0
5906.up-1b8244ba04bb.txt	R	5906.lswap-3b4f2e286e0c.txt	R	1358	676	682	20	14	0
5906.up-1b8244ba04bb.txt	R	5906.lswap-3baeeea281f2.txt	R	1358	676	682	20	14	0
5906.up-1b8244ba04bb.txt	R	5906.lswap-3c791ffa671d.txt	R	1358	676	682	20	14	0
5906.up-1b8244ba04bb.txt	R	5906.lswap-423441640591.txt	R	1358	676	682	20	14	0
5906.up-1b8244ba04bb.txt	R	5906.lswap-469763027c57.txt	R	1358	676	682	20	14	0
5906.up-1b8244ba04bb.txt	R	5906.lswap-4c179f65aa4b.txt	R	1358	676	682	20	14	0
5906.up-1b8244ba04bb.txt	R	5906.lswap-5228890279ca.txt	F	1358	676	682	20	14	0
5906.up-1b8244ba04bb.txt	R	5906.lswap-5764c730eaee.txt	R	1358	676	682	20	14	0
5906.up-1b8244ba04bb.txt	R	5906.lswap-5a55d1641a86.txt	F	1358	676	682	20	14	0
5906.up-1b8244ba04bb.txt	R	5906.lswap-6f6f375dca74.txt	R	1358	676	682	20	14	0
5906.up-1b8244ba04bb.txt	R	5906.lswap-73851215f718.txt	F	1358	676	682	20	14	0
5906.up-1b8244ba04bb.txt	R	5906.lswap-7602ba885180.txt	R	1358	676	682	20	14	0
5906.up-1b8244ba04bb.txt	R	5906.lswap-821102adfff8.txt	R	1358	676	682	20	14	0
5906.up-1b8244ba04bb.txt	R	5906.lswap-a28e203d65dc.txt	F	1358	676	682	20	14	0
5906.up-1b8244ba04bb.txt	R	5906.lswap-aa52880fc9e0.txt	F	1358	676	682	20	14	0
5906.up-1b8244ba04bb.txt	R	5906.lswap-cae9c3b46793.txt	R	1358	676	682	20	14	0
5906.up-1b8244ba04bb.txt	R	5906.lswap-cf5ecb0e9ecc.txt	R	1358	676	682	20	14	0
5906.up-1b8244ba04bb.txt	R	5906.lswap-e59a6239aa79.txt	R	1358	676	682	20	14	0
5906.up-1b8244ba04bb.txt	R	5906.lswap-f6dbf9989449.txt	F	1358	676	682	20	14	0
5906.up-1b8244ba04bb.txt	F	5906.lswap-025c4805fc39.txt	F	1362	678	684	20	14	0
5906.up-1b8244ba04bb.txt	F	5906.lswap-025c4805fc39.txt	R	1362	678	684	20	14	0
5906.up-1b8244ba04bb.txt	F	5906.lswap-031568aa1b5c.txt	F	1362	678	684	20	14	0
5906.up-1b8244ba04bb.txt	F	5906.lswap-031568aa1b5c.txt	R	1362	678	684	20	14	0
5906.up-1b8244ba04bb.txt	F	5906.lswap-06f4ba2c8122.txt	F	1362	681	681	20	20	0
5906.up-1b8244ba04bb.txt	F	5906.lswap-09c105553d61.txt	F	1362	681	681	20	20	0
5906.up-1b8244ba04bb.txt	F	5906.lswap-2ae54d2fd96c.txt	F	1362	678	684	20	14	0
5906.up-1b8244ba04bb.txt	F	5906.lswap-2ae54d2fd96c.txt	R	1362	678	684	20	14	0
5906.up-1b8244ba04bb.txt	F	5906.lswap-3b66fbdbdf53.txt	F	1362	678	684	20	14	0
5906.up-1b8244ba04bb.txt	F	5906.lswap-3b66fbdbdf53.txt	R	1362	678	684	20	14	0
5906.up-1b8244ba04bb.txt	F	5906.lswap-62d959eb4e73.txt	F	1362	678	684	20	14	0
5906.up-1b8244ba04bb.txt	F	5906.lswap-62d959eb4e73.txt	R	1362	678	684	20	14	0
5906.up-1b8244ba04bb.txt	F	5906.lswap-7f47c6e6eeda.txt	F	1362	678	684	20	14	0
5906.up-1b8244ba04bb.txt	F	5906.lswap-7f47c6e6eeda.txt	R	1362	678	684	20	14	0
5906.up-1b8244ba04bb.txt	F	5906.lswap-945cf8ae5bef.txt	F	1362	681	681	20	20	0
5906.up-1b8244ba04bb.txt	F	5906.up-0db50fc7743c.txt	F	1362	678	684	20	14	0
5906.up-1b8244ba04bb.txt	F	5906.up-0db50fc7743c.txt	R	1362	678	684	20	14	0
5906.up-1b8244ba04bb.txt	F	5906.up-16ca46d2c5a9.txt	F	1362	678	684	20	14	0
5906.up-1b8244ba04bb.txt	F	5906.up-16ca46d2c5a9.txt	R	1362	678	684	20	14	0
5906.up-1b8244ba04bb.txt	F	5906.up-331e3f0f91ee.txt	F	1362	678	684	20	14	0
5906.up-1b8244ba04bb.txt	F	5906.up-331e3f0f91ee.txt	R	1362	678	684	20	14	0
5906.up-1b8244ba04bb.txt	F	5906.up-53b55626d912.txt	F	1362	678	684	20	14	0
5906.up-1b8244ba04bb.txt	F	5906.up-53b55626d912.txt	R	1362	678	684	20	14	0
5906.up-1b8244ba04bb.txt	F	5906.up-6773ff05a318.txt	F	1362	678	684	20	14	0
5906.up-1b8244ba04bb.txt	F	5906.up-6773ff05a318.txt	R	1362	678	684	20	14	0
5906.up-1b8244ba04bb.txt	R	5906.lswap-025c4805fc39.txt	F	1362	678	684	20	14	0
5906.up-1b8244ba04bb.txt	R	5906.lswap-025c4805fc39.txt	R	1362	678	684	20	14	0
5906.up-1b8244ba04bb.txt	R	5906.lswap-031568aa1b5c.txt	F	1362	678	684	20	14	0
5906.up-1b8244ba04bb.txt	R	5906.lswap-031568aa1b5c.txt	R	1362	678	684	20	14	0
5906.up-1b8244ba04bb.txt	R	5906.lswap-06f4ba2c8122.txt	F	1362	681	681	20	20	0
5906.up-1b8244ba04bb.txt	R	5906.lswap-09c105553d61.txt	F	1362	681	681	20	20	0
5906.up-1b8244ba04bb.txt	R	5906.lswap-2ae54d2fd96c.txt	F	1362	678	684	20	14	0
5906.up-1b8244ba04bb.txt	R	5906.lswap-2ae54d2fd96c.txt	R	1362	678	684	20	14	0
5906.up-1b8244ba04bb.txt	R	5906.lswap-3b66fbdbdf53.txt	F	1362	678	684	20	14	0
5906.up-1b8244ba04bb.txt	R	5906.lswap-3b66fbdbdf53.txt	R	1362	678	684	20	14	0
5906.up-1b8244ba04bb.txt	R	5906.lswap-62d959eb4e73.txt	F	1362	678	684	20	14	0
5906.up-1b8244ba04bb.txt	R	5906.lswap-62d959eb4e73.txt	R	1362	678	684	20	14	0
5906.up-1b8244ba04bb.txt	R	5906.lswap-7f47c6e6eeda.txt	F	1362	678	684	20	14	0
5906.up-1b8244ba04bb.txt	R	5906.lswap-7f47c6e6eeda.txt	R	1362	678	684	20	14	0
5906.up-1b8244ba04bb.txt	R	5906.lswap-945cf8ae5bef.txt	F	1362	681	681	20	20	0
5906.up-1b8244ba04bb.txt	R	5906.up-0db50fc7743c.txt	F	1362	678	684	20	14	0
5906.up-1b8244ba04bb.txt	R	5906.up-0db50fc7743c.txt	R	1362	678	684	20	14	0
5906.up-1b8244ba04bb.txt	R	5906.up-16ca46d2c5a9.txt	F	1362	678	684	20	14	0
5906.up-1b8244ba04bb.txt	R	5906.up-16ca46d2c5a9.txt	R	1362	678	684	20	14	0
5906.up-1b8244ba04bb.txt	R	5906.up-331e3f0f91ee.txt	F	1362	678	684	20	14	0
5906.up-1b8244ba04bb.txt	R	5906.up-331e3f0f91ee.txt	R	1362	678	684	20	14	0
5906.up-1b8244ba04bb.txt	R	5906.up-53b55626d912.txt	F	1362	678	684	20	14	0
5906.up-1b8244ba04bb.txt	R	5906.up-53b55626d912.txt	R	1362	678	684	20	14	0
5906.up-1b8244ba04bb.txt	R	5906.up-6773ff05a318.txt	F	1362	678	684	20	14	0
5906.up-1b8244ba04bb.txt	R	5906.up-6773ff05a318.txt	R	1362	678	684	20	14	0
5906.up-1b8244ba04bb.txt	F	5906.lswap-17203113788c.txt	R	1364	679	685	20	14	0
5906.up-1b8244ba04bb.txt	F	5906.lswap-3b4f2e286e0c.txt	F	1364	679	685	20	14	0
5906.up-1b8244ba04bb.txt	F	5906.lswap-3baeeea281f2.txt	F	1364	679	685	20	14	0
5906.up-1b8244ba04bb.txt	F	5906.lswap-3c791ffa671d.txt	F	1364	679	685	20	14	0
5906.up-1b8244ba04bb.txt	F	5906.lswap-423441640591.txt	F	1364	679	685	20	14	0
5906.up-1b8244ba04bb.txt	F	5906.lswap-469763027c57.txt	F	1364	679	685	20	14	0
5906.up-1b8244ba04bb.txt	F	5906.lswap-4a581202d46c.txt	F	1364	679	685	20	14	0
5906.up-1b8244ba04bb.txt	F	5906.lswap-4c179f65aa4b.txt	F	1364	679	685	20	14	0
5906.up-1b8244ba04bb.txt	F	5906.lswap-5228890279ca.txt	R	1364	679	685	20	14	0
5906.up-1b8244ba04bb.txt	F	5906.lswap-5764c730eaee.txt	F	1364	679	685	20	14	0
5906.up-1b8244ba04bb.txt	F	5906.lswap-5a55d1641a86.txt	R	1364	679	685	20	14	0
5906.up-1b8244ba04bb.txt	F	5906.lswap-6f6f375dca74.txt	F	1364	679	685	20	14	0
5906.up-1b8244ba04bb.txt	F	5906.lswap-73851215f718.txt	R	1364	679	685	20	14	0
5906.up-1b8244ba04bb.txt	F	5906.lswap-7602ba885180.txt	F	1364	679	685	20	14	0
5906.up-1b8244ba04bb.txt	F	5906.lswap-821102adfff8.txt	F	1364	679	685	20	14	0
5906.up-1b8244ba04bb.txt	F	5906.lswap-a28e203d65dc.txt	R	1364	679	685	20	14	0
5906.up-1b8244ba04bb.txt	F	5906.lswap-aa52880fc9e0.txt	R	1364	679	685	20	14	0
5906.up-1b8244ba04bb.txt	F	5906.lswap-cae9c3b46793.txt	F	1364	679	685	20	14	0
5906.up-1b8244ba04bb.txt	F	5906.lswap-cf5ecb0e9ecc.txt	F	1364	679	685	20	14	0
5906.up-1b8244ba04bb.txt	F	5906.lswap-d515e64b87be.txt	R	1364	679	685	20	14	0
5906.up-1b8244ba04bb.txt	F	5906.lswap-e59a6239aa79.txt	F	1364	679	685	20	14	0
5906.up-1b8244ba04bb.txt	F	5906.lswap-f6dbf9989449.txt	R	1364	679	685	20	14	0
5906.up-1b8244ba04bb.txt	F	5906.up-9a915a83c416.txt	F	1364	679	685	20	14	0
5906.up-1b8244ba04bb.txt	F	5906.up-9a915a83c416.txt	R	1364	679	685	20	14	0
5906.up-1b8244ba04bb.txt	F	5906.up-e132c7a7c340.txt	F	1364	679	685	20	14	0
5906.up-1b8244ba04bb.txt	F	5906.up-e132c7a7c340.txt	R	1364	679	685	20	14	0
5906.up-1b8244ba04bb.txt	R	5906.lswap-17203113788c.txt	R	1364	679	685	20	14	0
5906.up-1b8244ba04bb.txt	R	5906.lswap-3b4f2e286e0c.txt	F	1364	679	685	20	14	0
5906.up-1b8244ba04bb.txt	R	5906.lswap-3baeeea281f2.txt	F	1364	679	685	20	14	0
5906.up-1b8244ba04bb.txt	R	5906.lswap-3c791ffa671d.txt	F	1364	679	685	20	14	0
5906.up-1b8244ba04bb.txt	R	5906.lswap-423441640591.txt	F	1364	679	685	20	14	0
5906.up-1b8244ba04bb.txt	R	5906.lswap-469763027c57.txt	F	1364	679	685	20	14	0
5906.up-1b8244ba04bb.txt	R	5906.lswap-4a581202d46c.txt	F	1364	679	685	20	14	0
5906.up-1b8244ba04bb.txt	R	5906.lswap-4c179f65aa4b.txt	F	1364	679	685	20	14	0
5906.up-1b8244ba04bb.txt	R	5906.lswap-5228890279ca.txt	R	1364	679	685	20	14	0
5906.up-1b8244ba04bb.txt	R	5906.lswap-5764c730eaee.txt	F	1364	679	685	20	14	0
5906.up-1b8244ba04bb.txt	R	5906.lswap-5a55d1641a86.txt	R	1364	679	685	20	14	0
5906.up-1b8244ba04bb.txt	R	5906.lswap-6f6f375dca74.txt	F	1364	679	685	20	14	0
5906.up-1b8244ba04bb.txt	R	5906.lswap-73851215f718.txt	R	1364	679	685	20	14	0
5906.up-1b8244ba04bb.txt	R	5906.lswap-7602ba885180.txt	F	1364	679	685	20	14	0
5906.up-1b8244ba04bb.txt	R	5906.lswap-821102adfff8.txt	F	1364	679	685	20	14	0
5906.up-1b8244ba04bb.txt	R	5906.lswap-a28e203d65dc.txt	R	1364	679	685	20	14	0
5906.up-1b8244ba04bb.txt	R	5906.lswap-aa52880fc9e0.txt	R	1364	679	685	20	14	0
5906.up-1b8244ba04bb.txt	R	5906.lswap-cae9c3b46793.txt	F	1364	679	685	20	14	0
5906.up-1b8244ba04bb.txt	R	5906.lswap-cf5ecb0e9ecc.txt	F	1364	679	685	20	14	0
5906.up-1b8244ba04bb.txt	R	5906.lswap-d515e64b87be.txt	R	1364	679	685	20	14	0
5906.up-1b8244ba04bb.txt	R	5906.lswap-e59a6239aa79.txt	F	1364	679	685	20	14	0
5906.up-1b8244ba04bb.txt	R	5906.lswap-f6dbf9989449.txt	R	1364	679	685	20	14	0
5906.up-1b8244ba04bb.txt	R	5906.up-9a915a83c416.txt	F	1364	679	685	20	14	0
5906.up-1b8244ba04bb.txt	R	5906.up-9a915a83c416.txt	R	1364	679	685	20	14	0
5906.up-1b8244ba04bb.txt	R	5906.up-e132c7a7c340.txt	F	1364	679	685	20	14	0
5906.up-1b8244ba04bb.txt	R	5906.up-e132c7a7c340.txt	R	1364	679	685	20	14	0
5906.up-1b8244ba04bb.txt	F	5906.up-6a8f7756517b.txt	F	1366	680	686	20	14	0
5906.up-1b8244ba04bb.txt	F	5906.up-6a8f7756517b.txt	R	1366	680	686	20	14	0
5906.up-1b8244ba04bb.txt	R	5906.up-6a8f7756517b.txt	F	1366	680	686	20	14	0
5906.up-1b8244ba04bb.txt	R	5906.up-6a8f7756517b.txt	R	1366	680	686	20	14	0
5906.up-1b8244ba04bb.txt	F	5906.lswap-0de54c0a7bb6.txt	F	1370	682	688	20	14	0
5906.up-1b8244ba04bb.txt	F	5906.lswap-0de54c0a7bb6.txt	R	1370	682	688	20	14	0
5906.up-1b8244ba04bb.txt	F	5906.lswap-1e70957354f1.txt	F	1370	682	688	20	14	0
5906.up-1b8244ba04bb.txt	F	5906.lswap-1e70957354f1.txt	R	1370	682	688	20	14	0
5906.up-1b8244ba04bb.txt	F	5906.lswap-41a210488ac9.txt	F	1370	682	688	20	14	0
5906.up-1b8244ba04bb.txt	F	5906.lswap-41a210488ac9.txt	R	1370	682	688	20	14	0
5906.up-1b8244ba04bb.txt	F	5906.lswap-49fc63d034f2.txt	F	1370	682	688	20	14	0
5906.up-1b8244ba04bb.txt	F	5906.lswap-49fc63d034f2.txt	R	1370	682	688	20	14	0
5906.up-1b8244ba04bb.txt	F	5906.lswap-6d7ea156bdcc.txt	F	1370	682	688	20	14	0
5906.up-1b8244ba04bb.txt	F	5906.lswap-6d7ea156bdcc.txt	R	1370	682	688	20	14	0
5906.up-1b8244ba04bb.txt	F	5906.lswap-b12d38608f09.txt	F	1370	682	688	20	14	0
5906.up-1b8244ba04bb.txt	F	5906.lswap-b12d38608f09.txt	R	1370	682	688	20	14	0
5906.up-1b8244ba04bb.txt	F	5906.lswap-c394b34cb7cc.txt	R	1370	682	688	20	14	0
5906.up-1b8244ba04bb.txt	F	5906.lswap-e0920da719d9.txt	F	1370	682	688	20	14	0
5906.up-1b8244ba04bb.txt	F	5906.lswap-e0920da719d9.txt	R	1370	682	688	20	14	0
5906.up-1b8244ba04bb.txt	F	5906.up-23ca8a9bcc81.txt	F	1370	682	688	20	14	0
5906.up-1b8244ba04bb.txt	F	5906.up-23ca8a9bcc81.txt	R	1370	682	688	20	14	0
5906.up-1b8244ba04bb.txt	F	5906.up-2cb6c1139592.txt	F	1370	682	688	20	14	0
5906.up-1b8244ba04bb.txt	F	5906.up-2cb6c1139592.txt	R	1370	682	688	20	14	0
5906.up-1b8244ba04bb.txt	F	5906.up-91a0d3cd2c14.txt	F	1370	682	688	20	14	0
5906.up-1b8244ba04bb.txt	F	5906.up-91a0d3cd2c14.txt	R	1370	682	688	20	14	0
5906.up-1b8244ba04bb.txt	F	5906.up-a838f31a7b4f.txt	F	1370	682	688	20	14	0
5906.up-1b8244ba04bb.txt	F	5906.up-a838f31a7b4f.txt	R	1370	682	688	20	14	0
5906.up-1b8244ba04bb.txt	F	5906.up-b2d6bec1e3bd.txt	F	1370	682	688	20	14	0
5906.up-1b8244ba04bb.txt	F	5906.up-b2d6bec1e3bd.txt	R	1370	682	688	20	14	0
5906.up-1b8244ba04bb.txt	F	5906.up-d8c6ba46400e.txt	F	1370	682	688	20	14	0
5906.up-1b8244ba04bb.txt	F	5906.up-d8c6ba46400e.txt	R	1370	682	688	20	14	0
5906.up-1b8244ba04bb.txt	F	5906.up-eebb02e3baec.txt	F	1370	682	688	20	14	0
5906.up-1b8244ba04bb.txt	F	5906.up-eebb02e3baec.txt	R	1370	682	688	20	14	0
5906.up-1b8244ba04bb.txt	R	5906.lswap-0de54c0a7bb6.txt	F	1370	682	688	20	14	0
5906.up-1b8244ba04bb.txt	R	5906.lswap-0de54c0a7bb6.txt	R	1370	682	688	20	14	0
5906.up-1b8244ba04bb.txt	R	5906.lswap-1e70957354f1.txt	F	1370	682	688	20	14	0
5906.up-1b8244ba04bb.txt	R	5906.lswap-1e70957354f1.txt	R	1370	682	688	20	14	0
5906.up-1b8244ba04bb.txt	R	5906.lswap-41a210488ac9.txt	F	1370	682	688	20	14	0
5906.up-1b8244ba04bb.txt	R	5906.lswap-41a210488ac9.txt	R	1370	682	688	20	14	0
5906.up-1b8244ba04bb.txt	R	5906.lswap-49fc63d034f2.txt	F	1370	682	688	20	14	0
5906.up-1b8244ba04bb.txt	R	5906.lswap-49fc63d034f2.txt	R	1370	682	688	20	14	0
5906.up-1b8244ba04bb.txt	R	5906.lswap-6d7ea156bdcc.txt	F	1370	682	688	20	14	0
5906.up-1b8244ba04bb.txt	R	5906.lswap-6d7ea156bdcc.txt	R	1370	682	688	20	14	0
5906.up-1b8244ba04bb.txt	R	5906.lswap-b12d38608f09.txt	F	1370	682	688	20	14	0
5906.up-1b8244ba04bb.txt	R	5906.lswap-b12d38608f09.txt	R	1370	682	688	20	14	0
5906.up-1b8244ba04bb.txt	R	5906.lswap-c394b34cb7cc.txt	R	1370	682	688	20	14	0
5906.up-1b8244ba04bb.txt	R	5906.lswap-e0920da719d9.txt	F	1370	682	688	20	14	0
5906.up-1b8244ba04bb.txt	R	5906.lswap-e0920da719d9.txt	R	1370	682	688	20	14	0
5906.up-1b8244ba04bb.txt	R	5906.up-23ca8a9bcc81.txt	F	1370	682	688	20	14	0
5906.up-1b8244ba04bb.txt	R	5906.up-23ca8a9bcc81.txt	R	1370	682	688	20	14	0
5906.up-1b8244ba04bb.txt	R	5906.up-2cb6c1139592.txt	F	1370	682	688	20	14	0
5906.up-1b8244ba04bb.txt	R	5906.up-2cb6c1139592.txt	R	1370	682	688	20	14	0
5906.up-1b8244ba04bb.txt	R	5906.up-91a0d3cd2c14.txt	F	1370	682	688	20	14	0
5906.up-1b8244ba04bb.txt	R	5906.up-91a0d3cd2c14.txt	R	1370	682	688	20	14	0
5906.up-1b8244ba04bb.txt	R	5906.up-a838f31a7b4f.txt	F	1370	682	688	20	14	0
5906.up-1b8244ba04bb.txt	R	5906.up-a838f31a7b4f.txt	R	1370	682	688	20	14	0
5906.up-1b8244ba04bb.txt	R	5906.up-b2d6bec1e3bd.txt	F	1370	682	688	20	14	0
5906.up-1b8244ba04bb.txt	R	5906.up-b2d6bec1e3bd.txt	R	1370	682	688	20	14	0
5906.up-1b8244ba04bb.txt	R	5906.up-d8c6ba46400e.txt	F	1370	682	688	20	14	0
5906.up-1b8244ba04bb.txt	R	5906.up-d8c6ba46400e.txt	R	1370	682	688	20	14	0
5906.up-1b8244ba04bb.txt	R	5906.up-eebb02e3baec.txt	F	1370	682	688	20	14	0
5906.up-1b8244ba04bb.txt	R	5906.up-eebb02e3baec.txt	R	1370	682	688	20	14	0
5906.up-1b8244ba04bb.txt	F	5906.up-5ce87c54ecea.txt	F	1372	683	689	20	14	0
5906.up-1b8244ba04bb.txt	F	5906.up-5ce87c54ecea.txt	R	1372	683	689	20	14	0
5906.up-1b8244ba04bb.txt	R	5906.up-5ce87c54ecea.txt	F	1372	683	689	20	14	0
5906.up-1b8244ba04bb.txt	R	5906.up-5ce87c54ecea.txt	R	1372	683	689	20	14	0
5906.up-1b8244ba04bb.txt	F	5906.lswap-10f62906b166.txt	R	1374	687	687	20	20	0
5906.up-1b8244ba04bb.txt	F	5906.lswap-9bf7e32c6472.txt	F	1374	687	687	20	20	0
5906.up-1b8244ba04bb.txt	R	5906.lswap-10f62906b166.txt	R	1374	687	687	20	20	0
5906.up-1b8244ba04bb.txt	R	5906.lswap-9bf7e32c6472.txt	F	1374	687	687	20	20	0
5906.up-1b8244ba04bb.txt	F	5906.lswap-17946ea8ba63.txt	F	1376	685	691	20	14	0
5906.up-1b8244ba04bb.txt	F	5906.lswap-68a263f18066.txt	F	1376	685	691	20	14	0
5906.up-1b8244ba04bb.txt	F	5906.up-1b0920685429.txt	F	1376	685	691	20	14	0
5906.up-1b8244ba04bb.txt	F	5906.up-1b0920685429.txt	R	1376	685	691	20	14	0
5906.up-1b8244ba04bb.txt	F	5906.up-da93a66cd37b.txt	F	1376	685	691	20	14	0
5906.up-1b8244ba04bb.txt	F	5906.up-da93a66cd37b.txt	R	1376	685	691	20	14	0
5906.up-1b8244ba04bb.txt	R	5906.lswap-17946ea8ba63.txt	F	1376	685	691	20	14	0
5906.up-1b8244ba04bb.txt	R	5906.lswap-68a263f18066.txt	F	1376	685	691	20	14	0
5906.up-1b8244ba04bb.txt	R	5906.up-1b0920685429.txt	F	1376	685	691	20	14	0
5906.up-1b8244ba04bb.txt	R	5906.up-1b0920685429.txt	R	1376	685	691	20	14	0
5906.up-1b8244ba04bb.txt	R	5906.up-da93a66cd37b.txt	F	1376	685	691	20	14	0
5906.up-1b8244ba04bb.txt	R	5906.up-da93a66cd37b.txt	R	1376	685	691	20	14	0
5906.up-1b8244ba04bb.txt	F	5906.lswap-c394b34cb7cc.txt	F	1382	688	694	20	14	0
5906.up-1b8244ba04bb.txt	F	5906.up-63a938be8d73.txt	F	1382	688	694	20	14	0
5906.up-1b8244ba04bb.txt	F	5906.up-63a938be8d73.txt	R	1382	688	694	20	14	0
5906.up-1b8244ba04bb.txt	R	5906.lswap-c394b34cb7cc.txt	F	1382	688	694	20	14	0
5906.up-1b8244ba04bb.txt	R	5906.up-63a938be8d73.txt	F	1382	688	694	20	14	0
5906.up-1b8244ba04bb.txt	R	5906.up-63a938be8d73.txt	R	1382	688	694	20	14	0
5906.up-1b8244ba04bb.txt	F	5906.lswap-c55c2b0fbb0f.txt	F	1384	689	695	20	14	0
5906.up-1b8244ba04bb.txt	R	5906.lswap-c55c2b0fbb0f.txt	F	1384	689	695	20	14	0
5906.up-1b8244ba04bb.txt	F	5906.lswap-8f58c699a11d.txt	R	1386	693	693	20	20	0
5906.up-1b8244ba04bb.txt	R	5906.lswap-8f58c699a11d.txt	R	1386	693	693	20	20	0
5906.up-1b8244ba04bb.txt	F	5906.lswap-4a581202d46c.txt	R	1388	691	697	20	14	0
5906.up-1b8244ba04bb.txt	F	5906.lswap-c55c2b0fbb0f.txt	R	1388	691	697	20	14	0
5906.up-1b8244ba04bb.txt	F	5906.up-1e6ba5f50479.txt	F	1388	691	697	20	14	0
5906.up-1b8244ba04bb.txt	F	5906.up-1e6ba5f50479.txt	R	1388	691	697	20	14	0
5906.up-1b8244ba04bb.txt	F	5906.up-454308027985.txt	F	1388	691	697	20	14	0
5906.up-1b8244ba04bb.txt	F	5906.up-454308027985.txt	R	1388	691	697	20	14	0
5906.up-1b8244ba04bb.txt	R	5906.lswap-4a581202d46c.txt	R	1388	691	697	20	14	0
5906.up-1b8244ba04bb.txt	R	5906.lswap-c55c2b0fbb0f.txt	R	1388	691	697	20	14	0
5906.up-1b8244ba04bb.txt	R	5906.up-1e6ba5f50479.txt	F	1388	691	697	20	14	0
5906.up-1b8244ba04bb.txt	R	5906.up-1e6ba5f50479.txt	R	1388	691	697	20	14	0
5906.up-1b8244ba04bb.txt	R	5906.up-454308027985.txt	F	1388	691	697	20	14	0
5906.up-1b8244ba04bb.txt	R	5906.up-454308027985.txt	R	1388	691	697	20	14	0
5906.up-1b8244ba04bb.txt	F	5906.up-6572648567f1.txt	F	1398	696	702	20	14	0
5906.up-1b8244ba04bb.txt	F	5906.up-6572648567f1.txt	R	1398	696	702	20	14	0
5906.up-1b8244ba04bb.txt	R	5906.up-6572648567f1.txt	F	1398	696	702	20	14	0
5906.up-1b8244ba04bb.txt	R	5906.up-6572648567f1.txt	R	1398	696	702	20	14	0
5906.up-1b8244ba04bb.txt	F	5906.lswap-6008b60b1c2c.txt	R	1400	697	703	20	14	0
5906.up-1b8244ba04bb.txt	F	5906.lswap-f8f86258580e.txt	F	1400	697	703	20	14	0
5906.up-1b8244ba04bb.txt	F	5906.up-a00b3e52965d.txt	F	1400	697	703	20	14	0
5906.up-1b8244ba04bb.txt	F	5906.up-a00b3e52965d.txt	R	1400	697	703	20	14	0
5906.up-1b8244ba04bb.txt	F	5906.up-dcd1e20d40f8.txt	F	1400	697	703	20	14	0
5906.up-1b8244ba04bb.txt	F	5906.up-dcd1e20d40f8.txt	R	1400	697	703	20	14	0
5906.up-1b8244ba04bb.txt	R	5906.lswap-6008b60b1c2c.txt	R	1400	697	703	20	14	0
5906.up-1b8244ba04bb.txt	R	5906.lswap-f8f86258580e.txt	F	1400	697	703	20	14	0
5906.up-1b8244ba04bb.txt	R	5906.up-a00b3e52965d.txt	F	1400	697	703	20	14	0
5906.up-1b8244ba04bb.txt	R	5906.up-a00b3e52965d.txt	R	1400	697	703	20	14	0
5906.up-1b8244ba04bb.txt	R	5906.up-dcd1e20d40f8.txt	F	1400	697	703	20	14	0
5906.up-1b8244ba04bb.txt	R	5906.up-dcd1e20d40f8.txt	R	1400	697	703	20	14	0
5906.up-1b8244ba04bb.txt	F	5906.up-d9a28c2d8195.txt	R	1405	700	705	20	15	0
5906.up-1b8244ba04bb.txt	R	5906.up-d9a28c2d8195.txt	R	1405	700	705	20	15	0
5906.up-1b8244ba04bb.txt	F	5906.lswap-2c94cb485ad7.txt	F	1406	700	706	20	14	0
5906.up-1b8244ba04bb.txt	F	5906.lswap-2c94cb485ad7.txt	R	1406	700	706	20	14	0
5906.up-1b8244ba04bb.txt	F	5906.up-3ffb4355518f.txt	F	1406	700	706	20	14	0
5906.up-1b8244ba04bb.txt	F	5906.up-3ffb4355518f.txt	R	1406	700	706	20	14	0
5906.up-1b8244ba04bb.txt	F	5906.up-839c85982253.txt	F	1406	700	706	20	14	0
5906.up-1b8244ba04bb.txt	F	5906.up-839c85982253.txt	R	1406	700	706	20	14	0
5906.up-1b8244ba04bb.txt	F	5906.up-956f3f1864b5.txt	F	1406	700	706	20	14	0
5906.up-1b8244ba04bb.txt	F	5906.up-956f3f1864b5.txt	R	1406	700	706	20	14	0
5906.up-1b8244ba04bb.txt	F	5906.up-a30c7c517d7b.txt	F	1406	700	706	20	14	0
5906.up-1b8244ba04bb.txt	F	5906.up-a30c7c517d7b.txt	R	1406	700	706	20	14	0
5906.up-1b8244ba04bb.txt	R	5906.lswap-2c94cb485ad7.txt	F	1406	700	706	20	14	0
5906.up-1b8244ba04bb.txt	R	5906.lswap-2c94cb485ad7.txt	R	1406	700	706	20	14	0
5906.up-1b8244ba04bb.txt	R	5906.up-3ffb4355518f.txt	F	1406	700	706	20	14	0
5906.up-1b8244ba04bb.txt	R	5906.up-3ffb4355518f.txt	R	1406	700	706	20	14	0
5906.up-1b8244ba04bb.txt	R	5906.up-839c85982253.txt	F	1406	700	706	20	14	0
5906.up-1b8244ba04bb.txt	R	5906.up-839c85982253.txt	R	1406	700	706	20	14	0
5906.up-1b8244ba04bb.txt	R	5906.up-956f3f1864b5.txt	F	1406	700	706	20	14	0
5906.up-1b8244ba04bb.txt	R	5906.up-956f3f1864b5.txt	R	1406	700	706	20	14	0
5906.up-1b8244ba04bb.txt	R	5906.up-a30c7c517d7b.txt	F	1406	700	706	20	14	0
5906.up-1b8244ba04bb.txt	R	5906.up-a30c7c517d7b.txt	R	1406	700	706	20	14	0
5906.up-1b8244ba04bb.txt	F	5906.up-d9a28c2d8195.txt	F	1407	701	706	20	15	0
5906.up-1b8244ba04bb.txt	R	5906.up-d9a28c2d8195.txt	F	1407	701	706	20	15	0
5906.up-1e6ba5f50479.txt	F	5906.up-1bced7f87a93.txt	F	864	432	432	0	0	0
5906.up-1e6ba5f50479.txt	F	5906.up-1bced7f87a93.txt	R	864	432	432	0	0	0
5906.up-1e6ba5f50479.txt	F	5906.up-454308027985.txt	F	864	432	432	0	0	0
5906.up-1e6ba5f50479.txt	F	5906.up-454308027985.txt	R	864	432	432	0	0	0
5906.up-1e6ba5f50479.txt	R	5906.up-1bced7f87a93.txt	F	864	432	432	0	0	0
5906.up-1e6ba5f50479.txt	R	5906.up-1bced7f87a93.txt	R	864	432	432	0	0	0
5906.up-1e6ba5f50479.txt	R	5906.up-454308027985.txt	F	864	432	432	0	0	0
5906.up-1e6ba5f50479.txt	R	5906.up-454308027985.txt	R	864	432	432	0	0	0
5906.up-1e6ba5f50479.txt	F	5906.lswap-4a581202d46c.txt	F	900	450	450	0	0	0
5906.up-1e6ba5f50479.txt	F	5906.lswap-4a581202d46c.txt	R	900	450	450	0	0	0
5906.up-1e6ba5f50479.txt	R	5906.lswap-4a581202d46c.txt	F	900	450	450	0	0	0
5906.up-1e6ba5f50479.txt	R	5906.lswap-4a581202d46c.txt	R	900	450	450	0	0	0
5906.up-1e6ba5f50479.txt	F	5906.lswap-9edd04d13626.txt	F	912	456	456	0	0	0
5906.up-1e6ba5f50479.txt	F	5906.lswap-9edd04d13626.txt	R	912	456	456	0	0	0
5906.up-1e6ba5f50479.txt	F	5906.lswap-f8f86258580e.txt	F	912	456	456	0	0	0
5906.up-1e6ba5f50479.txt	F	5906.lswap-f8f86258580e.txt	R	912	456	456	0	0	0
5906.up-1e6ba5f50479.txt	R	5906.lswap-9edd04d13626.txt	F	912	456	456	0	0	0
5906.up-1e6ba5f50479.txt	R	5906.lswap-9edd04d13626.txt	R	912	456	456	0	0	0
5906.up-1e6ba5f50479.txt	R	5906.lswap-f8f86258580e.txt	F	912	456	456	0	0	0
5906.up-1e6ba5f50479.txt	R	5906.lswap-f8f86258580e.txt	R	912	456	456	0	0	0
5906.up-1e6ba5f50479.txt	F	5906.up-9a915a83c416.txt	F	936	468	468	0	0	0
5906.up-1e6ba5f50479.txt	F	5906.up-9a915a83c416.txt	R	936	468	468	0	0	0
5906.up-1e6ba5f50479.txt	F	5906.up-dcd1e20d40f8.txt	F	936	468	468	0	0	0
5906.up-1e6ba5f50479.txt	F	5906.up-dcd1e20d40f8.txt	R	936	468	468	0	0	0
5906.up-1e6ba5f50479.txt	R	5906.up-9a915a83c416.txt	F	936	468	468	0	0	0
5906.up-1e6ba5f50479.txt	R	5906.up-9a915a83c416.txt	R	936	468	468	0	0	0
5906.up-1e6ba5f50479.txt	R	5906.up-dcd1e20d40f8.txt	F	936	468	468	0	0	0
5906.up-1e6ba5f50479.txt	R	5906.up-dcd1e20d40f8.txt	R	936	468	468	0	0	0
5906.up-1e6ba5f50479.txt	F	5906.lswap-17946ea8ba63.txt	F	948	474	474	0	0	0
5906.up-1e6ba5f50479.txt	F	5906.lswap-17946ea8ba63.txt	R	948	474	474	0	0	0
5906.up-1e6ba5f50479.txt	F	5906.lswap-6008b60b1c2c.txt	F	948	474	474	0	0	0
5906.up-1e6ba5f50479.txt	F	5906.lswap-6008b60b1c2c.txt	R	948	474	474	0	0	0
5906.up-1e6ba5f50479.txt	R	5906.lswap-17946ea8ba63.txt	F	948	474	474	0	0	0
5906.up-1e6ba5f50479.txt	R	5906.lswap-17946ea8ba63.txt	R	948	474	474	0	0	0
5906.up-1e6ba5f50479.txt	R	5906.lswap-6008b60b1c2c.txt	F	948	474	474	0	0	0
5906.up-1e6ba5f50479.txt	R	5906.lswap-6008b60b1c2c.txt	R	948	474	474	0	0	0
5906.up-1e6ba5f50479.txt	F	5906.up-a233fdf94b8d.txt	F	960	480	480	0	0	0
5906.up-1e6ba5f50479.txt	F	5906.up-a233fdf94b8d.txt	R	960	480	480	0	0	0
5906.up-1e6ba5f50479.txt	F	5906.up-e132c7a7c340.txt	F	960	480	480	0	0	0
5906.up-1e6ba5f50479.txt	F	5906.up-e132c7a7c340.txt	R	960	480	480	0	0	0
5906.up-1e6ba5f50479.txt	R	5906.up-a233fdf94b8d.txt	F	960	480	480	0	0	0
5906.up-1e6ba5f50479.txt	R	5906.up-a233fdf94b8d.txt	R	960	480	480	0	0	0
5906.up-1e6ba5f50479.txt	R	5906.up-e132c7a7c340.txt	F	960	480	480	0	0	0
5906.up-1e6ba5f50479.txt	R	5906.up-e132c7a7c340.txt	R	960	480	480	0	0	0
5906.up-1e6ba5f50479.txt	F	5906.lswap-68a263f18066.txt	F	984	492	492	0	0	0
5906.up-1e6ba5f50479.txt	F	5906.lswap-68a263f18066.txt	R	984	492	492	0	0	0
5906.up-1e6ba5f50479.txt	R	5906.lswap-68a263f18066.txt	F	984	492	492	0	0	0
5906.up-1e6ba5f50479.txt	R	5906.lswap-68a263f18066.txt	R	984	492	492	0	0	0
5906.up-1e6ba5f50479.txt	F	5906.lswap-d515e64b87be.txt	F	996	498	498	0	0	0
5906.up-1e6ba5f50479.txt	F	5906.lswap-d515e64b87be.txt	R	996	498	498	0	0	0
5906.up-1e6ba5f50479.txt	R	5906.lswap-d515e64b87be.txt	F	996	498	498	0	0	0
5906.up-1e6ba5f50479.txt	R	5906.lswap-d515e64b87be.txt	R	996	498	498	0	0	0
5906.up-1e6ba5f50479.txt	F	5906.up-78d638be95ae.txt	F	1008	504	504	0	0	0
5906.up-1e6ba5f50479.txt	F	5906.up-78d638be95ae.txt	R	1008	504	504	0	0	0
5906.up-1e6ba5f50479.txt	F	5906.up-dab493384582.txt	F	1008	504	504	0	0	0
5906.up-1e6ba5f50479.txt	F	5906.up-dab493384582.txt	R	1008	504	504	0	0	0
5906.up-1e6ba5f50479.txt	R	5906.up-78d638be95ae.txt	F	1008	504	504	0	0	0
5906.up-1e6ba5f50479.txt	R	5906.up-78d638be95ae.txt	R	1008	504	504	0	0	0
5906.up-1e6ba5f50479.txt	R	5906.up-dab493384582.txt	F	1008	504	504	0	0	0
5906.up-1e6ba5f50479.txt	R	5906.up-dab493384582.txt	R	1008	504	504	0	0	0
5906.up-1e6ba5f50479.txt	F	5906.rbnd-e9623244f6b1.txt	R	1009	505	504	0	1	0
5906.up-1e6ba5f50479.txt	R	5906.rbnd-e9623244f6b1.txt	R	1009	505	504	0	1	0
5906.up-1e6ba5f50479.txt	F	5906.up-02d771908307.txt	F	1032	516	516	0	0	0
5906.up-1e6ba5f50479.txt	F	5906.up-02d771908307.txt	R	1032	516	516	0	0	0
5906.up-1e6ba5f50479.txt	F	5906.up-4c3eef44600b.txt	F	1032	516	516	0	0	0
5906.up-1e6ba5f50479.txt	F	5906.up-4c3eef44600b.txt	R	1032	516	516	0	0	0
5906.up-1e6ba5f50479.txt	F	5906.up-5ce87c54ecea.txt	F	1032	516	516	0	0	0
5906.up-1e6ba5f50479.txt	F	5906.up-5ce87c54ecea.txt	R	1032	516	516	0	0	0
5906.up-1e6ba5f50479.txt	F	5906.up-7824c044436e.txt	F	1032	516	516	0	0	0
5906.up-1e6ba5f50479.txt	F	5906.up-7824c044436e.txt	R	1032	516	516	0	0	0
5906.up-1e6ba5f50479.txt	R	5906.up-02d771908307.txt	F	1032	516	516	0	0	0
5906.up-1e6ba5f50479.txt	R	5906.up-02d771908307.txt	R	1032	516	516	0	0	0
5906.up-1e6ba5f50479.txt	R	5906.up-4c3eef44600b.txt	F	1032	516	516	0	0	0
5906.up-1e6ba5f50479.txt	R	5906.up-4c3eef44600b.txt	R	1032	516	516	0	0	0
5906.up-1e6ba5f50479.txt	R	5906.up-5ce87c54ecea.txt	F	1032	516	516	0	0	0
5906.up-1e6ba5f50479.txt	R	5906.up-5ce87c54ecea.txt	R	1032	516	516	0	0	0
5906.up-1e6ba5f50479.txt	R	5906.up-7824c044436e.txt	F	1032	516	516	0	0	0
5906.up-1e6ba5f50479.txt	R	5906.up-7824c044436e.txt	R	1032	516	516	0	0	0
5906.up-1e6ba5f50479.txt	F	5906.lswap-c55c2b0fbb0f.txt	F	1044	522	522	0	0	0
5906.up-1e6ba5f50479.txt	F	5906.lswap-c55c2b0fbb0f.txt	R	1044	522	522	0	0	0
5906.up-1e6ba5f50479.txt	R	5906.lswap-c55c2b0fbb0f.txt	F	1044	522	522	0	0	0
5906.up-1e6ba5f50479.txt	R	5906.lswap-c55c2b0fbb0f.txt	R	1044	522	522	0	0	0
5906.up-1e6ba5f50479.txt	F	5906.lswap-20db05a5b51e.txt	F	1056	528	528	0	0	0
5906.up-1e6ba5f50479.txt	F	5906.lswap-20db05a5b51e.txt	R	1056	528	528	0	0	0
5906.up-1e6ba5f50479.txt	F	5906.up-a00b3e52965d.txt	F	1056	528	528	0	0	0
5906.up-1e6ba5f50479.txt	F	5906.up-a00b3e52965d.txt	R	1056	528	528	0	0	0
5906.up-1e6ba5f50479.txt	R	5906.lswap-20db05a5b51e.txt	F	1056	528	528	0	0	0
5906.up-1e6ba5f50479.txt	R	5906.lswap-20db05a5b51e.txt	R	1056	528	528	0	0	0
5906.up-1e6ba5f50479.txt	R	5906.up-a00b3e52965d.txt	F	1056	528	528	0	0	0
5906.up-1e6ba5f50479.txt	R	5906.up-a00b3e52965d.txt	R	1056	528	528	0	0	0
5906.up-1e6ba5f50479.txt	F	5906.lswap-9bd2a50baa0e.txt	F	1068	534	534	0	0	0
5906.up-1e6ba5f50479.txt	F	5906.lswap-9bd2a50baa0e.txt	R	1068	534	534	0	0	0
5906.up-1e6ba5f50479.txt	R	5906.lswap-9bd2a50baa0e.txt	F	1068	534	534	0	0	0
5906.up-1e6ba5f50479.txt	R	5906.lswap-9bd2a50baa0e.txt	R	1068	534	534	0	0	0
5906.up-1e6ba5f50479.txt	F	5906.rbnd-0dad091b8ac4.txt	R	1069	535	534	0	1	0
5906.up-1e6ba5f50479.txt	F	5906.rbnd-2641d60c9d5c.txt	F	1069	535	534	0	1	0
5906.up-1e6ba5f50479.txt	R	5906.rbnd-0dad091b8ac4.txt	R	1069	535	534	0	1	0
5906.up-1e6ba5f50479.txt	R	5906.rbnd-2641d60c9d5c.txt	F	1069	535	534	0	1	0
5906.up-1e6ba5f50479.txt	F	5906.up-37ac2db82134.txt	F	1080	540	540	0	0	0
5906.up-1e6ba5f50479.txt	F	5906.up-37ac2db82134.txt	R	1080	540	540	0	0	0
5906.up-1e6ba5f50479.txt	F	5906.up-6a8f7756517b.txt	F	1080	540	540	0	0	0
5906.up-1e6ba5f50479.txt	F	5906.up-6a8f7756517b.txt	R	1080	540	540	0	0	0
5906.up-1e6ba5f50479.txt	F	5906.up-756ff2ed09bd.txt	F	1080	540	540	0	0	0
5906.up-1e6ba5f50479.txt	F	5906.up-756ff2ed09bd.txt	R	1080	540	540	0	0	0
5906.up-1e6ba5f50479.txt	F	5906.up-e8da0f18269f.txt	F	1080	540	540	0	0	0
5906.up-1e6ba5f50479.txt	F	5906.up-e8da0f18269f.txt	R	1080	540	540	0	0	0
5906.up-1e6ba5f50479.txt	R	5906.up-37ac2db82134.txt	F	1080	540	540	0	0	0
5906.up-1e6ba5f50479.txt	R	5906.up-37ac2db82134.txt	R	1080	540	540	0	0	0
5906.up-1e6ba5f50479.txt	R	5906.up-6a8f7756517b.txt	F	1080	540	540	0	0	0
5906.up-1e6ba5f50479.txt	R	5906.up-6a8f7756517b.txt	R	1080	540	540	0	0	0
5906.up-1e6ba5f50479.txt	R	5906.up-756ff2ed09bd.txt	F	1080	540	540	0	0	0
5906.up-1e6ba5f50479.txt	R	5906.up-756ff2ed09bd.txt	R	1080	540	540	0	0	0
5906.up-1e6ba5f50479.txt	R	5906.up-e8da0f18269f.txt	F	1080	540	540	0	0	0
5906.up-1e6ba5f50479.txt	R	5906.up-e8da0f18269f.txt	R	1080	540	540	0	0	0
5906.up-1e6ba5f50479.txt	F	5906.rbnd-c44d48fbd52c.txt	R	1081	541	540	0	1	0
5906.up-1e6ba5f50479.txt	R	5906.rbnd-c44d48fbd52c.txt	R	1081	541	540	0	1	0
5906.up-1e6ba5f50479.txt	F	5906.lswap-25cebe1ff658.txt	F	1092	546	546	0	0	0
5906.up-1e6ba5f50479.txt	F	5906.lswap-25cebe1ff658.txt	R	1092	546	546	0	0	0
5906.up-1e6ba5f50479.txt	F	5906.lswap-dcc866de4e11.txt	F	1092	546	546	0	0	0
5906.up-1e6ba5f50479.txt	F	5906.lswap-dcc866de4e11.txt	R	1092	546	546	0	0	0
5906.up-1e6ba5f50479.txt	R	5906.lswap-25cebe1ff658.txt	F	1092	546	546	0	0	0
5906.up-1e6ba5f50479.txt	R	5906.lswap-25cebe1ff658.txt	R	1092	546	546	0	0	0
5906.up-1e6ba5f50479.txt	R	5906.lswap-dcc866de4e11.txt	F	1092	546	546	0	0	0
5906.up-1e6ba5f50479.txt	R	5906.lswap-dcc866de4e11.txt	R	1092	546	546	0	0	0
5906.up-1e6ba5f50479.txt	F	5906.lswap-3d82ae1f2111.txt	F	1104	552	552	0	0	0
5906.up-1e6ba5f50479.txt	F	5906.lswap-3d82ae1f2111.txt	R	1104	552	552	0	0	0
5906.up-1e6ba5f50479.txt	F	5906.lswap-7217a0cd3774.txt	F	1104	552	552	0	0	0
5906.up-1e6ba5f50479.txt	F	5906.lswap-7217a0cd3774.txt	R	1104	552	552	0	0	0
5906.up-1e6ba5f50479.txt	F	5906.up-207dc5352d35.txt	F	1104	552	552	0	0	0
5906.up-1e6ba5f50479.txt	F	5906.up-207dc5352d35.txt	R	1104	552	552	0	0	0
5906.up-1e6ba5f50479.txt	F	5906.up-c2286e4674af.txt	F	1104	552	552	0	0	0
5906.up-1e6ba5f50479.txt	F	5906.up-c2286e4674af.txt	R	1104	552	552	0	0	0
5906.up-1e6ba5f50479.txt	F	5906.up-e1680a9d0e30.txt	F	1104	552	552	0	0	0
5906.up-1e6ba5f50479.txt	F	5906.up-e1680a9d0e30.txt	R	1104	552	552	0	0	0
5906.up-1e6ba5f50479.txt	F	5906.up-e65e244c83d3.txt	F	1104	552	552	0	0	0
5906.up-1e6ba5f50479.txt	F	5906.up-e65e244c83d3.txt	R	1104	552	552	0	0	0
5906.up-1e6ba5f50479.txt	R	5906.lswap-3d82ae1f2111.txt	F	1104	552	552	0	0	0
5906.up-1e6ba5f50479.txt	R	5906.lswap-3d82ae1f2111.txt	R	1104	552	552	0	0	0
5906.up-1e6ba5f50479.txt	R	5906.lswap-7217a0cd3774.txt	F	1104	552	552	0	0	0
5906.up-1e6ba5f50479.txt	R	5906.lswap-7217a0cd3774.txt	R	1104	552	552	0	0	0
5906.up-1e6ba5f50479.txt	R	5906.up-207dc5352d35.txt	F	1104	552	552	0	0	0
5906.up-1e6ba5f50479.txt	R	5906.up-207dc5352d35.txt	R	1104	552	552	0	0	0
5906.up-1e6ba5f50479.txt	R	5906.up-c2286e4674af.txt	F	1104	552	552	0	0	0
5906.up-1e6ba5f50479.txt	R	5906.up-c2286e4674af.txt	R	1104	552	552	0	0	0
5906.up-1e6ba5f50479.txt	R	5906.up-e1680a9d0e30.txt	F	1104	552	552	0	0	0
5906.up-1e6ba5f50479.txt	R	5906.up-e1680a9d0e30.txt	R	1104	552	552	0	0	0
5906.up-1e6ba5f50479.txt	R	5906.up-e65e244c83d3.txt	F	1104	552	552	0	0	0
5906.up-1e6ba5f50479.txt	R	5906.up-e65e244c83d3.txt	R	1104	552	552	0	0	0
5906.up-1e6ba5f50479.txt	F	5906.lswap-7bd46049981f.txt	F	1116	558	558	0	0	0
5906.up-1e6ba5f50479.txt	F	5906.lswap-7bd46049981f.txt	R	1116	558	558	0	0	0
5906.up-1e6ba5f50479.txt	F	5906.lswap-e21e24656b8e.txt	F	1116	558	558	0	0	0
5906.up-1e6ba5f50479.txt	F	5906.lswap-e21e24656b8e.txt	R	1116	558	558	0	0	0
5906.up-1e6ba5f50479.txt	R	5906.lswap-7bd46049981f.txt	F	1116	558	558	0	0	0
5906.up-1e6ba5f50479.txt	R	5906.lswap-7bd46049981f.txt	R	1116	558	558	0	0	0
5906.up-1e6ba5f50479.txt	R	5906.lswap-e21e24656b8e.txt	F	1116	558	558	0	0	0
5906.up-1e6ba5f50479.txt	R	5906.lswap-e21e24656b8e.txt	R	1116	558	558	0	0	0
5906.up-1e6ba5f50479.txt	F	5906.up-3de4f10d5095.txt	F	1128	564	564	0	0	0
5906.up-1e6ba5f50479.txt	F	5906.up-3de4f10d5095.txt	R	1128	564	564	0	0	0
5906.up-1e6ba5f50479.txt	F	5906.up-a001786e5861.txt	F	1128	564	564	0	0	0
5906.up-1e6ba5f50479.txt	F	5906.up-a001786e5861.txt	R	1128	564	564	0	0	0
5906.up-1e6ba5f50479.txt	R	5906.up-3de4f10d5095.txt	F	1128	564	564	0	0	0
5906.up-1e6ba5f50479.txt	R	5906.up-3de4f10d5095.txt	R	1128	564	564	0	0	0
5906.up-1e6ba5f50479.txt	R	5906.up-a001786e5861.txt	F	1128	564	564	0	0	0
5906.up-1e6ba5f50479.txt	R	5906.up-a001786e5861.txt	R	1128	564	564	0	0	0
5906.up-1e6ba5f50479.txt	F	5906.up-95ffff5c765c.txt	F	1152	576	576	0	0	0
5906.up-1e6ba5f50479.txt	F	5906.up-95ffff5c765c.txt	R	1152	576	576	0	0	0
5906.up-1e6ba5f50479.txt	F	5906.up-a235b0e09b6c.txt	F	1152	576	576	0	0	0
5906.up-1e6ba5f50479.txt	F	5906.up-a235b0e09b6c.txt	R	1152	576	576	0	0	0
5906.up-1e6ba5f50479.txt	F	5906.up-cad80abdf334.txt	F	1152	576	576	0	0	0
5906.up-1e6ba5f50479.txt	F	5906.up-cad80abdf334.txt	R	1152	576	576	0	0	0
5906.up-1e6ba5f50479.txt	F	5906.up-da93a66cd37b.txt	F	1152	576	576	0	0	0
5906.up-1e6ba5f50479.txt	F	5906.up-da93a66cd37b.txt	R	1152	576	576	0	0	0
5906.up-1e6ba5f50479.txt	R	5906.up-95ffff5c765c.txt	F	1152	576	576	0	0	0
5906.up-1e6ba5f50479.txt	R	5906.up-95ffff5c765c.txt	R	1152	576	576	0	0	0
5906.up-1e6ba5f50479.txt	R	5906.up-a235b0e09b6c.txt	F	1152	576	576	0	0	0
5906.up-1e6ba5f50479.txt	R	5906.up-a235b0e09b6c.txt	R	1152	576	576	0	0	0
5906.up-1e6ba5f50479.txt	R	5906.up-cad80abdf334.txt	F	1152	576	576	0	0	0
5906.up-1e6ba5f50479.txt	R	5906.up-cad80abdf334.txt	R	1152	576	576	0	0	0
5906.up-1e6ba5f50479.txt	R	5906.up-da93a66cd37b.txt	F	1152	576	576	0	0	0
5906.up-1e6ba5f50479.txt	R	5906.up-da93a66cd37b.txt	R	1152	576	576	0	0	0
5906.up-1e6ba5f50479.txt	F	5906.up-6572648567f1.txt	F	1172	586	586	14	14	0
5906.up-1e6ba5f50479.txt	F	5906.up-6572648567f1.txt	R	1172	586	586	14	14	0
5906.up-1e6ba5f50479.txt	R	5906.up-6572648567f1.txt	F	1172	586	586	14	14	0
5906.up-1e6ba5f50479.txt	R	5906.up-6572648567f1.txt	R	1172	586	586	14	14	0
5906.up-1e6ba5f50479.txt	F	5906.lswap-aea48ef05d9e.txt	F	1176	588	588	0	0	0
5906.up-1e6ba5f50479.txt	F	5906.lswap-aea48ef05d9e.txt	R	1176	588	588	0	0	0
5906.up-1e6ba5f50479.txt	F	5906.up-14e2c7b29aae.txt	F	1176	588	588	0	0	0
5906.up-1e6ba5f50479.txt	F	5906.up-14e2c7b29aae.txt	R	1176	588	588	0	0	0
5906.up-1e6ba5f50479.txt	F	5906.up-3ba99c5557bb.txt	F	1176	588	588	0	0	0
5906.up-1e6ba5f50479.txt	F	5906.up-3ba99c5557bb.txt	R	1176	588	588	0	0	0
5906.up-1e6ba5f50479.txt	F	5906.up-839c85982253.txt	F	1176	588	588	0	0	0
5906.up-1e6ba5f50479.txt	F	5906.up-839c85982253.txt	R	1176	588	588	0	0	0
5906.up-1e6ba5f50479.txt	F	5906.up-abe33e328763.txt	F	1176	588	588	0	0	0
5906.up-1e6ba5f50479.txt	F	5906.up-abe33e328763.txt	R	1176	588	588	0	0	0
5906.up-1e6ba5f50479.txt	R	5906.lswap-aea48ef05d9e.txt	F	1176	588	588	0	0	0
5906.up-1e6ba5f50479.txt	R	5906.lswap-aea48ef05d9e.txt	R	1176	588	588	0	0	0
5906.up-1e6ba5f50479.txt	R	5906.up-14e2c7b29aae.txt	F	1176	588	588	0	0	0
5906.up-1e6ba5f50479.txt	R	5906.up-14e2c7b29aae.txt	R	1176	588	588	0	0	0
5906.up-1e6ba5f50479.txt	R	5906.up-3ba99c5557bb.txt	F	1176	588	588	0	0	0
5906.up-1e6ba5f50479.txt	R	5906.up-3ba99c5557bb.txt	R	1176	588	588	0	0	0
5906.up-1e6ba5f50479.txt	R	5906.up-839c85982253.txt	F	1176	588	588	0	0	0
5906.up-1e6ba5f50479.txt	R	5906.up-839c85982253.txt	R	1176	588	588	0	0	0
5906.up-1e6ba5f50479.txt	R	5906.up-abe33e328763.txt	F	1176	588	588	0	0	0
5906.up-1e6ba5f50479.txt	R	5906.up-abe33e328763.txt	R	1176	588	588	0	0	0
5906.up-1e6ba5f50479.txt	F	5906.up-956f3f1864b5.txt	F	1184	592	592	14	14	0
5906.up-1e6ba5f50479.txt	F	5906.up-956f3f1864b5.txt	R	1184	592	592	14	14	0
5906.up-1e6ba5f50479.txt	R	5906.up-956f3f1864b5.txt	F	1184	592	592	14	14	0
5906.up-1e6ba5f50479.txt	R	5906.up-956f3f1864b5.txt	R	1184	592	592	14	14	0
5906.up-1e6ba5f50479.txt	F	5906.lswap-be4759bc731a.txt	F	1188	594	594	0	0	0
5906.up-1e6ba5f50479.txt	F	5906.lswap-be4759bc731a.txt	R	1188	594	594	0	0	0
5906.up-1e6ba5f50479.txt	F	5906.lswap-cf5ecb0e9ecc.txt	F	1188	594	594	0	0	0
5906.up-1e6ba5f50479.txt	F	5906.lswap-cf5ecb0e9ecc.txt	R	1188	594	594	0	0	0
5906.up-1e6ba5f50479.txt	F	5906.lswap-d252e4d38aa9.txt	F	1188	594	594	0	0	0
5906.up-1e6ba5f50479.txt	F	5906.lswap-d252e4d38aa9.txt	R	1188	594	594	0	0	0
5906.up-1e6ba5f50479.txt	R	5906.lswap-be4759bc731a.txt	F	1188	594	594	0	0	0
5906.up-1e6ba5f50479.txt	R	5906.lswap-be4759bc731a.txt	R	1188	594	594	0	0	0
5906.up-1e6ba5f50479.txt	R	5906.lswap-cf5ecb0e9ecc.txt	F	1188	594	594	0	0	0
5906.up-1e6ba5f50479.txt	R	5906.lswap-cf5ecb0e9ecc.txt	R	1188	594	594	0	0	0
5906.up-1e6ba5f50479.txt	R	5906.lswap-d252e4d38aa9.txt	F	1188	594	594	0	0	0
5906.up-1e6ba5f50479.txt	R	5906.lswap-d252e4d38aa9.txt	R	1188	594	594	0	0	0
5906.up-1e6ba5f50479.txt	F	5906.lswap-4c179f65aa4b.txt	F	1200	600	600	0	0	0
5906.up-1e6ba5f50479.txt	F	5906.lswap-4c179f65aa4b.txt	R	1200	600	600	0	0	0
5906.up-1e6ba5f50479.txt	F	5906.lswap-5a55d1641a86.txt	F	1200	600	600	0	0	0
5906.up-1e6ba5f50479.txt	F	5906.lswap-5a55d1641a86.txt	R	1200	600	600	0	0	0
5906.up-1e6ba5f50479.txt	F	5906.lswap-5a7a973564fd.txt	F	1200	600	600	0	0	0
5906.up-1e6ba5f50479.txt	F	5906.lswap-5a7a973564fd.txt	R	1200	600	600	0	0	0
5906.up-1e6ba5f50479.txt	F	5906.lswap-6f6f375dca74.txt	F	1200	600	600	0	0	0
5906.up-1e6ba5f50479.txt	F	5906.lswap-6f6f375dca74.txt	R	1200	600	600	0	0	0
5906.up-1e6ba5f50479.txt	F	5906.lswap-aa52880fc9e0.txt	F	1200	600	600	0	0	0
5906.up-1e6ba5f50479.txt	F	5906.lswap-aa52880fc9e0.txt	R	1200	600	600	0	0	0
5906.up-1e6ba5f50479.txt	F	5906.lswap-b55f23a2f470.txt	F	1200	600	600	0	0	0
5906.up-1e6ba5f50479.txt	F	5906.lswap-b55f23a2f470.txt	R	1200	600	600	0	0	0
5906.up-1e6ba5f50479.txt	F	5906.up-168d62e1a9d1.txt	F	1200	600	600	0	0	0
5906.up-1e6ba5f50479.txt	F	5906.up-168d62e1a9d1.txt	R	1200	600	600	0	0	0
5906.up-1e6ba5f50479.txt	F	5906.up-7c111e182316.txt	F	1200	600	600	0	0	0
5906.up-1e6ba5f50479.txt	F	5906.up-7c111e182316.txt	R	1200	600	600	0	0	0
5906.up-1e6ba5f50479.txt	F	5906.up-a838f31a7b4f.txt	F	1200	600	600	0	0	0
5906.up-1e6ba5f50479.txt	F	5906.up-a838f31a7b4f.txt	R	1200	600	600	0	0	0
5906.up-1e6ba5f50479.txt	F	5906.up-e94d2b57a7d4.txt	F	1200	600	600	0	0	0
5906.up-1e6ba5f50479.txt	F	5906.up-e94d2b57a7d4.txt	R	1200	600	600	0	0	0
5906.up-1e6ba5f50479.txt	R	5906.lswap-4c179f65aa4b.txt	F	1200	600	600	0	0	0
5906.up-1e6ba5f50479.txt	R	5906.lswap-4c179f65aa4b.txt	R	1200	600	600	0	0	0
5906.up-1e6ba5f50479.txt	R	5906.lswap-5a55d1641a86.txt	F	1200	600	600	0	0	0
5906.up-1e6ba5f50479.txt	R	5906.lswap-5a55d1641a86.txt	R	1200	600	600	0	0	0
5906.up-1e6ba5f50479.txt	R	5906.lswap-5a7a973564fd.txt	F	1200	600	600	0	0	0
5906.up-1e6ba5f50479.txt	R	5906.lswap-5a7a973564fd.txt	R	1200	600	600	0	0	0
5906.up-1e6ba5f50479.txt	R	5906.lswap-6f6f375dca74.txt	F	1200	600	600	0	0	0
5906.up-1e6ba5f50479.txt	R	5906.lswap-6f6f375dca74.txt	R	1200	600	600	0	0	0
5906.up-1e6ba5f50479.txt	R	5906.lswap-aa52880fc9e0.txt	F	1200	600	600	0	0	0
5906.up-1e6ba5f50479.txt	R	5906.lswap-aa52880fc9e0.txt	R	1200	600	600	0	0	0
5906.up-1e6ba5f50479.txt	R	5906.lswap-b55f23a2f470.txt	F	1200	600	600	0	0	0
5906.up-1e6ba5f50479.txt	R	5906.lswap-b55f23a2f470.txt	R	1200	600	600	0	0	0
5906.up-1e6ba5f50479.txt	R	5906.up-168d62e1a9d1.txt	F	1200	600	600	0	0	0
5906.up-1e6ba5f50479.txt	R	5906.up-168d62e1a9d1.txt	R	1200	600	600	0	0	0
5906.up-1e6ba5f50479.txt	R	5906.up-7c111e182316.txt	F	1200	600	600	0	0	0
5906.up-1e6ba5f50479.txt	R	5906.up-7c111e182316.txt	R	1200	600	600	0	0	0
5906.up-1e6ba5f50479.txt	R	5906.up-a838f31a7b4f.txt	F	1200	600	600	0	0	0
5906.up-1e6ba5f50479.txt	R	5906.up-a838f31a7b4f.txt	R	1200	600	600	0	0	0
5906.up-1e6ba5f50479.txt	R	5906.up-e94d2b57a7d4.txt	F	1200	600	600	0	0	0
5906.up-1e6ba5f50479.txt	R	5906.up-e94d2b57a7d4.txt	R	1200	600	600	0	0	0
5906.up-1e6ba5f50479.txt	F	5906.lswap-2c94cb485ad7.txt	F	1208	604	604	14	14	0
5906.up-1e6ba5f50479.txt	R	5906.lswap-2c94cb485ad7.txt	F	1208	604	604	14	14	0
5906.up-1e6ba5f50479.txt	F	5906.lswap-2fb529601be6.txt	F	1212	606	606	0	0	0
5906.up-1e6ba5f50479.txt	F	5906.lswap-2fb529601be6.txt	R	1212	606	606	0	0	0
5906.up-1e6ba5f50479.txt	F	5906.lswap-3b4f2e286e0c.txt	F	1212	606	606	0	0	0
5906.up-1e6ba5f50479.txt	F	5906.lswap-3b4f2e286e0c.txt	R	1212	606	606	0	0	0
5906.up-1e6ba5f50479.txt	F	5906.lswap-3baeeea281f2.txt	F	1212	606	606	0	0	0
5906.up-1e6ba5f50479.txt	F	5906.lswap-3baeeea281f2.txt	R	1212	606	606	0	0	0
5906.up-1e6ba5f50479.txt	F	5906.lswap-3c791ffa671d.txt	F	1212	606	606	0	0	0
5906.up-1e6ba5f50479.txt	F	5906.lswap-3c791ffa671d.txt	R	1212	606	606	0	0	0
5906.up-1e6ba5f50479.txt	F	5906.lswap-41a210488ac9.txt	F	1212	606	606	0	0	0
5906.up-1e6ba5f50479.txt	F	5906.lswap-41a210488ac9.txt	R	1212	606	606	0	0	0
5906.up-1e6ba5f50479.txt	F	5906.lswap-49fc63d034f2.txt	F	1212	606	606	0	0	0
5906.up-1e6ba5f50479.txt	F	5906.lswap-49fc63d034f2.txt	R	1212	606	606	0	0	0
5906.up-1e6ba5f50479.txt	F	5906.lswap-5228890279ca.txt	F	1212	606	606	0	0	0
5906.up-1e6ba5f50479.txt	F	5906.lswap-5228890279ca.txt	R	1212	606	606	0	0	0
5906.up-1e6ba5f50479.txt	F	5906.lswap-6bd82af50a4e.txt	F	1212	606	606	0	0	0
5906.up-1e6ba5f50479.txt	F	5906.lswap-6bd82af50a4e.txt	R	1212	606	606	0	0	0
5906.up-1e6ba5f50479.txt	F	5906.lswap-964ebce5847f.txt	F	1212	606	606	0	0	0
5906.up-1e6ba5f50479.txt	F	5906.lswap-964ebce5847f.txt	R	1212	606	606	0	0	0
5906.up-1e6ba5f50479.txt	F	5906.lswap-a28e203d65dc.txt	F	1212	606	606	0	0	0
5906.up-1e6ba5f50479.txt	F	5906.lswap-a28e203d65dc.txt	R	1212	606	606	0	0	0
5906.up-1e6ba5f50479.txt	F	5906.lswap-cae9c3b46793.txt	F	1212	606	606	0	0	0
5906.up-1e6ba5f50479.txt	F	5906.lswap-cae9c3b46793.txt	R	1212	606	606	0	0	0
5906.up-1e6ba5f50479.txt	F	5906.lswap-e59a6239aa79.txt	F	1212	606	606	0	0	0
5906.up-1e6ba5f50479.txt	F	5906.lswap-e59a6239aa79.txt	R	1212	606	606	0	0	0
5906.up-1e6ba5f50479.txt	R	5906.lswap-2fb529601be6.txt	F	1212	606	606	0	0	0
5906.up-1e6ba5f50479.txt	R	5906.lswap-2fb529601be6.txt	R	1212	606	606	0	0	0
5906.up-1e6ba5f50479.txt	R	5906.lswap-3b4f2e286e0c.txt	F	1212	606	606	0	0	0
5906.up-1e6ba5f50479.txt	R	5906.lswap-3b4f2e286e0c.txt	R	1212	606	606	0	0	0
5906.up-1e6ba5f50479.txt	R	5906.lswap-3baeeea281f2.txt	F	1212	606	606	0	0	0
5906.up-1e6ba5f50479.txt	R	5906.lswap-3baeeea281f2.txt	R	1212	606	606	0	0	0
5906.up-1e6ba5f50479.txt	R	5906.lswap-3c791ffa671d.txt	F	1212	606	606	0	0	0
5906.up-1e6ba5f50479.txt	R	5906.lswap-3c791ffa671d.txt	R	1212	606	606	0	0	0
5906.up-1e6ba5f50479.txt	R	5906.lswap-41a210488ac9.txt	F	1212	606	606	0	0	0
5906.up-1e6ba5f50479.txt	R	5906.lswap-41a210488ac9.txt	R	1212	606	606	0	0	0
5906.up-1e6ba5f50479.txt	R	5906.lswap-49fc63d034f2.txt	F	1212	606	606	0	0	0
5906.up-1e6ba5f50479.txt	R	5906.lswap-49fc63d034f2.txt	R	1212	606	606	0	0	0
5906.up-1e6ba5f50479.txt	R	5906.lswap-5228890279ca.txt	F	1212	606	606	0	0	0
5906.up-1e6ba5f50479.txt	R	5906.lswap-5228890279ca.txt	R	1212	606	606	0	0	0
5906.up-1e6ba5f50479.txt	R	5906.lswap-6bd82af50a4e.txt	F	1212	606	606	0	0	0
5906.up-1e6ba5f50479.txt	R	5906.lswap-6bd82af50a4e.txt	R	1212	606	606	0	0	0
5906.up-1e6ba5f50479.txt	R	5906.lswap-964ebce5847f.txt	F	1212	606	606	0	0	0
5906.up-1e6ba5f50479.txt	R	5906.lswap-964ebce5847f.txt	R	1212	606	606	0	0	0
5906.up-1e6ba5f50479.txt	R	5906.lswap-a28e203d65dc.txt	F	1212	606	606	0	0	0
5906.up-1e6ba5f50479.txt	R	5906.lswap-a28e203d65dc.txt	R	1212	606	606	0	0	0
5906.up-1e6ba5f50479.txt	R	5906.lswap-cae9c3b46793.txt	F	1212	606	606	0	0	0
5906.up-1e6ba5f50479.txt	R	5906.lswap-cae9c3b46793.txt	R	1212	606	606	0	0	0
5906.up-1e6ba5f50479.txt	R	5906.lswap-e59a6239aa79.txt	F	1212	606	606	0	0	0
5906.up-1e6ba5f50479.txt	R	5906.lswap-e59a6239aa79.txt	R	1212	606	606	0	0	0
5906.up-1e6ba5f50479.txt	F	5906.lswap-2c94cb485ad7.txt	R	1220	610	610	14	14	0
5906.up-1e6ba5f50479.txt	R	5906.lswap-2c94cb485ad7.txt	R	1220	610	610	14	14	0
5906.up-1e6ba5f50479.txt	F	5906.lswap-9bf7e32c6472.txt	F	1222	614	608	14	20	0
5906.up-1e6ba5f50479.txt	F	5906.up-72482a71c81e.txt	F	1222	614	608	14	20	0
5906.up-1e6ba5f50479.txt	F	5906.up-72482a71c81e.txt	R	1222	614	608	14	20	0
5906.up-1e6ba5f50479.txt	R	5906.lswap-9bf7e32c6472.txt	F	1222	614	608	14	20	0
5906.up-1e6ba5f50479.txt	R	5906.up-72482a71c81e.txt	F	1222	614	608	14	20	0
5906.up-1e6ba5f50479.txt	R	5906.up-72482a71c81e.txt	R	1222	614	608	14	20	0
5906.up-1e6ba5f50479.txt	F	5906.lswap-17203113788c.txt	F	1224	612	612	0	0	0
5906.up-1e6ba5f50479.txt	F	5906.lswap-17203113788c.txt	R	1224	612	612	0	0	0
5906.up-1e6ba5f50479.txt	F	5906.lswap-5764c730eaee.txt	F	1224	612	612	0	0	0
5906.up-1e6ba5f50479.txt	F	5906.lswap-5764c730eaee.txt	R	1224	612	612	0	0	0
5906.up-1e6ba5f50479.txt	F	5906.lswap-73851215f718.txt	F	1224	612	612	0	0	0
5906.up-1e6ba5f50479.txt	F	5906.lswap-73851215f718.txt	R	1224	612	612	0	0	0
5906.up-1e6ba5f50479.txt	F	5906.lswap-7602ba885180.txt	F	1224	612	612	0	0	0
5906.up-1e6ba5f50479.txt	F	5906.lswap-7602ba885180.txt	R	1224	612	612	0	0	0
5906.up-1e6ba5f50479.txt	F	5906.lswap-821102adfff8.txt	F	1224	612	612	0	0	0
5906.up-1e6ba5f50479.txt	F	5906.lswap-821102adfff8.txt	R	1224	612	612	0	0	0
5906.up-1e6ba5f50479.txt	F	5906.lswap-b12d38608f09.txt	F	1224	612	612	0	0	0
5906.up-1e6ba5f50479.txt	F	5906.lswap-b12d38608f09.txt	R	1224	612	612	0	0	0
5906.up-1e6ba5f50479.txt	F	5906.lswap-e0920da719d9.txt	F	1224	612	612	0	0	0
5906.up-1e6ba5f50479.txt	F	5906.lswap-e0920da719d9.txt	R	1224	612	612	0	0	0
5906.up-1e6ba5f50479.txt	F	5906.lswap-f6dbf9989449.txt	F	1224	612	612	0	0	0
5906.up-1e6ba5f50479.txt	F	5906.lswap-f6dbf9989449.txt	R	1224	612	612	0	0	0
5906.up-1e6ba5f50479.txt	F	5906.up-2cb6c1139592.txt	F	1224	612	612	0	0	0
5906.up-1e6ba5f50479.txt	F	5906.up-2cb6c1139592.txt	R	1224	612	612	0	0	0
5906.up-1e6ba5f50479.txt	F	5906.up-6773ff05a318.txt	F	1224	612	612	0	0	0
5906.up-1e6ba5f50479.txt	F	5906.up-6773ff05a318.txt	R	1224	612	612	0	0	0
5906.up-1e6ba5f50479.txt	F	5906.up-91a0d3cd2c14.txt	F	1224	612	612	0	0	0
5906.up-1e6ba5f50479.txt	F	5906.up-91a0d3cd2c14.txt	R	1224	612	612	0	0	0
5906.up-1e6ba5f50479.txt	F	5906.up-aed220b1ebc4.txt	F	1224	612	612	0	0	0
5906.up-1e6ba5f50479.txt	F	5906.up-aed220b1ebc4.txt	R	1224	612	612	0	0	0
5906.up-1e6ba5f50479.txt	F	5906.up-b2d6bec1e3bd.txt	F	1224	612	612	0	0	0
5906.up-1e6ba5f50479.txt	F	5906.up-b2d6bec1e3bd.txt	R	1224	612	612	0	0	0
5906.up-1e6ba5f50479.txt	F	5906.up-e948752d6a32.txt	F	1224	612	612	0	0	0
5906.up-1e6ba5f50479.txt	F	5906.up-e948752d6a32.txt	R	1224	612	612	0	0	0
5906.up-1e6ba5f50479.txt	R	5906.lswap-17203113788c.txt	F	1224	612	612	0	0	0
5906.up-1e6ba5f50479.txt	R	5906.lswap-17203113788c.txt	R	1224	612	612	0	0	0
5906.up-1e6ba5f50479.txt	R	5906.lswap-5764c730eaee.txt	F	1224	612	612	0	0	0
5906.up-1e6ba5f50479.txt	R	5906.lswap-5764c730eaee.txt	R	1224	612	612	0	0	0
5906.up-1e6ba5f50479.txt	R	5906.lswap-73851215f718.txt	F	1224	612	612	0	0	0
5906.up-1e6ba5f50479.txt	R	5906.lswap-73851215f718.txt	R	1224	612	612	0	0	0
5906.up-1e6ba5f50479.txt	R	5906.lswap-7602ba885180.txt	F	1224	612	612	0	0	0
5906.up-1e6ba5f50479.txt	R	5906.lswap-7602ba885180.txt	R	1224	612	612	0	0	0
5906.up-1e6ba5f50479.txt	R	5906.lswap-821102adfff8.txt	F	1224	612	612	0	0	0
5906.up-1e6ba5f50479.txt	R	5906.lswap-821102adfff8.txt	R	1224	612	612	0	0	0
5906.up-1e6ba5f50479.txt	R	5906.lswap-b12d38608f09.txt	F	1224	612	612	0	0	0
5906.up-1e6ba5f50479.txt	R	5906.lswap-b12d38608f09.txt	R	1224	612	612	0	0	0
5906.up-1e6ba5f50479.txt	R	5906.lswap-e0920da719d9.txt	F	1224	612	612	0	0	0
5906.up-1e6ba5f50479.txt	R	5906.lswap-e0920da719d9.txt	R	1224	612	612	0	0	0
5906.up-1e6ba5f50479.txt	R	5906.lswap-f6dbf9989449.txt	F	1224	612	612	0	0	0
5906.up-1e6ba5f50479.txt	R	5906.lswap-f6dbf9989449.txt	R	1224	612	612	0	0	0
5906.up-1e6ba5f50479.txt	R	5906.up-2cb6c1139592.txt	F	1224	612	612	0	0	0
5906.up-1e6ba5f50479.txt	R	5906.up-2cb6c1139592.txt	R	1224	612	612	0	0	0
5906.up-1e6ba5f50479.txt	R	5906.up-6773ff05a318.txt	F	1224	612	612	0	0	0
5906.up-1e6ba5f50479.txt	R	5906.up-6773ff05a318.txt	R	1224	612	612	0	0	0
5906.up-1e6ba5f50479.txt	R	5906.up-91a0d3cd2c14.txt	F	1224	612	612	0	0	0
5906.up-1e6ba5f50479.txt	R	5906.up-91a0d3cd2c14.txt	R	1224	612	612	0	0	0
5906.up-1e6ba5f50479.txt	R	5906.up-aed220b1ebc4.txt	F	1224	612	612	0	0	0
5906.up-1e6ba5f50479.txt	R	5906.up-aed220b1ebc4.txt	R	1224	612	612	0	0	0
5906.up-1e6ba5f50479.txt	R	5906.up-b2d6bec1e3bd.txt	F	1224	612	612	0	0	0
5906.up-1e6ba5f50479.txt	R	5906.up-b2d6bec1e3bd.txt	R	1224	612	612	0	0	0
5906.up-1e6ba5f50479.txt	R	5906.up-e948752d6a32.txt	F	1224	612	612	0	0	0
5906.up-1e6ba5f50479.txt	R	5906.up-e948752d6a32.txt	R	1224	612	612	0	0	0
5906.up-1e6ba5f50479.txt	F	5906.i4a-e0f3de4ca026.txt	F	1227	616	611	11	16	0
5906.up-1e6ba5f50479.txt	F	5906.i4a-e0f3de4ca026.txt	R	1227	616	611	11	16	0
5906.up-1e6ba5f50479.txt	R	5906.i4a-e0f3de4ca026.txt	F	1227	616	611	11	16	0
5906.up-1e6ba5f50479.txt	R	5906.i4a-e0f3de4ca026.txt	R	1227	616	611	11	16	0
5906.up-1e6ba5f50479.txt	F	5906.up-df8c9033249e.txt	F	1228	616	612	11	15	0
5906.up-1e6ba5f50479.txt	F	5906.up-df8c9033249e.txt	R	1228	616	612	11	15	0
5906.up-1e6ba5f50479.txt	R	5906.up-df8c9033249e.txt	F	1228	616	612	11	15	0
5906.up-1e6ba5f50479.txt	R	5906.up-df8c9033249e.txt	R	1228	616	612	11	15	0
5906.up-1e6ba5f50479.txt	F	5906.lswap-c394b34cb7cc.txt	F	1232	616	616	14	14	0
5906.up-1e6ba5f50479.txt	F	5906.lswap-fde8e0f0f322.txt	R	1232	616	616	14	14	0
5906.up-1e6ba5f50479.txt	F	5906.up-d8c6ba46400e.txt	F	1232	616	616	14	14	0
5906.up-1e6ba5f50479.txt	F	5906.up-d8c6ba46400e.txt	R	1232	616	616	14	14	0
5906.up-1e6ba5f50479.txt	F	5906.up-f0a3bb335ed9.txt	F	1232	616	616	14	14	0
5906.up-1e6ba5f50479.txt	F	5906.up-f0a3bb335ed9.txt	R	1232	616	616	14	14	0
5906.up-1e6ba5f50479.txt	R	5906.lswap-c394b34cb7cc.txt	F	1232	616	616	14	14	0
5906.up-1e6ba5f50479.txt	R	5906.lswap-fde8e0f0f322.txt	R	1232	616	616	14	14	0
5906.up-1e6ba5f50479.txt	R	5906.up-d8c6ba46400e.txt	F	1232	616	616	14	14	0
5906.up-1e6ba5f50479.txt	R	5906.up-d8c6ba46400e.txt	R	1232	616	616	14	14	0
5906.up-1e6ba5f50479.txt	R	5906.up-f0a3bb335ed9.txt	F	1232	616	616	14	14	0
5906.up-1e6ba5f50479.txt	R	5906.up-f0a3bb335ed9.txt	R	1232	616	616	14	14	0
5906.up-1e6ba5f50479.txt	F	5906.lswap-23548cda0ace.txt	R	1234	620	614	14	20	0
5906.up-1e6ba5f50479.txt	F	5906.lswap-8f58c699a11d.txt	R	1234	620	614	14	20	0
5906.up-1e6ba5f50479.txt	F	5906.lswap-9f885c2a5e20.txt	F	1234	620	614	14	20	0
5906.up-1e6ba5f50479.txt	F	5906.lswap-9f885c2a5e20.txt	R	1234	620	614	14	20	0
5906.up-1e6ba5f50479.txt	R	5906.lswap-23548cda0ace.txt	R	1234	620	614	14	20	0
5906.up-1e6ba5f50479.txt	R	5906.lswap-8f58c699a11d.txt	R	1234	620	614	14	20	0
5906.up-1e6ba5f50479.txt	R	5906.lswap-9f885c2a5e20.txt	F	1234	620	614	14	20	0
5906.up-1e6ba5f50479.txt	R	5906.lswap-9f885c2a5e20.txt	R	1234	620	614	14	20	0
5906.up-1e6ba5f50479.txt	F	5906.lswap-0de54c0a7bb6.txt	F	1236	618	618	0	0	0
5906.up-1e6ba5f50479.txt	F	5906.lswap-0de54c0a7bb6.txt	R	1236	618	618	0	0	0
5906.up-1e6ba5f50479.txt	F	5906.lswap-1e70957354f1.txt	F	1236	618	618	0	0	0
5906.up-1e6ba5f50479.txt	F	5906.lswap-1e70957354f1.txt	R	1236	618	618	0	0	0
5906.up-1e6ba5f50479.txt	F	5906.lswap-423441640591.txt	F	1236	618	618	0	0	0
5906.up-1e6ba5f50479.txt	F	5906.lswap-423441640591.txt	R	1236	618	618	0	0	0
5906.up-1e6ba5f50479.txt	F	5906.lswap-469763027c57.txt	F	1236	618	618	0	0	0
5906.up-1e6ba5f50479.txt	F	5906.lswap-469763027c57.txt	R	1236	618	618	0	0	0
5906.up-1e6ba5f50479.txt	F	5906.lswap-6d7ea156bdcc.txt	F	1236	618	618	0	0	0
5906.up-1e6ba5f50479.txt	F	5906.lswap-6d7ea156bdcc.txt	R	1236	618	618	0	0	0
5906.up-1e6ba5f50479.txt	R	5906.lswap-0de54c0a7bb6.txt	F	1236	618	618	0	0	0
5906.up-1e6ba5f50479.txt	R	5906.lswap-0de54c0a7bb6.txt	R	1236	618	618	0	0	0
5906.up-1e6ba5f50479.txt	R	5906.lswap-1e70957354f1.txt	F	1236	618	618	0	0	0
5906.up-1e6ba5f50479.txt	R	5906.lswap-1e70957354f1.txt	R	1236	618	618	0	0	0
5906.up-1e6ba5f50479.txt	R	5906.lswap-423441640591.txt	F	1236	618	618	0	0	0
5906.up-1e6ba5f50479.txt	R	5906.lswap-423441640591.txt	R	1236	618	618	0	0	0
5906.up-1e6ba5f50479.txt	R	5906.lswap-469763027c57.txt	F	1236	618	618	0	0	0
5906.up-1e6ba5f50479.txt	R	5906.lswap-469763027c57.txt	R	1236	618	618	0	0	0
5906.up-1e6ba5f50479.txt	R	5906.lswap-6d7ea156bdcc.txt	F	1236	618	618	0	0	0
5906.up-1e6ba5f50479.txt	R	5906.lswap-6d7ea156bdcc.txt	R	1236	618	618	0	0	0
5906.up-1e6ba5f50479.txt	F	5906.i4a-66637a3b8941.txt	F	1243	624	619	11	16	0
5906.up-1e6ba5f50479.txt	F	5906.i4a-66637a3b8941.txt	R	1243	624	619	11	16	0
5906.up-1e6ba5f50479.txt	F	5906.lswap-1f8e06e3e616.txt	F	1243	624	619	11	16	0
5906.up-1e6ba5f50479.txt	F	5906.lswap-760f8ed53670.txt	R	1243	624	619	11	16	0
5906.up-1e6ba5f50479.txt	R	5906.i4a-66637a3b8941.txt	F	1243	624	619	11	16	0
5906.up-1e6ba5f50479.txt	R	5906.i4a-66637a3b8941.txt	R	1243	624	619	11	16	0
5906.up-1e6ba5f50479.txt	R	5906.lswap-1f8e06e3e616.txt	F	1243	624	619	11	16	0
5906.up-1e6ba5f50479.txt	R	5906.lswap-760f8ed53670.txt	R	1243	624	619	11	16	0
5906.up-1e6ba5f50479.txt	F	5906.lswap-0d13fc4a8a4a.txt	F	1244	624	620	11	15	0
5906.up-1e6ba5f50479.txt	F	5906.lswap-fde8e0f0f322.txt	F	1244	622	622	14	14	0
5906.up-1e6ba5f50479.txt	F	5906.up-1206598d1ff0.txt	F	1244	624	620	11	15	0
5906.up-1e6ba5f50479.txt	F	5906.up-1206598d1ff0.txt	R	1244	624	620	11	15	0
5906.up-1e6ba5f50479.txt	F	5906.up-3ffb4355518f.txt	F	1244	622	622	14	14	0
5906.up-1e6ba5f50479.txt	F	5906.up-3ffb4355518f.txt	R	1244	622	622	14	14	0
5906.up-1e6ba5f50479.txt	F	5906.up-55058cab6cba.txt	F	1244	622	622	14	14	0
5906.up-1e6ba5f50479.txt	F	5906.up-55058cab6cba.txt	R	1244	622	622	14	14	0
5906.up-1e6ba5f50479.txt	R	5906.lswap-0d13fc4a8a4a.txt	F	1244	624	620	11	15	0
5906.up-1e6ba5f50479.txt	R	5906.lswap-fde8e0f0f322.txt	F	1244	622	622	14	14	0
5906.up-1e6ba5f50479.txt	R	5906.up-1206598d1ff0.txt	F	1244	624	620	11	15	0
5906.up-1e6ba5f50479.txt	R	5906.up-1206598d1ff0.txt	R	1244	624	620	11	15	0
5906.up-1e6ba5f50479.txt	R	5906.up-3ffb4355518f.txt	F	1244	622	622	14	14	0
5906.up-1e6ba5f50479.txt	R	5906.up-3ffb4355518f.txt	R	1244	622	622	14	14	0
5906.up-1e6ba5f50479.txt	R	5906.up-55058cab6cba.txt	F	1244	622	622	14	14	0
5906.up-1e6ba5f50479.txt	R	5906.up-55058cab6cba.txt	R	1244	622	622	14	14	0
5906.up-1e6ba5f50479.txt	F	5906.lswap-06f4ba2c8122.txt	F	1246	626	620	14	20	0
5906.up-1e6ba5f50479.txt	F	5906.up-0a065898a821.txt	F	1246	626	620	14	20	0
5906.up-1e6ba5f50479.txt	F	5906.up-0a065898a821.txt	R	1246	626	620	14	20	0
5906.up-1e6ba5f50479.txt	R	5906.lswap-06f4ba2c8122.txt	F	1246	626	620	14	20	0
5906.up-1e6ba5f50479.txt	R	5906.up-0a065898a821.txt	F	1246	626	620	14	20	0
5906.up-1e6ba5f50479.txt	R	5906.up-0a065898a821.txt	R	1246	626	620	14	20	0
5906.up-1e6ba5f50479.txt	F	5906.up-23ca8a9bcc81.txt	F	1248	624	624	0	0	0
5906.up-1e6ba5f50479.txt	F	5906.up-23ca8a9bcc81.txt	R	1248	624	624	0	0	0
5906.up-1e6ba5f50479.txt	F	5906.up-77512ee88848.txt	F	1248	624	624	0	0	0
5906.up-1e6ba5f50479.txt	F	5906.up-77512ee88848.txt	R	1248	624	624	0	0	0
5906.up-1e6ba5f50479.txt	F	5906.up-eebb02e3baec.txt	F	1248	624	624	0	0	0
5906.up-1e6ba5f50479.txt	F	5906.up-eebb02e3baec.txt	R	1248	624	624	0	0	0
5906.up-1e6ba5f50479.txt	R	5906.up-23ca8a9bcc81.txt	F	1248	624	624	0	0	0
5906.up-1e6ba5f50479.txt	R	5906.up-23ca8a9bcc81.txt	R	1248	624	624	0	0	0
5906.up-1e6ba5f50479.txt	R	5906.up-77512ee88848.txt	F	1248	624	624	0	0	0
5906.up-1e6ba5f50479.txt	R	5906.up-77512ee88848.txt	R	1248	624	624	0	0	0
5906.up-1e6ba5f50479.txt	R	5906.up-eebb02e3baec.txt	F	1248	624	624	0	0	0
5906.up-1e6ba5f50479.txt	R	5906.up-eebb02e3baec.txt	R	1248	624	624	0	0	0
5906.up-1e6ba5f50479.txt	F	5906.i4a-b99b1d60f13e.txt	R	1255	632	623	15	24	0
5906.up-1e6ba5f50479.txt	R	5906.i4a-b99b1d60f13e.txt	R	1255	632	623	15	24	0
5906.up-1e6ba5f50479.txt	F	5906.lswap-c394b34cb7cc.txt	R	1256	628	628	14	14	0
5906.up-1e6ba5f50479.txt	F	5906.up-63a938be8d73.txt	F	1256	628	628	14	14	0
5906.up-1e6ba5f50479.txt	F	5906.up-63a938be8d73.txt	R	1256	628	628	14	14	0
5906.up-1e6ba5f50479.txt	F	5906.up-d0b9281ca469.txt	F	1256	632	624	15	23	0
5906.up-1e6ba5f50479.txt	F	5906.up-d0b9281ca469.txt	R	1256	632	624	15	23	0
5906.up-1e6ba5f50479.txt	R	5906.lswap-c394b34cb7cc.txt	R	1256	628	628	14	14	0
5906.up-1e6ba5f50479.txt	R	5906.up-63a938be8d73.txt	F	1256	628	628	14	14	0
5906.up-1e6ba5f50479.txt	R	5906.up-63a938be8d73.txt	R	1256	628	628	14	14	0
5906.up-1e6ba5f50479.txt	R	5906.up-d0b9281ca469.txt	F	1256	632	624	15	23	0
5906.up-1e6ba5f50479.txt	R	5906.up-d0b9281ca469.txt	R	1256	632	624	15	23	0
5906.up-1e6ba5f50479.txt	F	5906.i4a-b99b1d60f13e.txt	F	1257	633	624	15	24	0
5906.up-1e6ba5f50479.txt	R	5906.i4a-b99b1d60f13e.txt	F	1257	633	624	15	24	0
5906.up-1e6ba5f50479.txt	F	5906.lswap-9759fb4af500.txt	F	1260	630	630	0	0	0
5906.up-1e6ba5f50479.txt	F	5906.lswap-9759fb4af500.txt	R	1260	630	630	0	0	0
5906.up-1e6ba5f50479.txt	F	5906.lswap-afd973e1a915.txt	F	1260	630	630	0	0	0
5906.up-1e6ba5f50479.txt	F	5906.lswap-afd973e1a915.txt	R	1260	630	630	0	0	0
5906.up-1e6ba5f50479.txt	R	5906.lswap-9759fb4af500.txt	F	1260	630	630	0	0	0
5906.up-1e6ba5f50479.txt	R	5906.lswap-9759fb4af500.txt	R	1260	630	630	0	0	0
5906.up-1e6ba5f50479.txt	R	5906.lswap-afd973e1a915.txt	F	1260	630	630	0	0	0
5906.up-1e6ba5f50479.txt	R	5906.lswap-afd973e1a915.txt	R	1260	630	630	0	0	0
5906.up-1e6ba5f50479.txt	F	5906.i4a-50d865ca7907.txt	R	1267	638	629	15	24	0
5906.up-1e6ba5f50479.txt	F	5906.i4a-7f46c8149026.txt	F	1267	636	631	11	16	0
5906.up-1e6ba5f50479.txt	F	5906.i4a-7f46c8149026.txt	R	1267	636	631	11	16	0
5906.up-1e6ba5f50479.txt	F	5906.lswap-1f8e06e3e616.txt	R	1267	636	631	11	16	0
5906.up-1e6ba5f50479.txt	F	5906.lswap-760f8ed53670.txt	F	1267	636	631	11	16	0
5906.up-1e6ba5f50479.txt	R	5906.i4a-50d865ca7907.txt	R	1267	638	629	15	24	0
5906.up-1e6ba5f50479.txt	R	5906.i4a-7f46c8149026.txt	F	1267	636	631	11	16	0
5906.up-1e6ba5f50479.txt	R	5906.i4a-7f46c8149026.txt	R	1267	636	631	11	16	0
5906.up-1e6ba5f50479.txt	R	5906.lswap-1f8e06e3e616.txt	R	1267	636	631	11	16	0
5906.up-1e6ba5f50479.txt	R	5906.lswap-760f8ed53670.txt	F	1267	636	631	11	16	0
5906.up-1e6ba5f50479.txt	F	5906.lswap-0d13fc4a8a4a.txt	R	1268	636	632	11	15	0
5906.up-1e6ba5f50479.txt	F	5906.up-6a142cb8e27d.txt	F	1268	636	632	11	15	0
5906.up-1e6ba5f50479.txt	F	5906.up-6a142cb8e27d.txt	R	1268	636	632	11	15	0
5906.up-1e6ba5f50479.txt	F	5906.up-890b6674bd25.txt	F	1268	638	630	15	23	0
5906.up-1e6ba5f50479.txt	F	5906.up-890b6674bd25.txt	R	1268	638	630	15	23	0
5906.up-1e6ba5f50479.txt	R	5906.lswap-0d13fc4a8a4a.txt	R	1268	636	632	11	15	0
5906.up-1e6ba5f50479.txt	R	5906.up-6a142cb8e27d.txt	F	1268	636	632	11	15	0
5906.up-1e6ba5f50479.txt	R	5906.up-6a142cb8e27d.txt	R	1268	636	632	11	15	0
5906.up-1e6ba5f50479.txt	R	5906.up-890b6674bd25.txt	F	1268	638	630	15	23	0
5906.up-1e6ba5f50479.txt	R	5906.up-890b6674bd25.txt	R	1268	638	630	15	23	0
5906.up-1e6ba5f50479.txt	F	5906.i4a-50d865ca7907.txt	F	1269	639	630	15	24	0
5906.up-1e6ba5f50479.txt	R	5906.i4a-50d865ca7907.txt	F	1269	639	630	15	24	0
5906.up-1e6ba5f50479.txt	F	5906.lswap-9bf7e32c6472.txt	R	1270	638	632	14	20	0
5906.up-1e6ba5f50479.txt	F	5906.up-f2c7804be474.txt	F	1270	638	632	14	20	0
5906.up-1e6ba5f50479.txt	F	5906.up-f2c7804be474.txt	R	1270	638	632	14	20	0
5906.up-1e6ba5f50479.txt	R	5906.lswap-9bf7e32c6472.txt	R	1270	638	632	14	20	0
5906.up-1e6ba5f50479.txt	R	5906.up-f2c7804be474.txt	F	1270	638	632	14	20	0
5906.up-1e6ba5f50479.txt	R	5906.up-f2c7804be474.txt	R	1270	638	632	14	20	0
5906.up-1e6ba5f50479.txt	F	5906.lswap-25804d565b10.txt	F	1272	636	636	0	0	0
5906.up-1e6ba5f50479.txt	F	5906.lswap-25804d565b10.txt	R	1272	636	636	0	0	0
5906.up-1e6ba5f50479.txt	F	5906.lswap-5808edca979d.txt	F	1272	636	636	0	0	0
5906.up-1e6ba5f50479.txt	F	5906.lswap-5808edca979d.txt	R	1272	636	636	0	0	0
5906.up-1e6ba5f50479.txt	F	5906.lswap-80e6c24a2613.txt	F	1272	636	636	0	0	0
5906.up-1e6ba5f50479.txt	F	5906.lswap-80e6c24a2613.txt	R	1272	636	636	0	0	0
5906.up-1e6ba5f50479.txt	F	5906.up-0d2e98183c29.txt	F	1272	636	636	0	0	0
5906.up-1e6ba5f50479.txt	F	5906.up-0d2e98183c29.txt	R	1272	636	636	0	0	0
5906.up-1e6ba5f50479.txt	F	5906.up-8ec03171f5df.txt	F	1272	636	636	0	0	0
5906.up-1e6ba5f50479.txt	F	5906.up-8ec03171f5df.txt	R	1272	636	636	0	0	0
5906.up-1e6ba5f50479.txt	R	5906.lswap-25804d565b10.txt	F	1272	636	636	0	0	0
5906.up-1e6ba5f50479.txt	R	5906.lswap-25804d565b10.txt	R	1272	636	636	0	0	0
5906.up-1e6ba5f50479.txt	R	5906.lswap-5808edca979d.txt	F	1272	636	636	0	0	0
5906.up-1e6ba5f50479.txt	R	5906.lswap-5808edca979d.txt	R	1272	636	636	0	0	0
5906.up-1e6ba5f50479.txt	R	5906.lswap-80e6c24a2613.txt	F	1272	636	636	0	0	0
5906.up-1e6ba5f50479.txt	R	5906.lswap-80e6c24a2613.txt	R	1272	636	636	0	0	0
5906.up-1e6ba5f50479.txt	R	5906.up-0d2e98183c29.txt	F	1272	636	636	0	0	0
5906.up-1e6ba5f50479.txt	R	5906.up-0d2e98183c29.txt	R	1272	636	636	0	0	0
5906.up-1e6ba5f50479.txt	R	5906.up-8ec03171f5df.txt	F	1272	636	636	0	0	0
5906.up-1e6ba5f50479.txt	R	5906.up-8ec03171f5df.txt	R	1272	636	636	0	0	0
5906.up-1e6ba5f50479.txt	F	5906.i4a-c1080e26f60c.txt	F	1279	642	637	11	16	0
5906.up-1e6ba5f50479.txt	F	5906.i4a-c1080e26f60c.txt	R	1279	642	637	11	16	0
5906.up-1e6ba5f50479.txt	F	5906.lswap-6dc582bac458.txt	R	1279	642	637	11	16	0
5906.up-1e6ba5f50479.txt	F	5906.lswap-ebd38bf2c1cd.txt	F	1279	642	637	11	16	0
5906.up-1e6ba5f50479.txt	R	5906.i4a-c1080e26f60c.txt	F	1279	642	637	11	16	0
5906.up-1e6ba5f50479.txt	R	5906.i4a-c1080e26f60c.txt	R	1279	642	637	11	16	0
5906.up-1e6ba5f50479.txt	R	5906.lswap-6dc582bac458.txt	R	1279	642	637	11	16	0
5906.up-1e6ba5f50479.txt	R	5906.lswap-ebd38bf2c1cd.txt	F	1279	642	637	11	16	0
5906.up-1e6ba5f50479.txt	F	5906.lswap-cf8339eb5ca7.txt	F	1280	642	638	11	15	0
5906.up-1e6ba5f50479.txt	F	5906.up-56126e7237c3.txt	F	1280	642	638	11	15	0
5906.up-1e6ba5f50479.txt	F	5906.up-56126e7237c3.txt	R	1280	642	638	11	15	0
5906.up-1e6ba5f50479.txt	R	5906.lswap-cf8339eb5ca7.txt	F	1280	642	638	11	15	0
5906.up-1e6ba5f50479.txt	R	5906.up-56126e7237c3.txt	F	1280	642	638	11	15	0
5906.up-1e6ba5f50479.txt	R	5906.up-56126e7237c3.txt	R	1280	642	638	11	15	0
5906.up-1e6ba5f50479.txt	F	5906.lswap-23548cda0ace.txt	F	1282	644	638	14	20	0
5906.up-1e6ba5f50479.txt	F	5906.lswap-8f58c699a11d.txt	F	1282	644	638	14	20	0
5906.up-1e6ba5f50479.txt	F	5906.lswap-945cf8ae5bef.txt	F	1282	644	638	14	20	0
5906.up-1e6ba5f50479.txt	F	5906.lswap-945cf8ae5bef.txt	R	1282	644	638	14	20	0
5906.up-1e6ba5f50479.txt	R	5906.lswap-23548cda0ace.txt	F	1282	644	638	14	20	0
5906.up-1e6ba5f50479.txt	R	5906.lswap-8f58c699a11d.txt	F	1282	644	638	14	20	0
5906.up-1e6ba5f50479.txt	R	5906.lswap-945cf8ae5bef.txt	F	1282	644	638	14	20	0
5906.up-1e6ba5f50479.txt	R	5906.lswap-945cf8ae5bef.txt	R	1282	644	638	14	20	0
5906.up-1e6ba5f50479.txt	F	5906.lswap-2497c9291398.txt	F	1284	642	642	0	0	0
5906.up-1e6ba5f50479.txt	F	5906.lswap-2497c9291398.txt	R	1284	642	642	0	0	0
5906.up-1e6ba5f50479.txt	F	5906.lswap-29ee6f7c1197.txt	F	1284	642	642	0	0	0
5906.up-1e6ba5f50479.txt	F	5906.lswap-29ee6f7c1197.txt	R	1284	642	642	0	0	0
5906.up-1e6ba5f50479.txt	F	5906.lswap-52f45c5e8e22.txt	F	1284	642	642	0	0	0
5906.up-1e6ba5f50479.txt	F	5906.lswap-52f45c5e8e22.txt	R	1284	642	642	0	0	0
5906.up-1e6ba5f50479.txt	F	5906.lswap-9a5cc6a6e3c8.txt	F	1284	642	642	0	0	0
5906.up-1e6ba5f50479.txt	F	5906.lswap-9a5cc6a6e3c8.txt	R	1284	642	642	0	0	0
5906.up-1e6ba5f50479.txt	F	5906.lswap-a7d2db45842b.txt	F	1284	642	642	0	0	0
5906.up-1e6ba5f50479.txt	F	5906.lswap-a7d2db45842b.txt	R	1284	642	642	0	0	0
5906.up-1e6ba5f50479.txt	F	5906.lswap-eeb9a73f4b33.txt	F	1284	642	642	0	0	0
5906.up-1e6ba5f50479.txt	F	5906.lswap-eeb9a73f4b33.txt	R	1284	642	642	0	0	0
5906.up-1e6ba5f50479.txt	R	5906.lswap-2497c9291398.txt	F	1284	642	642	0	0	0
5906.up-1e6ba5f50479.txt	R	5906.lswap-2497c9291398.txt	R	1284	642	642	0	0	0
5906.up-1e6ba5f50479.txt	R	5906.lswap-29ee6f7c1197.txt	F	1284	642	642	0	0	0
5906.up-1e6ba5f50479.txt	R	5906.lswap-29ee6f7c1197.txt	R	1284	642	642	0	0	0
5906.up-1e6ba5f50479.txt	R	5906.lswap-52f45c5e8e22.txt	F	1284	642	642	0	0	0
5906.up-1e6ba5f50479.txt	R	5906.lswap-52f45c5e8e22.txt	R	1284	642	642	0	0	0
5906.up-1e6ba5f50479.txt	R	5906.lswap-9a5cc6a6e3c8.txt	F	1284	642	642	0	0	0
5906.up-1e6ba5f50479.txt	R	5906.lswap-9a5cc6a6e3c8.txt	R	1284	642	642	0	0	0
5906.up-1e6ba5f50479.txt	R	5906.lswap-a7d2db45842b.txt	F	1284	642	642	0	0	0
5906.up-1e6ba5f50479.txt	R	5906.lswap-a7d2db45842b.txt	R	1284	642	642	0	0	0
5906.up-1e6ba5f50479.txt	R	5906.lswap-eeb9a73f4b33.txt	F	1284	642	642	0	0	0
5906.up-1e6ba5f50479.txt	R	5906.lswap-eeb9a73f4b33.txt	R	1284	642	642	0	0	0
5906.up-1e6ba5f50479.txt	F	5906.i4a-6a77e138ea8e.txt	F	1291	648	643	11	16	0
5906.up-1e6ba5f50479.txt	F	5906.i4a-6a77e138ea8e.txt	R	1291	648	643	11	16	0
5906.up-1e6ba5f50479.txt	R	5906.i4a-6a77e138ea8e.txt	F	1291	648	643	11	16	0
5906.up-1e6ba5f50479.txt	R	5906.i4a-6a77e138ea8e.txt	R	1291	648	643	11	16	0
5906.up-1e6ba5f50479.txt	F	5906.up-590fe2cb2c21.txt	F	1292	648	644	11	15	0
5906.up-1e6ba5f50479.txt	F	5906.up-590fe2cb2c21.txt	R	1292	648	644	11	15	0
5906.up-1e6ba5f50479.txt	R	5906.up-590fe2cb2c21.txt	F	1292	648	644	11	15	0
5906.up-1e6ba5f50479.txt	R	5906.up-590fe2cb2c21.txt	R	1292	648	644	11	15	0
5906.up-1e6ba5f50479.txt	F	5906.lswap-06f4ba2c8122.txt	R	1294	650	644	14	20	0
5906.up-1e6ba5f50479.txt	F	5906.up-377da0a3c300.txt	F	1294	650	644	14	20	0
5906.up-1e6ba5f50479.txt	F	5906.up-377da0a3c300.txt	R	1294	650	644	14	20	0
5906.up-1e6ba5f50479.txt	R	5906.lswap-06f4ba2c8122.txt	R	1294	650	644	14	20	0
5906.up-1e6ba5f50479.txt	R	5906.up-377da0a3c300.txt	F	1294	650	644	14	20	0
5906.up-1e6ba5f50479.txt	R	5906.up-377da0a3c300.txt	R	1294	650	644	14	20	0
5906.up-1e6ba5f50479.txt	F	5906.lswap-52e683fb05d3.txt	F	1296	648	648	0	0	0
5906.up-1e6ba5f50479.txt	F	5906.lswap-52e683fb05d3.txt	R	1296	648	648	0	0	0
5906.up-1e6ba5f50479.txt	F	5906.lswap-6d0ad177e5ee.txt	F	1296	648	648	0	0	0
5906.up-1e6ba5f50479.txt	F	5906.lswap-6d0ad177e5ee.txt	R	1296	648	648	0	0	0
5906.up-1e6ba5f50479.txt	F	5906.lswap-8ed814577309.txt	F	1296	648	648	0	0	0
5906.up-1e6ba5f50479.txt	F	5906.lswap-8ed814577309.txt	R	1296	648	648	0	0	0
5906.up-1e6ba5f50479.txt	F	5906.lswap-df71274e07be.txt	F	1296	648	648	0	0	0
5906.up-1e6ba5f50479.txt	F	5906.lswap-df71274e07be.txt	R	1296	648	648	0	0	0
5906.up-1e6ba5f50479.txt	F	5906.lswap-e145b859ca30.txt	F	1296	648	648	0	0	0
5906.up-1e6ba5f50479.txt	F	5906.lswap-e145b859ca30.txt	R	1296	648	648	0	0	0
5906.up-1e6ba5f50479.txt	F	5906.lswap-e73e096376f0.txt	F	1296	648	648	0	0	0
5906.up-1e6ba5f50479.txt	F	5906.lswap-e73e096376f0.txt	R	1296	648	648	0	0	0
5906.up-1e6ba5f50479.txt	F	5906.up-0db50fc7743c.txt	F	1296	648	648	0	0	0
5906.up-1e6ba5f50479.txt	F	5906.up-0db50fc7743c.txt	R	1296	648	648	0	0	0
5906.up-1e6ba5f50479.txt	F	5906.up-d2559533f431.txt	F	1296	648	648	0	0	0
5906.up-1e6ba5f50479.txt	F	5906.up-d2559533f431.txt	R	1296	648	648	0	0	0
5906.up-1e6ba5f50479.txt	R	5906.lswap-52e683fb05d3.txt	F	1296	648	648	0	0	0
5906.up-1e6ba5f50479.txt	R	5906.lswap-52e683fb05d3.txt	R	1296	648	648	0	0	0
5906.up-1e6ba5f50479.txt	R	5906.lswap-6d0ad177e5ee.txt	F	1296	648	648	0	0	0
5906.up-1e6ba5f50479.txt	R	5906.lswap-6d0ad177e5ee.txt	R	1296	648	648	0	0	0
5906.up-1e6ba5f50479.txt	R	5906.lswap-8ed814577309.txt	F	1296	648	648	0	0	0
5906.up-1e6ba5f50479.txt	R	5906.lswap-8ed814577309.txt	R	1296	648	648	0	0	0
5906.up-1e6ba5f50479.txt	R	5906.lswap-df71274e07be.txt	F	1296	648	648	0	0	0
5906.up-1e6ba5f50479.txt	R	5906.lswap-df71274e07be.txt	R	1296	648	648	0	0	0
5906.up-1e6ba5f50479.txt	R	5906.lswap-e145b859ca30.txt	F	1296	648	648	0	0	0
5906.up-1e6ba5f50479.txt	R	5906.lswap-e145b859ca30.txt	R	1296	648	648	0	0	0
5906.up-1e6ba5f50479.txt	R	5906.lswap-e73e096376f0.txt	F	1296	648	648	0	0	0
5906.up-1e6ba5f50479.txt	R	5906.lswap-e73e096376f0.txt	R	1296	648	648	0	0	0
5906.up-1e6ba5f50479.txt	R	5906.up-0db50fc7743c.txt	F	1296	648	648	0	0	0
5906.up-1e6ba5f50479.txt	R	5906.up-0db50fc7743c.txt	R	1296	648	648	0	0	0
5906.up-1e6ba5f50479.txt	R	5906.up-d2559533f431.txt	F	1296	648	648	0	0	0
5906.up-1e6ba5f50479.txt	R	5906.up-d2559533f431.txt	R	1296	648	648	0	0	0
5906.up-1e6ba5f50479.txt	F	5906.up-1b0920685429.txt	F	1304	652	652	14	14	0
5906.up-1e6ba5f50479.txt	F	5906.up-1b0920685429.txt	R	1304	652	652	14	14	0
5906.up-1e6ba5f50479.txt	R	5906.up-1b0920685429.txt	F	1304	652	652	14	14	0
5906.up-1e6ba5f50479.txt	R	5906.up-1b0920685429.txt	R	1304	652	652	14	14	0
5906.up-1e6ba5f50479.txt	F	5906.lswap-025c4805fc39.txt	F	1308	654	654	0	0	0
5906.up-1e6ba5f50479.txt	F	5906.lswap-025c4805fc39.txt	R	1308	654	654	0	0	0
5906.up-1e6ba5f50479.txt	F	5906.lswap-031568aa1b5c.txt	F	1308	654	654	0	0	0
5906.up-1e6ba5f50479.txt	F	5906.lswap-031568aa1b5c.txt	R	1308	654	654	0	0	0
5906.up-1e6ba5f50479.txt	F	5906.lswap-49fac07a5323.txt	F	1308	654	654	0	0	0
5906.up-1e6ba5f50479.txt	F	5906.lswap-49fac07a5323.txt	R	1308	654	654	0	0	0
5906.up-1e6ba5f50479.txt	F	5906.lswap-5dbb54e50268.txt	F	1308	654	654	0	0	0
5906.up-1e6ba5f50479.txt	F	5906.lswap-5dbb54e50268.txt	R	1308	654	654	0	0	0
5906.up-1e6ba5f50479.txt	F	5906.lswap-9f3672f6c430.txt	F	1308	654	654	0	0	0
5906.up-1e6ba5f50479.txt	F	5906.lswap-9f3672f6c430.txt	R	1308	654	654	0	0	0
5906.up-1e6ba5f50479.txt	F	5906.lswap-af54b6f406a6.txt	F	1308	654	654	0	0	0
5906.up-1e6ba5f50479.txt	F	5906.lswap-af54b6f406a6.txt	R	1308	654	654	0	0	0
5906.up-1e6ba5f50479.txt	R	5906.lswap-025c4805fc39.txt	F	1308	654	654	0	0	0
5906.up-1e6ba5f50479.txt	R	5906.lswap-025c4805fc39.txt	R	1308	654	654	0	0	0
5906.up-1e6ba5f50479.txt	R	5906.lswap-031568aa1b5c.txt	F	1308	654	654	0	0	0
5906.up-1e6ba5f50479.txt	R	5906.lswap-031568aa1b5c.txt	R	1308	654	654	0	0	0
5906.up-1e6ba5f50479.txt	R	5906.lswap-49fac07a5323.txt	F	1308	654	654	0	0	0
5906.up-1e6ba5f50479.txt	R	5906.lswap-49fac07a5323.txt	R	1308	654	654	0	0	0
5906.up-1e6ba5f50479.txt	R	5906.lswap-5dbb54e50268.txt	F	1308	654	654	0	0	0
5906.up-1e6ba5f50479.txt	R	5906.lswap-5dbb54e50268.txt	R	1308	654	654	0	0	0
5906.up-1e6ba5f50479.txt	R	5906.lswap-9f3672f6c430.txt	F	1308	654	654	0	0	0
5906.up-1e6ba5f50479.txt	R	5906.lswap-9f3672f6c430.txt	R	1308	654	654	0	0	0
5906.up-1e6ba5f50479.txt	R	5906.lswap-af54b6f406a6.txt	F	1308	654	654	0	0	0
5906.up-1e6ba5f50479.txt	R	5906.lswap-af54b6f406a6.txt	R	1308	654	654	0	0	0
5906.up-1e6ba5f50479.txt	F	5906.i4a-29c55ed5fbf6.txt	F	1315	660	655	11	16	0
5906.up-1e6ba5f50479.txt	F	5906.i4a-29c55ed5fbf6.txt	R	1315	660	655	11	16	0
5906.up-1e6ba5f50479.txt	F	5906.lswap-6dc582bac458.txt	F	1315	660	655	11	16	0
5906.up-1e6ba5f50479.txt	F	5906.lswap-ebd38bf2c1cd.txt	R	1315	660	655	11	16	0
5906.up-1e6ba5f50479.txt	R	5906.i4a-29c55ed5fbf6.txt	F	1315	660	655	11	16	0
5906.up-1e6ba5f50479.txt	R	5906.i4a-29c55ed5fbf6.txt	R	1315	660	655	11	16	0
5906.up-1e6ba5f50479.txt	R	5906.lswap-6dc582bac458.txt	F	1315	660	655	11	16	0
5906.up-1e6ba5f50479.txt	R	5906.lswap-ebd38bf2c1cd.txt	R	1315	660	655	11	16	0
5906.up-1e6ba5f50479.txt	F	5906.lswap-cf8339eb5ca7.txt	R	1316	660	656	11	15	0
5906.up-1e6ba5f50479.txt	F	5906.up-bd458e7fc19e.txt	F	1316	660	656	11	15	0
5906.up-1e6ba5f50479.txt	F	5906.up-bd458e7fc19e.txt	R	1316	660	656	11	15	0
5906.up-1e6ba5f50479.txt	R	5906.lswap-cf8339eb5ca7.txt	R	1316	660	656	11	15	0
5906.up-1e6ba5f50479.txt	R	5906.up-bd458e7fc19e.txt	F	1316	660	656	11	15	0
5906.up-1e6ba5f50479.txt	R	5906.up-bd458e7fc19e.txt	R	1316	660	656	11	15	0
5906.up-1e6ba5f50479.txt	F	5906.lswap-2ae54d2fd96c.txt	F	1320	660	660	0	0	0
5906.up-1e6ba5f50479.txt	F	5906.lswap-2ae54d2fd96c.txt	R	1320	660	660	0	0	0
5906.up-1e6ba5f50479.txt	F	5906.lswap-7f47c6e6eeda.txt	F	1320	660	660	0	0	0
5906.up-1e6ba5f50479.txt	F	5906.lswap-7f47c6e6eeda.txt	R	1320	660	660	0	0	0
5906.up-1e6ba5f50479.txt	F	5906.lswap-e2d18fca77cb.txt	F	1320	660	660	0	0	0
5906.up-1e6ba5f50479.txt	F	5906.lswap-e2d18fca77cb.txt	R	1320	660	660	0	0	0
5906.up-1e6ba5f50479.txt	F	5906.up-16ca46d2c5a9.txt	F	1320	660	660	0	0	0
5906.up-1e6ba5f50479.txt	F	5906.up-16ca46d2c5a9.txt	R	1320	660	660	0	0	0
5906.up-1e6ba5f50479.txt	F	5906.up-53b55626d912.txt	F	1320	660	660	0	0	0
5906.up-1e6ba5f50479.txt	F	5906.up-53b55626d912.txt	R	1320	660	660	0	0	0
5906.up-1e6ba5f50479.txt	R	5906.lswap-2ae54d2fd96c.txt	F	1320	660	660	0	0	0
5906.up-1e6ba5f50479.txt	R	5906.lswap-2ae54d2fd96c.txt	R	1320	660	660	0	0	0
5906.up-1e6ba5f50479.txt	R	5906.lswap-7f47c6e6eeda.txt	F	1320	660	660	0	0	0
5906.up-1e6ba5f50479.txt	R	5906.lswap-7f47c6e6eeda.txt	R	1320	660	660	0	0	0
5906.up-1e6ba5f50479.txt	R	5906.lswap-e2d18fca77cb.txt	F	1320	660	660	0	0	0
5906.up-1e6ba5f50479.txt	R	5906.lswap-e2d18fca77cb.txt	R	1320	660	660	0	0	0
5906.up-1e6ba5f50479.txt	R	5906.up-16ca46d2c5a9.txt	F	1320	660	660	0	0	0
5906.up-1e6ba5f50479.txt	R	5906.up-16ca46d2c5a9.txt	R	1320	660	660	0	0	0
5906.up-1e6ba5f50479.txt	R	5906.up-53b55626d912.txt	F	1320	660	660	0	0	0
5906.up-1e6ba5f50479.txt	R	5906.up-53b55626d912.txt	R	1320	660	660	0	0	0
5906.up-1e6ba5f50479.txt	F	5906.up-d9a28c2d8195.txt	F	1327	664	663	14	15	0
5906.up-1e6ba5f50479.txt	F	5906.up-d9a28c2d8195.txt	R	1327	664	663	14	15	0
5906.up-1e6ba5f50479.txt	R	5906.up-d9a28c2d8195.txt	F	1327	664	663	14	15	0
5906.up-1e6ba5f50479.txt	R	5906.up-d9a28c2d8195.txt	R	1327	664	663	14	15	0
5906.up-1e6ba5f50479.txt	F	5906.up-a30c7c517d7b.txt	F	1328	664	664	14	14	0
5906.up-1e6ba5f50479.txt	F	5906.up-a30c7c517d7b.txt	R	1328	664	664	14	14	0
5906.up-1e6ba5f50479.txt	R	5906.up-a30c7c517d7b.txt	F	1328	664	664	14	14	0
5906.up-1e6ba5f50479.txt	R	5906.up-a30c7c517d7b.txt	R	1328	664	664	14	14	0
5906.up-1e6ba5f50479.txt	F	5906.lswap-09c105553d61.txt	F	1330	668	662	14	20	0
5906.up-1e6ba5f50479.txt	F	5906.up-d1489855deef.txt	F	1330	668	662	14	20	0
5906.up-1e6ba5f50479.txt	F	5906.up-d1489855deef.txt	R	1330	668	662	14	20	0
5906.up-1e6ba5f50479.txt	R	5906.lswap-09c105553d61.txt	F	1330	668	662	14	20	0
5906.up-1e6ba5f50479.txt	R	5906.up-d1489855deef.txt	F	1330	668	662	14	20	0
5906.up-1e6ba5f50479.txt	R	5906.up-d1489855deef.txt	R	1330	668	662	14	20	0
5906.up-1e6ba5f50479.txt	F	5906.lswap-3b66fbdbdf53.txt	F	1332	666	666	0	0	0
5906.up-1e6ba5f50479.txt	F	5906.lswap-3b66fbdbdf53.txt	R	1332	666	666	0	0	0
5906.up-1e6ba5f50479.txt	F	5906.lswap-62d959eb4e73.txt	F	1332	666	666	0	0	0
5906.up-1e6ba5f50479.txt	F	5906.lswap-62d959eb4e73.txt	R	1332	666	666	0	0	0
5906.up-1e6ba5f50479.txt	R	5906.lswap-3b66fbdbdf53.txt	F	1332	666	666	0	0	0
5906.up-1e6ba5f50479.txt	R	5906.lswap-3b66fbdbdf53.txt	R	1332	666	666	0	0	0
5906.up-1e6ba5f50479.txt	R	5906.lswap-62d959eb4e73.txt	F	1332	666	666	0	0	0
5906.up-1e6ba5f50479.txt	R	5906.lswap-62d959eb4e73.txt	R	1332	666	666	0	0	0
5906.up-1e6ba5f50479.txt	F	5906.lswap-637b5054102a.txt	R	1340	672	668	11	15	0
5906.up-1e6ba5f50479.txt	F	5906.up-6f42b3603dac.txt	F	1340	672	668	11	15	0
5906.up-1e6ba5f50479.txt	F	5906.up-6f42b3603dac.txt	R	1340	672	668	11	15	0
5906.up-1e6ba5f50479.txt	F	5906.up-f8d1e70c6a52.txt	F	1340	672	668	11	15	0
5906.up-1e6ba5f50479.txt	F	5906.up-f8d1e70c6a52.txt	R	1340	672	668	11	15	0
5906.up-1e6ba5f50479.txt	R	5906.lswap-637b5054102a.txt	R	1340	672	668	11	15	0
5906.up-1e6ba5f50479.txt	R	5906.up-6f42b3603dac.txt	F	1340	672	668	11	15	0
5906.up-1e6ba5f50479.txt	R	5906.up-6f42b3603dac.txt	R	1340	672	668	11	15	0
5906.up-1e6ba5f50479.txt	R	5906.up-f8d1e70c6a52.txt	F	1340	672	668	11	15	0
5906.up-1e6ba5f50479.txt	R	5906.up-f8d1e70c6a52.txt	R	1340	672	668	11	15	0
5906.up-1e6ba5f50479.txt	F	5906.lswap-10f62906b166.txt	R	1342	674	668	14	20	0
5906.up-1e6ba5f50479.txt	F	5906.lswap-3a55a72f70d6.txt	F	1342	674	668	14	20	0
5906.up-1e6ba5f50479.txt	F	5906.lswap-3a55a72f70d6.txt	R	1342	674	668	14	20	0
5906.up-1e6ba5f50479.txt	F	5906.lswap-db110b7302cf.txt	R	1342	674	668	14	20	0
5906.up-1e6ba5f50479.txt	R	5906.lswap-10f62906b166.txt	R	1342	674	668	14	20	0
5906.up-1e6ba5f50479.txt	R	5906.lswap-3a55a72f70d6.txt	F	1342	674	668	14	20	0
5906.up-1e6ba5f50479.txt	R	5906.lswap-3a55a72f70d6.txt	R	1342	674	668	14	20	0
5906.up-1e6ba5f50479.txt	R	5906.lswap-db110b7302cf.txt	R	1342	674	668	14	20	0
5906.up-1e6ba5f50479.txt	F	5906.up-331e3f0f91ee.txt	F	1344	672	672	0	0	0
5906.up-1e6ba5f50479.txt	F	5906.up-331e3f0f91ee.txt	R	1344	672	672	0	0	0
5906.up-1e6ba5f50479.txt	R	5906.up-331e3f0f91ee.txt	F	1344	672	672	0	0	0
5906.up-1e6ba5f50479.txt	R	5906.up-331e3f0f91ee.txt	R	1344	672	672	0	0	0
5906.up-1e6ba5f50479.txt	F	5906.lswap-67fc5c2184ab.txt	F	1354	680	674	14	20	0
5906.up-1e6ba5f50479.txt	F	5906.up-6597315411ea.txt	F	1354	680	674	14	20	0
5906.up-1e6ba5f50479.txt	F	5906.up-6597315411ea.txt	R	1354	680	674	14	20	0
5906.up-1e6ba5f50479.txt	R	5906.lswap-67fc5c2184ab.txt	F	1354	680	674	14	20	0
5906.up-1e6ba5f50479.txt	R	5906.up-6597315411ea.txt	F	1354	680	674	14	20	0
5906.up-1e6ba5f50479.txt	R	5906.up-6597315411ea.txt	R	1354	680	674	14	20	0
5906.up-1e6ba5f50479.txt	F	5906.lswap-637b5054102a.txt	F	1364	684	680	11	15	0
5906.up-1e6ba5f50479.txt	F	5906.up-7f9a93193f10.txt	F	1364	684	680	11	15	0
5906.up-1e6ba5f50479.txt	F	5906.up-7f9a93193f10.txt	R	1364	684	680	11	15	0
5906.up-1e6ba5f50479.txt	R	5906.lswap-637b5054102a.txt	F	1364	684	680	11	15	0
5906.up-1e6ba5f50479.txt	R	5906.up-7f9a93193f10.txt	F	1364	684	680	11	15	0
5906.up-1e6ba5f50479.txt	R	5906.up-7f9a93193f10.txt	R	1364	684	680	11	15	0
5906.up-1e6ba5f50479.txt	F	5906.up-8b8c8916a24a.txt	F	1376	689	687	17	19	0
5906.up-1e6ba5f50479.txt	F	5906.up-8b8c8916a24a.txt	R	1376	689	687	17	19	0
5906.up-1e6ba5f50479.txt	R	5906.up-8b8c8916a24a.txt	F	1376	689	687	17	19	0
5906.up-1e6ba5f50479.txt	R	5906.up-8b8c8916a24a.txt	R	1376	689	687	17	19	0
5906.up-1e6ba5f50479.txt	F	5906.rbnd-e9623244f6b1.txt	F	1377	689	688	17	18	0
5906.up-1e6ba5f50479.txt	R	5906.rbnd-e9623244f6b1.txt	F	1377	689	688	17	18	0
5906.up-1e6ba5f50479.txt	F	5906.lswap-09c105553d61.txt	R	1378	692	686	14	20	0
5906.up-1e6ba5f50479.txt	F	5906.up-c63a66adbc60.txt	F	1378	692	686	14	20	0
5906.up-1e6ba5f50479.txt	F	5906.up-c63a66adbc60.txt	R	1378	692	686	14	20	0
5906.up-1e6ba5f50479.txt	R	5906.lswap-09c105553d61.txt	R	1378	692	686	14	20	0
5906.up-1e6ba5f50479.txt	R	5906.up-c63a66adbc60.txt	F	1378	692	686	14	20	0
5906.up-1e6ba5f50479.txt	R	5906.up-c63a66adbc60.txt	R	1378	692	686	14	20	0
5906.up-1e6ba5f50479.txt	F	5906.up-1b8244ba04bb.txt	F	1388	697	691	14	20	0
5906.up-1e6ba5f50479.txt	F	5906.up-1b8244ba04bb.txt	R	1388	697	691	14	20	0
5906.up-1e6ba5f50479.txt	R	5906.up-1b8244ba04bb.txt	F	1388	697	691	14	20	0
5906.up-1e6ba5f50479.txt	R	5906.up-1b8244ba04bb.txt	R	1388	697	691	14	20	0
5906.up-1e6ba5f50479.txt	F	5906.lswap-10f62906b166.txt	F	1390	698	692	14	20	0
5906.up-1e6ba5f50479.txt	F	5906.lswap-28b97fbb68d1.txt	F	1390	698	692	14	20	0
5906.up-1e6ba5f50479.txt	F	5906.lswap-28b97fbb68d1.txt	R	1390	698	692	14	20	0
5906.up-1e6ba5f50479.txt	F	5906.lswap-db110b7302cf.txt	F	1390	698	692	14	20	0
5906.up-1e6ba5f50479.txt	R	5906.lswap-10f62906b166.txt	F	1390	698	692	14	20	0
5906.up-1e6ba5f50479.txt	R	5906.lswap-28b97fbb68d1.txt	F	1390	698	692	14	20	0
5906.up-1e6ba5f50479.txt	R	5906.lswap-28b97fbb68d1.txt	R	1390	698	692	14	20	0
5906.up-1e6ba5f50479.txt	R	5906.lswap-db110b7302cf.txt	F	1390	698	692	14	20	0
5906.up-1e6ba5f50479.txt	F	5906.lswap-f4c2deec7c96.txt	R	1400	701	699	17	19	0
5906.up-1e6ba5f50479.txt	R	5906.lswap-f4c2deec7c96.txt	R	1400	701	699	17	19	0
5906.up-1e6ba5f50479.txt	F	5906.rbnd-2641d60c9d5c.txt	R	1401	701	700	17	18	0
5906.up-1e6ba5f50479.txt	R	5906.rbnd-2641d60c9d5c.txt	R	1401	701	700	17	18	0
5906.up-1e6ba5f50479.txt	F	5906.lswap-67fc5c2184ab.txt	R	1402	704	698	14	20	0
5906.up-1e6ba5f50479.txt	F	5906.up-c3afee7ed153.txt	F	1402	704	698	14	20	0
5906.up-1e6ba5f50479.txt	F	5906.up-c3afee7ed153.txt	R	1402	704	698	14	20	0
5906.up-1e6ba5f50479.txt	R	5906.lswap-67fc5c2184ab.txt	R	1402	704	698	14	20	0
5906.up-1e6ba5f50479.txt	R	5906.up-c3afee7ed153.txt	F	1402	704	698	14	20	0
5906.up-1e6ba5f50479.txt	R	5906.up-c3afee7ed153.txt	R	1402	704	698	14	20	0
5906.up-1e6ba5f50479.txt	F	5906.up-331228e22360.txt	F	1412	707	705	17	19	0
5906.up-1e6ba5f50479.txt	F	5906.up-331228e22360.txt	R	1412	707	705	17	19	0
5906.up-1e6ba5f50479.txt	R	5906.up-331228e22360.txt	F	1412	707	705	17	19	0
5906.up-1e6ba5f50479.txt	R	5906.up-331228e22360.txt	R	1412	707	705	17	19	0
5906.up-1e6ba5f50479.txt	F	5906.rbnd-c44d48fbd52c.txt	F	1413	707	706	17	18	0
5906.up-1e6ba5f50479.txt	R	5906.rbnd-c44d48fbd52c.txt	F	1413	707	706	17	18	0
5906.up-1e6ba5f50479.txt	F	5906.lswap-f4c2deec7c96.txt	F	1460	731	729	17	19	0
5906.up-1e6ba5f50479.txt	R	5906.lswap-f4c2deec7c96.txt	F	1460	731	729	17	19	0
5906.up-1e6ba5f50479.txt	F	5906.rbnd-0dad091b8ac4.txt	F	1461	731	730	17	18	0
5906.up-1e6ba5f50479.txt	R	5906.rbnd-0dad091b8ac4.txt	F	1461	731	730	17	18	0
5906.up-3ba99c5557bb.txt	F	5906.up-e65e244c83d3.txt	F	552	276	276	0	0	0
5906.up-3ba99c5557bb.txt	F	5906.up-e65e244c83d3.txt	R	552	276	276	0	0	0
5906.up-3ba99c5557bb.txt	R	5906.up-e65e244c83d3.txt	F	552	276	276	0	0	0
5906.up-3ba99c5557bb.txt	R	5906.up-e65e244c83d3.txt	R	552	276	276	0	0	0
5906.up-3ba99c5557bb.txt	F	5906.lswap-20db05a5b51e.txt	F	588	294	294	0	0	0
5906.up-3ba99c5557bb.txt	F	5906.lswap-20db05a5b51e.txt	R	588	294	294	0	0	0
5906.up-3ba99c5557bb.txt	R	5906.lswap-20db05a5b51e.txt	F	588	294	294	0	0	0
5906.up-3ba99c5557bb.txt	R	5906.lswap-20db05a5b51e.txt	R	588	294	294	0	0	0
5906.up-3ba99c5557bb.txt	F	5906.up-78d638be95ae.txt	F	624	312	312	0	0	0
5906.up-3ba99c5557bb.txt	F	5906.up-78d638be95ae.txt	R	624	312	312	0	0	0
5906.up-3ba99c5557bb.txt	R	5906.up-78d638be95ae.txt	F	624	312	312	0	0	0
5906.up-3ba99c5557bb.txt	R	5906.up-78d638be95ae.txt	R	624	312	312	0	0	0
5906.up-3ba99c5557bb.txt	F	5906.up-6773ff05a318.txt	F	744	372	372	0	0	0
5906.up-3ba99c5557bb.txt	F	5906.up-6773ff05a318.txt	R	744	372	372	0	0	0
5906.up-3ba99c5557bb.txt	R	5906.up-6773ff05a318.txt	F	744	372	372	0	0	0
5906.up-3ba99c5557bb.txt	R	5906.up-6773ff05a318.txt	R	744	372	372	0	0	0
5906.up-3ba99c5557bb.txt	F	5906.lswap-cf5ecb0e9ecc.txt	F	792	396	396	0	0	0
5906.up-3ba99c5557bb.txt	F	5906.lswap-cf5ecb0e9ecc.txt	R	792	396	396	0	0	0
5906.up-3ba99c5557bb.txt	F	5906.up-14e2c7b29aae.txt	F	792	396	396	0	0	0
5906.up-3ba99c5557bb.txt	F	5906.up-14e2c7b29aae.txt	R	792	396	396	0	0	0
5906.up-3ba99c5557bb.txt	F	5906.up-a838f31a7b4f.txt	F	792	396	396	0	0	0
5906.up-3ba99c5557bb.txt	F	5906.up-a838f31a7b4f.txt	R	792	396	396	0	0	0
5906.up-3ba99c5557bb.txt	R	5906.lswap-cf5ecb0e9ecc.txt	F	792	396	396	0	0	0
5906.up-3ba99c5557bb.txt	R	5906.lswap-cf5ecb0e9ecc.txt	R	792	396	396	0	0	0
5906.up-3ba99c5557bb.txt	R	5906.up-14e2c7b29aae.txt	F	792	396	396	0	0	0
5906.up-3ba99c5557bb.txt	R	5906.up-14e2c7b29aae.txt	R	792	396	396	0	0	0
5906.up-3ba99c5557bb.txt	R	5906.up-a838f31a7b4f.txt	F	792	396	396	0	0	0
5906.up-3ba99c5557bb.txt	R	5906.up-a838f31a7b4f.txt	R	792	396	396	0	0	0
5906.up-3ba99c5557bb.txt	F	5906.lswap-49fc63d034f2.txt	F	816	408	408	0	0	0
5906.up-3ba99c5557bb.txt	F	5906.lswap-49fc63d034f2.txt	R	816	408	408	0	0	0
5906.up-3ba99c5557bb.txt	F	5906.lswap-4c179f65aa4b.txt	F	816	408	408	0	0	0
5906.up-3ba99c5557bb.txt	F	5906.lswap-4c179f65aa4b.txt	R	816	408	408	0	0	0
5906.up-3ba99c5557bb.txt	F	5906.lswap-aa52880fc9e0.txt	F	816	408	408	0	0	0
5906.up-3ba99c5557bb.txt	F	5906.lswap-aa52880fc9e0.txt	R	816	408	408	0	0	0
5906.up-3ba99c5557bb.txt	F	5906.lswap-d252e4d38aa9.txt	F	816	408	408	0	0	0
5906.up-3ba99c5557bb.txt	F	5906.lswap-d252e4d38aa9.txt	R	816	408	408	0	0	0
5906.up-3ba99c5557bb.txt	F	5906.up-e132c7a7c340.txt	F	816	408	408	0	0	0
5906.up-3ba99c5557bb.txt	F	5906.up-e132c7a7c340.txt	R	816	408	408	0	0	0
5906.up-3ba99c5557bb.txt	R	5906.lswap-49fc63d034f2.txt	F	816	408	408	0	0	0
5906.up-3ba99c5557bb.txt	R	5906.lswap-49fc63d034f2.txt	R	816	408	408	0	0	0
5906.up-3ba99c5557bb.txt	R	5906.lswap-4c179f65aa4b.txt	F	816	408	408	0	0	0
5906.up-3ba99c5557bb.txt	R	5906.lswap-4c179f65aa4b.txt	R	816	408	408	0	0	0
5906.up-3ba99c5557bb.txt	R	5906.lswap-aa52880fc9e0.txt	F	816	408	408	0	0	0
5906.up-3ba99c5557bb.txt	R	5906.lswap-aa52880fc9e0.txt	R	816	408	408	0	0	0
5906.up-3ba99c5557bb.txt	R	5906.lswap-d252e4d38aa9.txt	F	816	408	408	0	0	0
5906.up-3ba99c5557bb.txt	R	5906.lswap-d252e4d38aa9.txt	R	816	408	408	0	0	0
5906.up-3ba99c5557bb.txt	R	5906.up-e132c7a7c340.txt	F	816	408	408	0	0	0
5906.up-3ba99c5557bb.txt	R	5906.up-e132c7a7c340.txt	R	816	408	408	0	0	0
5906.up-3ba99c5557bb.txt	F	5906.lswap-41a210488ac9.txt	F	828	414	414	0	0	0
5906.up-3ba99c5557bb.txt	F	5906.lswap-41a210488ac9.txt	R	828	414	414	0	0	0
5906.up-3ba99c5557bb.txt	F	5906.lswap-5a55d1641a86.txt	F	828	414	414	0	0	0
5906.up-3ba99c5557bb.txt	F	5906.lswap-5a55d1641a86.txt	R	828	414	414	0	0	0
5906.up-3ba99c5557bb.txt	F	5906.lswap-6f6f375dca74.txt	F	828	414	414	0	0	0
5906.up-3ba99c5557bb.txt	F	5906.lswap-6f6f375dca74.txt	R	828	414	414	0	0	0
5906.up-3ba99c5557bb.txt	F	5906.lswap-be4759bc731a.txt	F	828	414	414	0	0	0
5906.up-3ba99c5557bb.txt	F	5906.lswap-be4759bc731a.txt	R	828	414	414	0	0	0
5906.up-3ba99c5557bb.txt	R	5906.lswap-41a210488ac9.txt	F	828	414	414	0	0	0
5906.up-3ba99c5557bb.txt	R	5906.lswap-41a210488ac9.txt	R	828	414	414	0	0	0
5906.up-3ba99c5557bb.txt	R	5906.lswap-5a55d1641a86.txt	F	828	414	414	0	0	0
5906.up-3ba99c5557bb.txt	R	5906.lswap-5a55d1641a86.txt	R	828	414	414	0	0	0
5906.up-3ba99c5557bb.txt	R	5906.lswap-6f6f375dca74.txt	F	828	414	414	0	0	0
5906.up-3ba99c5557bb.txt	R	5906.lswap-6f6f375dca74.txt	R	828	414	414	0	0	0
5906.up-3ba99c5557bb.txt	R	5906.lswap-be4759bc731a.txt	F	828	414	414	0	0	0
5906.up-3ba99c5557bb.txt	R	5906.lswap-be4759bc731a.txt	R	828	414	414	0	0	0
5906.up-3ba99c5557bb.txt	F	5906.lswap-d515e64b87be.txt	F	840	420	420	0	0	0
5906.up-3ba99c5557bb.txt	F	5906.lswap-d515e64b87be.txt	R	840	420	420	0	0	0
5906.up-3ba99c5557bb.txt	F	5906.lswap-e59a6239aa79.txt	F	840	420	420	0	0	0
5906.up-3ba99c5557bb.txt	F	5906.lswap-e59a6239aa79.txt	R	840	420	420	0	0	0
5906.up-3ba99c5557bb.txt	F	5906.lswap-f8f86258580e.txt	F	840	420	420	0	0	0
5906.up-3ba99c5557bb.txt	F	5906.lswap-f8f86258580e.txt	R	840	420	420	0	0	0
5906.up-3ba99c5557bb.txt	F	5906.up-3de4f10d5095.txt	F	840	420	420	0	0	0
5906.up-3ba99c5557bb.txt	F	5906.up-3de4f10d5095.txt	R	840	420	420	0	0	0
5906.up-3ba99c5557bb.txt	F	5906.up-77512ee88848.txt	F	840	420	420	0	0	0
5906.up-3ba99c5557bb.txt	F	5906.up-77512ee88848.txt	R	840	420	420	0	0	0
5906.up-3ba99c5557bb.txt	F	5906.up-7824c044436e.txt	F	840	420	420	0	0	0
5906.up-3ba99c5557bb.txt	F	5906.up-7824c044436e.txt	R	840	420	420	0	0	0
5906.up-3ba99c5557bb.txt	F	5906.up-91a0d3cd2c14.txt	F	840	420	420	0	0	0
5906.up-3ba99c5557bb.txt	F	5906.up-91a0d3cd2c14.txt	R	840	420	420	0	0	0
5906.up-3ba99c5557bb.txt	F	5906.up-e94d2b57a7d4.txt	F	840	420	420	0	0	0
5906.up-3ba99c5557bb.txt	F	5906.up-e94d2b57a7d4.txt	R	840	420	420	0	0	0
5906.up-3ba99c5557bb.txt	R	5906.lswap-d515e64b87be.txt	F	840	420	420	0	0	0
5906.up-3ba99c5557bb.txt	R	5906.lswap-d515e64b87be.txt	R	840	420	420	0	0	0
5906.up-3ba99c5557bb.txt	R	5906.lswap-e59a6239aa79.txt	F	840	420	420	0	0	0
5906.up-3ba99c5557bb.txt	R	5906.lswap-e59a6239aa79.txt	R	840	420	420	0	0	0
5906.up-3ba99c5557bb.txt	R	5906.lswap-f8f86258580e.txt	F	840	420	420	0	0	0
5906.up-3ba99c5557bb.txt	R	5906.lswap-f8f86258580e.txt	R	840	420	420	0	0	0
5906.up-3ba99c5557bb.txt	R	5906.up-3de4f10d5095.txt	F	840	420	420	0	0	0
5906.up-3ba99c5557bb.txt	R	5906.up-3de4f10d5095.txt	R	840	420	420	0	0	0
5906.up-3ba99c5557bb.txt	R	5906.up-77512ee88848.txt	F	840	420	420	0	0	0
5906.up-3ba99c5557bb.txt	R	5906.up-77512ee88848.txt	R	840	420	420	0	0	0
5906.up-3ba99c5557bb.txt	R	5906.up-7824c044436e.txt	F	840	420	420	0	0	0
5906.up-3ba99c5557bb.txt	R	5906.up-7824c044436e.txt	R	840	420	420	0	0	0
5906.up-3ba99c5557bb.txt	R	5906.up-91a0d3cd2c14.txt	F	840	420	420	0	0	0
5906.up-3ba99c5557bb.txt	R	5906.up-91a0d3cd2c14.txt	R	840	420	420	0	0	0
5906.up-3ba99c5557bb.txt	R	5906.up-e94d2b57a7d4.txt	F	840	420	420	0	0	0
5906.up-3ba99c5557bb.txt	R	5906.up-e94d2b57a7d4.txt	R	840	420	420	0	0	0
5906.up-3ba99c5557bb.txt	F	5906.lswap-3b4f2e286e0c.txt	F	852	426	426	0	0	0
5906.up-3ba99c5557bb.txt	F	5906.lswap-3b4f2e286e0c.txt	R	852	426	426	0	0	0
5906.up-3ba99c5557bb.txt	F	5906.lswap-3baeeea281f2.txt	F	852	426	426	0	0	0
5906.up-3ba99c5557bb.txt	F	5906.lswap-3baeeea281f2.txt	R	852	426	426	0	0	0
5906.up-3ba99c5557bb.txt	F	5906.lswap-5228890279ca.txt	F	852	426	426	0	0	0
5906.up-3ba99c5557bb.txt	F	5906.lswap-5228890279ca.txt	R	852	426	426	0	0	0
5906.up-3ba99c5557bb.txt	F	5906.lswap-5a7a973564fd.txt	F	852	426	426	0	0	0
5906.up-3ba99c5557bb.txt	F	5906.lswap-5a7a973564fd.txt	R	852	426	426	0	0	0
5906.up-3ba99c5557bb.txt	F	5906.lswap-a28e203d65dc.txt	F	852	426	426	0	0	0
5906.up-3ba99c5557bb.txt	F	5906.lswap-a28e203d65dc.txt	R	852	426	426	0	0	0
5906.up-3ba99c5557bb.txt	F	5906.lswap-b12d38608f09.txt	F	852	426	426	0	0	0
5906.up-3ba99c5557bb.txt	F	5906.lswap-b12d38608f09.txt	R	852	426	426	0	0	0
5906.up-3ba99c5557bb.txt	F	5906.lswap-b55f23a2f470.txt	F	852	426	426	0	0	0
5906.up-3ba99c5557bb.txt	F	5906.lswap-b55f23a2f470.txt	R	852	426	426	0	0	0
5906.up-3ba99c5557bb.txt	F	5906.lswap-e0920da719d9.txt	F	852	426	426	0	0	0
5906.up-3ba99c5557bb.txt	F	5906.lswap-e0920da719d9.txt	R	852	426	426	0	0	0
5906.up-3ba99c5557bb.txt	R	5906.lswap-3b4f2e286e0c.txt	F	852	426	426	0	0	0
5906.up-3ba99c5557bb.txt	R	5906.lswap-3b4f2e286e0c.txt	R	852	426	426	0	0	0
5906.up-3ba99c5557bb.txt	R	5906.lswap-3baeeea281f2.txt	F	852	426	426	0	0	0
5906.up-3ba99c5557bb.txt	R	5906.lswap-3baeeea281f2.txt	R	852	426	426	0	0	0
5906.up-3ba99c5557bb.txt	R	5906.lswap-5228890279ca.txt	F	852	426	426	0	0	0
5906.up-3ba99c5557bb.txt	R	5906.lswap-5228890279ca.txt	R	852	426	426	0	0	0
5906.up-3ba99c5557bb.txt	R	5906.lswap-5a7a973564fd.txt	F	852	426	426	0	0	0
5906.up-3ba99c5557bb.txt	R	5906.lswap-5a7a973564fd.txt	R	852	426	426	0	0	0
5906.up-3ba99c5557bb.txt	R	5906.lswap-a28e203d65dc.txt	F	852	426	426	0	0	0
5906.up-3ba99c5557bb.txt	R	5906.lswap-a28e203d65dc.txt	R	852	426	426	0	0	0
5906.up-3ba99c5557bb.txt	R	5906.lswap-b12d38608f09.txt	F	852	426	426	0	0	0
5906.up-3ba99c5557bb.txt	R	5906.lswap-b12d38608f09.txt	R	852	426	426	0	0	0
5906.up-3ba99c5557bb.txt	R	5906.lswap-b55f23a2f470.txt	F	852	426	426	0	0	0
5906.up-3ba99c5557bb.txt	R	5906.lswap-b55f23a2f470.txt	R	852	426	426	0	0	0
5906.up-3ba99c5557bb.txt	R	5906.lswap-e0920da719d9.txt	F	852	426	426	0	0	0
5906.up-3ba99c5557bb.txt	R	5906.lswap-e0920da719d9.txt	R	852	426	426	0	0	0
5906.up-3ba99c5557bb.txt	F	5906.lswap-17946ea8ba63.txt	F	864	432	432	0	0	0
5906.up-3ba99c5557bb.txt	F	5906.lswap-17946ea8ba63.txt	R	864	432	432	0	0	0
5906.up-3ba99c5557bb.txt	F	5906.lswap-3c791ffa671d.txt	F	864	432	432	0	0	0
5906.up-3ba99c5557bb.txt	F	5906.lswap-3c791ffa671d.txt	R	864	432	432	0	0	0
5906.up-3ba99c5557bb.txt	F	5906.lswap-5808edca979d.txt	F	864	432	432	0	0	0
5906.up-3ba99c5557bb.txt	F	5906.lswap-5808edca979d.txt	R	864	432	432	0	0	0
5906.up-3ba99c5557bb.txt	F	5906.lswap-6008b60b1c2c.txt	F	864	432	432	0	0	0
5906.up-3ba99c5557bb.txt	F	5906.lswap-6008b60b1c2c.txt	R	864	432	432	0	0	0
5906.up-3ba99c5557bb.txt	F	5906.lswap-afd973e1a915.txt	F	864	432	432	0	0	0
5906.up-3ba99c5557bb.txt	F	5906.lswap-afd973e1a915.txt	R	864	432	432	0	0	0
5906.up-3ba99c5557bb.txt	F	5906.lswap-cae9c3b46793.txt	F	864	432	432	0	0	0
5906.up-3ba99c5557bb.txt	F	5906.lswap-cae9c3b46793.txt	R	864	432	432	0	0	0
5906.up-3ba99c5557bb.txt	F	5906.up-02d771908307.txt	F	864	432	432	0	0	0
5906.up-3ba99c5557bb.txt	F	5906.up-02d771908307.txt	R	864	432	432	0	0	0
5906.up-3ba99c5557bb.txt	F	5906.up-168d62e1a9d1.txt	F	864	432	432	0	0	0
5906.up-3ba99c5557bb.txt	F	5906.up-168d62e1a9d1.txt	R	864	432	432	0	0	0
5906.up-3ba99c5557bb.txt	F	5906.up-2cb6c1139592.txt	F	864	432	432	0	0	0
5906.up-3ba99c5557bb.txt	F	5906.up-2cb6c1139592.txt	R	864	432	432	0	0	0
5906.up-3ba99c5557bb.txt	F	5906.up-454308027985.txt	F	864	432	432	0	0	0
5906.up-3ba99c5557bb.txt	F	5906.up-454308027985.txt	R	864	432	432	0	0	0
5906.up-3ba99c5557bb.txt	F	5906.up-7c111e182316.txt	F	864	432	432	0	0	0
5906.up-3ba99c5557bb.txt	F	5906.up-7c111e182316.txt	R	864	432	432	0	0	0
5906.up-3ba99c5557bb.txt	F	5906.up-839c85982253.txt	F	864	432	432	0	0	0
5906.up-3ba99c5557bb.txt	F	5906.up-839c85982253.txt	R	864	432	432	0	0	0
5906.up-3ba99c5557bb.txt	F	5906.up-b2d6bec1e3bd.txt	F	864	432	432	0	0	0
5906.up-3ba99c5557bb.txt	F	5906.up-b2d6bec1e3bd.txt	R	864	432	432	0	0	0
5906.up-3ba99c5557bb.txt	F	5906.up-cad80abdf334.txt	F	864	432	432	0	0	0
5906.up-3ba99c5557bb.txt	F	5906.up-cad80abdf334.txt	R	864	432	432	0	0	0
5906.up-3ba99c5557bb.txt	R	5906.lswap-17946ea8ba63.txt	F	864	432	432	0	0	0
5906.up-3ba99c5557bb.txt	R	5906.lswap-17946ea8ba63.txt	R	864	432	432	0	0	0
5906.up-3ba99c5557bb.txt	R	5906.lswap-3c791ffa671d.txt	F	864	432	432	0	0	0
5906.up-3ba99c5557bb.txt	R	5906.lswap-3c791ffa671d.txt	R	864	432	432	0	0	0
5906.up-3ba99c5557bb.txt	R	5906.lswap-5808edca979d.txt	F	864	432	432	0	0	0
5906.up-3ba99c5557bb.txt	R	5906.lswap-5808edca979d.txt	R	864	432	432	0	0	0
5906.up-3ba99c5557bb.txt	R	5906.lswap-6008b60b1c2c.txt	F	864	432	432	0	0	0
5906.up-3ba99c5557bb.txt	R	5906.lswap-6008b60b1c2c.txt	R	864	432	432	0	0	0
5906.up-3ba99c5557bb.txt	R	5906.lswap-afd973e1a915.txt	F	864	432	432	0	0	0
5906.up-3ba99c5557bb.txt	R	5906.lswap-afd973e1a915.txt	R	864	432	432	0	0	0
5906.up-3ba99c5557bb.txt	R	5906.lswap-cae9c3b46793.txt	F	864	432	432	0	0	0
5906.up-3ba99c5557bb.txt	R	5906.lswap-cae9c3b46793.txt	R	864	432	432	0	0	0
5906.up-3ba99c5557bb.txt	R	5906.up-02d771908307.txt	F	864	432	432	0	0	0
5906.up-3ba99c5557bb.txt	R	5906.up-02d771908307.txt	R	864	432	432	0	0	0
5906.up-3ba99c5557bb.txt	R	5906.up-168d62e1a9d1.txt	F	864	432	432	0	0	0
5906.up-3ba99c5557bb.txt	R	5906.up-168d62e1a9d1.txt	R	864	432	432	0	0	0
5906.up-3ba99c5557bb.txt	R	5906.up-2cb6c1139592.txt	F	864	432	432	0	0	0
5906.up-3ba99c5557bb.txt	R	5906.up-2cb6c1139592.txt	R	864	432	432	0	0	0
5906.up-3ba99c5557bb.txt	R	5906.up-454308027985.txt	F	864	432	432	0	0	0
5906.up-3ba99c5557bb.txt	R	5906.up-454308027985.txt	R	864	432	432	0	0	0
5906.up-3ba99c5557bb.txt	R	5906.up-7c111e182316.txt	F	864	432	432	0	0	0
5906.up-3ba99c5557bb.txt	R	5906.up-7c111e182316.txt	R	864	432	432	0	0	0
5906.up-3ba99c5557bb.txt	R	5906.up-839c85982253.txt	F	864	432	432	0	0	0
5906.up-3ba99c5557bb.txt	R	5906.up-839c85982253.txt	R	864	432	432	0	0	0
5906.up-3ba99c5557bb.txt	R	5906.up-b2d6bec1e3bd.txt	F	864	432	432	0	0	0
5906.up-3ba99c5557bb.txt	R	5906.up-b2d6bec1e3bd.txt	R	864	432	432	0	0	0
5906.up-3ba99c5557bb.txt	R	5906.up-cad80abdf334.txt	F	864	432	432	0	0	0
5906.up-3ba99c5557bb.txt	R	5906.up-cad80abdf334.txt	R	864	432	432	0	0	0
5906.up-3ba99c5557bb.txt	F	5906.lswap-17203113788c.txt	F	876	438	438	0	0	0
5906.up-3ba99c5557bb.txt	F	5906.lswap-17203113788c.txt	R	876	438	438	0	0	0
5906.up-3ba99c5557bb.txt	F	5906.lswap-5764c730eaee.txt	F	876	438	438	0	0	0
5906.up-3ba99c5557bb.txt	F	5906.lswap-5764c730eaee.txt	R	876	438	438	0	0	0
5906.up-3ba99c5557bb.txt	F	5906.lswap-6bd82af50a4e.txt	F	876	438	438	0	0	0
5906.up-3ba99c5557bb.txt	F	5906.lswap-6bd82af50a4e.txt	R	876	438	438	0	0	0
5906.up-3ba99c5557bb.txt	F	5906.lswap-6d7ea156bdcc.txt	F	876	438	438	0	0	0
5906.up-3ba99c5557bb.txt	F	5906.lswap-6d7ea156bdcc.txt	R	876	438	438	0	0	0
5906.up-3ba99c5557bb.txt	F	5906.lswap-9759fb4af500.txt	F	876	438	438	0	0	0
5906.up-3ba99c5557bb.txt	F	5906.lswap-9759fb4af500.txt	R	876	438	438	0	0	0
5906.up-3ba99c5557bb.txt	R	5906.lswap-17203113788c.txt	F	876	438	438	0	0	0
5906.up-3ba99c5557bb.txt	R	5906.lswap-17203113788c.txt	R	876	438	438	0	0	0
5906.up-3ba99c5557bb.txt	R	5906.lswap-5764c730eaee.txt	F	876	438	438	0	0	0
5906.up-3ba99c5557bb.txt	R	5906.lswap-5764c730eaee.txt	R	876	438	438	0	0	0
5906.up-3ba99c5557bb.txt	R	5906.lswap-6bd82af50a4e.txt	F	876	438	438	0	0	0
5906.up-3ba99c5557bb.txt	R	5906.lswap-6bd82af50a4e.txt	R	876	438	438	0	0	0
5906.up-3ba99c5557bb.txt	R	5906.lswap-6d7ea156bdcc.txt	F	876	438	438	0	0	0
5906.up-3ba99c5557bb.txt	R	5906.lswap-6d7ea156bdcc.txt	R	876	438	438	0	0	0
5906.up-3ba99c5557bb.txt	R	5906.lswap-9759fb4af500.txt	F	876	438	438	0	0	0
5906.up-3ba99c5557bb.txt	R	5906.lswap-9759fb4af500.txt	R	876	438	438	0	0	0
5906.up-3ba99c5557bb.txt	F	5906.lswap-0de54c0a7bb6.txt	F	888	444	444	0	0	0
5906.up-3ba99c5557bb.txt	F	5906.lswap-0de54c0a7bb6.txt	R	888	444	444	0	0	0
5906.up-3ba99c5557bb.txt	F	5906.lswap-1e70957354f1.txt	F	888	444	444	0	0	0
5906.up-3ba99c5557bb.txt	F	5906.lswap-1e70957354f1.txt	R	888	444	444	0	0	0
5906.up-3ba99c5557bb.txt	F	5906.lswap-29ee6f7c1197.txt	F	888	444	444	0	0	0
5906.up-3ba99c5557bb.txt	F	5906.lswap-29ee6f7c1197.txt	R	888	444	444	0	0	0
5906.up-3ba99c5557bb.txt	F	5906.lswap-2fb529601be6.txt	F	888	444	444	0	0	0
5906.up-3ba99c5557bb.txt	F	5906.lswap-2fb529601be6.txt	R	888	444	444	0	0	0
5906.up-3ba99c5557bb.txt	F	5906.lswap-4a581202d46c.txt	F	888	444	444	0	0	0
5906.up-3ba99c5557bb.txt	F	5906.lswap-4a581202d46c.txt	R	888	444	444	0	0	0
5906.up-3ba99c5557bb.txt	F	5906.lswap-68a263f18066.txt	F	888	444	444	0	0	0
5906.up-3ba99c5557bb.txt	F	5906.lswap-68a263f18066.txt	R	888	444	444	0	0	0
5906.up-3ba99c5557bb.txt	F	5906.lswap-73851215f718.txt	F	888	444	444	0	0	0
5906.up-3ba99c5557bb.txt	F	5906.lswap-73851215f718.txt	R	888	444	444	0	0	0
5906.up-3ba99c5557bb.txt	F	5906.lswap-7602ba885180.txt	F	888	444	444	0	0	0
5906.up-3ba99c5557bb.txt	F	5906.lswap-7602ba885180.txt	R	888	444	444	0	0	0
5906.up-3ba99c5557bb.txt	F	5906.lswap-821102adfff8.txt	F	888	444	444	0	0	0
5906.up-3ba99c5557bb.txt	F	5906.lswap-821102adfff8.txt	R	888	444	444	0	0	0
5906.up-3ba99c5557bb.txt	F	5906.lswap-964ebce5847f.txt	F	888	444	444	0	0	0
5906.up-3ba99c5557bb.txt	F	5906.lswap-964ebce5847f.txt	R	888	444	444	0	0	0
5906.up-3ba99c5557bb.txt	F	5906.lswap-9a5cc6a6e3c8.txt	F	888	444	444	0	0	0
5906.up-3ba99c5557bb.txt	F	5906.lswap-9a5cc6a6e3c8.txt	R	888	444	444	0	0	0
5906.up-3ba99c5557bb.txt	F	5906.lswap-f6dbf9989449.txt	F	888	444	444	0	0	0
5906.up-3ba99c5557bb.txt	F	5906.lswap-f6dbf9989449.txt	R	888	444	444	0	0	0
5906.up-3ba99c5557bb.txt	F	5906.up-0db50fc7743c.txt	F	888	444	444	0	0	0
5906.up-3ba99c5557bb.txt	F	5906.up-0db50fc7743c.txt	R	888	444	444	0	0	0
5906.up-3ba99c5557bb.txt	F	5906.up-8ec03171f5df.txt	F	888	444	444	0	0	0
5906.up-3ba99c5557bb.txt	F	5906.up-8ec03171f5df.txt	R	888	444	444	0	0	0
5906.up-3ba99c5557bb.txt	F	5906.up-e8da0f18269f.txt	F	888	444	444	0	0	0
5906.up-3ba99c5557bb.txt	F	5906.up-e8da0f18269f.txt	R	888	444	444	0	0	0
5906.up-3ba99c5557bb.txt	R	5906.lswap-0de54c0a7bb6.txt	F	888	444	444	0	0	0
5906.up-3ba99c5557bb.txt	R	5906.lswap-0de54c0a7bb6.txt	R	888	444	444	0	0	0
5906.up-3ba99c5557bb.txt	R	5906.lswap-1e70957354f1.txt	F	888	444	444	0	0	0
5906.up-3ba99c5557bb.txt	R	5906.lswap-1e70957354f1.txt	R	888	444	444	0	0	0
5906.up-3ba99c5557bb.txt	R	5906.lswap-29ee6f7c1197.txt	F	888	444	444	0	0	0
5906.up-3ba99c5557bb.txt	R	5906.lswap-29ee6f7c1197.txt	R	888	444	444	0	0	0
5906.up-3ba99c5557bb.txt	R	5906.lswap-2fb529601be6.txt	F	888	444	444	0	0	0
5906.up-3ba99c5557bb.txt	R	5906.lswap-2fb529601be6.txt	R	888	444	444	0	0	0
5906.up-3ba99c5557bb.txt	R	5906.lswap-4a581202d46c.txt	F	888	444	444	0	0	0
5906.up-3ba99c5557bb.txt	R	5906.lswap-4a581202d46c.txt	R	888	444	444	0	0	0
5906.up-3ba99c5557bb.txt	R	5906.lswap-68a263f18066.txt	F	888	444	444	0	0	0
5906.up-3ba99c5557bb.txt	R	5906.lswap-68a263f18066.txt	R	888	444	444	0	0	0
5906.up-3ba99c5557bb.txt	R	5906.lswap-73851215f718.txt	F	888	444	444	0	0	0
5906.up-3ba99c5557bb.txt	R	5906.lswap-73851215f718.txt	R	888	444	444	0	0	0
5906.up-3ba99c5557bb.txt	R	5906.lswap-7602ba885180.txt	F	888	444	444	0	0	0
5906.up-3ba99c5557bb.txt	R	5906.lswap-7602ba885180.txt	R	888	444	444	0	0	0
5906.up-3ba99c5557bb.txt	R	5906.lswap-821102adfff8.txt	F	888	444	444	0	0	0
5906.up-3ba99c5557bb.txt	R	5906.lswap-821102adfff8.txt	R	888	444	444	0	0	0
5906.up-3ba99c5557bb.txt	R	5906.lswap-964ebce5847f.txt	F	888	444	444	0	0	0
5906.up-3ba99c5557bb.txt	R	5906.lswap-964ebce5847f.txt	R	888	444	444	0	0	0
5906.up-3ba99c5557bb.txt	R	5906.lswap-9a5cc6a6e3c8.txt	F	888	444	444	0	0	0
5906.up-3ba99c5557bb.txt	R	5906.lswap-9a5cc6a6e3c8.txt	R	888	444	444	0	0	0
5906.up-3ba99c5557bb.txt	R	5906.lswap-f6dbf9989449.txt	F	888	444	444	0	0	0
5906.up-3ba99c5557bb.txt	R	5906.lswap-f6dbf9989449.txt	R	888	444	444	0	0	0
5906.up-3ba99c5557bb.txt	R	5906.up-0db50fc7743c.txt	F	888	444	444	0	0	0
5906.up-3ba99c5557bb.txt	R	5906.up-0db50fc7743c.txt	R	888	444	444	0	0	0
5906.up-3ba99c5557bb.txt	R	5906.up-8ec03171f5df.txt	F	888	444	444	0	0	0
5906.up-3ba99c5557bb.txt	R	5906.up-8ec03171f5df.txt	R	888	444	444	0	0	0
5906.up-3ba99c5557bb.txt	R	5906.up-e8da0f18269f.txt	F	888	444	444	0	0	0
5906.up-3ba99c5557bb.txt	R	5906.up-e8da0f18269f.txt	R	888	444	444	0	0	0
5906.up-3ba99c5557bb.txt	F	5906.lswap-2497c9291398.txt	F	900	450	450	0	0	0
5906.up-3ba99c5557bb.txt	F	5906.lswap-2497c9291398.txt	R	900	450	450	0	0	0
5906.up-3ba99c5557bb.txt	F	5906.lswap-25804d565b10.txt	F	900	450	450	0	0	0
5906.up-3ba99c5557bb.txt	F	5906.lswap-25804d565b10.txt	R	900	450	450	0	0	0
5906.up-3ba99c5557bb.txt	F	5906.lswap-80e6c24a2613.txt	F	900	450	450	0	0	0
5906.up-3ba99c5557bb.txt	F	5906.lswap-80e6c24a2613.txt	R	900	450	450	0	0	0
5906.up-3ba99c5557bb.txt	F	5906.lswap-a7d2db45842b.txt	F	900	450	450	0	0	0
5906.up-3ba99c5557bb.txt	F	5906.lswap-a7d2db45842b.txt	R	900	450	450	0	0	0
5906.up-3ba99c5557bb.txt	R	5906.lswap-2497c9291398.txt	F	900	450	450	0	0	0
5906.up-3ba99c5557bb.txt	R	5906.lswap-2497c9291398.txt	R	900	450	450	0	0	0
5906.up-3ba99c5557bb.txt	R	5906.lswap-25804d565b10.txt	F	900	450	450	0	0	0
5906.up-3ba99c5557bb.txt	R	5906.lswap-25804d565b10.txt	R	900	450	450	0	0	0
5906.up-3ba99c5557bb.txt	R	5906.lswap-80e6c24a2613.txt	F	900	450	450	0	0	0
5906.up-3ba99c5557bb.txt	R	5906.lswap-80e6c24a2613.txt	R	900	450	450	0	0	0
5906.up-3ba99c5557bb.txt	R	5906.lswap-a7d2db45842b.txt	F	900	450	450	0	0	0
5906.up-3ba99c5557bb.txt	R	5906.lswap-a7d2db45842b.txt	R	900	450	450	0	0	0
5906.up-3ba99c5557bb.txt	F	5906.lswap-025c4805fc39.txt	F	912	456	456	0	0	0
5906.up-3ba99c5557bb.txt	F	5906.lswap-025c4805fc39.txt	R	912	456	456	0	0	0
5906.up-3ba99c5557bb.txt	F	5906.lswap-423441640591.txt	F	912	456	456	0	0	0
5906.up-3ba99c5557bb.txt	F	5906.lswap-423441640591.txt	R	912	456	456	0	0	0
5906.up-3ba99c5557bb.txt	F	5906.lswap-469763027c57.txt	F	912	456	456	0	0	0
5906.up-3ba99c5557bb.txt	F	5906.lswap-469763027c57.txt	R	912	456	456	0	0	0
5906.up-3ba99c5557bb.txt	F	5906.lswap-e145b859ca30.txt	F	912	456	456	0	0	0
5906.up-3ba99c5557bb.txt	F	5906.lswap-e145b859ca30.txt	R	912	456	456	0	0	0
5906.up-3ba99c5557bb.txt	F	5906.up-0d2e98183c29.txt	F	912	456	456	0	0	0
5906.up-3ba99c5557bb.txt	F	5906.up-0d2e98183c29.txt	R	912	456	456	0	0	0
5906.up-3ba99c5557bb.txt	F	5906.up-23ca8a9bcc81.txt	F	912	456	456	0	0	0
5906.up-3ba99c5557bb.txt	F	5906.up-23ca8a9bcc81.txt	R	912	456	456	0	0	0
5906.up-3ba99c5557bb.txt	F	5906.up-95ffff5c765c.txt	F	912	456	456	0	0	0
5906.up-3ba99c5557bb.txt	F	5906.up-95ffff5c765c.txt	R	912	456	456	0	0	0
5906.up-3ba99c5557bb.txt	F	5906.up-9a915a83c416.txt	F	912	456	456	0	0	0
5906.up-3ba99c5557bb.txt	F	5906.up-9a915a83c416.txt	R	912	456	456	0	0	0
5906.up-3ba99c5557bb.txt	F	5906.up-a233fdf94b8d.txt	F	912	456	456	0	0	0
5906.up-3ba99c5557bb.txt	F	5906.up-a233fdf94b8d.txt	R	912	456	456	0	0	0
5906.up-3ba99c5557bb.txt	F	5906.up-aed220b1ebc4.txt	F	912	456	456	0	0	0
5906.up-3ba99c5557bb.txt	F	5906.up-aed220b1ebc4.txt	R	912	456	456	0	0	0
5906.up-3ba99c5557bb.txt	F	5906.up-da93a66cd37b.txt	F	912	456	456	0	0	0
5906.up-3ba99c5557bb.txt	F	5906.up-da93a66cd37b.txt	R	912	456	456	0	0	0
5906.up-3ba99c5557bb.txt	F	5906.up-e948752d6a32.txt	F	912	456	456	0	0	0
5906.up-3ba99c5557bb.txt	F	5906.up-e948752d6a32.txt	R	912	456	456	0	0	0
5906.up-3ba99c5557bb.txt	F	5906.up-eebb02e3baec.txt	F	912	456	456	0	0	0
5906.up-3ba99c5557bb.txt	F	5906.up-eebb02e3baec.txt	R	912	456	456	0	0	0
5906.up-3ba99c5557bb.txt	R	5906.lswap-025c4805fc39.txt	F	912	456	456	0	0	0
5906.up-3ba99c5557bb.txt	R	5906.lswap-025c4805fc39.txt	R	912	456	456	0	0	0
5906.up-3ba99c5557bb.txt	R	5906.lswap-423441640591.txt	F	912	456	456	0	0	0
5906.up-3ba99c5557bb.txt	R	5906.lswap-423441640591.txt	R	912	456	456	0	0	0
5906.up-3ba99c5557bb.txt	R	5906.lswap-469763027c57.txt	F	912	456	456	0	0	0
5906.up-3ba99c5557bb.txt	R	5906.lswap-469763027c57.txt	R	912	456	456	0	0	0
5906.up-3ba99c5557bb.txt	R	5906.lswap-e145b859ca30.txt	F	912	456	456	0	0	0
5906.up-3ba99c5557bb.txt	R	5906.lswap-e145b859ca30.txt	R	912	456	456	0	0	0
5906.up-3ba99c5557bb.txt	R	5906.up-0d2e98183c29.txt	F	912	456	456	0	0	0
5906.up-3ba99c5557bb.txt	R	5906.up-0d2e98183c29.txt	R	912	456	456	0	0	0
5906.up-3ba99c5557bb.txt	R	5906.up-23ca8a9bcc81.txt	F	912	456	456	0	0	0
5906.up-3ba99c5557bb.txt	R	5906.up-23ca8a9bcc81.txt	R	912	456	456	0	0	0
5906.up-3ba99c5557bb.txt	R	5906.up-95ffff5c765c.txt	F	912	456	456	0	0	0
5906.up-3ba99c5557bb.txt	R	5906.up-95ffff5c765c.txt	R	912	456	456	0	0	0
5906.up-3ba99c5557bb.txt	R	5906.up-9a915a83c416.txt	F	912	456	456	0	0	0
5906.up-3ba99c5557bb.txt	R	5906.up-9a915a83c416.txt	R	912	456	456	0	0	0
5906.up-3ba99c5557bb.txt	R	5906.up-a233fdf94b8d.txt	F	912	456	456	0	0	0
5906.up-3ba99c5557bb.txt	R	5906.up-a233fdf94b8d.txt	R	912	456	456	0	0	0
5906.up-3ba99c5557bb.txt	R	5906.up-aed220b1ebc4.txt	F	912	456	456	0	0	0
5906.up-3ba99c5557bb.txt	R	5906.up-aed220b1ebc4.txt	R	912	456	456	0	0	0
5906.up-3ba99c5557bb.txt	R	5906.up-da93a66cd37b.txt	F	912	456	456	0	0	0
5906.up-3ba99c5557bb.txt	R	5906.up-da93a66cd37b.txt	R	912	456	456	0	0	0
5906.up-3ba99c5557bb.txt	R	5906.up-e948752d6a32.txt	F	912	456	456	0	0	0
5906.up-3ba99c5557bb.txt	R	5906.up-e948752d6a32.txt	R	912	456	456	0	0	0
5906.up-3ba99c5557bb.txt	R	5906.up-eebb02e3baec.txt	F	912	456	456	0	0	0
5906.up-3ba99c5557bb.txt	R	5906.up-eebb02e3baec.txt	R	912	456	456	0	0	0
5906.up-3ba99c5557bb.txt	F	5906.lswap-031568aa1b5c.txt	F	924	462	462	0	0	0
5906.up-3ba99c5557bb.txt	F	5906.lswap-031568aa1b5c.txt	R	924	462	462	0	0	0
5906.up-3ba99c5557bb.txt	F	5906.lswap-52f45c5e8e22.txt	F	924	462	462	0	0	0
5906.up-3ba99c5557bb.txt	F	5906.lswap-52f45c5e8e22.txt	R	924	462	462	0	0	0
5906.up-3ba99c5557bb.txt	F	5906.lswap-6d0ad177e5ee.txt	F	924	462	462	0	0	0
5906.up-3ba99c5557bb.txt	F	5906.lswap-6d0ad177e5ee.txt	R	924	462	462	0	0	0
5906.up-3ba99c5557bb.txt	F	5906.lswap-8ed814577309.txt	F	924	462	462	0	0	0
5906.up-3ba99c5557bb.txt	F	5906.lswap-8ed814577309.txt	R	924	462	462	0	0	0
5906.up-3ba99c5557bb.txt	F	5906.lswap-df71274e07be.txt	F	924	462	462	0	0	0
5906.up-3ba99c5557bb.txt	F	5906.lswap-df71274e07be.txt	R	924	462	462	0	0	0
5906.up-3ba99c5557bb.txt	F	5906.lswap-e73e096376f0.txt	F	924	462	462	0	0	0
5906.up-3ba99c5557bb.txt	F	5906.lswap-e73e096376f0.txt	R	924	462	462	0	0	0
5906.up-3ba99c5557bb.txt	R	5906.lswap-031568aa1b5c.txt	F	924	462	462	0	0	0
5906.up-3ba99c5557bb.txt	R	5906.lswap-031568aa1b5c.txt	R	924	462	462	0	0	0
5906.up-3ba99c5557bb.txt	R	5906.lswap-52f45c5e8e22.txt	F	924	462	462	0	0	0
5906.up-3ba99c5557bb.txt	R	5906.lswap-52f45c5e8e22.txt	R	924	462	462	0	0	0
5906.up-3ba99c5557bb.txt	R	5906.lswap-6d0ad177e5ee.txt	F	924	462	462	0	0	0
5906.up-3ba99c5557bb.txt	R	5906.lswap-6d0ad177e5ee.txt	R	924	462	462	0	0	0
5906.up-3ba99c5557bb.txt	R	5906.lswap-8ed814577309.txt	F	924	462	462	0	0	0
5906.up-3ba99c5557bb.txt	R	5906.lswap-8ed814577309.txt	R	924	462	462	0	0	0
5906.up-3ba99c5557bb.txt	R	5906.lswap-df71274e07be.txt	F	924	462	462	0	0	0
5906.up-3ba99c5557bb.txt	R	5906.lswap-df71274e07be.txt	R	924	462	462	0	0	0
5906.up-3ba99c5557bb.txt	R	5906.lswap-e73e096376f0.txt	F	924	462	462	0	0	0
5906.up-3ba99c5557bb.txt	R	5906.lswap-e73e096376f0.txt	R	924	462	462	0	0	0
5906.up-3ba99c5557bb.txt	F	5906.lswap-52e683fb05d3.txt	F	936	468	468	0	0	0
5906.up-3ba99c5557bb.txt	F	5906.lswap-52e683fb05d3.txt	R	936	468	468	0	0	0
5906.up-3ba99c5557bb.txt	F	5906.lswap-aea48ef05d9e.txt	F	936	468	468	0	0	0
5906.up-3ba99c5557bb.txt	F	5906.lswap-aea48ef05d9e.txt	R	936	468	468	0	0	0
5906.up-3ba99c5557bb.txt	F	5906.lswap-dcc866de4e11.txt	F	936	468	468	0	0	0
5906.up-3ba99c5557bb.txt	F	5906.lswap-dcc866de4e11.txt	R	936	468	468	0	0	0
5906.up-3ba99c5557bb.txt	F	5906.lswap-eeb9a73f4b33.txt	F	936	468	468	0	0	0
5906.up-3ba99c5557bb.txt	F	5906.lswap-eeb9a73f4b33.txt	R	936	468	468	0	0	0
5906.up-3ba99c5557bb.txt	F	5906.up-207dc5352d35.txt	F	936	468	468	0	0	0
5906.up-3ba99c5557bb.txt	F	5906.up-207dc5352d35.txt	R	936	468	468	0	0	0
5906.up-3ba99c5557bb.txt	F	5906.up-37ac2db82134.txt	F	936	468	468	0	0	0
5906.up-3ba99c5557bb.txt	F	5906.up-37ac2db82134.txt	R	936	468	468	0	0	0
5906.up-3ba99c5557bb.txt	F	5906.up-53b55626d912.txt	F	936	468	468	0	0	0
5906.up-3ba99c5557bb.txt	F	5906.up-53b55626d912.txt	R	936	468	468	0	0	0
5906.up-3ba99c5557bb.txt	F	5906.up-a235b0e09b6c.txt	F	936	468	468	0	0	0
5906.up-3ba99c5557bb.txt	F	5906.up-a235b0e09b6c.txt	R	936	468	468	0	0	0
5906.up-3ba99c5557bb.txt	F	5906.up-abe33e328763.txt	F	936	468	468	0	0	0
5906.up-3ba99c5557bb.txt	F	5906.up-abe33e328763.txt	R	936	468	468	0	0	0
5906.up-3ba99c5557bb.txt	F	5906.up-c2286e4674af.txt	F	936	468	468	0	0	0
5906.up-3ba99c5557bb.txt	F	5906.up-c2286e4674af.txt	R	936	468	468	0	0	0
5906.up-3ba99c5557bb.txt	R	5906.lswap-52e683fb05d3.txt	F	936	468	468	0	0	0
5906.up-3ba99c5557bb.txt	R	5906.lswap-52e683fb05d3.txt	R	936	468	468	0	0	0
5906.up-3ba99c5557bb.txt	R	5906.lswap-aea48ef05d9e.txt	F	936	468	468	0	0	0
5906.up-3ba99c5557bb.txt	R	5906.lswap-aea48ef05d9e.txt	R	936	468	468	0	0	0
5906.up-3ba99c5557bb.txt	R	5906.lswap-dcc866de4e11.txt	F	936	468	468	0	0	0
5906.up-3ba99c5557bb.txt	R	5906.lswap-dcc866de4e11.txt	R	936	468	468	0	0	0
5906.up-3ba99c5557bb.txt	R	5906.lswap-eeb9a73f4b33.txt	F	936	468	468	0	0	0
5906.up-3ba99c5557bb.txt	R	5906.lswap-eeb9a73f4b33.txt	R	936	468	468	0	0	0
5906.up-3ba99c5557bb.txt	R	5906.up-207dc5352d35.txt	F	936	468	468	0	0	0
5906.up-3ba99c5557bb.txt	R	5906.up-207dc5352d35.txt	R	936	468	468	0	0	0
5906.up-3ba99c5557bb.txt	R	5906.up-37ac2db82134.txt	F	936	468	468	0	0	0
5906.up-3ba99c5557bb.txt	R	5906.up-37ac2db82134.txt	R	936	468	468	0	0	0
5906.up-3ba99c5557bb.txt	R	5906.up-53b55626d912.txt	F	936	468	468	0	0	0
5906.up-3ba99c5557bb.txt	R	5906.up-53b55626d912.txt	R	936	468	468	0	0	0
5906.up-3ba99c5557bb.txt	R	5906.up-a235b0e09b6c.txt	F	936	468	468	0	0	0
5906.up-3ba99c5557bb.txt	R	5906.up-a235b0e09b6c.txt	R	936	468	468	0	0	0
5906.up-3ba99c5557bb.txt	R	5906.up-abe33e328763.txt	F	936	468	468	0	0	0
5906.up-3ba99c5557bb.txt	R	5906.up-abe33e328763.txt	R	936	468	468	0	0	0
5906.up-3ba99c5557bb.txt	R	5906.up-c2286e4674af.txt	F	936	468	468	0	0	0
5906.up-3ba99c5557bb.txt	R	5906.up-c2286e4674af.txt	R	936	468	468	0	0	0
5906.up-3ba99c5557bb.txt	F	5906.lswap-2ae54d2fd96c.txt	F	948	474	474	0	0	0
5906.up-3ba99c5557bb.txt	F	5906.lswap-2ae54d2fd96c.txt	R	948	474	474	0	0	0
5906.up-3ba99c5557bb.txt	F	5906.lswap-49fac07a5323.txt	F	948	474	474	0	0	0
5906.up-3ba99c5557bb.txt	F	5906.lswap-49fac07a5323.txt	R	948	474	474	0	0	0
5906.up-3ba99c5557bb.txt	F	5906.lswap-7f47c6e6eeda.txt	F	948	474	474	0	0	0
5906.up-3ba99c5557bb.txt	F	5906.lswap-7f47c6e6eeda.txt	R	948	474	474	0	0	0
5906.up-3ba99c5557bb.txt	F	5906.lswap-9edd04d13626.txt	F	948	474	474	0	0	0
5906.up-3ba99c5557bb.txt	F	5906.lswap-9edd04d13626.txt	R	948	474	474	0	0	0
5906.up-3ba99c5557bb.txt	F	5906.lswap-af54b6f406a6.txt	F	948	474	474	0	0	0
5906.up-3ba99c5557bb.txt	F	5906.lswap-af54b6f406a6.txt	R	948	474	474	0	0	0
5906.up-3ba99c5557bb.txt	R	5906.lswap-2ae54d2fd96c.txt	F	948	474	474	0	0	0
5906.up-3ba99c5557bb.txt	R	5906.lswap-2ae54d2fd96c.txt	R	948	474	474	0	0	0
5906.up-3ba99c5557bb.txt	R	5906.lswap-49fac07a5323.txt	F	948	474	474	0	0	0
5906.up-3ba99c5557bb.txt	R	5906.lswap-49fac07a5323.txt	R	948	474	474	0	0	0
5906.up-3ba99c5557bb.txt	R	5906.lswap-7f47c6e6eeda.txt	F	948	474	474	0	0	0
5906.up-3ba99c5557bb.txt	R	5906.lswap-7f47c6e6eeda.txt	R	948	474	474	0	0	0
5906.up-3ba99c5557bb.txt	R	5906.lswap-9edd04d13626.txt	F	948	474	474	0	0	0
5906.up-3ba99c5557bb.txt	R	5906.lswap-9edd04d13626.txt	R	948	474	474	0	0	0
5906.up-3ba99c5557bb.txt	R	5906.lswap-af54b6f406a6.txt	F	948	474	474	0	0	0
5906.up-3ba99c5557bb.txt	R	5906.lswap-af54b6f406a6.txt	R	948	474	474	0	0	0
5906.up-3ba99c5557bb.txt	F	5906.rbnd-e9623244f6b1.txt	R	959	480	479	0	1	0
5906.up-3ba99c5557bb.txt	R	5906.rbnd-e9623244f6b1.txt	R	959	480	479	0	1	0
5906.up-3ba99c5557bb.txt	F	5906.lswap-25cebe1ff658.txt	F	960	480	480	0	0	0
5906.up-3ba99c5557bb.txt	F	5906.lswap-25cebe1ff658.txt	R	960	480	480	0	0	0
5906.up-3ba99c5557bb.txt	F	5906.lswap-3d82ae1f2111.txt	F	960	480	480	0	0	0
5906.up-3ba99c5557bb.txt	F	5906.lswap-3d82ae1f2111.txt	R	960	480	480	0	0	0
5906.up-3ba99c5557bb.txt	F	5906.lswap-5dbb54e50268.txt	F	960	480	480	0	0	0
5906.up-3ba99c5557bb.txt	F	5906.lswap-5dbb54e50268.txt	R	960	480	480	0	0	0
5906.up-3ba99c5557bb.txt	F	5906.lswap-7217a0cd3774.txt	F	960	480	480	0	0	0
5906.up-3ba99c5557bb.txt	F	5906.lswap-7217a0cd3774.txt	R	960	480	480	0	0	0
5906.up-3ba99c5557bb.txt	F	5906.lswap-9f3672f6c430.txt	F	960	480	480	0	0	0
5906.up-3ba99c5557bb.txt	F	5906.lswap-9f3672f6c430.txt	R	960	480	480	0	0	0
5906.up-3ba99c5557bb.txt	F	5906.lswap-e21e24656b8e.txt	F	960	480	480	0	0	0
5906.up-3ba99c5557bb.txt	F	5906.lswap-e21e24656b8e.txt	R	960	480	480	0	0	0
5906.up-3ba99c5557bb.txt	F	5906.up-16ca46d2c5a9.txt	F	960	480	480	0	0	0
5906.up-3ba99c5557bb.txt	F	5906.up-16ca46d2c5a9.txt	R	960	480	480	0	0	0
5906.up-3ba99c5557bb.txt	F	5906.up-5ce87c54ecea.txt	F	960	480	480	0	0	0
5906.up-3ba99c5557bb.txt	F	5906.up-5ce87c54ecea.txt	R	960	480	480	0	0	0
5906.up-3ba99c5557bb.txt	F	5906.up-6a8f7756517b.txt	F	960	480	480	0	0	0
5906.up-3ba99c5557bb.txt	F	5906.up-6a8f7756517b.txt	R	960	480	480	0	0	0
5906.up-3ba99c5557bb.txt	F	5906.up-d2559533f431.txt	F	960	480	480	0	0	0
5906.up-3ba99c5557bb.txt	F	5906.up-d2559533f431.txt	R	960	480	480	0	0	0
5906.up-3ba99c5557bb.txt	F	5906.up-dab493384582.txt	F	960	480	480	0	0	0
5906.up-3ba99c5557bb.txt	F	5906.up-dab493384582.txt	R	960	480	480	0	0	0
5906.up-3ba99c5557bb.txt	R	5906.lswap-25cebe1ff658.txt	F	960	480	480	0	0	0
5906.up-3ba99c5557bb.txt	R	5906.lswap-25cebe1ff658.txt	R	960	480	480	0	0	0
5906.up-3ba99c5557bb.txt	R	5906.lswap-3d82ae1f2111.txt	F	960	480	480	0	0	0
5906.up-3ba99c5557bb.txt	R	5906.lswap-3d82ae1f2111.txt	R	960	480	480	0	0	0
5906.up-3ba99c5557bb.txt	R	5906.lswap-5dbb54e50268.txt	F	960	480	480	0	0	0
5906.up-3ba99c5557bb.txt	R	5906.lswap-5dbb54e50268.txt	R	960	480	480	0	0	0
5906.up-3ba99c5557bb.txt	R	5906.lswap-7217a0cd3774.txt	F	960	480	480	0	0	0
5906.up-3ba99c5557bb.txt	R	5906.lswap-7217a0cd3774.txt	R	960	480	480	0	0	0
5906.up-3ba99c5557bb.txt	R	5906.lswap-9f3672f6c430.txt	F	960	480	480	0	0	0
5906.up-3ba99c5557bb.txt	R	5906.lswap-9f3672f6c430.txt	R	960	480	480	0	0	0
5906.up-3ba99c5557bb.txt	R	5906.lswap-e21e24656b8e.txt	F	960	480	480	0	0	0
5906.up-3ba99c5557bb.txt	R	5906.lswap-e21e24656b8e.txt	R	960	480	480	0	0	0
5906.up-3ba99c5557bb.txt	R	5906.up-16ca46d2c5a9.txt	F	960	480	480	0	0	0
5906.up-3ba99c5557bb.txt	R	5906.up-16ca46d2c5a9.txt	R	960	480	480	0	0	0
5906.up-3ba99c5557bb.txt	R	5906.up-5ce87c54ecea.txt	F	960	480	480	0	0	0
5906.up-3ba99c5557bb.txt	R	5906.up-5ce87c54ecea.txt	R	960	480	480	0	0	0
5906.up-3ba99c5557bb.txt	R	5906.up-6a8f7756517b.txt	F	960	480	480	0	0	0
5906.up-3ba99c5557bb.txt	R	5906.up-6a8f7756517b.txt	R	960	480	480	0	0	0
5906.up-3ba99c5557bb.txt	R	5906.up-d2559533f431.txt	F	960	480	480	0	0	0
5906.up-3ba99c5557bb.txt	R	5906.up-d2559533f431.txt	R	960	480	480	0	0	0
5906.up-3ba99c5557bb.txt	R	5906.up-dab493384582.txt	F	960	480	480	0	0	0
5906.up-3ba99c5557bb.txt	R	5906.up-dab493384582.txt	R	960	480	480	0	0	0
5906.up-3ba99c5557bb.txt	F	5906.rbnd-0dad091b8ac4.txt	R	971	486	485	0	1	0
5906.up-3ba99c5557bb.txt	F	5906.rbnd-2641d60c9d5c.txt	F	971	486	485	0	1	0
5906.up-3ba99c5557bb.txt	R	5906.rbnd-0dad091b8ac4.txt	R	971	486	485	0	1	0
5906.up-3ba99c5557bb.txt	R	5906.rbnd-2641d60c9d5c.txt	F	971	486	485	0	1	0
5906.up-3ba99c5557bb.txt	F	5906.lswap-3b66fbdbdf53.txt	F	972	486	486	0	0	0
5906.up-3ba99c5557bb.txt	F	5906.lswap-3b66fbdbdf53.txt	R	972	486	486	0	0	0
5906.up-3ba99c5557bb.txt	F	5906.lswap-9bd2a50baa0e.txt	F	972	486	486	0	0	0
5906.up-3ba99c5557bb.txt	F	5906.lswap-9bd2a50baa0e.txt	R	972	486	486	0	0	0
5906.up-3ba99c5557bb.txt	F	5906.lswap-c55c2b0fbb0f.txt	F	972	486	486	0	0	0
5906.up-3ba99c5557bb.txt	F	5906.lswap-c55c2b0fbb0f.txt	R	972	486	486	0	0	0
5906.up-3ba99c5557bb.txt	R	5906.lswap-3b66fbdbdf53.txt	F	972	486	486	0	0	0
5906.up-3ba99c5557bb.txt	R	5906.lswap-3b66fbdbdf53.txt	R	972	486	486	0	0	0
5906.up-3ba99c5557bb.txt	R	5906.lswap-9bd2a50baa0e.txt	F	972	486	486	0	0	0
5906.up-3ba99c5557bb.txt	R	5906.lswap-9bd2a50baa0e.txt	R	972	486	486	0	0	0
5906.up-3ba99c5557bb.txt	R	5906.lswap-c55c2b0fbb0f.txt	F	972	486	486	0	0	0
5906.up-3ba99c5557bb.txt	R	5906.lswap-c55c2b0fbb0f.txt	R	972	486	486	0	0	0
5906.up-3ba99c5557bb.txt	F	5906.rbnd-c44d48fbd52c.txt	R	983	492	491	0	1	0
5906.up-3ba99c5557bb.txt	R	5906.rbnd-c44d48fbd52c.txt	R	983	492	491	0	1	0
5906.up-3ba99c5557bb.txt	F	5906.lswap-62d959eb4e73.txt	F	984	492	492	0	0	0
5906.up-3ba99c5557bb.txt	F	5906.lswap-62d959eb4e73.txt	R	984	492	492	0	0	0
5906.up-3ba99c5557bb.txt	F	5906.lswap-7bd46049981f.txt	F	984	492	492	0	0	0
5906.up-3ba99c5557bb.txt	F	5906.lswap-7bd46049981f.txt	R	984	492	492	0	0	0
5906.up-3ba99c5557bb.txt	F	5906.lswap-e2d18fca77cb.txt	F	984	492	492	0	0	0
5906.up-3ba99c5557bb.txt	F	5906.lswap-e2d18fca77cb.txt	R	984	492	492	0	0	0
5906.up-3ba99c5557bb.txt	F	5906.up-1bced7f87a93.txt	F	984	492	492	0	0	0
5906.up-3ba99c5557bb.txt	F	5906.up-1bced7f87a93.txt	R	984	492	492	0	0	0
5906.up-3ba99c5557bb.txt	F	5906.up-756ff2ed09bd.txt	F	984	492	492	0	0	0
5906.up-3ba99c5557bb.txt	F	5906.up-756ff2ed09bd.txt	R	984	492	492	0	0	0
5906.up-3ba99c5557bb.txt	F	5906.up-a001786e5861.txt	F	984	492	492	0	0	0
5906.up-3ba99c5557bb.txt	F	5906.up-a001786e5861.txt	R	984	492	492	0	0	0
5906.up-3ba99c5557bb.txt	F	5906.up-a00b3e52965d.txt	F	984	492	492	0	0	0
5906.up-3ba99c5557bb.txt	F	5906.up-a00b3e52965d.txt	R	984	492	492	0	0	0
5906.up-3ba99c5557bb.txt	F	5906.up-e1680a9d0e30.txt	F	984	492	492	0	0	0
5906.up-3ba99c5557bb.txt	F	5906.up-e1680a9d0e30.txt	R	984	492	492	0	0	0
5906.up-3ba99c5557bb.txt	R	5906.lswap-62d959eb4e73.txt	F	984	492	492	0	0	0
5906.up-3ba99c5557bb.txt	R	5906.lswap-62d959eb4e73.txt	R	984	492	492	0	0	0
5906.up-3ba99c5557bb.txt	R	5906.lswap-7bd46049981f.txt	F	984	492	492	0	0	0
5906.up-3ba99c5557bb.txt	R	5906.lswap-7bd46049981f.txt	R	984	492	492	0	0	0
5906.up-3ba99c5557bb.txt	R	5906.lswap-e2d18fca77cb.txt	F	984	492	492	0	0	0
5906.up-3ba99c5557bb.txt	R	5906.lswap-e2d18fca77cb.txt	R	984	492	492	0	0	0
5906.up-3ba99c5557bb.txt	R	5906.up-1bced7f87a93.txt	F	984	492	492	0	0	0
5906.up-3ba99c5557bb.txt	R	5906.up-1bced7f87a93.txt	R	984	492	492	0	0	0
5906.up-3ba99c5557bb.txt	R	5906.up-756ff2ed09bd.txt	F	984	492	492	0	0	0
5906.up-3ba99c5557bb.txt	R	5906.up-756ff2ed09bd.txt	R	984	492	492	0	0	0
5906.up-3ba99c5557bb.txt	R	5906.up-a001786e5861.txt	F	984	492	492	0	0	0
5906.up-3ba99c5557bb.txt	R	5906.up-a001786e5861.txt	R	984	492	492	0	0	0
5906.up-3ba99c5557bb.txt	R	5906.up-a00b3e52965d.txt	F	984	492	492	0	0	0
5906.up-3ba99c5557bb.txt	R	5906.up-a00b3e52965d.txt	R	984	492	492	0	0	0
5906.up-3ba99c5557bb.txt	R	5906.up-e1680a9d0e30.txt	F	984	492	492	0	0	0
5906.up-3ba99c5557bb.txt	R	5906.up-e1680a9d0e30.txt	R	984	492	492	0	0	0
5906.up-3ba99c5557bb.txt	F	5906.up-331e3f0f91ee.txt	F	1008	504	504	0	0	0
5906.up-3ba99c5557bb.txt	F	5906.up-331e3f0f91ee.txt	R	1008	504	504	0	0	0
5906.up-3ba99c5557bb.txt	R	5906.up-331e3f0f91ee.txt	F	1008	504	504	0	0	0
5906.up-3ba99c5557bb.txt	R	5906.up-331e3f0f91ee.txt	R	1008	504	504	0	0	0
5906.up-3ba99c5557bb.txt	F	5906.up-dcd1e20d40f8.txt	F	1080	540	540	0	0	0
5906.up-3ba99c5557bb.txt	F	5906.up-dcd1e20d40f8.txt	R	1080	540	540	0	0	0
5906.up-3ba99c5557bb.txt	R	5906.up-dcd1e20d40f8.txt	F	1080	540	540	0	0	0
5906.up-3ba99c5557bb.txt	R	5906.up-dcd1e20d40f8.txt	R	1080	540	540	0	0	0
5906.up-3ba99c5557bb.txt	F	5906.up-4c3eef44600b.txt	F	1152	576	576	0	0	0
5906.up-3ba99c5557bb.txt	F	5906.up-4c3eef44600b.txt	R	1152	576	576	0	0	0
5906.up-3ba99c5557bb.txt	R	5906.up-4c3eef44600b.txt	F	1152	576	576	0	0	0
5906.up-3ba99c5557bb.txt	R	5906.up-4c3eef44600b.txt	R	1152	576	576	0	0	0
5906.up-3ba99c5557bb.txt	F	5906.up-1e6ba5f50479.txt	F	1176	588	588	0	0	0
5906.up-3ba99c5557bb.txt	F	5906.up-1e6ba5f50479.txt	R	1176	588	588	0	0	0
5906.up-3ba99c5557bb.txt	R	5906.up-1e6ba5f50479.txt	F	1176	588	588	0	0	0
5906.up-3ba99c5557bb.txt	R	5906.up-1e6ba5f50479.txt	R	1176	588	588	0	0	0
5906.up-3ba99c5557bb.txt	F	5906.i4a-50d865ca7907.txt	F	1215	612	603	15	24	0
5906.up-3ba99c5557bb.txt	F	5906.i4a-50d865ca7907.txt	R	1215	612	603	15	24	0
5906.up-3ba99c5557bb.txt	R	5906.i4a-50d865ca7907.txt	F	1215	612	603	15	24	0
5906.up-3ba99c5557bb.txt	R	5906.i4a-50d865ca7907.txt	R	1215	612	603	15	24	0
5906.up-3ba99c5557bb.txt	F	5906.up-890b6674bd25.txt	F	1216	612	604	15	23	0
5906.up-3ba99c5557bb.txt	F	5906.up-890b6674bd25.txt	R	1216	612	604	15	23	0
5906.up-3ba99c5557bb.txt	R	5906.up-890b6674bd25.txt	F	1216	612	604	15	23	0
5906.up-3ba99c5557bb.txt	R	5906.up-890b6674bd25.txt	R	1216	612	604	15	23	0
5906.up-3ba99c5557bb.txt	F	5906.up-6572648567f1.txt	F	1224	612	612	14	14	0
5906.up-3ba99c5557bb.txt	F	5906.up-6572648567f1.txt	R	1224	612	612	14	14	0
5906.up-3ba99c5557bb.txt	R	5906.up-6572648567f1.txt	F	1224	612	612	14	14	0
5906.up-3ba99c5557bb.txt	R	5906.up-6572648567f1.txt	R	1224	612	612	14	14	0
5906.up-3ba99c5557bb.txt	F	5906.i4a-b99b1d60f13e.txt	F	1227	618	609	15	24	0
5906.up-3ba99c5557bb.txt	F	5906.i4a-b99b1d60f13e.txt	R	1227	618	609	15	24	0
5906.up-3ba99c5557bb.txt	R	5906.i4a-b99b1d60f13e.txt	F	1227	618	609	15	24	0
5906.up-3ba99c5557bb.txt	R	5906.i4a-b99b1d60f13e.txt	R	1227	618	609	15	24	0
5906.up-3ba99c5557bb.txt	F	5906.up-d0b9281ca469.txt	F	1228	618	610	15	23	0
5906.up-3ba99c5557bb.txt	F	5906.up-d0b9281ca469.txt	R	1228	618	610	15	23	0
5906.up-3ba99c5557bb.txt	R	5906.up-d0b9281ca469.txt	F	1228	618	610	15	23	0
5906.up-3ba99c5557bb.txt	R	5906.up-d0b9281ca469.txt	R	1228	618	610	15	23	0
5906.up-3ba99c5557bb.txt	F	5906.up-3ffb4355518f.txt	F	1236	618	618	14	14	0
5906.up-3ba99c5557bb.txt	F	5906.up-3ffb4355518f.txt	R	1236	618	618	14	14	0
5906.up-3ba99c5557bb.txt	R	5906.up-3ffb4355518f.txt	F	1236	618	618	14	14	0
5906.up-3ba99c5557bb.txt	R	5906.up-3ffb4355518f.txt	R	1236	618	618	14	14	0
5906.up-3ba99c5557bb.txt	F	5906.lswap-2c94cb485ad7.txt	F	1248	624	624	14	14	0
5906.up-3ba99c5557bb.txt	R	5906.lswap-2c94cb485ad7.txt	F	1248	624	624	14	14	0
5906.up-3ba99c5557bb.txt	F	5906.lswap-6dc582bac458.txt	R	1251	628	623	11	16	0
5906.up-3ba99c5557bb.txt	R	5906.lswap-6dc582bac458.txt	R	1251	628	623	11	16	0
5906.up-3ba99c5557bb.txt	F	5906.lswap-cf8339eb5ca7.txt	F	1252	628	624	11	15	0
5906.up-3ba99c5557bb.txt	R	5906.lswap-cf8339eb5ca7.txt	F	1252	628	624	11	15	0
5906.up-3ba99c5557bb.txt	F	5906.lswap-ebd38bf2c1cd.txt	F	1253	629	624	11	16	0
5906.up-3ba99c5557bb.txt	R	5906.lswap-ebd38bf2c1cd.txt	F	1253	629	624	11	16	0
5906.up-3ba99c5557bb.txt	F	5906.lswap-9f885c2a5e20.txt	F	1266	636	630	14	20	0
5906.up-3ba99c5557bb.txt	F	5906.up-0a065898a821.txt	F	1266	636	630	14	20	0
5906.up-3ba99c5557bb.txt	F	5906.up-0a065898a821.txt	R	1266	636	630	14	20	0
5906.up-3ba99c5557bb.txt	R	5906.lswap-9f885c2a5e20.txt	F	1266	636	630	14	20	0
5906.up-3ba99c5557bb.txt	R	5906.up-0a065898a821.txt	F	1266	636	630	14	20	0
5906.up-3ba99c5557bb.txt	R	5906.up-0a065898a821.txt	R	1266	636	630	14	20	0
5906.up-3ba99c5557bb.txt	F	5906.lswap-2c94cb485ad7.txt	R	1272	636	636	14	14	0
5906.up-3ba99c5557bb.txt	R	5906.lswap-2c94cb485ad7.txt	R	1272	636	636	14	14	0
5906.up-3ba99c5557bb.txt	F	5906.i4a-c1080e26f60c.txt	F	1275	640	635	11	16	0
5906.up-3ba99c5557bb.txt	R	5906.i4a-c1080e26f60c.txt	F	1275	640	635	11	16	0
5906.up-3ba99c5557bb.txt	F	5906.up-56126e7237c3.txt	F	1276	640	636	11	15	0
5906.up-3ba99c5557bb.txt	F	5906.up-56126e7237c3.txt	R	1276	640	636	11	15	0
5906.up-3ba99c5557bb.txt	R	5906.up-56126e7237c3.txt	F	1276	640	636	11	15	0
5906.up-3ba99c5557bb.txt	R	5906.up-56126e7237c3.txt	R	1276	640	636	11	15	0
5906.up-3ba99c5557bb.txt	F	5906.i4a-c1080e26f60c.txt	R	1277	641	636	11	16	0
5906.up-3ba99c5557bb.txt	R	5906.i4a-c1080e26f60c.txt	R	1277	641	636	11	16	0
5906.up-3ba99c5557bb.txt	F	5906.lswap-3a55a72f70d6.txt	F	1278	642	636	14	20	0
5906.up-3ba99c5557bb.txt	F	5906.lswap-9f885c2a5e20.txt	R	1278	642	636	14	20	0
5906.up-3ba99c5557bb.txt	F	5906.up-6597315411ea.txt	F	1278	642	636	14	20	0
5906.up-3ba99c5557bb.txt	F	5906.up-6597315411ea.txt	R	1278	642	636	14	20	0
5906.up-3ba99c5557bb.txt	F	5906.up-72482a71c81e.txt	F	1278	642	636	14	20	0
5906.up-3ba99c5557bb.txt	F	5906.up-72482a71c81e.txt	R	1278	642	636	14	20	0
5906.up-3ba99c5557bb.txt	R	5906.lswap-3a55a72f70d6.txt	F	1278	642	636	14	20	0
5906.up-3ba99c5557bb.txt	R	5906.lswap-9f885c2a5e20.txt	R	1278	642	636	14	20	0
5906.up-3ba99c5557bb.txt	R	5906.up-6597315411ea.txt	F	1278	642	636	14	20	0
5906.up-3ba99c5557bb.txt	R	5906.up-6597315411ea.txt	R	1278	642	636	14	20	0
5906.up-3ba99c5557bb.txt	R	5906.up-72482a71c81e.txt	F	1278	642	636	14	20	0
5906.up-3ba99c5557bb.txt	R	5906.up-72482a71c81e.txt	R	1278	642	636	14	20	0
5906.up-3ba99c5557bb.txt	F	5906.up-956f3f1864b5.txt	F	1284	642	642	14	14	0
5906.up-3ba99c5557bb.txt	F	5906.up-956f3f1864b5.txt	R	1284	642	642	14	14	0
5906.up-3ba99c5557bb.txt	R	5906.up-956f3f1864b5.txt	F	1284	642	642	14	14	0
5906.up-3ba99c5557bb.txt	R	5906.up-956f3f1864b5.txt	R	1284	642	642	14	14	0
5906.up-3ba99c5557bb.txt	F	5906.i4a-29c55ed5fbf6.txt	F	1287	646	641	11	16	0
5906.up-3ba99c5557bb.txt	R	5906.i4a-29c55ed5fbf6.txt	F	1287	646	641	11	16	0
5906.up-3ba99c5557bb.txt	F	5906.up-bd458e7fc19e.txt	F	1288	646	642	11	15	0
5906.up-3ba99c5557bb.txt	F	5906.up-bd458e7fc19e.txt	R	1288	646	642	11	15	0
5906.up-3ba99c5557bb.txt	R	5906.up-bd458e7fc19e.txt	F	1288	646	642	11	15	0
5906.up-3ba99c5557bb.txt	R	5906.up-bd458e7fc19e.txt	R	1288	646	642	11	15	0
5906.up-3ba99c5557bb.txt	F	5906.i4a-29c55ed5fbf6.txt	R	1289	647	642	11	16	0
5906.up-3ba99c5557bb.txt	R	5906.i4a-29c55ed5fbf6.txt	R	1289	647	642	11	16	0
5906.up-3ba99c5557bb.txt	F	5906.lswap-06f4ba2c8122.txt	F	1290	648	642	14	20	0
5906.up-3ba99c5557bb.txt	F	5906.lswap-3a55a72f70d6.txt	R	1290	648	642	14	20	0
5906.up-3ba99c5557bb.txt	F	5906.lswap-8f58c699a11d.txt	R	1290	648	642	14	20	0
5906.up-3ba99c5557bb.txt	F	5906.up-d1489855deef.txt	F	1290	648	642	14	20	0
5906.up-3ba99c5557bb.txt	F	5906.up-d1489855deef.txt	R	1290	648	642	14	20	0
5906.up-3ba99c5557bb.txt	R	5906.lswap-06f4ba2c8122.txt	F	1290	648	642	14	20	0
5906.up-3ba99c5557bb.txt	R	5906.lswap-3a55a72f70d6.txt	R	1290	648	642	14	20	0
5906.up-3ba99c5557bb.txt	R	5906.lswap-8f58c699a11d.txt	R	1290	648	642	14	20	0
5906.up-3ba99c5557bb.txt	R	5906.up-d1489855deef.txt	F	1290	648	642	14	20	0
5906.up-3ba99c5557bb.txt	R	5906.up-d1489855deef.txt	R	1290	648	642	14	20	0
5906.up-3ba99c5557bb.txt	F	5906.up-1b8244ba04bb.txt	F	1292	649	643	14	20	0
5906.up-3ba99c5557bb.txt	F	5906.up-1b8244ba04bb.txt	R	1292	649	643	14	20	0
5906.up-3ba99c5557bb.txt	R	5906.up-1b8244ba04bb.txt	F	1292	649	643	14	20	0
5906.up-3ba99c5557bb.txt	R	5906.up-1b8244ba04bb.txt	R	1292	649	643	14	20	0
5906.up-3ba99c5557bb.txt	F	5906.i4a-7f46c8149026.txt	F	1299	652	647	11	16	0
5906.up-3ba99c5557bb.txt	F	5906.lswap-760f8ed53670.txt	R	1299	652	647	11	16	0
5906.up-3ba99c5557bb.txt	R	5906.i4a-7f46c8149026.txt	F	1299	652	647	11	16	0
5906.up-3ba99c5557bb.txt	R	5906.lswap-760f8ed53670.txt	R	1299	652	647	11	16	0
5906.up-3ba99c5557bb.txt	F	5906.lswap-0d13fc4a8a4a.txt	F	1300	652	648	11	15	0
5906.up-3ba99c5557bb.txt	F	5906.up-6a142cb8e27d.txt	F	1300	652	648	11	15	0
5906.up-3ba99c5557bb.txt	F	5906.up-6a142cb8e27d.txt	R	1300	652	648	11	15	0
5906.up-3ba99c5557bb.txt	R	5906.lswap-0d13fc4a8a4a.txt	F	1300	652	648	11	15	0
5906.up-3ba99c5557bb.txt	R	5906.up-6a142cb8e27d.txt	F	1300	652	648	11	15	0
5906.up-3ba99c5557bb.txt	R	5906.up-6a142cb8e27d.txt	R	1300	652	648	11	15	0
5906.up-3ba99c5557bb.txt	F	5906.i4a-7f46c8149026.txt	R	1301	653	648	11	16	0
5906.up-3ba99c5557bb.txt	F	5906.lswap-1f8e06e3e616.txt	F	1301	653	648	11	16	0
5906.up-3ba99c5557bb.txt	R	5906.i4a-7f46c8149026.txt	R	1301	653	648	11	16	0
5906.up-3ba99c5557bb.txt	R	5906.lswap-1f8e06e3e616.txt	F	1301	653	648	11	16	0
5906.up-3ba99c5557bb.txt	F	5906.lswap-10f62906b166.txt	R	1302	654	648	14	20	0
5906.up-3ba99c5557bb.txt	F	5906.lswap-23548cda0ace.txt	R	1302	654	648	14	20	0
5906.up-3ba99c5557bb.txt	F	5906.lswap-67fc5c2184ab.txt	F	1302	654	648	14	20	0
5906.up-3ba99c5557bb.txt	F	5906.lswap-9bf7e32c6472.txt	F	1302	654	648	14	20	0
5906.up-3ba99c5557bb.txt	R	5906.lswap-10f62906b166.txt	R	1302	654	648	14	20	0
5906.up-3ba99c5557bb.txt	R	5906.lswap-23548cda0ace.txt	R	1302	654	648	14	20	0
5906.up-3ba99c5557bb.txt	R	5906.lswap-67fc5c2184ab.txt	F	1302	654	648	14	20	0
5906.up-3ba99c5557bb.txt	R	5906.lswap-9bf7e32c6472.txt	F	1302	654	648	14	20	0
5906.up-3ba99c5557bb.txt	F	5906.lswap-ebd38bf2c1cd.txt	R	1311	658	653	11	16	0
5906.up-3ba99c5557bb.txt	R	5906.lswap-ebd38bf2c1cd.txt	R	1311	658	653	11	16	0
5906.up-3ba99c5557bb.txt	F	5906.lswap-cf8339eb5ca7.txt	R	1312	658	654	11	15	0
5906.up-3ba99c5557bb.txt	R	5906.lswap-cf8339eb5ca7.txt	R	1312	658	654	11	15	0
5906.up-3ba99c5557bb.txt	F	5906.lswap-6dc582bac458.txt	F	1313	659	654	11	16	0
5906.up-3ba99c5557bb.txt	R	5906.lswap-6dc582bac458.txt	F	1313	659	654	11	16	0
5906.up-3ba99c5557bb.txt	F	5906.lswap-06f4ba2c8122.txt	R	1314	660	654	14	20	0
5906.up-3ba99c5557bb.txt	F	5906.lswap-09c105553d61.txt	F	1314	660	654	14	20	0
5906.up-3ba99c5557bb.txt	F	5906.lswap-23548cda0ace.txt	F	1314	660	654	14	20	0
5906.up-3ba99c5557bb.txt	F	5906.lswap-db110b7302cf.txt	R	1314	660	654	14	20	0
5906.up-3ba99c5557bb.txt	R	5906.lswap-06f4ba2c8122.txt	R	1314	660	654	14	20	0
5906.up-3ba99c5557bb.txt	R	5906.lswap-09c105553d61.txt	F	1314	660	654	14	20	0
5906.up-3ba99c5557bb.txt	R	5906.lswap-23548cda0ace.txt	F	1314	660	654	14	20	0
5906.up-3ba99c5557bb.txt	R	5906.lswap-db110b7302cf.txt	R	1314	660	654	14	20	0
5906.up-3ba99c5557bb.txt	F	5906.i4a-e0f3de4ca026.txt	F	1319	662	657	11	16	0
5906.up-3ba99c5557bb.txt	R	5906.i4a-e0f3de4ca026.txt	F	1319	662	657	11	16	0
5906.up-3ba99c5557bb.txt	F	5906.up-df8c9033249e.txt	F	1320	662	658	11	15	0
5906.up-3ba99c5557bb.txt	F	5906.up-df8c9033249e.txt	R	1320	662	658	11	15	0
5906.up-3ba99c5557bb.txt	F	5906.up-f0a3bb335ed9.txt	F	1320	660	660	14	14	0
5906.up-3ba99c5557bb.txt	F	5906.up-f0a3bb335ed9.txt	R	1320	660	660	14	14	0
5906.up-3ba99c5557bb.txt	R	5906.up-df8c9033249e.txt	F	1320	662	658	11	15	0
5906.up-3ba99c5557bb.txt	R	5906.up-df8c9033249e.txt	R	1320	662	658	11	15	0
5906.up-3ba99c5557bb.txt	R	5906.up-f0a3bb335ed9.txt	F	1320	660	660	14	14	0
5906.up-3ba99c5557bb.txt	R	5906.up-f0a3bb335ed9.txt	R	1320	660	660	14	14	0
5906.up-3ba99c5557bb.txt	F	5906.i4a-e0f3de4ca026.txt	R	1321	663	658	11	16	0
5906.up-3ba99c5557bb.txt	R	5906.i4a-e0f3de4ca026.txt	R	1321	663	658	11	16	0
5906.up-3ba99c5557bb.txt	F	5906.i4a-66637a3b8941.txt	F	1323	664	659	11	16	0
5906.up-3ba99c5557bb.txt	F	5906.lswap-1f8e06e3e616.txt	R	1323	664	659	11	16	0
5906.up-3ba99c5557bb.txt	R	5906.i4a-66637a3b8941.txt	F	1323	664	659	11	16	0
5906.up-3ba99c5557bb.txt	R	5906.lswap-1f8e06e3e616.txt	R	1323	664	659	11	16	0
5906.up-3ba99c5557bb.txt	F	5906.lswap-0d13fc4a8a4a.txt	R	1324	664	660	11	15	0
5906.up-3ba99c5557bb.txt	F	5906.up-1206598d1ff0.txt	F	1324	664	660	11	15	0
5906.up-3ba99c5557bb.txt	F	5906.up-1206598d1ff0.txt	R	1324	664	660	11	15	0
5906.up-3ba99c5557bb.txt	R	5906.lswap-0d13fc4a8a4a.txt	R	1324	664	660	11	15	0
5906.up-3ba99c5557bb.txt	R	5906.up-1206598d1ff0.txt	F	1324	664	660	11	15	0
5906.up-3ba99c5557bb.txt	R	5906.up-1206598d1ff0.txt	R	1324	664	660	11	15	0
5906.up-3ba99c5557bb.txt	F	5906.i4a-66637a3b8941.txt	R	1325	665	660	11	16	0
5906.up-3ba99c5557bb.txt	F	5906.lswap-760f8ed53670.txt	F	1325	665	660	11	16	0
5906.up-3ba99c5557bb.txt	R	5906.i4a-66637a3b8941.txt	R	1325	665	660	11	16	0
5906.up-3ba99c5557bb.txt	R	5906.lswap-760f8ed53670.txt	F	1325	665	660	11	16	0
5906.up-3ba99c5557bb.txt	F	5906.lswap-67fc5c2184ab.txt	R	1326	666	660	14	20	0
5906.up-3ba99c5557bb.txt	F	5906.lswap-8f58c699a11d.txt	F	1326	666	660	14	20	0
5906.up-3ba99c5557bb.txt	F	5906.lswap-9bf7e32c6472.txt	R	1326	666	660	14	20	0
5906.up-3ba99c5557bb.txt	F	5906.lswap-db110b7302cf.txt	F	1326	666	660	14	20	0
5906.up-3ba99c5557bb.txt	R	5906.lswap-67fc5c2184ab.txt	R	1326	666	660	14	20	0
5906.up-3ba99c5557bb.txt	R	5906.lswap-8f58c699a11d.txt	F	1326	666	660	14	20	0
5906.up-3ba99c5557bb.txt	R	5906.lswap-9bf7e32c6472.txt	R	1326	666	660	14	20	0
5906.up-3ba99c5557bb.txt	R	5906.lswap-db110b7302cf.txt	F	1326	666	660	14	20	0
5906.up-3ba99c5557bb.txt	F	5906.lswap-fde8e0f0f322.txt	F	1332	666	666	14	14	0
5906.up-3ba99c5557bb.txt	R	5906.lswap-fde8e0f0f322.txt	F	1332	666	666	14	14	0
5906.up-3ba99c5557bb.txt	F	5906.up-6f42b3603dac.txt	F	1336	670	666	11	15	0
5906.up-3ba99c5557bb.txt	F	5906.up-6f42b3603dac.txt	R	1336	670	666	11	15	0
5906.up-3ba99c5557bb.txt	R	5906.up-6f42b3603dac.txt	F	1336	670	666	11	15	0
5906.up-3ba99c5557bb.txt	R	5906.up-6f42b3603dac.txt	R	1336	670	666	11	15	0
5906.up-3ba99c5557bb.txt	F	5906.lswap-09c105553d61.txt	R	1338	672	666	14	20	0
5906.up-3ba99c5557bb.txt	F	5906.lswap-10f62906b166.txt	F	1338	672	666	14	20	0
5906.up-3ba99c5557bb.txt	F	5906.lswap-945cf8ae5bef.txt	F	1338	672	666	14	20	0
5906.up-3ba99c5557bb.txt	F	5906.up-377da0a3c300.txt	F	1338	672	666	14	20	0
5906.up-3ba99c5557bb.txt	F	5906.up-377da0a3c300.txt	R	1338	672	666	14	20	0
5906.up-3ba99c5557bb.txt	R	5906.lswap-09c105553d61.txt	R	1338	672	666	14	20	0
5906.up-3ba99c5557bb.txt	R	5906.lswap-10f62906b166.txt	F	1338	672	666	14	20	0
5906.up-3ba99c5557bb.txt	R	5906.lswap-945cf8ae5bef.txt	F	1338	672	666	14	20	0
5906.up-3ba99c5557bb.txt	R	5906.up-377da0a3c300.txt	F	1338	672	666	14	20	0
5906.up-3ba99c5557bb.txt	R	5906.up-377da0a3c300.txt	R	1338	672	666	14	20	0
5906.up-3ba99c5557bb.txt	F	5906.lswap-c394b34cb7cc.txt	F	1344	672	672	14	14	0
5906.up-3ba99c5557bb.txt	F	5906.lswap-c394b34cb7cc.txt	R	1344	672	672	14	14	0
5906.up-3ba99c5557bb.txt	F	5906.lswap-fde8e0f0f322.txt	R	1344	672	672	14	14	0
5906.up-3ba99c5557bb.txt	F	5906.up-63a938be8d73.txt	F	1344	672	672	14	14	0
5906.up-3ba99c5557bb.txt	F	5906.up-63a938be8d73.txt	R	1344	672	672	14	14	0
5906.up-3ba99c5557bb.txt	F	5906.up-d8c6ba46400e.txt	F	1344	672	672	14	14	0
5906.up-3ba99c5557bb.txt	F	5906.up-d8c6ba46400e.txt	R	1344	672	672	14	14	0
5906.up-3ba99c5557bb.txt	R	5906.lswap-c394b34cb7cc.txt	F	1344	672	672	14	14	0
5906.up-3ba99c5557bb.txt	R	5906.lswap-c394b34cb7cc.txt	R	1344	672	672	14	14	0
5906.up-3ba99c5557bb.txt	R	5906.lswap-fde8e0f0f322.txt	R	1344	672	672	14	14	0
5906.up-3ba99c5557bb.txt	R	5906.up-63a938be8d73.txt	F	1344	672	672	14	14	0
5906.up-3ba99c5557bb.txt	R	5906.up-63a938be8d73.txt	R	1344	672	672	14	14	0
5906.up-3ba99c5557bb.txt	R	5906.up-d8c6ba46400e.txt	F	1344	672	672	14	14	0
5906.up-3ba99c5557bb.txt	R	5906.up-d8c6ba46400e.txt	R	1344	672	672	14	14	0
5906.up-3ba99c5557bb.txt	F	5906.i4a-6a77e138ea8e.txt	F	1347	676	671	11	16	0
5906.up-3ba99c5557bb.txt	R	5906.i4a-6a77e138ea8e.txt	F	1347	676	671	11	16	0
5906.up-3ba99c5557bb.txt	F	5906.lswap-637b5054102a.txt	F	1348	676	672	11	15	0
5906.up-3ba99c5557bb.txt	F	5906.lswap-637b5054102a.txt	R	1348	676	672	11	15	0
5906.up-3ba99c5557bb.txt	F	5906.up-590fe2cb2c21.txt	F	1348	676	672	11	15	0
5906.up-3ba99c5557bb.txt	F	5906.up-590fe2cb2c21.txt	R	1348	676	672	11	15	0
5906.up-3ba99c5557bb.txt	R	5906.lswap-637b5054102a.txt	F	1348	676	672	11	15	0
5906.up-3ba99c5557bb.txt	R	5906.lswap-637b5054102a.txt	R	1348	676	672	11	15	0
5906.up-3ba99c5557bb.txt	R	5906.up-590fe2cb2c21.txt	F	1348	676	672	11	15	0
5906.up-3ba99c5557bb.txt	R	5906.up-590fe2cb2c21.txt	R	1348	676	672	11	15	0
5906.up-3ba99c5557bb.txt	F	5906.i4a-6a77e138ea8e.txt	R	1349	677	672	11	16	0
5906.up-3ba99c5557bb.txt	R	5906.i4a-6a77e138ea8e.txt	R	1349	677	672	11	16	0
5906.up-3ba99c5557bb.txt	F	5906.lswap-28b97fbb68d1.txt	F	1350	678	672	14	20	0
5906.up-3ba99c5557bb.txt	F	5906.lswap-945cf8ae5bef.txt	R	1350	678	672	14	20	0
5906.up-3ba99c5557bb.txt	F	5906.up-c3afee7ed153.txt	F	1350	678	672	14	20	0
5906.up-3ba99c5557bb.txt	F	5906.up-c3afee7ed153.txt	R	1350	678	672	14	20	0
5906.up-3ba99c5557bb.txt	F	5906.up-f2c7804be474.txt	F	1350	678	672	14	20	0
5906.up-3ba99c5557bb.txt	F	5906.up-f2c7804be474.txt	R	1350	678	672	14	20	0
5906.up-3ba99c5557bb.txt	R	5906.lswap-28b97fbb68d1.txt	F	1350	678	672	14	20	0
5906.up-3ba99c5557bb.txt	R	5906.lswap-945cf8ae5bef.txt	R	1350	678	672	14	20	0
5906.up-3ba99c5557bb.txt	R	5906.up-c3afee7ed153.txt	F	1350	678	672	14	20	0
5906.up-3ba99c5557bb.txt	R	5906.up-c3afee7ed153.txt	R	1350	678	672	14	20	0
5906.up-3ba99c5557bb.txt	R	5906.up-f2c7804be474.txt	F	1350	678	672	14	20	0
5906.up-3ba99c5557bb.txt	R	5906.up-f2c7804be474.txt	R	1350	678	672	14	20	0
5906.up-3ba99c5557bb.txt	F	5906.up-55058cab6cba.txt	F	1356	678	678	14	14	0
5906.up-3ba99c5557bb.txt	F	5906.up-55058cab6cba.txt	R	1356	678	678	14	14	0
5906.up-3ba99c5557bb.txt	R	5906.up-55058cab6cba.txt	F	1356	678	678	14	14	0
5906.up-3ba99c5557bb.txt	R	5906.up-55058cab6cba.txt	R	1356	678	678	14	14	0
5906.up-3ba99c5557bb.txt	F	5906.up-7f9a93193f10.txt	F	1360	682	678	11	15	0
5906.up-3ba99c5557bb.txt	F	5906.up-7f9a93193f10.txt	R	1360	682	678	11	15	0
5906.up-3ba99c5557bb.txt	R	5906.up-7f9a93193f10.txt	F	1360	682	678	11	15	0
5906.up-3ba99c5557bb.txt	R	5906.up-7f9a93193f10.txt	R	1360	682	678	11	15	0
5906.up-3ba99c5557bb.txt	F	5906.lswap-28b97fbb68d1.txt	R	1362	684	678	14	20	0
5906.up-3ba99c5557bb.txt	F	5906.up-c63a66adbc60.txt	F	1362	684	678	14	20	0
5906.up-3ba99c5557bb.txt	F	5906.up-c63a66adbc60.txt	R	1362	684	678	14	20	0
5906.up-3ba99c5557bb.txt	R	5906.lswap-28b97fbb68d1.txt	R	1362	684	678	14	20	0
5906.up-3ba99c5557bb.txt	R	5906.up-c63a66adbc60.txt	F	1362	684	678	14	20	0
5906.up-3ba99c5557bb.txt	R	5906.up-c63a66adbc60.txt	R	1362	684	678	14	20	0
5906.up-3ba99c5557bb.txt	F	5906.up-d9a28c2d8195.txt	F	1379	690	689	14	15	0
5906.up-3ba99c5557bb.txt	F	5906.up-d9a28c2d8195.txt	R	1379	690	689	14	15	0
5906.up-3ba99c5557bb.txt	R	5906.up-d9a28c2d8195.txt	F	1379	690	689	14	15	0
5906.up-3ba99c5557bb.txt	R	5906.up-d9a28c2d8195.txt	R	1379	690	689	14	15	0
5906.up-3ba99c5557bb.txt	F	5906.up-a30c7c517d7b.txt	F	1380	690	690	14	14	0
5906.up-3ba99c5557bb.txt	F	5906.up-a30c7c517d7b.txt	R	1380	690	690	14	14	0
5906.up-3ba99c5557bb.txt	R	5906.up-a30c7c517d7b.txt	F	1380	690	690	14	14	0
5906.up-3ba99c5557bb.txt	R	5906.up-a30c7c517d7b.txt	R	1380	690	690	14	14	0
5906.up-3ba99c5557bb.txt	F	5906.up-f8d1e70c6a52.txt	F	1396	700	696	11	15	0
5906.up-3ba99c5557bb.txt	F	5906.up-f8d1e70c6a52.txt	R	1396	700	696	11	15	0
5906.up-3ba99c5557bb.txt	R	5906.up-f8d1e70c6a52.txt	F	1396	700	696	11	15	0
5906.up-3ba99c5557bb.txt	R	5906.up-f8d1e70c6a52.txt	R	1396	700	696	11	15	0
5906.up-3ba99c5557bb.txt	F	5906.lswap-f4c2deec7c96.txt	F	1404	703	701	17	19	0
5906.up-3ba99c5557bb.txt	R	5906.lswap-f4c2deec7c96.txt	F	1404	703	701	17	19	0
5906.up-3ba99c5557bb.txt	F	5906.rbnd-0dad091b8ac4.txt	F	1405	703	702	17	18	0
5906.up-3ba99c5557bb.txt	R	5906.rbnd-0dad091b8ac4.txt	F	1405	703	702	17	18	0
5906.up-3ba99c5557bb.txt	F	5906.lswap-f4c2deec7c96.txt	R	1416	709	707	17	19	0
5906.up-3ba99c5557bb.txt	R	5906.lswap-f4c2deec7c96.txt	R	1416	709	707	17	19	0
5906.up-3ba99c5557bb.txt	F	5906.rbnd-2641d60c9d5c.txt	R	1417	709	708	17	18	0
5906.up-3ba99c5557bb.txt	R	5906.rbnd-2641d60c9d5c.txt	R	1417	709	708	17	18	0
5906.up-3ba99c5557bb.txt	F	5906.up-1b0920685429.txt	F	1428	714	714	14	14	0
5906.up-3ba99c5557bb.txt	F	5906.up-1b0920685429.txt	R	1428	714	714	14	14	0
5906.up-3ba99c5557bb.txt	F	5906.up-331228e22360.txt	F	1428	715	713	17	19	0
5906.up-3ba99c5557bb.txt	F	5906.up-331228e22360.txt	R	1428	715	713	17	19	0
5906.up-3ba99c5557bb.txt	F	5906.up-8b8c8916a24a.txt	F	1428	715	713	17	19	0
5906.up-3ba99c5557bb.txt	F	5906.up-8b8c8916a24a.txt	R	1428	715	713	17	19	0
5906.up-3ba99c5557bb.txt	R	5906.up-1b0920685429.txt	F	1428	714	714	14	14	0
5906.up-3ba99c5557bb.txt	R	5906.up-1b0920685429.txt	R	1428	714	714	14	14	0
5906.up-3ba99c5557bb.txt	R	5906.up-331228e22360.txt	F	1428	715	713	17	19	0
5906.up-3ba99c5557bb.txt	R	5906.up-331228e22360.txt	R	1428	715	713	17	19	0
5906.up-3ba99c5557bb.txt	R	5906.up-8b8c8916a24a.txt	F	1428	715	713	17	19	0
5906.up-3ba99c5557bb.txt	R	5906.up-8b8c8916a24a.txt	R	1428	715	713	17	19	0
5906.up-3ba99c5557bb.txt	F	5906.rbnd-c44d48fbd52c.txt	F	1429	715	714	17	18	0
5906.up-3ba99c5557bb.txt	F	5906.rbnd-e9623244f6b1.txt	F	1429	715	714	17	18	0
5906.up-3ba99c5557bb.txt	R	5906.rbnd-c44d48fbd52c.txt	F	1429	715	714	17	18	0
5906.up-3ba99c5557bb.txt	R	5906.rbnd-e9623244f6b1.txt	F	1429	715	714	17	18	0
5906.up-4c3eef44600b.txt	F	5906.up-1bced7f87a93.txt	F	960	480	480	0	0	0
5906.up-4c3eef44600b.txt	F	5906.up-1bced7f87a93.txt	R	960	480	480	0	0	0
5906.up-4c3eef44600b.txt	F	5906.up-c2286e4674af.txt	F	960	480	480	0	0	0
5906.up-4c3eef44600b.txt	F	5906.up-c2286e4674af.txt	R	960	480	480	0	0	0
5906.up-4c3eef44600b.txt	R	5906.up-1bced7f87a93.txt	F	960	480	480	0	0	0
5906.up-4c3eef44600b.txt	R	5906.up-1bced7f87a93.txt	R	960	480	480	0	0	0
5906.up-4c3eef44600b.txt	R	5906.up-c2286e4674af.txt	F	960	480	480	0	0	0
5906.up-4c3eef44600b.txt	R	5906.up-c2286e4674af.txt	R	960	480	480	0	0	0
5906.up-4c3eef44600b.txt	F	5906.lswap-9edd04d13626.txt	F	984	492	492	0	0	0
5906.up-4c3eef44600b.txt	F	5906.lswap-9edd04d13626.txt	R	984	492	492	0	0	0
5906.up-4c3eef44600b.txt	F	5906.up-9a915a83c416.txt	F	984	492	492	0	0	0
5906.up-4c3eef44600b.txt	F	5906.up-9a915a83c416.txt	R	984	492	492	0	0	0
5906.up-4c3eef44600b.txt	R	5906.lswap-9edd04d13626.txt	F	984	492	492	0	0	0
5906.up-4c3eef44600b.txt	R	5906.lswap-9edd04d13626.txt	R	984	492	492	0	0	0
5906.up-4c3eef44600b.txt	R	5906.up-9a915a83c416.txt	F	984	492	492	0	0	0
5906.up-4c3eef44600b.txt	R	5906.up-9a915a83c416.txt	R	984	492	492	0	0	0
5906.up-4c3eef44600b.txt	F	5906.lswap-4a581202d46c.txt	F	996	498	498	0	0	0
5906.up-4c3eef44600b.txt	F	5906.lswap-4a581202d46c.txt	R	996	498	498	0	0	0
5906.up-4c3eef44600b.txt	F	5906.lswap-68a263f18066.txt	F	996	498	498	0	0	0
5906.up-4c3eef44600b.txt	F	5906.lswap-68a263f18066.txt	R	996	498	498	0	0	0
5906.up-4c3eef44600b.txt	R	5906.lswap-4a581202d46c.txt	F	996	498	498	0	0	0
5906.up-4c3eef44600b.txt	R	5906.lswap-4a581202d46c.txt	R	996	498	498	0	0	0
5906.up-4c3eef44600b.txt	R	5906.lswap-68a263f18066.txt	F	996	498	498	0	0	0
5906.up-4c3eef44600b.txt	R	5906.lswap-68a263f18066.txt	R	996	498	498	0	0	0
5906.up-4c3eef44600b.txt	F	5906.lswap-17946ea8ba63.txt	F	1008	504	504	0	0	0
5906.up-4c3eef44600b.txt	F	5906.lswap-17946ea8ba63.txt	R	1008	504	504	0	0	0
5906.up-4c3eef44600b.txt	F	5906.lswap-6008b60b1c2c.txt	F	1008	504	504	0	0	0
5906.up-4c3eef44600b.txt	F	5906.lswap-6008b60b1c2c.txt	R	1008	504	504	0	0	0
5906.up-4c3eef44600b.txt	F	5906.up-02d771908307.txt	F	1008	504	504	0	0	0
5906.up-4c3eef44600b.txt	F	5906.up-02d771908307.txt	R	1008	504	504	0	0	0
5906.up-4c3eef44600b.txt	F	5906.up-454308027985.txt	F	1008	504	504	0	0	0
5906.up-4c3eef44600b.txt	F	5906.up-454308027985.txt	R	1008	504	504	0	0	0
5906.up-4c3eef44600b.txt	F	5906.up-a233fdf94b8d.txt	F	1008	504	504	0	0	0
5906.up-4c3eef44600b.txt	F	5906.up-a233fdf94b8d.txt	R	1008	504	504	0	0	0
5906.up-4c3eef44600b.txt	R	5906.lswap-17946ea8ba63.txt	F	1008	504	504	0	0	0
5906.up-4c3eef44600b.txt	R	5906.lswap-17946ea8ba63.txt	R	1008	504	504	0	0	0
5906.up-4c3eef44600b.txt	R	5906.lswap-6008b60b1c2c.txt	F	1008	504	504	0	0	0
5906.up-4c3eef44600b.txt	R	5906.lswap-6008b60b1c2c.txt	R	1008	504	504	0	0	0
5906.up-4c3eef44600b.txt	R	5906.up-02d771908307.txt	F	1008	504	504	0	0	0
5906.up-4c3eef44600b.txt	R	5906.up-02d771908307.txt	R	1008	504	504	0	0	0
5906.up-4c3eef44600b.txt	R	5906.up-454308027985.txt	F	1008	504	504	0	0	0
5906.up-4c3eef44600b.txt	R	5906.up-454308027985.txt	R	1008	504	504	0	0	0
5906.up-4c3eef44600b.txt	R	5906.up-a233fdf94b8d.txt	F	1008	504	504	0	0	0
5906.up-4c3eef44600b.txt	R	5906.up-a233fdf94b8d.txt	R	1008	504	504	0	0	0
5906.up-4c3eef44600b.txt	F	5906.lswap-d515e64b87be.txt	F	1020	510	510	0	0	0
5906.up-4c3eef44600b.txt	F	5906.lswap-d515e64b87be.txt	R	1020	510	510	0	0	0
5906.up-4c3eef44600b.txt	F	5906.lswap-f8f86258580e.txt	F	1020	510	510	0	0	0
5906.up-4c3eef44600b.txt	F	5906.lswap-f8f86258580e.txt	R	1020	510	510	0	0	0
5906.up-4c3eef44600b.txt	R	5906.lswap-d515e64b87be.txt	F	1020	510	510	0	0	0
5906.up-4c3eef44600b.txt	R	5906.lswap-d515e64b87be.txt	R	1020	510	510	0	0	0
5906.up-4c3eef44600b.txt	R	5906.lswap-f8f86258580e.txt	F	1020	510	510	0	0	0
5906.up-4c3eef44600b.txt	R	5906.lswap-f8f86258580e.txt	R	1020	510	510	0	0	0
5906.up-4c3eef44600b.txt	F	5906.up-1e6ba5f50479.txt	F	1032	516	516	0	0	0
5906.up-4c3eef44600b.txt	F	5906.up-1e6ba5f50479.txt	R	1032	516	516	0	0	0
5906.up-4c3eef44600b.txt	F	5906.up-dcd1e20d40f8.txt	F	1032	516	516	0	0	0
5906.up-4c3eef44600b.txt	F	5906.up-dcd1e20d40f8.txt	R	1032	516	516	0	0	0
5906.up-4c3eef44600b.txt	F	5906.up-e132c7a7c340.txt	F	1032	516	516	0	0	0
5906.up-4c3eef44600b.txt	F	5906.up-e132c7a7c340.txt	R	1032	516	516	0	0	0
5906.up-4c3eef44600b.txt	R	5906.up-1e6ba5f50479.txt	F	1032	516	516	0	0	0
5906.up-4c3eef44600b.txt	R	5906.up-1e6ba5f50479.txt	R	1032	516	516	0	0	0
5906.up-4c3eef44600b.txt	R	5906.up-dcd1e20d40f8.txt	F	1032	516	516	0	0	0
5906.up-4c3eef44600b.txt	R	5906.up-dcd1e20d40f8.txt	R	1032	516	516	0	0	0
5906.up-4c3eef44600b.txt	R	5906.up-e132c7a7c340.txt	F	1032	516	516	0	0	0
5906.up-4c3eef44600b.txt	R	5906.up-e132c7a7c340.txt	R	1032	516	516	0	0	0
5906.up-4c3eef44600b.txt	F	5906.i4a-c1080e26f60c.txt	F	1063	534	529	11	16	0
5906.up-4c3eef44600b.txt	F	5906.i4a-c1080e26f60c.txt	R	1063	534	529	11	16	0
5906.up-4c3eef44600b.txt	R	5906.i4a-c1080e26f60c.txt	F	1063	534	529	11	16	0
5906.up-4c3eef44600b.txt	R	5906.i4a-c1080e26f60c.txt	R	1063	534	529	11	16	0
5906.up-4c3eef44600b.txt	F	5906.up-56126e7237c3.txt	F	1064	534	530	11	15	0
5906.up-4c3eef44600b.txt	F	5906.up-56126e7237c3.txt	R	1064	534	530	11	15	0
5906.up-4c3eef44600b.txt	R	5906.up-56126e7237c3.txt	F	1064	534	530	11	15	0
5906.up-4c3eef44600b.txt	R	5906.up-56126e7237c3.txt	R	1064	534	530	11	15	0
5906.up-4c3eef44600b.txt	F	5906.lswap-6dc582bac458.txt	F	1087	546	541	11	16	0
5906.up-4c3eef44600b.txt	F	5906.lswap-ebd38bf2c1cd.txt	R	1087	546	541	11	16	0
5906.up-4c3eef44600b.txt	R	5906.lswap-6dc582bac458.txt	F	1087	546	541	11	16	0
5906.up-4c3eef44600b.txt	R	5906.lswap-ebd38bf2c1cd.txt	R	1087	546	541	11	16	0
5906.up-4c3eef44600b.txt	F	5906.lswap-cf8339eb5ca7.txt	R	1088	546	542	11	15	0
5906.up-4c3eef44600b.txt	R	5906.lswap-cf8339eb5ca7.txt	R	1088	546	542	11	15	0
5906.up-4c3eef44600b.txt	F	5906.lswap-6dc582bac458.txt	R	1111	558	553	11	16	0
5906.up-4c3eef44600b.txt	F	5906.lswap-ebd38bf2c1cd.txt	F	1111	558	553	11	16	0
5906.up-4c3eef44600b.txt	R	5906.lswap-6dc582bac458.txt	R	1111	558	553	11	16	0
5906.up-4c3eef44600b.txt	R	5906.lswap-ebd38bf2c1cd.txt	F	1111	558	553	11	16	0
5906.up-4c3eef44600b.txt	F	5906.lswap-cf8339eb5ca7.txt	F	1112	558	554	11	15	0
5906.up-4c3eef44600b.txt	R	5906.lswap-cf8339eb5ca7.txt	F	1112	558	554	11	15	0
5906.up-4c3eef44600b.txt	F	5906.lswap-9bd2a50baa0e.txt	F	1128	564	564	0	0	0
5906.up-4c3eef44600b.txt	F	5906.lswap-9bd2a50baa0e.txt	R	1128	564	564	0	0	0
5906.up-4c3eef44600b.txt	F	5906.up-5ce87c54ecea.txt	F	1128	564	564	0	0	0
5906.up-4c3eef44600b.txt	F	5906.up-5ce87c54ecea.txt	R	1128	564	564	0	0	0
5906.up-4c3eef44600b.txt	F	5906.up-756ff2ed09bd.txt	F	1128	564	564	0	0	0
5906.up-4c3eef44600b.txt	F	5906.up-756ff2ed09bd.txt	R	1128	564	564	0	0	0
5906.up-4c3eef44600b.txt	R	5906.lswap-9bd2a50baa0e.txt	F	1128	564	564	0	0	0
5906.up-4c3eef44600b.txt	R	5906.lswap-9bd2a50baa0e.txt	R	1128	564	564	0	0	0
5906.up-4c3eef44600b.txt	R	5906.up-5ce87c54ecea.txt	F	1128	564	564	0	0	0
5906.up-4c3eef44600b.txt	R	5906.up-5ce87c54ecea.txt	R	1128	564	564	0	0	0
5906.up-4c3eef44600b.txt	R	5906.up-756ff2ed09bd.txt	F	1128	564	564	0	0	0
5906.up-4c3eef44600b.txt	R	5906.up-756ff2ed09bd.txt	R	1128	564	564	0	0	0
5906.up-4c3eef44600b.txt	F	5906.rbnd-0dad091b8ac4.txt	R	1129	565	564	0	1	0
5906.up-4c3eef44600b.txt	F	5906.rbnd-2641d60c9d5c.txt	F	1129	565	564	0	1	0
5906.up-4c3eef44600b.txt	F	5906.rbnd-c44d48fbd52c.txt	R	1129	565	564	0	1	0
5906.up-4c3eef44600b.txt	R	5906.rbnd-0dad091b8ac4.txt	R	1129	565	564	0	1	0
5906.up-4c3eef44600b.txt	R	5906.rbnd-2641d60c9d5c.txt	F	1129	565	564	0	1	0
5906.up-4c3eef44600b.txt	R	5906.rbnd-c44d48fbd52c.txt	R	1129	565	564	0	1	0
5906.up-4c3eef44600b.txt	F	5906.i4a-29c55ed5fbf6.txt	F	1135	570	565	11	16	0
5906.up-4c3eef44600b.txt	F	5906.i4a-29c55ed5fbf6.txt	R	1135	570	565	11	16	0
5906.up-4c3eef44600b.txt	R	5906.i4a-29c55ed5fbf6.txt	F	1135	570	565	11	16	0
5906.up-4c3eef44600b.txt	R	5906.i4a-29c55ed5fbf6.txt	R	1135	570	565	11	16	0
5906.up-4c3eef44600b.txt	F	5906.up-bd458e7fc19e.txt	F	1136	570	566	11	15	0
5906.up-4c3eef44600b.txt	F	5906.up-bd458e7fc19e.txt	R	1136	570	566	11	15	0
5906.up-4c3eef44600b.txt	R	5906.up-bd458e7fc19e.txt	F	1136	570	566	11	15	0
5906.up-4c3eef44600b.txt	R	5906.up-bd458e7fc19e.txt	R	1136	570	566	11	15	0
5906.up-4c3eef44600b.txt	F	5906.lswap-c55c2b0fbb0f.txt	F	1140	570	570	0	0	0
5906.up-4c3eef44600b.txt	F	5906.lswap-c55c2b0fbb0f.txt	R	1140	570	570	0	0	0
5906.up-4c3eef44600b.txt	R	5906.lswap-c55c2b0fbb0f.txt	F	1140	570	570	0	0	0
5906.up-4c3eef44600b.txt	R	5906.lswap-c55c2b0fbb0f.txt	R	1140	570	570	0	0	0
5906.up-4c3eef44600b.txt	F	5906.lswap-0de54c0a7bb6.txt	F	1152	576	576	0	0	0
5906.up-4c3eef44600b.txt	F	5906.lswap-0de54c0a7bb6.txt	R	1152	576	576	0	0	0
5906.up-4c3eef44600b.txt	F	5906.lswap-1e70957354f1.txt	F	1152	576	576	0	0	0
5906.up-4c3eef44600b.txt	F	5906.lswap-1e70957354f1.txt	R	1152	576	576	0	0	0
5906.up-4c3eef44600b.txt	F	5906.lswap-e21e24656b8e.txt	F	1152	576	576	0	0	0
5906.up-4c3eef44600b.txt	F	5906.lswap-e21e24656b8e.txt	R	1152	576	576	0	0	0
5906.up-4c3eef44600b.txt	F	5906.up-207dc5352d35.txt	F	1152	576	576	0	0	0
5906.up-4c3eef44600b.txt	F	5906.up-207dc5352d35.txt	R	1152	576	576	0	0	0
5906.up-4c3eef44600b.txt	F	5906.up-23ca8a9bcc81.txt	F	1152	576	576	0	0	0
5906.up-4c3eef44600b.txt	F	5906.up-23ca8a9bcc81.txt	R	1152	576	576	0	0	0
5906.up-4c3eef44600b.txt	F	5906.up-2cb6c1139592.txt	F	1152	576	576	0	0	0
5906.up-4c3eef44600b.txt	F	5906.up-2cb6c1139592.txt	R	1152	576	576	0	0	0
5906.up-4c3eef44600b.txt	F	5906.up-3ba99c5557bb.txt	F	1152	576	576	0	0	0
5906.up-4c3eef44600b.txt	F	5906.up-3ba99c5557bb.txt	R	1152	576	576	0	0	0
5906.up-4c3eef44600b.txt	F	5906.up-6a8f7756517b.txt	F	1152	576	576	0	0	0
5906.up-4c3eef44600b.txt	F	5906.up-6a8f7756517b.txt	R	1152	576	576	0	0	0
5906.up-4c3eef44600b.txt	F	5906.up-a001786e5861.txt	F	1152	576	576	0	0	0
5906.up-4c3eef44600b.txt	F	5906.up-a001786e5861.txt	R	1152	576	576	0	0	0
5906.up-4c3eef44600b.txt	F	5906.up-a00b3e52965d.txt	F	1152	576	576	0	0	0
5906.up-4c3eef44600b.txt	F	5906.up-a00b3e52965d.txt	R	1152	576	576	0	0	0
5906.up-4c3eef44600b.txt	F	5906.up-b2d6bec1e3bd.txt	F	1152	576	576	0	0	0
5906.up-4c3eef44600b.txt	F	5906.up-b2d6bec1e3bd.txt	R	1152	576	576	0	0	0
5906.up-4c3eef44600b.txt	F	5906.up-eebb02e3baec.txt	F	1152	576	576	0	0	0
5906.up-4c3eef44600b.txt	F	5906.up-eebb02e3baec.txt	R	1152	576	576	0	0	0
5906.up-4c3eef44600b.txt	R	5906.lswap-0de54c0a7bb6.txt	F	1152	576	576	0	0	0
5906.up-4c3eef44600b.txt	R	5906.lswap-0de54c0a7bb6.txt	R	1152	576	576	0	0	0
5906.up-4c3eef44600b.txt	R	5906.lswap-1e70957354f1.txt	F	1152	576	576	0	0	0
5906.up-4c3eef44600b.txt	R	5906.lswap-1e70957354f1.txt	R	1152	576	576	0	0	0
5906.up-4c3eef44600b.txt	R	5906.lswap-e21e24656b8e.txt	F	1152	576	576	0	0	0
5906.up-4c3eef44600b.txt	R	5906.lswap-e21e24656b8e.txt	R	1152	576	576	0	0	0
5906.up-4c3eef44600b.txt	R	5906.up-207dc5352d35.txt	F	1152	576	576	0	0	0
5906.up-4c3eef44600b.txt	R	5906.up-207dc5352d35.txt	R	1152	576	576	0	0	0
5906.up-4c3eef44600b.txt	R	5906.up-23ca8a9bcc81.txt	F	1152	576	576	0	0	0
5906.up-4c3eef44600b.txt	R	5906.up-23ca8a9bcc81.txt	R	1152	576	576	0	0	0
5906.up-4c3eef44600b.txt	R	5906.up-2cb6c1139592.txt	F	1152	576	576	0	0	0
5906.up-4c3eef44600b.txt	R	5906.up-2cb6c1139592.txt	R	1152	576	576	0	0	0
5906.up-4c3eef44600b.txt	R	5906.up-3ba99c5557bb.txt	F	1152	576	576	0	0	0
5906.up-4c3eef44600b.txt	R	5906.up-3ba99c5557bb.txt	R	1152	576	576	0	0	0
5906.up-4c3eef44600b.txt	R	5906.up-6a8f7756517b.txt	F	1152	576	576	0	0	0
5906.up-4c3eef44600b.txt	R	5906.up-6a8f7756517b.txt	R	1152	576	576	0	0	0
5906.up-4c3eef44600b.txt	R	5906.up-a001786e5861.txt	F	1152	576	576	0	0	0
5906.up-4c3eef44600b.txt	R	5906.up-a001786e5861.txt	R	1152	576	576	0	0	0
5906.up-4c3eef44600b.txt	R	5906.up-a00b3e52965d.txt	F	1152	576	576	0	0	0
5906.up-4c3eef44600b.txt	R	5906.up-a00b3e52965d.txt	R	1152	576	576	0	0	0
5906.up-4c3eef44600b.txt	R	5906.up-b2d6bec1e3bd.txt	F	1152	576	576	0	0	0
5906.up-4c3eef44600b.txt	R	5906.up-b2d6bec1e3bd.txt	R	1152	576	576	0	0	0
5906.up-4c3eef44600b.txt	R	5906.up-eebb02e3baec.txt	F	1152	576	576	0	0	0
5906.up-4c3eef44600b.txt	R	5906.up-eebb02e3baec.txt	R	1152	576	576	0	0	0
5906.up-4c3eef44600b.txt	F	5906.up-6572648567f1.txt	F	1164	582	582	14	14	0
5906.up-4c3eef44600b.txt	F	5906.up-6572648567f1.txt	R	1164	582	582	14	14	0
5906.up-4c3eef44600b.txt	R	5906.up-6572648567f1.txt	F	1164	582	582	14	14	0
5906.up-4c3eef44600b.txt	R	5906.up-6572648567f1.txt	R	1164	582	582	14	14	0
5906.up-4c3eef44600b.txt	F	5906.lswap-3d82ae1f2111.txt	F	1176	588	588	0	0	0
5906.up-4c3eef44600b.txt	F	5906.lswap-3d82ae1f2111.txt	R	1176	588	588	0	0	0
5906.up-4c3eef44600b.txt	F	5906.lswap-7217a0cd3774.txt	F	1176	588	588	0	0	0
5906.up-4c3eef44600b.txt	F	5906.lswap-7217a0cd3774.txt	R	1176	588	588	0	0	0
5906.up-4c3eef44600b.txt	F	5906.lswap-7bd46049981f.txt	F	1176	588	588	0	0	0
5906.up-4c3eef44600b.txt	F	5906.lswap-7bd46049981f.txt	R	1176	588	588	0	0	0
5906.up-4c3eef44600b.txt	F	5906.lswap-dcc866de4e11.txt	F	1176	588	588	0	0	0
5906.up-4c3eef44600b.txt	F	5906.lswap-dcc866de4e11.txt	R	1176	588	588	0	0	0
5906.up-4c3eef44600b.txt	F	5906.up-dab493384582.txt	F	1176	588	588	0	0	0
5906.up-4c3eef44600b.txt	F	5906.up-dab493384582.txt	R	1176	588	588	0	0	0
5906.up-4c3eef44600b.txt	R	5906.lswap-3d82ae1f2111.txt	F	1176	588	588	0	0	0
5906.up-4c3eef44600b.txt	R	5906.lswap-3d82ae1f2111.txt	R	1176	588	588	0	0	0
5906.up-4c3eef44600b.txt	R	5906.lswap-7217a0cd3774.txt	F	1176	588	588	0	0	0
5906.up-4c3eef44600b.txt	R	5906.lswap-7217a0cd3774.txt	R	1176	588	588	0	0	0
5906.up-4c3eef44600b.txt	R	5906.lswap-7bd46049981f.txt	F	1176	588	588	0	0	0
5906.up-4c3eef44600b.txt	R	5906.lswap-7bd46049981f.txt	R	1176	588	588	0	0	0
5906.up-4c3eef44600b.txt	R	5906.lswap-dcc866de4e11.txt	F	1176	588	588	0	0	0
5906.up-4c3eef44600b.txt	R	5906.lswap-dcc866de4e11.txt	R	1176	588	588	0	0	0
5906.up-4c3eef44600b.txt	R	5906.up-dab493384582.txt	F	1176	588	588	0	0	0
5906.up-4c3eef44600b.txt	R	5906.up-dab493384582.txt	R	1176	588	588	0	0	0
5906.up-4c3eef44600b.txt	F	5906.rbnd-e9623244f6b1.txt	R	1177	589	588	0	1	0
5906.up-4c3eef44600b.txt	R	5906.rbnd-e9623244f6b1.txt	R	1177	589	588	0	1	0
5906.up-4c3eef44600b.txt	F	5906.lswap-3c791ffa671d.txt	F	1188	594	594	0	0	0
5906.up-4c3eef44600b.txt	F	5906.lswap-3c791ffa671d.txt	R	1188	594	594	0	0	0
5906.up-4c3eef44600b.txt	F	5906.lswap-41a210488ac9.txt	F	1188	594	594	0	0	0
5906.up-4c3eef44600b.txt	F	5906.lswap-41a210488ac9.txt	R	1188	594	594	0	0	0
5906.up-4c3eef44600b.txt	F	5906.lswap-423441640591.txt	F	1188	594	594	0	0	0
5906.up-4c3eef44600b.txt	F	5906.lswap-423441640591.txt	R	1188	594	594	0	0	0
5906.up-4c3eef44600b.txt	F	5906.lswap-469763027c57.txt	F	1188	594	594	0	0	0
5906.up-4c3eef44600b.txt	F	5906.lswap-469763027c57.txt	R	1188	594	594	0	0	0
5906.up-4c3eef44600b.txt	F	5906.lswap-6d7ea156bdcc.txt	F	1188	594	594	0	0	0
5906.up-4c3eef44600b.txt	F	5906.lswap-6d7ea156bdcc.txt	R	1188	594	594	0	0	0
5906.up-4c3eef44600b.txt	F	5906.lswap-73851215f718.txt	F	1188	594	594	0	0	0
5906.up-4c3eef44600b.txt	F	5906.lswap-73851215f718.txt	R	1188	594	594	0	0	0
5906.up-4c3eef44600b.txt	F	5906.lswap-7602ba885180.txt	F	1188	594	594	0	0	0
5906.up-4c3eef44600b.txt	F	5906.lswap-7602ba885180.txt	R	1188	594	594	0	0	0
5906.up-4c3eef44600b.txt	F	5906.lswap-821102adfff8.txt	F	1188	594	594	0	0	0
5906.up-4c3eef44600b.txt	F	5906.lswap-821102adfff8.txt	R	1188	594	594	0	0	0
5906.up-4c3eef44600b.txt	F	5906.lswap-b12d38608f09.txt	F	1188	594	594	0	0	0
5906.up-4c3eef44600b.txt	F	5906.lswap-b12d38608f09.txt	R	1188	594	594	0	0	0
5906.up-4c3eef44600b.txt	F	5906.lswap-cae9c3b46793.txt	F	1188	594	594	0	0	0
5906.up-4c3eef44600b.txt	F	5906.lswap-cae9c3b46793.txt	R	1188	594	594	0	0	0
5906.up-4c3eef44600b.txt	F	5906.lswap-e0920da719d9.txt	F	1188	594	594	0	0	0
5906.up-4c3eef44600b.txt	F	5906.lswap-e0920da719d9.txt	R	1188	594	594	0	0	0
5906.up-4c3eef44600b.txt	F	5906.lswap-f6dbf9989449.txt	F	1188	594	594	0	0	0
5906.up-4c3eef44600b.txt	F	5906.lswap-f6dbf9989449.txt	R	1188	594	594	0	0	0
5906.up-4c3eef44600b.txt	R	5906.lswap-3c791ffa671d.txt	F	1188	594	594	0	0	0
5906.up-4c3eef44600b.txt	R	5906.lswap-3c791ffa671d.txt	R	1188	594	594	0	0	0
5906.up-4c3eef44600b.txt	R	5906.lswap-41a210488ac9.txt	F	1188	594	594	0	0	0
5906.up-4c3eef44600b.txt	R	5906.lswap-41a210488ac9.txt	R	1188	594	594	0	0	0
5906.up-4c3eef44600b.txt	R	5906.lswap-423441640591.txt	F	1188	594	594	0	0	0
5906.up-4c3eef44600b.txt	R	5906.lswap-423441640591.txt	R	1188	594	594	0	0	0
5906.up-4c3eef44600b.txt	R	5906.lswap-469763027c57.txt	F	1188	594	594	0	0	0
5906.up-4c3eef44600b.txt	R	5906.lswap-469763027c57.txt	R	1188	594	594	0	0	0
5906.up-4c3eef44600b.txt	R	5906.lswap-6d7ea156bdcc.txt	F	1188	594	594	0	0	0
5906.up-4c3eef44600b.txt	R	5906.lswap-6d7ea156bdcc.txt	R	1188	594	594	0	0	0
5906.up-4c3eef44600b.txt	R	5906.lswap-73851215f718.txt	F	1188	594	594	0	0	0
5906.up-4c3eef44600b.txt	R	5906.lswap-73851215f718.txt	R	1188	594	594	0	0	0
5906.up-4c3eef44600b.txt	R	5906.lswap-7602ba885180.txt	F	1188	594	594	0	0	0
5906.up-4c3eef44600b.txt	R	5906.lswap-7602ba885180.txt	R	1188	594	594	0	0	0
5906.up-4c3eef44600b.txt	R	5906.lswap-821102adfff8.txt	F	1188	594	594	0	0	0
5906.up-4c3eef44600b.txt	R	5906.lswap-821102adfff8.txt	R	1188	594	594	0	0	0
5906.up-4c3eef44600b.txt	R	5906.lswap-b12d38608f09.txt	F	1188	594	594	0	0	0
5906.up-4c3eef44600b.txt	R	5906.lswap-b12d38608f09.txt	R	1188	594	594	0	0	0
5906.up-4c3eef44600b.txt	R	5906.lswap-cae9c3b46793.txt	F	1188	594	594	0	0	0
5906.up-4c3eef44600b.txt	R	5906.lswap-cae9c3b46793.txt	R	1188	594	594	0	0	0
5906.up-4c3eef44600b.txt	R	5906.lswap-e0920da719d9.txt	F	1188	594	594	0	0	0
5906.up-4c3eef44600b.txt	R	5906.lswap-e0920da719d9.txt	R	1188	594	594	0	0	0
5906.up-4c3eef44600b.txt	R	5906.lswap-f6dbf9989449.txt	F	1188	594	594	0	0	0
5906.up-4c3eef44600b.txt	R	5906.lswap-f6dbf9989449.txt	R	1188	594	594	0	0	0
5906.up-4c3eef44600b.txt	F	5906.i4a-6a77e138ea8e.txt	F	1195	600	595	11	16	0
5906.up-4c3eef44600b.txt	F	5906.i4a-6a77e138ea8e.txt	R	1195	600	595	11	16	0
5906.up-4c3eef44600b.txt	F	5906.i4a-7f46c8149026.txt	F	1195	600	595	11	16	0
5906.up-4c3eef44600b.txt	F	5906.i4a-7f46c8149026.txt	R	1195	600	595	11	16	0
5906.up-4c3eef44600b.txt	F	5906.lswap-1f8e06e3e616.txt	F	1195	600	595	11	16	0
5906.up-4c3eef44600b.txt	F	5906.lswap-760f8ed53670.txt	R	1195	600	595	11	16	0
5906.up-4c3eef44600b.txt	R	5906.i4a-6a77e138ea8e.txt	F	1195	600	595	11	16	0
5906.up-4c3eef44600b.txt	R	5906.i4a-6a77e138ea8e.txt	R	1195	600	595	11	16	0
5906.up-4c3eef44600b.txt	R	5906.i4a-7f46c8149026.txt	F	1195	600	595	11	16	0
5906.up-4c3eef44600b.txt	R	5906.i4a-7f46c8149026.txt	R	1195	600	595	11	16	0
5906.up-4c3eef44600b.txt	R	5906.lswap-1f8e06e3e616.txt	F	1195	600	595	11	16	0
5906.up-4c3eef44600b.txt	R	5906.lswap-760f8ed53670.txt	R	1195	600	595	11	16	0
5906.up-4c3eef44600b.txt	F	5906.lswap-0d13fc4a8a4a.txt	F	1196	600	596	11	15	0
5906.up-4c3eef44600b.txt	F	5906.up-590fe2cb2c21.txt	F	1196	600	596	11	15	0
5906.up-4c3eef44600b.txt	F	5906.up-590fe2cb2c21.txt	R	1196	600	596	11	15	0
5906.up-4c3eef44600b.txt	F	5906.up-6a142cb8e27d.txt	F	1196	600	596	11	15	0
5906.up-4c3eef44600b.txt	F	5906.up-6a142cb8e27d.txt	R	1196	600	596	11	15	0
5906.up-4c3eef44600b.txt	R	5906.lswap-0d13fc4a8a4a.txt	F	1196	600	596	11	15	0
5906.up-4c3eef44600b.txt	R	5906.up-590fe2cb2c21.txt	F	1196	600	596	11	15	0
5906.up-4c3eef44600b.txt	R	5906.up-590fe2cb2c21.txt	R	1196	600	596	11	15	0
5906.up-4c3eef44600b.txt	R	5906.up-6a142cb8e27d.txt	F	1196	600	596	11	15	0
5906.up-4c3eef44600b.txt	R	5906.up-6a142cb8e27d.txt	R	1196	600	596	11	15	0
5906.up-4c3eef44600b.txt	F	5906.lswap-25cebe1ff658.txt	F	1200	600	600	0	0	0
5906.up-4c3eef44600b.txt	F	5906.lswap-25cebe1ff658.txt	R	1200	600	600	0	0	0
5906.up-4c3eef44600b.txt	F	5906.up-37ac2db82134.txt	F	1200	600	600	0	0	0
5906.up-4c3eef44600b.txt	F	5906.up-37ac2db82134.txt	R	1200	600	600	0	0	0
5906.up-4c3eef44600b.txt	F	5906.up-7824c044436e.txt	F	1200	600	600	0	0	0
5906.up-4c3eef44600b.txt	F	5906.up-7824c044436e.txt	R	1200	600	600	0	0	0
5906.up-4c3eef44600b.txt	F	5906.up-da93a66cd37b.txt	F	1200	600	600	0	0	0
5906.up-4c3eef44600b.txt	F	5906.up-da93a66cd37b.txt	R	1200	600	600	0	0	0
5906.up-4c3eef44600b.txt	F	5906.up-e1680a9d0e30.txt	F	1200	600	600	0	0	0
5906.up-4c3eef44600b.txt	F	5906.up-e1680a9d0e30.txt	R	1200	600	600	0	0	0
5906.up-4c3eef44600b.txt	R	5906.lswap-25cebe1ff658.txt	F	1200	600	600	0	0	0
5906.up-4c3eef44600b.txt	R	5906.lswap-25cebe1ff658.txt	R	1200	600	600	0	0	0
5906.up-4c3eef44600b.txt	R	5906.up-37ac2db82134.txt	F	1200	600	600	0	0	0
5906.up-4c3eef44600b.txt	R	5906.up-37ac2db82134.txt	R	1200	600	600	0	0	0
5906.up-4c3eef44600b.txt	R	5906.up-7824c044436e.txt	F	1200	600	600	0	0	0
5906.up-4c3eef44600b.txt	R	5906.up-7824c044436e.txt	R	1200	600	600	0	0	0
5906.up-4c3eef44600b.txt	R	5906.up-da93a66cd37b.txt	F	1200	600	600	0	0	0
5906.up-4c3eef44600b.txt	R	5906.up-da93a66cd37b.txt	R	1200	600	600	0	0	0
5906.up-4c3eef44600b.txt	R	5906.up-e1680a9d0e30.txt	F	1200	600	600	0	0	0
5906.up-4c3eef44600b.txt	R	5906.up-e1680a9d0e30.txt	R	1200	600	600	0	0	0
5906.up-4c3eef44600b.txt	F	5906.i4a-66637a3b8941.txt	F	1207	606	601	11	16	0
5906.up-4c3eef44600b.txt	F	5906.i4a-66637a3b8941.txt	R	1207	606	601	11	16	0
5906.up-4c3eef44600b.txt	F	5906.lswap-1f8e06e3e616.txt	R	1207	606	601	11	16	0
5906.up-4c3eef44600b.txt	F	5906.lswap-760f8ed53670.txt	F	1207	606	601	11	16	0
5906.up-4c3eef44600b.txt	R	5906.i4a-66637a3b8941.txt	F	1207	606	601	11	16	0
5906.up-4c3eef44600b.txt	R	5906.i4a-66637a3b8941.txt	R	1207	606	601	11	16	0
5906.up-4c3eef44600b.txt	R	5906.lswap-1f8e06e3e616.txt	R	1207	606	601	11	16	0
5906.up-4c3eef44600b.txt	R	5906.lswap-760f8ed53670.txt	F	1207	606	601	11	16	0
5906.up-4c3eef44600b.txt	F	5906.lswap-0d13fc4a8a4a.txt	R	1208	606	602	11	15	0
5906.up-4c3eef44600b.txt	F	5906.up-1206598d1ff0.txt	F	1208	606	602	11	15	0
5906.up-4c3eef44600b.txt	F	5906.up-1206598d1ff0.txt	R	1208	606	602	11	15	0
5906.up-4c3eef44600b.txt	R	5906.lswap-0d13fc4a8a4a.txt	R	1208	606	602	11	15	0
5906.up-4c3eef44600b.txt	R	5906.up-1206598d1ff0.txt	F	1208	606	602	11	15	0
5906.up-4c3eef44600b.txt	R	5906.up-1206598d1ff0.txt	R	1208	606	602	11	15	0
5906.up-4c3eef44600b.txt	F	5906.lswap-06f4ba2c8122.txt	F	1220	613	607	14	20	0
5906.up-4c3eef44600b.txt	F	5906.lswap-67fc5c2184ab.txt	F	1220	613	607	14	20	0
5906.up-4c3eef44600b.txt	F	5906.up-0a065898a821.txt	F	1220	613	607	14	20	0
5906.up-4c3eef44600b.txt	F	5906.up-0a065898a821.txt	R	1220	613	607	14	20	0
5906.up-4c3eef44600b.txt	F	5906.up-6597315411ea.txt	F	1220	613	607	14	20	0
5906.up-4c3eef44600b.txt	F	5906.up-6597315411ea.txt	R	1220	613	607	14	20	0
5906.up-4c3eef44600b.txt	R	5906.lswap-06f4ba2c8122.txt	F	1220	613	607	14	20	0
5906.up-4c3eef44600b.txt	R	5906.lswap-67fc5c2184ab.txt	F	1220	613	607	14	20	0
5906.up-4c3eef44600b.txt	R	5906.up-0a065898a821.txt	F	1220	613	607	14	20	0
5906.up-4c3eef44600b.txt	R	5906.up-0a065898a821.txt	R	1220	613	607	14	20	0
5906.up-4c3eef44600b.txt	R	5906.up-6597315411ea.txt	F	1220	613	607	14	20	0
5906.up-4c3eef44600b.txt	R	5906.up-6597315411ea.txt	R	1220	613	607	14	20	0
5906.up-4c3eef44600b.txt	F	5906.lswap-17203113788c.txt	F	1224	612	612	0	0	0
5906.up-4c3eef44600b.txt	F	5906.lswap-17203113788c.txt	R	1224	612	612	0	0	0
5906.up-4c3eef44600b.txt	F	5906.lswap-2fb529601be6.txt	F	1224	612	612	0	0	0
5906.up-4c3eef44600b.txt	F	5906.lswap-2fb529601be6.txt	R	1224	612	612	0	0	0
5906.up-4c3eef44600b.txt	F	5906.lswap-3b4f2e286e0c.txt	F	1224	612	612	0	0	0
5906.up-4c3eef44600b.txt	F	5906.lswap-3b4f2e286e0c.txt	R	1224	612	612	0	0	0
5906.up-4c3eef44600b.txt	F	5906.lswap-3baeeea281f2.txt	F	1224	612	612	0	0	0
5906.up-4c3eef44600b.txt	F	5906.lswap-3baeeea281f2.txt	R	1224	612	612	0	0	0
5906.up-4c3eef44600b.txt	F	5906.lswap-49fc63d034f2.txt	F	1224	612	612	0	0	0
5906.up-4c3eef44600b.txt	F	5906.lswap-49fc63d034f2.txt	R	1224	612	612	0	0	0
5906.up-4c3eef44600b.txt	F	5906.lswap-5228890279ca.txt	F	1224	612	612	0	0	0
5906.up-4c3eef44600b.txt	F	5906.lswap-5228890279ca.txt	R	1224	612	612	0	0	0
5906.up-4c3eef44600b.txt	F	5906.lswap-5764c730eaee.txt	F	1224	612	612	0	0	0
5906.up-4c3eef44600b.txt	F	5906.lswap-5764c730eaee.txt	R	1224	612	612	0	0	0
5906.up-4c3eef44600b.txt	F	5906.lswap-5a55d1641a86.txt	F	1224	612	612	0	0	0
5906.up-4c3eef44600b.txt	F	5906.lswap-5a55d1641a86.txt	R	1224	612	612	0	0	0
5906.up-4c3eef44600b.txt	F	5906.lswap-6f6f375dca74.txt	F	1224	612	612	0	0	0
5906.up-4c3eef44600b.txt	F	5906.lswap-6f6f375dca74.txt	R	1224	612	612	0	0	0
5906.up-4c3eef44600b.txt	F	5906.lswap-964ebce5847f.txt	F	1224	612	612	0	0	0
5906.up-4c3eef44600b.txt	F	5906.lswap-964ebce5847f.txt	R	1224	612	612	0	0	0
5906.up-4c3eef44600b.txt	F	5906.lswap-a28e203d65dc.txt	F	1224	612	612	0	0	0
5906.up-4c3eef44600b.txt	F	5906.lswap-a28e203d65dc.txt	R	1224	612	612	0	0	0
5906.up-4c3eef44600b.txt	F	5906.up-168d62e1a9d1.txt	F	1224	612	612	0	0	0
5906.up-4c3eef44600b.txt	F	5906.up-168d62e1a9d1.txt	R	1224	612	612	0	0	0
5906.up-4c3eef44600b.txt	F	5906.up-7c111e182316.txt	F	1224	612	612	0	0	0
5906.up-4c3eef44600b.txt	F	5906.up-7c111e182316.txt	R	1224	612	612	0	0	0
5906.up-4c3eef44600b.txt	F	5906.up-91a0d3cd2c14.txt	F	1224	612	612	0	0	0
5906.up-4c3eef44600b.txt	F	5906.up-91a0d3cd2c14.txt	R	1224	612	612	0	0	0
5906.up-4c3eef44600b.txt	F	5906.up-a838f31a7b4f.txt	F	1224	612	612	0	0	0
5906.up-4c3eef44600b.txt	F	5906.up-a838f31a7b4f.txt	R	1224	612	612	0	0	0
5906.up-4c3eef44600b.txt	F	5906.up-aed220b1ebc4.txt	F	1224	612	612	0	0	0
5906.up-4c3eef44600b.txt	F	5906.up-aed220b1ebc4.txt	R	1224	612	612	0	0	0
5906.up-4c3eef44600b.txt	F	5906.up-e948752d6a32.txt	F	1224	612	612	0	0	0
5906.up-4c3eef44600b.txt	F	5906.up-e948752d6a32.txt	R	1224	612	612	0	0	0
5906.up-4c3eef44600b.txt	R	5906.lswap-17203113788c.txt	F	1224	612	612	0	0	0
5906.up-4c3eef44600b.txt	R	5906.lswap-17203113788c.txt	R	1224	612	612	0	0	0
5906.up-4c3eef44600b.txt	R	5906.lswap-2fb529601be6.txt	F	1224	612	612	0	0	0
5906.up-4c3eef44600b.txt	R	5906.lswap-2fb529601be6.txt	R	1224	612	612	0	0	0
5906.up-4c3eef44600b.txt	R	5906.lswap-3b4f2e286e0c.txt	F	1224	612	612	0	0	0
5906.up-4c3eef44600b.txt	R	5906.lswap-3b4f2e286e0c.txt	R	1224	612	612	0	0	0
5906.up-4c3eef44600b.txt	R	5906.lswap-3baeeea281f2.txt	F	1224	612	612	0	0	0
5906.up-4c3eef44600b.txt	R	5906.lswap-3baeeea281f2.txt	R	1224	612	612	0	0	0
5906.up-4c3eef44600b.txt	R	5906.lswap-49fc63d034f2.txt	F	1224	612	612	0	0	0
5906.up-4c3eef44600b.txt	R	5906.lswap-49fc63d034f2.txt	R	1224	612	612	0	0	0
5906.up-4c3eef44600b.txt	R	5906.lswap-5228890279ca.txt	F	1224	612	612	0	0	0
5906.up-4c3eef44600b.txt	R	5906.lswap-5228890279ca.txt	R	1224	612	612	0	0	0
5906.up-4c3eef44600b.txt	R	5906.lswap-5764c730eaee.txt	F	1224	612	612	0	0	0
5906.up-4c3eef44600b.txt	R	5906.lswap-5764c730eaee.txt	R	1224	612	612	0	0	0
5906.up-4c3eef44600b.txt	R	5906.lswap-5a55d1641a86.txt	F	1224	612	612	0	0	0
5906.up-4c3eef44600b.txt	R	5906.lswap-5a55d1641a86.txt	R	1224	612	612	0	0	0
5906.up-4c3eef44600b.txt	R	5906.lswap-6f6f375dca74.txt	F	1224	612	612	0	0	0
5906.up-4c3eef44600b.txt	R	5906.lswap-6f6f375dca74.txt	R	1224	612	612	0	0	0
5906.up-4c3eef44600b.txt	R	5906.lswap-964ebce5847f.txt	F	1224	612	612	0	0	0
5906.up-4c3eef44600b.txt	R	5906.lswap-964ebce5847f.txt	R	1224	612	612	0	0	0
5906.up-4c3eef44600b.txt	R	5906.lswap-a28e203d65dc.txt	F	1224	612	612	0	0	0
5906.up-4c3eef44600b.txt	R	5906.lswap-a28e203d65dc.txt	R	1224	612	612	0	0	0
5906.up-4c3eef44600b.txt	R	5906.up-168d62e1a9d1.txt	F	1224	612	612	0	0	0
5906.up-4c3eef44600b.txt	R	5906.up-168d62e1a9d1.txt	R	1224	612	612	0	0	0
5906.up-4c3eef44600b.txt	R	5906.up-7c111e182316.txt	F	1224	612	612	0	0	0
5906.up-4c3eef44600b.txt	R	5906.up-7c111e182316.txt	R	1224	612	612	0	0	0
5906.up-4c3eef44600b.txt	R	5906.up-91a0d3cd2c14.txt	F	1224	612	612	0	0	0
5906.up-4c3eef44600b.txt	R	5906.up-91a0d3cd2c14.txt	R	1224	612	612	0	0	0
5906.up-4c3eef44600b.txt	R	5906.up-a838f31a7b4f.txt	F	1224	612	612	0	0	0
5906.up-4c3eef44600b.txt	R	5906.up-a838f31a7b4f.txt	R	1224	612	612	0	0	0
5906.up-4c3eef44600b.txt	R	5906.up-aed220b1ebc4.txt	F	1224	612	612	0	0	0
5906.up-4c3eef44600b.txt	R	5906.up-aed220b1ebc4.txt	R	1224	612	612	0	0	0
5906.up-4c3eef44600b.txt	R	5906.up-e948752d6a32.txt	F	1224	612	612	0	0	0
5906.up-4c3eef44600b.txt	R	5906.up-e948752d6a32.txt	R	1224	612	612	0	0	0
5906.up-4c3eef44600b.txt	F	5906.lswap-10f62906b166.txt	R	1232	619	613	14	20	0
5906.up-4c3eef44600b.txt	F	5906.lswap-3a55a72f70d6.txt	F	1232	619	613	14	20	0
5906.up-4c3eef44600b.txt	F	5906.lswap-8f58c699a11d.txt	R	1232	619	613	14	20	0
5906.up-4c3eef44600b.txt	F	5906.lswap-9f885c2a5e20.txt	F	1232	619	613	14	20	0
5906.up-4c3eef44600b.txt	F	5906.up-6f42b3603dac.txt	F	1232	618	614	11	15	0
5906.up-4c3eef44600b.txt	F	5906.up-6f42b3603dac.txt	R	1232	618	614	11	15	0
5906.up-4c3eef44600b.txt	R	5906.lswap-10f62906b166.txt	R	1232	619	613	14	20	0
5906.up-4c3eef44600b.txt	R	5906.lswap-3a55a72f70d6.txt	F	1232	619	613	14	20	0
5906.up-4c3eef44600b.txt	R	5906.lswap-8f58c699a11d.txt	R	1232	619	613	14	20	0
5906.up-4c3eef44600b.txt	R	5906.lswap-9f885c2a5e20.txt	F	1232	619	613	14	20	0
5906.up-4c3eef44600b.txt	R	5906.up-6f42b3603dac.txt	F	1232	618	614	11	15	0
5906.up-4c3eef44600b.txt	R	5906.up-6f42b3603dac.txt	R	1232	618	614	11	15	0
5906.up-4c3eef44600b.txt	F	5906.up-f8d1e70c6a52.txt	F	1244	624	620	11	15	0
5906.up-4c3eef44600b.txt	F	5906.up-f8d1e70c6a52.txt	R	1244	624	620	11	15	0
5906.up-4c3eef44600b.txt	R	5906.up-f8d1e70c6a52.txt	F	1244	624	620	11	15	0
5906.up-4c3eef44600b.txt	R	5906.up-f8d1e70c6a52.txt	R	1244	624	620	11	15	0
5906.up-4c3eef44600b.txt	F	5906.lswap-eeb9a73f4b33.txt	F	1248	624	624	0	0	0
5906.up-4c3eef44600b.txt	F	5906.lswap-eeb9a73f4b33.txt	R	1248	624	624	0	0	0
5906.up-4c3eef44600b.txt	F	5906.up-0d2e98183c29.txt	F	1248	624	624	0	0	0
5906.up-4c3eef44600b.txt	F	5906.up-0d2e98183c29.txt	R	1248	624	624	0	0	0
5906.up-4c3eef44600b.txt	F	5906.up-1b0920685429.txt	F	1248	624	624	14	14	0
5906.up-4c3eef44600b.txt	F	5906.up-1b0920685429.txt	R	1248	624	624	14	14	0
5906.up-4c3eef44600b.txt	F	5906.up-78d638be95ae.txt	F	1248	624	624	0	0	0
5906.up-4c3eef44600b.txt	F	5906.up-78d638be95ae.txt	R	1248	624	624	0	0	0
5906.up-4c3eef44600b.txt	F	5906.up-d2559533f431.txt	F	1248	624	624	0	0	0
5906.up-4c3eef44600b.txt	F	5906.up-d2559533f431.txt	R	1248	624	624	0	0	0
5906.up-4c3eef44600b.txt	F	5906.up-e8da0f18269f.txt	F	1248	624	624	0	0	0
5906.up-4c3eef44600b.txt	F	5906.up-e8da0f18269f.txt	R	1248	624	624	0	0	0
5906.up-4c3eef44600b.txt	R	5906.lswap-eeb9a73f4b33.txt	F	1248	624	624	0	0	0
5906.up-4c3eef44600b.txt	R	5906.lswap-eeb9a73f4b33.txt	R	1248	624	624	0	0	0
5906.up-4c3eef44600b.txt	R	5906.up-0d2e98183c29.txt	F	1248	624	624	0	0	0
5906.up-4c3eef44600b.txt	R	5906.up-0d2e98183c29.txt	R	1248	624	624	0	0	0
5906.up-4c3eef44600b.txt	R	5906.up-1b0920685429.txt	F	1248	624	624	14	14	0
5906.up-4c3eef44600b.txt	R	5906.up-1b0920685429.txt	R	1248	624	624	14	14	0
5906.up-4c3eef44600b.txt	R	5906.up-78d638be95ae.txt	F	1248	624	624	0	0	0
5906.up-4c3eef44600b.txt	R	5906.up-78d638be95ae.txt	R	1248	624	624	0	0	0
5906.up-4c3eef44600b.txt	R	5906.up-d2559533f431.txt	F	1248	624	624	0	0	0
5906.up-4c3eef44600b.txt	R	5906.up-d2559533f431.txt	R	1248	624	624	0	0	0
5906.up-4c3eef44600b.txt	R	5906.up-e8da0f18269f.txt	F	1248	624	624	0	0	0
5906.up-4c3eef44600b.txt	R	5906.up-e8da0f18269f.txt	R	1248	624	624	0	0	0
5906.up-4c3eef44600b.txt	F	5906.lswap-637b5054102a.txt	F	1256	630	626	11	15	0
5906.up-4c3eef44600b.txt	F	5906.lswap-637b5054102a.txt	R	1256	630	626	11	15	0
5906.up-4c3eef44600b.txt	R	5906.lswap-637b5054102a.txt	F	1256	630	626	11	15	0
5906.up-4c3eef44600b.txt	R	5906.lswap-637b5054102a.txt	R	1256	630	626	11	15	0
5906.up-4c3eef44600b.txt	F	5906.lswap-4c179f65aa4b.txt	F	1260	630	630	0	0	0
5906.up-4c3eef44600b.txt	F	5906.lswap-4c179f65aa4b.txt	R	1260	630	630	0	0	0
5906.up-4c3eef44600b.txt	F	5906.lswap-52e683fb05d3.txt	F	1260	630	630	0	0	0
5906.up-4c3eef44600b.txt	F	5906.lswap-52e683fb05d3.txt	R	1260	630	630	0	0	0
5906.up-4c3eef44600b.txt	F	5906.lswap-5a7a973564fd.txt	F	1260	630	630	0	0	0
5906.up-4c3eef44600b.txt	F	5906.lswap-5a7a973564fd.txt	R	1260	630	630	0	0	0
5906.up-4c3eef44600b.txt	F	5906.lswap-5dbb54e50268.txt	F	1260	630	630	0	0	0
5906.up-4c3eef44600b.txt	F	5906.lswap-5dbb54e50268.txt	R	1260	630	630	0	0	0
5906.up-4c3eef44600b.txt	F	5906.lswap-6bd82af50a4e.txt	F	1260	630	630	0	0	0
5906.up-4c3eef44600b.txt	F	5906.lswap-6bd82af50a4e.txt	R	1260	630	630	0	0	0
5906.up-4c3eef44600b.txt	F	5906.lswap-9f3672f6c430.txt	F	1260	630	630	0	0	0
5906.up-4c3eef44600b.txt	F	5906.lswap-9f3672f6c430.txt	R	1260	630	630	0	0	0
5906.up-4c3eef44600b.txt	F	5906.lswap-aa52880fc9e0.txt	F	1260	630	630	0	0	0
5906.up-4c3eef44600b.txt	F	5906.lswap-aa52880fc9e0.txt	R	1260	630	630	0	0	0
5906.up-4c3eef44600b.txt	F	5906.lswap-b55f23a2f470.txt	F	1260	630	630	0	0	0
5906.up-4c3eef44600b.txt	F	5906.lswap-b55f23a2f470.txt	R	1260	630	630	0	0	0
5906.up-4c3eef44600b.txt	F	5906.lswap-be4759bc731a.txt	F	1260	630	630	0	0	0
5906.up-4c3eef44600b.txt	F	5906.lswap-be4759bc731a.txt	R	1260	630	630	0	0	0
5906.up-4c3eef44600b.txt	F	5906.lswap-cf5ecb0e9ecc.txt	F	1260	630	630	0	0	0
5906.up-4c3eef44600b.txt	F	5906.lswap-cf5ecb0e9ecc.txt	R	1260	630	630	0	0	0
5906.up-4c3eef44600b.txt	F	5906.lswap-e2d18fca77cb.txt	F	1260	630	630	0	0	0
5906.up-4c3eef44600b.txt	F	5906.lswap-e2d18fca77cb.txt	R	1260	630	630	0	0	0
5906.up-4c3eef44600b.txt	F	5906.lswap-e59a6239aa79.txt	F	1260	630	630	0	0	0
5906.up-4c3eef44600b.txt	F	5906.lswap-e59a6239aa79.txt	R	1260	630	630	0	0	0
5906.up-4c3eef44600b.txt	F	5906.up-f0a3bb335ed9.txt	F	1260	630	630	14	14	0
5906.up-4c3eef44600b.txt	F	5906.up-f0a3bb335ed9.txt	R	1260	630	630	14	14	0
5906.up-4c3eef44600b.txt	R	5906.lswap-4c179f65aa4b.txt	F	1260	630	630	0	0	0
5906.up-4c3eef44600b.txt	R	5906.lswap-4c179f65aa4b.txt	R	1260	630	630	0	0	0
5906.up-4c3eef44600b.txt	R	5906.lswap-52e683fb05d3.txt	F	1260	630	630	0	0	0
5906.up-4c3eef44600b.txt	R	5906.lswap-52e683fb05d3.txt	R	1260	630	630	0	0	0
5906.up-4c3eef44600b.txt	R	5906.lswap-5a7a973564fd.txt	F	1260	630	630	0	0	0
5906.up-4c3eef44600b.txt	R	5906.lswap-5a7a973564fd.txt	R	1260	630	630	0	0	0
5906.up-4c3eef44600b.txt	R	5906.lswap-5dbb54e50268.txt	F	1260	630	630	0	0	0
5906.up-4c3eef44600b.txt	R	5906.lswap-5dbb54e50268.txt	R	1260	630	630	0	0	0
5906.up-4c3eef44600b.txt	R	5906.lswap-6bd82af50a4e.txt	F	1260	630	630	0	0	0
5906.up-4c3eef44600b.txt	R	5906.lswap-6bd82af50a4e.txt	R	1260	630	630	0	0	0
5906.up-4c3eef44600b.txt	R	5906.lswap-9f3672f6c430.txt	F	1260	630	630	0	0	0
5906.up-4c3eef44600b.txt	R	5906.lswap-9f3672f6c430.txt	R	1260	630	630	0	0	0
5906.up-4c3eef44600b.txt	R	5906.lswap-aa52880fc9e0.txt	F	1260	630	630	0	0	0
5906.up-4c3eef44600b.txt	R	5906.lswap-aa52880fc9e0.txt	R	1260	630	630	0	0	0
5906.up-4c3eef44600b.txt	R	5906.lswap-b55f23a2f470.txt	F	1260	630	630	0	0	0
5906.up-4c3eef44600b.txt	R	5906.lswap-b55f23a2f470.txt	R	1260	630	630	0	0	0
5906.up-4c3eef44600b.txt	R	5906.lswap-be4759bc731a.txt	F	1260	630	630	0	0	0
5906.up-4c3eef44600b.txt	R	5906.lswap-be4759bc731a.txt	R	1260	630	630	0	0	0
5906.up-4c3eef44600b.txt	R	5906.lswap-cf5ecb0e9ecc.txt	F	1260	630	630	0	0	0
5906.up-4c3eef44600b.txt	R	5906.lswap-cf5ecb0e9ecc.txt	R	1260	630	630	0	0	0
5906.up-4c3eef44600b.txt	R	5906.lswap-e2d18fca77cb.txt	F	1260	630	630	0	0	0
5906.up-4c3eef44600b.txt	R	5906.lswap-e2d18fca77cb.txt	R	1260	630	630	0	0	0
5906.up-4c3eef44600b.txt	R	5906.lswap-e59a6239aa79.txt	F	1260	630	630	0	0	0
5906.up-4c3eef44600b.txt	R	5906.lswap-e59a6239aa79.txt	R	1260	630	630	0	0	0
5906.up-4c3eef44600b.txt	R	5906.up-f0a3bb335ed9.txt	F	1260	630	630	14	14	0
5906.up-4c3eef44600b.txt	R	5906.up-f0a3bb335ed9.txt	R	1260	630	630	14	14	0
5906.up-4c3eef44600b.txt	F	5906.i4a-50d865ca7907.txt	R	1267	638	629	15	24	0
5906.up-4c3eef44600b.txt	F	5906.i4a-b99b1d60f13e.txt	R	1267	638	629	15	24	0
5906.up-4c3eef44600b.txt	R	5906.i4a-50d865ca7907.txt	R	1267	638	629	15	24	0
5906.up-4c3eef44600b.txt	R	5906.i4a-b99b1d60f13e.txt	R	1267	638	629	15	24	0
5906.up-4c3eef44600b.txt	F	5906.lswap-06f4ba2c8122.txt	R	1268	637	631	14	20	0
5906.up-4c3eef44600b.txt	F	5906.lswap-23548cda0ace.txt	R	1268	637	631	14	20	0
5906.up-4c3eef44600b.txt	F	5906.lswap-3a55a72f70d6.txt	R	1268	637	631	14	20	0
5906.up-4c3eef44600b.txt	F	5906.lswap-67fc5c2184ab.txt	R	1268	637	631	14	20	0
5906.up-4c3eef44600b.txt	F	5906.lswap-9f885c2a5e20.txt	R	1268	637	631	14	20	0
5906.up-4c3eef44600b.txt	F	5906.lswap-db110b7302cf.txt	R	1268	637	631	14	20	0
5906.up-4c3eef44600b.txt	F	5906.lswap-f4c2deec7c96.txt	R	1268	635	633	17	19	0
5906.up-4c3eef44600b.txt	F	5906.up-377da0a3c300.txt	F	1268	637	631	14	20	0
5906.up-4c3eef44600b.txt	F	5906.up-377da0a3c300.txt	R	1268	637	631	14	20	0
5906.up-4c3eef44600b.txt	F	5906.up-890b6674bd25.txt	F	1268	638	630	15	23	0
5906.up-4c3eef44600b.txt	F	5906.up-890b6674bd25.txt	R	1268	638	630	15	23	0
5906.up-4c3eef44600b.txt	F	5906.up-c3afee7ed153.txt	F	1268	637	631	14	20	0
5906.up-4c3eef44600b.txt	F	5906.up-c3afee7ed153.txt	R	1268	637	631	14	20	0
5906.up-4c3eef44600b.txt	F	5906.up-d0b9281ca469.txt	F	1268	638	630	15	23	0
5906.up-4c3eef44600b.txt	F	5906.up-d0b9281ca469.txt	R	1268	638	630	15	23	0
5906.up-4c3eef44600b.txt	R	5906.lswap-06f4ba2c8122.txt	R	1268	637	631	14	20	0
5906.up-4c3eef44600b.txt	R	5906.lswap-23548cda0ace.txt	R	1268	637	631	14	20	0
5906.up-4c3eef44600b.txt	R	5906.lswap-3a55a72f70d6.txt	R	1268	637	631	14	20	0
5906.up-4c3eef44600b.txt	R	5906.lswap-67fc5c2184ab.txt	R	1268	637	631	14	20	0
5906.up-4c3eef44600b.txt	R	5906.lswap-9f885c2a5e20.txt	R	1268	637	631	14	20	0
5906.up-4c3eef44600b.txt	R	5906.lswap-db110b7302cf.txt	R	1268	637	631	14	20	0
5906.up-4c3eef44600b.txt	R	5906.lswap-f4c2deec7c96.txt	R	1268	635	633	17	19	0
5906.up-4c3eef44600b.txt	R	5906.up-377da0a3c300.txt	F	1268	637	631	14	20	0
5906.up-4c3eef44600b.txt	R	5906.up-377da0a3c300.txt	R	1268	637	631	14	20	0
5906.up-4c3eef44600b.txt	R	5906.up-890b6674bd25.txt	F	1268	638	630	15	23	0
5906.up-4c3eef44600b.txt	R	5906.up-890b6674bd25.txt	R	1268	638	630	15	23	0
5906.up-4c3eef44600b.txt	R	5906.up-c3afee7ed153.txt	F	1268	637	631	14	20	0
5906.up-4c3eef44600b.txt	R	5906.up-c3afee7ed153.txt	R	1268	637	631	14	20	0
5906.up-4c3eef44600b.txt	R	5906.up-d0b9281ca469.txt	F	1268	638	630	15	23	0
5906.up-4c3eef44600b.txt	R	5906.up-d0b9281ca469.txt	R	1268	638	630	15	23	0
5906.up-4c3eef44600b.txt	F	5906.i4a-50d865ca7907.txt	F	1269	639	630	15	24	0
5906.up-4c3eef44600b.txt	F	5906.i4a-b99b1d60f13e.txt	F	1269	639	630	15	24	0
5906.up-4c3eef44600b.txt	F	5906.rbnd-2641d60c9d5c.txt	R	1269	635	634	17	18	0
5906.up-4c3eef44600b.txt	R	5906.i4a-50d865ca7907.txt	F	1269	639	630	15	24	0
5906.up-4c3eef44600b.txt	R	5906.i4a-b99b1d60f13e.txt	F	1269	639	630	15	24	0
5906.up-4c3eef44600b.txt	R	5906.rbnd-2641d60c9d5c.txt	R	1269	635	634	17	18	0
5906.up-4c3eef44600b.txt	F	5906.lswap-20db05a5b51e.txt	F	1272	636	636	0	0	0
5906.up-4c3eef44600b.txt	F	5906.lswap-20db05a5b51e.txt	R	1272	636	636	0	0	0
5906.up-4c3eef44600b.txt	F	5906.lswap-62d959eb4e73.txt	F	1272	636	636	0	0	0
5906.up-4c3eef44600b.txt	F	5906.lswap-62d959eb4e73.txt	R	1272	636	636	0	0	0
5906.up-4c3eef44600b.txt	F	5906.lswap-fde8e0f0f322.txt	F	1272	636	636	14	14	0
5906.up-4c3eef44600b.txt	F	5906.up-16ca46d2c5a9.txt	F	1272	636	636	0	0	0
5906.up-4c3eef44600b.txt	F	5906.up-16ca46d2c5a9.txt	R	1272	636	636	0	0	0
5906.up-4c3eef44600b.txt	F	5906.up-331e3f0f91ee.txt	F	1272	636	636	0	0	0
5906.up-4c3eef44600b.txt	F	5906.up-331e3f0f91ee.txt	R	1272	636	636	0	0	0
5906.up-4c3eef44600b.txt	F	5906.up-839c85982253.txt	F	1272	636	636	0	0	0
5906.up-4c3eef44600b.txt	F	5906.up-839c85982253.txt	R	1272	636	636	0	0	0
5906.up-4c3eef44600b.txt	R	5906.lswap-20db05a5b51e.txt	F	1272	636	636	0	0	0
5906.up-4c3eef44600b.txt	R	5906.lswap-20db05a5b51e.txt	R	1272	636	636	0	0	0
5906.up-4c3eef44600b.txt	R	5906.lswap-62d959eb4e73.txt	F	1272	636	636	0	0	0
5906.up-4c3eef44600b.txt	R	5906.lswap-62d959eb4e73.txt	R	1272	636	636	0	0	0
5906.up-4c3eef44600b.txt	R	5906.lswap-fde8e0f0f322.txt	F	1272	636	636	14	14	0
5906.up-4c3eef44600b.txt	R	5906.up-16ca46d2c5a9.txt	F	1272	636	636	0	0	0
5906.up-4c3eef44600b.txt	R	5906.up-16ca46d2c5a9.txt	R	1272	636	636	0	0	0
5906.up-4c3eef44600b.txt	R	5906.up-331e3f0f91ee.txt	F	1272	636	636	0	0	0
5906.up-4c3eef44600b.txt	R	5906.up-331e3f0f91ee.txt	R	1272	636	636	0	0	0
5906.up-4c3eef44600b.txt	R	5906.up-839c85982253.txt	F	1272	636	636	0	0	0
5906.up-4c3eef44600b.txt	R	5906.up-839c85982253.txt	R	1272	636	636	0	0	0
5906.up-4c3eef44600b.txt	F	5906.lswap-09c105553d61.txt	F	1280	643	637	14	20	0
5906.up-4c3eef44600b.txt	F	5906.lswap-23548cda0ace.txt	F	1280	643	637	14	20	0
5906.up-4c3eef44600b.txt	F	5906.lswap-28b97fbb68d1.txt	F	1280	643	637	14	20	0
5906.up-4c3eef44600b.txt	F	5906.lswap-945cf8ae5bef.txt	F	1280	643	637	14	20	0
5906.up-4c3eef44600b.txt	F	5906.lswap-9bf7e32c6472.txt	F	1280	643	637	14	20	0
5906.up-4c3eef44600b.txt	F	5906.lswap-db110b7302cf.txt	F	1280	643	637	14	20	0
5906.up-4c3eef44600b.txt	F	5906.up-331228e22360.txt	F	1280	641	639	17	19	0
5906.up-4c3eef44600b.txt	F	5906.up-331228e22360.txt	R	1280	641	639	17	19	0
5906.up-4c3eef44600b.txt	F	5906.up-72482a71c81e.txt	F	1280	643	637	14	20	0
5906.up-4c3eef44600b.txt	F	5906.up-72482a71c81e.txt	R	1280	643	637	14	20	0
5906.up-4c3eef44600b.txt	F	5906.up-7f9a93193f10.txt	F	1280	642	638	11	15	0
5906.up-4c3eef44600b.txt	F	5906.up-7f9a93193f10.txt	R	1280	642	638	11	15	0
5906.up-4c3eef44600b.txt	F	5906.up-d1489855deef.txt	F	1280	643	637	14	20	0
5906.up-4c3eef44600b.txt	F	5906.up-d1489855deef.txt	R	1280	643	637	14	20	0
5906.up-4c3eef44600b.txt	R	5906.lswap-09c105553d61.txt	F	1280	643	637	14	20	0
5906.up-4c3eef44600b.txt	R	5906.lswap-23548cda0ace.txt	F	1280	643	637	14	20	0
5906.up-4c3eef44600b.txt	R	5906.lswap-28b97fbb68d1.txt	F	1280	643	637	14	20	0
5906.up-4c3eef44600b.txt	R	5906.lswap-945cf8ae5bef.txt	F	1280	643	637	14	20	0
5906.up-4c3eef44600b.txt	R	5906.lswap-9bf7e32c6472.txt	F	1280	643	637	14	20	0
5906.up-4c3eef44600b.txt	R	5906.lswap-db110b7302cf.txt	F	1280	643	637	14	20	0
5906.up-4c3eef44600b.txt	R	5906.up-331228e22360.txt	F	1280	641	639	17	19	0
5906.up-4c3eef44600b.txt	R	5906.up-331228e22360.txt	R	1280	641	639	17	19	0
5906.up-4c3eef44600b.txt	R	5906.up-72482a71c81e.txt	F	1280	643	637	14	20	0
5906.up-4c3eef44600b.txt	R	5906.up-72482a71c81e.txt	R	1280	643	637	14	20	0
5906.up-4c3eef44600b.txt	R	5906.up-7f9a93193f10.txt	F	1280	642	638	11	15	0
5906.up-4c3eef44600b.txt	R	5906.up-7f9a93193f10.txt	R	1280	642	638	11	15	0
5906.up-4c3eef44600b.txt	R	5906.up-d1489855deef.txt	F	1280	643	637	14	20	0
5906.up-4c3eef44600b.txt	R	5906.up-d1489855deef.txt	R	1280	643	637	14	20	0
5906.up-4c3eef44600b.txt	F	5906.rbnd-c44d48fbd52c.txt	F	1281	641	640	17	18	0
5906.up-4c3eef44600b.txt	R	5906.rbnd-c44d48fbd52c.txt	F	1281	641	640	17	18	0
5906.up-4c3eef44600b.txt	F	5906.lswap-25804d565b10.txt	F	1284	642	642	0	0	0
5906.up-4c3eef44600b.txt	F	5906.lswap-25804d565b10.txt	R	1284	642	642	0	0	0
5906.up-4c3eef44600b.txt	F	5906.lswap-52f45c5e8e22.txt	F	1284	642	642	0	0	0
5906.up-4c3eef44600b.txt	F	5906.lswap-52f45c5e8e22.txt	R	1284	642	642	0	0	0
5906.up-4c3eef44600b.txt	F	5906.lswap-80e6c24a2613.txt	F	1284	642	642	0	0	0
5906.up-4c3eef44600b.txt	F	5906.lswap-80e6c24a2613.txt	R	1284	642	642	0	0	0
5906.up-4c3eef44600b.txt	F	5906.lswap-9759fb4af500.txt	F	1284	642	642	0	0	0
5906.up-4c3eef44600b.txt	F	5906.lswap-9759fb4af500.txt	R	1284	642	642	0	0	0
5906.up-4c3eef44600b.txt	F	5906.lswap-fde8e0f0f322.txt	R	1284	642	642	14	14	0
5906.up-4c3eef44600b.txt	R	5906.lswap-25804d565b10.txt	F	1284	642	642	0	0	0
5906.up-4c3eef44600b.txt	R	5906.lswap-25804d565b10.txt	R	1284	642	642	0	0	0
5906.up-4c3eef44600b.txt	R	5906.lswap-52f45c5e8e22.txt	F	1284	642	642	0	0	0
5906.up-4c3eef44600b.txt	R	5906.lswap-52f45c5e8e22.txt	R	1284	642	642	0	0	0
5906.up-4c3eef44600b.txt	R	5906.lswap-80e6c24a2613.txt	F	1284	642	642	0	0	0
5906.up-4c3eef44600b.txt	R	5906.lswap-80e6c24a2613.txt	R	1284	642	642	0	0	0
5906.up-4c3eef44600b.txt	R	5906.lswap-9759fb4af500.txt	F	1284	642	642	0	0	0
5906.up-4c3eef44600b.txt	R	5906.lswap-9759fb4af500.txt	R	1284	642	642	0	0	0
5906.up-4c3eef44600b.txt	R	5906.lswap-fde8e0f0f322.txt	R	1284	642	642	14	14	0
5906.up-4c3eef44600b.txt	F	5906.up-1b8244ba04bb.txt	F	1286	646	640	14	20	0
5906.up-4c3eef44600b.txt	F	5906.up-1b8244ba04bb.txt	R	1286	646	640	14	20	0
5906.up-4c3eef44600b.txt	R	5906.up-1b8244ba04bb.txt	F	1286	646	640	14	20	0
5906.up-4c3eef44600b.txt	R	5906.up-1b8244ba04bb.txt	R	1286	646	640	14	20	0
5906.up-4c3eef44600b.txt	F	5906.lswap-f4c2deec7c96.txt	F	1292	647	645	17	19	0
5906.up-4c3eef44600b.txt	R	5906.lswap-f4c2deec7c96.txt	F	1292	647	645	17	19	0
5906.up-4c3eef44600b.txt	F	5906.rbnd-0dad091b8ac4.txt	F	1293	647	646	17	18	0
5906.up-4c3eef44600b.txt	R	5906.rbnd-0dad091b8ac4.txt	F	1293	647	646	17	18	0
5906.up-4c3eef44600b.txt	F	5906.lswap-2497c9291398.txt	F	1296	648	648	0	0	0
5906.up-4c3eef44600b.txt	F	5906.lswap-2497c9291398.txt	R	1296	648	648	0	0	0
5906.up-4c3eef44600b.txt	F	5906.lswap-49fac07a5323.txt	F	1296	648	648	0	0	0
5906.up-4c3eef44600b.txt	F	5906.lswap-49fac07a5323.txt	R	1296	648	648	0	0	0
5906.up-4c3eef44600b.txt	F	5906.lswap-6d0ad177e5ee.txt	F	1296	648	648	0	0	0
5906.up-4c3eef44600b.txt	F	5906.lswap-6d0ad177e5ee.txt	R	1296	648	648	0	0	0
5906.up-4c3eef44600b.txt	F	5906.lswap-8ed814577309.txt	F	1296	648	648	0	0	0
5906.up-4c3eef44600b.txt	F	5906.lswap-8ed814577309.txt	R	1296	648	648	0	0	0
5906.up-4c3eef44600b.txt	F	5906.lswap-a7d2db45842b.txt	F	1296	648	648	0	0	0
5906.up-4c3eef44600b.txt	F	5906.lswap-a7d2db45842b.txt	R	1296	648	648	0	0	0
5906.up-4c3eef44600b.txt	F	5906.lswap-af54b6f406a6.txt	F	1296	648	648	0	0	0
5906.up-4c3eef44600b.txt	F	5906.lswap-af54b6f406a6.txt	R	1296	648	648	0	0	0
5906.up-4c3eef44600b.txt	F	5906.lswap-d252e4d38aa9.txt	F	1296	648	648	0	0	0
5906.up-4c3eef44600b.txt	F	5906.lswap-d252e4d38aa9.txt	R	1296	648	648	0	0	0
5906.up-4c3eef44600b.txt	F	5906.lswap-df71274e07be.txt	F	1296	648	648	0	0	0
5906.up-4c3eef44600b.txt	F	5906.lswap-df71274e07be.txt	R	1296	648	648	0	0	0
5906.up-4c3eef44600b.txt	F	5906.lswap-e73e096376f0.txt	F	1296	648	648	0	0	0
5906.up-4c3eef44600b.txt	F	5906.lswap-e73e096376f0.txt	R	1296	648	648	0	0	0
5906.up-4c3eef44600b.txt	F	5906.up-14e2c7b29aae.txt	F	1296	648	648	0	0	0
5906.up-4c3eef44600b.txt	F	5906.up-14e2c7b29aae.txt	R	1296	648	648	0	0	0
5906.up-4c3eef44600b.txt	F	5906.up-55058cab6cba.txt	F	1296	648	648	14	14	0
5906.up-4c3eef44600b.txt	F	5906.up-55058cab6cba.txt	R	1296	648	648	14	14	0
5906.up-4c3eef44600b.txt	F	5906.up-6773ff05a318.txt	F	1296	648	648	0	0	0
5906.up-4c3eef44600b.txt	F	5906.up-6773ff05a318.txt	R	1296	648	648	0	0	0
5906.up-4c3eef44600b.txt	F	5906.up-e65e244c83d3.txt	F	1296	648	648	0	0	0
5906.up-4c3eef44600b.txt	F	5906.up-e65e244c83d3.txt	R	1296	648	648	0	0	0
5906.up-4c3eef44600b.txt	F	5906.up-e94d2b57a7d4.txt	F	1296	648	648	0	0	0
5906.up-4c3eef44600b.txt	F	5906.up-e94d2b57a7d4.txt	R	1296	648	648	0	0	0
5906.up-4c3eef44600b.txt	R	5906.lswap-2497c9291398.txt	F	1296	648	648	0	0	0
5906.up-4c3eef44600b.txt	R	5906.lswap-2497c9291398.txt	R	1296	648	648	0	0	0
5906.up-4c3eef44600b.txt	R	5906.lswap-49fac07a5323.txt	F	1296	648	648	0	0	0
5906.up-4c3eef44600b.txt	R	5906.lswap-49fac07a5323.txt	R	1296	648	648	0	0	0
5906.up-4c3eef44600b.txt	R	5906.lswap-6d0ad177e5ee.txt	F	1296	648	648	0	0	0
5906.up-4c3eef44600b.txt	R	5906.lswap-6d0ad177e5ee.txt	R	1296	648	648	0	0	0
5906.up-4c3eef44600b.txt	R	5906.lswap-8ed814577309.txt	F	1296	648	648	0	0	0
5906.up-4c3eef44600b.txt	R	5906.lswap-8ed814577309.txt	R	1296	648	648	0	0	0
5906.up-4c3eef44600b.txt	R	5906.lswap-a7d2db45842b.txt	F	1296	648	648	0	0	0
5906.up-4c3eef44600b.txt	R	5906.lswap-a7d2db45842b.txt	R	1296	648	648	0	0	0
5906.up-4c3eef44600b.txt	R	5906.lswap-af54b6f406a6.txt	F	1296	648	648	0	0	0
5906.up-4c3eef44600b.txt	R	5906.lswap-af54b6f406a6.txt	R	1296	648	648	0	0	0
5906.up-4c3eef44600b.txt	R	5906.lswap-d252e4d38aa9.txt	F	1296	648	648	0	0	0
5906.up-4c3eef44600b.txt	R	5906.lswap-d252e4d38aa9.txt	R	1296	648	648	0	0	0
5906.up-4c3eef44600b.txt	R	5906.lswap-df71274e07be.txt	F	1296	648	648	0	0	0
5906.up-4c3eef44600b.txt	R	5906.lswap-df71274e07be.txt	R	1296	648	648	0	0	0
5906.up-4c3eef44600b.txt	R	5906.lswap-e73e096376f0.txt	F	1296	648	648	0	0	0
5906.up-4c3eef44600b.txt	R	5906.lswap-e73e096376f0.txt	R	1296	648	648	0	0	0
5906.up-4c3eef44600b.txt	R	5906.up-14e2c7b29aae.txt	F	1296	648	648	0	0	0
5906.up-4c3eef44600b.txt	R	5906.up-14e2c7b29aae.txt	R	1296	648	648	0	0	0
5906.up-4c3eef44600b.txt	R	5906.up-55058cab6cba.txt	F	1296	648	648	14	14	0
5906.up-4c3eef44600b.txt	R	5906.up-55058cab6cba.txt	R	1296	648	648	14	14	0
5906.up-4c3eef44600b.txt	R	5906.up-6773ff05a318.txt	F	1296	648	648	0	0	0
5906.up-4c3eef44600b.txt	R	5906.up-6773ff05a318.txt	R	1296	648	648	0	0	0
5906.up-4c3eef44600b.txt	R	5906.up-e65e244c83d3.txt	F	1296	648	648	0	0	0
5906.up-4c3eef44600b.txt	R	5906.up-e65e244c83d3.txt	R	1296	648	648	0	0	0
5906.up-4c3eef44600b.txt	R	5906.up-e94d2b57a7d4.txt	F	1296	648	648	0	0	0
5906.up-4c3eef44600b.txt	R	5906.up-e94d2b57a7d4.txt	R	1296	648	648	0	0	0
5906.up-4c3eef44600b.txt	F	5906.lswap-031568aa1b5c.txt	F	1308	654	654	0	0	0
5906.up-4c3eef44600b.txt	F	5906.lswap-031568aa1b5c.txt	R	1308	654	654	0	0	0
5906.up-4c3eef44600b.txt	F	5906.lswap-2ae54d2fd96c.txt	F	1308	654	654	0	0	0
5906.up-4c3eef44600b.txt	F	5906.lswap-2ae54d2fd96c.txt	R	1308	654	654	0	0	0
5906.up-4c3eef44600b.txt	F	5906.lswap-3b66fbdbdf53.txt	F	1308	654	654	0	0	0
5906.up-4c3eef44600b.txt	F	5906.lswap-3b66fbdbdf53.txt	R	1308	654	654	0	0	0
5906.up-4c3eef44600b.txt	F	5906.lswap-7f47c6e6eeda.txt	F	1308	654	654	0	0	0
5906.up-4c3eef44600b.txt	F	5906.lswap-7f47c6e6eeda.txt	R	1308	654	654	0	0	0
5906.up-4c3eef44600b.txt	R	5906.lswap-031568aa1b5c.txt	F	1308	654	654	0	0	0
5906.up-4c3eef44600b.txt	R	5906.lswap-031568aa1b5c.txt	R	1308	654	654	0	0	0
5906.up-4c3eef44600b.txt	R	5906.lswap-2ae54d2fd96c.txt	F	1308	654	654	0	0	0
5906.up-4c3eef44600b.txt	R	5906.lswap-2ae54d2fd96c.txt	R	1308	654	654	0	0	0
5906.up-4c3eef44600b.txt	R	5906.lswap-3b66fbdbdf53.txt	F	1308	654	654	0	0	0
5906.up-4c3eef44600b.txt	R	5906.lswap-3b66fbdbdf53.txt	R	1308	654	654	0	0	0
5906.up-4c3eef44600b.txt	R	5906.lswap-7f47c6e6eeda.txt	F	1308	654	654	0	0	0
5906.up-4c3eef44600b.txt	R	5906.lswap-7f47c6e6eeda.txt	R	1308	654	654	0	0	0
5906.up-4c3eef44600b.txt	F	5906.i4a-e0f3de4ca026.txt	F	1311	658	653	11	16	0
5906.up-4c3eef44600b.txt	F	5906.i4a-e0f3de4ca026.txt	R	1311	658	653	11	16	0
5906.up-4c3eef44600b.txt	R	5906.i4a-e0f3de4ca026.txt	F	1311	658	653	11	16	0
5906.up-4c3eef44600b.txt	R	5906.i4a-e0f3de4ca026.txt	R	1311	658	653	11	16	0
5906.up-4c3eef44600b.txt	F	5906.up-df8c9033249e.txt	F	1312	658	654	11	15	0
5906.up-4c3eef44600b.txt	F	5906.up-df8c9033249e.txt	R	1312	658	654	11	15	0
5906.up-4c3eef44600b.txt	R	5906.up-df8c9033249e.txt	F	1312	658	654	11	15	0
5906.up-4c3eef44600b.txt	R	5906.up-df8c9033249e.txt	R	1312	658	654	11	15	0
5906.up-4c3eef44600b.txt	F	5906.lswap-10f62906b166.txt	F	1316	661	655	14	20	0
5906.up-4c3eef44600b.txt	F	5906.lswap-28b97fbb68d1.txt	R	1316	661	655	14	20	0
5906.up-4c3eef44600b.txt	F	5906.lswap-8f58c699a11d.txt	F	1316	661	655	14	20	0
5906.up-4c3eef44600b.txt	F	5906.lswap-945cf8ae5bef.txt	R	1316	661	655	14	20	0
5906.up-4c3eef44600b.txt	R	5906.lswap-10f62906b166.txt	F	1316	661	655	14	20	0
5906.up-4c3eef44600b.txt	R	5906.lswap-28b97fbb68d1.txt	R	1316	661	655	14	20	0
5906.up-4c3eef44600b.txt	R	5906.lswap-8f58c699a11d.txt	F	1316	661	655	14	20	0
5906.up-4c3eef44600b.txt	R	5906.lswap-945cf8ae5bef.txt	R	1316	661	655	14	20	0
5906.up-4c3eef44600b.txt	F	5906.lswap-afd973e1a915.txt	F	1320	660	660	0	0	0
5906.up-4c3eef44600b.txt	F	5906.lswap-afd973e1a915.txt	R	1320	660	660	0	0	0
5906.up-4c3eef44600b.txt	F	5906.lswap-c394b34cb7cc.txt	F	1320	660	660	14	14	0
5906.up-4c3eef44600b.txt	F	5906.lswap-c394b34cb7cc.txt	R	1320	660	660	14	14	0
5906.up-4c3eef44600b.txt	F	5906.up-63a938be8d73.txt	F	1320	660	660	14	14	0
5906.up-4c3eef44600b.txt	F	5906.up-63a938be8d73.txt	R	1320	660	660	14	14	0
5906.up-4c3eef44600b.txt	F	5906.up-77512ee88848.txt	F	1320	660	660	0	0	0
5906.up-4c3eef44600b.txt	F	5906.up-77512ee88848.txt	R	1320	660	660	0	0	0
5906.up-4c3eef44600b.txt	F	5906.up-8ec03171f5df.txt	F	1320	660	660	0	0	0
5906.up-4c3eef44600b.txt	F	5906.up-8ec03171f5df.txt	R	1320	660	660	0	0	0
5906.up-4c3eef44600b.txt	F	5906.up-abe33e328763.txt	F	1320	660	660	0	0	0
5906.up-4c3eef44600b.txt	F	5906.up-abe33e328763.txt	R	1320	660	660	0	0	0
5906.up-4c3eef44600b.txt	F	5906.up-d8c6ba46400e.txt	F	1320	660	660	14	14	0
5906.up-4c3eef44600b.txt	F	5906.up-d8c6ba46400e.txt	R	1320	660	660	14	14	0
5906.up-4c3eef44600b.txt	R	5906.lswap-afd973e1a915.txt	F	1320	660	660	0	0	0
5906.up-4c3eef44600b.txt	R	5906.lswap-afd973e1a915.txt	R	1320	660	660	0	0	0
5906.up-4c3eef44600b.txt	R	5906.lswap-c394b34cb7cc.txt	F	1320	660	660	14	14	0
5906.up-4c3eef44600b.txt	R	5906.lswap-c394b34cb7cc.txt	R	1320	660	660	14	14	0
5906.up-4c3eef44600b.txt	R	5906.up-63a938be8d73.txt	F	1320	660	660	14	14	0
5906.up-4c3eef44600b.txt	R	5906.up-63a938be8d73.txt	R	1320	660	660	14	14	0
5906.up-4c3eef44600b.txt	R	5906.up-77512ee88848.txt	F	1320	660	660	0	0	0
5906.up-4c3eef44600b.txt	R	5906.up-77512ee88848.txt	R	1320	660	660	0	0	0
5906.up-4c3eef44600b.txt	R	5906.up-8ec03171f5df.txt	F	1320	660	660	0	0	0
5906.up-4c3eef44600b.txt	R	5906.up-8ec03171f5df.txt	R	1320	660	660	0	0	0
5906.up-4c3eef44600b.txt	R	5906.up-abe33e328763.txt	F	1320	660	660	0	0	0
5906.up-4c3eef44600b.txt	R	5906.up-abe33e328763.txt	R	1320	660	660	0	0	0
5906.up-4c3eef44600b.txt	R	5906.up-d8c6ba46400e.txt	F	1320	660	660	14	14	0
5906.up-4c3eef44600b.txt	R	5906.up-d8c6ba46400e.txt	R	1320	660	660	14	14	0
5906.up-4c3eef44600b.txt	F	5906.lswap-09c105553d61.txt	R	1328	667	661	14	20	0
5906.up-4c3eef44600b.txt	F	5906.lswap-9bf7e32c6472.txt	R	1328	667	661	14	20	0
5906.up-4c3eef44600b.txt	F	5906.up-c63a66adbc60.txt	F	1328	667	661	14	20	0
5906.up-4c3eef44600b.txt	F	5906.up-c63a66adbc60.txt	R	1328	667	661	14	20	0
5906.up-4c3eef44600b.txt	F	5906.up-f2c7804be474.txt	F	1328	667	661	14	20	0
5906.up-4c3eef44600b.txt	F	5906.up-f2c7804be474.txt	R	1328	667	661	14	20	0
5906.up-4c3eef44600b.txt	R	5906.lswap-09c105553d61.txt	R	1328	667	661	14	20	0
5906.up-4c3eef44600b.txt	R	5906.lswap-9bf7e32c6472.txt	R	1328	667	661	14	20	0
5906.up-4c3eef44600b.txt	R	5906.up-c63a66adbc60.txt	F	1328	667	661	14	20	0
5906.up-4c3eef44600b.txt	R	5906.up-c63a66adbc60.txt	R	1328	667	661	14	20	0
5906.up-4c3eef44600b.txt	R	5906.up-f2c7804be474.txt	F	1328	667	661	14	20	0
5906.up-4c3eef44600b.txt	R	5906.up-f2c7804be474.txt	R	1328	667	661	14	20	0
5906.up-4c3eef44600b.txt	F	5906.lswap-29ee6f7c1197.txt	F	1332	666	666	0	0	0
5906.up-4c3eef44600b.txt	F	5906.lswap-29ee6f7c1197.txt	R	1332	666	666	0	0	0
5906.up-4c3eef44600b.txt	F	5906.lswap-5808edca979d.txt	F	1332	666	666	0	0	0
5906.up-4c3eef44600b.txt	F	5906.lswap-5808edca979d.txt	R	1332	666	666	0	0	0
5906.up-4c3eef44600b.txt	F	5906.lswap-9a5cc6a6e3c8.txt	F	1332	666	666	0	0	0
5906.up-4c3eef44600b.txt	F	5906.lswap-9a5cc6a6e3c8.txt	R	1332	666	666	0	0	0
5906.up-4c3eef44600b.txt	F	5906.lswap-e145b859ca30.txt	F	1332	666	666	0	0	0
5906.up-4c3eef44600b.txt	F	5906.lswap-e145b859ca30.txt	R	1332	666	666	0	0	0
5906.up-4c3eef44600b.txt	R	5906.lswap-29ee6f7c1197.txt	F	1332	666	666	0	0	0
5906.up-4c3eef44600b.txt	R	5906.lswap-29ee6f7c1197.txt	R	1332	666	666	0	0	0
5906.up-4c3eef44600b.txt	R	5906.lswap-5808edca979d.txt	F	1332	666	666	0	0	0
5906.up-4c3eef44600b.txt	R	5906.lswap-5808edca979d.txt	R	1332	666	666	0	0	0
5906.up-4c3eef44600b.txt	R	5906.lswap-9a5cc6a6e3c8.txt	F	1332	666	666	0	0	0
5906.up-4c3eef44600b.txt	R	5906.lswap-9a5cc6a6e3c8.txt	R	1332	666	666	0	0	0
5906.up-4c3eef44600b.txt	R	5906.lswap-e145b859ca30.txt	F	1332	666	666	0	0	0
5906.up-4c3eef44600b.txt	R	5906.lswap-e145b859ca30.txt	R	1332	666	666	0	0	0
5906.up-4c3eef44600b.txt	F	5906.lswap-025c4805fc39.txt	F	1344	672	672	0	0	0
5906.up-4c3eef44600b.txt	F	5906.lswap-025c4805fc39.txt	R	1344	672	672	0	0	0
5906.up-4c3eef44600b.txt	F	5906.up-0db50fc7743c.txt	F	1344	672	672	0	0	0
5906.up-4c3eef44600b.txt	F	5906.up-0db50fc7743c.txt	R	1344	672	672	0	0	0
5906.up-4c3eef44600b.txt	F	5906.up-53b55626d912.txt	F	1344	672	672	0	0	0
5906.up-4c3eef44600b.txt	F	5906.up-53b55626d912.txt	R	1344	672	672	0	0	0
5906.up-4c3eef44600b.txt	F	5906.up-a235b0e09b6c.txt	F	1344	672	672	0	0	0
5906.up-4c3eef44600b.txt	F	5906.up-a235b0e09b6c.txt	R	1344	672	672	0	0	0
5906.up-4c3eef44600b.txt	R	5906.lswap-025c4805fc39.txt	F	1344	672	672	0	0	0
5906.up-4c3eef44600b.txt	R	5906.lswap-025c4805fc39.txt	R	1344	672	672	0	0	0
5906.up-4c3eef44600b.txt	R	5906.up-0db50fc7743c.txt	F	1344	672	672	0	0	0
5906.up-4c3eef44600b.txt	R	5906.up-0db50fc7743c.txt	R	1344	672	672	0	0	0
5906.up-4c3eef44600b.txt	R	5906.up-53b55626d912.txt	F	1344	672	672	0	0	0
5906.up-4c3eef44600b.txt	R	5906.up-53b55626d912.txt	R	1344	672	672	0	0	0
5906.up-4c3eef44600b.txt	R	5906.up-a235b0e09b6c.txt	F	1344	672	672	0	0	0
5906.up-4c3eef44600b.txt	R	5906.up-a235b0e09b6c.txt	R	1344	672	672	0	0	0
5906.up-4c3eef44600b.txt	F	5906.up-8b8c8916a24a.txt	F	1352	677	675	17	19	0
5906.up-4c3eef44600b.txt	F	5906.up-8b8c8916a24a.txt	R	1352	677	675	17	19	0
5906.up-4c3eef44600b.txt	R	5906.up-8b8c8916a24a.txt	F	1352	677	675	17	19	0
5906.up-4c3eef44600b.txt	R	5906.up-8b8c8916a24a.txt	R	1352	677	675	17	19	0
5906.up-4c3eef44600b.txt	F	5906.rbnd-e9623244f6b1.txt	F	1353	677	676	17	18	0
5906.up-4c3eef44600b.txt	R	5906.rbnd-e9623244f6b1.txt	F	1353	677	676	17	18	0
5906.up-4c3eef44600b.txt	F	5906.lswap-2c94cb485ad7.txt	F	1356	678	678	14	14	0
5906.up-4c3eef44600b.txt	F	5906.lswap-aea48ef05d9e.txt	F	1356	678	678	0	0	0
5906.up-4c3eef44600b.txt	F	5906.lswap-aea48ef05d9e.txt	R	1356	678	678	0	0	0
5906.up-4c3eef44600b.txt	F	5906.up-956f3f1864b5.txt	F	1356	678	678	14	14	0
5906.up-4c3eef44600b.txt	F	5906.up-956f3f1864b5.txt	R	1356	678	678	14	14	0
5906.up-4c3eef44600b.txt	R	5906.lswap-2c94cb485ad7.txt	F	1356	678	678	14	14	0
5906.up-4c3eef44600b.txt	R	5906.lswap-aea48ef05d9e.txt	F	1356	678	678	0	0	0
5906.up-4c3eef44600b.txt	R	5906.lswap-aea48ef05d9e.txt	R	1356	678	678	0	0	0
5906.up-4c3eef44600b.txt	R	5906.up-956f3f1864b5.txt	F	1356	678	678	14	14	0
5906.up-4c3eef44600b.txt	R	5906.up-956f3f1864b5.txt	R	1356	678	678	14	14	0
5906.up-4c3eef44600b.txt	F	5906.lswap-2c94cb485ad7.txt	R	1368	684	684	14	14	0
5906.up-4c3eef44600b.txt	F	5906.up-3ffb4355518f.txt	F	1368	684	684	14	14	0
5906.up-4c3eef44600b.txt	F	5906.up-3ffb4355518f.txt	R	1368	684	684	14	14	0
5906.up-4c3eef44600b.txt	R	5906.lswap-2c94cb485ad7.txt	R	1368	684	684	14	14	0
5906.up-4c3eef44600b.txt	R	5906.up-3ffb4355518f.txt	F	1368	684	684	14	14	0
5906.up-4c3eef44600b.txt	R	5906.up-3ffb4355518f.txt	R	1368	684	684	14	14	0
5906.up-4c3eef44600b.txt	F	5906.up-d9a28c2d8195.txt	F	1391	696	695	14	15	0
5906.up-4c3eef44600b.txt	F	5906.up-d9a28c2d8195.txt	R	1391	696	695	14	15	0
5906.up-4c3eef44600b.txt	R	5906.up-d9a28c2d8195.txt	F	1391	696	695	14	15	0
5906.up-4c3eef44600b.txt	R	5906.up-d9a28c2d8195.txt	R	1391	696	695	14	15	0
5906.up-4c3eef44600b.txt	F	5906.up-95ffff5c765c.txt	F	1392	696	696	0	0	0
5906.up-4c3eef44600b.txt	F	5906.up-95ffff5c765c.txt	R	1392	696	696	0	0	0
5906.up-4c3eef44600b.txt	F	5906.up-a30c7c517d7b.txt	F	1392	696	696	14	14	0
5906.up-4c3eef44600b.txt	F	5906.up-a30c7c517d7b.txt	R	1392	696	696	14	14	0
5906.up-4c3eef44600b.txt	R	5906.up-95ffff5c765c.txt	F	1392	696	696	0	0	0
5906.up-4c3eef44600b.txt	R	5906.up-95ffff5c765c.txt	R	1392	696	696	0	0	0
5906.up-4c3eef44600b.txt	R	5906.up-a30c7c517d7b.txt	F	1392	696	696	14	14	0
5906.up-4c3eef44600b.txt	R	5906.up-a30c7c517d7b.txt	R	1392	696	696	14	14	0
5906.up-4c3eef44600b.txt	F	5906.up-3de4f10d5095.txt	F	1416	708	708	0	0	0
5906.up-4c3eef44600b.txt	F	5906.up-3de4f10d5095.txt	R	1416	708	708	0	0	0
5906.up-4c3eef44600b.txt	F	5906.up-cad80abdf334.txt	F	1416	708	708	0	0	0
5906.up-4c3eef44600b.txt	F	5906.up-cad80abdf334.txt	R	1416	708	708	0	0	0
5906.up-4c3eef44600b.txt	R	5906.up-3de4f10d5095.txt	F	1416	708	708	0	0	0
5906.up-4c3eef44600b.txt	R	5906.up-3de4f10d5095.txt	R	1416	708	708	0	0	0
5906.up-4c3eef44600b.txt	R	5906.up-cad80abdf334.txt	F	1416	708	708	0	0	0
5906.up-4c3eef44600b.txt	R	5906.up-cad80abdf334.txt	R	1416	708	708	0	0	0
5906.up-6572648567f1.txt	F	5906.up-3ffb4355518f.txt	F	1008	504	504	0	0	0
5906.up-6572648567f1.txt	F	5906.up-3ffb4355518f.txt	R	1008	504	504	0	0	0
5906.up-6572648567f1.txt	R	5906.up-3ffb4355518f.txt	F	1008	504	504	0	0	0
5906.up-6572648567f1.txt	R	5906.up-3ffb4355518f.txt	R	1008	504	504	0	0	0
5906.up-6572648567f1.txt	F	5906.lswap-2c94cb485ad7.txt	F	1020	510	510	0	0	0
5906.up-6572648567f1.txt	F	5906.lswap-2c94cb485ad7.txt	R	1020	510	510	0	0	0
5906.up-6572648567f1.txt	R	5906.lswap-2c94cb485ad7.txt	F	1020	510	510	0	0	0
5906.up-6572648567f1.txt	R	5906.lswap-2c94cb485ad7.txt	R	1020	510	510	0	0	0
5906.up-6572648567f1.txt	F	5906.up-956f3f1864b5.txt	F	1032	516	516	0	0	0
5906.up-6572648567f1.txt	F	5906.up-956f3f1864b5.txt	R	1032	516	516	0	0	0
5906.up-6572648567f1.txt	R	5906.up-956f3f1864b5.txt	F	1032	516	516	0	0	0
5906.up-6572648567f1.txt	R	5906.up-956f3f1864b5.txt	R	1032	516	516	0	0	0
5906.up-6572648567f1.txt	F	5906.lswap-1e70957354f1.txt	F	1048	524	524	14	14	0
5906.up-6572648567f1.txt	F	5906.lswap-41a210488ac9.txt	F	1048	524	524	14	14	0
5906.up-6572648567f1.txt	F	5906.lswap-e0920da719d9.txt	R	1048	524	524	14	14	0
5906.up-6572648567f1.txt	F	5906.up-b2d6bec1e3bd.txt	F	1048	524	524	14	14	0
5906.up-6572648567f1.txt	F	5906.up-b2d6bec1e3bd.txt	R	1048	524	524	14	14	0
5906.up-6572648567f1.txt	R	5906.lswap-1e70957354f1.txt	F	1048	524	524	14	14	0
5906.up-6572648567f1.txt	R	5906.lswap-41a210488ac9.txt	F	1048	524	524	14	14	0
5906.up-6572648567f1.txt	R	5906.lswap-e0920da719d9.txt	R	1048	524	524	14	14	0
5906.up-6572648567f1.txt	R	5906.up-b2d6bec1e3bd.txt	F	1048	524	524	14	14	0
5906.up-6572648567f1.txt	R	5906.up-b2d6bec1e3bd.txt	R	1048	524	524	14	14	0
5906.up-6572648567f1.txt	F	5906.lswap-0de54c0a7bb6.txt	F	1060	530	530	14	14	0
5906.up-6572648567f1.txt	F	5906.lswap-3baeeea281f2.txt	R	1060	530	530	14	14	0
5906.up-6572648567f1.txt	F	5906.lswap-3c791ffa671d.txt	R	1060	530	530	14	14	0
5906.up-6572648567f1.txt	F	5906.lswap-5a55d1641a86.txt	F	1060	530	530	14	14	0
5906.up-6572648567f1.txt	F	5906.lswap-821102adfff8.txt	R	1060	530	530	14	14	0
5906.up-6572648567f1.txt	F	5906.up-2cb6c1139592.txt	F	1060	530	530	14	14	0
5906.up-6572648567f1.txt	F	5906.up-2cb6c1139592.txt	R	1060	530	530	14	14	0
5906.up-6572648567f1.txt	R	5906.lswap-0de54c0a7bb6.txt	F	1060	530	530	14	14	0
5906.up-6572648567f1.txt	R	5906.lswap-3baeeea281f2.txt	R	1060	530	530	14	14	0
5906.up-6572648567f1.txt	R	5906.lswap-3c791ffa671d.txt	R	1060	530	530	14	14	0
5906.up-6572648567f1.txt	R	5906.lswap-5a55d1641a86.txt	F	1060	530	530	14	14	0
5906.up-6572648567f1.txt	R	5906.lswap-821102adfff8.txt	R	1060	530	530	14	14	0
5906.up-6572648567f1.txt	R	5906.up-2cb6c1139592.txt	F	1060	530	530	14	14	0
5906.up-6572648567f1.txt	R	5906.up-2cb6c1139592.txt	R	1060	530	530	14	14	0
5906.up-6572648567f1.txt	F	5906.lswap-1e70957354f1.txt	R	1072	536	536	14	14	0
5906.up-6572648567f1.txt	F	5906.lswap-25804d565b10.txt	R	1072	536	536	14	14	0
5906.up-6572648567f1.txt	F	5906.lswap-6d7ea156bdcc.txt	F	1072	536	536	14	14	0
5906.up-6572648567f1.txt	F	5906.lswap-7602ba885180.txt	R	1072	536	536	14	14	0
5906.up-6572648567f1.txt	F	5906.lswap-9759fb4af500.txt	F	1072	536	536	14	14	0
5906.up-6572648567f1.txt	F	5906.lswap-a7d2db45842b.txt	R	1072	536	536	14	14	0
5906.up-6572648567f1.txt	F	5906.lswap-b12d38608f09.txt	F	1072	536	536	14	14	0
5906.up-6572648567f1.txt	F	5906.lswap-cae9c3b46793.txt	R	1072	536	536	14	14	0
5906.up-6572648567f1.txt	F	5906.lswap-df71274e07be.txt	R	1072	536	536	14	14	0
5906.up-6572648567f1.txt	F	5906.up-23ca8a9bcc81.txt	F	1072	536	536	14	14	0
5906.up-6572648567f1.txt	F	5906.up-23ca8a9bcc81.txt	R	1072	536	536	14	14	0
5906.up-6572648567f1.txt	R	5906.lswap-1e70957354f1.txt	R	1072	536	536	14	14	0
5906.up-6572648567f1.txt	R	5906.lswap-25804d565b10.txt	R	1072	536	536	14	14	0
5906.up-6572648567f1.txt	R	5906.lswap-6d7ea156bdcc.txt	F	1072	536	536	14	14	0
5906.up-6572648567f1.txt	R	5906.lswap-7602ba885180.txt	R	1072	536	536	14	14	0
5906.up-6572648567f1.txt	R	5906.lswap-9759fb4af500.txt	F	1072	536	536	14	14	0
5906.up-6572648567f1.txt	R	5906.lswap-a7d2db45842b.txt	R	1072	536	536	14	14	0
5906.up-6572648567f1.txt	R	5906.lswap-b12d38608f09.txt	F	1072	536	536	14	14	0
5906.up-6572648567f1.txt	R	5906.lswap-cae9c3b46793.txt	R	1072	536	536	14	14	0
5906.up-6572648567f1.txt	R	5906.lswap-df71274e07be.txt	R	1072	536	536	14	14	0
5906.up-6572648567f1.txt	R	5906.up-23ca8a9bcc81.txt	F	1072	536	536	14	14	0
5906.up-6572648567f1.txt	R	5906.up-23ca8a9bcc81.txt	R	1072	536	536	14	14	0
5906.up-6572648567f1.txt	F	5906.lswap-0de54c0a7bb6.txt	R	1084	542	542	14	14	0
5906.up-6572648567f1.txt	F	5906.lswap-17203113788c.txt	F	1084	542	542	14	14	0
5906.up-6572648567f1.txt	F	5906.lswap-423441640591.txt	R	1084	542	542	14	14	0
5906.up-6572648567f1.txt	F	5906.lswap-5228890279ca.txt	F	1084	542	542	14	14	0
5906.up-6572648567f1.txt	F	5906.lswap-52e683fb05d3.txt	F	1084	542	542	14	14	0
5906.up-6572648567f1.txt	F	5906.lswap-5dbb54e50268.txt	F	1084	542	542	14	14	0
5906.up-6572648567f1.txt	F	5906.lswap-73851215f718.txt	F	1084	542	542	14	14	0
5906.up-6572648567f1.txt	F	5906.lswap-eeb9a73f4b33.txt	F	1084	542	542	14	14	0
5906.up-6572648567f1.txt	F	5906.up-0d2e98183c29.txt	F	1084	542	542	14	14	0
5906.up-6572648567f1.txt	F	5906.up-0d2e98183c29.txt	R	1084	542	542	14	14	0
5906.up-6572648567f1.txt	F	5906.up-eebb02e3baec.txt	F	1084	542	542	14	14	0
5906.up-6572648567f1.txt	F	5906.up-eebb02e3baec.txt	R	1084	542	542	14	14	0
5906.up-6572648567f1.txt	R	5906.lswap-0de54c0a7bb6.txt	R	1084	542	542	14	14	0
5906.up-6572648567f1.txt	R	5906.lswap-17203113788c.txt	F	1084	542	542	14	14	0
5906.up-6572648567f1.txt	R	5906.lswap-423441640591.txt	R	1084	542	542	14	14	0
5906.up-6572648567f1.txt	R	5906.lswap-5228890279ca.txt	F	1084	542	542	14	14	0
5906.up-6572648567f1.txt	R	5906.lswap-52e683fb05d3.txt	F	1084	542	542	14	14	0
5906.up-6572648567f1.txt	R	5906.lswap-5dbb54e50268.txt	F	1084	542	542	14	14	0
5906.up-6572648567f1.txt	R	5906.lswap-73851215f718.txt	F	1084	542	542	14	14	0
5906.up-6572648567f1.txt	R	5906.lswap-eeb9a73f4b33.txt	F	1084	542	542	14	14	0
5906.up-6572648567f1.txt	R	5906.up-0d2e98183c29.txt	F	1084	542	542	14	14	0
5906.up-6572648567f1.txt	R	5906.up-0d2e98183c29.txt	R	1084	542	542	14	14	0
5906.up-6572648567f1.txt	R	5906.up-eebb02e3baec.txt	F	1084	542	542	14	14	0
5906.up-6572648567f1.txt	R	5906.up-eebb02e3baec.txt	R	1084	542	542	14	14	0
5906.up-6572648567f1.txt	F	5906.lswap-49fc63d034f2.txt	F	1092	546	546	14	14	0
5906.up-6572648567f1.txt	F	5906.up-a838f31a7b4f.txt	F	1092	546	546	14	14	0
5906.up-6572648567f1.txt	F	5906.up-a838f31a7b4f.txt	R	1092	546	546	14	14	0
5906.up-6572648567f1.txt	R	5906.lswap-49fc63d034f2.txt	F	1092	546	546	14	14	0
5906.up-6572648567f1.txt	R	5906.up-a838f31a7b4f.txt	F	1092	546	546	14	14	0
5906.up-6572648567f1.txt	R	5906.up-a838f31a7b4f.txt	R	1092	546	546	14	14	0
5906.up-6572648567f1.txt	F	5906.lswap-3c791ffa671d.txt	F	1096	548	548	14	14	0
5906.up-6572648567f1.txt	F	5906.lswap-469763027c57.txt	R	1096	548	548	14	14	0
5906.up-6572648567f1.txt	F	5906.lswap-52f45c5e8e22.txt	F	1096	548	548	14	14	0
5906.up-6572648567f1.txt	F	5906.lswap-6d0ad177e5ee.txt	F	1096	548	548	14	14	0
5906.up-6572648567f1.txt	F	5906.lswap-6f6f375dca74.txt	F	1096	548	548	14	14	0
5906.up-6572648567f1.txt	F	5906.lswap-73851215f718.txt	R	1096	548	548	14	14	0
5906.up-6572648567f1.txt	F	5906.lswap-80e6c24a2613.txt	F	1096	548	548	14	14	0
5906.up-6572648567f1.txt	F	5906.lswap-a28e203d65dc.txt	R	1096	548	548	14	14	0
5906.up-6572648567f1.txt	F	5906.lswap-af54b6f406a6.txt	R	1096	548	548	14	14	0
5906.up-6572648567f1.txt	F	5906.lswap-f6dbf9989449.txt	F	1096	548	548	14	14	0
5906.up-6572648567f1.txt	R	5906.lswap-3c791ffa671d.txt	F	1096	548	548	14	14	0
5906.up-6572648567f1.txt	R	5906.lswap-469763027c57.txt	R	1096	548	548	14	14	0
5906.up-6572648567f1.txt	R	5906.lswap-52f45c5e8e22.txt	F	1096	548	548	14	14	0
5906.up-6572648567f1.txt	R	5906.lswap-6d0ad177e5ee.txt	F	1096	548	548	14	14	0
5906.up-6572648567f1.txt	R	5906.lswap-6f6f375dca74.txt	F	1096	548	548	14	14	0
5906.up-6572648567f1.txt	R	5906.lswap-73851215f718.txt	R	1096	548	548	14	14	0
5906.up-6572648567f1.txt	R	5906.lswap-80e6c24a2613.txt	F	1096	548	548	14	14	0
5906.up-6572648567f1.txt	R	5906.lswap-a28e203d65dc.txt	R	1096	548	548	14	14	0
5906.up-6572648567f1.txt	R	5906.lswap-af54b6f406a6.txt	R	1096	548	548	14	14	0
5906.up-6572648567f1.txt	R	5906.lswap-f6dbf9989449.txt	F	1096	548	548	14	14	0
5906.up-6572648567f1.txt	F	5906.up-d9a28c2d8195.txt	R	1103	552	551	1	2	0
5906.up-6572648567f1.txt	R	5906.up-d9a28c2d8195.txt	R	1103	552	551	1	2	0
5906.up-6572648567f1.txt	F	5906.lswap-41a210488ac9.txt	R	1104	552	552	14	14	0
5906.up-6572648567f1.txt	F	5906.lswap-4c179f65aa4b.txt	R	1104	552	552	14	14	0
5906.up-6572648567f1.txt	F	5906.lswap-b12d38608f09.txt	R	1104	552	552	14	14	0
5906.up-6572648567f1.txt	F	5906.lswap-cf5ecb0e9ecc.txt	R	1104	552	552	14	14	0
5906.up-6572648567f1.txt	F	5906.up-78d638be95ae.txt	F	1104	552	552	14	14	0
5906.up-6572648567f1.txt	F	5906.up-78d638be95ae.txt	R	1104	552	552	14	14	0
5906.up-6572648567f1.txt	F	5906.up-a30c7c517d7b.txt	F	1104	552	552	0	0	0
5906.up-6572648567f1.txt	F	5906.up-a30c7c517d7b.txt	R	1104	552	552	0	0	0
5906.up-6572648567f1.txt	R	5906.lswap-41a210488ac9.txt	R	1104	552	552	14	14	0
5906.up-6572648567f1.txt	R	5906.lswap-4c179f65aa4b.txt	R	1104	552	552	14	14	0
5906.up-6572648567f1.txt	R	5906.lswap-b12d38608f09.txt	R	1104	552	552	14	14	0
5906.up-6572648567f1.txt	R	5906.lswap-cf5ecb0e9ecc.txt	R	1104	552	552	14	14	0
5906.up-6572648567f1.txt	R	5906.up-78d638be95ae.txt	F	1104	552	552	14	14	0
5906.up-6572648567f1.txt	R	5906.up-78d638be95ae.txt	R	1104	552	552	14	14	0
5906.up-6572648567f1.txt	R	5906.up-a30c7c517d7b.txt	F	1104	552	552	0	0	0
5906.up-6572648567f1.txt	R	5906.up-a30c7c517d7b.txt	R	1104	552	552	0	0	0
5906.up-6572648567f1.txt	F	5906.up-d9a28c2d8195.txt	F	1105	553	552	1	2	0
5906.up-6572648567f1.txt	R	5906.up-d9a28c2d8195.txt	F	1105	553	552	1	2	0
5906.up-6572648567f1.txt	F	5906.lswap-2fb529601be6.txt	F	1108	554	554	14	14	0
5906.up-6572648567f1.txt	F	5906.lswap-9f3672f6c430.txt	R	1108	554	554	14	14	0
5906.up-6572648567f1.txt	F	5906.lswap-b55f23a2f470.txt	R	1108	554	554	14	14	0
5906.up-6572648567f1.txt	F	5906.lswap-be4759bc731a.txt	F	1108	554	554	14	14	0
5906.up-6572648567f1.txt	F	5906.lswap-cae9c3b46793.txt	F	1108	554	554	14	14	0
5906.up-6572648567f1.txt	F	5906.lswap-e2d18fca77cb.txt	F	1108	554	554	14	14	0
5906.up-6572648567f1.txt	F	5906.lswap-eeb9a73f4b33.txt	R	1108	554	554	14	14	0
5906.up-6572648567f1.txt	F	5906.lswap-f6dbf9989449.txt	R	1108	554	554	14	14	0
5906.up-6572648567f1.txt	F	5906.up-7c111e182316.txt	F	1108	554	554	14	14	0
5906.up-6572648567f1.txt	F	5906.up-7c111e182316.txt	R	1108	554	554	14	14	0
5906.up-6572648567f1.txt	F	5906.up-d2559533f431.txt	F	1108	554	554	14	14	0
5906.up-6572648567f1.txt	F	5906.up-d2559533f431.txt	R	1108	554	554	14	14	0
5906.up-6572648567f1.txt	R	5906.lswap-2fb529601be6.txt	F	1108	554	554	14	14	0
5906.up-6572648567f1.txt	R	5906.lswap-9f3672f6c430.txt	R	1108	554	554	14	14	0
5906.up-6572648567f1.txt	R	5906.lswap-b55f23a2f470.txt	R	1108	554	554	14	14	0
5906.up-6572648567f1.txt	R	5906.lswap-be4759bc731a.txt	F	1108	554	554	14	14	0
5906.up-6572648567f1.txt	R	5906.lswap-cae9c3b46793.txt	F	1108	554	554	14	14	0
5906.up-6572648567f1.txt	R	5906.lswap-e2d18fca77cb.txt	F	1108	554	554	14	14	0
5906.up-6572648567f1.txt	R	5906.lswap-eeb9a73f4b33.txt	R	1108	554	554	14	14	0
5906.up-6572648567f1.txt	R	5906.lswap-f6dbf9989449.txt	R	1108	554	554	14	14	0
5906.up-6572648567f1.txt	R	5906.up-7c111e182316.txt	F	1108	554	554	14	14	0
5906.up-6572648567f1.txt	R	5906.up-7c111e182316.txt	R	1108	554	554	14	14	0
5906.up-6572648567f1.txt	R	5906.up-d2559533f431.txt	F	1108	554	554	14	14	0
5906.up-6572648567f1.txt	R	5906.up-d2559533f431.txt	R	1108	554	554	14	14	0
5906.up-6572648567f1.txt	F	5906.lswap-3b4f2e286e0c.txt	R	1116	558	558	14	14	0
5906.up-6572648567f1.txt	F	5906.lswap-49fc63d034f2.txt	R	1116	558	558	14	14	0
5906.up-6572648567f1.txt	F	5906.lswap-5808edca979d.txt	F	1116	558	558	14	14	0
5906.up-6572648567f1.txt	F	5906.lswap-6f6f375dca74.txt	R	1116	558	558	14	14	0
5906.up-6572648567f1.txt	F	5906.lswap-9a5cc6a6e3c8.txt	F	1116	558	558	14	14	0
5906.up-6572648567f1.txt	F	5906.lswap-afd973e1a915.txt	F	1116	558	558	14	14	0
5906.up-6572648567f1.txt	F	5906.up-77512ee88848.txt	F	1116	558	558	14	14	0
5906.up-6572648567f1.txt	F	5906.up-77512ee88848.txt	R	1116	558	558	14	14	0
5906.up-6572648567f1.txt	F	5906.up-91a0d3cd2c14.txt	F	1116	558	558	14	14	0
5906.up-6572648567f1.txt	F	5906.up-91a0d3cd2c14.txt	R	1116	558	558	14	14	0
5906.up-6572648567f1.txt	R	5906.lswap-3b4f2e286e0c.txt	R	1116	558	558	14	14	0
5906.up-6572648567f1.txt	R	5906.lswap-49fc63d034f2.txt	R	1116	558	558	14	14	0
5906.up-6572648567f1.txt	R	5906.lswap-5808edca979d.txt	F	1116	558	558	14	14	0
5906.up-6572648567f1.txt	R	5906.lswap-6f6f375dca74.txt	R	1116	558	558	14	14	0
5906.up-6572648567f1.txt	R	5906.lswap-9a5cc6a6e3c8.txt	F	1116	558	558	14	14	0
5906.up-6572648567f1.txt	R	5906.lswap-afd973e1a915.txt	F	1116	558	558	14	14	0
5906.up-6572648567f1.txt	R	5906.up-77512ee88848.txt	F	1116	558	558	14	14	0
5906.up-6572648567f1.txt	R	5906.up-77512ee88848.txt	R	1116	558	558	14	14	0
5906.up-6572648567f1.txt	R	5906.up-91a0d3cd2c14.txt	F	1116	558	558	14	14	0
5906.up-6572648567f1.txt	R	5906.up-91a0d3cd2c14.txt	R	1116	558	558	14	14	0
5906.up-6572648567f1.txt	F	5906.lswap-031568aa1b5c.txt	F	1120	560	560	14	14	0
5906.up-6572648567f1.txt	F	5906.lswap-2497c9291398.txt	F	1120	560	560	14	14	0
5906.up-6572648567f1.txt	F	5906.lswap-3b4f2e286e0c.txt	F	1120	560	560	14	14	0
5906.up-6572648567f1.txt	F	5906.lswap-423441640591.txt	F	1120	560	560	14	14	0
5906.up-6572648567f1.txt	F	5906.lswap-5764c730eaee.txt	F	1120	560	560	14	14	0
5906.up-6572648567f1.txt	F	5906.lswap-7f47c6e6eeda.txt	R	1120	560	560	14	14	0
5906.up-6572648567f1.txt	F	5906.lswap-821102adfff8.txt	F	1120	560	560	14	14	0
5906.up-6572648567f1.txt	F	5906.lswap-964ebce5847f.txt	F	1120	560	560	14	14	0
5906.up-6572648567f1.txt	F	5906.lswap-e73e096376f0.txt	R	1120	560	560	14	14	0
5906.up-6572648567f1.txt	F	5906.up-168d62e1a9d1.txt	F	1120	560	560	14	14	0
5906.up-6572648567f1.txt	F	5906.up-168d62e1a9d1.txt	R	1120	560	560	14	14	0
5906.up-6572648567f1.txt	R	5906.lswap-031568aa1b5c.txt	F	1120	560	560	14	14	0
5906.up-6572648567f1.txt	R	5906.lswap-2497c9291398.txt	F	1120	560	560	14	14	0
5906.up-6572648567f1.txt	R	5906.lswap-3b4f2e286e0c.txt	F	1120	560	560	14	14	0
5906.up-6572648567f1.txt	R	5906.lswap-423441640591.txt	F	1120	560	560	14	14	0
5906.up-6572648567f1.txt	R	5906.lswap-5764c730eaee.txt	F	1120	560	560	14	14	0
5906.up-6572648567f1.txt	R	5906.lswap-7f47c6e6eeda.txt	R	1120	560	560	14	14	0
5906.up-6572648567f1.txt	R	5906.lswap-821102adfff8.txt	F	1120	560	560	14	14	0
5906.up-6572648567f1.txt	R	5906.lswap-964ebce5847f.txt	F	1120	560	560	14	14	0
5906.up-6572648567f1.txt	R	5906.lswap-e73e096376f0.txt	R	1120	560	560	14	14	0
5906.up-6572648567f1.txt	R	5906.up-168d62e1a9d1.txt	F	1120	560	560	14	14	0
5906.up-6572648567f1.txt	R	5906.up-168d62e1a9d1.txt	R	1120	560	560	14	14	0
5906.up-6572648567f1.txt	F	5906.lswap-2497c9291398.txt	R	1128	564	564	14	14	0
5906.up-6572648567f1.txt	F	5906.lswap-6d7ea156bdcc.txt	R	1128	564	564	14	14	0
5906.up-6572648567f1.txt	F	5906.lswap-80e6c24a2613.txt	R	1128	564	564	14	14	0
5906.up-6572648567f1.txt	F	5906.lswap-8ed814577309.txt	R	1128	564	564	14	14	0
5906.up-6572648567f1.txt	F	5906.lswap-9759fb4af500.txt	R	1128	564	564	14	14	0
5906.up-6572648567f1.txt	F	5906.lswap-aa52880fc9e0.txt	F	1128	564	564	14	14	0
5906.up-6572648567f1.txt	F	5906.lswap-e0920da719d9.txt	F	1128	564	564	14	14	0
5906.up-6572648567f1.txt	F	5906.lswap-e59a6239aa79.txt	R	1128	564	564	14	14	0
5906.up-6572648567f1.txt	F	5906.lswap-fde8e0f0f322.txt	F	1128	564	564	0	0	0
5906.up-6572648567f1.txt	F	5906.lswap-fde8e0f0f322.txt	R	1128	564	564	0	0	0
5906.up-6572648567f1.txt	F	5906.up-55058cab6cba.txt	F	1128	564	564	0	0	0
5906.up-6572648567f1.txt	F	5906.up-55058cab6cba.txt	R	1128	564	564	0	0	0
5906.up-6572648567f1.txt	F	5906.up-f0a3bb335ed9.txt	F	1128	564	564	0	0	0
5906.up-6572648567f1.txt	F	5906.up-f0a3bb335ed9.txt	R	1128	564	564	0	0	0
5906.up-6572648567f1.txt	R	5906.lswap-2497c9291398.txt	R	1128	564	564	14	14	0
5906.up-6572648567f1.txt	R	5906.lswap-6d7ea156bdcc.txt	R	1128	564	564	14	14	0
5906.up-6572648567f1.txt	R	5906.lswap-80e6c24a2613.txt	R	1128	564	564	14	14	0
5906.up-6572648567f1.txt	R	5906.lswap-8ed814577309.txt	R	1128	564	564	14	14	0
5906.up-6572648567f1.txt	R	5906.lswap-9759fb4af500.txt	R	1128	564	564	14	14	0
5906.up-6572648567f1.txt	R	5906.lswap-aa52880fc9e0.txt	F	1128	564	564	14	14	0
5906.up-6572648567f1.txt	R	5906.lswap-e0920da719d9.txt	F	1128	564	564	14	14	0
5906.up-6572648567f1.txt	R	5906.lswap-e59a6239aa79.txt	R	1128	564	564	14	14	0
5906.up-6572648567f1.txt	R	5906.lswap-fde8e0f0f322.txt	F	1128	564	564	0	0	0
5906.up-6572648567f1.txt	R	5906.lswap-fde8e0f0f322.txt	R	1128	564	564	0	0	0
5906.up-6572648567f1.txt	R	5906.up-55058cab6cba.txt	F	1128	564	564	0	0	0
5906.up-6572648567f1.txt	R	5906.up-55058cab6cba.txt	R	1128	564	564	0	0	0
5906.up-6572648567f1.txt	R	5906.up-f0a3bb335ed9.txt	F	1128	564	564	0	0	0
5906.up-6572648567f1.txt	R	5906.up-f0a3bb335ed9.txt	R	1128	564	564	0	0	0
5906.up-6572648567f1.txt	F	5906.lswap-2fb529601be6.txt	R	1132	566	566	14	14	0
5906.up-6572648567f1.txt	F	5906.lswap-469763027c57.txt	F	1132	566	566	14	14	0
5906.up-6572648567f1.txt	F	5906.lswap-52e683fb05d3.txt	R	1132	566	566	14	14	0
5906.up-6572648567f1.txt	F	5906.lswap-5a7a973564fd.txt	F	1132	566	566	14	14	0
5906.up-6572648567f1.txt	F	5906.lswap-62d959eb4e73.txt	F	1132	566	566	14	14	0
5906.up-6572648567f1.txt	F	5906.lswap-6bd82af50a4e.txt	F	1132	566	566	14	14	0
5906.up-6572648567f1.txt	F	5906.lswap-7602ba885180.txt	F	1132	566	566	14	14	0
5906.up-6572648567f1.txt	F	5906.lswap-9f3672f6c430.txt	F	1132	566	566	14	14	0
5906.up-6572648567f1.txt	F	5906.up-16ca46d2c5a9.txt	F	1132	566	566	14	14	0
5906.up-6572648567f1.txt	F	5906.up-16ca46d2c5a9.txt	R	1132	566	566	14	14	0
5906.up-6572648567f1.txt	F	5906.up-aed220b1ebc4.txt	F	1132	566	566	14	14	0
5906.up-6572648567f1.txt	F	5906.up-aed220b1ebc4.txt	R	1132	566	566	14	14	0
5906.up-6572648567f1.txt	R	5906.lswap-2fb529601be6.txt	R	1132	566	566	14	14	0
5906.up-6572648567f1.txt	R	5906.lswap-469763027c57.txt	F	1132	566	566	14	14	0
5906.up-6572648567f1.txt	R	5906.lswap-52e683fb05d3.txt	R	1132	566	566	14	14	0
5906.up-6572648567f1.txt	R	5906.lswap-5a7a973564fd.txt	F	1132	566	566	14	14	0
5906.up-6572648567f1.txt	R	5906.lswap-62d959eb4e73.txt	F	1132	566	566	14	14	0
5906.up-6572648567f1.txt	R	5906.lswap-6bd82af50a4e.txt	F	1132	566	566	14	14	0
5906.up-6572648567f1.txt	R	5906.lswap-7602ba885180.txt	F	1132	566	566	14	14	0
5906.up-6572648567f1.txt	R	5906.lswap-9f3672f6c430.txt	F	1132	566	566	14	14	0
5906.up-6572648567f1.txt	R	5906.up-16ca46d2c5a9.txt	F	1132	566	566	14	14	0
5906.up-6572648567f1.txt	R	5906.up-16ca46d2c5a9.txt	R	1132	566	566	14	14	0
5906.up-6572648567f1.txt	R	5906.up-aed220b1ebc4.txt	F	1132	566	566	14	14	0
5906.up-6572648567f1.txt	R	5906.up-aed220b1ebc4.txt	R	1132	566	566	14	14	0
5906.up-6572648567f1.txt	F	5906.lswap-29ee6f7c1197.txt	R	1140	570	570	14	14	0
5906.up-6572648567f1.txt	F	5906.lswap-5764c730eaee.txt	R	1140	570	570	14	14	0
5906.up-6572648567f1.txt	F	5906.lswap-a28e203d65dc.txt	F	1140	570	570	14	14	0
5906.up-6572648567f1.txt	F	5906.lswap-aa52880fc9e0.txt	R	1140	570	570	14	14	0
5906.up-6572648567f1.txt	F	5906.lswap-afd973e1a915.txt	R	1140	570	570	14	14	0
5906.up-6572648567f1.txt	F	5906.lswap-cf5ecb0e9ecc.txt	F	1140	570	570	14	14	0
5906.up-6572648567f1.txt	F	5906.lswap-e145b859ca30.txt	F	1140	570	570	14	14	0
5906.up-6572648567f1.txt	F	5906.up-8ec03171f5df.txt	F	1140	570	570	14	14	0
5906.up-6572648567f1.txt	F	5906.up-8ec03171f5df.txt	R	1140	570	570	14	14	0
5906.up-6572648567f1.txt	R	5906.lswap-29ee6f7c1197.txt	R	1140	570	570	14	14	0
5906.up-6572648567f1.txt	R	5906.lswap-5764c730eaee.txt	R	1140	570	570	14	14	0
5906.up-6572648567f1.txt	R	5906.lswap-a28e203d65dc.txt	F	1140	570	570	14	14	0
5906.up-6572648567f1.txt	R	5906.lswap-aa52880fc9e0.txt	R	1140	570	570	14	14	0
5906.up-6572648567f1.txt	R	5906.lswap-afd973e1a915.txt	R	1140	570	570	14	14	0
5906.up-6572648567f1.txt	R	5906.lswap-cf5ecb0e9ecc.txt	F	1140	570	570	14	14	0
5906.up-6572648567f1.txt	R	5906.lswap-e145b859ca30.txt	F	1140	570	570	14	14	0
5906.up-6572648567f1.txt	R	5906.up-8ec03171f5df.txt	F	1140	570	570	14	14	0
5906.up-6572648567f1.txt	R	5906.up-8ec03171f5df.txt	R	1140	570	570	14	14	0
5906.up-6572648567f1.txt	F	5906.lswap-2ae54d2fd96c.txt	F	1144	572	572	14	14	0
5906.up-6572648567f1.txt	F	5906.lswap-3b66fbdbdf53.txt	F	1144	572	572	14	14	0
5906.up-6572648567f1.txt	F	5906.lswap-49fac07a5323.txt	F	1144	572	572	14	14	0
5906.up-6572648567f1.txt	F	5906.lswap-8ed814577309.txt	F	1144	572	572	14	14	0
5906.up-6572648567f1.txt	F	5906.lswap-964ebce5847f.txt	R	1144	572	572	14	14	0
5906.up-6572648567f1.txt	F	5906.up-c2286e4674af.txt	F	1144	572	572	14	14	0
5906.up-6572648567f1.txt	F	5906.up-c2286e4674af.txt	R	1144	572	572	14	14	0
5906.up-6572648567f1.txt	F	5906.up-e948752d6a32.txt	F	1144	572	572	14	14	0
5906.up-6572648567f1.txt	F	5906.up-e948752d6a32.txt	R	1144	572	572	14	14	0
5906.up-6572648567f1.txt	R	5906.lswap-2ae54d2fd96c.txt	F	1144	572	572	14	14	0
5906.up-6572648567f1.txt	R	5906.lswap-3b66fbdbdf53.txt	F	1144	572	572	14	14	0
5906.up-6572648567f1.txt	R	5906.lswap-49fac07a5323.txt	F	1144	572	572	14	14	0
5906.up-6572648567f1.txt	R	5906.lswap-8ed814577309.txt	F	1144	572	572	14	14	0
5906.up-6572648567f1.txt	R	5906.lswap-964ebce5847f.txt	R	1144	572	572	14	14	0
5906.up-6572648567f1.txt	R	5906.up-c2286e4674af.txt	F	1144	572	572	14	14	0
5906.up-6572648567f1.txt	R	5906.up-c2286e4674af.txt	R	1144	572	572	14	14	0
5906.up-6572648567f1.txt	R	5906.up-e948752d6a32.txt	F	1144	572	572	14	14	0
5906.up-6572648567f1.txt	R	5906.up-e948752d6a32.txt	R	1144	572	572	14	14	0
5906.up-6572648567f1.txt	F	5906.lswap-9f885c2a5e20.txt	F	1146	576	570	3	9	0
5906.up-6572648567f1.txt	F	5906.lswap-9f885c2a5e20.txt	R	1146	576	570	3	9	0
5906.up-6572648567f1.txt	F	5906.up-0a065898a821.txt	F	1146	576	570	3	9	0
5906.up-6572648567f1.txt	F	5906.up-0a065898a821.txt	R	1146	576	570	3	9	0
5906.up-6572648567f1.txt	F	5906.up-72482a71c81e.txt	F	1146	576	570	3	9	0
5906.up-6572648567f1.txt	F	5906.up-72482a71c81e.txt	R	1146	576	570	3	9	0
5906.up-6572648567f1.txt	R	5906.lswap-9f885c2a5e20.txt	F	1146	576	570	3	9	0
5906.up-6572648567f1.txt	R	5906.lswap-9f885c2a5e20.txt	R	1146	576	570	3	9	0
5906.up-6572648567f1.txt	R	5906.up-0a065898a821.txt	F	1146	576	570	3	9	0
5906.up-6572648567f1.txt	R	5906.up-0a065898a821.txt	R	1146	576	570	3	9	0
5906.up-6572648567f1.txt	R	5906.up-72482a71c81e.txt	F	1146	576	570	3	9	0
5906.up-6572648567f1.txt	R	5906.up-72482a71c81e.txt	R	1146	576	570	3	9	0
5906.up-6572648567f1.txt	F	5906.lswap-20db05a5b51e.txt	F	1152	576	576	14	14	0
5906.up-6572648567f1.txt	F	5906.lswap-20db05a5b51e.txt	R	1152	576	576	14	14	0
5906.up-6572648567f1.txt	F	5906.lswap-25804d565b10.txt	F	1152	576	576	14	14	0
5906.up-6572648567f1.txt	F	5906.lswap-49fac07a5323.txt	R	1152	576	576	14	14	0
5906.up-6572648567f1.txt	F	5906.lswap-5228890279ca.txt	R	1152	576	576	14	14	0
5906.up-6572648567f1.txt	F	5906.lswap-52f45c5e8e22.txt	R	1152	576	576	14	14	0
5906.up-6572648567f1.txt	F	5906.lswap-5a55d1641a86.txt	R	1152	576	576	14	14	0
5906.up-6572648567f1.txt	F	5906.lswap-c394b34cb7cc.txt	F	1152	576	576	0	0	0
5906.up-6572648567f1.txt	F	5906.lswap-c394b34cb7cc.txt	R	1152	576	576	0	0	0
5906.up-6572648567f1.txt	F	5906.lswap-d252e4d38aa9.txt	F	1152	576	576	14	14	0
5906.up-6572648567f1.txt	F	5906.lswap-e73e096376f0.txt	F	1152	576	576	14	14	0
5906.up-6572648567f1.txt	F	5906.up-14e2c7b29aae.txt	F	1152	576	576	14	14	0
5906.up-6572648567f1.txt	F	5906.up-14e2c7b29aae.txt	R	1152	576	576	14	14	0
5906.up-6572648567f1.txt	F	5906.up-63a938be8d73.txt	F	1152	576	576	0	0	0
5906.up-6572648567f1.txt	F	5906.up-63a938be8d73.txt	R	1152	576	576	0	0	0
5906.up-6572648567f1.txt	F	5906.up-d8c6ba46400e.txt	F	1152	576	576	0	0	0
5906.up-6572648567f1.txt	F	5906.up-d8c6ba46400e.txt	R	1152	576	576	0	0	0
5906.up-6572648567f1.txt	R	5906.lswap-20db05a5b51e.txt	F	1152	576	576	14	14	0
5906.up-6572648567f1.txt	R	5906.lswap-20db05a5b51e.txt	R	1152	576	576	14	14	0
5906.up-6572648567f1.txt	R	5906.lswap-25804d565b10.txt	F	1152	576	576	14	14	0
5906.up-6572648567f1.txt	R	5906.lswap-49fac07a5323.txt	R	1152	576	576	14	14	0
5906.up-6572648567f1.txt	R	5906.lswap-5228890279ca.txt	R	1152	576	576	14	14	0
5906.up-6572648567f1.txt	R	5906.lswap-52f45c5e8e22.txt	R	1152	576	576	14	14	0
5906.up-6572648567f1.txt	R	5906.lswap-5a55d1641a86.txt	R	1152	576	576	14	14	0
5906.up-6572648567f1.txt	R	5906.lswap-c394b34cb7cc.txt	F	1152	576	576	0	0	0
5906.up-6572648567f1.txt	R	5906.lswap-c394b34cb7cc.txt	R	1152	576	576	0	0	0
5906.up-6572648567f1.txt	R	5906.lswap-d252e4d38aa9.txt	F	1152	576	576	14	14	0
5906.up-6572648567f1.txt	R	5906.lswap-e73e096376f0.txt	F	1152	576	576	14	14	0
5906.up-6572648567f1.txt	R	5906.up-14e2c7b29aae.txt	F	1152	576	576	14	14	0
5906.up-6572648567f1.txt	R	5906.up-14e2c7b29aae.txt	R	1152	576	576	14	14	0
5906.up-6572648567f1.txt	R	5906.up-63a938be8d73.txt	F	1152	576	576	0	0	0
5906.up-6572648567f1.txt	R	5906.up-63a938be8d73.txt	R	1152	576	576	0	0	0
5906.up-6572648567f1.txt	R	5906.up-d8c6ba46400e.txt	F	1152	576	576	0	0	0
5906.up-6572648567f1.txt	R	5906.up-d8c6ba46400e.txt	R	1152	576	576	0	0	0
5906.up-6572648567f1.txt	F	5906.lswap-5dbb54e50268.txt	R	1156	578	578	14	14	0
5906.up-6572648567f1.txt	F	5906.lswap-62d959eb4e73.txt	R	1156	578	578	14	14	0
5906.up-6572648567f1.txt	F	5906.lswap-e2d18fca77cb.txt	R	1156	578	578	14	14	0
5906.up-6572648567f1.txt	F	5906.up-331e3f0f91ee.txt	F	1156	578	578	14	14	0
5906.up-6572648567f1.txt	F	5906.up-331e3f0f91ee.txt	R	1156	578	578	14	14	0
5906.up-6572648567f1.txt	R	5906.lswap-5dbb54e50268.txt	R	1156	578	578	14	14	0
5906.up-6572648567f1.txt	R	5906.lswap-62d959eb4e73.txt	R	1156	578	578	14	14	0
5906.up-6572648567f1.txt	R	5906.lswap-e2d18fca77cb.txt	R	1156	578	578	14	14	0
5906.up-6572648567f1.txt	R	5906.up-331e3f0f91ee.txt	F	1156	578	578	14	14	0
5906.up-6572648567f1.txt	R	5906.up-331e3f0f91ee.txt	R	1156	578	578	14	14	0
5906.up-6572648567f1.txt	F	5906.lswap-025c4805fc39.txt	F	1164	582	582	14	14	0
5906.up-6572648567f1.txt	F	5906.lswap-29ee6f7c1197.txt	F	1164	582	582	14	14	0
5906.up-6572648567f1.txt	F	5906.lswap-4c179f65aa4b.txt	F	1164	582	582	14	14	0
5906.up-6572648567f1.txt	F	5906.lswap-5808edca979d.txt	R	1164	582	582	14	14	0
5906.up-6572648567f1.txt	F	5906.lswap-5a7a973564fd.txt	R	1164	582	582	14	14	0
5906.up-6572648567f1.txt	F	5906.lswap-be4759bc731a.txt	R	1164	582	582	14	14	0
5906.up-6572648567f1.txt	F	5906.lswap-e59a6239aa79.txt	F	1164	582	582	14	14	0
5906.up-6572648567f1.txt	F	5906.up-0db50fc7743c.txt	F	1164	582	582	14	14	0
5906.up-6572648567f1.txt	F	5906.up-0db50fc7743c.txt	R	1164	582	582	14	14	0
5906.up-6572648567f1.txt	F	5906.up-4c3eef44600b.txt	F	1164	582	582	14	14	0
5906.up-6572648567f1.txt	F	5906.up-4c3eef44600b.txt	R	1164	582	582	14	14	0
5906.up-6572648567f1.txt	R	5906.lswap-025c4805fc39.txt	F	1164	582	582	14	14	0
5906.up-6572648567f1.txt	R	5906.lswap-29ee6f7c1197.txt	F	1164	582	582	14	14	0
5906.up-6572648567f1.txt	R	5906.lswap-4c179f65aa4b.txt	F	1164	582	582	14	14	0
5906.up-6572648567f1.txt	R	5906.lswap-5808edca979d.txt	R	1164	582	582	14	14	0
5906.up-6572648567f1.txt	R	5906.lswap-5a7a973564fd.txt	R	1164	582	582	14	14	0
5906.up-6572648567f1.txt	R	5906.lswap-be4759bc731a.txt	R	1164	582	582	14	14	0
5906.up-6572648567f1.txt	R	5906.lswap-e59a6239aa79.txt	F	1164	582	582	14	14	0
5906.up-6572648567f1.txt	R	5906.up-0db50fc7743c.txt	F	1164	582	582	14	14	0
5906.up-6572648567f1.txt	R	5906.up-0db50fc7743c.txt	R	1164	582	582	14	14	0
5906.up-6572648567f1.txt	R	5906.up-4c3eef44600b.txt	F	1164	582	582	14	14	0
5906.up-6572648567f1.txt	R	5906.up-4c3eef44600b.txt	R	1164	582	582	14	14	0
5906.up-6572648567f1.txt	F	5906.lswap-c55c2b0fbb0f.txt	F	1172	586	586	14	14	0
5906.up-6572648567f1.txt	F	5906.up-1e6ba5f50479.txt	F	1172	586	586	14	14	0
5906.up-6572648567f1.txt	F	5906.up-1e6ba5f50479.txt	R	1172	586	586	14	14	0
5906.up-6572648567f1.txt	F	5906.up-5ce87c54ecea.txt	F	1172	586	586	14	14	0
5906.up-6572648567f1.txt	F	5906.up-5ce87c54ecea.txt	R	1172	586	586	14	14	0
5906.up-6572648567f1.txt	F	5906.up-6773ff05a318.txt	F	1172	586	586	14	14	0
5906.up-6572648567f1.txt	F	5906.up-6773ff05a318.txt	R	1172	586	586	14	14	0
5906.up-6572648567f1.txt	F	5906.up-6a8f7756517b.txt	F	1172	586	586	14	14	0
5906.up-6572648567f1.txt	F	5906.up-6a8f7756517b.txt	R	1172	586	586	14	14	0
5906.up-6572648567f1.txt	R	5906.lswap-c55c2b0fbb0f.txt	F	1172	586	586	14	14	0
5906.up-6572648567f1.txt	R	5906.up-1e6ba5f50479.txt	F	1172	586	586	14	14	0
5906.up-6572648567f1.txt	R	5906.up-1e6ba5f50479.txt	R	1172	586	586	14	14	0
5906.up-6572648567f1.txt	R	5906.up-5ce87c54ecea.txt	F	1172	586	586	14	14	0
5906.up-6572648567f1.txt	R	5906.up-5ce87c54ecea.txt	R	1172	586	586	14	14	0
5906.up-6572648567f1.txt	R	5906.up-6773ff05a318.txt	F	1172	586	586	14	14	0
5906.up-6572648567f1.txt	R	5906.up-6773ff05a318.txt	R	1172	586	586	14	14	0
5906.up-6572648567f1.txt	R	5906.up-6a8f7756517b.txt	F	1172	586	586	14	14	0
5906.up-6572648567f1.txt	R	5906.up-6a8f7756517b.txt	R	1172	586	586	14	14	0
5906.up-6572648567f1.txt	F	5906.lswap-031568aa1b5c.txt	R	1176	588	588	14	14	0
5906.up-6572648567f1.txt	F	5906.lswap-17203113788c.txt	R	1176	588	588	14	14	0
5906.up-6572648567f1.txt	F	5906.lswap-2ae54d2fd96c.txt	R	1176	588	588	14	14	0
5906.up-6572648567f1.txt	F	5906.lswap-3baeeea281f2.txt	F	1176	588	588	14	14	0
5906.up-6572648567f1.txt	F	5906.lswap-6d0ad177e5ee.txt	R	1176	588	588	14	14	0
5906.up-6572648567f1.txt	F	5906.lswap-a7d2db45842b.txt	F	1176	588	588	14	14	0
5906.up-6572648567f1.txt	F	5906.lswap-d252e4d38aa9.txt	R	1176	588	588	14	14	0
5906.up-6572648567f1.txt	F	5906.up-e94d2b57a7d4.txt	F	1176	588	588	14	14	0
5906.up-6572648567f1.txt	F	5906.up-e94d2b57a7d4.txt	R	1176	588	588	14	14	0
5906.up-6572648567f1.txt	R	5906.lswap-031568aa1b5c.txt	R	1176	588	588	14	14	0
5906.up-6572648567f1.txt	R	5906.lswap-17203113788c.txt	R	1176	588	588	14	14	0
5906.up-6572648567f1.txt	R	5906.lswap-2ae54d2fd96c.txt	R	1176	588	588	14	14	0
5906.up-6572648567f1.txt	R	5906.lswap-3baeeea281f2.txt	F	1176	588	588	14	14	0
5906.up-6572648567f1.txt	R	5906.lswap-6d0ad177e5ee.txt	R	1176	588	588	14	14	0
5906.up-6572648567f1.txt	R	5906.lswap-a7d2db45842b.txt	F	1176	588	588	14	14	0
5906.up-6572648567f1.txt	R	5906.lswap-d252e4d38aa9.txt	R	1176	588	588	14	14	0
5906.up-6572648567f1.txt	R	5906.up-e94d2b57a7d4.txt	F	1176	588	588	14	14	0
5906.up-6572648567f1.txt	R	5906.up-e94d2b57a7d4.txt	R	1176	588	588	14	14	0
5906.up-6572648567f1.txt	F	5906.up-e8da0f18269f.txt	F	1180	590	590	14	14	0
5906.up-6572648567f1.txt	F	5906.up-e8da0f18269f.txt	R	1180	590	590	14	14	0
5906.up-6572648567f1.txt	R	5906.up-e8da0f18269f.txt	F	1180	590	590	14	14	0
5906.up-6572648567f1.txt	R	5906.up-e8da0f18269f.txt	R	1180	590	590	14	14	0
5906.up-6572648567f1.txt	F	5906.lswap-025c4805fc39.txt	R	1188	594	594	14	14	0
5906.up-6572648567f1.txt	F	5906.lswap-6bd82af50a4e.txt	R	1188	594	594	14	14	0
5906.up-6572648567f1.txt	F	5906.lswap-9a5cc6a6e3c8.txt	R	1188	594	594	14	14	0
5906.up-6572648567f1.txt	F	5906.lswap-b55f23a2f470.txt	F	1188	594	594	14	14	0
5906.up-6572648567f1.txt	F	5906.lswap-e145b859ca30.txt	R	1188	594	594	14	14	0
5906.up-6572648567f1.txt	F	5906.up-53b55626d912.txt	F	1188	594	594	14	14	0
5906.up-6572648567f1.txt	F	5906.up-53b55626d912.txt	R	1188	594	594	14	14	0
5906.up-6572648567f1.txt	F	5906.up-7824c044436e.txt	F	1188	594	594	14	14	0
5906.up-6572648567f1.txt	F	5906.up-7824c044436e.txt	R	1188	594	594	14	14	0
5906.up-6572648567f1.txt	R	5906.lswap-025c4805fc39.txt	R	1188	594	594	14	14	0
5906.up-6572648567f1.txt	R	5906.lswap-6bd82af50a4e.txt	R	1188	594	594	14	14	0
5906.up-6572648567f1.txt	R	5906.lswap-9a5cc6a6e3c8.txt	R	1188	594	594	14	14	0
5906.up-6572648567f1.txt	R	5906.lswap-b55f23a2f470.txt	F	1188	594	594	14	14	0
5906.up-6572648567f1.txt	R	5906.lswap-e145b859ca30.txt	R	1188	594	594	14	14	0
5906.up-6572648567f1.txt	R	5906.up-53b55626d912.txt	F	1188	594	594	14	14	0
5906.up-6572648567f1.txt	R	5906.up-53b55626d912.txt	R	1188	594	594	14	14	0
5906.up-6572648567f1.txt	R	5906.up-7824c044436e.txt	F	1188	594	594	14	14	0
5906.up-6572648567f1.txt	R	5906.up-7824c044436e.txt	R	1188	594	594	14	14	0
5906.up-6572648567f1.txt	F	5906.lswap-06f4ba2c8122.txt	F	1194	600	594	3	9	0
5906.up-6572648567f1.txt	F	5906.lswap-06f4ba2c8122.txt	R	1194	600	594	3	9	0
5906.up-6572648567f1.txt	F	5906.lswap-23548cda0ace.txt	F	1194	600	594	3	9	0
5906.up-6572648567f1.txt	F	5906.lswap-23548cda0ace.txt	R	1194	600	594	3	9	0
5906.up-6572648567f1.txt	F	5906.lswap-8f58c699a11d.txt	F	1194	600	594	3	9	0
5906.up-6572648567f1.txt	F	5906.lswap-8f58c699a11d.txt	R	1194	600	594	3	9	0
5906.up-6572648567f1.txt	F	5906.lswap-9bf7e32c6472.txt	F	1194	600	594	3	9	0
5906.up-6572648567f1.txt	F	5906.lswap-9bf7e32c6472.txt	R	1194	600	594	3	9	0
5906.up-6572648567f1.txt	R	5906.lswap-06f4ba2c8122.txt	F	1194	600	594	3	9	0
5906.up-6572648567f1.txt	R	5906.lswap-06f4ba2c8122.txt	R	1194	600	594	3	9	0
5906.up-6572648567f1.txt	R	5906.lswap-23548cda0ace.txt	F	1194	600	594	3	9	0
5906.up-6572648567f1.txt	R	5906.lswap-23548cda0ace.txt	R	1194	600	594	3	9	0
5906.up-6572648567f1.txt	R	5906.lswap-8f58c699a11d.txt	F	1194	600	594	3	9	0
5906.up-6572648567f1.txt	R	5906.lswap-8f58c699a11d.txt	R	1194	600	594	3	9	0
5906.up-6572648567f1.txt	R	5906.lswap-9bf7e32c6472.txt	F	1194	600	594	3	9	0
5906.up-6572648567f1.txt	R	5906.lswap-9bf7e32c6472.txt	R	1194	600	594	3	9	0
5906.up-6572648567f1.txt	F	5906.lswap-3b66fbdbdf53.txt	R	1200	600	600	14	14	0
5906.up-6572648567f1.txt	F	5906.lswap-7f47c6e6eeda.txt	F	1200	600	600	14	14	0
5906.up-6572648567f1.txt	F	5906.lswap-af54b6f406a6.txt	F	1200	600	600	14	14	0
5906.up-6572648567f1.txt	F	5906.lswap-df71274e07be.txt	F	1200	600	600	14	14	0
5906.up-6572648567f1.txt	F	5906.up-e65e244c83d3.txt	F	1200	600	600	14	14	0
5906.up-6572648567f1.txt	F	5906.up-e65e244c83d3.txt	R	1200	600	600	14	14	0
5906.up-6572648567f1.txt	R	5906.lswap-3b66fbdbdf53.txt	R	1200	600	600	14	14	0
5906.up-6572648567f1.txt	R	5906.lswap-7f47c6e6eeda.txt	F	1200	600	600	14	14	0
5906.up-6572648567f1.txt	R	5906.lswap-af54b6f406a6.txt	F	1200	600	600	14	14	0
5906.up-6572648567f1.txt	R	5906.lswap-df71274e07be.txt	F	1200	600	600	14	14	0
5906.up-6572648567f1.txt	R	5906.up-e65e244c83d3.txt	F	1200	600	600	14	14	0
5906.up-6572648567f1.txt	R	5906.up-e65e244c83d3.txt	R	1200	600	600	14	14	0
5906.up-6572648567f1.txt	F	5906.up-1bced7f87a93.txt	F	1208	604	604	14	14	0
5906.up-6572648567f1.txt	F	5906.up-1bced7f87a93.txt	R	1208	604	604	14	14	0
5906.up-6572648567f1.txt	R	5906.up-1bced7f87a93.txt	F	1208	604	604	14	14	0
5906.up-6572648567f1.txt	R	5906.up-1bced7f87a93.txt	R	1208	604	604	14	14	0
5906.up-6572648567f1.txt	F	5906.lswap-c55c2b0fbb0f.txt	R	1212	606	606	14	14	0
5906.up-6572648567f1.txt	F	5906.up-839c85982253.txt	F	1212	606	606	14	14	0
5906.up-6572648567f1.txt	F	5906.up-839c85982253.txt	R	1212	606	606	14	14	0
5906.up-6572648567f1.txt	F	5906.up-a00b3e52965d.txt	F	1212	606	606	14	14	0
5906.up-6572648567f1.txt	F	5906.up-a00b3e52965d.txt	R	1212	606	606	14	14	0
5906.up-6572648567f1.txt	R	5906.lswap-c55c2b0fbb0f.txt	R	1212	606	606	14	14	0
5906.up-6572648567f1.txt	R	5906.up-839c85982253.txt	F	1212	606	606	14	14	0
5906.up-6572648567f1.txt	R	5906.up-839c85982253.txt	R	1212	606	606	14	14	0
5906.up-6572648567f1.txt	R	5906.up-a00b3e52965d.txt	F	1212	606	606	14	14	0
5906.up-6572648567f1.txt	R	5906.up-a00b3e52965d.txt	R	1212	606	606	14	14	0
5906.up-6572648567f1.txt	F	5906.up-1b0920685429.txt	F	1224	612	612	0	0	0
5906.up-6572648567f1.txt	F	5906.up-1b0920685429.txt	R	1224	612	612	0	0	0
5906.up-6572648567f1.txt	F	5906.up-3ba99c5557bb.txt	F	1224	612	612	14	14	0
5906.up-6572648567f1.txt	F	5906.up-3ba99c5557bb.txt	R	1224	612	612	14	14	0
5906.up-6572648567f1.txt	R	5906.up-1b0920685429.txt	F	1224	612	612	0	0	0
5906.up-6572648567f1.txt	R	5906.up-1b0920685429.txt	R	1224	612	612	0	0	0
5906.up-6572648567f1.txt	R	5906.up-3ba99c5557bb.txt	F	1224	612	612	14	14	0
5906.up-6572648567f1.txt	R	5906.up-3ba99c5557bb.txt	R	1224	612	612	14	14	0
5906.up-6572648567f1.txt	F	5906.lswap-f8f86258580e.txt	F	1232	616	616	14	14	0
5906.up-6572648567f1.txt	F	5906.up-e132c7a7c340.txt	F	1232	616	616	14	14	0
5906.up-6572648567f1.txt	F	5906.up-e132c7a7c340.txt	R	1232	616	616	14	14	0
5906.up-6572648567f1.txt	R	5906.lswap-f8f86258580e.txt	F	1232	616	616	14	14	0
5906.up-6572648567f1.txt	R	5906.up-e132c7a7c340.txt	F	1232	616	616	14	14	0
5906.up-6572648567f1.txt	R	5906.up-e132c7a7c340.txt	R	1232	616	616	14	14	0
5906.up-6572648567f1.txt	F	5906.lswap-3a55a72f70d6.txt	F	1242	624	618	3	9	0
5906.up-6572648567f1.txt	F	5906.lswap-3a55a72f70d6.txt	R	1242	624	618	3	9	0
5906.up-6572648567f1.txt	F	5906.lswap-945cf8ae5bef.txt	F	1242	624	618	3	9	0
5906.up-6572648567f1.txt	F	5906.lswap-945cf8ae5bef.txt	R	1242	624	618	3	9	0
5906.up-6572648567f1.txt	F	5906.up-377da0a3c300.txt	F	1242	624	618	3	9	0
5906.up-6572648567f1.txt	F	5906.up-377da0a3c300.txt	R	1242	624	618	3	9	0
5906.up-6572648567f1.txt	F	5906.up-6597315411ea.txt	F	1242	624	618	3	9	0
5906.up-6572648567f1.txt	F	5906.up-6597315411ea.txt	R	1242	624	618	3	9	0
5906.up-6572648567f1.txt	F	5906.up-d1489855deef.txt	F	1242	624	618	3	9	0
5906.up-6572648567f1.txt	F	5906.up-d1489855deef.txt	R	1242	624	618	3	9	0
5906.up-6572648567f1.txt	F	5906.up-f2c7804be474.txt	F	1242	624	618	3	9	0
5906.up-6572648567f1.txt	F	5906.up-f2c7804be474.txt	R	1242	624	618	3	9	0
5906.up-6572648567f1.txt	R	5906.lswap-3a55a72f70d6.txt	F	1242	624	618	3	9	0
5906.up-6572648567f1.txt	R	5906.lswap-3a55a72f70d6.txt	R	1242	624	618	3	9	0
5906.up-6572648567f1.txt	R	5906.lswap-945cf8ae5bef.txt	F	1242	624	618	3	9	0
5906.up-6572648567f1.txt	R	5906.lswap-945cf8ae5bef.txt	R	1242	624	618	3	9	0
5906.up-6572648567f1.txt	R	5906.up-377da0a3c300.txt	F	1242	624	618	3	9	0
5906.up-6572648567f1.txt	R	5906.up-377da0a3c300.txt	R	1242	624	618	3	9	0
5906.up-6572648567f1.txt	R	5906.up-6597315411ea.txt	F	1242	624	618	3	9	0
5906.up-6572648567f1.txt	R	5906.up-6597315411ea.txt	R	1242	624	618	3	9	0
5906.up-6572648567f1.txt	R	5906.up-d1489855deef.txt	F	1242	624	618	3	9	0
5906.up-6572648567f1.txt	R	5906.up-d1489855deef.txt	R	1242	624	618	3	9	0
5906.up-6572648567f1.txt	R	5906.up-f2c7804be474.txt	F	1242	624	618	3	9	0
5906.up-6572648567f1.txt	R	5906.up-f2c7804be474.txt	R	1242	624	618	3	9	0
5906.up-6572648567f1.txt	F	5906.rbnd-e9623244f6b1.txt	R	1243	622	621	14	15	0
5906.up-6572648567f1.txt	R	5906.rbnd-e9623244f6b1.txt	R	1243	622	621	14	15	0
5906.up-6572648567f1.txt	F	5906.lswap-17946ea8ba63.txt	F	1244	622	622	14	14	0
5906.up-6572648567f1.txt	F	5906.lswap-d515e64b87be.txt	F	1244	622	622	14	14	0
5906.up-6572648567f1.txt	F	5906.lswap-f8f86258580e.txt	R	1244	622	622	14	14	0
5906.up-6572648567f1.txt	F	5906.up-454308027985.txt	F	1244	622	622	14	14	0
5906.up-6572648567f1.txt	F	5906.up-454308027985.txt	R	1244	622	622	14	14	0
5906.up-6572648567f1.txt	F	5906.up-dab493384582.txt	F	1244	622	622	14	14	0
5906.up-6572648567f1.txt	F	5906.up-dab493384582.txt	R	1244	622	622	14	14	0
5906.up-6572648567f1.txt	R	5906.lswap-17946ea8ba63.txt	F	1244	622	622	14	14	0
5906.up-6572648567f1.txt	R	5906.lswap-d515e64b87be.txt	F	1244	622	622	14	14	0
5906.up-6572648567f1.txt	R	5906.lswap-f8f86258580e.txt	R	1244	622	622	14	14	0
5906.up-6572648567f1.txt	R	5906.up-454308027985.txt	F	1244	622	622	14	14	0
5906.up-6572648567f1.txt	R	5906.up-454308027985.txt	R	1244	622	622	14	14	0
5906.up-6572648567f1.txt	R	5906.up-dab493384582.txt	F	1244	622	622	14	14	0
5906.up-6572648567f1.txt	R	5906.up-dab493384582.txt	R	1244	622	622	14	14	0
5906.up-6572648567f1.txt	F	5906.lswap-4a581202d46c.txt	F	1256	628	628	14	14	0
5906.up-6572648567f1.txt	F	5906.lswap-6008b60b1c2c.txt	F	1256	628	628	14	14	0
5906.up-6572648567f1.txt	F	5906.lswap-6008b60b1c2c.txt	R	1256	628	628	14	14	0
5906.up-6572648567f1.txt	F	5906.lswap-9edd04d13626.txt	F	1256	628	628	14	14	0
5906.up-6572648567f1.txt	F	5906.lswap-9edd04d13626.txt	R	1256	628	628	14	14	0
5906.up-6572648567f1.txt	F	5906.lswap-d515e64b87be.txt	R	1256	628	628	14	14	0
5906.up-6572648567f1.txt	R	5906.lswap-4a581202d46c.txt	F	1256	628	628	14	14	0
5906.up-6572648567f1.txt	R	5906.lswap-6008b60b1c2c.txt	F	1256	628	628	14	14	0
5906.up-6572648567f1.txt	R	5906.lswap-6008b60b1c2c.txt	R	1256	628	628	14	14	0
5906.up-6572648567f1.txt	R	5906.lswap-9edd04d13626.txt	F	1256	628	628	14	14	0
5906.up-6572648567f1.txt	R	5906.lswap-9edd04d13626.txt	R	1256	628	628	14	14	0
5906.up-6572648567f1.txt	R	5906.lswap-d515e64b87be.txt	R	1256	628	628	14	14	0
5906.up-6572648567f1.txt	F	5906.i4a-6a77e138ea8e.txt	F	1263	634	629	12	17	0
5906.up-6572648567f1.txt	R	5906.i4a-6a77e138ea8e.txt	F	1263	634	629	12	17	0
5906.up-6572648567f1.txt	F	5906.up-590fe2cb2c21.txt	F	1264	634	630	12	16	0
5906.up-6572648567f1.txt	F	5906.up-590fe2cb2c21.txt	R	1264	634	630	12	16	0
5906.up-6572648567f1.txt	R	5906.up-590fe2cb2c21.txt	F	1264	634	630	12	16	0
5906.up-6572648567f1.txt	R	5906.up-590fe2cb2c21.txt	R	1264	634	630	12	16	0
5906.up-6572648567f1.txt	F	5906.i4a-6a77e138ea8e.txt	R	1265	635	630	12	17	0
5906.up-6572648567f1.txt	R	5906.i4a-6a77e138ea8e.txt	R	1265	635	630	12	17	0
5906.up-6572648567f1.txt	F	5906.lswap-17946ea8ba63.txt	R	1268	634	634	14	14	0
5906.up-6572648567f1.txt	F	5906.lswap-4a581202d46c.txt	R	1268	634	634	14	14	0
5906.up-6572648567f1.txt	F	5906.lswap-68a263f18066.txt	F	1268	634	634	14	14	0
5906.up-6572648567f1.txt	F	5906.up-02d771908307.txt	F	1268	634	634	14	14	0
5906.up-6572648567f1.txt	F	5906.up-02d771908307.txt	R	1268	634	634	14	14	0
5906.up-6572648567f1.txt	R	5906.lswap-17946ea8ba63.txt	R	1268	634	634	14	14	0
5906.up-6572648567f1.txt	R	5906.lswap-4a581202d46c.txt	R	1268	634	634	14	14	0
5906.up-6572648567f1.txt	R	5906.lswap-68a263f18066.txt	F	1268	634	634	14	14	0
5906.up-6572648567f1.txt	R	5906.up-02d771908307.txt	F	1268	634	634	14	14	0
5906.up-6572648567f1.txt	R	5906.up-02d771908307.txt	R	1268	634	634	14	14	0
5906.up-6572648567f1.txt	F	5906.up-abe33e328763.txt	F	1272	636	636	14	14	0
5906.up-6572648567f1.txt	F	5906.up-abe33e328763.txt	R	1272	636	636	14	14	0
5906.up-6572648567f1.txt	R	5906.up-abe33e328763.txt	F	1272	636	636	14	14	0
5906.up-6572648567f1.txt	R	5906.up-abe33e328763.txt	R	1272	636	636	14	14	0
5906.up-6572648567f1.txt	F	5906.i4a-e0f3de4ca026.txt	F	1279	642	637	12	17	0
5906.up-6572648567f1.txt	F	5906.rbnd-2641d60c9d5c.txt	F	1279	640	639	14	15	0
5906.up-6572648567f1.txt	R	5906.i4a-e0f3de4ca026.txt	F	1279	642	637	12	17	0
5906.up-6572648567f1.txt	R	5906.rbnd-2641d60c9d5c.txt	F	1279	640	639	14	15	0
5906.up-6572648567f1.txt	F	5906.lswap-68a263f18066.txt	R	1280	640	640	14	14	0
5906.up-6572648567f1.txt	F	5906.lswap-9bd2a50baa0e.txt	F	1280	640	640	14	14	0
5906.up-6572648567f1.txt	F	5906.up-9a915a83c416.txt	F	1280	640	640	14	14	0
5906.up-6572648567f1.txt	F	5906.up-9a915a83c416.txt	R	1280	640	640	14	14	0
5906.up-6572648567f1.txt	F	5906.up-df8c9033249e.txt	F	1280	642	638	12	16	0
5906.up-6572648567f1.txt	F	5906.up-df8c9033249e.txt	R	1280	642	638	12	16	0
5906.up-6572648567f1.txt	R	5906.lswap-68a263f18066.txt	R	1280	640	640	14	14	0
5906.up-6572648567f1.txt	R	5906.lswap-9bd2a50baa0e.txt	F	1280	640	640	14	14	0
5906.up-6572648567f1.txt	R	5906.up-9a915a83c416.txt	F	1280	640	640	14	14	0
5906.up-6572648567f1.txt	R	5906.up-9a915a83c416.txt	R	1280	640	640	14	14	0
5906.up-6572648567f1.txt	R	5906.up-df8c9033249e.txt	F	1280	642	638	12	16	0
5906.up-6572648567f1.txt	R	5906.up-df8c9033249e.txt	R	1280	642	638	12	16	0
5906.up-6572648567f1.txt	F	5906.i4a-e0f3de4ca026.txt	R	1281	643	638	12	17	0
5906.up-6572648567f1.txt	R	5906.i4a-e0f3de4ca026.txt	R	1281	643	638	12	17	0
5906.up-6572648567f1.txt	F	5906.up-cad80abdf334.txt	F	1284	642	642	14	14	0
5906.up-6572648567f1.txt	F	5906.up-cad80abdf334.txt	R	1284	642	642	14	14	0
5906.up-6572648567f1.txt	R	5906.up-cad80abdf334.txt	F	1284	642	642	14	14	0
5906.up-6572648567f1.txt	R	5906.up-cad80abdf334.txt	R	1284	642	642	14	14	0
5906.up-6572648567f1.txt	F	5906.lswap-e21e24656b8e.txt	F	1288	644	644	14	14	0
5906.up-6572648567f1.txt	F	5906.up-207dc5352d35.txt	F	1288	644	644	14	14	0
5906.up-6572648567f1.txt	F	5906.up-207dc5352d35.txt	R	1288	644	644	14	14	0
5906.up-6572648567f1.txt	R	5906.lswap-e21e24656b8e.txt	F	1288	644	644	14	14	0
5906.up-6572648567f1.txt	R	5906.up-207dc5352d35.txt	F	1288	644	644	14	14	0
5906.up-6572648567f1.txt	R	5906.up-207dc5352d35.txt	R	1288	644	644	14	14	0
5906.up-6572648567f1.txt	F	5906.lswap-09c105553d61.txt	F	1290	648	642	3	9	0
5906.up-6572648567f1.txt	F	5906.lswap-09c105553d61.txt	R	1290	648	642	3	9	0
5906.up-6572648567f1.txt	F	5906.lswap-10f62906b166.txt	F	1290	648	642	3	9	0
5906.up-6572648567f1.txt	F	5906.lswap-10f62906b166.txt	R	1290	648	642	3	9	0
5906.up-6572648567f1.txt	F	5906.lswap-67fc5c2184ab.txt	F	1290	648	642	3	9	0
5906.up-6572648567f1.txt	F	5906.lswap-67fc5c2184ab.txt	R	1290	648	642	3	9	0
5906.up-6572648567f1.txt	F	5906.lswap-db110b7302cf.txt	F	1290	648	642	3	9	0
5906.up-6572648567f1.txt	F	5906.lswap-db110b7302cf.txt	R	1290	648	642	3	9	0
5906.up-6572648567f1.txt	R	5906.lswap-09c105553d61.txt	F	1290	648	642	3	9	0
5906.up-6572648567f1.txt	R	5906.lswap-09c105553d61.txt	R	1290	648	642	3	9	0
5906.up-6572648567f1.txt	R	5906.lswap-10f62906b166.txt	F	1290	648	642	3	9	0
5906.up-6572648567f1.txt	R	5906.lswap-10f62906b166.txt	R	1290	648	642	3	9	0
5906.up-6572648567f1.txt	R	5906.lswap-67fc5c2184ab.txt	F	1290	648	642	3	9	0
5906.up-6572648567f1.txt	R	5906.lswap-67fc5c2184ab.txt	R	1290	648	642	3	9	0
5906.up-6572648567f1.txt	R	5906.lswap-db110b7302cf.txt	F	1290	648	642	3	9	0
5906.up-6572648567f1.txt	R	5906.lswap-db110b7302cf.txt	R	1290	648	642	3	9	0
5906.up-6572648567f1.txt	F	5906.rbnd-0dad091b8ac4.txt	R	1291	646	645	14	15	0
5906.up-6572648567f1.txt	F	5906.rbnd-c44d48fbd52c.txt	R	1291	646	645	14	15	0
5906.up-6572648567f1.txt	R	5906.rbnd-0dad091b8ac4.txt	R	1291	646	645	14	15	0
5906.up-6572648567f1.txt	R	5906.rbnd-c44d48fbd52c.txt	R	1291	646	645	14	15	0
5906.up-6572648567f1.txt	F	5906.lswap-9bd2a50baa0e.txt	R	1292	646	646	14	14	0
5906.up-6572648567f1.txt	F	5906.up-756ff2ed09bd.txt	F	1292	646	646	14	14	0
5906.up-6572648567f1.txt	F	5906.up-756ff2ed09bd.txt	R	1292	646	646	14	14	0
5906.up-6572648567f1.txt	F	5906.up-dcd1e20d40f8.txt	F	1292	646	646	14	14	0
5906.up-6572648567f1.txt	F	5906.up-dcd1e20d40f8.txt	R	1292	646	646	14	14	0
5906.up-6572648567f1.txt	R	5906.lswap-9bd2a50baa0e.txt	R	1292	646	646	14	14	0
5906.up-6572648567f1.txt	R	5906.up-756ff2ed09bd.txt	F	1292	646	646	14	14	0
5906.up-6572648567f1.txt	R	5906.up-756ff2ed09bd.txt	R	1292	646	646	14	14	0
5906.up-6572648567f1.txt	R	5906.up-dcd1e20d40f8.txt	F	1292	646	646	14	14	0
5906.up-6572648567f1.txt	R	5906.up-dcd1e20d40f8.txt	R	1292	646	646	14	14	0
5906.up-6572648567f1.txt	F	5906.lswap-aea48ef05d9e.txt	F	1296	648	648	14	14	0
5906.up-6572648567f1.txt	F	5906.lswap-aea48ef05d9e.txt	R	1296	648	648	14	14	0
5906.up-6572648567f1.txt	F	5906.up-3de4f10d5095.txt	F	1296	648	648	14	14	0
5906.up-6572648567f1.txt	F	5906.up-3de4f10d5095.txt	R	1296	648	648	14	14	0
5906.up-6572648567f1.txt	F	5906.up-a235b0e09b6c.txt	F	1296	648	648	14	14	0
5906.up-6572648567f1.txt	F	5906.up-a235b0e09b6c.txt	R	1296	648	648	14	14	0
5906.up-6572648567f1.txt	R	5906.lswap-aea48ef05d9e.txt	F	1296	648	648	14	14	0
5906.up-6572648567f1.txt	R	5906.lswap-aea48ef05d9e.txt	R	1296	648	648	14	14	0
5906.up-6572648567f1.txt	R	5906.up-3de4f10d5095.txt	F	1296	648	648	14	14	0
5906.up-6572648567f1.txt	R	5906.up-3de4f10d5095.txt	R	1296	648	648	14	14	0
5906.up-6572648567f1.txt	R	5906.up-a235b0e09b6c.txt	F	1296	648	648	14	14	0
5906.up-6572648567f1.txt	R	5906.up-a235b0e09b6c.txt	R	1296	648	648	14	14	0
5906.up-6572648567f1.txt	F	5906.up-f8d1e70c6a52.txt	F	1300	652	648	12	16	0
5906.up-6572648567f1.txt	F	5906.up-f8d1e70c6a52.txt	R	1300	652	648	12	16	0
5906.up-6572648567f1.txt	R	5906.up-f8d1e70c6a52.txt	F	1300	652	648	12	16	0
5906.up-6572648567f1.txt	R	5906.up-f8d1e70c6a52.txt	R	1300	652	648	12	16	0
5906.up-6572648567f1.txt	F	5906.up-a233fdf94b8d.txt	F	1304	652	652	14	14	0
5906.up-6572648567f1.txt	F	5906.up-a233fdf94b8d.txt	R	1304	652	652	14	14	0
5906.up-6572648567f1.txt	R	5906.up-a233fdf94b8d.txt	F	1304	652	652	14	14	0
5906.up-6572648567f1.txt	R	5906.up-a233fdf94b8d.txt	R	1304	652	652	14	14	0
5906.up-6572648567f1.txt	F	5906.up-95ffff5c765c.txt	F	1308	654	654	14	14	0
5906.up-6572648567f1.txt	F	5906.up-95ffff5c765c.txt	R	1308	654	654	14	14	0
5906.up-6572648567f1.txt	R	5906.up-95ffff5c765c.txt	F	1308	654	654	14	14	0
5906.up-6572648567f1.txt	R	5906.up-95ffff5c765c.txt	R	1308	654	654	14	14	0
5906.up-6572648567f1.txt	F	5906.i4a-29c55ed5fbf6.txt	F	1311	658	653	12	17	0
5906.up-6572648567f1.txt	F	5906.lswap-6dc582bac458.txt	R	1311	658	653	12	17	0
5906.up-6572648567f1.txt	R	5906.i4a-29c55ed5fbf6.txt	F	1311	658	653	12	17	0
5906.up-6572648567f1.txt	R	5906.lswap-6dc582bac458.txt	R	1311	658	653	12	17	0
5906.up-6572648567f1.txt	F	5906.lswap-7217a0cd3774.txt	R	1312	656	656	14	14	0
5906.up-6572648567f1.txt	F	5906.lswap-cf8339eb5ca7.txt	F	1312	658	654	12	16	0
5906.up-6572648567f1.txt	F	5906.lswap-dcc866de4e11.txt	R	1312	656	656	14	14	0
5906.up-6572648567f1.txt	F	5906.lswap-e21e24656b8e.txt	R	1312	656	656	14	14	0
5906.up-6572648567f1.txt	F	5906.up-7f9a93193f10.txt	F	1312	658	654	12	16	0
5906.up-6572648567f1.txt	F	5906.up-7f9a93193f10.txt	R	1312	658	654	12	16	0
5906.up-6572648567f1.txt	F	5906.up-a001786e5861.txt	F	1312	656	656	14	14	0
5906.up-6572648567f1.txt	F	5906.up-a001786e5861.txt	R	1312	656	656	14	14	0
5906.up-6572648567f1.txt	F	5906.up-bd458e7fc19e.txt	F	1312	658	654	12	16	0
5906.up-6572648567f1.txt	F	5906.up-bd458e7fc19e.txt	R	1312	658	654	12	16	0
5906.up-6572648567f1.txt	R	5906.lswap-7217a0cd3774.txt	R	1312	656	656	14	14	0
5906.up-6572648567f1.txt	R	5906.lswap-cf8339eb5ca7.txt	F	1312	658	654	12	16	0
5906.up-6572648567f1.txt	R	5906.lswap-dcc866de4e11.txt	R	1312	656	656	14	14	0
5906.up-6572648567f1.txt	R	5906.lswap-e21e24656b8e.txt	R	1312	656	656	14	14	0
5906.up-6572648567f1.txt	R	5906.up-7f9a93193f10.txt	F	1312	658	654	12	16	0
5906.up-6572648567f1.txt	R	5906.up-7f9a93193f10.txt	R	1312	658	654	12	16	0
5906.up-6572648567f1.txt	R	5906.up-a001786e5861.txt	F	1312	656	656	14	14	0
5906.up-6572648567f1.txt	R	5906.up-a001786e5861.txt	R	1312	656	656	14	14	0
5906.up-6572648567f1.txt	R	5906.up-bd458e7fc19e.txt	F	1312	658	654	12	16	0
5906.up-6572648567f1.txt	R	5906.up-bd458e7fc19e.txt	R	1312	658	654	12	16	0
5906.up-6572648567f1.txt	F	5906.i4a-29c55ed5fbf6.txt	R	1313	659	654	12	17	0
5906.up-6572648567f1.txt	F	5906.lswap-ebd38bf2c1cd.txt	F	1313	659	654	12	17	0
5906.up-6572648567f1.txt	R	5906.i4a-29c55ed5fbf6.txt	R	1313	659	654	12	17	0
5906.up-6572648567f1.txt	R	5906.lswap-ebd38bf2c1cd.txt	F	1313	659	654	12	17	0
5906.up-6572648567f1.txt	F	5906.i4a-50d865ca7907.txt	F	1315	662	653	15	24	0
5906.up-6572648567f1.txt	F	5906.i4a-50d865ca7907.txt	R	1315	662	653	15	24	0
5906.up-6572648567f1.txt	F	5906.i4a-b99b1d60f13e.txt	F	1315	662	653	15	24	0
5906.up-6572648567f1.txt	F	5906.i4a-b99b1d60f13e.txt	R	1315	662	653	15	24	0
5906.up-6572648567f1.txt	R	5906.i4a-50d865ca7907.txt	F	1315	662	653	15	24	0
5906.up-6572648567f1.txt	R	5906.i4a-50d865ca7907.txt	R	1315	662	653	15	24	0
5906.up-6572648567f1.txt	R	5906.i4a-b99b1d60f13e.txt	F	1315	662	653	15	24	0
5906.up-6572648567f1.txt	R	5906.i4a-b99b1d60f13e.txt	R	1315	662	653	15	24	0
5906.up-6572648567f1.txt	F	5906.up-890b6674bd25.txt	F	1316	662	654	15	23	0
5906.up-6572648567f1.txt	F	5906.up-890b6674bd25.txt	R	1316	662	654	15	23	0
5906.up-6572648567f1.txt	F	5906.up-d0b9281ca469.txt	F	1316	662	654	15	23	0
5906.up-6572648567f1.txt	F	5906.up-d0b9281ca469.txt	R	1316	662	654	15	23	0
5906.up-6572648567f1.txt	R	5906.up-890b6674bd25.txt	F	1316	662	654	15	23	0
5906.up-6572648567f1.txt	R	5906.up-890b6674bd25.txt	R	1316	662	654	15	23	0
5906.up-6572648567f1.txt	R	5906.up-d0b9281ca469.txt	F	1316	662	654	15	23	0
5906.up-6572648567f1.txt	R	5906.up-d0b9281ca469.txt	R	1316	662	654	15	23	0
5906.up-6572648567f1.txt	F	5906.lswap-3d82ae1f2111.txt	R	1324	662	662	14	14	0
5906.up-6572648567f1.txt	F	5906.lswap-637b5054102a.txt	R	1324	664	660	12	16	0
5906.up-6572648567f1.txt	F	5906.lswap-dcc866de4e11.txt	F	1324	662	662	14	14	0
5906.up-6572648567f1.txt	R	5906.lswap-3d82ae1f2111.txt	R	1324	662	662	14	14	0
5906.up-6572648567f1.txt	R	5906.lswap-637b5054102a.txt	R	1324	664	660	12	16	0
5906.up-6572648567f1.txt	R	5906.lswap-dcc866de4e11.txt	F	1324	662	662	14	14	0
5906.up-6572648567f1.txt	F	5906.i4a-7f46c8149026.txt	F	1327	666	661	12	17	0
5906.up-6572648567f1.txt	F	5906.lswap-1f8e06e3e616.txt	R	1327	666	661	12	17	0
5906.up-6572648567f1.txt	R	5906.i4a-7f46c8149026.txt	F	1327	666	661	12	17	0
5906.up-6572648567f1.txt	R	5906.lswap-1f8e06e3e616.txt	R	1327	666	661	12	17	0
5906.up-6572648567f1.txt	F	5906.lswap-0d13fc4a8a4a.txt	R	1328	666	662	12	16	0
5906.up-6572648567f1.txt	F	5906.up-6a142cb8e27d.txt	F	1328	666	662	12	16	0
5906.up-6572648567f1.txt	F	5906.up-6a142cb8e27d.txt	R	1328	666	662	12	16	0
5906.up-6572648567f1.txt	R	5906.lswap-0d13fc4a8a4a.txt	R	1328	666	662	12	16	0
5906.up-6572648567f1.txt	R	5906.up-6a142cb8e27d.txt	F	1328	666	662	12	16	0
5906.up-6572648567f1.txt	R	5906.up-6a142cb8e27d.txt	R	1328	666	662	12	16	0
5906.up-6572648567f1.txt	F	5906.i4a-7f46c8149026.txt	R	1329	667	662	12	17	0
5906.up-6572648567f1.txt	F	5906.lswap-760f8ed53670.txt	F	1329	667	662	12	17	0
5906.up-6572648567f1.txt	R	5906.i4a-7f46c8149026.txt	R	1329	667	662	12	17	0
5906.up-6572648567f1.txt	R	5906.lswap-760f8ed53670.txt	F	1329	667	662	12	17	0
5906.up-6572648567f1.txt	F	5906.i4a-c1080e26f60c.txt	F	1335	670	665	12	17	0
5906.up-6572648567f1.txt	F	5906.lswap-ebd38bf2c1cd.txt	R	1335	670	665	12	17	0
5906.up-6572648567f1.txt	R	5906.i4a-c1080e26f60c.txt	F	1335	670	665	12	17	0
5906.up-6572648567f1.txt	R	5906.lswap-ebd38bf2c1cd.txt	R	1335	670	665	12	17	0
5906.up-6572648567f1.txt	F	5906.lswap-3d82ae1f2111.txt	F	1336	668	668	14	14	0
5906.up-6572648567f1.txt	F	5906.lswap-637b5054102a.txt	F	1336	670	666	12	16	0
5906.up-6572648567f1.txt	F	5906.lswap-7bd46049981f.txt	R	1336	668	668	14	14	0
5906.up-6572648567f1.txt	F	5906.lswap-cf8339eb5ca7.txt	R	1336	670	666	12	16	0
5906.up-6572648567f1.txt	F	5906.up-56126e7237c3.txt	F	1336	670	666	12	16	0
5906.up-6572648567f1.txt	F	5906.up-56126e7237c3.txt	R	1336	670	666	12	16	0
5906.up-6572648567f1.txt	R	5906.lswap-3d82ae1f2111.txt	F	1336	668	668	14	14	0
5906.up-6572648567f1.txt	R	5906.lswap-637b5054102a.txt	F	1336	670	666	12	16	0
5906.up-6572648567f1.txt	R	5906.lswap-7bd46049981f.txt	R	1336	668	668	14	14	0
5906.up-6572648567f1.txt	R	5906.lswap-cf8339eb5ca7.txt	R	1336	670	666	12	16	0
5906.up-6572648567f1.txt	R	5906.up-56126e7237c3.txt	F	1336	670	666	12	16	0
5906.up-6572648567f1.txt	R	5906.up-56126e7237c3.txt	R	1336	670	666	12	16	0
5906.up-6572648567f1.txt	F	5906.i4a-c1080e26f60c.txt	R	1337	671	666	12	17	0
5906.up-6572648567f1.txt	F	5906.lswap-6dc582bac458.txt	F	1337	671	666	12	17	0
5906.up-6572648567f1.txt	R	5906.i4a-c1080e26f60c.txt	R	1337	671	666	12	17	0
5906.up-6572648567f1.txt	R	5906.lswap-6dc582bac458.txt	F	1337	671	666	12	17	0
5906.up-6572648567f1.txt	F	5906.lswap-28b97fbb68d1.txt	F	1338	672	666	3	9	0
5906.up-6572648567f1.txt	F	5906.lswap-28b97fbb68d1.txt	R	1338	672	666	3	9	0
5906.up-6572648567f1.txt	F	5906.up-c3afee7ed153.txt	F	1338	672	666	3	9	0
5906.up-6572648567f1.txt	F	5906.up-c3afee7ed153.txt	R	1338	672	666	3	9	0
5906.up-6572648567f1.txt	F	5906.up-c63a66adbc60.txt	F	1338	672	666	3	9	0
5906.up-6572648567f1.txt	F	5906.up-c63a66adbc60.txt	R	1338	672	666	3	9	0
5906.up-6572648567f1.txt	R	5906.lswap-28b97fbb68d1.txt	F	1338	672	666	3	9	0
5906.up-6572648567f1.txt	R	5906.lswap-28b97fbb68d1.txt	R	1338	672	666	3	9	0
5906.up-6572648567f1.txt	R	5906.up-c3afee7ed153.txt	F	1338	672	666	3	9	0
5906.up-6572648567f1.txt	R	5906.up-c3afee7ed153.txt	R	1338	672	666	3	9	0
5906.up-6572648567f1.txt	R	5906.up-c63a66adbc60.txt	F	1338	672	666	3	9	0
5906.up-6572648567f1.txt	R	5906.up-c63a66adbc60.txt	R	1338	672	666	3	9	0
5906.up-6572648567f1.txt	F	5906.lswap-25cebe1ff658.txt	F	1348	674	674	14	14	0
5906.up-6572648567f1.txt	F	5906.lswap-7217a0cd3774.txt	F	1348	674	674	14	14	0
5906.up-6572648567f1.txt	F	5906.lswap-7bd46049981f.txt	F	1348	674	674	14	14	0
5906.up-6572648567f1.txt	F	5906.up-37ac2db82134.txt	F	1348	674	674	14	14	0
5906.up-6572648567f1.txt	F	5906.up-37ac2db82134.txt	R	1348	674	674	14	14	0
5906.up-6572648567f1.txt	F	5906.up-6f42b3603dac.txt	F	1348	676	672	12	16	0
5906.up-6572648567f1.txt	F	5906.up-6f42b3603dac.txt	R	1348	676	672	12	16	0
5906.up-6572648567f1.txt	R	5906.lswap-25cebe1ff658.txt	F	1348	674	674	14	14	0
5906.up-6572648567f1.txt	R	5906.lswap-7217a0cd3774.txt	F	1348	674	674	14	14	0
5906.up-6572648567f1.txt	R	5906.lswap-7bd46049981f.txt	F	1348	674	674	14	14	0
5906.up-6572648567f1.txt	R	5906.up-37ac2db82134.txt	F	1348	674	674	14	14	0
5906.up-6572648567f1.txt	R	5906.up-37ac2db82134.txt	R	1348	674	674	14	14	0
5906.up-6572648567f1.txt	R	5906.up-6f42b3603dac.txt	F	1348	676	672	12	16	0
5906.up-6572648567f1.txt	R	5906.up-6f42b3603dac.txt	R	1348	676	672	12	16	0
5906.up-6572648567f1.txt	F	5906.i4a-66637a3b8941.txt	F	1363	684	679	12	17	0
5906.up-6572648567f1.txt	F	5906.lswap-760f8ed53670.txt	R	1363	684	679	12	17	0
5906.up-6572648567f1.txt	R	5906.i4a-66637a3b8941.txt	F	1363	684	679	12	17	0
5906.up-6572648567f1.txt	R	5906.lswap-760f8ed53670.txt	R	1363	684	679	12	17	0
5906.up-6572648567f1.txt	F	5906.lswap-0d13fc4a8a4a.txt	F	1364	684	680	12	16	0
5906.up-6572648567f1.txt	F	5906.up-1206598d1ff0.txt	F	1364	684	680	12	16	0
5906.up-6572648567f1.txt	F	5906.up-1206598d1ff0.txt	R	1364	684	680	12	16	0
5906.up-6572648567f1.txt	R	5906.lswap-0d13fc4a8a4a.txt	F	1364	684	680	12	16	0
5906.up-6572648567f1.txt	R	5906.up-1206598d1ff0.txt	F	1364	684	680	12	16	0
5906.up-6572648567f1.txt	R	5906.up-1206598d1ff0.txt	R	1364	684	680	12	16	0
5906.up-6572648567f1.txt	F	5906.i4a-66637a3b8941.txt	R	1365	685	680	12	17	0
5906.up-6572648567f1.txt	F	5906.lswap-1f8e06e3e616.txt	F	1365	685	680	12	17	0
5906.up-6572648567f1.txt	R	5906.i4a-66637a3b8941.txt	R	1365	685	680	12	17	0
5906.up-6572648567f1.txt	R	5906.lswap-1f8e06e3e616.txt	F	1365	685	680	12	17	0
5906.up-6572648567f1.txt	F	5906.lswap-25cebe1ff658.txt	R	1372	686	686	14	14	0
5906.up-6572648567f1.txt	F	5906.up-e1680a9d0e30.txt	F	1372	686	686	14	14	0
5906.up-6572648567f1.txt	F	5906.up-e1680a9d0e30.txt	R	1372	686	686	14	14	0
5906.up-6572648567f1.txt	R	5906.lswap-25cebe1ff658.txt	R	1372	686	686	14	14	0
5906.up-6572648567f1.txt	R	5906.up-e1680a9d0e30.txt	F	1372	686	686	14	14	0
5906.up-6572648567f1.txt	R	5906.up-e1680a9d0e30.txt	R	1372	686	686	14	14	0
5906.up-6572648567f1.txt	F	5906.lswap-f4c2deec7c96.txt	R	1376	689	687	17	19	0
5906.up-6572648567f1.txt	F	5906.up-8b8c8916a24a.txt	F	1376	689	687	17	19	0
5906.up-6572648567f1.txt	F	5906.up-8b8c8916a24a.txt	R	1376	689	687	17	19	0
5906.up-6572648567f1.txt	R	5906.lswap-f4c2deec7c96.txt	R	1376	689	687	17	19	0
5906.up-6572648567f1.txt	R	5906.up-8b8c8916a24a.txt	F	1376	689	687	17	19	0
5906.up-6572648567f1.txt	R	5906.up-8b8c8916a24a.txt	R	1376	689	687	17	19	0
5906.up-6572648567f1.txt	F	5906.rbnd-2641d60c9d5c.txt	R	1377	689	688	17	18	0
5906.up-6572648567f1.txt	F	5906.rbnd-e9623244f6b1.txt	F	1377	689	688	17	18	0
5906.up-6572648567f1.txt	R	5906.rbnd-2641d60c9d5c.txt	R	1377	689	688	17	18	0
5906.up-6572648567f1.txt	R	5906.rbnd-e9623244f6b1.txt	F	1377	689	688	17	18	0
5906.up-6572648567f1.txt	F	5906.up-da93a66cd37b.txt	F	1380	690	690	14	14	0
5906.up-6572648567f1.txt	F	5906.up-da93a66cd37b.txt	R	1380	690	690	14	14	0
5906.up-6572648567f1.txt	R	5906.up-da93a66cd37b.txt	F	1380	690	690	14	14	0
5906.up-6572648567f1.txt	R	5906.up-da93a66cd37b.txt	R	1380	690	690	14	14	0
5906.up-6572648567f1.txt	F	5906.up-331228e22360.txt	F	1388	695	693	17	19	0
5906.up-6572648567f1.txt	F	5906.up-331228e22360.txt	R	1388	695	693	17	19	0
5906.up-6572648567f1.txt	R	5906.up-331228e22360.txt	F	1388	695	693	17	19	0
5906.up-6572648567f1.txt	R	5906.up-331228e22360.txt	R	1388	695	693	17	19	0
5906.up-6572648567f1.txt	F	5906.rbnd-c44d48fbd52c.txt	F	1389	695	694	17	18	0
5906.up-6572648567f1.txt	R	5906.rbnd-c44d48fbd52c.txt	F	1389	695	694	17	18	0
5906.up-6572648567f1.txt	F	5906.up-1b8244ba04bb.txt	F	1398	702	696	14	20	0
5906.up-6572648567f1.txt	F	5906.up-1b8244ba04bb.txt	R	1398	702	696	14	20	0
5906.up-6572648567f1.txt	R	5906.up-1b8244ba04bb.txt	F	1398	702	696	14	20	0
5906.up-6572648567f1.txt	R	5906.up-1b8244ba04bb.txt	R	1398	702	696	14	20	0
5906.up-6572648567f1.txt	F	5906.lswap-f4c2deec7c96.txt	F	1436	719	717	17	19	0
5906.up-6572648567f1.txt	R	5906.lswap-f4c2deec7c96.txt	F	1436	719	717	17	19	0
5906.up-6572648567f1.txt	F	5906.rbnd-0dad091b8ac4.txt	F	1437	719	718	17	18	0
5906.up-6572648567f1.txt	R	5906.rbnd-0dad091b8ac4.txt	F	1437	719	718	17	18	0
5906.up-6a8f7756517b.txt	F	5906.up-5ce87c54ecea.txt	F	528	264	264	0	0	0
5906.up-6a8f7756517b.txt	F	5906.up-5ce87c54ecea.txt	R	528	264	264	0	0	0
5906.up-6a8f7756517b.txt	R	5906.up-5ce87c54ecea.txt	F	528	264	264	0	0	0
5906.up-6a8f7756517b.txt	R	5906.up-5ce87c54ecea.txt	R	528	264	264	0	0	0
5906.up-6a8f7756517b.txt	F	5906.lswap-c55c2b0fbb0f.txt	F	576	288	288	0	0	0
5906.up-6a8f7756517b.txt	F	5906.lswap-c55c2b0fbb0f.txt	R	576	288	288	0	0	0
5906.up-6a8f7756517b.txt	R	5906.lswap-c55c2b0fbb0f.txt	F	576	288	288	0	0	0
5906.up-6a8f7756517b.txt	R	5906.lswap-c55c2b0fbb0f.txt	R	576	288	288	0	0	0
5906.up-6a8f7756517b.txt	F	5906.up-6773ff05a318.txt	F	600	300	300	0	0	0
5906.up-6a8f7756517b.txt	F	5906.up-6773ff05a318.txt	R	600	300	300	0	0	0
5906.up-6a8f7756517b.txt	F	5906.up-c2286e4674af.txt	F	600	300	300	0	0	0
5906.up-6a8f7756517b.txt	F	5906.up-c2286e4674af.txt	R	600	300	300	0	0	0
5906.up-6a8f7756517b.txt	R	5906.up-6773ff05a318.txt	F	600	300	300	0	0	0
5906.up-6a8f7756517b.txt	R	5906.up-6773ff05a318.txt	R	600	300	300	0	0	0
5906.up-6a8f7756517b.txt	R	5906.up-c2286e4674af.txt	F	600	300	300	0	0	0
5906.up-6a8f7756517b.txt	R	5906.up-c2286e4674af.txt	R	600	300	300	0	0	0
5906.up-6a8f7756517b.txt	F	5906.up-3de4f10d5095.txt	F	624	312	312	0	0	0
5906.up-6a8f7756517b.txt	F	5906.up-3de4f10d5095.txt	R	624	312	312	0	0	0
5906.up-6a8f7756517b.txt	F	5906.up-a00b3e52965d.txt	F	624	312	312	0	0	0
5906.up-6a8f7756517b.txt	F	5906.up-a00b3e52965d.txt	R	624	312	312	0	0	0
5906.up-6a8f7756517b.txt	R	5906.up-3de4f10d5095.txt	F	624	312	312	0	0	0
5906.up-6a8f7756517b.txt	R	5906.up-3de4f10d5095.txt	R	624	312	312	0	0	0
5906.up-6a8f7756517b.txt	R	5906.up-a00b3e52965d.txt	F	624	312	312	0	0	0
5906.up-6a8f7756517b.txt	R	5906.up-a00b3e52965d.txt	R	624	312	312	0	0	0
5906.up-6a8f7756517b.txt	F	5906.up-2cb6c1139592.txt	F	648	324	324	0	0	0
5906.up-6a8f7756517b.txt	F	5906.up-2cb6c1139592.txt	R	648	324	324	0	0	0
5906.up-6a8f7756517b.txt	F	5906.up-b2d6bec1e3bd.txt	F	648	324	324	0	0	0
5906.up-6a8f7756517b.txt	F	5906.up-b2d6bec1e3bd.txt	R	648	324	324	0	0	0
5906.up-6a8f7756517b.txt	F	5906.up-cad80abdf334.txt	F	648	324	324	0	0	0
5906.up-6a8f7756517b.txt	F	5906.up-cad80abdf334.txt	R	648	324	324	0	0	0
5906.up-6a8f7756517b.txt	F	5906.up-e8da0f18269f.txt	F	648	324	324	0	0	0
5906.up-6a8f7756517b.txt	F	5906.up-e8da0f18269f.txt	R	648	324	324	0	0	0
5906.up-6a8f7756517b.txt	R	5906.up-2cb6c1139592.txt	F	648	324	324	0	0	0
5906.up-6a8f7756517b.txt	R	5906.up-2cb6c1139592.txt	R	648	324	324	0	0	0
5906.up-6a8f7756517b.txt	R	5906.up-b2d6bec1e3bd.txt	F	648	324	324	0	0	0
5906.up-6a8f7756517b.txt	R	5906.up-b2d6bec1e3bd.txt	R	648	324	324	0	0	0
5906.up-6a8f7756517b.txt	R	5906.up-cad80abdf334.txt	F	648	324	324	0	0	0
5906.up-6a8f7756517b.txt	R	5906.up-cad80abdf334.txt	R	648	324	324	0	0	0
5906.up-6a8f7756517b.txt	R	5906.up-e8da0f18269f.txt	F	648	324	324	0	0	0
5906.up-6a8f7756517b.txt	R	5906.up-e8da0f18269f.txt	R	648	324	324	0	0	0
5906.up-6a8f7756517b.txt	F	5906.lswap-41a210488ac9.txt	F	660	330	330	0	0	0
5906.up-6a8f7756517b.txt	F	5906.lswap-41a210488ac9.txt	R	660	330	330	0	0	0
5906.up-6a8f7756517b.txt	R	5906.lswap-41a210488ac9.txt	F	660	330	330	0	0	0
5906.up-6a8f7756517b.txt	R	5906.lswap-41a210488ac9.txt	R	660	330	330	0	0	0
5906.up-6a8f7756517b.txt	F	5906.lswap-0de54c0a7bb6.txt	F	672	336	336	0	0	0
5906.up-6a8f7756517b.txt	F	5906.lswap-0de54c0a7bb6.txt	R	672	336	336	0	0	0
5906.up-6a8f7756517b.txt	F	5906.lswap-1e70957354f1.txt	F	672	336	336	0	0	0
5906.up-6a8f7756517b.txt	F	5906.lswap-1e70957354f1.txt	R	672	336	336	0	0	0
5906.up-6a8f7756517b.txt	F	5906.lswap-3c791ffa671d.txt	F	672	336	336	0	0	0
5906.up-6a8f7756517b.txt	F	5906.lswap-3c791ffa671d.txt	R	672	336	336	0	0	0
5906.up-6a8f7756517b.txt	F	5906.lswap-cae9c3b46793.txt	F	672	336	336	0	0	0
5906.up-6a8f7756517b.txt	F	5906.lswap-cae9c3b46793.txt	R	672	336	336	0	0	0
5906.up-6a8f7756517b.txt	F	5906.up-a838f31a7b4f.txt	F	672	336	336	0	0	0
5906.up-6a8f7756517b.txt	F	5906.up-a838f31a7b4f.txt	R	672	336	336	0	0	0
5906.up-6a8f7756517b.txt	R	5906.lswap-0de54c0a7bb6.txt	F	672	336	336	0	0	0
5906.up-6a8f7756517b.txt	R	5906.lswap-0de54c0a7bb6.txt	R	672	336	336	0	0	0
5906.up-6a8f7756517b.txt	R	5906.lswap-1e70957354f1.txt	F	672	336	336	0	0	0
5906.up-6a8f7756517b.txt	R	5906.lswap-1e70957354f1.txt	R	672	336	336	0	0	0
5906.up-6a8f7756517b.txt	R	5906.lswap-3c791ffa671d.txt	F	672	336	336	0	0	0
5906.up-6a8f7756517b.txt	R	5906.lswap-3c791ffa671d.txt	R	672	336	336	0	0	0
5906.up-6a8f7756517b.txt	R	5906.lswap-cae9c3b46793.txt	F	672	336	336	0	0	0
5906.up-6a8f7756517b.txt	R	5906.lswap-cae9c3b46793.txt	R	672	336	336	0	0	0
5906.up-6a8f7756517b.txt	R	5906.up-a838f31a7b4f.txt	F	672	336	336	0	0	0
5906.up-6a8f7756517b.txt	R	5906.up-a838f31a7b4f.txt	R	672	336	336	0	0	0
5906.up-6a8f7756517b.txt	F	5906.lswap-5a55d1641a86.txt	F	684	342	342	0	0	0
5906.up-6a8f7756517b.txt	F	5906.lswap-5a55d1641a86.txt	R	684	342	342	0	0	0
5906.up-6a8f7756517b.txt	F	5906.lswap-6f6f375dca74.txt	F	684	342	342	0	0	0
5906.up-6a8f7756517b.txt	F	5906.lswap-6f6f375dca74.txt	R	684	342	342	0	0	0
5906.up-6a8f7756517b.txt	F	5906.lswap-b12d38608f09.txt	F	684	342	342	0	0	0
5906.up-6a8f7756517b.txt	F	5906.lswap-b12d38608f09.txt	R	684	342	342	0	0	0
5906.up-6a8f7756517b.txt	F	5906.lswap-e0920da719d9.txt	F	684	342	342	0	0	0
5906.up-6a8f7756517b.txt	F	5906.lswap-e0920da719d9.txt	R	684	342	342	0	0	0
5906.up-6a8f7756517b.txt	R	5906.lswap-5a55d1641a86.txt	F	684	342	342	0	0	0
5906.up-6a8f7756517b.txt	R	5906.lswap-5a55d1641a86.txt	R	684	342	342	0	0	0
5906.up-6a8f7756517b.txt	R	5906.lswap-6f6f375dca74.txt	F	684	342	342	0	0	0
5906.up-6a8f7756517b.txt	R	5906.lswap-6f6f375dca74.txt	R	684	342	342	0	0	0
5906.up-6a8f7756517b.txt	R	5906.lswap-b12d38608f09.txt	F	684	342	342	0	0	0
5906.up-6a8f7756517b.txt	R	5906.lswap-b12d38608f09.txt	R	684	342	342	0	0	0
5906.up-6a8f7756517b.txt	R	5906.lswap-e0920da719d9.txt	F	684	342	342	0	0	0
5906.up-6a8f7756517b.txt	R	5906.lswap-e0920da719d9.txt	R	684	342	342	0	0	0
5906.up-6a8f7756517b.txt	F	5906.lswap-49fc63d034f2.txt	F	696	348	348	0	0	0
5906.up-6a8f7756517b.txt	F	5906.lswap-49fc63d034f2.txt	R	696	348	348	0	0	0
5906.up-6a8f7756517b.txt	F	5906.lswap-73851215f718.txt	F	696	348	348	0	0	0
5906.up-6a8f7756517b.txt	F	5906.lswap-73851215f718.txt	R	696	348	348	0	0	0
5906.up-6a8f7756517b.txt	F	5906.lswap-7602ba885180.txt	F	696	348	348	0	0	0
5906.up-6a8f7756517b.txt	F	5906.lswap-7602ba885180.txt	R	696	348	348	0	0	0
5906.up-6a8f7756517b.txt	F	5906.lswap-821102adfff8.txt	F	696	348	348	0	0	0
5906.up-6a8f7756517b.txt	F	5906.lswap-821102adfff8.txt	R	696	348	348	0	0	0
5906.up-6a8f7756517b.txt	F	5906.lswap-cf5ecb0e9ecc.txt	F	696	348	348	0	0	0
5906.up-6a8f7756517b.txt	F	5906.lswap-cf5ecb0e9ecc.txt	R	696	348	348	0	0	0
5906.up-6a8f7756517b.txt	F	5906.lswap-f6dbf9989449.txt	F	696	348	348	0	0	0
5906.up-6a8f7756517b.txt	F	5906.lswap-f6dbf9989449.txt	R	696	348	348	0	0	0
5906.up-6a8f7756517b.txt	F	5906.up-168d62e1a9d1.txt	F	696	348	348	0	0	0
5906.up-6a8f7756517b.txt	F	5906.up-168d62e1a9d1.txt	R	696	348	348	0	0	0
5906.up-6a8f7756517b.txt	F	5906.up-23ca8a9bcc81.txt	F	696	348	348	0	0	0
5906.up-6a8f7756517b.txt	F	5906.up-23ca8a9bcc81.txt	R	696	348	348	0	0	0
5906.up-6a8f7756517b.txt	F	5906.up-7824c044436e.txt	F	696	348	348	0	0	0
5906.up-6a8f7756517b.txt	F	5906.up-7824c044436e.txt	R	696	348	348	0	0	0
5906.up-6a8f7756517b.txt	F	5906.up-7c111e182316.txt	F	696	348	348	0	0	0
5906.up-6a8f7756517b.txt	F	5906.up-7c111e182316.txt	R	696	348	348	0	0	0
5906.up-6a8f7756517b.txt	F	5906.up-839c85982253.txt	F	696	348	348	0	0	0
5906.up-6a8f7756517b.txt	F	5906.up-839c85982253.txt	R	696	348	348	0	0	0
5906.up-6a8f7756517b.txt	F	5906.up-95ffff5c765c.txt	F	696	348	348	0	0	0
5906.up-6a8f7756517b.txt	F	5906.up-95ffff5c765c.txt	R	696	348	348	0	0	0
5906.up-6a8f7756517b.txt	F	5906.up-abe33e328763.txt	F	696	348	348	0	0	0
5906.up-6a8f7756517b.txt	F	5906.up-abe33e328763.txt	R	696	348	348	0	0	0
5906.up-6a8f7756517b.txt	F	5906.up-e65e244c83d3.txt	F	696	348	348	0	0	0
5906.up-6a8f7756517b.txt	F	5906.up-e65e244c83d3.txt	R	696	348	348	0	0	0
5906.up-6a8f7756517b.txt	F	5906.up-eebb02e3baec.txt	F	696	348	348	0	0	0
5906.up-6a8f7756517b.txt	F	5906.up-eebb02e3baec.txt	R	696	348	348	0	0	0
5906.up-6a8f7756517b.txt	R	5906.lswap-49fc63d034f2.txt	F	696	348	348	0	0	0
5906.up-6a8f7756517b.txt	R	5906.lswap-49fc63d034f2.txt	R	696	348	348	0	0	0
5906.up-6a8f7756517b.txt	R	5906.lswap-73851215f718.txt	F	696	348	348	0	0	0
5906.up-6a8f7756517b.txt	R	5906.lswap-73851215f718.txt	R	696	348	348	0	0	0
5906.up-6a8f7756517b.txt	R	5906.lswap-7602ba885180.txt	F	696	348	348	0	0	0
5906.up-6a8f7756517b.txt	R	5906.lswap-7602ba885180.txt	R	696	348	348	0	0	0
5906.up-6a8f7756517b.txt	R	5906.lswap-821102adfff8.txt	F	696	348	348	0	0	0
5906.up-6a8f7756517b.txt	R	5906.lswap-821102adfff8.txt	R	696	348	348	0	0	0
5906.up-6a8f7756517b.txt	R	5906.lswap-cf5ecb0e9ecc.txt	F	696	348	348	0	0	0
5906.up-6a8f7756517b.txt	R	5906.lswap-cf5ecb0e9ecc.txt	R	696	348	348	0	0	0
5906.up-6a8f7756517b.txt	R	5906.lswap-f6dbf9989449.txt	F	696	348	348	0	0	0
5906.up-6a8f7756517b.txt	R	5906.lswap-f6dbf9989449.txt	R	696	348	348	0	0	0
5906.up-6a8f7756517b.txt	R	5906.up-168d62e1a9d1.txt	F	696	348	348	0	0	0
5906.up-6a8f7756517b.txt	R	5906.up-168d62e1a9d1.txt	R	696	348	348	0	0	0
5906.up-6a8f7756517b.txt	R	5906.up-23ca8a9bcc81.txt	F	696	348	348	0	0	0
5906.up-6a8f7756517b.txt	R	5906.up-23ca8a9bcc81.txt	R	696	348	348	0	0	0
5906.up-6a8f7756517b.txt	R	5906.up-7824c044436e.txt	F	696	348	348	0	0	0
5906.up-6a8f7756517b.txt	R	5906.up-7824c044436e.txt	R	696	348	348	0	0	0
5906.up-6a8f7756517b.txt	R	5906.up-7c111e182316.txt	F	696	348	348	0	0	0
5906.up-6a8f7756517b.txt	R	5906.up-7c111e182316.txt	R	696	348	348	0	0	0
5906.up-6a8f7756517b.txt	R	5906.up-839c85982253.txt	F	696	348	348	0	0	0
5906.up-6a8f7756517b.txt	R	5906.up-839c85982253.txt	R	696	348	348	0	0	0
5906.up-6a8f7756517b.txt	R	5906.up-95ffff5c765c.txt	F	696	348	348	0	0	0
5906.up-6a8f7756517b.txt	R	5906.up-95ffff5c765c.txt	R	696	348	348	0	0	0
5906.up-6a8f7756517b.txt	R	5906.up-abe33e328763.txt	F	696	348	348	0	0	0
5906.up-6a8f7756517b.txt	R	5906.up-abe33e328763.txt	R	696	348	348	0	0	0
5906.up-6a8f7756517b.txt	R	5906.up-e65e244c83d3.txt	F	696	348	348	0	0	0
5906.up-6a8f7756517b.txt	R	5906.up-e65e244c83d3.txt	R	696	348	348	0	0	0
5906.up-6a8f7756517b.txt	R	5906.up-eebb02e3baec.txt	F	696	348	348	0	0	0
5906.up-6a8f7756517b.txt	R	5906.up-eebb02e3baec.txt	R	696	348	348	0	0	0
5906.up-6a8f7756517b.txt	F	5906.lswap-3b4f2e286e0c.txt	F	708	354	354	0	0	0
5906.up-6a8f7756517b.txt	F	5906.lswap-3b4f2e286e0c.txt	R	708	354	354	0	0	0
5906.up-6a8f7756517b.txt	F	5906.lswap-3baeeea281f2.txt	F	708	354	354	0	0	0
5906.up-6a8f7756517b.txt	F	5906.lswap-3baeeea281f2.txt	R	708	354	354	0	0	0
5906.up-6a8f7756517b.txt	F	5906.lswap-5228890279ca.txt	F	708	354	354	0	0	0
5906.up-6a8f7756517b.txt	F	5906.lswap-5228890279ca.txt	R	708	354	354	0	0	0
5906.up-6a8f7756517b.txt	F	5906.lswap-6d7ea156bdcc.txt	F	708	354	354	0	0	0
5906.up-6a8f7756517b.txt	F	5906.lswap-6d7ea156bdcc.txt	R	708	354	354	0	0	0
5906.up-6a8f7756517b.txt	F	5906.lswap-a28e203d65dc.txt	F	708	354	354	0	0	0
5906.up-6a8f7756517b.txt	F	5906.lswap-a28e203d65dc.txt	R	708	354	354	0	0	0
5906.up-6a8f7756517b.txt	F	5906.lswap-aea48ef05d9e.txt	F	708	354	354	0	0	0
5906.up-6a8f7756517b.txt	F	5906.lswap-aea48ef05d9e.txt	R	708	354	354	0	0	0
5906.up-6a8f7756517b.txt	F	5906.lswap-be4759bc731a.txt	F	708	354	354	0	0	0
5906.up-6a8f7756517b.txt	F	5906.lswap-be4759bc731a.txt	R	708	354	354	0	0	0
5906.up-6a8f7756517b.txt	R	5906.lswap-3b4f2e286e0c.txt	F	708	354	354	0	0	0
5906.up-6a8f7756517b.txt	R	5906.lswap-3b4f2e286e0c.txt	R	708	354	354	0	0	0
5906.up-6a8f7756517b.txt	R	5906.lswap-3baeeea281f2.txt	F	708	354	354	0	0	0
5906.up-6a8f7756517b.txt	R	5906.lswap-3baeeea281f2.txt	R	708	354	354	0	0	0
5906.up-6a8f7756517b.txt	R	5906.lswap-5228890279ca.txt	F	708	354	354	0	0	0
5906.up-6a8f7756517b.txt	R	5906.lswap-5228890279ca.txt	R	708	354	354	0	0	0
5906.up-6a8f7756517b.txt	R	5906.lswap-6d7ea156bdcc.txt	F	708	354	354	0	0	0
5906.up-6a8f7756517b.txt	R	5906.lswap-6d7ea156bdcc.txt	R	708	354	354	0	0	0
5906.up-6a8f7756517b.txt	R	5906.lswap-a28e203d65dc.txt	F	708	354	354	0	0	0
5906.up-6a8f7756517b.txt	R	5906.lswap-a28e203d65dc.txt	R	708	354	354	0	0	0
5906.up-6a8f7756517b.txt	R	5906.lswap-aea48ef05d9e.txt	F	708	354	354	0	0	0
5906.up-6a8f7756517b.txt	R	5906.lswap-aea48ef05d9e.txt	R	708	354	354	0	0	0
5906.up-6a8f7756517b.txt	R	5906.lswap-be4759bc731a.txt	F	708	354	354	0	0	0
5906.up-6a8f7756517b.txt	R	5906.lswap-be4759bc731a.txt	R	708	354	354	0	0	0
5906.up-6a8f7756517b.txt	F	5906.lswap-2fb529601be6.txt	F	720	360	360	0	0	0
5906.up-6a8f7756517b.txt	F	5906.lswap-2fb529601be6.txt	R	720	360	360	0	0	0
5906.up-6a8f7756517b.txt	F	5906.lswap-423441640591.txt	F	720	360	360	0	0	0
5906.up-6a8f7756517b.txt	F	5906.lswap-423441640591.txt	R	720	360	360	0	0	0
5906.up-6a8f7756517b.txt	F	5906.lswap-469763027c57.txt	F	720	360	360	0	0	0
5906.up-6a8f7756517b.txt	F	5906.lswap-469763027c57.txt	R	720	360	360	0	0	0
5906.up-6a8f7756517b.txt	F	5906.lswap-4c179f65aa4b.txt	F	720	360	360	0	0	0
5906.up-6a8f7756517b.txt	F	5906.lswap-4c179f65aa4b.txt	R	720	360	360	0	0	0
5906.up-6a8f7756517b.txt	F	5906.lswap-964ebce5847f.txt	F	720	360	360	0	0	0
5906.up-6a8f7756517b.txt	F	5906.lswap-964ebce5847f.txt	R	720	360	360	0	0	0
5906.up-6a8f7756517b.txt	F	5906.lswap-aa52880fc9e0.txt	F	720	360	360	0	0	0
5906.up-6a8f7756517b.txt	F	5906.lswap-aa52880fc9e0.txt	R	720	360	360	0	0	0
5906.up-6a8f7756517b.txt	F	5906.up-0d2e98183c29.txt	F	720	360	360	0	0	0
5906.up-6a8f7756517b.txt	F	5906.up-0d2e98183c29.txt	R	720	360	360	0	0	0
5906.up-6a8f7756517b.txt	F	5906.up-14e2c7b29aae.txt	F	720	360	360	0	0	0
5906.up-6a8f7756517b.txt	F	5906.up-14e2c7b29aae.txt	R	720	360	360	0	0	0
5906.up-6a8f7756517b.txt	F	5906.up-91a0d3cd2c14.txt	F	720	360	360	0	0	0
5906.up-6a8f7756517b.txt	F	5906.up-91a0d3cd2c14.txt	R	720	360	360	0	0	0
5906.up-6a8f7756517b.txt	F	5906.up-a235b0e09b6c.txt	F	720	360	360	0	0	0
5906.up-6a8f7756517b.txt	F	5906.up-a235b0e09b6c.txt	R	720	360	360	0	0	0
5906.up-6a8f7756517b.txt	R	5906.lswap-2fb529601be6.txt	F	720	360	360	0	0	0
5906.up-6a8f7756517b.txt	R	5906.lswap-2fb529601be6.txt	R	720	360	360	0	0	0
5906.up-6a8f7756517b.txt	R	5906.lswap-423441640591.txt	F	720	360	360	0	0	0
5906.up-6a8f7756517b.txt	R	5906.lswap-423441640591.txt	R	720	360	360	0	0	0
5906.up-6a8f7756517b.txt	R	5906.lswap-469763027c57.txt	F	720	360	360	0	0	0
5906.up-6a8f7756517b.txt	R	5906.lswap-469763027c57.txt	R	720	360	360	0	0	0
5906.up-6a8f7756517b.txt	R	5906.lswap-4c179f65aa4b.txt	F	720	360	360	0	0	0
5906.up-6a8f7756517b.txt	R	5906.lswap-4c179f65aa4b.txt	R	720	360	360	0	0	0
5906.up-6a8f7756517b.txt	R	5906.lswap-964ebce5847f.txt	F	720	360	360	0	0	0
5906.up-6a8f7756517b.txt	R	5906.lswap-964ebce5847f.txt	R	720	360	360	0	0	0
5906.up-6a8f7756517b.txt	R	5906.lswap-aa52880fc9e0.txt	F	720	360	360	0	0	0
5906.up-6a8f7756517b.txt	R	5906.lswap-aa52880fc9e0.txt	R	720	360	360	0	0	0
5906.up-6a8f7756517b.txt	R	5906.up-0d2e98183c29.txt	F	720	360	360	0	0	0
5906.up-6a8f7756517b.txt	R	5906.up-0d2e98183c29.txt	R	720	360	360	0	0	0
5906.up-6a8f7756517b.txt	R	5906.up-14e2c7b29aae.txt	F	720	360	360	0	0	0
5906.up-6a8f7756517b.txt	R	5906.up-14e2c7b29aae.txt	R	720	360	360	0	0	0
5906.up-6a8f7756517b.txt	R	5906.up-91a0d3cd2c14.txt	F	720	360	360	0	0	0
5906.up-6a8f7756517b.txt	R	5906.up-91a0d3cd2c14.txt	R	720	360	360	0	0	0
5906.up-6a8f7756517b.txt	R	5906.up-a235b0e09b6c.txt	F	720	360	360	0	0	0
5906.up-6a8f7756517b.txt	R	5906.up-a235b0e09b6c.txt	R	720	360	360	0	0	0
5906.up-6a8f7756517b.txt	F	5906.lswap-17203113788c.txt	F	732	366	366	0	0	0
5906.up-6a8f7756517b.txt	F	5906.lswap-17203113788c.txt	R	732	366	366	0	0	0
5906.up-6a8f7756517b.txt	F	5906.lswap-5764c730eaee.txt	F	732	366	366	0	0	0
5906.up-6a8f7756517b.txt	F	5906.lswap-5764c730eaee.txt	R	732	366	366	0	0	0
5906.up-6a8f7756517b.txt	F	5906.lswap-5a7a973564fd.txt	F	732	366	366	0	0	0
5906.up-6a8f7756517b.txt	F	5906.lswap-5a7a973564fd.txt	R	732	366	366	0	0	0
5906.up-6a8f7756517b.txt	F	5906.lswap-9759fb4af500.txt	F	732	366	366	0	0	0
5906.up-6a8f7756517b.txt	F	5906.lswap-9759fb4af500.txt	R	732	366	366	0	0	0
5906.up-6a8f7756517b.txt	F	5906.lswap-b55f23a2f470.txt	F	732	366	366	0	0	0
5906.up-6a8f7756517b.txt	F	5906.lswap-b55f23a2f470.txt	R	732	366	366	0	0	0
5906.up-6a8f7756517b.txt	R	5906.lswap-17203113788c.txt	F	732	366	366	0	0	0
5906.up-6a8f7756517b.txt	R	5906.lswap-17203113788c.txt	R	732	366	366	0	0	0
5906.up-6a8f7756517b.txt	R	5906.lswap-5764c730eaee.txt	F	732	366	366	0	0	0
5906.up-6a8f7756517b.txt	R	5906.lswap-5764c730eaee.txt	R	732	366	366	0	0	0
5906.up-6a8f7756517b.txt	R	5906.lswap-5a7a973564fd.txt	F	732	366	366	0	0	0
5906.up-6a8f7756517b.txt	R	5906.lswap-5a7a973564fd.txt	R	732	366	366	0	0	0
5906.up-6a8f7756517b.txt	R	5906.lswap-9759fb4af500.txt	F	732	366	366	0	0	0
5906.up-6a8f7756517b.txt	R	5906.lswap-9759fb4af500.txt	R	732	366	366	0	0	0
5906.up-6a8f7756517b.txt	R	5906.lswap-b55f23a2f470.txt	F	732	366	366	0	0	0
5906.up-6a8f7756517b.txt	R	5906.lswap-b55f23a2f470.txt	R	732	366	366	0	0	0
5906.up-6a8f7756517b.txt	F	5906.lswap-20db05a5b51e.txt	F	744	372	372	0	0	0
5906.up-6a8f7756517b.txt	F	5906.lswap-20db05a5b51e.txt	R	744	372	372	0	0	0
5906.up-6a8f7756517b.txt	F	5906.lswap-d252e4d38aa9.txt	F	744	372	372	0	0	0
5906.up-6a8f7756517b.txt	F	5906.lswap-d252e4d38aa9.txt	R	744	372	372	0	0	0
5906.up-6a8f7756517b.txt	F	5906.lswap-e59a6239aa79.txt	F	744	372	372	0	0	0
5906.up-6a8f7756517b.txt	F	5906.lswap-e59a6239aa79.txt	R	744	372	372	0	0	0
5906.up-6a8f7756517b.txt	F	5906.lswap-eeb9a73f4b33.txt	F	744	372	372	0	0	0
5906.up-6a8f7756517b.txt	F	5906.lswap-eeb9a73f4b33.txt	R	744	372	372	0	0	0
5906.up-6a8f7756517b.txt	F	5906.up-77512ee88848.txt	F	744	372	372	0	0	0
5906.up-6a8f7756517b.txt	F	5906.up-77512ee88848.txt	R	744	372	372	0	0	0
5906.up-6a8f7756517b.txt	F	5906.up-aed220b1ebc4.txt	F	744	372	372	0	0	0
5906.up-6a8f7756517b.txt	F	5906.up-aed220b1ebc4.txt	R	744	372	372	0	0	0
5906.up-6a8f7756517b.txt	F	5906.up-e948752d6a32.txt	F	744	372	372	0	0	0
5906.up-6a8f7756517b.txt	F	5906.up-e948752d6a32.txt	R	744	372	372	0	0	0
5906.up-6a8f7756517b.txt	R	5906.lswap-20db05a5b51e.txt	F	744	372	372	0	0	0
5906.up-6a8f7756517b.txt	R	5906.lswap-20db05a5b51e.txt	R	744	372	372	0	0	0
5906.up-6a8f7756517b.txt	R	5906.lswap-d252e4d38aa9.txt	F	744	372	372	0	0	0
5906.up-6a8f7756517b.txt	R	5906.lswap-d252e4d38aa9.txt	R	744	372	372	0	0	0
5906.up-6a8f7756517b.txt	R	5906.lswap-e59a6239aa79.txt	F	744	372	372	0	0	0
5906.up-6a8f7756517b.txt	R	5906.lswap-e59a6239aa79.txt	R	744	372	372	0	0	0
5906.up-6a8f7756517b.txt	R	5906.lswap-eeb9a73f4b33.txt	F	744	372	372	0	0	0
5906.up-6a8f7756517b.txt	R	5906.lswap-eeb9a73f4b33.txt	R	744	372	372	0	0	0
5906.up-6a8f7756517b.txt	R	5906.up-77512ee88848.txt	F	744	372	372	0	0	0
5906.up-6a8f7756517b.txt	R	5906.up-77512ee88848.txt	R	744	372	372	0	0	0
5906.up-6a8f7756517b.txt	R	5906.up-aed220b1ebc4.txt	F	744	372	372	0	0	0
5906.up-6a8f7756517b.txt	R	5906.up-aed220b1ebc4.txt	R	744	372	372	0	0	0
5906.up-6a8f7756517b.txt	R	5906.up-e948752d6a32.txt	F	744	372	372	0	0	0
5906.up-6a8f7756517b.txt	R	5906.up-e948752d6a32.txt	R	744	372	372	0	0	0
5906.up-6a8f7756517b.txt	F	5906.lswap-25804d565b10.txt	F	756	378	378	0	0	0
5906.up-6a8f7756517b.txt	F	5906.lswap-25804d565b10.txt	R	756	378	378	0	0	0
5906.up-6a8f7756517b.txt	F	5906.lswap-52e683fb05d3.txt	F	756	378	378	0	0	0
5906.up-6a8f7756517b.txt	F	5906.lswap-52e683fb05d3.txt	R	756	378	378	0	0	0
5906.up-6a8f7756517b.txt	F	5906.lswap-6bd82af50a4e.txt	F	756	378	378	0	0	0
5906.up-6a8f7756517b.txt	F	5906.lswap-6bd82af50a4e.txt	R	756	378	378	0	0	0
5906.up-6a8f7756517b.txt	F	5906.lswap-80e6c24a2613.txt	F	756	378	378	0	0	0
5906.up-6a8f7756517b.txt	F	5906.lswap-80e6c24a2613.txt	R	756	378	378	0	0	0
5906.up-6a8f7756517b.txt	R	5906.lswap-25804d565b10.txt	F	756	378	378	0	0	0
5906.up-6a8f7756517b.txt	R	5906.lswap-25804d565b10.txt	R	756	378	378	0	0	0
5906.up-6a8f7756517b.txt	R	5906.lswap-52e683fb05d3.txt	F	756	378	378	0	0	0
5906.up-6a8f7756517b.txt	R	5906.lswap-52e683fb05d3.txt	R	756	378	378	0	0	0
5906.up-6a8f7756517b.txt	R	5906.lswap-6bd82af50a4e.txt	F	756	378	378	0	0	0
5906.up-6a8f7756517b.txt	R	5906.lswap-6bd82af50a4e.txt	R	756	378	378	0	0	0
5906.up-6a8f7756517b.txt	R	5906.lswap-80e6c24a2613.txt	F	756	378	378	0	0	0
5906.up-6a8f7756517b.txt	R	5906.lswap-80e6c24a2613.txt	R	756	378	378	0	0	0
5906.up-6a8f7756517b.txt	F	5906.lswap-2497c9291398.txt	F	768	384	384	0	0	0
5906.up-6a8f7756517b.txt	F	5906.lswap-2497c9291398.txt	R	768	384	384	0	0	0
5906.up-6a8f7756517b.txt	F	5906.lswap-a7d2db45842b.txt	F	768	384	384	0	0	0
5906.up-6a8f7756517b.txt	F	5906.lswap-a7d2db45842b.txt	R	768	384	384	0	0	0
5906.up-6a8f7756517b.txt	F	5906.lswap-afd973e1a915.txt	F	768	384	384	0	0	0
5906.up-6a8f7756517b.txt	F	5906.lswap-afd973e1a915.txt	R	768	384	384	0	0	0
5906.up-6a8f7756517b.txt	F	5906.up-d2559533f431.txt	F	768	384	384	0	0	0
5906.up-6a8f7756517b.txt	F	5906.up-d2559533f431.txt	R	768	384	384	0	0	0
5906.up-6a8f7756517b.txt	F	5906.up-e94d2b57a7d4.txt	F	768	384	384	0	0	0
5906.up-6a8f7756517b.txt	F	5906.up-e94d2b57a7d4.txt	R	768	384	384	0	0	0
5906.up-6a8f7756517b.txt	R	5906.lswap-2497c9291398.txt	F	768	384	384	0	0	0
5906.up-6a8f7756517b.txt	R	5906.lswap-2497c9291398.txt	R	768	384	384	0	0	0
5906.up-6a8f7756517b.txt	R	5906.lswap-a7d2db45842b.txt	F	768	384	384	0	0	0
5906.up-6a8f7756517b.txt	R	5906.lswap-a7d2db45842b.txt	R	768	384	384	0	0	0
5906.up-6a8f7756517b.txt	R	5906.lswap-afd973e1a915.txt	F	768	384	384	0	0	0
5906.up-6a8f7756517b.txt	R	5906.lswap-afd973e1a915.txt	R	768	384	384	0	0	0
5906.up-6a8f7756517b.txt	R	5906.up-d2559533f431.txt	F	768	384	384	0	0	0
5906.up-6a8f7756517b.txt	R	5906.up-d2559533f431.txt	R	768	384	384	0	0	0
5906.up-6a8f7756517b.txt	R	5906.up-e94d2b57a7d4.txt	F	768	384	384	0	0	0
5906.up-6a8f7756517b.txt	R	5906.up-e94d2b57a7d4.txt	R	768	384	384	0	0	0
5906.up-6a8f7756517b.txt	F	5906.lswap-52f45c5e8e22.txt	F	780	390	390	0	0	0
5906.up-6a8f7756517b.txt	F	5906.lswap-52f45c5e8e22.txt	R	780	390	390	0	0	0
5906.up-6a8f7756517b.txt	F	5906.lswap-5808edca979d.txt	F	780	390	390	0	0	0
5906.up-6a8f7756517b.txt	F	5906.lswap-5808edca979d.txt	R	780	390	390	0	0	0
5906.up-6a8f7756517b.txt	F	5906.lswap-5dbb54e50268.txt	F	780	390	390	0	0	0
5906.up-6a8f7756517b.txt	F	5906.lswap-5dbb54e50268.txt	R	780	390	390	0	0	0
5906.up-6a8f7756517b.txt	F	5906.lswap-9f3672f6c430.txt	F	780	390	390	0	0	0
5906.up-6a8f7756517b.txt	F	5906.lswap-9f3672f6c430.txt	R	780	390	390	0	0	0
5906.up-6a8f7756517b.txt	R	5906.lswap-52f45c5e8e22.txt	F	780	390	390	0	0	0
5906.up-6a8f7756517b.txt	R	5906.lswap-52f45c5e8e22.txt	R	780	390	390	0	0	0
5906.up-6a8f7756517b.txt	R	5906.lswap-5808edca979d.txt	F	780	390	390	0	0	0
5906.up-6a8f7756517b.txt	R	5906.lswap-5808edca979d.txt	R	780	390	390	0	0	0
5906.up-6a8f7756517b.txt	R	5906.lswap-5dbb54e50268.txt	F	780	390	390	0	0	0
5906.up-6a8f7756517b.txt	R	5906.lswap-5dbb54e50268.txt	R	780	390	390	0	0	0
5906.up-6a8f7756517b.txt	R	5906.lswap-9f3672f6c430.txt	F	780	390	390	0	0	0
5906.up-6a8f7756517b.txt	R	5906.lswap-9f3672f6c430.txt	R	780	390	390	0	0	0
5906.up-6a8f7756517b.txt	F	5906.lswap-6d0ad177e5ee.txt	F	792	396	396	0	0	0
5906.up-6a8f7756517b.txt	F	5906.lswap-6d0ad177e5ee.txt	R	792	396	396	0	0	0
5906.up-6a8f7756517b.txt	F	5906.lswap-8ed814577309.txt	F	792	396	396	0	0	0
5906.up-6a8f7756517b.txt	F	5906.lswap-8ed814577309.txt	R	792	396	396	0	0	0
5906.up-6a8f7756517b.txt	F	5906.lswap-df71274e07be.txt	F	792	396	396	0	0	0
5906.up-6a8f7756517b.txt	F	5906.lswap-df71274e07be.txt	R	792	396	396	0	0	0
5906.up-6a8f7756517b.txt	F	5906.lswap-e73e096376f0.txt	F	792	396	396	0	0	0
5906.up-6a8f7756517b.txt	F	5906.lswap-e73e096376f0.txt	R	792	396	396	0	0	0
5906.up-6a8f7756517b.txt	F	5906.up-16ca46d2c5a9.txt	F	792	396	396	0	0	0
5906.up-6a8f7756517b.txt	F	5906.up-16ca46d2c5a9.txt	R	792	396	396	0	0	0
5906.up-6a8f7756517b.txt	F	5906.up-78d638be95ae.txt	F	792	396	396	0	0	0
5906.up-6a8f7756517b.txt	F	5906.up-78d638be95ae.txt	R	792	396	396	0	0	0
5906.up-6a8f7756517b.txt	F	5906.up-8ec03171f5df.txt	F	792	396	396	0	0	0
5906.up-6a8f7756517b.txt	F	5906.up-8ec03171f5df.txt	R	792	396	396	0	0	0
5906.up-6a8f7756517b.txt	R	5906.lswap-6d0ad177e5ee.txt	F	792	396	396	0	0	0
5906.up-6a8f7756517b.txt	R	5906.lswap-6d0ad177e5ee.txt	R	792	396	396	0	0	0
5906.up-6a8f7756517b.txt	R	5906.lswap-8ed814577309.txt	F	792	396	396	0	0	0
5906.up-6a8f7756517b.txt	R	5906.lswap-8ed814577309.txt	R	792	396	396	0	0	0
5906.up-6a8f7756517b.txt	R	5906.lswap-df71274e07be.txt	F	792	396	396	0	0	0
5906.up-6a8f7756517b.txt	R	5906.lswap-df71274e07be.txt	R	792	396	396	0	0	0
5906.up-6a8f7756517b.txt	R	5906.lswap-e73e096376f0.txt	F	792	396	396	0	0	0
5906.up-6a8f7756517b.txt	R	5906.lswap-e73e096376f0.txt	R	792	396	396	0	0	0
5906.up-6a8f7756517b.txt	R	5906.up-16ca46d2c5a9.txt	F	792	396	396	0	0	0
5906.up-6a8f7756517b.txt	R	5906.up-16ca46d2c5a9.txt	R	792	396	396	0	0	0
5906.up-6a8f7756517b.txt	R	5906.up-78d638be95ae.txt	F	792	396	396	0	0	0
5906.up-6a8f7756517b.txt	R	5906.up-78d638be95ae.txt	R	792	396	396	0	0	0
5906.up-6a8f7756517b.txt	R	5906.up-8ec03171f5df.txt	F	792	396	396	0	0	0
5906.up-6a8f7756517b.txt	R	5906.up-8ec03171f5df.txt	R	792	396	396	0	0	0
5906.up-6a8f7756517b.txt	F	5906.lswap-031568aa1b5c.txt	F	804	402	402	0	0	0
5906.up-6a8f7756517b.txt	F	5906.lswap-031568aa1b5c.txt	R	804	402	402	0	0	0
5906.up-6a8f7756517b.txt	F	5906.lswap-29ee6f7c1197.txt	F	804	402	402	0	0	0
5906.up-6a8f7756517b.txt	F	5906.lswap-29ee6f7c1197.txt	R	804	402	402	0	0	0
5906.up-6a8f7756517b.txt	F	5906.lswap-9a5cc6a6e3c8.txt	F	804	402	402	0	0	0
5906.up-6a8f7756517b.txt	F	5906.lswap-9a5cc6a6e3c8.txt	R	804	402	402	0	0	0
5906.up-6a8f7756517b.txt	F	5906.lswap-e2d18fca77cb.txt	F	804	402	402	0	0	0
5906.up-6a8f7756517b.txt	F	5906.lswap-e2d18fca77cb.txt	R	804	402	402	0	0	0
5906.up-6a8f7756517b.txt	R	5906.lswap-031568aa1b5c.txt	F	804	402	402	0	0	0
5906.up-6a8f7756517b.txt	R	5906.lswap-031568aa1b5c.txt	R	804	402	402	0	0	0
5906.up-6a8f7756517b.txt	R	5906.lswap-29ee6f7c1197.txt	F	804	402	402	0	0	0
5906.up-6a8f7756517b.txt	R	5906.lswap-29ee6f7c1197.txt	R	804	402	402	0	0	0
5906.up-6a8f7756517b.txt	R	5906.lswap-9a5cc6a6e3c8.txt	F	804	402	402	0	0	0
5906.up-6a8f7756517b.txt	R	5906.lswap-9a5cc6a6e3c8.txt	R	804	402	402	0	0	0
5906.up-6a8f7756517b.txt	R	5906.lswap-e2d18fca77cb.txt	F	804	402	402	0	0	0
5906.up-6a8f7756517b.txt	R	5906.lswap-e2d18fca77cb.txt	R	804	402	402	0	0	0
5906.up-6a8f7756517b.txt	F	5906.lswap-49fac07a5323.txt	F	816	408	408	0	0	0
5906.up-6a8f7756517b.txt	F	5906.lswap-49fac07a5323.txt	R	816	408	408	0	0	0
5906.up-6a8f7756517b.txt	F	5906.lswap-62d959eb4e73.txt	F	816	408	408	0	0	0
5906.up-6a8f7756517b.txt	F	5906.lswap-62d959eb4e73.txt	R	816	408	408	0	0	0
5906.up-6a8f7756517b.txt	F	5906.lswap-af54b6f406a6.txt	F	816	408	408	0	0	0
5906.up-6a8f7756517b.txt	F	5906.lswap-af54b6f406a6.txt	R	816	408	408	0	0	0
5906.up-6a8f7756517b.txt	F	5906.up-0db50fc7743c.txt	F	816	408	408	0	0	0
5906.up-6a8f7756517b.txt	F	5906.up-0db50fc7743c.txt	R	816	408	408	0	0	0
5906.up-6a8f7756517b.txt	R	5906.lswap-49fac07a5323.txt	F	816	408	408	0	0	0
5906.up-6a8f7756517b.txt	R	5906.lswap-49fac07a5323.txt	R	816	408	408	0	0	0
5906.up-6a8f7756517b.txt	R	5906.lswap-62d959eb4e73.txt	F	816	408	408	0	0	0
5906.up-6a8f7756517b.txt	R	5906.lswap-62d959eb4e73.txt	R	816	408	408	0	0	0
5906.up-6a8f7756517b.txt	R	5906.lswap-af54b6f406a6.txt	F	816	408	408	0	0	0
5906.up-6a8f7756517b.txt	R	5906.lswap-af54b6f406a6.txt	R	816	408	408	0	0	0
5906.up-6a8f7756517b.txt	R	5906.up-0db50fc7743c.txt	F	816	408	408	0	0	0
5906.up-6a8f7756517b.txt	R	5906.up-0db50fc7743c.txt	R	816	408	408	0	0	0
5906.up-6a8f7756517b.txt	F	5906.lswap-2ae54d2fd96c.txt	F	828	414	414	0	0	0
5906.up-6a8f7756517b.txt	F	5906.lswap-2ae54d2fd96c.txt	R	828	414	414	0	0	0
5906.up-6a8f7756517b.txt	F	5906.lswap-7f47c6e6eeda.txt	F	828	414	414	0	0	0
5906.up-6a8f7756517b.txt	F	5906.lswap-7f47c6e6eeda.txt	R	828	414	414	0	0	0
5906.up-6a8f7756517b.txt	F	5906.lswap-e145b859ca30.txt	F	828	414	414	0	0	0
5906.up-6a8f7756517b.txt	F	5906.lswap-e145b859ca30.txt	R	828	414	414	0	0	0
5906.up-6a8f7756517b.txt	R	5906.lswap-2ae54d2fd96c.txt	F	828	414	414	0	0	0
5906.up-6a8f7756517b.txt	R	5906.lswap-2ae54d2fd96c.txt	R	828	414	414	0	0	0
5906.up-6a8f7756517b.txt	R	5906.lswap-7f47c6e6eeda.txt	F	828	414	414	0	0	0
5906.up-6a8f7756517b.txt	R	5906.lswap-7f47c6e6eeda.txt	R	828	414	414	0	0	0
5906.up-6a8f7756517b.txt	R	5906.lswap-e145b859ca30.txt	F	828	414	414	0	0	0
5906.up-6a8f7756517b.txt	R	5906.lswap-e145b859ca30.txt	R	828	414	414	0	0	0
5906.up-6a8f7756517b.txt	F	5906.lswap-025c4805fc39.txt	F	840	420	420	0	0	0
5906.up-6a8f7756517b.txt	F	5906.lswap-025c4805fc39.txt	R	840	420	420	0	0	0
5906.up-6a8f7756517b.txt	F	5906.up-331e3f0f91ee.txt	F	840	420	420	0	0	0
5906.up-6a8f7756517b.txt	F	5906.up-331e3f0f91ee.txt	R	840	420	420	0	0	0
5906.up-6a8f7756517b.txt	R	5906.lswap-025c4805fc39.txt	F	840	420	420	0	0	0
5906.up-6a8f7756517b.txt	R	5906.lswap-025c4805fc39.txt	R	840	420	420	0	0	0
5906.up-6a8f7756517b.txt	R	5906.up-331e3f0f91ee.txt	F	840	420	420	0	0	0
5906.up-6a8f7756517b.txt	R	5906.up-331e3f0f91ee.txt	R	840	420	420	0	0	0
5906.up-6a8f7756517b.txt	F	5906.lswap-3b66fbdbdf53.txt	F	852	426	426	0	0	0
5906.up-6a8f7756517b.txt	F	5906.lswap-3b66fbdbdf53.txt	R	852	426	426	0	0	0
5906.up-6a8f7756517b.txt	R	5906.lswap-3b66fbdbdf53.txt	F	852	426	426	0	0	0
5906.up-6a8f7756517b.txt	R	5906.lswap-3b66fbdbdf53.txt	R	852	426	426	0	0	0
5906.up-6a8f7756517b.txt	F	5906.up-53b55626d912.txt	F	864	432	432	0	0	0
5906.up-6a8f7756517b.txt	F	5906.up-53b55626d912.txt	R	864	432	432	0	0	0
5906.up-6a8f7756517b.txt	F	5906.up-e132c7a7c340.txt	F	864	432	432	0	0	0
5906.up-6a8f7756517b.txt	F	5906.up-e132c7a7c340.txt	R	864	432	432	0	0	0
5906.up-6a8f7756517b.txt	R	5906.up-53b55626d912.txt	F	864	432	432	0	0	0
5906.up-6a8f7756517b.txt	R	5906.up-53b55626d912.txt	R	864	432	432	0	0	0
5906.up-6a8f7756517b.txt	R	5906.up-e132c7a7c340.txt	F	864	432	432	0	0	0
5906.up-6a8f7756517b.txt	R	5906.up-e132c7a7c340.txt	R	864	432	432	0	0	0
5906.up-6a8f7756517b.txt	F	5906.lswap-d515e64b87be.txt	F	888	444	444	0	0	0
5906.up-6a8f7756517b.txt	F	5906.lswap-d515e64b87be.txt	R	888	444	444	0	0	0
5906.up-6a8f7756517b.txt	R	5906.lswap-d515e64b87be.txt	F	888	444	444	0	0	0
5906.up-6a8f7756517b.txt	R	5906.lswap-d515e64b87be.txt	R	888	444	444	0	0	0
5906.up-6a8f7756517b.txt	F	5906.lswap-f8f86258580e.txt	F	900	450	450	0	0	0
5906.up-6a8f7756517b.txt	F	5906.lswap-f8f86258580e.txt	R	900	450	450	0	0	0
5906.up-6a8f7756517b.txt	R	5906.lswap-f8f86258580e.txt	F	900	450	450	0	0	0
5906.up-6a8f7756517b.txt	R	5906.lswap-f8f86258580e.txt	R	900	450	450	0	0	0
5906.up-6a8f7756517b.txt	F	5906.up-02d771908307.txt	F	912	456	456	0	0	0
5906.up-6a8f7756517b.txt	F	5906.up-02d771908307.txt	R	912	456	456	0	0	0
5906.up-6a8f7756517b.txt	R	5906.up-02d771908307.txt	F	912	456	456	0	0	0
5906.up-6a8f7756517b.txt	R	5906.up-02d771908307.txt	R	912	456	456	0	0	0
5906.up-6a8f7756517b.txt	F	5906.lswap-17946ea8ba63.txt	F	924	462	462	0	0	0
5906.up-6a8f7756517b.txt	F	5906.lswap-17946ea8ba63.txt	R	924	462	462	0	0	0
5906.up-6a8f7756517b.txt	F	5906.lswap-6008b60b1c2c.txt	F	924	462	462	0	0	0
5906.up-6a8f7756517b.txt	F	5906.lswap-6008b60b1c2c.txt	R	924	462	462	0	0	0
5906.up-6a8f7756517b.txt	R	5906.lswap-17946ea8ba63.txt	F	924	462	462	0	0	0
5906.up-6a8f7756517b.txt	R	5906.lswap-17946ea8ba63.txt	R	924	462	462	0	0	0
5906.up-6a8f7756517b.txt	R	5906.lswap-6008b60b1c2c.txt	F	924	462	462	0	0	0
5906.up-6a8f7756517b.txt	R	5906.lswap-6008b60b1c2c.txt	R	924	462	462	0	0	0
5906.up-6a8f7756517b.txt	F	5906.rbnd-e9623244f6b1.txt	R	935	468	467	0	1	0
5906.up-6a8f7756517b.txt	R	5906.rbnd-e9623244f6b1.txt	R	935	468	467	0	1	0
5906.up-6a8f7756517b.txt	F	5906.up-454308027985.txt	F	936	468	468	0	0	0
5906.up-6a8f7756517b.txt	F	5906.up-454308027985.txt	R	936	468	468	0	0	0
5906.up-6a8f7756517b.txt	F	5906.up-dab493384582.txt	F	936	468	468	0	0	0
5906.up-6a8f7756517b.txt	F	5906.up-dab493384582.txt	R	936	468	468	0	0	0
5906.up-6a8f7756517b.txt	R	5906.up-454308027985.txt	F	936	468	468	0	0	0
5906.up-6a8f7756517b.txt	R	5906.up-454308027985.txt	R	936	468	468	0	0	0
5906.up-6a8f7756517b.txt	R	5906.up-dab493384582.txt	F	936	468	468	0	0	0
5906.up-6a8f7756517b.txt	R	5906.up-dab493384582.txt	R	936	468	468	0	0	0
5906.up-6a8f7756517b.txt	F	5906.rbnd-0dad091b8ac4.txt	R	947	474	473	0	1	0
5906.up-6a8f7756517b.txt	F	5906.rbnd-2641d60c9d5c.txt	F	947	474	473	0	1	0
5906.up-6a8f7756517b.txt	R	5906.rbnd-0dad091b8ac4.txt	R	947	474	473	0	1	0
5906.up-6a8f7756517b.txt	R	5906.rbnd-2641d60c9d5c.txt	F	947	474	473	0	1	0
5906.up-6a8f7756517b.txt	F	5906.lswap-68a263f18066.txt	F	948	474	474	0	0	0
5906.up-6a8f7756517b.txt	F	5906.lswap-68a263f18066.txt	R	948	474	474	0	0	0
5906.up-6a8f7756517b.txt	F	5906.lswap-9bd2a50baa0e.txt	F	948	474	474	0	0	0
5906.up-6a8f7756517b.txt	F	5906.lswap-9bd2a50baa0e.txt	R	948	474	474	0	0	0
5906.up-6a8f7756517b.txt	R	5906.lswap-68a263f18066.txt	F	948	474	474	0	0	0
5906.up-6a8f7756517b.txt	R	5906.lswap-68a263f18066.txt	R	948	474	474	0	0	0
5906.up-6a8f7756517b.txt	R	5906.lswap-9bd2a50baa0e.txt	F	948	474	474	0	0	0
5906.up-6a8f7756517b.txt	R	5906.lswap-9bd2a50baa0e.txt	R	948	474	474	0	0	0
5906.up-6a8f7756517b.txt	F	5906.lswap-4a581202d46c.txt	F	960	480	480	0	0	0
5906.up-6a8f7756517b.txt	F	5906.lswap-4a581202d46c.txt	R	960	480	480	0	0	0
5906.up-6a8f7756517b.txt	F	5906.up-3ba99c5557bb.txt	F	960	480	480	0	0	0
5906.up-6a8f7756517b.txt	F	5906.up-3ba99c5557bb.txt	R	960	480	480	0	0	0
5906.up-6a8f7756517b.txt	R	5906.lswap-4a581202d46c.txt	F	960	480	480	0	0	0
5906.up-6a8f7756517b.txt	R	5906.lswap-4a581202d46c.txt	R	960	480	480	0	0	0
5906.up-6a8f7756517b.txt	R	5906.up-3ba99c5557bb.txt	F	960	480	480	0	0	0
5906.up-6a8f7756517b.txt	R	5906.up-3ba99c5557bb.txt	R	960	480	480	0	0	0
5906.up-6a8f7756517b.txt	F	5906.rbnd-c44d48fbd52c.txt	R	983	492	491	0	1	0
5906.up-6a8f7756517b.txt	R	5906.rbnd-c44d48fbd52c.txt	R	983	492	491	0	1	0
5906.up-6a8f7756517b.txt	F	5906.up-756ff2ed09bd.txt	F	984	492	492	0	0	0
5906.up-6a8f7756517b.txt	F	5906.up-756ff2ed09bd.txt	R	984	492	492	0	0	0
5906.up-6a8f7756517b.txt	F	5906.up-9a915a83c416.txt	F	984	492	492	0	0	0
5906.up-6a8f7756517b.txt	F	5906.up-9a915a83c416.txt	R	984	492	492	0	0	0
5906.up-6a8f7756517b.txt	F	5906.up-dcd1e20d40f8.txt	F	984	492	492	0	0	0
5906.up-6a8f7756517b.txt	F	5906.up-dcd1e20d40f8.txt	R	984	492	492	0	0	0
5906.up-6a8f7756517b.txt	R	5906.up-756ff2ed09bd.txt	F	984	492	492	0	0	0
5906.up-6a8f7756517b.txt	R	5906.up-756ff2ed09bd.txt	R	984	492	492	0	0	0
5906.up-6a8f7756517b.txt	R	5906.up-9a915a83c416.txt	F	984	492	492	0	0	0
5906.up-6a8f7756517b.txt	R	5906.up-9a915a83c416.txt	R	984	492	492	0	0	0
5906.up-6a8f7756517b.txt	R	5906.up-dcd1e20d40f8.txt	F	984	492	492	0	0	0
5906.up-6a8f7756517b.txt	R	5906.up-dcd1e20d40f8.txt	R	984	492	492	0	0	0
5906.up-6a8f7756517b.txt	F	5906.up-a233fdf94b8d.txt	F	1008	504	504	0	0	0
5906.up-6a8f7756517b.txt	F	5906.up-a233fdf94b8d.txt	R	1008	504	504	0	0	0
5906.up-6a8f7756517b.txt	F	5906.up-da93a66cd37b.txt	F	1008	504	504	0	0	0
5906.up-6a8f7756517b.txt	F	5906.up-da93a66cd37b.txt	R	1008	504	504	0	0	0
5906.up-6a8f7756517b.txt	R	5906.up-a233fdf94b8d.txt	F	1008	504	504	0	0	0
5906.up-6a8f7756517b.txt	R	5906.up-a233fdf94b8d.txt	R	1008	504	504	0	0	0
5906.up-6a8f7756517b.txt	R	5906.up-da93a66cd37b.txt	F	1008	504	504	0	0	0
5906.up-6a8f7756517b.txt	R	5906.up-da93a66cd37b.txt	R	1008	504	504	0	0	0
5906.up-6a8f7756517b.txt	F	5906.up-207dc5352d35.txt	F	1032	516	516	0	0	0
5906.up-6a8f7756517b.txt	F	5906.up-207dc5352d35.txt	R	1032	516	516	0	0	0
5906.up-6a8f7756517b.txt	R	5906.up-207dc5352d35.txt	F	1032	516	516	0	0	0
5906.up-6a8f7756517b.txt	R	5906.up-207dc5352d35.txt	R	1032	516	516	0	0	0
5906.up-6a8f7756517b.txt	F	5906.lswap-dcc866de4e11.txt	F	1044	522	522	0	0	0
5906.up-6a8f7756517b.txt	F	5906.lswap-dcc866de4e11.txt	R	1044	522	522	0	0	0
5906.up-6a8f7756517b.txt	R	5906.lswap-dcc866de4e11.txt	F	1044	522	522	0	0	0
5906.up-6a8f7756517b.txt	R	5906.lswap-dcc866de4e11.txt	R	1044	522	522	0	0	0
5906.up-6a8f7756517b.txt	F	5906.lswap-9edd04d13626.txt	F	1056	528	528	0	0	0
5906.up-6a8f7756517b.txt	F	5906.lswap-9edd04d13626.txt	R	1056	528	528	0	0	0
5906.up-6a8f7756517b.txt	F	5906.lswap-e21e24656b8e.txt	F	1056	528	528	0	0	0
5906.up-6a8f7756517b.txt	F	5906.lswap-e21e24656b8e.txt	R	1056	528	528	0	0	0
5906.up-6a8f7756517b.txt	F	5906.up-37ac2db82134.txt	F	1056	528	528	0	0	0
5906.up-6a8f7756517b.txt	F	5906.up-37ac2db82134.txt	R	1056	528	528	0	0	0
5906.up-6a8f7756517b.txt	R	5906.lswap-9edd04d13626.txt	F	1056	528	528	0	0	0
5906.up-6a8f7756517b.txt	R	5906.lswap-9edd04d13626.txt	R	1056	528	528	0	0	0
5906.up-6a8f7756517b.txt	R	5906.lswap-e21e24656b8e.txt	F	1056	528	528	0	0	0
5906.up-6a8f7756517b.txt	R	5906.lswap-e21e24656b8e.txt	R	1056	528	528	0	0	0
5906.up-6a8f7756517b.txt	R	5906.up-37ac2db82134.txt	F	1056	528	528	0	0	0
5906.up-6a8f7756517b.txt	R	5906.up-37ac2db82134.txt	R	1056	528	528	0	0	0
5906.up-6a8f7756517b.txt	F	5906.lswap-3d82ae1f2111.txt	F	1068	534	534	0	0	0
5906.up-6a8f7756517b.txt	F	5906.lswap-3d82ae1f2111.txt	R	1068	534	534	0	0	0
5906.up-6a8f7756517b.txt	F	5906.lswap-7217a0cd3774.txt	F	1068	534	534	0	0	0
5906.up-6a8f7756517b.txt	F	5906.lswap-7217a0cd3774.txt	R	1068	534	534	0	0	0
5906.up-6a8f7756517b.txt	R	5906.lswap-3d82ae1f2111.txt	F	1068	534	534	0	0	0
5906.up-6a8f7756517b.txt	R	5906.lswap-3d82ae1f2111.txt	R	1068	534	534	0	0	0
5906.up-6a8f7756517b.txt	R	5906.lswap-7217a0cd3774.txt	F	1068	534	534	0	0	0
5906.up-6a8f7756517b.txt	R	5906.lswap-7217a0cd3774.txt	R	1068	534	534	0	0	0
5906.up-6a8f7756517b.txt	F	5906.lswap-25cebe1ff658.txt	F	1080	540	540	0	0	0
5906.up-6a8f7756517b.txt	F	5906.lswap-25cebe1ff658.txt	R	1080	540	540	0	0	0
5906.up-6a8f7756517b.txt	F	5906.up-1e6ba5f50479.txt	F	1080	540	540	0	0	0
5906.up-6a8f7756517b.txt	F	5906.up-1e6ba5f50479.txt	R	1080	540	540	0	0	0
5906.up-6a8f7756517b.txt	F	5906.up-a001786e5861.txt	F	1080	540	540	0	0	0
5906.up-6a8f7756517b.txt	F	5906.up-a001786e5861.txt	R	1080	540	540	0	0	0
5906.up-6a8f7756517b.txt	R	5906.lswap-25cebe1ff658.txt	F	1080	540	540	0	0	0
5906.up-6a8f7756517b.txt	R	5906.lswap-25cebe1ff658.txt	R	1080	540	540	0	0	0
5906.up-6a8f7756517b.txt	R	5906.up-1e6ba5f50479.txt	F	1080	540	540	0	0	0
5906.up-6a8f7756517b.txt	R	5906.up-1e6ba5f50479.txt	R	1080	540	540	0	0	0
5906.up-6a8f7756517b.txt	R	5906.up-a001786e5861.txt	F	1080	540	540	0	0	0
5906.up-6a8f7756517b.txt	R	5906.up-a001786e5861.txt	R	1080	540	540	0	0	0
5906.up-6a8f7756517b.txt	F	5906.lswap-7bd46049981f.txt	F	1092	546	546	0	0	0
5906.up-6a8f7756517b.txt	F	5906.lswap-7bd46049981f.txt	R	1092	546	546	0	0	0
5906.up-6a8f7756517b.txt	R	5906.lswap-7bd46049981f.txt	F	1092	546	546	0	0	0
5906.up-6a8f7756517b.txt	R	5906.lswap-7bd46049981f.txt	R	1092	546	546	0	0	0
5906.up-6a8f7756517b.txt	F	5906.up-1bced7f87a93.txt	F	1104	552	552	0	0	0
5906.up-6a8f7756517b.txt	F	5906.up-1bced7f87a93.txt	R	1104	552	552	0	0	0
5906.up-6a8f7756517b.txt	F	5906.up-e1680a9d0e30.txt	F	1104	552	552	0	0	0
5906.up-6a8f7756517b.txt	F	5906.up-e1680a9d0e30.txt	R	1104	552	552	0	0	0
5906.up-6a8f7756517b.txt	R	5906.up-1bced7f87a93.txt	F	1104	552	552	0	0	0
5906.up-6a8f7756517b.txt	R	5906.up-1bced7f87a93.txt	R	1104	552	552	0	0	0
5906.up-6a8f7756517b.txt	R	5906.up-e1680a9d0e30.txt	F	1104	552	552	0	0	0
5906.up-6a8f7756517b.txt	R	5906.up-e1680a9d0e30.txt	R	1104	552	552	0	0	0
5906.up-6a8f7756517b.txt	F	5906.up-f0a3bb335ed9.txt	F	1136	568	568	14	14	0
5906.up-6a8f7756517b.txt	F	5906.up-f0a3bb335ed9.txt	R	1136	568	568	14	14	0
5906.up-6a8f7756517b.txt	R	5906.up-f0a3bb335ed9.txt	F	1136	568	568	14	14	0
5906.up-6a8f7756517b.txt	R	5906.up-f0a3bb335ed9.txt	R	1136	568	568	14	14	0
5906.up-6a8f7756517b.txt	F	5906.lswap-fde8e0f0f322.txt	F	1148	574	574	14	14	0
5906.up-6a8f7756517b.txt	R	5906.lswap-fde8e0f0f322.txt	F	1148	574	574	14	14	0
5906.up-6a8f7756517b.txt	F	5906.up-4c3eef44600b.txt	F	1152	576	576	0	0	0
5906.up-6a8f7756517b.txt	F	5906.up-4c3eef44600b.txt	R	1152	576	576	0	0	0
5906.up-6a8f7756517b.txt	R	5906.up-4c3eef44600b.txt	F	1152	576	576	0	0	0
5906.up-6a8f7756517b.txt	R	5906.up-4c3eef44600b.txt	R	1152	576	576	0	0	0
5906.up-6a8f7756517b.txt	F	5906.i4a-50d865ca7907.txt	F	1155	582	573	15	24	0
5906.up-6a8f7756517b.txt	R	5906.i4a-50d865ca7907.txt	F	1155	582	573	15	24	0
5906.up-6a8f7756517b.txt	F	5906.up-890b6674bd25.txt	F	1156	582	574	15	23	0
5906.up-6a8f7756517b.txt	F	5906.up-890b6674bd25.txt	R	1156	582	574	15	23	0
5906.up-6a8f7756517b.txt	R	5906.up-890b6674bd25.txt	F	1156	582	574	15	23	0
5906.up-6a8f7756517b.txt	R	5906.up-890b6674bd25.txt	R	1156	582	574	15	23	0
5906.up-6a8f7756517b.txt	F	5906.i4a-50d865ca7907.txt	R	1157	583	574	15	24	0
5906.up-6a8f7756517b.txt	R	5906.i4a-50d865ca7907.txt	R	1157	583	574	15	24	0
5906.up-6a8f7756517b.txt	F	5906.lswap-fde8e0f0f322.txt	R	1160	580	580	14	14	0
5906.up-6a8f7756517b.txt	R	5906.lswap-fde8e0f0f322.txt	R	1160	580	580	14	14	0
5906.up-6a8f7756517b.txt	F	5906.i4a-b99b1d60f13e.txt	F	1167	588	579	15	24	0
5906.up-6a8f7756517b.txt	R	5906.i4a-b99b1d60f13e.txt	F	1167	588	579	15	24	0
5906.up-6a8f7756517b.txt	F	5906.up-d0b9281ca469.txt	F	1168	588	580	15	23	0
5906.up-6a8f7756517b.txt	F	5906.up-d0b9281ca469.txt	R	1168	588	580	15	23	0
5906.up-6a8f7756517b.txt	R	5906.up-d0b9281ca469.txt	F	1168	588	580	15	23	0
5906.up-6a8f7756517b.txt	R	5906.up-d0b9281ca469.txt	R	1168	588	580	15	23	0
5906.up-6a8f7756517b.txt	F	5906.i4a-b99b1d60f13e.txt	R	1169	589	580	15	24	0
5906.up-6a8f7756517b.txt	R	5906.i4a-b99b1d60f13e.txt	R	1169	589	580	15	24	0
5906.up-6a8f7756517b.txt	F	5906.up-55058cab6cba.txt	F	1172	586	586	14	14	0
5906.up-6a8f7756517b.txt	F	5906.up-55058cab6cba.txt	R	1172	586	586	14	14	0
5906.up-6a8f7756517b.txt	F	5906.up-6572648567f1.txt	F	1172	586	586	14	14	0
5906.up-6a8f7756517b.txt	F	5906.up-6572648567f1.txt	R	1172	586	586	14	14	0
5906.up-6a8f7756517b.txt	R	5906.up-55058cab6cba.txt	F	1172	586	586	14	14	0
5906.up-6a8f7756517b.txt	R	5906.up-55058cab6cba.txt	R	1172	586	586	14	14	0
5906.up-6a8f7756517b.txt	R	5906.up-6572648567f1.txt	F	1172	586	586	14	14	0
5906.up-6a8f7756517b.txt	R	5906.up-6572648567f1.txt	R	1172	586	586	14	14	0
5906.up-6a8f7756517b.txt	F	5906.up-d9a28c2d8195.txt	R	1183	592	591	14	15	0
5906.up-6a8f7756517b.txt	R	5906.up-d9a28c2d8195.txt	R	1183	592	591	14	15	0
5906.up-6a8f7756517b.txt	F	5906.lswap-2c94cb485ad7.txt	F	1184	592	592	14	14	0
5906.up-6a8f7756517b.txt	F	5906.up-3ffb4355518f.txt	F	1184	592	592	14	14	0
5906.up-6a8f7756517b.txt	F	5906.up-3ffb4355518f.txt	R	1184	592	592	14	14	0
5906.up-6a8f7756517b.txt	F	5906.up-a30c7c517d7b.txt	F	1184	592	592	14	14	0
5906.up-6a8f7756517b.txt	F	5906.up-a30c7c517d7b.txt	R	1184	592	592	14	14	0
5906.up-6a8f7756517b.txt	R	5906.lswap-2c94cb485ad7.txt	F	1184	592	592	14	14	0
5906.up-6a8f7756517b.txt	R	5906.up-3ffb4355518f.txt	F	1184	592	592	14	14	0
5906.up-6a8f7756517b.txt	R	5906.up-3ffb4355518f.txt	R	1184	592	592	14	14	0
5906.up-6a8f7756517b.txt	R	5906.up-a30c7c517d7b.txt	F	1184	592	592	14	14	0
5906.up-6a8f7756517b.txt	R	5906.up-a30c7c517d7b.txt	R	1184	592	592	14	14	0
5906.up-6a8f7756517b.txt	F	5906.up-d9a28c2d8195.txt	F	1185	593	592	14	15	0
5906.up-6a8f7756517b.txt	R	5906.up-d9a28c2d8195.txt	F	1185	593	592	14	15	0
5906.up-6a8f7756517b.txt	F	5906.lswap-3a55a72f70d6.txt	R	1204	605	599	14	20	0
5906.up-6a8f7756517b.txt	F	5906.up-d1489855deef.txt	F	1204	605	599	14	20	0
5906.up-6a8f7756517b.txt	F	5906.up-d1489855deef.txt	R	1204	605	599	14	20	0
5906.up-6a8f7756517b.txt	R	5906.lswap-3a55a72f70d6.txt	R	1204	605	599	14	20	0
5906.up-6a8f7756517b.txt	R	5906.up-d1489855deef.txt	F	1204	605	599	14	20	0
5906.up-6a8f7756517b.txt	R	5906.up-d1489855deef.txt	R	1204	605	599	14	20	0
5906.up-6a8f7756517b.txt	F	5906.lswap-2c94cb485ad7.txt	R	1208	604	604	14	14	0
5906.up-6a8f7756517b.txt	F	5906.up-956f3f1864b5.txt	F	1208	604	604	14	14	0
5906.up-6a8f7756517b.txt	F	5906.up-956f3f1864b5.txt	R	1208	604	604	14	14	0
5906.up-6a8f7756517b.txt	R	5906.lswap-2c94cb485ad7.txt	R	1208	604	604	14	14	0
5906.up-6a8f7756517b.txt	R	5906.up-956f3f1864b5.txt	F	1208	604	604	14	14	0
5906.up-6a8f7756517b.txt	R	5906.up-956f3f1864b5.txt	R	1208	604	604	14	14	0
5906.up-6a8f7756517b.txt	F	5906.lswap-09c105553d61.txt	F	1216	611	605	14	20	0
5906.up-6a8f7756517b.txt	F	5906.lswap-9f885c2a5e20.txt	R	1216	611	605	14	20	0
5906.up-6a8f7756517b.txt	F	5906.lswap-db110b7302cf.txt	R	1216	611	605	14	20	0
5906.up-6a8f7756517b.txt	F	5906.up-72482a71c81e.txt	F	1216	611	605	14	20	0
5906.up-6a8f7756517b.txt	F	5906.up-72482a71c81e.txt	R	1216	611	605	14	20	0
5906.up-6a8f7756517b.txt	R	5906.lswap-09c105553d61.txt	F	1216	611	605	14	20	0
5906.up-6a8f7756517b.txt	R	5906.lswap-9f885c2a5e20.txt	R	1216	611	605	14	20	0
5906.up-6a8f7756517b.txt	R	5906.lswap-db110b7302cf.txt	R	1216	611	605	14	20	0
5906.up-6a8f7756517b.txt	R	5906.up-72482a71c81e.txt	F	1216	611	605	14	20	0
5906.up-6a8f7756517b.txt	R	5906.up-72482a71c81e.txt	R	1216	611	605	14	20	0
5906.up-6a8f7756517b.txt	F	5906.up-f8d1e70c6a52.txt	F	1224	614	610	11	15	0
5906.up-6a8f7756517b.txt	F	5906.up-f8d1e70c6a52.txt	R	1224	614	610	11	15	0
5906.up-6a8f7756517b.txt	R	5906.up-f8d1e70c6a52.txt	F	1224	614	610	11	15	0
5906.up-6a8f7756517b.txt	R	5906.up-f8d1e70c6a52.txt	R	1224	614	610	11	15	0
5906.up-6a8f7756517b.txt	F	5906.lswap-23548cda0ace.txt	R	1228	617	611	14	20	0
5906.up-6a8f7756517b.txt	F	5906.lswap-3a55a72f70d6.txt	F	1228	617	611	14	20	0
5906.up-6a8f7756517b.txt	F	5906.lswap-9bf7e32c6472.txt	F	1228	617	611	14	20	0
5906.up-6a8f7756517b.txt	F	5906.up-6597315411ea.txt	F	1228	617	611	14	20	0
5906.up-6a8f7756517b.txt	F	5906.up-6597315411ea.txt	R	1228	617	611	14	20	0
5906.up-6a8f7756517b.txt	R	5906.lswap-23548cda0ace.txt	R	1228	617	611	14	20	0
5906.up-6a8f7756517b.txt	R	5906.lswap-3a55a72f70d6.txt	F	1228	617	611	14	20	0
5906.up-6a8f7756517b.txt	R	5906.lswap-9bf7e32c6472.txt	F	1228	617	611	14	20	0
5906.up-6a8f7756517b.txt	R	5906.up-6597315411ea.txt	F	1228	617	611	14	20	0
5906.up-6a8f7756517b.txt	R	5906.up-6597315411ea.txt	R	1228	617	611	14	20	0
5906.up-6a8f7756517b.txt	F	5906.lswap-637b5054102a.txt	F	1236	620	616	11	15	0
5906.up-6a8f7756517b.txt	F	5906.up-6f42b3603dac.txt	F	1236	620	616	11	15	0
5906.up-6a8f7756517b.txt	F	5906.up-6f42b3603dac.txt	R	1236	620	616	11	15	0
5906.up-6a8f7756517b.txt	R	5906.lswap-637b5054102a.txt	F	1236	620	616	11	15	0
5906.up-6a8f7756517b.txt	R	5906.up-6f42b3603dac.txt	F	1236	620	616	11	15	0
5906.up-6a8f7756517b.txt	R	5906.up-6f42b3603dac.txt	R	1236	620	616	11	15	0
5906.up-6a8f7756517b.txt	F	5906.lswap-10f62906b166.txt	R	1240	623	617	14	20	0
5906.up-6a8f7756517b.txt	F	5906.lswap-67fc5c2184ab.txt	F	1240	623	617	14	20	0
5906.up-6a8f7756517b.txt	F	5906.lswap-9f885c2a5e20.txt	F	1240	623	617	14	20	0
5906.up-6a8f7756517b.txt	F	5906.up-0a065898a821.txt	F	1240	623	617	14	20	0
5906.up-6a8f7756517b.txt	F	5906.up-0a065898a821.txt	R	1240	623	617	14	20	0
5906.up-6a8f7756517b.txt	R	5906.lswap-10f62906b166.txt	R	1240	623	617	14	20	0
5906.up-6a8f7756517b.txt	R	5906.lswap-67fc5c2184ab.txt	F	1240	623	617	14	20	0
5906.up-6a8f7756517b.txt	R	5906.lswap-9f885c2a5e20.txt	F	1240	623	617	14	20	0
5906.up-6a8f7756517b.txt	R	5906.up-0a065898a821.txt	F	1240	623	617	14	20	0
5906.up-6a8f7756517b.txt	R	5906.up-0a065898a821.txt	R	1240	623	617	14	20	0
5906.up-6a8f7756517b.txt	F	5906.lswap-06f4ba2c8122.txt	F	1252	629	623	14	20	0
5906.up-6a8f7756517b.txt	F	5906.lswap-09c105553d61.txt	R	1252	629	623	14	20	0
5906.up-6a8f7756517b.txt	F	5906.lswap-10f62906b166.txt	F	1252	629	623	14	20	0
5906.up-6a8f7756517b.txt	F	5906.lswap-8f58c699a11d.txt	R	1252	629	623	14	20	0
5906.up-6a8f7756517b.txt	R	5906.lswap-06f4ba2c8122.txt	F	1252	629	623	14	20	0
5906.up-6a8f7756517b.txt	R	5906.lswap-09c105553d61.txt	R	1252	629	623	14	20	0
5906.up-6a8f7756517b.txt	R	5906.lswap-10f62906b166.txt	F	1252	629	623	14	20	0
5906.up-6a8f7756517b.txt	R	5906.lswap-8f58c699a11d.txt	R	1252	629	623	14	20	0
5906.up-6a8f7756517b.txt	F	5906.lswap-28b97fbb68d1.txt	R	1264	635	629	14	20	0
5906.up-6a8f7756517b.txt	F	5906.lswap-8f58c699a11d.txt	F	1264	635	629	14	20	0
5906.up-6a8f7756517b.txt	F	5906.lswap-9bf7e32c6472.txt	R	1264	635	629	14	20	0
5906.up-6a8f7756517b.txt	F	5906.up-c63a66adbc60.txt	F	1264	635	629	14	20	0
5906.up-6a8f7756517b.txt	F	5906.up-c63a66adbc60.txt	R	1264	635	629	14	20	0
5906.up-6a8f7756517b.txt	R	5906.lswap-28b97fbb68d1.txt	R	1264	635	629	14	20	0
5906.up-6a8f7756517b.txt	R	5906.lswap-8f58c699a11d.txt	F	1264	635	629	14	20	0
5906.up-6a8f7756517b.txt	R	5906.lswap-9bf7e32c6472.txt	R	1264	635	629	14	20	0
5906.up-6a8f7756517b.txt	R	5906.up-c63a66adbc60.txt	F	1264	635	629	14	20	0
5906.up-6a8f7756517b.txt	R	5906.up-c63a66adbc60.txt	R	1264	635	629	14	20	0
5906.up-6a8f7756517b.txt	F	5906.lswap-c394b34cb7cc.txt	F	1268	634	634	14	14	0
5906.up-6a8f7756517b.txt	F	5906.lswap-c394b34cb7cc.txt	R	1268	634	634	14	14	0
5906.up-6a8f7756517b.txt	F	5906.up-63a938be8d73.txt	F	1268	634	634	14	14	0
5906.up-6a8f7756517b.txt	F	5906.up-63a938be8d73.txt	R	1268	634	634	14	14	0
5906.up-6a8f7756517b.txt	F	5906.up-d8c6ba46400e.txt	F	1268	634	634	14	14	0
5906.up-6a8f7756517b.txt	F	5906.up-d8c6ba46400e.txt	R	1268	634	634	14	14	0
5906.up-6a8f7756517b.txt	R	5906.lswap-c394b34cb7cc.txt	F	1268	634	634	14	14	0
5906.up-6a8f7756517b.txt	R	5906.lswap-c394b34cb7cc.txt	R	1268	634	634	14	14	0
5906.up-6a8f7756517b.txt	R	5906.up-63a938be8d73.txt	F	1268	634	634	14	14	0
5906.up-6a8f7756517b.txt	R	5906.up-63a938be8d73.txt	R	1268	634	634	14	14	0
5906.up-6a8f7756517b.txt	R	5906.up-d8c6ba46400e.txt	F	1268	634	634	14	14	0
5906.up-6a8f7756517b.txt	R	5906.up-d8c6ba46400e.txt	R	1268	634	634	14	14	0
5906.up-6a8f7756517b.txt	F	5906.lswap-637b5054102a.txt	R	1272	638	634	11	15	0
5906.up-6a8f7756517b.txt	F	5906.up-7f9a93193f10.txt	F	1272	638	634	11	15	0
5906.up-6a8f7756517b.txt	F	5906.up-7f9a93193f10.txt	R	1272	638	634	11	15	0
5906.up-6a8f7756517b.txt	R	5906.lswap-637b5054102a.txt	R	1272	638	634	11	15	0
5906.up-6a8f7756517b.txt	R	5906.up-7f9a93193f10.txt	F	1272	638	634	11	15	0
5906.up-6a8f7756517b.txt	R	5906.up-7f9a93193f10.txt	R	1272	638	634	11	15	0
5906.up-6a8f7756517b.txt	F	5906.lswap-67fc5c2184ab.txt	R	1276	641	635	14	20	0
5906.up-6a8f7756517b.txt	F	5906.lswap-945cf8ae5bef.txt	R	1276	641	635	14	20	0
5906.up-6a8f7756517b.txt	F	5906.lswap-db110b7302cf.txt	F	1276	641	635	14	20	0
5906.up-6a8f7756517b.txt	F	5906.up-f2c7804be474.txt	F	1276	641	635	14	20	0
5906.up-6a8f7756517b.txt	F	5906.up-f2c7804be474.txt	R	1276	641	635	14	20	0
5906.up-6a8f7756517b.txt	R	5906.lswap-67fc5c2184ab.txt	R	1276	641	635	14	20	0
5906.up-6a8f7756517b.txt	R	5906.lswap-945cf8ae5bef.txt	R	1276	641	635	14	20	0
5906.up-6a8f7756517b.txt	R	5906.lswap-db110b7302cf.txt	F	1276	641	635	14	20	0
5906.up-6a8f7756517b.txt	R	5906.up-f2c7804be474.txt	F	1276	641	635	14	20	0
5906.up-6a8f7756517b.txt	R	5906.up-f2c7804be474.txt	R	1276	641	635	14	20	0
5906.up-6a8f7756517b.txt	F	5906.i4a-c1080e26f60c.txt	F	1283	644	639	11	16	0
5906.up-6a8f7756517b.txt	R	5906.i4a-c1080e26f60c.txt	F	1283	644	639	11	16	0
5906.up-6a8f7756517b.txt	F	5906.up-56126e7237c3.txt	F	1284	644	640	11	15	0
5906.up-6a8f7756517b.txt	F	5906.up-56126e7237c3.txt	R	1284	644	640	11	15	0
5906.up-6a8f7756517b.txt	R	5906.up-56126e7237c3.txt	F	1284	644	640	11	15	0
5906.up-6a8f7756517b.txt	R	5906.up-56126e7237c3.txt	R	1284	644	640	11	15	0
5906.up-6a8f7756517b.txt	F	5906.i4a-c1080e26f60c.txt	R	1285	645	640	11	16	0
5906.up-6a8f7756517b.txt	R	5906.i4a-c1080e26f60c.txt	R	1285	645	640	11	16	0
5906.up-6a8f7756517b.txt	F	5906.lswap-06f4ba2c8122.txt	R	1288	647	641	14	20	0
5906.up-6a8f7756517b.txt	F	5906.lswap-23548cda0ace.txt	F	1288	647	641	14	20	0
5906.up-6a8f7756517b.txt	F	5906.lswap-28b97fbb68d1.txt	F	1288	647	641	14	20	0
5906.up-6a8f7756517b.txt	F	5906.up-c3afee7ed153.txt	F	1288	647	641	14	20	0
5906.up-6a8f7756517b.txt	F	5906.up-c3afee7ed153.txt	R	1288	647	641	14	20	0
5906.up-6a8f7756517b.txt	R	5906.lswap-06f4ba2c8122.txt	R	1288	647	641	14	20	0
5906.up-6a8f7756517b.txt	R	5906.lswap-23548cda0ace.txt	F	1288	647	641	14	20	0
5906.up-6a8f7756517b.txt	R	5906.lswap-28b97fbb68d1.txt	F	1288	647	641	14	20	0
5906.up-6a8f7756517b.txt	R	5906.up-c3afee7ed153.txt	F	1288	647	641	14	20	0
5906.up-6a8f7756517b.txt	R	5906.up-c3afee7ed153.txt	R	1288	647	641	14	20	0
5906.up-6a8f7756517b.txt	F	5906.lswap-945cf8ae5bef.txt	F	1300	653	647	14	20	0
5906.up-6a8f7756517b.txt	F	5906.up-377da0a3c300.txt	F	1300	653	647	14	20	0
5906.up-6a8f7756517b.txt	F	5906.up-377da0a3c300.txt	R	1300	653	647	14	20	0
5906.up-6a8f7756517b.txt	R	5906.lswap-945cf8ae5bef.txt	F	1300	653	647	14	20	0
5906.up-6a8f7756517b.txt	R	5906.up-377da0a3c300.txt	F	1300	653	647	14	20	0
5906.up-6a8f7756517b.txt	R	5906.up-377da0a3c300.txt	R	1300	653	647	14	20	0
5906.up-6a8f7756517b.txt	F	5906.rbnd-0dad091b8ac4.txt	F	1317	659	658	17	18	0
5906.up-6a8f7756517b.txt	R	5906.rbnd-0dad091b8ac4.txt	F	1317	659	658	17	18	0
5906.up-6a8f7756517b.txt	F	5906.lswap-f4c2deec7c96.txt	F	1318	660	658	17	19	0
5906.up-6a8f7756517b.txt	R	5906.lswap-f4c2deec7c96.txt	F	1318	660	658	17	19	0
5906.up-6a8f7756517b.txt	F	5906.lswap-6dc582bac458.txt	R	1319	662	657	11	16	0
5906.up-6a8f7756517b.txt	F	5906.lswap-760f8ed53670.txt	R	1319	662	657	11	16	0
5906.up-6a8f7756517b.txt	R	5906.lswap-6dc582bac458.txt	R	1319	662	657	11	16	0
5906.up-6a8f7756517b.txt	R	5906.lswap-760f8ed53670.txt	R	1319	662	657	11	16	0
5906.up-6a8f7756517b.txt	F	5906.lswap-0d13fc4a8a4a.txt	F	1320	662	658	11	15	0
5906.up-6a8f7756517b.txt	F	5906.lswap-cf8339eb5ca7.txt	F	1320	662	658	11	15	0
5906.up-6a8f7756517b.txt	R	5906.lswap-0d13fc4a8a4a.txt	F	1320	662	658	11	15	0
5906.up-6a8f7756517b.txt	R	5906.lswap-cf8339eb5ca7.txt	F	1320	662	658	11	15	0
5906.up-6a8f7756517b.txt	F	5906.lswap-1f8e06e3e616.txt	F	1321	663	658	11	16	0
5906.up-6a8f7756517b.txt	F	5906.lswap-ebd38bf2c1cd.txt	F	1321	663	658	11	16	0
5906.up-6a8f7756517b.txt	R	5906.lswap-1f8e06e3e616.txt	F	1321	663	658	11	16	0
5906.up-6a8f7756517b.txt	R	5906.lswap-ebd38bf2c1cd.txt	F	1321	663	658	11	16	0
5906.up-6a8f7756517b.txt	F	5906.i4a-66637a3b8941.txt	F	1331	668	663	11	16	0
5906.up-6a8f7756517b.txt	F	5906.lswap-ebd38bf2c1cd.txt	R	1331	668	663	11	16	0
5906.up-6a8f7756517b.txt	R	5906.i4a-66637a3b8941.txt	F	1331	668	663	11	16	0
5906.up-6a8f7756517b.txt	R	5906.lswap-ebd38bf2c1cd.txt	R	1331	668	663	11	16	0
5906.up-6a8f7756517b.txt	F	5906.lswap-cf8339eb5ca7.txt	R	1332	668	664	11	15	0
5906.up-6a8f7756517b.txt	F	5906.up-1206598d1ff0.txt	F	1332	668	664	11	15	0
5906.up-6a8f7756517b.txt	F	5906.up-1206598d1ff0.txt	R	1332	668	664	11	15	0
5906.up-6a8f7756517b.txt	R	5906.lswap-cf8339eb5ca7.txt	R	1332	668	664	11	15	0
5906.up-6a8f7756517b.txt	R	5906.up-1206598d1ff0.txt	F	1332	668	664	11	15	0
5906.up-6a8f7756517b.txt	R	5906.up-1206598d1ff0.txt	R	1332	668	664	11	15	0
5906.up-6a8f7756517b.txt	F	5906.i4a-66637a3b8941.txt	R	1333	669	664	11	16	0
5906.up-6a8f7756517b.txt	F	5906.lswap-6dc582bac458.txt	F	1333	669	664	11	16	0
5906.up-6a8f7756517b.txt	R	5906.i4a-66637a3b8941.txt	R	1333	669	664	11	16	0
5906.up-6a8f7756517b.txt	R	5906.lswap-6dc582bac458.txt	F	1333	669	664	11	16	0
5906.up-6a8f7756517b.txt	F	5906.i4a-7f46c8149026.txt	F	1343	674	669	11	16	0
5906.up-6a8f7756517b.txt	R	5906.i4a-7f46c8149026.txt	F	1343	674	669	11	16	0
5906.up-6a8f7756517b.txt	F	5906.up-6a142cb8e27d.txt	F	1344	674	670	11	15	0
5906.up-6a8f7756517b.txt	F	5906.up-6a142cb8e27d.txt	R	1344	674	670	11	15	0
5906.up-6a8f7756517b.txt	R	5906.up-6a142cb8e27d.txt	F	1344	674	670	11	15	0
5906.up-6a8f7756517b.txt	R	5906.up-6a142cb8e27d.txt	R	1344	674	670	11	15	0
5906.up-6a8f7756517b.txt	F	5906.i4a-7f46c8149026.txt	R	1345	675	670	11	16	0
5906.up-6a8f7756517b.txt	R	5906.i4a-7f46c8149026.txt	R	1345	675	670	11	16	0
5906.up-6a8f7756517b.txt	F	5906.i4a-e0f3de4ca026.txt	F	1351	678	673	11	16	0
5906.up-6a8f7756517b.txt	R	5906.i4a-e0f3de4ca026.txt	F	1351	678	673	11	16	0
5906.up-6a8f7756517b.txt	F	5906.up-1b0920685429.txt	F	1352	676	676	14	14	0
5906.up-6a8f7756517b.txt	F	5906.up-1b0920685429.txt	R	1352	676	676	14	14	0
5906.up-6a8f7756517b.txt	F	5906.up-df8c9033249e.txt	F	1352	678	674	11	15	0
5906.up-6a8f7756517b.txt	F	5906.up-df8c9033249e.txt	R	1352	678	674	11	15	0
5906.up-6a8f7756517b.txt	R	5906.up-1b0920685429.txt	F	1352	676	676	14	14	0
5906.up-6a8f7756517b.txt	R	5906.up-1b0920685429.txt	R	1352	676	676	14	14	0
5906.up-6a8f7756517b.txt	R	5906.up-df8c9033249e.txt	F	1352	678	674	11	15	0
5906.up-6a8f7756517b.txt	R	5906.up-df8c9033249e.txt	R	1352	678	674	11	15	0
5906.up-6a8f7756517b.txt	F	5906.i4a-e0f3de4ca026.txt	R	1353	679	674	11	16	0
5906.up-6a8f7756517b.txt	F	5906.rbnd-2641d60c9d5c.txt	R	1353	677	676	17	18	0
5906.up-6a8f7756517b.txt	F	5906.rbnd-c44d48fbd52c.txt	F	1353	677	676	17	18	0
5906.up-6a8f7756517b.txt	F	5906.rbnd-e9623244f6b1.txt	F	1353	677	676	17	18	0
5906.up-6a8f7756517b.txt	R	5906.i4a-e0f3de4ca026.txt	R	1353	679	674	11	16	0
5906.up-6a8f7756517b.txt	R	5906.rbnd-2641d60c9d5c.txt	R	1353	677	676	17	18	0
5906.up-6a8f7756517b.txt	R	5906.rbnd-c44d48fbd52c.txt	F	1353	677	676	17	18	0
5906.up-6a8f7756517b.txt	R	5906.rbnd-e9623244f6b1.txt	F	1353	677	676	17	18	0
5906.up-6a8f7756517b.txt	F	5906.lswap-f4c2deec7c96.txt	R	1354	678	676	17	19	0
5906.up-6a8f7756517b.txt	F	5906.up-331228e22360.txt	F	1354	678	676	17	19	0
5906.up-6a8f7756517b.txt	F	5906.up-331228e22360.txt	R	1354	678	676	17	19	0
5906.up-6a8f7756517b.txt	F	5906.up-8b8c8916a24a.txt	F	1354	678	676	17	19	0
5906.up-6a8f7756517b.txt	F	5906.up-8b8c8916a24a.txt	R	1354	678	676	17	19	0
5906.up-6a8f7756517b.txt	R	5906.lswap-f4c2deec7c96.txt	R	1354	678	676	17	19	0
5906.up-6a8f7756517b.txt	R	5906.up-331228e22360.txt	F	1354	678	676	17	19	0
5906.up-6a8f7756517b.txt	R	5906.up-331228e22360.txt	R	1354	678	676	17	19	0
5906.up-6a8f7756517b.txt	R	5906.up-8b8c8916a24a.txt	F	1354	678	676	17	19	0
5906.up-6a8f7756517b.txt	R	5906.up-8b8c8916a24a.txt	R	1354	678	676	17	19	0
5906.up-6a8f7756517b.txt	F	5906.lswap-1f8e06e3e616.txt	R	1355	680	675	11	16	0
5906.up-6a8f7756517b.txt	R	5906.lswap-1f8e06e3e616.txt	R	1355	680	675	11	16	0
5906.up-6a8f7756517b.txt	F	5906.lswap-0d13fc4a8a4a.txt	R	1356	680	676	11	15	0
5906.up-6a8f7756517b.txt	R	5906.lswap-0d13fc4a8a4a.txt	R	1356	680	676	11	15	0
5906.up-6a8f7756517b.txt	F	5906.lswap-760f8ed53670.txt	F	1357	681	676	11	16	0
5906.up-6a8f7756517b.txt	R	5906.lswap-760f8ed53670.txt	F	1357	681	676	11	16	0
5906.up-6a8f7756517b.txt	F	5906.up-1b8244ba04bb.txt	F	1366	686	680	14	20	0
5906.up-6a8f7756517b.txt	F	5906.up-1b8244ba04bb.txt	R	1366	686	680	14	20	0
5906.up-6a8f7756517b.txt	R	5906.up-1b8244ba04bb.txt	F	1366	686	680	14	20	0
5906.up-6a8f7756517b.txt	R	5906.up-1b8244ba04bb.txt	R	1366	686	680	14	20	0
5906.up-6a8f7756517b.txt	F	5906.i4a-29c55ed5fbf6.txt	F	1367	686	681	11	16	0
5906.up-6a8f7756517b.txt	F	5906.i4a-6a77e138ea8e.txt	F	1367	686	681	11	16	0
5906.up-6a8f7756517b.txt	R	5906.i4a-29c55ed5fbf6.txt	F	1367	686	681	11	16	0
5906.up-6a8f7756517b.txt	R	5906.i4a-6a77e138ea8e.txt	F	1367	686	681	11	16	0
5906.up-6a8f7756517b.txt	F	5906.up-590fe2cb2c21.txt	F	1368	686	682	11	15	0
5906.up-6a8f7756517b.txt	F	5906.up-590fe2cb2c21.txt	R	1368	686	682	11	15	0
5906.up-6a8f7756517b.txt	F	5906.up-bd458e7fc19e.txt	F	1368	686	682	11	15	0
5906.up-6a8f7756517b.txt	F	5906.up-bd458e7fc19e.txt	R	1368	686	682	11	15	0
5906.up-6a8f7756517b.txt	R	5906.up-590fe2cb2c21.txt	F	1368	686	682	11	15	0
5906.up-6a8f7756517b.txt	R	5906.up-590fe2cb2c21.txt	R	1368	686	682	11	15	0
5906.up-6a8f7756517b.txt	R	5906.up-bd458e7fc19e.txt	F	1368	686	682	11	15	0
5906.up-6a8f7756517b.txt	R	5906.up-bd458e7fc19e.txt	R	1368	686	682	11	15	0
5906.up-6a8f7756517b.txt	F	5906.i4a-29c55ed5fbf6.txt	R	1369	687	682	11	16	0
5906.up-6a8f7756517b.txt	F	5906.i4a-6a77e138ea8e.txt	R	1369	687	682	11	16	0
5906.up-6a8f7756517b.txt	R	5906.i4a-29c55ed5fbf6.txt	R	1369	687	682	11	16	0
5906.up-6a8f7756517b.txt	R	5906.i4a-6a77e138ea8e.txt	R	1369	687	682	11	16	0
5906.up-7824c044436e.txt	F	5906.up-a00b3e52965d.txt	F	432	216	216	0	0	0
5906.up-7824c044436e.txt	F	5906.up-a00b3e52965d.txt	R	432	216	216	0	0	0
5906.up-7824c044436e.txt	R	5906.up-a00b3e52965d.txt	F	432	216	216	0	0	0
5906.up-7824c044436e.txt	R	5906.up-a00b3e52965d.txt	R	432	216	216	0	0	0
5906.up-7824c044436e.txt	F	5906.lswap-c55c2b0fbb0f.txt	F	444	222	222	0	0	0
5906.up-7824c044436e.txt	F	5906.lswap-c55c2b0fbb0f.txt	R	444	222	222	0	0	0
5906.up-7824c044436e.txt	R	5906.lswap-c55c2b0fbb0f.txt	F	444	222	222	0	0	0
5906.up-7824c044436e.txt	R	5906.lswap-c55c2b0fbb0f.txt	R	444	222	222	0	0	0
5906.up-7824c044436e.txt	F	5906.up-5ce87c54ecea.txt	F	456	228	228	0	0	0
5906.up-7824c044436e.txt	F	5906.up-5ce87c54ecea.txt	R	456	228	228	0	0	0
5906.up-7824c044436e.txt	R	5906.up-5ce87c54ecea.txt	F	456	228	228	0	0	0
5906.up-7824c044436e.txt	R	5906.up-5ce87c54ecea.txt	R	456	228	228	0	0	0
5906.up-7824c044436e.txt	F	5906.up-e8da0f18269f.txt	F	528	264	264	0	0	0
5906.up-7824c044436e.txt	F	5906.up-e8da0f18269f.txt	R	528	264	264	0	0	0
5906.up-7824c044436e.txt	R	5906.up-e8da0f18269f.txt	F	528	264	264	0	0	0
5906.up-7824c044436e.txt	R	5906.up-e8da0f18269f.txt	R	528	264	264	0	0	0
5906.up-7824c044436e.txt	F	5906.up-77512ee88848.txt	F	600	300	300	0	0	0
5906.up-7824c044436e.txt	F	5906.up-77512ee88848.txt	R	600	300	300	0	0	0
5906.up-7824c044436e.txt	R	5906.up-77512ee88848.txt	F	600	300	300	0	0	0
5906.up-7824c044436e.txt	R	5906.up-77512ee88848.txt	R	600	300	300	0	0	0
5906.up-7824c044436e.txt	F	5906.lswap-afd973e1a915.txt	F	624	312	312	0	0	0
5906.up-7824c044436e.txt	F	5906.lswap-afd973e1a915.txt	R	624	312	312	0	0	0
5906.up-7824c044436e.txt	F	5906.up-a838f31a7b4f.txt	F	624	312	312	0	0	0
5906.up-7824c044436e.txt	F	5906.up-a838f31a7b4f.txt	R	624	312	312	0	0	0
5906.up-7824c044436e.txt	R	5906.lswap-afd973e1a915.txt	F	624	312	312	0	0	0
5906.up-7824c044436e.txt	R	5906.lswap-afd973e1a915.txt	R	624	312	312	0	0	0
5906.up-7824c044436e.txt	R	5906.up-a838f31a7b4f.txt	F	624	312	312	0	0	0
5906.up-7824c044436e.txt	R	5906.up-a838f31a7b4f.txt	R	624	312	312	0	0	0
5906.up-7824c044436e.txt	F	5906.lswap-5808edca979d.txt	F	636	318	318	0	0	0
5906.up-7824c044436e.txt	F	5906.lswap-5808edca979d.txt	R	636	318	318	0	0	0
5906.up-7824c044436e.txt	F	5906.lswap-9759fb4af500.txt	F	636	318	318	0	0	0
5906.up-7824c044436e.txt	F	5906.lswap-9759fb4af500.txt	R	636	318	318	0	0	0
5906.up-7824c044436e.txt	R	5906.lswap-5808edca979d.txt	F	636	318	318	0	0	0
5906.up-7824c044436e.txt	R	5906.lswap-5808edca979d.txt	R	636	318	318	0	0	0
5906.up-7824c044436e.txt	R	5906.lswap-9759fb4af500.txt	F	636	318	318	0	0	0
5906.up-7824c044436e.txt	R	5906.lswap-9759fb4af500.txt	R	636	318	318	0	0	0
5906.up-7824c044436e.txt	F	5906.lswap-49fc63d034f2.txt	F	648	324	324	0	0	0
5906.up-7824c044436e.txt	F	5906.lswap-49fc63d034f2.txt	R	648	324	324	0	0	0
5906.up-7824c044436e.txt	F	5906.lswap-cf5ecb0e9ecc.txt	F	648	324	324	0	0	0
5906.up-7824c044436e.txt	F	5906.lswap-cf5ecb0e9ecc.txt	R	648	324	324	0	0	0
5906.up-7824c044436e.txt	F	5906.up-6773ff05a318.txt	F	648	324	324	0	0	0
5906.up-7824c044436e.txt	F	5906.up-6773ff05a318.txt	R	648	324	324	0	0	0
5906.up-7824c044436e.txt	F	5906.up-839c85982253.txt	F	648	324	324	0	0	0
5906.up-7824c044436e.txt	F	5906.up-839c85982253.txt	R	648	324	324	0	0	0
5906.up-7824c044436e.txt	F	5906.up-8ec03171f5df.txt	F	648	324	324	0	0	0
5906.up-7824c044436e.txt	F	5906.up-8ec03171f5df.txt	R	648	324	324	0	0	0
5906.up-7824c044436e.txt	R	5906.lswap-49fc63d034f2.txt	F	648	324	324	0	0	0
5906.up-7824c044436e.txt	R	5906.lswap-49fc63d034f2.txt	R	648	324	324	0	0	0
5906.up-7824c044436e.txt	R	5906.lswap-cf5ecb0e9ecc.txt	F	648	324	324	0	0	0
5906.up-7824c044436e.txt	R	5906.lswap-cf5ecb0e9ecc.txt	R	648	324	324	0	0	0
5906.up-7824c044436e.txt	R	5906.up-6773ff05a318.txt	F	648	324	324	0	0	0
5906.up-7824c044436e.txt	R	5906.up-6773ff05a318.txt	R	648	324	324	0	0	0
5906.up-7824c044436e.txt	R	5906.up-839c85982253.txt	F	648	324	324	0	0	0
5906.up-7824c044436e.txt	R	5906.up-839c85982253.txt	R	648	324	324	0	0	0
5906.up-7824c044436e.txt	R	5906.up-8ec03171f5df.txt	F	648	324	324	0	0	0
5906.up-7824c044436e.txt	R	5906.up-8ec03171f5df.txt	R	648	324	324	0	0	0
5906.up-7824c044436e.txt	F	5906.lswap-25804d565b10.txt	F	660	330	330	0	0	0
5906.up-7824c044436e.txt	F	5906.lswap-25804d565b10.txt	R	660	330	330	0	0	0
5906.up-7824c044436e.txt	F	5906.lswap-29ee6f7c1197.txt	F	660	330	330	0	0	0
5906.up-7824c044436e.txt	F	5906.lswap-29ee6f7c1197.txt	R	660	330	330	0	0	0
5906.up-7824c044436e.txt	F	5906.lswap-41a210488ac9.txt	F	660	330	330	0	0	0
5906.up-7824c044436e.txt	F	5906.lswap-41a210488ac9.txt	R	660	330	330	0	0	0
5906.up-7824c044436e.txt	F	5906.lswap-80e6c24a2613.txt	F	660	330	330	0	0	0
5906.up-7824c044436e.txt	F	5906.lswap-80e6c24a2613.txt	R	660	330	330	0	0	0
5906.up-7824c044436e.txt	F	5906.lswap-9a5cc6a6e3c8.txt	F	660	330	330	0	0	0
5906.up-7824c044436e.txt	F	5906.lswap-9a5cc6a6e3c8.txt	R	660	330	330	0	0	0
5906.up-7824c044436e.txt	R	5906.lswap-25804d565b10.txt	F	660	330	330	0	0	0
5906.up-7824c044436e.txt	R	5906.lswap-25804d565b10.txt	R	660	330	330	0	0	0
5906.up-7824c044436e.txt	R	5906.lswap-29ee6f7c1197.txt	F	660	330	330	0	0	0
5906.up-7824c044436e.txt	R	5906.lswap-29ee6f7c1197.txt	R	660	330	330	0	0	0
5906.up-7824c044436e.txt	R	5906.lswap-41a210488ac9.txt	F	660	330	330	0	0	0
5906.up-7824c044436e.txt	R	5906.lswap-41a210488ac9.txt	R	660	330	330	0	0	0
5906.up-7824c044436e.txt	R	5906.lswap-80e6c24a2613.txt	F	660	330	330	0	0	0
5906.up-7824c044436e.txt	R	5906.lswap-80e6c24a2613.txt	R	660	330	330	0	0	0
5906.up-7824c044436e.txt	R	5906.lswap-9a5cc6a6e3c8.txt	F	660	330	330	0	0	0
5906.up-7824c044436e.txt	R	5906.lswap-9a5cc6a6e3c8.txt	R	660	330	330	0	0	0
5906.up-7824c044436e.txt	F	5906.lswap-2497c9291398.txt	F	672	336	336	0	0	0
5906.up-7824c044436e.txt	F	5906.lswap-2497c9291398.txt	R	672	336	336	0	0	0
5906.up-7824c044436e.txt	F	5906.lswap-4c179f65aa4b.txt	F	672	336	336	0	0	0
5906.up-7824c044436e.txt	F	5906.lswap-4c179f65aa4b.txt	R	672	336	336	0	0	0
5906.up-7824c044436e.txt	F	5906.lswap-a7d2db45842b.txt	F	672	336	336	0	0	0
5906.up-7824c044436e.txt	F	5906.lswap-a7d2db45842b.txt	R	672	336	336	0	0	0
5906.up-7824c044436e.txt	F	5906.lswap-aa52880fc9e0.txt	F	672	336	336	0	0	0
5906.up-7824c044436e.txt	F	5906.lswap-aa52880fc9e0.txt	R	672	336	336	0	0	0
5906.up-7824c044436e.txt	F	5906.up-0d2e98183c29.txt	F	672	336	336	0	0	0
5906.up-7824c044436e.txt	F	5906.up-0d2e98183c29.txt	R	672	336	336	0	0	0
5906.up-7824c044436e.txt	F	5906.up-0db50fc7743c.txt	F	672	336	336	0	0	0
5906.up-7824c044436e.txt	F	5906.up-0db50fc7743c.txt	R	672	336	336	0	0	0
5906.up-7824c044436e.txt	F	5906.up-14e2c7b29aae.txt	F	672	336	336	0	0	0
5906.up-7824c044436e.txt	F	5906.up-14e2c7b29aae.txt	R	672	336	336	0	0	0
5906.up-7824c044436e.txt	F	5906.up-91a0d3cd2c14.txt	F	672	336	336	0	0	0
5906.up-7824c044436e.txt	F	5906.up-91a0d3cd2c14.txt	R	672	336	336	0	0	0
5906.up-7824c044436e.txt	R	5906.lswap-2497c9291398.txt	F	672	336	336	0	0	0
5906.up-7824c044436e.txt	R	5906.lswap-2497c9291398.txt	R	672	336	336	0	0	0
5906.up-7824c044436e.txt	R	5906.lswap-4c179f65aa4b.txt	F	672	336	336	0	0	0
5906.up-7824c044436e.txt	R	5906.lswap-4c179f65aa4b.txt	R	672	336	336	0	0	0
5906.up-7824c044436e.txt	R	5906.lswap-a7d2db45842b.txt	F	672	336	336	0	0	0
5906.up-7824c044436e.txt	R	5906.lswap-a7d2db45842b.txt	R	672	336	336	0	0	0
5906.up-7824c044436e.txt	R	5906.lswap-aa52880fc9e0.txt	F	672	336	336	0	0	0
5906.up-7824c044436e.txt	R	5906.lswap-aa52880fc9e0.txt	R	672	336	336	0	0	0
5906.up-7824c044436e.txt	R	5906.up-0d2e98183c29.txt	F	672	336	336	0	0	0
5906.up-7824c044436e.txt	R	5906.up-0d2e98183c29.txt	R	672	336	336	0	0	0
5906.up-7824c044436e.txt	R	5906.up-0db50fc7743c.txt	F	672	336	336	0	0	0
5906.up-7824c044436e.txt	R	5906.up-0db50fc7743c.txt	R	672	336	336	0	0	0
5906.up-7824c044436e.txt	R	5906.up-14e2c7b29aae.txt	F	672	336	336	0	0	0
5906.up-7824c044436e.txt	R	5906.up-14e2c7b29aae.txt	R	672	336	336	0	0	0
5906.up-7824c044436e.txt	R	5906.up-91a0d3cd2c14.txt	F	672	336	336	0	0	0
5906.up-7824c044436e.txt	R	5906.up-91a0d3cd2c14.txt	R	672	336	336	0	0	0
5906.up-7824c044436e.txt	F	5906.lswap-52f45c5e8e22.txt	F	684	342	342	0	0	0
5906.up-7824c044436e.txt	F	5906.lswap-52f45c5e8e22.txt	R	684	342	342	0	0	0
5906.up-7824c044436e.txt	F	5906.lswap-5a55d1641a86.txt	F	684	342	342	0	0	0
5906.up-7824c044436e.txt	F	5906.lswap-5a55d1641a86.txt	R	684	342	342	0	0	0
5906.up-7824c044436e.txt	F	5906.lswap-6f6f375dca74.txt	F	684	342	342	0	0	0
5906.up-7824c044436e.txt	F	5906.lswap-6f6f375dca74.txt	R	684	342	342	0	0	0
5906.up-7824c044436e.txt	F	5906.lswap-b12d38608f09.txt	F	684	342	342	0	0	0
5906.up-7824c044436e.txt	F	5906.lswap-b12d38608f09.txt	R	684	342	342	0	0	0
5906.up-7824c044436e.txt	F	5906.lswap-e0920da719d9.txt	F	684	342	342	0	0	0
5906.up-7824c044436e.txt	F	5906.lswap-e0920da719d9.txt	R	684	342	342	0	0	0
5906.up-7824c044436e.txt	F	5906.lswap-e145b859ca30.txt	F	684	342	342	0	0	0
5906.up-7824c044436e.txt	F	5906.lswap-e145b859ca30.txt	R	684	342	342	0	0	0
5906.up-7824c044436e.txt	R	5906.lswap-52f45c5e8e22.txt	F	684	342	342	0	0	0
5906.up-7824c044436e.txt	R	5906.lswap-52f45c5e8e22.txt	R	684	342	342	0	0	0
5906.up-7824c044436e.txt	R	5906.lswap-5a55d1641a86.txt	F	684	342	342	0	0	0
5906.up-7824c044436e.txt	R	5906.lswap-5a55d1641a86.txt	R	684	342	342	0	0	0
5906.up-7824c044436e.txt	R	5906.lswap-6f6f375dca74.txt	F	684	342	342	0	0	0
5906.up-7824c044436e.txt	R	5906.lswap-6f6f375dca74.txt	R	684	342	342	0	0	0
5906.up-7824c044436e.txt	R	5906.lswap-b12d38608f09.txt	F	684	342	342	0	0	0
5906.up-7824c044436e.txt	R	5906.lswap-b12d38608f09.txt	R	684	342	342	0	0	0
5906.up-7824c044436e.txt	R	5906.lswap-e0920da719d9.txt	F	684	342	342	0	0	0
5906.up-7824c044436e.txt	R	5906.lswap-e0920da719d9.txt	R	684	342	342	0	0	0
5906.up-7824c044436e.txt	R	5906.lswap-e145b859ca30.txt	F	684	342	342	0	0	0
5906.up-7824c044436e.txt	R	5906.lswap-e145b859ca30.txt	R	684	342	342	0	0	0
5906.up-7824c044436e.txt	F	5906.lswap-025c4805fc39.txt	F	696	348	348	0	0	0
5906.up-7824c044436e.txt	F	5906.lswap-025c4805fc39.txt	R	696	348	348	0	0	0
5906.up-7824c044436e.txt	F	5906.lswap-6d0ad177e5ee.txt	F	696	348	348	0	0	0
5906.up-7824c044436e.txt	F	5906.lswap-6d0ad177e5ee.txt	R	696	348	348	0	0	0
5906.up-7824c044436e.txt	F	5906.lswap-8ed814577309.txt	F	696	348	348	0	0	0
5906.up-7824c044436e.txt	F	5906.lswap-8ed814577309.txt	R	696	348	348	0	0	0
5906.up-7824c044436e.txt	F	5906.lswap-d252e4d38aa9.txt	F	696	348	348	0	0	0
5906.up-7824c044436e.txt	F	5906.lswap-d252e4d38aa9.txt	R	696	348	348	0	0	0
5906.up-7824c044436e.txt	F	5906.lswap-df71274e07be.txt	F	696	348	348	0	0	0
5906.up-7824c044436e.txt	F	5906.lswap-df71274e07be.txt	R	696	348	348	0	0	0
5906.up-7824c044436e.txt	F	5906.lswap-e59a6239aa79.txt	F	696	348	348	0	0	0
5906.up-7824c044436e.txt	F	5906.lswap-e59a6239aa79.txt	R	696	348	348	0	0	0
5906.up-7824c044436e.txt	F	5906.lswap-e73e096376f0.txt	F	696	348	348	0	0	0
5906.up-7824c044436e.txt	F	5906.lswap-e73e096376f0.txt	R	696	348	348	0	0	0
5906.up-7824c044436e.txt	F	5906.lswap-eeb9a73f4b33.txt	F	696	348	348	0	0	0
5906.up-7824c044436e.txt	F	5906.lswap-eeb9a73f4b33.txt	R	696	348	348	0	0	0
5906.up-7824c044436e.txt	F	5906.up-2cb6c1139592.txt	F	696	348	348	0	0	0
5906.up-7824c044436e.txt	F	5906.up-2cb6c1139592.txt	R	696	348	348	0	0	0
5906.up-7824c044436e.txt	F	5906.up-6a8f7756517b.txt	F	696	348	348	0	0	0
5906.up-7824c044436e.txt	F	5906.up-6a8f7756517b.txt	R	696	348	348	0	0	0
5906.up-7824c044436e.txt	F	5906.up-b2d6bec1e3bd.txt	F	696	348	348	0	0	0
5906.up-7824c044436e.txt	F	5906.up-b2d6bec1e3bd.txt	R	696	348	348	0	0	0
5906.up-7824c044436e.txt	R	5906.lswap-025c4805fc39.txt	F	696	348	348	0	0	0
5906.up-7824c044436e.txt	R	5906.lswap-025c4805fc39.txt	R	696	348	348	0	0	0
5906.up-7824c044436e.txt	R	5906.lswap-6d0ad177e5ee.txt	F	696	348	348	0	0	0
5906.up-7824c044436e.txt	R	5906.lswap-6d0ad177e5ee.txt	R	696	348	348	0	0	0
5906.up-7824c044436e.txt	R	5906.lswap-8ed814577309.txt	F	696	348	348	0	0	0
5906.up-7824c044436e.txt	R	5906.lswap-8ed814577309.txt	R	696	348	348	0	0	0
5906.up-7824c044436e.txt	R	5906.lswap-d252e4d38aa9.txt	F	696	348	348	0	0	0
5906.up-7824c044436e.txt	R	5906.lswap-d252e4d38aa9.txt	R	696	348	348	0	0	0
5906.up-7824c044436e.txt	R	5906.lswap-df71274e07be.txt	F	696	348	348	0	0	0
5906.up-7824c044436e.txt	R	5906.lswap-df71274e07be.txt	R	696	348	348	0	0	0
5906.up-7824c044436e.txt	R	5906.lswap-e59a6239aa79.txt	F	696	348	348	0	0	0
5906.up-7824c044436e.txt	R	5906.lswap-e59a6239aa79.txt	R	696	348	348	0	0	0
5906.up-7824c044436e.txt	R	5906.lswap-e73e096376f0.txt	F	696	348	348	0	0	0
5906.up-7824c044436e.txt	R	5906.lswap-e73e096376f0.txt	R	696	348	348	0	0	0
5906.up-7824c044436e.txt	R	5906.lswap-eeb9a73f4b33.txt	F	696	348	348	0	0	0
5906.up-7824c044436e.txt	R	5906.lswap-eeb9a73f4b33.txt	R	696	348	348	0	0	0
5906.up-7824c044436e.txt	R	5906.up-2cb6c1139592.txt	F	696	348	348	0	0	0
5906.up-7824c044436e.txt	R	5906.up-2cb6c1139592.txt	R	696	348	348	0	0	0
5906.up-7824c044436e.txt	R	5906.up-6a8f7756517b.txt	F	696	348	348	0	0	0
5906.up-7824c044436e.txt	R	5906.up-6a8f7756517b.txt	R	696	348	348	0	0	0
5906.up-7824c044436e.txt	R	5906.up-b2d6bec1e3bd.txt	F	696	348	348	0	0	0
5906.up-7824c044436e.txt	R	5906.up-b2d6bec1e3bd.txt	R	696	348	348	0	0	0
5906.up-7824c044436e.txt	F	5906.lswap-031568aa1b5c.txt	F	708	354	354	0	0	0
5906.up-7824c044436e.txt	F	5906.lswap-031568aa1b5c.txt	R	708	354	354	0	0	0
5906.up-7824c044436e.txt	F	5906.lswap-3b4f2e286e0c.txt	F	708	354	354	0	0	0
5906.up-7824c044436e.txt	F	5906.lswap-3b4f2e286e0c.txt	R	708	354	354	0	0	0
5906.up-7824c044436e.txt	F	5906.lswap-3baeeea281f2.txt	F	708	354	354	0	0	0
5906.up-7824c044436e.txt	F	5906.lswap-3baeeea281f2.txt	R	708	354	354	0	0	0
5906.up-7824c044436e.txt	F	5906.lswap-5228890279ca.txt	F	708	354	354	0	0	0
5906.up-7824c044436e.txt	F	5906.lswap-5228890279ca.txt	R	708	354	354	0	0	0
5906.up-7824c044436e.txt	F	5906.lswap-52e683fb05d3.txt	F	708	354	354	0	0	0
5906.up-7824c044436e.txt	F	5906.lswap-52e683fb05d3.txt	R	708	354	354	0	0	0
5906.up-7824c044436e.txt	F	5906.lswap-6d7ea156bdcc.txt	F	708	354	354	0	0	0
5906.up-7824c044436e.txt	F	5906.lswap-6d7ea156bdcc.txt	R	708	354	354	0	0	0
5906.up-7824c044436e.txt	F	5906.lswap-a28e203d65dc.txt	F	708	354	354	0	0	0
5906.up-7824c044436e.txt	F	5906.lswap-a28e203d65dc.txt	R	708	354	354	0	0	0
5906.up-7824c044436e.txt	F	5906.lswap-be4759bc731a.txt	F	708	354	354	0	0	0
5906.up-7824c044436e.txt	F	5906.lswap-be4759bc731a.txt	R	708	354	354	0	0	0
5906.up-7824c044436e.txt	R	5906.lswap-031568aa1b5c.txt	F	708	354	354	0	0	0
5906.up-7824c044436e.txt	R	5906.lswap-031568aa1b5c.txt	R	708	354	354	0	0	0
5906.up-7824c044436e.txt	R	5906.lswap-3b4f2e286e0c.txt	F	708	354	354	0	0	0
5906.up-7824c044436e.txt	R	5906.lswap-3b4f2e286e0c.txt	R	708	354	354	0	0	0
5906.up-7824c044436e.txt	R	5906.lswap-3baeeea281f2.txt	F	708	354	354	0	0	0
5906.up-7824c044436e.txt	R	5906.lswap-3baeeea281f2.txt	R	708	354	354	0	0	0
5906.up-7824c044436e.txt	R	5906.lswap-5228890279ca.txt	F	708	354	354	0	0	0
5906.up-7824c044436e.txt	R	5906.lswap-5228890279ca.txt	R	708	354	354	0	0	0
5906.up-7824c044436e.txt	R	5906.lswap-52e683fb05d3.txt	F	708	354	354	0	0	0
5906.up-7824c044436e.txt	R	5906.lswap-52e683fb05d3.txt	R	708	354	354	0	0	0
5906.up-7824c044436e.txt	R	5906.lswap-6d7ea156bdcc.txt	F	708	354	354	0	0	0
5906.up-7824c044436e.txt	R	5906.lswap-6d7ea156bdcc.txt	R	708	354	354	0	0	0
5906.up-7824c044436e.txt	R	5906.lswap-a28e203d65dc.txt	F	708	354	354	0	0	0
5906.up-7824c044436e.txt	R	5906.lswap-a28e203d65dc.txt	R	708	354	354	0	0	0
5906.up-7824c044436e.txt	R	5906.lswap-be4759bc731a.txt	F	708	354	354	0	0	0
5906.up-7824c044436e.txt	R	5906.lswap-be4759bc731a.txt	R	708	354	354	0	0	0
5906.up-7824c044436e.txt	F	5906.lswap-0de54c0a7bb6.txt	F	720	360	360	0	0	0
5906.up-7824c044436e.txt	F	5906.lswap-0de54c0a7bb6.txt	R	720	360	360	0	0	0
5906.up-7824c044436e.txt	F	5906.lswap-1e70957354f1.txt	F	720	360	360	0	0	0
5906.up-7824c044436e.txt	F	5906.lswap-1e70957354f1.txt	R	720	360	360	0	0	0
5906.up-7824c044436e.txt	F	5906.lswap-3c791ffa671d.txt	F	720	360	360	0	0	0
5906.up-7824c044436e.txt	F	5906.lswap-3c791ffa671d.txt	R	720	360	360	0	0	0
5906.up-7824c044436e.txt	F	5906.lswap-49fac07a5323.txt	F	720	360	360	0	0	0
5906.up-7824c044436e.txt	F	5906.lswap-49fac07a5323.txt	R	720	360	360	0	0	0
5906.up-7824c044436e.txt	F	5906.lswap-af54b6f406a6.txt	F	720	360	360	0	0	0
5906.up-7824c044436e.txt	F	5906.lswap-af54b6f406a6.txt	R	720	360	360	0	0	0
5906.up-7824c044436e.txt	F	5906.lswap-cae9c3b46793.txt	F	720	360	360	0	0	0
5906.up-7824c044436e.txt	F	5906.lswap-cae9c3b46793.txt	R	720	360	360	0	0	0
5906.up-7824c044436e.txt	F	5906.up-3de4f10d5095.txt	F	720	360	360	0	0	0
5906.up-7824c044436e.txt	F	5906.up-3de4f10d5095.txt	R	720	360	360	0	0	0
5906.up-7824c044436e.txt	F	5906.up-53b55626d912.txt	F	720	360	360	0	0	0
5906.up-7824c044436e.txt	F	5906.up-53b55626d912.txt	R	720	360	360	0	0	0
5906.up-7824c044436e.txt	F	5906.up-abe33e328763.txt	F	720	360	360	0	0	0
5906.up-7824c044436e.txt	F	5906.up-abe33e328763.txt	R	720	360	360	0	0	0
5906.up-7824c044436e.txt	F	5906.up-cad80abdf334.txt	F	720	360	360	0	0	0
5906.up-7824c044436e.txt	F	5906.up-cad80abdf334.txt	R	720	360	360	0	0	0
5906.up-7824c044436e.txt	F	5906.up-d2559533f431.txt	F	720	360	360	0	0	0
5906.up-7824c044436e.txt	F	5906.up-d2559533f431.txt	R	720	360	360	0	0	0
5906.up-7824c044436e.txt	F	5906.up-e94d2b57a7d4.txt	F	720	360	360	0	0	0
5906.up-7824c044436e.txt	F	5906.up-e94d2b57a7d4.txt	R	720	360	360	0	0	0
5906.up-7824c044436e.txt	R	5906.lswap-0de54c0a7bb6.txt	F	720	360	360	0	0	0
5906.up-7824c044436e.txt	R	5906.lswap-0de54c0a7bb6.txt	R	720	360	360	0	0	0
5906.up-7824c044436e.txt	R	5906.lswap-1e70957354f1.txt	F	720	360	360	0	0	0
5906.up-7824c044436e.txt	R	5906.lswap-1e70957354f1.txt	R	720	360	360	0	0	0
5906.up-7824c044436e.txt	R	5906.lswap-3c791ffa671d.txt	F	720	360	360	0	0	0
5906.up-7824c044436e.txt	R	5906.lswap-3c791ffa671d.txt	R	720	360	360	0	0	0
5906.up-7824c044436e.txt	R	5906.lswap-49fac07a5323.txt	F	720	360	360	0	0	0
5906.up-7824c044436e.txt	R	5906.lswap-49fac07a5323.txt	R	720	360	360	0	0	0
5906.up-7824c044436e.txt	R	5906.lswap-af54b6f406a6.txt	F	720	360	360	0	0	0
5906.up-7824c044436e.txt	R	5906.lswap-af54b6f406a6.txt	R	720	360	360	0	0	0
5906.up-7824c044436e.txt	R	5906.lswap-cae9c3b46793.txt	F	720	360	360	0	0	0
5906.up-7824c044436e.txt	R	5906.lswap-cae9c3b46793.txt	R	720	360	360	0	0	0
5906.up-7824c044436e.txt	R	5906.up-3de4f10d5095.txt	F	720	360	360	0	0	0
5906.up-7824c044436e.txt	R	5906.up-3de4f10d5095.txt	R	720	360	360	0	0	0
5906.up-7824c044436e.txt	R	5906.up-53b55626d912.txt	F	720	360	360	0	0	0
5906.up-7824c044436e.txt	R	5906.up-53b55626d912.txt	R	720	360	360	0	0	0
5906.up-7824c044436e.txt	R	5906.up-abe33e328763.txt	F	720	360	360	0	0	0
5906.up-7824c044436e.txt	R	5906.up-abe33e328763.txt	R	720	360	360	0	0	0
5906.up-7824c044436e.txt	R	5906.up-cad80abdf334.txt	F	720	360	360	0	0	0
5906.up-7824c044436e.txt	R	5906.up-cad80abdf334.txt	R	720	360	360	0	0	0
5906.up-7824c044436e.txt	R	5906.up-d2559533f431.txt	F	720	360	360	0	0	0
5906.up-7824c044436e.txt	R	5906.up-d2559533f431.txt	R	720	360	360	0	0	0
5906.up-7824c044436e.txt	R	5906.up-e94d2b57a7d4.txt	F	720	360	360	0	0	0
5906.up-7824c044436e.txt	R	5906.up-e94d2b57a7d4.txt	R	720	360	360	0	0	0
5906.up-7824c044436e.txt	F	5906.lswap-17203113788c.txt	F	732	366	366	0	0	0
5906.up-7824c044436e.txt	F	5906.lswap-17203113788c.txt	R	732	366	366	0	0	0
5906.up-7824c044436e.txt	F	5906.lswap-2ae54d2fd96c.txt	F	732	366	366	0	0	0
5906.up-7824c044436e.txt	F	5906.lswap-2ae54d2fd96c.txt	R	732	366	366	0	0	0
5906.up-7824c044436e.txt	F	5906.lswap-5764c730eaee.txt	F	732	366	366	0	0	0
5906.up-7824c044436e.txt	F	5906.lswap-5764c730eaee.txt	R	732	366	366	0	0	0
5906.up-7824c044436e.txt	F	5906.lswap-5a7a973564fd.txt	F	732	366	366	0	0	0
5906.up-7824c044436e.txt	F	5906.lswap-5a7a973564fd.txt	R	732	366	366	0	0	0
5906.up-7824c044436e.txt	F	5906.lswap-5dbb54e50268.txt	F	732	366	366	0	0	0
5906.up-7824c044436e.txt	F	5906.lswap-5dbb54e50268.txt	R	732	366	366	0	0	0
5906.up-7824c044436e.txt	F	5906.lswap-7f47c6e6eeda.txt	F	732	366	366	0	0	0
5906.up-7824c044436e.txt	F	5906.lswap-7f47c6e6eeda.txt	R	732	366	366	0	0	0
5906.up-7824c044436e.txt	F	5906.lswap-9f3672f6c430.txt	F	732	366	366	0	0	0
5906.up-7824c044436e.txt	F	5906.lswap-9f3672f6c430.txt	R	732	366	366	0	0	0
5906.up-7824c044436e.txt	F	5906.lswap-b55f23a2f470.txt	F	732	366	366	0	0	0
5906.up-7824c044436e.txt	F	5906.lswap-b55f23a2f470.txt	R	732	366	366	0	0	0
5906.up-7824c044436e.txt	R	5906.lswap-17203113788c.txt	F	732	366	366	0	0	0
5906.up-7824c044436e.txt	R	5906.lswap-17203113788c.txt	R	732	366	366	0	0	0
5906.up-7824c044436e.txt	R	5906.lswap-2ae54d2fd96c.txt	F	732	366	366	0	0	0
5906.up-7824c044436e.txt	R	5906.lswap-2ae54d2fd96c.txt	R	732	366	366	0	0	0
5906.up-7824c044436e.txt	R	5906.lswap-5764c730eaee.txt	F	732	366	366	0	0	0
5906.up-7824c044436e.txt	R	5906.lswap-5764c730eaee.txt	R	732	366	366	0	0	0
5906.up-7824c044436e.txt	R	5906.lswap-5a7a973564fd.txt	F	732	366	366	0	0	0
5906.up-7824c044436e.txt	R	5906.lswap-5a7a973564fd.txt	R	732	366	366	0	0	0
5906.up-7824c044436e.txt	R	5906.lswap-5dbb54e50268.txt	F	732	366	366	0	0	0
5906.up-7824c044436e.txt	R	5906.lswap-5dbb54e50268.txt	R	732	366	366	0	0	0
5906.up-7824c044436e.txt	R	5906.lswap-7f47c6e6eeda.txt	F	732	366	366	0	0	0
5906.up-7824c044436e.txt	R	5906.lswap-7f47c6e6eeda.txt	R	732	366	366	0	0	0
5906.up-7824c044436e.txt	R	5906.lswap-9f3672f6c430.txt	F	732	366	366	0	0	0
5906.up-7824c044436e.txt	R	5906.lswap-9f3672f6c430.txt	R	732	366	366	0	0	0
5906.up-7824c044436e.txt	R	5906.lswap-b55f23a2f470.txt	F	732	366	366	0	0	0
5906.up-7824c044436e.txt	R	5906.lswap-b55f23a2f470.txt	R	732	366	366	0	0	0
5906.up-7824c044436e.txt	F	5906.lswap-73851215f718.txt	F	744	372	372	0	0	0
5906.up-7824c044436e.txt	F	5906.lswap-73851215f718.txt	R	744	372	372	0	0	0
5906.up-7824c044436e.txt	F	5906.lswap-7602ba885180.txt	F	744	372	372	0	0	0
5906.up-7824c044436e.txt	F	5906.lswap-7602ba885180.txt	R	744	372	372	0	0	0
5906.up-7824c044436e.txt	F	5906.lswap-821102adfff8.txt	F	744	372	372	0	0	0
5906.up-7824c044436e.txt	F	5906.lswap-821102adfff8.txt	R	744	372	372	0	0	0
5906.up-7824c044436e.txt	F	5906.lswap-aea48ef05d9e.txt	F	744	372	372	0	0	0
5906.up-7824c044436e.txt	F	5906.lswap-aea48ef05d9e.txt	R	744	372	372	0	0	0
5906.up-7824c044436e.txt	F	5906.lswap-f6dbf9989449.txt	F	744	372	372	0	0	0
5906.up-7824c044436e.txt	F	5906.lswap-f6dbf9989449.txt	R	744	372	372	0	0	0
5906.up-7824c044436e.txt	F	5906.up-168d62e1a9d1.txt	F	744	372	372	0	0	0
5906.up-7824c044436e.txt	F	5906.up-168d62e1a9d1.txt	R	744	372	372	0	0	0
5906.up-7824c044436e.txt	F	5906.up-16ca46d2c5a9.txt	F	744	372	372	0	0	0
5906.up-7824c044436e.txt	F	5906.up-16ca46d2c5a9.txt	R	744	372	372	0	0	0
5906.up-7824c044436e.txt	F	5906.up-23ca8a9bcc81.txt	F	744	372	372	0	0	0
5906.up-7824c044436e.txt	F	5906.up-23ca8a9bcc81.txt	R	744	372	372	0	0	0
5906.up-7824c044436e.txt	F	5906.up-7c111e182316.txt	F	744	372	372	0	0	0
5906.up-7824c044436e.txt	F	5906.up-7c111e182316.txt	R	744	372	372	0	0	0
5906.up-7824c044436e.txt	F	5906.up-a235b0e09b6c.txt	F	744	372	372	0	0	0
5906.up-7824c044436e.txt	F	5906.up-a235b0e09b6c.txt	R	744	372	372	0	0	0
5906.up-7824c044436e.txt	F	5906.up-eebb02e3baec.txt	F	744	372	372	0	0	0
5906.up-7824c044436e.txt	F	5906.up-eebb02e3baec.txt	R	744	372	372	0	0	0
5906.up-7824c044436e.txt	R	5906.lswap-73851215f718.txt	F	744	372	372	0	0	0
5906.up-7824c044436e.txt	R	5906.lswap-73851215f718.txt	R	744	372	372	0	0	0
5906.up-7824c044436e.txt	R	5906.lswap-7602ba885180.txt	F	744	372	372	0	0	0
5906.up-7824c044436e.txt	R	5906.lswap-7602ba885180.txt	R	744	372	372	0	0	0
5906.up-7824c044436e.txt	R	5906.lswap-821102adfff8.txt	F	744	372	372	0	0	0
5906.up-7824c044436e.txt	R	5906.lswap-821102adfff8.txt	R	744	372	372	0	0	0
5906.up-7824c044436e.txt	R	5906.lswap-aea48ef05d9e.txt	F	744	372	372	0	0	0
5906.up-7824c044436e.txt	R	5906.lswap-aea48ef05d9e.txt	R	744	372	372	0	0	0
5906.up-7824c044436e.txt	R	5906.lswap-f6dbf9989449.txt	F	744	372	372	0	0	0
5906.up-7824c044436e.txt	R	5906.lswap-f6dbf9989449.txt	R	744	372	372	0	0	0
5906.up-7824c044436e.txt	R	5906.up-168d62e1a9d1.txt	F	744	372	372	0	0	0
5906.up-7824c044436e.txt	R	5906.up-168d62e1a9d1.txt	R	744	372	372	0	0	0
5906.up-7824c044436e.txt	R	5906.up-16ca46d2c5a9.txt	F	744	372	372	0	0	0
5906.up-7824c044436e.txt	R	5906.up-16ca46d2c5a9.txt	R	744	372	372	0	0	0
5906.up-7824c044436e.txt	R	5906.up-23ca8a9bcc81.txt	F	744	372	372	0	0	0
5906.up-7824c044436e.txt	R	5906.up-23ca8a9bcc81.txt	R	744	372	372	0	0	0
5906.up-7824c044436e.txt	R	5906.up-7c111e182316.txt	F	744	372	372	0	0	0
5906.up-7824c044436e.txt	R	5906.up-7c111e182316.txt	R	744	372	372	0	0	0
5906.up-7824c044436e.txt	R	5906.up-a235b0e09b6c.txt	F	744	372	372	0	0	0
5906.up-7824c044436e.txt	R	5906.up-a235b0e09b6c.txt	R	744	372	372	0	0	0
5906.up-7824c044436e.txt	R	5906.up-eebb02e3baec.txt	F	744	372	372	0	0	0
5906.up-7824c044436e.txt	R	5906.up-eebb02e3baec.txt	R	744	372	372	0	0	0
5906.up-7824c044436e.txt	F	5906.lswap-3b66fbdbdf53.txt	F	756	378	378	0	0	0
5906.up-7824c044436e.txt	F	5906.lswap-3b66fbdbdf53.txt	R	756	378	378	0	0	0
5906.up-7824c044436e.txt	F	5906.lswap-6bd82af50a4e.txt	F	756	378	378	0	0	0
5906.up-7824c044436e.txt	F	5906.lswap-6bd82af50a4e.txt	R	756	378	378	0	0	0
5906.up-7824c044436e.txt	F	5906.lswap-e2d18fca77cb.txt	F	756	378	378	0	0	0
5906.up-7824c044436e.txt	F	5906.lswap-e2d18fca77cb.txt	R	756	378	378	0	0	0
5906.up-7824c044436e.txt	R	5906.lswap-3b66fbdbdf53.txt	F	756	378	378	0	0	0
5906.up-7824c044436e.txt	R	5906.lswap-3b66fbdbdf53.txt	R	756	378	378	0	0	0
5906.up-7824c044436e.txt	R	5906.lswap-6bd82af50a4e.txt	F	756	378	378	0	0	0
5906.up-7824c044436e.txt	R	5906.lswap-6bd82af50a4e.txt	R	756	378	378	0	0	0
5906.up-7824c044436e.txt	R	5906.lswap-e2d18fca77cb.txt	F	756	378	378	0	0	0
5906.up-7824c044436e.txt	R	5906.lswap-e2d18fca77cb.txt	R	756	378	378	0	0	0
5906.up-7824c044436e.txt	F	5906.lswap-2fb529601be6.txt	F	768	384	384	0	0	0
5906.up-7824c044436e.txt	F	5906.lswap-2fb529601be6.txt	R	768	384	384	0	0	0
5906.up-7824c044436e.txt	F	5906.lswap-423441640591.txt	F	768	384	384	0	0	0
5906.up-7824c044436e.txt	F	5906.lswap-423441640591.txt	R	768	384	384	0	0	0
5906.up-7824c044436e.txt	F	5906.lswap-469763027c57.txt	F	768	384	384	0	0	0
5906.up-7824c044436e.txt	F	5906.lswap-469763027c57.txt	R	768	384	384	0	0	0
5906.up-7824c044436e.txt	F	5906.lswap-62d959eb4e73.txt	F	768	384	384	0	0	0
5906.up-7824c044436e.txt	F	5906.lswap-62d959eb4e73.txt	R	768	384	384	0	0	0
5906.up-7824c044436e.txt	F	5906.lswap-964ebce5847f.txt	F	768	384	384	0	0	0
5906.up-7824c044436e.txt	F	5906.lswap-964ebce5847f.txt	R	768	384	384	0	0	0
5906.up-7824c044436e.txt	F	5906.up-95ffff5c765c.txt	F	768	384	384	0	0	0
5906.up-7824c044436e.txt	F	5906.up-95ffff5c765c.txt	R	768	384	384	0	0	0
5906.up-7824c044436e.txt	R	5906.lswap-2fb529601be6.txt	F	768	384	384	0	0	0
5906.up-7824c044436e.txt	R	5906.lswap-2fb529601be6.txt	R	768	384	384	0	0	0
5906.up-7824c044436e.txt	R	5906.lswap-423441640591.txt	F	768	384	384	0	0	0
5906.up-7824c044436e.txt	R	5906.lswap-423441640591.txt	R	768	384	384	0	0	0
5906.up-7824c044436e.txt	R	5906.lswap-469763027c57.txt	F	768	384	384	0	0	0
5906.up-7824c044436e.txt	R	5906.lswap-469763027c57.txt	R	768	384	384	0	0	0
5906.up-7824c044436e.txt	R	5906.lswap-62d959eb4e73.txt	F	768	384	384	0	0	0
5906.up-7824c044436e.txt	R	5906.lswap-62d959eb4e73.txt	R	768	384	384	0	0	0
5906.up-7824c044436e.txt	R	5906.lswap-964ebce5847f.txt	F	768	384	384	0	0	0
5906.up-7824c044436e.txt	R	5906.lswap-964ebce5847f.txt	R	768	384	384	0	0	0
5906.up-7824c044436e.txt	R	5906.up-95ffff5c765c.txt	F	768	384	384	0	0	0
5906.up-7824c044436e.txt	R	5906.up-95ffff5c765c.txt	R	768	384	384	0	0	0
5906.up-7824c044436e.txt	F	5906.up-331e3f0f91ee.txt	F	792	396	396	0	0	0
5906.up-7824c044436e.txt	F	5906.up-331e3f0f91ee.txt	R	792	396	396	0	0	0
5906.up-7824c044436e.txt	F	5906.up-aed220b1ebc4.txt	F	792	396	396	0	0	0
5906.up-7824c044436e.txt	F	5906.up-aed220b1ebc4.txt	R	792	396	396	0	0	0
5906.up-7824c044436e.txt	F	5906.up-e948752d6a32.txt	F	792	396	396	0	0	0
5906.up-7824c044436e.txt	F	5906.up-e948752d6a32.txt	R	792	396	396	0	0	0
5906.up-7824c044436e.txt	R	5906.up-331e3f0f91ee.txt	F	792	396	396	0	0	0
5906.up-7824c044436e.txt	R	5906.up-331e3f0f91ee.txt	R	792	396	396	0	0	0
5906.up-7824c044436e.txt	R	5906.up-aed220b1ebc4.txt	F	792	396	396	0	0	0
5906.up-7824c044436e.txt	R	5906.up-aed220b1ebc4.txt	R	792	396	396	0	0	0
5906.up-7824c044436e.txt	R	5906.up-e948752d6a32.txt	F	792	396	396	0	0	0
5906.up-7824c044436e.txt	R	5906.up-e948752d6a32.txt	R	792	396	396	0	0	0
5906.up-7824c044436e.txt	F	5906.up-e65e244c83d3.txt	F	816	408	408	0	0	0
5906.up-7824c044436e.txt	F	5906.up-e65e244c83d3.txt	R	816	408	408	0	0	0
5906.up-7824c044436e.txt	R	5906.up-e65e244c83d3.txt	F	816	408	408	0	0	0
5906.up-7824c044436e.txt	R	5906.up-e65e244c83d3.txt	R	816	408	408	0	0	0
5906.up-7824c044436e.txt	F	5906.up-3ba99c5557bb.txt	F	840	420	420	0	0	0
5906.up-7824c044436e.txt	F	5906.up-3ba99c5557bb.txt	R	840	420	420	0	0	0
5906.up-7824c044436e.txt	R	5906.up-3ba99c5557bb.txt	F	840	420	420	0	0	0
5906.up-7824c044436e.txt	R	5906.up-3ba99c5557bb.txt	R	840	420	420	0	0	0
5906.up-7824c044436e.txt	F	5906.lswap-20db05a5b51e.txt	F	852	426	426	0	0	0
5906.up-7824c044436e.txt	F	5906.lswap-20db05a5b51e.txt	R	852	426	426	0	0	0
5906.up-7824c044436e.txt	R	5906.lswap-20db05a5b51e.txt	F	852	426	426	0	0	0
5906.up-7824c044436e.txt	R	5906.lswap-20db05a5b51e.txt	R	852	426	426	0	0	0
5906.up-7824c044436e.txt	F	5906.up-c2286e4674af.txt	F	864	432	432	0	0	0
5906.up-7824c044436e.txt	F	5906.up-c2286e4674af.txt	R	864	432	432	0	0	0
5906.up-7824c044436e.txt	R	5906.up-c2286e4674af.txt	F	864	432	432	0	0	0
5906.up-7824c044436e.txt	R	5906.up-c2286e4674af.txt	R	864	432	432	0	0	0
5906.up-7824c044436e.txt	F	5906.up-78d638be95ae.txt	F	888	444	444	0	0	0
5906.up-7824c044436e.txt	F	5906.up-78d638be95ae.txt	R	888	444	444	0	0	0
5906.up-7824c044436e.txt	R	5906.up-78d638be95ae.txt	F	888	444	444	0	0	0
5906.up-7824c044436e.txt	R	5906.up-78d638be95ae.txt	R	888	444	444	0	0	0
5906.up-7824c044436e.txt	F	5906.up-207dc5352d35.txt	F	936	468	468	0	0	0
5906.up-7824c044436e.txt	F	5906.up-207dc5352d35.txt	R	936	468	468	0	0	0
5906.up-7824c044436e.txt	R	5906.up-207dc5352d35.txt	F	936	468	468	0	0	0
5906.up-7824c044436e.txt	R	5906.up-207dc5352d35.txt	R	936	468	468	0	0	0
5906.up-7824c044436e.txt	F	5906.lswap-e21e24656b8e.txt	F	960	480	480	0	0	0
5906.up-7824c044436e.txt	F	5906.lswap-e21e24656b8e.txt	R	960	480	480	0	0	0
5906.up-7824c044436e.txt	F	5906.up-a233fdf94b8d.txt	F	960	480	480	0	0	0
5906.up-7824c044436e.txt	F	5906.up-a233fdf94b8d.txt	R	960	480	480	0	0	0
5906.up-7824c044436e.txt	F	5906.up-dcd1e20d40f8.txt	F	960	480	480	0	0	0
5906.up-7824c044436e.txt	F	5906.up-dcd1e20d40f8.txt	R	960	480	480	0	0	0
5906.up-7824c044436e.txt	R	5906.lswap-e21e24656b8e.txt	F	960	480	480	0	0	0
5906.up-7824c044436e.txt	R	5906.lswap-e21e24656b8e.txt	R	960	480	480	0	0	0
5906.up-7824c044436e.txt	R	5906.up-a233fdf94b8d.txt	F	960	480	480	0	0	0
5906.up-7824c044436e.txt	R	5906.up-a233fdf94b8d.txt	R	960	480	480	0	0	0
5906.up-7824c044436e.txt	R	5906.up-dcd1e20d40f8.txt	F	960	480	480	0	0	0
5906.up-7824c044436e.txt	R	5906.up-dcd1e20d40f8.txt	R	960	480	480	0	0	0
5906.up-7824c044436e.txt	F	5906.lswap-dcc866de4e11.txt	F	972	486	486	0	0	0
5906.up-7824c044436e.txt	F	5906.lswap-dcc866de4e11.txt	R	972	486	486	0	0	0
5906.up-7824c044436e.txt	R	5906.lswap-dcc866de4e11.txt	F	972	486	486	0	0	0
5906.up-7824c044436e.txt	R	5906.lswap-dcc866de4e11.txt	R	972	486	486	0	0	0
5906.up-7824c044436e.txt	F	5906.up-454308027985.txt	F	984	492	492	0	0	0
5906.up-7824c044436e.txt	F	5906.up-454308027985.txt	R	984	492	492	0	0	0
5906.up-7824c044436e.txt	F	5906.up-a001786e5861.txt	F	984	492	492	0	0	0
5906.up-7824c044436e.txt	F	5906.up-a001786e5861.txt	R	984	492	492	0	0	0
5906.up-7824c044436e.txt	F	5906.up-da93a66cd37b.txt	F	984	492	492	0	0	0
5906.up-7824c044436e.txt	F	5906.up-da93a66cd37b.txt	R	984	492	492	0	0	0
5906.up-7824c044436e.txt	R	5906.up-454308027985.txt	F	984	492	492	0	0	0
5906.up-7824c044436e.txt	R	5906.up-454308027985.txt	R	984	492	492	0	0	0
5906.up-7824c044436e.txt	R	5906.up-a001786e5861.txt	F	984	492	492	0	0	0
5906.up-7824c044436e.txt	R	5906.up-a001786e5861.txt	R	984	492	492	0	0	0
5906.up-7824c044436e.txt	R	5906.up-da93a66cd37b.txt	F	984	492	492	0	0	0
5906.up-7824c044436e.txt	R	5906.up-da93a66cd37b.txt	R	984	492	492	0	0	0
5906.up-7824c044436e.txt	F	5906.lswap-3d82ae1f2111.txt	F	996	498	498	0	0	0
5906.up-7824c044436e.txt	F	5906.lswap-3d82ae1f2111.txt	R	996	498	498	0	0	0
5906.up-7824c044436e.txt	F	5906.lswap-4a581202d46c.txt	F	996	498	498	0	0	0
5906.up-7824c044436e.txt	F	5906.lswap-4a581202d46c.txt	R	996	498	498	0	0	0
5906.up-7824c044436e.txt	F	5906.lswap-7217a0cd3774.txt	F	996	498	498	0	0	0
5906.up-7824c044436e.txt	F	5906.lswap-7217a0cd3774.txt	R	996	498	498	0	0	0
5906.up-7824c044436e.txt	F	5906.lswap-9edd04d13626.txt	F	996	498	498	0	0	0
5906.up-7824c044436e.txt	F	5906.lswap-9edd04d13626.txt	R	996	498	498	0	0	0
5906.up-7824c044436e.txt	R	5906.lswap-3d82ae1f2111.txt	F	996	498	498	0	0	0
5906.up-7824c044436e.txt	R	5906.lswap-3d82ae1f2111.txt	R	996	498	498	0	0	0
5906.up-7824c044436e.txt	R	5906.lswap-4a581202d46c.txt	F	996	498	498	0	0	0
5906.up-7824c044436e.txt	R	5906.lswap-4a581202d46c.txt	R	996	498	498	0	0	0
5906.up-7824c044436e.txt	R	5906.lswap-7217a0cd3774.txt	F	996	498	498	0	0	0
5906.up-7824c044436e.txt	R	5906.lswap-7217a0cd3774.txt	R	996	498	498	0	0	0
5906.up-7824c044436e.txt	R	5906.lswap-9edd04d13626.txt	F	996	498	498	0	0	0
5906.up-7824c044436e.txt	R	5906.lswap-9edd04d13626.txt	R	996	498	498	0	0	0
5906.up-7824c044436e.txt	F	5906.up-37ac2db82134.txt	F	1008	504	504	0	0	0
5906.up-7824c044436e.txt	F	5906.up-37ac2db82134.txt	R	1008	504	504	0	0	0
5906.up-7824c044436e.txt	F	5906.up-9a915a83c416.txt	F	1008	504	504	0	0	0
5906.up-7824c044436e.txt	F	5906.up-9a915a83c416.txt	R	1008	504	504	0	0	0
5906.up-7824c044436e.txt	R	5906.up-37ac2db82134.txt	F	1008	504	504	0	0	0
5906.up-7824c044436e.txt	R	5906.up-37ac2db82134.txt	R	1008	504	504	0	0	0
5906.up-7824c044436e.txt	R	5906.up-9a915a83c416.txt	F	1008	504	504	0	0	0
5906.up-7824c044436e.txt	R	5906.up-9a915a83c416.txt	R	1008	504	504	0	0	0
5906.up-7824c044436e.txt	F	5906.lswap-7bd46049981f.txt	F	1020	510	510	0	0	0
5906.up-7824c044436e.txt	F	5906.lswap-7bd46049981f.txt	R	1020	510	510	0	0	0
5906.up-7824c044436e.txt	F	5906.lswap-f8f86258580e.txt	F	1020	510	510	0	0	0
5906.up-7824c044436e.txt	F	5906.lswap-f8f86258580e.txt	R	1020	510	510	0	0	0
5906.up-7824c044436e.txt	R	5906.lswap-7bd46049981f.txt	F	1020	510	510	0	0	0
5906.up-7824c044436e.txt	R	5906.lswap-7bd46049981f.txt	R	1020	510	510	0	0	0
5906.up-7824c044436e.txt	R	5906.lswap-f8f86258580e.txt	F	1020	510	510	0	0	0
5906.up-7824c044436e.txt	R	5906.lswap-f8f86258580e.txt	R	1020	510	510	0	0	0
5906.up-7824c044436e.txt	F	5906.lswap-17946ea8ba63.txt	F	1032	516	516	0	0	0
5906.up-7824c044436e.txt	F	5906.lswap-17946ea8ba63.txt	R	1032	516	516	0	0	0
5906.up-7824c044436e.txt	F	5906.lswap-25cebe1ff658.txt	F	1032	516	516	0	0	0
5906.up-7824c044436e.txt	F	5906.lswap-25cebe1ff658.txt	R	1032	516	516	0	0	0
5906.up-7824c044436e.txt	F	5906.lswap-6008b60b1c2c.txt	F	1032	516	516	0	0	0
5906.up-7824c044436e.txt	F	5906.lswap-6008b60b1c2c.txt	R	1032	516	516	0	0	0
5906.up-7824c044436e.txt	F	5906.up-1bced7f87a93.txt	F	1032	516	516	0	0	0
5906.up-7824c044436e.txt	F	5906.up-1bced7f87a93.txt	R	1032	516	516	0	0	0
5906.up-7824c044436e.txt	F	5906.up-1e6ba5f50479.txt	F	1032	516	516	0	0	0
5906.up-7824c044436e.txt	F	5906.up-1e6ba5f50479.txt	R	1032	516	516	0	0	0
5906.up-7824c044436e.txt	R	5906.lswap-17946ea8ba63.txt	F	1032	516	516	0	0	0
5906.up-7824c044436e.txt	R	5906.lswap-17946ea8ba63.txt	R	1032	516	516	0	0	0
5906.up-7824c044436e.txt	R	5906.lswap-25cebe1ff658.txt	F	1032	516	516	0	0	0
5906.up-7824c044436e.txt	R	5906.lswap-25cebe1ff658.txt	R	1032	516	516	0	0	0
5906.up-7824c044436e.txt	R	5906.lswap-6008b60b1c2c.txt	F	1032	516	516	0	0	0
5906.up-7824c044436e.txt	R	5906.lswap-6008b60b1c2c.txt	R	1032	516	516	0	0	0
5906.up-7824c044436e.txt	R	5906.up-1bced7f87a93.txt	F	1032	516	516	0	0	0
5906.up-7824c044436e.txt	R	5906.up-1bced7f87a93.txt	R	1032	516	516	0	0	0
5906.up-7824c044436e.txt	R	5906.up-1e6ba5f50479.txt	F	1032	516	516	0	0	0
5906.up-7824c044436e.txt	R	5906.up-1e6ba5f50479.txt	R	1032	516	516	0	0	0
5906.up-7824c044436e.txt	F	5906.rbnd-0dad091b8ac4.txt	R	1043	522	521	0	1	0
5906.up-7824c044436e.txt	F	5906.rbnd-2641d60c9d5c.txt	F	1043	522	521	0	1	0
5906.up-7824c044436e.txt	R	5906.rbnd-0dad091b8ac4.txt	R	1043	522	521	0	1	0
5906.up-7824c044436e.txt	R	5906.rbnd-2641d60c9d5c.txt	F	1043	522	521	0	1	0
5906.up-7824c044436e.txt	F	5906.lswap-68a263f18066.txt	F	1044	522	522	0	0	0
5906.up-7824c044436e.txt	F	5906.lswap-68a263f18066.txt	R	1044	522	522	0	0	0
5906.up-7824c044436e.txt	F	5906.lswap-9bd2a50baa0e.txt	F	1044	522	522	0	0	0
5906.up-7824c044436e.txt	F	5906.lswap-9bd2a50baa0e.txt	R	1044	522	522	0	0	0
5906.up-7824c044436e.txt	R	5906.lswap-68a263f18066.txt	F	1044	522	522	0	0	0
5906.up-7824c044436e.txt	R	5906.lswap-68a263f18066.txt	R	1044	522	522	0	0	0
5906.up-7824c044436e.txt	R	5906.lswap-9bd2a50baa0e.txt	F	1044	522	522	0	0	0
5906.up-7824c044436e.txt	R	5906.lswap-9bd2a50baa0e.txt	R	1044	522	522	0	0	0
5906.up-7824c044436e.txt	F	5906.rbnd-e9623244f6b1.txt	R	1055	528	527	0	1	0
5906.up-7824c044436e.txt	R	5906.rbnd-e9623244f6b1.txt	R	1055	528	527	0	1	0
5906.up-7824c044436e.txt	F	5906.up-dab493384582.txt	F	1056	528	528	0	0	0
5906.up-7824c044436e.txt	F	5906.up-dab493384582.txt	R	1056	528	528	0	0	0
5906.up-7824c044436e.txt	F	5906.up-e132c7a7c340.txt	F	1056	528	528	0	0	0
5906.up-7824c044436e.txt	F	5906.up-e132c7a7c340.txt	R	1056	528	528	0	0	0
5906.up-7824c044436e.txt	F	5906.up-e1680a9d0e30.txt	F	1056	528	528	0	0	0
5906.up-7824c044436e.txt	F	5906.up-e1680a9d0e30.txt	R	1056	528	528	0	0	0
5906.up-7824c044436e.txt	R	5906.up-dab493384582.txt	F	1056	528	528	0	0	0
5906.up-7824c044436e.txt	R	5906.up-dab493384582.txt	R	1056	528	528	0	0	0
5906.up-7824c044436e.txt	R	5906.up-e132c7a7c340.txt	F	1056	528	528	0	0	0
5906.up-7824c044436e.txt	R	5906.up-e132c7a7c340.txt	R	1056	528	528	0	0	0
5906.up-7824c044436e.txt	R	5906.up-e1680a9d0e30.txt	F	1056	528	528	0	0	0
5906.up-7824c044436e.txt	R	5906.up-e1680a9d0e30.txt	R	1056	528	528	0	0	0
5906.up-7824c044436e.txt	F	5906.lswap-d515e64b87be.txt	F	1068	534	534	0	0	0
5906.up-7824c044436e.txt	F	5906.lswap-d515e64b87be.txt	R	1068	534	534	0	0	0
5906.up-7824c044436e.txt	R	5906.lswap-d515e64b87be.txt	F	1068	534	534	0	0	0
5906.up-7824c044436e.txt	R	5906.lswap-d515e64b87be.txt	R	1068	534	534	0	0	0
5906.up-7824c044436e.txt	F	5906.rbnd-c44d48fbd52c.txt	R	1079	540	539	0	1	0
5906.up-7824c044436e.txt	R	5906.rbnd-c44d48fbd52c.txt	R	1079	540	539	0	1	0
5906.up-7824c044436e.txt	F	5906.up-02d771908307.txt	F	1080	540	540	0	0	0
5906.up-7824c044436e.txt	F	5906.up-02d771908307.txt	R	1080	540	540	0	0	0
5906.up-7824c044436e.txt	F	5906.up-756ff2ed09bd.txt	F	1080	540	540	0	0	0
5906.up-7824c044436e.txt	F	5906.up-756ff2ed09bd.txt	R	1080	540	540	0	0	0
5906.up-7824c044436e.txt	R	5906.up-02d771908307.txt	F	1080	540	540	0	0	0
5906.up-7824c044436e.txt	R	5906.up-02d771908307.txt	R	1080	540	540	0	0	0
5906.up-7824c044436e.txt	R	5906.up-756ff2ed09bd.txt	F	1080	540	540	0	0	0
5906.up-7824c044436e.txt	R	5906.up-756ff2ed09bd.txt	R	1080	540	540	0	0	0
5906.up-7824c044436e.txt	F	5906.up-d9a28c2d8195.txt	F	1187	594	593	14	15	0
5906.up-7824c044436e.txt	F	5906.up-d9a28c2d8195.txt	R	1187	594	593	14	15	0
5906.up-7824c044436e.txt	R	5906.up-d9a28c2d8195.txt	F	1187	594	593	14	15	0
5906.up-7824c044436e.txt	R	5906.up-d9a28c2d8195.txt	R	1187	594	593	14	15	0
5906.up-7824c044436e.txt	F	5906.up-6572648567f1.txt	F	1188	594	594	14	14	0
5906.up-7824c044436e.txt	F	5906.up-6572648567f1.txt	R	1188	594	594	14	14	0
5906.up-7824c044436e.txt	F	5906.up-a30c7c517d7b.txt	F	1188	594	594	14	14	0
5906.up-7824c044436e.txt	F	5906.up-a30c7c517d7b.txt	R	1188	594	594	14	14	0
5906.up-7824c044436e.txt	R	5906.up-6572648567f1.txt	F	1188	594	594	14	14	0
5906.up-7824c044436e.txt	R	5906.up-6572648567f1.txt	R	1188	594	594	14	14	0
5906.up-7824c044436e.txt	R	5906.up-a30c7c517d7b.txt	F	1188	594	594	14	14	0
5906.up-7824c044436e.txt	R	5906.up-a30c7c517d7b.txt	R	1188	594	594	14	14	0
5906.up-7824c044436e.txt	F	5906.lswap-06f4ba2c8122.txt	F	1194	600	594	14	20	0
5906.up-7824c044436e.txt	F	5906.lswap-10f62906b166.txt	R	1194	600	594	14	20	0
5906.up-7824c044436e.txt	F	5906.lswap-3a55a72f70d6.txt	F	1194	600	594	14	20	0
5906.up-7824c044436e.txt	F	5906.lswap-67fc5c2184ab.txt	F	1194	600	594	14	20	0
5906.up-7824c044436e.txt	F	5906.lswap-8f58c699a11d.txt	R	1194	600	594	14	20	0
5906.up-7824c044436e.txt	F	5906.lswap-9f885c2a5e20.txt	F	1194	600	594	14	20	0
5906.up-7824c044436e.txt	F	5906.up-0a065898a821.txt	F	1194	600	594	14	20	0
5906.up-7824c044436e.txt	F	5906.up-0a065898a821.txt	R	1194	600	594	14	20	0
5906.up-7824c044436e.txt	F	5906.up-6597315411ea.txt	F	1194	600	594	14	20	0
5906.up-7824c044436e.txt	F	5906.up-6597315411ea.txt	R	1194	600	594	14	20	0
5906.up-7824c044436e.txt	R	5906.lswap-06f4ba2c8122.txt	F	1194	600	594	14	20	0
5906.up-7824c044436e.txt	R	5906.lswap-10f62906b166.txt	R	1194	600	594	14	20	0
5906.up-7824c044436e.txt	R	5906.lswap-3a55a72f70d6.txt	F	1194	600	594	14	20	0
5906.up-7824c044436e.txt	R	5906.lswap-67fc5c2184ab.txt	F	1194	600	594	14	20	0
5906.up-7824c044436e.txt	R	5906.lswap-8f58c699a11d.txt	R	1194	600	594	14	20	0
5906.up-7824c044436e.txt	R	5906.lswap-9f885c2a5e20.txt	F	1194	600	594	14	20	0
5906.up-7824c044436e.txt	R	5906.up-0a065898a821.txt	F	1194	600	594	14	20	0
5906.up-7824c044436e.txt	R	5906.up-0a065898a821.txt	R	1194	600	594	14	20	0
5906.up-7824c044436e.txt	R	5906.up-6597315411ea.txt	F	1194	600	594	14	20	0
5906.up-7824c044436e.txt	R	5906.up-6597315411ea.txt	R	1194	600	594	14	20	0
5906.up-7824c044436e.txt	F	5906.up-4c3eef44600b.txt	F	1200	600	600	0	0	0
5906.up-7824c044436e.txt	F	5906.up-4c3eef44600b.txt	R	1200	600	600	0	0	0
5906.up-7824c044436e.txt	R	5906.up-4c3eef44600b.txt	F	1200	600	600	0	0	0
5906.up-7824c044436e.txt	R	5906.up-4c3eef44600b.txt	R	1200	600	600	0	0	0
5906.up-7824c044436e.txt	F	5906.up-6f42b3603dac.txt	F	1220	612	608	11	15	0
5906.up-7824c044436e.txt	F	5906.up-6f42b3603dac.txt	R	1220	612	608	11	15	0
5906.up-7824c044436e.txt	R	5906.up-6f42b3603dac.txt	F	1220	612	608	11	15	0
5906.up-7824c044436e.txt	R	5906.up-6f42b3603dac.txt	R	1220	612	608	11	15	0
5906.up-7824c044436e.txt	F	5906.lswap-09c105553d61.txt	F	1230	618	612	14	20	0
5906.up-7824c044436e.txt	F	5906.lswap-23548cda0ace.txt	R	1230	618	612	14	20	0
5906.up-7824c044436e.txt	F	5906.lswap-3a55a72f70d6.txt	R	1230	618	612	14	20	0
5906.up-7824c044436e.txt	F	5906.lswap-9bf7e32c6472.txt	F	1230	618	612	14	20	0
5906.up-7824c044436e.txt	F	5906.lswap-9f885c2a5e20.txt	R	1230	618	612	14	20	0
5906.up-7824c044436e.txt	F	5906.lswap-db110b7302cf.txt	R	1230	618	612	14	20	0
5906.up-7824c044436e.txt	F	5906.up-72482a71c81e.txt	F	1230	618	612	14	20	0
5906.up-7824c044436e.txt	F	5906.up-72482a71c81e.txt	R	1230	618	612	14	20	0
5906.up-7824c044436e.txt	F	5906.up-d1489855deef.txt	F	1230	618	612	14	20	0
5906.up-7824c044436e.txt	F	5906.up-d1489855deef.txt	R	1230	618	612	14	20	0
5906.up-7824c044436e.txt	R	5906.lswap-09c105553d61.txt	F	1230	618	612	14	20	0
5906.up-7824c044436e.txt	R	5906.lswap-23548cda0ace.txt	R	1230	618	612	14	20	0
5906.up-7824c044436e.txt	R	5906.lswap-3a55a72f70d6.txt	R	1230	618	612	14	20	0
5906.up-7824c044436e.txt	R	5906.lswap-9bf7e32c6472.txt	F	1230	618	612	14	20	0
5906.up-7824c044436e.txt	R	5906.lswap-9f885c2a5e20.txt	R	1230	618	612	14	20	0
5906.up-7824c044436e.txt	R	5906.lswap-db110b7302cf.txt	R	1230	618	612	14	20	0
5906.up-7824c044436e.txt	R	5906.up-72482a71c81e.txt	F	1230	618	612	14	20	0
5906.up-7824c044436e.txt	R	5906.up-72482a71c81e.txt	R	1230	618	612	14	20	0
5906.up-7824c044436e.txt	R	5906.up-d1489855deef.txt	F	1230	618	612	14	20	0
5906.up-7824c044436e.txt	R	5906.up-d1489855deef.txt	R	1230	618	612	14	20	0
5906.up-7824c044436e.txt	F	5906.lswap-637b5054102a.txt	F	1232	618	614	11	15	0
5906.up-7824c044436e.txt	R	5906.lswap-637b5054102a.txt	F	1232	618	614	11	15	0
5906.up-7824c044436e.txt	F	5906.lswap-2c94cb485ad7.txt	R	1236	618	618	14	14	0
5906.up-7824c044436e.txt	F	5906.up-3ffb4355518f.txt	F	1236	618	618	14	14	0
5906.up-7824c044436e.txt	F	5906.up-3ffb4355518f.txt	R	1236	618	618	14	14	0
5906.up-7824c044436e.txt	R	5906.lswap-2c94cb485ad7.txt	R	1236	618	618	14	14	0
5906.up-7824c044436e.txt	R	5906.up-3ffb4355518f.txt	F	1236	618	618	14	14	0
5906.up-7824c044436e.txt	R	5906.up-3ffb4355518f.txt	R	1236	618	618	14	14	0
5906.up-7824c044436e.txt	F	5906.i4a-50d865ca7907.txt	F	1239	624	615	15	24	0
5906.up-7824c044436e.txt	R	5906.i4a-50d865ca7907.txt	F	1239	624	615	15	24	0
5906.up-7824c044436e.txt	F	5906.up-890b6674bd25.txt	F	1240	624	616	15	23	0
5906.up-7824c044436e.txt	F	5906.up-890b6674bd25.txt	R	1240	624	616	15	23	0
5906.up-7824c044436e.txt	R	5906.up-890b6674bd25.txt	F	1240	624	616	15	23	0
5906.up-7824c044436e.txt	R	5906.up-890b6674bd25.txt	R	1240	624	616	15	23	0
5906.up-7824c044436e.txt	F	5906.i4a-50d865ca7907.txt	R	1241	625	616	15	24	0
5906.up-7824c044436e.txt	R	5906.i4a-50d865ca7907.txt	R	1241	625	616	15	24	0
5906.up-7824c044436e.txt	F	5906.lswap-06f4ba2c8122.txt	R	1242	624	618	14	20	0
5906.up-7824c044436e.txt	F	5906.lswap-23548cda0ace.txt	F	1242	624	618	14	20	0
5906.up-7824c044436e.txt	F	5906.lswap-28b97fbb68d1.txt	F	1242	624	618	14	20	0
5906.up-7824c044436e.txt	F	5906.lswap-67fc5c2184ab.txt	R	1242	624	618	14	20	0
5906.up-7824c044436e.txt	F	5906.lswap-945cf8ae5bef.txt	F	1242	624	618	14	20	0
5906.up-7824c044436e.txt	F	5906.lswap-db110b7302cf.txt	F	1242	624	618	14	20	0
5906.up-7824c044436e.txt	F	5906.up-377da0a3c300.txt	F	1242	624	618	14	20	0
5906.up-7824c044436e.txt	F	5906.up-377da0a3c300.txt	R	1242	624	618	14	20	0
5906.up-7824c044436e.txt	F	5906.up-c3afee7ed153.txt	F	1242	624	618	14	20	0
5906.up-7824c044436e.txt	F	5906.up-c3afee7ed153.txt	R	1242	624	618	14	20	0
5906.up-7824c044436e.txt	R	5906.lswap-06f4ba2c8122.txt	R	1242	624	618	14	20	0
5906.up-7824c044436e.txt	R	5906.lswap-23548cda0ace.txt	F	1242	624	618	14	20	0
5906.up-7824c044436e.txt	R	5906.lswap-28b97fbb68d1.txt	F	1242	624	618	14	20	0
5906.up-7824c044436e.txt	R	5906.lswap-67fc5c2184ab.txt	R	1242	624	618	14	20	0
5906.up-7824c044436e.txt	R	5906.lswap-945cf8ae5bef.txt	F	1242	624	618	14	20	0
5906.up-7824c044436e.txt	R	5906.lswap-db110b7302cf.txt	F	1242	624	618	14	20	0
5906.up-7824c044436e.txt	R	5906.up-377da0a3c300.txt	F	1242	624	618	14	20	0
5906.up-7824c044436e.txt	R	5906.up-377da0a3c300.txt	R	1242	624	618	14	20	0
5906.up-7824c044436e.txt	R	5906.up-c3afee7ed153.txt	F	1242	624	618	14	20	0
5906.up-7824c044436e.txt	R	5906.up-c3afee7ed153.txt	R	1242	624	618	14	20	0
5906.up-7824c044436e.txt	F	5906.lswap-2c94cb485ad7.txt	F	1248	624	624	14	14	0
5906.up-7824c044436e.txt	F	5906.up-956f3f1864b5.txt	F	1248	624	624	14	14	0
5906.up-7824c044436e.txt	F	5906.up-956f3f1864b5.txt	R	1248	624	624	14	14	0
5906.up-7824c044436e.txt	R	5906.lswap-2c94cb485ad7.txt	F	1248	624	624	14	14	0
5906.up-7824c044436e.txt	R	5906.up-956f3f1864b5.txt	F	1248	624	624	14	14	0
5906.up-7824c044436e.txt	R	5906.up-956f3f1864b5.txt	R	1248	624	624	14	14	0
5906.up-7824c044436e.txt	F	5906.up-f8d1e70c6a52.txt	F	1256	630	626	11	15	0
5906.up-7824c044436e.txt	F	5906.up-f8d1e70c6a52.txt	R	1256	630	626	11	15	0
5906.up-7824c044436e.txt	R	5906.up-f8d1e70c6a52.txt	F	1256	630	626	11	15	0
5906.up-7824c044436e.txt	R	5906.up-f8d1e70c6a52.txt	R	1256	630	626	11	15	0
5906.up-7824c044436e.txt	F	5906.i4a-b99b1d60f13e.txt	F	1263	636	627	15	24	0
5906.up-7824c044436e.txt	R	5906.i4a-b99b1d60f13e.txt	F	1263	636	627	15	24	0
5906.up-7824c044436e.txt	F	5906.up-d0b9281ca469.txt	F	1264	636	628	15	23	0
5906.up-7824c044436e.txt	F	5906.up-d0b9281ca469.txt	R	1264	636	628	15	23	0
5906.up-7824c044436e.txt	R	5906.up-d0b9281ca469.txt	F	1264	636	628	15	23	0
5906.up-7824c044436e.txt	R	5906.up-d0b9281ca469.txt	R	1264	636	628	15	23	0
5906.up-7824c044436e.txt	F	5906.i4a-b99b1d60f13e.txt	R	1265	637	628	15	24	0
5906.up-7824c044436e.txt	R	5906.i4a-b99b1d60f13e.txt	R	1265	637	628	15	24	0
5906.up-7824c044436e.txt	F	5906.lswap-637b5054102a.txt	R	1268	636	632	11	15	0
5906.up-7824c044436e.txt	R	5906.lswap-637b5054102a.txt	R	1268	636	632	11	15	0
5906.up-7824c044436e.txt	F	5906.lswap-c394b34cb7cc.txt	F	1272	636	636	14	14	0
5906.up-7824c044436e.txt	F	5906.up-d8c6ba46400e.txt	F	1272	636	636	14	14	0
5906.up-7824c044436e.txt	F	5906.up-d8c6ba46400e.txt	R	1272	636	636	14	14	0
5906.up-7824c044436e.txt	F	5906.up-f0a3bb335ed9.txt	F	1272	636	636	14	14	0
5906.up-7824c044436e.txt	F	5906.up-f0a3bb335ed9.txt	R	1272	636	636	14	14	0
5906.up-7824c044436e.txt	R	5906.lswap-c394b34cb7cc.txt	F	1272	636	636	14	14	0
5906.up-7824c044436e.txt	R	5906.up-d8c6ba46400e.txt	F	1272	636	636	14	14	0
5906.up-7824c044436e.txt	R	5906.up-d8c6ba46400e.txt	R	1272	636	636	14	14	0
5906.up-7824c044436e.txt	R	5906.up-f0a3bb335ed9.txt	F	1272	636	636	14	14	0
5906.up-7824c044436e.txt	R	5906.up-f0a3bb335ed9.txt	R	1272	636	636	14	14	0
5906.up-7824c044436e.txt	F	5906.lswap-09c105553d61.txt	R	1278	642	636	14	20	0
5906.up-7824c044436e.txt	F	5906.lswap-10f62906b166.txt	F	1278	642	636	14	20	0
5906.up-7824c044436e.txt	F	5906.lswap-28b97fbb68d1.txt	R	1278	642	636	14	20	0
5906.up-7824c044436e.txt	F	5906.lswap-8f58c699a11d.txt	F	1278	642	636	14	20	0
5906.up-7824c044436e.txt	F	5906.lswap-945cf8ae5bef.txt	R	1278	642	636	14	20	0
5906.up-7824c044436e.txt	F	5906.lswap-9bf7e32c6472.txt	R	1278	642	636	14	20	0
5906.up-7824c044436e.txt	F	5906.up-c63a66adbc60.txt	F	1278	642	636	14	20	0
5906.up-7824c044436e.txt	F	5906.up-c63a66adbc60.txt	R	1278	642	636	14	20	0
5906.up-7824c044436e.txt	F	5906.up-f2c7804be474.txt	F	1278	642	636	14	20	0
5906.up-7824c044436e.txt	F	5906.up-f2c7804be474.txt	R	1278	642	636	14	20	0
5906.up-7824c044436e.txt	R	5906.lswap-09c105553d61.txt	R	1278	642	636	14	20	0
5906.up-7824c044436e.txt	R	5906.lswap-10f62906b166.txt	F	1278	642	636	14	20	0
5906.up-7824c044436e.txt	R	5906.lswap-28b97fbb68d1.txt	R	1278	642	636	14	20	0
5906.up-7824c044436e.txt	R	5906.lswap-8f58c699a11d.txt	F	1278	642	636	14	20	0
5906.up-7824c044436e.txt	R	5906.lswap-945cf8ae5bef.txt	R	1278	642	636	14	20	0
5906.up-7824c044436e.txt	R	5906.lswap-9bf7e32c6472.txt	R	1278	642	636	14	20	0
5906.up-7824c044436e.txt	R	5906.up-c63a66adbc60.txt	F	1278	642	636	14	20	0
5906.up-7824c044436e.txt	R	5906.up-c63a66adbc60.txt	R	1278	642	636	14	20	0
5906.up-7824c044436e.txt	R	5906.up-f2c7804be474.txt	F	1278	642	636	14	20	0
5906.up-7824c044436e.txt	R	5906.up-f2c7804be474.txt	R	1278	642	636	14	20	0
5906.up-7824c044436e.txt	F	5906.up-7f9a93193f10.txt	F	1280	642	638	11	15	0
5906.up-7824c044436e.txt	F	5906.up-7f9a93193f10.txt	R	1280	642	638	11	15	0
5906.up-7824c044436e.txt	R	5906.up-7f9a93193f10.txt	F	1280	642	638	11	15	0
5906.up-7824c044436e.txt	R	5906.up-7f9a93193f10.txt	R	1280	642	638	11	15	0
5906.up-7824c044436e.txt	F	5906.lswap-c394b34cb7cc.txt	R	1284	642	642	14	14	0
5906.up-7824c044436e.txt	F	5906.lswap-fde8e0f0f322.txt	F	1284	642	642	14	14	0
5906.up-7824c044436e.txt	F	5906.lswap-fde8e0f0f322.txt	R	1284	642	642	14	14	0
5906.up-7824c044436e.txt	F	5906.up-63a938be8d73.txt	F	1284	642	642	14	14	0
5906.up-7824c044436e.txt	F	5906.up-63a938be8d73.txt	R	1284	642	642	14	14	0
5906.up-7824c044436e.txt	R	5906.lswap-c394b34cb7cc.txt	R	1284	642	642	14	14	0
5906.up-7824c044436e.txt	R	5906.lswap-fde8e0f0f322.txt	F	1284	642	642	14	14	0
5906.up-7824c044436e.txt	R	5906.lswap-fde8e0f0f322.txt	R	1284	642	642	14	14	0
5906.up-7824c044436e.txt	R	5906.up-63a938be8d73.txt	F	1284	642	642	14	14	0
5906.up-7824c044436e.txt	R	5906.up-63a938be8d73.txt	R	1284	642	642	14	14	0
5906.up-7824c044436e.txt	F	5906.up-55058cab6cba.txt	F	1296	648	648	14	14	0
5906.up-7824c044436e.txt	F	5906.up-55058cab6cba.txt	R	1296	648	648	14	14	0
5906.up-7824c044436e.txt	R	5906.up-55058cab6cba.txt	F	1296	648	648	14	14	0
5906.up-7824c044436e.txt	R	5906.up-55058cab6cba.txt	R	1296	648	648	14	14	0
5906.up-7824c044436e.txt	F	5906.i4a-6a77e138ea8e.txt	F	1327	666	661	11	16	0
5906.up-7824c044436e.txt	F	5906.i4a-6a77e138ea8e.txt	R	1327	666	661	11	16	0
5906.up-7824c044436e.txt	R	5906.i4a-6a77e138ea8e.txt	F	1327	666	661	11	16	0
5906.up-7824c044436e.txt	R	5906.i4a-6a77e138ea8e.txt	R	1327	666	661	11	16	0
5906.up-7824c044436e.txt	F	5906.up-590fe2cb2c21.txt	F	1328	666	662	11	15	0
5906.up-7824c044436e.txt	F	5906.up-590fe2cb2c21.txt	R	1328	666	662	11	15	0
5906.up-7824c044436e.txt	R	5906.up-590fe2cb2c21.txt	F	1328	666	662	11	15	0
5906.up-7824c044436e.txt	R	5906.up-590fe2cb2c21.txt	R	1328	666	662	11	15	0
5906.up-7824c044436e.txt	F	5906.up-1b8244ba04bb.txt	F	1346	676	670	14	20	0
5906.up-7824c044436e.txt	F	5906.up-1b8244ba04bb.txt	R	1346	676	670	14	20	0
5906.up-7824c044436e.txt	R	5906.up-1b8244ba04bb.txt	F	1346	676	670	14	20	0
5906.up-7824c044436e.txt	R	5906.up-1b8244ba04bb.txt	R	1346	676	670	14	20	0
5906.up-7824c044436e.txt	F	5906.i4a-e0f3de4ca026.txt	F	1347	676	671	11	16	0
5906.up-7824c044436e.txt	F	5906.i4a-e0f3de4ca026.txt	R	1347	676	671	11	16	0
5906.up-7824c044436e.txt	R	5906.i4a-e0f3de4ca026.txt	F	1347	676	671	11	16	0
5906.up-7824c044436e.txt	R	5906.i4a-e0f3de4ca026.txt	R	1347	676	671	11	16	0
5906.up-7824c044436e.txt	F	5906.up-df8c9033249e.txt	F	1348	676	672	11	15	0
5906.up-7824c044436e.txt	F	5906.up-df8c9033249e.txt	R	1348	676	672	11	15	0
5906.up-7824c044436e.txt	R	5906.up-df8c9033249e.txt	F	1348	676	672	11	15	0
5906.up-7824c044436e.txt	R	5906.up-df8c9033249e.txt	R	1348	676	672	11	15	0
5906.up-7824c044436e.txt	F	5906.lswap-1f8e06e3e616.txt	F	1363	684	679	11	16	0
5906.up-7824c044436e.txt	F	5906.lswap-760f8ed53670.txt	R	1363	684	679	11	16	0
5906.up-7824c044436e.txt	R	5906.lswap-1f8e06e3e616.txt	F	1363	684	679	11	16	0
5906.up-7824c044436e.txt	R	5906.lswap-760f8ed53670.txt	R	1363	684	679	11	16	0
5906.up-7824c044436e.txt	F	5906.lswap-0d13fc4a8a4a.txt	F	1364	684	680	11	15	0
5906.up-7824c044436e.txt	F	5906.lswap-f4c2deec7c96.txt	F	1364	683	681	17	19	0
5906.up-7824c044436e.txt	F	5906.up-8b8c8916a24a.txt	F	1364	683	681	17	19	0
5906.up-7824c044436e.txt	F	5906.up-8b8c8916a24a.txt	R	1364	683	681	17	19	0
5906.up-7824c044436e.txt	R	5906.lswap-0d13fc4a8a4a.txt	F	1364	684	680	11	15	0
5906.up-7824c044436e.txt	R	5906.lswap-f4c2deec7c96.txt	F	1364	683	681	17	19	0
5906.up-7824c044436e.txt	R	5906.up-8b8c8916a24a.txt	F	1364	683	681	17	19	0
5906.up-7824c044436e.txt	R	5906.up-8b8c8916a24a.txt	R	1364	683	681	17	19	0
5906.up-7824c044436e.txt	F	5906.rbnd-0dad091b8ac4.txt	F	1365	683	682	17	18	0
5906.up-7824c044436e.txt	F	5906.rbnd-e9623244f6b1.txt	F	1365	683	682	17	18	0
5906.up-7824c044436e.txt	R	5906.rbnd-0dad091b8ac4.txt	F	1365	683	682	17	18	0
5906.up-7824c044436e.txt	R	5906.rbnd-e9623244f6b1.txt	F	1365	683	682	17	18	0
5906.up-7824c044436e.txt	F	5906.i4a-66637a3b8941.txt	F	1375	690	685	11	16	0
5906.up-7824c044436e.txt	F	5906.i4a-66637a3b8941.txt	R	1375	690	685	11	16	0
5906.up-7824c044436e.txt	F	5906.i4a-7f46c8149026.txt	F	1375	690	685	11	16	0
5906.up-7824c044436e.txt	F	5906.i4a-7f46c8149026.txt	R	1375	690	685	11	16	0
5906.up-7824c044436e.txt	F	5906.lswap-6dc582bac458.txt	R	1375	690	685	11	16	0
5906.up-7824c044436e.txt	F	5906.lswap-ebd38bf2c1cd.txt	F	1375	690	685	11	16	0
5906.up-7824c044436e.txt	R	5906.i4a-66637a3b8941.txt	F	1375	690	685	11	16	0
5906.up-7824c044436e.txt	R	5906.i4a-66637a3b8941.txt	R	1375	690	685	11	16	0
5906.up-7824c044436e.txt	R	5906.i4a-7f46c8149026.txt	F	1375	690	685	11	16	0
5906.up-7824c044436e.txt	R	5906.i4a-7f46c8149026.txt	R	1375	690	685	11	16	0
5906.up-7824c044436e.txt	R	5906.lswap-6dc582bac458.txt	R	1375	690	685	11	16	0
5906.up-7824c044436e.txt	R	5906.lswap-ebd38bf2c1cd.txt	F	1375	690	685	11	16	0
5906.up-7824c044436e.txt	F	5906.lswap-cf8339eb5ca7.txt	F	1376	690	686	11	15	0
5906.up-7824c044436e.txt	F	5906.lswap-f4c2deec7c96.txt	R	1376	689	687	17	19	0
5906.up-7824c044436e.txt	F	5906.up-1206598d1ff0.txt	F	1376	690	686	11	15	0
5906.up-7824c044436e.txt	F	5906.up-1206598d1ff0.txt	R	1376	690	686	11	15	0
5906.up-7824c044436e.txt	F	5906.up-6a142cb8e27d.txt	F	1376	690	686	11	15	0
5906.up-7824c044436e.txt	F	5906.up-6a142cb8e27d.txt	R	1376	690	686	11	15	0
5906.up-7824c044436e.txt	R	5906.lswap-cf8339eb5ca7.txt	F	1376	690	686	11	15	0
5906.up-7824c044436e.txt	R	5906.lswap-f4c2deec7c96.txt	R	1376	689	687	17	19	0
5906.up-7824c044436e.txt	R	5906.up-1206598d1ff0.txt	F	1376	690	686	11	15	0
5906.up-7824c044436e.txt	R	5906.up-1206598d1ff0.txt	R	1376	690	686	11	15	0
5906.up-7824c044436e.txt	R	5906.up-6a142cb8e27d.txt	F	1376	690	686	11	15	0
5906.up-7824c044436e.txt	R	5906.up-6a142cb8e27d.txt	R	1376	690	686	11	15	0
5906.up-7824c044436e.txt	F	5906.rbnd-2641d60c9d5c.txt	R	1377	689	688	17	18	0
5906.up-7824c044436e.txt	R	5906.rbnd-2641d60c9d5c.txt	R	1377	689	688	17	18	0
5906.up-7824c044436e.txt	F	5906.lswap-1f8e06e3e616.txt	R	1387	696	691	11	16	0
5906.up-7824c044436e.txt	F	5906.lswap-760f8ed53670.txt	F	1387	696	691	11	16	0
5906.up-7824c044436e.txt	R	5906.lswap-1f8e06e3e616.txt	R	1387	696	691	11	16	0
5906.up-7824c044436e.txt	R	5906.lswap-760f8ed53670.txt	F	1387	696	691	11	16	0
5906.up-7824c044436e.txt	F	5906.lswap-0d13fc4a8a4a.txt	R	1388	696	692	11	15	0
5906.up-7824c044436e.txt	F	5906.up-331228e22360.txt	F	1388	695	693	17	19	0
5906.up-7824c044436e.txt	F	5906.up-331228e22360.txt	R	1388	695	693	17	19	0
5906.up-7824c044436e.txt	R	5906.lswap-0d13fc4a8a4a.txt	R	1388	696	692	11	15	0
5906.up-7824c044436e.txt	R	5906.up-331228e22360.txt	F	1388	695	693	17	19	0
5906.up-7824c044436e.txt	R	5906.up-331228e22360.txt	R	1388	695	693	17	19	0
5906.up-7824c044436e.txt	F	5906.rbnd-c44d48fbd52c.txt	F	1389	695	694	17	18	0
5906.up-7824c044436e.txt	R	5906.rbnd-c44d48fbd52c.txt	F	1389	695	694	17	18	0
5906.up-7824c044436e.txt	F	5906.up-1b0920685429.txt	F	1392	696	696	14	14	0
5906.up-7824c044436e.txt	F	5906.up-1b0920685429.txt	R	1392	696	696	14	14	0
5906.up-7824c044436e.txt	R	5906.up-1b0920685429.txt	F	1392	696	696	14	14	0
5906.up-7824c044436e.txt	R	5906.up-1b0920685429.txt	R	1392	696	696	14	14	0
5906.up-7824c044436e.txt	F	5906.i4a-c1080e26f60c.txt	F	1399	702	697	11	16	0
5906.up-7824c044436e.txt	F	5906.i4a-c1080e26f60c.txt	R	1399	702	697	11	16	0
5906.up-7824c044436e.txt	R	5906.i4a-c1080e26f60c.txt	F	1399	702	697	11	16	0
5906.up-7824c044436e.txt	R	5906.i4a-c1080e26f60c.txt	R	1399	702	697	11	16	0
5906.up-7824c044436e.txt	F	5906.up-56126e7237c3.txt	F	1400	702	698	11	15	0
5906.up-7824c044436e.txt	F	5906.up-56126e7237c3.txt	R	1400	702	698	11	15	0
5906.up-7824c044436e.txt	R	5906.up-56126e7237c3.txt	F	1400	702	698	11	15	0
5906.up-7824c044436e.txt	R	5906.up-56126e7237c3.txt	R	1400	702	698	11	15	0
5906.up-7824c044436e.txt	F	5906.i4a-29c55ed5fbf6.txt	F	1411	708	703	11	16	0
5906.up-7824c044436e.txt	F	5906.i4a-29c55ed5fbf6.txt	R	1411	708	703	11	16	0
5906.up-7824c044436e.txt	R	5906.i4a-29c55ed5fbf6.txt	F	1411	708	703	11	16	0
5906.up-7824c044436e.txt	R	5906.i4a-29c55ed5fbf6.txt	R	1411	708	703	11	16	0
5906.up-7824c044436e.txt	F	5906.up-bd458e7fc19e.txt	F	1412	708	704	11	15	0
5906.up-7824c044436e.txt	F	5906.up-bd458e7fc19e.txt	R	1412	708	704	11	15	0
5906.up-7824c044436e.txt	R	5906.up-bd458e7fc19e.txt	F	1412	708	704	11	15	0
5906.up-7824c044436e.txt	R	5906.up-bd458e7fc19e.txt	R	1412	708	704	11	15	0
5906.up-7824c044436e.txt	F	5906.lswap-6dc582bac458.txt	F	1435	720	715	11	16	0
5906.up-7824c044436e.txt	F	5906.lswap-ebd38bf2c1cd.txt	R	1435	720	715	11	16	0
5906.up-7824c044436e.txt	R	5906.lswap-6dc582bac458.txt	F	1435	720	715	11	16	0
5906.up-7824c044436e.txt	R	5906.lswap-ebd38bf2c1cd.txt	R	1435	720	715	11	16	0
5906.up-7824c044436e.txt	F	5906.lswap-cf8339eb5ca7.txt	R	1436	720	716	11	15	0
5906.up-7824c044436e.txt	R	5906.lswap-cf8339eb5ca7.txt	R	1436	720	716	11	15	0
5906.up-839c85982253.txt	F	5906.up-77512ee88848.txt	F	528	264	264	0	0	0
5906.up-839c85982253.txt	F	5906.up-77512ee88848.txt	R	528	264	264	0	0	0
5906.up-839c85982253.txt	R	5906.up-77512ee88848.txt	F	528	264	264	0	0	0
5906.up-839c85982253.txt	R	5906.up-77512ee88848.txt	R	528	264	264	0	0	0
5906.up-839c85982253.txt	F	5906.lswap-5808edca979d.txt	F	552	276	276	0	0	0
5906.up-839c85982253.txt	F	5906.lswap-5808edca979d.txt	R	552	276	276	0	0	0
5906.up-839c85982253.txt	R	5906.lswap-5808edca979d.txt	F	552	276	276	0	0	0
5906.up-839c85982253.txt	R	5906.lswap-5808edca979d.txt	R	552	276	276	0	0	0
5906.up-839c85982253.txt	F	5906.lswap-9759fb4af500.txt	F	576	288	288	0	0	0
5906.up-839c85982253.txt	F	5906.lswap-9759fb4af500.txt	R	576	288	288	0	0	0
5906.up-839c85982253.txt	F	5906.lswap-afd973e1a915.txt	F	576	288	288	0	0	0
5906.up-839c85982253.txt	F	5906.lswap-afd973e1a915.txt	R	576	288	288	0	0	0
5906.up-839c85982253.txt	F	5906.up-0db50fc7743c.txt	F	576	288	288	0	0	0
5906.up-839c85982253.txt	F	5906.up-0db50fc7743c.txt	R	576	288	288	0	0	0
5906.up-839c85982253.txt	R	5906.lswap-9759fb4af500.txt	F	576	288	288	0	0	0
5906.up-839c85982253.txt	R	5906.lswap-9759fb4af500.txt	R	576	288	288	0	0	0
5906.up-839c85982253.txt	R	5906.lswap-afd973e1a915.txt	F	576	288	288	0	0	0
5906.up-839c85982253.txt	R	5906.lswap-afd973e1a915.txt	R	576	288	288	0	0	0
5906.up-839c85982253.txt	R	5906.up-0db50fc7743c.txt	F	576	288	288	0	0	0
5906.up-839c85982253.txt	R	5906.up-0db50fc7743c.txt	R	576	288	288	0	0	0
5906.up-839c85982253.txt	F	5906.lswap-2497c9291398.txt	F	600	300	300	0	0	0
5906.up-839c85982253.txt	F	5906.lswap-2497c9291398.txt	R	600	300	300	0	0	0
5906.up-839c85982253.txt	F	5906.lswap-29ee6f7c1197.txt	F	600	300	300	0	0	0
5906.up-839c85982253.txt	F	5906.lswap-29ee6f7c1197.txt	R	600	300	300	0	0	0
5906.up-839c85982253.txt	F	5906.lswap-9a5cc6a6e3c8.txt	F	600	300	300	0	0	0
5906.up-839c85982253.txt	F	5906.lswap-9a5cc6a6e3c8.txt	R	600	300	300	0	0	0
5906.up-839c85982253.txt	F	5906.lswap-a7d2db45842b.txt	F	600	300	300	0	0	0
5906.up-839c85982253.txt	F	5906.lswap-a7d2db45842b.txt	R	600	300	300	0	0	0
5906.up-839c85982253.txt	F	5906.up-a838f31a7b4f.txt	F	600	300	300	0	0	0
5906.up-839c85982253.txt	F	5906.up-a838f31a7b4f.txt	R	600	300	300	0	0	0
5906.up-839c85982253.txt	R	5906.lswap-2497c9291398.txt	F	600	300	300	0	0	0
5906.up-839c85982253.txt	R	5906.lswap-2497c9291398.txt	R	600	300	300	0	0	0
5906.up-839c85982253.txt	R	5906.lswap-29ee6f7c1197.txt	F	600	300	300	0	0	0
5906.up-839c85982253.txt	R	5906.lswap-29ee6f7c1197.txt	R	600	300	300	0	0	0
5906.up-839c85982253.txt	R	5906.lswap-9a5cc6a6e3c8.txt	F	600	300	300	0	0	0
5906.up-839c85982253.txt	R	5906.lswap-9a5cc6a6e3c8.txt	R	600	300	300	0	0	0
5906.up-839c85982253.txt	R	5906.lswap-a7d2db45842b.txt	F	600	300	300	0	0	0
5906.up-839c85982253.txt	R	5906.lswap-a7d2db45842b.txt	R	600	300	300	0	0	0
5906.up-839c85982253.txt	R	5906.up-a838f31a7b4f.txt	F	600	300	300	0	0	0
5906.up-839c85982253.txt	R	5906.up-a838f31a7b4f.txt	R	600	300	300	0	0	0
5906.up-839c85982253.txt	F	5906.lswap-025c4805fc39.txt	F	624	312	312	0	0	0
5906.up-839c85982253.txt	F	5906.lswap-025c4805fc39.txt	R	624	312	312	0	0	0
5906.up-839c85982253.txt	F	5906.lswap-031568aa1b5c.txt	F	624	312	312	0	0	0
5906.up-839c85982253.txt	F	5906.lswap-031568aa1b5c.txt	R	624	312	312	0	0	0
5906.up-839c85982253.txt	F	5906.lswap-25804d565b10.txt	F	624	312	312	0	0	0
5906.up-839c85982253.txt	F	5906.lswap-25804d565b10.txt	R	624	312	312	0	0	0
5906.up-839c85982253.txt	F	5906.lswap-80e6c24a2613.txt	F	624	312	312	0	0	0
5906.up-839c85982253.txt	F	5906.lswap-80e6c24a2613.txt	R	624	312	312	0	0	0
5906.up-839c85982253.txt	F	5906.up-0d2e98183c29.txt	F	624	312	312	0	0	0
5906.up-839c85982253.txt	F	5906.up-0d2e98183c29.txt	R	624	312	312	0	0	0
5906.up-839c85982253.txt	F	5906.up-6773ff05a318.txt	F	624	312	312	0	0	0
5906.up-839c85982253.txt	F	5906.up-6773ff05a318.txt	R	624	312	312	0	0	0
5906.up-839c85982253.txt	F	5906.up-8ec03171f5df.txt	F	624	312	312	0	0	0
5906.up-839c85982253.txt	F	5906.up-8ec03171f5df.txt	R	624	312	312	0	0	0
5906.up-839c85982253.txt	R	5906.lswap-025c4805fc39.txt	F	624	312	312	0	0	0
5906.up-839c85982253.txt	R	5906.lswap-025c4805fc39.txt	R	624	312	312	0	0	0
5906.up-839c85982253.txt	R	5906.lswap-031568aa1b5c.txt	F	624	312	312	0	0	0
5906.up-839c85982253.txt	R	5906.lswap-031568aa1b5c.txt	R	624	312	312	0	0	0
5906.up-839c85982253.txt	R	5906.lswap-25804d565b10.txt	F	624	312	312	0	0	0
5906.up-839c85982253.txt	R	5906.lswap-25804d565b10.txt	R	624	312	312	0	0	0
5906.up-839c85982253.txt	R	5906.lswap-80e6c24a2613.txt	F	624	312	312	0	0	0
5906.up-839c85982253.txt	R	5906.lswap-80e6c24a2613.txt	R	624	312	312	0	0	0
5906.up-839c85982253.txt	R	5906.up-0d2e98183c29.txt	F	624	312	312	0	0	0
5906.up-839c85982253.txt	R	5906.up-0d2e98183c29.txt	R	624	312	312	0	0	0
5906.up-839c85982253.txt	R	5906.up-6773ff05a318.txt	F	624	312	312	0	0	0
5906.up-839c85982253.txt	R	5906.up-6773ff05a318.txt	R	624	312	312	0	0	0
5906.up-839c85982253.txt	R	5906.up-8ec03171f5df.txt	F	624	312	312	0	0	0
5906.up-839c85982253.txt	R	5906.up-8ec03171f5df.txt	R	624	312	312	0	0	0
5906.up-839c85982253.txt	F	5906.lswap-cf5ecb0e9ecc.txt	F	636	318	318	0	0	0
5906.up-839c85982253.txt	F	5906.lswap-cf5ecb0e9ecc.txt	R	636	318	318	0	0	0
5906.up-839c85982253.txt	R	5906.lswap-cf5ecb0e9ecc.txt	F	636	318	318	0	0	0
5906.up-839c85982253.txt	R	5906.lswap-cf5ecb0e9ecc.txt	R	636	318	318	0	0	0
5906.up-839c85982253.txt	F	5906.lswap-41a210488ac9.txt	F	648	324	324	0	0	0
5906.up-839c85982253.txt	F	5906.lswap-41a210488ac9.txt	R	648	324	324	0	0	0
5906.up-839c85982253.txt	F	5906.lswap-49fc63d034f2.txt	F	648	324	324	0	0	0
5906.up-839c85982253.txt	F	5906.lswap-49fc63d034f2.txt	R	648	324	324	0	0	0
5906.up-839c85982253.txt	F	5906.lswap-52e683fb05d3.txt	F	648	324	324	0	0	0
5906.up-839c85982253.txt	F	5906.lswap-52e683fb05d3.txt	R	648	324	324	0	0	0
5906.up-839c85982253.txt	F	5906.lswap-6d0ad177e5ee.txt	F	648	324	324	0	0	0
5906.up-839c85982253.txt	F	5906.lswap-6d0ad177e5ee.txt	R	648	324	324	0	0	0
5906.up-839c85982253.txt	F	5906.lswap-8ed814577309.txt	F	648	324	324	0	0	0
5906.up-839c85982253.txt	F	5906.lswap-8ed814577309.txt	R	648	324	324	0	0	0
5906.up-839c85982253.txt	F	5906.lswap-df71274e07be.txt	F	648	324	324	0	0	0
5906.up-839c85982253.txt	F	5906.lswap-df71274e07be.txt	R	648	324	324	0	0	0
5906.up-839c85982253.txt	F	5906.lswap-e145b859ca30.txt	F	648	324	324	0	0	0
5906.up-839c85982253.txt	F	5906.lswap-e145b859ca30.txt	R	648	324	324	0	0	0
5906.up-839c85982253.txt	F	5906.lswap-e73e096376f0.txt	F	648	324	324	0	0	0
5906.up-839c85982253.txt	F	5906.lswap-e73e096376f0.txt	R	648	324	324	0	0	0
5906.up-839c85982253.txt	F	5906.up-7824c044436e.txt	F	648	324	324	0	0	0
5906.up-839c85982253.txt	F	5906.up-7824c044436e.txt	R	648	324	324	0	0	0
5906.up-839c85982253.txt	R	5906.lswap-41a210488ac9.txt	F	648	324	324	0	0	0
5906.up-839c85982253.txt	R	5906.lswap-41a210488ac9.txt	R	648	324	324	0	0	0
5906.up-839c85982253.txt	R	5906.lswap-49fc63d034f2.txt	F	648	324	324	0	0	0
5906.up-839c85982253.txt	R	5906.lswap-49fc63d034f2.txt	R	648	324	324	0	0	0
5906.up-839c85982253.txt	R	5906.lswap-52e683fb05d3.txt	F	648	324	324	0	0	0
5906.up-839c85982253.txt	R	5906.lswap-52e683fb05d3.txt	R	648	324	324	0	0	0
5906.up-839c85982253.txt	R	5906.lswap-6d0ad177e5ee.txt	F	648	324	324	0	0	0
5906.up-839c85982253.txt	R	5906.lswap-6d0ad177e5ee.txt	R	648	324	324	0	0	0
5906.up-839c85982253.txt	R	5906.lswap-8ed814577309.txt	F	648	324	324	0	0	0
5906.up-839c85982253.txt	R	5906.lswap-8ed814577309.txt	R	648	324	324	0	0	0
5906.up-839c85982253.txt	R	5906.lswap-df71274e07be.txt	F	648	324	324	0	0	0
5906.up-839c85982253.txt	R	5906.lswap-df71274e07be.txt	R	648	324	324	0	0	0
5906.up-839c85982253.txt	R	5906.lswap-e145b859ca30.txt	F	648	324	324	0	0	0
5906.up-839c85982253.txt	R	5906.lswap-e145b859ca30.txt	R	648	324	324	0	0	0
5906.up-839c85982253.txt	R	5906.lswap-e73e096376f0.txt	F	648	324	324	0	0	0
5906.up-839c85982253.txt	R	5906.lswap-e73e096376f0.txt	R	648	324	324	0	0	0
5906.up-839c85982253.txt	R	5906.up-7824c044436e.txt	F	648	324	324	0	0	0
5906.up-839c85982253.txt	R	5906.up-7824c044436e.txt	R	648	324	324	0	0	0
5906.up-839c85982253.txt	F	5906.lswap-2ae54d2fd96c.txt	F	672	336	336	0	0	0
5906.up-839c85982253.txt	F	5906.lswap-2ae54d2fd96c.txt	R	672	336	336	0	0	0
5906.up-839c85982253.txt	F	5906.lswap-52f45c5e8e22.txt	F	672	336	336	0	0	0
5906.up-839c85982253.txt	F	5906.lswap-52f45c5e8e22.txt	R	672	336	336	0	0	0
5906.up-839c85982253.txt	F	5906.lswap-7f47c6e6eeda.txt	F	672	336	336	0	0	0
5906.up-839c85982253.txt	F	5906.lswap-7f47c6e6eeda.txt	R	672	336	336	0	0	0
5906.up-839c85982253.txt	F	5906.lswap-eeb9a73f4b33.txt	F	672	336	336	0	0	0
5906.up-839c85982253.txt	F	5906.lswap-eeb9a73f4b33.txt	R	672	336	336	0	0	0
5906.up-839c85982253.txt	F	5906.up-14e2c7b29aae.txt	F	672	336	336	0	0	0
5906.up-839c85982253.txt	F	5906.up-14e2c7b29aae.txt	R	672	336	336	0	0	0
5906.up-839c85982253.txt	F	5906.up-16ca46d2c5a9.txt	F	672	336	336	0	0	0
5906.up-839c85982253.txt	F	5906.up-16ca46d2c5a9.txt	R	672	336	336	0	0	0
5906.up-839c85982253.txt	F	5906.up-53b55626d912.txt	F	672	336	336	0	0	0
5906.up-839c85982253.txt	F	5906.up-53b55626d912.txt	R	672	336	336	0	0	0
5906.up-839c85982253.txt	F	5906.up-e65e244c83d3.txt	F	672	336	336	0	0	0
5906.up-839c85982253.txt	F	5906.up-e65e244c83d3.txt	R	672	336	336	0	0	0
5906.up-839c85982253.txt	R	5906.lswap-2ae54d2fd96c.txt	F	672	336	336	0	0	0
5906.up-839c85982253.txt	R	5906.lswap-2ae54d2fd96c.txt	R	672	336	336	0	0	0
5906.up-839c85982253.txt	R	5906.lswap-52f45c5e8e22.txt	F	672	336	336	0	0	0
5906.up-839c85982253.txt	R	5906.lswap-52f45c5e8e22.txt	R	672	336	336	0	0	0
5906.up-839c85982253.txt	R	5906.lswap-7f47c6e6eeda.txt	F	672	336	336	0	0	0
5906.up-839c85982253.txt	R	5906.lswap-7f47c6e6eeda.txt	R	672	336	336	0	0	0
5906.up-839c85982253.txt	R	5906.lswap-eeb9a73f4b33.txt	F	672	336	336	0	0	0
5906.up-839c85982253.txt	R	5906.lswap-eeb9a73f4b33.txt	R	672	336	336	0	0	0
5906.up-839c85982253.txt	R	5906.up-14e2c7b29aae.txt	F	672	336	336	0	0	0
5906.up-839c85982253.txt	R	5906.up-14e2c7b29aae.txt	R	672	336	336	0	0	0
5906.up-839c85982253.txt	R	5906.up-16ca46d2c5a9.txt	F	672	336	336	0	0	0
5906.up-839c85982253.txt	R	5906.up-16ca46d2c5a9.txt	R	672	336	336	0	0	0
5906.up-839c85982253.txt	R	5906.up-53b55626d912.txt	F	672	336	336	0	0	0
5906.up-839c85982253.txt	R	5906.up-53b55626d912.txt	R	672	336	336	0	0	0
5906.up-839c85982253.txt	R	5906.up-e65e244c83d3.txt	F	672	336	336	0	0	0
5906.up-839c85982253.txt	R	5906.up-e65e244c83d3.txt	R	672	336	336	0	0	0
5906.up-839c85982253.txt	F	5906.lswap-4c179f65aa4b.txt	F	684	342	342	0	0	0
5906.up-839c85982253.txt	F	5906.lswap-4c179f65aa4b.txt	R	684	342	342	0	0	0
5906.up-839c85982253.txt	F	5906.lswap-5a55d1641a86.txt	F	684	342	342	0	0	0
5906.up-839c85982253.txt	F	5906.lswap-5a55d1641a86.txt	R	684	342	342	0	0	0
5906.up-839c85982253.txt	F	5906.lswap-6f6f375dca74.txt	F	684	342	342	0	0	0
5906.up-839c85982253.txt	F	5906.lswap-6f6f375dca74.txt	R	684	342	342	0	0	0
5906.up-839c85982253.txt	F	5906.lswap-aa52880fc9e0.txt	F	684	342	342	0	0	0
5906.up-839c85982253.txt	F	5906.lswap-aa52880fc9e0.txt	R	684	342	342	0	0	0
5906.up-839c85982253.txt	R	5906.lswap-4c179f65aa4b.txt	F	684	342	342	0	0	0
5906.up-839c85982253.txt	R	5906.lswap-4c179f65aa4b.txt	R	684	342	342	0	0	0
5906.up-839c85982253.txt	R	5906.lswap-5a55d1641a86.txt	F	684	342	342	0	0	0
5906.up-839c85982253.txt	R	5906.lswap-5a55d1641a86.txt	R	684	342	342	0	0	0
5906.up-839c85982253.txt	R	5906.lswap-6f6f375dca74.txt	F	684	342	342	0	0	0
5906.up-839c85982253.txt	R	5906.lswap-6f6f375dca74.txt	R	684	342	342	0	0	0
5906.up-839c85982253.txt	R	5906.lswap-aa52880fc9e0.txt	F	684	342	342	0	0	0
5906.up-839c85982253.txt	R	5906.lswap-aa52880fc9e0.txt	R	684	342	342	0	0	0
5906.up-839c85982253.txt	F	5906.lswap-49fac07a5323.txt	F	696	348	348	0	0	0
5906.up-839c85982253.txt	F	5906.lswap-49fac07a5323.txt	R	696	348	348	0	0	0
5906.up-839c85982253.txt	F	5906.lswap-5dbb54e50268.txt	F	696	348	348	0	0	0
5906.up-839c85982253.txt	F	5906.lswap-5dbb54e50268.txt	R	696	348	348	0	0	0
5906.up-839c85982253.txt	F	5906.lswap-9f3672f6c430.txt	F	696	348	348	0	0	0
5906.up-839c85982253.txt	F	5906.lswap-9f3672f6c430.txt	R	696	348	348	0	0	0
5906.up-839c85982253.txt	F	5906.lswap-af54b6f406a6.txt	F	696	348	348	0	0	0
5906.up-839c85982253.txt	F	5906.lswap-af54b6f406a6.txt	R	696	348	348	0	0	0
5906.up-839c85982253.txt	F	5906.lswap-b12d38608f09.txt	F	696	348	348	0	0	0
5906.up-839c85982253.txt	F	5906.lswap-b12d38608f09.txt	R	696	348	348	0	0	0
5906.up-839c85982253.txt	F	5906.lswap-e0920da719d9.txt	F	696	348	348	0	0	0
5906.up-839c85982253.txt	F	5906.lswap-e0920da719d9.txt	R	696	348	348	0	0	0
5906.up-839c85982253.txt	F	5906.up-2cb6c1139592.txt	F	696	348	348	0	0	0
5906.up-839c85982253.txt	F	5906.up-2cb6c1139592.txt	R	696	348	348	0	0	0
5906.up-839c85982253.txt	F	5906.up-3de4f10d5095.txt	F	696	348	348	0	0	0
5906.up-839c85982253.txt	F	5906.up-3de4f10d5095.txt	R	696	348	348	0	0	0
5906.up-839c85982253.txt	F	5906.up-6a8f7756517b.txt	F	696	348	348	0	0	0
5906.up-839c85982253.txt	F	5906.up-6a8f7756517b.txt	R	696	348	348	0	0	0
5906.up-839c85982253.txt	F	5906.up-91a0d3cd2c14.txt	F	696	348	348	0	0	0
5906.up-839c85982253.txt	F	5906.up-91a0d3cd2c14.txt	R	696	348	348	0	0	0
5906.up-839c85982253.txt	F	5906.up-b2d6bec1e3bd.txt	F	696	348	348	0	0	0
5906.up-839c85982253.txt	F	5906.up-b2d6bec1e3bd.txt	R	696	348	348	0	0	0
5906.up-839c85982253.txt	F	5906.up-cad80abdf334.txt	F	696	348	348	0	0	0
5906.up-839c85982253.txt	F	5906.up-cad80abdf334.txt	R	696	348	348	0	0	0
5906.up-839c85982253.txt	R	5906.lswap-49fac07a5323.txt	F	696	348	348	0	0	0
5906.up-839c85982253.txt	R	5906.lswap-49fac07a5323.txt	R	696	348	348	0	0	0
5906.up-839c85982253.txt	R	5906.lswap-5dbb54e50268.txt	F	696	348	348	0	0	0
5906.up-839c85982253.txt	R	5906.lswap-5dbb54e50268.txt	R	696	348	348	0	0	0
5906.up-839c85982253.txt	R	5906.lswap-9f3672f6c430.txt	F	696	348	348	0	0	0
5906.up-839c85982253.txt	R	5906.lswap-9f3672f6c430.txt	R	696	348	348	0	0	0
5906.up-839c85982253.txt	R	5906.lswap-af54b6f406a6.txt	F	696	348	348	0	0	0
5906.up-839c85982253.txt	R	5906.lswap-af54b6f406a6.txt	R	696	348	348	0	0	0
5906.up-839c85982253.txt	R	5906.lswap-b12d38608f09.txt	F	696	348	348	0	0	0
5906.up-839c85982253.txt	R	5906.lswap-b12d38608f09.txt	R	696	348	348	0	0	0
5906.up-839c85982253.txt	R	5906.lswap-e0920da719d9.txt	F	696	348	348	0	0	0
5906.up-839c85982253.txt	R	5906.lswap-e0920da719d9.txt	R	696	348	348	0	0	0
5906.up-839c85982253.txt	R	5906.up-2cb6c1139592.txt	F	696	348	348	0	0	0
5906.up-839c85982253.txt	R	5906.up-2cb6c1139592.txt	R	696	348	348	0	0	0
5906.up-839c85982253.txt	R	5906.up-3de4f10d5095.txt	F	696	348	348	0	0	0
5906.up-839c85982253.txt	R	5906.up-3de4f10d5095.txt	R	696	348	348	0	0	0
5906.up-839c85982253.txt	R	5906.up-6a8f7756517b.txt	F	696	348	348	0	0	0
5906.up-839c85982253.txt	R	5906.up-6a8f7756517b.txt	R	696	348	348	0	0	0
5906.up-839c85982253.txt	R	5906.up-91a0d3cd2c14.txt	F	696	348	348	0	0	0
5906.up-839c85982253.txt	R	5906.up-91a0d3cd2c14.txt	R	696	348	348	0	0	0
5906.up-839c85982253.txt	R	5906.up-b2d6bec1e3bd.txt	F	696	348	348	0	0	0
5906.up-839c85982253.txt	R	5906.up-b2d6bec1e3bd.txt	R	696	348	348	0	0	0
5906.up-839c85982253.txt	R	5906.up-cad80abdf334.txt	F	696	348	348	0	0	0
5906.up-839c85982253.txt	R	5906.up-cad80abdf334.txt	R	696	348	348	0	0	0
5906.up-839c85982253.txt	F	5906.lswap-20db05a5b51e.txt	F	720	360	360	0	0	0
5906.up-839c85982253.txt	F	5906.lswap-20db05a5b51e.txt	R	720	360	360	0	0	0
5906.up-839c85982253.txt	F	5906.lswap-3b66fbdbdf53.txt	F	720	360	360	0	0	0
5906.up-839c85982253.txt	F	5906.lswap-3b66fbdbdf53.txt	R	720	360	360	0	0	0
5906.up-839c85982253.txt	F	5906.lswap-62d959eb4e73.txt	F	720	360	360	0	0	0
5906.up-839c85982253.txt	F	5906.lswap-62d959eb4e73.txt	R	720	360	360	0	0	0
5906.up-839c85982253.txt	F	5906.lswap-be4759bc731a.txt	F	720	360	360	0	0	0
5906.up-839c85982253.txt	F	5906.lswap-be4759bc731a.txt	R	720	360	360	0	0	0
5906.up-839c85982253.txt	F	5906.lswap-d252e4d38aa9.txt	F	720	360	360	0	0	0
5906.up-839c85982253.txt	F	5906.lswap-d252e4d38aa9.txt	R	720	360	360	0	0	0
5906.up-839c85982253.txt	F	5906.up-a00b3e52965d.txt	F	720	360	360	0	0	0
5906.up-839c85982253.txt	F	5906.up-a00b3e52965d.txt	R	720	360	360	0	0	0
5906.up-839c85982253.txt	F	5906.up-d2559533f431.txt	F	720	360	360	0	0	0
5906.up-839c85982253.txt	F	5906.up-d2559533f431.txt	R	720	360	360	0	0	0
5906.up-839c85982253.txt	F	5906.up-e8da0f18269f.txt	F	720	360	360	0	0	0
5906.up-839c85982253.txt	F	5906.up-e8da0f18269f.txt	R	720	360	360	0	0	0
5906.up-839c85982253.txt	R	5906.lswap-20db05a5b51e.txt	F	720	360	360	0	0	0
5906.up-839c85982253.txt	R	5906.lswap-20db05a5b51e.txt	R	720	360	360	0	0	0
5906.up-839c85982253.txt	R	5906.lswap-3b66fbdbdf53.txt	F	720	360	360	0	0	0
5906.up-839c85982253.txt	R	5906.lswap-3b66fbdbdf53.txt	R	720	360	360	0	0	0
5906.up-839c85982253.txt	R	5906.lswap-62d959eb4e73.txt	F	720	360	360	0	0	0
5906.up-839c85982253.txt	R	5906.lswap-62d959eb4e73.txt	R	720	360	360	0	0	0
5906.up-839c85982253.txt	R	5906.lswap-be4759bc731a.txt	F	720	360	360	0	0	0
5906.up-839c85982253.txt	R	5906.lswap-be4759bc731a.txt	R	720	360	360	0	0	0
5906.up-839c85982253.txt	R	5906.lswap-d252e4d38aa9.txt	F	720	360	360	0	0	0
5906.up-839c85982253.txt	R	5906.lswap-d252e4d38aa9.txt	R	720	360	360	0	0	0
5906.up-839c85982253.txt	R	5906.up-a00b3e52965d.txt	F	720	360	360	0	0	0
5906.up-839c85982253.txt	R	5906.up-a00b3e52965d.txt	R	720	360	360	0	0	0
5906.up-839c85982253.txt	R	5906.up-d2559533f431.txt	F	720	360	360	0	0	0
5906.up-839c85982253.txt	R	5906.up-d2559533f431.txt	R	720	360	360	0	0	0
5906.up-839c85982253.txt	R	5906.up-e8da0f18269f.txt	F	720	360	360	0	0	0
5906.up-839c85982253.txt	R	5906.up-e8da0f18269f.txt	R	720	360	360	0	0	0
5906.up-839c85982253.txt	F	5906.lswap-3b4f2e286e0c.txt	F	732	366	366	0	0	0
5906.up-839c85982253.txt	F	5906.lswap-3b4f2e286e0c.txt	R	732	366	366	0	0	0
5906.up-839c85982253.txt	F	5906.lswap-3baeeea281f2.txt	F	732	366	366	0	0	0
5906.up-839c85982253.txt	F	5906.lswap-3baeeea281f2.txt	R	732	366	366	0	0	0
5906.up-839c85982253.txt	F	5906.lswap-3c791ffa671d.txt	F	732	366	366	0	0	0
5906.up-839c85982253.txt	F	5906.lswap-3c791ffa671d.txt	R	732	366	366	0	0	0
5906.up-839c85982253.txt	F	5906.lswap-5228890279ca.txt	F	732	366	366	0	0	0
5906.up-839c85982253.txt	F	5906.lswap-5228890279ca.txt	R	732	366	366	0	0	0
5906.up-839c85982253.txt	F	5906.lswap-a28e203d65dc.txt	F	732	366	366	0	0	0
5906.up-839c85982253.txt	F	5906.lswap-a28e203d65dc.txt	R	732	366	366	0	0	0
5906.up-839c85982253.txt	F	5906.lswap-c55c2b0fbb0f.txt	F	732	366	366	0	0	0
5906.up-839c85982253.txt	F	5906.lswap-c55c2b0fbb0f.txt	R	732	366	366	0	0	0
5906.up-839c85982253.txt	F	5906.lswap-cae9c3b46793.txt	F	732	366	366	0	0	0
5906.up-839c85982253.txt	F	5906.lswap-cae9c3b46793.txt	R	732	366	366	0	0	0
5906.up-839c85982253.txt	F	5906.lswap-e59a6239aa79.txt	F	732	366	366	0	0	0
5906.up-839c85982253.txt	F	5906.lswap-e59a6239aa79.txt	R	732	366	366	0	0	0
5906.up-839c85982253.txt	R	5906.lswap-3b4f2e286e0c.txt	F	732	366	366	0	0	0
5906.up-839c85982253.txt	R	5906.lswap-3b4f2e286e0c.txt	R	732	366	366	0	0	0
5906.up-839c85982253.txt	R	5906.lswap-3baeeea281f2.txt	F	732	366	366	0	0	0
5906.up-839c85982253.txt	R	5906.lswap-3baeeea281f2.txt	R	732	366	366	0	0	0
5906.up-839c85982253.txt	R	5906.lswap-3c791ffa671d.txt	F	732	366	366	0	0	0
5906.up-839c85982253.txt	R	5906.lswap-3c791ffa671d.txt	R	732	366	366	0	0	0
5906.up-839c85982253.txt	R	5906.lswap-5228890279ca.txt	F	732	366	366	0	0	0
5906.up-839c85982253.txt	R	5906.lswap-5228890279ca.txt	R	732	366	366	0	0	0
5906.up-839c85982253.txt	R	5906.lswap-a28e203d65dc.txt	F	732	366	366	0	0	0
5906.up-839c85982253.txt	R	5906.lswap-a28e203d65dc.txt	R	732	366	366	0	0	0
5906.up-839c85982253.txt	R	5906.lswap-c55c2b0fbb0f.txt	F	732	366	366	0	0	0
5906.up-839c85982253.txt	R	5906.lswap-c55c2b0fbb0f.txt	R	732	366	366	0	0	0
5906.up-839c85982253.txt	R	5906.lswap-cae9c3b46793.txt	F	732	366	366	0	0	0
5906.up-839c85982253.txt	R	5906.lswap-cae9c3b46793.txt	R	732	366	366	0	0	0
5906.up-839c85982253.txt	R	5906.lswap-e59a6239aa79.txt	F	732	366	366	0	0	0
5906.up-839c85982253.txt	R	5906.lswap-e59a6239aa79.txt	R	732	366	366	0	0	0
5906.up-839c85982253.txt	F	5906.lswap-0de54c0a7bb6.txt	F	744	372	372	0	0	0
5906.up-839c85982253.txt	F	5906.lswap-0de54c0a7bb6.txt	R	744	372	372	0	0	0
5906.up-839c85982253.txt	F	5906.lswap-1e70957354f1.txt	F	744	372	372	0	0	0
5906.up-839c85982253.txt	F	5906.lswap-1e70957354f1.txt	R	744	372	372	0	0	0
5906.up-839c85982253.txt	F	5906.lswap-6d7ea156bdcc.txt	F	744	372	372	0	0	0
5906.up-839c85982253.txt	F	5906.lswap-6d7ea156bdcc.txt	R	744	372	372	0	0	0
5906.up-839c85982253.txt	F	5906.lswap-e2d18fca77cb.txt	F	744	372	372	0	0	0
5906.up-839c85982253.txt	F	5906.lswap-e2d18fca77cb.txt	R	744	372	372	0	0	0
5906.up-839c85982253.txt	F	5906.up-5ce87c54ecea.txt	F	744	372	372	0	0	0
5906.up-839c85982253.txt	F	5906.up-5ce87c54ecea.txt	R	744	372	372	0	0	0
5906.up-839c85982253.txt	F	5906.up-95ffff5c765c.txt	F	744	372	372	0	0	0
5906.up-839c85982253.txt	F	5906.up-95ffff5c765c.txt	R	744	372	372	0	0	0
5906.up-839c85982253.txt	F	5906.up-abe33e328763.txt	F	744	372	372	0	0	0
5906.up-839c85982253.txt	F	5906.up-abe33e328763.txt	R	744	372	372	0	0	0
5906.up-839c85982253.txt	R	5906.lswap-0de54c0a7bb6.txt	F	744	372	372	0	0	0
5906.up-839c85982253.txt	R	5906.lswap-0de54c0a7bb6.txt	R	744	372	372	0	0	0
5906.up-839c85982253.txt	R	5906.lswap-1e70957354f1.txt	F	744	372	372	0	0	0
5906.up-839c85982253.txt	R	5906.lswap-1e70957354f1.txt	R	744	372	372	0	0	0
5906.up-839c85982253.txt	R	5906.lswap-6d7ea156bdcc.txt	F	744	372	372	0	0	0
5906.up-839c85982253.txt	R	5906.lswap-6d7ea156bdcc.txt	R	744	372	372	0	0	0
5906.up-839c85982253.txt	R	5906.lswap-e2d18fca77cb.txt	F	744	372	372	0	0	0
5906.up-839c85982253.txt	R	5906.lswap-e2d18fca77cb.txt	R	744	372	372	0	0	0
5906.up-839c85982253.txt	R	5906.up-5ce87c54ecea.txt	F	744	372	372	0	0	0
5906.up-839c85982253.txt	R	5906.up-5ce87c54ecea.txt	R	744	372	372	0	0	0
5906.up-839c85982253.txt	R	5906.up-95ffff5c765c.txt	F	744	372	372	0	0	0
5906.up-839c85982253.txt	R	5906.up-95ffff5c765c.txt	R	744	372	372	0	0	0
5906.up-839c85982253.txt	R	5906.up-abe33e328763.txt	F	744	372	372	0	0	0
5906.up-839c85982253.txt	R	5906.up-abe33e328763.txt	R	744	372	372	0	0	0
5906.up-839c85982253.txt	F	5906.lswap-aea48ef05d9e.txt	F	756	378	378	0	0	0
5906.up-839c85982253.txt	F	5906.lswap-aea48ef05d9e.txt	R	756	378	378	0	0	0
5906.up-839c85982253.txt	R	5906.lswap-aea48ef05d9e.txt	F	756	378	378	0	0	0
5906.up-839c85982253.txt	R	5906.lswap-aea48ef05d9e.txt	R	756	378	378	0	0	0
5906.up-839c85982253.txt	F	5906.lswap-5a7a973564fd.txt	F	768	384	384	0	0	0
5906.up-839c85982253.txt	F	5906.lswap-5a7a973564fd.txt	R	768	384	384	0	0	0
5906.up-839c85982253.txt	F	5906.lswap-b55f23a2f470.txt	F	768	384	384	0	0	0
5906.up-839c85982253.txt	F	5906.lswap-b55f23a2f470.txt	R	768	384	384	0	0	0
5906.up-839c85982253.txt	F	5906.up-168d62e1a9d1.txt	F	768	384	384	0	0	0
5906.up-839c85982253.txt	F	5906.up-168d62e1a9d1.txt	R	768	384	384	0	0	0
5906.up-839c85982253.txt	F	5906.up-331e3f0f91ee.txt	F	768	384	384	0	0	0
5906.up-839c85982253.txt	F	5906.up-331e3f0f91ee.txt	R	768	384	384	0	0	0
5906.up-839c85982253.txt	F	5906.up-78d638be95ae.txt	F	768	384	384	0	0	0
5906.up-839c85982253.txt	F	5906.up-78d638be95ae.txt	R	768	384	384	0	0	0
5906.up-839c85982253.txt	F	5906.up-7c111e182316.txt	F	768	384	384	0	0	0
5906.up-839c85982253.txt	F	5906.up-7c111e182316.txt	R	768	384	384	0	0	0
5906.up-839c85982253.txt	F	5906.up-a235b0e09b6c.txt	F	768	384	384	0	0	0
5906.up-839c85982253.txt	F	5906.up-a235b0e09b6c.txt	R	768	384	384	0	0	0
5906.up-839c85982253.txt	F	5906.up-e94d2b57a7d4.txt	F	768	384	384	0	0	0
5906.up-839c85982253.txt	F	5906.up-e94d2b57a7d4.txt	R	768	384	384	0	0	0
5906.up-839c85982253.txt	R	5906.lswap-5a7a973564fd.txt	F	768	384	384	0	0	0
5906.up-839c85982253.txt	R	5906.lswap-5a7a973564fd.txt	R	768	384	384	0	0	0
5906.up-839c85982253.txt	R	5906.lswap-b55f23a2f470.txt	F	768	384	384	0	0	0
5906.up-839c85982253.txt	R	5906.lswap-b55f23a2f470.txt	R	768	384	384	0	0	0
5906.up-839c85982253.txt	R	5906.up-168d62e1a9d1.txt	F	768	384	384	0	0	0
5906.up-839c85982253.txt	R	5906.up-168d62e1a9d1.txt	R	768	384	384	0	0	0
5906.up-839c85982253.txt	R	5906.up-331e3f0f91ee.txt	F	768	384	384	0	0	0
5906.up-839c85982253.txt	R	5906.up-331e3f0f91ee.txt	R	768	384	384	0	0	0
5906.up-839c85982253.txt	R	5906.up-78d638be95ae.txt	F	768	384	384	0	0	0
5906.up-839c85982253.txt	R	5906.up-78d638be95ae.txt	R	768	384	384	0	0	0
5906.up-839c85982253.txt	R	5906.up-7c111e182316.txt	F	768	384	384	0	0	0
5906.up-839c85982253.txt	R	5906.up-7c111e182316.txt	R	768	384	384	0	0	0
5906.up-839c85982253.txt	R	5906.up-a235b0e09b6c.txt	F	768	384	384	0	0	0
5906.up-839c85982253.txt	R	5906.up-a235b0e09b6c.txt	R	768	384	384	0	0	0
5906.up-839c85982253.txt	R	5906.up-e94d2b57a7d4.txt	F	768	384	384	0	0	0
5906.up-839c85982253.txt	R	5906.up-e94d2b57a7d4.txt	R	768	384	384	0	0	0
5906.up-839c85982253.txt	F	5906.lswap-17203113788c.txt	F	780	390	390	0	0	0
5906.up-839c85982253.txt	F	5906.lswap-17203113788c.txt	R	780	390	390	0	0	0
5906.up-839c85982253.txt	F	5906.lswap-5764c730eaee.txt	F	780	390	390	0	0	0
5906.up-839c85982253.txt	F	5906.lswap-5764c730eaee.txt	R	780	390	390	0	0	0
5906.up-839c85982253.txt	F	5906.lswap-73851215f718.txt	F	780	390	390	0	0	0
5906.up-839c85982253.txt	F	5906.lswap-73851215f718.txt	R	780	390	390	0	0	0
5906.up-839c85982253.txt	F	5906.lswap-7602ba885180.txt	F	780	390	390	0	0	0
5906.up-839c85982253.txt	F	5906.lswap-7602ba885180.txt	R	780	390	390	0	0	0
5906.up-839c85982253.txt	F	5906.lswap-821102adfff8.txt	F	780	390	390	0	0	0
5906.up-839c85982253.txt	F	5906.lswap-821102adfff8.txt	R	780	390	390	0	0	0
5906.up-839c85982253.txt	F	5906.lswap-f6dbf9989449.txt	F	780	390	390	0	0	0
5906.up-839c85982253.txt	F	5906.lswap-f6dbf9989449.txt	R	780	390	390	0	0	0
5906.up-839c85982253.txt	R	5906.lswap-17203113788c.txt	F	780	390	390	0	0	0
5906.up-839c85982253.txt	R	5906.lswap-17203113788c.txt	R	780	390	390	0	0	0
5906.up-839c85982253.txt	R	5906.lswap-5764c730eaee.txt	F	780	390	390	0	0	0
5906.up-839c85982253.txt	R	5906.lswap-5764c730eaee.txt	R	780	390	390	0	0	0
5906.up-839c85982253.txt	R	5906.lswap-73851215f718.txt	F	780	390	390	0	0	0
5906.up-839c85982253.txt	R	5906.lswap-73851215f718.txt	R	780	390	390	0	0	0
5906.up-839c85982253.txt	R	5906.lswap-7602ba885180.txt	F	780	390	390	0	0	0
5906.up-839c85982253.txt	R	5906.lswap-7602ba885180.txt	R	780	390	390	0	0	0
5906.up-839c85982253.txt	R	5906.lswap-821102adfff8.txt	F	780	390	390	0	0	0
5906.up-839c85982253.txt	R	5906.lswap-821102adfff8.txt	R	780	390	390	0	0	0
5906.up-839c85982253.txt	R	5906.lswap-f6dbf9989449.txt	F	780	390	390	0	0	0
5906.up-839c85982253.txt	R	5906.lswap-f6dbf9989449.txt	R	780	390	390	0	0	0
5906.up-839c85982253.txt	F	5906.up-23ca8a9bcc81.txt	F	792	396	396	0	0	0
5906.up-839c85982253.txt	F	5906.up-23ca8a9bcc81.txt	R	792	396	396	0	0	0
5906.up-839c85982253.txt	F	5906.up-eebb02e3baec.txt	F	792	396	396	0	0	0
5906.up-839c85982253.txt	F	5906.up-eebb02e3baec.txt	R	792	396	396	0	0	0
5906.up-839c85982253.txt	R	5906.up-23ca8a9bcc81.txt	F	792	396	396	0	0	0
5906.up-839c85982253.txt	R	5906.up-23ca8a9bcc81.txt	R	792	396	396	0	0	0
5906.up-839c85982253.txt	R	5906.up-eebb02e3baec.txt	F	792	396	396	0	0	0
5906.up-839c85982253.txt	R	5906.up-eebb02e3baec.txt	R	792	396	396	0	0	0
5906.up-839c85982253.txt	F	5906.lswap-2fb529601be6.txt	F	816	408	408	0	0	0
5906.up-839c85982253.txt	F	5906.lswap-2fb529601be6.txt	R	816	408	408	0	0	0
5906.up-839c85982253.txt	F	5906.lswap-6bd82af50a4e.txt	F	816	408	408	0	0	0
5906.up-839c85982253.txt	F	5906.lswap-6bd82af50a4e.txt	R	816	408	408	0	0	0
5906.up-839c85982253.txt	F	5906.lswap-964ebce5847f.txt	F	816	408	408	0	0	0
5906.up-839c85982253.txt	F	5906.lswap-964ebce5847f.txt	R	816	408	408	0	0	0
5906.up-839c85982253.txt	R	5906.lswap-2fb529601be6.txt	F	816	408	408	0	0	0
5906.up-839c85982253.txt	R	5906.lswap-2fb529601be6.txt	R	816	408	408	0	0	0
5906.up-839c85982253.txt	R	5906.lswap-6bd82af50a4e.txt	F	816	408	408	0	0	0
5906.up-839c85982253.txt	R	5906.lswap-6bd82af50a4e.txt	R	816	408	408	0	0	0
5906.up-839c85982253.txt	R	5906.lswap-964ebce5847f.txt	F	816	408	408	0	0	0
5906.up-839c85982253.txt	R	5906.lswap-964ebce5847f.txt	R	816	408	408	0	0	0
5906.up-839c85982253.txt	F	5906.lswap-423441640591.txt	F	828	414	414	0	0	0
5906.up-839c85982253.txt	F	5906.lswap-423441640591.txt	R	828	414	414	0	0	0
5906.up-839c85982253.txt	F	5906.lswap-469763027c57.txt	F	828	414	414	0	0	0
5906.up-839c85982253.txt	F	5906.lswap-469763027c57.txt	R	828	414	414	0	0	0
5906.up-839c85982253.txt	R	5906.lswap-423441640591.txt	F	828	414	414	0	0	0
5906.up-839c85982253.txt	R	5906.lswap-423441640591.txt	R	828	414	414	0	0	0
5906.up-839c85982253.txt	R	5906.lswap-469763027c57.txt	F	828	414	414	0	0	0
5906.up-839c85982253.txt	R	5906.lswap-469763027c57.txt	R	828	414	414	0	0	0
5906.up-839c85982253.txt	F	5906.up-207dc5352d35.txt	F	840	420	420	0	0	0
5906.up-839c85982253.txt	F	5906.up-207dc5352d35.txt	R	840	420	420	0	0	0
5906.up-839c85982253.txt	R	5906.up-207dc5352d35.txt	F	840	420	420	0	0	0
5906.up-839c85982253.txt	R	5906.up-207dc5352d35.txt	R	840	420	420	0	0	0
5906.up-839c85982253.txt	F	5906.rbnd-e9623244f6b1.txt	R	863	432	431	0	1	0
5906.up-839c85982253.txt	R	5906.rbnd-e9623244f6b1.txt	R	863	432	431	0	1	0
5906.up-839c85982253.txt	F	5906.up-3ba99c5557bb.txt	F	864	432	432	0	0	0
5906.up-839c85982253.txt	F	5906.up-3ba99c5557bb.txt	R	864	432	432	0	0	0
5906.up-839c85982253.txt	F	5906.up-aed220b1ebc4.txt	F	864	432	432	0	0	0
5906.up-839c85982253.txt	F	5906.up-aed220b1ebc4.txt	R	864	432	432	0	0	0
5906.up-839c85982253.txt	F	5906.up-dab493384582.txt	F	864	432	432	0	0	0
5906.up-839c85982253.txt	F	5906.up-dab493384582.txt	R	864	432	432	0	0	0
5906.up-839c85982253.txt	F	5906.up-e948752d6a32.txt	F	864	432	432	0	0	0
5906.up-839c85982253.txt	F	5906.up-e948752d6a32.txt	R	864	432	432	0	0	0
5906.up-839c85982253.txt	R	5906.up-3ba99c5557bb.txt	F	864	432	432	0	0	0
5906.up-839c85982253.txt	R	5906.up-3ba99c5557bb.txt	R	864	432	432	0	0	0
5906.up-839c85982253.txt	R	5906.up-aed220b1ebc4.txt	F	864	432	432	0	0	0
5906.up-839c85982253.txt	R	5906.up-aed220b1ebc4.txt	R	864	432	432	0	0	0
5906.up-839c85982253.txt	R	5906.up-dab493384582.txt	F	864	432	432	0	0	0
5906.up-839c85982253.txt	R	5906.up-dab493384582.txt	R	864	432	432	0	0	0
5906.up-839c85982253.txt	R	5906.up-e948752d6a32.txt	F	864	432	432	0	0	0
5906.up-839c85982253.txt	R	5906.up-e948752d6a32.txt	R	864	432	432	0	0	0
5906.up-839c85982253.txt	F	5906.lswap-dcc866de4e11.txt	F	876	438	438	0	0	0
5906.up-839c85982253.txt	F	5906.lswap-dcc866de4e11.txt	R	876	438	438	0	0	0
5906.up-839c85982253.txt	R	5906.lswap-dcc866de4e11.txt	F	876	438	438	0	0	0
5906.up-839c85982253.txt	R	5906.lswap-dcc866de4e11.txt	R	876	438	438	0	0	0
5906.up-839c85982253.txt	F	5906.lswap-e21e24656b8e.txt	F	888	444	444	0	0	0
5906.up-839c85982253.txt	F	5906.lswap-e21e24656b8e.txt	R	888	444	444	0	0	0
5906.up-839c85982253.txt	R	5906.lswap-e21e24656b8e.txt	F	888	444	444	0	0	0
5906.up-839c85982253.txt	R	5906.lswap-e21e24656b8e.txt	R	888	444	444	0	0	0
5906.up-839c85982253.txt	F	5906.up-37ac2db82134.txt	F	912	456	456	0	0	0
5906.up-839c85982253.txt	F	5906.up-37ac2db82134.txt	R	912	456	456	0	0	0
5906.up-839c85982253.txt	F	5906.up-da93a66cd37b.txt	F	912	456	456	0	0	0
5906.up-839c85982253.txt	F	5906.up-da93a66cd37b.txt	R	912	456	456	0	0	0
5906.up-839c85982253.txt	R	5906.up-37ac2db82134.txt	F	912	456	456	0	0	0
5906.up-839c85982253.txt	R	5906.up-37ac2db82134.txt	R	912	456	456	0	0	0
5906.up-839c85982253.txt	R	5906.up-da93a66cd37b.txt	F	912	456	456	0	0	0
5906.up-839c85982253.txt	R	5906.up-da93a66cd37b.txt	R	912	456	456	0	0	0
5906.up-839c85982253.txt	F	5906.lswap-3d82ae1f2111.txt	F	924	462	462	0	0	0
5906.up-839c85982253.txt	F	5906.lswap-3d82ae1f2111.txt	R	924	462	462	0	0	0
5906.up-839c85982253.txt	F	5906.lswap-7217a0cd3774.txt	F	924	462	462	0	0	0
5906.up-839c85982253.txt	F	5906.lswap-7217a0cd3774.txt	R	924	462	462	0	0	0
5906.up-839c85982253.txt	R	5906.lswap-3d82ae1f2111.txt	F	924	462	462	0	0	0
5906.up-839c85982253.txt	R	5906.lswap-3d82ae1f2111.txt	R	924	462	462	0	0	0
5906.up-839c85982253.txt	R	5906.lswap-7217a0cd3774.txt	F	924	462	462	0	0	0
5906.up-839c85982253.txt	R	5906.lswap-7217a0cd3774.txt	R	924	462	462	0	0	0
5906.up-839c85982253.txt	F	5906.up-a001786e5861.txt	F	936	468	468	0	0	0
5906.up-839c85982253.txt	F	5906.up-a001786e5861.txt	R	936	468	468	0	0	0
5906.up-839c85982253.txt	R	5906.up-a001786e5861.txt	F	936	468	468	0	0	0
5906.up-839c85982253.txt	R	5906.up-a001786e5861.txt	R	936	468	468	0	0	0
5906.up-839c85982253.txt	F	5906.lswap-25cebe1ff658.txt	F	960	480	480	0	0	0
5906.up-839c85982253.txt	F	5906.lswap-25cebe1ff658.txt	R	960	480	480	0	0	0
5906.up-839c85982253.txt	F	5906.up-c2286e4674af.txt	F	960	480	480	0	0	0
5906.up-839c85982253.txt	F	5906.up-c2286e4674af.txt	R	960	480	480	0	0	0
5906.up-839c85982253.txt	R	5906.lswap-25cebe1ff658.txt	F	960	480	480	0	0	0
5906.up-839c85982253.txt	R	5906.lswap-25cebe1ff658.txt	R	960	480	480	0	0	0
5906.up-839c85982253.txt	R	5906.up-c2286e4674af.txt	F	960	480	480	0	0	0
5906.up-839c85982253.txt	R	5906.up-c2286e4674af.txt	R	960	480	480	0	0	0
5906.up-839c85982253.txt	F	5906.lswap-7bd46049981f.txt	F	972	486	486	0	0	0
5906.up-839c85982253.txt	F	5906.lswap-7bd46049981f.txt	R	972	486	486	0	0	0
5906.up-839c85982253.txt	R	5906.lswap-7bd46049981f.txt	F	972	486	486	0	0	0
5906.up-839c85982253.txt	R	5906.lswap-7bd46049981f.txt	R	972	486	486	0	0	0
5906.up-839c85982253.txt	F	5906.rbnd-0dad091b8ac4.txt	R	1007	504	503	0	1	0
5906.up-839c85982253.txt	F	5906.rbnd-2641d60c9d5c.txt	F	1007	504	503	0	1	0
5906.up-839c85982253.txt	R	5906.rbnd-0dad091b8ac4.txt	R	1007	504	503	0	1	0
5906.up-839c85982253.txt	R	5906.rbnd-2641d60c9d5c.txt	F	1007	504	503	0	1	0
5906.up-839c85982253.txt	F	5906.lswap-9bd2a50baa0e.txt	F	1008	504	504	0	0	0
5906.up-839c85982253.txt	F	5906.lswap-9bd2a50baa0e.txt	R	1008	504	504	0	0	0
5906.up-839c85982253.txt	F	5906.up-a233fdf94b8d.txt	F	1008	504	504	0	0	0
5906.up-839c85982253.txt	F	5906.up-a233fdf94b8d.txt	R	1008	504	504	0	0	0
5906.up-839c85982253.txt	F	5906.up-e132c7a7c340.txt	F	1008	504	504	0	0	0
5906.up-839c85982253.txt	F	5906.up-e132c7a7c340.txt	R	1008	504	504	0	0	0
5906.up-839c85982253.txt	F	5906.up-e1680a9d0e30.txt	F	1008	504	504	0	0	0
5906.up-839c85982253.txt	F	5906.up-e1680a9d0e30.txt	R	1008	504	504	0	0	0
5906.up-839c85982253.txt	R	5906.lswap-9bd2a50baa0e.txt	F	1008	504	504	0	0	0
5906.up-839c85982253.txt	R	5906.lswap-9bd2a50baa0e.txt	R	1008	504	504	0	0	0
5906.up-839c85982253.txt	R	5906.up-a233fdf94b8d.txt	F	1008	504	504	0	0	0
5906.up-839c85982253.txt	R	5906.up-a233fdf94b8d.txt	R	1008	504	504	0	0	0
5906.up-839c85982253.txt	R	5906.up-e132c7a7c340.txt	F	1008	504	504	0	0	0
5906.up-839c85982253.txt	R	5906.up-e132c7a7c340.txt	R	1008	504	504	0	0	0
5906.up-839c85982253.txt	R	5906.up-e1680a9d0e30.txt	F	1008	504	504	0	0	0
5906.up-839c85982253.txt	R	5906.up-e1680a9d0e30.txt	R	1008	504	504	0	0	0
5906.up-839c85982253.txt	F	5906.lswap-d515e64b87be.txt	F	1032	516	516	0	0	0
5906.up-839c85982253.txt	F	5906.lswap-d515e64b87be.txt	R	1032	516	516	0	0	0
5906.up-839c85982253.txt	F	5906.lswap-f8f86258580e.txt	F	1032	516	516	0	0	0
5906.up-839c85982253.txt	F	5906.lswap-f8f86258580e.txt	R	1032	516	516	0	0	0
5906.up-839c85982253.txt	R	5906.lswap-d515e64b87be.txt	F	1032	516	516	0	0	0
5906.up-839c85982253.txt	R	5906.lswap-d515e64b87be.txt	R	1032	516	516	0	0	0
5906.up-839c85982253.txt	R	5906.lswap-f8f86258580e.txt	F	1032	516	516	0	0	0
5906.up-839c85982253.txt	R	5906.lswap-f8f86258580e.txt	R	1032	516	516	0	0	0
5906.up-839c85982253.txt	F	5906.rbnd-c44d48fbd52c.txt	R	1055	528	527	0	1	0
5906.up-839c85982253.txt	R	5906.rbnd-c44d48fbd52c.txt	R	1055	528	527	0	1	0
5906.up-839c85982253.txt	F	5906.lswap-17946ea8ba63.txt	F	1056	528	528	0	0	0
5906.up-839c85982253.txt	F	5906.lswap-17946ea8ba63.txt	R	1056	528	528	0	0	0
5906.up-839c85982253.txt	F	5906.lswap-6008b60b1c2c.txt	F	1056	528	528	0	0	0
5906.up-839c85982253.txt	F	5906.lswap-6008b60b1c2c.txt	R	1056	528	528	0	0	0
5906.up-839c85982253.txt	F	5906.lswap-9edd04d13626.txt	F	1056	528	528	0	0	0
5906.up-839c85982253.txt	F	5906.lswap-9edd04d13626.txt	R	1056	528	528	0	0	0
5906.up-839c85982253.txt	F	5906.up-02d771908307.txt	F	1056	528	528	0	0	0
5906.up-839c85982253.txt	F	5906.up-02d771908307.txt	R	1056	528	528	0	0	0
5906.up-839c85982253.txt	F	5906.up-454308027985.txt	F	1056	528	528	0	0	0
5906.up-839c85982253.txt	F	5906.up-454308027985.txt	R	1056	528	528	0	0	0
5906.up-839c85982253.txt	F	5906.up-756ff2ed09bd.txt	F	1056	528	528	0	0	0
5906.up-839c85982253.txt	F	5906.up-756ff2ed09bd.txt	R	1056	528	528	0	0	0
5906.up-839c85982253.txt	R	5906.lswap-17946ea8ba63.txt	F	1056	528	528	0	0	0
5906.up-839c85982253.txt	R	5906.lswap-17946ea8ba63.txt	R	1056	528	528	0	0	0
5906.up-839c85982253.txt	R	5906.lswap-6008b60b1c2c.txt	F	1056	528	528	0	0	0
5906.up-839c85982253.txt	R	5906.lswap-6008b60b1c2c.txt	R	1056	528	528	0	0	0
5906.up-839c85982253.txt	R	5906.lswap-9edd04d13626.txt	F	1056	528	528	0	0	0
5906.up-839c85982253.txt	R	5906.lswap-9edd04d13626.txt	R	1056	528	528	0	0	0
5906.up-839c85982253.txt	R	5906.up-02d771908307.txt	F	1056	528	528	0	0	0
5906.up-839c85982253.txt	R	5906.up-02d771908307.txt	R	1056	528	528	0	0	0
5906.up-839c85982253.txt	R	5906.up-454308027985.txt	F	1056	528	528	0	0	0
5906.up-839c85982253.txt	R	5906.up-454308027985.txt	R	1056	528	528	0	0	0
5906.up-839c85982253.txt	R	5906.up-756ff2ed09bd.txt	F	1056	528	528	0	0	0
5906.up-839c85982253.txt	R	5906.up-756ff2ed09bd.txt	R	1056	528	528	0	0	0
5906.up-839c85982253.txt	F	5906.lswap-4a581202d46c.txt	F	1080	540	540	0	0	0
5906.up-839c85982253.txt	F	5906.lswap-4a581202d46c.txt	R	1080	540	540	0	0	0
5906.up-839c85982253.txt	F	5906.lswap-68a263f18066.txt	F	1080	540	540	0	0	0
5906.up-839c85982253.txt	F	5906.lswap-68a263f18066.txt	R	1080	540	540	0	0	0
5906.up-839c85982253.txt	F	5906.up-dcd1e20d40f8.txt	F	1080	540	540	0	0	0
5906.up-839c85982253.txt	F	5906.up-dcd1e20d40f8.txt	R	1080	540	540	0	0	0
5906.up-839c85982253.txt	R	5906.lswap-4a581202d46c.txt	F	1080	540	540	0	0	0
5906.up-839c85982253.txt	R	5906.lswap-4a581202d46c.txt	R	1080	540	540	0	0	0
5906.up-839c85982253.txt	R	5906.lswap-68a263f18066.txt	F	1080	540	540	0	0	0
5906.up-839c85982253.txt	R	5906.lswap-68a263f18066.txt	R	1080	540	540	0	0	0
5906.up-839c85982253.txt	R	5906.up-dcd1e20d40f8.txt	F	1080	540	540	0	0	0
5906.up-839c85982253.txt	R	5906.up-dcd1e20d40f8.txt	R	1080	540	540	0	0	0
5906.up-839c85982253.txt	F	5906.up-1bced7f87a93.txt	F	1104	552	552	0	0	0
5906.up-839c85982253.txt	F	5906.up-1bced7f87a93.txt	R	1104	552	552	0	0	0
5906.up-839c85982253.txt	F	5906.up-9a915a83c416.txt	F	1104	552	552	0	0	0
5906.up-839c85982253.txt	F	5906.up-9a915a83c416.txt	R	1104	552	552	0	0	0
5906.up-839c85982253.txt	R	5906.up-1bced7f87a93.txt	F	1104	552	552	0	0	0
5906.up-839c85982253.txt	R	5906.up-1bced7f87a93.txt	R	1104	552	552	0	0	0
5906.up-839c85982253.txt	R	5906.up-9a915a83c416.txt	F	1104	552	552	0	0	0
5906.up-839c85982253.txt	R	5906.up-9a915a83c416.txt	R	1104	552	552	0	0	0
5906.up-839c85982253.txt	F	5906.lswap-db110b7302cf.txt	R	1176	591	585	14	20	0
5906.up-839c85982253.txt	F	5906.up-1e6ba5f50479.txt	F	1176	588	588	0	0	0
5906.up-839c85982253.txt	F	5906.up-1e6ba5f50479.txt	R	1176	588	588	0	0	0
5906.up-839c85982253.txt	R	5906.lswap-db110b7302cf.txt	R	1176	591	585	14	20	0
5906.up-839c85982253.txt	R	5906.up-1e6ba5f50479.txt	F	1176	588	588	0	0	0
5906.up-839c85982253.txt	R	5906.up-1e6ba5f50479.txt	R	1176	588	588	0	0	0
5906.up-839c85982253.txt	F	5906.lswap-09c105553d61.txt	F	1188	597	591	14	20	0
5906.up-839c85982253.txt	F	5906.lswap-3a55a72f70d6.txt	R	1188	597	591	14	20	0
5906.up-839c85982253.txt	R	5906.lswap-09c105553d61.txt	F	1188	597	591	14	20	0
5906.up-839c85982253.txt	R	5906.lswap-3a55a72f70d6.txt	R	1188	597	591	14	20	0
5906.up-839c85982253.txt	F	5906.lswap-23548cda0ace.txt	R	1200	603	597	14	20	0
5906.up-839c85982253.txt	F	5906.lswap-28b97fbb68d1.txt	R	1200	603	597	14	20	0
5906.up-839c85982253.txt	F	5906.up-3ffb4355518f.txt	F	1200	600	600	14	14	0
5906.up-839c85982253.txt	F	5906.up-3ffb4355518f.txt	R	1200	600	600	14	14	0
5906.up-839c85982253.txt	F	5906.up-d1489855deef.txt	F	1200	603	597	14	20	0
5906.up-839c85982253.txt	F	5906.up-d1489855deef.txt	R	1200	603	597	14	20	0
5906.up-839c85982253.txt	R	5906.lswap-23548cda0ace.txt	R	1200	603	597	14	20	0
5906.up-839c85982253.txt	R	5906.lswap-28b97fbb68d1.txt	R	1200	603	597	14	20	0
5906.up-839c85982253.txt	R	5906.up-3ffb4355518f.txt	F	1200	600	600	14	14	0
5906.up-839c85982253.txt	R	5906.up-3ffb4355518f.txt	R	1200	600	600	14	14	0
5906.up-839c85982253.txt	R	5906.up-d1489855deef.txt	F	1200	603	597	14	20	0
5906.up-839c85982253.txt	R	5906.up-d1489855deef.txt	R	1200	603	597	14	20	0
5906.up-839c85982253.txt	F	5906.lswap-10f62906b166.txt	F	1212	609	603	14	20	0
5906.up-839c85982253.txt	F	5906.lswap-2c94cb485ad7.txt	F	1212	606	606	14	14	0
5906.up-839c85982253.txt	F	5906.lswap-67fc5c2184ab.txt	F	1212	609	603	14	20	0
5906.up-839c85982253.txt	F	5906.lswap-9bf7e32c6472.txt	F	1212	609	603	14	20	0
5906.up-839c85982253.txt	F	5906.lswap-9f885c2a5e20.txt	R	1212	609	603	14	20	0
5906.up-839c85982253.txt	F	5906.up-6572648567f1.txt	F	1212	606	606	14	14	0
5906.up-839c85982253.txt	F	5906.up-6572648567f1.txt	R	1212	606	606	14	14	0
5906.up-839c85982253.txt	F	5906.up-c63a66adbc60.txt	F	1212	609	603	14	20	0
5906.up-839c85982253.txt	F	5906.up-c63a66adbc60.txt	R	1212	609	603	14	20	0
5906.up-839c85982253.txt	R	5906.lswap-10f62906b166.txt	F	1212	609	603	14	20	0
5906.up-839c85982253.txt	R	5906.lswap-2c94cb485ad7.txt	F	1212	606	606	14	14	0
5906.up-839c85982253.txt	R	5906.lswap-67fc5c2184ab.txt	F	1212	609	603	14	20	0
5906.up-839c85982253.txt	R	5906.lswap-9bf7e32c6472.txt	F	1212	609	603	14	20	0
5906.up-839c85982253.txt	R	5906.lswap-9f885c2a5e20.txt	R	1212	609	603	14	20	0
5906.up-839c85982253.txt	R	5906.up-6572648567f1.txt	F	1212	606	606	14	14	0
5906.up-839c85982253.txt	R	5906.up-6572648567f1.txt	R	1212	606	606	14	14	0
5906.up-839c85982253.txt	R	5906.up-c63a66adbc60.txt	F	1212	609	603	14	20	0
5906.up-839c85982253.txt	R	5906.up-c63a66adbc60.txt	R	1212	609	603	14	20	0
5906.up-839c85982253.txt	F	5906.lswap-09c105553d61.txt	R	1224	615	609	14	20	0
5906.up-839c85982253.txt	F	5906.lswap-10f62906b166.txt	R	1224	615	609	14	20	0
5906.up-839c85982253.txt	F	5906.lswap-2c94cb485ad7.txt	R	1224	612	612	14	14	0
5906.up-839c85982253.txt	F	5906.lswap-945cf8ae5bef.txt	R	1224	615	609	14	20	0
5906.up-839c85982253.txt	F	5906.up-6597315411ea.txt	F	1224	615	609	14	20	0
5906.up-839c85982253.txt	F	5906.up-6597315411ea.txt	R	1224	615	609	14	20	0
5906.up-839c85982253.txt	F	5906.up-72482a71c81e.txt	F	1224	615	609	14	20	0
5906.up-839c85982253.txt	F	5906.up-72482a71c81e.txt	R	1224	615	609	14	20	0
5906.up-839c85982253.txt	R	5906.lswap-09c105553d61.txt	R	1224	615	609	14	20	0
5906.up-839c85982253.txt	R	5906.lswap-10f62906b166.txt	R	1224	615	609	14	20	0
5906.up-839c85982253.txt	R	5906.lswap-2c94cb485ad7.txt	R	1224	612	612	14	14	0
5906.up-839c85982253.txt	R	5906.lswap-945cf8ae5bef.txt	R	1224	615	609	14	20	0
5906.up-839c85982253.txt	R	5906.up-6597315411ea.txt	F	1224	615	609	14	20	0
5906.up-839c85982253.txt	R	5906.up-6597315411ea.txt	R	1224	615	609	14	20	0
5906.up-839c85982253.txt	R	5906.up-72482a71c81e.txt	F	1224	615	609	14	20	0
5906.up-839c85982253.txt	R	5906.up-72482a71c81e.txt	R	1224	615	609	14	20	0
5906.up-839c85982253.txt	F	5906.lswap-06f4ba2c8122.txt	F	1236	621	615	14	20	0
5906.up-839c85982253.txt	F	5906.lswap-3a55a72f70d6.txt	F	1236	621	615	14	20	0
5906.up-839c85982253.txt	F	5906.lswap-8f58c699a11d.txt	F	1236	621	615	14	20	0
5906.up-839c85982253.txt	F	5906.up-956f3f1864b5.txt	F	1236	618	618	14	14	0
5906.up-839c85982253.txt	F	5906.up-956f3f1864b5.txt	R	1236	618	618	14	14	0
5906.up-839c85982253.txt	F	5906.up-c3afee7ed153.txt	F	1236	621	615	14	20	0
5906.up-839c85982253.txt	F	5906.up-c3afee7ed153.txt	R	1236	621	615	14	20	0
5906.up-839c85982253.txt	F	5906.up-f2c7804be474.txt	F	1236	621	615	14	20	0
5906.up-839c85982253.txt	F	5906.up-f2c7804be474.txt	R	1236	621	615	14	20	0
5906.up-839c85982253.txt	R	5906.lswap-06f4ba2c8122.txt	F	1236	621	615	14	20	0
5906.up-839c85982253.txt	R	5906.lswap-3a55a72f70d6.txt	F	1236	621	615	14	20	0
5906.up-839c85982253.txt	R	5906.lswap-8f58c699a11d.txt	F	1236	621	615	14	20	0
5906.up-839c85982253.txt	R	5906.up-956f3f1864b5.txt	F	1236	618	618	14	14	0
5906.up-839c85982253.txt	R	5906.up-956f3f1864b5.txt	R	1236	618	618	14	14	0
5906.up-839c85982253.txt	R	5906.up-c3afee7ed153.txt	F	1236	621	615	14	20	0
5906.up-839c85982253.txt	R	5906.up-c3afee7ed153.txt	R	1236	621	615	14	20	0
5906.up-839c85982253.txt	R	5906.up-f2c7804be474.txt	F	1236	621	615	14	20	0
5906.up-839c85982253.txt	R	5906.up-f2c7804be474.txt	R	1236	621	615	14	20	0
5906.up-839c85982253.txt	F	5906.lswap-28b97fbb68d1.txt	F	1248	627	621	14	20	0
5906.up-839c85982253.txt	F	5906.lswap-67fc5c2184ab.txt	R	1248	627	621	14	20	0
5906.up-839c85982253.txt	F	5906.lswap-8f58c699a11d.txt	R	1248	627	621	14	20	0
5906.up-839c85982253.txt	F	5906.lswap-9bf7e32c6472.txt	R	1248	627	621	14	20	0
5906.up-839c85982253.txt	F	5906.up-0a065898a821.txt	F	1248	627	621	14	20	0
5906.up-839c85982253.txt	F	5906.up-0a065898a821.txt	R	1248	627	621	14	20	0
5906.up-839c85982253.txt	R	5906.lswap-28b97fbb68d1.txt	F	1248	627	621	14	20	0
5906.up-839c85982253.txt	R	5906.lswap-67fc5c2184ab.txt	R	1248	627	621	14	20	0
5906.up-839c85982253.txt	R	5906.lswap-8f58c699a11d.txt	R	1248	627	621	14	20	0
5906.up-839c85982253.txt	R	5906.lswap-9bf7e32c6472.txt	R	1248	627	621	14	20	0
5906.up-839c85982253.txt	R	5906.up-0a065898a821.txt	F	1248	627	621	14	20	0
5906.up-839c85982253.txt	R	5906.up-0a065898a821.txt	R	1248	627	621	14	20	0
5906.up-839c85982253.txt	F	5906.i4a-b99b1d60f13e.txt	F	1251	630	621	15	24	0
5906.up-839c85982253.txt	F	5906.i4a-b99b1d60f13e.txt	R	1251	630	621	15	24	0
5906.up-839c85982253.txt	R	5906.i4a-b99b1d60f13e.txt	F	1251	630	621	15	24	0
5906.up-839c85982253.txt	R	5906.i4a-b99b1d60f13e.txt	R	1251	630	621	15	24	0
5906.up-839c85982253.txt	F	5906.up-d0b9281ca469.txt	F	1252	630	622	15	23	0
5906.up-839c85982253.txt	F	5906.up-d0b9281ca469.txt	R	1252	630	622	15	23	0
5906.up-839c85982253.txt	R	5906.up-d0b9281ca469.txt	F	1252	630	622	15	23	0
5906.up-839c85982253.txt	R	5906.up-d0b9281ca469.txt	R	1252	630	622	15	23	0
5906.up-839c85982253.txt	F	5906.lswap-9f885c2a5e20.txt	F	1260	633	627	14	20	0
5906.up-839c85982253.txt	F	5906.lswap-db110b7302cf.txt	F	1260	633	627	14	20	0
5906.up-839c85982253.txt	F	5906.up-377da0a3c300.txt	F	1260	633	627	14	20	0
5906.up-839c85982253.txt	F	5906.up-377da0a3c300.txt	R	1260	633	627	14	20	0
5906.up-839c85982253.txt	R	5906.lswap-9f885c2a5e20.txt	F	1260	633	627	14	20	0
5906.up-839c85982253.txt	R	5906.lswap-db110b7302cf.txt	F	1260	633	627	14	20	0
5906.up-839c85982253.txt	R	5906.up-377da0a3c300.txt	F	1260	633	627	14	20	0
5906.up-839c85982253.txt	R	5906.up-377da0a3c300.txt	R	1260	633	627	14	20	0
5906.up-839c85982253.txt	F	5906.i4a-50d865ca7907.txt	F	1263	636	627	15	24	0
5906.up-839c85982253.txt	F	5906.i4a-50d865ca7907.txt	R	1263	636	627	15	24	0
5906.up-839c85982253.txt	R	5906.i4a-50d865ca7907.txt	F	1263	636	627	15	24	0
5906.up-839c85982253.txt	R	5906.i4a-50d865ca7907.txt	R	1263	636	627	15	24	0
5906.up-839c85982253.txt	F	5906.up-890b6674bd25.txt	F	1264	636	628	15	23	0
5906.up-839c85982253.txt	F	5906.up-890b6674bd25.txt	R	1264	636	628	15	23	0
5906.up-839c85982253.txt	R	5906.up-890b6674bd25.txt	F	1264	636	628	15	23	0
5906.up-839c85982253.txt	R	5906.up-890b6674bd25.txt	R	1264	636	628	15	23	0
5906.up-839c85982253.txt	F	5906.lswap-06f4ba2c8122.txt	R	1272	639	633	14	20	0
5906.up-839c85982253.txt	F	5906.lswap-945cf8ae5bef.txt	F	1272	639	633	14	20	0
5906.up-839c85982253.txt	F	5906.up-4c3eef44600b.txt	F	1272	636	636	0	0	0
5906.up-839c85982253.txt	F	5906.up-4c3eef44600b.txt	R	1272	636	636	0	0	0
5906.up-839c85982253.txt	R	5906.lswap-06f4ba2c8122.txt	R	1272	639	633	14	20	0
5906.up-839c85982253.txt	R	5906.lswap-945cf8ae5bef.txt	F	1272	639	633	14	20	0
5906.up-839c85982253.txt	R	5906.up-4c3eef44600b.txt	F	1272	636	636	0	0	0
5906.up-839c85982253.txt	R	5906.up-4c3eef44600b.txt	R	1272	636	636	0	0	0
5906.up-839c85982253.txt	F	5906.up-6f42b3603dac.txt	F	1276	640	636	11	15	0
5906.up-839c85982253.txt	F	5906.up-6f42b3603dac.txt	R	1276	640	636	11	15	0
5906.up-839c85982253.txt	R	5906.up-6f42b3603dac.txt	F	1276	640	636	11	15	0
5906.up-839c85982253.txt	R	5906.up-6f42b3603dac.txt	R	1276	640	636	11	15	0
5906.up-839c85982253.txt	F	5906.up-d9a28c2d8195.txt	F	1283	642	641	14	15	0
5906.up-839c85982253.txt	F	5906.up-d9a28c2d8195.txt	R	1283	642	641	14	15	0
5906.up-839c85982253.txt	R	5906.up-d9a28c2d8195.txt	F	1283	642	641	14	15	0
5906.up-839c85982253.txt	R	5906.up-d9a28c2d8195.txt	R	1283	642	641	14	15	0
5906.up-839c85982253.txt	F	5906.lswap-23548cda0ace.txt	F	1284	645	639	14	20	0
5906.up-839c85982253.txt	F	5906.up-a30c7c517d7b.txt	F	1284	642	642	14	14	0
5906.up-839c85982253.txt	F	5906.up-a30c7c517d7b.txt	R	1284	642	642	14	14	0
5906.up-839c85982253.txt	R	5906.lswap-23548cda0ace.txt	F	1284	645	639	14	20	0
5906.up-839c85982253.txt	R	5906.up-a30c7c517d7b.txt	F	1284	642	642	14	14	0
5906.up-839c85982253.txt	R	5906.up-a30c7c517d7b.txt	R	1284	642	642	14	14	0
5906.up-839c85982253.txt	F	5906.lswap-637b5054102a.txt	F	1288	646	642	11	15	0
5906.up-839c85982253.txt	R	5906.lswap-637b5054102a.txt	F	1288	646	642	11	15	0
5906.up-839c85982253.txt	F	5906.up-f0a3bb335ed9.txt	F	1308	654	654	14	14	0
5906.up-839c85982253.txt	F	5906.up-f0a3bb335ed9.txt	R	1308	654	654	14	14	0
5906.up-839c85982253.txt	R	5906.up-f0a3bb335ed9.txt	F	1308	654	654	14	14	0
5906.up-839c85982253.txt	R	5906.up-f0a3bb335ed9.txt	R	1308	654	654	14	14	0
5906.up-839c85982253.txt	F	5906.lswap-637b5054102a.txt	R	1312	658	654	11	15	0
5906.up-839c85982253.txt	R	5906.lswap-637b5054102a.txt	R	1312	658	654	11	15	0
5906.up-839c85982253.txt	F	5906.lswap-c394b34cb7cc.txt	F	1320	660	660	14	14	0
5906.up-839c85982253.txt	F	5906.lswap-c394b34cb7cc.txt	R	1320	660	660	14	14	0
5906.up-839c85982253.txt	F	5906.lswap-fde8e0f0f322.txt	F	1320	660	660	14	14	0
5906.up-839c85982253.txt	F	5906.lswap-fde8e0f0f322.txt	R	1320	660	660	14	14	0
5906.up-839c85982253.txt	F	5906.up-63a938be8d73.txt	F	1320	660	660	14	14	0
5906.up-839c85982253.txt	F	5906.up-63a938be8d73.txt	R	1320	660	660	14	14	0
5906.up-839c85982253.txt	F	5906.up-d8c6ba46400e.txt	F	1320	660	660	14	14	0
5906.up-839c85982253.txt	F	5906.up-d8c6ba46400e.txt	R	1320	660	660	14	14	0
5906.up-839c85982253.txt	R	5906.lswap-c394b34cb7cc.txt	F	1320	660	660	14	14	0
5906.up-839c85982253.txt	R	5906.lswap-c394b34cb7cc.txt	R	1320	660	660	14	14	0
5906.up-839c85982253.txt	R	5906.lswap-fde8e0f0f322.txt	F	1320	660	660	14	14	0
5906.up-839c85982253.txt	R	5906.lswap-fde8e0f0f322.txt	R	1320	660	660	14	14	0
5906.up-839c85982253.txt	R	5906.up-63a938be8d73.txt	F	1320	660	660	14	14	0
5906.up-839c85982253.txt	R	5906.up-63a938be8d73.txt	R	1320	660	660	14	14	0
5906.up-839c85982253.txt	R	5906.up-d8c6ba46400e.txt	F	1320	660	660	14	14	0
5906.up-839c85982253.txt	R	5906.up-d8c6ba46400e.txt	R	1320	660	660	14	14	0
5906.up-839c85982253.txt	F	5906.i4a-6a77e138ea8e.txt	F	1323	664	659	11	16	0
5906.up-839c85982253.txt	F	5906.i4a-6a77e138ea8e.txt	R	1323	664	659	11	16	0
5906.up-839c85982253.txt	R	5906.i4a-6a77e138ea8e.txt	F	1323	664	659	11	16	0
5906.up-839c85982253.txt	R	5906.i4a-6a77e138ea8e.txt	R	1323	664	659	11	16	0
5906.up-839c85982253.txt	F	5906.up-590fe2cb2c21.txt	F	1324	664	660	11	15	0
5906.up-839c85982253.txt	F	5906.up-590fe2cb2c21.txt	R	1324	664	660	11	15	0
5906.up-839c85982253.txt	F	5906.up-7f9a93193f10.txt	F	1324	664	660	11	15	0
5906.up-839c85982253.txt	F	5906.up-7f9a93193f10.txt	R	1324	664	660	11	15	0
5906.up-839c85982253.txt	F	5906.up-f8d1e70c6a52.txt	F	1324	664	660	11	15	0
5906.up-839c85982253.txt	F	5906.up-f8d1e70c6a52.txt	R	1324	664	660	11	15	0
5906.up-839c85982253.txt	R	5906.up-590fe2cb2c21.txt	F	1324	664	660	11	15	0
5906.up-839c85982253.txt	R	5906.up-590fe2cb2c21.txt	R	1324	664	660	11	15	0
5906.up-839c85982253.txt	R	5906.up-7f9a93193f10.txt	F	1324	664	660	11	15	0
5906.up-839c85982253.txt	R	5906.up-7f9a93193f10.txt	R	1324	664	660	11	15	0
5906.up-839c85982253.txt	R	5906.up-f8d1e70c6a52.txt	F	1324	664	660	11	15	0
5906.up-839c85982253.txt	R	5906.up-f8d1e70c6a52.txt	R	1324	664	660	11	15	0
5906.up-839c85982253.txt	F	5906.up-55058cab6cba.txt	F	1332	666	666	14	14	0
5906.up-839c85982253.txt	F	5906.up-55058cab6cba.txt	R	1332	666	666	14	14	0
5906.up-839c85982253.txt	R	5906.up-55058cab6cba.txt	F	1332	666	666	14	14	0
5906.up-839c85982253.txt	R	5906.up-55058cab6cba.txt	R	1332	666	666	14	14	0
5906.up-839c85982253.txt	F	5906.up-1b0920685429.txt	F	1344	672	672	14	14	0
5906.up-839c85982253.txt	F	5906.up-1b0920685429.txt	R	1344	672	672	14	14	0
5906.up-839c85982253.txt	R	5906.up-1b0920685429.txt	F	1344	672	672	14	14	0
5906.up-839c85982253.txt	R	5906.up-1b0920685429.txt	R	1344	672	672	14	14	0
5906.up-839c85982253.txt	F	5906.lswap-f4c2deec7c96.txt	F	1352	677	675	17	19	0
5906.up-839c85982253.txt	R	5906.lswap-f4c2deec7c96.txt	F	1352	677	675	17	19	0
5906.up-839c85982253.txt	F	5906.rbnd-0dad091b8ac4.txt	F	1353	677	676	17	18	0
5906.up-839c85982253.txt	R	5906.rbnd-0dad091b8ac4.txt	F	1353	677	676	17	18	0
5906.up-839c85982253.txt	F	5906.lswap-f4c2deec7c96.txt	R	1388	695	693	17	19	0
5906.up-839c85982253.txt	F	5906.up-331228e22360.txt	F	1388	695	693	17	19	0
5906.up-839c85982253.txt	F	5906.up-331228e22360.txt	R	1388	695	693	17	19	0
5906.up-839c85982253.txt	R	5906.lswap-f4c2deec7c96.txt	R	1388	695	693	17	19	0
5906.up-839c85982253.txt	R	5906.up-331228e22360.txt	F	1388	695	693	17	19	0
5906.up-839c85982253.txt	R	5906.up-331228e22360.txt	R	1388	695	693	17	19	0
5906.up-839c85982253.txt	F	5906.rbnd-2641d60c9d5c.txt	R	1389	695	694	17	18	0
5906.up-839c85982253.txt	F	5906.rbnd-c44d48fbd52c.txt	F	1389	695	694	17	18	0
5906.up-839c85982253.txt	R	5906.rbnd-2641d60c9d5c.txt	R	1389	695	694	17	18	0
5906.up-839c85982253.txt	R	5906.rbnd-c44d48fbd52c.txt	F	1389	695	694	17	18	0
5906.up-839c85982253.txt	F	5906.up-1b8244ba04bb.txt	F	1406	706	700	14	20	0
5906.up-839c85982253.txt	F	5906.up-1b8244ba04bb.txt	R	1406	706	700	14	20	0
5906.up-839c85982253.txt	R	5906.up-1b8244ba04bb.txt	F	1406	706	700	14	20	0
5906.up-839c85982253.txt	R	5906.up-1b8244ba04bb.txt	R	1406	706	700	14	20	0
5906.up-839c85982253.txt	F	5906.lswap-1f8e06e3e616.txt	F	1407	706	701	11	16	0
5906.up-839c85982253.txt	F	5906.lswap-760f8ed53670.txt	R	1407	706	701	11	16	0
5906.up-839c85982253.txt	R	5906.lswap-1f8e06e3e616.txt	F	1407	706	701	11	16	0
5906.up-839c85982253.txt	R	5906.lswap-760f8ed53670.txt	R	1407	706	701	11	16	0
5906.up-839c85982253.txt	F	5906.lswap-0d13fc4a8a4a.txt	F	1408	706	702	11	15	0
5906.up-839c85982253.txt	R	5906.lswap-0d13fc4a8a4a.txt	F	1408	706	702	11	15	0
5906.up-839c85982253.txt	F	5906.i4a-66637a3b8941.txt	F	1419	712	707	11	16	0
5906.up-839c85982253.txt	F	5906.i4a-66637a3b8941.txt	R	1419	712	707	11	16	0
5906.up-839c85982253.txt	F	5906.i4a-7f46c8149026.txt	F	1419	712	707	11	16	0
5906.up-839c85982253.txt	F	5906.i4a-7f46c8149026.txt	R	1419	712	707	11	16	0
5906.up-839c85982253.txt	R	5906.i4a-66637a3b8941.txt	F	1419	712	707	11	16	0
5906.up-839c85982253.txt	R	5906.i4a-66637a3b8941.txt	R	1419	712	707	11	16	0
5906.up-839c85982253.txt	R	5906.i4a-7f46c8149026.txt	F	1419	712	707	11	16	0
5906.up-839c85982253.txt	R	5906.i4a-7f46c8149026.txt	R	1419	712	707	11	16	0
5906.up-839c85982253.txt	F	5906.up-1206598d1ff0.txt	F	1420	712	708	11	15	0
5906.up-839c85982253.txt	F	5906.up-1206598d1ff0.txt	R	1420	712	708	11	15	0
5906.up-839c85982253.txt	F	5906.up-6a142cb8e27d.txt	F	1420	712	708	11	15	0
5906.up-839c85982253.txt	F	5906.up-6a142cb8e27d.txt	R	1420	712	708	11	15	0
5906.up-839c85982253.txt	R	5906.up-1206598d1ff0.txt	F	1420	712	708	11	15	0
5906.up-839c85982253.txt	R	5906.up-1206598d1ff0.txt	R	1420	712	708	11	15	0
5906.up-839c85982253.txt	R	5906.up-6a142cb8e27d.txt	F	1420	712	708	11	15	0
5906.up-839c85982253.txt	R	5906.up-6a142cb8e27d.txt	R	1420	712	708	11	15	0
5906.up-839c85982253.txt	F	5906.i4a-c1080e26f60c.txt	F	1431	718	713	11	16	0
5906.up-839c85982253.txt	F	5906.i4a-c1080e26f60c.txt	R	1431	718	713	11	16	0
5906.up-839c85982253.txt	F	5906.lswap-1f8e06e3e616.txt	R	1431	718	713	11	16	0
5906.up-839c85982253.txt	F	5906.lswap-6dc582bac458.txt	R	1431	718	713	11	16	0
5906.up-839c85982253.txt	F	5906.lswap-760f8ed53670.txt	F	1431	718	713	11	16	0
5906.up-839c85982253.txt	F	5906.lswap-ebd38bf2c1cd.txt	F	1431	718	713	11	16	0
5906.up-839c85982253.txt	R	5906.i4a-c1080e26f60c.txt	F	1431	718	713	11	16	0
5906.up-839c85982253.txt	R	5906.i4a-c1080e26f60c.txt	R	1431	718	713	11	16	0
5906.up-839c85982253.txt	R	5906.lswap-1f8e06e3e616.txt	R	1431	718	713	11	16	0
5906.up-839c85982253.txt	R	5906.lswap-6dc582bac458.txt	R	1431	718	713	11	16	0
5906.up-839c85982253.txt	R	5906.lswap-760f8ed53670.txt	F	1431	718	713	11	16	0
5906.up-839c85982253.txt	R	5906.lswap-ebd38bf2c1cd.txt	F	1431	718	713	11	16	0
5906.up-839c85982253.txt	F	5906.lswap-0d13fc4a8a4a.txt	R	1432	718	714	11	15	0
5906.up-839c85982253.txt	F	5906.lswap-cf8339eb5ca7.txt	F	1432	718	714	11	15	0
5906.up-839c85982253.txt	F	5906.up-56126e7237c3.txt	F	1432	718	714	11	15	0
5906.up-839c85982253.txt	F	5906.up-56126e7237c3.txt	R	1432	718	714	11	15	0
5906.up-839c85982253.txt	R	5906.lswap-0d13fc4a8a4a.txt	R	1432	718	714	11	15	0
5906.up-839c85982253.txt	R	5906.lswap-cf8339eb5ca7.txt	F	1432	718	714	11	15	0
5906.up-839c85982253.txt	R	5906.up-56126e7237c3.txt	F	1432	718	714	11	15	0
5906.up-839c85982253.txt	R	5906.up-56126e7237c3.txt	R	1432	718	714	11	15	0
5906.up-839c85982253.txt	F	5906.up-8b8c8916a24a.txt	F	1436	719	717	17	19	0
5906.up-839c85982253.txt	F	5906.up-8b8c8916a24a.txt	R	1436	719	717	17	19	0
5906.up-839c85982253.txt	R	5906.up-8b8c8916a24a.txt	F	1436	719	717	17	19	0
5906.up-839c85982253.txt	R	5906.up-8b8c8916a24a.txt	R	1436	719	717	17	19	0
5906.up-839c85982253.txt	F	5906.rbnd-e9623244f6b1.txt	F	1437	719	718	17	18	0
5906.up-839c85982253.txt	R	5906.rbnd-e9623244f6b1.txt	F	1437	719	718	17	18	0
5906.up-839c85982253.txt	F	5906.i4a-e0f3de4ca026.txt	F	1451	728	723	11	16	0
5906.up-839c85982253.txt	F	5906.i4a-e0f3de4ca026.txt	R	1451	728	723	11	16	0
5906.up-839c85982253.txt	R	5906.i4a-e0f3de4ca026.txt	F	1451	728	723	11	16	0
5906.up-839c85982253.txt	R	5906.i4a-e0f3de4ca026.txt	R	1451	728	723	11	16	0
5906.up-839c85982253.txt	F	5906.up-df8c9033249e.txt	F	1452	728	724	11	15	0
5906.up-839c85982253.txt	F	5906.up-df8c9033249e.txt	R	1452	728	724	11	15	0
5906.up-839c85982253.txt	R	5906.up-df8c9033249e.txt	F	1452	728	724	11	15	0
5906.up-839c85982253.txt	R	5906.up-df8c9033249e.txt	R	1452	728	724	11	15	0
5906.up-839c85982253.txt	F	5906.i4a-29c55ed5fbf6.txt	F	1467	736	731	11	16	0
5906.up-839c85982253.txt	F	5906.i4a-29c55ed5fbf6.txt	R	1467	736	731	11	16	0
5906.up-839c85982253.txt	F	5906.lswap-6dc582bac458.txt	F	1467	736	731	11	16	0
5906.up-839c85982253.txt	F	5906.lswap-ebd38bf2c1cd.txt	R	1467	736	731	11	16	0
5906.up-839c85982253.txt	R	5906.i4a-29c55ed5fbf6.txt	F	1467	736	731	11	16	0
5906.up-839c85982253.txt	R	5906.i4a-29c55ed5fbf6.txt	R	1467	736	731	11	16	0
5906.up-839c85982253.txt	R	5906.lswap-6dc582bac458.txt	F	1467	736	731	11	16	0
5906.up-839c85982253.txt	R	5906.lswap-ebd38bf2c1cd.txt	R	1467	736	731	11	16	0
5906.up-839c85982253.txt	F	5906.lswap-cf8339eb5ca7.txt	R	1468	736	732	11	15	0
5906.up-839c85982253.txt	F	5906.up-bd458e7fc19e.txt	F	1468	736	732	11	15	0
5906.up-839c85982253.txt	F	5906.up-bd458e7fc19e.txt	R	1468	736	732	11	15	0
5906.up-839c85982253.txt	R	5906.lswap-cf8339eb5ca7.txt	R	1468	736	732	11	15	0
5906.up-839c85982253.txt	R	5906.up-bd458e7fc19e.txt	F	1468	736	732	11	15	0
5906.up-839c85982253.txt	R	5906.up-bd458e7fc19e.txt	R	1468	736	732	11	15	0
5906.up-c2286e4674af.txt	F	5906.up-6a8f7756517b.txt	F	600	300	300	0	0	0
5906.up-c2286e4674af.txt	F	5906.up-6a8f7756517b.txt	R	600	300	300	0	0	0
5906.up-c2286e4674af.txt	R	5906.up-6a8f7756517b.txt	F	600	300	300	0	0	0
5906.up-c2286e4674af.txt	R	5906.up-6a8f7756517b.txt	R	600	300	300	0	0	0
5906.up-c2286e4674af.txt	F	5906.up-5ce87c54ecea.txt	F	648	324	324	0	0	0
5906.up-c2286e4674af.txt	F	5906.up-5ce87c54ecea.txt	R	648	324	324	0	0	0
5906.up-c2286e4674af.txt	R	5906.up-5ce87c54ecea.txt	F	648	324	324	0	0	0
5906.up-c2286e4674af.txt	R	5906.up-5ce87c54ecea.txt	R	648	324	324	0	0	0
5906.up-c2286e4674af.txt	F	5906.lswap-c55c2b0fbb0f.txt	F	696	348	348	0	0	0
5906.up-c2286e4674af.txt	F	5906.lswap-c55c2b0fbb0f.txt	R	696	348	348	0	0	0
5906.up-c2286e4674af.txt	R	5906.lswap-c55c2b0fbb0f.txt	F	696	348	348	0	0	0
5906.up-c2286e4674af.txt	R	5906.lswap-c55c2b0fbb0f.txt	R	696	348	348	0	0	0
5906.up-c2286e4674af.txt	F	5906.up-a00b3e52965d.txt	F	744	372	372	0	0	0
5906.up-c2286e4674af.txt	F	5906.up-a00b3e52965d.txt	R	744	372	372	0	0	0
5906.up-c2286e4674af.txt	R	5906.up-a00b3e52965d.txt	F	744	372	372	0	0	0
5906.up-c2286e4674af.txt	R	5906.up-a00b3e52965d.txt	R	744	372	372	0	0	0
5906.up-c2286e4674af.txt	F	5906.up-e8da0f18269f.txt	F	816	408	408	0	0	0
5906.up-c2286e4674af.txt	F	5906.up-e8da0f18269f.txt	R	816	408	408	0	0	0
5906.up-c2286e4674af.txt	R	5906.up-e8da0f18269f.txt	F	816	408	408	0	0	0
5906.up-c2286e4674af.txt	R	5906.up-e8da0f18269f.txt	R	816	408	408	0	0	0
5906.up-c2286e4674af.txt	F	5906.up-6773ff05a318.txt	F	840	420	420	0	0	0
5906.up-c2286e4674af.txt	F	5906.up-6773ff05a318.txt	R	840	420	420	0	0	0
5906.up-c2286e4674af.txt	F	5906.up-abe33e328763.txt	F	840	420	420	0	0	0
5906.up-c2286e4674af.txt	F	5906.up-abe33e328763.txt	R	840	420	420	0	0	0
5906.up-c2286e4674af.txt	R	5906.up-6773ff05a318.txt	F	840	420	420	0	0	0
5906.up-c2286e4674af.txt	R	5906.up-6773ff05a318.txt	R	840	420	420	0	0	0
5906.up-c2286e4674af.txt	R	5906.up-abe33e328763.txt	F	840	420	420	0	0	0
5906.up-c2286e4674af.txt	R	5906.up-abe33e328763.txt	R	840	420	420	0	0	0
5906.up-c2286e4674af.txt	F	5906.up-2cb6c1139592.txt	F	864	432	432	0	0	0
5906.up-c2286e4674af.txt	F	5906.up-2cb6c1139592.txt	R	864	432	432	0	0	0
5906.up-c2286e4674af.txt	F	5906.up-3de4f10d5095.txt	F	864	432	432	0	0	0
5906.up-c2286e4674af.txt	F	5906.up-3de4f10d5095.txt	R	864	432	432	0	0	0
5906.up-c2286e4674af.txt	F	5906.up-7824c044436e.txt	F	864	432	432	0	0	0
5906.up-c2286e4674af.txt	F	5906.up-7824c044436e.txt	R	864	432	432	0	0	0
5906.up-c2286e4674af.txt	F	5906.up-95ffff5c765c.txt	F	864	432	432	0	0	0
5906.up-c2286e4674af.txt	F	5906.up-95ffff5c765c.txt	R	864	432	432	0	0	0
5906.up-c2286e4674af.txt	F	5906.up-b2d6bec1e3bd.txt	F	864	432	432	0	0	0
5906.up-c2286e4674af.txt	F	5906.up-b2d6bec1e3bd.txt	R	864	432	432	0	0	0
5906.up-c2286e4674af.txt	F	5906.up-cad80abdf334.txt	F	864	432	432	0	0	0
5906.up-c2286e4674af.txt	F	5906.up-cad80abdf334.txt	R	864	432	432	0	0	0
5906.up-c2286e4674af.txt	R	5906.up-2cb6c1139592.txt	F	864	432	432	0	0	0
5906.up-c2286e4674af.txt	R	5906.up-2cb6c1139592.txt	R	864	432	432	0	0	0
5906.up-c2286e4674af.txt	R	5906.up-3de4f10d5095.txt	F	864	432	432	0	0	0
5906.up-c2286e4674af.txt	R	5906.up-3de4f10d5095.txt	R	864	432	432	0	0	0
5906.up-c2286e4674af.txt	R	5906.up-7824c044436e.txt	F	864	432	432	0	0	0
5906.up-c2286e4674af.txt	R	5906.up-7824c044436e.txt	R	864	432	432	0	0	0
5906.up-c2286e4674af.txt	R	5906.up-95ffff5c765c.txt	F	864	432	432	0	0	0
5906.up-c2286e4674af.txt	R	5906.up-95ffff5c765c.txt	R	864	432	432	0	0	0
5906.up-c2286e4674af.txt	R	5906.up-b2d6bec1e3bd.txt	F	864	432	432	0	0	0
5906.up-c2286e4674af.txt	R	5906.up-b2d6bec1e3bd.txt	R	864	432	432	0	0	0
5906.up-c2286e4674af.txt	R	5906.up-cad80abdf334.txt	F	864	432	432	0	0	0
5906.up-c2286e4674af.txt	R	5906.up-cad80abdf334.txt	R	864	432	432	0	0	0
5906.up-c2286e4674af.txt	F	5906.lswap-0de54c0a7bb6.txt	F	876	438	438	0	0	0
5906.up-c2286e4674af.txt	F	5906.lswap-0de54c0a7bb6.txt	R	876	438	438	0	0	0
5906.up-c2286e4674af.txt	F	5906.lswap-1e70957354f1.txt	F	876	438	438	0	0	0
5906.up-c2286e4674af.txt	F	5906.lswap-1e70957354f1.txt	R	876	438	438	0	0	0
5906.up-c2286e4674af.txt	F	5906.lswap-3c791ffa671d.txt	F	876	438	438	0	0	0
5906.up-c2286e4674af.txt	F	5906.lswap-3c791ffa671d.txt	R	876	438	438	0	0	0
5906.up-c2286e4674af.txt	F	5906.lswap-cae9c3b46793.txt	F	876	438	438	0	0	0
5906.up-c2286e4674af.txt	F	5906.lswap-cae9c3b46793.txt	R	876	438	438	0	0	0
5906.up-c2286e4674af.txt	R	5906.lswap-0de54c0a7bb6.txt	F	876	438	438	0	0	0
5906.up-c2286e4674af.txt	R	5906.lswap-0de54c0a7bb6.txt	R	876	438	438	0	0	0
5906.up-c2286e4674af.txt	R	5906.lswap-1e70957354f1.txt	F	876	438	438	0	0	0
5906.up-c2286e4674af.txt	R	5906.lswap-1e70957354f1.txt	R	876	438	438	0	0	0
5906.up-c2286e4674af.txt	R	5906.lswap-3c791ffa671d.txt	F	876	438	438	0	0	0
5906.up-c2286e4674af.txt	R	5906.lswap-3c791ffa671d.txt	R	876	438	438	0	0	0
5906.up-c2286e4674af.txt	R	5906.lswap-cae9c3b46793.txt	F	876	438	438	0	0	0
5906.up-c2286e4674af.txt	R	5906.lswap-cae9c3b46793.txt	R	876	438	438	0	0	0
5906.up-c2286e4674af.txt	F	5906.lswap-73851215f718.txt	F	888	444	444	0	0	0
5906.up-c2286e4674af.txt	F	5906.lswap-73851215f718.txt	R	888	444	444	0	0	0
5906.up-c2286e4674af.txt	F	5906.lswap-7602ba885180.txt	F	888	444	444	0	0	0
5906.up-c2286e4674af.txt	F	5906.lswap-7602ba885180.txt	R	888	444	444	0	0	0
5906.up-c2286e4674af.txt	F	5906.lswap-821102adfff8.txt	F	888	444	444	0	0	0
5906.up-c2286e4674af.txt	F	5906.lswap-821102adfff8.txt	R	888	444	444	0	0	0
5906.up-c2286e4674af.txt	F	5906.lswap-f6dbf9989449.txt	F	888	444	444	0	0	0
5906.up-c2286e4674af.txt	F	5906.lswap-f6dbf9989449.txt	R	888	444	444	0	0	0
5906.up-c2286e4674af.txt	F	5906.up-168d62e1a9d1.txt	F	888	444	444	0	0	0
5906.up-c2286e4674af.txt	F	5906.up-168d62e1a9d1.txt	R	888	444	444	0	0	0
5906.up-c2286e4674af.txt	F	5906.up-23ca8a9bcc81.txt	F	888	444	444	0	0	0
5906.up-c2286e4674af.txt	F	5906.up-23ca8a9bcc81.txt	R	888	444	444	0	0	0
5906.up-c2286e4674af.txt	F	5906.up-7c111e182316.txt	F	888	444	444	0	0	0
5906.up-c2286e4674af.txt	F	5906.up-7c111e182316.txt	R	888	444	444	0	0	0
5906.up-c2286e4674af.txt	F	5906.up-a235b0e09b6c.txt	F	888	444	444	0	0	0
5906.up-c2286e4674af.txt	F	5906.up-a235b0e09b6c.txt	R	888	444	444	0	0	0
5906.up-c2286e4674af.txt	F	5906.up-dab493384582.txt	F	888	444	444	0	0	0
5906.up-c2286e4674af.txt	F	5906.up-dab493384582.txt	R	888	444	444	0	0	0
5906.up-c2286e4674af.txt	F	5906.up-e132c7a7c340.txt	F	888	444	444	0	0	0
5906.up-c2286e4674af.txt	F	5906.up-e132c7a7c340.txt	R	888	444	444	0	0	0
5906.up-c2286e4674af.txt	F	5906.up-eebb02e3baec.txt	F	888	444	444	0	0	0
5906.up-c2286e4674af.txt	F	5906.up-eebb02e3baec.txt	R	888	444	444	0	0	0
5906.up-c2286e4674af.txt	R	5906.lswap-73851215f718.txt	F	888	444	444	0	0	0
5906.up-c2286e4674af.txt	R	5906.lswap-73851215f718.txt	R	888	444	444	0	0	0
5906.up-c2286e4674af.txt	R	5906.lswap-7602ba885180.txt	F	888	444	444	0	0	0
5906.up-c2286e4674af.txt	R	5906.lswap-7602ba885180.txt	R	888	444	444	0	0	0
5906.up-c2286e4674af.txt	R	5906.lswap-821102adfff8.txt	F	888	444	444	0	0	0
5906.up-c2286e4674af.txt	R	5906.lswap-821102adfff8.txt	R	888	444	444	0	0	0
5906.up-c2286e4674af.txt	R	5906.lswap-f6dbf9989449.txt	F	888	444	444	0	0	0
5906.up-c2286e4674af.txt	R	5906.lswap-f6dbf9989449.txt	R	888	444	444	0	0	0
5906.up-c2286e4674af.txt	R	5906.up-168d62e1a9d1.txt	F	888	444	444	0	0	0
5906.up-c2286e4674af.txt	R	5906.up-168d62e1a9d1.txt	R	888	444	444	0	0	0
5906.up-c2286e4674af.txt	R	5906.up-23ca8a9bcc81.txt	F	888	444	444	0	0	0
5906.up-c2286e4674af.txt	R	5906.up-23ca8a9bcc81.txt	R	888	444	444	0	0	0
5906.up-c2286e4674af.txt	R	5906.up-7c111e182316.txt	F	888	444	444	0	0	0
5906.up-c2286e4674af.txt	R	5906.up-7c111e182316.txt	R	888	444	444	0	0	0
5906.up-c2286e4674af.txt	R	5906.up-a235b0e09b6c.txt	F	888	444	444	0	0	0
5906.up-c2286e4674af.txt	R	5906.up-a235b0e09b6c.txt	R	888	444	444	0	0	0
5906.up-c2286e4674af.txt	R	5906.up-dab493384582.txt	F	888	444	444	0	0	0
5906.up-c2286e4674af.txt	R	5906.up-dab493384582.txt	R	888	444	444	0	0	0
5906.up-c2286e4674af.txt	R	5906.up-e132c7a7c340.txt	F	888	444	444	0	0	0
5906.up-c2286e4674af.txt	R	5906.up-e132c7a7c340.txt	R	888	444	444	0	0	0
5906.up-c2286e4674af.txt	R	5906.up-eebb02e3baec.txt	F	888	444	444	0	0	0
5906.up-c2286e4674af.txt	R	5906.up-eebb02e3baec.txt	R	888	444	444	0	0	0
5906.up-c2286e4674af.txt	F	5906.rbnd-e9623244f6b1.txt	R	889	445	444	0	1	0
5906.up-c2286e4674af.txt	R	5906.rbnd-e9623244f6b1.txt	R	889	445	444	0	1	0
5906.up-c2286e4674af.txt	F	5906.lswap-2fb529601be6.txt	F	900	450	450	0	0	0
5906.up-c2286e4674af.txt	F	5906.lswap-2fb529601be6.txt	R	900	450	450	0	0	0
5906.up-c2286e4674af.txt	F	5906.lswap-41a210488ac9.txt	F	900	450	450	0	0	0
5906.up-c2286e4674af.txt	F	5906.lswap-41a210488ac9.txt	R	900	450	450	0	0	0
5906.up-c2286e4674af.txt	F	5906.lswap-423441640591.txt	F	900	450	450	0	0	0
5906.up-c2286e4674af.txt	F	5906.lswap-423441640591.txt	R	900	450	450	0	0	0
5906.up-c2286e4674af.txt	F	5906.lswap-469763027c57.txt	F	900	450	450	0	0	0
5906.up-c2286e4674af.txt	F	5906.lswap-469763027c57.txt	R	900	450	450	0	0	0
5906.up-c2286e4674af.txt	F	5906.lswap-964ebce5847f.txt	F	900	450	450	0	0	0
5906.up-c2286e4674af.txt	F	5906.lswap-964ebce5847f.txt	R	900	450	450	0	0	0
5906.up-c2286e4674af.txt	F	5906.lswap-aea48ef05d9e.txt	F	900	450	450	0	0	0
5906.up-c2286e4674af.txt	F	5906.lswap-aea48ef05d9e.txt	R	900	450	450	0	0	0
5906.up-c2286e4674af.txt	F	5906.lswap-f8f86258580e.txt	F	900	450	450	0	0	0
5906.up-c2286e4674af.txt	F	5906.lswap-f8f86258580e.txt	R	900	450	450	0	0	0
5906.up-c2286e4674af.txt	R	5906.lswap-2fb529601be6.txt	F	900	450	450	0	0	0
5906.up-c2286e4674af.txt	R	5906.lswap-2fb529601be6.txt	R	900	450	450	0	0	0
5906.up-c2286e4674af.txt	R	5906.lswap-41a210488ac9.txt	F	900	450	450	0	0	0
5906.up-c2286e4674af.txt	R	5906.lswap-41a210488ac9.txt	R	900	450	450	0	0	0
5906.up-c2286e4674af.txt	R	5906.lswap-423441640591.txt	F	900	450	450	0	0	0
5906.up-c2286e4674af.txt	R	5906.lswap-423441640591.txt	R	900	450	450	0	0	0
5906.up-c2286e4674af.txt	R	5906.lswap-469763027c57.txt	F	900	450	450	0	0	0
5906.up-c2286e4674af.txt	R	5906.lswap-469763027c57.txt	R	900	450	450	0	0	0
5906.up-c2286e4674af.txt	R	5906.lswap-964ebce5847f.txt	F	900	450	450	0	0	0
5906.up-c2286e4674af.txt	R	5906.lswap-964ebce5847f.txt	R	900	450	450	0	0	0
5906.up-c2286e4674af.txt	R	5906.lswap-aea48ef05d9e.txt	F	900	450	450	0	0	0
5906.up-c2286e4674af.txt	R	5906.lswap-aea48ef05d9e.txt	R	900	450	450	0	0	0
5906.up-c2286e4674af.txt	R	5906.lswap-f8f86258580e.txt	F	900	450	450	0	0	0
5906.up-c2286e4674af.txt	R	5906.lswap-f8f86258580e.txt	R	900	450	450	0	0	0
5906.up-c2286e4674af.txt	F	5906.lswap-5a55d1641a86.txt	F	912	456	456	0	0	0
5906.up-c2286e4674af.txt	F	5906.lswap-5a55d1641a86.txt	R	912	456	456	0	0	0
5906.up-c2286e4674af.txt	F	5906.lswap-6f6f375dca74.txt	F	912	456	456	0	0	0
5906.up-c2286e4674af.txt	F	5906.lswap-6f6f375dca74.txt	R	912	456	456	0	0	0
5906.up-c2286e4674af.txt	F	5906.lswap-b12d38608f09.txt	F	912	456	456	0	0	0
5906.up-c2286e4674af.txt	F	5906.lswap-b12d38608f09.txt	R	912	456	456	0	0	0
5906.up-c2286e4674af.txt	F	5906.lswap-d515e64b87be.txt	F	912	456	456	0	0	0
5906.up-c2286e4674af.txt	F	5906.lswap-d515e64b87be.txt	R	912	456	456	0	0	0
5906.up-c2286e4674af.txt	F	5906.lswap-e0920da719d9.txt	F	912	456	456	0	0	0
5906.up-c2286e4674af.txt	F	5906.lswap-e0920da719d9.txt	R	912	456	456	0	0	0
5906.up-c2286e4674af.txt	F	5906.up-454308027985.txt	F	912	456	456	0	0	0
5906.up-c2286e4674af.txt	F	5906.up-454308027985.txt	R	912	456	456	0	0	0
5906.up-c2286e4674af.txt	F	5906.up-aed220b1ebc4.txt	F	912	456	456	0	0	0
5906.up-c2286e4674af.txt	F	5906.up-aed220b1ebc4.txt	R	912	456	456	0	0	0
5906.up-c2286e4674af.txt	F	5906.up-e948752d6a32.txt	F	912	456	456	0	0	0
5906.up-c2286e4674af.txt	F	5906.up-e948752d6a32.txt	R	912	456	456	0	0	0
5906.up-c2286e4674af.txt	R	5906.lswap-5a55d1641a86.txt	F	912	456	456	0	0	0
5906.up-c2286e4674af.txt	R	5906.lswap-5a55d1641a86.txt	R	912	456	456	0	0	0
5906.up-c2286e4674af.txt	R	5906.lswap-6f6f375dca74.txt	F	912	456	456	0	0	0
5906.up-c2286e4674af.txt	R	5906.lswap-6f6f375dca74.txt	R	912	456	456	0	0	0
5906.up-c2286e4674af.txt	R	5906.lswap-b12d38608f09.txt	F	912	456	456	0	0	0
5906.up-c2286e4674af.txt	R	5906.lswap-b12d38608f09.txt	R	912	456	456	0	0	0
5906.up-c2286e4674af.txt	R	5906.lswap-d515e64b87be.txt	F	912	456	456	0	0	0
5906.up-c2286e4674af.txt	R	5906.lswap-d515e64b87be.txt	R	912	456	456	0	0	0
5906.up-c2286e4674af.txt	R	5906.lswap-e0920da719d9.txt	F	912	456	456	0	0	0
5906.up-c2286e4674af.txt	R	5906.lswap-e0920da719d9.txt	R	912	456	456	0	0	0
5906.up-c2286e4674af.txt	R	5906.up-454308027985.txt	F	912	456	456	0	0	0
5906.up-c2286e4674af.txt	R	5906.up-454308027985.txt	R	912	456	456	0	0	0
5906.up-c2286e4674af.txt	R	5906.up-aed220b1ebc4.txt	F	912	456	456	0	0	0
5906.up-c2286e4674af.txt	R	5906.up-aed220b1ebc4.txt	R	912	456	456	0	0	0
5906.up-c2286e4674af.txt	R	5906.up-e948752d6a32.txt	F	912	456	456	0	0	0
5906.up-c2286e4674af.txt	R	5906.up-e948752d6a32.txt	R	912	456	456	0	0	0
5906.up-c2286e4674af.txt	F	5906.lswap-17946ea8ba63.txt	F	924	462	462	0	0	0
5906.up-c2286e4674af.txt	F	5906.lswap-17946ea8ba63.txt	R	924	462	462	0	0	0
5906.up-c2286e4674af.txt	F	5906.lswap-3b4f2e286e0c.txt	F	924	462	462	0	0	0
5906.up-c2286e4674af.txt	F	5906.lswap-3b4f2e286e0c.txt	R	924	462	462	0	0	0
5906.up-c2286e4674af.txt	F	5906.lswap-3baeeea281f2.txt	F	924	462	462	0	0	0
5906.up-c2286e4674af.txt	F	5906.lswap-3baeeea281f2.txt	R	924	462	462	0	0	0
5906.up-c2286e4674af.txt	F	5906.lswap-5228890279ca.txt	F	924	462	462	0	0	0
5906.up-c2286e4674af.txt	F	5906.lswap-5228890279ca.txt	R	924	462	462	0	0	0
5906.up-c2286e4674af.txt	F	5906.lswap-6008b60b1c2c.txt	F	924	462	462	0	0	0
5906.up-c2286e4674af.txt	F	5906.lswap-6008b60b1c2c.txt	R	924	462	462	0	0	0
5906.up-c2286e4674af.txt	F	5906.lswap-6d7ea156bdcc.txt	F	924	462	462	0	0	0
5906.up-c2286e4674af.txt	F	5906.lswap-6d7ea156bdcc.txt	R	924	462	462	0	0	0
5906.up-c2286e4674af.txt	F	5906.lswap-a28e203d65dc.txt	F	924	462	462	0	0	0
5906.up-c2286e4674af.txt	F	5906.lswap-a28e203d65dc.txt	R	924	462	462	0	0	0
5906.up-c2286e4674af.txt	F	5906.lswap-be4759bc731a.txt	F	924	462	462	0	0	0
5906.up-c2286e4674af.txt	F	5906.lswap-be4759bc731a.txt	R	924	462	462	0	0	0
5906.up-c2286e4674af.txt	R	5906.lswap-17946ea8ba63.txt	F	924	462	462	0	0	0
5906.up-c2286e4674af.txt	R	5906.lswap-17946ea8ba63.txt	R	924	462	462	0	0	0
5906.up-c2286e4674af.txt	R	5906.lswap-3b4f2e286e0c.txt	F	924	462	462	0	0	0
5906.up-c2286e4674af.txt	R	5906.lswap-3b4f2e286e0c.txt	R	924	462	462	0	0	0
5906.up-c2286e4674af.txt	R	5906.lswap-3baeeea281f2.txt	F	924	462	462	0	0	0
5906.up-c2286e4674af.txt	R	5906.lswap-3baeeea281f2.txt	R	924	462	462	0	0	0
5906.up-c2286e4674af.txt	R	5906.lswap-5228890279ca.txt	F	924	462	462	0	0	0
5906.up-c2286e4674af.txt	R	5906.lswap-5228890279ca.txt	R	924	462	462	0	0	0
5906.up-c2286e4674af.txt	R	5906.lswap-6008b60b1c2c.txt	F	924	462	462	0	0	0
5906.up-c2286e4674af.txt	R	5906.lswap-6008b60b1c2c.txt	R	924	462	462	0	0	0
5906.up-c2286e4674af.txt	R	5906.lswap-6d7ea156bdcc.txt	F	924	462	462	0	0	0
5906.up-c2286e4674af.txt	R	5906.lswap-6d7ea156bdcc.txt	R	924	462	462	0	0	0
5906.up-c2286e4674af.txt	R	5906.lswap-a28e203d65dc.txt	F	924	462	462	0	0	0
5906.up-c2286e4674af.txt	R	5906.lswap-a28e203d65dc.txt	R	924	462	462	0	0	0
5906.up-c2286e4674af.txt	R	5906.lswap-be4759bc731a.txt	F	924	462	462	0	0	0
5906.up-c2286e4674af.txt	R	5906.lswap-be4759bc731a.txt	R	924	462	462	0	0	0
5906.up-c2286e4674af.txt	F	5906.lswap-17203113788c.txt	F	936	468	468	0	0	0
5906.up-c2286e4674af.txt	F	5906.lswap-17203113788c.txt	R	936	468	468	0	0	0
5906.up-c2286e4674af.txt	F	5906.lswap-4a581202d46c.txt	F	936	468	468	0	0	0
5906.up-c2286e4674af.txt	F	5906.lswap-4a581202d46c.txt	R	936	468	468	0	0	0
5906.up-c2286e4674af.txt	F	5906.lswap-5764c730eaee.txt	F	936	468	468	0	0	0
5906.up-c2286e4674af.txt	F	5906.lswap-5764c730eaee.txt	R	936	468	468	0	0	0
5906.up-c2286e4674af.txt	F	5906.lswap-5a7a973564fd.txt	F	936	468	468	0	0	0
5906.up-c2286e4674af.txt	F	5906.lswap-5a7a973564fd.txt	R	936	468	468	0	0	0
5906.up-c2286e4674af.txt	F	5906.lswap-b55f23a2f470.txt	F	936	468	468	0	0	0
5906.up-c2286e4674af.txt	F	5906.lswap-b55f23a2f470.txt	R	936	468	468	0	0	0
5906.up-c2286e4674af.txt	F	5906.up-02d771908307.txt	F	936	468	468	0	0	0
5906.up-c2286e4674af.txt	F	5906.up-02d771908307.txt	R	936	468	468	0	0	0
5906.up-c2286e4674af.txt	F	5906.up-0d2e98183c29.txt	F	936	468	468	0	0	0
5906.up-c2286e4674af.txt	F	5906.up-0d2e98183c29.txt	R	936	468	468	0	0	0
5906.up-c2286e4674af.txt	F	5906.up-3ba99c5557bb.txt	F	936	468	468	0	0	0
5906.up-c2286e4674af.txt	F	5906.up-3ba99c5557bb.txt	R	936	468	468	0	0	0
5906.up-c2286e4674af.txt	F	5906.up-a838f31a7b4f.txt	F	936	468	468	0	0	0
5906.up-c2286e4674af.txt	F	5906.up-a838f31a7b4f.txt	R	936	468	468	0	0	0
5906.up-c2286e4674af.txt	F	5906.up-e65e244c83d3.txt	F	936	468	468	0	0	0
5906.up-c2286e4674af.txt	F	5906.up-e65e244c83d3.txt	R	936	468	468	0	0	0
5906.up-c2286e4674af.txt	R	5906.lswap-17203113788c.txt	F	936	468	468	0	0	0
5906.up-c2286e4674af.txt	R	5906.lswap-17203113788c.txt	R	936	468	468	0	0	0
5906.up-c2286e4674af.txt	R	5906.lswap-4a581202d46c.txt	F	936	468	468	0	0	0
5906.up-c2286e4674af.txt	R	5906.lswap-4a581202d46c.txt	R	936	468	468	0	0	0
5906.up-c2286e4674af.txt	R	5906.lswap-5764c730eaee.txt	F	936	468	468	0	0	0
5906.up-c2286e4674af.txt	R	5906.lswap-5764c730eaee.txt	R	936	468	468	0	0	0
5906.up-c2286e4674af.txt	R	5906.lswap-5a7a973564fd.txt	F	936	468	468	0	0	0
5906.up-c2286e4674af.txt	R	5906.lswap-5a7a973564fd.txt	R	936	468	468	0	0	0
5906.up-c2286e4674af.txt	R	5906.lswap-b55f23a2f470.txt	F	936	468	468	0	0	0
5906.up-c2286e4674af.txt	R	5906.lswap-b55f23a2f470.txt	R	936	468	468	0	0	0
5906.up-c2286e4674af.txt	R	5906.up-02d771908307.txt	F	936	468	468	0	0	0
5906.up-c2286e4674af.txt	R	5906.up-02d771908307.txt	R	936	468	468	0	0	0
5906.up-c2286e4674af.txt	R	5906.up-0d2e98183c29.txt	F	936	468	468	0	0	0
5906.up-c2286e4674af.txt	R	5906.up-0d2e98183c29.txt	R	936	468	468	0	0	0
5906.up-c2286e4674af.txt	R	5906.up-3ba99c5557bb.txt	F	936	468	468	0	0	0
5906.up-c2286e4674af.txt	R	5906.up-3ba99c5557bb.txt	R	936	468	468	0	0	0
5906.up-c2286e4674af.txt	R	5906.up-a838f31a7b4f.txt	F	936	468	468	0	0	0
5906.up-c2286e4674af.txt	R	5906.up-a838f31a7b4f.txt	R	936	468	468	0	0	0
5906.up-c2286e4674af.txt	R	5906.up-e65e244c83d3.txt	F	936	468	468	0	0	0
5906.up-c2286e4674af.txt	R	5906.up-e65e244c83d3.txt	R	936	468	468	0	0	0
5906.up-c2286e4674af.txt	F	5906.lswap-49fc63d034f2.txt	F	948	474	474	0	0	0
5906.up-c2286e4674af.txt	F	5906.lswap-49fc63d034f2.txt	R	948	474	474	0	0	0
5906.up-c2286e4674af.txt	F	5906.lswap-68a263f18066.txt	F	948	474	474	0	0	0
5906.up-c2286e4674af.txt	F	5906.lswap-68a263f18066.txt	R	948	474	474	0	0	0
5906.up-c2286e4674af.txt	F	5906.lswap-6bd82af50a4e.txt	F	948	474	474	0	0	0
5906.up-c2286e4674af.txt	F	5906.lswap-6bd82af50a4e.txt	R	948	474	474	0	0	0
5906.up-c2286e4674af.txt	F	5906.lswap-cf5ecb0e9ecc.txt	F	948	474	474	0	0	0
5906.up-c2286e4674af.txt	F	5906.lswap-cf5ecb0e9ecc.txt	R	948	474	474	0	0	0
5906.up-c2286e4674af.txt	F	5906.lswap-eeb9a73f4b33.txt	F	948	474	474	0	0	0
5906.up-c2286e4674af.txt	F	5906.lswap-eeb9a73f4b33.txt	R	948	474	474	0	0	0
5906.up-c2286e4674af.txt	R	5906.lswap-49fc63d034f2.txt	F	948	474	474	0	0	0
5906.up-c2286e4674af.txt	R	5906.lswap-49fc63d034f2.txt	R	948	474	474	0	0	0
5906.up-c2286e4674af.txt	R	5906.lswap-68a263f18066.txt	F	948	474	474	0	0	0
5906.up-c2286e4674af.txt	R	5906.lswap-68a263f18066.txt	R	948	474	474	0	0	0
5906.up-c2286e4674af.txt	R	5906.lswap-6bd82af50a4e.txt	F	948	474	474	0	0	0
5906.up-c2286e4674af.txt	R	5906.lswap-6bd82af50a4e.txt	R	948	474	474	0	0	0
5906.up-c2286e4674af.txt	R	5906.lswap-cf5ecb0e9ecc.txt	F	948	474	474	0	0	0
5906.up-c2286e4674af.txt	R	5906.lswap-cf5ecb0e9ecc.txt	R	948	474	474	0	0	0
5906.up-c2286e4674af.txt	R	5906.lswap-eeb9a73f4b33.txt	F	948	474	474	0	0	0
5906.up-c2286e4674af.txt	R	5906.lswap-eeb9a73f4b33.txt	R	948	474	474	0	0	0
5906.up-c2286e4674af.txt	F	5906.lswap-4c179f65aa4b.txt	F	960	480	480	0	0	0
5906.up-c2286e4674af.txt	F	5906.lswap-4c179f65aa4b.txt	R	960	480	480	0	0	0
5906.up-c2286e4674af.txt	F	5906.lswap-aa52880fc9e0.txt	F	960	480	480	0	0	0
5906.up-c2286e4674af.txt	F	5906.lswap-aa52880fc9e0.txt	R	960	480	480	0	0	0
5906.up-c2286e4674af.txt	F	5906.up-14e2c7b29aae.txt	F	960	480	480	0	0	0
5906.up-c2286e4674af.txt	F	5906.up-14e2c7b29aae.txt	R	960	480	480	0	0	0
5906.up-c2286e4674af.txt	F	5906.up-4c3eef44600b.txt	F	960	480	480	0	0	0
5906.up-c2286e4674af.txt	F	5906.up-4c3eef44600b.txt	R	960	480	480	0	0	0
5906.up-c2286e4674af.txt	F	5906.up-839c85982253.txt	F	960	480	480	0	0	0
5906.up-c2286e4674af.txt	F	5906.up-839c85982253.txt	R	960	480	480	0	0	0
5906.up-c2286e4674af.txt	F	5906.up-91a0d3cd2c14.txt	F	960	480	480	0	0	0
5906.up-c2286e4674af.txt	F	5906.up-91a0d3cd2c14.txt	R	960	480	480	0	0	0
5906.up-c2286e4674af.txt	F	5906.up-9a915a83c416.txt	F	960	480	480	0	0	0
5906.up-c2286e4674af.txt	F	5906.up-9a915a83c416.txt	R	960	480	480	0	0	0
5906.up-c2286e4674af.txt	F	5906.up-d2559533f431.txt	F	960	480	480	0	0	0
5906.up-c2286e4674af.txt	F	5906.up-d2559533f431.txt	R	960	480	480	0	0	0
5906.up-c2286e4674af.txt	R	5906.lswap-4c179f65aa4b.txt	F	960	480	480	0	0	0
5906.up-c2286e4674af.txt	R	5906.lswap-4c179f65aa4b.txt	R	960	480	480	0	0	0
5906.up-c2286e4674af.txt	R	5906.lswap-aa52880fc9e0.txt	F	960	480	480	0	0	0
5906.up-c2286e4674af.txt	R	5906.lswap-aa52880fc9e0.txt	R	960	480	480	0	0	0
5906.up-c2286e4674af.txt	R	5906.up-14e2c7b29aae.txt	F	960	480	480	0	0	0
5906.up-c2286e4674af.txt	R	5906.up-14e2c7b29aae.txt	R	960	480	480	0	0	0
5906.up-c2286e4674af.txt	R	5906.up-4c3eef44600b.txt	F	960	480	480	0	0	0
5906.up-c2286e4674af.txt	R	5906.up-4c3eef44600b.txt	R	960	480	480	0	0	0
5906.up-c2286e4674af.txt	R	5906.up-839c85982253.txt	F	960	480	480	0	0	0
5906.up-c2286e4674af.txt	R	5906.up-839c85982253.txt	R	960	480	480	0	0	0
5906.up-c2286e4674af.txt	R	5906.up-91a0d3cd2c14.txt	F	960	480	480	0	0	0
5906.up-c2286e4674af.txt	R	5906.up-91a0d3cd2c14.txt	R	960	480	480	0	0	0
5906.up-c2286e4674af.txt	R	5906.up-9a915a83c416.txt	F	960	480	480	0	0	0
5906.up-c2286e4674af.txt	R	5906.up-9a915a83c416.txt	R	960	480	480	0	0	0
5906.up-c2286e4674af.txt	R	5906.up-d2559533f431.txt	F	960	480	480	0	0	0
5906.up-c2286e4674af.txt	R	5906.up-d2559533f431.txt	R	960	480	480	0	0	0
5906.up-c2286e4674af.txt	F	5906.lswap-20db05a5b51e.txt	F	972	486	486	0	0	0
5906.up-c2286e4674af.txt	F	5906.lswap-20db05a5b51e.txt	R	972	486	486	0	0	0
5906.up-c2286e4674af.txt	F	5906.lswap-52e683fb05d3.txt	F	972	486	486	0	0	0
5906.up-c2286e4674af.txt	F	5906.lswap-52e683fb05d3.txt	R	972	486	486	0	0	0
5906.up-c2286e4674af.txt	F	5906.lswap-9759fb4af500.txt	F	972	486	486	0	0	0
5906.up-c2286e4674af.txt	F	5906.lswap-9759fb4af500.txt	R	972	486	486	0	0	0
5906.up-c2286e4674af.txt	F	5906.lswap-d252e4d38aa9.txt	F	972	486	486	0	0	0
5906.up-c2286e4674af.txt	F	5906.lswap-d252e4d38aa9.txt	R	972	486	486	0	0	0
5906.up-c2286e4674af.txt	F	5906.lswap-e59a6239aa79.txt	F	972	486	486	0	0	0
5906.up-c2286e4674af.txt	F	5906.lswap-e59a6239aa79.txt	R	972	486	486	0	0	0
5906.up-c2286e4674af.txt	R	5906.lswap-20db05a5b51e.txt	F	972	486	486	0	0	0
5906.up-c2286e4674af.txt	R	5906.lswap-20db05a5b51e.txt	R	972	486	486	0	0	0
5906.up-c2286e4674af.txt	R	5906.lswap-52e683fb05d3.txt	F	972	486	486	0	0	0
5906.up-c2286e4674af.txt	R	5906.lswap-52e683fb05d3.txt	R	972	486	486	0	0	0
5906.up-c2286e4674af.txt	R	5906.lswap-9759fb4af500.txt	F	972	486	486	0	0	0
5906.up-c2286e4674af.txt	R	5906.lswap-9759fb4af500.txt	R	972	486	486	0	0	0
5906.up-c2286e4674af.txt	R	5906.lswap-d252e4d38aa9.txt	F	972	486	486	0	0	0
5906.up-c2286e4674af.txt	R	5906.lswap-d252e4d38aa9.txt	R	972	486	486	0	0	0
5906.up-c2286e4674af.txt	R	5906.lswap-e59a6239aa79.txt	F	972	486	486	0	0	0
5906.up-c2286e4674af.txt	R	5906.lswap-e59a6239aa79.txt	R	972	486	486	0	0	0
5906.up-c2286e4674af.txt	F	5906.lswap-25804d565b10.txt	F	984	492	492	0	0	0
5906.up-c2286e4674af.txt	F	5906.lswap-25804d565b10.txt	R	984	492	492	0	0	0
5906.up-c2286e4674af.txt	F	5906.lswap-5dbb54e50268.txt	F	984	492	492	0	0	0
5906.up-c2286e4674af.txt	F	5906.lswap-5dbb54e50268.txt	R	984	492	492	0	0	0
5906.up-c2286e4674af.txt	F	5906.lswap-80e6c24a2613.txt	F	984	492	492	0	0	0
5906.up-c2286e4674af.txt	F	5906.lswap-80e6c24a2613.txt	R	984	492	492	0	0	0
5906.up-c2286e4674af.txt	F	5906.lswap-9f3672f6c430.txt	F	984	492	492	0	0	0
5906.up-c2286e4674af.txt	F	5906.lswap-9f3672f6c430.txt	R	984	492	492	0	0	0
5906.up-c2286e4674af.txt	F	5906.up-e94d2b57a7d4.txt	F	984	492	492	0	0	0
5906.up-c2286e4674af.txt	F	5906.up-e94d2b57a7d4.txt	R	984	492	492	0	0	0
5906.up-c2286e4674af.txt	R	5906.lswap-25804d565b10.txt	F	984	492	492	0	0	0
5906.up-c2286e4674af.txt	R	5906.lswap-25804d565b10.txt	R	984	492	492	0	0	0
5906.up-c2286e4674af.txt	R	5906.lswap-5dbb54e50268.txt	F	984	492	492	0	0	0
5906.up-c2286e4674af.txt	R	5906.lswap-5dbb54e50268.txt	R	984	492	492	0	0	0
5906.up-c2286e4674af.txt	R	5906.lswap-80e6c24a2613.txt	F	984	492	492	0	0	0
5906.up-c2286e4674af.txt	R	5906.lswap-80e6c24a2613.txt	R	984	492	492	0	0	0
5906.up-c2286e4674af.txt	R	5906.lswap-9f3672f6c430.txt	F	984	492	492	0	0	0
5906.up-c2286e4674af.txt	R	5906.lswap-9f3672f6c430.txt	R	984	492	492	0	0	0
5906.up-c2286e4674af.txt	R	5906.up-e94d2b57a7d4.txt	F	984	492	492	0	0	0
5906.up-c2286e4674af.txt	R	5906.up-e94d2b57a7d4.txt	R	984	492	492	0	0	0
5906.up-c2286e4674af.txt	F	5906.lswap-52f45c5e8e22.txt	F	996	498	498	0	0	0
5906.up-c2286e4674af.txt	F	5906.lswap-52f45c5e8e22.txt	R	996	498	498	0	0	0
5906.up-c2286e4674af.txt	F	5906.lswap-e2d18fca77cb.txt	F	996	498	498	0	0	0
5906.up-c2286e4674af.txt	F	5906.lswap-e2d18fca77cb.txt	R	996	498	498	0	0	0
5906.up-c2286e4674af.txt	R	5906.lswap-52f45c5e8e22.txt	F	996	498	498	0	0	0
5906.up-c2286e4674af.txt	R	5906.lswap-52f45c5e8e22.txt	R	996	498	498	0	0	0
5906.up-c2286e4674af.txt	R	5906.lswap-e2d18fca77cb.txt	F	996	498	498	0	0	0
5906.up-c2286e4674af.txt	R	5906.lswap-e2d18fca77cb.txt	R	996	498	498	0	0	0
5906.up-c2286e4674af.txt	F	5906.lswap-2497c9291398.txt	F	1008	504	504	0	0	0
5906.up-c2286e4674af.txt	F	5906.lswap-2497c9291398.txt	R	1008	504	504	0	0	0
5906.up-c2286e4674af.txt	F	5906.lswap-a7d2db45842b.txt	F	1008	504	504	0	0	0
5906.up-c2286e4674af.txt	F	5906.lswap-a7d2db45842b.txt	R	1008	504	504	0	0	0
5906.up-c2286e4674af.txt	F	5906.up-16ca46d2c5a9.txt	F	1008	504	504	0	0	0
5906.up-c2286e4674af.txt	F	5906.up-16ca46d2c5a9.txt	R	1008	504	504	0	0	0
5906.up-c2286e4674af.txt	F	5906.up-77512ee88848.txt	F	1008	504	504	0	0	0
5906.up-c2286e4674af.txt	F	5906.up-77512ee88848.txt	R	1008	504	504	0	0	0
5906.up-c2286e4674af.txt	F	5906.up-78d638be95ae.txt	F	1008	504	504	0	0	0
5906.up-c2286e4674af.txt	F	5906.up-78d638be95ae.txt	R	1008	504	504	0	0	0
5906.up-c2286e4674af.txt	R	5906.lswap-2497c9291398.txt	F	1008	504	504	0	0	0
5906.up-c2286e4674af.txt	R	5906.lswap-2497c9291398.txt	R	1008	504	504	0	0	0
5906.up-c2286e4674af.txt	R	5906.lswap-a7d2db45842b.txt	F	1008	504	504	0	0	0
5906.up-c2286e4674af.txt	R	5906.lswap-a7d2db45842b.txt	R	1008	504	504	0	0	0
5906.up-c2286e4674af.txt	R	5906.up-16ca46d2c5a9.txt	F	1008	504	504	0	0	0
5906.up-c2286e4674af.txt	R	5906.up-16ca46d2c5a9.txt	R	1008	504	504	0	0	0
5906.up-c2286e4674af.txt	R	5906.up-77512ee88848.txt	F	1008	504	504	0	0	0
5906.up-c2286e4674af.txt	R	5906.up-77512ee88848.txt	R	1008	504	504	0	0	0
5906.up-c2286e4674af.txt	R	5906.up-78d638be95ae.txt	F	1008	504	504	0	0	0
5906.up-c2286e4674af.txt	R	5906.up-78d638be95ae.txt	R	1008	504	504	0	0	0
5906.up-c2286e4674af.txt	F	5906.lswap-62d959eb4e73.txt	F	1020	510	510	0	0	0
5906.up-c2286e4674af.txt	F	5906.lswap-62d959eb4e73.txt	R	1020	510	510	0	0	0
5906.up-c2286e4674af.txt	F	5906.lswap-6d0ad177e5ee.txt	F	1020	510	510	0	0	0
5906.up-c2286e4674af.txt	F	5906.lswap-6d0ad177e5ee.txt	R	1020	510	510	0	0	0
5906.up-c2286e4674af.txt	F	5906.lswap-8ed814577309.txt	F	1020	510	510	0	0	0
5906.up-c2286e4674af.txt	F	5906.lswap-8ed814577309.txt	R	1020	510	510	0	0	0
5906.up-c2286e4674af.txt	F	5906.lswap-afd973e1a915.txt	F	1020	510	510	0	0	0
5906.up-c2286e4674af.txt	F	5906.lswap-afd973e1a915.txt	R	1020	510	510	0	0	0
5906.up-c2286e4674af.txt	F	5906.lswap-df71274e07be.txt	F	1020	510	510	0	0	0
5906.up-c2286e4674af.txt	F	5906.lswap-df71274e07be.txt	R	1020	510	510	0	0	0
5906.up-c2286e4674af.txt	F	5906.lswap-e73e096376f0.txt	F	1020	510	510	0	0	0
5906.up-c2286e4674af.txt	F	5906.lswap-e73e096376f0.txt	R	1020	510	510	0	0	0
5906.up-c2286e4674af.txt	R	5906.lswap-62d959eb4e73.txt	F	1020	510	510	0	0	0
5906.up-c2286e4674af.txt	R	5906.lswap-62d959eb4e73.txt	R	1020	510	510	0	0	0
5906.up-c2286e4674af.txt	R	5906.lswap-6d0ad177e5ee.txt	F	1020	510	510	0	0	0
5906.up-c2286e4674af.txt	R	5906.lswap-6d0ad177e5ee.txt	R	1020	510	510	0	0	0
5906.up-c2286e4674af.txt	R	5906.lswap-8ed814577309.txt	F	1020	510	510	0	0	0
5906.up-c2286e4674af.txt	R	5906.lswap-8ed814577309.txt	R	1020	510	510	0	0	0
5906.up-c2286e4674af.txt	R	5906.lswap-afd973e1a915.txt	F	1020	510	510	0	0	0
5906.up-c2286e4674af.txt	R	5906.lswap-afd973e1a915.txt	R	1020	510	510	0	0	0
5906.up-c2286e4674af.txt	R	5906.lswap-df71274e07be.txt	F	1020	510	510	0	0	0
5906.up-c2286e4674af.txt	R	5906.lswap-df71274e07be.txt	R	1020	510	510	0	0	0
5906.up-c2286e4674af.txt	R	5906.lswap-e73e096376f0.txt	F	1020	510	510	0	0	0
5906.up-c2286e4674af.txt	R	5906.lswap-e73e096376f0.txt	R	1020	510	510	0	0	0
5906.up-c2286e4674af.txt	F	5906.lswap-49fac07a5323.txt	F	1032	516	516	0	0	0
5906.up-c2286e4674af.txt	F	5906.lswap-49fac07a5323.txt	R	1032	516	516	0	0	0
5906.up-c2286e4674af.txt	F	5906.lswap-af54b6f406a6.txt	F	1032	516	516	0	0	0
5906.up-c2286e4674af.txt	F	5906.lswap-af54b6f406a6.txt	R	1032	516	516	0	0	0
5906.up-c2286e4674af.txt	F	5906.up-207dc5352d35.txt	F	1032	516	516	0	0	0
5906.up-c2286e4674af.txt	F	5906.up-207dc5352d35.txt	R	1032	516	516	0	0	0
5906.up-c2286e4674af.txt	F	5906.up-331e3f0f91ee.txt	F	1032	516	516	0	0	0
5906.up-c2286e4674af.txt	F	5906.up-331e3f0f91ee.txt	R	1032	516	516	0	0	0
5906.up-c2286e4674af.txt	F	5906.up-8ec03171f5df.txt	F	1032	516	516	0	0	0
5906.up-c2286e4674af.txt	F	5906.up-8ec03171f5df.txt	R	1032	516	516	0	0	0
5906.up-c2286e4674af.txt	R	5906.lswap-49fac07a5323.txt	F	1032	516	516	0	0	0
5906.up-c2286e4674af.txt	R	5906.lswap-49fac07a5323.txt	R	1032	516	516	0	0	0
5906.up-c2286e4674af.txt	R	5906.lswap-af54b6f406a6.txt	F	1032	516	516	0	0	0
5906.up-c2286e4674af.txt	R	5906.lswap-af54b6f406a6.txt	R	1032	516	516	0	0	0
5906.up-c2286e4674af.txt	R	5906.up-207dc5352d35.txt	F	1032	516	516	0	0	0
5906.up-c2286e4674af.txt	R	5906.up-207dc5352d35.txt	R	1032	516	516	0	0	0
5906.up-c2286e4674af.txt	R	5906.up-331e3f0f91ee.txt	F	1032	516	516	0	0	0
5906.up-c2286e4674af.txt	R	5906.up-331e3f0f91ee.txt	R	1032	516	516	0	0	0
5906.up-c2286e4674af.txt	R	5906.up-8ec03171f5df.txt	F	1032	516	516	0	0	0
5906.up-c2286e4674af.txt	R	5906.up-8ec03171f5df.txt	R	1032	516	516	0	0	0
5906.up-c2286e4674af.txt	F	5906.lswap-031568aa1b5c.txt	F	1044	522	522	0	0	0
5906.up-c2286e4674af.txt	F	5906.lswap-031568aa1b5c.txt	R	1044	522	522	0	0	0
5906.up-c2286e4674af.txt	F	5906.lswap-5808edca979d.txt	F	1044	522	522	0	0	0
5906.up-c2286e4674af.txt	F	5906.lswap-5808edca979d.txt	R	1044	522	522	0	0	0
5906.up-c2286e4674af.txt	F	5906.lswap-dcc866de4e11.txt	F	1044	522	522	0	0	0
5906.up-c2286e4674af.txt	F	5906.lswap-dcc866de4e11.txt	R	1044	522	522	0	0	0
5906.up-c2286e4674af.txt	F	5906.lswap-e21e24656b8e.txt	F	1044	522	522	0	0	0
5906.up-c2286e4674af.txt	F	5906.lswap-e21e24656b8e.txt	R	1044	522	522	0	0	0
5906.up-c2286e4674af.txt	R	5906.lswap-031568aa1b5c.txt	F	1044	522	522	0	0	0
5906.up-c2286e4674af.txt	R	5906.lswap-031568aa1b5c.txt	R	1044	522	522	0	0	0
5906.up-c2286e4674af.txt	R	5906.lswap-5808edca979d.txt	F	1044	522	522	0	0	0
5906.up-c2286e4674af.txt	R	5906.lswap-5808edca979d.txt	R	1044	522	522	0	0	0
5906.up-c2286e4674af.txt	R	5906.lswap-dcc866de4e11.txt	F	1044	522	522	0	0	0
5906.up-c2286e4674af.txt	R	5906.lswap-dcc866de4e11.txt	R	1044	522	522	0	0	0
5906.up-c2286e4674af.txt	R	5906.lswap-e21e24656b8e.txt	F	1044	522	522	0	0	0
5906.up-c2286e4674af.txt	R	5906.lswap-e21e24656b8e.txt	R	1044	522	522	0	0	0
5906.up-c2286e4674af.txt	F	5906.lswap-29ee6f7c1197.txt	F	1056	528	528	0	0	0
5906.up-c2286e4674af.txt	F	5906.lswap-29ee6f7c1197.txt	R	1056	528	528	0	0	0
5906.up-c2286e4674af.txt	F	5906.lswap-2ae54d2fd96c.txt	F	1056	528	528	0	0	0
5906.up-c2286e4674af.txt	F	5906.lswap-2ae54d2fd96c.txt	R	1056	528	528	0	0	0
5906.up-c2286e4674af.txt	F	5906.lswap-3d82ae1f2111.txt	F	1056	528	528	0	0	0
5906.up-c2286e4674af.txt	F	5906.lswap-3d82ae1f2111.txt	R	1056	528	528	0	0	0
5906.up-c2286e4674af.txt	F	5906.lswap-7217a0cd3774.txt	F	1056	528	528	0	0	0
5906.up-c2286e4674af.txt	F	5906.lswap-7217a0cd3774.txt	R	1056	528	528	0	0	0
5906.up-c2286e4674af.txt	F	5906.lswap-7f47c6e6eeda.txt	F	1056	528	528	0	0	0
5906.up-c2286e4674af.txt	F	5906.lswap-7f47c6e6eeda.txt	R	1056	528	528	0	0	0
5906.up-c2286e4674af.txt	F	5906.lswap-9a5cc6a6e3c8.txt	F	1056	528	528	0	0	0
5906.up-c2286e4674af.txt	F	5906.lswap-9a5cc6a6e3c8.txt	R	1056	528	528	0	0	0
5906.up-c2286e4674af.txt	F	5906.lswap-9bd2a50baa0e.txt	F	1056	528	528	0	0	0
5906.up-c2286e4674af.txt	F	5906.lswap-9bd2a50baa0e.txt	R	1056	528	528	0	0	0
5906.up-c2286e4674af.txt	F	5906.up-37ac2db82134.txt	F	1056	528	528	0	0	0
5906.up-c2286e4674af.txt	F	5906.up-37ac2db82134.txt	R	1056	528	528	0	0	0
5906.up-c2286e4674af.txt	F	5906.up-a001786e5861.txt	F	1056	528	528	0	0	0
5906.up-c2286e4674af.txt	F	5906.up-a001786e5861.txt	R	1056	528	528	0	0	0
5906.up-c2286e4674af.txt	R	5906.lswap-29ee6f7c1197.txt	F	1056	528	528	0	0	0
5906.up-c2286e4674af.txt	R	5906.lswap-29ee6f7c1197.txt	R	1056	528	528	0	0	0
5906.up-c2286e4674af.txt	R	5906.lswap-2ae54d2fd96c.txt	F	1056	528	528	0	0	0
5906.up-c2286e4674af.txt	R	5906.lswap-2ae54d2fd96c.txt	R	1056	528	528	0	0	0
5906.up-c2286e4674af.txt	R	5906.lswap-3d82ae1f2111.txt	F	1056	528	528	0	0	0
5906.up-c2286e4674af.txt	R	5906.lswap-3d82ae1f2111.txt	R	1056	528	528	0	0	0
5906.up-c2286e4674af.txt	R	5906.lswap-7217a0cd3774.txt	F	1056	528	528	0	0	0
5906.up-c2286e4674af.txt	R	5906.lswap-7217a0cd3774.txt	R	1056	528	528	0	0	0
5906.up-c2286e4674af.txt	R	5906.lswap-7f47c6e6eeda.txt	F	1056	528	528	0	0	0
5906.up-c2286e4674af.txt	R	5906.lswap-7f47c6e6eeda.txt	R	1056	528	528	0	0	0
5906.up-c2286e4674af.txt	R	5906.lswap-9a5cc6a6e3c8.txt	F	1056	528	528	0	0	0
5906.up-c2286e4674af.txt	R	5906.lswap-9a5cc6a6e3c8.txt	R	1056	528	528	0	0	0
5906.up-c2286e4674af.txt	R	5906.lswap-9bd2a50baa0e.txt	F	1056	528	528	0	0	0
5906.up-c2286e4674af.txt	R	5906.lswap-9bd2a50baa0e.txt	R	1056	528	528	0	0	0
5906.up-c2286e4674af.txt	R	5906.up-37ac2db82134.txt	F	1056	528	528	0	0	0
5906.up-c2286e4674af.txt	R	5906.up-37ac2db82134.txt	R	1056	528	528	0	0	0
5906.up-c2286e4674af.txt	R	5906.up-a001786e5861.txt	F	1056	528	528	0	0	0
5906.up-c2286e4674af.txt	R	5906.up-a001786e5861.txt	R	1056	528	528	0	0	0
5906.up-c2286e4674af.txt	F	5906.rbnd-0dad091b8ac4.txt	R	1057	529	528	0	1	0
5906.up-c2286e4674af.txt	F	5906.rbnd-2641d60c9d5c.txt	F	1057	529	528	0	1	0
5906.up-c2286e4674af.txt	R	5906.rbnd-0dad091b8ac4.txt	R	1057	529	528	0	1	0
5906.up-c2286e4674af.txt	R	5906.rbnd-2641d60c9d5c.txt	F	1057	529	528	0	1	0
5906.up-c2286e4674af.txt	F	5906.lswap-25cebe1ff658.txt	F	1068	534	534	0	0	0
5906.up-c2286e4674af.txt	F	5906.lswap-25cebe1ff658.txt	R	1068	534	534	0	0	0
5906.up-c2286e4674af.txt	F	5906.lswap-3b66fbdbdf53.txt	F	1068	534	534	0	0	0
5906.up-c2286e4674af.txt	F	5906.lswap-3b66fbdbdf53.txt	R	1068	534	534	0	0	0
5906.up-c2286e4674af.txt	F	5906.lswap-7bd46049981f.txt	F	1068	534	534	0	0	0
5906.up-c2286e4674af.txt	F	5906.lswap-7bd46049981f.txt	R	1068	534	534	0	0	0
5906.up-c2286e4674af.txt	F	5906.lswap-e145b859ca30.txt	F	1068	534	534	0	0	0
5906.up-c2286e4674af.txt	F	5906.lswap-e145b859ca30.txt	R	1068	534	534	0	0	0
5906.up-c2286e4674af.txt	R	5906.lswap-25cebe1ff658.txt	F	1068	534	534	0	0	0
5906.up-c2286e4674af.txt	R	5906.lswap-25cebe1ff658.txt	R	1068	534	534	0	0	0
5906.up-c2286e4674af.txt	R	5906.lswap-3b66fbdbdf53.txt	F	1068	534	534	0	0	0
5906.up-c2286e4674af.txt	R	5906.lswap-3b66fbdbdf53.txt	R	1068	534	534	0	0	0
5906.up-c2286e4674af.txt	R	5906.lswap-7bd46049981f.txt	F	1068	534	534	0	0	0
5906.up-c2286e4674af.txt	R	5906.lswap-7bd46049981f.txt	R	1068	534	534	0	0	0
5906.up-c2286e4674af.txt	R	5906.lswap-e145b859ca30.txt	F	1068	534	534	0	0	0
5906.up-c2286e4674af.txt	R	5906.lswap-e145b859ca30.txt	R	1068	534	534	0	0	0
5906.up-c2286e4674af.txt	F	5906.up-0db50fc7743c.txt	F	1080	540	540	0	0	0
5906.up-c2286e4674af.txt	F	5906.up-0db50fc7743c.txt	R	1080	540	540	0	0	0
5906.up-c2286e4674af.txt	F	5906.up-756ff2ed09bd.txt	F	1080	540	540	0	0	0
5906.up-c2286e4674af.txt	F	5906.up-756ff2ed09bd.txt	R	1080	540	540	0	0	0
5906.up-c2286e4674af.txt	F	5906.up-a233fdf94b8d.txt	F	1080	540	540	0	0	0
5906.up-c2286e4674af.txt	F	5906.up-a233fdf94b8d.txt	R	1080	540	540	0	0	0
5906.up-c2286e4674af.txt	F	5906.up-e1680a9d0e30.txt	F	1080	540	540	0	0	0
5906.up-c2286e4674af.txt	F	5906.up-e1680a9d0e30.txt	R	1080	540	540	0	0	0
5906.up-c2286e4674af.txt	R	5906.up-0db50fc7743c.txt	F	1080	540	540	0	0	0
5906.up-c2286e4674af.txt	R	5906.up-0db50fc7743c.txt	R	1080	540	540	0	0	0
5906.up-c2286e4674af.txt	R	5906.up-756ff2ed09bd.txt	F	1080	540	540	0	0	0
5906.up-c2286e4674af.txt	R	5906.up-756ff2ed09bd.txt	R	1080	540	540	0	0	0
5906.up-c2286e4674af.txt	R	5906.up-a233fdf94b8d.txt	F	1080	540	540	0	0	0
5906.up-c2286e4674af.txt	R	5906.up-a233fdf94b8d.txt	R	1080	540	540	0	0	0
5906.up-c2286e4674af.txt	R	5906.up-e1680a9d0e30.txt	F	1080	540	540	0	0	0
5906.up-c2286e4674af.txt	R	5906.up-e1680a9d0e30.txt	R	1080	540	540	0	0	0
5906.up-c2286e4674af.txt	F	5906.rbnd-c44d48fbd52c.txt	R	1081	541	540	0	1	0
5906.up-c2286e4674af.txt	R	5906.rbnd-c44d48fbd52c.txt	R	1081	541	540	0	1	0
5906.up-c2286e4674af.txt	F	5906.lswap-025c4805fc39.txt	F	1092	546	546	0	0	0
5906.up-c2286e4674af.txt	F	5906.lswap-025c4805fc39.txt	R	1092	546	546	0	0	0
5906.up-c2286e4674af.txt	R	5906.lswap-025c4805fc39.txt	F	1092	546	546	0	0	0
5906.up-c2286e4674af.txt	R	5906.lswap-025c4805fc39.txt	R	1092	546	546	0	0	0
5906.up-c2286e4674af.txt	F	5906.up-1e6ba5f50479.txt	F	1104	552	552	0	0	0
5906.up-c2286e4674af.txt	F	5906.up-1e6ba5f50479.txt	R	1104	552	552	0	0	0
5906.up-c2286e4674af.txt	F	5906.up-53b55626d912.txt	F	1104	552	552	0	0	0
5906.up-c2286e4674af.txt	F	5906.up-53b55626d912.txt	R	1104	552	552	0	0	0
5906.up-c2286e4674af.txt	F	5906.up-da93a66cd37b.txt	F	1104	552	552	0	0	0
5906.up-c2286e4674af.txt	F	5906.up-da93a66cd37b.txt	R	1104	552	552	0	0	0
5906.up-c2286e4674af.txt	R	5906.up-1e6ba5f50479.txt	F	1104	552	552	0	0	0
5906.up-c2286e4674af.txt	R	5906.up-1e6ba5f50479.txt	R	1104	552	552	0	0	0
5906.up-c2286e4674af.txt	R	5906.up-53b55626d912.txt	F	1104	552	552	0	0	0
5906.up-c2286e4674af.txt	R	5906.up-53b55626d912.txt	R	1104	552	552	0	0	0
5906.up-c2286e4674af.txt	R	5906.up-da93a66cd37b.txt	F	1104	552	552	0	0	0
5906.up-c2286e4674af.txt	R	5906.up-da93a66cd37b.txt	R	1104	552	552	0	0	0
5906.up-c2286e4674af.txt	F	5906.lswap-9edd04d13626.txt	F	1116	558	558	0	0	0
5906.up-c2286e4674af.txt	F	5906.lswap-9edd04d13626.txt	R	1116	558	558	0	0	0
5906.up-c2286e4674af.txt	R	5906.lswap-9edd04d13626.txt	F	1116	558	558	0	0	0
5906.up-c2286e4674af.txt	R	5906.lswap-9edd04d13626.txt	R	1116	558	558	0	0	0
5906.up-c2286e4674af.txt	F	5906.up-dcd1e20d40f8.txt	F	1128	564	564	0	0	0
5906.up-c2286e4674af.txt	F	5906.up-dcd1e20d40f8.txt	R	1128	564	564	0	0	0
5906.up-c2286e4674af.txt	R	5906.up-dcd1e20d40f8.txt	F	1128	564	564	0	0	0
5906.up-c2286e4674af.txt	R	5906.up-dcd1e20d40f8.txt	R	1128	564	564	0	0	0
5906.up-c2286e4674af.txt	F	5906.lswap-9f885c2a5e20.txt	F	1140	573	567	14	20	0
5906.up-c2286e4674af.txt	F	5906.up-0a065898a821.txt	F	1140	573	567	14	20	0
5906.up-c2286e4674af.txt	F	5906.up-0a065898a821.txt	R	1140	573	567	14	20	0
5906.up-c2286e4674af.txt	R	5906.lswap-9f885c2a5e20.txt	F	1140	573	567	14	20	0
5906.up-c2286e4674af.txt	R	5906.up-0a065898a821.txt	F	1140	573	567	14	20	0
5906.up-c2286e4674af.txt	R	5906.up-0a065898a821.txt	R	1140	573	567	14	20	0
5906.up-c2286e4674af.txt	F	5906.up-6572648567f1.txt	F	1144	572	572	14	14	0
5906.up-c2286e4674af.txt	F	5906.up-6572648567f1.txt	R	1144	572	572	14	14	0
5906.up-c2286e4674af.txt	R	5906.up-6572648567f1.txt	F	1144	572	572	14	14	0
5906.up-c2286e4674af.txt	R	5906.up-6572648567f1.txt	R	1144	572	572	14	14	0
5906.up-c2286e4674af.txt	F	5906.up-890b6674bd25.txt	F	1148	578	570	15	23	0
5906.up-c2286e4674af.txt	F	5906.up-890b6674bd25.txt	R	1148	578	570	15	23	0
5906.up-c2286e4674af.txt	F	5906.up-d0b9281ca469.txt	F	1148	578	570	15	23	0
5906.up-c2286e4674af.txt	F	5906.up-d0b9281ca469.txt	R	1148	578	570	15	23	0
5906.up-c2286e4674af.txt	R	5906.up-890b6674bd25.txt	F	1148	578	570	15	23	0
5906.up-c2286e4674af.txt	R	5906.up-890b6674bd25.txt	R	1148	578	570	15	23	0
5906.up-c2286e4674af.txt	R	5906.up-d0b9281ca469.txt	F	1148	578	570	15	23	0
5906.up-c2286e4674af.txt	R	5906.up-d0b9281ca469.txt	R	1148	578	570	15	23	0
5906.up-c2286e4674af.txt	F	5906.i4a-50d865ca7907.txt	F	1149	579	570	15	24	0
5906.up-c2286e4674af.txt	F	5906.i4a-50d865ca7907.txt	R	1149	579	570	15	24	0
5906.up-c2286e4674af.txt	F	5906.i4a-b99b1d60f13e.txt	F	1149	579	570	15	24	0
5906.up-c2286e4674af.txt	F	5906.i4a-b99b1d60f13e.txt	R	1149	579	570	15	24	0
5906.up-c2286e4674af.txt	R	5906.i4a-50d865ca7907.txt	F	1149	579	570	15	24	0
5906.up-c2286e4674af.txt	R	5906.i4a-50d865ca7907.txt	R	1149	579	570	15	24	0
5906.up-c2286e4674af.txt	R	5906.i4a-b99b1d60f13e.txt	F	1149	579	570	15	24	0
5906.up-c2286e4674af.txt	R	5906.i4a-b99b1d60f13e.txt	R	1149	579	570	15	24	0
5906.up-c2286e4674af.txt	F	5906.lswap-06f4ba2c8122.txt	F	1152	579	573	14	20	0
5906.up-c2286e4674af.txt	F	5906.lswap-8f58c699a11d.txt	R	1152	579	573	14	20	0
5906.up-c2286e4674af.txt	F	5906.up-1bced7f87a93.txt	F	1152	576	576	0	0	0
5906.up-c2286e4674af.txt	F	5906.up-1bced7f87a93.txt	R	1152	576	576	0	0	0
5906.up-c2286e4674af.txt	R	5906.lswap-06f4ba2c8122.txt	F	1152	579	573	14	20	0
5906.up-c2286e4674af.txt	R	5906.lswap-8f58c699a11d.txt	R	1152	579	573	14	20	0
5906.up-c2286e4674af.txt	R	5906.up-1bced7f87a93.txt	F	1152	576	576	0	0	0
5906.up-c2286e4674af.txt	R	5906.up-1bced7f87a93.txt	R	1152	576	576	0	0	0
5906.up-c2286e4674af.txt	F	5906.lswap-9f885c2a5e20.txt	R	1164	585	579	14	20	0
5906.up-c2286e4674af.txt	F	5906.up-72482a71c81e.txt	F	1164	585	579	14	20	0
5906.up-c2286e4674af.txt	F	5906.up-72482a71c81e.txt	R	1164	585	579	14	20	0
5906.up-c2286e4674af.txt	R	5906.lswap-9f885c2a5e20.txt	R	1164	585	579	14	20	0
5906.up-c2286e4674af.txt	R	5906.up-72482a71c81e.txt	F	1164	585	579	14	20	0
5906.up-c2286e4674af.txt	R	5906.up-72482a71c81e.txt	R	1164	585	579	14	20	0
5906.up-c2286e4674af.txt	F	5906.lswap-23548cda0ace.txt	R	1176	591	585	14	20	0
5906.up-c2286e4674af.txt	F	5906.lswap-3a55a72f70d6.txt	F	1176	591	585	14	20	0
5906.up-c2286e4674af.txt	F	5906.lswap-9bf7e32c6472.txt	F	1176	591	585	14	20	0
5906.up-c2286e4674af.txt	F	5906.up-6597315411ea.txt	F	1176	591	585	14	20	0
5906.up-c2286e4674af.txt	F	5906.up-6597315411ea.txt	R	1176	591	585	14	20	0
5906.up-c2286e4674af.txt	R	5906.lswap-23548cda0ace.txt	R	1176	591	585	14	20	0
5906.up-c2286e4674af.txt	R	5906.lswap-3a55a72f70d6.txt	F	1176	591	585	14	20	0
5906.up-c2286e4674af.txt	R	5906.lswap-9bf7e32c6472.txt	F	1176	591	585	14	20	0
5906.up-c2286e4674af.txt	R	5906.up-6597315411ea.txt	F	1176	591	585	14	20	0
5906.up-c2286e4674af.txt	R	5906.up-6597315411ea.txt	R	1176	591	585	14	20	0
5906.up-c2286e4674af.txt	F	5906.lswap-06f4ba2c8122.txt	R	1188	597	591	14	20	0
5906.up-c2286e4674af.txt	F	5906.lswap-10f62906b166.txt	R	1188	597	591	14	20	0
5906.up-c2286e4674af.txt	F	5906.lswap-23548cda0ace.txt	F	1188	597	591	14	20	0
5906.up-c2286e4674af.txt	F	5906.lswap-67fc5c2184ab.txt	F	1188	597	591	14	20	0
5906.up-c2286e4674af.txt	F	5906.up-f8d1e70c6a52.txt	F	1188	596	592	11	15	0
5906.up-c2286e4674af.txt	F	5906.up-f8d1e70c6a52.txt	R	1188	596	592	11	15	0
5906.up-c2286e4674af.txt	R	5906.lswap-06f4ba2c8122.txt	R	1188	597	591	14	20	0
5906.up-c2286e4674af.txt	R	5906.lswap-10f62906b166.txt	R	1188	597	591	14	20	0
5906.up-c2286e4674af.txt	R	5906.lswap-23548cda0ace.txt	F	1188	597	591	14	20	0
5906.up-c2286e4674af.txt	R	5906.lswap-67fc5c2184ab.txt	F	1188	597	591	14	20	0
5906.up-c2286e4674af.txt	R	5906.up-f8d1e70c6a52.txt	F	1188	596	592	11	15	0
5906.up-c2286e4674af.txt	R	5906.up-f8d1e70c6a52.txt	R	1188	596	592	11	15	0
5906.up-c2286e4674af.txt	F	5906.lswap-3a55a72f70d6.txt	R	1200	603	597	14	20	0
5906.up-c2286e4674af.txt	F	5906.lswap-945cf8ae5bef.txt	F	1200	603	597	14	20	0
5906.up-c2286e4674af.txt	F	5906.up-377da0a3c300.txt	F	1200	603	597	14	20	0
5906.up-c2286e4674af.txt	F	5906.up-377da0a3c300.txt	R	1200	603	597	14	20	0
5906.up-c2286e4674af.txt	F	5906.up-d1489855deef.txt	F	1200	603	597	14	20	0
5906.up-c2286e4674af.txt	F	5906.up-d1489855deef.txt	R	1200	603	597	14	20	0
5906.up-c2286e4674af.txt	R	5906.lswap-3a55a72f70d6.txt	R	1200	603	597	14	20	0
5906.up-c2286e4674af.txt	R	5906.lswap-945cf8ae5bef.txt	F	1200	603	597	14	20	0
5906.up-c2286e4674af.txt	R	5906.up-377da0a3c300.txt	F	1200	603	597	14	20	0
5906.up-c2286e4674af.txt	R	5906.up-377da0a3c300.txt	R	1200	603	597	14	20	0
5906.up-c2286e4674af.txt	R	5906.up-d1489855deef.txt	F	1200	603	597	14	20	0
5906.up-c2286e4674af.txt	R	5906.up-d1489855deef.txt	R	1200	603	597	14	20	0
5906.up-c2286e4674af.txt	F	5906.up-d9a28c2d8195.txt	R	1203	602	601	14	15	0
5906.up-c2286e4674af.txt	R	5906.up-d9a28c2d8195.txt	R	1203	602	601	14	15	0
5906.up-c2286e4674af.txt	F	5906.up-a30c7c517d7b.txt	F	1204	602	602	14	14	0
5906.up-c2286e4674af.txt	F	5906.up-a30c7c517d7b.txt	R	1204	602	602	14	14	0
5906.up-c2286e4674af.txt	R	5906.up-a30c7c517d7b.txt	F	1204	602	602	14	14	0
5906.up-c2286e4674af.txt	R	5906.up-a30c7c517d7b.txt	R	1204	602	602	14	14	0
5906.up-c2286e4674af.txt	F	5906.up-d9a28c2d8195.txt	F	1205	603	602	14	15	0
5906.up-c2286e4674af.txt	R	5906.up-d9a28c2d8195.txt	F	1205	603	602	14	15	0
5906.up-c2286e4674af.txt	F	5906.lswap-09c105553d61.txt	F	1212	609	603	14	20	0
5906.up-c2286e4674af.txt	F	5906.lswap-8f58c699a11d.txt	F	1212	609	603	14	20	0
5906.up-c2286e4674af.txt	F	5906.lswap-9bf7e32c6472.txt	R	1212	609	603	14	20	0
5906.up-c2286e4674af.txt	F	5906.lswap-db110b7302cf.txt	R	1212	609	603	14	20	0
5906.up-c2286e4674af.txt	R	5906.lswap-09c105553d61.txt	F	1212	609	603	14	20	0
5906.up-c2286e4674af.txt	R	5906.lswap-8f58c699a11d.txt	F	1212	609	603	14	20	0
5906.up-c2286e4674af.txt	R	5906.lswap-9bf7e32c6472.txt	R	1212	609	603	14	20	0
5906.up-c2286e4674af.txt	R	5906.lswap-db110b7302cf.txt	R	1212	609	603	14	20	0
5906.up-c2286e4674af.txt	F	5906.lswap-fde8e0f0f322.txt	F	1216	608	608	14	14	0
5906.up-c2286e4674af.txt	F	5906.up-f0a3bb335ed9.txt	F	1216	608	608	14	14	0
5906.up-c2286e4674af.txt	F	5906.up-f0a3bb335ed9.txt	R	1216	608	608	14	14	0
5906.up-c2286e4674af.txt	R	5906.lswap-fde8e0f0f322.txt	F	1216	608	608	14	14	0
5906.up-c2286e4674af.txt	R	5906.up-f0a3bb335ed9.txt	F	1216	608	608	14	14	0
5906.up-c2286e4674af.txt	R	5906.up-f0a3bb335ed9.txt	R	1216	608	608	14	14	0
5906.up-c2286e4674af.txt	F	5906.i4a-c1080e26f60c.txt	F	1223	614	609	11	16	0
5906.up-c2286e4674af.txt	F	5906.i4a-c1080e26f60c.txt	R	1223	614	609	11	16	0
5906.up-c2286e4674af.txt	R	5906.i4a-c1080e26f60c.txt	F	1223	614	609	11	16	0
5906.up-c2286e4674af.txt	R	5906.i4a-c1080e26f60c.txt	R	1223	614	609	11	16	0
5906.up-c2286e4674af.txt	F	5906.lswap-67fc5c2184ab.txt	R	1224	615	609	14	20	0
5906.up-c2286e4674af.txt	F	5906.lswap-945cf8ae5bef.txt	R	1224	615	609	14	20	0
5906.up-c2286e4674af.txt	F	5906.lswap-db110b7302cf.txt	F	1224	615	609	14	20	0
5906.up-c2286e4674af.txt	F	5906.up-56126e7237c3.txt	F	1224	614	610	11	15	0
5906.up-c2286e4674af.txt	F	5906.up-56126e7237c3.txt	R	1224	614	610	11	15	0
5906.up-c2286e4674af.txt	F	5906.up-f2c7804be474.txt	F	1224	615	609	14	20	0
5906.up-c2286e4674af.txt	F	5906.up-f2c7804be474.txt	R	1224	615	609	14	20	0
5906.up-c2286e4674af.txt	R	5906.lswap-67fc5c2184ab.txt	R	1224	615	609	14	20	0
5906.up-c2286e4674af.txt	R	5906.lswap-945cf8ae5bef.txt	R	1224	615	609	14	20	0
5906.up-c2286e4674af.txt	R	5906.lswap-db110b7302cf.txt	F	1224	615	609	14	20	0
5906.up-c2286e4674af.txt	R	5906.up-56126e7237c3.txt	F	1224	614	610	11	15	0
5906.up-c2286e4674af.txt	R	5906.up-56126e7237c3.txt	R	1224	614	610	11	15	0
5906.up-c2286e4674af.txt	R	5906.up-f2c7804be474.txt	F	1224	615	609	14	20	0
5906.up-c2286e4674af.txt	R	5906.up-f2c7804be474.txt	R	1224	615	609	14	20	0
5906.up-c2286e4674af.txt	F	5906.lswap-2c94cb485ad7.txt	F	1228	614	614	14	14	0
5906.up-c2286e4674af.txt	F	5906.lswap-2c94cb485ad7.txt	R	1228	614	614	14	14	0
5906.up-c2286e4674af.txt	F	5906.lswap-fde8e0f0f322.txt	R	1228	614	614	14	14	0
5906.up-c2286e4674af.txt	F	5906.up-3ffb4355518f.txt	F	1228	614	614	14	14	0
5906.up-c2286e4674af.txt	F	5906.up-3ffb4355518f.txt	R	1228	614	614	14	14	0
5906.up-c2286e4674af.txt	F	5906.up-55058cab6cba.txt	F	1228	614	614	14	14	0
5906.up-c2286e4674af.txt	F	5906.up-55058cab6cba.txt	R	1228	614	614	14	14	0
5906.up-c2286e4674af.txt	F	5906.up-956f3f1864b5.txt	F	1228	614	614	14	14	0
5906.up-c2286e4674af.txt	F	5906.up-956f3f1864b5.txt	R	1228	614	614	14	14	0
5906.up-c2286e4674af.txt	R	5906.lswap-2c94cb485ad7.txt	F	1228	614	614	14	14	0
5906.up-c2286e4674af.txt	R	5906.lswap-2c94cb485ad7.txt	R	1228	614	614	14	14	0
5906.up-c2286e4674af.txt	R	5906.lswap-fde8e0f0f322.txt	R	1228	614	614	14	14	0
5906.up-c2286e4674af.txt	R	5906.up-3ffb4355518f.txt	F	1228	614	614	14	14	0
5906.up-c2286e4674af.txt	R	5906.up-3ffb4355518f.txt	R	1228	614	614	14	14	0
5906.up-c2286e4674af.txt	R	5906.up-55058cab6cba.txt	F	1228	614	614	14	14	0
5906.up-c2286e4674af.txt	R	5906.up-55058cab6cba.txt	R	1228	614	614	14	14	0
5906.up-c2286e4674af.txt	R	5906.up-956f3f1864b5.txt	F	1228	614	614	14	14	0
5906.up-c2286e4674af.txt	R	5906.up-956f3f1864b5.txt	R	1228	614	614	14	14	0
5906.up-c2286e4674af.txt	F	5906.lswap-28b97fbb68d1.txt	F	1236	621	615	14	20	0
5906.up-c2286e4674af.txt	F	5906.lswap-637b5054102a.txt	F	1236	620	616	11	15	0
5906.up-c2286e4674af.txt	F	5906.up-c3afee7ed153.txt	F	1236	621	615	14	20	0
5906.up-c2286e4674af.txt	F	5906.up-c3afee7ed153.txt	R	1236	621	615	14	20	0
5906.up-c2286e4674af.txt	R	5906.lswap-28b97fbb68d1.txt	F	1236	621	615	14	20	0
5906.up-c2286e4674af.txt	R	5906.lswap-637b5054102a.txt	F	1236	620	616	11	15	0
5906.up-c2286e4674af.txt	R	5906.up-c3afee7ed153.txt	F	1236	621	615	14	20	0
5906.up-c2286e4674af.txt	R	5906.up-c3afee7ed153.txt	R	1236	621	615	14	20	0
5906.up-c2286e4674af.txt	F	5906.lswap-c394b34cb7cc.txt	F	1240	620	620	14	14	0
5906.up-c2286e4674af.txt	F	5906.lswap-c394b34cb7cc.txt	R	1240	620	620	14	14	0
5906.up-c2286e4674af.txt	F	5906.up-63a938be8d73.txt	F	1240	620	620	14	14	0
5906.up-c2286e4674af.txt	F	5906.up-63a938be8d73.txt	R	1240	620	620	14	14	0
5906.up-c2286e4674af.txt	F	5906.up-d8c6ba46400e.txt	F	1240	620	620	14	14	0
5906.up-c2286e4674af.txt	F	5906.up-d8c6ba46400e.txt	R	1240	620	620	14	14	0
5906.up-c2286e4674af.txt	R	5906.lswap-c394b34cb7cc.txt	F	1240	620	620	14	14	0
5906.up-c2286e4674af.txt	R	5906.lswap-c394b34cb7cc.txt	R	1240	620	620	14	14	0
5906.up-c2286e4674af.txt	R	5906.up-63a938be8d73.txt	F	1240	620	620	14	14	0
5906.up-c2286e4674af.txt	R	5906.up-63a938be8d73.txt	R	1240	620	620	14	14	0
5906.up-c2286e4674af.txt	R	5906.up-d8c6ba46400e.txt	F	1240	620	620	14	14	0
5906.up-c2286e4674af.txt	R	5906.up-d8c6ba46400e.txt	R	1240	620	620	14	14	0
5906.up-c2286e4674af.txt	F	5906.lswap-09c105553d61.txt	R	1248	627	621	14	20	0
5906.up-c2286e4674af.txt	F	5906.lswap-10f62906b166.txt	F	1248	627	621	14	20	0
5906.up-c2286e4674af.txt	F	5906.up-6f42b3603dac.txt	F	1248	626	622	11	15	0
5906.up-c2286e4674af.txt	F	5906.up-6f42b3603dac.txt	R	1248	626	622	11	15	0
5906.up-c2286e4674af.txt	F	5906.up-7f9a93193f10.txt	F	1248	626	622	11	15	0
5906.up-c2286e4674af.txt	F	5906.up-7f9a93193f10.txt	R	1248	626	622	11	15	0
5906.up-c2286e4674af.txt	R	5906.lswap-09c105553d61.txt	R	1248	627	621	14	20	0
5906.up-c2286e4674af.txt	R	5906.lswap-10f62906b166.txt	F	1248	627	621	14	20	0
5906.up-c2286e4674af.txt	R	5906.up-6f42b3603dac.txt	F	1248	626	622	11	15	0
5906.up-c2286e4674af.txt	R	5906.up-6f42b3603dac.txt	R	1248	626	622	11	15	0
5906.up-c2286e4674af.txt	R	5906.up-7f9a93193f10.txt	F	1248	626	622	11	15	0
5906.up-c2286e4674af.txt	R	5906.up-7f9a93193f10.txt	R	1248	626	622	11	15	0
5906.up-c2286e4674af.txt	F	5906.i4a-6a77e138ea8e.txt	F	1259	632	627	11	16	0
5906.up-c2286e4674af.txt	F	5906.i4a-6a77e138ea8e.txt	R	1259	632	627	11	16	0
5906.up-c2286e4674af.txt	F	5906.lswap-6dc582bac458.txt	R	1259	632	627	11	16	0
5906.up-c2286e4674af.txt	F	5906.lswap-ebd38bf2c1cd.txt	F	1259	632	627	11	16	0
5906.up-c2286e4674af.txt	R	5906.i4a-6a77e138ea8e.txt	F	1259	632	627	11	16	0
5906.up-c2286e4674af.txt	R	5906.i4a-6a77e138ea8e.txt	R	1259	632	627	11	16	0
5906.up-c2286e4674af.txt	R	5906.lswap-6dc582bac458.txt	R	1259	632	627	11	16	0
5906.up-c2286e4674af.txt	R	5906.lswap-ebd38bf2c1cd.txt	F	1259	632	627	11	16	0
5906.up-c2286e4674af.txt	F	5906.lswap-28b97fbb68d1.txt	R	1260	633	627	14	20	0
5906.up-c2286e4674af.txt	F	5906.lswap-637b5054102a.txt	R	1260	632	628	11	15	0
5906.up-c2286e4674af.txt	F	5906.lswap-cf8339eb5ca7.txt	F	1260	632	628	11	15	0
5906.up-c2286e4674af.txt	F	5906.up-590fe2cb2c21.txt	F	1260	632	628	11	15	0
5906.up-c2286e4674af.txt	F	5906.up-590fe2cb2c21.txt	R	1260	632	628	11	15	0
5906.up-c2286e4674af.txt	F	5906.up-c63a66adbc60.txt	F	1260	633	627	14	20	0
5906.up-c2286e4674af.txt	F	5906.up-c63a66adbc60.txt	R	1260	633	627	14	20	0
5906.up-c2286e4674af.txt	R	5906.lswap-28b97fbb68d1.txt	R	1260	633	627	14	20	0
5906.up-c2286e4674af.txt	R	5906.lswap-637b5054102a.txt	R	1260	632	628	11	15	0
5906.up-c2286e4674af.txt	R	5906.lswap-cf8339eb5ca7.txt	F	1260	632	628	11	15	0
5906.up-c2286e4674af.txt	R	5906.up-590fe2cb2c21.txt	F	1260	632	628	11	15	0
5906.up-c2286e4674af.txt	R	5906.up-590fe2cb2c21.txt	R	1260	632	628	11	15	0
5906.up-c2286e4674af.txt	R	5906.up-c63a66adbc60.txt	F	1260	633	627	14	20	0
5906.up-c2286e4674af.txt	R	5906.up-c63a66adbc60.txt	R	1260	633	627	14	20	0
5906.up-c2286e4674af.txt	F	5906.up-1b0920685429.txt	F	1264	632	632	14	14	0
5906.up-c2286e4674af.txt	F	5906.up-1b0920685429.txt	R	1264	632	632	14	14	0
5906.up-c2286e4674af.txt	R	5906.up-1b0920685429.txt	F	1264	632	632	14	14	0
5906.up-c2286e4674af.txt	R	5906.up-1b0920685429.txt	R	1264	632	632	14	14	0
5906.up-c2286e4674af.txt	F	5906.lswap-1f8e06e3e616.txt	F	1271	638	633	11	16	0
5906.up-c2286e4674af.txt	F	5906.lswap-6dc582bac458.txt	F	1271	638	633	11	16	0
5906.up-c2286e4674af.txt	F	5906.lswap-760f8ed53670.txt	R	1271	638	633	11	16	0
5906.up-c2286e4674af.txt	F	5906.lswap-ebd38bf2c1cd.txt	R	1271	638	633	11	16	0
5906.up-c2286e4674af.txt	R	5906.lswap-1f8e06e3e616.txt	F	1271	638	633	11	16	0
5906.up-c2286e4674af.txt	R	5906.lswap-6dc582bac458.txt	F	1271	638	633	11	16	0
5906.up-c2286e4674af.txt	R	5906.lswap-760f8ed53670.txt	R	1271	638	633	11	16	0
5906.up-c2286e4674af.txt	R	5906.lswap-ebd38bf2c1cd.txt	R	1271	638	633	11	16	0
5906.up-c2286e4674af.txt	F	5906.lswap-0d13fc4a8a4a.txt	F	1272	638	634	11	15	0
5906.up-c2286e4674af.txt	F	5906.lswap-cf8339eb5ca7.txt	R	1272	638	634	11	15	0
5906.up-c2286e4674af.txt	R	5906.lswap-0d13fc4a8a4a.txt	F	1272	638	634	11	15	0
5906.up-c2286e4674af.txt	R	5906.lswap-cf8339eb5ca7.txt	R	1272	638	634	11	15	0
5906.up-c2286e4674af.txt	F	5906.i4a-7f46c8149026.txt	F	1283	644	639	11	16	0
5906.up-c2286e4674af.txt	F	5906.i4a-7f46c8149026.txt	R	1283	644	639	11	16	0
5906.up-c2286e4674af.txt	R	5906.i4a-7f46c8149026.txt	F	1283	644	639	11	16	0
5906.up-c2286e4674af.txt	R	5906.i4a-7f46c8149026.txt	R	1283	644	639	11	16	0
5906.up-c2286e4674af.txt	F	5906.up-6a142cb8e27d.txt	F	1284	644	640	11	15	0
5906.up-c2286e4674af.txt	F	5906.up-6a142cb8e27d.txt	R	1284	644	640	11	15	0
5906.up-c2286e4674af.txt	R	5906.up-6a142cb8e27d.txt	F	1284	644	640	11	15	0
5906.up-c2286e4674af.txt	R	5906.up-6a142cb8e27d.txt	R	1284	644	640	11	15	0
5906.up-c2286e4674af.txt	F	5906.i4a-66637a3b8941.txt	F	1295	650	645	11	16	0
5906.up-c2286e4674af.txt	F	5906.i4a-66637a3b8941.txt	R	1295	650	645	11	16	0
5906.up-c2286e4674af.txt	R	5906.i4a-66637a3b8941.txt	F	1295	650	645	11	16	0
5906.up-c2286e4674af.txt	R	5906.i4a-66637a3b8941.txt	R	1295	650	645	11	16	0
5906.up-c2286e4674af.txt	F	5906.up-1206598d1ff0.txt	F	1296	650	646	11	15	0
5906.up-c2286e4674af.txt	F	5906.up-1206598d1ff0.txt	R	1296	650	646	11	15	0
5906.up-c2286e4674af.txt	R	5906.up-1206598d1ff0.txt	F	1296	650	646	11	15	0
5906.up-c2286e4674af.txt	R	5906.up-1206598d1ff0.txt	R	1296	650	646	11	15	0
5906.up-c2286e4674af.txt	F	5906.up-1b8244ba04bb.txt	F	1300	653	647	14	20	0
5906.up-c2286e4674af.txt	F	5906.up-1b8244ba04bb.txt	R	1300	653	647	14	20	0
5906.up-c2286e4674af.txt	R	5906.up-1b8244ba04bb.txt	F	1300	653	647	14	20	0
5906.up-c2286e4674af.txt	R	5906.up-1b8244ba04bb.txt	R	1300	653	647	14	20	0
5906.up-c2286e4674af.txt	F	5906.i4a-29c55ed5fbf6.txt	F	1307	656	651	11	16	0
5906.up-c2286e4674af.txt	F	5906.i4a-29c55ed5fbf6.txt	R	1307	656	651	11	16	0
5906.up-c2286e4674af.txt	F	5906.lswap-1f8e06e3e616.txt	R	1307	656	651	11	16	0
5906.up-c2286e4674af.txt	F	5906.lswap-760f8ed53670.txt	F	1307	656	651	11	16	0
5906.up-c2286e4674af.txt	R	5906.i4a-29c55ed5fbf6.txt	F	1307	656	651	11	16	0
5906.up-c2286e4674af.txt	R	5906.i4a-29c55ed5fbf6.txt	R	1307	656	651	11	16	0
5906.up-c2286e4674af.txt	R	5906.lswap-1f8e06e3e616.txt	R	1307	656	651	11	16	0
5906.up-c2286e4674af.txt	R	5906.lswap-760f8ed53670.txt	F	1307	656	651	11	16	0
5906.up-c2286e4674af.txt	F	5906.lswap-0d13fc4a8a4a.txt	R	1308	656	652	11	15	0
5906.up-c2286e4674af.txt	F	5906.up-bd458e7fc19e.txt	F	1308	656	652	11	15	0
5906.up-c2286e4674af.txt	F	5906.up-bd458e7fc19e.txt	R	1308	656	652	11	15	0
5906.up-c2286e4674af.txt	R	5906.lswap-0d13fc4a8a4a.txt	R	1308	656	652	11	15	0
5906.up-c2286e4674af.txt	R	5906.up-bd458e7fc19e.txt	F	1308	656	652	11	15	0
5906.up-c2286e4674af.txt	R	5906.up-bd458e7fc19e.txt	R	1308	656	652	11	15	0
5906.up-c2286e4674af.txt	F	5906.i4a-e0f3de4ca026.txt	F	1315	660	655	11	16	0
5906.up-c2286e4674af.txt	F	5906.i4a-e0f3de4ca026.txt	R	1315	660	655	11	16	0
5906.up-c2286e4674af.txt	R	5906.i4a-e0f3de4ca026.txt	F	1315	660	655	11	16	0
5906.up-c2286e4674af.txt	R	5906.i4a-e0f3de4ca026.txt	R	1315	660	655	11	16	0
5906.up-c2286e4674af.txt	F	5906.up-df8c9033249e.txt	F	1316	660	656	11	15	0
5906.up-c2286e4674af.txt	F	5906.up-df8c9033249e.txt	R	1316	660	656	11	15	0
5906.up-c2286e4674af.txt	R	5906.up-df8c9033249e.txt	F	1316	660	656	11	15	0
5906.up-c2286e4674af.txt	R	5906.up-df8c9033249e.txt	R	1316	660	656	11	15	0
5906.up-c2286e4674af.txt	F	5906.rbnd-0dad091b8ac4.txt	F	1353	677	676	17	18	0
5906.up-c2286e4674af.txt	R	5906.rbnd-0dad091b8ac4.txt	F	1353	677	676	17	18	0
5906.up-c2286e4674af.txt	F	5906.lswap-f4c2deec7c96.txt	F	1354	678	676	17	19	0
5906.up-c2286e4674af.txt	R	5906.lswap-f4c2deec7c96.txt	F	1354	678	676	17	19	0
5906.up-c2286e4674af.txt	F	5906.rbnd-2641d60c9d5c.txt	R	1365	683	682	17	18	0
5906.up-c2286e4674af.txt	F	5906.rbnd-e9623244f6b1.txt	F	1365	683	682	17	18	0
5906.up-c2286e4674af.txt	R	5906.rbnd-2641d60c9d5c.txt	R	1365	683	682	17	18	0
5906.up-c2286e4674af.txt	R	5906.rbnd-e9623244f6b1.txt	F	1365	683	682	17	18	0
5906.up-c2286e4674af.txt	F	5906.lswap-f4c2deec7c96.txt	R	1366	684	682	17	19	0
5906.up-c2286e4674af.txt	F	5906.up-8b8c8916a24a.txt	F	1366	684	682	17	19	0
5906.up-c2286e4674af.txt	F	5906.up-8b8c8916a24a.txt	R	1366	684	682	17	19	0
5906.up-c2286e4674af.txt	R	5906.lswap-f4c2deec7c96.txt	R	1366	684	682	17	19	0
5906.up-c2286e4674af.txt	R	5906.up-8b8c8916a24a.txt	F	1366	684	682	17	19	0
5906.up-c2286e4674af.txt	R	5906.up-8b8c8916a24a.txt	R	1366	684	682	17	19	0
5906.up-c2286e4674af.txt	F	5906.rbnd-c44d48fbd52c.txt	F	1377	689	688	17	18	0
5906.up-c2286e4674af.txt	R	5906.rbnd-c44d48fbd52c.txt	F	1377	689	688	17	18	0
5906.up-c2286e4674af.txt	F	5906.up-331228e22360.txt	F	1378	690	688	17	19	0
5906.up-c2286e4674af.txt	F	5906.up-331228e22360.txt	R	1378	690	688	17	19	0
5906.up-c2286e4674af.txt	R	5906.up-331228e22360.txt	F	1378	690	688	17	19	0
5906.up-c2286e4674af.txt	R	5906.up-331228e22360.txt	R	1378	690	688	17	19	0
5906.up-da93a66cd37b.txt	F	5906.up-37ac2db82134.txt	F	432	216	216	0	0	0
5906.up-da93a66cd37b.txt	F	5906.up-37ac2db82134.txt	R	432	216	216	0	0	0
5906.up-da93a66cd37b.txt	R	5906.up-37ac2db82134.txt	F	432	216	216	0	0	0
5906.up-da93a66cd37b.txt	R	5906.up-37ac2db82134.txt	R	432	216	216	0	0	0
5906.up-da93a66cd37b.txt	F	5906.lswap-dcc866de4e11.txt	F	468	234	234	0	0	0
5906.up-da93a66cd37b.txt	F	5906.lswap-dcc866de4e11.txt	R	468	234	234	0	0	0
5906.up-da93a66cd37b.txt	R	5906.lswap-dcc866de4e11.txt	F	468	234	234	0	0	0
5906.up-da93a66cd37b.txt	R	5906.lswap-dcc866de4e11.txt	R	468	234	234	0	0	0
5906.up-da93a66cd37b.txt	F	5906.lswap-25cebe1ff658.txt	F	480	240	240	0	0	0
5906.up-da93a66cd37b.txt	F	5906.lswap-25cebe1ff658.txt	R	480	240	240	0	0	0
5906.up-da93a66cd37b.txt	R	5906.lswap-25cebe1ff658.txt	F	480	240	240	0	0	0
5906.up-da93a66cd37b.txt	R	5906.lswap-25cebe1ff658.txt	R	480	240	240	0	0	0
5906.up-da93a66cd37b.txt	F	5906.up-207dc5352d35.txt	F	504	252	252	0	0	0
5906.up-da93a66cd37b.txt	F	5906.up-207dc5352d35.txt	R	504	252	252	0	0	0
5906.up-da93a66cd37b.txt	R	5906.up-207dc5352d35.txt	F	504	252	252	0	0	0
5906.up-da93a66cd37b.txt	R	5906.up-207dc5352d35.txt	R	504	252	252	0	0	0
5906.up-da93a66cd37b.txt	F	5906.lswap-3d82ae1f2111.txt	F	516	258	258	0	0	0
5906.up-da93a66cd37b.txt	F	5906.lswap-3d82ae1f2111.txt	R	516	258	258	0	0	0
5906.up-da93a66cd37b.txt	F	5906.lswap-7217a0cd3774.txt	F	516	258	258	0	0	0
5906.up-da93a66cd37b.txt	F	5906.lswap-7217a0cd3774.txt	R	516	258	258	0	0	0
5906.up-da93a66cd37b.txt	R	5906.lswap-3d82ae1f2111.txt	F	516	258	258	0	0	0
5906.up-da93a66cd37b.txt	R	5906.lswap-3d82ae1f2111.txt	R	516	258	258	0	0	0
5906.up-da93a66cd37b.txt	R	5906.lswap-7217a0cd3774.txt	F	516	258	258	0	0	0
5906.up-da93a66cd37b.txt	R	5906.lswap-7217a0cd3774.txt	R	516	258	258	0	0	0
5906.up-da93a66cd37b.txt	F	5906.up-e1680a9d0e30.txt	F	528	264	264	0	0	0
5906.up-da93a66cd37b.txt	F	5906.up-e1680a9d0e30.txt	R	528	264	264	0	0	0
5906.up-da93a66cd37b.txt	R	5906.up-e1680a9d0e30.txt	F	528	264	264	0	0	0
5906.up-da93a66cd37b.txt	R	5906.up-e1680a9d0e30.txt	R	528	264	264	0	0	0
5906.up-da93a66cd37b.txt	F	5906.lswap-e21e24656b8e.txt	F	552	276	276	0	0	0
5906.up-da93a66cd37b.txt	F	5906.lswap-e21e24656b8e.txt	R	552	276	276	0	0	0
5906.up-da93a66cd37b.txt	R	5906.lswap-e21e24656b8e.txt	F	552	276	276	0	0	0
5906.up-da93a66cd37b.txt	R	5906.lswap-e21e24656b8e.txt	R	552	276	276	0	0	0
5906.up-da93a66cd37b.txt	F	5906.lswap-7bd46049981f.txt	F	564	282	282	0	0	0
5906.up-da93a66cd37b.txt	F	5906.lswap-7bd46049981f.txt	R	564	282	282	0	0	0
5906.up-da93a66cd37b.txt	R	5906.lswap-7bd46049981f.txt	F	564	282	282	0	0	0
5906.up-da93a66cd37b.txt	R	5906.lswap-7bd46049981f.txt	R	564	282	282	0	0	0
5906.up-da93a66cd37b.txt	F	5906.up-a001786e5861.txt	F	600	300	300	0	0	0
5906.up-da93a66cd37b.txt	F	5906.up-a001786e5861.txt	R	600	300	300	0	0	0
5906.up-da93a66cd37b.txt	R	5906.up-a001786e5861.txt	F	600	300	300	0	0	0
5906.up-da93a66cd37b.txt	R	5906.up-a001786e5861.txt	R	600	300	300	0	0	0
5906.up-da93a66cd37b.txt	F	5906.up-14e2c7b29aae.txt	F	816	408	408	0	0	0
5906.up-da93a66cd37b.txt	F	5906.up-14e2c7b29aae.txt	R	816	408	408	0	0	0
5906.up-da93a66cd37b.txt	R	5906.up-14e2c7b29aae.txt	F	816	408	408	0	0	0
5906.up-da93a66cd37b.txt	R	5906.up-14e2c7b29aae.txt	R	816	408	408	0	0	0
5906.up-da93a66cd37b.txt	F	5906.lswap-be4759bc731a.txt	F	840	420	420	0	0	0
5906.up-da93a66cd37b.txt	F	5906.lswap-be4759bc731a.txt	R	840	420	420	0	0	0
5906.up-da93a66cd37b.txt	F	5906.lswap-cf5ecb0e9ecc.txt	F	840	420	420	0	0	0
5906.up-da93a66cd37b.txt	F	5906.lswap-cf5ecb0e9ecc.txt	R	840	420	420	0	0	0
5906.up-da93a66cd37b.txt	R	5906.lswap-be4759bc731a.txt	F	840	420	420	0	0	0
5906.up-da93a66cd37b.txt	R	5906.lswap-be4759bc731a.txt	R	840	420	420	0	0	0
5906.up-da93a66cd37b.txt	R	5906.lswap-cf5ecb0e9ecc.txt	F	840	420	420	0	0	0
5906.up-da93a66cd37b.txt	R	5906.lswap-cf5ecb0e9ecc.txt	R	840	420	420	0	0	0
5906.up-da93a66cd37b.txt	F	5906.lswap-5a55d1641a86.txt	F	864	432	432	0	0	0
5906.up-da93a66cd37b.txt	F	5906.lswap-5a55d1641a86.txt	R	864	432	432	0	0	0
5906.up-da93a66cd37b.txt	F	5906.lswap-6f6f375dca74.txt	F	864	432	432	0	0	0
5906.up-da93a66cd37b.txt	F	5906.lswap-6f6f375dca74.txt	R	864	432	432	0	0	0
5906.up-da93a66cd37b.txt	F	5906.lswap-d252e4d38aa9.txt	F	864	432	432	0	0	0
5906.up-da93a66cd37b.txt	F	5906.lswap-d252e4d38aa9.txt	R	864	432	432	0	0	0
5906.up-da93a66cd37b.txt	F	5906.up-168d62e1a9d1.txt	F	864	432	432	0	0	0
5906.up-da93a66cd37b.txt	F	5906.up-168d62e1a9d1.txt	R	864	432	432	0	0	0
5906.up-da93a66cd37b.txt	F	5906.up-77512ee88848.txt	F	864	432	432	0	0	0
5906.up-da93a66cd37b.txt	F	5906.up-77512ee88848.txt	R	864	432	432	0	0	0
5906.up-da93a66cd37b.txt	F	5906.up-7c111e182316.txt	F	864	432	432	0	0	0
5906.up-da93a66cd37b.txt	F	5906.up-7c111e182316.txt	R	864	432	432	0	0	0
5906.up-da93a66cd37b.txt	F	5906.up-a838f31a7b4f.txt	F	864	432	432	0	0	0
5906.up-da93a66cd37b.txt	F	5906.up-a838f31a7b4f.txt	R	864	432	432	0	0	0
5906.up-da93a66cd37b.txt	R	5906.lswap-5a55d1641a86.txt	F	864	432	432	0	0	0
5906.up-da93a66cd37b.txt	R	5906.lswap-5a55d1641a86.txt	R	864	432	432	0	0	0
5906.up-da93a66cd37b.txt	R	5906.lswap-6f6f375dca74.txt	F	864	432	432	0	0	0
5906.up-da93a66cd37b.txt	R	5906.lswap-6f6f375dca74.txt	R	864	432	432	0	0	0
5906.up-da93a66cd37b.txt	R	5906.lswap-d252e4d38aa9.txt	F	864	432	432	0	0	0
5906.up-da93a66cd37b.txt	R	5906.lswap-d252e4d38aa9.txt	R	864	432	432	0	0	0
5906.up-da93a66cd37b.txt	R	5906.up-168d62e1a9d1.txt	F	864	432	432	0	0	0
5906.up-da93a66cd37b.txt	R	5906.up-168d62e1a9d1.txt	R	864	432	432	0	0	0
5906.up-da93a66cd37b.txt	R	5906.up-77512ee88848.txt	F	864	432	432	0	0	0
5906.up-da93a66cd37b.txt	R	5906.up-77512ee88848.txt	R	864	432	432	0	0	0
5906.up-da93a66cd37b.txt	R	5906.up-7c111e182316.txt	F	864	432	432	0	0	0
5906.up-da93a66cd37b.txt	R	5906.up-7c111e182316.txt	R	864	432	432	0	0	0
5906.up-da93a66cd37b.txt	R	5906.up-a838f31a7b4f.txt	F	864	432	432	0	0	0
5906.up-da93a66cd37b.txt	R	5906.up-a838f31a7b4f.txt	R	864	432	432	0	0	0
5906.up-da93a66cd37b.txt	F	5906.lswap-5808edca979d.txt	F	876	438	438	0	0	0
5906.up-da93a66cd37b.txt	F	5906.lswap-5808edca979d.txt	R	876	438	438	0	0	0
5906.up-da93a66cd37b.txt	R	5906.lswap-5808edca979d.txt	F	876	438	438	0	0	0
5906.up-da93a66cd37b.txt	R	5906.lswap-5808edca979d.txt	R	876	438	438	0	0	0
5906.up-da93a66cd37b.txt	F	5906.lswap-3c791ffa671d.txt	F	888	444	444	0	0	0
5906.up-da93a66cd37b.txt	F	5906.lswap-3c791ffa671d.txt	R	888	444	444	0	0	0
5906.up-da93a66cd37b.txt	F	5906.lswap-41a210488ac9.txt	F	888	444	444	0	0	0
5906.up-da93a66cd37b.txt	F	5906.lswap-41a210488ac9.txt	R	888	444	444	0	0	0
5906.up-da93a66cd37b.txt	F	5906.lswap-4c179f65aa4b.txt	F	888	444	444	0	0	0
5906.up-da93a66cd37b.txt	F	5906.lswap-4c179f65aa4b.txt	R	888	444	444	0	0	0
5906.up-da93a66cd37b.txt	F	5906.lswap-5a7a973564fd.txt	F	888	444	444	0	0	0
5906.up-da93a66cd37b.txt	F	5906.lswap-5a7a973564fd.txt	R	888	444	444	0	0	0
5906.up-da93a66cd37b.txt	F	5906.lswap-9759fb4af500.txt	F	888	444	444	0	0	0
5906.up-da93a66cd37b.txt	F	5906.lswap-9759fb4af500.txt	R	888	444	444	0	0	0
5906.up-da93a66cd37b.txt	F	5906.lswap-aa52880fc9e0.txt	F	888	444	444	0	0	0
5906.up-da93a66cd37b.txt	F	5906.lswap-aa52880fc9e0.txt	R	888	444	444	0	0	0
5906.up-da93a66cd37b.txt	F	5906.lswap-b55f23a2f470.txt	F	888	444	444	0	0	0
5906.up-da93a66cd37b.txt	F	5906.lswap-b55f23a2f470.txt	R	888	444	444	0	0	0
5906.up-da93a66cd37b.txt	F	5906.lswap-cae9c3b46793.txt	F	888	444	444	0	0	0
5906.up-da93a66cd37b.txt	F	5906.lswap-cae9c3b46793.txt	R	888	444	444	0	0	0
5906.up-da93a66cd37b.txt	F	5906.up-0db50fc7743c.txt	F	888	444	444	0	0	0
5906.up-da93a66cd37b.txt	F	5906.up-0db50fc7743c.txt	R	888	444	444	0	0	0
5906.up-da93a66cd37b.txt	F	5906.up-6773ff05a318.txt	F	888	444	444	0	0	0
5906.up-da93a66cd37b.txt	F	5906.up-6773ff05a318.txt	R	888	444	444	0	0	0
5906.up-da93a66cd37b.txt	F	5906.up-e65e244c83d3.txt	F	888	444	444	0	0	0
5906.up-da93a66cd37b.txt	F	5906.up-e65e244c83d3.txt	R	888	444	444	0	0	0
5906.up-da93a66cd37b.txt	R	5906.lswap-3c791ffa671d.txt	F	888	444	444	0	0	0
5906.up-da93a66cd37b.txt	R	5906.lswap-3c791ffa671d.txt	R	888	444	444	0	0	0
5906.up-da93a66cd37b.txt	R	5906.lswap-41a210488ac9.txt	F	888	444	444	0	0	0
5906.up-da93a66cd37b.txt	R	5906.lswap-41a210488ac9.txt	R	888	444	444	0	0	0
5906.up-da93a66cd37b.txt	R	5906.lswap-4c179f65aa4b.txt	F	888	444	444	0	0	0
5906.up-da93a66cd37b.txt	R	5906.lswap-4c179f65aa4b.txt	R	888	444	444	0	0	0
5906.up-da93a66cd37b.txt	R	5906.lswap-5a7a973564fd.txt	F	888	444	444	0	0	0
5906.up-da93a66cd37b.txt	R	5906.lswap-5a7a973564fd.txt	R	888	444	444	0	0	0
5906.up-da93a66cd37b.txt	R	5906.lswap-9759fb4af500.txt	F	888	444	444	0	0	0
5906.up-da93a66cd37b.txt	R	5906.lswap-9759fb4af500.txt	R	888	444	444	0	0	0
5906.up-da93a66cd37b.txt	R	5906.lswap-aa52880fc9e0.txt	F	888	444	444	0	0	0
5906.up-da93a66cd37b.txt	R	5906.lswap-aa52880fc9e0.txt	R	888	444	444	0	0	0
5906.up-da93a66cd37b.txt	R	5906.lswap-b55f23a2f470.txt	F	888	444	444	0	0	0
5906.up-da93a66cd37b.txt	R	5906.lswap-b55f23a2f470.txt	R	888	444	444	0	0	0
5906.up-da93a66cd37b.txt	R	5906.lswap-cae9c3b46793.txt	F	888	444	444	0	0	0
5906.up-da93a66cd37b.txt	R	5906.lswap-cae9c3b46793.txt	R	888	444	444	0	0	0
5906.up-da93a66cd37b.txt	R	5906.up-0db50fc7743c.txt	F	888	444	444	0	0	0
5906.up-da93a66cd37b.txt	R	5906.up-0db50fc7743c.txt	R	888	444	444	0	0	0
5906.up-da93a66cd37b.txt	R	5906.up-6773ff05a318.txt	F	888	444	444	0	0	0
5906.up-da93a66cd37b.txt	R	5906.up-6773ff05a318.txt	R	888	444	444	0	0	0
5906.up-da93a66cd37b.txt	R	5906.up-e65e244c83d3.txt	F	888	444	444	0	0	0
5906.up-da93a66cd37b.txt	R	5906.up-e65e244c83d3.txt	R	888	444	444	0	0	0
5906.up-da93a66cd37b.txt	F	5906.lswap-2497c9291398.txt	F	900	450	450	0	0	0
5906.up-da93a66cd37b.txt	F	5906.lswap-2497c9291398.txt	R	900	450	450	0	0	0
5906.up-da93a66cd37b.txt	F	5906.lswap-a7d2db45842b.txt	F	900	450	450	0	0	0
5906.up-da93a66cd37b.txt	F	5906.lswap-a7d2db45842b.txt	R	900	450	450	0	0	0
5906.up-da93a66cd37b.txt	R	5906.lswap-2497c9291398.txt	F	900	450	450	0	0	0
5906.up-da93a66cd37b.txt	R	5906.lswap-2497c9291398.txt	R	900	450	450	0	0	0
5906.up-da93a66cd37b.txt	R	5906.lswap-a7d2db45842b.txt	F	900	450	450	0	0	0
5906.up-da93a66cd37b.txt	R	5906.lswap-a7d2db45842b.txt	R	900	450	450	0	0	0
5906.up-da93a66cd37b.txt	F	5906.lswap-031568aa1b5c.txt	F	912	456	456	0	0	0
5906.up-da93a66cd37b.txt	F	5906.lswap-031568aa1b5c.txt	R	912	456	456	0	0	0
5906.up-da93a66cd37b.txt	F	5906.lswap-20db05a5b51e.txt	F	912	456	456	0	0	0
5906.up-da93a66cd37b.txt	F	5906.lswap-20db05a5b51e.txt	R	912	456	456	0	0	0
5906.up-da93a66cd37b.txt	F	5906.lswap-2fb529601be6.txt	F	912	456	456	0	0	0
5906.up-da93a66cd37b.txt	F	5906.lswap-2fb529601be6.txt	R	912	456	456	0	0	0
5906.up-da93a66cd37b.txt	F	5906.lswap-3b4f2e286e0c.txt	F	912	456	456	0	0	0
5906.up-da93a66cd37b.txt	F	5906.lswap-3b4f2e286e0c.txt	R	912	456	456	0	0	0
5906.up-da93a66cd37b.txt	F	5906.lswap-3baeeea281f2.txt	F	912	456	456	0	0	0
5906.up-da93a66cd37b.txt	F	5906.lswap-3baeeea281f2.txt	R	912	456	456	0	0	0
5906.up-da93a66cd37b.txt	F	5906.lswap-49fc63d034f2.txt	F	912	456	456	0	0	0
5906.up-da93a66cd37b.txt	F	5906.lswap-49fc63d034f2.txt	R	912	456	456	0	0	0
5906.up-da93a66cd37b.txt	F	5906.lswap-5228890279ca.txt	F	912	456	456	0	0	0
5906.up-da93a66cd37b.txt	F	5906.lswap-5228890279ca.txt	R	912	456	456	0	0	0
5906.up-da93a66cd37b.txt	F	5906.lswap-964ebce5847f.txt	F	912	456	456	0	0	0
5906.up-da93a66cd37b.txt	F	5906.lswap-964ebce5847f.txt	R	912	456	456	0	0	0
5906.up-da93a66cd37b.txt	F	5906.lswap-a28e203d65dc.txt	F	912	456	456	0	0	0
5906.up-da93a66cd37b.txt	F	5906.lswap-a28e203d65dc.txt	R	912	456	456	0	0	0
5906.up-da93a66cd37b.txt	F	5906.lswap-afd973e1a915.txt	F	912	456	456	0	0	0
5906.up-da93a66cd37b.txt	F	5906.lswap-afd973e1a915.txt	R	912	456	456	0	0	0
5906.up-da93a66cd37b.txt	F	5906.lswap-c55c2b0fbb0f.txt	F	912	456	456	0	0	0
5906.up-da93a66cd37b.txt	F	5906.lswap-c55c2b0fbb0f.txt	R	912	456	456	0	0	0
5906.up-da93a66cd37b.txt	F	5906.up-0d2e98183c29.txt	F	912	456	456	0	0	0
5906.up-da93a66cd37b.txt	F	5906.up-0d2e98183c29.txt	R	912	456	456	0	0	0
5906.up-da93a66cd37b.txt	F	5906.up-2cb6c1139592.txt	F	912	456	456	0	0	0
5906.up-da93a66cd37b.txt	F	5906.up-2cb6c1139592.txt	R	912	456	456	0	0	0
5906.up-da93a66cd37b.txt	F	5906.up-3ba99c5557bb.txt	F	912	456	456	0	0	0
5906.up-da93a66cd37b.txt	F	5906.up-3ba99c5557bb.txt	R	912	456	456	0	0	0
5906.up-da93a66cd37b.txt	F	5906.up-5ce87c54ecea.txt	F	912	456	456	0	0	0
5906.up-da93a66cd37b.txt	F	5906.up-5ce87c54ecea.txt	R	912	456	456	0	0	0
5906.up-da93a66cd37b.txt	F	5906.up-839c85982253.txt	F	912	456	456	0	0	0
5906.up-da93a66cd37b.txt	F	5906.up-839c85982253.txt	R	912	456	456	0	0	0
5906.up-da93a66cd37b.txt	F	5906.up-a00b3e52965d.txt	F	912	456	456	0	0	0
5906.up-da93a66cd37b.txt	F	5906.up-a00b3e52965d.txt	R	912	456	456	0	0	0
5906.up-da93a66cd37b.txt	F	5906.up-b2d6bec1e3bd.txt	F	912	456	456	0	0	0
5906.up-da93a66cd37b.txt	F	5906.up-b2d6bec1e3bd.txt	R	912	456	456	0	0	0
5906.up-da93a66cd37b.txt	F	5906.up-e94d2b57a7d4.txt	F	912	456	456	0	0	0
5906.up-da93a66cd37b.txt	F	5906.up-e94d2b57a7d4.txt	R	912	456	456	0	0	0
5906.up-da93a66cd37b.txt	R	5906.lswap-031568aa1b5c.txt	F	912	456	456	0	0	0
5906.up-da93a66cd37b.txt	R	5906.lswap-031568aa1b5c.txt	R	912	456	456	0	0	0
5906.up-da93a66cd37b.txt	R	5906.lswap-20db05a5b51e.txt	F	912	456	456	0	0	0
5906.up-da93a66cd37b.txt	R	5906.lswap-20db05a5b51e.txt	R	912	456	456	0	0	0
5906.up-da93a66cd37b.txt	R	5906.lswap-2fb529601be6.txt	F	912	456	456	0	0	0
5906.up-da93a66cd37b.txt	R	5906.lswap-2fb529601be6.txt	R	912	456	456	0	0	0
5906.up-da93a66cd37b.txt	R	5906.lswap-3b4f2e286e0c.txt	F	912	456	456	0	0	0
5906.up-da93a66cd37b.txt	R	5906.lswap-3b4f2e286e0c.txt	R	912	456	456	0	0	0
5906.up-da93a66cd37b.txt	R	5906.lswap-3baeeea281f2.txt	F	912	456	456	0	0	0
5906.up-da93a66cd37b.txt	R	5906.lswap-3baeeea281f2.txt	R	912	456	456	0	0	0
5906.up-da93a66cd37b.txt	R	5906.lswap-49fc63d034f2.txt	F	912	456	456	0	0	0
5906.up-da93a66cd37b.txt	R	5906.lswap-49fc63d034f2.txt	R	912	456	456	0	0	0
5906.up-da93a66cd37b.txt	R	5906.lswap-5228890279ca.txt	F	912	456	456	0	0	0
5906.up-da93a66cd37b.txt	R	5906.lswap-5228890279ca.txt	R	912	456	456	0	0	0
5906.up-da93a66cd37b.txt	R	5906.lswap-964ebce5847f.txt	F	912	456	456	0	0	0
5906.up-da93a66cd37b.txt	R	5906.lswap-964ebce5847f.txt	R	912	456	456	0	0	0
5906.up-da93a66cd37b.txt	R	5906.lswap-a28e203d65dc.txt	F	912	456	456	0	0	0
5906.up-da93a66cd37b.txt	R	5906.lswap-a28e203d65dc.txt	R	912	456	456	0	0	0
5906.up-da93a66cd37b.txt	R	5906.lswap-afd973e1a915.txt	F	912	456	456	0	0	0
5906.up-da93a66cd37b.txt	R	5906.lswap-afd973e1a915.txt	R	912	456	456	0	0	0
5906.up-da93a66cd37b.txt	R	5906.lswap-c55c2b0fbb0f.txt	F	912	456	456	0	0	0
5906.up-da93a66cd37b.txt	R	5906.lswap-c55c2b0fbb0f.txt	R	912	456	456	0	0	0
5906.up-da93a66cd37b.txt	R	5906.up-0d2e98183c29.txt	F	912	456	456	0	0	0
5906.up-da93a66cd37b.txt	R	5906.up-0d2e98183c29.txt	R	912	456	456	0	0	0
5906.up-da93a66cd37b.txt	R	5906.up-2cb6c1139592.txt	F	912	456	456	0	0	0
5906.up-da93a66cd37b.txt	R	5906.up-2cb6c1139592.txt	R	912	456	456	0	0	0
5906.up-da93a66cd37b.txt	R	5906.up-3ba99c5557bb.txt	F	912	456	456	0	0	0
5906.up-da93a66cd37b.txt	R	5906.up-3ba99c5557bb.txt	R	912	456	456	0	0	0
5906.up-da93a66cd37b.txt	R	5906.up-5ce87c54ecea.txt	F	912	456	456	0	0	0
5906.up-da93a66cd37b.txt	R	5906.up-5ce87c54ecea.txt	R	912	456	456	0	0	0
5906.up-da93a66cd37b.txt	R	5906.up-839c85982253.txt	F	912	456	456	0	0	0
5906.up-da93a66cd37b.txt	R	5906.up-839c85982253.txt	R	912	456	456	0	0	0
5906.up-da93a66cd37b.txt	R	5906.up-a00b3e52965d.txt	F	912	456	456	0	0	0
5906.up-da93a66cd37b.txt	R	5906.up-a00b3e52965d.txt	R	912	456	456	0	0	0
5906.up-da93a66cd37b.txt	R	5906.up-b2d6bec1e3bd.txt	F	912	456	456	0	0	0
5906.up-da93a66cd37b.txt	R	5906.up-b2d6bec1e3bd.txt	R	912	456	456	0	0	0
5906.up-da93a66cd37b.txt	R	5906.up-e94d2b57a7d4.txt	F	912	456	456	0	0	0
5906.up-da93a66cd37b.txt	R	5906.up-e94d2b57a7d4.txt	R	912	456	456	0	0	0
5906.up-da93a66cd37b.txt	F	5906.lswap-29ee6f7c1197.txt	F	924	462	462	0	0	0
5906.up-da93a66cd37b.txt	F	5906.lswap-29ee6f7c1197.txt	R	924	462	462	0	0	0
5906.up-da93a66cd37b.txt	F	5906.lswap-52e683fb05d3.txt	F	924	462	462	0	0	0
5906.up-da93a66cd37b.txt	F	5906.lswap-52e683fb05d3.txt	R	924	462	462	0	0	0
5906.up-da93a66cd37b.txt	F	5906.lswap-9a5cc6a6e3c8.txt	F	924	462	462	0	0	0
5906.up-da93a66cd37b.txt	F	5906.lswap-9a5cc6a6e3c8.txt	R	924	462	462	0	0	0
5906.up-da93a66cd37b.txt	R	5906.lswap-29ee6f7c1197.txt	F	924	462	462	0	0	0
5906.up-da93a66cd37b.txt	R	5906.lswap-29ee6f7c1197.txt	R	924	462	462	0	0	0
5906.up-da93a66cd37b.txt	R	5906.lswap-52e683fb05d3.txt	F	924	462	462	0	0	0
5906.up-da93a66cd37b.txt	R	5906.lswap-52e683fb05d3.txt	R	924	462	462	0	0	0
5906.up-da93a66cd37b.txt	R	5906.lswap-9a5cc6a6e3c8.txt	F	924	462	462	0	0	0
5906.up-da93a66cd37b.txt	R	5906.lswap-9a5cc6a6e3c8.txt	R	924	462	462	0	0	0
5906.up-da93a66cd37b.txt	F	5906.rbnd-0dad091b8ac4.txt	R	935	468	467	0	1	0
5906.up-da93a66cd37b.txt	F	5906.rbnd-2641d60c9d5c.txt	F	935	468	467	0	1	0
5906.up-da93a66cd37b.txt	R	5906.rbnd-0dad091b8ac4.txt	R	935	468	467	0	1	0
5906.up-da93a66cd37b.txt	R	5906.rbnd-2641d60c9d5c.txt	F	935	468	467	0	1	0
5906.up-da93a66cd37b.txt	F	5906.lswap-025c4805fc39.txt	F	936	468	468	0	0	0
5906.up-da93a66cd37b.txt	F	5906.lswap-025c4805fc39.txt	R	936	468	468	0	0	0
5906.up-da93a66cd37b.txt	F	5906.lswap-25804d565b10.txt	F	936	468	468	0	0	0
5906.up-da93a66cd37b.txt	F	5906.lswap-25804d565b10.txt	R	936	468	468	0	0	0
5906.up-da93a66cd37b.txt	F	5906.lswap-6bd82af50a4e.txt	F	936	468	468	0	0	0
5906.up-da93a66cd37b.txt	F	5906.lswap-6bd82af50a4e.txt	R	936	468	468	0	0	0
5906.up-da93a66cd37b.txt	F	5906.lswap-73851215f718.txt	F	936	468	468	0	0	0
5906.up-da93a66cd37b.txt	F	5906.lswap-73851215f718.txt	R	936	468	468	0	0	0
5906.up-da93a66cd37b.txt	F	5906.lswap-7602ba885180.txt	F	936	468	468	0	0	0
5906.up-da93a66cd37b.txt	F	5906.lswap-7602ba885180.txt	R	936	468	468	0	0	0
5906.up-da93a66cd37b.txt	F	5906.lswap-80e6c24a2613.txt	F	936	468	468	0	0	0
5906.up-da93a66cd37b.txt	F	5906.lswap-80e6c24a2613.txt	R	936	468	468	0	0	0
5906.up-da93a66cd37b.txt	F	5906.lswap-821102adfff8.txt	F	936	468	468	0	0	0
5906.up-da93a66cd37b.txt	F	5906.lswap-821102adfff8.txt	R	936	468	468	0	0	0
5906.up-da93a66cd37b.txt	F	5906.lswap-9bd2a50baa0e.txt	F	936	468	468	0	0	0
5906.up-da93a66cd37b.txt	F	5906.lswap-9bd2a50baa0e.txt	R	936	468	468	0	0	0
5906.up-da93a66cd37b.txt	F	5906.lswap-b12d38608f09.txt	F	936	468	468	0	0	0
5906.up-da93a66cd37b.txt	F	5906.lswap-b12d38608f09.txt	R	936	468	468	0	0	0
5906.up-da93a66cd37b.txt	F	5906.lswap-e0920da719d9.txt	F	936	468	468	0	0	0
5906.up-da93a66cd37b.txt	F	5906.lswap-e0920da719d9.txt	R	936	468	468	0	0	0
5906.up-da93a66cd37b.txt	F	5906.lswap-e59a6239aa79.txt	F	936	468	468	0	0	0
5906.up-da93a66cd37b.txt	F	5906.lswap-e59a6239aa79.txt	R	936	468	468	0	0	0
5906.up-da93a66cd37b.txt	F	5906.lswap-f6dbf9989449.txt	F	936	468	468	0	0	0
5906.up-da93a66cd37b.txt	F	5906.lswap-f6dbf9989449.txt	R	936	468	468	0	0	0
5906.up-da93a66cd37b.txt	F	5906.up-16ca46d2c5a9.txt	F	936	468	468	0	0	0
5906.up-da93a66cd37b.txt	F	5906.up-16ca46d2c5a9.txt	R	936	468	468	0	0	0
5906.up-da93a66cd37b.txt	F	5906.up-3de4f10d5095.txt	F	936	468	468	0	0	0
5906.up-da93a66cd37b.txt	F	5906.up-3de4f10d5095.txt	R	936	468	468	0	0	0
5906.up-da93a66cd37b.txt	F	5906.up-78d638be95ae.txt	F	936	468	468	0	0	0
5906.up-da93a66cd37b.txt	F	5906.up-78d638be95ae.txt	R	936	468	468	0	0	0
5906.up-da93a66cd37b.txt	F	5906.up-dcd1e20d40f8.txt	F	936	468	468	0	0	0
5906.up-da93a66cd37b.txt	F	5906.up-dcd1e20d40f8.txt	R	936	468	468	0	0	0
5906.up-da93a66cd37b.txt	F	5906.up-e8da0f18269f.txt	F	936	468	468	0	0	0
5906.up-da93a66cd37b.txt	F	5906.up-e8da0f18269f.txt	R	936	468	468	0	0	0
5906.up-da93a66cd37b.txt	R	5906.lswap-025c4805fc39.txt	F	936	468	468	0	0	0
5906.up-da93a66cd37b.txt	R	5906.lswap-025c4805fc39.txt	R	936	468	468	0	0	0
5906.up-da93a66cd37b.txt	R	5906.lswap-25804d565b10.txt	F	936	468	468	0	0	0
5906.up-da93a66cd37b.txt	R	5906.lswap-25804d565b10.txt	R	936	468	468	0	0	0
5906.up-da93a66cd37b.txt	R	5906.lswap-6bd82af50a4e.txt	F	936	468	468	0	0	0
5906.up-da93a66cd37b.txt	R	5906.lswap-6bd82af50a4e.txt	R	936	468	468	0	0	0
5906.up-da93a66cd37b.txt	R	5906.lswap-73851215f718.txt	F	936	468	468	0	0	0
5906.up-da93a66cd37b.txt	R	5906.lswap-73851215f718.txt	R	936	468	468	0	0	0
5906.up-da93a66cd37b.txt	R	5906.lswap-7602ba885180.txt	F	936	468	468	0	0	0
5906.up-da93a66cd37b.txt	R	5906.lswap-7602ba885180.txt	R	936	468	468	0	0	0
5906.up-da93a66cd37b.txt	R	5906.lswap-80e6c24a2613.txt	F	936	468	468	0	0	0
5906.up-da93a66cd37b.txt	R	5906.lswap-80e6c24a2613.txt	R	936	468	468	0	0	0
5906.up-da93a66cd37b.txt	R	5906.lswap-821102adfff8.txt	F	936	468	468	0	0	0
5906.up-da93a66cd37b.txt	R	5906.lswap-821102adfff8.txt	R	936	468	468	0	0	0
5906.up-da93a66cd37b.txt	R	5906.lswap-9bd2a50baa0e.txt	F	936	468	468	0	0	0
5906.up-da93a66cd37b.txt	R	5906.lswap-9bd2a50baa0e.txt	R	936	468	468	0	0	0
5906.up-da93a66cd37b.txt	R	5906.lswap-b12d38608f09.txt	F	936	468	468	0	0	0
5906.up-da93a66cd37b.txt	R	5906.lswap-b12d38608f09.txt	R	936	468	468	0	0	0
5906.up-da93a66cd37b.txt	R	5906.lswap-e0920da719d9.txt	F	936	468	468	0	0	0
5906.up-da93a66cd37b.txt	R	5906.lswap-e0920da719d9.txt	R	936	468	468	0	0	0
5906.up-da93a66cd37b.txt	R	5906.lswap-e59a6239aa79.txt	F	936	468	468	0	0	0
5906.up-da93a66cd37b.txt	R	5906.lswap-e59a6239aa79.txt	R	936	468	468	0	0	0
5906.up-da93a66cd37b.txt	R	5906.lswap-f6dbf9989449.txt	F	936	468	468	0	0	0
5906.up-da93a66cd37b.txt	R	5906.lswap-f6dbf9989449.txt	R	936	468	468	0	0	0
5906.up-da93a66cd37b.txt	R	5906.up-16ca46d2c5a9.txt	F	936	468	468	0	0	0
5906.up-da93a66cd37b.txt	R	5906.up-16ca46d2c5a9.txt	R	936	468	468	0	0	0
5906.up-da93a66cd37b.txt	R	5906.up-3de4f10d5095.txt	F	936	468	468	0	0	0
5906.up-da93a66cd37b.txt	R	5906.up-3de4f10d5095.txt	R	936	468	468	0	0	0
5906.up-da93a66cd37b.txt	R	5906.up-78d638be95ae.txt	F	936	468	468	0	0	0
5906.up-da93a66cd37b.txt	R	5906.up-78d638be95ae.txt	R	936	468	468	0	0	0
5906.up-da93a66cd37b.txt	R	5906.up-dcd1e20d40f8.txt	F	936	468	468	0	0	0
5906.up-da93a66cd37b.txt	R	5906.up-dcd1e20d40f8.txt	R	936	468	468	0	0	0
5906.up-da93a66cd37b.txt	R	5906.up-e8da0f18269f.txt	F	936	468	468	0	0	0
5906.up-da93a66cd37b.txt	R	5906.up-e8da0f18269f.txt	R	936	468	468	0	0	0
5906.up-da93a66cd37b.txt	F	5906.lswap-6d0ad177e5ee.txt	F	948	474	474	0	0	0
5906.up-da93a66cd37b.txt	F	5906.lswap-6d0ad177e5ee.txt	R	948	474	474	0	0	0
5906.up-da93a66cd37b.txt	F	5906.lswap-8ed814577309.txt	F	948	474	474	0	0	0
5906.up-da93a66cd37b.txt	F	5906.lswap-8ed814577309.txt	R	948	474	474	0	0	0
5906.up-da93a66cd37b.txt	F	5906.lswap-aea48ef05d9e.txt	F	948	474	474	0	0	0
5906.up-da93a66cd37b.txt	F	5906.lswap-aea48ef05d9e.txt	R	948	474	474	0	0	0
5906.up-da93a66cd37b.txt	F	5906.lswap-df71274e07be.txt	F	948	474	474	0	0	0
5906.up-da93a66cd37b.txt	F	5906.lswap-df71274e07be.txt	R	948	474	474	0	0	0
5906.up-da93a66cd37b.txt	F	5906.lswap-e73e096376f0.txt	F	948	474	474	0	0	0
5906.up-da93a66cd37b.txt	F	5906.lswap-e73e096376f0.txt	R	948	474	474	0	0	0
5906.up-da93a66cd37b.txt	R	5906.lswap-6d0ad177e5ee.txt	F	948	474	474	0	0	0
5906.up-da93a66cd37b.txt	R	5906.lswap-6d0ad177e5ee.txt	R	948	474	474	0	0	0
5906.up-da93a66cd37b.txt	R	5906.lswap-8ed814577309.txt	F	948	474	474	0	0	0
5906.up-da93a66cd37b.txt	R	5906.lswap-8ed814577309.txt	R	948	474	474	0	0	0
5906.up-da93a66cd37b.txt	R	5906.lswap-aea48ef05d9e.txt	F	948	474	474	0	0	0
5906.up-da93a66cd37b.txt	R	5906.lswap-aea48ef05d9e.txt	R	948	474	474	0	0	0
5906.up-da93a66cd37b.txt	R	5906.lswap-df71274e07be.txt	F	948	474	474	0	0	0
5906.up-da93a66cd37b.txt	R	5906.lswap-df71274e07be.txt	R	948	474	474	0	0	0
5906.up-da93a66cd37b.txt	R	5906.lswap-e73e096376f0.txt	F	948	474	474	0	0	0
5906.up-da93a66cd37b.txt	R	5906.lswap-e73e096376f0.txt	R	948	474	474	0	0	0
5906.up-da93a66cd37b.txt	F	5906.rbnd-c44d48fbd52c.txt	R	959	480	479	0	1	0
5906.up-da93a66cd37b.txt	R	5906.rbnd-c44d48fbd52c.txt	R	959	480	479	0	1	0
5906.up-da93a66cd37b.txt	F	5906.lswap-0de54c0a7bb6.txt	F	960	480	480	0	0	0
5906.up-da93a66cd37b.txt	F	5906.lswap-0de54c0a7bb6.txt	R	960	480	480	0	0	0
5906.up-da93a66cd37b.txt	F	5906.lswap-17203113788c.txt	F	960	480	480	0	0	0
5906.up-da93a66cd37b.txt	F	5906.lswap-17203113788c.txt	R	960	480	480	0	0	0
5906.up-da93a66cd37b.txt	F	5906.lswap-1e70957354f1.txt	F	960	480	480	0	0	0
5906.up-da93a66cd37b.txt	F	5906.lswap-1e70957354f1.txt	R	960	480	480	0	0	0
5906.up-da93a66cd37b.txt	F	5906.lswap-2ae54d2fd96c.txt	F	960	480	480	0	0	0
5906.up-da93a66cd37b.txt	F	5906.lswap-2ae54d2fd96c.txt	R	960	480	480	0	0	0
5906.up-da93a66cd37b.txt	F	5906.lswap-5764c730eaee.txt	F	960	480	480	0	0	0
5906.up-da93a66cd37b.txt	F	5906.lswap-5764c730eaee.txt	R	960	480	480	0	0	0
5906.up-da93a66cd37b.txt	F	5906.lswap-7f47c6e6eeda.txt	F	960	480	480	0	0	0
5906.up-da93a66cd37b.txt	F	5906.lswap-7f47c6e6eeda.txt	R	960	480	480	0	0	0
5906.up-da93a66cd37b.txt	F	5906.lswap-eeb9a73f4b33.txt	F	960	480	480	0	0	0
5906.up-da93a66cd37b.txt	F	5906.lswap-eeb9a73f4b33.txt	R	960	480	480	0	0	0
5906.up-da93a66cd37b.txt	F	5906.up-756ff2ed09bd.txt	F	960	480	480	0	0	0
5906.up-da93a66cd37b.txt	F	5906.up-756ff2ed09bd.txt	R	960	480	480	0	0	0
5906.up-da93a66cd37b.txt	F	5906.up-8ec03171f5df.txt	F	960	480	480	0	0	0
5906.up-da93a66cd37b.txt	F	5906.up-8ec03171f5df.txt	R	960	480	480	0	0	0
5906.up-da93a66cd37b.txt	F	5906.up-91a0d3cd2c14.txt	F	960	480	480	0	0	0
5906.up-da93a66cd37b.txt	F	5906.up-91a0d3cd2c14.txt	R	960	480	480	0	0	0
5906.up-da93a66cd37b.txt	F	5906.up-a235b0e09b6c.txt	F	960	480	480	0	0	0
5906.up-da93a66cd37b.txt	F	5906.up-a235b0e09b6c.txt	R	960	480	480	0	0	0
5906.up-da93a66cd37b.txt	F	5906.up-abe33e328763.txt	F	960	480	480	0	0	0
5906.up-da93a66cd37b.txt	F	5906.up-abe33e328763.txt	R	960	480	480	0	0	0
5906.up-da93a66cd37b.txt	F	5906.up-aed220b1ebc4.txt	F	960	480	480	0	0	0
5906.up-da93a66cd37b.txt	F	5906.up-aed220b1ebc4.txt	R	960	480	480	0	0	0
5906.up-da93a66cd37b.txt	F	5906.up-cad80abdf334.txt	F	960	480	480	0	0	0
5906.up-da93a66cd37b.txt	F	5906.up-cad80abdf334.txt	R	960	480	480	0	0	0
5906.up-da93a66cd37b.txt	F	5906.up-e948752d6a32.txt	F	960	480	480	0	0	0
5906.up-da93a66cd37b.txt	F	5906.up-e948752d6a32.txt	R	960	480	480	0	0	0
5906.up-da93a66cd37b.txt	R	5906.lswap-0de54c0a7bb6.txt	F	960	480	480	0	0	0
5906.up-da93a66cd37b.txt	R	5906.lswap-0de54c0a7bb6.txt	R	960	480	480	0	0	0
5906.up-da93a66cd37b.txt	R	5906.lswap-17203113788c.txt	F	960	480	480	0	0	0
5906.up-da93a66cd37b.txt	R	5906.lswap-17203113788c.txt	R	960	480	480	0	0	0
5906.up-da93a66cd37b.txt	R	5906.lswap-1e70957354f1.txt	F	960	480	480	0	0	0
5906.up-da93a66cd37b.txt	R	5906.lswap-1e70957354f1.txt	R	960	480	480	0	0	0
5906.up-da93a66cd37b.txt	R	5906.lswap-2ae54d2fd96c.txt	F	960	480	480	0	0	0
5906.up-da93a66cd37b.txt	R	5906.lswap-2ae54d2fd96c.txt	R	960	480	480	0	0	0
5906.up-da93a66cd37b.txt	R	5906.lswap-5764c730eaee.txt	F	960	480	480	0	0	0
5906.up-da93a66cd37b.txt	R	5906.lswap-5764c730eaee.txt	R	960	480	480	0	0	0
5906.up-da93a66cd37b.txt	R	5906.lswap-7f47c6e6eeda.txt	F	960	480	480	0	0	0
5906.up-da93a66cd37b.txt	R	5906.lswap-7f47c6e6eeda.txt	R	960	480	480	0	0	0
5906.up-da93a66cd37b.txt	R	5906.lswap-eeb9a73f4b33.txt	F	960	480	480	0	0	0
5906.up-da93a66cd37b.txt	R	5906.lswap-eeb9a73f4b33.txt	R	960	480	480	0	0	0
5906.up-da93a66cd37b.txt	R	5906.up-756ff2ed09bd.txt	F	960	480	480	0	0	0
5906.up-da93a66cd37b.txt	R	5906.up-756ff2ed09bd.txt	R	960	480	480	0	0	0
5906.up-da93a66cd37b.txt	R	5906.up-8ec03171f5df.txt	F	960	480	480	0	0	0
5906.up-da93a66cd37b.txt	R	5906.up-8ec03171f5df.txt	R	960	480	480	0	0	0
5906.up-da93a66cd37b.txt	R	5906.up-91a0d3cd2c14.txt	F	960	480	480	0	0	0
5906.up-da93a66cd37b.txt	R	5906.up-91a0d3cd2c14.txt	R	960	480	480	0	0	0
5906.up-da93a66cd37b.txt	R	5906.up-a235b0e09b6c.txt	F	960	480	480	0	0	0
5906.up-da93a66cd37b.txt	R	5906.up-a235b0e09b6c.txt	R	960	480	480	0	0	0
5906.up-da93a66cd37b.txt	R	5906.up-abe33e328763.txt	F	960	480	480	0	0	0
5906.up-da93a66cd37b.txt	R	5906.up-abe33e328763.txt	R	960	480	480	0	0	0
5906.up-da93a66cd37b.txt	R	5906.up-aed220b1ebc4.txt	F	960	480	480	0	0	0
5906.up-da93a66cd37b.txt	R	5906.up-aed220b1ebc4.txt	R	960	480	480	0	0	0
5906.up-da93a66cd37b.txt	R	5906.up-cad80abdf334.txt	F	960	480	480	0	0	0
5906.up-da93a66cd37b.txt	R	5906.up-cad80abdf334.txt	R	960	480	480	0	0	0
5906.up-da93a66cd37b.txt	R	5906.up-e948752d6a32.txt	F	960	480	480	0	0	0
5906.up-da93a66cd37b.txt	R	5906.up-e948752d6a32.txt	R	960	480	480	0	0	0
5906.up-da93a66cd37b.txt	F	5906.lswap-5dbb54e50268.txt	F	972	486	486	0	0	0
5906.up-da93a66cd37b.txt	F	5906.lswap-5dbb54e50268.txt	R	972	486	486	0	0	0
5906.up-da93a66cd37b.txt	F	5906.lswap-9f3672f6c430.txt	F	972	486	486	0	0	0
5906.up-da93a66cd37b.txt	F	5906.lswap-9f3672f6c430.txt	R	972	486	486	0	0	0
5906.up-da93a66cd37b.txt	F	5906.lswap-e145b859ca30.txt	F	972	486	486	0	0	0
5906.up-da93a66cd37b.txt	F	5906.lswap-e145b859ca30.txt	R	972	486	486	0	0	0
5906.up-da93a66cd37b.txt	R	5906.lswap-5dbb54e50268.txt	F	972	486	486	0	0	0
5906.up-da93a66cd37b.txt	R	5906.lswap-5dbb54e50268.txt	R	972	486	486	0	0	0
5906.up-da93a66cd37b.txt	R	5906.lswap-9f3672f6c430.txt	F	972	486	486	0	0	0
5906.up-da93a66cd37b.txt	R	5906.lswap-9f3672f6c430.txt	R	972	486	486	0	0	0
5906.up-da93a66cd37b.txt	R	5906.lswap-e145b859ca30.txt	F	972	486	486	0	0	0
5906.up-da93a66cd37b.txt	R	5906.lswap-e145b859ca30.txt	R	972	486	486	0	0	0
5906.up-da93a66cd37b.txt	F	5906.rbnd-e9623244f6b1.txt	R	983	492	491	0	1	0
5906.up-da93a66cd37b.txt	R	5906.rbnd-e9623244f6b1.txt	R	983	492	491	0	1	0
5906.up-da93a66cd37b.txt	F	5906.lswap-423441640591.txt	F	984	492	492	0	0	0
5906.up-da93a66cd37b.txt	F	5906.lswap-423441640591.txt	R	984	492	492	0	0	0
5906.up-da93a66cd37b.txt	F	5906.lswap-469763027c57.txt	F	984	492	492	0	0	0
5906.up-da93a66cd37b.txt	F	5906.lswap-469763027c57.txt	R	984	492	492	0	0	0
5906.up-da93a66cd37b.txt	F	5906.lswap-52f45c5e8e22.txt	F	984	492	492	0	0	0
5906.up-da93a66cd37b.txt	F	5906.lswap-52f45c5e8e22.txt	R	984	492	492	0	0	0
5906.up-da93a66cd37b.txt	F	5906.lswap-62d959eb4e73.txt	F	984	492	492	0	0	0
5906.up-da93a66cd37b.txt	F	5906.lswap-62d959eb4e73.txt	R	984	492	492	0	0	0
5906.up-da93a66cd37b.txt	F	5906.lswap-6d7ea156bdcc.txt	F	984	492	492	0	0	0
5906.up-da93a66cd37b.txt	F	5906.lswap-6d7ea156bdcc.txt	R	984	492	492	0	0	0
5906.up-da93a66cd37b.txt	F	5906.up-53b55626d912.txt	F	984	492	492	0	0	0
5906.up-da93a66cd37b.txt	F	5906.up-53b55626d912.txt	R	984	492	492	0	0	0
5906.up-da93a66cd37b.txt	F	5906.up-7824c044436e.txt	F	984	492	492	0	0	0
5906.up-da93a66cd37b.txt	F	5906.up-7824c044436e.txt	R	984	492	492	0	0	0
5906.up-da93a66cd37b.txt	F	5906.up-95ffff5c765c.txt	F	984	492	492	0	0	0
5906.up-da93a66cd37b.txt	F	5906.up-95ffff5c765c.txt	R	984	492	492	0	0	0
5906.up-da93a66cd37b.txt	F	5906.up-dab493384582.txt	F	984	492	492	0	0	0
5906.up-da93a66cd37b.txt	F	5906.up-dab493384582.txt	R	984	492	492	0	0	0
5906.up-da93a66cd37b.txt	R	5906.lswap-423441640591.txt	F	984	492	492	0	0	0
5906.up-da93a66cd37b.txt	R	5906.lswap-423441640591.txt	R	984	492	492	0	0	0
5906.up-da93a66cd37b.txt	R	5906.lswap-469763027c57.txt	F	984	492	492	0	0	0
5906.up-da93a66cd37b.txt	R	5906.lswap-469763027c57.txt	R	984	492	492	0	0	0
5906.up-da93a66cd37b.txt	R	5906.lswap-52f45c5e8e22.txt	F	984	492	492	0	0	0
5906.up-da93a66cd37b.txt	R	5906.lswap-52f45c5e8e22.txt	R	984	492	492	0	0	0
5906.up-da93a66cd37b.txt	R	5906.lswap-62d959eb4e73.txt	F	984	492	492	0	0	0
5906.up-da93a66cd37b.txt	R	5906.lswap-62d959eb4e73.txt	R	984	492	492	0	0	0
5906.up-da93a66cd37b.txt	R	5906.lswap-6d7ea156bdcc.txt	F	984	492	492	0	0	0
5906.up-da93a66cd37b.txt	R	5906.lswap-6d7ea156bdcc.txt	R	984	492	492	0	0	0
5906.up-da93a66cd37b.txt	R	5906.up-53b55626d912.txt	F	984	492	492	0	0	0
5906.up-da93a66cd37b.txt	R	5906.up-53b55626d912.txt	R	984	492	492	0	0	0
5906.up-da93a66cd37b.txt	R	5906.up-7824c044436e.txt	F	984	492	492	0	0	0
5906.up-da93a66cd37b.txt	R	5906.up-7824c044436e.txt	R	984	492	492	0	0	0
5906.up-da93a66cd37b.txt	R	5906.up-95ffff5c765c.txt	F	984	492	492	0	0	0
5906.up-da93a66cd37b.txt	R	5906.up-95ffff5c765c.txt	R	984	492	492	0	0	0
5906.up-da93a66cd37b.txt	R	5906.up-dab493384582.txt	F	984	492	492	0	0	0
5906.up-da93a66cd37b.txt	R	5906.up-dab493384582.txt	R	984	492	492	0	0	0
5906.up-da93a66cd37b.txt	F	5906.lswap-49fac07a5323.txt	F	996	498	498	0	0	0
5906.up-da93a66cd37b.txt	F	5906.lswap-49fac07a5323.txt	R	996	498	498	0	0	0
5906.up-da93a66cd37b.txt	F	5906.lswap-af54b6f406a6.txt	F	996	498	498	0	0	0
5906.up-da93a66cd37b.txt	F	5906.lswap-af54b6f406a6.txt	R	996	498	498	0	0	0
5906.up-da93a66cd37b.txt	R	5906.lswap-49fac07a5323.txt	F	996	498	498	0	0	0
5906.up-da93a66cd37b.txt	R	5906.lswap-49fac07a5323.txt	R	996	498	498	0	0	0
5906.up-da93a66cd37b.txt	R	5906.lswap-af54b6f406a6.txt	F	996	498	498	0	0	0
5906.up-da93a66cd37b.txt	R	5906.lswap-af54b6f406a6.txt	R	996	498	498	0	0	0
5906.up-da93a66cd37b.txt	F	5906.lswap-3b66fbdbdf53.txt	F	1008	504	504	0	0	0
5906.up-da93a66cd37b.txt	F	5906.lswap-3b66fbdbdf53.txt	R	1008	504	504	0	0	0
5906.up-da93a66cd37b.txt	F	5906.up-23ca8a9bcc81.txt	F	1008	504	504	0	0	0
5906.up-da93a66cd37b.txt	F	5906.up-23ca8a9bcc81.txt	R	1008	504	504	0	0	0
5906.up-da93a66cd37b.txt	F	5906.up-6a8f7756517b.txt	F	1008	504	504	0	0	0
5906.up-da93a66cd37b.txt	F	5906.up-6a8f7756517b.txt	R	1008	504	504	0	0	0
5906.up-da93a66cd37b.txt	F	5906.up-d2559533f431.txt	F	1008	504	504	0	0	0
5906.up-da93a66cd37b.txt	F	5906.up-d2559533f431.txt	R	1008	504	504	0	0	0
5906.up-da93a66cd37b.txt	F	5906.up-eebb02e3baec.txt	F	1008	504	504	0	0	0
5906.up-da93a66cd37b.txt	F	5906.up-eebb02e3baec.txt	R	1008	504	504	0	0	0
5906.up-da93a66cd37b.txt	R	5906.lswap-3b66fbdbdf53.txt	F	1008	504	504	0	0	0
5906.up-da93a66cd37b.txt	R	5906.lswap-3b66fbdbdf53.txt	R	1008	504	504	0	0	0
5906.up-da93a66cd37b.txt	R	5906.up-23ca8a9bcc81.txt	F	1008	504	504	0	0	0
5906.up-da93a66cd37b.txt	R	5906.up-23ca8a9bcc81.txt	R	1008	504	504	0	0	0
5906.up-da93a66cd37b.txt	R	5906.up-6a8f7756517b.txt	F	1008	504	504	0	0	0
5906.up-da93a66cd37b.txt	R	5906.up-6a8f7756517b.txt	R	1008	504	504	0	0	0
5906.up-da93a66cd37b.txt	R	5906.up-d2559533f431.txt	F	1008	504	504	0	0	0
5906.up-da93a66cd37b.txt	R	5906.up-d2559533f431.txt	R	1008	504	504	0	0	0
5906.up-da93a66cd37b.txt	R	5906.up-eebb02e3baec.txt	F	1008	504	504	0	0	0
5906.up-da93a66cd37b.txt	R	5906.up-eebb02e3baec.txt	R	1008	504	504	0	0	0
5906.up-da93a66cd37b.txt	F	5906.lswap-e2d18fca77cb.txt	F	1020	510	510	0	0	0
5906.up-da93a66cd37b.txt	F	5906.lswap-e2d18fca77cb.txt	R	1020	510	510	0	0	0
5906.up-da93a66cd37b.txt	R	5906.lswap-e2d18fca77cb.txt	F	1020	510	510	0	0	0
5906.up-da93a66cd37b.txt	R	5906.lswap-e2d18fca77cb.txt	R	1020	510	510	0	0	0
5906.up-da93a66cd37b.txt	F	5906.up-331e3f0f91ee.txt	F	1032	516	516	0	0	0
5906.up-da93a66cd37b.txt	F	5906.up-331e3f0f91ee.txt	R	1032	516	516	0	0	0
5906.up-da93a66cd37b.txt	F	5906.up-454308027985.txt	F	1032	516	516	0	0	0
5906.up-da93a66cd37b.txt	F	5906.up-454308027985.txt	R	1032	516	516	0	0	0
5906.up-da93a66cd37b.txt	R	5906.up-331e3f0f91ee.txt	F	1032	516	516	0	0	0
5906.up-da93a66cd37b.txt	R	5906.up-331e3f0f91ee.txt	R	1032	516	516	0	0	0
5906.up-da93a66cd37b.txt	R	5906.up-454308027985.txt	F	1032	516	516	0	0	0
5906.up-da93a66cd37b.txt	R	5906.up-454308027985.txt	R	1032	516	516	0	0	0
5906.up-da93a66cd37b.txt	F	5906.lswap-4a581202d46c.txt	F	1044	522	522	0	0	0
5906.up-da93a66cd37b.txt	F	5906.lswap-4a581202d46c.txt	R	1044	522	522	0	0	0
5906.up-da93a66cd37b.txt	F	5906.lswap-f8f86258580e.txt	F	1044	522	522	0	0	0
5906.up-da93a66cd37b.txt	F	5906.lswap-f8f86258580e.txt	R	1044	522	522	0	0	0
5906.up-da93a66cd37b.txt	R	5906.lswap-4a581202d46c.txt	F	1044	522	522	0	0	0
5906.up-da93a66cd37b.txt	R	5906.lswap-4a581202d46c.txt	R	1044	522	522	0	0	0
5906.up-da93a66cd37b.txt	R	5906.lswap-f8f86258580e.txt	F	1044	522	522	0	0	0
5906.up-da93a66cd37b.txt	R	5906.lswap-f8f86258580e.txt	R	1044	522	522	0	0	0
5906.up-da93a66cd37b.txt	F	5906.lswap-17946ea8ba63.txt	F	1056	528	528	0	0	0
5906.up-da93a66cd37b.txt	F	5906.lswap-17946ea8ba63.txt	R	1056	528	528	0	0	0
5906.up-da93a66cd37b.txt	F	5906.lswap-6008b60b1c2c.txt	F	1056	528	528	0	0	0
5906.up-da93a66cd37b.txt	F	5906.lswap-6008b60b1c2c.txt	R	1056	528	528	0	0	0
5906.up-da93a66cd37b.txt	F	5906.up-9a915a83c416.txt	F	1056	528	528	0	0	0
5906.up-da93a66cd37b.txt	F	5906.up-9a915a83c416.txt	R	1056	528	528	0	0	0
5906.up-da93a66cd37b.txt	F	5906.up-e132c7a7c340.txt	F	1056	528	528	0	0	0
5906.up-da93a66cd37b.txt	F	5906.up-e132c7a7c340.txt	R	1056	528	528	0	0	0
5906.up-da93a66cd37b.txt	R	5906.lswap-17946ea8ba63.txt	F	1056	528	528	0	0	0
5906.up-da93a66cd37b.txt	R	5906.lswap-17946ea8ba63.txt	R	1056	528	528	0	0	0
5906.up-da93a66cd37b.txt	R	5906.lswap-6008b60b1c2c.txt	F	1056	528	528	0	0	0
5906.up-da93a66cd37b.txt	R	5906.lswap-6008b60b1c2c.txt	R	1056	528	528	0	0	0
5906.up-da93a66cd37b.txt	R	5906.up-9a915a83c416.txt	F	1056	528	528	0	0	0
5906.up-da93a66cd37b.txt	R	5906.up-9a915a83c416.txt	R	1056	528	528	0	0	0
5906.up-da93a66cd37b.txt	R	5906.up-e132c7a7c340.txt	F	1056	528	528	0	0	0
5906.up-da93a66cd37b.txt	R	5906.up-e132c7a7c340.txt	R	1056	528	528	0	0	0
5906.up-da93a66cd37b.txt	F	5906.lswap-637b5054102a.txt	F	1060	532	528	11	15	0
5906.up-da93a66cd37b.txt	R	5906.lswap-637b5054102a.txt	F	1060	532	528	11	15	0
5906.up-da93a66cd37b.txt	F	5906.lswap-68a263f18066.txt	F	1068	534	534	0	0	0
5906.up-da93a66cd37b.txt	F	5906.lswap-68a263f18066.txt	R	1068	534	534	0	0	0
5906.up-da93a66cd37b.txt	F	5906.lswap-d515e64b87be.txt	F	1068	534	534	0	0	0
5906.up-da93a66cd37b.txt	F	5906.lswap-d515e64b87be.txt	R	1068	534	534	0	0	0
5906.up-da93a66cd37b.txt	R	5906.lswap-68a263f18066.txt	F	1068	534	534	0	0	0
5906.up-da93a66cd37b.txt	R	5906.lswap-68a263f18066.txt	R	1068	534	534	0	0	0
5906.up-da93a66cd37b.txt	R	5906.lswap-d515e64b87be.txt	F	1068	534	534	0	0	0
5906.up-da93a66cd37b.txt	R	5906.lswap-d515e64b87be.txt	R	1068	534	534	0	0	0
5906.up-da93a66cd37b.txt	F	5906.up-02d771908307.txt	F	1080	540	540	0	0	0
5906.up-da93a66cd37b.txt	F	5906.up-02d771908307.txt	R	1080	540	540	0	0	0
5906.up-da93a66cd37b.txt	F	5906.up-a233fdf94b8d.txt	F	1080	540	540	0	0	0
5906.up-da93a66cd37b.txt	F	5906.up-a233fdf94b8d.txt	R	1080	540	540	0	0	0
5906.up-da93a66cd37b.txt	R	5906.up-02d771908307.txt	F	1080	540	540	0	0	0
5906.up-da93a66cd37b.txt	R	5906.up-02d771908307.txt	R	1080	540	540	0	0	0
5906.up-da93a66cd37b.txt	R	5906.up-a233fdf94b8d.txt	F	1080	540	540	0	0	0
5906.up-da93a66cd37b.txt	R	5906.up-a233fdf94b8d.txt	R	1080	540	540	0	0	0
5906.up-da93a66cd37b.txt	F	5906.up-6f42b3603dac.txt	F	1096	550	546	11	15	0
5906.up-da93a66cd37b.txt	F	5906.up-6f42b3603dac.txt	R	1096	550	546	11	15	0
5906.up-da93a66cd37b.txt	F	5906.up-7f9a93193f10.txt	F	1096	550	546	11	15	0
5906.up-da93a66cd37b.txt	F	5906.up-7f9a93193f10.txt	R	1096	550	546	11	15	0
5906.up-da93a66cd37b.txt	R	5906.up-6f42b3603dac.txt	F	1096	550	546	11	15	0
5906.up-da93a66cd37b.txt	R	5906.up-6f42b3603dac.txt	R	1096	550	546	11	15	0
5906.up-da93a66cd37b.txt	R	5906.up-7f9a93193f10.txt	F	1096	550	546	11	15	0
5906.up-da93a66cd37b.txt	R	5906.up-7f9a93193f10.txt	R	1096	550	546	11	15	0
5906.up-da93a66cd37b.txt	F	5906.lswap-9edd04d13626.txt	F	1104	552	552	0	0	0
5906.up-da93a66cd37b.txt	F	5906.lswap-9edd04d13626.txt	R	1104	552	552	0	0	0
5906.up-da93a66cd37b.txt	F	5906.up-c2286e4674af.txt	F	1104	552	552	0	0	0
5906.up-da93a66cd37b.txt	F	5906.up-c2286e4674af.txt	R	1104	552	552	0	0	0
5906.up-da93a66cd37b.txt	R	5906.lswap-9edd04d13626.txt	F	1104	552	552	0	0	0
5906.up-da93a66cd37b.txt	R	5906.lswap-9edd04d13626.txt	R	1104	552	552	0	0	0
5906.up-da93a66cd37b.txt	R	5906.up-c2286e4674af.txt	F	1104	552	552	0	0	0
5906.up-da93a66cd37b.txt	R	5906.up-c2286e4674af.txt	R	1104	552	552	0	0	0
5906.up-da93a66cd37b.txt	F	5906.i4a-c1080e26f60c.txt	F	1119	562	557	11	16	0
5906.up-da93a66cd37b.txt	F	5906.i4a-c1080e26f60c.txt	R	1119	562	557	11	16	0
5906.up-da93a66cd37b.txt	F	5906.lswap-6dc582bac458.txt	R	1119	562	557	11	16	0
5906.up-da93a66cd37b.txt	F	5906.lswap-ebd38bf2c1cd.txt	F	1119	562	557	11	16	0
5906.up-da93a66cd37b.txt	R	5906.i4a-c1080e26f60c.txt	F	1119	562	557	11	16	0
5906.up-da93a66cd37b.txt	R	5906.i4a-c1080e26f60c.txt	R	1119	562	557	11	16	0
5906.up-da93a66cd37b.txt	R	5906.lswap-6dc582bac458.txt	R	1119	562	557	11	16	0
5906.up-da93a66cd37b.txt	R	5906.lswap-ebd38bf2c1cd.txt	F	1119	562	557	11	16	0
5906.up-da93a66cd37b.txt	F	5906.lswap-cf8339eb5ca7.txt	F	1120	562	558	11	15	0
5906.up-da93a66cd37b.txt	F	5906.up-56126e7237c3.txt	F	1120	562	558	11	15	0
5906.up-da93a66cd37b.txt	F	5906.up-56126e7237c3.txt	R	1120	562	558	11	15	0
5906.up-da93a66cd37b.txt	R	5906.lswap-cf8339eb5ca7.txt	F	1120	562	558	11	15	0
5906.up-da93a66cd37b.txt	R	5906.up-56126e7237c3.txt	F	1120	562	558	11	15	0
5906.up-da93a66cd37b.txt	R	5906.up-56126e7237c3.txt	R	1120	562	558	11	15	0
5906.up-da93a66cd37b.txt	F	5906.up-1bced7f87a93.txt	F	1128	564	564	0	0	0
5906.up-da93a66cd37b.txt	F	5906.up-1bced7f87a93.txt	R	1128	564	564	0	0	0
5906.up-da93a66cd37b.txt	R	5906.up-1bced7f87a93.txt	F	1128	564	564	0	0	0
5906.up-da93a66cd37b.txt	R	5906.up-1bced7f87a93.txt	R	1128	564	564	0	0	0
5906.up-da93a66cd37b.txt	F	5906.lswap-637b5054102a.txt	R	1132	568	564	11	15	0
5906.up-da93a66cd37b.txt	R	5906.lswap-637b5054102a.txt	R	1132	568	564	11	15	0
5906.up-da93a66cd37b.txt	F	5906.i4a-29c55ed5fbf6.txt	F	1143	574	569	11	16	0
5906.up-da93a66cd37b.txt	F	5906.i4a-29c55ed5fbf6.txt	R	1143	574	569	11	16	0
5906.up-da93a66cd37b.txt	F	5906.lswap-6dc582bac458.txt	F	1143	574	569	11	16	0
5906.up-da93a66cd37b.txt	F	5906.lswap-ebd38bf2c1cd.txt	R	1143	574	569	11	16	0
5906.up-da93a66cd37b.txt	R	5906.i4a-29c55ed5fbf6.txt	F	1143	574	569	11	16	0
5906.up-da93a66cd37b.txt	R	5906.i4a-29c55ed5fbf6.txt	R	1143	574	569	11	16	0
5906.up-da93a66cd37b.txt	R	5906.lswap-6dc582bac458.txt	F	1143	574	569	11	16	0
5906.up-da93a66cd37b.txt	R	5906.lswap-ebd38bf2c1cd.txt	R	1143	574	569	11	16	0
5906.up-da93a66cd37b.txt	F	5906.lswap-cf8339eb5ca7.txt	R	1144	574	570	11	15	0
5906.up-da93a66cd37b.txt	F	5906.up-bd458e7fc19e.txt	F	1144	574	570	11	15	0
5906.up-da93a66cd37b.txt	F	5906.up-bd458e7fc19e.txt	R	1144	574	570	11	15	0
5906.up-da93a66cd37b.txt	R	5906.lswap-cf8339eb5ca7.txt	R	1144	574	570	11	15	0
5906.up-da93a66cd37b.txt	R	5906.up-bd458e7fc19e.txt	F	1144	574	570	11	15	0
5906.up-da93a66cd37b.txt	R	5906.up-bd458e7fc19e.txt	R	1144	574	570	11	15	0
5906.up-da93a66cd37b.txt	F	5906.up-1e6ba5f50479.txt	F	1152	576	576	0	0	0
5906.up-da93a66cd37b.txt	F	5906.up-1e6ba5f50479.txt	R	1152	576	576	0	0	0
5906.up-da93a66cd37b.txt	R	5906.up-1e6ba5f50479.txt	F	1152	576	576	0	0	0
5906.up-da93a66cd37b.txt	R	5906.up-1e6ba5f50479.txt	R	1152	576	576	0	0	0
5906.up-da93a66cd37b.txt	F	5906.up-f8d1e70c6a52.txt	F	1156	580	576	11	15	0
5906.up-da93a66cd37b.txt	F	5906.up-f8d1e70c6a52.txt	R	1156	580	576	11	15	0
5906.up-da93a66cd37b.txt	R	5906.up-f8d1e70c6a52.txt	F	1156	580	576	11	15	0
5906.up-da93a66cd37b.txt	R	5906.up-f8d1e70c6a52.txt	R	1156	580	576	11	15	0
5906.up-da93a66cd37b.txt	F	5906.up-4c3eef44600b.txt	F	1200	600	600	0	0	0
5906.up-da93a66cd37b.txt	F	5906.up-4c3eef44600b.txt	R	1200	600	600	0	0	0
5906.up-da93a66cd37b.txt	R	5906.up-4c3eef44600b.txt	F	1200	600	600	0	0	0
5906.up-da93a66cd37b.txt	R	5906.up-4c3eef44600b.txt	R	1200	600	600	0	0	0
5906.up-da93a66cd37b.txt	F	5906.i4a-6a77e138ea8e.txt	F	1239	622	617	11	16	0
5906.up-da93a66cd37b.txt	F	5906.i4a-6a77e138ea8e.txt	R	1239	622	617	11	16	0
5906.up-da93a66cd37b.txt	R	5906.i4a-6a77e138ea8e.txt	F	1239	622	617	11	16	0
5906.up-da93a66cd37b.txt	R	5906.i4a-6a77e138ea8e.txt	R	1239	622	617	11	16	0
5906.up-da93a66cd37b.txt	F	5906.up-590fe2cb2c21.txt	F	1240	622	618	11	15	0
5906.up-da93a66cd37b.txt	F	5906.up-590fe2cb2c21.txt	R	1240	622	618	11	15	0
5906.up-da93a66cd37b.txt	R	5906.up-590fe2cb2c21.txt	F	1240	622	618	11	15	0
5906.up-da93a66cd37b.txt	R	5906.up-590fe2cb2c21.txt	R	1240	622	618	11	15	0
5906.up-da93a66cd37b.txt	F	5906.lswap-06f4ba2c8122.txt	F	1272	639	633	14	20	0
5906.up-da93a66cd37b.txt	F	5906.lswap-23548cda0ace.txt	R	1272	639	633	14	20	0
5906.up-da93a66cd37b.txt	F	5906.lswap-3a55a72f70d6.txt	R	1272	639	633	14	20	0
5906.up-da93a66cd37b.txt	F	5906.lswap-67fc5c2184ab.txt	F	1272	639	633	14	20	0
5906.up-da93a66cd37b.txt	F	5906.lswap-9f885c2a5e20.txt	R	1272	639	633	14	20	0
5906.up-da93a66cd37b.txt	F	5906.lswap-db110b7302cf.txt	R	1272	639	633	14	20	0
5906.up-da93a66cd37b.txt	F	5906.up-0a065898a821.txt	F	1272	639	633	14	20	0
5906.up-da93a66cd37b.txt	F	5906.up-0a065898a821.txt	R	1272	639	633	14	20	0
5906.up-da93a66cd37b.txt	F	5906.up-6597315411ea.txt	F	1272	639	633	14	20	0
5906.up-da93a66cd37b.txt	F	5906.up-6597315411ea.txt	R	1272	639	633	14	20	0
5906.up-da93a66cd37b.txt	R	5906.lswap-06f4ba2c8122.txt	F	1272	639	633	14	20	0
5906.up-da93a66cd37b.txt	R	5906.lswap-23548cda0ace.txt	R	1272	639	633	14	20	0
5906.up-da93a66cd37b.txt	R	5906.lswap-3a55a72f70d6.txt	R	1272	639	633	14	20	0
5906.up-da93a66cd37b.txt	R	5906.lswap-67fc5c2184ab.txt	F	1272	639	633	14	20	0
5906.up-da93a66cd37b.txt	R	5906.lswap-9f885c2a5e20.txt	R	1272	639	633	14	20	0
5906.up-da93a66cd37b.txt	R	5906.lswap-db110b7302cf.txt	R	1272	639	633	14	20	0
5906.up-da93a66cd37b.txt	R	5906.up-0a065898a821.txt	F	1272	639	633	14	20	0
5906.up-da93a66cd37b.txt	R	5906.up-0a065898a821.txt	R	1272	639	633	14	20	0
5906.up-da93a66cd37b.txt	R	5906.up-6597315411ea.txt	F	1272	639	633	14	20	0
5906.up-da93a66cd37b.txt	R	5906.up-6597315411ea.txt	R	1272	639	633	14	20	0
5906.up-da93a66cd37b.txt	F	5906.lswap-09c105553d61.txt	F	1284	645	639	14	20	0
5906.up-da93a66cd37b.txt	F	5906.lswap-10f62906b166.txt	R	1284	645	639	14	20	0
5906.up-da93a66cd37b.txt	F	5906.lswap-3a55a72f70d6.txt	F	1284	645	639	14	20	0
5906.up-da93a66cd37b.txt	F	5906.lswap-8f58c699a11d.txt	R	1284	645	639	14	20	0
5906.up-da93a66cd37b.txt	F	5906.lswap-9bf7e32c6472.txt	F	1284	645	639	14	20	0
5906.up-da93a66cd37b.txt	F	5906.lswap-9f885c2a5e20.txt	F	1284	645	639	14	20	0
5906.up-da93a66cd37b.txt	F	5906.up-72482a71c81e.txt	F	1284	645	639	14	20	0
5906.up-da93a66cd37b.txt	F	5906.up-72482a71c81e.txt	R	1284	645	639	14	20	0
5906.up-da93a66cd37b.txt	F	5906.up-d1489855deef.txt	F	1284	645	639	14	20	0
5906.up-da93a66cd37b.txt	F	5906.up-d1489855deef.txt	R	1284	645	639	14	20	0
5906.up-da93a66cd37b.txt	R	5906.lswap-09c105553d61.txt	F	1284	645	639	14	20	0
5906.up-da93a66cd37b.txt	R	5906.lswap-10f62906b166.txt	R	1284	645	639	14	20	0
5906.up-da93a66cd37b.txt	R	5906.lswap-3a55a72f70d6.txt	F	1284	645	639	14	20	0
5906.up-da93a66cd37b.txt	R	5906.lswap-8f58c699a11d.txt	R	1284	645	639	14	20	0
5906.up-da93a66cd37b.txt	R	5906.lswap-9bf7e32c6472.txt	F	1284	645	639	14	20	0
5906.up-da93a66cd37b.txt	R	5906.lswap-9f885c2a5e20.txt	F	1284	645	639	14	20	0
5906.up-da93a66cd37b.txt	R	5906.up-72482a71c81e.txt	F	1284	645	639	14	20	0
5906.up-da93a66cd37b.txt	R	5906.up-72482a71c81e.txt	R	1284	645	639	14	20	0
5906.up-da93a66cd37b.txt	R	5906.up-d1489855deef.txt	F	1284	645	639	14	20	0
5906.up-da93a66cd37b.txt	R	5906.up-d1489855deef.txt	R	1284	645	639	14	20	0
5906.up-da93a66cd37b.txt	F	5906.i4a-50d865ca7907.txt	F	1287	648	639	15	24	0
5906.up-da93a66cd37b.txt	F	5906.i4a-50d865ca7907.txt	R	1287	648	639	15	24	0
5906.up-da93a66cd37b.txt	R	5906.i4a-50d865ca7907.txt	F	1287	648	639	15	24	0
5906.up-da93a66cd37b.txt	R	5906.i4a-50d865ca7907.txt	R	1287	648	639	15	24	0
5906.up-da93a66cd37b.txt	F	5906.up-890b6674bd25.txt	F	1288	648	640	15	23	0
5906.up-da93a66cd37b.txt	F	5906.up-890b6674bd25.txt	R	1288	648	640	15	23	0
5906.up-da93a66cd37b.txt	R	5906.up-890b6674bd25.txt	F	1288	648	640	15	23	0
5906.up-da93a66cd37b.txt	R	5906.up-890b6674bd25.txt	R	1288	648	640	15	23	0
5906.up-da93a66cd37b.txt	F	5906.i4a-66637a3b8941.txt	F	1311	658	653	11	16	0
5906.up-da93a66cd37b.txt	F	5906.i4a-66637a3b8941.txt	R	1311	658	653	11	16	0
5906.up-da93a66cd37b.txt	F	5906.i4a-b99b1d60f13e.txt	F	1311	660	651	15	24	0
5906.up-da93a66cd37b.txt	F	5906.i4a-b99b1d60f13e.txt	R	1311	660	651	15	24	0
5906.up-da93a66cd37b.txt	R	5906.i4a-66637a3b8941.txt	F	1311	658	653	11	16	0
5906.up-da93a66cd37b.txt	R	5906.i4a-66637a3b8941.txt	R	1311	658	653	11	16	0
5906.up-da93a66cd37b.txt	R	5906.i4a-b99b1d60f13e.txt	F	1311	660	651	15	24	0
5906.up-da93a66cd37b.txt	R	5906.i4a-b99b1d60f13e.txt	R	1311	660	651	15	24	0
5906.up-da93a66cd37b.txt	F	5906.up-1206598d1ff0.txt	F	1312	658	654	11	15	0
5906.up-da93a66cd37b.txt	F	5906.up-1206598d1ff0.txt	R	1312	658	654	11	15	0
5906.up-da93a66cd37b.txt	F	5906.up-d0b9281ca469.txt	F	1312	660	652	15	23	0
5906.up-da93a66cd37b.txt	F	5906.up-d0b9281ca469.txt	R	1312	660	652	15	23	0
5906.up-da93a66cd37b.txt	R	5906.up-1206598d1ff0.txt	F	1312	658	654	11	15	0
5906.up-da93a66cd37b.txt	R	5906.up-1206598d1ff0.txt	R	1312	658	654	11	15	0
5906.up-da93a66cd37b.txt	R	5906.up-d0b9281ca469.txt	F	1312	660	652	15	23	0
5906.up-da93a66cd37b.txt	R	5906.up-d0b9281ca469.txt	R	1312	660	652	15	23	0
5906.up-da93a66cd37b.txt	F	5906.lswap-06f4ba2c8122.txt	R	1320	663	657	14	20	0
5906.up-da93a66cd37b.txt	F	5906.lswap-10f62906b166.txt	F	1320	663	657	14	20	0
5906.up-da93a66cd37b.txt	F	5906.lswap-28b97fbb68d1.txt	R	1320	663	657	14	20	0
5906.up-da93a66cd37b.txt	F	5906.lswap-67fc5c2184ab.txt	R	1320	663	657	14	20	0
5906.up-da93a66cd37b.txt	F	5906.lswap-8f58c699a11d.txt	F	1320	663	657	14	20	0
5906.up-da93a66cd37b.txt	F	5906.lswap-945cf8ae5bef.txt	R	1320	663	657	14	20	0
5906.up-da93a66cd37b.txt	F	5906.up-377da0a3c300.txt	F	1320	663	657	14	20	0
5906.up-da93a66cd37b.txt	F	5906.up-377da0a3c300.txt	R	1320	663	657	14	20	0
5906.up-da93a66cd37b.txt	F	5906.up-c3afee7ed153.txt	F	1320	663	657	14	20	0
5906.up-da93a66cd37b.txt	F	5906.up-c3afee7ed153.txt	R	1320	663	657	14	20	0
5906.up-da93a66cd37b.txt	R	5906.lswap-06f4ba2c8122.txt	R	1320	663	657	14	20	0
5906.up-da93a66cd37b.txt	R	5906.lswap-10f62906b166.txt	F	1320	663	657	14	20	0
5906.up-da93a66cd37b.txt	R	5906.lswap-28b97fbb68d1.txt	R	1320	663	657	14	20	0
5906.up-da93a66cd37b.txt	R	5906.lswap-67fc5c2184ab.txt	R	1320	663	657	14	20	0
5906.up-da93a66cd37b.txt	R	5906.lswap-8f58c699a11d.txt	F	1320	663	657	14	20	0
5906.up-da93a66cd37b.txt	R	5906.lswap-945cf8ae5bef.txt	R	1320	663	657	14	20	0
5906.up-da93a66cd37b.txt	R	5906.up-377da0a3c300.txt	F	1320	663	657	14	20	0
5906.up-da93a66cd37b.txt	R	5906.up-377da0a3c300.txt	R	1320	663	657	14	20	0
5906.up-da93a66cd37b.txt	R	5906.up-c3afee7ed153.txt	F	1320	663	657	14	20	0
5906.up-da93a66cd37b.txt	R	5906.up-c3afee7ed153.txt	R	1320	663	657	14	20	0
5906.up-da93a66cd37b.txt	F	5906.lswap-09c105553d61.txt	R	1332	669	663	14	20	0
5906.up-da93a66cd37b.txt	F	5906.lswap-23548cda0ace.txt	F	1332	669	663	14	20	0
5906.up-da93a66cd37b.txt	F	5906.lswap-28b97fbb68d1.txt	F	1332	669	663	14	20	0
5906.up-da93a66cd37b.txt	F	5906.lswap-945cf8ae5bef.txt	F	1332	669	663	14	20	0
5906.up-da93a66cd37b.txt	F	5906.lswap-9bf7e32c6472.txt	R	1332	669	663	14	20	0
5906.up-da93a66cd37b.txt	F	5906.lswap-db110b7302cf.txt	F	1332	669	663	14	20	0
5906.up-da93a66cd37b.txt	F	5906.up-c63a66adbc60.txt	F	1332	669	663	14	20	0
5906.up-da93a66cd37b.txt	F	5906.up-c63a66adbc60.txt	R	1332	669	663	14	20	0
5906.up-da93a66cd37b.txt	F	5906.up-f2c7804be474.txt	F	1332	669	663	14	20	0
5906.up-da93a66cd37b.txt	F	5906.up-f2c7804be474.txt	R	1332	669	663	14	20	0
5906.up-da93a66cd37b.txt	R	5906.lswap-09c105553d61.txt	R	1332	669	663	14	20	0
5906.up-da93a66cd37b.txt	R	5906.lswap-23548cda0ace.txt	F	1332	669	663	14	20	0
5906.up-da93a66cd37b.txt	R	5906.lswap-28b97fbb68d1.txt	F	1332	669	663	14	20	0
5906.up-da93a66cd37b.txt	R	5906.lswap-945cf8ae5bef.txt	F	1332	669	663	14	20	0
5906.up-da93a66cd37b.txt	R	5906.lswap-9bf7e32c6472.txt	R	1332	669	663	14	20	0
5906.up-da93a66cd37b.txt	R	5906.lswap-db110b7302cf.txt	F	1332	669	663	14	20	0
5906.up-da93a66cd37b.txt	R	5906.up-c63a66adbc60.txt	F	1332	669	663	14	20	0
5906.up-da93a66cd37b.txt	R	5906.up-c63a66adbc60.txt	R	1332	669	663	14	20	0
5906.up-da93a66cd37b.txt	R	5906.up-f2c7804be474.txt	F	1332	669	663	14	20	0
5906.up-da93a66cd37b.txt	R	5906.up-f2c7804be474.txt	R	1332	669	663	14	20	0
5906.up-da93a66cd37b.txt	F	5906.lswap-1f8e06e3e616.txt	R	1335	670	665	11	16	0
5906.up-da93a66cd37b.txt	F	5906.lswap-760f8ed53670.txt	F	1335	670	665	11	16	0
5906.up-da93a66cd37b.txt	R	5906.lswap-1f8e06e3e616.txt	R	1335	670	665	11	16	0
5906.up-da93a66cd37b.txt	R	5906.lswap-760f8ed53670.txt	F	1335	670	665	11	16	0
5906.up-da93a66cd37b.txt	F	5906.lswap-0d13fc4a8a4a.txt	R	1336	670	666	11	15	0
5906.up-da93a66cd37b.txt	R	5906.lswap-0d13fc4a8a4a.txt	R	1336	670	666	11	15	0
5906.up-da93a66cd37b.txt	F	5906.lswap-1f8e06e3e616.txt	F	1347	676	671	11	16	0
5906.up-da93a66cd37b.txt	F	5906.lswap-760f8ed53670.txt	R	1347	676	671	11	16	0
5906.up-da93a66cd37b.txt	R	5906.lswap-1f8e06e3e616.txt	F	1347	676	671	11	16	0
5906.up-da93a66cd37b.txt	R	5906.lswap-760f8ed53670.txt	R	1347	676	671	11	16	0
5906.up-da93a66cd37b.txt	F	5906.lswap-0d13fc4a8a4a.txt	F	1348	676	672	11	15	0
5906.up-da93a66cd37b.txt	R	5906.lswap-0d13fc4a8a4a.txt	F	1348	676	672	11	15	0
5906.up-da93a66cd37b.txt	F	5906.i4a-7f46c8149026.txt	F	1371	688	683	11	16	0
5906.up-da93a66cd37b.txt	F	5906.i4a-7f46c8149026.txt	R	1371	688	683	11	16	0
5906.up-da93a66cd37b.txt	R	5906.i4a-7f46c8149026.txt	F	1371	688	683	11	16	0
5906.up-da93a66cd37b.txt	R	5906.i4a-7f46c8149026.txt	R	1371	688	683	11	16	0
5906.up-da93a66cd37b.txt	F	5906.up-6a142cb8e27d.txt	F	1372	688	684	11	15	0
5906.up-da93a66cd37b.txt	F	5906.up-6a142cb8e27d.txt	R	1372	688	684	11	15	0
5906.up-da93a66cd37b.txt	R	5906.up-6a142cb8e27d.txt	F	1372	688	684	11	15	0
5906.up-da93a66cd37b.txt	R	5906.up-6a142cb8e27d.txt	R	1372	688	684	11	15	0
5906.up-da93a66cd37b.txt	F	5906.up-1b8244ba04bb.txt	F	1376	691	685	14	20	0
5906.up-da93a66cd37b.txt	F	5906.up-1b8244ba04bb.txt	R	1376	691	685	14	20	0
5906.up-da93a66cd37b.txt	R	5906.up-1b8244ba04bb.txt	F	1376	691	685	14	20	0
5906.up-da93a66cd37b.txt	R	5906.up-1b8244ba04bb.txt	R	1376	691	685	14	20	0
5906.up-da93a66cd37b.txt	F	5906.up-6572648567f1.txt	F	1380	690	690	14	14	0
5906.up-da93a66cd37b.txt	F	5906.up-6572648567f1.txt	R	1380	690	690	14	14	0
5906.up-da93a66cd37b.txt	R	5906.up-6572648567f1.txt	F	1380	690	690	14	14	0
5906.up-da93a66cd37b.txt	R	5906.up-6572648567f1.txt	R	1380	690	690	14	14	0
5906.up-da93a66cd37b.txt	F	5906.lswap-fde8e0f0f322.txt	F	1392	696	696	14	14	0
5906.up-da93a66cd37b.txt	F	5906.up-f0a3bb335ed9.txt	F	1392	696	696	14	14	0
5906.up-da93a66cd37b.txt	F	5906.up-f0a3bb335ed9.txt	R	1392	696	696	14	14	0
5906.up-da93a66cd37b.txt	R	5906.lswap-fde8e0f0f322.txt	F	1392	696	696	14	14	0
5906.up-da93a66cd37b.txt	R	5906.up-f0a3bb335ed9.txt	F	1392	696	696	14	14	0
5906.up-da93a66cd37b.txt	R	5906.up-f0a3bb335ed9.txt	R	1392	696	696	14	14	0
5906.up-da93a66cd37b.txt	F	5906.i4a-e0f3de4ca026.txt	F	1403	704	699	11	16	0
5906.up-da93a66cd37b.txt	F	5906.i4a-e0f3de4ca026.txt	R	1403	704	699	11	16	0
5906.up-da93a66cd37b.txt	F	5906.up-d9a28c2d8195.txt	F	1403	702	701	14	15	0
5906.up-da93a66cd37b.txt	F	5906.up-d9a28c2d8195.txt	R	1403	702	701	14	15	0
5906.up-da93a66cd37b.txt	R	5906.i4a-e0f3de4ca026.txt	F	1403	704	699	11	16	0
5906.up-da93a66cd37b.txt	R	5906.i4a-e0f3de4ca026.txt	R	1403	704	699	11	16	0
5906.up-da93a66cd37b.txt	R	5906.up-d9a28c2d8195.txt	F	1403	702	701	14	15	0
5906.up-da93a66cd37b.txt	R	5906.up-d9a28c2d8195.txt	R	1403	702	701	14	15	0
5906.up-da93a66cd37b.txt	F	5906.up-3ffb4355518f.txt	F	1404	702	702	14	14	0
5906.up-da93a66cd37b.txt	F	5906.up-3ffb4355518f.txt	R	1404	702	702	14	14	0
5906.up-da93a66cd37b.txt	F	5906.up-a30c7c517d7b.txt	F	1404	702	702	14	14	0
5906.up-da93a66cd37b.txt	F	5906.up-a30c7c517d7b.txt	R	1404	702	702	14	14	0
5906.up-da93a66cd37b.txt	F	5906.up-df8c9033249e.txt	F	1404	704	700	11	15	0
5906.up-da93a66cd37b.txt	F	5906.up-df8c9033249e.txt	R	1404	704	700	11	15	0
5906.up-da93a66cd37b.txt	R	5906.up-3ffb4355518f.txt	F	1404	702	702	14	14	0
5906.up-da93a66cd37b.txt	R	5906.up-3ffb4355518f.txt	R	1404	702	702	14	14	0
5906.up-da93a66cd37b.txt	R	5906.up-a30c7c517d7b.txt	F	1404	702	702	14	14	0
5906.up-da93a66cd37b.txt	R	5906.up-a30c7c517d7b.txt	R	1404	702	702	14	14	0
5906.up-da93a66cd37b.txt	R	5906.up-df8c9033249e.txt	F	1404	704	700	11	15	0
5906.up-da93a66cd37b.txt	R	5906.up-df8c9033249e.txt	R	1404	704	700	11	15	0
5906.up-da93a66cd37b.txt	F	5906.rbnd-0dad091b8ac4.txt	F	1413	707	706	17	18	0
5906.up-da93a66cd37b.txt	R	5906.rbnd-0dad091b8ac4.txt	F	1413	707	706	17	18	0
5906.up-da93a66cd37b.txt	F	5906.lswap-f4c2deec7c96.txt	F	1414	708	706	17	19	0
5906.up-da93a66cd37b.txt	R	5906.lswap-f4c2deec7c96.txt	F	1414	708	706	17	19	0
5906.up-da93a66cd37b.txt	F	5906.lswap-2c94cb485ad7.txt	F	1416	708	708	14	14	0
5906.up-da93a66cd37b.txt	F	5906.up-1b0920685429.txt	F	1416	708	708	14	14	0
5906.up-da93a66cd37b.txt	F	5906.up-1b0920685429.txt	R	1416	708	708	14	14	0
5906.up-da93a66cd37b.txt	R	5906.lswap-2c94cb485ad7.txt	F	1416	708	708	14	14	0
5906.up-da93a66cd37b.txt	R	5906.up-1b0920685429.txt	F	1416	708	708	14	14	0
5906.up-da93a66cd37b.txt	R	5906.up-1b0920685429.txt	R	1416	708	708	14	14	0
5906.up-da93a66cd37b.txt	F	5906.rbnd-2641d60c9d5c.txt	R	1425	713	712	17	18	0
5906.up-da93a66cd37b.txt	F	5906.rbnd-c44d48fbd52c.txt	F	1425	713	712	17	18	0
5906.up-da93a66cd37b.txt	R	5906.rbnd-2641d60c9d5c.txt	R	1425	713	712	17	18	0
5906.up-da93a66cd37b.txt	R	5906.rbnd-c44d48fbd52c.txt	F	1425	713	712	17	18	0
5906.up-da93a66cd37b.txt	F	5906.lswap-f4c2deec7c96.txt	R	1426	714	712	17	19	0
5906.up-da93a66cd37b.txt	F	5906.up-331228e22360.txt	F	1426	714	712	17	19	0
5906.up-da93a66cd37b.txt	F	5906.up-331228e22360.txt	R	1426	714	712	17	19	0
5906.up-da93a66cd37b.txt	R	5906.lswap-f4c2deec7c96.txt	R	1426	714	712	17	19	0
5906.up-da93a66cd37b.txt	R	5906.up-331228e22360.txt	F	1426	714	712	17	19	0
5906.up-da93a66cd37b.txt	R	5906.up-331228e22360.txt	R	1426	714	712	17	19	0
5906.up-da93a66cd37b.txt	F	5906.lswap-2c94cb485ad7.txt	R	1428	714	714	14	14	0
5906.up-da93a66cd37b.txt	F	5906.lswap-fde8e0f0f322.txt	R	1428	714	714	14	14	0
5906.up-da93a66cd37b.txt	F	5906.up-55058cab6cba.txt	F	1428	714	714	14	14	0
5906.up-da93a66cd37b.txt	F	5906.up-55058cab6cba.txt	R	1428	714	714	14	14	0
5906.up-da93a66cd37b.txt	R	5906.lswap-2c94cb485ad7.txt	R	1428	714	714	14	14	0
5906.up-da93a66cd37b.txt	R	5906.lswap-fde8e0f0f322.txt	R	1428	714	714	14	14	0
5906.up-da93a66cd37b.txt	R	5906.up-55058cab6cba.txt	F	1428	714	714	14	14	0
5906.up-da93a66cd37b.txt	R	5906.up-55058cab6cba.txt	R	1428	714	714	14	14	0
5906.up-da93a66cd37b.txt	F	5906.up-956f3f1864b5.txt	F	1440	720	720	14	14	0
5906.up-da93a66cd37b.txt	F	5906.up-956f3f1864b5.txt	R	1440	720	720	14	14	0
5906.up-da93a66cd37b.txt	R	5906.up-956f3f1864b5.txt	F	1440	720	720	14	14	0
5906.up-da93a66cd37b.txt	R	5906.up-956f3f1864b5.txt	R	1440	720	720	14	14	0
5906.up-da93a66cd37b.txt	F	5906.lswap-c394b34cb7cc.txt	R	1452	726	726	14	14	0
5906.up-da93a66cd37b.txt	F	5906.up-63a938be8d73.txt	F	1452	726	726	14	14	0
5906.up-da93a66cd37b.txt	F	5906.up-63a938be8d73.txt	R	1452	726	726	14	14	0
5906.up-da93a66cd37b.txt	R	5906.lswap-c394b34cb7cc.txt	R	1452	726	726	14	14	0
5906.up-da93a66cd37b.txt	R	5906.up-63a938be8d73.txt	F	1452	726	726	14	14	0
5906.up-da93a66cd37b.txt	R	5906.up-63a938be8d73.txt	R	1452	726	726	14	14	0
5906.up-da93a66cd37b.txt	F	5906.rbnd-e9623244f6b1.txt	F	1473	737	736	17	18	0
5906.up-da93a66cd37b.txt	R	5906.rbnd-e9623244f6b1.txt	F	1473	737	736	17	18	0
5906.up-da93a66cd37b.txt	F	5906.up-8b8c8916a24a.txt	F	1474	738	736	17	19	0
5906.up-da93a66cd37b.txt	F	5906.up-8b8c8916a24a.txt	R	1474	738	736	17	19	0
5906.up-da93a66cd37b.txt	R	5906.up-8b8c8916a24a.txt	F	1474	738	736	17	19	0
5906.up-da93a66cd37b.txt	R	5906.up-8b8c8916a24a.txt	R	1474	738	736	17	19	0
5906.up-da93a66cd37b.txt	F	5906.lswap-c394b34cb7cc.txt	F	1476	738	738	14	14	0
5906.up-da93a66cd37b.txt	F	5906.up-d8c6ba46400e.txt	F	1476	738	738	14	14	0
5906.up-da93a66cd37b.txt	F	5906.up-d8c6ba46400e.txt	R	1476	738	738	14	14	0
5906.up-da93a66cd37b.txt	R	5906.lswap-c394b34cb7cc.txt	F	1476	738	738	14	14	0
5906.up-da93a66cd37b.txt	R	5906.up-d8c6ba46400e.txt	F	1476	738	738	14	14	0
5906.up-da93a66cd37b.txt	R	5906.up-d8c6ba46400e.txt	R	1476	738	738	14	14	0
5906.up-dcd1e20d40f8.txt	F	5906.up-454308027985.txt	F	744	372	372	0	0	0
5906.up-dcd1e20d40f8.txt	F	5906.up-454308027985.txt	R	744	372	372	0	0	0
5906.up-dcd1e20d40f8.txt	R	5906.up-454308027985.txt	F	744	372	372	0	0	0
5906.up-dcd1e20d40f8.txt	R	5906.up-454308027985.txt	R	744	372	372	0	0	0
5906.up-dcd1e20d40f8.txt	F	5906.lswap-f8f86258580e.txt	F	768	384	384	0	0	0
5906.up-dcd1e20d40f8.txt	F	5906.lswap-f8f86258580e.txt	R	768	384	384	0	0	0
5906.up-dcd1e20d40f8.txt	R	5906.lswap-f8f86258580e.txt	F	768	384	384	0	0	0
5906.up-dcd1e20d40f8.txt	R	5906.lswap-f8f86258580e.txt	R	768	384	384	0	0	0
5906.up-dcd1e20d40f8.txt	F	5906.lswap-4a581202d46c.txt	F	792	396	396	0	0	0
5906.up-dcd1e20d40f8.txt	F	5906.lswap-4a581202d46c.txt	R	792	396	396	0	0	0
5906.up-dcd1e20d40f8.txt	F	5906.up-e132c7a7c340.txt	F	792	396	396	0	0	0
5906.up-dcd1e20d40f8.txt	F	5906.up-e132c7a7c340.txt	R	792	396	396	0	0	0
5906.up-dcd1e20d40f8.txt	R	5906.lswap-4a581202d46c.txt	F	792	396	396	0	0	0
5906.up-dcd1e20d40f8.txt	R	5906.lswap-4a581202d46c.txt	R	792	396	396	0	0	0
5906.up-dcd1e20d40f8.txt	R	5906.up-e132c7a7c340.txt	F	792	396	396	0	0	0
5906.up-dcd1e20d40f8.txt	R	5906.up-e132c7a7c340.txt	R	792	396	396	0	0	0
5906.up-dcd1e20d40f8.txt	F	5906.lswap-17946ea8ba63.txt	F	816	408	408	0	0	0
5906.up-dcd1e20d40f8.txt	F	5906.lswap-17946ea8ba63.txt	R	816	408	408	0	0	0
5906.up-dcd1e20d40f8.txt	F	5906.lswap-6008b60b1c2c.txt	F	816	408	408	0	0	0
5906.up-dcd1e20d40f8.txt	F	5906.lswap-6008b60b1c2c.txt	R	816	408	408	0	0	0
5906.up-dcd1e20d40f8.txt	R	5906.lswap-17946ea8ba63.txt	F	816	408	408	0	0	0
5906.up-dcd1e20d40f8.txt	R	5906.lswap-17946ea8ba63.txt	R	816	408	408	0	0	0
5906.up-dcd1e20d40f8.txt	R	5906.lswap-6008b60b1c2c.txt	F	816	408	408	0	0	0
5906.up-dcd1e20d40f8.txt	R	5906.lswap-6008b60b1c2c.txt	R	816	408	408	0	0	0
5906.up-dcd1e20d40f8.txt	F	5906.lswap-d515e64b87be.txt	F	840	420	420	0	0	0
5906.up-dcd1e20d40f8.txt	F	5906.lswap-d515e64b87be.txt	R	840	420	420	0	0	0
5906.up-dcd1e20d40f8.txt	F	5906.up-5ce87c54ecea.txt	F	840	420	420	0	0	0
5906.up-dcd1e20d40f8.txt	F	5906.up-5ce87c54ecea.txt	R	840	420	420	0	0	0
5906.up-dcd1e20d40f8.txt	F	5906.up-9a915a83c416.txt	F	840	420	420	0	0	0
5906.up-dcd1e20d40f8.txt	F	5906.up-9a915a83c416.txt	R	840	420	420	0	0	0
5906.up-dcd1e20d40f8.txt	R	5906.lswap-d515e64b87be.txt	F	840	420	420	0	0	0
5906.up-dcd1e20d40f8.txt	R	5906.lswap-d515e64b87be.txt	R	840	420	420	0	0	0
5906.up-dcd1e20d40f8.txt	R	5906.up-5ce87c54ecea.txt	F	840	420	420	0	0	0
5906.up-dcd1e20d40f8.txt	R	5906.up-5ce87c54ecea.txt	R	840	420	420	0	0	0
5906.up-dcd1e20d40f8.txt	R	5906.up-9a915a83c416.txt	F	840	420	420	0	0	0
5906.up-dcd1e20d40f8.txt	R	5906.up-9a915a83c416.txt	R	840	420	420	0	0	0
5906.up-dcd1e20d40f8.txt	F	5906.lswap-68a263f18066.txt	F	864	432	432	0	0	0
5906.up-dcd1e20d40f8.txt	F	5906.lswap-68a263f18066.txt	R	864	432	432	0	0	0
5906.up-dcd1e20d40f8.txt	F	5906.lswap-c55c2b0fbb0f.txt	F	864	432	432	0	0	0
5906.up-dcd1e20d40f8.txt	F	5906.lswap-c55c2b0fbb0f.txt	R	864	432	432	0	0	0
5906.up-dcd1e20d40f8.txt	F	5906.up-dab493384582.txt	F	864	432	432	0	0	0
5906.up-dcd1e20d40f8.txt	F	5906.up-dab493384582.txt	R	864	432	432	0	0	0
5906.up-dcd1e20d40f8.txt	R	5906.lswap-68a263f18066.txt	F	864	432	432	0	0	0
5906.up-dcd1e20d40f8.txt	R	5906.lswap-68a263f18066.txt	R	864	432	432	0	0	0
5906.up-dcd1e20d40f8.txt	R	5906.lswap-c55c2b0fbb0f.txt	F	864	432	432	0	0	0
5906.up-dcd1e20d40f8.txt	R	5906.lswap-c55c2b0fbb0f.txt	R	864	432	432	0	0	0
5906.up-dcd1e20d40f8.txt	R	5906.up-dab493384582.txt	F	864	432	432	0	0	0
5906.up-dcd1e20d40f8.txt	R	5906.up-dab493384582.txt	R	864	432	432	0	0	0
5906.up-dcd1e20d40f8.txt	F	5906.rbnd-e9623244f6b1.txt	R	865	433	432	0	1	0
5906.up-dcd1e20d40f8.txt	R	5906.rbnd-e9623244f6b1.txt	R	865	433	432	0	1	0
5906.up-dcd1e20d40f8.txt	F	5906.up-02d771908307.txt	F	888	444	444	0	0	0
5906.up-dcd1e20d40f8.txt	F	5906.up-02d771908307.txt	R	888	444	444	0	0	0
5906.up-dcd1e20d40f8.txt	F	5906.up-a00b3e52965d.txt	F	888	444	444	0	0	0
5906.up-dcd1e20d40f8.txt	F	5906.up-a00b3e52965d.txt	R	888	444	444	0	0	0
5906.up-dcd1e20d40f8.txt	R	5906.up-02d771908307.txt	F	888	444	444	0	0	0
5906.up-dcd1e20d40f8.txt	R	5906.up-02d771908307.txt	R	888	444	444	0	0	0
5906.up-dcd1e20d40f8.txt	R	5906.up-a00b3e52965d.txt	F	888	444	444	0	0	0
5906.up-dcd1e20d40f8.txt	R	5906.up-a00b3e52965d.txt	R	888	444	444	0	0	0
5906.up-dcd1e20d40f8.txt	F	5906.up-14e2c7b29aae.txt	F	912	456	456	0	0	0
5906.up-dcd1e20d40f8.txt	F	5906.up-14e2c7b29aae.txt	R	912	456	456	0	0	0
5906.up-dcd1e20d40f8.txt	R	5906.up-14e2c7b29aae.txt	F	912	456	456	0	0	0
5906.up-dcd1e20d40f8.txt	R	5906.up-14e2c7b29aae.txt	R	912	456	456	0	0	0
5906.up-dcd1e20d40f8.txt	F	5906.lswap-9bd2a50baa0e.txt	F	924	462	462	0	0	0
5906.up-dcd1e20d40f8.txt	F	5906.lswap-9bd2a50baa0e.txt	R	924	462	462	0	0	0
5906.up-dcd1e20d40f8.txt	R	5906.lswap-9bd2a50baa0e.txt	F	924	462	462	0	0	0
5906.up-dcd1e20d40f8.txt	R	5906.lswap-9bd2a50baa0e.txt	R	924	462	462	0	0	0
5906.up-dcd1e20d40f8.txt	F	5906.rbnd-0dad091b8ac4.txt	R	925	463	462	0	1	0
5906.up-dcd1e20d40f8.txt	F	5906.rbnd-2641d60c9d5c.txt	F	925	463	462	0	1	0
5906.up-dcd1e20d40f8.txt	R	5906.rbnd-0dad091b8ac4.txt	R	925	463	462	0	1	0
5906.up-dcd1e20d40f8.txt	R	5906.rbnd-2641d60c9d5c.txt	F	925	463	462	0	1	0
5906.up-dcd1e20d40f8.txt	F	5906.lswap-aea48ef05d9e.txt	F	936	468	468	0	0	0
5906.up-dcd1e20d40f8.txt	F	5906.lswap-aea48ef05d9e.txt	R	936	468	468	0	0	0
5906.up-dcd1e20d40f8.txt	F	5906.lswap-be4759bc731a.txt	F	936	468	468	0	0	0
5906.up-dcd1e20d40f8.txt	F	5906.lswap-be4759bc731a.txt	R	936	468	468	0	0	0
5906.up-dcd1e20d40f8.txt	F	5906.lswap-cf5ecb0e9ecc.txt	F	936	468	468	0	0	0
5906.up-dcd1e20d40f8.txt	F	5906.lswap-cf5ecb0e9ecc.txt	R	936	468	468	0	0	0
5906.up-dcd1e20d40f8.txt	F	5906.lswap-d252e4d38aa9.txt	F	936	468	468	0	0	0
5906.up-dcd1e20d40f8.txt	F	5906.lswap-d252e4d38aa9.txt	R	936	468	468	0	0	0
5906.up-dcd1e20d40f8.txt	F	5906.up-1e6ba5f50479.txt	F	936	468	468	0	0	0
5906.up-dcd1e20d40f8.txt	F	5906.up-1e6ba5f50479.txt	R	936	468	468	0	0	0
5906.up-dcd1e20d40f8.txt	F	5906.up-37ac2db82134.txt	F	936	468	468	0	0	0
5906.up-dcd1e20d40f8.txt	F	5906.up-37ac2db82134.txt	R	936	468	468	0	0	0
5906.up-dcd1e20d40f8.txt	F	5906.up-da93a66cd37b.txt	F	936	468	468	0	0	0
5906.up-dcd1e20d40f8.txt	F	5906.up-da93a66cd37b.txt	R	936	468	468	0	0	0
5906.up-dcd1e20d40f8.txt	R	5906.lswap-aea48ef05d9e.txt	F	936	468	468	0	0	0
5906.up-dcd1e20d40f8.txt	R	5906.lswap-aea48ef05d9e.txt	R	936	468	468	0	0	0
5906.up-dcd1e20d40f8.txt	R	5906.lswap-be4759bc731a.txt	F	936	468	468	0	0	0
5906.up-dcd1e20d40f8.txt	R	5906.lswap-be4759bc731a.txt	R	936	468	468	0	0	0
5906.up-dcd1e20d40f8.txt	R	5906.lswap-cf5ecb0e9ecc.txt	F	936	468	468	0	0	0
5906.up-dcd1e20d40f8.txt	R	5906.lswap-cf5ecb0e9ecc.txt	R	936	468	468	0	0	0
5906.up-dcd1e20d40f8.txt	R	5906.lswap-d252e4d38aa9.txt	F	936	468	468	0	0	0
5906.up-dcd1e20d40f8.txt	R	5906.lswap-d252e4d38aa9.txt	R	936	468	468	0	0	0
5906.up-dcd1e20d40f8.txt	R	5906.up-1e6ba5f50479.txt	F	936	468	468	0	0	0
5906.up-dcd1e20d40f8.txt	R	5906.up-1e6ba5f50479.txt	R	936	468	468	0	0	0
5906.up-dcd1e20d40f8.txt	R	5906.up-37ac2db82134.txt	F	936	468	468	0	0	0
5906.up-dcd1e20d40f8.txt	R	5906.up-37ac2db82134.txt	R	936	468	468	0	0	0
5906.up-dcd1e20d40f8.txt	R	5906.up-da93a66cd37b.txt	F	936	468	468	0	0	0
5906.up-dcd1e20d40f8.txt	R	5906.up-da93a66cd37b.txt	R	936	468	468	0	0	0
5906.up-dcd1e20d40f8.txt	F	5906.lswap-25cebe1ff658.txt	F	960	480	480	0	0	0
5906.up-dcd1e20d40f8.txt	F	5906.lswap-25cebe1ff658.txt	R	960	480	480	0	0	0
5906.up-dcd1e20d40f8.txt	F	5906.lswap-4c179f65aa4b.txt	F	960	480	480	0	0	0
5906.up-dcd1e20d40f8.txt	F	5906.lswap-4c179f65aa4b.txt	R	960	480	480	0	0	0
5906.up-dcd1e20d40f8.txt	F	5906.lswap-5a55d1641a86.txt	F	960	480	480	0	0	0
5906.up-dcd1e20d40f8.txt	F	5906.lswap-5a55d1641a86.txt	R	960	480	480	0	0	0
5906.up-dcd1e20d40f8.txt	F	5906.lswap-5a7a973564fd.txt	F	960	480	480	0	0	0
5906.up-dcd1e20d40f8.txt	F	5906.lswap-5a7a973564fd.txt	R	960	480	480	0	0	0
5906.up-dcd1e20d40f8.txt	F	5906.lswap-6f6f375dca74.txt	F	960	480	480	0	0	0
5906.up-dcd1e20d40f8.txt	F	5906.lswap-6f6f375dca74.txt	R	960	480	480	0	0	0
5906.up-dcd1e20d40f8.txt	F	5906.lswap-aa52880fc9e0.txt	F	960	480	480	0	0	0
5906.up-dcd1e20d40f8.txt	F	5906.lswap-aa52880fc9e0.txt	R	960	480	480	0	0	0
5906.up-dcd1e20d40f8.txt	F	5906.lswap-b55f23a2f470.txt	F	960	480	480	0	0	0
5906.up-dcd1e20d40f8.txt	F	5906.lswap-b55f23a2f470.txt	R	960	480	480	0	0	0
5906.up-dcd1e20d40f8.txt	F	5906.lswap-dcc866de4e11.txt	F	960	480	480	0	0	0
5906.up-dcd1e20d40f8.txt	F	5906.lswap-dcc866de4e11.txt	R	960	480	480	0	0	0
5906.up-dcd1e20d40f8.txt	F	5906.up-168d62e1a9d1.txt	F	960	480	480	0	0	0
5906.up-dcd1e20d40f8.txt	F	5906.up-168d62e1a9d1.txt	R	960	480	480	0	0	0
5906.up-dcd1e20d40f8.txt	F	5906.up-756ff2ed09bd.txt	F	960	480	480	0	0	0
5906.up-dcd1e20d40f8.txt	F	5906.up-756ff2ed09bd.txt	R	960	480	480	0	0	0
5906.up-dcd1e20d40f8.txt	F	5906.up-7824c044436e.txt	F	960	480	480	0	0	0
5906.up-dcd1e20d40f8.txt	F	5906.up-7824c044436e.txt	R	960	480	480	0	0	0
5906.up-dcd1e20d40f8.txt	F	5906.up-7c111e182316.txt	F	960	480	480	0	0	0
5906.up-dcd1e20d40f8.txt	F	5906.up-7c111e182316.txt	R	960	480	480	0	0	0
5906.up-dcd1e20d40f8.txt	F	5906.up-a838f31a7b4f.txt	F	960	480	480	0	0	0
5906.up-dcd1e20d40f8.txt	F	5906.up-a838f31a7b4f.txt	R	960	480	480	0	0	0
5906.up-dcd1e20d40f8.txt	F	5906.up-e94d2b57a7d4.txt	F	960	480	480	0	0	0
5906.up-dcd1e20d40f8.txt	F	5906.up-e94d2b57a7d4.txt	R	960	480	480	0	0	0
5906.up-dcd1e20d40f8.txt	R	5906.lswap-25cebe1ff658.txt	F	960	480	480	0	0	0
5906.up-dcd1e20d40f8.txt	R	5906.lswap-25cebe1ff658.txt	R	960	480	480	0	0	0
5906.up-dcd1e20d40f8.txt	R	5906.lswap-4c179f65aa4b.txt	F	960	480	480	0	0	0
5906.up-dcd1e20d40f8.txt	R	5906.lswap-4c179f65aa4b.txt	R	960	480	480	0	0	0
5906.up-dcd1e20d40f8.txt	R	5906.lswap-5a55d1641a86.txt	F	960	480	480	0	0	0
5906.up-dcd1e20d40f8.txt	R	5906.lswap-5a55d1641a86.txt	R	960	480	480	0	0	0
5906.up-dcd1e20d40f8.txt	R	5906.lswap-5a7a973564fd.txt	F	960	480	480	0	0	0
5906.up-dcd1e20d40f8.txt	R	5906.lswap-5a7a973564fd.txt	R	960	480	480	0	0	0
5906.up-dcd1e20d40f8.txt	R	5906.lswap-6f6f375dca74.txt	F	960	480	480	0	0	0
5906.up-dcd1e20d40f8.txt	R	5906.lswap-6f6f375dca74.txt	R	960	480	480	0	0	0
5906.up-dcd1e20d40f8.txt	R	5906.lswap-aa52880fc9e0.txt	F	960	480	480	0	0	0
5906.up-dcd1e20d40f8.txt	R	5906.lswap-aa52880fc9e0.txt	R	960	480	480	0	0	0
5906.up-dcd1e20d40f8.txt	R	5906.lswap-b55f23a2f470.txt	F	960	480	480	0	0	0
5906.up-dcd1e20d40f8.txt	R	5906.lswap-b55f23a2f470.txt	R	960	480	480	0	0	0
5906.up-dcd1e20d40f8.txt	R	5906.lswap-dcc866de4e11.txt	F	960	480	480	0	0	0
5906.up-dcd1e20d40f8.txt	R	5906.lswap-dcc866de4e11.txt	R	960	480	480	0	0	0
5906.up-dcd1e20d40f8.txt	R	5906.up-168d62e1a9d1.txt	F	960	480	480	0	0	0
5906.up-dcd1e20d40f8.txt	R	5906.up-168d62e1a9d1.txt	R	960	480	480	0	0	0
5906.up-dcd1e20d40f8.txt	R	5906.up-756ff2ed09bd.txt	F	960	480	480	0	0	0
5906.up-dcd1e20d40f8.txt	R	5906.up-756ff2ed09bd.txt	R	960	480	480	0	0	0
5906.up-dcd1e20d40f8.txt	R	5906.up-7824c044436e.txt	F	960	480	480	0	0	0
5906.up-dcd1e20d40f8.txt	R	5906.up-7824c044436e.txt	R	960	480	480	0	0	0
5906.up-dcd1e20d40f8.txt	R	5906.up-7c111e182316.txt	F	960	480	480	0	0	0
5906.up-dcd1e20d40f8.txt	R	5906.up-7c111e182316.txt	R	960	480	480	0	0	0
5906.up-dcd1e20d40f8.txt	R	5906.up-a838f31a7b4f.txt	F	960	480	480	0	0	0
5906.up-dcd1e20d40f8.txt	R	5906.up-a838f31a7b4f.txt	R	960	480	480	0	0	0
5906.up-dcd1e20d40f8.txt	R	5906.up-e94d2b57a7d4.txt	F	960	480	480	0	0	0
5906.up-dcd1e20d40f8.txt	R	5906.up-e94d2b57a7d4.txt	R	960	480	480	0	0	0
5906.up-dcd1e20d40f8.txt	F	5906.rbnd-c44d48fbd52c.txt	R	961	481	480	0	1	0
5906.up-dcd1e20d40f8.txt	R	5906.rbnd-c44d48fbd52c.txt	R	961	481	480	0	1	0
5906.up-dcd1e20d40f8.txt	F	5906.lswap-2fb529601be6.txt	F	984	492	492	0	0	0
5906.up-dcd1e20d40f8.txt	F	5906.lswap-2fb529601be6.txt	R	984	492	492	0	0	0
5906.up-dcd1e20d40f8.txt	F	5906.lswap-3b4f2e286e0c.txt	F	984	492	492	0	0	0
5906.up-dcd1e20d40f8.txt	F	5906.lswap-3b4f2e286e0c.txt	R	984	492	492	0	0	0
5906.up-dcd1e20d40f8.txt	F	5906.lswap-3baeeea281f2.txt	F	984	492	492	0	0	0
5906.up-dcd1e20d40f8.txt	F	5906.lswap-3baeeea281f2.txt	R	984	492	492	0	0	0
5906.up-dcd1e20d40f8.txt	F	5906.lswap-3c791ffa671d.txt	F	984	492	492	0	0	0
5906.up-dcd1e20d40f8.txt	F	5906.lswap-3c791ffa671d.txt	R	984	492	492	0	0	0
5906.up-dcd1e20d40f8.txt	F	5906.lswap-3d82ae1f2111.txt	F	984	492	492	0	0	0
5906.up-dcd1e20d40f8.txt	F	5906.lswap-3d82ae1f2111.txt	R	984	492	492	0	0	0
5906.up-dcd1e20d40f8.txt	F	5906.lswap-41a210488ac9.txt	F	984	492	492	0	0	0
5906.up-dcd1e20d40f8.txt	F	5906.lswap-41a210488ac9.txt	R	984	492	492	0	0	0
5906.up-dcd1e20d40f8.txt	F	5906.lswap-49fc63d034f2.txt	F	984	492	492	0	0	0
5906.up-dcd1e20d40f8.txt	F	5906.lswap-49fc63d034f2.txt	R	984	492	492	0	0	0
5906.up-dcd1e20d40f8.txt	F	5906.lswap-5228890279ca.txt	F	984	492	492	0	0	0
5906.up-dcd1e20d40f8.txt	F	5906.lswap-5228890279ca.txt	R	984	492	492	0	0	0
5906.up-dcd1e20d40f8.txt	F	5906.lswap-6bd82af50a4e.txt	F	984	492	492	0	0	0
5906.up-dcd1e20d40f8.txt	F	5906.lswap-6bd82af50a4e.txt	R	984	492	492	0	0	0
5906.up-dcd1e20d40f8.txt	F	5906.lswap-7217a0cd3774.txt	F	984	492	492	0	0	0
5906.up-dcd1e20d40f8.txt	F	5906.lswap-7217a0cd3774.txt	R	984	492	492	0	0	0
5906.up-dcd1e20d40f8.txt	F	5906.lswap-964ebce5847f.txt	F	984	492	492	0	0	0
5906.up-dcd1e20d40f8.txt	F	5906.lswap-964ebce5847f.txt	R	984	492	492	0	0	0
5906.up-dcd1e20d40f8.txt	F	5906.lswap-a28e203d65dc.txt	F	984	492	492	0	0	0
5906.up-dcd1e20d40f8.txt	F	5906.lswap-a28e203d65dc.txt	R	984	492	492	0	0	0
5906.up-dcd1e20d40f8.txt	F	5906.lswap-cae9c3b46793.txt	F	984	492	492	0	0	0
5906.up-dcd1e20d40f8.txt	F	5906.lswap-cae9c3b46793.txt	R	984	492	492	0	0	0
5906.up-dcd1e20d40f8.txt	F	5906.lswap-e59a6239aa79.txt	F	984	492	492	0	0	0
5906.up-dcd1e20d40f8.txt	F	5906.lswap-e59a6239aa79.txt	R	984	492	492	0	0	0
5906.up-dcd1e20d40f8.txt	F	5906.up-207dc5352d35.txt	F	984	492	492	0	0	0
5906.up-dcd1e20d40f8.txt	F	5906.up-207dc5352d35.txt	R	984	492	492	0	0	0
5906.up-dcd1e20d40f8.txt	F	5906.up-6a8f7756517b.txt	F	984	492	492	0	0	0
5906.up-dcd1e20d40f8.txt	F	5906.up-6a8f7756517b.txt	R	984	492	492	0	0	0
5906.up-dcd1e20d40f8.txt	F	5906.up-a235b0e09b6c.txt	F	984	492	492	0	0	0
5906.up-dcd1e20d40f8.txt	F	5906.up-a235b0e09b6c.txt	R	984	492	492	0	0	0
5906.up-dcd1e20d40f8.txt	F	5906.up-abe33e328763.txt	F	984	492	492	0	0	0
5906.up-dcd1e20d40f8.txt	F	5906.up-abe33e328763.txt	R	984	492	492	0	0	0
5906.up-dcd1e20d40f8.txt	F	5906.up-e1680a9d0e30.txt	F	984	492	492	0	0	0
5906.up-dcd1e20d40f8.txt	F	5906.up-e1680a9d0e30.txt	R	984	492	492	0	0	0
5906.up-dcd1e20d40f8.txt	F	5906.up-e8da0f18269f.txt	F	984	492	492	0	0	0
5906.up-dcd1e20d40f8.txt	F	5906.up-e8da0f18269f.txt	R	984	492	492	0	0	0
5906.up-dcd1e20d40f8.txt	R	5906.lswap-2fb529601be6.txt	F	984	492	492	0	0	0
5906.up-dcd1e20d40f8.txt	R	5906.lswap-2fb529601be6.txt	R	984	492	492	0	0	0
5906.up-dcd1e20d40f8.txt	R	5906.lswap-3b4f2e286e0c.txt	F	984	492	492	0	0	0
5906.up-dcd1e20d40f8.txt	R	5906.lswap-3b4f2e286e0c.txt	R	984	492	492	0	0	0
5906.up-dcd1e20d40f8.txt	R	5906.lswap-3baeeea281f2.txt	F	984	492	492	0	0	0
5906.up-dcd1e20d40f8.txt	R	5906.lswap-3baeeea281f2.txt	R	984	492	492	0	0	0
5906.up-dcd1e20d40f8.txt	R	5906.lswap-3c791ffa671d.txt	F	984	492	492	0	0	0
5906.up-dcd1e20d40f8.txt	R	5906.lswap-3c791ffa671d.txt	R	984	492	492	0	0	0
5906.up-dcd1e20d40f8.txt	R	5906.lswap-3d82ae1f2111.txt	F	984	492	492	0	0	0
5906.up-dcd1e20d40f8.txt	R	5906.lswap-3d82ae1f2111.txt	R	984	492	492	0	0	0
5906.up-dcd1e20d40f8.txt	R	5906.lswap-41a210488ac9.txt	F	984	492	492	0	0	0
5906.up-dcd1e20d40f8.txt	R	5906.lswap-41a210488ac9.txt	R	984	492	492	0	0	0
5906.up-dcd1e20d40f8.txt	R	5906.lswap-49fc63d034f2.txt	F	984	492	492	0	0	0
5906.up-dcd1e20d40f8.txt	R	5906.lswap-49fc63d034f2.txt	R	984	492	492	0	0	0
5906.up-dcd1e20d40f8.txt	R	5906.lswap-5228890279ca.txt	F	984	492	492	0	0	0
5906.up-dcd1e20d40f8.txt	R	5906.lswap-5228890279ca.txt	R	984	492	492	0	0	0
5906.up-dcd1e20d40f8.txt	R	5906.lswap-6bd82af50a4e.txt	F	984	492	492	0	0	0
5906.up-dcd1e20d40f8.txt	R	5906.lswap-6bd82af50a4e.txt	R	984	492	492	0	0	0
5906.up-dcd1e20d40f8.txt	R	5906.lswap-7217a0cd3774.txt	F	984	492	492	0	0	0
5906.up-dcd1e20d40f8.txt	R	5906.lswap-7217a0cd3774.txt	R	984	492	492	0	0	0
5906.up-dcd1e20d40f8.txt	R	5906.lswap-964ebce5847f.txt	F	984	492	492	0	0	0
5906.up-dcd1e20d40f8.txt	R	5906.lswap-964ebce5847f.txt	R	984	492	492	0	0	0
5906.up-dcd1e20d40f8.txt	R	5906.lswap-a28e203d65dc.txt	F	984	492	492	0	0	0
5906.up-dcd1e20d40f8.txt	R	5906.lswap-a28e203d65dc.txt	R	984	492	492	0	0	0
5906.up-dcd1e20d40f8.txt	R	5906.lswap-cae9c3b46793.txt	F	984	492	492	0	0	0
5906.up-dcd1e20d40f8.txt	R	5906.lswap-cae9c3b46793.txt	R	984	492	492	0	0	0
5906.up-dcd1e20d40f8.txt	R	5906.lswap-e59a6239aa79.txt	F	984	492	492	0	0	0
5906.up-dcd1e20d40f8.txt	R	5906.lswap-e59a6239aa79.txt	R	984	492	492	0	0	0
5906.up-dcd1e20d40f8.txt	R	5906.up-207dc5352d35.txt	F	984	492	492	0	0	0
5906.up-dcd1e20d40f8.txt	R	5906.up-207dc5352d35.txt	R	984	492	492	0	0	0
5906.up-dcd1e20d40f8.txt	R	5906.up-6a8f7756517b.txt	F	984	492	492	0	0	0
5906.up-dcd1e20d40f8.txt	R	5906.up-6a8f7756517b.txt	R	984	492	492	0	0	0
5906.up-dcd1e20d40f8.txt	R	5906.up-a235b0e09b6c.txt	F	984	492	492	0	0	0
5906.up-dcd1e20d40f8.txt	R	5906.up-a235b0e09b6c.txt	R	984	492	492	0	0	0
5906.up-dcd1e20d40f8.txt	R	5906.up-abe33e328763.txt	F	984	492	492	0	0	0
5906.up-dcd1e20d40f8.txt	R	5906.up-abe33e328763.txt	R	984	492	492	0	0	0
5906.up-dcd1e20d40f8.txt	R	5906.up-e1680a9d0e30.txt	F	984	492	492	0	0	0
5906.up-dcd1e20d40f8.txt	R	5906.up-e1680a9d0e30.txt	R	984	492	492	0	0	0
5906.up-dcd1e20d40f8.txt	R	5906.up-e8da0f18269f.txt	F	984	492	492	0	0	0
5906.up-dcd1e20d40f8.txt	R	5906.up-e8da0f18269f.txt	R	984	492	492	0	0	0
5906.up-dcd1e20d40f8.txt	F	5906.lswap-17203113788c.txt	F	1008	504	504	0	0	0
5906.up-dcd1e20d40f8.txt	F	5906.lswap-17203113788c.txt	R	1008	504	504	0	0	0
5906.up-dcd1e20d40f8.txt	F	5906.lswap-5764c730eaee.txt	F	1008	504	504	0	0	0
5906.up-dcd1e20d40f8.txt	F	5906.lswap-5764c730eaee.txt	R	1008	504	504	0	0	0
5906.up-dcd1e20d40f8.txt	F	5906.lswap-73851215f718.txt	F	1008	504	504	0	0	0
5906.up-dcd1e20d40f8.txt	F	5906.lswap-73851215f718.txt	R	1008	504	504	0	0	0
5906.up-dcd1e20d40f8.txt	F	5906.lswap-7602ba885180.txt	F	1008	504	504	0	0	0
5906.up-dcd1e20d40f8.txt	F	5906.lswap-7602ba885180.txt	R	1008	504	504	0	0	0
5906.up-dcd1e20d40f8.txt	F	5906.lswap-7bd46049981f.txt	F	1008	504	504	0	0	0
5906.up-dcd1e20d40f8.txt	F	5906.lswap-7bd46049981f.txt	R	1008	504	504	0	0	0
5906.up-dcd1e20d40f8.txt	F	5906.lswap-821102adfff8.txt	F	1008	504	504	0	0	0
5906.up-dcd1e20d40f8.txt	F	5906.lswap-821102adfff8.txt	R	1008	504	504	0	0	0
5906.up-dcd1e20d40f8.txt	F	5906.lswap-b12d38608f09.txt	F	1008	504	504	0	0	0
5906.up-dcd1e20d40f8.txt	F	5906.lswap-b12d38608f09.txt	R	1008	504	504	0	0	0
5906.up-dcd1e20d40f8.txt	F	5906.lswap-e0920da719d9.txt	F	1008	504	504	0	0	0
5906.up-dcd1e20d40f8.txt	F	5906.lswap-e0920da719d9.txt	R	1008	504	504	0	0	0
5906.up-dcd1e20d40f8.txt	F	5906.lswap-e21e24656b8e.txt	F	1008	504	504	0	0	0
5906.up-dcd1e20d40f8.txt	F	5906.lswap-e21e24656b8e.txt	R	1008	504	504	0	0	0
5906.up-dcd1e20d40f8.txt	F	5906.lswap-f6dbf9989449.txt	F	1008	504	504	0	0	0
5906.up-dcd1e20d40f8.txt	F	5906.lswap-f6dbf9989449.txt	R	1008	504	504	0	0	0
5906.up-dcd1e20d40f8.txt	F	5906.up-2cb6c1139592.txt	F	1008	504	504	0	0	0
5906.up-dcd1e20d40f8.txt	F	5906.up-2cb6c1139592.txt	R	1008	504	504	0	0	0
5906.up-dcd1e20d40f8.txt	F	5906.up-91a0d3cd2c14.txt	F	1008	504	504	0	0	0
5906.up-dcd1e20d40f8.txt	F	5906.up-91a0d3cd2c14.txt	R	1008	504	504	0	0	0
5906.up-dcd1e20d40f8.txt	F	5906.up-95ffff5c765c.txt	F	1008	504	504	0	0	0
5906.up-dcd1e20d40f8.txt	F	5906.up-95ffff5c765c.txt	R	1008	504	504	0	0	0
5906.up-dcd1e20d40f8.txt	F	5906.up-aed220b1ebc4.txt	F	1008	504	504	0	0	0
5906.up-dcd1e20d40f8.txt	F	5906.up-aed220b1ebc4.txt	R	1008	504	504	0	0	0
5906.up-dcd1e20d40f8.txt	F	5906.up-b2d6bec1e3bd.txt	F	1008	504	504	0	0	0
5906.up-dcd1e20d40f8.txt	F	5906.up-b2d6bec1e3bd.txt	R	1008	504	504	0	0	0
5906.up-dcd1e20d40f8.txt	F	5906.up-e65e244c83d3.txt	F	1008	504	504	0	0	0
5906.up-dcd1e20d40f8.txt	F	5906.up-e65e244c83d3.txt	R	1008	504	504	0	0	0
5906.up-dcd1e20d40f8.txt	F	5906.up-e948752d6a32.txt	F	1008	504	504	0	0	0
5906.up-dcd1e20d40f8.txt	F	5906.up-e948752d6a32.txt	R	1008	504	504	0	0	0
5906.up-dcd1e20d40f8.txt	R	5906.lswap-17203113788c.txt	F	1008	504	504	0	0	0
5906.up-dcd1e20d40f8.txt	R	5906.lswap-17203113788c.txt	R	1008	504	504	0	0	0
5906.up-dcd1e20d40f8.txt	R	5906.lswap-5764c730eaee.txt	F	1008	504	504	0	0	0
5906.up-dcd1e20d40f8.txt	R	5906.lswap-5764c730eaee.txt	R	1008	504	504	0	0	0
5906.up-dcd1e20d40f8.txt	R	5906.lswap-73851215f718.txt	F	1008	504	504	0	0	0
5906.up-dcd1e20d40f8.txt	R	5906.lswap-73851215f718.txt	R	1008	504	504	0	0	0
5906.up-dcd1e20d40f8.txt	R	5906.lswap-7602ba885180.txt	F	1008	504	504	0	0	0
5906.up-dcd1e20d40f8.txt	R	5906.lswap-7602ba885180.txt	R	1008	504	504	0	0	0
5906.up-dcd1e20d40f8.txt	R	5906.lswap-7bd46049981f.txt	F	1008	504	504	0	0	0
5906.up-dcd1e20d40f8.txt	R	5906.lswap-7bd46049981f.txt	R	1008	504	504	0	0	0
5906.up-dcd1e20d40f8.txt	R	5906.lswap-821102adfff8.txt	F	1008	504	504	0	0	0
5906.up-dcd1e20d40f8.txt	R	5906.lswap-821102adfff8.txt	R	1008	504	504	0	0	0
5906.up-dcd1e20d40f8.txt	R	5906.lswap-b12d38608f09.txt	F	1008	504	504	0	0	0
5906.up-dcd1e20d40f8.txt	R	5906.lswap-b12d38608f09.txt	R	1008	504	504	0	0	0
5906.up-dcd1e20d40f8.txt	R	5906.lswap-e0920da719d9.txt	F	1008	504	504	0	0	0
5906.up-dcd1e20d40f8.txt	R	5906.lswap-e0920da719d9.txt	R	1008	504	504	0	0	0
5906.up-dcd1e20d40f8.txt	R	5906.lswap-e21e24656b8e.txt	F	1008	504	504	0	0	0
5906.up-dcd1e20d40f8.txt	R	5906.lswap-e21e24656b8e.txt	R	1008	504	504	0	0	0
5906.up-dcd1e20d40f8.txt	R	5906.lswap-f6dbf9989449.txt	F	1008	504	504	0	0	0
5906.up-dcd1e20d40f8.txt	R	5906.lswap-f6dbf9989449.txt	R	1008	504	504	0	0	0
5906.up-dcd1e20d40f8.txt	R	5906.up-2cb6c1139592.txt	F	1008	504	504	0	0	0
5906.up-dcd1e20d40f8.txt	R	5906.up-2cb6c1139592.txt	R	1008	504	504	0	0	0
5906.up-dcd1e20d40f8.txt	R	5906.up-91a0d3cd2c14.txt	F	1008	504	504	0	0	0
5906.up-dcd1e20d40f8.txt	R	5906.up-91a0d3cd2c14.txt	R	1008	504	504	0	0	0
5906.up-dcd1e20d40f8.txt	R	5906.up-95ffff5c765c.txt	F	1008	504	504	0	0	0
5906.up-dcd1e20d40f8.txt	R	5906.up-95ffff5c765c.txt	R	1008	504	504	0	0	0
5906.up-dcd1e20d40f8.txt	R	5906.up-aed220b1ebc4.txt	F	1008	504	504	0	0	0
5906.up-dcd1e20d40f8.txt	R	5906.up-aed220b1ebc4.txt	R	1008	504	504	0	0	0
5906.up-dcd1e20d40f8.txt	R	5906.up-b2d6bec1e3bd.txt	F	1008	504	504	0	0	0
5906.up-dcd1e20d40f8.txt	R	5906.up-b2d6bec1e3bd.txt	R	1008	504	504	0	0	0
5906.up-dcd1e20d40f8.txt	R	5906.up-e65e244c83d3.txt	F	1008	504	504	0	0	0
5906.up-dcd1e20d40f8.txt	R	5906.up-e65e244c83d3.txt	R	1008	504	504	0	0	0
5906.up-dcd1e20d40f8.txt	R	5906.up-e948752d6a32.txt	F	1008	504	504	0	0	0
5906.up-dcd1e20d40f8.txt	R	5906.up-e948752d6a32.txt	R	1008	504	504	0	0	0
5906.up-dcd1e20d40f8.txt	F	5906.lswap-0de54c0a7bb6.txt	F	1032	516	516	0	0	0
5906.up-dcd1e20d40f8.txt	F	5906.lswap-0de54c0a7bb6.txt	R	1032	516	516	0	0	0
5906.up-dcd1e20d40f8.txt	F	5906.lswap-1e70957354f1.txt	F	1032	516	516	0	0	0
5906.up-dcd1e20d40f8.txt	F	5906.lswap-1e70957354f1.txt	R	1032	516	516	0	0	0
5906.up-dcd1e20d40f8.txt	F	5906.lswap-423441640591.txt	F	1032	516	516	0	0	0
5906.up-dcd1e20d40f8.txt	F	5906.lswap-423441640591.txt	R	1032	516	516	0	0	0
5906.up-dcd1e20d40f8.txt	F	5906.lswap-469763027c57.txt	F	1032	516	516	0	0	0
5906.up-dcd1e20d40f8.txt	F	5906.lswap-469763027c57.txt	R	1032	516	516	0	0	0
5906.up-dcd1e20d40f8.txt	F	5906.lswap-6d7ea156bdcc.txt	F	1032	516	516	0	0	0
5906.up-dcd1e20d40f8.txt	F	5906.lswap-6d7ea156bdcc.txt	R	1032	516	516	0	0	0
5906.up-dcd1e20d40f8.txt	F	5906.up-3de4f10d5095.txt	F	1032	516	516	0	0	0
5906.up-dcd1e20d40f8.txt	F	5906.up-3de4f10d5095.txt	R	1032	516	516	0	0	0
5906.up-dcd1e20d40f8.txt	F	5906.up-4c3eef44600b.txt	F	1032	516	516	0	0	0
5906.up-dcd1e20d40f8.txt	F	5906.up-4c3eef44600b.txt	R	1032	516	516	0	0	0
5906.up-dcd1e20d40f8.txt	F	5906.up-6773ff05a318.txt	F	1032	516	516	0	0	0
5906.up-dcd1e20d40f8.txt	F	5906.up-6773ff05a318.txt	R	1032	516	516	0	0	0
5906.up-dcd1e20d40f8.txt	F	5906.up-77512ee88848.txt	F	1032	516	516	0	0	0
5906.up-dcd1e20d40f8.txt	F	5906.up-77512ee88848.txt	R	1032	516	516	0	0	0
5906.up-dcd1e20d40f8.txt	F	5906.up-a001786e5861.txt	F	1032	516	516	0	0	0
5906.up-dcd1e20d40f8.txt	F	5906.up-a001786e5861.txt	R	1032	516	516	0	0	0
5906.up-dcd1e20d40f8.txt	F	5906.up-cad80abdf334.txt	F	1032	516	516	0	0	0
5906.up-dcd1e20d40f8.txt	F	5906.up-cad80abdf334.txt	R	1032	516	516	0	0	0
5906.up-dcd1e20d40f8.txt	R	5906.lswap-0de54c0a7bb6.txt	F	1032	516	516	0	0	0
5906.up-dcd1e20d40f8.txt	R	5906.lswap-0de54c0a7bb6.txt	R	1032	516	516	0	0	0
5906.up-dcd1e20d40f8.txt	R	5906.lswap-1e70957354f1.txt	F	1032	516	516	0	0	0
5906.up-dcd1e20d40f8.txt	R	5906.lswap-1e70957354f1.txt	R	1032	516	516	0	0	0
5906.up-dcd1e20d40f8.txt	R	5906.lswap-423441640591.txt	F	1032	516	516	0	0	0
5906.up-dcd1e20d40f8.txt	R	5906.lswap-423441640591.txt	R	1032	516	516	0	0	0
5906.up-dcd1e20d40f8.txt	R	5906.lswap-469763027c57.txt	F	1032	516	516	0	0	0
5906.up-dcd1e20d40f8.txt	R	5906.lswap-469763027c57.txt	R	1032	516	516	0	0	0
5906.up-dcd1e20d40f8.txt	R	5906.lswap-6d7ea156bdcc.txt	F	1032	516	516	0	0	0
5906.up-dcd1e20d40f8.txt	R	5906.lswap-6d7ea156bdcc.txt	R	1032	516	516	0	0	0
5906.up-dcd1e20d40f8.txt	R	5906.up-3de4f10d5095.txt	F	1032	516	516	0	0	0
5906.up-dcd1e20d40f8.txt	R	5906.up-3de4f10d5095.txt	R	1032	516	516	0	0	0
5906.up-dcd1e20d40f8.txt	R	5906.up-4c3eef44600b.txt	F	1032	516	516	0	0	0
5906.up-dcd1e20d40f8.txt	R	5906.up-4c3eef44600b.txt	R	1032	516	516	0	0	0
5906.up-dcd1e20d40f8.txt	R	5906.up-6773ff05a318.txt	F	1032	516	516	0	0	0
5906.up-dcd1e20d40f8.txt	R	5906.up-6773ff05a318.txt	R	1032	516	516	0	0	0
5906.up-dcd1e20d40f8.txt	R	5906.up-77512ee88848.txt	F	1032	516	516	0	0	0
5906.up-dcd1e20d40f8.txt	R	5906.up-77512ee88848.txt	R	1032	516	516	0	0	0
5906.up-dcd1e20d40f8.txt	R	5906.up-a001786e5861.txt	F	1032	516	516	0	0	0
5906.up-dcd1e20d40f8.txt	R	5906.up-a001786e5861.txt	R	1032	516	516	0	0	0
5906.up-dcd1e20d40f8.txt	R	5906.up-cad80abdf334.txt	F	1032	516	516	0	0	0
5906.up-dcd1e20d40f8.txt	R	5906.up-cad80abdf334.txt	R	1032	516	516	0	0	0
5906.up-dcd1e20d40f8.txt	F	5906.lswap-20db05a5b51e.txt	F	1044	522	522	0	0	0
5906.up-dcd1e20d40f8.txt	F	5906.lswap-20db05a5b51e.txt	R	1044	522	522	0	0	0
5906.up-dcd1e20d40f8.txt	F	5906.lswap-5808edca979d.txt	F	1044	522	522	0	0	0
5906.up-dcd1e20d40f8.txt	F	5906.lswap-5808edca979d.txt	R	1044	522	522	0	0	0
5906.up-dcd1e20d40f8.txt	R	5906.lswap-20db05a5b51e.txt	F	1044	522	522	0	0	0
5906.up-dcd1e20d40f8.txt	R	5906.lswap-20db05a5b51e.txt	R	1044	522	522	0	0	0
5906.up-dcd1e20d40f8.txt	R	5906.lswap-5808edca979d.txt	F	1044	522	522	0	0	0
5906.up-dcd1e20d40f8.txt	R	5906.lswap-5808edca979d.txt	R	1044	522	522	0	0	0
5906.up-dcd1e20d40f8.txt	F	5906.lswap-9759fb4af500.txt	F	1056	528	528	0	0	0
5906.up-dcd1e20d40f8.txt	F	5906.lswap-9759fb4af500.txt	R	1056	528	528	0	0	0
5906.up-dcd1e20d40f8.txt	F	5906.lswap-afd973e1a915.txt	F	1056	528	528	0	0	0
5906.up-dcd1e20d40f8.txt	F	5906.lswap-afd973e1a915.txt	R	1056	528	528	0	0	0
5906.up-dcd1e20d40f8.txt	F	5906.up-0db50fc7743c.txt	F	1056	528	528	0	0	0
5906.up-dcd1e20d40f8.txt	F	5906.up-0db50fc7743c.txt	R	1056	528	528	0	0	0
5906.up-dcd1e20d40f8.txt	F	5906.up-23ca8a9bcc81.txt	F	1056	528	528	0	0	0
5906.up-dcd1e20d40f8.txt	F	5906.up-23ca8a9bcc81.txt	R	1056	528	528	0	0	0
5906.up-dcd1e20d40f8.txt	F	5906.up-eebb02e3baec.txt	F	1056	528	528	0	0	0
5906.up-dcd1e20d40f8.txt	F	5906.up-eebb02e3baec.txt	R	1056	528	528	0	0	0
5906.up-dcd1e20d40f8.txt	R	5906.lswap-9759fb4af500.txt	F	1056	528	528	0	0	0
5906.up-dcd1e20d40f8.txt	R	5906.lswap-9759fb4af500.txt	R	1056	528	528	0	0	0
5906.up-dcd1e20d40f8.txt	R	5906.lswap-afd973e1a915.txt	F	1056	528	528	0	0	0
5906.up-dcd1e20d40f8.txt	R	5906.lswap-afd973e1a915.txt	R	1056	528	528	0	0	0
5906.up-dcd1e20d40f8.txt	R	5906.up-0db50fc7743c.txt	F	1056	528	528	0	0	0
5906.up-dcd1e20d40f8.txt	R	5906.up-0db50fc7743c.txt	R	1056	528	528	0	0	0
5906.up-dcd1e20d40f8.txt	R	5906.up-23ca8a9bcc81.txt	F	1056	528	528	0	0	0
5906.up-dcd1e20d40f8.txt	R	5906.up-23ca8a9bcc81.txt	R	1056	528	528	0	0	0
5906.up-dcd1e20d40f8.txt	R	5906.up-eebb02e3baec.txt	F	1056	528	528	0	0	0
5906.up-dcd1e20d40f8.txt	R	5906.up-eebb02e3baec.txt	R	1056	528	528	0	0	0
5906.up-dcd1e20d40f8.txt	F	5906.lswap-2497c9291398.txt	F	1068	534	534	0	0	0
5906.up-dcd1e20d40f8.txt	F	5906.lswap-2497c9291398.txt	R	1068	534	534	0	0	0
5906.up-dcd1e20d40f8.txt	F	5906.lswap-29ee6f7c1197.txt	F	1068	534	534	0	0	0
5906.up-dcd1e20d40f8.txt	F	5906.lswap-29ee6f7c1197.txt	R	1068	534	534	0	0	0
5906.up-dcd1e20d40f8.txt	F	5906.lswap-9a5cc6a6e3c8.txt	F	1068	534	534	0	0	0
5906.up-dcd1e20d40f8.txt	F	5906.lswap-9a5cc6a6e3c8.txt	R	1068	534	534	0	0	0
5906.up-dcd1e20d40f8.txt	F	5906.lswap-a7d2db45842b.txt	F	1068	534	534	0	0	0
5906.up-dcd1e20d40f8.txt	F	5906.lswap-a7d2db45842b.txt	R	1068	534	534	0	0	0
5906.up-dcd1e20d40f8.txt	R	5906.lswap-2497c9291398.txt	F	1068	534	534	0	0	0
5906.up-dcd1e20d40f8.txt	R	5906.lswap-2497c9291398.txt	R	1068	534	534	0	0	0
5906.up-dcd1e20d40f8.txt	R	5906.lswap-29ee6f7c1197.txt	F	1068	534	534	0	0	0
5906.up-dcd1e20d40f8.txt	R	5906.lswap-29ee6f7c1197.txt	R	1068	534	534	0	0	0
5906.up-dcd1e20d40f8.txt	R	5906.lswap-9a5cc6a6e3c8.txt	F	1068	534	534	0	0	0
5906.up-dcd1e20d40f8.txt	R	5906.lswap-9a5cc6a6e3c8.txt	R	1068	534	534	0	0	0
5906.up-dcd1e20d40f8.txt	R	5906.lswap-a7d2db45842b.txt	F	1068	534	534	0	0	0
5906.up-dcd1e20d40f8.txt	R	5906.lswap-a7d2db45842b.txt	R	1068	534	534	0	0	0
5906.up-dcd1e20d40f8.txt	F	5906.lswap-025c4805fc39.txt	F	1080	540	540	0	0	0
5906.up-dcd1e20d40f8.txt	F	5906.lswap-025c4805fc39.txt	R	1080	540	540	0	0	0
5906.up-dcd1e20d40f8.txt	F	5906.lswap-031568aa1b5c.txt	F	1080	540	540	0	0	0
5906.up-dcd1e20d40f8.txt	F	5906.lswap-031568aa1b5c.txt	R	1080	540	540	0	0	0
5906.up-dcd1e20d40f8.txt	F	5906.lswap-25804d565b10.txt	F	1080	540	540	0	0	0
5906.up-dcd1e20d40f8.txt	F	5906.lswap-25804d565b10.txt	R	1080	540	540	0	0	0
5906.up-dcd1e20d40f8.txt	F	5906.lswap-80e6c24a2613.txt	F	1080	540	540	0	0	0
5906.up-dcd1e20d40f8.txt	F	5906.lswap-80e6c24a2613.txt	R	1080	540	540	0	0	0
5906.up-dcd1e20d40f8.txt	F	5906.up-0d2e98183c29.txt	F	1080	540	540	0	0	0
5906.up-dcd1e20d40f8.txt	F	5906.up-0d2e98183c29.txt	R	1080	540	540	0	0	0
5906.up-dcd1e20d40f8.txt	F	5906.up-3ba99c5557bb.txt	F	1080	540	540	0	0	0
5906.up-dcd1e20d40f8.txt	F	5906.up-3ba99c5557bb.txt	R	1080	540	540	0	0	0
5906.up-dcd1e20d40f8.txt	F	5906.up-78d638be95ae.txt	F	1080	540	540	0	0	0
5906.up-dcd1e20d40f8.txt	F	5906.up-78d638be95ae.txt	R	1080	540	540	0	0	0
5906.up-dcd1e20d40f8.txt	F	5906.up-839c85982253.txt	F	1080	540	540	0	0	0
5906.up-dcd1e20d40f8.txt	F	5906.up-839c85982253.txt	R	1080	540	540	0	0	0
5906.up-dcd1e20d40f8.txt	F	5906.up-8ec03171f5df.txt	F	1080	540	540	0	0	0
5906.up-dcd1e20d40f8.txt	F	5906.up-8ec03171f5df.txt	R	1080	540	540	0	0	0
5906.up-dcd1e20d40f8.txt	R	5906.lswap-025c4805fc39.txt	F	1080	540	540	0	0	0
5906.up-dcd1e20d40f8.txt	R	5906.lswap-025c4805fc39.txt	R	1080	540	540	0	0	0
5906.up-dcd1e20d40f8.txt	R	5906.lswap-031568aa1b5c.txt	F	1080	540	540	0	0	0
5906.up-dcd1e20d40f8.txt	R	5906.lswap-031568aa1b5c.txt	R	1080	540	540	0	0	0
5906.up-dcd1e20d40f8.txt	R	5906.lswap-25804d565b10.txt	F	1080	540	540	0	0	0
5906.up-dcd1e20d40f8.txt	R	5906.lswap-25804d565b10.txt	R	1080	540	540	0	0	0
5906.up-dcd1e20d40f8.txt	R	5906.lswap-80e6c24a2613.txt	F	1080	540	540	0	0	0
5906.up-dcd1e20d40f8.txt	R	5906.lswap-80e6c24a2613.txt	R	1080	540	540	0	0	0
5906.up-dcd1e20d40f8.txt	R	5906.up-0d2e98183c29.txt	F	1080	540	540	0	0	0
5906.up-dcd1e20d40f8.txt	R	5906.up-0d2e98183c29.txt	R	1080	540	540	0	0	0
5906.up-dcd1e20d40f8.txt	R	5906.up-3ba99c5557bb.txt	F	1080	540	540	0	0	0
5906.up-dcd1e20d40f8.txt	R	5906.up-3ba99c5557bb.txt	R	1080	540	540	0	0	0
5906.up-dcd1e20d40f8.txt	R	5906.up-78d638be95ae.txt	F	1080	540	540	0	0	0
5906.up-dcd1e20d40f8.txt	R	5906.up-78d638be95ae.txt	R	1080	540	540	0	0	0
5906.up-dcd1e20d40f8.txt	R	5906.up-839c85982253.txt	F	1080	540	540	0	0	0
5906.up-dcd1e20d40f8.txt	R	5906.up-839c85982253.txt	R	1080	540	540	0	0	0
5906.up-dcd1e20d40f8.txt	R	5906.up-8ec03171f5df.txt	F	1080	540	540	0	0	0
5906.up-dcd1e20d40f8.txt	R	5906.up-8ec03171f5df.txt	R	1080	540	540	0	0	0
5906.up-dcd1e20d40f8.txt	F	5906.lswap-52e683fb05d3.txt	F	1092	546	546	0	0	0
5906.up-dcd1e20d40f8.txt	F	5906.lswap-52e683fb05d3.txt	R	1092	546	546	0	0	0
5906.up-dcd1e20d40f8.txt	F	5906.lswap-6d0ad177e5ee.txt	F	1092	546	546	0	0	0
5906.up-dcd1e20d40f8.txt	F	5906.lswap-6d0ad177e5ee.txt	R	1092	546	546	0	0	0
5906.up-dcd1e20d40f8.txt	F	5906.lswap-8ed814577309.txt	F	1092	546	546	0	0	0
5906.up-dcd1e20d40f8.txt	F	5906.lswap-8ed814577309.txt	R	1092	546	546	0	0	0
5906.up-dcd1e20d40f8.txt	F	5906.lswap-df71274e07be.txt	F	1092	546	546	0	0	0
5906.up-dcd1e20d40f8.txt	F	5906.lswap-df71274e07be.txt	R	1092	546	546	0	0	0
5906.up-dcd1e20d40f8.txt	F	5906.lswap-e145b859ca30.txt	F	1092	546	546	0	0	0
5906.up-dcd1e20d40f8.txt	F	5906.lswap-e145b859ca30.txt	R	1092	546	546	0	0	0
5906.up-dcd1e20d40f8.txt	F	5906.lswap-e73e096376f0.txt	F	1092	546	546	0	0	0
5906.up-dcd1e20d40f8.txt	F	5906.lswap-e73e096376f0.txt	R	1092	546	546	0	0	0
5906.up-dcd1e20d40f8.txt	R	5906.lswap-52e683fb05d3.txt	F	1092	546	546	0	0	0
5906.up-dcd1e20d40f8.txt	R	5906.lswap-52e683fb05d3.txt	R	1092	546	546	0	0	0
5906.up-dcd1e20d40f8.txt	R	5906.lswap-6d0ad177e5ee.txt	F	1092	546	546	0	0	0
5906.up-dcd1e20d40f8.txt	R	5906.lswap-6d0ad177e5ee.txt	R	1092	546	546	0	0	0
5906.up-dcd1e20d40f8.txt	R	5906.lswap-8ed814577309.txt	F	1092	546	546	0	0	0
5906.up-dcd1e20d40f8.txt	R	5906.lswap-8ed814577309.txt	R	1092	546	546	0	0	0
5906.up-dcd1e20d40f8.txt	R	5906.lswap-df71274e07be.txt	F	1092	546	546	0	0	0
5906.up-dcd1e20d40f8.txt	R	5906.lswap-df71274e07be.txt	R	1092	546	546	0	0	0
5906.up-dcd1e20d40f8.txt	R	5906.lswap-e145b859ca30.txt	F	1092	546	546	0	0	0
5906.up-dcd1e20d40f8.txt	R	5906.lswap-e145b859ca30.txt	R	1092	546	546	0	0	0
5906.up-dcd1e20d40f8.txt	R	5906.lswap-e73e096376f0.txt	F	1092	546	546	0	0	0
5906.up-dcd1e20d40f8.txt	R	5906.lswap-e73e096376f0.txt	R	1092	546	546	0	0	0
5906.up-dcd1e20d40f8.txt	F	5906.lswap-2ae54d2fd96c.txt	F	1104	552	552	0	0	0
5906.up-dcd1e20d40f8.txt	F	5906.lswap-2ae54d2fd96c.txt	R	1104	552	552	0	0	0
5906.up-dcd1e20d40f8.txt	F	5906.lswap-52f45c5e8e22.txt	F	1104	552	552	0	0	0
5906.up-dcd1e20d40f8.txt	F	5906.lswap-52f45c5e8e22.txt	R	1104	552	552	0	0	0
5906.up-dcd1e20d40f8.txt	F	5906.lswap-7f47c6e6eeda.txt	F	1104	552	552	0	0	0
5906.up-dcd1e20d40f8.txt	F	5906.lswap-7f47c6e6eeda.txt	R	1104	552	552	0	0	0
5906.up-dcd1e20d40f8.txt	F	5906.lswap-eeb9a73f4b33.txt	F	1104	552	552	0	0	0
5906.up-dcd1e20d40f8.txt	F	5906.lswap-eeb9a73f4b33.txt	R	1104	552	552	0	0	0
5906.up-dcd1e20d40f8.txt	F	5906.up-16ca46d2c5a9.txt	F	1104	552	552	0	0	0
5906.up-dcd1e20d40f8.txt	F	5906.up-16ca46d2c5a9.txt	R	1104	552	552	0	0	0
5906.up-dcd1e20d40f8.txt	F	5906.up-53b55626d912.txt	F	1104	552	552	0	0	0
5906.up-dcd1e20d40f8.txt	F	5906.up-53b55626d912.txt	R	1104	552	552	0	0	0
5906.up-dcd1e20d40f8.txt	F	5906.up-a233fdf94b8d.txt	F	1104	552	552	0	0	0
5906.up-dcd1e20d40f8.txt	F	5906.up-a233fdf94b8d.txt	R	1104	552	552	0	0	0
5906.up-dcd1e20d40f8.txt	R	5906.lswap-2ae54d2fd96c.txt	F	1104	552	552	0	0	0
5906.up-dcd1e20d40f8.txt	R	5906.lswap-2ae54d2fd96c.txt	R	1104	552	552	0	0	0
5906.up-dcd1e20d40f8.txt	R	5906.lswap-52f45c5e8e22.txt	F	1104	552	552	0	0	0
5906.up-dcd1e20d40f8.txt	R	5906.lswap-52f45c5e8e22.txt	R	1104	552	552	0	0	0
5906.up-dcd1e20d40f8.txt	R	5906.lswap-7f47c6e6eeda.txt	F	1104	552	552	0	0	0
5906.up-dcd1e20d40f8.txt	R	5906.lswap-7f47c6e6eeda.txt	R	1104	552	552	0	0	0
5906.up-dcd1e20d40f8.txt	R	5906.lswap-eeb9a73f4b33.txt	F	1104	552	552	0	0	0
5906.up-dcd1e20d40f8.txt	R	5906.lswap-eeb9a73f4b33.txt	R	1104	552	552	0	0	0
5906.up-dcd1e20d40f8.txt	R	5906.up-16ca46d2c5a9.txt	F	1104	552	552	0	0	0
5906.up-dcd1e20d40f8.txt	R	5906.up-16ca46d2c5a9.txt	R	1104	552	552	0	0	0
5906.up-dcd1e20d40f8.txt	R	5906.up-53b55626d912.txt	F	1104	552	552	0	0	0
5906.up-dcd1e20d40f8.txt	R	5906.up-53b55626d912.txt	R	1104	552	552	0	0	0
5906.up-dcd1e20d40f8.txt	R	5906.up-a233fdf94b8d.txt	F	1104	552	552	0	0	0
5906.up-dcd1e20d40f8.txt	R	5906.up-a233fdf94b8d.txt	R	1104	552	552	0	0	0
5906.up-dcd1e20d40f8.txt	F	5906.lswap-49fac07a5323.txt	F	1116	558	558	0	0	0
5906.up-dcd1e20d40f8.txt	F	5906.lswap-49fac07a5323.txt	R	1116	558	558	0	0	0
5906.up-dcd1e20d40f8.txt	F	5906.lswap-5dbb54e50268.txt	F	1116	558	558	0	0	0
5906.up-dcd1e20d40f8.txt	F	5906.lswap-5dbb54e50268.txt	R	1116	558	558	0	0	0
5906.up-dcd1e20d40f8.txt	F	5906.lswap-9f3672f6c430.txt	F	1116	558	558	0	0	0
5906.up-dcd1e20d40f8.txt	F	5906.lswap-9f3672f6c430.txt	R	1116	558	558	0	0	0
5906.up-dcd1e20d40f8.txt	F	5906.lswap-af54b6f406a6.txt	F	1116	558	558	0	0	0
5906.up-dcd1e20d40f8.txt	F	5906.lswap-af54b6f406a6.txt	R	1116	558	558	0	0	0
5906.up-dcd1e20d40f8.txt	R	5906.lswap-49fac07a5323.txt	F	1116	558	558	0	0	0
5906.up-dcd1e20d40f8.txt	R	5906.lswap-49fac07a5323.txt	R	1116	558	558	0	0	0
5906.up-dcd1e20d40f8.txt	R	5906.lswap-5dbb54e50268.txt	F	1116	558	558	0	0	0
5906.up-dcd1e20d40f8.txt	R	5906.lswap-5dbb54e50268.txt	R	1116	558	558	0	0	0
5906.up-dcd1e20d40f8.txt	R	5906.lswap-9f3672f6c430.txt	F	1116	558	558	0	0	0
5906.up-dcd1e20d40f8.txt	R	5906.lswap-9f3672f6c430.txt	R	1116	558	558	0	0	0
5906.up-dcd1e20d40f8.txt	R	5906.lswap-af54b6f406a6.txt	F	1116	558	558	0	0	0
5906.up-dcd1e20d40f8.txt	R	5906.lswap-af54b6f406a6.txt	R	1116	558	558	0	0	0
5906.up-dcd1e20d40f8.txt	F	5906.lswap-3b66fbdbdf53.txt	F	1128	564	564	0	0	0
5906.up-dcd1e20d40f8.txt	F	5906.lswap-3b66fbdbdf53.txt	R	1128	564	564	0	0	0
5906.up-dcd1e20d40f8.txt	F	5906.lswap-62d959eb4e73.txt	F	1128	564	564	0	0	0
5906.up-dcd1e20d40f8.txt	F	5906.lswap-62d959eb4e73.txt	R	1128	564	564	0	0	0
5906.up-dcd1e20d40f8.txt	F	5906.up-c2286e4674af.txt	F	1128	564	564	0	0	0
5906.up-dcd1e20d40f8.txt	F	5906.up-c2286e4674af.txt	R	1128	564	564	0	0	0
5906.up-dcd1e20d40f8.txt	F	5906.up-d2559533f431.txt	F	1128	564	564	0	0	0
5906.up-dcd1e20d40f8.txt	F	5906.up-d2559533f431.txt	R	1128	564	564	0	0	0
5906.up-dcd1e20d40f8.txt	R	5906.lswap-3b66fbdbdf53.txt	F	1128	564	564	0	0	0
5906.up-dcd1e20d40f8.txt	R	5906.lswap-3b66fbdbdf53.txt	R	1128	564	564	0	0	0
5906.up-dcd1e20d40f8.txt	R	5906.lswap-62d959eb4e73.txt	F	1128	564	564	0	0	0
5906.up-dcd1e20d40f8.txt	R	5906.lswap-62d959eb4e73.txt	R	1128	564	564	0	0	0
5906.up-dcd1e20d40f8.txt	R	5906.up-c2286e4674af.txt	F	1128	564	564	0	0	0
5906.up-dcd1e20d40f8.txt	R	5906.up-c2286e4674af.txt	R	1128	564	564	0	0	0
5906.up-dcd1e20d40f8.txt	R	5906.up-d2559533f431.txt	F	1128	564	564	0	0	0
5906.up-dcd1e20d40f8.txt	R	5906.up-d2559533f431.txt	R	1128	564	564	0	0	0
5906.up-dcd1e20d40f8.txt	F	5906.lswap-9edd04d13626.txt	F	1140	570	570	0	0	0
5906.up-dcd1e20d40f8.txt	F	5906.lswap-9edd04d13626.txt	R	1140	570	570	0	0	0
5906.up-dcd1e20d40f8.txt	F	5906.lswap-e2d18fca77cb.txt	F	1140	570	570	0	0	0
5906.up-dcd1e20d40f8.txt	F	5906.lswap-e2d18fca77cb.txt	R	1140	570	570	0	0	0
5906.up-dcd1e20d40f8.txt	R	5906.lswap-9edd04d13626.txt	F	1140	570	570	0	0	0
5906.up-dcd1e20d40f8.txt	R	5906.lswap-9edd04d13626.txt	R	1140	570	570	0	0	0
5906.up-dcd1e20d40f8.txt	R	5906.lswap-e2d18fca77cb.txt	F	1140	570	570	0	0	0
5906.up-dcd1e20d40f8.txt	R	5906.lswap-e2d18fca77cb.txt	R	1140	570	570	0	0	0
5906.up-dcd1e20d40f8.txt	F	5906.up-331e3f0f91ee.txt	F	1152	576	576	0	0	0
5906.up-dcd1e20d40f8.txt	F	5906.up-331e3f0f91ee.txt	R	1152	576	576	0	0	0
5906.up-dcd1e20d40f8.txt	R	5906.up-331e3f0f91ee.txt	F	1152	576	576	0	0	0
5906.up-dcd1e20d40f8.txt	R	5906.up-331e3f0f91ee.txt	R	1152	576	576	0	0	0
5906.up-dcd1e20d40f8.txt	F	5906.up-1bced7f87a93.txt	F	1176	588	588	0	0	0
5906.up-dcd1e20d40f8.txt	F	5906.up-1bced7f87a93.txt	R	1176	588	588	0	0	0
5906.up-dcd1e20d40f8.txt	R	5906.up-1bced7f87a93.txt	F	1176	588	588	0	0	0
5906.up-dcd1e20d40f8.txt	R	5906.up-1bced7f87a93.txt	R	1176	588	588	0	0	0
5906.up-dcd1e20d40f8.txt	F	5906.lswap-10f62906b166.txt	R	1198	602	596	14	20	0
5906.up-dcd1e20d40f8.txt	R	5906.lswap-10f62906b166.txt	R	1198	602	596	14	20	0
5906.up-dcd1e20d40f8.txt	F	5906.lswap-3a55a72f70d6.txt	F	1210	608	602	14	20	0
5906.up-dcd1e20d40f8.txt	F	5906.lswap-67fc5c2184ab.txt	F	1210	608	602	14	20	0
5906.up-dcd1e20d40f8.txt	F	5906.lswap-8f58c699a11d.txt	R	1210	608	602	14	20	0
5906.up-dcd1e20d40f8.txt	R	5906.lswap-3a55a72f70d6.txt	F	1210	608	602	14	20	0
5906.up-dcd1e20d40f8.txt	R	5906.lswap-67fc5c2184ab.txt	F	1210	608	602	14	20	0
5906.up-dcd1e20d40f8.txt	R	5906.lswap-8f58c699a11d.txt	R	1210	608	602	14	20	0
5906.up-dcd1e20d40f8.txt	F	5906.lswap-06f4ba2c8122.txt	F	1222	614	608	14	20	0
5906.up-dcd1e20d40f8.txt	F	5906.lswap-9f885c2a5e20.txt	F	1222	614	608	14	20	0
5906.up-dcd1e20d40f8.txt	F	5906.up-6597315411ea.txt	F	1222	614	608	14	20	0
5906.up-dcd1e20d40f8.txt	F	5906.up-6597315411ea.txt	R	1222	614	608	14	20	0
5906.up-dcd1e20d40f8.txt	R	5906.lswap-06f4ba2c8122.txt	F	1222	614	608	14	20	0
5906.up-dcd1e20d40f8.txt	R	5906.lswap-9f885c2a5e20.txt	F	1222	614	608	14	20	0
5906.up-dcd1e20d40f8.txt	R	5906.up-6597315411ea.txt	F	1222	614	608	14	20	0
5906.up-dcd1e20d40f8.txt	R	5906.up-6597315411ea.txt	R	1222	614	608	14	20	0
5906.up-dcd1e20d40f8.txt	F	5906.lswap-09c105553d61.txt	F	1234	620	614	14	20	0
5906.up-dcd1e20d40f8.txt	F	5906.up-0a065898a821.txt	F	1234	620	614	14	20	0
5906.up-dcd1e20d40f8.txt	F	5906.up-0a065898a821.txt	R	1234	620	614	14	20	0
5906.up-dcd1e20d40f8.txt	R	5906.lswap-09c105553d61.txt	F	1234	620	614	14	20	0
5906.up-dcd1e20d40f8.txt	R	5906.up-0a065898a821.txt	F	1234	620	614	14	20	0
5906.up-dcd1e20d40f8.txt	R	5906.up-0a065898a821.txt	R	1234	620	614	14	20	0
5906.up-dcd1e20d40f8.txt	F	5906.lswap-28b97fbb68d1.txt	F	1246	626	620	14	20	0
5906.up-dcd1e20d40f8.txt	F	5906.lswap-9bf7e32c6472.txt	F	1246	626	620	14	20	0
5906.up-dcd1e20d40f8.txt	F	5906.lswap-db110b7302cf.txt	R	1246	626	620	14	20	0
5906.up-dcd1e20d40f8.txt	F	5906.up-d1489855deef.txt	F	1246	626	620	14	20	0
5906.up-dcd1e20d40f8.txt	F	5906.up-d1489855deef.txt	R	1246	626	620	14	20	0
5906.up-dcd1e20d40f8.txt	R	5906.lswap-28b97fbb68d1.txt	F	1246	626	620	14	20	0
5906.up-dcd1e20d40f8.txt	R	5906.lswap-9bf7e32c6472.txt	F	1246	626	620	14	20	0
5906.up-dcd1e20d40f8.txt	R	5906.lswap-db110b7302cf.txt	R	1246	626	620	14	20	0
5906.up-dcd1e20d40f8.txt	R	5906.up-d1489855deef.txt	F	1246	626	620	14	20	0
5906.up-dcd1e20d40f8.txt	R	5906.up-d1489855deef.txt	R	1246	626	620	14	20	0
5906.up-dcd1e20d40f8.txt	F	5906.lswap-23548cda0ace.txt	R	1258	632	626	14	20	0
5906.up-dcd1e20d40f8.txt	F	5906.lswap-3a55a72f70d6.txt	R	1258	632	626	14	20	0
5906.up-dcd1e20d40f8.txt	F	5906.lswap-945cf8ae5bef.txt	F	1258	632	626	14	20	0
5906.up-dcd1e20d40f8.txt	F	5906.lswap-db110b7302cf.txt	F	1258	632	626	14	20	0
5906.up-dcd1e20d40f8.txt	F	5906.up-72482a71c81e.txt	F	1258	632	626	14	20	0
5906.up-dcd1e20d40f8.txt	F	5906.up-72482a71c81e.txt	R	1258	632	626	14	20	0
5906.up-dcd1e20d40f8.txt	F	5906.up-c3afee7ed153.txt	F	1258	632	626	14	20	0
5906.up-dcd1e20d40f8.txt	F	5906.up-c3afee7ed153.txt	R	1258	632	626	14	20	0
5906.up-dcd1e20d40f8.txt	R	5906.lswap-23548cda0ace.txt	R	1258	632	626	14	20	0
5906.up-dcd1e20d40f8.txt	R	5906.lswap-3a55a72f70d6.txt	R	1258	632	626	14	20	0
5906.up-dcd1e20d40f8.txt	R	5906.lswap-945cf8ae5bef.txt	F	1258	632	626	14	20	0
5906.up-dcd1e20d40f8.txt	R	5906.lswap-db110b7302cf.txt	F	1258	632	626	14	20	0
5906.up-dcd1e20d40f8.txt	R	5906.up-72482a71c81e.txt	F	1258	632	626	14	20	0
5906.up-dcd1e20d40f8.txt	R	5906.up-72482a71c81e.txt	R	1258	632	626	14	20	0
5906.up-dcd1e20d40f8.txt	R	5906.up-c3afee7ed153.txt	F	1258	632	626	14	20	0
5906.up-dcd1e20d40f8.txt	R	5906.up-c3afee7ed153.txt	R	1258	632	626	14	20	0
5906.up-dcd1e20d40f8.txt	F	5906.i4a-7f46c8149026.txt	F	1263	634	629	11	16	0
5906.up-dcd1e20d40f8.txt	F	5906.i4a-7f46c8149026.txt	R	1263	634	629	11	16	0
5906.up-dcd1e20d40f8.txt	F	5906.lswap-1f8e06e3e616.txt	F	1263	634	629	11	16	0
5906.up-dcd1e20d40f8.txt	F	5906.lswap-760f8ed53670.txt	R	1263	634	629	11	16	0
5906.up-dcd1e20d40f8.txt	R	5906.i4a-7f46c8149026.txt	F	1263	634	629	11	16	0
5906.up-dcd1e20d40f8.txt	R	5906.i4a-7f46c8149026.txt	R	1263	634	629	11	16	0
5906.up-dcd1e20d40f8.txt	R	5906.lswap-1f8e06e3e616.txt	F	1263	634	629	11	16	0
5906.up-dcd1e20d40f8.txt	R	5906.lswap-760f8ed53670.txt	R	1263	634	629	11	16	0
5906.up-dcd1e20d40f8.txt	F	5906.lswap-0d13fc4a8a4a.txt	F	1264	634	630	11	15	0
5906.up-dcd1e20d40f8.txt	F	5906.up-6a142cb8e27d.txt	F	1264	634	630	11	15	0
5906.up-dcd1e20d40f8.txt	F	5906.up-6a142cb8e27d.txt	R	1264	634	630	11	15	0
5906.up-dcd1e20d40f8.txt	R	5906.lswap-0d13fc4a8a4a.txt	F	1264	634	630	11	15	0
5906.up-dcd1e20d40f8.txt	R	5906.up-6a142cb8e27d.txt	F	1264	634	630	11	15	0
5906.up-dcd1e20d40f8.txt	R	5906.up-6a142cb8e27d.txt	R	1264	634	630	11	15	0
5906.up-dcd1e20d40f8.txt	F	5906.lswap-23548cda0ace.txt	F	1270	638	632	14	20	0
5906.up-dcd1e20d40f8.txt	F	5906.lswap-67fc5c2184ab.txt	R	1270	638	632	14	20	0
5906.up-dcd1e20d40f8.txt	F	5906.lswap-9f885c2a5e20.txt	R	1270	638	632	14	20	0
5906.up-dcd1e20d40f8.txt	F	5906.up-377da0a3c300.txt	F	1270	638	632	14	20	0
5906.up-dcd1e20d40f8.txt	F	5906.up-377da0a3c300.txt	R	1270	638	632	14	20	0
5906.up-dcd1e20d40f8.txt	R	5906.lswap-23548cda0ace.txt	F	1270	638	632	14	20	0
5906.up-dcd1e20d40f8.txt	R	5906.lswap-67fc5c2184ab.txt	R	1270	638	632	14	20	0
5906.up-dcd1e20d40f8.txt	R	5906.lswap-9f885c2a5e20.txt	R	1270	638	632	14	20	0
5906.up-dcd1e20d40f8.txt	R	5906.up-377da0a3c300.txt	F	1270	638	632	14	20	0
5906.up-dcd1e20d40f8.txt	R	5906.up-377da0a3c300.txt	R	1270	638	632	14	20	0
5906.up-dcd1e20d40f8.txt	F	5906.i4a-66637a3b8941.txt	F	1275	640	635	11	16	0
5906.up-dcd1e20d40f8.txt	F	5906.i4a-66637a3b8941.txt	R	1275	640	635	11	16	0
5906.up-dcd1e20d40f8.txt	F	5906.i4a-c1080e26f60c.txt	F	1275	640	635	11	16	0
5906.up-dcd1e20d40f8.txt	F	5906.i4a-c1080e26f60c.txt	R	1275	640	635	11	16	0
5906.up-dcd1e20d40f8.txt	F	5906.lswap-1f8e06e3e616.txt	R	1275	640	635	11	16	0
5906.up-dcd1e20d40f8.txt	F	5906.lswap-6dc582bac458.txt	R	1275	640	635	11	16	0
5906.up-dcd1e20d40f8.txt	F	5906.lswap-760f8ed53670.txt	F	1275	640	635	11	16	0
5906.up-dcd1e20d40f8.txt	F	5906.lswap-ebd38bf2c1cd.txt	F	1275	640	635	11	16	0
5906.up-dcd1e20d40f8.txt	R	5906.i4a-66637a3b8941.txt	F	1275	640	635	11	16	0
5906.up-dcd1e20d40f8.txt	R	5906.i4a-66637a3b8941.txt	R	1275	640	635	11	16	0
5906.up-dcd1e20d40f8.txt	R	5906.i4a-c1080e26f60c.txt	F	1275	640	635	11	16	0
5906.up-dcd1e20d40f8.txt	R	5906.i4a-c1080e26f60c.txt	R	1275	640	635	11	16	0
5906.up-dcd1e20d40f8.txt	R	5906.lswap-1f8e06e3e616.txt	R	1275	640	635	11	16	0
5906.up-dcd1e20d40f8.txt	R	5906.lswap-6dc582bac458.txt	R	1275	640	635	11	16	0
5906.up-dcd1e20d40f8.txt	R	5906.lswap-760f8ed53670.txt	F	1275	640	635	11	16	0
5906.up-dcd1e20d40f8.txt	R	5906.lswap-ebd38bf2c1cd.txt	F	1275	640	635	11	16	0
5906.up-dcd1e20d40f8.txt	F	5906.lswap-0d13fc4a8a4a.txt	R	1276	640	636	11	15	0
5906.up-dcd1e20d40f8.txt	F	5906.lswap-cf8339eb5ca7.txt	F	1276	640	636	11	15	0
5906.up-dcd1e20d40f8.txt	F	5906.up-1206598d1ff0.txt	F	1276	640	636	11	15	0
5906.up-dcd1e20d40f8.txt	F	5906.up-1206598d1ff0.txt	R	1276	640	636	11	15	0
5906.up-dcd1e20d40f8.txt	F	5906.up-56126e7237c3.txt	F	1276	640	636	11	15	0
5906.up-dcd1e20d40f8.txt	F	5906.up-56126e7237c3.txt	R	1276	640	636	11	15	0
5906.up-dcd1e20d40f8.txt	R	5906.lswap-0d13fc4a8a4a.txt	R	1276	640	636	11	15	0
5906.up-dcd1e20d40f8.txt	R	5906.lswap-cf8339eb5ca7.txt	F	1276	640	636	11	15	0
5906.up-dcd1e20d40f8.txt	R	5906.up-1206598d1ff0.txt	F	1276	640	636	11	15	0
5906.up-dcd1e20d40f8.txt	R	5906.up-1206598d1ff0.txt	R	1276	640	636	11	15	0
5906.up-dcd1e20d40f8.txt	R	5906.up-56126e7237c3.txt	F	1276	640	636	11	15	0
5906.up-dcd1e20d40f8.txt	R	5906.up-56126e7237c3.txt	R	1276	640	636	11	15	0
5906.up-dcd1e20d40f8.txt	F	5906.up-f0a3bb335ed9.txt	F	1280	640	640	14	14	0
5906.up-dcd1e20d40f8.txt	F	5906.up-f0a3bb335ed9.txt	R	1280	640	640	14	14	0
5906.up-dcd1e20d40f8.txt	R	5906.up-f0a3bb335ed9.txt	F	1280	640	640	14	14	0
5906.up-dcd1e20d40f8.txt	R	5906.up-f0a3bb335ed9.txt	R	1280	640	640	14	14	0
5906.up-dcd1e20d40f8.txt	F	5906.lswap-06f4ba2c8122.txt	R	1282	644	638	14	20	0
5906.up-dcd1e20d40f8.txt	F	5906.up-c63a66adbc60.txt	F	1282	644	638	14	20	0
5906.up-dcd1e20d40f8.txt	F	5906.up-c63a66adbc60.txt	R	1282	644	638	14	20	0
5906.up-dcd1e20d40f8.txt	R	5906.lswap-06f4ba2c8122.txt	R	1282	644	638	14	20	0
5906.up-dcd1e20d40f8.txt	R	5906.up-c63a66adbc60.txt	F	1282	644	638	14	20	0
5906.up-dcd1e20d40f8.txt	R	5906.up-c63a66adbc60.txt	R	1282	644	638	14	20	0
5906.up-dcd1e20d40f8.txt	F	5906.up-6f42b3603dac.txt	F	1288	646	642	11	15	0
5906.up-dcd1e20d40f8.txt	F	5906.up-6f42b3603dac.txt	R	1288	646	642	11	15	0
5906.up-dcd1e20d40f8.txt	R	5906.up-6f42b3603dac.txt	F	1288	646	642	11	15	0
5906.up-dcd1e20d40f8.txt	R	5906.up-6f42b3603dac.txt	R	1288	646	642	11	15	0
5906.up-dcd1e20d40f8.txt	F	5906.lswap-c394b34cb7cc.txt	F	1292	646	646	14	14	0
5906.up-dcd1e20d40f8.txt	F	5906.lswap-fde8e0f0f322.txt	F	1292	646	646	14	14	0
5906.up-dcd1e20d40f8.txt	F	5906.up-6572648567f1.txt	F	1292	646	646	14	14	0
5906.up-dcd1e20d40f8.txt	F	5906.up-6572648567f1.txt	R	1292	646	646	14	14	0
5906.up-dcd1e20d40f8.txt	F	5906.up-d8c6ba46400e.txt	F	1292	646	646	14	14	0
5906.up-dcd1e20d40f8.txt	F	5906.up-d8c6ba46400e.txt	R	1292	646	646	14	14	0
5906.up-dcd1e20d40f8.txt	R	5906.lswap-c394b34cb7cc.txt	F	1292	646	646	14	14	0
5906.up-dcd1e20d40f8.txt	R	5906.lswap-fde8e0f0f322.txt	F	1292	646	646	14	14	0
5906.up-dcd1e20d40f8.txt	R	5906.up-6572648567f1.txt	F	1292	646	646	14	14	0
5906.up-dcd1e20d40f8.txt	R	5906.up-6572648567f1.txt	R	1292	646	646	14	14	0
5906.up-dcd1e20d40f8.txt	R	5906.up-d8c6ba46400e.txt	F	1292	646	646	14	14	0
5906.up-dcd1e20d40f8.txt	R	5906.up-d8c6ba46400e.txt	R	1292	646	646	14	14	0
5906.up-dcd1e20d40f8.txt	F	5906.lswap-09c105553d61.txt	R	1294	650	644	14	20	0
5906.up-dcd1e20d40f8.txt	F	5906.lswap-28b97fbb68d1.txt	R	1294	650	644	14	20	0
5906.up-dcd1e20d40f8.txt	F	5906.up-f2c7804be474.txt	F	1294	650	644	14	20	0
5906.up-dcd1e20d40f8.txt	F	5906.up-f2c7804be474.txt	R	1294	650	644	14	20	0
5906.up-dcd1e20d40f8.txt	R	5906.lswap-09c105553d61.txt	R	1294	650	644	14	20	0
5906.up-dcd1e20d40f8.txt	R	5906.lswap-28b97fbb68d1.txt	R	1294	650	644	14	20	0
5906.up-dcd1e20d40f8.txt	R	5906.up-f2c7804be474.txt	F	1294	650	644	14	20	0
5906.up-dcd1e20d40f8.txt	R	5906.up-f2c7804be474.txt	R	1294	650	644	14	20	0
5906.up-dcd1e20d40f8.txt	F	5906.i4a-29c55ed5fbf6.txt	F	1299	652	647	11	16	0
5906.up-dcd1e20d40f8.txt	F	5906.i4a-29c55ed5fbf6.txt	R	1299	652	647	11	16	0
5906.up-dcd1e20d40f8.txt	F	5906.i4a-6a77e138ea8e.txt	F	1299	652	647	11	16	0
5906.up-dcd1e20d40f8.txt	F	5906.i4a-6a77e138ea8e.txt	R	1299	652	647	11	16	0
5906.up-dcd1e20d40f8.txt	F	5906.lswap-6dc582bac458.txt	F	1299	652	647	11	16	0
5906.up-dcd1e20d40f8.txt	F	5906.lswap-ebd38bf2c1cd.txt	R	1299	652	647	11	16	0
5906.up-dcd1e20d40f8.txt	R	5906.i4a-29c55ed5fbf6.txt	F	1299	652	647	11	16	0
5906.up-dcd1e20d40f8.txt	R	5906.i4a-29c55ed5fbf6.txt	R	1299	652	647	11	16	0
5906.up-dcd1e20d40f8.txt	R	5906.i4a-6a77e138ea8e.txt	F	1299	652	647	11	16	0
5906.up-dcd1e20d40f8.txt	R	5906.i4a-6a77e138ea8e.txt	R	1299	652	647	11	16	0
5906.up-dcd1e20d40f8.txt	R	5906.lswap-6dc582bac458.txt	F	1299	652	647	11	16	0
5906.up-dcd1e20d40f8.txt	R	5906.lswap-ebd38bf2c1cd.txt	R	1299	652	647	11	16	0
5906.up-dcd1e20d40f8.txt	F	5906.lswap-637b5054102a.txt	F	1300	652	648	11	15	0
5906.up-dcd1e20d40f8.txt	F	5906.lswap-cf8339eb5ca7.txt	R	1300	652	648	11	15	0
5906.up-dcd1e20d40f8.txt	F	5906.up-590fe2cb2c21.txt	F	1300	652	648	11	15	0
5906.up-dcd1e20d40f8.txt	F	5906.up-590fe2cb2c21.txt	R	1300	652	648	11	15	0
5906.up-dcd1e20d40f8.txt	F	5906.up-bd458e7fc19e.txt	F	1300	652	648	11	15	0
5906.up-dcd1e20d40f8.txt	F	5906.up-bd458e7fc19e.txt	R	1300	652	648	11	15	0
5906.up-dcd1e20d40f8.txt	R	5906.lswap-637b5054102a.txt	F	1300	652	648	11	15	0
5906.up-dcd1e20d40f8.txt	R	5906.lswap-cf8339eb5ca7.txt	R	1300	652	648	11	15	0
5906.up-dcd1e20d40f8.txt	R	5906.up-590fe2cb2c21.txt	F	1300	652	648	11	15	0
5906.up-dcd1e20d40f8.txt	R	5906.up-590fe2cb2c21.txt	R	1300	652	648	11	15	0
5906.up-dcd1e20d40f8.txt	R	5906.up-bd458e7fc19e.txt	F	1300	652	648	11	15	0
5906.up-dcd1e20d40f8.txt	R	5906.up-bd458e7fc19e.txt	R	1300	652	648	11	15	0
5906.up-dcd1e20d40f8.txt	F	5906.lswap-10f62906b166.txt	F	1306	656	650	14	20	0
5906.up-dcd1e20d40f8.txt	F	5906.lswap-945cf8ae5bef.txt	R	1306	656	650	14	20	0
5906.up-dcd1e20d40f8.txt	F	5906.lswap-9bf7e32c6472.txt	R	1306	656	650	14	20	0
5906.up-dcd1e20d40f8.txt	R	5906.lswap-10f62906b166.txt	F	1306	656	650	14	20	0
5906.up-dcd1e20d40f8.txt	R	5906.lswap-945cf8ae5bef.txt	R	1306	656	650	14	20	0
5906.up-dcd1e20d40f8.txt	R	5906.lswap-9bf7e32c6472.txt	R	1306	656	650	14	20	0
5906.up-dcd1e20d40f8.txt	F	5906.lswap-fde8e0f0f322.txt	R	1316	658	658	14	14	0
5906.up-dcd1e20d40f8.txt	F	5906.up-1b0920685429.txt	F	1316	658	658	14	14	0
5906.up-dcd1e20d40f8.txt	F	5906.up-1b0920685429.txt	R	1316	658	658	14	14	0
5906.up-dcd1e20d40f8.txt	R	5906.lswap-fde8e0f0f322.txt	R	1316	658	658	14	14	0
5906.up-dcd1e20d40f8.txt	R	5906.up-1b0920685429.txt	F	1316	658	658	14	14	0
5906.up-dcd1e20d40f8.txt	R	5906.up-1b0920685429.txt	R	1316	658	658	14	14	0
5906.up-dcd1e20d40f8.txt	F	5906.lswap-8f58c699a11d.txt	F	1318	662	656	14	20	0
5906.up-dcd1e20d40f8.txt	R	5906.lswap-8f58c699a11d.txt	F	1318	662	656	14	20	0
5906.up-dcd1e20d40f8.txt	F	5906.lswap-637b5054102a.txt	R	1324	664	660	11	15	0
5906.up-dcd1e20d40f8.txt	R	5906.lswap-637b5054102a.txt	R	1324	664	660	11	15	0
5906.up-dcd1e20d40f8.txt	F	5906.lswap-c394b34cb7cc.txt	R	1328	664	664	14	14	0
5906.up-dcd1e20d40f8.txt	F	5906.up-55058cab6cba.txt	F	1328	664	664	14	14	0
5906.up-dcd1e20d40f8.txt	F	5906.up-55058cab6cba.txt	R	1328	664	664	14	14	0
5906.up-dcd1e20d40f8.txt	F	5906.up-63a938be8d73.txt	F	1328	664	664	14	14	0
5906.up-dcd1e20d40f8.txt	F	5906.up-63a938be8d73.txt	R	1328	664	664	14	14	0
5906.up-dcd1e20d40f8.txt	R	5906.lswap-c394b34cb7cc.txt	R	1328	664	664	14	14	0
5906.up-dcd1e20d40f8.txt	R	5906.up-55058cab6cba.txt	F	1328	664	664	14	14	0
5906.up-dcd1e20d40f8.txt	R	5906.up-55058cab6cba.txt	R	1328	664	664	14	14	0
5906.up-dcd1e20d40f8.txt	R	5906.up-63a938be8d73.txt	F	1328	664	664	14	14	0
5906.up-dcd1e20d40f8.txt	R	5906.up-63a938be8d73.txt	R	1328	664	664	14	14	0
5906.up-dcd1e20d40f8.txt	F	5906.up-7f9a93193f10.txt	F	1336	670	666	11	15	0
5906.up-dcd1e20d40f8.txt	F	5906.up-7f9a93193f10.txt	R	1336	670	666	11	15	0
5906.up-dcd1e20d40f8.txt	R	5906.up-7f9a93193f10.txt	F	1336	670	666	11	15	0
5906.up-dcd1e20d40f8.txt	R	5906.up-7f9a93193f10.txt	R	1336	670	666	11	15	0
5906.up-dcd1e20d40f8.txt	F	5906.i4a-50d865ca7907.txt	R	1339	674	665	15	24	0
5906.up-dcd1e20d40f8.txt	R	5906.i4a-50d865ca7907.txt	R	1339	674	665	15	24	0
5906.up-dcd1e20d40f8.txt	F	5906.up-890b6674bd25.txt	F	1340	674	666	15	23	0
5906.up-dcd1e20d40f8.txt	F	5906.up-890b6674bd25.txt	R	1340	674	666	15	23	0
5906.up-dcd1e20d40f8.txt	R	5906.up-890b6674bd25.txt	F	1340	674	666	15	23	0
5906.up-dcd1e20d40f8.txt	R	5906.up-890b6674bd25.txt	R	1340	674	666	15	23	0
5906.up-dcd1e20d40f8.txt	F	5906.i4a-50d865ca7907.txt	F	1341	675	666	15	24	0
5906.up-dcd1e20d40f8.txt	R	5906.i4a-50d865ca7907.txt	F	1341	675	666	15	24	0
5906.up-dcd1e20d40f8.txt	F	5906.i4a-e0f3de4ca026.txt	F	1343	674	669	11	16	0
5906.up-dcd1e20d40f8.txt	F	5906.i4a-e0f3de4ca026.txt	R	1343	674	669	11	16	0
5906.up-dcd1e20d40f8.txt	R	5906.i4a-e0f3de4ca026.txt	F	1343	674	669	11	16	0
5906.up-dcd1e20d40f8.txt	R	5906.i4a-e0f3de4ca026.txt	R	1343	674	669	11	16	0
5906.up-dcd1e20d40f8.txt	F	5906.up-df8c9033249e.txt	F	1344	674	670	11	15	0
5906.up-dcd1e20d40f8.txt	F	5906.up-df8c9033249e.txt	R	1344	674	670	11	15	0
5906.up-dcd1e20d40f8.txt	R	5906.up-df8c9033249e.txt	F	1344	674	670	11	15	0
5906.up-dcd1e20d40f8.txt	R	5906.up-df8c9033249e.txt	R	1344	674	670	11	15	0
5906.up-dcd1e20d40f8.txt	F	5906.up-f8d1e70c6a52.txt	F	1348	676	672	11	15	0
5906.up-dcd1e20d40f8.txt	F	5906.up-f8d1e70c6a52.txt	R	1348	676	672	11	15	0
5906.up-dcd1e20d40f8.txt	R	5906.up-f8d1e70c6a52.txt	F	1348	676	672	11	15	0
5906.up-dcd1e20d40f8.txt	R	5906.up-f8d1e70c6a52.txt	R	1348	676	672	11	15	0
5906.up-dcd1e20d40f8.txt	F	5906.i4a-b99b1d60f13e.txt	R	1351	680	671	15	24	0
5906.up-dcd1e20d40f8.txt	R	5906.i4a-b99b1d60f13e.txt	R	1351	680	671	15	24	0
5906.up-dcd1e20d40f8.txt	F	5906.up-d0b9281ca469.txt	F	1352	680	672	15	23	0
5906.up-dcd1e20d40f8.txt	F	5906.up-d0b9281ca469.txt	R	1352	680	672	15	23	0
5906.up-dcd1e20d40f8.txt	R	5906.up-d0b9281ca469.txt	F	1352	680	672	15	23	0
5906.up-dcd1e20d40f8.txt	R	5906.up-d0b9281ca469.txt	R	1352	680	672	15	23	0
5906.up-dcd1e20d40f8.txt	F	5906.i4a-b99b1d60f13e.txt	F	1353	681	672	15	24	0
5906.up-dcd1e20d40f8.txt	R	5906.i4a-b99b1d60f13e.txt	F	1353	681	672	15	24	0
5906.up-dcd1e20d40f8.txt	F	5906.lswap-f4c2deec7c96.txt	F	1376	689	687	17	19	0
5906.up-dcd1e20d40f8.txt	F	5906.up-8b8c8916a24a.txt	F	1376	689	687	17	19	0
5906.up-dcd1e20d40f8.txt	F	5906.up-8b8c8916a24a.txt	R	1376	689	687	17	19	0
5906.up-dcd1e20d40f8.txt	R	5906.lswap-f4c2deec7c96.txt	F	1376	689	687	17	19	0
5906.up-dcd1e20d40f8.txt	R	5906.up-8b8c8916a24a.txt	F	1376	689	687	17	19	0
5906.up-dcd1e20d40f8.txt	R	5906.up-8b8c8916a24a.txt	R	1376	689	687	17	19	0
5906.up-dcd1e20d40f8.txt	F	5906.rbnd-0dad091b8ac4.txt	F	1377	689	688	17	18	0
5906.up-dcd1e20d40f8.txt	F	5906.rbnd-e9623244f6b1.txt	F	1377	689	688	17	18	0
5906.up-dcd1e20d40f8.txt	R	5906.rbnd-0dad091b8ac4.txt	F	1377	689	688	17	18	0
5906.up-dcd1e20d40f8.txt	R	5906.rbnd-e9623244f6b1.txt	F	1377	689	688	17	18	0
5906.up-dcd1e20d40f8.txt	F	5906.lswap-2c94cb485ad7.txt	F	1388	694	694	14	14	0
5906.up-dcd1e20d40f8.txt	F	5906.up-956f3f1864b5.txt	F	1388	694	694	14	14	0
5906.up-dcd1e20d40f8.txt	F	5906.up-956f3f1864b5.txt	R	1388	694	694	14	14	0
5906.up-dcd1e20d40f8.txt	R	5906.lswap-2c94cb485ad7.txt	F	1388	694	694	14	14	0
5906.up-dcd1e20d40f8.txt	R	5906.up-956f3f1864b5.txt	F	1388	694	694	14	14	0
5906.up-dcd1e20d40f8.txt	R	5906.up-956f3f1864b5.txt	R	1388	694	694	14	14	0
5906.up-dcd1e20d40f8.txt	F	5906.lswap-f4c2deec7c96.txt	R	1400	701	699	17	19	0
5906.up-dcd1e20d40f8.txt	F	5906.up-1b8244ba04bb.txt	F	1400	703	697	14	20	0
5906.up-dcd1e20d40f8.txt	F	5906.up-1b8244ba04bb.txt	R	1400	703	697	14	20	0
5906.up-dcd1e20d40f8.txt	F	5906.up-331228e22360.txt	F	1400	701	699	17	19	0
5906.up-dcd1e20d40f8.txt	F	5906.up-331228e22360.txt	R	1400	701	699	17	19	0
5906.up-dcd1e20d40f8.txt	R	5906.lswap-f4c2deec7c96.txt	R	1400	701	699	17	19	0
5906.up-dcd1e20d40f8.txt	R	5906.up-1b8244ba04bb.txt	F	1400	703	697	14	20	0
5906.up-dcd1e20d40f8.txt	R	5906.up-1b8244ba04bb.txt	R	1400	703	697	14	20	0
5906.up-dcd1e20d40f8.txt	R	5906.up-331228e22360.txt	F	1400	701	699	17	19	0
5906.up-dcd1e20d40f8.txt	R	5906.up-331228e22360.txt	R	1400	701	699	17	19	0
5906.up-dcd1e20d40f8.txt	F	5906.rbnd-2641d60c9d5c.txt	R	1401	701	700	17	18	0
5906.up-dcd1e20d40f8.txt	F	5906.rbnd-c44d48fbd52c.txt	F	1401	701	700	17	18	0
5906.up-dcd1e20d40f8.txt	R	5906.rbnd-2641d60c9d5c.txt	R	1401	701	700	17	18	0
5906.up-dcd1e20d40f8.txt	R	5906.rbnd-c44d48fbd52c.txt	F	1401	701	700	17	18	0
5906.up-dcd1e20d40f8.txt	F	5906.lswap-2c94cb485ad7.txt	R	1412	706	706	14	14	0
5906.up-dcd1e20d40f8.txt	F	5906.up-3ffb4355518f.txt	F	1412	706	706	14	14	0
5906.up-dcd1e20d40f8.txt	F	5906.up-3ffb4355518f.txt	R	1412	706	706	14	14	0
5906.up-dcd1e20d40f8.txt	R	5906.lswap-2c94cb485ad7.txt	R	1412	706	706	14	14	0
5906.up-dcd1e20d40f8.txt	R	5906.up-3ffb4355518f.txt	F	1412	706	706	14	14	0
5906.up-dcd1e20d40f8.txt	R	5906.up-3ffb4355518f.txt	R	1412	706	706	14	14	0
5906.up-dcd1e20d40f8.txt	F	5906.up-d9a28c2d8195.txt	F	1495	748	747	14	15	0
5906.up-dcd1e20d40f8.txt	F	5906.up-d9a28c2d8195.txt	R	1495	748	747	14	15	0
5906.up-dcd1e20d40f8.txt	R	5906.up-d9a28c2d8195.txt	F	1495	748	747	14	15	0
5906.up-dcd1e20d40f8.txt	R	5906.up-d9a28c2d8195.txt	R	1495	748	747	14	15	0
5906.up-dcd1e20d40f8.txt	F	5906.up-a30c7c517d7b.txt	F	1496	748	748	14	14	0
5906.up-dcd1e20d40f8.txt	F	5906.up-a30c7c517d7b.txt	R	1496	748	748	14	14	0
5906.up-dcd1e20d40f8.txt	R	5906.up-a30c7c517d7b.txt	F	1496	748	748	14	14	0
5906.up-dcd1e20d40f8.txt	R	5906.up-a30c7c517d7b.txt	R	1496	748	748	14	14	0
