n	source_class	target_class	rule
7	5907.w4lift-032cf45d2ac3.txt	5907.w4lift-3bec2912a552.txt	ab88abce72ba
7	5907.w4lift-032cf45d2ac3.txt	5907.w4lift-9f4ed5191b67.txt	311e9750fe53
7	5907.w4lift-032cf45d2ac3.txt	5907.w4lift-cc9fc0ef424a.txt	ab88abce72ba
7	5907.w4lift-0418cb9260ae.txt	5907.w4lift-18d218e3614f.txt	ab88abce72ba
7	5907.w4lift-0418cb9260ae.txt	5907.w4lift-4ad8fd5ffc98.txt	9729dc5f53f8
7	5907.w4lift-0418cb9260ae.txt	5907.w4lift-71e2791cb656.txt	51c13efc7a14
7	5907.w4lift-0418cb9260ae.txt	5907.w4lift-abbf0b83f5f2.txt	ab88abce72ba
7	5907.w4lift-0418cb9260ae.txt	5907.w4lift-b98356445406.txt	172c8ba32158
7	5907.w4lift-0418cb9260ae.txt	5907.w4lift-f7317cf14b6e.txt	32eb67461a38
7	5907.w4lift-0418cb9260ae.txt	5907.w4lift-fc567658fc77.txt	9a1f3be55831
7	5907.w4lift-0418cb9260ae.txt	5907.w4lift-fc567658fc77.txt	af1df8c730b3
7	5907.w4lift-04c898c73c62.txt	5907.w4lift-08210f1c16a0.txt	1fbf82fb2187
7	5907.w4lift-04c898c73c62.txt	5907.w4lift-097d01eaddb9.txt	ecad0e65a5d2
7	5907.w4lift-04c898c73c62.txt	5907.w4lift-0fc17b401159.txt	b4dfc6692083
7	5907.w4lift-04c898c73c62.txt	5907.w4lift-177bb009e3ce.txt	746b5fef63fc
7	5907.w4lift-04c898c73c62.txt	5907.w4lift-208b728dbc49.txt	ab88abce72ba
7	5907.w4lift-04c898c73c62.txt	5907.w4lift-231c44b74cdf.txt	ab88abce72ba
7	5907.w4lift-04c898c73c62.txt	5907.w4lift-2914e81572fa.txt	a50ba88437d8
7	5907.w4lift-04c898c73c62.txt	5907.w4lift-2f67f2643eeb.txt	8e3fa11cbde7
7	5907.w4lift-04c898c73c62.txt	5907.w4lift-319dff1ab25a.txt	7dfddb482d3c
7	5907.w4lift-04c898c73c62.txt	5907.w4lift-386272df4871.txt	162b937cfcd8
7	5907.w4lift-04c898c73c62.txt	5907.w4lift-3d4579051d3f.txt	ab88abce72ba
7	5907.w4lift-04c898c73c62.txt	5907.w4lift-43a95823c4dc.txt	5ff76078c599
7	5907.w4lift-04c898c73c62.txt	5907.w4lift-473fc5e1c91e.txt	833239f93d60
7	5907.w4lift-04c898c73c62.txt	5907.w4lift-4cb3167d35ed.txt	1a06d1157530
7	5907.w4lift-04c898c73c62.txt	5907.w4lift-546a47a518b6.txt	7e00c873941d
7	5907.w4lift-04c898c73c62.txt	5907.w4lift-5742f21eca2d.txt	01ebc19824fc
7	5907.w4lift-04c898c73c62.txt	5907.w4lift-5f95afa2454b.txt	82d464ef22d6
7	5907.w4lift-04c898c73c62.txt	5907.w4lift-676d0f91dd66.txt	ab88abce72ba
7	5907.w4lift-04c898c73c62.txt	5907.w4lift-6e6b2c468f32.txt	b90b8c0dcceb
7	5907.w4lift-04c898c73c62.txt	5907.w4lift-846d5062c405.txt	ead8943daa46
7	5907.w4lift-04c898c73c62.txt	5907.w4lift-8a8b72923703.txt	62a74ce65faa
7	5907.w4lift-04c898c73c62.txt	5907.w4lift-8a8b72923703.txt	b13177991e02
7	5907.w4lift-04c898c73c62.txt	5907.w4lift-90338d0577bd.txt	27db135a20ba
7	5907.w4lift-04c898c73c62.txt	5907.w4lift-97d2d8784e2f.txt	396fe6d979c3
7	5907.w4lift-04c898c73c62.txt	5907.w4lift-9b264f72a9b4.txt	aa54b27dcfe9
7	5907.w4lift-04c898c73c62.txt	5907.w4lift-9b4bc5700c90.txt	a8af7d1d0d1f
7	5907.w4lift-04c898c73c62.txt	5907.w4lift-a6df35bc4b74.txt	e491b3145c5e
7	5907.w4lift-04c898c73c62.txt	5907.w4lift-b2702baa553d.txt	90ec4efba5a6
7	5907.w4lift-04c898c73c62.txt	5907.w4lift-b7a548d5f629.txt	d24f63edf5b4
7	5907.w4lift-04c898c73c62.txt	5907.w4lift-c5ee76734b4d.txt	cb67e923a6ca
7	5907.w4lift-04c898c73c62.txt	5907.w4lift-cb7d99c78307.txt	ab88abce72ba
7	5907.w4lift-04c898c73c62.txt	5907.w4lift-d09cda89e063.txt	be1ffc91f1cd
7	5907.w4lift-04c898c73c62.txt	5907.w4lift-d155534ea2d4.txt	c2def9f0e515
7	5907.w4lift-04c898c73c62.txt	5907.w4lift-dbf70f871210.txt	2e62188e3c8b
7	5907.w4lift-04c898c73c62.txt	5907.w4lift-dbf70f871210.txt	48f9270682d9
7	5907.w4lift-04c898c73c62.txt	5907.w4lift-dd24a1fe19b2.txt	72397e2f680a
7	5907.w4lift-04c898c73c62.txt	5907.w4lift-dd250dd876cd.txt	fecd684a9442
7	5907.w4lift-04c898c73c62.txt	5907.w4lift-df0078a194a0.txt	156e559f9324
7	5907.w4lift-04c898c73c62.txt	5907.w4lift-e0fa39144639.txt	27becabec391
7	5907.w4lift-04c898c73c62.txt	5907.w4lift-ebfb75328150.txt	99cf5c65dd47
7	5907.w4lift-04c898c73c62.txt	5907.w4lift-ec915ed4bfb3.txt	5581e578134b
7	5907.w4lift-04c898c73c62.txt	5907.w4lift-ec915ed4bfb3.txt	d0a01a1ac47d
7	5907.w4lift-04c898c73c62.txt	5907.w4lift-ef0f8852bf9b.txt	833239f93d60
7	5907.w4lift-04c898c73c62.txt	5907.w4lift-f6b8b0e6314c.txt	d4ec6aadbefe
7	5907.w4lift-04c898c73c62.txt	5907.w4lift-fc301bd873cb.txt	2dd7827e5108
7	5907.w4lift-04c898c73c62.txt	5907.w4lift-fe39239f7468.txt	ab88abce72ba
7	5907.w4lift-0531d212f9bb.txt	5907.w4lift-0709deed1cd4.txt	ab88abce72ba
7	5907.w4lift-0531d212f9bb.txt	5907.w4lift-08210f1c16a0.txt	9ffeb4ce9bae
7	5907.w4lift-0531d212f9bb.txt	5907.w4lift-097d01eaddb9.txt	1dc8fef1698c
7	5907.w4lift-0531d212f9bb.txt	5907.w4lift-169e64bca870.txt	39fe21f51977
7	5907.w4lift-0531d212f9bb.txt	5907.w4lift-16dd1019b651.txt	07d6e2e26dfe
7	5907.w4lift-0531d212f9bb.txt	5907.w4lift-177bb009e3ce.txt	d8cb6eb7687c
7	5907.w4lift-0531d212f9bb.txt	5907.w4lift-1c7e3360c98f.txt	bd508e5023d8
7	5907.w4lift-0531d212f9bb.txt	5907.w4lift-231c44b74cdf.txt	f609e3a8e480
7	5907.w4lift-0531d212f9bb.txt	5907.w4lift-352479dbf208.txt	306d4d2a2ee6
7	5907.w4lift-0531d212f9bb.txt	5907.w4lift-37386755df59.txt	bac45191348c
7	5907.w4lift-0531d212f9bb.txt	5907.w4lift-386272df4871.txt	51225a9bb93e
7	5907.w4lift-0531d212f9bb.txt	5907.w4lift-3d4579051d3f.txt	f4b9a13ff36c
7	5907.w4lift-0531d212f9bb.txt	5907.w4lift-4034f85f00ec.txt	be6b4f4e69cf
7	5907.w4lift-0531d212f9bb.txt	5907.w4lift-45a4ff8466a7.txt	48c30fab9556
7	5907.w4lift-0531d212f9bb.txt	5907.w4lift-4614701d0920.txt	c2220252475b
7	5907.w4lift-0531d212f9bb.txt	5907.w4lift-4a5b17090e74.txt	b2c5eb761e41
7	5907.w4lift-0531d212f9bb.txt	5907.w4lift-508210674d85.txt	240d550552a3
7	5907.w4lift-0531d212f9bb.txt	5907.w4lift-58984281bc50.txt	151c9d94814a
7	5907.w4lift-0531d212f9bb.txt	5907.w4lift-58984281bc50.txt	3f4b1bcb6fa8
7	5907.w4lift-0531d212f9bb.txt	5907.w4lift-5ffba5cc4529.txt	0fa419c2f08b
7	5907.w4lift-0531d212f9bb.txt	5907.w4lift-684436c46755.txt	ab105a248a1e
7	5907.w4lift-0531d212f9bb.txt	5907.w4lift-6d19c9f1455d.txt	ab88abce72ba
7	5907.w4lift-0531d212f9bb.txt	5907.w4lift-71600a834959.txt	e43c9981a5c7
7	5907.w4lift-0531d212f9bb.txt	5907.w4lift-7714757d2e9e.txt	f4276d62e543
7	5907.w4lift-0531d212f9bb.txt	5907.w4lift-86a03197440a.txt	ab88abce72ba
7	5907.w4lift-0531d212f9bb.txt	5907.w4lift-8824a6971c2e.txt	4f671bc3d3f3
7	5907.w4lift-0531d212f9bb.txt	5907.w4lift-8966629ce152.txt	398028eae919
7	5907.w4lift-0531d212f9bb.txt	5907.w4lift-89b3167f9583.txt	c2220252475b
7	5907.w4lift-0531d212f9bb.txt	5907.w4lift-912bd909d2b6.txt	ab11977fcf47
7	5907.w4lift-0531d212f9bb.txt	5907.w4lift-9b4bc5700c90.txt	ddf5bfe474bf
7	5907.w4lift-0531d212f9bb.txt	5907.w4lift-a6df35bc4b74.txt	8e620393073b
7	5907.w4lift-0531d212f9bb.txt	5907.w4lift-a8d3c9324eac.txt	2f9f850b1759
7	5907.w4lift-0531d212f9bb.txt	5907.w4lift-ae6af3254cbe.txt	c04133834105
7	5907.w4lift-0531d212f9bb.txt	5907.w4lift-af7c897a8903.txt	f5cc9fff27f8
7	5907.w4lift-0531d212f9bb.txt	5907.w4lift-b18d3ecda2e7.txt	9ffeb4ce9bae
7	5907.w4lift-0531d212f9bb.txt	5907.w4lift-b2702baa553d.txt	821e83c01b7c
7	5907.w4lift-0531d212f9bb.txt	5907.w4lift-b66c35732a00.txt	94e83c3c75fb
7	5907.w4lift-0531d212f9bb.txt	5907.w4lift-b7a548d5f629.txt	709cf47fa2d3
7	5907.w4lift-0531d212f9bb.txt	5907.w4lift-b7a548d5f629.txt	8709489b69c1
7	5907.w4lift-0531d212f9bb.txt	5907.w4lift-bd154fbbf435.txt	04494fa53cff
7	5907.w4lift-0531d212f9bb.txt	5907.w4lift-d946605e111b.txt	ab11977fcf47
7	5907.w4lift-0531d212f9bb.txt	5907.w4lift-dcd0ec0a1fc5.txt	bbf1b4974173
7	5907.w4lift-0531d212f9bb.txt	5907.w4lift-dcd0ec0a1fc5.txt	dd454bcc3c5a
7	5907.w4lift-0531d212f9bb.txt	5907.w4lift-df0078a194a0.txt	989d2fdca27a
7	5907.w4lift-0531d212f9bb.txt	5907.w4lift-e0368a011e8c.txt	642f48479b2a
7	5907.w4lift-0531d212f9bb.txt	5907.w4lift-e0fa39144639.txt	98aeb647340c
7	5907.w4lift-0531d212f9bb.txt	5907.w4lift-e0fb9d13de61.txt	2646e152c820
7	5907.w4lift-0531d212f9bb.txt	5907.w4lift-e768827496d4.txt	a9587b440eca
7	5907.w4lift-0531d212f9bb.txt	5907.w4lift-e96c05b05fe9.txt	e1d1870a78cd
7	5907.w4lift-0531d212f9bb.txt	5907.w4lift-ec915ed4bfb3.txt	760f0d23e496
7	5907.w4lift-0531d212f9bb.txt	5907.w4lift-ecfe2ba8e511.txt	83d54a67702c
7	5907.w4lift-0531d212f9bb.txt	5907.w4lift-f859791b1e8e.txt	4c6e579a7560
7	5907.w4lift-0531d212f9bb.txt	5907.w4lift-f859791b1e8e.txt	72d376c5571d
7	5907.w4lift-0531d212f9bb.txt	5907.w4lift-f9f8e9513c54.txt	bc6dd269b36a
7	5907.w4lift-0531d212f9bb.txt	5907.w4lift-faafae8fcdaa.txt	3394d4cf4ce9
7	5907.w4lift-0531d212f9bb.txt	5907.w4lift-faafae8fcdaa.txt	b84e5852608b
7	5907.w4lift-0531d212f9bb.txt	5907.w4lift-fc5c70dfb561.txt	ab88abce72ba
7	5907.w4lift-0531d212f9bb.txt	5907.w4lift-fd06a0493fef.txt	c7858d81e8da
7	5907.w4lift-06b66ef7470f.txt	5907.w4lift-0dff9daccaa8.txt	defc0816dfd5
7	5907.w4lift-06b66ef7470f.txt	5907.w4lift-177bb009e3ce.txt	6e21f7e985fe
7	5907.w4lift-06b66ef7470f.txt	5907.w4lift-1da61b5817e6.txt	5581e578134b
7	5907.w4lift-06b66ef7470f.txt	5907.w4lift-1da61b5817e6.txt	d0a01a1ac47d
7	5907.w4lift-06b66ef7470f.txt	5907.w4lift-1e59b13c7cc0.txt	e616c3f821ef
7	5907.w4lift-06b66ef7470f.txt	5907.w4lift-204625f89751.txt	e491b3145c5e
7	5907.w4lift-06b66ef7470f.txt	5907.w4lift-208b728dbc49.txt	2e62188e3c8b
7	5907.w4lift-06b66ef7470f.txt	5907.w4lift-208b728dbc49.txt	48f9270682d9
7	5907.w4lift-06b66ef7470f.txt	5907.w4lift-2344c04ea5dd.txt	ab88abce72ba
7	5907.w4lift-06b66ef7470f.txt	5907.w4lift-2914e81572fa.txt	2dcd6251565a
7	5907.w4lift-06b66ef7470f.txt	5907.w4lift-3359ccc27832.txt	ab88abce72ba
7	5907.w4lift-06b66ef7470f.txt	5907.w4lift-40dae53e6185.txt	ab88abce72ba
7	5907.w4lift-06b66ef7470f.txt	5907.w4lift-430092f5780f.txt	5aceefba3b64
7	5907.w4lift-06b66ef7470f.txt	5907.w4lift-546a47a518b6.txt	8821c9761a3f
7	5907.w4lift-06b66ef7470f.txt	5907.w4lift-55201236e530.txt	ab88abce72ba
7	5907.w4lift-06b66ef7470f.txt	5907.w4lift-644e04797cd3.txt	833239f93d60
7	5907.w4lift-06b66ef7470f.txt	5907.w4lift-69ed3f34a123.txt	d3143f1b84ab
7	5907.w4lift-06b66ef7470f.txt	5907.w4lift-88a61c377b0a.txt	ab88abce72ba
7	5907.w4lift-06b66ef7470f.txt	5907.w4lift-8a8b72923703.txt	0639dfc60058
7	5907.w4lift-06b66ef7470f.txt	5907.w4lift-9b264f72a9b4.txt	8373a022eef2
7	5907.w4lift-06b66ef7470f.txt	5907.w4lift-af7c897a8903.txt	2e62188e3c8b
7	5907.w4lift-06b66ef7470f.txt	5907.w4lift-af7c897a8903.txt	48f9270682d9
7	5907.w4lift-06b66ef7470f.txt	5907.w4lift-d213b0754523.txt	b7bc7337f220
7	5907.w4lift-06b66ef7470f.txt	5907.w4lift-da24731c22eb.txt	f489418a0205
7	5907.w4lift-06b66ef7470f.txt	5907.w4lift-dbf70f871210.txt	ab88abce72ba
7	5907.w4lift-06b66ef7470f.txt	5907.w4lift-df0078a194a0.txt	f76742e7df1c
7	5907.w4lift-06b66ef7470f.txt	5907.w4lift-e0fb9d13de61.txt	847f96324af3
7	5907.w4lift-06b66ef7470f.txt	5907.w4lift-e44f3ccf8ed4.txt	cf88f66916d6
7	5907.w4lift-06b66ef7470f.txt	5907.w4lift-f18f663f4c81.txt	d24f63edf5b4
7	5907.w4lift-06b66ef7470f.txt	5907.w4lift-f75829b56545.txt	429db3717944
7	5907.w4lift-06b66ef7470f.txt	5907.w4lift-f75829b56545.txt	b081b754d26e
7	5907.w4lift-0709deed1cd4.txt	5907.w4lift-0531d212f9bb.txt	ab88abce72ba
7	5907.w4lift-0709deed1cd4.txt	5907.w4lift-08210f1c16a0.txt	a9587b440eca
7	5907.w4lift-0709deed1cd4.txt	5907.w4lift-169e64bca870.txt	1ba1dace333f
7	5907.w4lift-0709deed1cd4.txt	5907.w4lift-177bb009e3ce.txt	2700c8747c7b
7	5907.w4lift-0709deed1cd4.txt	5907.w4lift-1c7e3360c98f.txt	9ffeb4ce9bae
7	5907.w4lift-0709deed1cd4.txt	5907.w4lift-231c44b74cdf.txt	e77bc6cdc11d
7	5907.w4lift-0709deed1cd4.txt	5907.w4lift-352479dbf208.txt	518f9139e0cb
7	5907.w4lift-0709deed1cd4.txt	5907.w4lift-37386755df59.txt	306d4d2a2ee6
7	5907.w4lift-0709deed1cd4.txt	5907.w4lift-386272df4871.txt	260bf1dba9d6
7	5907.w4lift-0709deed1cd4.txt	5907.w4lift-3d4579051d3f.txt	c570f33b6777
7	5907.w4lift-0709deed1cd4.txt	5907.w4lift-4034f85f00ec.txt	f4276d62e543
7	5907.w4lift-0709deed1cd4.txt	5907.w4lift-45a4ff8466a7.txt	151c9d94814a
7	5907.w4lift-0709deed1cd4.txt	5907.w4lift-45a4ff8466a7.txt	3f4b1bcb6fa8
7	5907.w4lift-0709deed1cd4.txt	5907.w4lift-4614701d0920.txt	c7858d81e8da
7	5907.w4lift-0709deed1cd4.txt	5907.w4lift-4a5b17090e74.txt	ab11977fcf47
7	5907.w4lift-0709deed1cd4.txt	5907.w4lift-508210674d85.txt	ab11977fcf47
7	5907.w4lift-0709deed1cd4.txt	5907.w4lift-58984281bc50.txt	3f5aa66e7f8b
7	5907.w4lift-0709deed1cd4.txt	5907.w4lift-5ffba5cc4529.txt	a9587b440eca
7	5907.w4lift-0709deed1cd4.txt	5907.w4lift-6d19c9f1455d.txt	7c2769543fc5
7	5907.w4lift-0709deed1cd4.txt	5907.w4lift-71600a834959.txt	518f9139e0cb
7	5907.w4lift-0709deed1cd4.txt	5907.w4lift-76a1eae91ca0.txt	c7858d81e8da
7	5907.w4lift-0709deed1cd4.txt	5907.w4lift-7714757d2e9e.txt	4bf7e3748717
7	5907.w4lift-0709deed1cd4.txt	5907.w4lift-86a03197440a.txt	f4276d62e543
7	5907.w4lift-0709deed1cd4.txt	5907.w4lift-8824a6971c2e.txt	4bf7e3748717
7	5907.w4lift-0709deed1cd4.txt	5907.w4lift-8966629ce152.txt	ab88abce72ba
7	5907.w4lift-0709deed1cd4.txt	5907.w4lift-89b3167f9583.txt	ab105a248a1e
7	5907.w4lift-0709deed1cd4.txt	5907.w4lift-912bd909d2b6.txt	e43c9981a5c7
7	5907.w4lift-0709deed1cd4.txt	5907.w4lift-9b4bc5700c90.txt	9ffeb4ce9bae
7	5907.w4lift-0709deed1cd4.txt	5907.w4lift-a6df35bc4b74.txt	c570f33b6777
7	5907.w4lift-0709deed1cd4.txt	5907.w4lift-a8d3c9324eac.txt	e03995ff4434
7	5907.w4lift-0709deed1cd4.txt	5907.w4lift-ae6af3254cbe.txt	e43c9981a5c7
7	5907.w4lift-0709deed1cd4.txt	5907.w4lift-af7c897a8903.txt	e274eb8a1d46
7	5907.w4lift-0709deed1cd4.txt	5907.w4lift-b18d3ecda2e7.txt	51225a9bb93e
7	5907.w4lift-0709deed1cd4.txt	5907.w4lift-b2702baa553d.txt	e03995ff4434
7	5907.w4lift-0709deed1cd4.txt	5907.w4lift-b66c35732a00.txt	e77bc6cdc11d
7	5907.w4lift-0709deed1cd4.txt	5907.w4lift-b7a548d5f629.txt	b0e623c58504
7	5907.w4lift-0709deed1cd4.txt	5907.w4lift-bd154fbbf435.txt	c2220252475b
7	5907.w4lift-0709deed1cd4.txt	5907.w4lift-d946605e111b.txt	306d4d2a2ee6
7	5907.w4lift-0709deed1cd4.txt	5907.w4lift-dcd0ec0a1fc5.txt	151c9d94814a
7	5907.w4lift-0709deed1cd4.txt	5907.w4lift-dcd0ec0a1fc5.txt	3f4b1bcb6fa8
7	5907.w4lift-0709deed1cd4.txt	5907.w4lift-df0078a194a0.txt	e274eb8a1d46
7	5907.w4lift-0709deed1cd4.txt	5907.w4lift-e0368a011e8c.txt	c2220252475b
7	5907.w4lift-0709deed1cd4.txt	5907.w4lift-e0fa39144639.txt	51225a9bb93e
7	5907.w4lift-0709deed1cd4.txt	5907.w4lift-e0fb9d13de61.txt	2700c8747c7b
7	5907.w4lift-0709deed1cd4.txt	5907.w4lift-e768827496d4.txt	260bf1dba9d6
7	5907.w4lift-0709deed1cd4.txt	5907.w4lift-e96c05b05fe9.txt	4f671bc3d3f3
7	5907.w4lift-0709deed1cd4.txt	5907.w4lift-ec915ed4bfb3.txt	1ba1dace333f
7	5907.w4lift-0709deed1cd4.txt	5907.w4lift-ecfe2ba8e511.txt	ab88abce72ba
7	5907.w4lift-0709deed1cd4.txt	5907.w4lift-f859791b1e8e.txt	ab88abce72ba
7	5907.w4lift-0709deed1cd4.txt	5907.w4lift-f9f8e9513c54.txt	ab105a248a1e
7	5907.w4lift-0709deed1cd4.txt	5907.w4lift-faafae8fcdaa.txt	48c30fab9556
7	5907.w4lift-0709deed1cd4.txt	5907.w4lift-fc5c70dfb561.txt	4f671bc3d3f3
7	5907.w4lift-08210f1c16a0.txt	5907.w4lift-04c898c73c62.txt	0ad29fbab280
7	5907.w4lift-08210f1c16a0.txt	5907.w4lift-0531d212f9bb.txt	fd3d2036ee73
7	5907.w4lift-08210f1c16a0.txt	5907.w4lift-0709deed1cd4.txt	b71368c91055
7	5907.w4lift-08210f1c16a0.txt	5907.w4lift-0fc17b401159.txt	0485c22c758e
7	5907.w4lift-08210f1c16a0.txt	5907.w4lift-169e64bca870.txt	61e671455635
7	5907.w4lift-08210f1c16a0.txt	5907.w4lift-16dd1019b651.txt	8ba4f5a756dd
7	5907.w4lift-08210f1c16a0.txt	5907.w4lift-208b728dbc49.txt	e853ab8baae5
7	5907.w4lift-08210f1c16a0.txt	5907.w4lift-319dff1ab25a.txt	4d9a21b2c945
7	5907.w4lift-08210f1c16a0.txt	5907.w4lift-352479dbf208.txt	f4276d62e543
7	5907.w4lift-08210f1c16a0.txt	5907.w4lift-37386755df59.txt	be6b4f4e69cf
7	5907.w4lift-08210f1c16a0.txt	5907.w4lift-386272df4871.txt	ab88abce72ba
7	5907.w4lift-08210f1c16a0.txt	5907.w4lift-3d4579051d3f.txt	90628da2dd0c
7	5907.w4lift-08210f1c16a0.txt	5907.w4lift-3d4579051d3f.txt	a9604abeb264
7	5907.w4lift-08210f1c16a0.txt	5907.w4lift-45a4ff8466a7.txt	ab88abce72ba
7	5907.w4lift-08210f1c16a0.txt	5907.w4lift-4614701d0920.txt	746b5fef63fc
7	5907.w4lift-08210f1c16a0.txt	5907.w4lift-473fc5e1c91e.txt	39ea17aa2020
7	5907.w4lift-08210f1c16a0.txt	5907.w4lift-4a5b17090e74.txt	398028eae919
7	5907.w4lift-08210f1c16a0.txt	5907.w4lift-4cb3167d35ed.txt	b1be0f46d82c
7	5907.w4lift-08210f1c16a0.txt	5907.w4lift-5742f21eca2d.txt	ab88abce72ba
7	5907.w4lift-08210f1c16a0.txt	5907.w4lift-58984281bc50.txt	f87b924fc4aa
7	5907.w4lift-08210f1c16a0.txt	5907.w4lift-5f95afa2454b.txt	ab88abce72ba
7	5907.w4lift-08210f1c16a0.txt	5907.w4lift-6d19c9f1455d.txt	e50393a8ba1d
7	5907.w4lift-08210f1c16a0.txt	5907.w4lift-6e6b2c468f32.txt	62a74ce65faa
7	5907.w4lift-08210f1c16a0.txt	5907.w4lift-6e6b2c468f32.txt	b13177991e02
7	5907.w4lift-08210f1c16a0.txt	5907.w4lift-76a1eae91ca0.txt	f33f447ada52
7	5907.w4lift-08210f1c16a0.txt	5907.w4lift-7714757d2e9e.txt	e6d89f3f0d4c
7	5907.w4lift-08210f1c16a0.txt	5907.w4lift-846d5062c405.txt	c6fe0326a117
7	5907.w4lift-08210f1c16a0.txt	5907.w4lift-8966629ce152.txt	3830c1bb282a
7	5907.w4lift-08210f1c16a0.txt	5907.w4lift-89b3167f9583.txt	5ff76078c599
7	5907.w4lift-08210f1c16a0.txt	5907.w4lift-8a8b72923703.txt	573b5918fcfd
7	5907.w4lift-08210f1c16a0.txt	5907.w4lift-90338d0577bd.txt	39b993f37fda
7	5907.w4lift-08210f1c16a0.txt	5907.w4lift-912bd909d2b6.txt	ab88abce72ba
7	5907.w4lift-08210f1c16a0.txt	5907.w4lift-97d2d8784e2f.txt	a9c76f6fbb61
7	5907.w4lift-08210f1c16a0.txt	5907.w4lift-9b4bc5700c90.txt	ab88abce72ba
7	5907.w4lift-08210f1c16a0.txt	5907.w4lift-a8d3c9324eac.txt	2b1829f80cf7
7	5907.w4lift-08210f1c16a0.txt	5907.w4lift-af7c897a8903.txt	09d23aa6b91a
7	5907.w4lift-08210f1c16a0.txt	5907.w4lift-b18d3ecda2e7.txt	5581e578134b
7	5907.w4lift-08210f1c16a0.txt	5907.w4lift-b18d3ecda2e7.txt	d0a01a1ac47d
7	5907.w4lift-08210f1c16a0.txt	5907.w4lift-b66c35732a00.txt	8f5cf69c5f7c
7	5907.w4lift-08210f1c16a0.txt	5907.w4lift-b7a548d5f629.txt	ba64a6bdcb29
7	5907.w4lift-08210f1c16a0.txt	5907.w4lift-bca46e18f77b.txt	fecd684a9442
7	5907.w4lift-08210f1c16a0.txt	5907.w4lift-c5ee76734b4d.txt	921653b5f057
7	5907.w4lift-08210f1c16a0.txt	5907.w4lift-caeaa9e5ac42.txt	d4ec6aadbefe
7	5907.w4lift-08210f1c16a0.txt	5907.w4lift-d09cda89e063.txt	b98392e1d7a6
7	5907.w4lift-08210f1c16a0.txt	5907.w4lift-d155534ea2d4.txt	83d54a67702c
7	5907.w4lift-08210f1c16a0.txt	5907.w4lift-d946605e111b.txt	156e559f9324
7	5907.w4lift-08210f1c16a0.txt	5907.w4lift-dcd0ec0a1fc5.txt	84a31d178833
7	5907.w4lift-08210f1c16a0.txt	5907.w4lift-e0368a011e8c.txt	e332743d8318
7	5907.w4lift-08210f1c16a0.txt	5907.w4lift-e0fa39144639.txt	4c6e579a7560
7	5907.w4lift-08210f1c16a0.txt	5907.w4lift-e0fa39144639.txt	72d376c5571d
7	5907.w4lift-08210f1c16a0.txt	5907.w4lift-e0fb9d13de61.txt	81d3a556dfde
7	5907.w4lift-08210f1c16a0.txt	5907.w4lift-ebfb75328150.txt	4f671bc3d3f3
7	5907.w4lift-08210f1c16a0.txt	5907.w4lift-f859791b1e8e.txt	f08b1ddb7e4d
7	5907.w4lift-08210f1c16a0.txt	5907.w4lift-faafae8fcdaa.txt	b1be0f46d82c
7	5907.w4lift-08210f1c16a0.txt	5907.w4lift-fc301bd873cb.txt	e1d1870a78cd
7	5907.w4lift-08210f1c16a0.txt	5907.w4lift-fc5c70dfb561.txt	5d3074fe7163
7	5907.w4lift-08210f1c16a0.txt	5907.w4lift-fd06a0493fef.txt	d58953d08832
7	5907.w4lift-08210f1c16a0.txt	5907.w4lift-fe39239f7468.txt	49d4d9e84135
7	5907.w4lift-097d01eaddb9.txt	5907.w4lift-04c898c73c62.txt	44bac1587ba9
7	5907.w4lift-097d01eaddb9.txt	5907.w4lift-0531d212f9bb.txt	442632459723
7	5907.w4lift-097d01eaddb9.txt	5907.w4lift-177bb009e3ce.txt	ab88abce72ba
7	5907.w4lift-097d01eaddb9.txt	5907.w4lift-1ba050a47f0b.txt	ab88abce72ba
7	5907.w4lift-097d01eaddb9.txt	5907.w4lift-1c7e3360c98f.txt	171ac63bfbd7
7	5907.w4lift-097d01eaddb9.txt	5907.w4lift-204625f89751.txt	aa54b27dcfe9
7	5907.w4lift-097d01eaddb9.txt	5907.w4lift-208b728dbc49.txt	72397e2f680a
7	5907.w4lift-097d01eaddb9.txt	5907.w4lift-231c44b74cdf.txt	74d91872eeb5
7	5907.w4lift-097d01eaddb9.txt	5907.w4lift-3359ccc27832.txt	46267e810eac
7	5907.w4lift-097d01eaddb9.txt	5907.w4lift-3580a08a5c73.txt	ab88abce72ba
7	5907.w4lift-097d01eaddb9.txt	5907.w4lift-3ce63a53cf1a.txt	1293f7787f8a
7	5907.w4lift-097d01eaddb9.txt	5907.w4lift-3d4579051d3f.txt	cf88f66916d6
7	5907.w4lift-097d01eaddb9.txt	5907.w4lift-45a4ff8466a7.txt	a003705bbbb1
7	5907.w4lift-097d01eaddb9.txt	5907.w4lift-4614701d0920.txt	1e97b4d2bd18
7	5907.w4lift-097d01eaddb9.txt	5907.w4lift-4614701d0920.txt	e8010fda4ae9
7	5907.w4lift-097d01eaddb9.txt	5907.w4lift-473fc5e1c91e.txt	83f2a26fb1ab
7	5907.w4lift-097d01eaddb9.txt	5907.w4lift-4ab0903ef5f4.txt	3c4631c5867a
7	5907.w4lift-097d01eaddb9.txt	5907.w4lift-508210674d85.txt	3848d784e880
7	5907.w4lift-097d01eaddb9.txt	5907.w4lift-540198536578.txt	a3a1b2ef43a0
7	5907.w4lift-097d01eaddb9.txt	5907.w4lift-58984281bc50.txt	ecf03ddecbed
7	5907.w4lift-097d01eaddb9.txt	5907.w4lift-5f95afa2454b.txt	7dae29ff7561
7	5907.w4lift-097d01eaddb9.txt	5907.w4lift-5ffba5cc4529.txt	e6f4fad41ed1
7	5907.w4lift-097d01eaddb9.txt	5907.w4lift-644e04797cd3.txt	956664d3c1bd
7	5907.w4lift-097d01eaddb9.txt	5907.w4lift-65fb95f576e7.txt	a7aabea675cc
7	5907.w4lift-097d01eaddb9.txt	5907.w4lift-684436c46755.txt	af945ab938fd
7	5907.w4lift-097d01eaddb9.txt	5907.w4lift-6ec79809fccc.txt	d4ec6aadbefe
7	5907.w4lift-097d01eaddb9.txt	5907.w4lift-71600a834959.txt	176d3814e13d
7	5907.w4lift-097d01eaddb9.txt	5907.w4lift-863de61b836a.txt	62a74ce65faa
7	5907.w4lift-097d01eaddb9.txt	5907.w4lift-863de61b836a.txt	b13177991e02
7	5907.w4lift-097d01eaddb9.txt	5907.w4lift-86a03197440a.txt	279bcba663d9
7	5907.w4lift-097d01eaddb9.txt	5907.w4lift-86a03197440a.txt	ff4cfd62723a
7	5907.w4lift-097d01eaddb9.txt	5907.w4lift-8824a6971c2e.txt	1d6a7fce6cd4
7	5907.w4lift-097d01eaddb9.txt	5907.w4lift-8a8b72923703.txt	3c4631c5867a
7	5907.w4lift-097d01eaddb9.txt	5907.w4lift-97d2d8784e2f.txt	0d491f159886
7	5907.w4lift-097d01eaddb9.txt	5907.w4lift-a6df35bc4b74.txt	8373a022eef2
7	5907.w4lift-097d01eaddb9.txt	5907.w4lift-a7bbb73953d8.txt	5bbd9f177d9c
7	5907.w4lift-097d01eaddb9.txt	5907.w4lift-a82143024d2d.txt	7b5542740cec
7	5907.w4lift-097d01eaddb9.txt	5907.w4lift-ab80c9a45344.txt	b426a4d5583d
7	5907.w4lift-097d01eaddb9.txt	5907.w4lift-ae466549a0d9.txt	cd477e782247
7	5907.w4lift-097d01eaddb9.txt	5907.w4lift-ae6af3254cbe.txt	7dae29ff7561
7	5907.w4lift-097d01eaddb9.txt	5907.w4lift-b18d3ecda2e7.txt	8411b9baf058
7	5907.w4lift-097d01eaddb9.txt	5907.w4lift-b2702baa553d.txt	ab88abce72ba
7	5907.w4lift-097d01eaddb9.txt	5907.w4lift-b7a548d5f629.txt	ab88abce72ba
7	5907.w4lift-097d01eaddb9.txt	5907.w4lift-bd154fbbf435.txt	80b2932b3a5d
7	5907.w4lift-097d01eaddb9.txt	5907.w4lift-bfbef8785aff.txt	ca8cdf9cdda3
7	5907.w4lift-097d01eaddb9.txt	5907.w4lift-c5ee76734b4d.txt	ab88abce72ba
7	5907.w4lift-097d01eaddb9.txt	5907.w4lift-c8c5110de4f9.txt	e616c3f821ef
7	5907.w4lift-097d01eaddb9.txt	5907.w4lift-d155534ea2d4.txt	3848d784e880
7	5907.w4lift-097d01eaddb9.txt	5907.w4lift-d946605e111b.txt	374c09e1b5b9
7	5907.w4lift-097d01eaddb9.txt	5907.w4lift-db45ebdeed40.txt	8504a603e291
7	5907.w4lift-097d01eaddb9.txt	5907.w4lift-dcd0ec0a1fc5.txt	c5eefe353bce
7	5907.w4lift-097d01eaddb9.txt	5907.w4lift-df0078a194a0.txt	e616c3f821ef
7	5907.w4lift-097d01eaddb9.txt	5907.w4lift-e45b90b0a767.txt	487b3aecfeb2
7	5907.w4lift-097d01eaddb9.txt	5907.w4lift-e768827496d4.txt	a33cb05ccb10
7	5907.w4lift-097d01eaddb9.txt	5907.w4lift-e96c05b05fe9.txt	279bcba663d9
7	5907.w4lift-097d01eaddb9.txt	5907.w4lift-e96c05b05fe9.txt	ff4cfd62723a
7	5907.w4lift-097d01eaddb9.txt	5907.w4lift-ebfb75328150.txt	176d3814e13d
7	5907.w4lift-097d01eaddb9.txt	5907.w4lift-ec915ed4bfb3.txt	032dbf0d777a
7	5907.w4lift-097d01eaddb9.txt	5907.w4lift-ecfe2ba8e511.txt	fffe585f92c4
7	5907.w4lift-097d01eaddb9.txt	5907.w4lift-f18f663f4c81.txt	2e62188e3c8b
7	5907.w4lift-097d01eaddb9.txt	5907.w4lift-f18f663f4c81.txt	48f9270682d9
7	5907.w4lift-097d01eaddb9.txt	5907.w4lift-f859791b1e8e.txt	06076a4833ea
7	5907.w4lift-097d01eaddb9.txt	5907.w4lift-f9f8e9513c54.txt	1e97b4d2bd18
7	5907.w4lift-097d01eaddb9.txt	5907.w4lift-f9f8e9513c54.txt	e8010fda4ae9
7	5907.w4lift-097d01eaddb9.txt	5907.w4lift-faafae8fcdaa.txt	1ff5160db856
7	5907.w4lift-097d01eaddb9.txt	5907.w4lift-fb688ec5c017.txt	72397e2f680a
7	5907.w4lift-097d01eaddb9.txt	5907.w4lift-fc301bd873cb.txt	374c09e1b5b9
7	5907.w4lift-097d01eaddb9.txt	5907.w4lift-fe39239f7468.txt	f2e392111776
7	5907.w4lift-0dff9daccaa8.txt	5907.w4lift-06b66ef7470f.txt	7e00c873941d
7	5907.w4lift-0dff9daccaa8.txt	5907.w4lift-0fc17b401159.txt	1e48e92e2bca
7	5907.w4lift-0dff9daccaa8.txt	5907.w4lift-169e64bca870.txt	8821c9761a3f
7	5907.w4lift-0dff9daccaa8.txt	5907.w4lift-16dd1019b651.txt	e1065cfc01db
7	5907.w4lift-0dff9daccaa8.txt	5907.w4lift-1c7e3360c98f.txt	c672adfe27ca
7	5907.w4lift-0dff9daccaa8.txt	5907.w4lift-1da61b5817e6.txt	f0b55e37fe22
7	5907.w4lift-0dff9daccaa8.txt	5907.w4lift-204625f89751.txt	746b5fef63fc
7	5907.w4lift-0dff9daccaa8.txt	5907.w4lift-2344c04ea5dd.txt	2e62188e3c8b
7	5907.w4lift-0dff9daccaa8.txt	5907.w4lift-2344c04ea5dd.txt	48f9270682d9
7	5907.w4lift-0dff9daccaa8.txt	5907.w4lift-2914e81572fa.txt	ada84d0153fa
7	5907.w4lift-0dff9daccaa8.txt	5907.w4lift-319dff1ab25a.txt	6a51a52b89c4
7	5907.w4lift-0dff9daccaa8.txt	5907.w4lift-3359ccc27832.txt	5ff76078c599
7	5907.w4lift-0dff9daccaa8.txt	5907.w4lift-3d4579051d3f.txt	847f96324af3
7	5907.w4lift-0dff9daccaa8.txt	5907.w4lift-473fc5e1c91e.txt	2e62188e3c8b
7	5907.w4lift-0dff9daccaa8.txt	5907.w4lift-473fc5e1c91e.txt	48f9270682d9
7	5907.w4lift-0dff9daccaa8.txt	5907.w4lift-4cb3167d35ed.txt	dbb15d86868a
7	5907.w4lift-0dff9daccaa8.txt	5907.w4lift-4d47295ca519.txt	c9d65fee4f73
7	5907.w4lift-0dff9daccaa8.txt	5907.w4lift-546a47a518b6.txt	573ebb4e5913
7	5907.w4lift-0dff9daccaa8.txt	5907.w4lift-55201236e530.txt	f84b983d9afb
7	5907.w4lift-0dff9daccaa8.txt	5907.w4lift-5742f21eca2d.txt	3ec33775c7bd
7	5907.w4lift-0dff9daccaa8.txt	5907.w4lift-580a6b2415c2.txt	ab88abce72ba
7	5907.w4lift-0dff9daccaa8.txt	5907.w4lift-5ffba5cc4529.txt	e0be9b4548fa
7	5907.w4lift-0dff9daccaa8.txt	5907.w4lift-644e04797cd3.txt	ab88abce72ba
7	5907.w4lift-0dff9daccaa8.txt	5907.w4lift-69ed3f34a123.txt	ab88abce72ba
7	5907.w4lift-0dff9daccaa8.txt	5907.w4lift-6e905a492084.txt	a8af7d1d0d1f
7	5907.w4lift-0dff9daccaa8.txt	5907.w4lift-80c95286cd7c.txt	1fbf82fb2187
7	5907.w4lift-0dff9daccaa8.txt	5907.w4lift-8e5ca0ef018c.txt	1953b28ffc27
7	5907.w4lift-0dff9daccaa8.txt	5907.w4lift-9b264f72a9b4.txt	ab88abce72ba
7	5907.w4lift-0dff9daccaa8.txt	5907.w4lift-a6df35bc4b74.txt	6e21f7e985fe
7	5907.w4lift-0dff9daccaa8.txt	5907.w4lift-a8d3c9324eac.txt	d24f63edf5b4
7	5907.w4lift-0dff9daccaa8.txt	5907.w4lift-af7c897a8903.txt	ab88abce72ba
7	5907.w4lift-0dff9daccaa8.txt	5907.w4lift-b18d3ecda2e7.txt	0ce7fb1aec46
7	5907.w4lift-0dff9daccaa8.txt	5907.w4lift-b4e57551e32a.txt	162b937cfcd8
7	5907.w4lift-0dff9daccaa8.txt	5907.w4lift-b66c35732a00.txt	45e1abda4c12
7	5907.w4lift-0dff9daccaa8.txt	5907.w4lift-b7a548d5f629.txt	e7dc2a75bdd1
7	5907.w4lift-0dff9daccaa8.txt	5907.w4lift-b91f5e2f34a2.txt	429db3717944
7	5907.w4lift-0dff9daccaa8.txt	5907.w4lift-b91f5e2f34a2.txt	b081b754d26e
7	5907.w4lift-0dff9daccaa8.txt	5907.w4lift-bca46e18f77b.txt	959edf9574a8
7	5907.w4lift-0dff9daccaa8.txt	5907.w4lift-caeaa9e5ac42.txt	27becabec391
7	5907.w4lift-0dff9daccaa8.txt	5907.w4lift-dbf70f871210.txt	833239f93d60
7	5907.w4lift-0dff9daccaa8.txt	5907.w4lift-e04faca1c06c.txt	ab88abce72ba
7	5907.w4lift-0dff9daccaa8.txt	5907.w4lift-e0fb9d13de61.txt	3a3b52457923
7	5907.w4lift-0dff9daccaa8.txt	5907.w4lift-e2841ecca038.txt	e616c3f821ef
7	5907.w4lift-0dff9daccaa8.txt	5907.w4lift-e768827496d4.txt	bcf19a50a353
7	5907.w4lift-0dff9daccaa8.txt	5907.w4lift-f18f663f4c81.txt	36706f4e334b
7	5907.w4lift-0dff9daccaa8.txt	5907.w4lift-fc7d7045a431.txt	bb0325078ded
7	5907.w4lift-0e8d65c99b5b.txt	5907.w4lift-21c8ba249965.txt	105e326bc51e
7	5907.w4lift-0e8d65c99b5b.txt	5907.w4lift-4ba002a69c4f.txt	105e326bc51e
7	5907.w4lift-0e8d65c99b5b.txt	5907.w4lift-66b2c7d03250.txt	9729dc5f53f8
7	5907.w4lift-0e8d65c99b5b.txt	5907.w4lift-78ea814960f7.txt	a23d031fbcd3
7	5907.w4lift-0e8d65c99b5b.txt	5907.w4lift-798d73c7da27.txt	21134d34e6b2
7	5907.w4lift-0e8d65c99b5b.txt	5907.w4lift-8ce70b7ef3d2.txt	ab88abce72ba
7	5907.w4lift-0e8d65c99b5b.txt	5907.w4lift-9d46965eac6f.txt	ab88abce72ba
7	5907.w4lift-0e8d65c99b5b.txt	5907.w4lift-a95d4a041543.txt	a23d031fbcd3
7	5907.w4lift-0e8d65c99b5b.txt	5907.w4lift-f579467e871c.txt	21134d34e6b2
7	5907.w4lift-0f40865f6e8a.txt	5907.w4lift-c63d972f7ee9.txt	ab88abce72ba
7	5907.w4lift-0f40865f6e8a.txt	5907.w4lift-d04bb3aa3d0c.txt	ab88abce72ba
7	5907.w4lift-0fc17b401159.txt	5907.w4lift-04c898c73c62.txt	8f5cf69c5f7c
7	5907.w4lift-0fc17b401159.txt	5907.w4lift-08210f1c16a0.txt	84a31d178833
7	5907.w4lift-0fc17b401159.txt	5907.w4lift-0dff9daccaa8.txt	e853ab8baae5
7	5907.w4lift-0fc17b401159.txt	5907.w4lift-1c7e3360c98f.txt	b85e26cbabc5
7	5907.w4lift-0fc17b401159.txt	5907.w4lift-208b728dbc49.txt	81d3a556dfde
7	5907.w4lift-0fc17b401159.txt	5907.w4lift-319dff1ab25a.txt	ab88abce72ba
7	5907.w4lift-0fc17b401159.txt	5907.w4lift-37386755df59.txt	746b5fef63fc
7	5907.w4lift-0fc17b401159.txt	5907.w4lift-386272df4871.txt	f87b924fc4aa
7	5907.w4lift-0fc17b401159.txt	5907.w4lift-3d4579051d3f.txt	ba64a6bdcb29
7	5907.w4lift-0fc17b401159.txt	5907.w4lift-473fc5e1c91e.txt	90628da2dd0c
7	5907.w4lift-0fc17b401159.txt	5907.w4lift-473fc5e1c91e.txt	a9604abeb264
7	5907.w4lift-0fc17b401159.txt	5907.w4lift-4cb3167d35ed.txt	ab88abce72ba
7	5907.w4lift-0fc17b401159.txt	5907.w4lift-4d47295ca519.txt	4ad13835a281
7	5907.w4lift-0fc17b401159.txt	5907.w4lift-5742f21eca2d.txt	4c6e579a7560
7	5907.w4lift-0fc17b401159.txt	5907.w4lift-5742f21eca2d.txt	72d376c5571d
7	5907.w4lift-0fc17b401159.txt	5907.w4lift-580a6b2415c2.txt	0ad29fbab280
7	5907.w4lift-0fc17b401159.txt	5907.w4lift-5f95afa2454b.txt	f33f447ada52
7	5907.w4lift-0fc17b401159.txt	5907.w4lift-5ffba5cc4529.txt	ab88abce72ba
7	5907.w4lift-0fc17b401159.txt	5907.w4lift-69ed3f34a123.txt	af79b06ba137
7	5907.w4lift-0fc17b401159.txt	5907.w4lift-6e6b2c468f32.txt	be6b4f4e69cf
7	5907.w4lift-0fc17b401159.txt	5907.w4lift-6e905a492084.txt	83d54a67702c
7	5907.w4lift-0fc17b401159.txt	5907.w4lift-76a1eae91ca0.txt	36706f4e334b
7	5907.w4lift-0fc17b401159.txt	5907.w4lift-80c95286cd7c.txt	ab88abce72ba
7	5907.w4lift-0fc17b401159.txt	5907.w4lift-846d5062c405.txt	f4276d62e543
7	5907.w4lift-0fc17b401159.txt	5907.w4lift-8a8b72923703.txt	09d23aa6b91a
7	5907.w4lift-0fc17b401159.txt	5907.w4lift-8e5ca0ef018c.txt	4f8df87699e7
7	5907.w4lift-0fc17b401159.txt	5907.w4lift-90338d0577bd.txt	ab88abce72ba
7	5907.w4lift-0fc17b401159.txt	5907.w4lift-97d2d8784e2f.txt	2b1829f80cf7
7	5907.w4lift-0fc17b401159.txt	5907.w4lift-9b4bc5700c90.txt	b1be0f46d82c
7	5907.w4lift-0fc17b401159.txt	5907.w4lift-a6df35bc4b74.txt	eb52f3b0f67b
7	5907.w4lift-0fc17b401159.txt	5907.w4lift-ae6af3254cbe.txt	746b5fef63fc
7	5907.w4lift-0fc17b401159.txt	5907.w4lift-b18d3ecda2e7.txt	3f6f5c94d76e
7	5907.w4lift-0fc17b401159.txt	5907.w4lift-b4e57551e32a.txt	4f671bc3d3f3
7	5907.w4lift-0fc17b401159.txt	5907.w4lift-b91f5e2f34a2.txt	bfd1c873c831
7	5907.w4lift-0fc17b401159.txt	5907.w4lift-bca46e18f77b.txt	1bba2e07446c
7	5907.w4lift-0fc17b401159.txt	5907.w4lift-c5ee76734b4d.txt	8ba4f5a756dd
7	5907.w4lift-0fc17b401159.txt	5907.w4lift-caeaa9e5ac42.txt	e1d1870a78cd
7	5907.w4lift-0fc17b401159.txt	5907.w4lift-d09cda89e063.txt	398028eae919
7	5907.w4lift-0fc17b401159.txt	5907.w4lift-d155534ea2d4.txt	e332743d8318
7	5907.w4lift-0fc17b401159.txt	5907.w4lift-dcd0ec0a1fc5.txt	3a3b52457923
7	5907.w4lift-0fc17b401159.txt	5907.w4lift-e04faca1c06c.txt	921653b5f057
7	5907.w4lift-0fc17b401159.txt	5907.w4lift-e0fa39144639.txt	ab88abce72ba
7	5907.w4lift-0fc17b401159.txt	5907.w4lift-e2841ecca038.txt	5135b7adb396
7	5907.w4lift-0fc17b401159.txt	5907.w4lift-e768827496d4.txt	0df6c6a90182
7	5907.w4lift-0fc17b401159.txt	5907.w4lift-ebfb75328150.txt	d58953d08832
7	5907.w4lift-0fc17b401159.txt	5907.w4lift-f9f8e9513c54.txt	36706f4e334b
7	5907.w4lift-0fc17b401159.txt	5907.w4lift-fc301bd873cb.txt	5ff76078c599
7	5907.w4lift-0fc17b401159.txt	5907.w4lift-fc7d7045a431.txt	5ff76078c599
7	5907.w4lift-0fc17b401159.txt	5907.w4lift-fe39239f7468.txt	61e671455635
7	5907.w4lift-12b9a795ea21.txt	5907.w4lift-24c25be13033.txt	e2a2c6dd2c41
7	5907.w4lift-12b9a795ea21.txt	5907.w4lift-29f9231d6ec6.txt	e1f44691aec8
7	5907.w4lift-12b9a795ea21.txt	5907.w4lift-29f9231d6ec6.txt	f929134a1b76
7	5907.w4lift-12b9a795ea21.txt	5907.w4lift-315604e8b5c3.txt	7c2769543fc5
7	5907.w4lift-12b9a795ea21.txt	5907.w4lift-3dfbf9f5e16c.txt	ab88abce72ba
7	5907.w4lift-12b9a795ea21.txt	5907.w4lift-46c29e5bc2a7.txt	eb70d1e95c8b
7	5907.w4lift-12b9a795ea21.txt	5907.w4lift-5354b11bcbe4.txt	033afc57097e
7	5907.w4lift-12b9a795ea21.txt	5907.w4lift-5354b11bcbe4.txt	b4f13531d2e2
7	5907.w4lift-12b9a795ea21.txt	5907.w4lift-5768a023152f.txt	e1f44691aec8
7	5907.w4lift-12b9a795ea21.txt	5907.w4lift-5768a023152f.txt	f929134a1b76
7	5907.w4lift-12b9a795ea21.txt	5907.w4lift-65205c870bb9.txt	ab88abce72ba
7	5907.w4lift-12b9a795ea21.txt	5907.w4lift-912d954b3cbb.txt	292c02641e63
7	5907.w4lift-12b9a795ea21.txt	5907.w4lift-912d954b3cbb.txt	a89df6442166
7	5907.w4lift-12b9a795ea21.txt	5907.w4lift-9b8f53ec761e.txt	e2a2c6dd2c41
7	5907.w4lift-12b9a795ea21.txt	5907.w4lift-9ca41b2682df.txt	292c02641e63
7	5907.w4lift-12b9a795ea21.txt	5907.w4lift-9ca41b2682df.txt	a89df6442166
7	5907.w4lift-12b9a795ea21.txt	5907.w4lift-9dad34a0c58a.txt	ab88abce72ba
7	5907.w4lift-12b9a795ea21.txt	5907.w4lift-e06bb85d02bc.txt	ab88abce72ba
7	5907.w4lift-12b9a795ea21.txt	5907.w4lift-e3a439aa39b6.txt	dc0416c80bc5
7	5907.w4lift-12b9a795ea21.txt	5907.w4lift-fbabcbfdfb74.txt	033afc57097e
7	5907.w4lift-12b9a795ea21.txt	5907.w4lift-fbabcbfdfb74.txt	b4f13531d2e2
7	5907.w4lift-14ab3e140bcb.txt	5907.w4lift-1e3f6547b575.txt	ab88abce72ba
7	5907.w4lift-14ab3e140bcb.txt	5907.w4lift-3f3f0065293f.txt	398028eae919
7	5907.w4lift-14ab3e140bcb.txt	5907.w4lift-c1564326c5ca.txt	83d54a67702c
7	5907.w4lift-14ab3e140bcb.txt	5907.w4lift-c1a91d23a981.txt	ab88abce72ba
7	5907.w4lift-14ab3e140bcb.txt	5907.w4lift-fef6456b68c4.txt	ab88abce72ba
7	5907.w4lift-169e64bca870.txt	5907.w4lift-0531d212f9bb.txt	c50b4b5b313f
7	5907.w4lift-169e64bca870.txt	5907.w4lift-0709deed1cd4.txt	78a113fc5546
7	5907.w4lift-169e64bca870.txt	5907.w4lift-08210f1c16a0.txt	27becabec391
7	5907.w4lift-169e64bca870.txt	5907.w4lift-0dff9daccaa8.txt	d4ec6aadbefe
7	5907.w4lift-169e64bca870.txt	5907.w4lift-16dd1019b651.txt	d1acfe46465f
7	5907.w4lift-169e64bca870.txt	5907.w4lift-1ba050a47f0b.txt	746b5fef63fc
7	5907.w4lift-169e64bca870.txt	5907.w4lift-2f67f2643eeb.txt	fa53bebb0c07
7	5907.w4lift-169e64bca870.txt	5907.w4lift-352479dbf208.txt	99cf5c65dd47
7	5907.w4lift-169e64bca870.txt	5907.w4lift-37386755df59.txt	82d464ef22d6
7	5907.w4lift-169e64bca870.txt	5907.w4lift-386272df4871.txt	162b937cfcd8
7	5907.w4lift-169e64bca870.txt	5907.w4lift-3d4579051d3f.txt	ab88abce72ba
7	5907.w4lift-169e64bca870.txt	5907.w4lift-45a4ff8466a7.txt	959edf9574a8
7	5907.w4lift-169e64bca870.txt	5907.w4lift-473fc5e1c91e.txt	5aceefba3b64
7	5907.w4lift-169e64bca870.txt	5907.w4lift-4a5b17090e74.txt	c2def9f0e515
7	5907.w4lift-169e64bca870.txt	5907.w4lift-4ab0903ef5f4.txt	62a74ce65faa
7	5907.w4lift-169e64bca870.txt	5907.w4lift-4ab0903ef5f4.txt	b13177991e02
7	5907.w4lift-169e64bca870.txt	5907.w4lift-580a6b2415c2.txt	ab88abce72ba
7	5907.w4lift-169e64bca870.txt	5907.w4lift-58984281bc50.txt	c9d65fee4f73
7	5907.w4lift-169e64bca870.txt	5907.w4lift-676d0f91dd66.txt	ab88abce72ba
7	5907.w4lift-169e64bca870.txt	5907.w4lift-69ed3f34a123.txt	fecd684a9442
7	5907.w4lift-169e64bca870.txt	5907.w4lift-6d19c9f1455d.txt	4c4f2d1a4871
7	5907.w4lift-169e64bca870.txt	5907.w4lift-76a1eae91ca0.txt	a20827665556
7	5907.w4lift-169e64bca870.txt	5907.w4lift-7714757d2e9e.txt	ab676a60b54e
7	5907.w4lift-169e64bca870.txt	5907.w4lift-88a61c377b0a.txt	2e62188e3c8b
7	5907.w4lift-169e64bca870.txt	5907.w4lift-88a61c377b0a.txt	48f9270682d9
7	5907.w4lift-169e64bca870.txt	5907.w4lift-8966629ce152.txt	0a44fc281e4b
7	5907.w4lift-169e64bca870.txt	5907.w4lift-89b3167f9583.txt	3d18e34840c5
7	5907.w4lift-169e64bca870.txt	5907.w4lift-912bd909d2b6.txt	2dd7827e5108
7	5907.w4lift-169e64bca870.txt	5907.w4lift-9b4bc5700c90.txt	a8af7d1d0d1f
7	5907.w4lift-169e64bca870.txt	5907.w4lift-a6df35bc4b74.txt	b7bc7337f220
7	5907.w4lift-169e64bca870.txt	5907.w4lift-a8d3c9324eac.txt	cb67e923a6ca
7	5907.w4lift-169e64bca870.txt	5907.w4lift-af7c897a8903.txt	ab88abce72ba
7	5907.w4lift-169e64bca870.txt	5907.w4lift-b66c35732a00.txt	ab88abce72ba
7	5907.w4lift-169e64bca870.txt	5907.w4lift-b7a548d5f629.txt	e616c3f821ef
7	5907.w4lift-169e64bca870.txt	5907.w4lift-b91f5e2f34a2.txt	5581e578134b
7	5907.w4lift-169e64bca870.txt	5907.w4lift-b91f5e2f34a2.txt	d0a01a1ac47d
7	5907.w4lift-169e64bca870.txt	5907.w4lift-c8c5110de4f9.txt	ab88abce72ba
7	5907.w4lift-169e64bca870.txt	5907.w4lift-da24731c22eb.txt	9d8393a2cbd2
7	5907.w4lift-169e64bca870.txt	5907.w4lift-dcd0ec0a1fc5.txt	bb0325078ded
7	5907.w4lift-169e64bca870.txt	5907.w4lift-dd24a1fe19b2.txt	e616c3f821ef
7	5907.w4lift-169e64bca870.txt	5907.w4lift-e0368a011e8c.txt	30361e285fae
7	5907.w4lift-169e64bca870.txt	5907.w4lift-e04faca1c06c.txt	ba9ea1eefc0d
7	5907.w4lift-169e64bca870.txt	5907.w4lift-e0fa39144639.txt	1fbf82fb2187
7	5907.w4lift-169e64bca870.txt	5907.w4lift-e0fb9d13de61.txt	5ff76078c599
7	5907.w4lift-169e64bca870.txt	5907.w4lift-e2841ecca038.txt	f6d440e96d8c
7	5907.w4lift-169e64bca870.txt	5907.w4lift-e44f3ccf8ed4.txt	46267e810eac
7	5907.w4lift-169e64bca870.txt	5907.w4lift-ef0f8852bf9b.txt	ada84d0153fa
7	5907.w4lift-169e64bca870.txt	5907.w4lift-f75829b56545.txt	f0b55e37fe22
7	5907.w4lift-169e64bca870.txt	5907.w4lift-f859791b1e8e.txt	c89c9cf370a2
7	5907.w4lift-169e64bca870.txt	5907.w4lift-faafae8fcdaa.txt	1953b28ffc27
7	5907.w4lift-169e64bca870.txt	5907.w4lift-fb688ec5c017.txt	156e559f9324
7	5907.w4lift-169e64bca870.txt	5907.w4lift-fc5c70dfb561.txt	2a574f2daa75
7	5907.w4lift-169e64bca870.txt	5907.w4lift-fd06a0493fef.txt	2b5c256071ab
7	5907.w4lift-16dd1019b651.txt	5907.w4lift-0531d212f9bb.txt	06076a4833ea
7	5907.w4lift-16dd1019b651.txt	5907.w4lift-08210f1c16a0.txt	e6f4fad41ed1
7	5907.w4lift-16dd1019b651.txt	5907.w4lift-0dff9daccaa8.txt	3c4631c5867a
7	5907.w4lift-16dd1019b651.txt	5907.w4lift-169e64bca870.txt	032dbf0d777a
7	5907.w4lift-16dd1019b651.txt	5907.w4lift-1e59b13c7cc0.txt	2e62188e3c8b
7	5907.w4lift-16dd1019b651.txt	5907.w4lift-1e59b13c7cc0.txt	48f9270682d9
7	5907.w4lift-16dd1019b651.txt	5907.w4lift-352479dbf208.txt	176d3814e13d
7	5907.w4lift-16dd1019b651.txt	5907.w4lift-3580a08a5c73.txt	ab88abce72ba
7	5907.w4lift-16dd1019b651.txt	5907.w4lift-37386755df59.txt	374c09e1b5b9
7	5907.w4lift-16dd1019b651.txt	5907.w4lift-386272df4871.txt	a33cb05ccb10
7	5907.w4lift-16dd1019b651.txt	5907.w4lift-3d4579051d3f.txt	8373a022eef2
7	5907.w4lift-16dd1019b651.txt	5907.w4lift-4034f85f00ec.txt	279bcba663d9
7	5907.w4lift-16dd1019b651.txt	5907.w4lift-4034f85f00ec.txt	ff4cfd62723a
7	5907.w4lift-16dd1019b651.txt	5907.w4lift-40dae53e6185.txt	aa54b27dcfe9
7	5907.w4lift-16dd1019b651.txt	5907.w4lift-430092f5780f.txt	956664d3c1bd
7	5907.w4lift-16dd1019b651.txt	5907.w4lift-43a95823c4dc.txt	ab88abce72ba
7	5907.w4lift-16dd1019b651.txt	5907.w4lift-45a4ff8466a7.txt	c5eefe353bce
7	5907.w4lift-16dd1019b651.txt	5907.w4lift-473fc5e1c91e.txt	83f2a26fb1ab
7	5907.w4lift-16dd1019b651.txt	5907.w4lift-4a5b17090e74.txt	3848d784e880
7	5907.w4lift-16dd1019b651.txt	5907.w4lift-4d47295ca519.txt	176d3814e13d
7	5907.w4lift-16dd1019b651.txt	5907.w4lift-53542138d1b5.txt	5bbd9f177d9c
7	5907.w4lift-16dd1019b651.txt	5907.w4lift-540198536578.txt	a7aabea675cc
7	5907.w4lift-16dd1019b651.txt	5907.w4lift-580a6b2415c2.txt	f2e392111776
7	5907.w4lift-16dd1019b651.txt	5907.w4lift-58984281bc50.txt	ecf03ddecbed
7	5907.w4lift-16dd1019b651.txt	5907.w4lift-65fb95f576e7.txt	a3a1b2ef43a0
7	5907.w4lift-16dd1019b651.txt	5907.w4lift-69ed3f34a123.txt	72397e2f680a
7	5907.w4lift-16dd1019b651.txt	5907.w4lift-6ec79809fccc.txt	62a74ce65faa
7	5907.w4lift-16dd1019b651.txt	5907.w4lift-6ec79809fccc.txt	b13177991e02
7	5907.w4lift-16dd1019b651.txt	5907.w4lift-76a1eae91ca0.txt	1e97b4d2bd18
7	5907.w4lift-16dd1019b651.txt	5907.w4lift-76a1eae91ca0.txt	e8010fda4ae9
7	5907.w4lift-16dd1019b651.txt	5907.w4lift-7714757d2e9e.txt	1d6a7fce6cd4
7	5907.w4lift-16dd1019b651.txt	5907.w4lift-863de61b836a.txt	d4ec6aadbefe
7	5907.w4lift-16dd1019b651.txt	5907.w4lift-8966629ce152.txt	fffe585f92c4
7	5907.w4lift-16dd1019b651.txt	5907.w4lift-89b3167f9583.txt	1e97b4d2bd18
7	5907.w4lift-16dd1019b651.txt	5907.w4lift-89b3167f9583.txt	e8010fda4ae9
7	5907.w4lift-16dd1019b651.txt	5907.w4lift-8e5ca0ef018c.txt	3848d784e880
7	5907.w4lift-16dd1019b651.txt	5907.w4lift-912bd909d2b6.txt	7dae29ff7561
7	5907.w4lift-16dd1019b651.txt	5907.w4lift-9b4bc5700c90.txt	171ac63bfbd7
7	5907.w4lift-16dd1019b651.txt	5907.w4lift-a6df35bc4b74.txt	cf88f66916d6
7	5907.w4lift-16dd1019b651.txt	5907.w4lift-a82143024d2d.txt	7b5542740cec
7	5907.w4lift-16dd1019b651.txt	5907.w4lift-a8d3c9324eac.txt	ab88abce72ba
7	5907.w4lift-16dd1019b651.txt	5907.w4lift-af7c897a8903.txt	e616c3f821ef
7	5907.w4lift-16dd1019b651.txt	5907.w4lift-b66c35732a00.txt	74d91872eeb5
7	5907.w4lift-16dd1019b651.txt	5907.w4lift-b7a548d5f629.txt	ab88abce72ba
7	5907.w4lift-16dd1019b651.txt	5907.w4lift-b91f5e2f34a2.txt	44bac1587ba9
7	5907.w4lift-16dd1019b651.txt	5907.w4lift-bca46e18f77b.txt	374c09e1b5b9
7	5907.w4lift-16dd1019b651.txt	5907.w4lift-bfbef8785aff.txt	ca8cdf9cdda3
7	5907.w4lift-16dd1019b651.txt	5907.w4lift-cb7d99c78307.txt	72397e2f680a
7	5907.w4lift-16dd1019b651.txt	5907.w4lift-cba9917bd593.txt	b426a4d5583d
7	5907.w4lift-16dd1019b651.txt	5907.w4lift-d213b0754523.txt	46267e810eac
7	5907.w4lift-16dd1019b651.txt	5907.w4lift-db45ebdeed40.txt	8504a603e291
7	5907.w4lift-16dd1019b651.txt	5907.w4lift-dcd0ec0a1fc5.txt	a003705bbbb1
7	5907.w4lift-16dd1019b651.txt	5907.w4lift-dd250dd876cd.txt	e616c3f821ef
7	5907.w4lift-16dd1019b651.txt	5907.w4lift-e0368a011e8c.txt	80b2932b3a5d
7	5907.w4lift-16dd1019b651.txt	5907.w4lift-e04faca1c06c.txt	0d491f159886
7	5907.w4lift-16dd1019b651.txt	5907.w4lift-e0fa39144639.txt	8411b9baf058
7	5907.w4lift-16dd1019b651.txt	5907.w4lift-e0fb9d13de61.txt	ab88abce72ba
7	5907.w4lift-16dd1019b651.txt	5907.w4lift-e2841ecca038.txt	ab88abce72ba
7	5907.w4lift-16dd1019b651.txt	5907.w4lift-e7ee0cc9c017.txt	487b3aecfeb2
7	5907.w4lift-16dd1019b651.txt	5907.w4lift-eb9a0d99f5fb.txt	cd477e782247
7	5907.w4lift-16dd1019b651.txt	5907.w4lift-f2708ef02d1a.txt	1293f7787f8a
7	5907.w4lift-16dd1019b651.txt	5907.w4lift-f6b8b0e6314c.txt	3c4631c5867a
7	5907.w4lift-16dd1019b651.txt	5907.w4lift-f859791b1e8e.txt	442632459723
7	5907.w4lift-16dd1019b651.txt	5907.w4lift-faafae8fcdaa.txt	1ff5160db856
7	5907.w4lift-16dd1019b651.txt	5907.w4lift-fc5c70dfb561.txt	279bcba663d9
7	5907.w4lift-16dd1019b651.txt	5907.w4lift-fc5c70dfb561.txt	ff4cfd62723a
7	5907.w4lift-16dd1019b651.txt	5907.w4lift-fc7d7045a431.txt	7dae29ff7561
7	5907.w4lift-16dd1019b651.txt	5907.w4lift-fd06a0493fef.txt	af945ab938fd
7	5907.w4lift-177bb009e3ce.txt	5907.w4lift-04c898c73c62.txt	cf88f66916d6
7	5907.w4lift-177bb009e3ce.txt	5907.w4lift-0531d212f9bb.txt	c14f5e5dd539
7	5907.w4lift-177bb009e3ce.txt	5907.w4lift-06b66ef7470f.txt	46267e810eac
7	5907.w4lift-177bb009e3ce.txt	5907.w4lift-0709deed1cd4.txt	0e43e84ca1d0
7	5907.w4lift-177bb009e3ce.txt	5907.w4lift-097d01eaddb9.txt	ab88abce72ba
7	5907.w4lift-177bb009e3ce.txt	5907.w4lift-1c7e3360c98f.txt	f491e3e4a3c1
7	5907.w4lift-177bb009e3ce.txt	5907.w4lift-1da61b5817e6.txt	aa54b27dcfe9
7	5907.w4lift-177bb009e3ce.txt	5907.w4lift-1e59b13c7cc0.txt	ab88abce72ba
7	5907.w4lift-177bb009e3ce.txt	5907.w4lift-208b728dbc49.txt	ab88abce72ba
7	5907.w4lift-177bb009e3ce.txt	5907.w4lift-231c44b74cdf.txt	ab88abce72ba
7	5907.w4lift-177bb009e3ce.txt	5907.w4lift-2344c04ea5dd.txt	956664d3c1bd
7	5907.w4lift-177bb009e3ce.txt	5907.w4lift-3d4579051d3f.txt	0639dfc60058
7	5907.w4lift-177bb009e3ce.txt	5907.w4lift-40dae53e6185.txt	62a74ce65faa
7	5907.w4lift-177bb009e3ce.txt	5907.w4lift-40dae53e6185.txt	b13177991e02
7	5907.w4lift-177bb009e3ce.txt	5907.w4lift-430092f5780f.txt	7b5542740cec
7	5907.w4lift-177bb009e3ce.txt	5907.w4lift-45a4ff8466a7.txt	1e48e92e2bca
7	5907.w4lift-177bb009e3ce.txt	5907.w4lift-4614701d0920.txt	1fbf82fb2187
7	5907.w4lift-177bb009e3ce.txt	5907.w4lift-473fc5e1c91e.txt	95db9bfc7309
7	5907.w4lift-177bb009e3ce.txt	5907.w4lift-508210674d85.txt	7dfddb482d3c
7	5907.w4lift-177bb009e3ce.txt	5907.w4lift-55201236e530.txt	2e62188e3c8b
7	5907.w4lift-177bb009e3ce.txt	5907.w4lift-55201236e530.txt	48f9270682d9
7	5907.w4lift-177bb009e3ce.txt	5907.w4lift-58984281bc50.txt	dbb15d86868a
7	5907.w4lift-177bb009e3ce.txt	5907.w4lift-5ffba5cc4529.txt	19e1c21182bd
7	5907.w4lift-177bb009e3ce.txt	5907.w4lift-684436c46755.txt	162b937cfcd8
7	5907.w4lift-177bb009e3ce.txt	5907.w4lift-6d19c9f1455d.txt	9c3648cce8b5
7	5907.w4lift-177bb009e3ce.txt	5907.w4lift-71600a834959.txt	1a06d1157530
7	5907.w4lift-177bb009e3ce.txt	5907.w4lift-86a03197440a.txt	1fdef8fb9a0a
7	5907.w4lift-177bb009e3ce.txt	5907.w4lift-8824a6971c2e.txt	4428d2ecf001
7	5907.w4lift-177bb009e3ce.txt	5907.w4lift-88a61c377b0a.txt	e616c3f821ef
7	5907.w4lift-177bb009e3ce.txt	5907.w4lift-8a8b72923703.txt	0d491f159886
7	5907.w4lift-177bb009e3ce.txt	5907.w4lift-97d2d8784e2f.txt	f66db8d87212
7	5907.w4lift-177bb009e3ce.txt	5907.w4lift-a6df35bc4b74.txt	defc0816dfd5
7	5907.w4lift-177bb009e3ce.txt	5907.w4lift-ae6af3254cbe.txt	b4dfc6692083
7	5907.w4lift-177bb009e3ce.txt	5907.w4lift-b18d3ecda2e7.txt	3123e32f64ba
7	5907.w4lift-177bb009e3ce.txt	5907.w4lift-b2702baa553d.txt	833239f93d60
7	5907.w4lift-177bb009e3ce.txt	5907.w4lift-b7a548d5f629.txt	2e62188e3c8b
7	5907.w4lift-177bb009e3ce.txt	5907.w4lift-b7a548d5f629.txt	48f9270682d9
7	5907.w4lift-177bb009e3ce.txt	5907.w4lift-bd154fbbf435.txt	a8af7d1d0d1f
7	5907.w4lift-177bb009e3ce.txt	5907.w4lift-c5ee76734b4d.txt	5aceefba3b64
7	5907.w4lift-177bb009e3ce.txt	5907.w4lift-d213b0754523.txt	d4ec6aadbefe
7	5907.w4lift-177bb009e3ce.txt	5907.w4lift-d946605e111b.txt	01ebc19824fc
7	5907.w4lift-177bb009e3ce.txt	5907.w4lift-da24731c22eb.txt	72397e2f680a
7	5907.w4lift-177bb009e3ce.txt	5907.w4lift-dcd0ec0a1fc5.txt	3ec33775c7bd
7	5907.w4lift-177bb009e3ce.txt	5907.w4lift-df0078a194a0.txt	ab88abce72ba
7	5907.w4lift-177bb009e3ce.txt	5907.w4lift-e44f3ccf8ed4.txt	3c4631c5867a
7	5907.w4lift-177bb009e3ce.txt	5907.w4lift-e768827496d4.txt	885fe227bff6
7	5907.w4lift-177bb009e3ce.txt	5907.w4lift-e96c05b05fe9.txt	435e181a3f3c
7	5907.w4lift-177bb009e3ce.txt	5907.w4lift-ec915ed4bfb3.txt	8373a022eef2
7	5907.w4lift-177bb009e3ce.txt	5907.w4lift-ecfe2ba8e511.txt	d4cb09a1314f
7	5907.w4lift-177bb009e3ce.txt	5907.w4lift-f75829b56545.txt	ab88abce72ba
7	5907.w4lift-177bb009e3ce.txt	5907.w4lift-f859791b1e8e.txt	203b9da4a4f9
7	5907.w4lift-177bb009e3ce.txt	5907.w4lift-f9f8e9513c54.txt	27becabec391
7	5907.w4lift-177bb009e3ce.txt	5907.w4lift-faafae8fcdaa.txt	6a51a52b89c4
7	5907.w4lift-177bb009e3ce.txt	5907.w4lift-fe39239f7468.txt	83f2a26fb1ab
7	5907.w4lift-17e760a0d9d7.txt	5907.w4lift-3ebe5182ed48.txt	4004c6042131
7	5907.w4lift-17e760a0d9d7.txt	5907.w4lift-3ebe5182ed48.txt	9233133e9c39
7	5907.w4lift-17e760a0d9d7.txt	5907.w4lift-5c992361b625.txt	ab88abce72ba
7	5907.w4lift-18d218e3614f.txt	5907.w4lift-0418cb9260ae.txt	ab88abce72ba
7	5907.w4lift-18d218e3614f.txt	5907.w4lift-4ad8fd5ffc98.txt	ab88abce72ba
7	5907.w4lift-18d218e3614f.txt	5907.w4lift-595e0c44ab33.txt	9a1f3be55831
7	5907.w4lift-18d218e3614f.txt	5907.w4lift-595e0c44ab33.txt	af1df8c730b3
7	5907.w4lift-18d218e3614f.txt	5907.w4lift-71e2791cb656.txt	28343f6d7386
7	5907.w4lift-18d218e3614f.txt	5907.w4lift-f7317cf14b6e.txt	51c13efc7a14
7	5907.w4lift-1ba050a47f0b.txt	5907.w4lift-097d01eaddb9.txt	ab88abce72ba
7	5907.w4lift-1ba050a47f0b.txt	5907.w4lift-169e64bca870.txt	cf88f66916d6
7	5907.w4lift-1ba050a47f0b.txt	5907.w4lift-204625f89751.txt	d4ec6aadbefe
7	5907.w4lift-1ba050a47f0b.txt	5907.w4lift-2f67f2643eeb.txt	032dbf0d777a
7	5907.w4lift-1ba050a47f0b.txt	5907.w4lift-3359ccc27832.txt	62a74ce65faa
7	5907.w4lift-1ba050a47f0b.txt	5907.w4lift-3359ccc27832.txt	b13177991e02
7	5907.w4lift-1ba050a47f0b.txt	5907.w4lift-3580a08a5c73.txt	cb67e923a6ca
7	5907.w4lift-1ba050a47f0b.txt	5907.w4lift-3ce63a53cf1a.txt	ead8943daa46
7	5907.w4lift-1ba050a47f0b.txt	5907.w4lift-4614701d0920.txt	27becabec391
7	5907.w4lift-1ba050a47f0b.txt	5907.w4lift-4ab0903ef5f4.txt	0d491f159886
7	5907.w4lift-1ba050a47f0b.txt	5907.w4lift-540198536578.txt	82d464ef22d6
7	5907.w4lift-1ba050a47f0b.txt	5907.w4lift-580a6b2415c2.txt	83f2a26fb1ab
7	5907.w4lift-1ba050a47f0b.txt	5907.w4lift-5f95afa2454b.txt	b4dfc6692083
7	5907.w4lift-1ba050a47f0b.txt	5907.w4lift-644e04797cd3.txt	7b5542740cec
7	5907.w4lift-1ba050a47f0b.txt	5907.w4lift-65fb95f576e7.txt	2dd7827e5108
7	5907.w4lift-1ba050a47f0b.txt	5907.w4lift-676d0f91dd66.txt	44bac1587ba9
7	5907.w4lift-1ba050a47f0b.txt	5907.w4lift-684436c46755.txt	162b937cfcd8
7	5907.w4lift-1ba050a47f0b.txt	5907.w4lift-6ec79809fccc.txt	ba9ea1eefc0d
7	5907.w4lift-1ba050a47f0b.txt	5907.w4lift-863de61b836a.txt	396fe6d979c3
7	5907.w4lift-1ba050a47f0b.txt	5907.w4lift-86a03197440a.txt	435e181a3f3c
7	5907.w4lift-1ba050a47f0b.txt	5907.w4lift-8824a6971c2e.txt	4428d2ecf001
7	5907.w4lift-1ba050a47f0b.txt	5907.w4lift-88a61c377b0a.txt	72397e2f680a
7	5907.w4lift-1ba050a47f0b.txt	5907.w4lift-97d2d8784e2f.txt	f66db8d87212
7	5907.w4lift-1ba050a47f0b.txt	5907.w4lift-a7bbb73953d8.txt	41dfe21e6c1c
7	5907.w4lift-1ba050a47f0b.txt	5907.w4lift-a82143024d2d.txt	10d61a16c4f8
7	5907.w4lift-1ba050a47f0b.txt	5907.w4lift-ab80c9a45344.txt	be1ffc91f1cd
7	5907.w4lift-1ba050a47f0b.txt	5907.w4lift-ae466549a0d9.txt	27db135a20ba
7	5907.w4lift-1ba050a47f0b.txt	5907.w4lift-b2702baa553d.txt	5aceefba3b64
7	5907.w4lift-1ba050a47f0b.txt	5907.w4lift-b66c35732a00.txt	ab88abce72ba
7	5907.w4lift-1ba050a47f0b.txt	5907.w4lift-b91f5e2f34a2.txt	8373a022eef2
7	5907.w4lift-1ba050a47f0b.txt	5907.w4lift-bd154fbbf435.txt	a8af7d1d0d1f
7	5907.w4lift-1ba050a47f0b.txt	5907.w4lift-bfbef8785aff.txt	c2def9f0e515
7	5907.w4lift-1ba050a47f0b.txt	5907.w4lift-c5ee76734b4d.txt	833239f93d60
7	5907.w4lift-1ba050a47f0b.txt	5907.w4lift-c8c5110de4f9.txt	ab88abce72ba
7	5907.w4lift-1ba050a47f0b.txt	5907.w4lift-d155534ea2d4.txt	7dfddb482d3c
7	5907.w4lift-1ba050a47f0b.txt	5907.w4lift-da24731c22eb.txt	e616c3f821ef
7	5907.w4lift-1ba050a47f0b.txt	5907.w4lift-db45ebdeed40.txt	99cf5c65dd47
7	5907.w4lift-1ba050a47f0b.txt	5907.w4lift-dd24a1fe19b2.txt	f2e392111776
7	5907.w4lift-1ba050a47f0b.txt	5907.w4lift-e44f3ccf8ed4.txt	3c4631c5867a
7	5907.w4lift-1ba050a47f0b.txt	5907.w4lift-e45b90b0a767.txt	b90b8c0dcceb
7	5907.w4lift-1ba050a47f0b.txt	5907.w4lift-e96c05b05fe9.txt	1fdef8fb9a0a
7	5907.w4lift-1ba050a47f0b.txt	5907.w4lift-ebfb75328150.txt	1a06d1157530
7	5907.w4lift-1ba050a47f0b.txt	5907.w4lift-ecfe2ba8e511.txt	d4cb09a1314f
7	5907.w4lift-1ba050a47f0b.txt	5907.w4lift-ef0f8852bf9b.txt	74d91872eeb5
7	5907.w4lift-1ba050a47f0b.txt	5907.w4lift-f18f663f4c81.txt	ab88abce72ba
7	5907.w4lift-1ba050a47f0b.txt	5907.w4lift-f75829b56545.txt	ab88abce72ba
7	5907.w4lift-1ba050a47f0b.txt	5907.w4lift-f9f8e9513c54.txt	1fbf82fb2187
7	5907.w4lift-1ba050a47f0b.txt	5907.w4lift-fb688ec5c017.txt	ab88abce72ba
7	5907.w4lift-1ba050a47f0b.txt	5907.w4lift-fc301bd873cb.txt	01ebc19824fc
7	5907.w4lift-1c1340793c23.txt	5907.w4lift-472f25421fcc.txt	4004c6042131
7	5907.w4lift-1c1340793c23.txt	5907.w4lift-472f25421fcc.txt	9233133e9c39
7	5907.w4lift-1c1340793c23.txt	5907.w4lift-b6e97bde8e34.txt	ab88abce72ba
7	5907.w4lift-1c7e3360c98f.txt	5907.w4lift-0531d212f9bb.txt	e50393a8ba1d
7	5907.w4lift-1c7e3360c98f.txt	5907.w4lift-0709deed1cd4.txt	fd3d2036ee73
7	5907.w4lift-1c7e3360c98f.txt	5907.w4lift-097d01eaddb9.txt	96bae6feab65
7	5907.w4lift-1c7e3360c98f.txt	5907.w4lift-0dff9daccaa8.txt	942711725057
7	5907.w4lift-1c7e3360c98f.txt	5907.w4lift-0fc17b401159.txt	095bfb3dc800
7	5907.w4lift-1c7e3360c98f.txt	5907.w4lift-177bb009e3ce.txt	0f5ed4ca9093
7	5907.w4lift-1c7e3360c98f.txt	5907.w4lift-231c44b74cdf.txt	a32416d5301e
7	5907.w4lift-1c7e3360c98f.txt	5907.w4lift-319dff1ab25a.txt	ab88abce72ba
7	5907.w4lift-1c7e3360c98f.txt	5907.w4lift-45a4ff8466a7.txt	f87b924fc4aa
7	5907.w4lift-1c7e3360c98f.txt	5907.w4lift-4614701d0920.txt	d58953d08832
7	5907.w4lift-1c7e3360c98f.txt	5907.w4lift-473fc5e1c91e.txt	52066a3cc9fc
7	5907.w4lift-1c7e3360c98f.txt	5907.w4lift-4a5b17090e74.txt	156e559f9324
7	5907.w4lift-1c7e3360c98f.txt	5907.w4lift-4cb3167d35ed.txt	d0fa1d8cc35d
7	5907.w4lift-1c7e3360c98f.txt	5907.w4lift-4d47295ca519.txt	4bf7e3748717
7	5907.w4lift-1c7e3360c98f.txt	5907.w4lift-508210674d85.txt	ab88abce72ba
7	5907.w4lift-1c7e3360c98f.txt	5907.w4lift-5742f21eca2d.txt	b1be0f46d82c
7	5907.w4lift-1c7e3360c98f.txt	5907.w4lift-580a6b2415c2.txt	5e303fc5a688
7	5907.w4lift-1c7e3360c98f.txt	5907.w4lift-58984281bc50.txt	df712ba91fb7
7	5907.w4lift-1c7e3360c98f.txt	5907.w4lift-5ffba5cc4529.txt	ab88abce72ba
7	5907.w4lift-1c7e3360c98f.txt	5907.w4lift-684436c46755.txt	c8a9fa3f5fe4
7	5907.w4lift-1c7e3360c98f.txt	5907.w4lift-69ed3f34a123.txt	6e38383cfc72
7	5907.w4lift-1c7e3360c98f.txt	5907.w4lift-6d19c9f1455d.txt	bcd8bf3c0076
7	5907.w4lift-1c7e3360c98f.txt	5907.w4lift-6e905a492084.txt	62a74ce65faa
7	5907.w4lift-1c7e3360c98f.txt	5907.w4lift-6e905a492084.txt	b13177991e02
7	5907.w4lift-1c7e3360c98f.txt	5907.w4lift-71600a834959.txt	4bf7e3748717
7	5907.w4lift-1c7e3360c98f.txt	5907.w4lift-80c95286cd7c.txt	223da8cfb8a5
7	5907.w4lift-1c7e3360c98f.txt	5907.w4lift-86a03197440a.txt	e6d89f3f0d4c
7	5907.w4lift-1c7e3360c98f.txt	5907.w4lift-8824a6971c2e.txt	8483f8b7ecb1
7	5907.w4lift-1c7e3360c98f.txt	5907.w4lift-8e5ca0ef018c.txt	ab88abce72ba
7	5907.w4lift-1c7e3360c98f.txt	5907.w4lift-9b4bc5700c90.txt	5581e578134b
7	5907.w4lift-1c7e3360c98f.txt	5907.w4lift-9b4bc5700c90.txt	d0a01a1ac47d
7	5907.w4lift-1c7e3360c98f.txt	5907.w4lift-a6df35bc4b74.txt	781dcd7d819f
7	5907.w4lift-1c7e3360c98f.txt	5907.w4lift-ae6af3254cbe.txt	4f671bc3d3f3
7	5907.w4lift-1c7e3360c98f.txt	5907.w4lift-b18d3ecda2e7.txt	ab88abce72ba
7	5907.w4lift-1c7e3360c98f.txt	5907.w4lift-b2702baa553d.txt	dc2afaae0ced
7	5907.w4lift-1c7e3360c98f.txt	5907.w4lift-b4e57551e32a.txt	91270bf2a57d
7	5907.w4lift-1c7e3360c98f.txt	5907.w4lift-b7a548d5f629.txt	b3e25e414908
7	5907.w4lift-1c7e3360c98f.txt	5907.w4lift-b91f5e2f34a2.txt	02eb9e2292e4
7	5907.w4lift-1c7e3360c98f.txt	5907.w4lift-bca46e18f77b.txt	4f671bc3d3f3
7	5907.w4lift-1c7e3360c98f.txt	5907.w4lift-bd154fbbf435.txt	5ff76078c599
7	5907.w4lift-1c7e3360c98f.txt	5907.w4lift-caeaa9e5ac42.txt	c6fe0326a117
7	5907.w4lift-1c7e3360c98f.txt	5907.w4lift-d09cda89e063.txt	d4ec6aadbefe
7	5907.w4lift-1c7e3360c98f.txt	5907.w4lift-d155534ea2d4.txt	fecd684a9442
7	5907.w4lift-1c7e3360c98f.txt	5907.w4lift-d946605e111b.txt	f4276d62e543
7	5907.w4lift-1c7e3360c98f.txt	5907.w4lift-dcd0ec0a1fc5.txt	0df6c6a90182
7	5907.w4lift-1c7e3360c98f.txt	5907.w4lift-df0078a194a0.txt	6e38383cfc72
7	5907.w4lift-1c7e3360c98f.txt	5907.w4lift-e0368a011e8c.txt	746b5fef63fc
7	5907.w4lift-1c7e3360c98f.txt	5907.w4lift-e04faca1c06c.txt	cad1abae462c
7	5907.w4lift-1c7e3360c98f.txt	5907.w4lift-e2841ecca038.txt	dc2afaae0ced
7	5907.w4lift-1c7e3360c98f.txt	5907.w4lift-e768827496d4.txt	7c2769543fc5
7	5907.w4lift-1c7e3360c98f.txt	5907.w4lift-e96c05b05fe9.txt	3a87ef2485a8
7	5907.w4lift-1c7e3360c98f.txt	5907.w4lift-ec915ed4bfb3.txt	02eb9e2292e4
7	5907.w4lift-1c7e3360c98f.txt	5907.w4lift-ecfe2ba8e511.txt	5d3074fe7163
7	5907.w4lift-1c7e3360c98f.txt	5907.w4lift-f859791b1e8e.txt	ebdcc2d4d36c
7	5907.w4lift-1c7e3360c98f.txt	5907.w4lift-f9f8e9513c54.txt	4ad13835a281
7	5907.w4lift-1c7e3360c98f.txt	5907.w4lift-faafae8fcdaa.txt	ab88abce72ba
7	5907.w4lift-1c7e3360c98f.txt	5907.w4lift-fc7d7045a431.txt	f4276d62e543
7	5907.w4lift-1da61b5817e6.txt	5907.w4lift-06b66ef7470f.txt	5581e578134b
7	5907.w4lift-1da61b5817e6.txt	5907.w4lift-06b66ef7470f.txt	d0a01a1ac47d
7	5907.w4lift-1da61b5817e6.txt	5907.w4lift-0dff9daccaa8.txt	0639dfc60058
7	5907.w4lift-1da61b5817e6.txt	5907.w4lift-177bb009e3ce.txt	847f96324af3
7	5907.w4lift-1da61b5817e6.txt	5907.w4lift-1e59b13c7cc0.txt	d24f63edf5b4
7	5907.w4lift-1da61b5817e6.txt	5907.w4lift-204625f89751.txt	ab88abce72ba
7	5907.w4lift-1da61b5817e6.txt	5907.w4lift-208b728dbc49.txt	d3143f1b84ab
7	5907.w4lift-1da61b5817e6.txt	5907.w4lift-2344c04ea5dd.txt	ab88abce72ba
7	5907.w4lift-1da61b5817e6.txt	5907.w4lift-2914e81572fa.txt	ab88abce72ba
7	5907.w4lift-1da61b5817e6.txt	5907.w4lift-3359ccc27832.txt	b7bc7337f220
7	5907.w4lift-1da61b5817e6.txt	5907.w4lift-40dae53e6185.txt	e491b3145c5e
7	5907.w4lift-1da61b5817e6.txt	5907.w4lift-430092f5780f.txt	833239f93d60
7	5907.w4lift-1da61b5817e6.txt	5907.w4lift-546a47a518b6.txt	429db3717944
7	5907.w4lift-1da61b5817e6.txt	5907.w4lift-546a47a518b6.txt	b081b754d26e
7	5907.w4lift-1da61b5817e6.txt	5907.w4lift-55201236e530.txt	ab88abce72ba
7	5907.w4lift-1da61b5817e6.txt	5907.w4lift-644e04797cd3.txt	5aceefba3b64
7	5907.w4lift-1da61b5817e6.txt	5907.w4lift-69ed3f34a123.txt	2e62188e3c8b
7	5907.w4lift-1da61b5817e6.txt	5907.w4lift-69ed3f34a123.txt	48f9270682d9
7	5907.w4lift-1da61b5817e6.txt	5907.w4lift-88a61c377b0a.txt	2dcd6251565a
7	5907.w4lift-1da61b5817e6.txt	5907.w4lift-8a8b72923703.txt	defc0816dfd5
7	5907.w4lift-1da61b5817e6.txt	5907.w4lift-9b264f72a9b4.txt	cf88f66916d6
7	5907.w4lift-1da61b5817e6.txt	5907.w4lift-af7c897a8903.txt	f76742e7df1c
7	5907.w4lift-1da61b5817e6.txt	5907.w4lift-d213b0754523.txt	ab88abce72ba
7	5907.w4lift-1da61b5817e6.txt	5907.w4lift-da24731c22eb.txt	ab88abce72ba
7	5907.w4lift-1da61b5817e6.txt	5907.w4lift-dbf70f871210.txt	f489418a0205
7	5907.w4lift-1da61b5817e6.txt	5907.w4lift-df0078a194a0.txt	2e62188e3c8b
7	5907.w4lift-1da61b5817e6.txt	5907.w4lift-df0078a194a0.txt	48f9270682d9
7	5907.w4lift-1da61b5817e6.txt	5907.w4lift-e0fb9d13de61.txt	6e21f7e985fe
7	5907.w4lift-1da61b5817e6.txt	5907.w4lift-e44f3ccf8ed4.txt	8373a022eef2
7	5907.w4lift-1da61b5817e6.txt	5907.w4lift-f18f663f4c81.txt	e616c3f821ef
7	5907.w4lift-1da61b5817e6.txt	5907.w4lift-f75829b56545.txt	8821c9761a3f
7	5907.w4lift-1e3f6547b575.txt	5907.w4lift-14ab3e140bcb.txt	ab88abce72ba
7	5907.w4lift-1e3f6547b575.txt	5907.w4lift-703a2a85174b.txt	ab88abce72ba
7	5907.w4lift-1e3f6547b575.txt	5907.w4lift-c1564326c5ca.txt	ab88abce72ba
7	5907.w4lift-1e3f6547b575.txt	5907.w4lift-c1a91d23a981.txt	2257058c3d2d
7	5907.w4lift-1e3f6547b575.txt	5907.w4lift-efa61e10819d.txt	398028eae919
7	5907.w4lift-1e59b13c7cc0.txt	5907.w4lift-06b66ef7470f.txt	e616c3f821ef
7	5907.w4lift-1e59b13c7cc0.txt	5907.w4lift-16dd1019b651.txt	2e62188e3c8b
7	5907.w4lift-1e59b13c7cc0.txt	5907.w4lift-16dd1019b651.txt	48f9270682d9
7	5907.w4lift-1e59b13c7cc0.txt	5907.w4lift-177bb009e3ce.txt	ab88abce72ba
7	5907.w4lift-1e59b13c7cc0.txt	5907.w4lift-1da61b5817e6.txt	72397e2f680a
7	5907.w4lift-1e59b13c7cc0.txt	5907.w4lift-208b728dbc49.txt	8373a022eef2
7	5907.w4lift-1e59b13c7cc0.txt	5907.w4lift-2344c04ea5dd.txt	3c4631c5867a
7	5907.w4lift-1e59b13c7cc0.txt	5907.w4lift-3580a08a5c73.txt	ab88abce72ba
7	5907.w4lift-1e59b13c7cc0.txt	5907.w4lift-4034f85f00ec.txt	203b9da4a4f9
7	5907.w4lift-1e59b13c7cc0.txt	5907.w4lift-40dae53e6185.txt	ab88abce72ba
7	5907.w4lift-1e59b13c7cc0.txt	5907.w4lift-430092f5780f.txt	0d491f159886
7	5907.w4lift-1e59b13c7cc0.txt	5907.w4lift-43a95823c4dc.txt	ab88abce72ba
7	5907.w4lift-1e59b13c7cc0.txt	5907.w4lift-4d47295ca519.txt	885fe227bff6
7	5907.w4lift-1e59b13c7cc0.txt	5907.w4lift-53542138d1b5.txt	435e181a3f3c
7	5907.w4lift-1e59b13c7cc0.txt	5907.w4lift-540198536578.txt	27becabec391
7	5907.w4lift-1e59b13c7cc0.txt	5907.w4lift-55201236e530.txt	ab88abce72ba
7	5907.w4lift-1e59b13c7cc0.txt	5907.w4lift-65fb95f576e7.txt	1fbf82fb2187
7	5907.w4lift-1e59b13c7cc0.txt	5907.w4lift-6ec79809fccc.txt	833239f93d60
7	5907.w4lift-1e59b13c7cc0.txt	5907.w4lift-76a1eae91ca0.txt	3ec33775c7bd
7	5907.w4lift-1e59b13c7cc0.txt	5907.w4lift-7714757d2e9e.txt	9c3648cce8b5
7	5907.w4lift-1e59b13c7cc0.txt	5907.w4lift-863de61b836a.txt	5aceefba3b64
7	5907.w4lift-1e59b13c7cc0.txt	5907.w4lift-88a61c377b0a.txt	032dbf0d777a
7	5907.w4lift-1e59b13c7cc0.txt	5907.w4lift-8966629ce152.txt	0e43e84ca1d0
7	5907.w4lift-1e59b13c7cc0.txt	5907.w4lift-89b3167f9583.txt	1e48e92e2bca
7	5907.w4lift-1e59b13c7cc0.txt	5907.w4lift-8a8b72923703.txt	83f2a26fb1ab
7	5907.w4lift-1e59b13c7cc0.txt	5907.w4lift-8e5ca0ef018c.txt	f491e3e4a3c1
7	5907.w4lift-1e59b13c7cc0.txt	5907.w4lift-a7bbb73953d8.txt	1fdef8fb9a0a
7	5907.w4lift-1e59b13c7cc0.txt	5907.w4lift-a82143024d2d.txt	f66db8d87212
7	5907.w4lift-1e59b13c7cc0.txt	5907.w4lift-a8d3c9324eac.txt	0639dfc60058
7	5907.w4lift-1e59b13c7cc0.txt	5907.w4lift-bca46e18f77b.txt	3123e32f64ba
7	5907.w4lift-1e59b13c7cc0.txt	5907.w4lift-bfbef8785aff.txt	a8af7d1d0d1f
7	5907.w4lift-1e59b13c7cc0.txt	5907.w4lift-c7b7714127d9.txt	4428d2ecf001
7	5907.w4lift-1e59b13c7cc0.txt	5907.w4lift-ca71ed8496bd.txt	d4cb09a1314f
7	5907.w4lift-1e59b13c7cc0.txt	5907.w4lift-cb7d99c78307.txt	cf88f66916d6
7	5907.w4lift-1e59b13c7cc0.txt	5907.w4lift-cba9917bd593.txt	7dfddb482d3c
7	5907.w4lift-1e59b13c7cc0.txt	5907.w4lift-d213b0754523.txt	ab88abce72ba
7	5907.w4lift-1e59b13c7cc0.txt	5907.w4lift-da24731c22eb.txt	44bac1587ba9
7	5907.w4lift-1e59b13c7cc0.txt	5907.w4lift-db45ebdeed40.txt	162b937cfcd8
7	5907.w4lift-1e59b13c7cc0.txt	5907.w4lift-dd250dd876cd.txt	8373a022eef2
7	5907.w4lift-1e59b13c7cc0.txt	5907.w4lift-df0078a194a0.txt	cf88f66916d6
7	5907.w4lift-1e59b13c7cc0.txt	5907.w4lift-e0368a011e8c.txt	6a51a52b89c4
7	5907.w4lift-1e59b13c7cc0.txt	5907.w4lift-e04faca1c06c.txt	95db9bfc7309
7	5907.w4lift-1e59b13c7cc0.txt	5907.w4lift-e2841ecca038.txt	defc0816dfd5
7	5907.w4lift-1e59b13c7cc0.txt	5907.w4lift-e44f3ccf8ed4.txt	f2e392111776
7	5907.w4lift-1e59b13c7cc0.txt	5907.w4lift-e7ee0cc9c017.txt	01ebc19824fc
7	5907.w4lift-1e59b13c7cc0.txt	5907.w4lift-eb9a0d99f5fb.txt	b4dfc6692083
7	5907.w4lift-1e59b13c7cc0.txt	5907.w4lift-f2708ef02d1a.txt	1a06d1157530
7	5907.w4lift-1e59b13c7cc0.txt	5907.w4lift-f6b8b0e6314c.txt	83f2a26fb1ab
7	5907.w4lift-1e59b13c7cc0.txt	5907.w4lift-f75829b56545.txt	74d91872eeb5
7	5907.w4lift-1e59b13c7cc0.txt	5907.w4lift-fc5c70dfb561.txt	c14f5e5dd539
7	5907.w4lift-1e59b13c7cc0.txt	5907.w4lift-fc7d7045a431.txt	19e1c21182bd
7	5907.w4lift-1e59b13c7cc0.txt	5907.w4lift-fd06a0493fef.txt	dbb15d86868a
7	5907.w4lift-204625f89751.txt	5907.w4lift-06b66ef7470f.txt	8e3fa11cbde7
7	5907.w4lift-204625f89751.txt	5907.w4lift-097d01eaddb9.txt	847f96324af3
7	5907.w4lift-204625f89751.txt	5907.w4lift-0dff9daccaa8.txt	cf88f66916d6
7	5907.w4lift-204625f89751.txt	5907.w4lift-1ba050a47f0b.txt	8821c9761a3f
7	5907.w4lift-204625f89751.txt	5907.w4lift-1da61b5817e6.txt	ab88abce72ba
7	5907.w4lift-204625f89751.txt	5907.w4lift-2344c04ea5dd.txt	72397e2f680a
7	5907.w4lift-204625f89751.txt	5907.w4lift-2914e81572fa.txt	74d91872eeb5
7	5907.w4lift-204625f89751.txt	5907.w4lift-3359ccc27832.txt	5581e578134b
7	5907.w4lift-204625f89751.txt	5907.w4lift-3359ccc27832.txt	d0a01a1ac47d
7	5907.w4lift-204625f89751.txt	5907.w4lift-3580a08a5c73.txt	d24f63edf5b4
7	5907.w4lift-204625f89751.txt	5907.w4lift-4ab0903ef5f4.txt	8373a022eef2
7	5907.w4lift-204625f89751.txt	5907.w4lift-508210674d85.txt	6a51a52b89c4
7	5907.w4lift-204625f89751.txt	5907.w4lift-546a47a518b6.txt	c8cd712ae7b0
7	5907.w4lift-204625f89751.txt	5907.w4lift-55201236e530.txt	833239f93d60
7	5907.w4lift-204625f89751.txt	5907.w4lift-644e04797cd3.txt	ab88abce72ba
7	5907.w4lift-204625f89751.txt	5907.w4lift-69ed3f34a123.txt	ab88abce72ba
7	5907.w4lift-204625f89751.txt	5907.w4lift-6e6b2c468f32.txt	19e1c21182bd
7	5907.w4lift-204625f89751.txt	5907.w4lift-6ec79809fccc.txt	ab88abce72ba
7	5907.w4lift-204625f89751.txt	5907.w4lift-71600a834959.txt	dbb15d86868a
7	5907.w4lift-204625f89751.txt	5907.w4lift-7cd2edab64dc.txt	01ebc19824fc
7	5907.w4lift-204625f89751.txt	5907.w4lift-82caf1ba27e5.txt	7dfddb482d3c
7	5907.w4lift-204625f89751.txt	5907.w4lift-846d5062c405.txt	885fe227bff6
7	5907.w4lift-204625f89751.txt	5907.w4lift-863de61b836a.txt	e491b3145c5e
7	5907.w4lift-204625f89751.txt	5907.w4lift-90338d0577bd.txt	3123e32f64ba
7	5907.w4lift-204625f89751.txt	5907.w4lift-97d2d8784e2f.txt	defc0816dfd5
7	5907.w4lift-204625f89751.txt	5907.w4lift-9b264f72a9b4.txt	44bac1587ba9
7	5907.w4lift-204625f89751.txt	5907.w4lift-a82143024d2d.txt	833239f93d60
7	5907.w4lift-204625f89751.txt	5907.w4lift-ae6af3254cbe.txt	1e48e92e2bca
7	5907.w4lift-204625f89751.txt	5907.w4lift-af7c897a8903.txt	f489418a0205
7	5907.w4lift-204625f89751.txt	5907.w4lift-b2702baa553d.txt	2e62188e3c8b
7	5907.w4lift-204625f89751.txt	5907.w4lift-b2702baa553d.txt	48f9270682d9
7	5907.w4lift-204625f89751.txt	5907.w4lift-c5ee76734b4d.txt	d3143f1b84ab
7	5907.w4lift-204625f89751.txt	5907.w4lift-c8c5110de4f9.txt	2dcd6251565a
7	5907.w4lift-204625f89751.txt	5907.w4lift-cba9917bd593.txt	a8af7d1d0d1f
7	5907.w4lift-204625f89751.txt	5907.w4lift-d09cda89e063.txt	f491e3e4a3c1
7	5907.w4lift-204625f89751.txt	5907.w4lift-d742e5e60c6f.txt	1a06d1157530
7	5907.w4lift-204625f89751.txt	5907.w4lift-d946605e111b.txt	3ec33775c7bd
7	5907.w4lift-204625f89751.txt	5907.w4lift-dbf70f871210.txt	e2381e7cebff
7	5907.w4lift-204625f89751.txt	5907.w4lift-dff914259b29.txt	b4dfc6692083
7	5907.w4lift-204625f89751.txt	5907.w4lift-e0fb9d13de61.txt	429db3717944
7	5907.w4lift-204625f89751.txt	5907.w4lift-e0fb9d13de61.txt	b081b754d26e
7	5907.w4lift-204625f89751.txt	5907.w4lift-e7ee0cc9c017.txt	27becabec391
7	5907.w4lift-204625f89751.txt	5907.w4lift-eb9a0d99f5fb.txt	1fbf82fb2187
7	5907.w4lift-204625f89751.txt	5907.w4lift-f18f663f4c81.txt	ab88abce72ba
7	5907.w4lift-204625f89751.txt	5907.w4lift-f2708ef02d1a.txt	162b937cfcd8
7	5907.w4lift-204625f89751.txt	5907.w4lift-fb688ec5c017.txt	ab88abce72ba
7	5907.w4lift-208b728dbc49.txt	5907.w4lift-04c898c73c62.txt	ab88abce72ba
7	5907.w4lift-208b728dbc49.txt	5907.w4lift-06b66ef7470f.txt	2e62188e3c8b
7	5907.w4lift-208b728dbc49.txt	5907.w4lift-06b66ef7470f.txt	48f9270682d9
7	5907.w4lift-208b728dbc49.txt	5907.w4lift-08210f1c16a0.txt	1e48e92e2bca
7	5907.w4lift-208b728dbc49.txt	5907.w4lift-097d01eaddb9.txt	d24f63edf5b4
7	5907.w4lift-208b728dbc49.txt	5907.w4lift-0fc17b401159.txt	19e1c21182bd
7	5907.w4lift-208b728dbc49.txt	5907.w4lift-177bb009e3ce.txt	ab88abce72ba
7	5907.w4lift-208b728dbc49.txt	5907.w4lift-1da61b5817e6.txt	a50ba88437d8
7	5907.w4lift-208b728dbc49.txt	5907.w4lift-1e59b13c7cc0.txt	5ff76078c599
7	5907.w4lift-208b728dbc49.txt	5907.w4lift-231c44b74cdf.txt	8821c9761a3f
7	5907.w4lift-208b728dbc49.txt	5907.w4lift-2344c04ea5dd.txt	aa54b27dcfe9
7	5907.w4lift-208b728dbc49.txt	5907.w4lift-319dff1ab25a.txt	f491e3e4a3c1
7	5907.w4lift-208b728dbc49.txt	5907.w4lift-386272df4871.txt	dbb15d86868a
7	5907.w4lift-208b728dbc49.txt	5907.w4lift-3d4579051d3f.txt	2e62188e3c8b
7	5907.w4lift-208b728dbc49.txt	5907.w4lift-3d4579051d3f.txt	48f9270682d9
7	5907.w4lift-208b728dbc49.txt	5907.w4lift-40dae53e6185.txt	ab88abce72ba
7	5907.w4lift-208b728dbc49.txt	5907.w4lift-430092f5780f.txt	d4ec6aadbefe
7	5907.w4lift-208b728dbc49.txt	5907.w4lift-473fc5e1c91e.txt	defc0816dfd5
7	5907.w4lift-208b728dbc49.txt	5907.w4lift-4cb3167d35ed.txt	885fe227bff6
7	5907.w4lift-208b728dbc49.txt	5907.w4lift-55201236e530.txt	7e00c873941d
7	5907.w4lift-208b728dbc49.txt	5907.w4lift-5742f21eca2d.txt	3123e32f64ba
7	5907.w4lift-208b728dbc49.txt	5907.w4lift-5f95afa2454b.txt	1fbf82fb2187
7	5907.w4lift-208b728dbc49.txt	5907.w4lift-6e6b2c468f32.txt	01ebc19824fc
7	5907.w4lift-208b728dbc49.txt	5907.w4lift-846d5062c405.txt	1a06d1157530
7	5907.w4lift-208b728dbc49.txt	5907.w4lift-88a61c377b0a.txt	ab88abce72ba
7	5907.w4lift-208b728dbc49.txt	5907.w4lift-8a8b72923703.txt	ab88abce72ba
7	5907.w4lift-208b728dbc49.txt	5907.w4lift-90338d0577bd.txt	b4dfc6692083
7	5907.w4lift-208b728dbc49.txt	5907.w4lift-97d2d8784e2f.txt	833239f93d60
7	5907.w4lift-208b728dbc49.txt	5907.w4lift-9b4bc5700c90.txt	6a51a52b89c4
7	5907.w4lift-208b728dbc49.txt	5907.w4lift-a6df35bc4b74.txt	d3143f1b84ab
7	5907.w4lift-208b728dbc49.txt	5907.w4lift-b2702baa553d.txt	e491b3145c5e
7	5907.w4lift-208b728dbc49.txt	5907.w4lift-b7a548d5f629.txt	847f96324af3
7	5907.w4lift-208b728dbc49.txt	5907.w4lift-c5ee76734b4d.txt	ab88abce72ba
7	5907.w4lift-208b728dbc49.txt	5907.w4lift-d09cda89e063.txt	7dfddb482d3c
7	5907.w4lift-208b728dbc49.txt	5907.w4lift-d155534ea2d4.txt	a8af7d1d0d1f
7	5907.w4lift-208b728dbc49.txt	5907.w4lift-d213b0754523.txt	fecd684a9442
7	5907.w4lift-208b728dbc49.txt	5907.w4lift-da24731c22eb.txt	8e3fa11cbde7
7	5907.w4lift-208b728dbc49.txt	5907.w4lift-df0078a194a0.txt	5581e578134b
7	5907.w4lift-208b728dbc49.txt	5907.w4lift-df0078a194a0.txt	d0a01a1ac47d
7	5907.w4lift-208b728dbc49.txt	5907.w4lift-e0fa39144639.txt	3ec33775c7bd
7	5907.w4lift-208b728dbc49.txt	5907.w4lift-e44f3ccf8ed4.txt	72397e2f680a
7	5907.w4lift-208b728dbc49.txt	5907.w4lift-ebfb75328150.txt	162b937cfcd8
7	5907.w4lift-208b728dbc49.txt	5907.w4lift-ec915ed4bfb3.txt	2dcd6251565a
7	5907.w4lift-208b728dbc49.txt	5907.w4lift-f75829b56545.txt	833239f93d60
7	5907.w4lift-208b728dbc49.txt	5907.w4lift-fc301bd873cb.txt	27becabec391
7	5907.w4lift-208b728dbc49.txt	5907.w4lift-fe39239f7468.txt	8373a022eef2
7	5907.w4lift-21c8ba249965.txt	5907.w4lift-0e8d65c99b5b.txt	28343f6d7386
7	5907.w4lift-21c8ba249965.txt	5907.w4lift-78ea814960f7.txt	ab88abce72ba
7	5907.w4lift-21c8ba249965.txt	5907.w4lift-798d73c7da27.txt	ab88abce72ba
7	5907.w4lift-21c8ba249965.txt	5907.w4lift-8ce70b7ef3d2.txt	51c13efc7a14
7	5907.w4lift-21c8ba249965.txt	5907.w4lift-a8df79730981.txt	9a1f3be55831
7	5907.w4lift-21c8ba249965.txt	5907.w4lift-a8df79730981.txt	af1df8c730b3
7	5907.w4lift-231c44b74cdf.txt	5907.w4lift-04c898c73c62.txt	ab88abce72ba
7	5907.w4lift-231c44b74cdf.txt	5907.w4lift-0531d212f9bb.txt	1fdef8fb9a0a
7	5907.w4lift-231c44b74cdf.txt	5907.w4lift-0709deed1cd4.txt	d4cb09a1314f
7	5907.w4lift-231c44b74cdf.txt	5907.w4lift-097d01eaddb9.txt	cb67e923a6ca
7	5907.w4lift-231c44b74cdf.txt	5907.w4lift-177bb009e3ce.txt	ab88abce72ba
7	5907.w4lift-231c44b74cdf.txt	5907.w4lift-1c7e3360c98f.txt	7dfddb482d3c
7	5907.w4lift-231c44b74cdf.txt	5907.w4lift-208b728dbc49.txt	d4ec6aadbefe
7	5907.w4lift-231c44b74cdf.txt	5907.w4lift-2914e81572fa.txt	aa54b27dcfe9
7	5907.w4lift-231c44b74cdf.txt	5907.w4lift-2f67f2643eeb.txt	72397e2f680a
7	5907.w4lift-231c44b74cdf.txt	5907.w4lift-3d4579051d3f.txt	5aceefba3b64
7	5907.w4lift-231c44b74cdf.txt	5907.w4lift-43a95823c4dc.txt	ab88abce72ba
7	5907.w4lift-231c44b74cdf.txt	5907.w4lift-45a4ff8466a7.txt	1fbf82fb2187
7	5907.w4lift-231c44b74cdf.txt	5907.w4lift-4614701d0920.txt	82d464ef22d6
7	5907.w4lift-231c44b74cdf.txt	5907.w4lift-473fc5e1c91e.txt	f66db8d87212
7	5907.w4lift-231c44b74cdf.txt	5907.w4lift-508210674d85.txt	be1ffc91f1cd
7	5907.w4lift-231c44b74cdf.txt	5907.w4lift-546a47a518b6.txt	2e62188e3c8b
7	5907.w4lift-231c44b74cdf.txt	5907.w4lift-546a47a518b6.txt	48f9270682d9
7	5907.w4lift-231c44b74cdf.txt	5907.w4lift-58984281bc50.txt	162b937cfcd8
7	5907.w4lift-231c44b74cdf.txt	5907.w4lift-5ffba5cc4529.txt	b4dfc6692083
7	5907.w4lift-231c44b74cdf.txt	5907.w4lift-676d0f91dd66.txt	e616c3f821ef
7	5907.w4lift-231c44b74cdf.txt	5907.w4lift-684436c46755.txt	99cf5c65dd47
7	5907.w4lift-231c44b74cdf.txt	5907.w4lift-6d19c9f1455d.txt	4428d2ecf001
7	5907.w4lift-231c44b74cdf.txt	5907.w4lift-71600a834959.txt	ead8943daa46
7	5907.w4lift-231c44b74cdf.txt	5907.w4lift-8a8b72923703.txt	7b5542740cec
7	5907.w4lift-231c44b74cdf.txt	5907.w4lift-97d2d8784e2f.txt	10d61a16c4f8
7	5907.w4lift-231c44b74cdf.txt	5907.w4lift-9b264f72a9b4.txt	956664d3c1bd
7	5907.w4lift-231c44b74cdf.txt	5907.w4lift-a6df35bc4b74.txt	833239f93d60
7	5907.w4lift-231c44b74cdf.txt	5907.w4lift-ae6af3254cbe.txt	27db135a20ba
7	5907.w4lift-231c44b74cdf.txt	5907.w4lift-b18d3ecda2e7.txt	01ebc19824fc
7	5907.w4lift-231c44b74cdf.txt	5907.w4lift-b2702baa553d.txt	396fe6d979c3
7	5907.w4lift-231c44b74cdf.txt	5907.w4lift-b7a548d5f629.txt	ab88abce72ba
7	5907.w4lift-231c44b74cdf.txt	5907.w4lift-bd154fbbf435.txt	c2def9f0e515
7	5907.w4lift-231c44b74cdf.txt	5907.w4lift-c5ee76734b4d.txt	ba9ea1eefc0d
7	5907.w4lift-231c44b74cdf.txt	5907.w4lift-cb7d99c78307.txt	62a74ce65faa
7	5907.w4lift-231c44b74cdf.txt	5907.w4lift-cb7d99c78307.txt	b13177991e02
7	5907.w4lift-231c44b74cdf.txt	5907.w4lift-d946605e111b.txt	b90b8c0dcceb
7	5907.w4lift-231c44b74cdf.txt	5907.w4lift-dbf70f871210.txt	46267e810eac
7	5907.w4lift-231c44b74cdf.txt	5907.w4lift-dcd0ec0a1fc5.txt	27becabec391
7	5907.w4lift-231c44b74cdf.txt	5907.w4lift-dd24a1fe19b2.txt	3c4631c5867a
7	5907.w4lift-231c44b74cdf.txt	5907.w4lift-dd250dd876cd.txt	d4ec6aadbefe
7	5907.w4lift-231c44b74cdf.txt	5907.w4lift-df0078a194a0.txt	62a74ce65faa
7	5907.w4lift-231c44b74cdf.txt	5907.w4lift-df0078a194a0.txt	b13177991e02
7	5907.w4lift-231c44b74cdf.txt	5907.w4lift-e768827496d4.txt	1a06d1157530
7	5907.w4lift-231c44b74cdf.txt	5907.w4lift-e96c05b05fe9.txt	41dfe21e6c1c
7	5907.w4lift-231c44b74cdf.txt	5907.w4lift-ec915ed4bfb3.txt	ab88abce72ba
7	5907.w4lift-231c44b74cdf.txt	5907.w4lift-ef0f8852bf9b.txt	ab88abce72ba
7	5907.w4lift-231c44b74cdf.txt	5907.w4lift-f6b8b0e6314c.txt	7b5542740cec
7	5907.w4lift-231c44b74cdf.txt	5907.w4lift-f859791b1e8e.txt	435e181a3f3c
7	5907.w4lift-231c44b74cdf.txt	5907.w4lift-f9f8e9513c54.txt	2dd7827e5108
7	5907.w4lift-231c44b74cdf.txt	5907.w4lift-faafae8fcdaa.txt	a8af7d1d0d1f
7	5907.w4lift-231c44b74cdf.txt	5907.w4lift-fe39239f7468.txt	0d491f159886
7	5907.w4lift-2344c04ea5dd.txt	5907.w4lift-06b66ef7470f.txt	ab88abce72ba
7	5907.w4lift-2344c04ea5dd.txt	5907.w4lift-0dff9daccaa8.txt	2e62188e3c8b
7	5907.w4lift-2344c04ea5dd.txt	5907.w4lift-0dff9daccaa8.txt	48f9270682d9
7	5907.w4lift-2344c04ea5dd.txt	5907.w4lift-177bb009e3ce.txt	e7dc2a75bdd1
7	5907.w4lift-2344c04ea5dd.txt	5907.w4lift-1da61b5817e6.txt	ab88abce72ba
7	5907.w4lift-2344c04ea5dd.txt	5907.w4lift-1e59b13c7cc0.txt	e1065cfc01db
7	5907.w4lift-2344c04ea5dd.txt	5907.w4lift-204625f89751.txt	d24f63edf5b4
7	5907.w4lift-2344c04ea5dd.txt	5907.w4lift-208b728dbc49.txt	847f96324af3
7	5907.w4lift-2344c04ea5dd.txt	5907.w4lift-2914e81572fa.txt	8821c9761a3f
7	5907.w4lift-2344c04ea5dd.txt	5907.w4lift-3359ccc27832.txt	e616c3f821ef
7	5907.w4lift-2344c04ea5dd.txt	5907.w4lift-40dae53e6185.txt	d24f63edf5b4
7	5907.w4lift-2344c04ea5dd.txt	5907.w4lift-430092f5780f.txt	ab88abce72ba
7	5907.w4lift-2344c04ea5dd.txt	5907.w4lift-546a47a518b6.txt	45e1abda4c12
7	5907.w4lift-2344c04ea5dd.txt	5907.w4lift-55201236e530.txt	3a3b52457923
7	5907.w4lift-2344c04ea5dd.txt	5907.w4lift-644e04797cd3.txt	ab88abce72ba
7	5907.w4lift-2344c04ea5dd.txt	5907.w4lift-69ed3f34a123.txt	847f96324af3
7	5907.w4lift-2344c04ea5dd.txt	5907.w4lift-88a61c377b0a.txt	8821c9761a3f
7	5907.w4lift-2344c04ea5dd.txt	5907.w4lift-8a8b72923703.txt	2e62188e3c8b
7	5907.w4lift-2344c04ea5dd.txt	5907.w4lift-8a8b72923703.txt	48f9270682d9
7	5907.w4lift-2344c04ea5dd.txt	5907.w4lift-9b264f72a9b4.txt	ab88abce72ba
7	5907.w4lift-2344c04ea5dd.txt	5907.w4lift-af7c897a8903.txt	6e21f7e985fe
7	5907.w4lift-2344c04ea5dd.txt	5907.w4lift-d213b0754523.txt	e616c3f821ef
7	5907.w4lift-2344c04ea5dd.txt	5907.w4lift-da24731c22eb.txt	429db3717944
7	5907.w4lift-2344c04ea5dd.txt	5907.w4lift-da24731c22eb.txt	b081b754d26e
7	5907.w4lift-2344c04ea5dd.txt	5907.w4lift-dbf70f871210.txt	429db3717944
7	5907.w4lift-2344c04ea5dd.txt	5907.w4lift-dbf70f871210.txt	b081b754d26e
7	5907.w4lift-2344c04ea5dd.txt	5907.w4lift-df0078a194a0.txt	6e21f7e985fe
7	5907.w4lift-2344c04ea5dd.txt	5907.w4lift-e0fb9d13de61.txt	e7dc2a75bdd1
7	5907.w4lift-2344c04ea5dd.txt	5907.w4lift-e44f3ccf8ed4.txt	ab88abce72ba
7	5907.w4lift-2344c04ea5dd.txt	5907.w4lift-f18f663f4c81.txt	e1065cfc01db
7	5907.w4lift-2344c04ea5dd.txt	5907.w4lift-f75829b56545.txt	45e1abda4c12
7	5907.w4lift-24c25be13033.txt	5907.w4lift-12b9a795ea21.txt	6c91c41eaa3d
7	5907.w4lift-24c25be13033.txt	5907.w4lift-29f9231d6ec6.txt	ab88abce72ba
7	5907.w4lift-24c25be13033.txt	5907.w4lift-315604e8b5c3.txt	74d503e42116
7	5907.w4lift-24c25be13033.txt	5907.w4lift-315604e8b5c3.txt	fb50a523fce2
7	5907.w4lift-24c25be13033.txt	5907.w4lift-46c29e5bc2a7.txt	02397927f53b
7	5907.w4lift-24c25be13033.txt	5907.w4lift-46c29e5bc2a7.txt	725677205daf
7	5907.w4lift-24c25be13033.txt	5907.w4lift-5354b11bcbe4.txt	4c6e579a7560
7	5907.w4lift-24c25be13033.txt	5907.w4lift-5354b11bcbe4.txt	72d376c5571d
7	5907.w4lift-24c25be13033.txt	5907.w4lift-5768a023152f.txt	b17264f2772b
7	5907.w4lift-24c25be13033.txt	5907.w4lift-65205c870bb9.txt	86d05ce43f33
7	5907.w4lift-24c25be13033.txt	5907.w4lift-912d954b3cbb.txt	ab88abce72ba
7	5907.w4lift-24c25be13033.txt	5907.w4lift-9dad34a0c58a.txt	ab88abce72ba
7	5907.w4lift-24c25be13033.txt	5907.w4lift-e06bb85d02bc.txt	ab88abce72ba
7	5907.w4lift-24c25be13033.txt	5907.w4lift-e3a439aa39b6.txt	e2a2c6dd2c41
7	5907.w4lift-24c25be13033.txt	5907.w4lift-fbabcbfdfb74.txt	28e415dd7f02
7	5907.w4lift-24c25be13033.txt	5907.w4lift-fbabcbfdfb74.txt	c26c151d9d54
7	5907.w4lift-24c96c5696c8.txt	5907.w4lift-4ad8fd5ffc98.txt	105e326bc51e
7	5907.w4lift-24c96c5696c8.txt	5907.w4lift-71e2791cb656.txt	ab88abce72ba
7	5907.w4lift-24c96c5696c8.txt	5907.w4lift-99620be6e382.txt	a23d031fbcd3
7	5907.w4lift-24c96c5696c8.txt	5907.w4lift-abbf0b83f5f2.txt	a23d031fbcd3
7	5907.w4lift-24c96c5696c8.txt	5907.w4lift-b98356445406.txt	ab88abce72ba
7	5907.w4lift-24c96c5696c8.txt	5907.w4lift-fc567658fc77.txt	a31aaa6bc575
7	5907.w4lift-283417bf9ebe.txt	5907.w4lift-99bffbb3f20d.txt	ab88abce72ba
7	5907.w4lift-283417bf9ebe.txt	5907.w4lift-acbfa8ecd5d2.txt	4004c6042131
7	5907.w4lift-283417bf9ebe.txt	5907.w4lift-acbfa8ecd5d2.txt	9233133e9c39
7	5907.w4lift-2914e81572fa.txt	5907.w4lift-04c898c73c62.txt	d3143f1b84ab
7	5907.w4lift-2914e81572fa.txt	5907.w4lift-06b66ef7470f.txt	fecd684a9442
7	5907.w4lift-2914e81572fa.txt	5907.w4lift-0dff9daccaa8.txt	5aceefba3b64
7	5907.w4lift-2914e81572fa.txt	5907.w4lift-1da61b5817e6.txt	ab88abce72ba
7	5907.w4lift-2914e81572fa.txt	5907.w4lift-204625f89751.txt	cb67e923a6ca
7	5907.w4lift-2914e81572fa.txt	5907.w4lift-231c44b74cdf.txt	847f96324af3
7	5907.w4lift-2914e81572fa.txt	5907.w4lift-2344c04ea5dd.txt	d4ec6aadbefe
7	5907.w4lift-2914e81572fa.txt	5907.w4lift-2f67f2643eeb.txt	ab88abce72ba
7	5907.w4lift-2914e81572fa.txt	5907.w4lift-3359ccc27832.txt	f6d440e96d8c
7	5907.w4lift-2914e81572fa.txt	5907.w4lift-43a95823c4dc.txt	d24f63edf5b4
7	5907.w4lift-2914e81572fa.txt	5907.w4lift-546a47a518b6.txt	ab88abce72ba
7	5907.w4lift-2914e81572fa.txt	5907.w4lift-55201236e530.txt	5ff76078c599
7	5907.w4lift-2914e81572fa.txt	5907.w4lift-644e04797cd3.txt	ba9ea1eefc0d
7	5907.w4lift-2914e81572fa.txt	5907.w4lift-676d0f91dd66.txt	2dcd6251565a
7	5907.w4lift-2914e81572fa.txt	5907.w4lift-69ed3f34a123.txt	ab88abce72ba
7	5907.w4lift-2914e81572fa.txt	5907.w4lift-9b264f72a9b4.txt	ab88abce72ba
7	5907.w4lift-2914e81572fa.txt	5907.w4lift-af7c897a8903.txt	b7bc7337f220
7	5907.w4lift-2914e81572fa.txt	5907.w4lift-cb7d99c78307.txt	e491b3145c5e
7	5907.w4lift-2914e81572fa.txt	5907.w4lift-dbf70f871210.txt	5581e578134b
7	5907.w4lift-2914e81572fa.txt	5907.w4lift-dbf70f871210.txt	d0a01a1ac47d
7	5907.w4lift-2914e81572fa.txt	5907.w4lift-dd24a1fe19b2.txt	8373a022eef2
7	5907.w4lift-2914e81572fa.txt	5907.w4lift-dd250dd876cd.txt	ab88abce72ba
7	5907.w4lift-2914e81572fa.txt	5907.w4lift-e0fb9d13de61.txt	e616c3f821ef
7	5907.w4lift-2914e81572fa.txt	5907.w4lift-ec915ed4bfb3.txt	2e62188e3c8b
7	5907.w4lift-2914e81572fa.txt	5907.w4lift-ec915ed4bfb3.txt	48f9270682d9
7	5907.w4lift-2914e81572fa.txt	5907.w4lift-ef0f8852bf9b.txt	8821c9761a3f
7	5907.w4lift-2914e81572fa.txt	5907.w4lift-f18f663f4c81.txt	d1acfe46465f
7	5907.w4lift-2914e81572fa.txt	5907.w4lift-f6b8b0e6314c.txt	833239f93d60
7	5907.w4lift-2914e81572fa.txt	5907.w4lift-fe39239f7468.txt	defc0816dfd5
7	5907.w4lift-29f9231d6ec6.txt	5907.w4lift-12b9a795ea21.txt	2385661fb60e
7	5907.w4lift-29f9231d6ec6.txt	5907.w4lift-12b9a795ea21.txt	ceaf9e8f25f1
7	5907.w4lift-29f9231d6ec6.txt	5907.w4lift-24c25be13033.txt	ab88abce72ba
7	5907.w4lift-29f9231d6ec6.txt	5907.w4lift-315604e8b5c3.txt	ab88abce72ba
7	5907.w4lift-29f9231d6ec6.txt	5907.w4lift-3dfbf9f5e16c.txt	6c91c41eaa3d
7	5907.w4lift-29f9231d6ec6.txt	5907.w4lift-46c29e5bc2a7.txt	6d77557bf8f2
7	5907.w4lift-29f9231d6ec6.txt	5907.w4lift-46c29e5bc2a7.txt	f67057a04d42
7	5907.w4lift-29f9231d6ec6.txt	5907.w4lift-5354b11bcbe4.txt	ab88abce72ba
7	5907.w4lift-29f9231d6ec6.txt	5907.w4lift-5768a023152f.txt	28e415dd7f02
7	5907.w4lift-29f9231d6ec6.txt	5907.w4lift-5768a023152f.txt	c26c151d9d54
7	5907.w4lift-29f9231d6ec6.txt	5907.w4lift-912d954b3cbb.txt	de09595a70f4
7	5907.w4lift-29f9231d6ec6.txt	5907.w4lift-9b8f53ec761e.txt	86d05ce43f33
7	5907.w4lift-29f9231d6ec6.txt	5907.w4lift-9ca41b2682df.txt	02397927f53b
7	5907.w4lift-29f9231d6ec6.txt	5907.w4lift-9ca41b2682df.txt	725677205daf
7	5907.w4lift-29f9231d6ec6.txt	5907.w4lift-9dad34a0c58a.txt	2c806c1bf6e3
7	5907.w4lift-29f9231d6ec6.txt	5907.w4lift-e06bb85d02bc.txt	a5214c898b1c
7	5907.w4lift-29f9231d6ec6.txt	5907.w4lift-e06bb85d02bc.txt	f3530a9a4032
7	5907.w4lift-29f9231d6ec6.txt	5907.w4lift-e3a439aa39b6.txt	ab88abce72ba
7	5907.w4lift-29f9231d6ec6.txt	5907.w4lift-fbabcbfdfb74.txt	427f0cd25687
7	5907.w4lift-2f67f2643eeb.txt	5907.w4lift-04c898c73c62.txt	e491b3145c5e
7	5907.w4lift-2f67f2643eeb.txt	5907.w4lift-169e64bca870.txt	b7bc7337f220
7	5907.w4lift-2f67f2643eeb.txt	5907.w4lift-1ba050a47f0b.txt	d1acfe46465f
7	5907.w4lift-2f67f2643eeb.txt	5907.w4lift-231c44b74cdf.txt	d24f63edf5b4
7	5907.w4lift-2f67f2643eeb.txt	5907.w4lift-2914e81572fa.txt	ab88abce72ba
7	5907.w4lift-2f67f2643eeb.txt	5907.w4lift-43a95823c4dc.txt	ecad0e65a5d2
7	5907.w4lift-2f67f2643eeb.txt	5907.w4lift-4ab0903ef5f4.txt	ba9ea1eefc0d
7	5907.w4lift-2f67f2643eeb.txt	5907.w4lift-546a47a518b6.txt	746b5fef63fc
7	5907.w4lift-2f67f2643eeb.txt	5907.w4lift-580a6b2415c2.txt	5aceefba3b64
7	5907.w4lift-2f67f2643eeb.txt	5907.w4lift-676d0f91dd66.txt	5581e578134b
7	5907.w4lift-2f67f2643eeb.txt	5907.w4lift-676d0f91dd66.txt	d0a01a1ac47d
7	5907.w4lift-2f67f2643eeb.txt	5907.w4lift-88a61c377b0a.txt	fecd684a9442
7	5907.w4lift-2f67f2643eeb.txt	5907.w4lift-9b264f72a9b4.txt	62a74ce65faa
7	5907.w4lift-2f67f2643eeb.txt	5907.w4lift-9b264f72a9b4.txt	b13177991e02
7	5907.w4lift-2f67f2643eeb.txt	5907.w4lift-b66c35732a00.txt	e616c3f821ef
7	5907.w4lift-2f67f2643eeb.txt	5907.w4lift-b91f5e2f34a2.txt	ab88abce72ba
7	5907.w4lift-2f67f2643eeb.txt	5907.w4lift-c8c5110de4f9.txt	f6d440e96d8c
7	5907.w4lift-2f67f2643eeb.txt	5907.w4lift-cb7d99c78307.txt	90ec4efba5a6
7	5907.w4lift-2f67f2643eeb.txt	5907.w4lift-da24731c22eb.txt	ab88abce72ba
7	5907.w4lift-2f67f2643eeb.txt	5907.w4lift-dbf70f871210.txt	156e559f9324
7	5907.w4lift-2f67f2643eeb.txt	5907.w4lift-dd24a1fe19b2.txt	ab88abce72ba
7	5907.w4lift-2f67f2643eeb.txt	5907.w4lift-dd250dd876cd.txt	cb67e923a6ca
7	5907.w4lift-2f67f2643eeb.txt	5907.w4lift-e44f3ccf8ed4.txt	d4ec6aadbefe
7	5907.w4lift-2f67f2643eeb.txt	5907.w4lift-ec915ed4bfb3.txt	ab88abce72ba
7	5907.w4lift-2f67f2643eeb.txt	5907.w4lift-ef0f8852bf9b.txt	ab88abce72ba
7	5907.w4lift-2f67f2643eeb.txt	5907.w4lift-f6b8b0e6314c.txt	396fe6d979c3
7	5907.w4lift-2f67f2643eeb.txt	5907.w4lift-f75829b56545.txt	5ff76078c599
7	5907.w4lift-2f67f2643eeb.txt	5907.w4lift-fb688ec5c017.txt	cb67e923a6ca
7	5907.w4lift-2f67f2643eeb.txt	5907.w4lift-fe39239f7468.txt	833239f93d60
7	5907.w4lift-315604e8b5c3.txt	5907.w4lift-12b9a795ea21.txt	2c806c1bf6e3
7	5907.w4lift-315604e8b5c3.txt	5907.w4lift-24c25be13033.txt	02397927f53b
7	5907.w4lift-315604e8b5c3.txt	5907.w4lift-24c25be13033.txt	725677205daf
7	5907.w4lift-315604e8b5c3.txt	5907.w4lift-29f9231d6ec6.txt	ab88abce72ba
7	5907.w4lift-315604e8b5c3.txt	5907.w4lift-3dfbf9f5e16c.txt	ab88abce72ba
7	5907.w4lift-315604e8b5c3.txt	5907.w4lift-46c29e5bc2a7.txt	9dcb6b39580e
7	5907.w4lift-315604e8b5c3.txt	5907.w4lift-5354b11bcbe4.txt	de09595a70f4
7	5907.w4lift-315604e8b5c3.txt	5907.w4lift-5768a023152f.txt	ab88abce72ba
7	5907.w4lift-315604e8b5c3.txt	5907.w4lift-65205c870bb9.txt	6d77557bf8f2
7	5907.w4lift-315604e8b5c3.txt	5907.w4lift-65205c870bb9.txt	f67057a04d42
7	5907.w4lift-315604e8b5c3.txt	5907.w4lift-912d954b3cbb.txt	3b998b76d7fd
7	5907.w4lift-315604e8b5c3.txt	5907.w4lift-912d954b3cbb.txt	aca056ea4c48
7	5907.w4lift-315604e8b5c3.txt	5907.w4lift-9b8f53ec761e.txt	02397927f53b
7	5907.w4lift-315604e8b5c3.txt	5907.w4lift-9b8f53ec761e.txt	725677205daf
7	5907.w4lift-315604e8b5c3.txt	5907.w4lift-9ca41b2682df.txt	3b998b76d7fd
7	5907.w4lift-315604e8b5c3.txt	5907.w4lift-9ca41b2682df.txt	aca056ea4c48
7	5907.w4lift-315604e8b5c3.txt	5907.w4lift-9dad34a0c58a.txt	6d77557bf8f2
7	5907.w4lift-315604e8b5c3.txt	5907.w4lift-9dad34a0c58a.txt	f67057a04d42
7	5907.w4lift-315604e8b5c3.txt	5907.w4lift-e06bb85d02bc.txt	ab88abce72ba
7	5907.w4lift-315604e8b5c3.txt	5907.w4lift-e3a439aa39b6.txt	eb70d1e95c8b
7	5907.w4lift-315604e8b5c3.txt	5907.w4lift-fbabcbfdfb74.txt	de09595a70f4
7	5907.w4lift-319dff1ab25a.txt	5907.w4lift-04c898c73c62.txt	a32416d5301e
7	5907.w4lift-319dff1ab25a.txt	5907.w4lift-08210f1c16a0.txt	f87b924fc4aa
7	5907.w4lift-319dff1ab25a.txt	5907.w4lift-0dff9daccaa8.txt	6e38383cfc72
7	5907.w4lift-319dff1ab25a.txt	5907.w4lift-0fc17b401159.txt	ab88abce72ba
7	5907.w4lift-319dff1ab25a.txt	5907.w4lift-1c7e3360c98f.txt	ab88abce72ba
7	5907.w4lift-319dff1ab25a.txt	5907.w4lift-208b728dbc49.txt	0f5ed4ca9093
7	5907.w4lift-319dff1ab25a.txt	5907.w4lift-386272df4871.txt	df712ba91fb7
7	5907.w4lift-319dff1ab25a.txt	5907.w4lift-3d4579051d3f.txt	b3e25e414908
7	5907.w4lift-319dff1ab25a.txt	5907.w4lift-473fc5e1c91e.txt	781dcd7d819f
7	5907.w4lift-319dff1ab25a.txt	5907.w4lift-4a5b17090e74.txt	746b5fef63fc
7	5907.w4lift-319dff1ab25a.txt	5907.w4lift-4cb3167d35ed.txt	7c2769543fc5
7	5907.w4lift-319dff1ab25a.txt	5907.w4lift-4d47295ca519.txt	c8a9fa3f5fe4
7	5907.w4lift-319dff1ab25a.txt	5907.w4lift-508210674d85.txt	746b5fef63fc
7	5907.w4lift-319dff1ab25a.txt	5907.w4lift-5742f21eca2d.txt	ab88abce72ba
7	5907.w4lift-319dff1ab25a.txt	5907.w4lift-580a6b2415c2.txt	02eb9e2292e4
7	5907.w4lift-319dff1ab25a.txt	5907.w4lift-5f95afa2454b.txt	d58953d08832
7	5907.w4lift-319dff1ab25a.txt	5907.w4lift-5ffba5cc4529.txt	f87b924fc4aa
7	5907.w4lift-319dff1ab25a.txt	5907.w4lift-69ed3f34a123.txt	0f5ed4ca9093
7	5907.w4lift-319dff1ab25a.txt	5907.w4lift-6e6b2c468f32.txt	f4276d62e543
7	5907.w4lift-319dff1ab25a.txt	5907.w4lift-6e905a492084.txt	ab88abce72ba
7	5907.w4lift-319dff1ab25a.txt	5907.w4lift-80c95286cd7c.txt	f4276d62e543
7	5907.w4lift-319dff1ab25a.txt	5907.w4lift-846d5062c405.txt	4bf7e3748717
7	5907.w4lift-319dff1ab25a.txt	5907.w4lift-8a8b72923703.txt	6e38383cfc72
7	5907.w4lift-319dff1ab25a.txt	5907.w4lift-8e5ca0ef018c.txt	5ff76078c599
7	5907.w4lift-319dff1ab25a.txt	5907.w4lift-90338d0577bd.txt	4f671bc3d3f3
7	5907.w4lift-319dff1ab25a.txt	5907.w4lift-97d2d8784e2f.txt	dc2afaae0ced
7	5907.w4lift-319dff1ab25a.txt	5907.w4lift-9b4bc5700c90.txt	ab88abce72ba
7	5907.w4lift-319dff1ab25a.txt	5907.w4lift-a6df35bc4b74.txt	b3e25e414908
7	5907.w4lift-319dff1ab25a.txt	5907.w4lift-b18d3ecda2e7.txt	0df6c6a90182
7	5907.w4lift-319dff1ab25a.txt	5907.w4lift-b4e57551e32a.txt	4bf7e3748717
7	5907.w4lift-319dff1ab25a.txt	5907.w4lift-b91f5e2f34a2.txt	a32416d5301e
7	5907.w4lift-319dff1ab25a.txt	5907.w4lift-bca46e18f77b.txt	4ad13835a281
7	5907.w4lift-319dff1ab25a.txt	5907.w4lift-bd154fbbf435.txt	36706f4e334b
7	5907.w4lift-319dff1ab25a.txt	5907.w4lift-c5ee76734b4d.txt	96bae6feab65
7	5907.w4lift-319dff1ab25a.txt	5907.w4lift-caeaa9e5ac42.txt	4f671bc3d3f3
7	5907.w4lift-319dff1ab25a.txt	5907.w4lift-d09cda89e063.txt	ab88abce72ba
7	5907.w4lift-319dff1ab25a.txt	5907.w4lift-d155534ea2d4.txt	5ff76078c599
7	5907.w4lift-319dff1ab25a.txt	5907.w4lift-e0368a011e8c.txt	36706f4e334b
7	5907.w4lift-319dff1ab25a.txt	5907.w4lift-e04faca1c06c.txt	dc2afaae0ced
7	5907.w4lift-319dff1ab25a.txt	5907.w4lift-e0fa39144639.txt	0df6c6a90182
7	5907.w4lift-319dff1ab25a.txt	5907.w4lift-e2841ecca038.txt	96bae6feab65
7	5907.w4lift-319dff1ab25a.txt	5907.w4lift-e768827496d4.txt	df712ba91fb7
7	5907.w4lift-319dff1ab25a.txt	5907.w4lift-ebfb75328150.txt	c8a9fa3f5fe4
7	5907.w4lift-319dff1ab25a.txt	5907.w4lift-faafae8fcdaa.txt	3a3b52457923
7	5907.w4lift-319dff1ab25a.txt	5907.w4lift-fc301bd873cb.txt	4ad13835a281
7	5907.w4lift-319dff1ab25a.txt	5907.w4lift-fc7d7045a431.txt	d58953d08832
7	5907.w4lift-319dff1ab25a.txt	5907.w4lift-fe39239f7468.txt	02eb9e2292e4
7	5907.w4lift-3305c123721e.txt	5907.w4lift-8ce32647dce1.txt	51c13efc7a14
7	5907.w4lift-3305c123721e.txt	5907.w4lift-da1a5fd24d89.txt	9a1f3be55831
7	5907.w4lift-3305c123721e.txt	5907.w4lift-da1a5fd24d89.txt	af1df8c730b3
7	5907.w4lift-3359ccc27832.txt	5907.w4lift-06b66ef7470f.txt	ab88abce72ba
7	5907.w4lift-3359ccc27832.txt	5907.w4lift-097d01eaddb9.txt	6e21f7e985fe
7	5907.w4lift-3359ccc27832.txt	5907.w4lift-0dff9daccaa8.txt	8373a022eef2
7	5907.w4lift-3359ccc27832.txt	5907.w4lift-1ba050a47f0b.txt	429db3717944
7	5907.w4lift-3359ccc27832.txt	5907.w4lift-1ba050a47f0b.txt	b081b754d26e
7	5907.w4lift-3359ccc27832.txt	5907.w4lift-1da61b5817e6.txt	fa53bebb0c07
7	5907.w4lift-3359ccc27832.txt	5907.w4lift-204625f89751.txt	5581e578134b
7	5907.w4lift-3359ccc27832.txt	5907.w4lift-204625f89751.txt	d0a01a1ac47d
7	5907.w4lift-3359ccc27832.txt	5907.w4lift-2344c04ea5dd.txt	e616c3f821ef
7	5907.w4lift-3359ccc27832.txt	5907.w4lift-2914e81572fa.txt	399bec1eb082
7	5907.w4lift-3359ccc27832.txt	5907.w4lift-3580a08a5c73.txt	e616c3f821ef
7	5907.w4lift-3359ccc27832.txt	5907.w4lift-3ce63a53cf1a.txt	162b937cfcd8
7	5907.w4lift-3359ccc27832.txt	5907.w4lift-4614701d0920.txt	0ce7fb1aec46
7	5907.w4lift-3359ccc27832.txt	5907.w4lift-4ab0903ef5f4.txt	cf88f66916d6
7	5907.w4lift-3359ccc27832.txt	5907.w4lift-53542138d1b5.txt	c89c9cf370a2
7	5907.w4lift-3359ccc27832.txt	5907.w4lift-540198536578.txt	bb0325078ded
7	5907.w4lift-3359ccc27832.txt	5907.w4lift-546a47a518b6.txt	29acfe26c3eb
7	5907.w4lift-3359ccc27832.txt	5907.w4lift-55201236e530.txt	ada84d0153fa
7	5907.w4lift-3359ccc27832.txt	5907.w4lift-5f95afa2454b.txt	3ec33775c7bd
7	5907.w4lift-3359ccc27832.txt	5907.w4lift-644e04797cd3.txt	ab88abce72ba
7	5907.w4lift-3359ccc27832.txt	5907.w4lift-65fb95f576e7.txt	959edf9574a8
7	5907.w4lift-3359ccc27832.txt	5907.w4lift-684436c46755.txt	bcf19a50a353
7	5907.w4lift-3359ccc27832.txt	5907.w4lift-69ed3f34a123.txt	2dcd6251565a
7	5907.w4lift-3359ccc27832.txt	5907.w4lift-6ec79809fccc.txt	b7bc7337f220
7	5907.w4lift-3359ccc27832.txt	5907.w4lift-863de61b836a.txt	ab88abce72ba
7	5907.w4lift-3359ccc27832.txt	5907.w4lift-86a03197440a.txt	a970d6913215
7	5907.w4lift-3359ccc27832.txt	5907.w4lift-8824a6971c2e.txt	ac42fcb14bfc
7	5907.w4lift-3359ccc27832.txt	5907.w4lift-97d2d8784e2f.txt	0639dfc60058
7	5907.w4lift-3359ccc27832.txt	5907.w4lift-9b264f72a9b4.txt	032dbf0d777a
7	5907.w4lift-3359ccc27832.txt	5907.w4lift-a7bbb73953d8.txt	c50b4b5b313f
7	5907.w4lift-3359ccc27832.txt	5907.w4lift-a82143024d2d.txt	5aceefba3b64
7	5907.w4lift-3359ccc27832.txt	5907.w4lift-ab80c9a45344.txt	a8af7d1d0d1f
7	5907.w4lift-3359ccc27832.txt	5907.w4lift-ae466549a0d9.txt	27becabec391
7	5907.w4lift-3359ccc27832.txt	5907.w4lift-af7c897a8903.txt	ab88abce72ba
7	5907.w4lift-3359ccc27832.txt	5907.w4lift-b2702baa553d.txt	f76742e7df1c
7	5907.w4lift-3359ccc27832.txt	5907.w4lift-bd154fbbf435.txt	c672adfe27ca
7	5907.w4lift-3359ccc27832.txt	5907.w4lift-bfbef8785aff.txt	1953b28ffc27
7	5907.w4lift-3359ccc27832.txt	5907.w4lift-c5ee76734b4d.txt	2e62188e3c8b
7	5907.w4lift-3359ccc27832.txt	5907.w4lift-c5ee76734b4d.txt	48f9270682d9
7	5907.w4lift-3359ccc27832.txt	5907.w4lift-c7b7714127d9.txt	4c4f2d1a4871
7	5907.w4lift-3359ccc27832.txt	5907.w4lift-c8c5110de4f9.txt	ab88abce72ba
7	5907.w4lift-3359ccc27832.txt	5907.w4lift-ca71ed8496bd.txt	78a113fc5546
7	5907.w4lift-3359ccc27832.txt	5907.w4lift-d155534ea2d4.txt	6a51a52b89c4
7	5907.w4lift-3359ccc27832.txt	5907.w4lift-db45ebdeed40.txt	c9d65fee4f73
7	5907.w4lift-3359ccc27832.txt	5907.w4lift-dbf70f871210.txt	74d91872eeb5
7	5907.w4lift-3359ccc27832.txt	5907.w4lift-e0fb9d13de61.txt	8821c9761a3f
7	5907.w4lift-3359ccc27832.txt	5907.w4lift-e45b90b0a767.txt	1fbf82fb2187
7	5907.w4lift-3359ccc27832.txt	5907.w4lift-e96c05b05fe9.txt	4ce48a92b573
7	5907.w4lift-3359ccc27832.txt	5907.w4lift-ebfb75328150.txt	dbb15d86868a
7	5907.w4lift-3359ccc27832.txt	5907.w4lift-ecfe2ba8e511.txt	d04f36d11055
7	5907.w4lift-3359ccc27832.txt	5907.w4lift-f18f663f4c81.txt	ab88abce72ba
7	5907.w4lift-3359ccc27832.txt	5907.w4lift-f9f8e9513c54.txt	e0be9b4548fa
7	5907.w4lift-3359ccc27832.txt	5907.w4lift-fb688ec5c017.txt	f489418a0205
7	5907.w4lift-3359ccc27832.txt	5907.w4lift-fc301bd873cb.txt	1e48e92e2bca
7	5907.w4lift-352479dbf208.txt	5907.w4lift-0531d212f9bb.txt	d07ef10057cc
7	5907.w4lift-352479dbf208.txt	5907.w4lift-0709deed1cd4.txt	1440a8e1a807
7	5907.w4lift-352479dbf208.txt	5907.w4lift-08210f1c16a0.txt	2257058c3d2d
7	5907.w4lift-352479dbf208.txt	5907.w4lift-169e64bca870.txt	a780c2d233f8
7	5907.w4lift-352479dbf208.txt	5907.w4lift-16dd1019b651.txt	56f642d92240
7	5907.w4lift-352479dbf208.txt	5907.w4lift-37386755df59.txt	ab88abce72ba
7	5907.w4lift-352479dbf208.txt	5907.w4lift-386272df4871.txt	ab88abce72ba
7	5907.w4lift-352479dbf208.txt	5907.w4lift-3ce63a53cf1a.txt	ab88abce72ba
7	5907.w4lift-352479dbf208.txt	5907.w4lift-3d4579051d3f.txt	f2cd8c1f4d2e
7	5907.w4lift-352479dbf208.txt	5907.w4lift-4034f85f00ec.txt	b71368c91055
7	5907.w4lift-352479dbf208.txt	5907.w4lift-40dae53e6185.txt	32af70a4999e
7	5907.w4lift-352479dbf208.txt	5907.w4lift-430092f5780f.txt	b7f3d137c99a
7	5907.w4lift-352479dbf208.txt	5907.w4lift-45a4ff8466a7.txt	7da937df9f1b
7	5907.w4lift-352479dbf208.txt	5907.w4lift-4a5b17090e74.txt	2c806c1bf6e3
7	5907.w4lift-352479dbf208.txt	5907.w4lift-4cb3167d35ed.txt	cf88f66916d6
7	5907.w4lift-352479dbf208.txt	5907.w4lift-4d47295ca519.txt	5581e578134b
7	5907.w4lift-352479dbf208.txt	5907.w4lift-4d47295ca519.txt	d0a01a1ac47d
7	5907.w4lift-352479dbf208.txt	5907.w4lift-58984281bc50.txt	429db3717944
7	5907.w4lift-352479dbf208.txt	5907.w4lift-58984281bc50.txt	b081b754d26e
7	5907.w4lift-352479dbf208.txt	5907.w4lift-6d19c9f1455d.txt	55ebb8b168a5
7	5907.w4lift-352479dbf208.txt	5907.w4lift-6e905a492084.txt	d5d134bba086
7	5907.w4lift-352479dbf208.txt	5907.w4lift-76a1eae91ca0.txt	b1be0f46d82c
7	5907.w4lift-352479dbf208.txt	5907.w4lift-7714757d2e9e.txt	fd3d2036ee73
7	5907.w4lift-352479dbf208.txt	5907.w4lift-7cd2edab64dc.txt	b98392e1d7a6
7	5907.w4lift-352479dbf208.txt	5907.w4lift-80c95286cd7c.txt	4d9a21b2c945
7	5907.w4lift-352479dbf208.txt	5907.w4lift-82caf1ba27e5.txt	16eab6538ab6
7	5907.w4lift-352479dbf208.txt	5907.w4lift-863de61b836a.txt	b4bd6f395a25
7	5907.w4lift-352479dbf208.txt	5907.w4lift-8966629ce152.txt	89adfdaeb650
7	5907.w4lift-352479dbf208.txt	5907.w4lift-89b3167f9583.txt	b85e26cbabc5
7	5907.w4lift-352479dbf208.txt	5907.w4lift-912bd909d2b6.txt	ab88abce72ba
7	5907.w4lift-352479dbf208.txt	5907.w4lift-9b4bc5700c90.txt	71fce178fd55
7	5907.w4lift-352479dbf208.txt	5907.w4lift-a82143024d2d.txt	80d27d30ff66
7	5907.w4lift-352479dbf208.txt	5907.w4lift-a8d3c9324eac.txt	eb8331df9ee8
7	5907.w4lift-352479dbf208.txt	5907.w4lift-ab80c9a45344.txt	d4c86ffe1efa
7	5907.w4lift-352479dbf208.txt	5907.w4lift-ae466549a0d9.txt	398028eae919
7	5907.w4lift-352479dbf208.txt	5907.w4lift-af7c897a8903.txt	14a420b3a5b2
7	5907.w4lift-352479dbf208.txt	5907.w4lift-b4e57551e32a.txt	ab88abce72ba
7	5907.w4lift-352479dbf208.txt	5907.w4lift-b66c35732a00.txt	dbdbbc7a0086
7	5907.w4lift-352479dbf208.txt	5907.w4lift-b7a548d5f629.txt	ff37ff3f6ef2
7	5907.w4lift-352479dbf208.txt	5907.w4lift-caeaa9e5ac42.txt	0df6c6a90182
7	5907.w4lift-352479dbf208.txt	5907.w4lift-cb7d99c78307.txt	14a420b3a5b2
7	5907.w4lift-352479dbf208.txt	5907.w4lift-d742e5e60c6f.txt	62a74ce65faa
7	5907.w4lift-352479dbf208.txt	5907.w4lift-d742e5e60c6f.txt	b13177991e02
7	5907.w4lift-352479dbf208.txt	5907.w4lift-db45ebdeed40.txt	746b5fef63fc
7	5907.w4lift-352479dbf208.txt	5907.w4lift-dcd0ec0a1fc5.txt	66c7854e6888
7	5907.w4lift-352479dbf208.txt	5907.w4lift-dff914259b29.txt	7145048de6a4
7	5907.w4lift-352479dbf208.txt	5907.w4lift-e0368a011e8c.txt	ac9b3dbee6ab
7	5907.w4lift-352479dbf208.txt	5907.w4lift-e04faca1c06c.txt	fa9996b118a5
7	5907.w4lift-352479dbf208.txt	5907.w4lift-e0fa39144639.txt	49c5410504fe
7	5907.w4lift-352479dbf208.txt	5907.w4lift-e0fb9d13de61.txt	96704a0eb24e
7	5907.w4lift-352479dbf208.txt	5907.w4lift-e45b90b0a767.txt	83d54a67702c
7	5907.w4lift-352479dbf208.txt	5907.w4lift-e768827496d4.txt	f489418a0205
7	5907.w4lift-352479dbf208.txt	5907.w4lift-f2708ef02d1a.txt	156e559f9324
7	5907.w4lift-352479dbf208.txt	5907.w4lift-f6b8b0e6314c.txt	045ff6b79066
7	5907.w4lift-352479dbf208.txt	5907.w4lift-f859791b1e8e.txt	a1764f88e216
7	5907.w4lift-352479dbf208.txt	5907.w4lift-faafae8fcdaa.txt	c22bfb6473cb
7	5907.w4lift-352479dbf208.txt	5907.w4lift-fc5c70dfb561.txt	96c7e62b0db1
7	5907.w4lift-352479dbf208.txt	5907.w4lift-fd06a0493fef.txt	ab88abce72ba
7	5907.w4lift-3580a08a5c73.txt	5907.w4lift-097d01eaddb9.txt	ab88abce72ba
7	5907.w4lift-3580a08a5c73.txt	5907.w4lift-16dd1019b651.txt	ab88abce72ba
7	5907.w4lift-3580a08a5c73.txt	5907.w4lift-1ba050a47f0b.txt	74d91872eeb5
7	5907.w4lift-3580a08a5c73.txt	5907.w4lift-1e59b13c7cc0.txt	ab88abce72ba
7	5907.w4lift-3580a08a5c73.txt	5907.w4lift-204625f89751.txt	72397e2f680a
7	5907.w4lift-3580a08a5c73.txt	5907.w4lift-3359ccc27832.txt	e616c3f821ef
7	5907.w4lift-3580a08a5c73.txt	5907.w4lift-3ce63a53cf1a.txt	176d3814e13d
7	5907.w4lift-3580a08a5c73.txt	5907.w4lift-4034f85f00ec.txt	06076a4833ea
7	5907.w4lift-3580a08a5c73.txt	5907.w4lift-40dae53e6185.txt	72397e2f680a
7	5907.w4lift-3580a08a5c73.txt	5907.w4lift-430092f5780f.txt	3c4631c5867a
7	5907.w4lift-3580a08a5c73.txt	5907.w4lift-43a95823c4dc.txt	74d91872eeb5
7	5907.w4lift-3580a08a5c73.txt	5907.w4lift-4614701d0920.txt	c5eefe353bce
7	5907.w4lift-3580a08a5c73.txt	5907.w4lift-4ab0903ef5f4.txt	f2e392111776
7	5907.w4lift-3580a08a5c73.txt	5907.w4lift-4d47295ca519.txt	a33cb05ccb10
7	5907.w4lift-3580a08a5c73.txt	5907.w4lift-53542138d1b5.txt	279bcba663d9
7	5907.w4lift-3580a08a5c73.txt	5907.w4lift-53542138d1b5.txt	ff4cfd62723a
7	5907.w4lift-3580a08a5c73.txt	5907.w4lift-540198536578.txt	1e97b4d2bd18
7	5907.w4lift-3580a08a5c73.txt	5907.w4lift-540198536578.txt	e8010fda4ae9
7	5907.w4lift-3580a08a5c73.txt	5907.w4lift-5f95afa2454b.txt	e6f4fad41ed1
7	5907.w4lift-3580a08a5c73.txt	5907.w4lift-644e04797cd3.txt	3c4631c5867a
7	5907.w4lift-3580a08a5c73.txt	5907.w4lift-65fb95f576e7.txt	1e97b4d2bd18
7	5907.w4lift-3580a08a5c73.txt	5907.w4lift-65fb95f576e7.txt	e8010fda4ae9
7	5907.w4lift-3580a08a5c73.txt	5907.w4lift-684436c46755.txt	ecf03ddecbed
7	5907.w4lift-3580a08a5c73.txt	5907.w4lift-6ec79809fccc.txt	ab88abce72ba
7	5907.w4lift-3580a08a5c73.txt	5907.w4lift-76a1eae91ca0.txt	c5eefe353bce
7	5907.w4lift-3580a08a5c73.txt	5907.w4lift-863de61b836a.txt	ab88abce72ba
7	5907.w4lift-3580a08a5c73.txt	5907.w4lift-86a03197440a.txt	06076a4833ea
7	5907.w4lift-3580a08a5c73.txt	5907.w4lift-89b3167f9583.txt	a003705bbbb1
7	5907.w4lift-3580a08a5c73.txt	5907.w4lift-8e5ca0ef018c.txt	171ac63bfbd7
7	5907.w4lift-3580a08a5c73.txt	5907.w4lift-97d2d8784e2f.txt	83f2a26fb1ab
7	5907.w4lift-3580a08a5c73.txt	5907.w4lift-a7bbb73953d8.txt	279bcba663d9
7	5907.w4lift-3580a08a5c73.txt	5907.w4lift-a7bbb73953d8.txt	ff4cfd62723a
7	5907.w4lift-3580a08a5c73.txt	5907.w4lift-a82143024d2d.txt	0d491f159886
7	5907.w4lift-3580a08a5c73.txt	5907.w4lift-a8d3c9324eac.txt	cf88f66916d6
7	5907.w4lift-3580a08a5c73.txt	5907.w4lift-ab80c9a45344.txt	3848d784e880
7	5907.w4lift-3580a08a5c73.txt	5907.w4lift-ae466549a0d9.txt	7dae29ff7561
7	5907.w4lift-3580a08a5c73.txt	5907.w4lift-b2702baa553d.txt	cf88f66916d6
7	5907.w4lift-3580a08a5c73.txt	5907.w4lift-bca46e18f77b.txt	8411b9baf058
7	5907.w4lift-3580a08a5c73.txt	5907.w4lift-bd154fbbf435.txt	1ff5160db856
7	5907.w4lift-3580a08a5c73.txt	5907.w4lift-bfbef8785aff.txt	80b2932b3a5d
7	5907.w4lift-3580a08a5c73.txt	5907.w4lift-c5ee76734b4d.txt	8373a022eef2
7	5907.w4lift-3580a08a5c73.txt	5907.w4lift-c7b7714127d9.txt	1d6a7fce6cd4
7	5907.w4lift-3580a08a5c73.txt	5907.w4lift-c8c5110de4f9.txt	032dbf0d777a
7	5907.w4lift-3580a08a5c73.txt	5907.w4lift-ca71ed8496bd.txt	fffe585f92c4
7	5907.w4lift-3580a08a5c73.txt	5907.w4lift-cb7d99c78307.txt	44bac1587ba9
7	5907.w4lift-3580a08a5c73.txt	5907.w4lift-cba9917bd593.txt	3848d784e880
7	5907.w4lift-3580a08a5c73.txt	5907.w4lift-d155534ea2d4.txt	171ac63bfbd7
7	5907.w4lift-3580a08a5c73.txt	5907.w4lift-d213b0754523.txt	e616c3f821ef
7	5907.w4lift-3580a08a5c73.txt	5907.w4lift-db45ebdeed40.txt	af945ab938fd
7	5907.w4lift-3580a08a5c73.txt	5907.w4lift-dd250dd876cd.txt	032dbf0d777a
7	5907.w4lift-3580a08a5c73.txt	5907.w4lift-e0368a011e8c.txt	1ff5160db856
7	5907.w4lift-3580a08a5c73.txt	5907.w4lift-e04faca1c06c.txt	83f2a26fb1ab
7	5907.w4lift-3580a08a5c73.txt	5907.w4lift-e2841ecca038.txt	8373a022eef2
7	5907.w4lift-3580a08a5c73.txt	5907.w4lift-e45b90b0a767.txt	374c09e1b5b9
7	5907.w4lift-3580a08a5c73.txt	5907.w4lift-e7ee0cc9c017.txt	374c09e1b5b9
7	5907.w4lift-3580a08a5c73.txt	5907.w4lift-e96c05b05fe9.txt	442632459723
7	5907.w4lift-3580a08a5c73.txt	5907.w4lift-eb9a0d99f5fb.txt	7dae29ff7561
7	5907.w4lift-3580a08a5c73.txt	5907.w4lift-ebfb75328150.txt	a33cb05ccb10
7	5907.w4lift-3580a08a5c73.txt	5907.w4lift-f18f663f4c81.txt	ab88abce72ba
7	5907.w4lift-3580a08a5c73.txt	5907.w4lift-f2708ef02d1a.txt	176d3814e13d
7	5907.w4lift-3580a08a5c73.txt	5907.w4lift-f6b8b0e6314c.txt	f2e392111776
7	5907.w4lift-3580a08a5c73.txt	5907.w4lift-f9f8e9513c54.txt	a003705bbbb1
7	5907.w4lift-3580a08a5c73.txt	5907.w4lift-fb688ec5c017.txt	44bac1587ba9
7	5907.w4lift-3580a08a5c73.txt	5907.w4lift-fc301bd873cb.txt	8411b9baf058
7	5907.w4lift-3580a08a5c73.txt	5907.w4lift-fc5c70dfb561.txt	442632459723
7	5907.w4lift-3580a08a5c73.txt	5907.w4lift-fc7d7045a431.txt	e6f4fad41ed1
7	5907.w4lift-3580a08a5c73.txt	5907.w4lift-fd06a0493fef.txt	ecf03ddecbed
7	5907.w4lift-35edee9781b6.txt	5907.w4lift-3ff30ff747e3.txt	ab88abce72ba
7	5907.w4lift-35edee9781b6.txt	5907.w4lift-7451833431e1.txt	237fa4d654ed
7	5907.w4lift-35edee9781b6.txt	5907.w4lift-ad38ede453dd.txt	ab88abce72ba
7	5907.w4lift-35edee9781b6.txt	5907.w4lift-ff972a34b4aa.txt	8a34ad08d7c8
7	5907.w4lift-37386755df59.txt	5907.w4lift-0531d212f9bb.txt	698dcf70c661
7	5907.w4lift-37386755df59.txt	5907.w4lift-0709deed1cd4.txt	d07ef10057cc
7	5907.w4lift-37386755df59.txt	5907.w4lift-08210f1c16a0.txt	9943a7ddc283
7	5907.w4lift-37386755df59.txt	5907.w4lift-0fc17b401159.txt	cf88f66916d6
7	5907.w4lift-37386755df59.txt	5907.w4lift-169e64bca870.txt	e8e466f2309f
7	5907.w4lift-37386755df59.txt	5907.w4lift-16dd1019b651.txt	eb52f3b0f67b
7	5907.w4lift-37386755df59.txt	5907.w4lift-352479dbf208.txt	ab88abce72ba
7	5907.w4lift-37386755df59.txt	5907.w4lift-386272df4871.txt	a805ea3de51d
7	5907.w4lift-37386755df59.txt	5907.w4lift-3ce63a53cf1a.txt	f4276d62e543
7	5907.w4lift-37386755df59.txt	5907.w4lift-3d4579051d3f.txt	947fefee2ce1
7	5907.w4lift-37386755df59.txt	5907.w4lift-4034f85f00ec.txt	fd3d2036ee73
7	5907.w4lift-37386755df59.txt	5907.w4lift-40dae53e6185.txt	09d23aa6b91a
7	5907.w4lift-37386755df59.txt	5907.w4lift-430092f5780f.txt	c62a03f346cf
7	5907.w4lift-37386755df59.txt	5907.w4lift-45a4ff8466a7.txt	84209a8c0f2c
7	5907.w4lift-37386755df59.txt	5907.w4lift-4a5b17090e74.txt	ab88abce72ba
7	5907.w4lift-37386755df59.txt	5907.w4lift-540198536578.txt	746b5fef63fc
7	5907.w4lift-37386755df59.txt	5907.w4lift-58984281bc50.txt	96ebdab07f84
7	5907.w4lift-37386755df59.txt	5907.w4lift-5ffba5cc4529.txt	f489418a0205
7	5907.w4lift-37386755df59.txt	5907.w4lift-6d19c9f1455d.txt	0cf38a094cfc
7	5907.w4lift-37386755df59.txt	5907.w4lift-6e905a492084.txt	0df6c6a90182
7	5907.w4lift-37386755df59.txt	5907.w4lift-76a1eae91ca0.txt	ab88abce72ba
7	5907.w4lift-37386755df59.txt	5907.w4lift-7714757d2e9e.txt	ebdcc2d4d36c
7	5907.w4lift-37386755df59.txt	5907.w4lift-7cd2edab64dc.txt	62a74ce65faa
7	5907.w4lift-37386755df59.txt	5907.w4lift-7cd2edab64dc.txt	b13177991e02
7	5907.w4lift-37386755df59.txt	5907.w4lift-80c95286cd7c.txt	ab88abce72ba
7	5907.w4lift-37386755df59.txt	5907.w4lift-82caf1ba27e5.txt	7145048de6a4
7	5907.w4lift-37386755df59.txt	5907.w4lift-863de61b836a.txt	2b1829f80cf7
7	5907.w4lift-37386755df59.txt	5907.w4lift-8966629ce152.txt	96c7e62b0db1
7	5907.w4lift-37386755df59.txt	5907.w4lift-89b3167f9583.txt	3f6f5c94d76e
7	5907.w4lift-37386755df59.txt	5907.w4lift-912bd909d2b6.txt	4c6e579a7560
7	5907.w4lift-37386755df59.txt	5907.w4lift-912bd909d2b6.txt	72d376c5571d
7	5907.w4lift-37386755df59.txt	5907.w4lift-9b4bc5700c90.txt	2257058c3d2d
7	5907.w4lift-37386755df59.txt	5907.w4lift-a82143024d2d.txt	9105aba16b54
7	5907.w4lift-37386755df59.txt	5907.w4lift-a8d3c9324eac.txt	90628da2dd0c
7	5907.w4lift-37386755df59.txt	5907.w4lift-a8d3c9324eac.txt	a9604abeb264
7	5907.w4lift-37386755df59.txt	5907.w4lift-ab80c9a45344.txt	398028eae919
7	5907.w4lift-37386755df59.txt	5907.w4lift-ae466549a0d9.txt	be6b4f4e69cf
7	5907.w4lift-37386755df59.txt	5907.w4lift-af7c897a8903.txt	0ad29fbab280
7	5907.w4lift-37386755df59.txt	5907.w4lift-b4e57551e32a.txt	095bfb3dc800
7	5907.w4lift-37386755df59.txt	5907.w4lift-b66c35732a00.txt	65b414a14871
7	5907.w4lift-37386755df59.txt	5907.w4lift-b7a548d5f629.txt	f1f39aaf528e
7	5907.w4lift-37386755df59.txt	5907.w4lift-caeaa9e5ac42.txt	38fa2979bd03
7	5907.w4lift-37386755df59.txt	5907.w4lift-cb7d99c78307.txt	61e671455635
7	5907.w4lift-37386755df59.txt	5907.w4lift-d742e5e60c6f.txt	223da8cfb8a5
7	5907.w4lift-37386755df59.txt	5907.w4lift-dcd0ec0a1fc5.txt	429db3717944
7	5907.w4lift-37386755df59.txt	5907.w4lift-dcd0ec0a1fc5.txt	b081b754d26e
7	5907.w4lift-37386755df59.txt	5907.w4lift-dff914259b29.txt	41a730999ec8
7	5907.w4lift-37386755df59.txt	5907.w4lift-e0368a011e8c.txt	b85e26cbabc5
7	5907.w4lift-37386755df59.txt	5907.w4lift-e04faca1c06c.txt	c6701c2a9601
7	5907.w4lift-37386755df59.txt	5907.w4lift-e0fa39144639.txt	ab88abce72ba
7	5907.w4lift-37386755df59.txt	5907.w4lift-e0fb9d13de61.txt	bfd1c873c831
7	5907.w4lift-37386755df59.txt	5907.w4lift-e45b90b0a767.txt	ab88abce72ba
7	5907.w4lift-37386755df59.txt	5907.w4lift-eb9a0d99f5fb.txt	156e559f9324
7	5907.w4lift-37386755df59.txt	5907.w4lift-f6b8b0e6314c.txt	c7e7cc660163
7	5907.w4lift-37386755df59.txt	5907.w4lift-f859791b1e8e.txt	55ebb8b168a5
7	5907.w4lift-37386755df59.txt	5907.w4lift-faafae8fcdaa.txt	7da937df9f1b
7	5907.w4lift-37386755df59.txt	5907.w4lift-fc5c70dfb561.txt	182cf9bee74c
7	5907.w4lift-37386755df59.txt	5907.w4lift-fc7d7045a431.txt	5581e578134b
7	5907.w4lift-37386755df59.txt	5907.w4lift-fc7d7045a431.txt	d0a01a1ac47d
7	5907.w4lift-37386755df59.txt	5907.w4lift-fd06a0493fef.txt	0df6c6a90182
7	5907.w4lift-386272df4871.txt	5907.w4lift-04c898c73c62.txt	14a420b3a5b2
7	5907.w4lift-386272df4871.txt	5907.w4lift-0531d212f9bb.txt	96c7e62b0db1
7	5907.w4lift-386272df4871.txt	5907.w4lift-0709deed1cd4.txt	89adfdaeb650
7	5907.w4lift-386272df4871.txt	5907.w4lift-08210f1c16a0.txt	ab88abce72ba
7	5907.w4lift-386272df4871.txt	5907.w4lift-0fc17b401159.txt	4d9a21b2c945
7	5907.w4lift-386272df4871.txt	5907.w4lift-169e64bca870.txt	14a420b3a5b2
7	5907.w4lift-386272df4871.txt	5907.w4lift-16dd1019b651.txt	14641f09bcf0
7	5907.w4lift-386272df4871.txt	5907.w4lift-208b728dbc49.txt	32af70a4999e
7	5907.w4lift-386272df4871.txt	5907.w4lift-319dff1ab25a.txt	d5d134bba086
7	5907.w4lift-386272df4871.txt	5907.w4lift-352479dbf208.txt	ab88abce72ba
7	5907.w4lift-386272df4871.txt	5907.w4lift-37386755df59.txt	398028eae919
7	5907.w4lift-386272df4871.txt	5907.w4lift-3d4579051d3f.txt	eb8331df9ee8
7	5907.w4lift-386272df4871.txt	5907.w4lift-4034f85f00ec.txt	3830c1bb282a
7	5907.w4lift-386272df4871.txt	5907.w4lift-45a4ff8466a7.txt	b85e26cbabc5
7	5907.w4lift-386272df4871.txt	5907.w4lift-473fc5e1c91e.txt	fa9996b118a5
7	5907.w4lift-386272df4871.txt	5907.w4lift-4a5b17090e74.txt	d4c86ffe1efa
7	5907.w4lift-386272df4871.txt	5907.w4lift-4cb3167d35ed.txt	ab88abce72ba
7	5907.w4lift-386272df4871.txt	5907.w4lift-4d47295ca519.txt	fecd684a9442
7	5907.w4lift-386272df4871.txt	5907.w4lift-5742f21eca2d.txt	0df6c6a90182
7	5907.w4lift-386272df4871.txt	5907.w4lift-58984281bc50.txt	ab88abce72ba
7	5907.w4lift-386272df4871.txt	5907.w4lift-5f95afa2454b.txt	398028eae919
7	5907.w4lift-386272df4871.txt	5907.w4lift-684436c46755.txt	746b5fef63fc
7	5907.w4lift-386272df4871.txt	5907.w4lift-6d19c9f1455d.txt	fd3d2036ee73
7	5907.w4lift-386272df4871.txt	5907.w4lift-6e6b2c468f32.txt	7145048de6a4
7	5907.w4lift-386272df4871.txt	5907.w4lift-71600a834959.txt	156e559f9324
7	5907.w4lift-386272df4871.txt	5907.w4lift-76a1eae91ca0.txt	e332743d8318
7	5907.w4lift-386272df4871.txt	5907.w4lift-7714757d2e9e.txt	5d3074fe7163
7	5907.w4lift-386272df4871.txt	5907.w4lift-846d5062c405.txt	62a74ce65faa
7	5907.w4lift-386272df4871.txt	5907.w4lift-846d5062c405.txt	b13177991e02
7	5907.w4lift-386272df4871.txt	5907.w4lift-8966629ce152.txt	5cadd625a68e
7	5907.w4lift-386272df4871.txt	5907.w4lift-89b3167f9583.txt	4f8df87699e7
7	5907.w4lift-386272df4871.txt	5907.w4lift-8a8b72923703.txt	b7f3d137c99a
7	5907.w4lift-386272df4871.txt	5907.w4lift-90338d0577bd.txt	b98392e1d7a6
7	5907.w4lift-386272df4871.txt	5907.w4lift-912bd909d2b6.txt	83d54a67702c
7	5907.w4lift-386272df4871.txt	5907.w4lift-97d2d8784e2f.txt	80d27d30ff66
7	5907.w4lift-386272df4871.txt	5907.w4lift-9b4bc5700c90.txt	2c806c1bf6e3
7	5907.w4lift-386272df4871.txt	5907.w4lift-a8d3c9324eac.txt	b4bd6f395a25
7	5907.w4lift-386272df4871.txt	5907.w4lift-af7c897a8903.txt	32af70a4999e
7	5907.w4lift-386272df4871.txt	5907.w4lift-b4e57551e32a.txt	d4ec6aadbefe
7	5907.w4lift-386272df4871.txt	5907.w4lift-b66c35732a00.txt	96704a0eb24e
7	5907.w4lift-386272df4871.txt	5907.w4lift-b7a548d5f629.txt	56f642d92240
7	5907.w4lift-386272df4871.txt	5907.w4lift-c5ee76734b4d.txt	b4bd6f395a25
7	5907.w4lift-386272df4871.txt	5907.w4lift-d09cda89e063.txt	16eab6538ab6
7	5907.w4lift-386272df4871.txt	5907.w4lift-d155534ea2d4.txt	d4c86ffe1efa
7	5907.w4lift-386272df4871.txt	5907.w4lift-dcd0ec0a1fc5.txt	b1be0f46d82c
7	5907.w4lift-386272df4871.txt	5907.w4lift-e0368a011e8c.txt	1fa74a7c6774
7	5907.w4lift-386272df4871.txt	5907.w4lift-e0fa39144639.txt	ab88abce72ba
7	5907.w4lift-386272df4871.txt	5907.w4lift-e0fb9d13de61.txt	b506fa9d192d
7	5907.w4lift-386272df4871.txt	5907.w4lift-e768827496d4.txt	5581e578134b
7	5907.w4lift-386272df4871.txt	5907.w4lift-e768827496d4.txt	d0a01a1ac47d
7	5907.w4lift-386272df4871.txt	5907.w4lift-ebfb75328150.txt	ab88abce72ba
7	5907.w4lift-386272df4871.txt	5907.w4lift-f859791b1e8e.txt	b71368c91055
7	5907.w4lift-386272df4871.txt	5907.w4lift-faafae8fcdaa.txt	ac9b3dbee6ab
7	5907.w4lift-386272df4871.txt	5907.w4lift-fc301bd873cb.txt	83d54a67702c
7	5907.w4lift-386272df4871.txt	5907.w4lift-fc5c70dfb561.txt	eca15bf05f3f
7	5907.w4lift-386272df4871.txt	5907.w4lift-fd06a0493fef.txt	5ff76078c599
7	5907.w4lift-386272df4871.txt	5907.w4lift-fe39239f7468.txt	045ff6b79066
7	5907.w4lift-3a727a573e7f.txt	5907.w4lift-a5fe40dd99f2.txt	4004c6042131
7	5907.w4lift-3a727a573e7f.txt	5907.w4lift-a5fe40dd99f2.txt	9233133e9c39
7	5907.w4lift-3a727a573e7f.txt	5907.w4lift-a8242f54e61d.txt	ab88abce72ba
7	5907.w4lift-3bec2912a552.txt	5907.w4lift-032cf45d2ac3.txt	ab88abce72ba
7	5907.w4lift-3bec2912a552.txt	5907.w4lift-9f4ed5191b67.txt	ab88abce72ba
7	5907.w4lift-3bec2912a552.txt	5907.w4lift-cc9fc0ef424a.txt	4004c6042131
7	5907.w4lift-3bec2912a552.txt	5907.w4lift-cc9fc0ef424a.txt	9233133e9c39
7	5907.w4lift-3ce63a53cf1a.txt	5907.w4lift-097d01eaddb9.txt	ff37ff3f6ef2
7	5907.w4lift-3ce63a53cf1a.txt	5907.w4lift-1ba050a47f0b.txt	dbdbbc7a0086
7	5907.w4lift-3ce63a53cf1a.txt	5907.w4lift-3359ccc27832.txt	14a420b3a5b2
7	5907.w4lift-3ce63a53cf1a.txt	5907.w4lift-352479dbf208.txt	ab88abce72ba
7	5907.w4lift-3ce63a53cf1a.txt	5907.w4lift-3580a08a5c73.txt	56f642d92240
7	5907.w4lift-3ce63a53cf1a.txt	5907.w4lift-37386755df59.txt	2257058c3d2d
7	5907.w4lift-3ce63a53cf1a.txt	5907.w4lift-40dae53e6185.txt	14a420b3a5b2
7	5907.w4lift-3ce63a53cf1a.txt	5907.w4lift-430092f5780f.txt	045ff6b79066
7	5907.w4lift-3ce63a53cf1a.txt	5907.w4lift-4614701d0920.txt	7da937df9f1b
7	5907.w4lift-3ce63a53cf1a.txt	5907.w4lift-4a5b17090e74.txt	71fce178fd55
7	5907.w4lift-3ce63a53cf1a.txt	5907.w4lift-4d47295ca519.txt	2dcd6251565a
7	5907.w4lift-3ce63a53cf1a.txt	5907.w4lift-53542138d1b5.txt	b71368c91055
7	5907.w4lift-3ce63a53cf1a.txt	5907.w4lift-540198536578.txt	b1be0f46d82c
7	5907.w4lift-3ce63a53cf1a.txt	5907.w4lift-5f95afa2454b.txt	2257058c3d2d
7	5907.w4lift-3ce63a53cf1a.txt	5907.w4lift-65fb95f576e7.txt	b85e26cbabc5
7	5907.w4lift-3ce63a53cf1a.txt	5907.w4lift-684436c46755.txt	429db3717944
7	5907.w4lift-3ce63a53cf1a.txt	5907.w4lift-684436c46755.txt	b081b754d26e
7	5907.w4lift-3ce63a53cf1a.txt	5907.w4lift-6e905a492084.txt	ff97c0cddd5f
7	5907.w4lift-3ce63a53cf1a.txt	5907.w4lift-71600a834959.txt	f489418a0205
7	5907.w4lift-3ce63a53cf1a.txt	5907.w4lift-7cd2edab64dc.txt	4d9a21b2c945
7	5907.w4lift-3ce63a53cf1a.txt	5907.w4lift-80c95286cd7c.txt	f550b887608a
7	5907.w4lift-3ce63a53cf1a.txt	5907.w4lift-82caf1ba27e5.txt	d5d134bba086
7	5907.w4lift-3ce63a53cf1a.txt	5907.w4lift-846d5062c405.txt	cf88f66916d6
7	5907.w4lift-3ce63a53cf1a.txt	5907.w4lift-863de61b836a.txt	eb8331df9ee8
7	5907.w4lift-3ce63a53cf1a.txt	5907.w4lift-86a03197440a.txt	d07ef10057cc
7	5907.w4lift-3ce63a53cf1a.txt	5907.w4lift-8824a6971c2e.txt	55ebb8b168a5
7	5907.w4lift-3ce63a53cf1a.txt	5907.w4lift-912bd909d2b6.txt	49c5410504fe
7	5907.w4lift-3ce63a53cf1a.txt	5907.w4lift-a7bbb73953d8.txt	96c7e62b0db1
7	5907.w4lift-3ce63a53cf1a.txt	5907.w4lift-a82143024d2d.txt	fa9996b118a5
7	5907.w4lift-3ce63a53cf1a.txt	5907.w4lift-a8d3c9324eac.txt	f2cd8c1f4d2e
7	5907.w4lift-3ce63a53cf1a.txt	5907.w4lift-ab80c9a45344.txt	2c806c1bf6e3
7	5907.w4lift-3ce63a53cf1a.txt	5907.w4lift-ae466549a0d9.txt	ab88abce72ba
7	5907.w4lift-3ce63a53cf1a.txt	5907.w4lift-b4e57551e32a.txt	8373a022eef2
7	5907.w4lift-3ce63a53cf1a.txt	5907.w4lift-bd154fbbf435.txt	c22bfb6473cb
7	5907.w4lift-3ce63a53cf1a.txt	5907.w4lift-bfbef8785aff.txt	ac9b3dbee6ab
7	5907.w4lift-3ce63a53cf1a.txt	5907.w4lift-c5ee76734b4d.txt	f2cd8c1f4d2e
7	5907.w4lift-3ce63a53cf1a.txt	5907.w4lift-c7b7714127d9.txt	fd3d2036ee73
7	5907.w4lift-3ce63a53cf1a.txt	5907.w4lift-c8c5110de4f9.txt	a780c2d233f8
7	5907.w4lift-3ce63a53cf1a.txt	5907.w4lift-ca71ed8496bd.txt	89adfdaeb650
7	5907.w4lift-3ce63a53cf1a.txt	5907.w4lift-caeaa9e5ac42.txt	211974864876
7	5907.w4lift-3ce63a53cf1a.txt	5907.w4lift-cb7d99c78307.txt	a780c2d233f8
7	5907.w4lift-3ce63a53cf1a.txt	5907.w4lift-d155534ea2d4.txt	71fce178fd55
7	5907.w4lift-3ce63a53cf1a.txt	5907.w4lift-d742e5e60c6f.txt	ab88abce72ba
7	5907.w4lift-3ce63a53cf1a.txt	5907.w4lift-db45ebdeed40.txt	ab88abce72ba
7	5907.w4lift-3ce63a53cf1a.txt	5907.w4lift-dff914259b29.txt	0df6c6a90182
7	5907.w4lift-3ce63a53cf1a.txt	5907.w4lift-e04faca1c06c.txt	77f471f848b0
7	5907.w4lift-3ce63a53cf1a.txt	5907.w4lift-e45b90b0a767.txt	ab88abce72ba
7	5907.w4lift-3ce63a53cf1a.txt	5907.w4lift-e96c05b05fe9.txt	a1764f88e216
7	5907.w4lift-3ce63a53cf1a.txt	5907.w4lift-ebfb75328150.txt	ab88abce72ba
7	5907.w4lift-3ce63a53cf1a.txt	5907.w4lift-ecfe2ba8e511.txt	1440a8e1a807
7	5907.w4lift-3ce63a53cf1a.txt	5907.w4lift-f18f663f4c81.txt	96704a0eb24e
7	5907.w4lift-3ce63a53cf1a.txt	5907.w4lift-f2708ef02d1a.txt	5581e578134b
7	5907.w4lift-3ce63a53cf1a.txt	5907.w4lift-f2708ef02d1a.txt	d0a01a1ac47d
7	5907.w4lift-3ce63a53cf1a.txt	5907.w4lift-f6b8b0e6314c.txt	7a76f11797d8
7	5907.w4lift-3ce63a53cf1a.txt	5907.w4lift-f9f8e9513c54.txt	66c7854e6888
7	5907.w4lift-3ce63a53cf1a.txt	5907.w4lift-fc301bd873cb.txt	49c5410504fe
7	5907.w4lift-3ce63a53cf1a.txt	5907.w4lift-fd06a0493fef.txt	8821c9761a3f
7	5907.w4lift-3d4579051d3f.txt	5907.w4lift-04c898c73c62.txt	ab88abce72ba
7	5907.w4lift-3d4579051d3f.txt	5907.w4lift-0531d212f9bb.txt	9c07b36d20b9
7	5907.w4lift-3d4579051d3f.txt	5907.w4lift-0709deed1cd4.txt	e05f876a6f8d
7	5907.w4lift-3d4579051d3f.txt	5907.w4lift-08210f1c16a0.txt	1e97b4d2bd18
7	5907.w4lift-3d4579051d3f.txt	5907.w4lift-08210f1c16a0.txt	e8010fda4ae9
7	5907.w4lift-3d4579051d3f.txt	5907.w4lift-097d01eaddb9.txt	746b5fef63fc
7	5907.w4lift-3d4579051d3f.txt	5907.w4lift-0dff9daccaa8.txt	aa54b27dcfe9
7	5907.w4lift-3d4579051d3f.txt	5907.w4lift-0fc17b401159.txt	7dae29ff7561
7	5907.w4lift-3d4579051d3f.txt	5907.w4lift-169e64bca870.txt	ab88abce72ba
7	5907.w4lift-3d4579051d3f.txt	5907.w4lift-16dd1019b651.txt	5ff76078c599
7	5907.w4lift-3d4579051d3f.txt	5907.w4lift-177bb009e3ce.txt	f0b55e37fe22
7	5907.w4lift-3d4579051d3f.txt	5907.w4lift-208b728dbc49.txt	2e62188e3c8b
7	5907.w4lift-3d4579051d3f.txt	5907.w4lift-208b728dbc49.txt	48f9270682d9
7	5907.w4lift-3d4579051d3f.txt	5907.w4lift-231c44b74cdf.txt	ada84d0153fa
7	5907.w4lift-3d4579051d3f.txt	5907.w4lift-319dff1ab25a.txt	3848d784e880
7	5907.w4lift-3d4579051d3f.txt	5907.w4lift-352479dbf208.txt	8504a603e291
7	5907.w4lift-3d4579051d3f.txt	5907.w4lift-37386755df59.txt	a3a1b2ef43a0
7	5907.w4lift-3d4579051d3f.txt	5907.w4lift-386272df4871.txt	af945ab938fd
7	5907.w4lift-3d4579051d3f.txt	5907.w4lift-45a4ff8466a7.txt	6c0329aa4489
7	5907.w4lift-3d4579051d3f.txt	5907.w4lift-473fc5e1c91e.txt	ab88abce72ba
7	5907.w4lift-3d4579051d3f.txt	5907.w4lift-4a5b17090e74.txt	ca8cdf9cdda3
7	5907.w4lift-3d4579051d3f.txt	5907.w4lift-4cb3167d35ed.txt	176d3814e13d
7	5907.w4lift-3d4579051d3f.txt	5907.w4lift-5742f21eca2d.txt	374c09e1b5b9
7	5907.w4lift-3d4579051d3f.txt	5907.w4lift-580a6b2415c2.txt	72397e2f680a
7	5907.w4lift-3d4579051d3f.txt	5907.w4lift-58984281bc50.txt	3c7f124adbf2
7	5907.w4lift-3d4579051d3f.txt	5907.w4lift-5f95afa2454b.txt	a3a1b2ef43a0
7	5907.w4lift-3d4579051d3f.txt	5907.w4lift-69ed3f34a123.txt	a50ba88437d8
7	5907.w4lift-3d4579051d3f.txt	5907.w4lift-6d19c9f1455d.txt	de447a54d5c6
7	5907.w4lift-3d4579051d3f.txt	5907.w4lift-6e6b2c468f32.txt	487b3aecfeb2
7	5907.w4lift-3d4579051d3f.txt	5907.w4lift-76a1eae91ca0.txt	4fee2fcf1569
7	5907.w4lift-3d4579051d3f.txt	5907.w4lift-7714757d2e9e.txt	438b84033bfa
7	5907.w4lift-3d4579051d3f.txt	5907.w4lift-846d5062c405.txt	1293f7787f8a
7	5907.w4lift-3d4579051d3f.txt	5907.w4lift-8966629ce152.txt	ebacd04c78bb
7	5907.w4lift-3d4579051d3f.txt	5907.w4lift-89b3167f9583.txt	c5b536bfe588
7	5907.w4lift-3d4579051d3f.txt	5907.w4lift-8a8b72923703.txt	46267e810eac
7	5907.w4lift-3d4579051d3f.txt	5907.w4lift-90338d0577bd.txt	cd477e782247
7	5907.w4lift-3d4579051d3f.txt	5907.w4lift-912bd909d2b6.txt	a7aabea675cc
7	5907.w4lift-3d4579051d3f.txt	5907.w4lift-97d2d8784e2f.txt	62a74ce65faa
7	5907.w4lift-3d4579051d3f.txt	5907.w4lift-97d2d8784e2f.txt	b13177991e02
7	5907.w4lift-3d4579051d3f.txt	5907.w4lift-9b4bc5700c90.txt	80b2932b3a5d
7	5907.w4lift-3d4579051d3f.txt	5907.w4lift-a6df35bc4b74.txt	5581e578134b
7	5907.w4lift-3d4579051d3f.txt	5907.w4lift-a6df35bc4b74.txt	d0a01a1ac47d
7	5907.w4lift-3d4579051d3f.txt	5907.w4lift-a8d3c9324eac.txt	ab88abce72ba
7	5907.w4lift-3d4579051d3f.txt	5907.w4lift-af7c897a8903.txt	2e62188e3c8b
7	5907.w4lift-3d4579051d3f.txt	5907.w4lift-af7c897a8903.txt	48f9270682d9
7	5907.w4lift-3d4579051d3f.txt	5907.w4lift-b2702baa553d.txt	156e559f9324
7	5907.w4lift-3d4579051d3f.txt	5907.w4lift-b66c35732a00.txt	833239f93d60
7	5907.w4lift-3d4579051d3f.txt	5907.w4lift-b7a548d5f629.txt	ab88abce72ba
7	5907.w4lift-3d4579051d3f.txt	5907.w4lift-b91f5e2f34a2.txt	8e3fa11cbde7
7	5907.w4lift-3d4579051d3f.txt	5907.w4lift-c5ee76734b4d.txt	ab88abce72ba
7	5907.w4lift-3d4579051d3f.txt	5907.w4lift-d09cda89e063.txt	b426a4d5583d
7	5907.w4lift-3d4579051d3f.txt	5907.w4lift-d155534ea2d4.txt	ca8cdf9cdda3
7	5907.w4lift-3d4579051d3f.txt	5907.w4lift-dcd0ec0a1fc5.txt	8480c2d421f7
7	5907.w4lift-3d4579051d3f.txt	5907.w4lift-df0078a194a0.txt	9d8393a2cbd2
7	5907.w4lift-3d4579051d3f.txt	5907.w4lift-e0368a011e8c.txt	bd96d6dbdd65
7	5907.w4lift-3d4579051d3f.txt	5907.w4lift-e04faca1c06c.txt	d4ec6aadbefe
7	5907.w4lift-3d4579051d3f.txt	5907.w4lift-e0fa39144639.txt	1e97b4d2bd18
7	5907.w4lift-3d4579051d3f.txt	5907.w4lift-e0fa39144639.txt	e8010fda4ae9
7	5907.w4lift-3d4579051d3f.txt	5907.w4lift-e0fb9d13de61.txt	7e00c873941d
7	5907.w4lift-3d4579051d3f.txt	5907.w4lift-e2841ecca038.txt	fecd684a9442
7	5907.w4lift-3d4579051d3f.txt	5907.w4lift-ebfb75328150.txt	8504a603e291
7	5907.w4lift-3d4579051d3f.txt	5907.w4lift-ec915ed4bfb3.txt	fa53bebb0c07
7	5907.w4lift-3d4579051d3f.txt	5907.w4lift-f859791b1e8e.txt	b742e93fcefe
7	5907.w4lift-3d4579051d3f.txt	5907.w4lift-faafae8fcdaa.txt	37cc3a8e114c
7	5907.w4lift-3d4579051d3f.txt	5907.w4lift-fc301bd873cb.txt	a7aabea675cc
7	5907.w4lift-3d4579051d3f.txt	5907.w4lift-fc5c70dfb561.txt	fee203226e22
7	5907.w4lift-3d4579051d3f.txt	5907.w4lift-fd06a0493fef.txt	1d66c35e4a35
7	5907.w4lift-3d4579051d3f.txt	5907.w4lift-fe39239f7468.txt	e616c3f821ef
7	5907.w4lift-3dfbf9f5e16c.txt	5907.w4lift-12b9a795ea21.txt	ab88abce72ba
7	5907.w4lift-3dfbf9f5e16c.txt	5907.w4lift-29f9231d6ec6.txt	e2a2c6dd2c41
7	5907.w4lift-3dfbf9f5e16c.txt	5907.w4lift-315604e8b5c3.txt	ab88abce72ba
7	5907.w4lift-3dfbf9f5e16c.txt	5907.w4lift-46c29e5bc2a7.txt	3b998b76d7fd
7	5907.w4lift-3dfbf9f5e16c.txt	5907.w4lift-46c29e5bc2a7.txt	aca056ea4c48
7	5907.w4lift-3dfbf9f5e16c.txt	5907.w4lift-5354b11bcbe4.txt	ab88abce72ba
7	5907.w4lift-3dfbf9f5e16c.txt	5907.w4lift-5768a023152f.txt	033afc57097e
7	5907.w4lift-3dfbf9f5e16c.txt	5907.w4lift-5768a023152f.txt	b4f13531d2e2
7	5907.w4lift-3dfbf9f5e16c.txt	5907.w4lift-65205c870bb9.txt	de09595a70f4
7	5907.w4lift-3dfbf9f5e16c.txt	5907.w4lift-9b8f53ec761e.txt	ab88abce72ba
7	5907.w4lift-3dfbf9f5e16c.txt	5907.w4lift-9ca41b2682df.txt	eb70d1e95c8b
7	5907.w4lift-3dfbf9f5e16c.txt	5907.w4lift-9dad34a0c58a.txt	02397927f53b
7	5907.w4lift-3dfbf9f5e16c.txt	5907.w4lift-9dad34a0c58a.txt	725677205daf
7	5907.w4lift-3dfbf9f5e16c.txt	5907.w4lift-e06bb85d02bc.txt	4c6e579a7560
7	5907.w4lift-3dfbf9f5e16c.txt	5907.w4lift-e06bb85d02bc.txt	72d376c5571d
7	5907.w4lift-3dfbf9f5e16c.txt	5907.w4lift-e3a439aa39b6.txt	292c02641e63
7	5907.w4lift-3dfbf9f5e16c.txt	5907.w4lift-e3a439aa39b6.txt	a89df6442166
7	5907.w4lift-3ebe5182ed48.txt	5907.w4lift-17e760a0d9d7.txt	4004c6042131
7	5907.w4lift-3ebe5182ed48.txt	5907.w4lift-17e760a0d9d7.txt	9233133e9c39
7	5907.w4lift-3ebe5182ed48.txt	5907.w4lift-5c992361b625.txt	ab88abce72ba
7	5907.w4lift-3f3f0065293f.txt	5907.w4lift-14ab3e140bcb.txt	a805ea3de51d
7	5907.w4lift-3f3f0065293f.txt	5907.w4lift-703a2a85174b.txt	f4276d62e543
7	5907.w4lift-3f3f0065293f.txt	5907.w4lift-c1a91d23a981.txt	ab88abce72ba
7	5907.w4lift-3f3f0065293f.txt	5907.w4lift-efa61e10819d.txt	ab88abce72ba
7	5907.w4lift-3f3f0065293f.txt	5907.w4lift-fef6456b68c4.txt	ab88abce72ba
7	5907.w4lift-3ff30ff747e3.txt	5907.w4lift-35edee9781b6.txt	ab88abce72ba
7	5907.w4lift-3ff30ff747e3.txt	5907.w4lift-7451833431e1.txt	b0362bc0097e
7	5907.w4lift-3ff30ff747e3.txt	5907.w4lift-ad38ede453dd.txt	28e415dd7f02
7	5907.w4lift-3ff30ff747e3.txt	5907.w4lift-ad38ede453dd.txt	c26c151d9d54
7	5907.w4lift-3ff30ff747e3.txt	5907.w4lift-ff972a34b4aa.txt	ab88abce72ba
7	5907.w4lift-4034f85f00ec.txt	5907.w4lift-0531d212f9bb.txt	9943a7ddc283
7	5907.w4lift-4034f85f00ec.txt	5907.w4lift-0709deed1cd4.txt	2257058c3d2d
7	5907.w4lift-4034f85f00ec.txt	5907.w4lift-16dd1019b651.txt	709cf47fa2d3
7	5907.w4lift-4034f85f00ec.txt	5907.w4lift-16dd1019b651.txt	8709489b69c1
7	5907.w4lift-4034f85f00ec.txt	5907.w4lift-1e59b13c7cc0.txt	2646e152c820
7	5907.w4lift-4034f85f00ec.txt	5907.w4lift-352479dbf208.txt	a9587b440eca
7	5907.w4lift-4034f85f00ec.txt	5907.w4lift-3580a08a5c73.txt	07d6e2e26dfe
7	5907.w4lift-4034f85f00ec.txt	5907.w4lift-37386755df59.txt	9ffeb4ce9bae
7	5907.w4lift-4034f85f00ec.txt	5907.w4lift-386272df4871.txt	e6a2ec270f5f
7	5907.w4lift-4034f85f00ec.txt	5907.w4lift-43a95823c4dc.txt	94e83c3c75fb
7	5907.w4lift-4034f85f00ec.txt	5907.w4lift-4a5b17090e74.txt	bd508e5023d8
7	5907.w4lift-4034f85f00ec.txt	5907.w4lift-4d47295ca519.txt	51225a9bb93e
7	5907.w4lift-4034f85f00ec.txt	5907.w4lift-53542138d1b5.txt	ab88abce72ba
7	5907.w4lift-4034f85f00ec.txt	5907.w4lift-540198536578.txt	c2220252475b
7	5907.w4lift-4034f85f00ec.txt	5907.w4lift-58984281bc50.txt	c32545fa8a66
7	5907.w4lift-4034f85f00ec.txt	5907.w4lift-6d19c9f1455d.txt	a805ea3de51d
7	5907.w4lift-4034f85f00ec.txt	5907.w4lift-6ec79809fccc.txt	2f9f850b1759
7	5907.w4lift-4034f85f00ec.txt	5907.w4lift-76a1eae91ca0.txt	48c30fab9556
7	5907.w4lift-4034f85f00ec.txt	5907.w4lift-7714757d2e9e.txt	ab88abce72ba
7	5907.w4lift-4034f85f00ec.txt	5907.w4lift-8966629ce152.txt	ab88abce72ba
7	5907.w4lift-4034f85f00ec.txt	5907.w4lift-89b3167f9583.txt	bbf1b4974173
7	5907.w4lift-4034f85f00ec.txt	5907.w4lift-89b3167f9583.txt	dd454bcc3c5a
7	5907.w4lift-4034f85f00ec.txt	5907.w4lift-8e5ca0ef018c.txt	ddf5bfe474bf
7	5907.w4lift-4034f85f00ec.txt	5907.w4lift-912bd909d2b6.txt	0fa419c2f08b
7	5907.w4lift-4034f85f00ec.txt	5907.w4lift-9b4bc5700c90.txt	2c06ce315361
7	5907.w4lift-4034f85f00ec.txt	5907.w4lift-a7bbb73953d8.txt	be6b4f4e69cf
7	5907.w4lift-4034f85f00ec.txt	5907.w4lift-a8d3c9324eac.txt	8e620393073b
7	5907.w4lift-4034f85f00ec.txt	5907.w4lift-af7c897a8903.txt	760f0d23e496
7	5907.w4lift-4034f85f00ec.txt	5907.w4lift-bca46e18f77b.txt	98aeb647340c
7	5907.w4lift-4034f85f00ec.txt	5907.w4lift-bfbef8785aff.txt	642f48479b2a
7	5907.w4lift-4034f85f00ec.txt	5907.w4lift-c7b7714127d9.txt	f4276d62e543
7	5907.w4lift-4034f85f00ec.txt	5907.w4lift-ca71ed8496bd.txt	398028eae919
7	5907.w4lift-4034f85f00ec.txt	5907.w4lift-cba9917bd593.txt	b2c5eb761e41
7	5907.w4lift-4034f85f00ec.txt	5907.w4lift-d213b0754523.txt	f5cc9fff27f8
7	5907.w4lift-4034f85f00ec.txt	5907.w4lift-db45ebdeed40.txt	c7858d81e8da
7	5907.w4lift-4034f85f00ec.txt	5907.w4lift-dcd0ec0a1fc5.txt	5e3e40b58466
7	5907.w4lift-4034f85f00ec.txt	5907.w4lift-dd250dd876cd.txt	39fe21f51977
7	5907.w4lift-4034f85f00ec.txt	5907.w4lift-e0368a011e8c.txt	3394d4cf4ce9
7	5907.w4lift-4034f85f00ec.txt	5907.w4lift-e0368a011e8c.txt	b84e5852608b
7	5907.w4lift-4034f85f00ec.txt	5907.w4lift-e0fa39144639.txt	430f8ba0d5bf
7	5907.w4lift-4034f85f00ec.txt	5907.w4lift-e0fb9d13de61.txt	f609e3a8e480
7	5907.w4lift-4034f85f00ec.txt	5907.w4lift-e2841ecca038.txt	f4b9a13ff36c
7	5907.w4lift-4034f85f00ec.txt	5907.w4lift-e7ee0cc9c017.txt	bac45191348c
7	5907.w4lift-4034f85f00ec.txt	5907.w4lift-eb9a0d99f5fb.txt	ab11977fcf47
7	5907.w4lift-4034f85f00ec.txt	5907.w4lift-f2708ef02d1a.txt	306d4d2a2ee6
7	5907.w4lift-4034f85f00ec.txt	5907.w4lift-f859791b1e8e.txt	ab88abce72ba
7	5907.w4lift-4034f85f00ec.txt	5907.w4lift-faafae8fcdaa.txt	9ed53e6fa387
7	5907.w4lift-4034f85f00ec.txt	5907.w4lift-fc5c70dfb561.txt	4c6e579a7560
7	5907.w4lift-4034f85f00ec.txt	5907.w4lift-fc5c70dfb561.txt	72d376c5571d
7	5907.w4lift-4034f85f00ec.txt	5907.w4lift-fc7d7045a431.txt	9ffeb4ce9bae
7	5907.w4lift-4034f85f00ec.txt	5907.w4lift-fd06a0493fef.txt	151c9d94814a
7	5907.w4lift-4034f85f00ec.txt	5907.w4lift-fd06a0493fef.txt	3f4b1bcb6fa8
7	5907.w4lift-40dae53e6185.txt	5907.w4lift-06b66ef7470f.txt	ab88abce72ba
7	5907.w4lift-40dae53e6185.txt	5907.w4lift-16dd1019b651.txt	847f96324af3
7	5907.w4lift-40dae53e6185.txt	5907.w4lift-177bb009e3ce.txt	429db3717944
7	5907.w4lift-40dae53e6185.txt	5907.w4lift-177bb009e3ce.txt	b081b754d26e
7	5907.w4lift-40dae53e6185.txt	5907.w4lift-1da61b5817e6.txt	8e3fa11cbde7
7	5907.w4lift-40dae53e6185.txt	5907.w4lift-1e59b13c7cc0.txt	ab88abce72ba
7	5907.w4lift-40dae53e6185.txt	5907.w4lift-208b728dbc49.txt	ab88abce72ba
7	5907.w4lift-40dae53e6185.txt	5907.w4lift-2344c04ea5dd.txt	72397e2f680a
7	5907.w4lift-40dae53e6185.txt	5907.w4lift-352479dbf208.txt	dbb15d86868a
7	5907.w4lift-40dae53e6185.txt	5907.w4lift-3580a08a5c73.txt	d24f63edf5b4
7	5907.w4lift-40dae53e6185.txt	5907.w4lift-37386755df59.txt	3ec33775c7bd
7	5907.w4lift-40dae53e6185.txt	5907.w4lift-3ce63a53cf1a.txt	162b937cfcd8
7	5907.w4lift-40dae53e6185.txt	5907.w4lift-430092f5780f.txt	ab88abce72ba
7	5907.w4lift-40dae53e6185.txt	5907.w4lift-43a95823c4dc.txt	8821c9761a3f
7	5907.w4lift-40dae53e6185.txt	5907.w4lift-4a5b17090e74.txt	6a51a52b89c4
7	5907.w4lift-40dae53e6185.txt	5907.w4lift-55201236e530.txt	833239f93d60
7	5907.w4lift-40dae53e6185.txt	5907.w4lift-6e905a492084.txt	f491e3e4a3c1
7	5907.w4lift-40dae53e6185.txt	5907.w4lift-6ec79809fccc.txt	e491b3145c5e
7	5907.w4lift-40dae53e6185.txt	5907.w4lift-7cd2edab64dc.txt	b4dfc6692083
7	5907.w4lift-40dae53e6185.txt	5907.w4lift-80c95286cd7c.txt	19e1c21182bd
7	5907.w4lift-40dae53e6185.txt	5907.w4lift-82caf1ba27e5.txt	7dfddb482d3c
7	5907.w4lift-40dae53e6185.txt	5907.w4lift-863de61b836a.txt	ab88abce72ba
7	5907.w4lift-40dae53e6185.txt	5907.w4lift-88a61c377b0a.txt	74d91872eeb5
7	5907.w4lift-40dae53e6185.txt	5907.w4lift-8a8b72923703.txt	cf88f66916d6
7	5907.w4lift-40dae53e6185.txt	5907.w4lift-912bd909d2b6.txt	1e48e92e2bca
7	5907.w4lift-40dae53e6185.txt	5907.w4lift-a82143024d2d.txt	833239f93d60
7	5907.w4lift-40dae53e6185.txt	5907.w4lift-a8d3c9324eac.txt	2e62188e3c8b
7	5907.w4lift-40dae53e6185.txt	5907.w4lift-a8d3c9324eac.txt	48f9270682d9
7	5907.w4lift-40dae53e6185.txt	5907.w4lift-ab80c9a45344.txt	a8af7d1d0d1f
7	5907.w4lift-40dae53e6185.txt	5907.w4lift-ae466549a0d9.txt	1fbf82fb2187
7	5907.w4lift-40dae53e6185.txt	5907.w4lift-b4e57551e32a.txt	885fe227bff6
7	5907.w4lift-40dae53e6185.txt	5907.w4lift-caeaa9e5ac42.txt	3123e32f64ba
7	5907.w4lift-40dae53e6185.txt	5907.w4lift-cb7d99c78307.txt	ab88abce72ba
7	5907.w4lift-40dae53e6185.txt	5907.w4lift-d213b0754523.txt	5581e578134b
7	5907.w4lift-40dae53e6185.txt	5907.w4lift-d213b0754523.txt	d0a01a1ac47d
7	5907.w4lift-40dae53e6185.txt	5907.w4lift-d742e5e60c6f.txt	1a06d1157530
7	5907.w4lift-40dae53e6185.txt	5907.w4lift-da24731c22eb.txt	e2381e7cebff
7	5907.w4lift-40dae53e6185.txt	5907.w4lift-dd250dd876cd.txt	2dcd6251565a
7	5907.w4lift-40dae53e6185.txt	5907.w4lift-df0078a194a0.txt	f489418a0205
7	5907.w4lift-40dae53e6185.txt	5907.w4lift-dff914259b29.txt	01ebc19824fc
7	5907.w4lift-40dae53e6185.txt	5907.w4lift-e04faca1c06c.txt	defc0816dfd5
7	5907.w4lift-40dae53e6185.txt	5907.w4lift-e2841ecca038.txt	d3143f1b84ab
7	5907.w4lift-40dae53e6185.txt	5907.w4lift-e44f3ccf8ed4.txt	44bac1587ba9
7	5907.w4lift-40dae53e6185.txt	5907.w4lift-e45b90b0a767.txt	27becabec391
7	5907.w4lift-40dae53e6185.txt	5907.w4lift-f6b8b0e6314c.txt	8373a022eef2
7	5907.w4lift-40dae53e6185.txt	5907.w4lift-f75829b56545.txt	c8cd712ae7b0
7	5907.w4lift-430092f5780f.txt	5907.w4lift-06b66ef7470f.txt	ada84d0153fa
7	5907.w4lift-430092f5780f.txt	5907.w4lift-16dd1019b651.txt	e7dc2a75bdd1
7	5907.w4lift-430092f5780f.txt	5907.w4lift-177bb009e3ce.txt	45e1abda4c12
7	5907.w4lift-430092f5780f.txt	5907.w4lift-1da61b5817e6.txt	833239f93d60
7	5907.w4lift-430092f5780f.txt	5907.w4lift-1e59b13c7cc0.txt	3a3b52457923
7	5907.w4lift-430092f5780f.txt	5907.w4lift-208b728dbc49.txt	8821c9761a3f
7	5907.w4lift-430092f5780f.txt	5907.w4lift-2344c04ea5dd.txt	ab88abce72ba
7	5907.w4lift-430092f5780f.txt	5907.w4lift-352479dbf208.txt	bcf19a50a353
7	5907.w4lift-430092f5780f.txt	5907.w4lift-3580a08a5c73.txt	e1065cfc01db
7	5907.w4lift-430092f5780f.txt	5907.w4lift-37386755df59.txt	0ce7fb1aec46
7	5907.w4lift-430092f5780f.txt	5907.w4lift-3ce63a53cf1a.txt	c9d65fee4f73
7	5907.w4lift-430092f5780f.txt	5907.w4lift-40dae53e6185.txt	ab88abce72ba
7	5907.w4lift-430092f5780f.txt	5907.w4lift-43a95823c4dc.txt	45e1abda4c12
7	5907.w4lift-430092f5780f.txt	5907.w4lift-4a5b17090e74.txt	c672adfe27ca
7	5907.w4lift-430092f5780f.txt	5907.w4lift-55201236e530.txt	573ebb4e5913
7	5907.w4lift-430092f5780f.txt	5907.w4lift-6e905a492084.txt	6a51a52b89c4
7	5907.w4lift-430092f5780f.txt	5907.w4lift-6ec79809fccc.txt	d24f63edf5b4
7	5907.w4lift-430092f5780f.txt	5907.w4lift-7cd2edab64dc.txt	27becabec391
7	5907.w4lift-430092f5780f.txt	5907.w4lift-80c95286cd7c.txt	3ec33775c7bd
7	5907.w4lift-430092f5780f.txt	5907.w4lift-82caf1ba27e5.txt	a8af7d1d0d1f
7	5907.w4lift-430092f5780f.txt	5907.w4lift-863de61b836a.txt	e616c3f821ef
7	5907.w4lift-430092f5780f.txt	5907.w4lift-88a61c377b0a.txt	29acfe26c3eb
7	5907.w4lift-430092f5780f.txt	5907.w4lift-8a8b72923703.txt	ab88abce72ba
7	5907.w4lift-430092f5780f.txt	5907.w4lift-912bd909d2b6.txt	e0be9b4548fa
7	5907.w4lift-430092f5780f.txt	5907.w4lift-a82143024d2d.txt	ab88abce72ba
7	5907.w4lift-430092f5780f.txt	5907.w4lift-a8d3c9324eac.txt	6e21f7e985fe
7	5907.w4lift-430092f5780f.txt	5907.w4lift-ab80c9a45344.txt	1953b28ffc27
7	5907.w4lift-430092f5780f.txt	5907.w4lift-ae466549a0d9.txt	bb0325078ded
7	5907.w4lift-430092f5780f.txt	5907.w4lift-b4e57551e32a.txt	dbb15d86868a
7	5907.w4lift-430092f5780f.txt	5907.w4lift-caeaa9e5ac42.txt	1e48e92e2bca
7	5907.w4lift-430092f5780f.txt	5907.w4lift-cb7d99c78307.txt	429db3717944
7	5907.w4lift-430092f5780f.txt	5907.w4lift-cb7d99c78307.txt	b081b754d26e
7	5907.w4lift-430092f5780f.txt	5907.w4lift-d213b0754523.txt	ab88abce72ba
7	5907.w4lift-430092f5780f.txt	5907.w4lift-d742e5e60c6f.txt	162b937cfcd8
7	5907.w4lift-430092f5780f.txt	5907.w4lift-da24731c22eb.txt	c8cd712ae7b0
7	5907.w4lift-430092f5780f.txt	5907.w4lift-dd250dd876cd.txt	8821c9761a3f
7	5907.w4lift-430092f5780f.txt	5907.w4lift-df0078a194a0.txt	429db3717944
7	5907.w4lift-430092f5780f.txt	5907.w4lift-df0078a194a0.txt	b081b754d26e
7	5907.w4lift-430092f5780f.txt	5907.w4lift-dff914259b29.txt	1fbf82fb2187
7	5907.w4lift-430092f5780f.txt	5907.w4lift-e04faca1c06c.txt	2e62188e3c8b
7	5907.w4lift-430092f5780f.txt	5907.w4lift-e04faca1c06c.txt	48f9270682d9
7	5907.w4lift-430092f5780f.txt	5907.w4lift-e2841ecca038.txt	847f96324af3
7	5907.w4lift-430092f5780f.txt	5907.w4lift-e44f3ccf8ed4.txt	74d91872eeb5
7	5907.w4lift-430092f5780f.txt	5907.w4lift-e45b90b0a767.txt	959edf9574a8
7	5907.w4lift-430092f5780f.txt	5907.w4lift-f6b8b0e6314c.txt	ab88abce72ba
7	5907.w4lift-430092f5780f.txt	5907.w4lift-f75829b56545.txt	b4fb337c2041
7	5907.w4lift-43a95823c4dc.txt	5907.w4lift-04c898c73c62.txt	8373a022eef2
7	5907.w4lift-43a95823c4dc.txt	5907.w4lift-16dd1019b651.txt	ab88abce72ba
7	5907.w4lift-43a95823c4dc.txt	5907.w4lift-1e59b13c7cc0.txt	ab88abce72ba
7	5907.w4lift-43a95823c4dc.txt	5907.w4lift-231c44b74cdf.txt	ab88abce72ba
7	5907.w4lift-43a95823c4dc.txt	5907.w4lift-2914e81572fa.txt	72397e2f680a
7	5907.w4lift-43a95823c4dc.txt	5907.w4lift-2f67f2643eeb.txt	44bac1587ba9
7	5907.w4lift-43a95823c4dc.txt	5907.w4lift-3580a08a5c73.txt	cb67e923a6ca
7	5907.w4lift-43a95823c4dc.txt	5907.w4lift-4034f85f00ec.txt	435e181a3f3c
7	5907.w4lift-43a95823c4dc.txt	5907.w4lift-40dae53e6185.txt	d4ec6aadbefe
7	5907.w4lift-43a95823c4dc.txt	5907.w4lift-430092f5780f.txt	7b5542740cec
7	5907.w4lift-43a95823c4dc.txt	5907.w4lift-4d47295ca519.txt	1a06d1157530
7	5907.w4lift-43a95823c4dc.txt	5907.w4lift-53542138d1b5.txt	41dfe21e6c1c
7	5907.w4lift-43a95823c4dc.txt	5907.w4lift-540198536578.txt	2dd7827e5108
7	5907.w4lift-43a95823c4dc.txt	5907.w4lift-546a47a518b6.txt	ab88abce72ba
7	5907.w4lift-43a95823c4dc.txt	5907.w4lift-65fb95f576e7.txt	82d464ef22d6
7	5907.w4lift-43a95823c4dc.txt	5907.w4lift-676d0f91dd66.txt	032dbf0d777a
7	5907.w4lift-43a95823c4dc.txt	5907.w4lift-6ec79809fccc.txt	396fe6d979c3
7	5907.w4lift-43a95823c4dc.txt	5907.w4lift-76a1eae91ca0.txt	27becabec391
7	5907.w4lift-43a95823c4dc.txt	5907.w4lift-7714757d2e9e.txt	4428d2ecf001
7	5907.w4lift-43a95823c4dc.txt	5907.w4lift-863de61b836a.txt	ba9ea1eefc0d
7	5907.w4lift-43a95823c4dc.txt	5907.w4lift-8966629ce152.txt	d4cb09a1314f
7	5907.w4lift-43a95823c4dc.txt	5907.w4lift-89b3167f9583.txt	1fbf82fb2187
7	5907.w4lift-43a95823c4dc.txt	5907.w4lift-8e5ca0ef018c.txt	7dfddb482d3c
7	5907.w4lift-43a95823c4dc.txt	5907.w4lift-9b264f72a9b4.txt	3c4631c5867a
7	5907.w4lift-43a95823c4dc.txt	5907.w4lift-a82143024d2d.txt	10d61a16c4f8
7	5907.w4lift-43a95823c4dc.txt	5907.w4lift-a8d3c9324eac.txt	5aceefba3b64
7	5907.w4lift-43a95823c4dc.txt	5907.w4lift-bca46e18f77b.txt	01ebc19824fc
7	5907.w4lift-43a95823c4dc.txt	5907.w4lift-bfbef8785aff.txt	c2def9f0e515
7	5907.w4lift-43a95823c4dc.txt	5907.w4lift-cb7d99c78307.txt	ab88abce72ba
7	5907.w4lift-43a95823c4dc.txt	5907.w4lift-cba9917bd593.txt	be1ffc91f1cd
7	5907.w4lift-43a95823c4dc.txt	5907.w4lift-d213b0754523.txt	62a74ce65faa
7	5907.w4lift-43a95823c4dc.txt	5907.w4lift-d213b0754523.txt	b13177991e02
7	5907.w4lift-43a95823c4dc.txt	5907.w4lift-db45ebdeed40.txt	99cf5c65dd47
7	5907.w4lift-43a95823c4dc.txt	5907.w4lift-dbf70f871210.txt	e616c3f821ef
7	5907.w4lift-43a95823c4dc.txt	5907.w4lift-dd24a1fe19b2.txt	f2e392111776
7	5907.w4lift-43a95823c4dc.txt	5907.w4lift-dd250dd876cd.txt	ab88abce72ba
7	5907.w4lift-43a95823c4dc.txt	5907.w4lift-e0368a011e8c.txt	a8af7d1d0d1f
7	5907.w4lift-43a95823c4dc.txt	5907.w4lift-e04faca1c06c.txt	f66db8d87212
7	5907.w4lift-43a95823c4dc.txt	5907.w4lift-e2841ecca038.txt	833239f93d60
7	5907.w4lift-43a95823c4dc.txt	5907.w4lift-e7ee0cc9c017.txt	b90b8c0dcceb
7	5907.w4lift-43a95823c4dc.txt	5907.w4lift-eb9a0d99f5fb.txt	27db135a20ba
7	5907.w4lift-43a95823c4dc.txt	5907.w4lift-ec915ed4bfb3.txt	cf88f66916d6
7	5907.w4lift-43a95823c4dc.txt	5907.w4lift-ef0f8852bf9b.txt	74d91872eeb5
7	5907.w4lift-43a95823c4dc.txt	5907.w4lift-f2708ef02d1a.txt	ead8943daa46
7	5907.w4lift-43a95823c4dc.txt	5907.w4lift-f6b8b0e6314c.txt	0d491f159886
7	5907.w4lift-43a95823c4dc.txt	5907.w4lift-fc5c70dfb561.txt	1fdef8fb9a0a
7	5907.w4lift-43a95823c4dc.txt	5907.w4lift-fc7d7045a431.txt	b4dfc6692083
7	5907.w4lift-43a95823c4dc.txt	5907.w4lift-fd06a0493fef.txt	162b937cfcd8
7	5907.w4lift-43a95823c4dc.txt	5907.w4lift-fe39239f7468.txt	83f2a26fb1ab
7	5907.w4lift-45a4ff8466a7.txt	5907.w4lift-0531d212f9bb.txt	803ec382c593
7	5907.w4lift-45a4ff8466a7.txt	5907.w4lift-0709deed1cd4.txt	5166d6e62e75
7	5907.w4lift-45a4ff8466a7.txt	5907.w4lift-0709deed1cd4.txt	e3da64e6da9b
7	5907.w4lift-45a4ff8466a7.txt	5907.w4lift-08210f1c16a0.txt	ab88abce72ba
7	5907.w4lift-45a4ff8466a7.txt	5907.w4lift-097d01eaddb9.txt	921653b5f057
7	5907.w4lift-45a4ff8466a7.txt	5907.w4lift-169e64bca870.txt	c7e7cc660163
7	5907.w4lift-45a4ff8466a7.txt	5907.w4lift-16dd1019b651.txt	2b1829f80cf7
7	5907.w4lift-45a4ff8466a7.txt	5907.w4lift-177bb009e3ce.txt	e853ab8baae5
7	5907.w4lift-45a4ff8466a7.txt	5907.w4lift-1c7e3360c98f.txt	4d9a21b2c945
7	5907.w4lift-45a4ff8466a7.txt	5907.w4lift-231c44b74cdf.txt	0ad29fbab280
7	5907.w4lift-45a4ff8466a7.txt	5907.w4lift-352479dbf208.txt	223da8cfb8a5
7	5907.w4lift-45a4ff8466a7.txt	5907.w4lift-37386755df59.txt	41a730999ec8
7	5907.w4lift-45a4ff8466a7.txt	5907.w4lift-386272df4871.txt	095bfb3dc800
7	5907.w4lift-45a4ff8466a7.txt	5907.w4lift-3d4579051d3f.txt	c6701c2a9601
7	5907.w4lift-45a4ff8466a7.txt	5907.w4lift-4614701d0920.txt	ab88abce72ba
7	5907.w4lift-45a4ff8466a7.txt	5907.w4lift-4a5b17090e74.txt	7145048de6a4
7	5907.w4lift-45a4ff8466a7.txt	5907.w4lift-508210674d85.txt	b98392e1d7a6
7	5907.w4lift-45a4ff8466a7.txt	5907.w4lift-5742f21eca2d.txt	0d491f159886
7	5907.w4lift-45a4ff8466a7.txt	5907.w4lift-58984281bc50.txt	ab88abce72ba
7	5907.w4lift-45a4ff8466a7.txt	5907.w4lift-5f95afa2454b.txt	d4ec6aadbefe
7	5907.w4lift-45a4ff8466a7.txt	5907.w4lift-5ffba5cc4529.txt	0485c22c758e
7	5907.w4lift-45a4ff8466a7.txt	5907.w4lift-684436c46755.txt	4f671bc3d3f3
7	5907.w4lift-45a4ff8466a7.txt	5907.w4lift-6d19c9f1455d.txt	67eacd157bbc
7	5907.w4lift-45a4ff8466a7.txt	5907.w4lift-6d19c9f1455d.txt	90d033b7ddbf
7	5907.w4lift-45a4ff8466a7.txt	5907.w4lift-6e6b2c468f32.txt	7b5542740cec
7	5907.w4lift-45a4ff8466a7.txt	5907.w4lift-71600a834959.txt	c6fe0326a117
7	5907.w4lift-45a4ff8466a7.txt	5907.w4lift-76a1eae91ca0.txt	be6b4f4e69cf
7	5907.w4lift-45a4ff8466a7.txt	5907.w4lift-7714757d2e9e.txt	ab99b7547904
7	5907.w4lift-45a4ff8466a7.txt	5907.w4lift-86a03197440a.txt	c958df8ea4c3
7	5907.w4lift-45a4ff8466a7.txt	5907.w4lift-8824a6971c2e.txt	d88a6cb7c03b
7	5907.w4lift-45a4ff8466a7.txt	5907.w4lift-8966629ce152.txt	cddfeeb9ec88
7	5907.w4lift-45a4ff8466a7.txt	5907.w4lift-89b3167f9583.txt	ab88abce72ba
7	5907.w4lift-45a4ff8466a7.txt	5907.w4lift-912bd909d2b6.txt	62a74ce65faa
7	5907.w4lift-45a4ff8466a7.txt	5907.w4lift-912bd909d2b6.txt	b13177991e02
7	5907.w4lift-45a4ff8466a7.txt	5907.w4lift-9b4bc5700c90.txt	0df6c6a90182
7	5907.w4lift-45a4ff8466a7.txt	5907.w4lift-a6df35bc4b74.txt	39ea17aa2020
7	5907.w4lift-45a4ff8466a7.txt	5907.w4lift-a8d3c9324eac.txt	9105aba16b54
7	5907.w4lift-45a4ff8466a7.txt	5907.w4lift-ae6af3254cbe.txt	39b993f37fda
7	5907.w4lift-45a4ff8466a7.txt	5907.w4lift-af7c897a8903.txt	c62a03f346cf
7	5907.w4lift-45a4ff8466a7.txt	5907.w4lift-b18d3ecda2e7.txt	ab88abce72ba
7	5907.w4lift-45a4ff8466a7.txt	5907.w4lift-b2702baa553d.txt	a9c76f6fbb61
7	5907.w4lift-45a4ff8466a7.txt	5907.w4lift-b66c35732a00.txt	61e671455635
7	5907.w4lift-45a4ff8466a7.txt	5907.w4lift-b7a548d5f629.txt	90628da2dd0c
7	5907.w4lift-45a4ff8466a7.txt	5907.w4lift-b7a548d5f629.txt	a9604abeb264
7	5907.w4lift-45a4ff8466a7.txt	5907.w4lift-bca46e18f77b.txt	d4ec6aadbefe
7	5907.w4lift-45a4ff8466a7.txt	5907.w4lift-bd154fbbf435.txt	83d54a67702c
7	5907.w4lift-45a4ff8466a7.txt	5907.w4lift-caeaa9e5ac42.txt	7b5542740cec
7	5907.w4lift-45a4ff8466a7.txt	5907.w4lift-d946605e111b.txt	62a74ce65faa
7	5907.w4lift-45a4ff8466a7.txt	5907.w4lift-d946605e111b.txt	b13177991e02
7	5907.w4lift-45a4ff8466a7.txt	5907.w4lift-dcd0ec0a1fc5.txt	4c6e579a7560
7	5907.w4lift-45a4ff8466a7.txt	5907.w4lift-dcd0ec0a1fc5.txt	72d376c5571d
7	5907.w4lift-45a4ff8466a7.txt	5907.w4lift-df0078a194a0.txt	573b5918fcfd
7	5907.w4lift-45a4ff8466a7.txt	5907.w4lift-e0368a011e8c.txt	398028eae919
7	5907.w4lift-45a4ff8466a7.txt	5907.w4lift-e0fa39144639.txt	38fa2979bd03
7	5907.w4lift-45a4ff8466a7.txt	5907.w4lift-e0fb9d13de61.txt	09d23aa6b91a
7	5907.w4lift-45a4ff8466a7.txt	5907.w4lift-e768827496d4.txt	b1be0f46d82c
7	5907.w4lift-45a4ff8466a7.txt	5907.w4lift-e96c05b05fe9.txt	f4d01cebfb11
7	5907.w4lift-45a4ff8466a7.txt	5907.w4lift-ec915ed4bfb3.txt	49d4d9e84135
7	5907.w4lift-45a4ff8466a7.txt	5907.w4lift-ecfe2ba8e511.txt	15c816659d45
7	5907.w4lift-45a4ff8466a7.txt	5907.w4lift-f859791b1e8e.txt	427e8cc7a808
7	5907.w4lift-45a4ff8466a7.txt	5907.w4lift-f859791b1e8e.txt	f5542aa46bd8
7	5907.w4lift-45a4ff8466a7.txt	5907.w4lift-f9f8e9513c54.txt	e1d1870a78cd
7	5907.w4lift-45a4ff8466a7.txt	5907.w4lift-faafae8fcdaa.txt	ab88abce72ba
7	5907.w4lift-45a4ff8466a7.txt	5907.w4lift-fc5c70dfb561.txt	c958df8ea4c3
7	5907.w4lift-45a4ff8466a7.txt	5907.w4lift-fd06a0493fef.txt	f4276d62e543
7	5907.w4lift-4614701d0920.txt	5907.w4lift-0531d212f9bb.txt	4728d8e5f3d2
7	5907.w4lift-4614701d0920.txt	5907.w4lift-0709deed1cd4.txt	cfa4043ac971
7	5907.w4lift-4614701d0920.txt	5907.w4lift-08210f1c16a0.txt	cf88f66916d6
7	5907.w4lift-4614701d0920.txt	5907.w4lift-097d01eaddb9.txt	90628da2dd0c
7	5907.w4lift-4614701d0920.txt	5907.w4lift-097d01eaddb9.txt	a9604abeb264
7	5907.w4lift-4614701d0920.txt	5907.w4lift-177bb009e3ce.txt	0ad29fbab280
7	5907.w4lift-4614701d0920.txt	5907.w4lift-1ba050a47f0b.txt	61e671455635
7	5907.w4lift-4614701d0920.txt	5907.w4lift-1c7e3360c98f.txt	f550b887608a
7	5907.w4lift-4614701d0920.txt	5907.w4lift-231c44b74cdf.txt	e8e466f2309f
7	5907.w4lift-4614701d0920.txt	5907.w4lift-3359ccc27832.txt	c62a03f346cf
7	5907.w4lift-4614701d0920.txt	5907.w4lift-3580a08a5c73.txt	2b1829f80cf7
7	5907.w4lift-4614701d0920.txt	5907.w4lift-3ce63a53cf1a.txt	223da8cfb8a5
7	5907.w4lift-4614701d0920.txt	5907.w4lift-45a4ff8466a7.txt	ab88abce72ba
7	5907.w4lift-4614701d0920.txt	5907.w4lift-508210674d85.txt	4d9a21b2c945
7	5907.w4lift-4614701d0920.txt	5907.w4lift-540198536578.txt	be6b4f4e69cf
7	5907.w4lift-4614701d0920.txt	5907.w4lift-5742f21eca2d.txt	83f2a26fb1ab
7	5907.w4lift-4614701d0920.txt	5907.w4lift-58984281bc50.txt	a805ea3de51d
7	5907.w4lift-4614701d0920.txt	5907.w4lift-5f95afa2454b.txt	ab88abce72ba
7	5907.w4lift-4614701d0920.txt	5907.w4lift-5ffba5cc4529.txt	ddc1e5a5e22d
7	5907.w4lift-4614701d0920.txt	5907.w4lift-65fb95f576e7.txt	ab88abce72ba
7	5907.w4lift-4614701d0920.txt	5907.w4lift-684436c46755.txt	ab88abce72ba
7	5907.w4lift-4614701d0920.txt	5907.w4lift-6d19c9f1455d.txt	08228ec67eb6
7	5907.w4lift-4614701d0920.txt	5907.w4lift-6e6b2c468f32.txt	0d491f159886
7	5907.w4lift-4614701d0920.txt	5907.w4lift-71600a834959.txt	b1be0f46d82c
7	5907.w4lift-4614701d0920.txt	5907.w4lift-863de61b836a.txt	9105aba16b54
7	5907.w4lift-4614701d0920.txt	5907.w4lift-86a03197440a.txt	803ec382c593
7	5907.w4lift-4614701d0920.txt	5907.w4lift-8824a6971c2e.txt	67eacd157bbc
7	5907.w4lift-4614701d0920.txt	5907.w4lift-8824a6971c2e.txt	90d033b7ddbf
7	5907.w4lift-4614701d0920.txt	5907.w4lift-a6df35bc4b74.txt	fe22f3e91d6f
7	5907.w4lift-4614701d0920.txt	5907.w4lift-a7bbb73953d8.txt	c958df8ea4c3
7	5907.w4lift-4614701d0920.txt	5907.w4lift-ab80c9a45344.txt	7145048de6a4
7	5907.w4lift-4614701d0920.txt	5907.w4lift-ae466549a0d9.txt	62a74ce65faa
7	5907.w4lift-4614701d0920.txt	5907.w4lift-ae466549a0d9.txt	b13177991e02
7	5907.w4lift-4614701d0920.txt	5907.w4lift-ae6af3254cbe.txt	0485c22c758e
7	5907.w4lift-4614701d0920.txt	5907.w4lift-b18d3ecda2e7.txt	8373a022eef2
7	5907.w4lift-4614701d0920.txt	5907.w4lift-b2702baa553d.txt	39ea17aa2020
7	5907.w4lift-4614701d0920.txt	5907.w4lift-b7a548d5f629.txt	947fefee2ce1
7	5907.w4lift-4614701d0920.txt	5907.w4lift-bd154fbbf435.txt	ab88abce72ba
7	5907.w4lift-4614701d0920.txt	5907.w4lift-bfbef8785aff.txt	398028eae919
7	5907.w4lift-4614701d0920.txt	5907.w4lift-c5ee76734b4d.txt	c6701c2a9601
7	5907.w4lift-4614701d0920.txt	5907.w4lift-c7b7714127d9.txt	ab99b7547904
7	5907.w4lift-4614701d0920.txt	5907.w4lift-c8c5110de4f9.txt	c7e7cc660163
7	5907.w4lift-4614701d0920.txt	5907.w4lift-ca71ed8496bd.txt	cddfeeb9ec88
7	5907.w4lift-4614701d0920.txt	5907.w4lift-d155534ea2d4.txt	0df6c6a90182
7	5907.w4lift-4614701d0920.txt	5907.w4lift-d946605e111b.txt	ab88abce72ba
7	5907.w4lift-4614701d0920.txt	5907.w4lift-db45ebdeed40.txt	f4276d62e543
7	5907.w4lift-4614701d0920.txt	5907.w4lift-dcd0ec0a1fc5.txt	9943a7ddc283
7	5907.w4lift-4614701d0920.txt	5907.w4lift-df0078a194a0.txt	49d4d9e84135
7	5907.w4lift-4614701d0920.txt	5907.w4lift-dff914259b29.txt	7b5542740cec
7	5907.w4lift-4614701d0920.txt	5907.w4lift-e45b90b0a767.txt	41a730999ec8
7	5907.w4lift-4614701d0920.txt	5907.w4lift-e768827496d4.txt	92782df6e5d5
7	5907.w4lift-4614701d0920.txt	5907.w4lift-e7ee0cc9c017.txt	d4ec6aadbefe
7	5907.w4lift-4614701d0920.txt	5907.w4lift-e96c05b05fe9.txt	427e8cc7a808
7	5907.w4lift-4614701d0920.txt	5907.w4lift-e96c05b05fe9.txt	f5542aa46bd8
7	5907.w4lift-4614701d0920.txt	5907.w4lift-ebfb75328150.txt	095bfb3dc800
7	5907.w4lift-4614701d0920.txt	5907.w4lift-ec915ed4bfb3.txt	92cca1ec54bb
7	5907.w4lift-4614701d0920.txt	5907.w4lift-ecfe2ba8e511.txt	5166d6e62e75
7	5907.w4lift-4614701d0920.txt	5907.w4lift-ecfe2ba8e511.txt	e3da64e6da9b
7	5907.w4lift-4614701d0920.txt	5907.w4lift-f18f663f4c81.txt	09d23aa6b91a
7	5907.w4lift-4614701d0920.txt	5907.w4lift-f9f8e9513c54.txt	4c6e579a7560
7	5907.w4lift-4614701d0920.txt	5907.w4lift-f9f8e9513c54.txt	72d376c5571d
7	5907.w4lift-4614701d0920.txt	5907.w4lift-faafae8fcdaa.txt	2257058c3d2d
7	5907.w4lift-4614701d0920.txt	5907.w4lift-fc301bd873cb.txt	38fa2979bd03
7	5907.w4lift-46c29e5bc2a7.txt	5907.w4lift-12b9a795ea21.txt	8a34ad08d7c8
7	5907.w4lift-46c29e5bc2a7.txt	5907.w4lift-24c25be13033.txt	74d503e42116
7	5907.w4lift-46c29e5bc2a7.txt	5907.w4lift-24c25be13033.txt	fb50a523fce2
7	5907.w4lift-46c29e5bc2a7.txt	5907.w4lift-29f9231d6ec6.txt	a6bd3e103a4c
7	5907.w4lift-46c29e5bc2a7.txt	5907.w4lift-29f9231d6ec6.txt	d2922ca9327a
7	5907.w4lift-46c29e5bc2a7.txt	5907.w4lift-315604e8b5c3.txt	862a0b139699
7	5907.w4lift-46c29e5bc2a7.txt	5907.w4lift-3dfbf9f5e16c.txt	bf52ef05ab91
7	5907.w4lift-46c29e5bc2a7.txt	5907.w4lift-3dfbf9f5e16c.txt	d6df25eea20b
7	5907.w4lift-46c29e5bc2a7.txt	5907.w4lift-5354b11bcbe4.txt	6d61e25e2762
7	5907.w4lift-46c29e5bc2a7.txt	5907.w4lift-5768a023152f.txt	a6bd3e103a4c
7	5907.w4lift-46c29e5bc2a7.txt	5907.w4lift-5768a023152f.txt	d2922ca9327a
7	5907.w4lift-46c29e5bc2a7.txt	5907.w4lift-65205c870bb9.txt	ab88abce72ba
7	5907.w4lift-46c29e5bc2a7.txt	5907.w4lift-912d954b3cbb.txt	ab88abce72ba
7	5907.w4lift-46c29e5bc2a7.txt	5907.w4lift-9b8f53ec761e.txt	74d503e42116
7	5907.w4lift-46c29e5bc2a7.txt	5907.w4lift-9b8f53ec761e.txt	fb50a523fce2
7	5907.w4lift-46c29e5bc2a7.txt	5907.w4lift-9ca41b2682df.txt	ab88abce72ba
7	5907.w4lift-46c29e5bc2a7.txt	5907.w4lift-9dad34a0c58a.txt	ab88abce72ba
7	5907.w4lift-46c29e5bc2a7.txt	5907.w4lift-e06bb85d02bc.txt	bf52ef05ab91
7	5907.w4lift-46c29e5bc2a7.txt	5907.w4lift-e06bb85d02bc.txt	d6df25eea20b
7	5907.w4lift-46c29e5bc2a7.txt	5907.w4lift-e3a439aa39b6.txt	7c2769543fc5
7	5907.w4lift-46c29e5bc2a7.txt	5907.w4lift-fbabcbfdfb74.txt	6d61e25e2762
7	5907.w4lift-472f25421fcc.txt	5907.w4lift-1c1340793c23.txt	4004c6042131
7	5907.w4lift-472f25421fcc.txt	5907.w4lift-1c1340793c23.txt	9233133e9c39
7	5907.w4lift-472f25421fcc.txt	5907.w4lift-b6e97bde8e34.txt	ab88abce72ba
7	5907.w4lift-473fc5e1c91e.txt	5907.w4lift-04c898c73c62.txt	833239f93d60
7	5907.w4lift-473fc5e1c91e.txt	5907.w4lift-08210f1c16a0.txt	8480c2d421f7
7	5907.w4lift-473fc5e1c91e.txt	5907.w4lift-097d01eaddb9.txt	36706f4e334b
7	5907.w4lift-473fc5e1c91e.txt	5907.w4lift-0dff9daccaa8.txt	2e62188e3c8b
7	5907.w4lift-473fc5e1c91e.txt	5907.w4lift-0dff9daccaa8.txt	48f9270682d9
7	5907.w4lift-473fc5e1c91e.txt	5907.w4lift-0fc17b401159.txt	1e97b4d2bd18
7	5907.w4lift-473fc5e1c91e.txt	5907.w4lift-0fc17b401159.txt	e8010fda4ae9
7	5907.w4lift-473fc5e1c91e.txt	5907.w4lift-169e64bca870.txt	ada84d0153fa
7	5907.w4lift-473fc5e1c91e.txt	5907.w4lift-16dd1019b651.txt	36706f4e334b
7	5907.w4lift-473fc5e1c91e.txt	5907.w4lift-177bb009e3ce.txt	f84b983d9afb
7	5907.w4lift-473fc5e1c91e.txt	5907.w4lift-1c7e3360c98f.txt	37cc3a8e114c
7	5907.w4lift-473fc5e1c91e.txt	5907.w4lift-208b728dbc49.txt	7e00c873941d
7	5907.w4lift-473fc5e1c91e.txt	5907.w4lift-231c44b74cdf.txt	573ebb4e5913
7	5907.w4lift-473fc5e1c91e.txt	5907.w4lift-319dff1ab25a.txt	80b2932b3a5d
7	5907.w4lift-473fc5e1c91e.txt	5907.w4lift-386272df4871.txt	3c7f124adbf2
7	5907.w4lift-473fc5e1c91e.txt	5907.w4lift-3d4579051d3f.txt	ab88abce72ba
7	5907.w4lift-473fc5e1c91e.txt	5907.w4lift-4cb3167d35ed.txt	af945ab938fd
7	5907.w4lift-473fc5e1c91e.txt	5907.w4lift-4d47295ca519.txt	1d66c35e4a35
7	5907.w4lift-473fc5e1c91e.txt	5907.w4lift-5742f21eca2d.txt	1e97b4d2bd18
7	5907.w4lift-473fc5e1c91e.txt	5907.w4lift-5742f21eca2d.txt	e8010fda4ae9
7	5907.w4lift-473fc5e1c91e.txt	5907.w4lift-580a6b2415c2.txt	ab88abce72ba
7	5907.w4lift-473fc5e1c91e.txt	5907.w4lift-5f95afa2454b.txt	4fee2fcf1569
7	5907.w4lift-473fc5e1c91e.txt	5907.w4lift-5ffba5cc4529.txt	8480c2d421f7
7	5907.w4lift-473fc5e1c91e.txt	5907.w4lift-69ed3f34a123.txt	7e00c873941d
7	5907.w4lift-473fc5e1c91e.txt	5907.w4lift-6e6b2c468f32.txt	a3a1b2ef43a0
7	5907.w4lift-473fc5e1c91e.txt	5907.w4lift-6e905a492084.txt	ca8cdf9cdda3
7	5907.w4lift-473fc5e1c91e.txt	5907.w4lift-80c95286cd7c.txt	a3a1b2ef43a0
7	5907.w4lift-473fc5e1c91e.txt	5907.w4lift-846d5062c405.txt	8504a603e291
7	5907.w4lift-473fc5e1c91e.txt	5907.w4lift-8a8b72923703.txt	2e62188e3c8b
7	5907.w4lift-473fc5e1c91e.txt	5907.w4lift-8a8b72923703.txt	48f9270682d9
7	5907.w4lift-473fc5e1c91e.txt	5907.w4lift-8e5ca0ef018c.txt	bd96d6dbdd65
7	5907.w4lift-473fc5e1c91e.txt	5907.w4lift-90338d0577bd.txt	a7aabea675cc
7	5907.w4lift-473fc5e1c91e.txt	5907.w4lift-97d2d8784e2f.txt	ab88abce72ba
7	5907.w4lift-473fc5e1c91e.txt	5907.w4lift-9b4bc5700c90.txt	37cc3a8e114c
7	5907.w4lift-473fc5e1c91e.txt	5907.w4lift-a6df35bc4b74.txt	ab88abce72ba
7	5907.w4lift-473fc5e1c91e.txt	5907.w4lift-a8d3c9324eac.txt	746b5fef63fc
7	5907.w4lift-473fc5e1c91e.txt	5907.w4lift-af7c897a8903.txt	f0b55e37fe22
7	5907.w4lift-473fc5e1c91e.txt	5907.w4lift-b18d3ecda2e7.txt	6c0329aa4489
7	5907.w4lift-473fc5e1c91e.txt	5907.w4lift-b2702baa553d.txt	746b5fef63fc
7	5907.w4lift-473fc5e1c91e.txt	5907.w4lift-b4e57551e32a.txt	8504a603e291
7	5907.w4lift-473fc5e1c91e.txt	5907.w4lift-b66c35732a00.txt	573ebb4e5913
7	5907.w4lift-473fc5e1c91e.txt	5907.w4lift-b7a548d5f629.txt	3a3b52457923
7	5907.w4lift-473fc5e1c91e.txt	5907.w4lift-b91f5e2f34a2.txt	833239f93d60
7	5907.w4lift-473fc5e1c91e.txt	5907.w4lift-bca46e18f77b.txt	c5b536bfe588
7	5907.w4lift-473fc5e1c91e.txt	5907.w4lift-c5ee76734b4d.txt	5ff76078c599
7	5907.w4lift-473fc5e1c91e.txt	5907.w4lift-caeaa9e5ac42.txt	a7aabea675cc
7	5907.w4lift-473fc5e1c91e.txt	5907.w4lift-d09cda89e063.txt	ca8cdf9cdda3
7	5907.w4lift-473fc5e1c91e.txt	5907.w4lift-d155534ea2d4.txt	bd96d6dbdd65
7	5907.w4lift-473fc5e1c91e.txt	5907.w4lift-df0078a194a0.txt	f0b55e37fe22
7	5907.w4lift-473fc5e1c91e.txt	5907.w4lift-e04faca1c06c.txt	ab88abce72ba
7	5907.w4lift-473fc5e1c91e.txt	5907.w4lift-e0fa39144639.txt	6c0329aa4489
7	5907.w4lift-473fc5e1c91e.txt	5907.w4lift-e0fb9d13de61.txt	f84b983d9afb
7	5907.w4lift-473fc5e1c91e.txt	5907.w4lift-e2841ecca038.txt	5ff76078c599
7	5907.w4lift-473fc5e1c91e.txt	5907.w4lift-e768827496d4.txt	3c7f124adbf2
7	5907.w4lift-473fc5e1c91e.txt	5907.w4lift-ebfb75328150.txt	1d66c35e4a35
7	5907.w4lift-473fc5e1c91e.txt	5907.w4lift-ec915ed4bfb3.txt	ada84d0153fa
7	5907.w4lift-473fc5e1c91e.txt	5907.w4lift-fc301bd873cb.txt	c5b536bfe588
7	5907.w4lift-473fc5e1c91e.txt	5907.w4lift-fc7d7045a431.txt	4fee2fcf1569
7	5907.w4lift-473fc5e1c91e.txt	5907.w4lift-fe39239f7468.txt	ab88abce72ba
7	5907.w4lift-4a5b17090e74.txt	5907.w4lift-0531d212f9bb.txt	0cf38a094cfc
7	5907.w4lift-4a5b17090e74.txt	5907.w4lift-0709deed1cd4.txt	55ebb8b168a5
7	5907.w4lift-4a5b17090e74.txt	5907.w4lift-08210f1c16a0.txt	a805ea3de51d
7	5907.w4lift-4a5b17090e74.txt	5907.w4lift-169e64bca870.txt	794f3186b56e
7	5907.w4lift-4a5b17090e74.txt	5907.w4lift-16dd1019b651.txt	b3e25e414908
7	5907.w4lift-4a5b17090e74.txt	5907.w4lift-1c7e3360c98f.txt	f489418a0205
7	5907.w4lift-4a5b17090e74.txt	5907.w4lift-319dff1ab25a.txt	cf88f66916d6
7	5907.w4lift-4a5b17090e74.txt	5907.w4lift-352479dbf208.txt	7c2769543fc5
7	5907.w4lift-4a5b17090e74.txt	5907.w4lift-37386755df59.txt	ab88abce72ba
7	5907.w4lift-4a5b17090e74.txt	5907.w4lift-386272df4871.txt	969165258934
7	5907.w4lift-4a5b17090e74.txt	5907.w4lift-3ce63a53cf1a.txt	4bf7e3748717
7	5907.w4lift-4a5b17090e74.txt	5907.w4lift-3d4579051d3f.txt	cbba85aa08fa
7	5907.w4lift-4a5b17090e74.txt	5907.w4lift-4034f85f00ec.txt	e50393a8ba1d
7	5907.w4lift-4a5b17090e74.txt	5907.w4lift-40dae53e6185.txt	6e38383cfc72
7	5907.w4lift-4a5b17090e74.txt	5907.w4lift-430092f5780f.txt	942711725057
7	5907.w4lift-4a5b17090e74.txt	5907.w4lift-45a4ff8466a7.txt	96ebdab07f84
7	5907.w4lift-4a5b17090e74.txt	5907.w4lift-58984281bc50.txt	cf81c5206273
7	5907.w4lift-4a5b17090e74.txt	5907.w4lift-6d19c9f1455d.txt	77edc40696c8
7	5907.w4lift-4a5b17090e74.txt	5907.w4lift-6e905a492084.txt	ab88abce72ba
7	5907.w4lift-4a5b17090e74.txt	5907.w4lift-76a1eae91ca0.txt	f87b924fc4aa
7	5907.w4lift-4a5b17090e74.txt	5907.w4lift-7714757d2e9e.txt	bcd8bf3c0076
7	5907.w4lift-4a5b17090e74.txt	5907.w4lift-7cd2edab64dc.txt	c6fe0326a117
7	5907.w4lift-4a5b17090e74.txt	5907.w4lift-80c95286cd7c.txt	b1be0f46d82c
7	5907.w4lift-4a5b17090e74.txt	5907.w4lift-82caf1ba27e5.txt	62a74ce65faa
7	5907.w4lift-4a5b17090e74.txt	5907.w4lift-82caf1ba27e5.txt	b13177991e02
7	5907.w4lift-4a5b17090e74.txt	5907.w4lift-863de61b836a.txt	dc2afaae0ced
7	5907.w4lift-4a5b17090e74.txt	5907.w4lift-8966629ce152.txt	fd3d2036ee73
7	5907.w4lift-4a5b17090e74.txt	5907.w4lift-89b3167f9583.txt	0df6c6a90182
7	5907.w4lift-4a5b17090e74.txt	5907.w4lift-8e5ca0ef018c.txt	5581e578134b
7	5907.w4lift-4a5b17090e74.txt	5907.w4lift-8e5ca0ef018c.txt	d0a01a1ac47d
7	5907.w4lift-4a5b17090e74.txt	5907.w4lift-912bd909d2b6.txt	ab88abce72ba
7	5907.w4lift-4a5b17090e74.txt	5907.w4lift-9b4bc5700c90.txt	ab88abce72ba
7	5907.w4lift-4a5b17090e74.txt	5907.w4lift-a82143024d2d.txt	cad1abae462c
7	5907.w4lift-4a5b17090e74.txt	5907.w4lift-a8d3c9324eac.txt	781dcd7d819f
7	5907.w4lift-4a5b17090e74.txt	5907.w4lift-ab80c9a45344.txt	ab88abce72ba
7	5907.w4lift-4a5b17090e74.txt	5907.w4lift-ae466549a0d9.txt	f4276d62e543
7	5907.w4lift-4a5b17090e74.txt	5907.w4lift-af7c897a8903.txt	02eb9e2292e4
7	5907.w4lift-4a5b17090e74.txt	5907.w4lift-b4e57551e32a.txt	d0fa1d8cc35d
7	5907.w4lift-4a5b17090e74.txt	5907.w4lift-b66c35732a00.txt	21a14dac12e8
7	5907.w4lift-4a5b17090e74.txt	5907.w4lift-b7a548d5f629.txt	65b9d86f9b57
7	5907.w4lift-4a5b17090e74.txt	5907.w4lift-bfbef8785aff.txt	746b5fef63fc
7	5907.w4lift-4a5b17090e74.txt	5907.w4lift-caeaa9e5ac42.txt	095bfb3dc800
7	5907.w4lift-4a5b17090e74.txt	5907.w4lift-cb7d99c78307.txt	02eb9e2292e4
7	5907.w4lift-4a5b17090e74.txt	5907.w4lift-cba9917bd593.txt	156e559f9324
7	5907.w4lift-4a5b17090e74.txt	5907.w4lift-d742e5e60c6f.txt	91270bf2a57d
7	5907.w4lift-4a5b17090e74.txt	5907.w4lift-dcd0ec0a1fc5.txt	1b8c339e89cd
7	5907.w4lift-4a5b17090e74.txt	5907.w4lift-dff914259b29.txt	223da8cfb8a5
7	5907.w4lift-4a5b17090e74.txt	5907.w4lift-e0368a011e8c.txt	ab88abce72ba
7	5907.w4lift-4a5b17090e74.txt	5907.w4lift-e04faca1c06c.txt	52066a3cc9fc
7	5907.w4lift-4a5b17090e74.txt	5907.w4lift-e0fa39144639.txt	d6c04566fc39
7	5907.w4lift-4a5b17090e74.txt	5907.w4lift-e0fb9d13de61.txt	a32416d5301e
7	5907.w4lift-4a5b17090e74.txt	5907.w4lift-e45b90b0a767.txt	4f671bc3d3f3
7	5907.w4lift-4a5b17090e74.txt	5907.w4lift-f6b8b0e6314c.txt	5e303fc5a688
7	5907.w4lift-4a5b17090e74.txt	5907.w4lift-f859791b1e8e.txt	99fff9a726b2
7	5907.w4lift-4a5b17090e74.txt	5907.w4lift-faafae8fcdaa.txt	429db3717944
7	5907.w4lift-4a5b17090e74.txt	5907.w4lift-faafae8fcdaa.txt	b081b754d26e
7	5907.w4lift-4a5b17090e74.txt	5907.w4lift-fc5c70dfb561.txt	ebdcc2d4d36c
7	5907.w4lift-4a5b17090e74.txt	5907.w4lift-fd06a0493fef.txt	df712ba91fb7
7	5907.w4lift-4ab0903ef5f4.txt	5907.w4lift-097d01eaddb9.txt	e1065cfc01db
7	5907.w4lift-4ab0903ef5f4.txt	5907.w4lift-169e64bca870.txt	429db3717944
7	5907.w4lift-4ab0903ef5f4.txt	5907.w4lift-169e64bca870.txt	b081b754d26e
7	5907.w4lift-4ab0903ef5f4.txt	5907.w4lift-1ba050a47f0b.txt	3a3b52457923
7	5907.w4lift-4ab0903ef5f4.txt	5907.w4lift-204625f89751.txt	5ff76078c599
7	5907.w4lift-4ab0903ef5f4.txt	5907.w4lift-2f67f2643eeb.txt	29acfe26c3eb
7	5907.w4lift-4ab0903ef5f4.txt	5907.w4lift-3359ccc27832.txt	746b5fef63fc
7	5907.w4lift-4ab0903ef5f4.txt	5907.w4lift-3580a08a5c73.txt	3feefa303e8d
7	5907.w4lift-4ab0903ef5f4.txt	5907.w4lift-508210674d85.txt	1953b28ffc27
7	5907.w4lift-4ab0903ef5f4.txt	5907.w4lift-580a6b2415c2.txt	ab88abce72ba
7	5907.w4lift-4ab0903ef5f4.txt	5907.w4lift-644e04797cd3.txt	ab88abce72ba
7	5907.w4lift-4ab0903ef5f4.txt	5907.w4lift-676d0f91dd66.txt	c8cd712ae7b0
7	5907.w4lift-4ab0903ef5f4.txt	5907.w4lift-6e6b2c468f32.txt	27becabec391
7	5907.w4lift-4ab0903ef5f4.txt	5907.w4lift-6ec79809fccc.txt	d1acfe46465f
7	5907.w4lift-4ab0903ef5f4.txt	5907.w4lift-71600a834959.txt	c9d65fee4f73
7	5907.w4lift-4ab0903ef5f4.txt	5907.w4lift-7cd2edab64dc.txt	82d464ef22d6
7	5907.w4lift-4ab0903ef5f4.txt	5907.w4lift-82caf1ba27e5.txt	c2def9f0e515
7	5907.w4lift-4ab0903ef5f4.txt	5907.w4lift-846d5062c405.txt	162b937cfcd8
7	5907.w4lift-4ab0903ef5f4.txt	5907.w4lift-863de61b836a.txt	ecad0e65a5d2
7	5907.w4lift-4ab0903ef5f4.txt	5907.w4lift-88a61c377b0a.txt	833239f93d60
7	5907.w4lift-4ab0903ef5f4.txt	5907.w4lift-90338d0577bd.txt	1fbf82fb2187
7	5907.w4lift-4ab0903ef5f4.txt	5907.w4lift-97d2d8784e2f.txt	ab88abce72ba
7	5907.w4lift-4ab0903ef5f4.txt	5907.w4lift-a82143024d2d.txt	cb67e923a6ca
7	5907.w4lift-4ab0903ef5f4.txt	5907.w4lift-ae6af3254cbe.txt	bb0325078ded
7	5907.w4lift-4ab0903ef5f4.txt	5907.w4lift-b2702baa553d.txt	e616c3f821ef
7	5907.w4lift-4ab0903ef5f4.txt	5907.w4lift-b66c35732a00.txt	45e1abda4c12
7	5907.w4lift-4ab0903ef5f4.txt	5907.w4lift-b91f5e2f34a2.txt	8821c9761a3f
7	5907.w4lift-4ab0903ef5f4.txt	5907.w4lift-c5ee76734b4d.txt	d24f63edf5b4
7	5907.w4lift-4ab0903ef5f4.txt	5907.w4lift-c8c5110de4f9.txt	ab88abce72ba
7	5907.w4lift-4ab0903ef5f4.txt	5907.w4lift-cba9917bd593.txt	30361e285fae
7	5907.w4lift-4ab0903ef5f4.txt	5907.w4lift-d09cda89e063.txt	a8af7d1d0d1f
7	5907.w4lift-4ab0903ef5f4.txt	5907.w4lift-d742e5e60c6f.txt	99cf5c65dd47
7	5907.w4lift-4ab0903ef5f4.txt	5907.w4lift-d946605e111b.txt	959edf9574a8
7	5907.w4lift-4ab0903ef5f4.txt	5907.w4lift-da24731c22eb.txt	ada84d0153fa
7	5907.w4lift-4ab0903ef5f4.txt	5907.w4lift-dd24a1fe19b2.txt	74d91872eeb5
7	5907.w4lift-4ab0903ef5f4.txt	5907.w4lift-dff914259b29.txt	2dd7827e5108
7	5907.w4lift-4ab0903ef5f4.txt	5907.w4lift-e44f3ccf8ed4.txt	ab88abce72ba
7	5907.w4lift-4ab0903ef5f4.txt	5907.w4lift-e7ee0cc9c017.txt	3d18e34840c5
7	5907.w4lift-4ab0903ef5f4.txt	5907.w4lift-eb9a0d99f5fb.txt	a20827665556
7	5907.w4lift-4ab0903ef5f4.txt	5907.w4lift-ef0f8852bf9b.txt	b4fb337c2041
7	5907.w4lift-4ab0903ef5f4.txt	5907.w4lift-f18f663f4c81.txt	36706f4e334b
7	5907.w4lift-4ab0903ef5f4.txt	5907.w4lift-f2708ef02d1a.txt	2b5c256071ab
7	5907.w4lift-4ab0903ef5f4.txt	5907.w4lift-f75829b56545.txt	573ebb4e5913
7	5907.w4lift-4ab0903ef5f4.txt	5907.w4lift-fb688ec5c017.txt	ab88abce72ba
7	5907.w4lift-4ad8fd5ffc98.txt	5907.w4lift-0418cb9260ae.txt	4ecba60aa35e
7	5907.w4lift-4ad8fd5ffc98.txt	5907.w4lift-18d218e3614f.txt	ab88abce72ba
7	5907.w4lift-4ad8fd5ffc98.txt	5907.w4lift-24c96c5696c8.txt	28343f6d7386
7	5907.w4lift-4ad8fd5ffc98.txt	5907.w4lift-71e2791cb656.txt	68b839f8740c
7	5907.w4lift-4ad8fd5ffc98.txt	5907.w4lift-ab9e00d74c88.txt	9a1f3be55831
7	5907.w4lift-4ad8fd5ffc98.txt	5907.w4lift-ab9e00d74c88.txt	af1df8c730b3
7	5907.w4lift-4ad8fd5ffc98.txt	5907.w4lift-abbf0b83f5f2.txt	ab88abce72ba
7	5907.w4lift-4ad8fd5ffc98.txt	5907.w4lift-b98356445406.txt	51c13efc7a14
7	5907.w4lift-4ba002a69c4f.txt	5907.w4lift-0e8d65c99b5b.txt	28343f6d7386
7	5907.w4lift-4ba002a69c4f.txt	5907.w4lift-9d46965eac6f.txt	51c13efc7a14
7	5907.w4lift-4ba002a69c4f.txt	5907.w4lift-a95d4a041543.txt	ab88abce72ba
7	5907.w4lift-4ba002a69c4f.txt	5907.w4lift-de331f6627c9.txt	9a1f3be55831
7	5907.w4lift-4ba002a69c4f.txt	5907.w4lift-de331f6627c9.txt	af1df8c730b3
7	5907.w4lift-4ba002a69c4f.txt	5907.w4lift-f579467e871c.txt	ab88abce72ba
7	5907.w4lift-4cb3167d35ed.txt	5907.w4lift-04c898c73c62.txt	96704a0eb24e
7	5907.w4lift-4cb3167d35ed.txt	5907.w4lift-08210f1c16a0.txt	b1be0f46d82c
7	5907.w4lift-4cb3167d35ed.txt	5907.w4lift-0dff9daccaa8.txt	32af70a4999e
7	5907.w4lift-4cb3167d35ed.txt	5907.w4lift-0fc17b401159.txt	ab88abce72ba
7	5907.w4lift-4cb3167d35ed.txt	5907.w4lift-1c7e3360c98f.txt	ac9b3dbee6ab
7	5907.w4lift-4cb3167d35ed.txt	5907.w4lift-208b728dbc49.txt	b506fa9d192d
7	5907.w4lift-4cb3167d35ed.txt	5907.w4lift-319dff1ab25a.txt	2c806c1bf6e3
7	5907.w4lift-4cb3167d35ed.txt	5907.w4lift-352479dbf208.txt	746b5fef63fc
7	5907.w4lift-4cb3167d35ed.txt	5907.w4lift-386272df4871.txt	ab88abce72ba
7	5907.w4lift-4cb3167d35ed.txt	5907.w4lift-3d4579051d3f.txt	56f642d92240
7	5907.w4lift-4cb3167d35ed.txt	5907.w4lift-473fc5e1c91e.txt	eb8331df9ee8
7	5907.w4lift-4cb3167d35ed.txt	5907.w4lift-4d47295ca519.txt	5ff76078c599
7	5907.w4lift-4cb3167d35ed.txt	5907.w4lift-5742f21eca2d.txt	ab88abce72ba
7	5907.w4lift-4cb3167d35ed.txt	5907.w4lift-580a6b2415c2.txt	14a420b3a5b2
7	5907.w4lift-4cb3167d35ed.txt	5907.w4lift-58984281bc50.txt	3a3b52457923
7	5907.w4lift-4cb3167d35ed.txt	5907.w4lift-5f95afa2454b.txt	e332743d8318
7	5907.w4lift-4cb3167d35ed.txt	5907.w4lift-5ffba5cc4529.txt	b1be0f46d82c
7	5907.w4lift-4cb3167d35ed.txt	5907.w4lift-684436c46755.txt	36706f4e334b
7	5907.w4lift-4cb3167d35ed.txt	5907.w4lift-69ed3f34a123.txt	b506fa9d192d
7	5907.w4lift-4cb3167d35ed.txt	5907.w4lift-6e6b2c468f32.txt	398028eae919
7	5907.w4lift-4cb3167d35ed.txt	5907.w4lift-6e905a492084.txt	d4c86ffe1efa
7	5907.w4lift-4cb3167d35ed.txt	5907.w4lift-71600a834959.txt	746b5fef63fc
7	5907.w4lift-4cb3167d35ed.txt	5907.w4lift-80c95286cd7c.txt	398028eae919
7	5907.w4lift-4cb3167d35ed.txt	5907.w4lift-846d5062c405.txt	ab88abce72ba
7	5907.w4lift-4cb3167d35ed.txt	5907.w4lift-8a8b72923703.txt	32af70a4999e
7	5907.w4lift-4cb3167d35ed.txt	5907.w4lift-8e5ca0ef018c.txt	1fa74a7c6774
7	5907.w4lift-4cb3167d35ed.txt	5907.w4lift-90338d0577bd.txt	83d54a67702c
7	5907.w4lift-4cb3167d35ed.txt	5907.w4lift-97d2d8784e2f.txt	b4bd6f395a25
7	5907.w4lift-4cb3167d35ed.txt	5907.w4lift-9b4bc5700c90.txt	ac9b3dbee6ab
7	5907.w4lift-4cb3167d35ed.txt	5907.w4lift-a6df35bc4b74.txt	56f642d92240
7	5907.w4lift-4cb3167d35ed.txt	5907.w4lift-b18d3ecda2e7.txt	b85e26cbabc5
7	5907.w4lift-4cb3167d35ed.txt	5907.w4lift-b4e57551e32a.txt	ab88abce72ba
7	5907.w4lift-4cb3167d35ed.txt	5907.w4lift-b91f5e2f34a2.txt	96704a0eb24e
7	5907.w4lift-4cb3167d35ed.txt	5907.w4lift-bca46e18f77b.txt	4f8df87699e7
7	5907.w4lift-4cb3167d35ed.txt	5907.w4lift-c5ee76734b4d.txt	14641f09bcf0
7	5907.w4lift-4cb3167d35ed.txt	5907.w4lift-caeaa9e5ac42.txt	83d54a67702c
7	5907.w4lift-4cb3167d35ed.txt	5907.w4lift-d09cda89e063.txt	d4c86ffe1efa
7	5907.w4lift-4cb3167d35ed.txt	5907.w4lift-d155534ea2d4.txt	1fa74a7c6774
7	5907.w4lift-4cb3167d35ed.txt	5907.w4lift-e04faca1c06c.txt	b4bd6f395a25
7	5907.w4lift-4cb3167d35ed.txt	5907.w4lift-e0fa39144639.txt	b85e26cbabc5
7	5907.w4lift-4cb3167d35ed.txt	5907.w4lift-e2841ecca038.txt	14641f09bcf0
7	5907.w4lift-4cb3167d35ed.txt	5907.w4lift-e768827496d4.txt	ab88abce72ba
7	5907.w4lift-4cb3167d35ed.txt	5907.w4lift-ebfb75328150.txt	5ff76078c599
7	5907.w4lift-4cb3167d35ed.txt	5907.w4lift-fc301bd873cb.txt	4f8df87699e7
7	5907.w4lift-4cb3167d35ed.txt	5907.w4lift-fc7d7045a431.txt	e332743d8318
7	5907.w4lift-4cb3167d35ed.txt	5907.w4lift-fd06a0493fef.txt	36706f4e334b
7	5907.w4lift-4cb3167d35ed.txt	5907.w4lift-fe39239f7468.txt	14a420b3a5b2
7	5907.w4lift-4d47295ca519.txt	5907.w4lift-0dff9daccaa8.txt	045ff6b79066
7	5907.w4lift-4d47295ca519.txt	5907.w4lift-0fc17b401159.txt	211974864876
7	5907.w4lift-4d47295ca519.txt	5907.w4lift-16dd1019b651.txt	56f642d92240
7	5907.w4lift-4d47295ca519.txt	5907.w4lift-1c7e3360c98f.txt	71fce178fd55
7	5907.w4lift-4d47295ca519.txt	5907.w4lift-1e59b13c7cc0.txt	b506fa9d192d
7	5907.w4lift-4d47295ca519.txt	5907.w4lift-319dff1ab25a.txt	ff97c0cddd5f
7	5907.w4lift-4d47295ca519.txt	5907.w4lift-352479dbf208.txt	5581e578134b
7	5907.w4lift-4d47295ca519.txt	5907.w4lift-352479dbf208.txt	d0a01a1ac47d
7	5907.w4lift-4d47295ca519.txt	5907.w4lift-3580a08a5c73.txt	14641f09bcf0
7	5907.w4lift-4d47295ca519.txt	5907.w4lift-386272df4871.txt	2dcd6251565a
7	5907.w4lift-4d47295ca519.txt	5907.w4lift-3ce63a53cf1a.txt	fecd684a9442
7	5907.w4lift-4d47295ca519.txt	5907.w4lift-4034f85f00ec.txt	96c7e62b0db1
7	5907.w4lift-4d47295ca519.txt	5907.w4lift-43a95823c4dc.txt	96704a0eb24e
7	5907.w4lift-4d47295ca519.txt	5907.w4lift-473fc5e1c91e.txt	77f471f848b0
7	5907.w4lift-4d47295ca519.txt	5907.w4lift-4cb3167d35ed.txt	8373a022eef2
7	5907.w4lift-4d47295ca519.txt	5907.w4lift-53542138d1b5.txt	eca15bf05f3f
7	5907.w4lift-4d47295ca519.txt	5907.w4lift-540198536578.txt	4f8df87699e7
7	5907.w4lift-4d47295ca519.txt	5907.w4lift-5742f21eca2d.txt	f550b887608a
7	5907.w4lift-4d47295ca519.txt	5907.w4lift-580a6b2415c2.txt	7a76f11797d8
7	5907.w4lift-4d47295ca519.txt	5907.w4lift-58984281bc50.txt	8821c9761a3f
7	5907.w4lift-4d47295ca519.txt	5907.w4lift-5ffba5cc4529.txt	49c5410504fe
7	5907.w4lift-4d47295ca519.txt	5907.w4lift-65fb95f576e7.txt	e332743d8318
7	5907.w4lift-4d47295ca519.txt	5907.w4lift-69ed3f34a123.txt	14a420b3a5b2
7	5907.w4lift-4d47295ca519.txt	5907.w4lift-6e905a492084.txt	d5d134bba086
7	5907.w4lift-4d47295ca519.txt	5907.w4lift-6ec79809fccc.txt	b4bd6f395a25
7	5907.w4lift-4d47295ca519.txt	5907.w4lift-76a1eae91ca0.txt	b85e26cbabc5
7	5907.w4lift-4d47295ca519.txt	5907.w4lift-7714757d2e9e.txt	fd3d2036ee73
7	5907.w4lift-4d47295ca519.txt	5907.w4lift-80c95286cd7c.txt	0df6c6a90182
7	5907.w4lift-4d47295ca519.txt	5907.w4lift-8966629ce152.txt	89adfdaeb650
7	5907.w4lift-4d47295ca519.txt	5907.w4lift-89b3167f9583.txt	b1be0f46d82c
7	5907.w4lift-4d47295ca519.txt	5907.w4lift-8e5ca0ef018c.txt	2c806c1bf6e3
7	5907.w4lift-4d47295ca519.txt	5907.w4lift-a6df35bc4b74.txt	f2cd8c1f4d2e
7	5907.w4lift-4d47295ca519.txt	5907.w4lift-a7bbb73953d8.txt	3830c1bb282a
7	5907.w4lift-4d47295ca519.txt	5907.w4lift-b18d3ecda2e7.txt	2257058c3d2d
7	5907.w4lift-4d47295ca519.txt	5907.w4lift-b4e57551e32a.txt	ab88abce72ba
7	5907.w4lift-4d47295ca519.txt	5907.w4lift-b91f5e2f34a2.txt	a780c2d233f8
7	5907.w4lift-4d47295ca519.txt	5907.w4lift-bca46e18f77b.txt	ab88abce72ba
7	5907.w4lift-4d47295ca519.txt	5907.w4lift-bfbef8785aff.txt	1fa74a7c6774
7	5907.w4lift-4d47295ca519.txt	5907.w4lift-c7b7714127d9.txt	5d3074fe7163
7	5907.w4lift-4d47295ca519.txt	5907.w4lift-ca71ed8496bd.txt	5cadd625a68e
7	5907.w4lift-4d47295ca519.txt	5907.w4lift-caeaa9e5ac42.txt	4d9a21b2c945
7	5907.w4lift-4d47295ca519.txt	5907.w4lift-cba9917bd593.txt	d4c86ffe1efa
7	5907.w4lift-4d47295ca519.txt	5907.w4lift-d213b0754523.txt	32af70a4999e
7	5907.w4lift-4d47295ca519.txt	5907.w4lift-d742e5e60c6f.txt	d4ec6aadbefe
7	5907.w4lift-4d47295ca519.txt	5907.w4lift-db45ebdeed40.txt	5ff76078c599
7	5907.w4lift-4d47295ca519.txt	5907.w4lift-dd250dd876cd.txt	14a420b3a5b2
7	5907.w4lift-4d47295ca519.txt	5907.w4lift-e0368a011e8c.txt	ac9b3dbee6ab
7	5907.w4lift-4d47295ca519.txt	5907.w4lift-e04faca1c06c.txt	fa9996b118a5
7	5907.w4lift-4d47295ca519.txt	5907.w4lift-e2841ecca038.txt	eb8331df9ee8
7	5907.w4lift-4d47295ca519.txt	5907.w4lift-e768827496d4.txt	ab88abce72ba
7	5907.w4lift-4d47295ca519.txt	5907.w4lift-e7ee0cc9c017.txt	398028eae919
7	5907.w4lift-4d47295ca519.txt	5907.w4lift-eb9a0d99f5fb.txt	83d54a67702c
7	5907.w4lift-4d47295ca519.txt	5907.w4lift-f2708ef02d1a.txt	ab88abce72ba
7	5907.w4lift-4d47295ca519.txt	5907.w4lift-fc5c70dfb561.txt	b71368c91055
7	5907.w4lift-4d47295ca519.txt	5907.w4lift-fc7d7045a431.txt	ab88abce72ba
7	5907.w4lift-4d47295ca519.txt	5907.w4lift-fd06a0493fef.txt	ab88abce72ba
7	5907.w4lift-508210674d85.txt	5907.w4lift-0531d212f9bb.txt	99fff9a726b2
7	5907.w4lift-508210674d85.txt	5907.w4lift-0709deed1cd4.txt	55ebb8b168a5
7	5907.w4lift-508210674d85.txt	5907.w4lift-097d01eaddb9.txt	b3e25e414908
7	5907.w4lift-508210674d85.txt	5907.w4lift-177bb009e3ce.txt	a32416d5301e
7	5907.w4lift-508210674d85.txt	5907.w4lift-1c7e3360c98f.txt	ab88abce72ba
7	5907.w4lift-508210674d85.txt	5907.w4lift-204625f89751.txt	6e38383cfc72
7	5907.w4lift-508210674d85.txt	5907.w4lift-231c44b74cdf.txt	21a14dac12e8
7	5907.w4lift-508210674d85.txt	5907.w4lift-319dff1ab25a.txt	cf88f66916d6
7	5907.w4lift-508210674d85.txt	5907.w4lift-45a4ff8466a7.txt	1b8c339e89cd
7	5907.w4lift-508210674d85.txt	5907.w4lift-4614701d0920.txt	f87b924fc4aa
7	5907.w4lift-508210674d85.txt	5907.w4lift-4ab0903ef5f4.txt	5e303fc5a688
7	5907.w4lift-508210674d85.txt	5907.w4lift-58984281bc50.txt	cf81c5206273
7	5907.w4lift-508210674d85.txt	5907.w4lift-5ffba5cc4529.txt	a805ea3de51d
7	5907.w4lift-508210674d85.txt	5907.w4lift-644e04797cd3.txt	942711725057
7	5907.w4lift-508210674d85.txt	5907.w4lift-684436c46755.txt	df712ba91fb7
7	5907.w4lift-508210674d85.txt	5907.w4lift-6d19c9f1455d.txt	77edc40696c8
7	5907.w4lift-508210674d85.txt	5907.w4lift-6e6b2c468f32.txt	b1be0f46d82c
7	5907.w4lift-508210674d85.txt	5907.w4lift-6ec79809fccc.txt	dc2afaae0ced
7	5907.w4lift-508210674d85.txt	5907.w4lift-71600a834959.txt	7c2769543fc5
7	5907.w4lift-508210674d85.txt	5907.w4lift-7cd2edab64dc.txt	223da8cfb8a5
7	5907.w4lift-508210674d85.txt	5907.w4lift-82caf1ba27e5.txt	62a74ce65faa
7	5907.w4lift-508210674d85.txt	5907.w4lift-82caf1ba27e5.txt	b13177991e02
7	5907.w4lift-508210674d85.txt	5907.w4lift-846d5062c405.txt	d0fa1d8cc35d
7	5907.w4lift-508210674d85.txt	5907.w4lift-86a03197440a.txt	e50393a8ba1d
7	5907.w4lift-508210674d85.txt	5907.w4lift-8824a6971c2e.txt	bcd8bf3c0076
7	5907.w4lift-508210674d85.txt	5907.w4lift-90338d0577bd.txt	095bfb3dc800
7	5907.w4lift-508210674d85.txt	5907.w4lift-97d2d8784e2f.txt	52066a3cc9fc
7	5907.w4lift-508210674d85.txt	5907.w4lift-9b4bc5700c90.txt	f489418a0205
7	5907.w4lift-508210674d85.txt	5907.w4lift-a6df35bc4b74.txt	cbba85aa08fa
7	5907.w4lift-508210674d85.txt	5907.w4lift-a82143024d2d.txt	cad1abae462c
7	5907.w4lift-508210674d85.txt	5907.w4lift-ab80c9a45344.txt	156e559f9324
7	5907.w4lift-508210674d85.txt	5907.w4lift-ae6af3254cbe.txt	ab88abce72ba
7	5907.w4lift-508210674d85.txt	5907.w4lift-b18d3ecda2e7.txt	d6c04566fc39
7	5907.w4lift-508210674d85.txt	5907.w4lift-b2702baa553d.txt	781dcd7d819f
7	5907.w4lift-508210674d85.txt	5907.w4lift-b7a548d5f629.txt	65b9d86f9b57
7	5907.w4lift-508210674d85.txt	5907.w4lift-bd154fbbf435.txt	ab88abce72ba
7	5907.w4lift-508210674d85.txt	5907.w4lift-bfbef8785aff.txt	746b5fef63fc
7	5907.w4lift-508210674d85.txt	5907.w4lift-cba9917bd593.txt	ab88abce72ba
7	5907.w4lift-508210674d85.txt	5907.w4lift-d09cda89e063.txt	ab88abce72ba
7	5907.w4lift-508210674d85.txt	5907.w4lift-d155534ea2d4.txt	5581e578134b
7	5907.w4lift-508210674d85.txt	5907.w4lift-d155534ea2d4.txt	d0a01a1ac47d
7	5907.w4lift-508210674d85.txt	5907.w4lift-d742e5e60c6f.txt	91270bf2a57d
7	5907.w4lift-508210674d85.txt	5907.w4lift-d946605e111b.txt	ab88abce72ba
7	5907.w4lift-508210674d85.txt	5907.w4lift-dcd0ec0a1fc5.txt	96ebdab07f84
7	5907.w4lift-508210674d85.txt	5907.w4lift-df0078a194a0.txt	02eb9e2292e4
7	5907.w4lift-508210674d85.txt	5907.w4lift-dff914259b29.txt	c6fe0326a117
7	5907.w4lift-508210674d85.txt	5907.w4lift-e768827496d4.txt	969165258934
7	5907.w4lift-508210674d85.txt	5907.w4lift-e7ee0cc9c017.txt	4f671bc3d3f3
7	5907.w4lift-508210674d85.txt	5907.w4lift-e96c05b05fe9.txt	ebdcc2d4d36c
7	5907.w4lift-508210674d85.txt	5907.w4lift-eb9a0d99f5fb.txt	f4276d62e543
7	5907.w4lift-508210674d85.txt	5907.w4lift-ec915ed4bfb3.txt	794f3186b56e
7	5907.w4lift-508210674d85.txt	5907.w4lift-ecfe2ba8e511.txt	fd3d2036ee73
7	5907.w4lift-508210674d85.txt	5907.w4lift-f2708ef02d1a.txt	4bf7e3748717
7	5907.w4lift-508210674d85.txt	5907.w4lift-f859791b1e8e.txt	0cf38a094cfc
7	5907.w4lift-508210674d85.txt	5907.w4lift-f9f8e9513c54.txt	0df6c6a90182
7	5907.w4lift-508210674d85.txt	5907.w4lift-faafae8fcdaa.txt	429db3717944
7	5907.w4lift-508210674d85.txt	5907.w4lift-faafae8fcdaa.txt	b081b754d26e
7	5907.w4lift-508210674d85.txt	5907.w4lift-fb688ec5c017.txt	02eb9e2292e4
7	5907.w4lift-53542138d1b5.txt	5907.w4lift-16dd1019b651.txt	6e943a6ae528
7	5907.w4lift-53542138d1b5.txt	5907.w4lift-1e59b13c7cc0.txt	94e83c3c75fb
7	5907.w4lift-53542138d1b5.txt	5907.w4lift-3359ccc27832.txt	760f0d23e496
7	5907.w4lift-53542138d1b5.txt	5907.w4lift-3580a08a5c73.txt	709cf47fa2d3
7	5907.w4lift-53542138d1b5.txt	5907.w4lift-3580a08a5c73.txt	8709489b69c1
7	5907.w4lift-53542138d1b5.txt	5907.w4lift-3ce63a53cf1a.txt	a9587b440eca
7	5907.w4lift-53542138d1b5.txt	5907.w4lift-4034f85f00ec.txt	ab88abce72ba
7	5907.w4lift-53542138d1b5.txt	5907.w4lift-43a95823c4dc.txt	e76c9c894e18
7	5907.w4lift-53542138d1b5.txt	5907.w4lift-4d47295ca519.txt	c442200796dc
7	5907.w4lift-53542138d1b5.txt	5907.w4lift-540198536578.txt	48c30fab9556
7	5907.w4lift-53542138d1b5.txt	5907.w4lift-65fb95f576e7.txt	bbf1b4974173
7	5907.w4lift-53542138d1b5.txt	5907.w4lift-65fb95f576e7.txt	dd454bcc3c5a
7	5907.w4lift-53542138d1b5.txt	5907.w4lift-684436c46755.txt	c32545fa8a66
7	5907.w4lift-53542138d1b5.txt	5907.w4lift-6ec79809fccc.txt	f4b9a13ff36c
7	5907.w4lift-53542138d1b5.txt	5907.w4lift-76a1eae91ca0.txt	5e3e40b58466
7	5907.w4lift-53542138d1b5.txt	5907.w4lift-7714757d2e9e.txt	d6c04566fc39
7	5907.w4lift-53542138d1b5.txt	5907.w4lift-863de61b836a.txt	8e620393073b
7	5907.w4lift-53542138d1b5.txt	5907.w4lift-86a03197440a.txt	9943a7ddc283
7	5907.w4lift-53542138d1b5.txt	5907.w4lift-8824a6971c2e.txt	a805ea3de51d
7	5907.w4lift-53542138d1b5.txt	5907.w4lift-8966629ce152.txt	49c5410504fe
7	5907.w4lift-53542138d1b5.txt	5907.w4lift-89b3167f9583.txt	8fc24bd78fad
7	5907.w4lift-53542138d1b5.txt	5907.w4lift-8e5ca0ef018c.txt	0dcc7a5a1ff7
7	5907.w4lift-53542138d1b5.txt	5907.w4lift-a7bbb73953d8.txt	4c6e579a7560
7	5907.w4lift-53542138d1b5.txt	5907.w4lift-a7bbb73953d8.txt	72d376c5571d
7	5907.w4lift-53542138d1b5.txt	5907.w4lift-ab80c9a45344.txt	bd508e5023d8
7	5907.w4lift-53542138d1b5.txt	5907.w4lift-ae466549a0d9.txt	0fa419c2f08b
7	5907.w4lift-53542138d1b5.txt	5907.w4lift-bca46e18f77b.txt	bbdd86597cc7
7	5907.w4lift-53542138d1b5.txt	5907.w4lift-bd154fbbf435.txt	9ed53e6fa387
7	5907.w4lift-53542138d1b5.txt	5907.w4lift-bfbef8785aff.txt	3394d4cf4ce9
7	5907.w4lift-53542138d1b5.txt	5907.w4lift-bfbef8785aff.txt	b84e5852608b
7	5907.w4lift-53542138d1b5.txt	5907.w4lift-c7b7714127d9.txt	ab88abce72ba
7	5907.w4lift-53542138d1b5.txt	5907.w4lift-ca71ed8496bd.txt	ab88abce72ba
7	5907.w4lift-53542138d1b5.txt	5907.w4lift-cba9917bd593.txt	ddf5bfe474bf
7	5907.w4lift-53542138d1b5.txt	5907.w4lift-d155534ea2d4.txt	2c06ce315361
7	5907.w4lift-53542138d1b5.txt	5907.w4lift-d213b0754523.txt	39fe21f51977
7	5907.w4lift-53542138d1b5.txt	5907.w4lift-db45ebdeed40.txt	151c9d94814a
7	5907.w4lift-53542138d1b5.txt	5907.w4lift-db45ebdeed40.txt	3f4b1bcb6fa8
7	5907.w4lift-53542138d1b5.txt	5907.w4lift-dd250dd876cd.txt	038dbff96d7c
7	5907.w4lift-53542138d1b5.txt	5907.w4lift-e0368a011e8c.txt	79bbc2526e76
7	5907.w4lift-53542138d1b5.txt	5907.w4lift-e2841ecca038.txt	510b5a794970
7	5907.w4lift-53542138d1b5.txt	5907.w4lift-e45b90b0a767.txt	9ffeb4ce9bae
7	5907.w4lift-53542138d1b5.txt	5907.w4lift-e7ee0cc9c017.txt	98aeb647340c
7	5907.w4lift-53542138d1b5.txt	5907.w4lift-e96c05b05fe9.txt	ab88abce72ba
7	5907.w4lift-53542138d1b5.txt	5907.w4lift-eb9a0d99f5fb.txt	9ffeb4ce9bae
7	5907.w4lift-53542138d1b5.txt	5907.w4lift-ebfb75328150.txt	e6a2ec270f5f
7	5907.w4lift-53542138d1b5.txt	5907.w4lift-ecfe2ba8e511.txt	2257058c3d2d
7	5907.w4lift-53542138d1b5.txt	5907.w4lift-f18f663f4c81.txt	f609e3a8e480
7	5907.w4lift-53542138d1b5.txt	5907.w4lift-f2708ef02d1a.txt	51225a9bb93e
7	5907.w4lift-53542138d1b5.txt	5907.w4lift-f9f8e9513c54.txt	5e3e40b58466
7	5907.w4lift-53542138d1b5.txt	5907.w4lift-fc301bd873cb.txt	430f8ba0d5bf
7	5907.w4lift-53542138d1b5.txt	5907.w4lift-fc5c70dfb561.txt	7f04bb1041b3
7	5907.w4lift-53542138d1b5.txt	5907.w4lift-fc7d7045a431.txt	430f8ba0d5bf
7	5907.w4lift-53542138d1b5.txt	5907.w4lift-fd06a0493fef.txt	e311a814616f
7	5907.w4lift-5354b11bcbe4.txt	5907.w4lift-12b9a795ea21.txt	a5214c898b1c
7	5907.w4lift-5354b11bcbe4.txt	5907.w4lift-12b9a795ea21.txt	f3530a9a4032
7	5907.w4lift-5354b11bcbe4.txt	5907.w4lift-24c25be13033.txt	4c6e579a7560
7	5907.w4lift-5354b11bcbe4.txt	5907.w4lift-24c25be13033.txt	72d376c5571d
7	5907.w4lift-5354b11bcbe4.txt	5907.w4lift-29f9231d6ec6.txt	ab88abce72ba
7	5907.w4lift-5354b11bcbe4.txt	5907.w4lift-315604e8b5c3.txt	6d61e25e2762
7	5907.w4lift-5354b11bcbe4.txt	5907.w4lift-3dfbf9f5e16c.txt	ab88abce72ba
7	5907.w4lift-5354b11bcbe4.txt	5907.w4lift-46c29e5bc2a7.txt	de09595a70f4
7	5907.w4lift-5354b11bcbe4.txt	5907.w4lift-5768a023152f.txt	bb74acd56cf9
7	5907.w4lift-5354b11bcbe4.txt	5907.w4lift-65205c870bb9.txt	427f0cd25687
7	5907.w4lift-5354b11bcbe4.txt	5907.w4lift-9b8f53ec761e.txt	28e415dd7f02
7	5907.w4lift-5354b11bcbe4.txt	5907.w4lift-9b8f53ec761e.txt	c26c151d9d54
7	5907.w4lift-5354b11bcbe4.txt	5907.w4lift-9ca41b2682df.txt	ab88abce72ba
7	5907.w4lift-5354b11bcbe4.txt	5907.w4lift-9dad34a0c58a.txt	ab88abce72ba
7	5907.w4lift-5354b11bcbe4.txt	5907.w4lift-e3a439aa39b6.txt	033afc57097e
7	5907.w4lift-5354b11bcbe4.txt	5907.w4lift-e3a439aa39b6.txt	b4f13531d2e2
7	5907.w4lift-540198536578.txt	5907.w4lift-097d01eaddb9.txt	947fefee2ce1
7	5907.w4lift-540198536578.txt	5907.w4lift-16dd1019b651.txt	d85cb56ed236
7	5907.w4lift-540198536578.txt	5907.w4lift-1ba050a47f0b.txt	e8e466f2309f
7	5907.w4lift-540198536578.txt	5907.w4lift-1e59b13c7cc0.txt	61e671455635
7	5907.w4lift-540198536578.txt	5907.w4lift-3359ccc27832.txt	49d4d9e84135
7	5907.w4lift-540198536578.txt	5907.w4lift-3580a08a5c73.txt	90628da2dd0c
7	5907.w4lift-540198536578.txt	5907.w4lift-3580a08a5c73.txt	a9604abeb264
7	5907.w4lift-540198536578.txt	5907.w4lift-37386755df59.txt	cf88f66916d6
7	5907.w4lift-540198536578.txt	5907.w4lift-3ce63a53cf1a.txt	b1be0f46d82c
7	5907.w4lift-540198536578.txt	5907.w4lift-4034f85f00ec.txt	4728d8e5f3d2
7	5907.w4lift-540198536578.txt	5907.w4lift-43a95823c4dc.txt	868b50be85a4
7	5907.w4lift-540198536578.txt	5907.w4lift-4614701d0920.txt	9943a7ddc283
7	5907.w4lift-540198536578.txt	5907.w4lift-4d47295ca519.txt	b2d27c6fb87b
7	5907.w4lift-540198536578.txt	5907.w4lift-53542138d1b5.txt	803ec382c593
7	5907.w4lift-540198536578.txt	5907.w4lift-5f95afa2454b.txt	ddc1e5a5e22d
7	5907.w4lift-540198536578.txt	5907.w4lift-65fb95f576e7.txt	4c6e579a7560
7	5907.w4lift-540198536578.txt	5907.w4lift-65fb95f576e7.txt	72d376c5571d
7	5907.w4lift-540198536578.txt	5907.w4lift-684436c46755.txt	a805ea3de51d
7	5907.w4lift-540198536578.txt	5907.w4lift-6ec79809fccc.txt	c6701c2a9601
7	5907.w4lift-540198536578.txt	5907.w4lift-76a1eae91ca0.txt	ab88abce72ba
7	5907.w4lift-540198536578.txt	5907.w4lift-7714757d2e9e.txt	13a2ca857332
7	5907.w4lift-540198536578.txt	5907.w4lift-7cd2edab64dc.txt	0d491f159886
7	5907.w4lift-540198536578.txt	5907.w4lift-80c95286cd7c.txt	83f2a26fb1ab
7	5907.w4lift-540198536578.txt	5907.w4lift-863de61b836a.txt	39ea17aa2020
7	5907.w4lift-540198536578.txt	5907.w4lift-8824a6971c2e.txt	08228ec67eb6
7	5907.w4lift-540198536578.txt	5907.w4lift-8966629ce152.txt	9ae93052f1a3
7	5907.w4lift-540198536578.txt	5907.w4lift-89b3167f9583.txt	7f04bb1041b3
7	5907.w4lift-540198536578.txt	5907.w4lift-8e5ca0ef018c.txt	211974864876
7	5907.w4lift-540198536578.txt	5907.w4lift-90338d0577bd.txt	83f2a26fb1ab
7	5907.w4lift-540198536578.txt	5907.w4lift-a7bbb73953d8.txt	427e8cc7a808
7	5907.w4lift-540198536578.txt	5907.w4lift-a7bbb73953d8.txt	f5542aa46bd8
7	5907.w4lift-540198536578.txt	5907.w4lift-ab80c9a45344.txt	4d9a21b2c945
7	5907.w4lift-540198536578.txt	5907.w4lift-ae466549a0d9.txt	0485c22c758e
7	5907.w4lift-540198536578.txt	5907.w4lift-ae6af3254cbe.txt	cf88f66916d6
7	5907.w4lift-540198536578.txt	5907.w4lift-bca46e18f77b.txt	3a42d71f01c6
7	5907.w4lift-540198536578.txt	5907.w4lift-bd154fbbf435.txt	2257058c3d2d
7	5907.w4lift-540198536578.txt	5907.w4lift-bfbef8785aff.txt	ab88abce72ba
7	5907.w4lift-540198536578.txt	5907.w4lift-c5ee76734b4d.txt	fe22f3e91d6f
7	5907.w4lift-540198536578.txt	5907.w4lift-c7b7714127d9.txt	67eacd157bbc
7	5907.w4lift-540198536578.txt	5907.w4lift-c7b7714127d9.txt	90d033b7ddbf
7	5907.w4lift-540198536578.txt	5907.w4lift-c8c5110de4f9.txt	92cca1ec54bb
7	5907.w4lift-540198536578.txt	5907.w4lift-ca71ed8496bd.txt	5166d6e62e75
7	5907.w4lift-540198536578.txt	5907.w4lift-ca71ed8496bd.txt	e3da64e6da9b
7	5907.w4lift-540198536578.txt	5907.w4lift-cba9917bd593.txt	0df6c6a90182
7	5907.w4lift-540198536578.txt	5907.w4lift-d155534ea2d4.txt	f550b887608a
7	5907.w4lift-540198536578.txt	5907.w4lift-d213b0754523.txt	c7e7cc660163
7	5907.w4lift-540198536578.txt	5907.w4lift-db45ebdeed40.txt	ab88abce72ba
7	5907.w4lift-540198536578.txt	5907.w4lift-dd250dd876cd.txt	5f89beb942b2
7	5907.w4lift-540198536578.txt	5907.w4lift-e0368a011e8c.txt	49c5410504fe
7	5907.w4lift-540198536578.txt	5907.w4lift-e2841ecca038.txt	d0e1658792cb
7	5907.w4lift-540198536578.txt	5907.w4lift-e45b90b0a767.txt	ab88abce72ba
7	5907.w4lift-540198536578.txt	5907.w4lift-e7ee0cc9c017.txt	38fa2979bd03
7	5907.w4lift-540198536578.txt	5907.w4lift-e96c05b05fe9.txt	4728d8e5f3d2
7	5907.w4lift-540198536578.txt	5907.w4lift-eb9a0d99f5fb.txt	ab88abce72ba
7	5907.w4lift-540198536578.txt	5907.w4lift-ebfb75328150.txt	92782df6e5d5
7	5907.w4lift-540198536578.txt	5907.w4lift-ecfe2ba8e511.txt	cfa4043ac971
7	5907.w4lift-540198536578.txt	5907.w4lift-f18f663f4c81.txt	0ad29fbab280
7	5907.w4lift-540198536578.txt	5907.w4lift-f2708ef02d1a.txt	095bfb3dc800
7	5907.w4lift-540198536578.txt	5907.w4lift-f9f8e9513c54.txt	ab88abce72ba
7	5907.w4lift-540198536578.txt	5907.w4lift-fc301bd873cb.txt	8373a022eef2
7	5907.w4lift-540198536578.txt	5907.w4lift-fc5c70dfb561.txt	5cd553a8321b
7	5907.w4lift-540198536578.txt	5907.w4lift-fc7d7045a431.txt	8373a022eef2
7	5907.w4lift-540198536578.txt	5907.w4lift-fd06a0493fef.txt	d6c04566fc39
7	5907.w4lift-546a47a518b6.txt	5907.w4lift-04c898c73c62.txt	defc0816dfd5
7	5907.w4lift-546a47a518b6.txt	5907.w4lift-06b66ef7470f.txt	d4ec6aadbefe
7	5907.w4lift-546a47a518b6.txt	5907.w4lift-0dff9daccaa8.txt	f66db8d87212
7	5907.w4lift-546a47a518b6.txt	5907.w4lift-1da61b5817e6.txt	62a74ce65faa
7	5907.w4lift-546a47a518b6.txt	5907.w4lift-1da61b5817e6.txt	b13177991e02
7	5907.w4lift-546a47a518b6.txt	5907.w4lift-204625f89751.txt	396fe6d979c3
7	5907.w4lift-546a47a518b6.txt	5907.w4lift-231c44b74cdf.txt	2e62188e3c8b
7	5907.w4lift-546a47a518b6.txt	5907.w4lift-231c44b74cdf.txt	48f9270682d9
7	5907.w4lift-546a47a518b6.txt	5907.w4lift-2344c04ea5dd.txt	7b5542740cec
7	5907.w4lift-546a47a518b6.txt	5907.w4lift-2914e81572fa.txt	ab88abce72ba
7	5907.w4lift-546a47a518b6.txt	5907.w4lift-2f67f2643eeb.txt	cf88f66916d6
7	5907.w4lift-546a47a518b6.txt	5907.w4lift-3359ccc27832.txt	ba9ea1eefc0d
7	5907.w4lift-546a47a518b6.txt	5907.w4lift-43a95823c4dc.txt	ab88abce72ba
7	5907.w4lift-546a47a518b6.txt	5907.w4lift-55201236e530.txt	ab88abce72ba
7	5907.w4lift-546a47a518b6.txt	5907.w4lift-644e04797cd3.txt	10d61a16c4f8
7	5907.w4lift-546a47a518b6.txt	5907.w4lift-676d0f91dd66.txt	8373a022eef2
7	5907.w4lift-546a47a518b6.txt	5907.w4lift-69ed3f34a123.txt	833239f93d60
7	5907.w4lift-546a47a518b6.txt	5907.w4lift-9b264f72a9b4.txt	0d491f159886
7	5907.w4lift-546a47a518b6.txt	5907.w4lift-af7c897a8903.txt	5aceefba3b64
7	5907.w4lift-546a47a518b6.txt	5907.w4lift-cb7d99c78307.txt	833239f93d60
7	5907.w4lift-546a47a518b6.txt	5907.w4lift-dbf70f871210.txt	ab88abce72ba
7	5907.w4lift-546a47a518b6.txt	5907.w4lift-dd24a1fe19b2.txt	83f2a26fb1ab
7	5907.w4lift-546a47a518b6.txt	5907.w4lift-dd250dd876cd.txt	5aceefba3b64
7	5907.w4lift-546a47a518b6.txt	5907.w4lift-e0fb9d13de61.txt	ab88abce72ba
7	5907.w4lift-546a47a518b6.txt	5907.w4lift-ec915ed4bfb3.txt	0639dfc60058
7	5907.w4lift-546a47a518b6.txt	5907.w4lift-ef0f8852bf9b.txt	ab88abce72ba
7	5907.w4lift-546a47a518b6.txt	5907.w4lift-f18f663f4c81.txt	cb67e923a6ca
7	5907.w4lift-546a47a518b6.txt	5907.w4lift-f6b8b0e6314c.txt	f66db8d87212
7	5907.w4lift-546a47a518b6.txt	5907.w4lift-fe39239f7468.txt	95db9bfc7309
7	5907.w4lift-55201236e530.txt	5907.w4lift-06b66ef7470f.txt	ab88abce72ba
7	5907.w4lift-55201236e530.txt	5907.w4lift-0dff9daccaa8.txt	95db9bfc7309
7	5907.w4lift-55201236e530.txt	5907.w4lift-177bb009e3ce.txt	2e62188e3c8b
7	5907.w4lift-55201236e530.txt	5907.w4lift-177bb009e3ce.txt	48f9270682d9
7	5907.w4lift-55201236e530.txt	5907.w4lift-1da61b5817e6.txt	ab88abce72ba
7	5907.w4lift-55201236e530.txt	5907.w4lift-1e59b13c7cc0.txt	ab88abce72ba
7	5907.w4lift-55201236e530.txt	5907.w4lift-204625f89751.txt	833239f93d60
7	5907.w4lift-55201236e530.txt	5907.w4lift-208b728dbc49.txt	defc0816dfd5
7	5907.w4lift-55201236e530.txt	5907.w4lift-2344c04ea5dd.txt	0d491f159886
7	5907.w4lift-55201236e530.txt	5907.w4lift-2914e81572fa.txt	8373a022eef2
7	5907.w4lift-55201236e530.txt	5907.w4lift-3359ccc27832.txt	5aceefba3b64
7	5907.w4lift-55201236e530.txt	5907.w4lift-40dae53e6185.txt	833239f93d60
7	5907.w4lift-55201236e530.txt	5907.w4lift-430092f5780f.txt	f66db8d87212
7	5907.w4lift-55201236e530.txt	5907.w4lift-546a47a518b6.txt	ab88abce72ba
7	5907.w4lift-55201236e530.txt	5907.w4lift-644e04797cd3.txt	f66db8d87212
7	5907.w4lift-55201236e530.txt	5907.w4lift-69ed3f34a123.txt	defc0816dfd5
7	5907.w4lift-55201236e530.txt	5907.w4lift-88a61c377b0a.txt	8373a022eef2
7	5907.w4lift-55201236e530.txt	5907.w4lift-8a8b72923703.txt	95db9bfc7309
7	5907.w4lift-55201236e530.txt	5907.w4lift-9b264f72a9b4.txt	83f2a26fb1ab
7	5907.w4lift-55201236e530.txt	5907.w4lift-af7c897a8903.txt	0639dfc60058
7	5907.w4lift-55201236e530.txt	5907.w4lift-d213b0754523.txt	5aceefba3b64
7	5907.w4lift-55201236e530.txt	5907.w4lift-da24731c22eb.txt	cf88f66916d6
7	5907.w4lift-55201236e530.txt	5907.w4lift-dbf70f871210.txt	cf88f66916d6
7	5907.w4lift-55201236e530.txt	5907.w4lift-df0078a194a0.txt	0639dfc60058
7	5907.w4lift-55201236e530.txt	5907.w4lift-e0fb9d13de61.txt	2e62188e3c8b
7	5907.w4lift-55201236e530.txt	5907.w4lift-e0fb9d13de61.txt	48f9270682d9
7	5907.w4lift-55201236e530.txt	5907.w4lift-e44f3ccf8ed4.txt	83f2a26fb1ab
7	5907.w4lift-55201236e530.txt	5907.w4lift-f18f663f4c81.txt	ab88abce72ba
7	5907.w4lift-55201236e530.txt	5907.w4lift-f75829b56545.txt	ab88abce72ba
7	5907.w4lift-5742f21eca2d.txt	5907.w4lift-04c898c73c62.txt	bfd1c873c831
7	5907.w4lift-5742f21eca2d.txt	5907.w4lift-08210f1c16a0.txt	ab88abce72ba
7	5907.w4lift-5742f21eca2d.txt	5907.w4lift-0dff9daccaa8.txt	09d23aa6b91a
7	5907.w4lift-5742f21eca2d.txt	5907.w4lift-0fc17b401159.txt	4c6e579a7560
7	5907.w4lift-5742f21eca2d.txt	5907.w4lift-0fc17b401159.txt	72d376c5571d
7	5907.w4lift-5742f21eca2d.txt	5907.w4lift-1c7e3360c98f.txt	b1be0f46d82c
7	5907.w4lift-5742f21eca2d.txt	5907.w4lift-208b728dbc49.txt	af79b06ba137
7	5907.w4lift-5742f21eca2d.txt	5907.w4lift-319dff1ab25a.txt	ab88abce72ba
7	5907.w4lift-5742f21eca2d.txt	5907.w4lift-386272df4871.txt	0df6c6a90182
7	5907.w4lift-5742f21eca2d.txt	5907.w4lift-3d4579051d3f.txt	eb52f3b0f67b
7	5907.w4lift-5742f21eca2d.txt	5907.w4lift-45a4ff8466a7.txt	3a3b52457923
7	5907.w4lift-5742f21eca2d.txt	5907.w4lift-4614701d0920.txt	36706f4e334b
7	5907.w4lift-5742f21eca2d.txt	5907.w4lift-473fc5e1c91e.txt	90628da2dd0c
7	5907.w4lift-5742f21eca2d.txt	5907.w4lift-473fc5e1c91e.txt	a9604abeb264
7	5907.w4lift-5742f21eca2d.txt	5907.w4lift-4cb3167d35ed.txt	ab88abce72ba
7	5907.w4lift-5742f21eca2d.txt	5907.w4lift-4d47295ca519.txt	d58953d08832
7	5907.w4lift-5742f21eca2d.txt	5907.w4lift-580a6b2415c2.txt	61e671455635
7	5907.w4lift-5742f21eca2d.txt	5907.w4lift-5f95afa2454b.txt	5ff76078c599
7	5907.w4lift-5742f21eca2d.txt	5907.w4lift-5ffba5cc4529.txt	84a31d178833
7	5907.w4lift-5742f21eca2d.txt	5907.w4lift-69ed3f34a123.txt	81d3a556dfde
7	5907.w4lift-5742f21eca2d.txt	5907.w4lift-6e6b2c468f32.txt	ab88abce72ba
7	5907.w4lift-5742f21eca2d.txt	5907.w4lift-6e905a492084.txt	398028eae919
7	5907.w4lift-5742f21eca2d.txt	5907.w4lift-80c95286cd7c.txt	be6b4f4e69cf
7	5907.w4lift-5742f21eca2d.txt	5907.w4lift-846d5062c405.txt	4f671bc3d3f3
7	5907.w4lift-5742f21eca2d.txt	5907.w4lift-89b3167f9583.txt	36706f4e334b
7	5907.w4lift-5742f21eca2d.txt	5907.w4lift-8a8b72923703.txt	e853ab8baae5
7	5907.w4lift-5742f21eca2d.txt	5907.w4lift-8e5ca0ef018c.txt	e332743d8318
7	5907.w4lift-5742f21eca2d.txt	5907.w4lift-90338d0577bd.txt	e1d1870a78cd
7	5907.w4lift-5742f21eca2d.txt	5907.w4lift-912bd909d2b6.txt	746b5fef63fc
7	5907.w4lift-5742f21eca2d.txt	5907.w4lift-97d2d8784e2f.txt	921653b5f057
7	5907.w4lift-5742f21eca2d.txt	5907.w4lift-9b4bc5700c90.txt	b85e26cbabc5
7	5907.w4lift-5742f21eca2d.txt	5907.w4lift-a6df35bc4b74.txt	ba64a6bdcb29
7	5907.w4lift-5742f21eca2d.txt	5907.w4lift-b18d3ecda2e7.txt	ab88abce72ba
7	5907.w4lift-5742f21eca2d.txt	5907.w4lift-b4e57551e32a.txt	f4276d62e543
7	5907.w4lift-5742f21eca2d.txt	5907.w4lift-b91f5e2f34a2.txt	8f5cf69c5f7c
7	5907.w4lift-5742f21eca2d.txt	5907.w4lift-bca46e18f77b.txt	5ff76078c599
7	5907.w4lift-5742f21eca2d.txt	5907.w4lift-c5ee76734b4d.txt	5135b7adb396
7	5907.w4lift-5742f21eca2d.txt	5907.w4lift-caeaa9e5ac42.txt	ab88abce72ba
7	5907.w4lift-5742f21eca2d.txt	5907.w4lift-d09cda89e063.txt	83d54a67702c
7	5907.w4lift-5742f21eca2d.txt	5907.w4lift-d155534ea2d4.txt	4f8df87699e7
7	5907.w4lift-5742f21eca2d.txt	5907.w4lift-d946605e111b.txt	746b5fef63fc
7	5907.w4lift-5742f21eca2d.txt	5907.w4lift-e04faca1c06c.txt	2b1829f80cf7
7	5907.w4lift-5742f21eca2d.txt	5907.w4lift-e0fa39144639.txt	3f6f5c94d76e
7	5907.w4lift-5742f21eca2d.txt	5907.w4lift-e2841ecca038.txt	8ba4f5a756dd
7	5907.w4lift-5742f21eca2d.txt	5907.w4lift-e768827496d4.txt	f87b924fc4aa
7	5907.w4lift-5742f21eca2d.txt	5907.w4lift-ebfb75328150.txt	4ad13835a281
7	5907.w4lift-5742f21eca2d.txt	5907.w4lift-fc301bd873cb.txt	1bba2e07446c
7	5907.w4lift-5742f21eca2d.txt	5907.w4lift-fc7d7045a431.txt	f33f447ada52
7	5907.w4lift-5742f21eca2d.txt	5907.w4lift-fe39239f7468.txt	0ad29fbab280
7	5907.w4lift-5768a023152f.txt	5907.w4lift-12b9a795ea21.txt	2385661fb60e
7	5907.w4lift-5768a023152f.txt	5907.w4lift-12b9a795ea21.txt	ceaf9e8f25f1
7	5907.w4lift-5768a023152f.txt	5907.w4lift-24c25be13033.txt	86d05ce43f33
7	5907.w4lift-5768a023152f.txt	5907.w4lift-29f9231d6ec6.txt	28e415dd7f02
7	5907.w4lift-5768a023152f.txt	5907.w4lift-29f9231d6ec6.txt	c26c151d9d54
7	5907.w4lift-5768a023152f.txt	5907.w4lift-315604e8b5c3.txt	ab88abce72ba
7	5907.w4lift-5768a023152f.txt	5907.w4lift-3dfbf9f5e16c.txt	a5214c898b1c
7	5907.w4lift-5768a023152f.txt	5907.w4lift-3dfbf9f5e16c.txt	f3530a9a4032
7	5907.w4lift-5768a023152f.txt	5907.w4lift-46c29e5bc2a7.txt	6d77557bf8f2
7	5907.w4lift-5768a023152f.txt	5907.w4lift-46c29e5bc2a7.txt	f67057a04d42
7	5907.w4lift-5768a023152f.txt	5907.w4lift-5354b11bcbe4.txt	427f0cd25687
7	5907.w4lift-5768a023152f.txt	5907.w4lift-65205c870bb9.txt	2c806c1bf6e3
7	5907.w4lift-5768a023152f.txt	5907.w4lift-912d954b3cbb.txt	02397927f53b
7	5907.w4lift-5768a023152f.txt	5907.w4lift-912d954b3cbb.txt	725677205daf
7	5907.w4lift-5768a023152f.txt	5907.w4lift-9b8f53ec761e.txt	ab88abce72ba
7	5907.w4lift-5768a023152f.txt	5907.w4lift-9ca41b2682df.txt	de09595a70f4
7	5907.w4lift-5768a023152f.txt	5907.w4lift-e06bb85d02bc.txt	6c91c41eaa3d
7	5907.w4lift-5768a023152f.txt	5907.w4lift-e3a439aa39b6.txt	ab88abce72ba
7	5907.w4lift-5768a023152f.txt	5907.w4lift-fbabcbfdfb74.txt	ab88abce72ba
7	5907.w4lift-580a6b2415c2.txt	5907.w4lift-0dff9daccaa8.txt	ab88abce72ba
7	5907.w4lift-580a6b2415c2.txt	5907.w4lift-0fc17b401159.txt	1fbf82fb2187
7	5907.w4lift-580a6b2415c2.txt	5907.w4lift-169e64bca870.txt	ab88abce72ba
7	5907.w4lift-580a6b2415c2.txt	5907.w4lift-16dd1019b651.txt	3feefa303e8d
7	5907.w4lift-580a6b2415c2.txt	5907.w4lift-1ba050a47f0b.txt	36706f4e334b
7	5907.w4lift-580a6b2415c2.txt	5907.w4lift-1c7e3360c98f.txt	1953b28ffc27
7	5907.w4lift-580a6b2415c2.txt	5907.w4lift-2f67f2643eeb.txt	ada84d0153fa
7	5907.w4lift-580a6b2415c2.txt	5907.w4lift-319dff1ab25a.txt	a8af7d1d0d1f
7	5907.w4lift-580a6b2415c2.txt	5907.w4lift-3d4579051d3f.txt	d24f63edf5b4
7	5907.w4lift-580a6b2415c2.txt	5907.w4lift-473fc5e1c91e.txt	ab88abce72ba
7	5907.w4lift-580a6b2415c2.txt	5907.w4lift-4ab0903ef5f4.txt	ab88abce72ba
7	5907.w4lift-580a6b2415c2.txt	5907.w4lift-4cb3167d35ed.txt	162b937cfcd8
7	5907.w4lift-580a6b2415c2.txt	5907.w4lift-4d47295ca519.txt	2b5c256071ab
7	5907.w4lift-580a6b2415c2.txt	5907.w4lift-5742f21eca2d.txt	27becabec391
7	5907.w4lift-580a6b2415c2.txt	5907.w4lift-5ffba5cc4529.txt	bb0325078ded
7	5907.w4lift-580a6b2415c2.txt	5907.w4lift-676d0f91dd66.txt	833239f93d60
7	5907.w4lift-580a6b2415c2.txt	5907.w4lift-69ed3f34a123.txt	5ff76078c599
7	5907.w4lift-580a6b2415c2.txt	5907.w4lift-6e905a492084.txt	c2def9f0e515
7	5907.w4lift-580a6b2415c2.txt	5907.w4lift-80c95286cd7c.txt	82d464ef22d6
7	5907.w4lift-580a6b2415c2.txt	5907.w4lift-88a61c377b0a.txt	7e00c873941d
7	5907.w4lift-580a6b2415c2.txt	5907.w4lift-8e5ca0ef018c.txt	30361e285fae
7	5907.w4lift-580a6b2415c2.txt	5907.w4lift-a6df35bc4b74.txt	e616c3f821ef
7	5907.w4lift-580a6b2415c2.txt	5907.w4lift-a8d3c9324eac.txt	ecad0e65a5d2
7	5907.w4lift-580a6b2415c2.txt	5907.w4lift-af7c897a8903.txt	746b5fef63fc
7	5907.w4lift-580a6b2415c2.txt	5907.w4lift-b18d3ecda2e7.txt	959edf9574a8
7	5907.w4lift-580a6b2415c2.txt	5907.w4lift-b4e57551e32a.txt	99cf5c65dd47
7	5907.w4lift-580a6b2415c2.txt	5907.w4lift-b66c35732a00.txt	3a3b52457923
7	5907.w4lift-580a6b2415c2.txt	5907.w4lift-b7a548d5f629.txt	e1065cfc01db
7	5907.w4lift-580a6b2415c2.txt	5907.w4lift-b91f5e2f34a2.txt	ab88abce72ba
7	5907.w4lift-580a6b2415c2.txt	5907.w4lift-bca46e18f77b.txt	3d18e34840c5
7	5907.w4lift-580a6b2415c2.txt	5907.w4lift-c8c5110de4f9.txt	5ff76078c599
7	5907.w4lift-580a6b2415c2.txt	5907.w4lift-caeaa9e5ac42.txt	2dd7827e5108
7	5907.w4lift-580a6b2415c2.txt	5907.w4lift-da24731c22eb.txt	f0b55e37fe22
7	5907.w4lift-580a6b2415c2.txt	5907.w4lift-dd24a1fe19b2.txt	ab88abce72ba
7	5907.w4lift-580a6b2415c2.txt	5907.w4lift-e04faca1c06c.txt	cb67e923a6ca
7	5907.w4lift-580a6b2415c2.txt	5907.w4lift-e0fb9d13de61.txt	36706f4e334b
7	5907.w4lift-580a6b2415c2.txt	5907.w4lift-e2841ecca038.txt	d1acfe46465f
7	5907.w4lift-580a6b2415c2.txt	5907.w4lift-e44f3ccf8ed4.txt	2e62188e3c8b
7	5907.w4lift-580a6b2415c2.txt	5907.w4lift-e44f3ccf8ed4.txt	48f9270682d9
7	5907.w4lift-580a6b2415c2.txt	5907.w4lift-e768827496d4.txt	c9d65fee4f73
7	5907.w4lift-580a6b2415c2.txt	5907.w4lift-ef0f8852bf9b.txt	573ebb4e5913
7	5907.w4lift-580a6b2415c2.txt	5907.w4lift-f75829b56545.txt	f84b983d9afb
7	5907.w4lift-580a6b2415c2.txt	5907.w4lift-fb688ec5c017.txt	746b5fef63fc
7	5907.w4lift-580a6b2415c2.txt	5907.w4lift-fc7d7045a431.txt	a20827665556
7	5907.w4lift-58984281bc50.txt	5907.w4lift-0531d212f9bb.txt	5166d6e62e75
7	5907.w4lift-58984281bc50.txt	5907.w4lift-0531d212f9bb.txt	e3da64e6da9b
7	5907.w4lift-58984281bc50.txt	5907.w4lift-0709deed1cd4.txt	7762bf9a1f83
7	5907.w4lift-58984281bc50.txt	5907.w4lift-08210f1c16a0.txt	4d9a21b2c945
7	5907.w4lift-58984281bc50.txt	5907.w4lift-097d01eaddb9.txt	b4bd6f395a25
7	5907.w4lift-58984281bc50.txt	5907.w4lift-169e64bca870.txt	045ff6b79066
7	5907.w4lift-58984281bc50.txt	5907.w4lift-16dd1019b651.txt	b4bd6f395a25
7	5907.w4lift-58984281bc50.txt	5907.w4lift-177bb009e3ce.txt	32af70a4999e
7	5907.w4lift-58984281bc50.txt	5907.w4lift-1c7e3360c98f.txt	d5d134bba086
7	5907.w4lift-58984281bc50.txt	5907.w4lift-231c44b74cdf.txt	14a420b3a5b2
7	5907.w4lift-58984281bc50.txt	5907.w4lift-352479dbf208.txt	62a74ce65faa
7	5907.w4lift-58984281bc50.txt	5907.w4lift-352479dbf208.txt	b13177991e02
7	5907.w4lift-58984281bc50.txt	5907.w4lift-37386755df59.txt	7145048de6a4
7	5907.w4lift-58984281bc50.txt	5907.w4lift-386272df4871.txt	ab88abce72ba
7	5907.w4lift-58984281bc50.txt	5907.w4lift-3d4579051d3f.txt	fa9996b118a5
7	5907.w4lift-58984281bc50.txt	5907.w4lift-4034f85f00ec.txt	cddfeeb9ec88
7	5907.w4lift-58984281bc50.txt	5907.w4lift-45a4ff8466a7.txt	ab88abce72ba
7	5907.w4lift-58984281bc50.txt	5907.w4lift-4614701d0920.txt	398028eae919
7	5907.w4lift-58984281bc50.txt	5907.w4lift-4a5b17090e74.txt	16eab6538ab6
7	5907.w4lift-58984281bc50.txt	5907.w4lift-4cb3167d35ed.txt	0d491f159886
7	5907.w4lift-58984281bc50.txt	5907.w4lift-4d47295ca519.txt	d4ec6aadbefe
7	5907.w4lift-58984281bc50.txt	5907.w4lift-508210674d85.txt	16eab6538ab6
7	5907.w4lift-58984281bc50.txt	5907.w4lift-5ffba5cc4529.txt	4d9a21b2c945
7	5907.w4lift-58984281bc50.txt	5907.w4lift-684436c46755.txt	ab88abce72ba
7	5907.w4lift-58984281bc50.txt	5907.w4lift-6d19c9f1455d.txt	803ec382c593
7	5907.w4lift-58984281bc50.txt	5907.w4lift-71600a834959.txt	62a74ce65faa
7	5907.w4lift-58984281bc50.txt	5907.w4lift-71600a834959.txt	b13177991e02
7	5907.w4lift-58984281bc50.txt	5907.w4lift-76a1eae91ca0.txt	398028eae919
7	5907.w4lift-58984281bc50.txt	5907.w4lift-7714757d2e9e.txt	c958df8ea4c3
7	5907.w4lift-58984281bc50.txt	5907.w4lift-846d5062c405.txt	7b5542740cec
7	5907.w4lift-58984281bc50.txt	5907.w4lift-86a03197440a.txt	cddfeeb9ec88
7	5907.w4lift-58984281bc50.txt	5907.w4lift-8824a6971c2e.txt	c958df8ea4c3
7	5907.w4lift-58984281bc50.txt	5907.w4lift-89b3167f9583.txt	83d54a67702c
7	5907.w4lift-58984281bc50.txt	5907.w4lift-912bd909d2b6.txt	b98392e1d7a6
7	5907.w4lift-58984281bc50.txt	5907.w4lift-9b4bc5700c90.txt	d5d134bba086
7	5907.w4lift-58984281bc50.txt	5907.w4lift-a6df35bc4b74.txt	fa9996b118a5
7	5907.w4lift-58984281bc50.txt	5907.w4lift-a8d3c9324eac.txt	80d27d30ff66
7	5907.w4lift-58984281bc50.txt	5907.w4lift-ae6af3254cbe.txt	b98392e1d7a6
7	5907.w4lift-58984281bc50.txt	5907.w4lift-af7c897a8903.txt	b7f3d137c99a
7	5907.w4lift-58984281bc50.txt	5907.w4lift-b18d3ecda2e7.txt	0df6c6a90182
7	5907.w4lift-58984281bc50.txt	5907.w4lift-b2702baa553d.txt	80d27d30ff66
7	5907.w4lift-58984281bc50.txt	5907.w4lift-b4e57551e32a.txt	7b5542740cec
7	5907.w4lift-58984281bc50.txt	5907.w4lift-b66c35732a00.txt	14a420b3a5b2
7	5907.w4lift-58984281bc50.txt	5907.w4lift-b7a548d5f629.txt	eb8331df9ee8
7	5907.w4lift-58984281bc50.txt	5907.w4lift-bd154fbbf435.txt	d4c86ffe1efa
7	5907.w4lift-58984281bc50.txt	5907.w4lift-d946605e111b.txt	7145048de6a4
7	5907.w4lift-58984281bc50.txt	5907.w4lift-dcd0ec0a1fc5.txt	ab88abce72ba
7	5907.w4lift-58984281bc50.txt	5907.w4lift-df0078a194a0.txt	b7f3d137c99a
7	5907.w4lift-58984281bc50.txt	5907.w4lift-e0368a011e8c.txt	d4c86ffe1efa
7	5907.w4lift-58984281bc50.txt	5907.w4lift-e0fa39144639.txt	0df6c6a90182
7	5907.w4lift-58984281bc50.txt	5907.w4lift-e0fb9d13de61.txt	32af70a4999e
7	5907.w4lift-58984281bc50.txt	5907.w4lift-e768827496d4.txt	ab88abce72ba
7	5907.w4lift-58984281bc50.txt	5907.w4lift-e96c05b05fe9.txt	15c816659d45
7	5907.w4lift-58984281bc50.txt	5907.w4lift-ebfb75328150.txt	d4ec6aadbefe
7	5907.w4lift-58984281bc50.txt	5907.w4lift-ec915ed4bfb3.txt	045ff6b79066
7	5907.w4lift-58984281bc50.txt	5907.w4lift-f859791b1e8e.txt	5166d6e62e75
7	5907.w4lift-58984281bc50.txt	5907.w4lift-f859791b1e8e.txt	e3da64e6da9b
7	5907.w4lift-58984281bc50.txt	5907.w4lift-f9f8e9513c54.txt	83d54a67702c
7	5907.w4lift-58984281bc50.txt	5907.w4lift-faafae8fcdaa.txt	2c806c1bf6e3
7	5907.w4lift-58984281bc50.txt	5907.w4lift-fc5c70dfb561.txt	15c816659d45
7	5907.w4lift-58984281bc50.txt	5907.w4lift-fd06a0493fef.txt	ab88abce72ba
7	5907.w4lift-595e0c44ab33.txt	5907.w4lift-18d218e3614f.txt	9a1f3be55831
7	5907.w4lift-595e0c44ab33.txt	5907.w4lift-18d218e3614f.txt	af1df8c730b3
7	5907.w4lift-595e0c44ab33.txt	5907.w4lift-ab9e00d74c88.txt	ab88abce72ba
7	5907.w4lift-595e0c44ab33.txt	5907.w4lift-b98356445406.txt	32eb67461a38
7	5907.w4lift-595e0c44ab33.txt	5907.w4lift-f7317cf14b6e.txt	51c13efc7a14
7	5907.w4lift-595e0c44ab33.txt	5907.w4lift-fc567658fc77.txt	ab88abce72ba
7	5907.w4lift-5c992361b625.txt	5907.w4lift-17e760a0d9d7.txt	ab88abce72ba
7	5907.w4lift-5c992361b625.txt	5907.w4lift-3ebe5182ed48.txt	ab88abce72ba
7	5907.w4lift-5f95afa2454b.txt	5907.w4lift-04c898c73c62.txt	e8e466f2309f
7	5907.w4lift-5f95afa2454b.txt	5907.w4lift-08210f1c16a0.txt	ab88abce72ba
7	5907.w4lift-5f95afa2454b.txt	5907.w4lift-097d01eaddb9.txt	ba64a6bdcb29
7	5907.w4lift-5f95afa2454b.txt	5907.w4lift-0fc17b401159.txt	ddc1e5a5e22d
7	5907.w4lift-5f95afa2454b.txt	5907.w4lift-1ba050a47f0b.txt	8f5cf69c5f7c
7	5907.w4lift-5f95afa2454b.txt	5907.w4lift-208b728dbc49.txt	0ad29fbab280
7	5907.w4lift-5f95afa2454b.txt	5907.w4lift-319dff1ab25a.txt	f550b887608a
7	5907.w4lift-5f95afa2454b.txt	5907.w4lift-3359ccc27832.txt	09d23aa6b91a
7	5907.w4lift-5f95afa2454b.txt	5907.w4lift-3580a08a5c73.txt	8ba4f5a756dd
7	5907.w4lift-5f95afa2454b.txt	5907.w4lift-386272df4871.txt	a805ea3de51d
7	5907.w4lift-5f95afa2454b.txt	5907.w4lift-3ce63a53cf1a.txt	f4276d62e543
7	5907.w4lift-5f95afa2454b.txt	5907.w4lift-3d4579051d3f.txt	947fefee2ce1
7	5907.w4lift-5f95afa2454b.txt	5907.w4lift-45a4ff8466a7.txt	8821c9761a3f
7	5907.w4lift-5f95afa2454b.txt	5907.w4lift-4614701d0920.txt	ab88abce72ba
7	5907.w4lift-5f95afa2454b.txt	5907.w4lift-473fc5e1c91e.txt	fe22f3e91d6f
7	5907.w4lift-5f95afa2454b.txt	5907.w4lift-4cb3167d35ed.txt	92782df6e5d5
7	5907.w4lift-5f95afa2454b.txt	5907.w4lift-540198536578.txt	f33f447ada52
7	5907.w4lift-5f95afa2454b.txt	5907.w4lift-5742f21eca2d.txt	8373a022eef2
7	5907.w4lift-5f95afa2454b.txt	5907.w4lift-65fb95f576e7.txt	5ff76078c599
7	5907.w4lift-5f95afa2454b.txt	5907.w4lift-684436c46755.txt	f87b924fc4aa
7	5907.w4lift-5f95afa2454b.txt	5907.w4lift-6e6b2c468f32.txt	ab88abce72ba
7	5907.w4lift-5f95afa2454b.txt	5907.w4lift-846d5062c405.txt	b1be0f46d82c
7	5907.w4lift-5f95afa2454b.txt	5907.w4lift-863de61b836a.txt	2b1829f80cf7
7	5907.w4lift-5f95afa2454b.txt	5907.w4lift-86a03197440a.txt	fd3d2036ee73
7	5907.w4lift-5f95afa2454b.txt	5907.w4lift-8824a6971c2e.txt	e50393a8ba1d
7	5907.w4lift-5f95afa2454b.txt	5907.w4lift-8a8b72923703.txt	49d4d9e84135
7	5907.w4lift-5f95afa2454b.txt	5907.w4lift-90338d0577bd.txt	0485c22c758e
7	5907.w4lift-5f95afa2454b.txt	5907.w4lift-97d2d8784e2f.txt	39ea17aa2020
7	5907.w4lift-5f95afa2454b.txt	5907.w4lift-9b4bc5700c90.txt	2257058c3d2d
7	5907.w4lift-5f95afa2454b.txt	5907.w4lift-a7bbb73953d8.txt	5d3074fe7163
7	5907.w4lift-5f95afa2454b.txt	5907.w4lift-ab80c9a45344.txt	398028eae919
7	5907.w4lift-5f95afa2454b.txt	5907.w4lift-ae466549a0d9.txt	ab88abce72ba
7	5907.w4lift-5f95afa2454b.txt	5907.w4lift-b18d3ecda2e7.txt	2dcd6251565a
7	5907.w4lift-5f95afa2454b.txt	5907.w4lift-bd154fbbf435.txt	b1be0f46d82c
7	5907.w4lift-5f95afa2454b.txt	5907.w4lift-bfbef8785aff.txt	e332743d8318
7	5907.w4lift-5f95afa2454b.txt	5907.w4lift-c5ee76734b4d.txt	90628da2dd0c
7	5907.w4lift-5f95afa2454b.txt	5907.w4lift-c5ee76734b4d.txt	a9604abeb264
7	5907.w4lift-5f95afa2454b.txt	5907.w4lift-c7b7714127d9.txt	e6d89f3f0d4c
7	5907.w4lift-5f95afa2454b.txt	5907.w4lift-c8c5110de4f9.txt	61e671455635
7	5907.w4lift-5f95afa2454b.txt	5907.w4lift-ca71ed8496bd.txt	3830c1bb282a
7	5907.w4lift-5f95afa2454b.txt	5907.w4lift-d09cda89e063.txt	4d9a21b2c945
7	5907.w4lift-5f95afa2454b.txt	5907.w4lift-d155534ea2d4.txt	ab88abce72ba
7	5907.w4lift-5f95afa2454b.txt	5907.w4lift-d946605e111b.txt	5581e578134b
7	5907.w4lift-5f95afa2454b.txt	5907.w4lift-d946605e111b.txt	d0a01a1ac47d
7	5907.w4lift-5f95afa2454b.txt	5907.w4lift-db45ebdeed40.txt	d58953d08832
7	5907.w4lift-5f95afa2454b.txt	5907.w4lift-dff914259b29.txt	d4ec6aadbefe
7	5907.w4lift-5f95afa2454b.txt	5907.w4lift-e0fa39144639.txt	9943a7ddc283
7	5907.w4lift-5f95afa2454b.txt	5907.w4lift-e45b90b0a767.txt	be6b4f4e69cf
7	5907.w4lift-5f95afa2454b.txt	5907.w4lift-e7ee0cc9c017.txt	fecd684a9442
7	5907.w4lift-5f95afa2454b.txt	5907.w4lift-e96c05b05fe9.txt	f08b1ddb7e4d
7	5907.w4lift-5f95afa2454b.txt	5907.w4lift-ebfb75328150.txt	ab88abce72ba
7	5907.w4lift-5f95afa2454b.txt	5907.w4lift-ecfe2ba8e511.txt	b71368c91055
7	5907.w4lift-5f95afa2454b.txt	5907.w4lift-f18f663f4c81.txt	81d3a556dfde
7	5907.w4lift-5f95afa2454b.txt	5907.w4lift-f9f8e9513c54.txt	84a31d178833
7	5907.w4lift-5f95afa2454b.txt	5907.w4lift-fc301bd873cb.txt	4c6e579a7560
7	5907.w4lift-5f95afa2454b.txt	5907.w4lift-fc301bd873cb.txt	72d376c5571d
7	5907.w4lift-5f95afa2454b.txt	5907.w4lift-fe39239f7468.txt	92cca1ec54bb
7	5907.w4lift-5ffba5cc4529.txt	5907.w4lift-0531d212f9bb.txt	f08b1ddb7e4d
7	5907.w4lift-5ffba5cc4529.txt	5907.w4lift-0709deed1cd4.txt	b71368c91055
7	5907.w4lift-5ffba5cc4529.txt	5907.w4lift-097d01eaddb9.txt	8ba4f5a756dd
7	5907.w4lift-5ffba5cc4529.txt	5907.w4lift-0dff9daccaa8.txt	573b5918fcfd
7	5907.w4lift-5ffba5cc4529.txt	5907.w4lift-0fc17b401159.txt	ab88abce72ba
7	5907.w4lift-5ffba5cc4529.txt	5907.w4lift-177bb009e3ce.txt	81d3a556dfde
7	5907.w4lift-5ffba5cc4529.txt	5907.w4lift-1c7e3360c98f.txt	ab88abce72ba
7	5907.w4lift-5ffba5cc4529.txt	5907.w4lift-231c44b74cdf.txt	8f5cf69c5f7c
7	5907.w4lift-5ffba5cc4529.txt	5907.w4lift-319dff1ab25a.txt	4d9a21b2c945
7	5907.w4lift-5ffba5cc4529.txt	5907.w4lift-37386755df59.txt	156e559f9324
7	5907.w4lift-5ffba5cc4529.txt	5907.w4lift-45a4ff8466a7.txt	84a31d178833
7	5907.w4lift-5ffba5cc4529.txt	5907.w4lift-4614701d0920.txt	f33f447ada52
7	5907.w4lift-5ffba5cc4529.txt	5907.w4lift-473fc5e1c91e.txt	39ea17aa2020
7	5907.w4lift-5ffba5cc4529.txt	5907.w4lift-4cb3167d35ed.txt	b1be0f46d82c
7	5907.w4lift-5ffba5cc4529.txt	5907.w4lift-4d47295ca519.txt	4f671bc3d3f3
7	5907.w4lift-5ffba5cc4529.txt	5907.w4lift-508210674d85.txt	398028eae919
7	5907.w4lift-5ffba5cc4529.txt	5907.w4lift-5742f21eca2d.txt	0485c22c758e
7	5907.w4lift-5ffba5cc4529.txt	5907.w4lift-580a6b2415c2.txt	49d4d9e84135
7	5907.w4lift-5ffba5cc4529.txt	5907.w4lift-58984281bc50.txt	f87b924fc4aa
7	5907.w4lift-5ffba5cc4529.txt	5907.w4lift-684436c46755.txt	d58953d08832
7	5907.w4lift-5ffba5cc4529.txt	5907.w4lift-69ed3f34a123.txt	e853ab8baae5
7	5907.w4lift-5ffba5cc4529.txt	5907.w4lift-6d19c9f1455d.txt	e50393a8ba1d
7	5907.w4lift-5ffba5cc4529.txt	5907.w4lift-6e905a492084.txt	b98392e1d7a6
7	5907.w4lift-5ffba5cc4529.txt	5907.w4lift-71600a834959.txt	f4276d62e543
7	5907.w4lift-5ffba5cc4529.txt	5907.w4lift-76a1eae91ca0.txt	746b5fef63fc
7	5907.w4lift-5ffba5cc4529.txt	5907.w4lift-80c95286cd7c.txt	62a74ce65faa
7	5907.w4lift-5ffba5cc4529.txt	5907.w4lift-80c95286cd7c.txt	b13177991e02
7	5907.w4lift-5ffba5cc4529.txt	5907.w4lift-8824a6971c2e.txt	e6d89f3f0d4c
7	5907.w4lift-5ffba5cc4529.txt	5907.w4lift-8e5ca0ef018c.txt	83d54a67702c
7	5907.w4lift-5ffba5cc4529.txt	5907.w4lift-90338d0577bd.txt	d4ec6aadbefe
7	5907.w4lift-5ffba5cc4529.txt	5907.w4lift-a6df35bc4b74.txt	90628da2dd0c
7	5907.w4lift-5ffba5cc4529.txt	5907.w4lift-a6df35bc4b74.txt	a9604abeb264
7	5907.w4lift-5ffba5cc4529.txt	5907.w4lift-ae6af3254cbe.txt	ab88abce72ba
7	5907.w4lift-5ffba5cc4529.txt	5907.w4lift-b18d3ecda2e7.txt	4c6e579a7560
7	5907.w4lift-5ffba5cc4529.txt	5907.w4lift-b18d3ecda2e7.txt	72d376c5571d
7	5907.w4lift-5ffba5cc4529.txt	5907.w4lift-b2702baa553d.txt	2b1829f80cf7
7	5907.w4lift-5ffba5cc4529.txt	5907.w4lift-b4e57551e32a.txt	c6fe0326a117
7	5907.w4lift-5ffba5cc4529.txt	5907.w4lift-b7a548d5f629.txt	ba64a6bdcb29
7	5907.w4lift-5ffba5cc4529.txt	5907.w4lift-b91f5e2f34a2.txt	0ad29fbab280
7	5907.w4lift-5ffba5cc4529.txt	5907.w4lift-bca46e18f77b.txt	e1d1870a78cd
7	5907.w4lift-5ffba5cc4529.txt	5907.w4lift-bd154fbbf435.txt	e332743d8318
7	5907.w4lift-5ffba5cc4529.txt	5907.w4lift-caeaa9e5ac42.txt	39b993f37fda
7	5907.w4lift-5ffba5cc4529.txt	5907.w4lift-d946605e111b.txt	be6b4f4e69cf
7	5907.w4lift-5ffba5cc4529.txt	5907.w4lift-dcd0ec0a1fc5.txt	ab88abce72ba
7	5907.w4lift-5ffba5cc4529.txt	5907.w4lift-df0078a194a0.txt	09d23aa6b91a
7	5907.w4lift-5ffba5cc4529.txt	5907.w4lift-e04faca1c06c.txt	a9c76f6fbb61
7	5907.w4lift-5ffba5cc4529.txt	5907.w4lift-e0fa39144639.txt	5581e578134b
7	5907.w4lift-5ffba5cc4529.txt	5907.w4lift-e0fa39144639.txt	d0a01a1ac47d
7	5907.w4lift-5ffba5cc4529.txt	5907.w4lift-e2841ecca038.txt	921653b5f057
7	5907.w4lift-5ffba5cc4529.txt	5907.w4lift-e768827496d4.txt	ab88abce72ba
7	5907.w4lift-5ffba5cc4529.txt	5907.w4lift-e96c05b05fe9.txt	5d3074fe7163
7	5907.w4lift-5ffba5cc4529.txt	5907.w4lift-ec915ed4bfb3.txt	61e671455635
7	5907.w4lift-5ffba5cc4529.txt	5907.w4lift-ecfe2ba8e511.txt	3830c1bb282a
7	5907.w4lift-5ffba5cc4529.txt	5907.w4lift-f859791b1e8e.txt	fd3d2036ee73
7	5907.w4lift-5ffba5cc4529.txt	5907.w4lift-f9f8e9513c54.txt	5ff76078c599
7	5907.w4lift-5ffba5cc4529.txt	5907.w4lift-faafae8fcdaa.txt	b1be0f46d82c
7	5907.w4lift-5ffba5cc4529.txt	5907.w4lift-fc301bd873cb.txt	fecd684a9442
7	5907.w4lift-5ffba5cc4529.txt	5907.w4lift-fc7d7045a431.txt	ab88abce72ba
7	5907.w4lift-644e04797cd3.txt	5907.w4lift-06b66ef7470f.txt	833239f93d60
7	5907.w4lift-644e04797cd3.txt	5907.w4lift-097d01eaddb9.txt	e7dc2a75bdd1
7	5907.w4lift-644e04797cd3.txt	5907.w4lift-0dff9daccaa8.txt	ab88abce72ba
7	5907.w4lift-644e04797cd3.txt	5907.w4lift-1ba050a47f0b.txt	45e1abda4c12
7	5907.w4lift-644e04797cd3.txt	5907.w4lift-1da61b5817e6.txt	ada84d0153fa
7	5907.w4lift-644e04797cd3.txt	5907.w4lift-204625f89751.txt	ab88abce72ba
7	5907.w4lift-644e04797cd3.txt	5907.w4lift-2344c04ea5dd.txt	ab88abce72ba
7	5907.w4lift-644e04797cd3.txt	5907.w4lift-2914e81572fa.txt	29acfe26c3eb
7	5907.w4lift-644e04797cd3.txt	5907.w4lift-3359ccc27832.txt	ab88abce72ba
7	5907.w4lift-644e04797cd3.txt	5907.w4lift-3580a08a5c73.txt	e1065cfc01db
7	5907.w4lift-644e04797cd3.txt	5907.w4lift-4ab0903ef5f4.txt	ab88abce72ba
7	5907.w4lift-644e04797cd3.txt	5907.w4lift-508210674d85.txt	c672adfe27ca
7	5907.w4lift-644e04797cd3.txt	5907.w4lift-546a47a518b6.txt	b4fb337c2041
7	5907.w4lift-644e04797cd3.txt	5907.w4lift-55201236e530.txt	573ebb4e5913
7	5907.w4lift-644e04797cd3.txt	5907.w4lift-69ed3f34a123.txt	8821c9761a3f
7	5907.w4lift-644e04797cd3.txt	5907.w4lift-6e6b2c468f32.txt	3ec33775c7bd
7	5907.w4lift-644e04797cd3.txt	5907.w4lift-6ec79809fccc.txt	e616c3f821ef
7	5907.w4lift-644e04797cd3.txt	5907.w4lift-71600a834959.txt	bcf19a50a353
7	5907.w4lift-644e04797cd3.txt	5907.w4lift-7cd2edab64dc.txt	1fbf82fb2187
7	5907.w4lift-644e04797cd3.txt	5907.w4lift-82caf1ba27e5.txt	a8af7d1d0d1f
7	5907.w4lift-644e04797cd3.txt	5907.w4lift-846d5062c405.txt	dbb15d86868a
7	5907.w4lift-644e04797cd3.txt	5907.w4lift-863de61b836a.txt	d24f63edf5b4
7	5907.w4lift-644e04797cd3.txt	5907.w4lift-90338d0577bd.txt	1e48e92e2bca
7	5907.w4lift-644e04797cd3.txt	5907.w4lift-97d2d8784e2f.txt	2e62188e3c8b
7	5907.w4lift-644e04797cd3.txt	5907.w4lift-97d2d8784e2f.txt	48f9270682d9
7	5907.w4lift-644e04797cd3.txt	5907.w4lift-9b264f72a9b4.txt	74d91872eeb5
7	5907.w4lift-644e04797cd3.txt	5907.w4lift-a82143024d2d.txt	ab88abce72ba
7	5907.w4lift-644e04797cd3.txt	5907.w4lift-ae6af3254cbe.txt	e0be9b4548fa
7	5907.w4lift-644e04797cd3.txt	5907.w4lift-af7c897a8903.txt	429db3717944
7	5907.w4lift-644e04797cd3.txt	5907.w4lift-af7c897a8903.txt	b081b754d26e
7	5907.w4lift-644e04797cd3.txt	5907.w4lift-b2702baa553d.txt	6e21f7e985fe
7	5907.w4lift-644e04797cd3.txt	5907.w4lift-c5ee76734b4d.txt	847f96324af3
7	5907.w4lift-644e04797cd3.txt	5907.w4lift-c8c5110de4f9.txt	8821c9761a3f
7	5907.w4lift-644e04797cd3.txt	5907.w4lift-cba9917bd593.txt	1953b28ffc27
7	5907.w4lift-644e04797cd3.txt	5907.w4lift-d09cda89e063.txt	6a51a52b89c4
7	5907.w4lift-644e04797cd3.txt	5907.w4lift-d742e5e60c6f.txt	162b937cfcd8
7	5907.w4lift-644e04797cd3.txt	5907.w4lift-d946605e111b.txt	0ce7fb1aec46
7	5907.w4lift-644e04797cd3.txt	5907.w4lift-dbf70f871210.txt	c8cd712ae7b0
7	5907.w4lift-644e04797cd3.txt	5907.w4lift-dff914259b29.txt	27becabec391
7	5907.w4lift-644e04797cd3.txt	5907.w4lift-e0fb9d13de61.txt	45e1abda4c12
7	5907.w4lift-644e04797cd3.txt	5907.w4lift-e7ee0cc9c017.txt	959edf9574a8
7	5907.w4lift-644e04797cd3.txt	5907.w4lift-eb9a0d99f5fb.txt	bb0325078ded
7	5907.w4lift-644e04797cd3.txt	5907.w4lift-f18f663f4c81.txt	3a3b52457923
7	5907.w4lift-644e04797cd3.txt	5907.w4lift-f2708ef02d1a.txt	c9d65fee4f73
7	5907.w4lift-644e04797cd3.txt	5907.w4lift-fb688ec5c017.txt	429db3717944
7	5907.w4lift-644e04797cd3.txt	5907.w4lift-fb688ec5c017.txt	b081b754d26e
7	5907.w4lift-65205c870bb9.txt	5907.w4lift-12b9a795ea21.txt	ab88abce72ba
7	5907.w4lift-65205c870bb9.txt	5907.w4lift-24c25be13033.txt	b17264f2772b
7	5907.w4lift-65205c870bb9.txt	5907.w4lift-315604e8b5c3.txt	a6bd3e103a4c
7	5907.w4lift-65205c870bb9.txt	5907.w4lift-315604e8b5c3.txt	d2922ca9327a
7	5907.w4lift-65205c870bb9.txt	5907.w4lift-3dfbf9f5e16c.txt	6d61e25e2762
7	5907.w4lift-65205c870bb9.txt	5907.w4lift-46c29e5bc2a7.txt	ab88abce72ba
7	5907.w4lift-65205c870bb9.txt	5907.w4lift-5354b11bcbe4.txt	bb74acd56cf9
7	5907.w4lift-65205c870bb9.txt	5907.w4lift-5768a023152f.txt	7c2769543fc5
7	5907.w4lift-65205c870bb9.txt	5907.w4lift-912d954b3cbb.txt	e2a2c6dd2c41
7	5907.w4lift-65205c870bb9.txt	5907.w4lift-9b8f53ec761e.txt	ab88abce72ba
7	5907.w4lift-65205c870bb9.txt	5907.w4lift-9ca41b2682df.txt	033afc57097e
7	5907.w4lift-65205c870bb9.txt	5907.w4lift-9ca41b2682df.txt	b4f13531d2e2
7	5907.w4lift-65205c870bb9.txt	5907.w4lift-9dad34a0c58a.txt	28e415dd7f02
7	5907.w4lift-65205c870bb9.txt	5907.w4lift-9dad34a0c58a.txt	c26c151d9d54
7	5907.w4lift-65205c870bb9.txt	5907.w4lift-e06bb85d02bc.txt	74d503e42116
7	5907.w4lift-65205c870bb9.txt	5907.w4lift-e06bb85d02bc.txt	fb50a523fce2
7	5907.w4lift-65205c870bb9.txt	5907.w4lift-e3a439aa39b6.txt	e1f44691aec8
7	5907.w4lift-65205c870bb9.txt	5907.w4lift-e3a439aa39b6.txt	f929134a1b76
7	5907.w4lift-65205c870bb9.txt	5907.w4lift-fbabcbfdfb74.txt	ab88abce72ba
7	5907.w4lift-65fb95f576e7.txt	5907.w4lift-097d01eaddb9.txt	d85cb56ed236
7	5907.w4lift-65fb95f576e7.txt	5907.w4lift-16dd1019b651.txt	947fefee2ce1
7	5907.w4lift-65fb95f576e7.txt	5907.w4lift-1ba050a47f0b.txt	868b50be85a4
7	5907.w4lift-65fb95f576e7.txt	5907.w4lift-1e59b13c7cc0.txt	0ad29fbab280
7	5907.w4lift-65fb95f576e7.txt	5907.w4lift-3359ccc27832.txt	c7e7cc660163
7	5907.w4lift-65fb95f576e7.txt	5907.w4lift-3580a08a5c73.txt	90628da2dd0c
7	5907.w4lift-65fb95f576e7.txt	5907.w4lift-3580a08a5c73.txt	a9604abeb264
7	5907.w4lift-65fb95f576e7.txt	5907.w4lift-3ce63a53cf1a.txt	095bfb3dc800
7	5907.w4lift-65fb95f576e7.txt	5907.w4lift-43a95823c4dc.txt	e8e466f2309f
7	5907.w4lift-65fb95f576e7.txt	5907.w4lift-4614701d0920.txt	ab88abce72ba
7	5907.w4lift-65fb95f576e7.txt	5907.w4lift-4d47295ca519.txt	92782df6e5d5
7	5907.w4lift-65fb95f576e7.txt	5907.w4lift-53542138d1b5.txt	427e8cc7a808
7	5907.w4lift-65fb95f576e7.txt	5907.w4lift-53542138d1b5.txt	f5542aa46bd8
7	5907.w4lift-65fb95f576e7.txt	5907.w4lift-540198536578.txt	4c6e579a7560
7	5907.w4lift-65fb95f576e7.txt	5907.w4lift-540198536578.txt	72d376c5571d
7	5907.w4lift-65fb95f576e7.txt	5907.w4lift-5f95afa2454b.txt	8373a022eef2
7	5907.w4lift-65fb95f576e7.txt	5907.w4lift-684436c46755.txt	d6c04566fc39
7	5907.w4lift-65fb95f576e7.txt	5907.w4lift-6e6b2c468f32.txt	83f2a26fb1ab
7	5907.w4lift-65fb95f576e7.txt	5907.w4lift-6ec79809fccc.txt	39ea17aa2020
7	5907.w4lift-65fb95f576e7.txt	5907.w4lift-76a1eae91ca0.txt	9943a7ddc283
7	5907.w4lift-65fb95f576e7.txt	5907.w4lift-7714757d2e9e.txt	08228ec67eb6
7	5907.w4lift-65fb95f576e7.txt	5907.w4lift-863de61b836a.txt	c6701c2a9601
7	5907.w4lift-65fb95f576e7.txt	5907.w4lift-86a03197440a.txt	4728d8e5f3d2
7	5907.w4lift-65fb95f576e7.txt	5907.w4lift-8824a6971c2e.txt	13a2ca857332
7	5907.w4lift-65fb95f576e7.txt	5907.w4lift-8966629ce152.txt	cfa4043ac971
7	5907.w4lift-65fb95f576e7.txt	5907.w4lift-89b3167f9583.txt	ab88abce72ba
7	5907.w4lift-65fb95f576e7.txt	5907.w4lift-8e5ca0ef018c.txt	f550b887608a
7	5907.w4lift-65fb95f576e7.txt	5907.w4lift-912bd909d2b6.txt	cf88f66916d6
7	5907.w4lift-65fb95f576e7.txt	5907.w4lift-a7bbb73953d8.txt	803ec382c593
7	5907.w4lift-65fb95f576e7.txt	5907.w4lift-ab80c9a45344.txt	0df6c6a90182
7	5907.w4lift-65fb95f576e7.txt	5907.w4lift-ae466549a0d9.txt	ab88abce72ba
7	5907.w4lift-65fb95f576e7.txt	5907.w4lift-bca46e18f77b.txt	8373a022eef2
7	5907.w4lift-65fb95f576e7.txt	5907.w4lift-bd154fbbf435.txt	49c5410504fe
7	5907.w4lift-65fb95f576e7.txt	5907.w4lift-bfbef8785aff.txt	ab88abce72ba
7	5907.w4lift-65fb95f576e7.txt	5907.w4lift-c5ee76734b4d.txt	d0e1658792cb
7	5907.w4lift-65fb95f576e7.txt	5907.w4lift-c7b7714127d9.txt	67eacd157bbc
7	5907.w4lift-65fb95f576e7.txt	5907.w4lift-c7b7714127d9.txt	90d033b7ddbf
7	5907.w4lift-65fb95f576e7.txt	5907.w4lift-c8c5110de4f9.txt	5f89beb942b2
7	5907.w4lift-65fb95f576e7.txt	5907.w4lift-ca71ed8496bd.txt	5166d6e62e75
7	5907.w4lift-65fb95f576e7.txt	5907.w4lift-ca71ed8496bd.txt	e3da64e6da9b
7	5907.w4lift-65fb95f576e7.txt	5907.w4lift-caeaa9e5ac42.txt	83f2a26fb1ab
7	5907.w4lift-65fb95f576e7.txt	5907.w4lift-cba9917bd593.txt	4d9a21b2c945
7	5907.w4lift-65fb95f576e7.txt	5907.w4lift-d155534ea2d4.txt	211974864876
7	5907.w4lift-65fb95f576e7.txt	5907.w4lift-d213b0754523.txt	49d4d9e84135
7	5907.w4lift-65fb95f576e7.txt	5907.w4lift-d946605e111b.txt	cf88f66916d6
7	5907.w4lift-65fb95f576e7.txt	5907.w4lift-db45ebdeed40.txt	ab88abce72ba
7	5907.w4lift-65fb95f576e7.txt	5907.w4lift-dd250dd876cd.txt	92cca1ec54bb
7	5907.w4lift-65fb95f576e7.txt	5907.w4lift-dff914259b29.txt	0d491f159886
7	5907.w4lift-65fb95f576e7.txt	5907.w4lift-e0368a011e8c.txt	2257058c3d2d
7	5907.w4lift-65fb95f576e7.txt	5907.w4lift-e2841ecca038.txt	fe22f3e91d6f
7	5907.w4lift-65fb95f576e7.txt	5907.w4lift-e45b90b0a767.txt	38fa2979bd03
7	5907.w4lift-65fb95f576e7.txt	5907.w4lift-e7ee0cc9c017.txt	ab88abce72ba
7	5907.w4lift-65fb95f576e7.txt	5907.w4lift-e96c05b05fe9.txt	5cd553a8321b
7	5907.w4lift-65fb95f576e7.txt	5907.w4lift-eb9a0d99f5fb.txt	0485c22c758e
7	5907.w4lift-65fb95f576e7.txt	5907.w4lift-ebfb75328150.txt	b2d27c6fb87b
7	5907.w4lift-65fb95f576e7.txt	5907.w4lift-ecfe2ba8e511.txt	9ae93052f1a3
7	5907.w4lift-65fb95f576e7.txt	5907.w4lift-f18f663f4c81.txt	61e671455635
7	5907.w4lift-65fb95f576e7.txt	5907.w4lift-f2708ef02d1a.txt	b1be0f46d82c
7	5907.w4lift-65fb95f576e7.txt	5907.w4lift-f9f8e9513c54.txt	7f04bb1041b3
7	5907.w4lift-65fb95f576e7.txt	5907.w4lift-fc301bd873cb.txt	3a42d71f01c6
7	5907.w4lift-65fb95f576e7.txt	5907.w4lift-fc5c70dfb561.txt	4728d8e5f3d2
7	5907.w4lift-65fb95f576e7.txt	5907.w4lift-fc7d7045a431.txt	ddc1e5a5e22d
7	5907.w4lift-65fb95f576e7.txt	5907.w4lift-fd06a0493fef.txt	a805ea3de51d
7	5907.w4lift-66b2c7d03250.txt	5907.w4lift-0e8d65c99b5b.txt	4ecba60aa35e
7	5907.w4lift-66b2c7d03250.txt	5907.w4lift-78ea814960f7.txt	3187a6ab820d
7	5907.w4lift-66b2c7d03250.txt	5907.w4lift-798d73c7da27.txt	a23d031fbcd3
7	5907.w4lift-66b2c7d03250.txt	5907.w4lift-8ce70b7ef3d2.txt	ab88abce72ba
7	5907.w4lift-66b2c7d03250.txt	5907.w4lift-9d46965eac6f.txt	ab88abce72ba
7	5907.w4lift-66b2c7d03250.txt	5907.w4lift-a8df79730981.txt	a31aaa6bc575
7	5907.w4lift-66b2c7d03250.txt	5907.w4lift-a95d4a041543.txt	3187a6ab820d
7	5907.w4lift-66b2c7d03250.txt	5907.w4lift-de331f6627c9.txt	a31aaa6bc575
7	5907.w4lift-66b2c7d03250.txt	5907.w4lift-f579467e871c.txt	a23d031fbcd3
7	5907.w4lift-676d0f91dd66.txt	5907.w4lift-04c898c73c62.txt	ab88abce72ba
7	5907.w4lift-676d0f91dd66.txt	5907.w4lift-169e64bca870.txt	ab88abce72ba
7	5907.w4lift-676d0f91dd66.txt	5907.w4lift-1ba050a47f0b.txt	ecad0e65a5d2
7	5907.w4lift-676d0f91dd66.txt	5907.w4lift-231c44b74cdf.txt	e616c3f821ef
7	5907.w4lift-676d0f91dd66.txt	5907.w4lift-2914e81572fa.txt	fecd684a9442
7	5907.w4lift-676d0f91dd66.txt	5907.w4lift-2f67f2643eeb.txt	5581e578134b
7	5907.w4lift-676d0f91dd66.txt	5907.w4lift-2f67f2643eeb.txt	d0a01a1ac47d
7	5907.w4lift-676d0f91dd66.txt	5907.w4lift-43a95823c4dc.txt	d1acfe46465f
7	5907.w4lift-676d0f91dd66.txt	5907.w4lift-4ab0903ef5f4.txt	396fe6d979c3
7	5907.w4lift-676d0f91dd66.txt	5907.w4lift-546a47a518b6.txt	5ff76078c599
7	5907.w4lift-676d0f91dd66.txt	5907.w4lift-580a6b2415c2.txt	833239f93d60
7	5907.w4lift-676d0f91dd66.txt	5907.w4lift-88a61c377b0a.txt	ab88abce72ba
7	5907.w4lift-676d0f91dd66.txt	5907.w4lift-9b264f72a9b4.txt	d4ec6aadbefe
7	5907.w4lift-676d0f91dd66.txt	5907.w4lift-b66c35732a00.txt	d24f63edf5b4
7	5907.w4lift-676d0f91dd66.txt	5907.w4lift-b91f5e2f34a2.txt	e491b3145c5e
7	5907.w4lift-676d0f91dd66.txt	5907.w4lift-c8c5110de4f9.txt	cb67e923a6ca
7	5907.w4lift-676d0f91dd66.txt	5907.w4lift-cb7d99c78307.txt	cb67e923a6ca
7	5907.w4lift-676d0f91dd66.txt	5907.w4lift-da24731c22eb.txt	156e559f9324
7	5907.w4lift-676d0f91dd66.txt	5907.w4lift-dbf70f871210.txt	ab88abce72ba
7	5907.w4lift-676d0f91dd66.txt	5907.w4lift-dd24a1fe19b2.txt	ab88abce72ba
7	5907.w4lift-676d0f91dd66.txt	5907.w4lift-dd250dd876cd.txt	f6d440e96d8c
7	5907.w4lift-676d0f91dd66.txt	5907.w4lift-e44f3ccf8ed4.txt	62a74ce65faa
7	5907.w4lift-676d0f91dd66.txt	5907.w4lift-e44f3ccf8ed4.txt	b13177991e02
7	5907.w4lift-676d0f91dd66.txt	5907.w4lift-ec915ed4bfb3.txt	b7bc7337f220
7	5907.w4lift-676d0f91dd66.txt	5907.w4lift-ef0f8852bf9b.txt	ab88abce72ba
7	5907.w4lift-676d0f91dd66.txt	5907.w4lift-f6b8b0e6314c.txt	ba9ea1eefc0d
7	5907.w4lift-676d0f91dd66.txt	5907.w4lift-f75829b56545.txt	746b5fef63fc
7	5907.w4lift-676d0f91dd66.txt	5907.w4lift-fb688ec5c017.txt	90ec4efba5a6
7	5907.w4lift-676d0f91dd66.txt	5907.w4lift-fe39239f7468.txt	5aceefba3b64
7	5907.w4lift-684436c46755.txt	5907.w4lift-0531d212f9bb.txt	9ae93052f1a3
7	5907.w4lift-684436c46755.txt	5907.w4lift-097d01eaddb9.txt	eb8331df9ee8
7	5907.w4lift-684436c46755.txt	5907.w4lift-177bb009e3ce.txt	14a420b3a5b2
7	5907.w4lift-684436c46755.txt	5907.w4lift-1ba050a47f0b.txt	14a420b3a5b2
7	5907.w4lift-684436c46755.txt	5907.w4lift-1c7e3360c98f.txt	ff97c0cddd5f
7	5907.w4lift-684436c46755.txt	5907.w4lift-231c44b74cdf.txt	a780c2d233f8
7	5907.w4lift-684436c46755.txt	5907.w4lift-3359ccc27832.txt	b7f3d137c99a
7	5907.w4lift-684436c46755.txt	5907.w4lift-3580a08a5c73.txt	b4bd6f395a25
7	5907.w4lift-684436c46755.txt	5907.w4lift-386272df4871.txt	cf88f66916d6
7	5907.w4lift-684436c46755.txt	5907.w4lift-3ce63a53cf1a.txt	62a74ce65faa
7	5907.w4lift-684436c46755.txt	5907.w4lift-3ce63a53cf1a.txt	b13177991e02
7	5907.w4lift-684436c46755.txt	5907.w4lift-45a4ff8466a7.txt	49c5410504fe
7	5907.w4lift-684436c46755.txt	5907.w4lift-4614701d0920.txt	ab88abce72ba
7	5907.w4lift-684436c46755.txt	5907.w4lift-4cb3167d35ed.txt	83f2a26fb1ab
7	5907.w4lift-684436c46755.txt	5907.w4lift-508210674d85.txt	d5d134bba086
7	5907.w4lift-684436c46755.txt	5907.w4lift-53542138d1b5.txt	cddfeeb9ec88
7	5907.w4lift-684436c46755.txt	5907.w4lift-540198536578.txt	398028eae919
7	5907.w4lift-684436c46755.txt	5907.w4lift-58984281bc50.txt	ab88abce72ba
7	5907.w4lift-684436c46755.txt	5907.w4lift-5f95afa2454b.txt	4d9a21b2c945
7	5907.w4lift-684436c46755.txt	5907.w4lift-5ffba5cc4529.txt	f550b887608a
7	5907.w4lift-684436c46755.txt	5907.w4lift-65fb95f576e7.txt	83d54a67702c
7	5907.w4lift-684436c46755.txt	5907.w4lift-6d19c9f1455d.txt	4728d8e5f3d2
7	5907.w4lift-684436c46755.txt	5907.w4lift-71600a834959.txt	ab88abce72ba
7	5907.w4lift-684436c46755.txt	5907.w4lift-846d5062c405.txt	0d491f159886
7	5907.w4lift-684436c46755.txt	5907.w4lift-863de61b836a.txt	80d27d30ff66
7	5907.w4lift-684436c46755.txt	5907.w4lift-86a03197440a.txt	5166d6e62e75
7	5907.w4lift-684436c46755.txt	5907.w4lift-86a03197440a.txt	e3da64e6da9b
7	5907.w4lift-684436c46755.txt	5907.w4lift-8824a6971c2e.txt	803ec382c593
7	5907.w4lift-684436c46755.txt	5907.w4lift-a6df35bc4b74.txt	77f471f848b0
7	5907.w4lift-684436c46755.txt	5907.w4lift-a7bbb73953d8.txt	15c816659d45
7	5907.w4lift-684436c46755.txt	5907.w4lift-ab80c9a45344.txt	16eab6538ab6
7	5907.w4lift-684436c46755.txt	5907.w4lift-ae466549a0d9.txt	b98392e1d7a6
7	5907.w4lift-684436c46755.txt	5907.w4lift-ae6af3254cbe.txt	4d9a21b2c945
7	5907.w4lift-684436c46755.txt	5907.w4lift-b18d3ecda2e7.txt	211974864876
7	5907.w4lift-684436c46755.txt	5907.w4lift-b2702baa553d.txt	fa9996b118a5
7	5907.w4lift-684436c46755.txt	5907.w4lift-b7a548d5f629.txt	f2cd8c1f4d2e
7	5907.w4lift-684436c46755.txt	5907.w4lift-bd154fbbf435.txt	2c806c1bf6e3
7	5907.w4lift-684436c46755.txt	5907.w4lift-bfbef8785aff.txt	d4c86ffe1efa
7	5907.w4lift-684436c46755.txt	5907.w4lift-c5ee76734b4d.txt	fa9996b118a5
7	5907.w4lift-684436c46755.txt	5907.w4lift-c7b7714127d9.txt	c958df8ea4c3
7	5907.w4lift-684436c46755.txt	5907.w4lift-c8c5110de4f9.txt	045ff6b79066
7	5907.w4lift-684436c46755.txt	5907.w4lift-d155534ea2d4.txt	d5d134bba086
7	5907.w4lift-684436c46755.txt	5907.w4lift-d742e5e60c6f.txt	7b5542740cec
7	5907.w4lift-684436c46755.txt	5907.w4lift-d946605e111b.txt	0df6c6a90182
7	5907.w4lift-684436c46755.txt	5907.w4lift-db45ebdeed40.txt	ab88abce72ba
7	5907.w4lift-684436c46755.txt	5907.w4lift-dcd0ec0a1fc5.txt	2257058c3d2d
7	5907.w4lift-684436c46755.txt	5907.w4lift-df0078a194a0.txt	045ff6b79066
7	5907.w4lift-684436c46755.txt	5907.w4lift-e45b90b0a767.txt	7145048de6a4
7	5907.w4lift-684436c46755.txt	5907.w4lift-e768827496d4.txt	8373a022eef2
7	5907.w4lift-684436c46755.txt	5907.w4lift-e96c05b05fe9.txt	5166d6e62e75
7	5907.w4lift-684436c46755.txt	5907.w4lift-e96c05b05fe9.txt	e3da64e6da9b
7	5907.w4lift-684436c46755.txt	5907.w4lift-ebfb75328150.txt	ab88abce72ba
7	5907.w4lift-684436c46755.txt	5907.w4lift-ec915ed4bfb3.txt	7a76f11797d8
7	5907.w4lift-684436c46755.txt	5907.w4lift-ecfe2ba8e511.txt	7762bf9a1f83
7	5907.w4lift-684436c46755.txt	5907.w4lift-f18f663f4c81.txt	32af70a4999e
7	5907.w4lift-684436c46755.txt	5907.w4lift-f2708ef02d1a.txt	d4ec6aadbefe
7	5907.w4lift-684436c46755.txt	5907.w4lift-f859791b1e8e.txt	cfa4043ac971
7	5907.w4lift-684436c46755.txt	5907.w4lift-f9f8e9513c54.txt	ab88abce72ba
7	5907.w4lift-684436c46755.txt	5907.w4lift-faafae8fcdaa.txt	71fce178fd55
7	5907.w4lift-684436c46755.txt	5907.w4lift-fc301bd873cb.txt	0df6c6a90182
7	5907.w4lift-69ed3f34a123.txt	5907.w4lift-06b66ef7470f.txt	a50ba88437d8
7	5907.w4lift-69ed3f34a123.txt	5907.w4lift-0dff9daccaa8.txt	ab88abce72ba
7	5907.w4lift-69ed3f34a123.txt	5907.w4lift-0fc17b401159.txt	3123e32f64ba
7	5907.w4lift-69ed3f34a123.txt	5907.w4lift-169e64bca870.txt	2dcd6251565a
7	5907.w4lift-69ed3f34a123.txt	5907.w4lift-16dd1019b651.txt	d24f63edf5b4
7	5907.w4lift-69ed3f34a123.txt	5907.w4lift-1c7e3360c98f.txt	6a51a52b89c4
7	5907.w4lift-69ed3f34a123.txt	5907.w4lift-1da61b5817e6.txt	2e62188e3c8b
7	5907.w4lift-69ed3f34a123.txt	5907.w4lift-1da61b5817e6.txt	48f9270682d9
7	5907.w4lift-69ed3f34a123.txt	5907.w4lift-204625f89751.txt	ab88abce72ba
7	5907.w4lift-69ed3f34a123.txt	5907.w4lift-2344c04ea5dd.txt	aa54b27dcfe9
7	5907.w4lift-69ed3f34a123.txt	5907.w4lift-2914e81572fa.txt	ab88abce72ba
7	5907.w4lift-69ed3f34a123.txt	5907.w4lift-319dff1ab25a.txt	f491e3e4a3c1
7	5907.w4lift-69ed3f34a123.txt	5907.w4lift-3359ccc27832.txt	fecd684a9442
7	5907.w4lift-69ed3f34a123.txt	5907.w4lift-3d4579051d3f.txt	d3143f1b84ab
7	5907.w4lift-69ed3f34a123.txt	5907.w4lift-473fc5e1c91e.txt	defc0816dfd5
7	5907.w4lift-69ed3f34a123.txt	5907.w4lift-4cb3167d35ed.txt	885fe227bff6
7	5907.w4lift-69ed3f34a123.txt	5907.w4lift-4d47295ca519.txt	162b937cfcd8
7	5907.w4lift-69ed3f34a123.txt	5907.w4lift-546a47a518b6.txt	833239f93d60
7	5907.w4lift-69ed3f34a123.txt	5907.w4lift-55201236e530.txt	7e00c873941d
7	5907.w4lift-69ed3f34a123.txt	5907.w4lift-5742f21eca2d.txt	19e1c21182bd
7	5907.w4lift-69ed3f34a123.txt	5907.w4lift-580a6b2415c2.txt	8373a022eef2
7	5907.w4lift-69ed3f34a123.txt	5907.w4lift-5ffba5cc4529.txt	1e48e92e2bca
7	5907.w4lift-69ed3f34a123.txt	5907.w4lift-644e04797cd3.txt	d4ec6aadbefe
7	5907.w4lift-69ed3f34a123.txt	5907.w4lift-6e905a492084.txt	7dfddb482d3c
7	5907.w4lift-69ed3f34a123.txt	5907.w4lift-80c95286cd7c.txt	01ebc19824fc
7	5907.w4lift-69ed3f34a123.txt	5907.w4lift-8e5ca0ef018c.txt	a8af7d1d0d1f
7	5907.w4lift-69ed3f34a123.txt	5907.w4lift-9b264f72a9b4.txt	72397e2f680a
7	5907.w4lift-69ed3f34a123.txt	5907.w4lift-a6df35bc4b74.txt	2e62188e3c8b
7	5907.w4lift-69ed3f34a123.txt	5907.w4lift-a6df35bc4b74.txt	48f9270682d9
7	5907.w4lift-69ed3f34a123.txt	5907.w4lift-a8d3c9324eac.txt	e491b3145c5e
7	5907.w4lift-69ed3f34a123.txt	5907.w4lift-af7c897a8903.txt	5581e578134b
7	5907.w4lift-69ed3f34a123.txt	5907.w4lift-af7c897a8903.txt	d0a01a1ac47d
7	5907.w4lift-69ed3f34a123.txt	5907.w4lift-b18d3ecda2e7.txt	3ec33775c7bd
7	5907.w4lift-69ed3f34a123.txt	5907.w4lift-b4e57551e32a.txt	1a06d1157530
7	5907.w4lift-69ed3f34a123.txt	5907.w4lift-b66c35732a00.txt	8821c9761a3f
7	5907.w4lift-69ed3f34a123.txt	5907.w4lift-b7a548d5f629.txt	847f96324af3
7	5907.w4lift-69ed3f34a123.txt	5907.w4lift-b91f5e2f34a2.txt	ab88abce72ba
7	5907.w4lift-69ed3f34a123.txt	5907.w4lift-bca46e18f77b.txt	27becabec391
7	5907.w4lift-69ed3f34a123.txt	5907.w4lift-caeaa9e5ac42.txt	b4dfc6692083
7	5907.w4lift-69ed3f34a123.txt	5907.w4lift-dbf70f871210.txt	8e3fa11cbde7
7	5907.w4lift-69ed3f34a123.txt	5907.w4lift-e04faca1c06c.txt	833239f93d60
7	5907.w4lift-69ed3f34a123.txt	5907.w4lift-e0fb9d13de61.txt	ab88abce72ba
7	5907.w4lift-69ed3f34a123.txt	5907.w4lift-e2841ecca038.txt	ab88abce72ba
7	5907.w4lift-69ed3f34a123.txt	5907.w4lift-e768827496d4.txt	dbb15d86868a
7	5907.w4lift-69ed3f34a123.txt	5907.w4lift-f18f663f4c81.txt	5ff76078c599
7	5907.w4lift-69ed3f34a123.txt	5907.w4lift-fc7d7045a431.txt	1fbf82fb2187
7	5907.w4lift-6d19c9f1455d.txt	5907.w4lift-0531d212f9bb.txt	ab88abce72ba
7	5907.w4lift-6d19c9f1455d.txt	5907.w4lift-0709deed1cd4.txt	2c806c1bf6e3
7	5907.w4lift-6d19c9f1455d.txt	5907.w4lift-08210f1c16a0.txt	bd508e5023d8
7	5907.w4lift-6d19c9f1455d.txt	5907.w4lift-169e64bca870.txt	c5613db25dba
7	5907.w4lift-6d19c9f1455d.txt	5907.w4lift-177bb009e3ce.txt	6c8a5f9ef1df
7	5907.w4lift-6d19c9f1455d.txt	5907.w4lift-1c7e3360c98f.txt	a36fb689ba41
7	5907.w4lift-6d19c9f1455d.txt	5907.w4lift-231c44b74cdf.txt	f9ee8b6c0294
7	5907.w4lift-6d19c9f1455d.txt	5907.w4lift-352479dbf208.txt	ab11977fcf47
7	5907.w4lift-6d19c9f1455d.txt	5907.w4lift-37386755df59.txt	b2c5eb761e41
7	5907.w4lift-6d19c9f1455d.txt	5907.w4lift-386272df4871.txt	9ffeb4ce9bae
7	5907.w4lift-6d19c9f1455d.txt	5907.w4lift-3d4579051d3f.txt	4afb5e5acf86
7	5907.w4lift-6d19c9f1455d.txt	5907.w4lift-4034f85f00ec.txt	398028eae919
7	5907.w4lift-6d19c9f1455d.txt	5907.w4lift-45a4ff8466a7.txt	3394d4cf4ce9
7	5907.w4lift-6d19c9f1455d.txt	5907.w4lift-45a4ff8466a7.txt	b84e5852608b
7	5907.w4lift-6d19c9f1455d.txt	5907.w4lift-4614701d0920.txt	642f48479b2a
7	5907.w4lift-6d19c9f1455d.txt	5907.w4lift-4a5b17090e74.txt	5bf23f32ca54
7	5907.w4lift-6d19c9f1455d.txt	5907.w4lift-508210674d85.txt	5bf23f32ca54
7	5907.w4lift-6d19c9f1455d.txt	5907.w4lift-58984281bc50.txt	48c30fab9556
7	5907.w4lift-6d19c9f1455d.txt	5907.w4lift-5ffba5cc4529.txt	bd508e5023d8
7	5907.w4lift-6d19c9f1455d.txt	5907.w4lift-684436c46755.txt	c2220252475b
7	5907.w4lift-6d19c9f1455d.txt	5907.w4lift-71600a834959.txt	ab11977fcf47
7	5907.w4lift-6d19c9f1455d.txt	5907.w4lift-76a1eae91ca0.txt	642f48479b2a
7	5907.w4lift-6d19c9f1455d.txt	5907.w4lift-7714757d2e9e.txt	ab88abce72ba
7	5907.w4lift-6d19c9f1455d.txt	5907.w4lift-86a03197440a.txt	398028eae919
7	5907.w4lift-6d19c9f1455d.txt	5907.w4lift-8824a6971c2e.txt	ab88abce72ba
7	5907.w4lift-6d19c9f1455d.txt	5907.w4lift-8966629ce152.txt	d4c86ffe1efa
7	5907.w4lift-6d19c9f1455d.txt	5907.w4lift-89b3167f9583.txt	04494fa53cff
7	5907.w4lift-6d19c9f1455d.txt	5907.w4lift-912bd909d2b6.txt	240d550552a3
7	5907.w4lift-6d19c9f1455d.txt	5907.w4lift-9b4bc5700c90.txt	a36fb689ba41
7	5907.w4lift-6d19c9f1455d.txt	5907.w4lift-a6df35bc4b74.txt	4afb5e5acf86
7	5907.w4lift-6d19c9f1455d.txt	5907.w4lift-a8d3c9324eac.txt	526035ef3d01
7	5907.w4lift-6d19c9f1455d.txt	5907.w4lift-ae6af3254cbe.txt	240d550552a3
7	5907.w4lift-6d19c9f1455d.txt	5907.w4lift-af7c897a8903.txt	903b55e7cb38
7	5907.w4lift-6d19c9f1455d.txt	5907.w4lift-b18d3ecda2e7.txt	ddf5bfe474bf
7	5907.w4lift-6d19c9f1455d.txt	5907.w4lift-b2702baa553d.txt	526035ef3d01
7	5907.w4lift-6d19c9f1455d.txt	5907.w4lift-b66c35732a00.txt	f9ee8b6c0294
7	5907.w4lift-6d19c9f1455d.txt	5907.w4lift-b7a548d5f629.txt	32484de5d5f7
7	5907.w4lift-6d19c9f1455d.txt	5907.w4lift-d946605e111b.txt	b2c5eb761e41
7	5907.w4lift-6d19c9f1455d.txt	5907.w4lift-dcd0ec0a1fc5.txt	3394d4cf4ce9
7	5907.w4lift-6d19c9f1455d.txt	5907.w4lift-dcd0ec0a1fc5.txt	b84e5852608b
7	5907.w4lift-6d19c9f1455d.txt	5907.w4lift-df0078a194a0.txt	903b55e7cb38
7	5907.w4lift-6d19c9f1455d.txt	5907.w4lift-e0fa39144639.txt	ddf5bfe474bf
7	5907.w4lift-6d19c9f1455d.txt	5907.w4lift-e0fb9d13de61.txt	6c8a5f9ef1df
7	5907.w4lift-6d19c9f1455d.txt	5907.w4lift-e768827496d4.txt	9ffeb4ce9bae
7	5907.w4lift-6d19c9f1455d.txt	5907.w4lift-e96c05b05fe9.txt	83d54a67702c
7	5907.w4lift-6d19c9f1455d.txt	5907.w4lift-ec915ed4bfb3.txt	c5613db25dba
7	5907.w4lift-6d19c9f1455d.txt	5907.w4lift-ecfe2ba8e511.txt	d4c86ffe1efa
7	5907.w4lift-6d19c9f1455d.txt	5907.w4lift-f859791b1e8e.txt	ab88abce72ba
7	5907.w4lift-6d19c9f1455d.txt	5907.w4lift-f9f8e9513c54.txt	04494fa53cff
7	5907.w4lift-6d19c9f1455d.txt	5907.w4lift-faafae8fcdaa.txt	d559476e2a95
7	5907.w4lift-6d19c9f1455d.txt	5907.w4lift-fc5c70dfb561.txt	83d54a67702c
7	5907.w4lift-6d19c9f1455d.txt	5907.w4lift-fd06a0493fef.txt	c2220252475b
7	5907.w4lift-6e6b2c468f32.txt	5907.w4lift-04c898c73c62.txt	65b414a14871
7	5907.w4lift-6e6b2c468f32.txt	5907.w4lift-08210f1c16a0.txt	429db3717944
7	5907.w4lift-6e6b2c468f32.txt	5907.w4lift-08210f1c16a0.txt	b081b754d26e
7	5907.w4lift-6e6b2c468f32.txt	5907.w4lift-0fc17b401159.txt	9943a7ddc283
7	5907.w4lift-6e6b2c468f32.txt	5907.w4lift-204625f89751.txt	81d3a556dfde
7	5907.w4lift-6e6b2c468f32.txt	5907.w4lift-208b728dbc49.txt	bfd1c873c831
7	5907.w4lift-6e6b2c468f32.txt	5907.w4lift-319dff1ab25a.txt	2257058c3d2d
7	5907.w4lift-6e6b2c468f32.txt	5907.w4lift-386272df4871.txt	96ebdab07f84
7	5907.w4lift-6e6b2c468f32.txt	5907.w4lift-3d4579051d3f.txt	f1f39aaf528e
7	5907.w4lift-6e6b2c468f32.txt	5907.w4lift-45a4ff8466a7.txt	45e1abda4c12
7	5907.w4lift-6e6b2c468f32.txt	5907.w4lift-4614701d0920.txt	3a3b52457923
7	5907.w4lift-6e6b2c468f32.txt	5907.w4lift-473fc5e1c91e.txt	947fefee2ce1
7	5907.w4lift-6e6b2c468f32.txt	5907.w4lift-4ab0903ef5f4.txt	61e671455635
7	5907.w4lift-6e6b2c468f32.txt	5907.w4lift-4cb3167d35ed.txt	a805ea3de51d
7	5907.w4lift-6e6b2c468f32.txt	5907.w4lift-508210674d85.txt	b1be0f46d82c
7	5907.w4lift-6e6b2c468f32.txt	5907.w4lift-5742f21eca2d.txt	ab88abce72ba
7	5907.w4lift-6e6b2c468f32.txt	5907.w4lift-5f95afa2454b.txt	ab88abce72ba
7	5907.w4lift-6e6b2c468f32.txt	5907.w4lift-644e04797cd3.txt	09d23aa6b91a
7	5907.w4lift-6e6b2c468f32.txt	5907.w4lift-65fb95f576e7.txt	36706f4e334b
7	5907.w4lift-6e6b2c468f32.txt	5907.w4lift-6ec79809fccc.txt	8ba4f5a756dd
7	5907.w4lift-6e6b2c468f32.txt	5907.w4lift-71600a834959.txt	f87b924fc4aa
7	5907.w4lift-6e6b2c468f32.txt	5907.w4lift-7cd2edab64dc.txt	be6b4f4e69cf
7	5907.w4lift-6e6b2c468f32.txt	5907.w4lift-82caf1ba27e5.txt	398028eae919
7	5907.w4lift-6e6b2c468f32.txt	5907.w4lift-846d5062c405.txt	ab88abce72ba
7	5907.w4lift-6e6b2c468f32.txt	5907.w4lift-8a8b72923703.txt	0ad29fbab280
7	5907.w4lift-6e6b2c468f32.txt	5907.w4lift-90338d0577bd.txt	4c6e579a7560
7	5907.w4lift-6e6b2c468f32.txt	5907.w4lift-90338d0577bd.txt	72d376c5571d
7	5907.w4lift-6e6b2c468f32.txt	5907.w4lift-97d2d8784e2f.txt	90628da2dd0c
7	5907.w4lift-6e6b2c468f32.txt	5907.w4lift-97d2d8784e2f.txt	a9604abeb264
7	5907.w4lift-6e6b2c468f32.txt	5907.w4lift-9b4bc5700c90.txt	7da937df9f1b
7	5907.w4lift-6e6b2c468f32.txt	5907.w4lift-a82143024d2d.txt	2b1829f80cf7
7	5907.w4lift-6e6b2c468f32.txt	5907.w4lift-ae466549a0d9.txt	746b5fef63fc
7	5907.w4lift-6e6b2c468f32.txt	5907.w4lift-ae6af3254cbe.txt	84a31d178833
7	5907.w4lift-6e6b2c468f32.txt	5907.w4lift-b18d3ecda2e7.txt	8821c9761a3f
7	5907.w4lift-6e6b2c468f32.txt	5907.w4lift-b2702baa553d.txt	ba64a6bdcb29
7	5907.w4lift-6e6b2c468f32.txt	5907.w4lift-c5ee76734b4d.txt	eb52f3b0f67b
7	5907.w4lift-6e6b2c468f32.txt	5907.w4lift-cba9917bd593.txt	e332743d8318
7	5907.w4lift-6e6b2c468f32.txt	5907.w4lift-d09cda89e063.txt	ab88abce72ba
7	5907.w4lift-6e6b2c468f32.txt	5907.w4lift-d155534ea2d4.txt	b85e26cbabc5
7	5907.w4lift-6e6b2c468f32.txt	5907.w4lift-d742e5e60c6f.txt	f4276d62e543
7	5907.w4lift-6e6b2c468f32.txt	5907.w4lift-d946605e111b.txt	ab88abce72ba
7	5907.w4lift-6e6b2c468f32.txt	5907.w4lift-dff914259b29.txt	ab88abce72ba
7	5907.w4lift-6e6b2c468f32.txt	5907.w4lift-e0fa39144639.txt	84209a8c0f2c
7	5907.w4lift-6e6b2c468f32.txt	5907.w4lift-e7ee0cc9c017.txt	5ff76078c599
7	5907.w4lift-6e6b2c468f32.txt	5907.w4lift-eb9a0d99f5fb.txt	f33f447ada52
7	5907.w4lift-6e6b2c468f32.txt	5907.w4lift-ebfb75328150.txt	0df6c6a90182
7	5907.w4lift-6e6b2c468f32.txt	5907.w4lift-f2708ef02d1a.txt	d58953d08832
7	5907.w4lift-6e6b2c468f32.txt	5907.w4lift-fb688ec5c017.txt	8f5cf69c5f7c
7	5907.w4lift-6e6b2c468f32.txt	5907.w4lift-fc301bd873cb.txt	3f6f5c94d76e
7	5907.w4lift-6e6b2c468f32.txt	5907.w4lift-fe39239f7468.txt	e8e466f2309f
7	5907.w4lift-6e905a492084.txt	5907.w4lift-0dff9daccaa8.txt	02eb9e2292e4
7	5907.w4lift-6e905a492084.txt	5907.w4lift-0fc17b401159.txt	d6c04566fc39
7	5907.w4lift-6e905a492084.txt	5907.w4lift-1c7e3360c98f.txt	429db3717944
7	5907.w4lift-6e905a492084.txt	5907.w4lift-1c7e3360c98f.txt	b081b754d26e
7	5907.w4lift-6e905a492084.txt	5907.w4lift-319dff1ab25a.txt	ab88abce72ba
7	5907.w4lift-6e905a492084.txt	5907.w4lift-352479dbf208.txt	df712ba91fb7
7	5907.w4lift-6e905a492084.txt	5907.w4lift-37386755df59.txt	0df6c6a90182
7	5907.w4lift-6e905a492084.txt	5907.w4lift-3ce63a53cf1a.txt	c8a9fa3f5fe4
7	5907.w4lift-6e905a492084.txt	5907.w4lift-40dae53e6185.txt	0f5ed4ca9093
7	5907.w4lift-6e905a492084.txt	5907.w4lift-430092f5780f.txt	6e38383cfc72
7	5907.w4lift-6e905a492084.txt	5907.w4lift-473fc5e1c91e.txt	cbba85aa08fa
7	5907.w4lift-6e905a492084.txt	5907.w4lift-4a5b17090e74.txt	ab88abce72ba
7	5907.w4lift-6e905a492084.txt	5907.w4lift-4cb3167d35ed.txt	969165258934
7	5907.w4lift-6e905a492084.txt	5907.w4lift-4d47295ca519.txt	df712ba91fb7
7	5907.w4lift-6e905a492084.txt	5907.w4lift-5742f21eca2d.txt	a805ea3de51d
7	5907.w4lift-6e905a492084.txt	5907.w4lift-580a6b2415c2.txt	794f3186b56e
7	5907.w4lift-6e905a492084.txt	5907.w4lift-5ffba5cc4529.txt	1b8c339e89cd
7	5907.w4lift-6e905a492084.txt	5907.w4lift-69ed3f34a123.txt	a32416d5301e
7	5907.w4lift-6e905a492084.txt	5907.w4lift-7cd2edab64dc.txt	4f671bc3d3f3
7	5907.w4lift-6e905a492084.txt	5907.w4lift-80c95286cd7c.txt	ab88abce72ba
7	5907.w4lift-6e905a492084.txt	5907.w4lift-82caf1ba27e5.txt	ab88abce72ba
7	5907.w4lift-6e905a492084.txt	5907.w4lift-863de61b836a.txt	96bae6feab65
7	5907.w4lift-6e905a492084.txt	5907.w4lift-8e5ca0ef018c.txt	ab88abce72ba
7	5907.w4lift-6e905a492084.txt	5907.w4lift-912bd909d2b6.txt	f87b924fc4aa
7	5907.w4lift-6e905a492084.txt	5907.w4lift-9b4bc5700c90.txt	8821c9761a3f
7	5907.w4lift-6e905a492084.txt	5907.w4lift-a6df35bc4b74.txt	65b9d86f9b57
7	5907.w4lift-6e905a492084.txt	5907.w4lift-a82143024d2d.txt	dc2afaae0ced
7	5907.w4lift-6e905a492084.txt	5907.w4lift-a8d3c9324eac.txt	b3e25e414908
7	5907.w4lift-6e905a492084.txt	5907.w4lift-ab80c9a45344.txt	5ff76078c599
7	5907.w4lift-6e905a492084.txt	5907.w4lift-ae466549a0d9.txt	d58953d08832
7	5907.w4lift-6e905a492084.txt	5907.w4lift-b18d3ecda2e7.txt	96ebdab07f84
7	5907.w4lift-6e905a492084.txt	5907.w4lift-b4e57551e32a.txt	7c2769543fc5
7	5907.w4lift-6e905a492084.txt	5907.w4lift-b91f5e2f34a2.txt	21a14dac12e8
7	5907.w4lift-6e905a492084.txt	5907.w4lift-bca46e18f77b.txt	0df6c6a90182
7	5907.w4lift-6e905a492084.txt	5907.w4lift-bfbef8785aff.txt	36706f4e334b
7	5907.w4lift-6e905a492084.txt	5907.w4lift-caeaa9e5ac42.txt	ab88abce72ba
7	5907.w4lift-6e905a492084.txt	5907.w4lift-cb7d99c78307.txt	a32416d5301e
7	5907.w4lift-6e905a492084.txt	5907.w4lift-cba9917bd593.txt	746b5fef63fc
7	5907.w4lift-6e905a492084.txt	5907.w4lift-d742e5e60c6f.txt	4bf7e3748717
7	5907.w4lift-6e905a492084.txt	5907.w4lift-dff914259b29.txt	f4276d62e543
7	5907.w4lift-6e905a492084.txt	5907.w4lift-e0368a011e8c.txt	3a3b52457923
7	5907.w4lift-6e905a492084.txt	5907.w4lift-e04faca1c06c.txt	781dcd7d819f
7	5907.w4lift-6e905a492084.txt	5907.w4lift-e2841ecca038.txt	b3e25e414908
7	5907.w4lift-6e905a492084.txt	5907.w4lift-e45b90b0a767.txt	4ad13835a281
7	5907.w4lift-6e905a492084.txt	5907.w4lift-e768827496d4.txt	cf81c5206273
7	5907.w4lift-6e905a492084.txt	5907.w4lift-f6b8b0e6314c.txt	02eb9e2292e4
7	5907.w4lift-6e905a492084.txt	5907.w4lift-faafae8fcdaa.txt	45e1abda4c12
7	5907.w4lift-6e905a492084.txt	5907.w4lift-fc7d7045a431.txt	f87b924fc4aa
7	5907.w4lift-6ec79809fccc.txt	5907.w4lift-097d01eaddb9.txt	8821c9761a3f
7	5907.w4lift-6ec79809fccc.txt	5907.w4lift-16dd1019b651.txt	429db3717944
7	5907.w4lift-6ec79809fccc.txt	5907.w4lift-16dd1019b651.txt	b081b754d26e
7	5907.w4lift-6ec79809fccc.txt	5907.w4lift-1ba050a47f0b.txt	29acfe26c3eb
7	5907.w4lift-6ec79809fccc.txt	5907.w4lift-1e59b13c7cc0.txt	833239f93d60
7	5907.w4lift-6ec79809fccc.txt	5907.w4lift-204625f89751.txt	ab88abce72ba
7	5907.w4lift-6ec79809fccc.txt	5907.w4lift-3359ccc27832.txt	fa53bebb0c07
7	5907.w4lift-6ec79809fccc.txt	5907.w4lift-3580a08a5c73.txt	ab88abce72ba
7	5907.w4lift-6ec79809fccc.txt	5907.w4lift-4034f85f00ec.txt	ae30533f923a
7	5907.w4lift-6ec79809fccc.txt	5907.w4lift-40dae53e6185.txt	8e3fa11cbde7
7	5907.w4lift-6ec79809fccc.txt	5907.w4lift-430092f5780f.txt	72397e2f680a
7	5907.w4lift-6ec79809fccc.txt	5907.w4lift-43a95823c4dc.txt	c8cd712ae7b0
7	5907.w4lift-6ec79809fccc.txt	5907.w4lift-4ab0903ef5f4.txt	032dbf0d777a
7	5907.w4lift-6ec79809fccc.txt	5907.w4lift-4d47295ca519.txt	ecf03ddecbed
7	5907.w4lift-6ec79809fccc.txt	5907.w4lift-508210674d85.txt	1ff5160db856
7	5907.w4lift-6ec79809fccc.txt	5907.w4lift-53542138d1b5.txt	9c07b36d20b9
7	5907.w4lift-6ec79809fccc.txt	5907.w4lift-540198536578.txt	6c0329aa4489
7	5907.w4lift-6ec79809fccc.txt	5907.w4lift-644e04797cd3.txt	e616c3f821ef
7	5907.w4lift-6ec79809fccc.txt	5907.w4lift-65fb95f576e7.txt	8480c2d421f7
7	5907.w4lift-6ec79809fccc.txt	5907.w4lift-6e6b2c468f32.txt	e6f4fad41ed1
7	5907.w4lift-6ec79809fccc.txt	5907.w4lift-71600a834959.txt	ecf03ddecbed
7	5907.w4lift-6ec79809fccc.txt	5907.w4lift-76a1eae91ca0.txt	64494227b63c
7	5907.w4lift-6ec79809fccc.txt	5907.w4lift-7714757d2e9e.txt	918cf6abec0b
7	5907.w4lift-6ec79809fccc.txt	5907.w4lift-7cd2edab64dc.txt	374c09e1b5b9
7	5907.w4lift-6ec79809fccc.txt	5907.w4lift-82caf1ba27e5.txt	3848d784e880
7	5907.w4lift-6ec79809fccc.txt	5907.w4lift-846d5062c405.txt	a33cb05ccb10
7	5907.w4lift-6ec79809fccc.txt	5907.w4lift-863de61b836a.txt	5581e578134b
7	5907.w4lift-6ec79809fccc.txt	5907.w4lift-863de61b836a.txt	d0a01a1ac47d
7	5907.w4lift-6ec79809fccc.txt	5907.w4lift-8966629ce152.txt	0f1e40b2bfba
7	5907.w4lift-6ec79809fccc.txt	5907.w4lift-89b3167f9583.txt	b45834e9d420
7	5907.w4lift-6ec79809fccc.txt	5907.w4lift-8e5ca0ef018c.txt	1ff5160db856
7	5907.w4lift-6ec79809fccc.txt	5907.w4lift-90338d0577bd.txt	8411b9baf058
7	5907.w4lift-6ec79809fccc.txt	5907.w4lift-97d2d8784e2f.txt	8373a022eef2
7	5907.w4lift-6ec79809fccc.txt	5907.w4lift-a7bbb73953d8.txt	b742e93fcefe
7	5907.w4lift-6ec79809fccc.txt	5907.w4lift-a82143024d2d.txt	ab88abce72ba
7	5907.w4lift-6ec79809fccc.txt	5907.w4lift-a8d3c9324eac.txt	f489418a0205
7	5907.w4lift-6ec79809fccc.txt	5907.w4lift-ae6af3254cbe.txt	a003705bbbb1
7	5907.w4lift-6ec79809fccc.txt	5907.w4lift-b2702baa553d.txt	ab88abce72ba
7	5907.w4lift-6ec79809fccc.txt	5907.w4lift-bca46e18f77b.txt	a003705bbbb1
7	5907.w4lift-6ec79809fccc.txt	5907.w4lift-bfbef8785aff.txt	37cc3a8e114c
7	5907.w4lift-6ec79809fccc.txt	5907.w4lift-c5ee76734b4d.txt	2dcd6251565a
7	5907.w4lift-6ec79809fccc.txt	5907.w4lift-c7b7714127d9.txt	de447a54d5c6
7	5907.w4lift-6ec79809fccc.txt	5907.w4lift-c8c5110de4f9.txt	399bec1eb082
7	5907.w4lift-6ec79809fccc.txt	5907.w4lift-ca71ed8496bd.txt	e05f876a6f8d
7	5907.w4lift-6ec79809fccc.txt	5907.w4lift-cb7d99c78307.txt	e2381e7cebff
7	5907.w4lift-6ec79809fccc.txt	5907.w4lift-cba9917bd593.txt	80b2932b3a5d
7	5907.w4lift-6ec79809fccc.txt	5907.w4lift-d09cda89e063.txt	171ac63bfbd7
7	5907.w4lift-6ec79809fccc.txt	5907.w4lift-d213b0754523.txt	ab88abce72ba
7	5907.w4lift-6ec79809fccc.txt	5907.w4lift-d742e5e60c6f.txt	176d3814e13d
7	5907.w4lift-6ec79809fccc.txt	5907.w4lift-d946605e111b.txt	c5eefe353bce
7	5907.w4lift-6ec79809fccc.txt	5907.w4lift-db45ebdeed40.txt	3c7f124adbf2
7	5907.w4lift-6ec79809fccc.txt	5907.w4lift-dd250dd876cd.txt	74d91872eeb5
7	5907.w4lift-6ec79809fccc.txt	5907.w4lift-dff914259b29.txt	7dae29ff7561
7	5907.w4lift-6ec79809fccc.txt	5907.w4lift-e0368a011e8c.txt	7f1b18477bd6
7	5907.w4lift-6ec79809fccc.txt	5907.w4lift-e04faca1c06c.txt	cf88f66916d6
7	5907.w4lift-6ec79809fccc.txt	5907.w4lift-e2841ecca038.txt	ab88abce72ba
7	5907.w4lift-6ec79809fccc.txt	5907.w4lift-e7ee0cc9c017.txt	1e97b4d2bd18
7	5907.w4lift-6ec79809fccc.txt	5907.w4lift-e7ee0cc9c017.txt	e8010fda4ae9
7	5907.w4lift-6ec79809fccc.txt	5907.w4lift-eb9a0d99f5fb.txt	1e97b4d2bd18
7	5907.w4lift-6ec79809fccc.txt	5907.w4lift-eb9a0d99f5fb.txt	e8010fda4ae9
7	5907.w4lift-6ec79809fccc.txt	5907.w4lift-f18f663f4c81.txt	ada84d0153fa
7	5907.w4lift-6ec79809fccc.txt	5907.w4lift-f2708ef02d1a.txt	af945ab938fd
7	5907.w4lift-6ec79809fccc.txt	5907.w4lift-f6b8b0e6314c.txt	44bac1587ba9
7	5907.w4lift-6ec79809fccc.txt	5907.w4lift-fb688ec5c017.txt	74d91872eeb5
7	5907.w4lift-6ec79809fccc.txt	5907.w4lift-fc5c70dfb561.txt	c1f9c93a5c27
7	5907.w4lift-6ec79809fccc.txt	5907.w4lift-fc7d7045a431.txt	c5eefe353bce
7	5907.w4lift-6ec79809fccc.txt	5907.w4lift-fd06a0493fef.txt	8126cee8c426
7	5907.w4lift-703a2a85174b.txt	5907.w4lift-1e3f6547b575.txt	ab88abce72ba
7	5907.w4lift-703a2a85174b.txt	5907.w4lift-3f3f0065293f.txt	2257058c3d2d
7	5907.w4lift-703a2a85174b.txt	5907.w4lift-c1564326c5ca.txt	49c5410504fe
7	5907.w4lift-703a2a85174b.txt	5907.w4lift-efa61e10819d.txt	ab88abce72ba
7	5907.w4lift-703a2a85174b.txt	5907.w4lift-fef6456b68c4.txt	ab88abce72ba
7	5907.w4lift-71600a834959.txt	5907.w4lift-0531d212f9bb.txt	a1764f88e216
7	5907.w4lift-71600a834959.txt	5907.w4lift-0709deed1cd4.txt	1440a8e1a807
7	5907.w4lift-71600a834959.txt	5907.w4lift-097d01eaddb9.txt	56f642d92240
7	5907.w4lift-71600a834959.txt	5907.w4lift-177bb009e3ce.txt	96704a0eb24e
7	5907.w4lift-71600a834959.txt	5907.w4lift-1c7e3360c98f.txt	71fce178fd55
7	5907.w4lift-71600a834959.txt	5907.w4lift-204625f89751.txt	32af70a4999e
7	5907.w4lift-71600a834959.txt	5907.w4lift-231c44b74cdf.txt	dbdbbc7a0086
7	5907.w4lift-71600a834959.txt	5907.w4lift-386272df4871.txt	f489418a0205
7	5907.w4lift-71600a834959.txt	5907.w4lift-3ce63a53cf1a.txt	156e559f9324
7	5907.w4lift-71600a834959.txt	5907.w4lift-45a4ff8466a7.txt	66c7854e6888
7	5907.w4lift-71600a834959.txt	5907.w4lift-4614701d0920.txt	b1be0f46d82c
7	5907.w4lift-71600a834959.txt	5907.w4lift-4ab0903ef5f4.txt	045ff6b79066
7	5907.w4lift-71600a834959.txt	5907.w4lift-4cb3167d35ed.txt	cf88f66916d6
7	5907.w4lift-71600a834959.txt	5907.w4lift-508210674d85.txt	2c806c1bf6e3
7	5907.w4lift-71600a834959.txt	5907.w4lift-58984281bc50.txt	429db3717944
7	5907.w4lift-71600a834959.txt	5907.w4lift-58984281bc50.txt	b081b754d26e
7	5907.w4lift-71600a834959.txt	5907.w4lift-5ffba5cc4529.txt	2257058c3d2d
7	5907.w4lift-71600a834959.txt	5907.w4lift-644e04797cd3.txt	b7f3d137c99a
7	5907.w4lift-71600a834959.txt	5907.w4lift-684436c46755.txt	ab88abce72ba
7	5907.w4lift-71600a834959.txt	5907.w4lift-6d19c9f1455d.txt	55ebb8b168a5
7	5907.w4lift-71600a834959.txt	5907.w4lift-6e6b2c468f32.txt	4d9a21b2c945
7	5907.w4lift-71600a834959.txt	5907.w4lift-6ec79809fccc.txt	b4bd6f395a25
7	5907.w4lift-71600a834959.txt	5907.w4lift-7cd2edab64dc.txt	7145048de6a4
7	5907.w4lift-71600a834959.txt	5907.w4lift-82caf1ba27e5.txt	16eab6538ab6
7	5907.w4lift-71600a834959.txt	5907.w4lift-846d5062c405.txt	ab88abce72ba
7	5907.w4lift-71600a834959.txt	5907.w4lift-86a03197440a.txt	b71368c91055
7	5907.w4lift-71600a834959.txt	5907.w4lift-8824a6971c2e.txt	fd3d2036ee73
7	5907.w4lift-71600a834959.txt	5907.w4lift-90338d0577bd.txt	0df6c6a90182
7	5907.w4lift-71600a834959.txt	5907.w4lift-97d2d8784e2f.txt	fa9996b118a5
7	5907.w4lift-71600a834959.txt	5907.w4lift-a6df35bc4b74.txt	f2cd8c1f4d2e
7	5907.w4lift-71600a834959.txt	5907.w4lift-a82143024d2d.txt	80d27d30ff66
7	5907.w4lift-71600a834959.txt	5907.w4lift-ae6af3254cbe.txt	ab88abce72ba
7	5907.w4lift-71600a834959.txt	5907.w4lift-b18d3ecda2e7.txt	49c5410504fe
7	5907.w4lift-71600a834959.txt	5907.w4lift-b2702baa553d.txt	eb8331df9ee8
7	5907.w4lift-71600a834959.txt	5907.w4lift-b7a548d5f629.txt	ff37ff3f6ef2
7	5907.w4lift-71600a834959.txt	5907.w4lift-bd154fbbf435.txt	ac9b3dbee6ab
7	5907.w4lift-71600a834959.txt	5907.w4lift-cba9917bd593.txt	d4c86ffe1efa
7	5907.w4lift-71600a834959.txt	5907.w4lift-d09cda89e063.txt	d5d134bba086
7	5907.w4lift-71600a834959.txt	5907.w4lift-d742e5e60c6f.txt	62a74ce65faa
7	5907.w4lift-71600a834959.txt	5907.w4lift-d742e5e60c6f.txt	b13177991e02
7	5907.w4lift-71600a834959.txt	5907.w4lift-d946605e111b.txt	ab88abce72ba
7	5907.w4lift-71600a834959.txt	5907.w4lift-db45ebdeed40.txt	746b5fef63fc
7	5907.w4lift-71600a834959.txt	5907.w4lift-dcd0ec0a1fc5.txt	7da937df9f1b
7	5907.w4lift-71600a834959.txt	5907.w4lift-df0078a194a0.txt	14a420b3a5b2
7	5907.w4lift-71600a834959.txt	5907.w4lift-dff914259b29.txt	b98392e1d7a6
7	5907.w4lift-71600a834959.txt	5907.w4lift-e768827496d4.txt	ab88abce72ba
7	5907.w4lift-71600a834959.txt	5907.w4lift-e7ee0cc9c017.txt	83d54a67702c
7	5907.w4lift-71600a834959.txt	5907.w4lift-e96c05b05fe9.txt	96c7e62b0db1
7	5907.w4lift-71600a834959.txt	5907.w4lift-eb9a0d99f5fb.txt	398028eae919
7	5907.w4lift-71600a834959.txt	5907.w4lift-ebfb75328150.txt	5581e578134b
7	5907.w4lift-71600a834959.txt	5907.w4lift-ebfb75328150.txt	d0a01a1ac47d
7	5907.w4lift-71600a834959.txt	5907.w4lift-ec915ed4bfb3.txt	a780c2d233f8
7	5907.w4lift-71600a834959.txt	5907.w4lift-ecfe2ba8e511.txt	89adfdaeb650
7	5907.w4lift-71600a834959.txt	5907.w4lift-f2708ef02d1a.txt	ab88abce72ba
7	5907.w4lift-71600a834959.txt	5907.w4lift-f859791b1e8e.txt	d07ef10057cc
7	5907.w4lift-71600a834959.txt	5907.w4lift-f9f8e9513c54.txt	b85e26cbabc5
7	5907.w4lift-71600a834959.txt	5907.w4lift-faafae8fcdaa.txt	c22bfb6473cb
7	5907.w4lift-71600a834959.txt	5907.w4lift-fb688ec5c017.txt	14a420b3a5b2
7	5907.w4lift-71e2791cb656.txt	5907.w4lift-0418cb9260ae.txt	a23d031fbcd3
7	5907.w4lift-71e2791cb656.txt	5907.w4lift-18d218e3614f.txt	105e326bc51e
7	5907.w4lift-71e2791cb656.txt	5907.w4lift-24c96c5696c8.txt	ab88abce72ba
7	5907.w4lift-71e2791cb656.txt	5907.w4lift-4ad8fd5ffc98.txt	21134d34e6b2
7	5907.w4lift-71e2791cb656.txt	5907.w4lift-99620be6e382.txt	105e326bc51e
7	5907.w4lift-71e2791cb656.txt	5907.w4lift-ab9e00d74c88.txt	21134d34e6b2
7	5907.w4lift-71e2791cb656.txt	5907.w4lift-b98356445406.txt	9729dc5f53f8
7	5907.w4lift-71e2791cb656.txt	5907.w4lift-f7317cf14b6e.txt	ab88abce72ba
7	5907.w4lift-71e2791cb656.txt	5907.w4lift-fc567658fc77.txt	a23d031fbcd3
7	5907.w4lift-7451833431e1.txt	5907.w4lift-35edee9781b6.txt	224ee0b368b2
7	5907.w4lift-7451833431e1.txt	5907.w4lift-3ff30ff747e3.txt	298e146c1b51
7	5907.w4lift-7451833431e1.txt	5907.w4lift-ad38ede453dd.txt	298e146c1b51
7	5907.w4lift-7451833431e1.txt	5907.w4lift-ff972a34b4aa.txt	ed253872391f
7	5907.w4lift-76a1eae91ca0.txt	5907.w4lift-0709deed1cd4.txt	cfa4043ac971
7	5907.w4lift-76a1eae91ca0.txt	5907.w4lift-08210f1c16a0.txt	ddc1e5a5e22d
7	5907.w4lift-76a1eae91ca0.txt	5907.w4lift-0fc17b401159.txt	83f2a26fb1ab
7	5907.w4lift-76a1eae91ca0.txt	5907.w4lift-169e64bca870.txt	92cca1ec54bb
7	5907.w4lift-76a1eae91ca0.txt	5907.w4lift-16dd1019b651.txt	90628da2dd0c
7	5907.w4lift-76a1eae91ca0.txt	5907.w4lift-16dd1019b651.txt	a9604abeb264
7	5907.w4lift-76a1eae91ca0.txt	5907.w4lift-1e59b13c7cc0.txt	09d23aa6b91a
7	5907.w4lift-76a1eae91ca0.txt	5907.w4lift-352479dbf208.txt	b1be0f46d82c
7	5907.w4lift-76a1eae91ca0.txt	5907.w4lift-3580a08a5c73.txt	2b1829f80cf7
7	5907.w4lift-76a1eae91ca0.txt	5907.w4lift-37386755df59.txt	ab88abce72ba
7	5907.w4lift-76a1eae91ca0.txt	5907.w4lift-386272df4871.txt	92782df6e5d5
7	5907.w4lift-76a1eae91ca0.txt	5907.w4lift-3d4579051d3f.txt	fe22f3e91d6f
7	5907.w4lift-76a1eae91ca0.txt	5907.w4lift-4034f85f00ec.txt	803ec382c593
7	5907.w4lift-76a1eae91ca0.txt	5907.w4lift-43a95823c4dc.txt	61e671455635
7	5907.w4lift-76a1eae91ca0.txt	5907.w4lift-45a4ff8466a7.txt	9943a7ddc283
7	5907.w4lift-76a1eae91ca0.txt	5907.w4lift-4a5b17090e74.txt	4d9a21b2c945
7	5907.w4lift-76a1eae91ca0.txt	5907.w4lift-4d47295ca519.txt	095bfb3dc800
7	5907.w4lift-76a1eae91ca0.txt	5907.w4lift-53542138d1b5.txt	c958df8ea4c3
7	5907.w4lift-76a1eae91ca0.txt	5907.w4lift-540198536578.txt	ab88abce72ba
7	5907.w4lift-76a1eae91ca0.txt	5907.w4lift-58984281bc50.txt	a805ea3de51d
7	5907.w4lift-76a1eae91ca0.txt	5907.w4lift-5ffba5cc4529.txt	cf88f66916d6
7	5907.w4lift-76a1eae91ca0.txt	5907.w4lift-65fb95f576e7.txt	be6b4f4e69cf
7	5907.w4lift-76a1eae91ca0.txt	5907.w4lift-6d19c9f1455d.txt	08228ec67eb6
7	5907.w4lift-76a1eae91ca0.txt	5907.w4lift-6ec79809fccc.txt	9105aba16b54
7	5907.w4lift-76a1eae91ca0.txt	5907.w4lift-7714757d2e9e.txt	67eacd157bbc
7	5907.w4lift-76a1eae91ca0.txt	5907.w4lift-7714757d2e9e.txt	90d033b7ddbf
7	5907.w4lift-76a1eae91ca0.txt	5907.w4lift-7cd2edab64dc.txt	7b5542740cec
7	5907.w4lift-76a1eae91ca0.txt	5907.w4lift-80c95286cd7c.txt	0d491f159886
7	5907.w4lift-76a1eae91ca0.txt	5907.w4lift-8966629ce152.txt	5166d6e62e75
7	5907.w4lift-76a1eae91ca0.txt	5907.w4lift-8966629ce152.txt	e3da64e6da9b
7	5907.w4lift-76a1eae91ca0.txt	5907.w4lift-89b3167f9583.txt	4c6e579a7560
7	5907.w4lift-76a1eae91ca0.txt	5907.w4lift-89b3167f9583.txt	72d376c5571d
7	5907.w4lift-76a1eae91ca0.txt	5907.w4lift-8e5ca0ef018c.txt	0df6c6a90182
7	5907.w4lift-76a1eae91ca0.txt	5907.w4lift-912bd909d2b6.txt	0485c22c758e
7	5907.w4lift-76a1eae91ca0.txt	5907.w4lift-9b4bc5700c90.txt	f550b887608a
7	5907.w4lift-76a1eae91ca0.txt	5907.w4lift-a8d3c9324eac.txt	39ea17aa2020
7	5907.w4lift-76a1eae91ca0.txt	5907.w4lift-af7c897a8903.txt	49d4d9e84135
7	5907.w4lift-76a1eae91ca0.txt	5907.w4lift-b66c35732a00.txt	e8e466f2309f
7	5907.w4lift-76a1eae91ca0.txt	5907.w4lift-b7a548d5f629.txt	947fefee2ce1
7	5907.w4lift-76a1eae91ca0.txt	5907.w4lift-bca46e18f77b.txt	38fa2979bd03
7	5907.w4lift-76a1eae91ca0.txt	5907.w4lift-bfbef8785aff.txt	398028eae919
7	5907.w4lift-76a1eae91ca0.txt	5907.w4lift-c7b7714127d9.txt	ab99b7547904
7	5907.w4lift-76a1eae91ca0.txt	5907.w4lift-ca71ed8496bd.txt	cddfeeb9ec88
7	5907.w4lift-76a1eae91ca0.txt	5907.w4lift-cba9917bd593.txt	7145048de6a4
7	5907.w4lift-76a1eae91ca0.txt	5907.w4lift-d213b0754523.txt	c62a03f346cf
7	5907.w4lift-76a1eae91ca0.txt	5907.w4lift-db45ebdeed40.txt	f4276d62e543
7	5907.w4lift-76a1eae91ca0.txt	5907.w4lift-dcd0ec0a1fc5.txt	ab88abce72ba
7	5907.w4lift-76a1eae91ca0.txt	5907.w4lift-dd250dd876cd.txt	c7e7cc660163
7	5907.w4lift-76a1eae91ca0.txt	5907.w4lift-e0368a011e8c.txt	ab88abce72ba
7	5907.w4lift-76a1eae91ca0.txt	5907.w4lift-e0fa39144639.txt	8373a022eef2
7	5907.w4lift-76a1eae91ca0.txt	5907.w4lift-e0fb9d13de61.txt	0ad29fbab280
7	5907.w4lift-76a1eae91ca0.txt	5907.w4lift-e2841ecca038.txt	c6701c2a9601
7	5907.w4lift-76a1eae91ca0.txt	5907.w4lift-e45b90b0a767.txt	d4ec6aadbefe
7	5907.w4lift-76a1eae91ca0.txt	5907.w4lift-e7ee0cc9c017.txt	41a730999ec8
7	5907.w4lift-76a1eae91ca0.txt	5907.w4lift-eb9a0d99f5fb.txt	62a74ce65faa
7	5907.w4lift-76a1eae91ca0.txt	5907.w4lift-eb9a0d99f5fb.txt	b13177991e02
7	5907.w4lift-76a1eae91ca0.txt	5907.w4lift-f2708ef02d1a.txt	223da8cfb8a5
7	5907.w4lift-76a1eae91ca0.txt	5907.w4lift-f859791b1e8e.txt	4728d8e5f3d2
7	5907.w4lift-76a1eae91ca0.txt	5907.w4lift-faafae8fcdaa.txt	2257058c3d2d
7	5907.w4lift-76a1eae91ca0.txt	5907.w4lift-fc5c70dfb561.txt	427e8cc7a808
7	5907.w4lift-76a1eae91ca0.txt	5907.w4lift-fc5c70dfb561.txt	f5542aa46bd8
7	5907.w4lift-76a1eae91ca0.txt	5907.w4lift-fc7d7045a431.txt	ab88abce72ba
7	5907.w4lift-76a1eae91ca0.txt	5907.w4lift-fd06a0493fef.txt	ab88abce72ba
7	5907.w4lift-7714757d2e9e.txt	5907.w4lift-0531d212f9bb.txt	2257058c3d2d
7	5907.w4lift-7714757d2e9e.txt	5907.w4lift-0709deed1cd4.txt	71fce178fd55
7	5907.w4lift-7714757d2e9e.txt	5907.w4lift-08210f1c16a0.txt	2c06ce315361
7	5907.w4lift-7714757d2e9e.txt	5907.w4lift-169e64bca870.txt	6229710a29b2
7	5907.w4lift-7714757d2e9e.txt	5907.w4lift-16dd1019b651.txt	32484de5d5f7
7	5907.w4lift-7714757d2e9e.txt	5907.w4lift-1e59b13c7cc0.txt	6c8a5f9ef1df
7	5907.w4lift-7714757d2e9e.txt	5907.w4lift-352479dbf208.txt	9ffeb4ce9bae
7	5907.w4lift-7714757d2e9e.txt	5907.w4lift-37386755df59.txt	ddf5bfe474bf
7	5907.w4lift-7714757d2e9e.txt	5907.w4lift-386272df4871.txt	430f8ba0d5bf
7	5907.w4lift-7714757d2e9e.txt	5907.w4lift-3d4579051d3f.txt	400f540f4bc2
7	5907.w4lift-7714757d2e9e.txt	5907.w4lift-4034f85f00ec.txt	ab88abce72ba
7	5907.w4lift-7714757d2e9e.txt	5907.w4lift-43a95823c4dc.txt	f9ee8b6c0294
7	5907.w4lift-7714757d2e9e.txt	5907.w4lift-45a4ff8466a7.txt	9ed53e6fa387
7	5907.w4lift-7714757d2e9e.txt	5907.w4lift-4a5b17090e74.txt	a36fb689ba41
7	5907.w4lift-7714757d2e9e.txt	5907.w4lift-4d47295ca519.txt	9ffeb4ce9bae
7	5907.w4lift-7714757d2e9e.txt	5907.w4lift-53542138d1b5.txt	83d54a67702c
7	5907.w4lift-7714757d2e9e.txt	5907.w4lift-540198536578.txt	04494fa53cff
7	5907.w4lift-7714757d2e9e.txt	5907.w4lift-58984281bc50.txt	5e3e40b58466
7	5907.w4lift-7714757d2e9e.txt	5907.w4lift-65fb95f576e7.txt	642f48479b2a
7	5907.w4lift-7714757d2e9e.txt	5907.w4lift-6d19c9f1455d.txt	ab88abce72ba
7	5907.w4lift-7714757d2e9e.txt	5907.w4lift-6ec79809fccc.txt	526035ef3d01
7	5907.w4lift-7714757d2e9e.txt	5907.w4lift-76a1eae91ca0.txt	3394d4cf4ce9
7	5907.w4lift-7714757d2e9e.txt	5907.w4lift-76a1eae91ca0.txt	b84e5852608b
7	5907.w4lift-7714757d2e9e.txt	5907.w4lift-8966629ce152.txt	2c806c1bf6e3
7	5907.w4lift-7714757d2e9e.txt	5907.w4lift-89b3167f9583.txt	3394d4cf4ce9
7	5907.w4lift-7714757d2e9e.txt	5907.w4lift-89b3167f9583.txt	b84e5852608b
7	5907.w4lift-7714757d2e9e.txt	5907.w4lift-8e5ca0ef018c.txt	a36fb689ba41
7	5907.w4lift-7714757d2e9e.txt	5907.w4lift-912bd909d2b6.txt	bd508e5023d8
7	5907.w4lift-7714757d2e9e.txt	5907.w4lift-9b4bc5700c90.txt	4c331cf536a0
7	5907.w4lift-7714757d2e9e.txt	5907.w4lift-a7bbb73953d8.txt	398028eae919
7	5907.w4lift-7714757d2e9e.txt	5907.w4lift-a8d3c9324eac.txt	4afb5e5acf86
7	5907.w4lift-7714757d2e9e.txt	5907.w4lift-af7c897a8903.txt	c5613db25dba
7	5907.w4lift-7714757d2e9e.txt	5907.w4lift-bca46e18f77b.txt	ddf5bfe474bf
7	5907.w4lift-7714757d2e9e.txt	5907.w4lift-c7b7714127d9.txt	ab88abce72ba
7	5907.w4lift-7714757d2e9e.txt	5907.w4lift-ca71ed8496bd.txt	d4c86ffe1efa
7	5907.w4lift-7714757d2e9e.txt	5907.w4lift-cba9917bd593.txt	5bf23f32ca54
7	5907.w4lift-7714757d2e9e.txt	5907.w4lift-d213b0754523.txt	903b55e7cb38
7	5907.w4lift-7714757d2e9e.txt	5907.w4lift-db45ebdeed40.txt	c2220252475b
7	5907.w4lift-7714757d2e9e.txt	5907.w4lift-dcd0ec0a1fc5.txt	79bbc2526e76
7	5907.w4lift-7714757d2e9e.txt	5907.w4lift-dd250dd876cd.txt	c5613db25dba
7	5907.w4lift-7714757d2e9e.txt	5907.w4lift-e0368a011e8c.txt	d559476e2a95
7	5907.w4lift-7714757d2e9e.txt	5907.w4lift-e0fa39144639.txt	0dcc7a5a1ff7
7	5907.w4lift-7714757d2e9e.txt	5907.w4lift-e0fb9d13de61.txt	f9ee8b6c0294
7	5907.w4lift-7714757d2e9e.txt	5907.w4lift-e2841ecca038.txt	4afb5e5acf86
7	5907.w4lift-7714757d2e9e.txt	5907.w4lift-e7ee0cc9c017.txt	b2c5eb761e41
7	5907.w4lift-7714757d2e9e.txt	5907.w4lift-eb9a0d99f5fb.txt	240d550552a3
7	5907.w4lift-7714757d2e9e.txt	5907.w4lift-f2708ef02d1a.txt	ab11977fcf47
7	5907.w4lift-7714757d2e9e.txt	5907.w4lift-f859791b1e8e.txt	49c5410504fe
7	5907.w4lift-7714757d2e9e.txt	5907.w4lift-fc5c70dfb561.txt	ab88abce72ba
7	5907.w4lift-7714757d2e9e.txt	5907.w4lift-fc7d7045a431.txt	bd508e5023d8
7	5907.w4lift-7714757d2e9e.txt	5907.w4lift-fd06a0493fef.txt	48c30fab9556
7	5907.w4lift-78ea814960f7.txt	5907.w4lift-0e8d65c99b5b.txt	51c13efc7a14
7	5907.w4lift-78ea814960f7.txt	5907.w4lift-21c8ba249965.txt	ab88abce72ba
7	5907.w4lift-78ea814960f7.txt	5907.w4lift-66b2c7d03250.txt	172c8ba32158
7	5907.w4lift-78ea814960f7.txt	5907.w4lift-798d73c7da27.txt	9729dc5f53f8
7	5907.w4lift-78ea814960f7.txt	5907.w4lift-8ce70b7ef3d2.txt	32eb67461a38
7	5907.w4lift-78ea814960f7.txt	5907.w4lift-a95d4a041543.txt	9a1f3be55831
7	5907.w4lift-78ea814960f7.txt	5907.w4lift-a95d4a041543.txt	af1df8c730b3
7	5907.w4lift-78ea814960f7.txt	5907.w4lift-de331f6627c9.txt	ab88abce72ba
7	5907.w4lift-798d73c7da27.txt	5907.w4lift-0e8d65c99b5b.txt	68b839f8740c
7	5907.w4lift-798d73c7da27.txt	5907.w4lift-21c8ba249965.txt	ab88abce72ba
7	5907.w4lift-798d73c7da27.txt	5907.w4lift-66b2c7d03250.txt	51c13efc7a14
7	5907.w4lift-798d73c7da27.txt	5907.w4lift-78ea814960f7.txt	4ecba60aa35e
7	5907.w4lift-798d73c7da27.txt	5907.w4lift-9d46965eac6f.txt	28343f6d7386
7	5907.w4lift-798d73c7da27.txt	5907.w4lift-de331f6627c9.txt	ab88abce72ba
7	5907.w4lift-798d73c7da27.txt	5907.w4lift-f579467e871c.txt	9a1f3be55831
7	5907.w4lift-798d73c7da27.txt	5907.w4lift-f579467e871c.txt	af1df8c730b3
7	5907.w4lift-7cd2edab64dc.txt	5907.w4lift-204625f89751.txt	bfd1c873c831
7	5907.w4lift-7cd2edab64dc.txt	5907.w4lift-352479dbf208.txt	1b8c339e89cd
7	5907.w4lift-7cd2edab64dc.txt	5907.w4lift-37386755df59.txt	429db3717944
7	5907.w4lift-7cd2edab64dc.txt	5907.w4lift-37386755df59.txt	b081b754d26e
7	5907.w4lift-7cd2edab64dc.txt	5907.w4lift-3ce63a53cf1a.txt	f87b924fc4aa
7	5907.w4lift-7cd2edab64dc.txt	5907.w4lift-40dae53e6185.txt	8f5cf69c5f7c
7	5907.w4lift-7cd2edab64dc.txt	5907.w4lift-430092f5780f.txt	61e671455635
7	5907.w4lift-7cd2edab64dc.txt	5907.w4lift-4a5b17090e74.txt	66c7854e6888
7	5907.w4lift-7cd2edab64dc.txt	5907.w4lift-4ab0903ef5f4.txt	e8e466f2309f
7	5907.w4lift-7cd2edab64dc.txt	5907.w4lift-508210674d85.txt	7da937df9f1b
7	5907.w4lift-7cd2edab64dc.txt	5907.w4lift-540198536578.txt	3a3b52457923
7	5907.w4lift-7cd2edab64dc.txt	5907.w4lift-644e04797cd3.txt	0ad29fbab280
7	5907.w4lift-7cd2edab64dc.txt	5907.w4lift-6e6b2c468f32.txt	9943a7ddc283
7	5907.w4lift-7cd2edab64dc.txt	5907.w4lift-6e905a492084.txt	49c5410504fe
7	5907.w4lift-7cd2edab64dc.txt	5907.w4lift-6ec79809fccc.txt	eb52f3b0f67b
7	5907.w4lift-7cd2edab64dc.txt	5907.w4lift-71600a834959.txt	96ebdab07f84
7	5907.w4lift-7cd2edab64dc.txt	5907.w4lift-76a1eae91ca0.txt	45e1abda4c12
7	5907.w4lift-7cd2edab64dc.txt	5907.w4lift-80c95286cd7c.txt	ab88abce72ba
7	5907.w4lift-7cd2edab64dc.txt	5907.w4lift-82caf1ba27e5.txt	ab88abce72ba
7	5907.w4lift-7cd2edab64dc.txt	5907.w4lift-846d5062c405.txt	a805ea3de51d
7	5907.w4lift-7cd2edab64dc.txt	5907.w4lift-863de61b836a.txt	ba64a6bdcb29
7	5907.w4lift-7cd2edab64dc.txt	5907.w4lift-90338d0577bd.txt	ab88abce72ba
7	5907.w4lift-7cd2edab64dc.txt	5907.w4lift-912bd909d2b6.txt	8439efc11368
7	5907.w4lift-7cd2edab64dc.txt	5907.w4lift-97d2d8784e2f.txt	947fefee2ce1
7	5907.w4lift-7cd2edab64dc.txt	5907.w4lift-a82143024d2d.txt	90628da2dd0c
7	5907.w4lift-7cd2edab64dc.txt	5907.w4lift-a82143024d2d.txt	a9604abeb264
7	5907.w4lift-7cd2edab64dc.txt	5907.w4lift-a8d3c9324eac.txt	0c1ecc350843
7	5907.w4lift-7cd2edab64dc.txt	5907.w4lift-ab80c9a45344.txt	b1be0f46d82c
7	5907.w4lift-7cd2edab64dc.txt	5907.w4lift-ae466549a0d9.txt	84a31d178833
7	5907.w4lift-7cd2edab64dc.txt	5907.w4lift-ae6af3254cbe.txt	429db3717944
7	5907.w4lift-7cd2edab64dc.txt	5907.w4lift-ae6af3254cbe.txt	b081b754d26e
7	5907.w4lift-7cd2edab64dc.txt	5907.w4lift-b2702baa553d.txt	f1f39aaf528e
7	5907.w4lift-7cd2edab64dc.txt	5907.w4lift-b4e57551e32a.txt	d6c04566fc39
7	5907.w4lift-7cd2edab64dc.txt	5907.w4lift-caeaa9e5ac42.txt	7f04bb1041b3
7	5907.w4lift-7cd2edab64dc.txt	5907.w4lift-cb7d99c78307.txt	e0ba5cd5244d
7	5907.w4lift-7cd2edab64dc.txt	5907.w4lift-cba9917bd593.txt	b85e26cbabc5
7	5907.w4lift-7cd2edab64dc.txt	5907.w4lift-d09cda89e063.txt	2257058c3d2d
7	5907.w4lift-7cd2edab64dc.txt	5907.w4lift-d742e5e60c6f.txt	ab88abce72ba
7	5907.w4lift-7cd2edab64dc.txt	5907.w4lift-d946605e111b.txt	84209a8c0f2c
7	5907.w4lift-7cd2edab64dc.txt	5907.w4lift-dff914259b29.txt	4c6e579a7560
7	5907.w4lift-7cd2edab64dc.txt	5907.w4lift-dff914259b29.txt	72d376c5571d
7	5907.w4lift-7cd2edab64dc.txt	5907.w4lift-e04faca1c06c.txt	d85cb56ed236
7	5907.w4lift-7cd2edab64dc.txt	5907.w4lift-e45b90b0a767.txt	ab88abce72ba
7	5907.w4lift-7cd2edab64dc.txt	5907.w4lift-e7ee0cc9c017.txt	3f6f5c94d76e
7	5907.w4lift-7cd2edab64dc.txt	5907.w4lift-eb9a0d99f5fb.txt	ab88abce72ba
7	5907.w4lift-7cd2edab64dc.txt	5907.w4lift-f2708ef02d1a.txt	0df6c6a90182
7	5907.w4lift-7cd2edab64dc.txt	5907.w4lift-f6b8b0e6314c.txt	868b50be85a4
7	5907.w4lift-7cd2edab64dc.txt	5907.w4lift-f9f8e9513c54.txt	45e1abda4c12
7	5907.w4lift-7cd2edab64dc.txt	5907.w4lift-fb688ec5c017.txt	65b414a14871
7	5907.w4lift-7cd2edab64dc.txt	5907.w4lift-fc301bd873cb.txt	8821c9761a3f
7	5907.w4lift-7cd2edab64dc.txt	5907.w4lift-fc7d7045a431.txt	8821c9761a3f
7	5907.w4lift-80c95286cd7c.txt	5907.w4lift-0dff9daccaa8.txt	0ad29fbab280
7	5907.w4lift-80c95286cd7c.txt	5907.w4lift-0fc17b401159.txt	ab88abce72ba
7	5907.w4lift-80c95286cd7c.txt	5907.w4lift-1c7e3360c98f.txt	7da937df9f1b
7	5907.w4lift-80c95286cd7c.txt	5907.w4lift-319dff1ab25a.txt	2257058c3d2d
7	5907.w4lift-80c95286cd7c.txt	5907.w4lift-352479dbf208.txt	f87b924fc4aa
7	5907.w4lift-80c95286cd7c.txt	5907.w4lift-37386755df59.txt	ab88abce72ba
7	5907.w4lift-80c95286cd7c.txt	5907.w4lift-3ce63a53cf1a.txt	d58953d08832
7	5907.w4lift-80c95286cd7c.txt	5907.w4lift-40dae53e6185.txt	81d3a556dfde
7	5907.w4lift-80c95286cd7c.txt	5907.w4lift-430092f5780f.txt	09d23aa6b91a
7	5907.w4lift-80c95286cd7c.txt	5907.w4lift-473fc5e1c91e.txt	947fefee2ce1
7	5907.w4lift-80c95286cd7c.txt	5907.w4lift-4a5b17090e74.txt	b1be0f46d82c
7	5907.w4lift-80c95286cd7c.txt	5907.w4lift-4cb3167d35ed.txt	a805ea3de51d
7	5907.w4lift-80c95286cd7c.txt	5907.w4lift-4d47295ca519.txt	0df6c6a90182
7	5907.w4lift-80c95286cd7c.txt	5907.w4lift-540198536578.txt	36706f4e334b
7	5907.w4lift-80c95286cd7c.txt	5907.w4lift-5742f21eca2d.txt	9943a7ddc283
7	5907.w4lift-80c95286cd7c.txt	5907.w4lift-580a6b2415c2.txt	e8e466f2309f
7	5907.w4lift-80c95286cd7c.txt	5907.w4lift-5ffba5cc4529.txt	429db3717944
7	5907.w4lift-80c95286cd7c.txt	5907.w4lift-5ffba5cc4529.txt	b081b754d26e
7	5907.w4lift-80c95286cd7c.txt	5907.w4lift-69ed3f34a123.txt	bfd1c873c831
7	5907.w4lift-80c95286cd7c.txt	5907.w4lift-6e905a492084.txt	ab88abce72ba
7	5907.w4lift-80c95286cd7c.txt	5907.w4lift-76a1eae91ca0.txt	3a3b52457923
7	5907.w4lift-80c95286cd7c.txt	5907.w4lift-7cd2edab64dc.txt	ab88abce72ba
7	5907.w4lift-80c95286cd7c.txt	5907.w4lift-82caf1ba27e5.txt	398028eae919
7	5907.w4lift-80c95286cd7c.txt	5907.w4lift-863de61b836a.txt	8ba4f5a756dd
7	5907.w4lift-80c95286cd7c.txt	5907.w4lift-8e5ca0ef018c.txt	b85e26cbabc5
7	5907.w4lift-80c95286cd7c.txt	5907.w4lift-912bd909d2b6.txt	84a31d178833
7	5907.w4lift-80c95286cd7c.txt	5907.w4lift-a6df35bc4b74.txt	f1f39aaf528e
7	5907.w4lift-80c95286cd7c.txt	5907.w4lift-a82143024d2d.txt	2b1829f80cf7
7	5907.w4lift-80c95286cd7c.txt	5907.w4lift-a8d3c9324eac.txt	ba64a6bdcb29
7	5907.w4lift-80c95286cd7c.txt	5907.w4lift-ab80c9a45344.txt	e332743d8318
7	5907.w4lift-80c95286cd7c.txt	5907.w4lift-ae466549a0d9.txt	f33f447ada52
7	5907.w4lift-80c95286cd7c.txt	5907.w4lift-b18d3ecda2e7.txt	84209a8c0f2c
7	5907.w4lift-80c95286cd7c.txt	5907.w4lift-b4e57551e32a.txt	ab88abce72ba
7	5907.w4lift-80c95286cd7c.txt	5907.w4lift-b91f5e2f34a2.txt	65b414a14871
7	5907.w4lift-80c95286cd7c.txt	5907.w4lift-bca46e18f77b.txt	3f6f5c94d76e
7	5907.w4lift-80c95286cd7c.txt	5907.w4lift-caeaa9e5ac42.txt	4c6e579a7560
7	5907.w4lift-80c95286cd7c.txt	5907.w4lift-caeaa9e5ac42.txt	72d376c5571d
7	5907.w4lift-80c95286cd7c.txt	5907.w4lift-cb7d99c78307.txt	8f5cf69c5f7c
7	5907.w4lift-80c95286cd7c.txt	5907.w4lift-d742e5e60c6f.txt	f4276d62e543
7	5907.w4lift-80c95286cd7c.txt	5907.w4lift-dcd0ec0a1fc5.txt	45e1abda4c12
7	5907.w4lift-80c95286cd7c.txt	5907.w4lift-dff914259b29.txt	be6b4f4e69cf
7	5907.w4lift-80c95286cd7c.txt	5907.w4lift-e04faca1c06c.txt	90628da2dd0c
7	5907.w4lift-80c95286cd7c.txt	5907.w4lift-e04faca1c06c.txt	a9604abeb264
7	5907.w4lift-80c95286cd7c.txt	5907.w4lift-e0fa39144639.txt	8821c9761a3f
7	5907.w4lift-80c95286cd7c.txt	5907.w4lift-e2841ecca038.txt	eb52f3b0f67b
7	5907.w4lift-80c95286cd7c.txt	5907.w4lift-e45b90b0a767.txt	5ff76078c599
7	5907.w4lift-80c95286cd7c.txt	5907.w4lift-e768827496d4.txt	96ebdab07f84
7	5907.w4lift-80c95286cd7c.txt	5907.w4lift-eb9a0d99f5fb.txt	746b5fef63fc
7	5907.w4lift-80c95286cd7c.txt	5907.w4lift-f6b8b0e6314c.txt	61e671455635
7	5907.w4lift-80c95286cd7c.txt	5907.w4lift-fc7d7045a431.txt	ab88abce72ba
7	5907.w4lift-82caf1ba27e5.txt	5907.w4lift-204625f89751.txt	a32416d5301e
7	5907.w4lift-82caf1ba27e5.txt	5907.w4lift-352479dbf208.txt	cf81c5206273
7	5907.w4lift-82caf1ba27e5.txt	5907.w4lift-37386755df59.txt	96ebdab07f84
7	5907.w4lift-82caf1ba27e5.txt	5907.w4lift-3ce63a53cf1a.txt	df712ba91fb7
7	5907.w4lift-82caf1ba27e5.txt	5907.w4lift-40dae53e6185.txt	a32416d5301e
7	5907.w4lift-82caf1ba27e5.txt	5907.w4lift-430092f5780f.txt	02eb9e2292e4
7	5907.w4lift-82caf1ba27e5.txt	5907.w4lift-4a5b17090e74.txt	429db3717944
7	5907.w4lift-82caf1ba27e5.txt	5907.w4lift-4a5b17090e74.txt	b081b754d26e
7	5907.w4lift-82caf1ba27e5.txt	5907.w4lift-4ab0903ef5f4.txt	794f3186b56e
7	5907.w4lift-82caf1ba27e5.txt	5907.w4lift-508210674d85.txt	429db3717944
7	5907.w4lift-82caf1ba27e5.txt	5907.w4lift-508210674d85.txt	b081b754d26e
7	5907.w4lift-82caf1ba27e5.txt	5907.w4lift-644e04797cd3.txt	02eb9e2292e4
7	5907.w4lift-82caf1ba27e5.txt	5907.w4lift-6e6b2c468f32.txt	a805ea3de51d
7	5907.w4lift-82caf1ba27e5.txt	5907.w4lift-6e905a492084.txt	ab88abce72ba
7	5907.w4lift-82caf1ba27e5.txt	5907.w4lift-6ec79809fccc.txt	b3e25e414908
7	5907.w4lift-82caf1ba27e5.txt	5907.w4lift-71600a834959.txt	cf81c5206273
7	5907.w4lift-82caf1ba27e5.txt	5907.w4lift-7cd2edab64dc.txt	ab88abce72ba
7	5907.w4lift-82caf1ba27e5.txt	5907.w4lift-80c95286cd7c.txt	a805ea3de51d
7	5907.w4lift-82caf1ba27e5.txt	5907.w4lift-846d5062c405.txt	969165258934
7	5907.w4lift-82caf1ba27e5.txt	5907.w4lift-863de61b836a.txt	b3e25e414908
7	5907.w4lift-82caf1ba27e5.txt	5907.w4lift-8e5ca0ef018c.txt	8821c9761a3f
7	5907.w4lift-82caf1ba27e5.txt	5907.w4lift-90338d0577bd.txt	d6c04566fc39
7	5907.w4lift-82caf1ba27e5.txt	5907.w4lift-912bd909d2b6.txt	1b8c339e89cd
7	5907.w4lift-82caf1ba27e5.txt	5907.w4lift-97d2d8784e2f.txt	cbba85aa08fa
7	5907.w4lift-82caf1ba27e5.txt	5907.w4lift-a82143024d2d.txt	781dcd7d819f
7	5907.w4lift-82caf1ba27e5.txt	5907.w4lift-a8d3c9324eac.txt	65b9d86f9b57
7	5907.w4lift-82caf1ba27e5.txt	5907.w4lift-ab80c9a45344.txt	ab88abce72ba
7	5907.w4lift-82caf1ba27e5.txt	5907.w4lift-ae466549a0d9.txt	f87b924fc4aa
7	5907.w4lift-82caf1ba27e5.txt	5907.w4lift-ae6af3254cbe.txt	1b8c339e89cd
7	5907.w4lift-82caf1ba27e5.txt	5907.w4lift-b2702baa553d.txt	65b9d86f9b57
7	5907.w4lift-82caf1ba27e5.txt	5907.w4lift-b4e57551e32a.txt	969165258934
7	5907.w4lift-82caf1ba27e5.txt	5907.w4lift-bd154fbbf435.txt	45e1abda4c12
7	5907.w4lift-82caf1ba27e5.txt	5907.w4lift-bfbef8785aff.txt	3a3b52457923
7	5907.w4lift-82caf1ba27e5.txt	5907.w4lift-caeaa9e5ac42.txt	d6c04566fc39
7	5907.w4lift-82caf1ba27e5.txt	5907.w4lift-cb7d99c78307.txt	21a14dac12e8
7	5907.w4lift-82caf1ba27e5.txt	5907.w4lift-cba9917bd593.txt	ab88abce72ba
7	5907.w4lift-82caf1ba27e5.txt	5907.w4lift-d09cda89e063.txt	ab88abce72ba
7	5907.w4lift-82caf1ba27e5.txt	5907.w4lift-d155534ea2d4.txt	8821c9761a3f
7	5907.w4lift-82caf1ba27e5.txt	5907.w4lift-d742e5e60c6f.txt	7c2769543fc5
7	5907.w4lift-82caf1ba27e5.txt	5907.w4lift-d946605e111b.txt	96ebdab07f84
7	5907.w4lift-82caf1ba27e5.txt	5907.w4lift-dff914259b29.txt	ab88abce72ba
7	5907.w4lift-82caf1ba27e5.txt	5907.w4lift-e0368a011e8c.txt	45e1abda4c12
7	5907.w4lift-82caf1ba27e5.txt	5907.w4lift-e04faca1c06c.txt	cbba85aa08fa
7	5907.w4lift-82caf1ba27e5.txt	5907.w4lift-e45b90b0a767.txt	0df6c6a90182
7	5907.w4lift-82caf1ba27e5.txt	5907.w4lift-e7ee0cc9c017.txt	0df6c6a90182
7	5907.w4lift-82caf1ba27e5.txt	5907.w4lift-eb9a0d99f5fb.txt	f87b924fc4aa
7	5907.w4lift-82caf1ba27e5.txt	5907.w4lift-f2708ef02d1a.txt	df712ba91fb7
7	5907.w4lift-82caf1ba27e5.txt	5907.w4lift-f6b8b0e6314c.txt	794f3186b56e
7	5907.w4lift-82caf1ba27e5.txt	5907.w4lift-fb688ec5c017.txt	21a14dac12e8
7	5907.w4lift-846d5062c405.txt	5907.w4lift-04c898c73c62.txt	dbdbbc7a0086
7	5907.w4lift-846d5062c405.txt	5907.w4lift-08210f1c16a0.txt	66c7854e6888
7	5907.w4lift-846d5062c405.txt	5907.w4lift-0fc17b401159.txt	2257058c3d2d
7	5907.w4lift-846d5062c405.txt	5907.w4lift-204625f89751.txt	b506fa9d192d
7	5907.w4lift-846d5062c405.txt	5907.w4lift-208b728dbc49.txt	96704a0eb24e
7	5907.w4lift-846d5062c405.txt	5907.w4lift-319dff1ab25a.txt	71fce178fd55
7	5907.w4lift-846d5062c405.txt	5907.w4lift-386272df4871.txt	429db3717944
7	5907.w4lift-846d5062c405.txt	5907.w4lift-386272df4871.txt	b081b754d26e
7	5907.w4lift-846d5062c405.txt	5907.w4lift-3ce63a53cf1a.txt	746b5fef63fc
7	5907.w4lift-846d5062c405.txt	5907.w4lift-3d4579051d3f.txt	ff37ff3f6ef2
7	5907.w4lift-846d5062c405.txt	5907.w4lift-473fc5e1c91e.txt	f2cd8c1f4d2e
7	5907.w4lift-846d5062c405.txt	5907.w4lift-4ab0903ef5f4.txt	14a420b3a5b2
7	5907.w4lift-846d5062c405.txt	5907.w4lift-4cb3167d35ed.txt	ab88abce72ba
7	5907.w4lift-846d5062c405.txt	5907.w4lift-508210674d85.txt	ac9b3dbee6ab
7	5907.w4lift-846d5062c405.txt	5907.w4lift-5742f21eca2d.txt	49c5410504fe
7	5907.w4lift-846d5062c405.txt	5907.w4lift-58984281bc50.txt	45e1abda4c12
7	5907.w4lift-846d5062c405.txt	5907.w4lift-5f95afa2454b.txt	b1be0f46d82c
7	5907.w4lift-846d5062c405.txt	5907.w4lift-644e04797cd3.txt	32af70a4999e
7	5907.w4lift-846d5062c405.txt	5907.w4lift-684436c46755.txt	3a3b52457923
7	5907.w4lift-846d5062c405.txt	5907.w4lift-6e6b2c468f32.txt	ab88abce72ba
7	5907.w4lift-846d5062c405.txt	5907.w4lift-6ec79809fccc.txt	14641f09bcf0
7	5907.w4lift-846d5062c405.txt	5907.w4lift-71600a834959.txt	ab88abce72ba
7	5907.w4lift-846d5062c405.txt	5907.w4lift-7cd2edab64dc.txt	398028eae919
7	5907.w4lift-846d5062c405.txt	5907.w4lift-82caf1ba27e5.txt	d4c86ffe1efa
7	5907.w4lift-846d5062c405.txt	5907.w4lift-8a8b72923703.txt	14a420b3a5b2
7	5907.w4lift-846d5062c405.txt	5907.w4lift-90338d0577bd.txt	ab88abce72ba
7	5907.w4lift-846d5062c405.txt	5907.w4lift-97d2d8784e2f.txt	eb8331df9ee8
7	5907.w4lift-846d5062c405.txt	5907.w4lift-9b4bc5700c90.txt	c22bfb6473cb
7	5907.w4lift-846d5062c405.txt	5907.w4lift-a82143024d2d.txt	b4bd6f395a25
7	5907.w4lift-846d5062c405.txt	5907.w4lift-ae6af3254cbe.txt	b1be0f46d82c
7	5907.w4lift-846d5062c405.txt	5907.w4lift-b2702baa553d.txt	56f642d92240
7	5907.w4lift-846d5062c405.txt	5907.w4lift-c5ee76734b4d.txt	56f642d92240
7	5907.w4lift-846d5062c405.txt	5907.w4lift-cba9917bd593.txt	1fa74a7c6774
7	5907.w4lift-846d5062c405.txt	5907.w4lift-d09cda89e063.txt	2c806c1bf6e3
7	5907.w4lift-846d5062c405.txt	5907.w4lift-d155534ea2d4.txt	ac9b3dbee6ab
7	5907.w4lift-846d5062c405.txt	5907.w4lift-d742e5e60c6f.txt	ab88abce72ba
7	5907.w4lift-846d5062c405.txt	5907.w4lift-d946605e111b.txt	b85e26cbabc5
7	5907.w4lift-846d5062c405.txt	5907.w4lift-db45ebdeed40.txt	36706f4e334b
7	5907.w4lift-846d5062c405.txt	5907.w4lift-dff914259b29.txt	83d54a67702c
7	5907.w4lift-846d5062c405.txt	5907.w4lift-e0fa39144639.txt	7da937df9f1b
7	5907.w4lift-846d5062c405.txt	5907.w4lift-e768827496d4.txt	8821c9761a3f
7	5907.w4lift-846d5062c405.txt	5907.w4lift-e7ee0cc9c017.txt	4f8df87699e7
7	5907.w4lift-846d5062c405.txt	5907.w4lift-eb9a0d99f5fb.txt	e332743d8318
7	5907.w4lift-846d5062c405.txt	5907.w4lift-ebfb75328150.txt	ab88abce72ba
7	5907.w4lift-846d5062c405.txt	5907.w4lift-f2708ef02d1a.txt	5ff76078c599
7	5907.w4lift-846d5062c405.txt	5907.w4lift-fb688ec5c017.txt	96704a0eb24e
7	5907.w4lift-846d5062c405.txt	5907.w4lift-fc301bd873cb.txt	b85e26cbabc5
7	5907.w4lift-846d5062c405.txt	5907.w4lift-fe39239f7468.txt	a780c2d233f8
7	5907.w4lift-863de61b836a.txt	5907.w4lift-097d01eaddb9.txt	429db3717944
7	5907.w4lift-863de61b836a.txt	5907.w4lift-097d01eaddb9.txt	b081b754d26e
7	5907.w4lift-863de61b836a.txt	5907.w4lift-16dd1019b651.txt	8821c9761a3f
7	5907.w4lift-863de61b836a.txt	5907.w4lift-1ba050a47f0b.txt	c8cd712ae7b0
7	5907.w4lift-863de61b836a.txt	5907.w4lift-1e59b13c7cc0.txt	ada84d0153fa
7	5907.w4lift-863de61b836a.txt	5907.w4lift-204625f89751.txt	8e3fa11cbde7
7	5907.w4lift-863de61b836a.txt	5907.w4lift-3359ccc27832.txt	ab88abce72ba
7	5907.w4lift-863de61b836a.txt	5907.w4lift-352479dbf208.txt	ecf03ddecbed
7	5907.w4lift-863de61b836a.txt	5907.w4lift-3580a08a5c73.txt	ab88abce72ba
7	5907.w4lift-863de61b836a.txt	5907.w4lift-37386755df59.txt	c5eefe353bce
7	5907.w4lift-863de61b836a.txt	5907.w4lift-3ce63a53cf1a.txt	af945ab938fd
7	5907.w4lift-863de61b836a.txt	5907.w4lift-40dae53e6185.txt	ab88abce72ba
7	5907.w4lift-863de61b836a.txt	5907.w4lift-430092f5780f.txt	e616c3f821ef
7	5907.w4lift-863de61b836a.txt	5907.w4lift-43a95823c4dc.txt	29acfe26c3eb
7	5907.w4lift-863de61b836a.txt	5907.w4lift-4614701d0920.txt	64494227b63c
7	5907.w4lift-863de61b836a.txt	5907.w4lift-4a5b17090e74.txt	1ff5160db856
7	5907.w4lift-863de61b836a.txt	5907.w4lift-4ab0903ef5f4.txt	44bac1587ba9
7	5907.w4lift-863de61b836a.txt	5907.w4lift-53542138d1b5.txt	b742e93fcefe
7	5907.w4lift-863de61b836a.txt	5907.w4lift-540198536578.txt	8480c2d421f7
7	5907.w4lift-863de61b836a.txt	5907.w4lift-5f95afa2454b.txt	c5eefe353bce
7	5907.w4lift-863de61b836a.txt	5907.w4lift-644e04797cd3.txt	72397e2f680a
7	5907.w4lift-863de61b836a.txt	5907.w4lift-65fb95f576e7.txt	6c0329aa4489
7	5907.w4lift-863de61b836a.txt	5907.w4lift-684436c46755.txt	8126cee8c426
7	5907.w4lift-863de61b836a.txt	5907.w4lift-6e905a492084.txt	171ac63bfbd7
7	5907.w4lift-863de61b836a.txt	5907.w4lift-6ec79809fccc.txt	5581e578134b
7	5907.w4lift-863de61b836a.txt	5907.w4lift-6ec79809fccc.txt	d0a01a1ac47d
7	5907.w4lift-863de61b836a.txt	5907.w4lift-7cd2edab64dc.txt	7dae29ff7561
7	5907.w4lift-863de61b836a.txt	5907.w4lift-80c95286cd7c.txt	e6f4fad41ed1
7	5907.w4lift-863de61b836a.txt	5907.w4lift-82caf1ba27e5.txt	3848d784e880
7	5907.w4lift-863de61b836a.txt	5907.w4lift-86a03197440a.txt	ae30533f923a
7	5907.w4lift-863de61b836a.txt	5907.w4lift-8824a6971c2e.txt	918cf6abec0b
7	5907.w4lift-863de61b836a.txt	5907.w4lift-912bd909d2b6.txt	a003705bbbb1
7	5907.w4lift-863de61b836a.txt	5907.w4lift-97d2d8784e2f.txt	cf88f66916d6
7	5907.w4lift-863de61b836a.txt	5907.w4lift-a7bbb73953d8.txt	9c07b36d20b9
7	5907.w4lift-863de61b836a.txt	5907.w4lift-a82143024d2d.txt	ab88abce72ba
7	5907.w4lift-863de61b836a.txt	5907.w4lift-a8d3c9324eac.txt	ab88abce72ba
7	5907.w4lift-863de61b836a.txt	5907.w4lift-ab80c9a45344.txt	80b2932b3a5d
7	5907.w4lift-863de61b836a.txt	5907.w4lift-ae466549a0d9.txt	1e97b4d2bd18
7	5907.w4lift-863de61b836a.txt	5907.w4lift-ae466549a0d9.txt	e8010fda4ae9
7	5907.w4lift-863de61b836a.txt	5907.w4lift-b2702baa553d.txt	f489418a0205
7	5907.w4lift-863de61b836a.txt	5907.w4lift-b4e57551e32a.txt	a33cb05ccb10
7	5907.w4lift-863de61b836a.txt	5907.w4lift-bd154fbbf435.txt	7f1b18477bd6
7	5907.w4lift-863de61b836a.txt	5907.w4lift-bfbef8785aff.txt	37cc3a8e114c
7	5907.w4lift-863de61b836a.txt	5907.w4lift-c5ee76734b4d.txt	ab88abce72ba
7	5907.w4lift-863de61b836a.txt	5907.w4lift-c7b7714127d9.txt	de447a54d5c6
7	5907.w4lift-863de61b836a.txt	5907.w4lift-c8c5110de4f9.txt	74d91872eeb5
7	5907.w4lift-863de61b836a.txt	5907.w4lift-ca71ed8496bd.txt	e05f876a6f8d
7	5907.w4lift-863de61b836a.txt	5907.w4lift-caeaa9e5ac42.txt	8411b9baf058
7	5907.w4lift-863de61b836a.txt	5907.w4lift-cb7d99c78307.txt	74d91872eeb5
7	5907.w4lift-863de61b836a.txt	5907.w4lift-d155534ea2d4.txt	1ff5160db856
7	5907.w4lift-863de61b836a.txt	5907.w4lift-d213b0754523.txt	fa53bebb0c07
7	5907.w4lift-863de61b836a.txt	5907.w4lift-d742e5e60c6f.txt	176d3814e13d
7	5907.w4lift-863de61b836a.txt	5907.w4lift-db45ebdeed40.txt	3c7f124adbf2
7	5907.w4lift-863de61b836a.txt	5907.w4lift-dd250dd876cd.txt	399bec1eb082
7	5907.w4lift-863de61b836a.txt	5907.w4lift-dff914259b29.txt	374c09e1b5b9
7	5907.w4lift-863de61b836a.txt	5907.w4lift-e04faca1c06c.txt	8373a022eef2
7	5907.w4lift-863de61b836a.txt	5907.w4lift-e2841ecca038.txt	2dcd6251565a
7	5907.w4lift-863de61b836a.txt	5907.w4lift-e45b90b0a767.txt	1e97b4d2bd18
7	5907.w4lift-863de61b836a.txt	5907.w4lift-e45b90b0a767.txt	e8010fda4ae9
7	5907.w4lift-863de61b836a.txt	5907.w4lift-e96c05b05fe9.txt	c1f9c93a5c27
7	5907.w4lift-863de61b836a.txt	5907.w4lift-ebfb75328150.txt	ecf03ddecbed
7	5907.w4lift-863de61b836a.txt	5907.w4lift-ecfe2ba8e511.txt	0f1e40b2bfba
7	5907.w4lift-863de61b836a.txt	5907.w4lift-f18f663f4c81.txt	833239f93d60
7	5907.w4lift-863de61b836a.txt	5907.w4lift-f6b8b0e6314c.txt	032dbf0d777a
7	5907.w4lift-863de61b836a.txt	5907.w4lift-f9f8e9513c54.txt	b45834e9d420
7	5907.w4lift-863de61b836a.txt	5907.w4lift-fb688ec5c017.txt	e2381e7cebff
7	5907.w4lift-863de61b836a.txt	5907.w4lift-fc301bd873cb.txt	a003705bbbb1
7	5907.w4lift-86a03197440a.txt	5907.w4lift-0531d212f9bb.txt	ab88abce72ba
7	5907.w4lift-86a03197440a.txt	5907.w4lift-0709deed1cd4.txt	2257058c3d2d
7	5907.w4lift-86a03197440a.txt	5907.w4lift-097d01eaddb9.txt	709cf47fa2d3
7	5907.w4lift-86a03197440a.txt	5907.w4lift-097d01eaddb9.txt	8709489b69c1
7	5907.w4lift-86a03197440a.txt	5907.w4lift-177bb009e3ce.txt	f609e3a8e480
7	5907.w4lift-86a03197440a.txt	5907.w4lift-1ba050a47f0b.txt	94e83c3c75fb
7	5907.w4lift-86a03197440a.txt	5907.w4lift-1c7e3360c98f.txt	2c06ce315361
7	5907.w4lift-86a03197440a.txt	5907.w4lift-3359ccc27832.txt	f5cc9fff27f8
7	5907.w4lift-86a03197440a.txt	5907.w4lift-3580a08a5c73.txt	07d6e2e26dfe
7	5907.w4lift-86a03197440a.txt	5907.w4lift-3ce63a53cf1a.txt	306d4d2a2ee6
7	5907.w4lift-86a03197440a.txt	5907.w4lift-45a4ff8466a7.txt	5e3e40b58466
7	5907.w4lift-86a03197440a.txt	5907.w4lift-4614701d0920.txt	48c30fab9556
7	5907.w4lift-86a03197440a.txt	5907.w4lift-508210674d85.txt	bd508e5023d8
7	5907.w4lift-86a03197440a.txt	5907.w4lift-53542138d1b5.txt	be6b4f4e69cf
7	5907.w4lift-86a03197440a.txt	5907.w4lift-58984281bc50.txt	c32545fa8a66
7	5907.w4lift-86a03197440a.txt	5907.w4lift-5f95afa2454b.txt	9ffeb4ce9bae
7	5907.w4lift-86a03197440a.txt	5907.w4lift-65fb95f576e7.txt	c2220252475b
7	5907.w4lift-86a03197440a.txt	5907.w4lift-684436c46755.txt	151c9d94814a
7	5907.w4lift-86a03197440a.txt	5907.w4lift-684436c46755.txt	3f4b1bcb6fa8
7	5907.w4lift-86a03197440a.txt	5907.w4lift-6d19c9f1455d.txt	a805ea3de51d
7	5907.w4lift-86a03197440a.txt	5907.w4lift-71600a834959.txt	a9587b440eca
7	5907.w4lift-86a03197440a.txt	5907.w4lift-863de61b836a.txt	2f9f850b1759
7	5907.w4lift-86a03197440a.txt	5907.w4lift-8824a6971c2e.txt	ab88abce72ba
7	5907.w4lift-86a03197440a.txt	5907.w4lift-a7bbb73953d8.txt	ab88abce72ba
7	5907.w4lift-86a03197440a.txt	5907.w4lift-ab80c9a45344.txt	b2c5eb761e41
7	5907.w4lift-86a03197440a.txt	5907.w4lift-ae466549a0d9.txt	ab11977fcf47
7	5907.w4lift-86a03197440a.txt	5907.w4lift-ae6af3254cbe.txt	0fa419c2f08b
7	5907.w4lift-86a03197440a.txt	5907.w4lift-b18d3ecda2e7.txt	430f8ba0d5bf
7	5907.w4lift-86a03197440a.txt	5907.w4lift-b2702baa553d.txt	8e620393073b
7	5907.w4lift-86a03197440a.txt	5907.w4lift-bd154fbbf435.txt	3394d4cf4ce9
7	5907.w4lift-86a03197440a.txt	5907.w4lift-bd154fbbf435.txt	b84e5852608b
7	5907.w4lift-86a03197440a.txt	5907.w4lift-bfbef8785aff.txt	642f48479b2a
7	5907.w4lift-86a03197440a.txt	5907.w4lift-c5ee76734b4d.txt	f4b9a13ff36c
7	5907.w4lift-86a03197440a.txt	5907.w4lift-c7b7714127d9.txt	f4276d62e543
7	5907.w4lift-86a03197440a.txt	5907.w4lift-c8c5110de4f9.txt	39fe21f51977
7	5907.w4lift-86a03197440a.txt	5907.w4lift-ca71ed8496bd.txt	398028eae919
7	5907.w4lift-86a03197440a.txt	5907.w4lift-d155534ea2d4.txt	ddf5bfe474bf
7	5907.w4lift-86a03197440a.txt	5907.w4lift-d946605e111b.txt	9ffeb4ce9bae
7	5907.w4lift-86a03197440a.txt	5907.w4lift-db45ebdeed40.txt	c7858d81e8da
7	5907.w4lift-86a03197440a.txt	5907.w4lift-df0078a194a0.txt	760f0d23e496
7	5907.w4lift-86a03197440a.txt	5907.w4lift-e45b90b0a767.txt	bac45191348c
7	5907.w4lift-86a03197440a.txt	5907.w4lift-e768827496d4.txt	e6a2ec270f5f
7	5907.w4lift-86a03197440a.txt	5907.w4lift-e96c05b05fe9.txt	4c6e579a7560
7	5907.w4lift-86a03197440a.txt	5907.w4lift-e96c05b05fe9.txt	72d376c5571d
7	5907.w4lift-86a03197440a.txt	5907.w4lift-ebfb75328150.txt	51225a9bb93e
7	5907.w4lift-86a03197440a.txt	5907.w4lift-ecfe2ba8e511.txt	ab88abce72ba
7	5907.w4lift-86a03197440a.txt	5907.w4lift-f18f663f4c81.txt	2646e152c820
7	5907.w4lift-86a03197440a.txt	5907.w4lift-f859791b1e8e.txt	9943a7ddc283
7	5907.w4lift-86a03197440a.txt	5907.w4lift-f9f8e9513c54.txt	bbf1b4974173
7	5907.w4lift-86a03197440a.txt	5907.w4lift-f9f8e9513c54.txt	dd454bcc3c5a
7	5907.w4lift-86a03197440a.txt	5907.w4lift-faafae8fcdaa.txt	9ed53e6fa387
7	5907.w4lift-86a03197440a.txt	5907.w4lift-fc301bd873cb.txt	98aeb647340c
7	5907.w4lift-8824a6971c2e.txt	5907.w4lift-0531d212f9bb.txt	49c5410504fe
7	5907.w4lift-8824a6971c2e.txt	5907.w4lift-0709deed1cd4.txt	71fce178fd55
7	5907.w4lift-8824a6971c2e.txt	5907.w4lift-097d01eaddb9.txt	32484de5d5f7
7	5907.w4lift-8824a6971c2e.txt	5907.w4lift-177bb009e3ce.txt	f9ee8b6c0294
7	5907.w4lift-8824a6971c2e.txt	5907.w4lift-1ba050a47f0b.txt	f9ee8b6c0294
7	5907.w4lift-8824a6971c2e.txt	5907.w4lift-1c7e3360c98f.txt	4c331cf536a0
7	5907.w4lift-8824a6971c2e.txt	5907.w4lift-3359ccc27832.txt	903b55e7cb38
7	5907.w4lift-8824a6971c2e.txt	5907.w4lift-3ce63a53cf1a.txt	ab11977fcf47
7	5907.w4lift-8824a6971c2e.txt	5907.w4lift-45a4ff8466a7.txt	79bbc2526e76
7	5907.w4lift-8824a6971c2e.txt	5907.w4lift-4614701d0920.txt	3394d4cf4ce9
7	5907.w4lift-8824a6971c2e.txt	5907.w4lift-4614701d0920.txt	b84e5852608b
7	5907.w4lift-8824a6971c2e.txt	5907.w4lift-508210674d85.txt	a36fb689ba41
7	5907.w4lift-8824a6971c2e.txt	5907.w4lift-53542138d1b5.txt	398028eae919
7	5907.w4lift-8824a6971c2e.txt	5907.w4lift-540198536578.txt	642f48479b2a
7	5907.w4lift-8824a6971c2e.txt	5907.w4lift-58984281bc50.txt	5e3e40b58466
7	5907.w4lift-8824a6971c2e.txt	5907.w4lift-5f95afa2454b.txt	bd508e5023d8
7	5907.w4lift-8824a6971c2e.txt	5907.w4lift-5ffba5cc4529.txt	2c06ce315361
7	5907.w4lift-8824a6971c2e.txt	5907.w4lift-65fb95f576e7.txt	04494fa53cff
7	5907.w4lift-8824a6971c2e.txt	5907.w4lift-684436c46755.txt	48c30fab9556
7	5907.w4lift-8824a6971c2e.txt	5907.w4lift-6d19c9f1455d.txt	ab88abce72ba
7	5907.w4lift-8824a6971c2e.txt	5907.w4lift-71600a834959.txt	9ffeb4ce9bae
7	5907.w4lift-8824a6971c2e.txt	5907.w4lift-863de61b836a.txt	526035ef3d01
7	5907.w4lift-8824a6971c2e.txt	5907.w4lift-86a03197440a.txt	ab88abce72ba
7	5907.w4lift-8824a6971c2e.txt	5907.w4lift-a6df35bc4b74.txt	400f540f4bc2
7	5907.w4lift-8824a6971c2e.txt	5907.w4lift-a7bbb73953d8.txt	83d54a67702c
7	5907.w4lift-8824a6971c2e.txt	5907.w4lift-ab80c9a45344.txt	5bf23f32ca54
7	5907.w4lift-8824a6971c2e.txt	5907.w4lift-ae466549a0d9.txt	240d550552a3
7	5907.w4lift-8824a6971c2e.txt	5907.w4lift-ae6af3254cbe.txt	bd508e5023d8
7	5907.w4lift-8824a6971c2e.txt	5907.w4lift-b18d3ecda2e7.txt	0dcc7a5a1ff7
7	5907.w4lift-8824a6971c2e.txt	5907.w4lift-b2702baa553d.txt	4afb5e5acf86
7	5907.w4lift-8824a6971c2e.txt	5907.w4lift-bd154fbbf435.txt	d559476e2a95
7	5907.w4lift-8824a6971c2e.txt	5907.w4lift-c5ee76734b4d.txt	4afb5e5acf86
7	5907.w4lift-8824a6971c2e.txt	5907.w4lift-c7b7714127d9.txt	ab88abce72ba
7	5907.w4lift-8824a6971c2e.txt	5907.w4lift-c8c5110de4f9.txt	c5613db25dba
7	5907.w4lift-8824a6971c2e.txt	5907.w4lift-ca71ed8496bd.txt	d4c86ffe1efa
7	5907.w4lift-8824a6971c2e.txt	5907.w4lift-d155534ea2d4.txt	a36fb689ba41
7	5907.w4lift-8824a6971c2e.txt	5907.w4lift-d946605e111b.txt	ddf5bfe474bf
7	5907.w4lift-8824a6971c2e.txt	5907.w4lift-db45ebdeed40.txt	c2220252475b
7	5907.w4lift-8824a6971c2e.txt	5907.w4lift-dcd0ec0a1fc5.txt	9ed53e6fa387
7	5907.w4lift-8824a6971c2e.txt	5907.w4lift-df0078a194a0.txt	c5613db25dba
7	5907.w4lift-8824a6971c2e.txt	5907.w4lift-e45b90b0a767.txt	b2c5eb761e41
7	5907.w4lift-8824a6971c2e.txt	5907.w4lift-e768827496d4.txt	430f8ba0d5bf
7	5907.w4lift-8824a6971c2e.txt	5907.w4lift-e96c05b05fe9.txt	ab88abce72ba
7	5907.w4lift-8824a6971c2e.txt	5907.w4lift-ebfb75328150.txt	9ffeb4ce9bae
7	5907.w4lift-8824a6971c2e.txt	5907.w4lift-ec915ed4bfb3.txt	6229710a29b2
7	5907.w4lift-8824a6971c2e.txt	5907.w4lift-ecfe2ba8e511.txt	2c806c1bf6e3
7	5907.w4lift-8824a6971c2e.txt	5907.w4lift-f18f663f4c81.txt	6c8a5f9ef1df
7	5907.w4lift-8824a6971c2e.txt	5907.w4lift-f859791b1e8e.txt	2257058c3d2d
7	5907.w4lift-8824a6971c2e.txt	5907.w4lift-f9f8e9513c54.txt	3394d4cf4ce9
7	5907.w4lift-8824a6971c2e.txt	5907.w4lift-f9f8e9513c54.txt	b84e5852608b
7	5907.w4lift-8824a6971c2e.txt	5907.w4lift-fc301bd873cb.txt	ddf5bfe474bf
7	5907.w4lift-88a61c377b0a.txt	5907.w4lift-06b66ef7470f.txt	ab88abce72ba
7	5907.w4lift-88a61c377b0a.txt	5907.w4lift-169e64bca870.txt	2e62188e3c8b
7	5907.w4lift-88a61c377b0a.txt	5907.w4lift-169e64bca870.txt	48f9270682d9
7	5907.w4lift-88a61c377b0a.txt	5907.w4lift-177bb009e3ce.txt	e616c3f821ef
7	5907.w4lift-88a61c377b0a.txt	5907.w4lift-1ba050a47f0b.txt	d24f63edf5b4
7	5907.w4lift-88a61c377b0a.txt	5907.w4lift-1da61b5817e6.txt	fecd684a9442
7	5907.w4lift-88a61c377b0a.txt	5907.w4lift-1e59b13c7cc0.txt	d1acfe46465f
7	5907.w4lift-88a61c377b0a.txt	5907.w4lift-208b728dbc49.txt	ab88abce72ba
7	5907.w4lift-88a61c377b0a.txt	5907.w4lift-2344c04ea5dd.txt	d4ec6aadbefe
7	5907.w4lift-88a61c377b0a.txt	5907.w4lift-2f67f2643eeb.txt	2dcd6251565a
7	5907.w4lift-88a61c377b0a.txt	5907.w4lift-40dae53e6185.txt	cb67e923a6ca
7	5907.w4lift-88a61c377b0a.txt	5907.w4lift-430092f5780f.txt	ba9ea1eefc0d
7	5907.w4lift-88a61c377b0a.txt	5907.w4lift-4ab0903ef5f4.txt	833239f93d60
7	5907.w4lift-88a61c377b0a.txt	5907.w4lift-55201236e530.txt	5ff76078c599
7	5907.w4lift-88a61c377b0a.txt	5907.w4lift-580a6b2415c2.txt	defc0816dfd5
7	5907.w4lift-88a61c377b0a.txt	5907.w4lift-676d0f91dd66.txt	ab88abce72ba
7	5907.w4lift-88a61c377b0a.txt	5907.w4lift-8a8b72923703.txt	5aceefba3b64
7	5907.w4lift-88a61c377b0a.txt	5907.w4lift-b66c35732a00.txt	847f96324af3
7	5907.w4lift-88a61c377b0a.txt	5907.w4lift-b91f5e2f34a2.txt	d3143f1b84ab
7	5907.w4lift-88a61c377b0a.txt	5907.w4lift-c8c5110de4f9.txt	ab88abce72ba
7	5907.w4lift-88a61c377b0a.txt	5907.w4lift-d213b0754523.txt	f6d440e96d8c
7	5907.w4lift-88a61c377b0a.txt	5907.w4lift-da24731c22eb.txt	5581e578134b
7	5907.w4lift-88a61c377b0a.txt	5907.w4lift-da24731c22eb.txt	d0a01a1ac47d
7	5907.w4lift-88a61c377b0a.txt	5907.w4lift-dd24a1fe19b2.txt	8373a022eef2
7	5907.w4lift-88a61c377b0a.txt	5907.w4lift-df0078a194a0.txt	b7bc7337f220
7	5907.w4lift-88a61c377b0a.txt	5907.w4lift-e44f3ccf8ed4.txt	ab88abce72ba
7	5907.w4lift-88a61c377b0a.txt	5907.w4lift-ef0f8852bf9b.txt	8821c9761a3f
7	5907.w4lift-88a61c377b0a.txt	5907.w4lift-f75829b56545.txt	ab88abce72ba
7	5907.w4lift-88a61c377b0a.txt	5907.w4lift-fb688ec5c017.txt	e491b3145c5e
7	5907.w4lift-8966629ce152.txt	5907.w4lift-0531d212f9bb.txt	a805ea3de51d
7	5907.w4lift-8966629ce152.txt	5907.w4lift-0709deed1cd4.txt	ab88abce72ba
7	5907.w4lift-8966629ce152.txt	5907.w4lift-08210f1c16a0.txt	e6a2ec270f5f
7	5907.w4lift-8966629ce152.txt	5907.w4lift-169e64bca870.txt	7c9659982f8f
7	5907.w4lift-8966629ce152.txt	5907.w4lift-16dd1019b651.txt	b0e623c58504
7	5907.w4lift-8966629ce152.txt	5907.w4lift-1e59b13c7cc0.txt	2700c8747c7b
7	5907.w4lift-8966629ce152.txt	5907.w4lift-352479dbf208.txt	260bf1dba9d6
7	5907.w4lift-8966629ce152.txt	5907.w4lift-37386755df59.txt	51225a9bb93e
7	5907.w4lift-8966629ce152.txt	5907.w4lift-386272df4871.txt	9ed61ed63d31
7	5907.w4lift-8966629ce152.txt	5907.w4lift-3d4579051d3f.txt	687cb1131075
7	5907.w4lift-8966629ce152.txt	5907.w4lift-4034f85f00ec.txt	ab88abce72ba
7	5907.w4lift-8966629ce152.txt	5907.w4lift-43a95823c4dc.txt	e77bc6cdc11d
7	5907.w4lift-8966629ce152.txt	5907.w4lift-45a4ff8466a7.txt	c32545fa8a66
7	5907.w4lift-8966629ce152.txt	5907.w4lift-4a5b17090e74.txt	9ffeb4ce9bae
7	5907.w4lift-8966629ce152.txt	5907.w4lift-4d47295ca519.txt	260bf1dba9d6
7	5907.w4lift-8966629ce152.txt	5907.w4lift-53542138d1b5.txt	4f671bc3d3f3
7	5907.w4lift-8966629ce152.txt	5907.w4lift-540198536578.txt	ab105a248a1e
7	5907.w4lift-8966629ce152.txt	5907.w4lift-65fb95f576e7.txt	c7858d81e8da
7	5907.w4lift-8966629ce152.txt	5907.w4lift-6d19c9f1455d.txt	969165258934
7	5907.w4lift-8966629ce152.txt	5907.w4lift-6ec79809fccc.txt	e03995ff4434
7	5907.w4lift-8966629ce152.txt	5907.w4lift-76a1eae91ca0.txt	151c9d94814a
7	5907.w4lift-8966629ce152.txt	5907.w4lift-76a1eae91ca0.txt	3f4b1bcb6fa8
7	5907.w4lift-8966629ce152.txt	5907.w4lift-7714757d2e9e.txt	7c2769543fc5
7	5907.w4lift-8966629ce152.txt	5907.w4lift-89b3167f9583.txt	151c9d94814a
7	5907.w4lift-8966629ce152.txt	5907.w4lift-89b3167f9583.txt	3f4b1bcb6fa8
7	5907.w4lift-8966629ce152.txt	5907.w4lift-8e5ca0ef018c.txt	9ffeb4ce9bae
7	5907.w4lift-8966629ce152.txt	5907.w4lift-912bd909d2b6.txt	a9587b440eca
7	5907.w4lift-8966629ce152.txt	5907.w4lift-9b4bc5700c90.txt	430f8ba0d5bf
7	5907.w4lift-8966629ce152.txt	5907.w4lift-a7bbb73953d8.txt	f4276d62e543
7	5907.w4lift-8966629ce152.txt	5907.w4lift-a8d3c9324eac.txt	c570f33b6777
7	5907.w4lift-8966629ce152.txt	5907.w4lift-af7c897a8903.txt	1ba1dace333f
7	5907.w4lift-8966629ce152.txt	5907.w4lift-bca46e18f77b.txt	51225a9bb93e
7	5907.w4lift-8966629ce152.txt	5907.w4lift-bfbef8785aff.txt	c2220252475b
7	5907.w4lift-8966629ce152.txt	5907.w4lift-c7b7714127d9.txt	4bf7e3748717
7	5907.w4lift-8966629ce152.txt	5907.w4lift-ca71ed8496bd.txt	ab88abce72ba
7	5907.w4lift-8966629ce152.txt	5907.w4lift-cba9917bd593.txt	ab11977fcf47
7	5907.w4lift-8966629ce152.txt	5907.w4lift-d213b0754523.txt	e274eb8a1d46
7	5907.w4lift-8966629ce152.txt	5907.w4lift-dcd0ec0a1fc5.txt	e311a814616f
7	5907.w4lift-8966629ce152.txt	5907.w4lift-dd250dd876cd.txt	1ba1dace333f
7	5907.w4lift-8966629ce152.txt	5907.w4lift-e0368a011e8c.txt	48c30fab9556
7	5907.w4lift-8966629ce152.txt	5907.w4lift-e0fa39144639.txt	c442200796dc
7	5907.w4lift-8966629ce152.txt	5907.w4lift-e0fb9d13de61.txt	e77bc6cdc11d
7	5907.w4lift-8966629ce152.txt	5907.w4lift-e2841ecca038.txt	c570f33b6777
7	5907.w4lift-8966629ce152.txt	5907.w4lift-e7ee0cc9c017.txt	306d4d2a2ee6
7	5907.w4lift-8966629ce152.txt	5907.w4lift-eb9a0d99f5fb.txt	e43c9981a5c7
7	5907.w4lift-8966629ce152.txt	5907.w4lift-f2708ef02d1a.txt	518f9139e0cb
7	5907.w4lift-8966629ce152.txt	5907.w4lift-f859791b1e8e.txt	d6c04566fc39
7	5907.w4lift-8966629ce152.txt	5907.w4lift-faafae8fcdaa.txt	5e3e40b58466
7	5907.w4lift-8966629ce152.txt	5907.w4lift-fc5c70dfb561.txt	ab88abce72ba
7	5907.w4lift-8966629ce152.txt	5907.w4lift-fc7d7045a431.txt	a9587b440eca
7	5907.w4lift-8966629ce152.txt	5907.w4lift-fd06a0493fef.txt	3f5aa66e7f8b
7	5907.w4lift-89b3167f9583.txt	5907.w4lift-0531d212f9bb.txt	4728d8e5f3d2
7	5907.w4lift-89b3167f9583.txt	5907.w4lift-0709deed1cd4.txt	9ae93052f1a3
7	5907.w4lift-89b3167f9583.txt	5907.w4lift-08210f1c16a0.txt	8373a022eef2
7	5907.w4lift-89b3167f9583.txt	5907.w4lift-169e64bca870.txt	5f89beb942b2
7	5907.w4lift-89b3167f9583.txt	5907.w4lift-16dd1019b651.txt	90628da2dd0c
7	5907.w4lift-89b3167f9583.txt	5907.w4lift-16dd1019b651.txt	a9604abeb264
7	5907.w4lift-89b3167f9583.txt	5907.w4lift-1e59b13c7cc0.txt	e853ab8baae5
7	5907.w4lift-89b3167f9583.txt	5907.w4lift-352479dbf208.txt	095bfb3dc800
7	5907.w4lift-89b3167f9583.txt	5907.w4lift-3580a08a5c73.txt	921653b5f057
7	5907.w4lift-89b3167f9583.txt	5907.w4lift-37386755df59.txt	38fa2979bd03
7	5907.w4lift-89b3167f9583.txt	5907.w4lift-386272df4871.txt	b2d27c6fb87b
7	5907.w4lift-89b3167f9583.txt	5907.w4lift-3d4579051d3f.txt	d0e1658792cb
7	5907.w4lift-89b3167f9583.txt	5907.w4lift-4034f85f00ec.txt	427e8cc7a808
7	5907.w4lift-89b3167f9583.txt	5907.w4lift-4034f85f00ec.txt	f5542aa46bd8
7	5907.w4lift-89b3167f9583.txt	5907.w4lift-43a95823c4dc.txt	0ad29fbab280
7	5907.w4lift-89b3167f9583.txt	5907.w4lift-45a4ff8466a7.txt	ab88abce72ba
7	5907.w4lift-89b3167f9583.txt	5907.w4lift-4a5b17090e74.txt	0df6c6a90182
7	5907.w4lift-89b3167f9583.txt	5907.w4lift-4d47295ca519.txt	b1be0f46d82c
7	5907.w4lift-89b3167f9583.txt	5907.w4lift-53542138d1b5.txt	f4d01cebfb11
7	5907.w4lift-89b3167f9583.txt	5907.w4lift-540198536578.txt	e1d1870a78cd
7	5907.w4lift-89b3167f9583.txt	5907.w4lift-5742f21eca2d.txt	83f2a26fb1ab
7	5907.w4lift-89b3167f9583.txt	5907.w4lift-58984281bc50.txt	d6c04566fc39
7	5907.w4lift-89b3167f9583.txt	5907.w4lift-65fb95f576e7.txt	ab88abce72ba
7	5907.w4lift-89b3167f9583.txt	5907.w4lift-6d19c9f1455d.txt	13a2ca857332
7	5907.w4lift-89b3167f9583.txt	5907.w4lift-6ec79809fccc.txt	a9c76f6fbb61
7	5907.w4lift-89b3167f9583.txt	5907.w4lift-76a1eae91ca0.txt	4c6e579a7560
7	5907.w4lift-89b3167f9583.txt	5907.w4lift-76a1eae91ca0.txt	72d376c5571d
7	5907.w4lift-89b3167f9583.txt	5907.w4lift-7714757d2e9e.txt	67eacd157bbc
7	5907.w4lift-89b3167f9583.txt	5907.w4lift-7714757d2e9e.txt	90d033b7ddbf
7	5907.w4lift-89b3167f9583.txt	5907.w4lift-8966629ce152.txt	5166d6e62e75
7	5907.w4lift-89b3167f9583.txt	5907.w4lift-8966629ce152.txt	e3da64e6da9b
7	5907.w4lift-89b3167f9583.txt	5907.w4lift-8e5ca0ef018c.txt	4d9a21b2c945
7	5907.w4lift-89b3167f9583.txt	5907.w4lift-912bd909d2b6.txt	ab88abce72ba
7	5907.w4lift-89b3167f9583.txt	5907.w4lift-9b4bc5700c90.txt	211974864876
7	5907.w4lift-89b3167f9583.txt	5907.w4lift-a7bbb73953d8.txt	c958df8ea4c3
7	5907.w4lift-89b3167f9583.txt	5907.w4lift-a8d3c9324eac.txt	c6701c2a9601
7	5907.w4lift-89b3167f9583.txt	5907.w4lift-ae466549a0d9.txt	d4ec6aadbefe
7	5907.w4lift-89b3167f9583.txt	5907.w4lift-af7c897a8903.txt	c7e7cc660163
7	5907.w4lift-89b3167f9583.txt	5907.w4lift-b18d3ecda2e7.txt	cf88f66916d6
7	5907.w4lift-89b3167f9583.txt	5907.w4lift-b66c35732a00.txt	868b50be85a4
7	5907.w4lift-89b3167f9583.txt	5907.w4lift-b7a548d5f629.txt	d85cb56ed236
7	5907.w4lift-89b3167f9583.txt	5907.w4lift-bca46e18f77b.txt	ab88abce72ba
7	5907.w4lift-89b3167f9583.txt	5907.w4lift-bfbef8785aff.txt	83d54a67702c
7	5907.w4lift-89b3167f9583.txt	5907.w4lift-c7b7714127d9.txt	d88a6cb7c03b
7	5907.w4lift-89b3167f9583.txt	5907.w4lift-ca71ed8496bd.txt	15c816659d45
7	5907.w4lift-89b3167f9583.txt	5907.w4lift-caeaa9e5ac42.txt	0d491f159886
7	5907.w4lift-89b3167f9583.txt	5907.w4lift-cba9917bd593.txt	b98392e1d7a6
7	5907.w4lift-89b3167f9583.txt	5907.w4lift-d213b0754523.txt	573b5918fcfd
7	5907.w4lift-89b3167f9583.txt	5907.w4lift-db45ebdeed40.txt	4f671bc3d3f3
7	5907.w4lift-89b3167f9583.txt	5907.w4lift-dcd0ec0a1fc5.txt	7f04bb1041b3
7	5907.w4lift-89b3167f9583.txt	5907.w4lift-dd250dd876cd.txt	49d4d9e84135
7	5907.w4lift-89b3167f9583.txt	5907.w4lift-dff914259b29.txt	7b5542740cec
7	5907.w4lift-89b3167f9583.txt	5907.w4lift-e0368a011e8c.txt	ab88abce72ba
7	5907.w4lift-89b3167f9583.txt	5907.w4lift-e0fa39144639.txt	3a42d71f01c6
7	5907.w4lift-89b3167f9583.txt	5907.w4lift-e0fb9d13de61.txt	61e671455635
7	5907.w4lift-89b3167f9583.txt	5907.w4lift-e2841ecca038.txt	39ea17aa2020
7	5907.w4lift-89b3167f9583.txt	5907.w4lift-e7ee0cc9c017.txt	62a74ce65faa
7	5907.w4lift-89b3167f9583.txt	5907.w4lift-e7ee0cc9c017.txt	b13177991e02
7	5907.w4lift-89b3167f9583.txt	5907.w4lift-eb9a0d99f5fb.txt	39b993f37fda
7	5907.w4lift-89b3167f9583.txt	5907.w4lift-f2708ef02d1a.txt	c6fe0326a117
7	5907.w4lift-89b3167f9583.txt	5907.w4lift-f859791b1e8e.txt	5cd553a8321b
7	5907.w4lift-89b3167f9583.txt	5907.w4lift-faafae8fcdaa.txt	49c5410504fe
7	5907.w4lift-89b3167f9583.txt	5907.w4lift-fc5c70dfb561.txt	803ec382c593
7	5907.w4lift-89b3167f9583.txt	5907.w4lift-fc7d7045a431.txt	0485c22c758e
7	5907.w4lift-89b3167f9583.txt	5907.w4lift-fd06a0493fef.txt	ab88abce72ba
7	5907.w4lift-8a8b72923703.txt	5907.w4lift-04c898c73c62.txt	429db3717944
7	5907.w4lift-8a8b72923703.txt	5907.w4lift-04c898c73c62.txt	b081b754d26e
7	5907.w4lift-8a8b72923703.txt	5907.w4lift-06b66ef7470f.txt	f0b55e37fe22
7	5907.w4lift-8a8b72923703.txt	5907.w4lift-08210f1c16a0.txt	e0be9b4548fa
7	5907.w4lift-8a8b72923703.txt	5907.w4lift-097d01eaddb9.txt	e1065cfc01db
7	5907.w4lift-8a8b72923703.txt	5907.w4lift-0fc17b401159.txt	3ec33775c7bd
7	5907.w4lift-8a8b72923703.txt	5907.w4lift-177bb009e3ce.txt	3a3b52457923
7	5907.w4lift-8a8b72923703.txt	5907.w4lift-1da61b5817e6.txt	7e00c873941d
7	5907.w4lift-8a8b72923703.txt	5907.w4lift-1e59b13c7cc0.txt	36706f4e334b
7	5907.w4lift-8a8b72923703.txt	5907.w4lift-208b728dbc49.txt	ab88abce72ba
7	5907.w4lift-8a8b72923703.txt	5907.w4lift-231c44b74cdf.txt	45e1abda4c12
7	5907.w4lift-8a8b72923703.txt	5907.w4lift-2344c04ea5dd.txt	2e62188e3c8b
7	5907.w4lift-8a8b72923703.txt	5907.w4lift-2344c04ea5dd.txt	48f9270682d9
7	5907.w4lift-8a8b72923703.txt	5907.w4lift-319dff1ab25a.txt	6a51a52b89c4
7	5907.w4lift-8a8b72923703.txt	5907.w4lift-386272df4871.txt	bcf19a50a353
7	5907.w4lift-8a8b72923703.txt	5907.w4lift-3d4579051d3f.txt	6e21f7e985fe
7	5907.w4lift-8a8b72923703.txt	5907.w4lift-40dae53e6185.txt	746b5fef63fc
7	5907.w4lift-8a8b72923703.txt	5907.w4lift-430092f5780f.txt	ab88abce72ba
7	5907.w4lift-8a8b72923703.txt	5907.w4lift-473fc5e1c91e.txt	2e62188e3c8b
7	5907.w4lift-8a8b72923703.txt	5907.w4lift-473fc5e1c91e.txt	48f9270682d9
7	5907.w4lift-8a8b72923703.txt	5907.w4lift-4cb3167d35ed.txt	dbb15d86868a
7	5907.w4lift-8a8b72923703.txt	5907.w4lift-55201236e530.txt	f84b983d9afb
7	5907.w4lift-8a8b72923703.txt	5907.w4lift-5742f21eca2d.txt	1e48e92e2bca
7	5907.w4lift-8a8b72923703.txt	5907.w4lift-5f95afa2454b.txt	bb0325078ded
7	5907.w4lift-8a8b72923703.txt	5907.w4lift-6e6b2c468f32.txt	1fbf82fb2187
7	5907.w4lift-8a8b72923703.txt	5907.w4lift-846d5062c405.txt	162b937cfcd8
7	5907.w4lift-8a8b72923703.txt	5907.w4lift-88a61c377b0a.txt	ada84d0153fa
7	5907.w4lift-8a8b72923703.txt	5907.w4lift-90338d0577bd.txt	27becabec391
7	5907.w4lift-8a8b72923703.txt	5907.w4lift-97d2d8784e2f.txt	ab88abce72ba
7	5907.w4lift-8a8b72923703.txt	5907.w4lift-9b4bc5700c90.txt	c672adfe27ca
7	5907.w4lift-8a8b72923703.txt	5907.w4lift-a6df35bc4b74.txt	847f96324af3
7	5907.w4lift-8a8b72923703.txt	5907.w4lift-b2702baa553d.txt	d24f63edf5b4
7	5907.w4lift-8a8b72923703.txt	5907.w4lift-b7a548d5f629.txt	e7dc2a75bdd1
7	5907.w4lift-8a8b72923703.txt	5907.w4lift-c5ee76734b4d.txt	e616c3f821ef
7	5907.w4lift-8a8b72923703.txt	5907.w4lift-d09cda89e063.txt	a8af7d1d0d1f
7	5907.w4lift-8a8b72923703.txt	5907.w4lift-d155534ea2d4.txt	1953b28ffc27
7	5907.w4lift-8a8b72923703.txt	5907.w4lift-d213b0754523.txt	5ff76078c599
7	5907.w4lift-8a8b72923703.txt	5907.w4lift-da24731c22eb.txt	833239f93d60
7	5907.w4lift-8a8b72923703.txt	5907.w4lift-df0078a194a0.txt	ab88abce72ba
7	5907.w4lift-8a8b72923703.txt	5907.w4lift-e0fa39144639.txt	0ce7fb1aec46
7	5907.w4lift-8a8b72923703.txt	5907.w4lift-e44f3ccf8ed4.txt	ab88abce72ba
7	5907.w4lift-8a8b72923703.txt	5907.w4lift-ebfb75328150.txt	c9d65fee4f73
7	5907.w4lift-8a8b72923703.txt	5907.w4lift-ec915ed4bfb3.txt	8821c9761a3f
7	5907.w4lift-8a8b72923703.txt	5907.w4lift-f75829b56545.txt	573ebb4e5913
7	5907.w4lift-8a8b72923703.txt	5907.w4lift-fc301bd873cb.txt	959edf9574a8
7	5907.w4lift-8a8b72923703.txt	5907.w4lift-fe39239f7468.txt	ab88abce72ba
7	5907.w4lift-8ce32647dce1.txt	5907.w4lift-3305c123721e.txt	a23d031fbcd3
7	5907.w4lift-8ce32647dce1.txt	5907.w4lift-da1a5fd24d89.txt	a23d031fbcd3
7	5907.w4lift-8ce70b7ef3d2.txt	5907.w4lift-0e8d65c99b5b.txt	ab88abce72ba
7	5907.w4lift-8ce70b7ef3d2.txt	5907.w4lift-21c8ba249965.txt	a23d031fbcd3
7	5907.w4lift-8ce70b7ef3d2.txt	5907.w4lift-66b2c7d03250.txt	ab88abce72ba
7	5907.w4lift-8ce70b7ef3d2.txt	5907.w4lift-78ea814960f7.txt	a31aaa6bc575
7	5907.w4lift-8ce70b7ef3d2.txt	5907.w4lift-a8df79730981.txt	a23d031fbcd3
7	5907.w4lift-8ce70b7ef3d2.txt	5907.w4lift-f579467e871c.txt	105e326bc51e
7	5907.w4lift-8e5ca0ef018c.txt	5907.w4lift-0dff9daccaa8.txt	5e303fc5a688
7	5907.w4lift-8e5ca0ef018c.txt	5907.w4lift-0fc17b401159.txt	b2d27c6fb87b
7	5907.w4lift-8e5ca0ef018c.txt	5907.w4lift-16dd1019b651.txt	b3e25e414908
7	5907.w4lift-8e5ca0ef018c.txt	5907.w4lift-1c7e3360c98f.txt	ab88abce72ba
7	5907.w4lift-8e5ca0ef018c.txt	5907.w4lift-1e59b13c7cc0.txt	0f5ed4ca9093
7	5907.w4lift-8e5ca0ef018c.txt	5907.w4lift-319dff1ab25a.txt	8373a022eef2
7	5907.w4lift-8e5ca0ef018c.txt	5907.w4lift-3580a08a5c73.txt	96bae6feab65
7	5907.w4lift-8e5ca0ef018c.txt	5907.w4lift-4034f85f00ec.txt	ebdcc2d4d36c
7	5907.w4lift-8e5ca0ef018c.txt	5907.w4lift-43a95823c4dc.txt	a32416d5301e
7	5907.w4lift-8e5ca0ef018c.txt	5907.w4lift-473fc5e1c91e.txt	a4d962c8c490
7	5907.w4lift-8e5ca0ef018c.txt	5907.w4lift-4a5b17090e74.txt	5581e578134b
7	5907.w4lift-8e5ca0ef018c.txt	5907.w4lift-4a5b17090e74.txt	d0a01a1ac47d
7	5907.w4lift-8e5ca0ef018c.txt	5907.w4lift-4cb3167d35ed.txt	fe3e4c3a8938
7	5907.w4lift-8e5ca0ef018c.txt	5907.w4lift-4d47295ca519.txt	7c2769543fc5
7	5907.w4lift-8e5ca0ef018c.txt	5907.w4lift-53542138d1b5.txt	3a87ef2485a8
7	5907.w4lift-8e5ca0ef018c.txt	5907.w4lift-540198536578.txt	4ad13835a281
7	5907.w4lift-8e5ca0ef018c.txt	5907.w4lift-5742f21eca2d.txt	92782df6e5d5
7	5907.w4lift-8e5ca0ef018c.txt	5907.w4lift-580a6b2415c2.txt	7c184c5270f6
7	5907.w4lift-8e5ca0ef018c.txt	5907.w4lift-5ffba5cc4529.txt	d6c04566fc39
7	5907.w4lift-8e5ca0ef018c.txt	5907.w4lift-65fb95f576e7.txt	d58953d08832
7	5907.w4lift-8e5ca0ef018c.txt	5907.w4lift-69ed3f34a123.txt	02eb9e2292e4
7	5907.w4lift-8e5ca0ef018c.txt	5907.w4lift-6e905a492084.txt	ab88abce72ba
7	5907.w4lift-8e5ca0ef018c.txt	5907.w4lift-6ec79809fccc.txt	dc2afaae0ced
7	5907.w4lift-8e5ca0ef018c.txt	5907.w4lift-76a1eae91ca0.txt	0df6c6a90182
7	5907.w4lift-8e5ca0ef018c.txt	5907.w4lift-7714757d2e9e.txt	bcd8bf3c0076
7	5907.w4lift-8e5ca0ef018c.txt	5907.w4lift-80c95286cd7c.txt	095bfb3dc800
7	5907.w4lift-8e5ca0ef018c.txt	5907.w4lift-82caf1ba27e5.txt	d4ec6aadbefe
7	5907.w4lift-8e5ca0ef018c.txt	5907.w4lift-8966629ce152.txt	fd3d2036ee73
7	5907.w4lift-8e5ca0ef018c.txt	5907.w4lift-89b3167f9583.txt	f87b924fc4aa
7	5907.w4lift-8e5ca0ef018c.txt	5907.w4lift-9b4bc5700c90.txt	2dcd6251565a
7	5907.w4lift-8e5ca0ef018c.txt	5907.w4lift-a6df35bc4b74.txt	cbba85aa08fa
7	5907.w4lift-8e5ca0ef018c.txt	5907.w4lift-a7bbb73953d8.txt	e6d89f3f0d4c
7	5907.w4lift-8e5ca0ef018c.txt	5907.w4lift-ab80c9a45344.txt	fecd684a9442
7	5907.w4lift-8e5ca0ef018c.txt	5907.w4lift-b18d3ecda2e7.txt	a805ea3de51d
7	5907.w4lift-8e5ca0ef018c.txt	5907.w4lift-b4e57551e32a.txt	d0fa1d8cc35d
7	5907.w4lift-8e5ca0ef018c.txt	5907.w4lift-b91f5e2f34a2.txt	794f3186b56e
7	5907.w4lift-8e5ca0ef018c.txt	5907.w4lift-bca46e18f77b.txt	ab88abce72ba
7	5907.w4lift-8e5ca0ef018c.txt	5907.w4lift-bfbef8785aff.txt	5ff76078c599
7	5907.w4lift-8e5ca0ef018c.txt	5907.w4lift-c7b7714127d9.txt	8483f8b7ecb1
7	5907.w4lift-8e5ca0ef018c.txt	5907.w4lift-ca71ed8496bd.txt	5d3074fe7163
7	5907.w4lift-8e5ca0ef018c.txt	5907.w4lift-caeaa9e5ac42.txt	b1be0f46d82c
7	5907.w4lift-8e5ca0ef018c.txt	5907.w4lift-cba9917bd593.txt	ab88abce72ba
7	5907.w4lift-8e5ca0ef018c.txt	5907.w4lift-d213b0754523.txt	6e38383cfc72
7	5907.w4lift-8e5ca0ef018c.txt	5907.w4lift-db45ebdeed40.txt	c8a9fa3f5fe4
7	5907.w4lift-8e5ca0ef018c.txt	5907.w4lift-dd250dd876cd.txt	02eb9e2292e4
7	5907.w4lift-8e5ca0ef018c.txt	5907.w4lift-e0368a011e8c.txt	ab88abce72ba
7	5907.w4lift-8e5ca0ef018c.txt	5907.w4lift-e04faca1c06c.txt	52066a3cc9fc
7	5907.w4lift-8e5ca0ef018c.txt	5907.w4lift-e2841ecca038.txt	781dcd7d819f
7	5907.w4lift-8e5ca0ef018c.txt	5907.w4lift-e768827496d4.txt	969165258934
7	5907.w4lift-8e5ca0ef018c.txt	5907.w4lift-e7ee0cc9c017.txt	f4276d62e543
7	5907.w4lift-8e5ca0ef018c.txt	5907.w4lift-eb9a0d99f5fb.txt	4f671bc3d3f3
7	5907.w4lift-8e5ca0ef018c.txt	5907.w4lift-f2708ef02d1a.txt	4bf7e3748717
7	5907.w4lift-8e5ca0ef018c.txt	5907.w4lift-faafae8fcdaa.txt	8821c9761a3f
7	5907.w4lift-8e5ca0ef018c.txt	5907.w4lift-fc5c70dfb561.txt	e50393a8ba1d
7	5907.w4lift-8e5ca0ef018c.txt	5907.w4lift-fc7d7045a431.txt	ab88abce72ba
7	5907.w4lift-8e5ca0ef018c.txt	5907.w4lift-fd06a0493fef.txt	df712ba91fb7
7	5907.w4lift-90338d0577bd.txt	5907.w4lift-04c898c73c62.txt	e0ba5cd5244d
7	5907.w4lift-90338d0577bd.txt	5907.w4lift-08210f1c16a0.txt	8439efc11368
7	5907.w4lift-90338d0577bd.txt	5907.w4lift-0fc17b401159.txt	ab88abce72ba
7	5907.w4lift-90338d0577bd.txt	5907.w4lift-204625f89751.txt	af79b06ba137
7	5907.w4lift-90338d0577bd.txt	5907.w4lift-208b728dbc49.txt	8f5cf69c5f7c
7	5907.w4lift-90338d0577bd.txt	5907.w4lift-319dff1ab25a.txt	49c5410504fe
7	5907.w4lift-90338d0577bd.txt	5907.w4lift-386272df4871.txt	1b8c339e89cd
7	5907.w4lift-90338d0577bd.txt	5907.w4lift-3d4579051d3f.txt	0c1ecc350843
7	5907.w4lift-90338d0577bd.txt	5907.w4lift-473fc5e1c91e.txt	d85cb56ed236
7	5907.w4lift-90338d0577bd.txt	5907.w4lift-4ab0903ef5f4.txt	0ad29fbab280
7	5907.w4lift-90338d0577bd.txt	5907.w4lift-4cb3167d35ed.txt	d6c04566fc39
7	5907.w4lift-90338d0577bd.txt	5907.w4lift-508210674d85.txt	b85e26cbabc5
7	5907.w4lift-90338d0577bd.txt	5907.w4lift-540198536578.txt	36706f4e334b
7	5907.w4lift-90338d0577bd.txt	5907.w4lift-5742f21eca2d.txt	7f04bb1041b3
7	5907.w4lift-90338d0577bd.txt	5907.w4lift-5f95afa2454b.txt	84a31d178833
7	5907.w4lift-90338d0577bd.txt	5907.w4lift-5ffba5cc4529.txt	8821c9761a3f
7	5907.w4lift-90338d0577bd.txt	5907.w4lift-644e04797cd3.txt	e853ab8baae5
7	5907.w4lift-90338d0577bd.txt	5907.w4lift-6e6b2c468f32.txt	4c6e579a7560
7	5907.w4lift-90338d0577bd.txt	5907.w4lift-6e6b2c468f32.txt	72d376c5571d
7	5907.w4lift-90338d0577bd.txt	5907.w4lift-6ec79809fccc.txt	5135b7adb396
7	5907.w4lift-90338d0577bd.txt	5907.w4lift-71600a834959.txt	0df6c6a90182
7	5907.w4lift-90338d0577bd.txt	5907.w4lift-7cd2edab64dc.txt	ab88abce72ba
7	5907.w4lift-90338d0577bd.txt	5907.w4lift-82caf1ba27e5.txt	83d54a67702c
7	5907.w4lift-90338d0577bd.txt	5907.w4lift-846d5062c405.txt	ab88abce72ba
7	5907.w4lift-90338d0577bd.txt	5907.w4lift-8a8b72923703.txt	61e671455635
7	5907.w4lift-90338d0577bd.txt	5907.w4lift-97d2d8784e2f.txt	90628da2dd0c
7	5907.w4lift-90338d0577bd.txt	5907.w4lift-97d2d8784e2f.txt	a9604abeb264
7	5907.w4lift-90338d0577bd.txt	5907.w4lift-9b4bc5700c90.txt	66c7854e6888
7	5907.w4lift-90338d0577bd.txt	5907.w4lift-a82143024d2d.txt	921653b5f057
7	5907.w4lift-90338d0577bd.txt	5907.w4lift-ae6af3254cbe.txt	ab88abce72ba
7	5907.w4lift-90338d0577bd.txt	5907.w4lift-b2702baa553d.txt	eb52f3b0f67b
7	5907.w4lift-90338d0577bd.txt	5907.w4lift-c5ee76734b4d.txt	ba64a6bdcb29
7	5907.w4lift-90338d0577bd.txt	5907.w4lift-cba9917bd593.txt	4f8df87699e7
7	5907.w4lift-90338d0577bd.txt	5907.w4lift-d09cda89e063.txt	ab88abce72ba
7	5907.w4lift-90338d0577bd.txt	5907.w4lift-d155534ea2d4.txt	b1be0f46d82c
7	5907.w4lift-90338d0577bd.txt	5907.w4lift-d742e5e60c6f.txt	4f671bc3d3f3
7	5907.w4lift-90338d0577bd.txt	5907.w4lift-d946605e111b.txt	3f6f5c94d76e
7	5907.w4lift-90338d0577bd.txt	5907.w4lift-dcd0ec0a1fc5.txt	45e1abda4c12
7	5907.w4lift-90338d0577bd.txt	5907.w4lift-dff914259b29.txt	e1d1870a78cd
7	5907.w4lift-90338d0577bd.txt	5907.w4lift-e0fa39144639.txt	429db3717944
7	5907.w4lift-90338d0577bd.txt	5907.w4lift-e0fa39144639.txt	b081b754d26e
7	5907.w4lift-90338d0577bd.txt	5907.w4lift-e45b90b0a767.txt	746b5fef63fc
7	5907.w4lift-90338d0577bd.txt	5907.w4lift-e7ee0cc9c017.txt	1bba2e07446c
7	5907.w4lift-90338d0577bd.txt	5907.w4lift-eb9a0d99f5fb.txt	5ff76078c599
7	5907.w4lift-90338d0577bd.txt	5907.w4lift-ebfb75328150.txt	f87b924fc4aa
7	5907.w4lift-90338d0577bd.txt	5907.w4lift-f2708ef02d1a.txt	4ad13835a281
7	5907.w4lift-90338d0577bd.txt	5907.w4lift-f9f8e9513c54.txt	3a3b52457923
7	5907.w4lift-90338d0577bd.txt	5907.w4lift-fb688ec5c017.txt	bfd1c873c831
7	5907.w4lift-90338d0577bd.txt	5907.w4lift-fc301bd873cb.txt	ab88abce72ba
7	5907.w4lift-90338d0577bd.txt	5907.w4lift-fe39239f7468.txt	868b50be85a4
7	5907.w4lift-912bd909d2b6.txt	5907.w4lift-0531d212f9bb.txt	55ebb8b168a5
7	5907.w4lift-912bd909d2b6.txt	5907.w4lift-0709deed1cd4.txt	a1764f88e216
7	5907.w4lift-912bd909d2b6.txt	5907.w4lift-08210f1c16a0.txt	ab88abce72ba
7	5907.w4lift-912bd909d2b6.txt	5907.w4lift-169e64bca870.txt	868b50be85a4
7	5907.w4lift-912bd909d2b6.txt	5907.w4lift-16dd1019b651.txt	ba64a6bdcb29
7	5907.w4lift-912bd909d2b6.txt	5907.w4lift-352479dbf208.txt	ab88abce72ba
7	5907.w4lift-912bd909d2b6.txt	5907.w4lift-37386755df59.txt	4c6e579a7560
7	5907.w4lift-912bd909d2b6.txt	5907.w4lift-37386755df59.txt	72d376c5571d
7	5907.w4lift-912bd909d2b6.txt	5907.w4lift-386272df4871.txt	d6c04566fc39
7	5907.w4lift-912bd909d2b6.txt	5907.w4lift-3ce63a53cf1a.txt	4f671bc3d3f3
7	5907.w4lift-912bd909d2b6.txt	5907.w4lift-3d4579051d3f.txt	d85cb56ed236
7	5907.w4lift-912bd909d2b6.txt	5907.w4lift-4034f85f00ec.txt	f08b1ddb7e4d
7	5907.w4lift-912bd909d2b6.txt	5907.w4lift-40dae53e6185.txt	e853ab8baae5
7	5907.w4lift-912bd909d2b6.txt	5907.w4lift-430092f5780f.txt	573b5918fcfd
7	5907.w4lift-912bd909d2b6.txt	5907.w4lift-45a4ff8466a7.txt	429db3717944
7	5907.w4lift-912bd909d2b6.txt	5907.w4lift-45a4ff8466a7.txt	b081b754d26e
7	5907.w4lift-912bd909d2b6.txt	5907.w4lift-4a5b17090e74.txt	ab88abce72ba
7	5907.w4lift-912bd909d2b6.txt	5907.w4lift-5742f21eca2d.txt	cf88f66916d6
7	5907.w4lift-912bd909d2b6.txt	5907.w4lift-58984281bc50.txt	1b8c339e89cd
7	5907.w4lift-912bd909d2b6.txt	5907.w4lift-65fb95f576e7.txt	746b5fef63fc
7	5907.w4lift-912bd909d2b6.txt	5907.w4lift-6d19c9f1455d.txt	99fff9a726b2
7	5907.w4lift-912bd909d2b6.txt	5907.w4lift-6e905a492084.txt	4d9a21b2c945
7	5907.w4lift-912bd909d2b6.txt	5907.w4lift-76a1eae91ca0.txt	84a31d178833
7	5907.w4lift-912bd909d2b6.txt	5907.w4lift-7714757d2e9e.txt	e50393a8ba1d
7	5907.w4lift-912bd909d2b6.txt	5907.w4lift-7cd2edab64dc.txt	39b993f37fda
7	5907.w4lift-912bd909d2b6.txt	5907.w4lift-80c95286cd7c.txt	0485c22c758e
7	5907.w4lift-912bd909d2b6.txt	5907.w4lift-82caf1ba27e5.txt	b98392e1d7a6
7	5907.w4lift-912bd909d2b6.txt	5907.w4lift-863de61b836a.txt	921653b5f057
7	5907.w4lift-912bd909d2b6.txt	5907.w4lift-8966629ce152.txt	b71368c91055
7	5907.w4lift-912bd909d2b6.txt	5907.w4lift-89b3167f9583.txt	ab88abce72ba
7	5907.w4lift-912bd909d2b6.txt	5907.w4lift-9b4bc5700c90.txt	49c5410504fe
7	5907.w4lift-912bd909d2b6.txt	5907.w4lift-a82143024d2d.txt	a9c76f6fbb61
7	5907.w4lift-912bd909d2b6.txt	5907.w4lift-a8d3c9324eac.txt	90628da2dd0c
7	5907.w4lift-912bd909d2b6.txt	5907.w4lift-a8d3c9324eac.txt	a9604abeb264
7	5907.w4lift-912bd909d2b6.txt	5907.w4lift-ab80c9a45344.txt	83d54a67702c
7	5907.w4lift-912bd909d2b6.txt	5907.w4lift-ae466549a0d9.txt	ab88abce72ba
7	5907.w4lift-912bd909d2b6.txt	5907.w4lift-af7c897a8903.txt	61e671455635
7	5907.w4lift-912bd909d2b6.txt	5907.w4lift-b18d3ecda2e7.txt	f489418a0205
7	5907.w4lift-912bd909d2b6.txt	5907.w4lift-b4e57551e32a.txt	b1be0f46d82c
7	5907.w4lift-912bd909d2b6.txt	5907.w4lift-b66c35732a00.txt	e0ba5cd5244d
7	5907.w4lift-912bd909d2b6.txt	5907.w4lift-b7a548d5f629.txt	0c1ecc350843
7	5907.w4lift-912bd909d2b6.txt	5907.w4lift-bca46e18f77b.txt	5581e578134b
7	5907.w4lift-912bd909d2b6.txt	5907.w4lift-bca46e18f77b.txt	d0a01a1ac47d
7	5907.w4lift-912bd909d2b6.txt	5907.w4lift-caeaa9e5ac42.txt	ab88abce72ba
7	5907.w4lift-912bd909d2b6.txt	5907.w4lift-cb7d99c78307.txt	0ad29fbab280
7	5907.w4lift-912bd909d2b6.txt	5907.w4lift-d742e5e60c6f.txt	c6fe0326a117
7	5907.w4lift-912bd909d2b6.txt	5907.w4lift-dcd0ec0a1fc5.txt	8439efc11368
7	5907.w4lift-912bd909d2b6.txt	5907.w4lift-dff914259b29.txt	62a74ce65faa
7	5907.w4lift-912bd909d2b6.txt	5907.w4lift-dff914259b29.txt	b13177991e02
7	5907.w4lift-912bd909d2b6.txt	5907.w4lift-e0368a011e8c.txt	b1be0f46d82c
7	5907.w4lift-912bd909d2b6.txt	5907.w4lift-e04faca1c06c.txt	39ea17aa2020
7	5907.w4lift-912bd909d2b6.txt	5907.w4lift-e0fa39144639.txt	7f04bb1041b3
7	5907.w4lift-912bd909d2b6.txt	5907.w4lift-e0fb9d13de61.txt	8f5cf69c5f7c
7	5907.w4lift-912bd909d2b6.txt	5907.w4lift-e45b90b0a767.txt	e1d1870a78cd
7	5907.w4lift-912bd909d2b6.txt	5907.w4lift-e7ee0cc9c017.txt	156e559f9324
7	5907.w4lift-912bd909d2b6.txt	5907.w4lift-f6b8b0e6314c.txt	49d4d9e84135
7	5907.w4lift-912bd909d2b6.txt	5907.w4lift-f859791b1e8e.txt	5c5648cddbd6
7	5907.w4lift-912bd909d2b6.txt	5907.w4lift-faafae8fcdaa.txt	66c7854e6888
7	5907.w4lift-912bd909d2b6.txt	5907.w4lift-fc5c70dfb561.txt	fd3d2036ee73
7	5907.w4lift-912bd909d2b6.txt	5907.w4lift-fd06a0493fef.txt	f87b924fc4aa
7	5907.w4lift-912d954b3cbb.txt	5907.w4lift-12b9a795ea21.txt	939426db79b6
7	5907.w4lift-912d954b3cbb.txt	5907.w4lift-12b9a795ea21.txt	fb61739cb012
7	5907.w4lift-912d954b3cbb.txt	5907.w4lift-24c25be13033.txt	ab88abce72ba
7	5907.w4lift-912d954b3cbb.txt	5907.w4lift-29f9231d6ec6.txt	6d61e25e2762
7	5907.w4lift-912d954b3cbb.txt	5907.w4lift-315604e8b5c3.txt	bf52ef05ab91
7	5907.w4lift-912d954b3cbb.txt	5907.w4lift-315604e8b5c3.txt	d6df25eea20b
7	5907.w4lift-912d954b3cbb.txt	5907.w4lift-46c29e5bc2a7.txt	ab88abce72ba
7	5907.w4lift-912d954b3cbb.txt	5907.w4lift-5768a023152f.txt	74d503e42116
7	5907.w4lift-912d954b3cbb.txt	5907.w4lift-5768a023152f.txt	fb50a523fce2
7	5907.w4lift-912d954b3cbb.txt	5907.w4lift-65205c870bb9.txt	6c91c41eaa3d
7	5907.w4lift-912d954b3cbb.txt	5907.w4lift-9ca41b2682df.txt	4c6e579a7560
7	5907.w4lift-912d954b3cbb.txt	5907.w4lift-9ca41b2682df.txt	72d376c5571d
7	5907.w4lift-912d954b3cbb.txt	5907.w4lift-9dad34a0c58a.txt	a5214c898b1c
7	5907.w4lift-912d954b3cbb.txt	5907.w4lift-9dad34a0c58a.txt	f3530a9a4032
7	5907.w4lift-912d954b3cbb.txt	5907.w4lift-e06bb85d02bc.txt	8a34ad08d7c8
7	5907.w4lift-912d954b3cbb.txt	5907.w4lift-e3a439aa39b6.txt	ab88abce72ba
7	5907.w4lift-912d954b3cbb.txt	5907.w4lift-fbabcbfdfb74.txt	ab88abce72ba
7	5907.w4lift-97d2d8784e2f.txt	5907.w4lift-04c898c73c62.txt	c8cd712ae7b0
7	5907.w4lift-97d2d8784e2f.txt	5907.w4lift-08210f1c16a0.txt	b45834e9d420
7	5907.w4lift-97d2d8784e2f.txt	5907.w4lift-097d01eaddb9.txt	3a3b52457923
7	5907.w4lift-97d2d8784e2f.txt	5907.w4lift-0fc17b401159.txt	c5eefe353bce
7	5907.w4lift-97d2d8784e2f.txt	5907.w4lift-177bb009e3ce.txt	573ebb4e5913
7	5907.w4lift-97d2d8784e2f.txt	5907.w4lift-1ba050a47f0b.txt	573ebb4e5913
7	5907.w4lift-97d2d8784e2f.txt	5907.w4lift-204625f89751.txt	7e00c873941d
7	5907.w4lift-97d2d8784e2f.txt	5907.w4lift-208b728dbc49.txt	833239f93d60
7	5907.w4lift-97d2d8784e2f.txt	5907.w4lift-231c44b74cdf.txt	b4fb337c2041
7	5907.w4lift-97d2d8784e2f.txt	5907.w4lift-319dff1ab25a.txt	1ff5160db856
7	5907.w4lift-97d2d8784e2f.txt	5907.w4lift-3359ccc27832.txt	f0b55e37fe22
7	5907.w4lift-97d2d8784e2f.txt	5907.w4lift-3580a08a5c73.txt	36706f4e334b
7	5907.w4lift-97d2d8784e2f.txt	5907.w4lift-386272df4871.txt	8126cee8c426
7	5907.w4lift-97d2d8784e2f.txt	5907.w4lift-3d4579051d3f.txt	429db3717944
7	5907.w4lift-97d2d8784e2f.txt	5907.w4lift-3d4579051d3f.txt	b081b754d26e
7	5907.w4lift-97d2d8784e2f.txt	5907.w4lift-473fc5e1c91e.txt	ab88abce72ba
7	5907.w4lift-97d2d8784e2f.txt	5907.w4lift-4ab0903ef5f4.txt	ab88abce72ba
7	5907.w4lift-97d2d8784e2f.txt	5907.w4lift-4cb3167d35ed.txt	ecf03ddecbed
7	5907.w4lift-97d2d8784e2f.txt	5907.w4lift-508210674d85.txt	37cc3a8e114c
7	5907.w4lift-97d2d8784e2f.txt	5907.w4lift-5742f21eca2d.txt	a003705bbbb1
7	5907.w4lift-97d2d8784e2f.txt	5907.w4lift-5f95afa2454b.txt	8480c2d421f7
7	5907.w4lift-97d2d8784e2f.txt	5907.w4lift-644e04797cd3.txt	2e62188e3c8b
7	5907.w4lift-97d2d8784e2f.txt	5907.w4lift-644e04797cd3.txt	48f9270682d9
7	5907.w4lift-97d2d8784e2f.txt	5907.w4lift-6e6b2c468f32.txt	1e97b4d2bd18
7	5907.w4lift-97d2d8784e2f.txt	5907.w4lift-6e6b2c468f32.txt	e8010fda4ae9
7	5907.w4lift-97d2d8784e2f.txt	5907.w4lift-6ec79809fccc.txt	5ff76078c599
7	5907.w4lift-97d2d8784e2f.txt	5907.w4lift-71600a834959.txt	3c7f124adbf2
7	5907.w4lift-97d2d8784e2f.txt	5907.w4lift-7cd2edab64dc.txt	a3a1b2ef43a0
7	5907.w4lift-97d2d8784e2f.txt	5907.w4lift-82caf1ba27e5.txt	ca8cdf9cdda3
7	5907.w4lift-97d2d8784e2f.txt	5907.w4lift-846d5062c405.txt	af945ab938fd
7	5907.w4lift-97d2d8784e2f.txt	5907.w4lift-863de61b836a.txt	746b5fef63fc
7	5907.w4lift-97d2d8784e2f.txt	5907.w4lift-8a8b72923703.txt	ab88abce72ba
7	5907.w4lift-97d2d8784e2f.txt	5907.w4lift-90338d0577bd.txt	1e97b4d2bd18
7	5907.w4lift-97d2d8784e2f.txt	5907.w4lift-90338d0577bd.txt	e8010fda4ae9
7	5907.w4lift-97d2d8784e2f.txt	5907.w4lift-9b4bc5700c90.txt	7f1b18477bd6
7	5907.w4lift-97d2d8784e2f.txt	5907.w4lift-a6df35bc4b74.txt	8821c9761a3f
7	5907.w4lift-97d2d8784e2f.txt	5907.w4lift-a82143024d2d.txt	ab88abce72ba
7	5907.w4lift-97d2d8784e2f.txt	5907.w4lift-ae6af3254cbe.txt	8480c2d421f7
7	5907.w4lift-97d2d8784e2f.txt	5907.w4lift-b2702baa553d.txt	ab88abce72ba
7	5907.w4lift-97d2d8784e2f.txt	5907.w4lift-b7a548d5f629.txt	45e1abda4c12
7	5907.w4lift-97d2d8784e2f.txt	5907.w4lift-c5ee76734b4d.txt	ab88abce72ba
7	5907.w4lift-97d2d8784e2f.txt	5907.w4lift-c8c5110de4f9.txt	ada84d0153fa
7	5907.w4lift-97d2d8784e2f.txt	5907.w4lift-cba9917bd593.txt	bd96d6dbdd65
7	5907.w4lift-97d2d8784e2f.txt	5907.w4lift-d09cda89e063.txt	80b2932b3a5d
7	5907.w4lift-97d2d8784e2f.txt	5907.w4lift-d155534ea2d4.txt	37cc3a8e114c
7	5907.w4lift-97d2d8784e2f.txt	5907.w4lift-d742e5e60c6f.txt	8504a603e291
7	5907.w4lift-97d2d8784e2f.txt	5907.w4lift-d946605e111b.txt	6c0329aa4489
7	5907.w4lift-97d2d8784e2f.txt	5907.w4lift-df0078a194a0.txt	ada84d0153fa
7	5907.w4lift-97d2d8784e2f.txt	5907.w4lift-dff914259b29.txt	a7aabea675cc
7	5907.w4lift-97d2d8784e2f.txt	5907.w4lift-e0fa39144639.txt	64494227b63c
7	5907.w4lift-97d2d8784e2f.txt	5907.w4lift-e7ee0cc9c017.txt	c5b536bfe588
7	5907.w4lift-97d2d8784e2f.txt	5907.w4lift-eb9a0d99f5fb.txt	4fee2fcf1569
7	5907.w4lift-97d2d8784e2f.txt	5907.w4lift-ebfb75328150.txt	3c7f124adbf2
7	5907.w4lift-97d2d8784e2f.txt	5907.w4lift-ec915ed4bfb3.txt	29acfe26c3eb
7	5907.w4lift-97d2d8784e2f.txt	5907.w4lift-f18f663f4c81.txt	f84b983d9afb
7	5907.w4lift-97d2d8784e2f.txt	5907.w4lift-f2708ef02d1a.txt	1d66c35e4a35
7	5907.w4lift-97d2d8784e2f.txt	5907.w4lift-fb688ec5c017.txt	833239f93d60
7	5907.w4lift-97d2d8784e2f.txt	5907.w4lift-fc301bd873cb.txt	6c0329aa4489
7	5907.w4lift-97d2d8784e2f.txt	5907.w4lift-fe39239f7468.txt	74d91872eeb5
7	5907.w4lift-99620be6e382.txt	5907.w4lift-24c96c5696c8.txt	51c13efc7a14
7	5907.w4lift-99620be6e382.txt	5907.w4lift-71e2791cb656.txt	28343f6d7386
7	5907.w4lift-99620be6e382.txt	5907.w4lift-ab9e00d74c88.txt	ab88abce72ba
7	5907.w4lift-99620be6e382.txt	5907.w4lift-abbf0b83f5f2.txt	9a1f3be55831
7	5907.w4lift-99620be6e382.txt	5907.w4lift-abbf0b83f5f2.txt	af1df8c730b3
7	5907.w4lift-99620be6e382.txt	5907.w4lift-fc567658fc77.txt	ab88abce72ba
7	5907.w4lift-99bffbb3f20d.txt	5907.w4lift-283417bf9ebe.txt	ab88abce72ba
7	5907.w4lift-99bffbb3f20d.txt	5907.w4lift-acbfa8ecd5d2.txt	ab88abce72ba
7	5907.w4lift-9b264f72a9b4.txt	5907.w4lift-04c898c73c62.txt	847f96324af3
7	5907.w4lift-9b264f72a9b4.txt	5907.w4lift-06b66ef7470f.txt	5ff76078c599
7	5907.w4lift-9b264f72a9b4.txt	5907.w4lift-0dff9daccaa8.txt	ab88abce72ba
7	5907.w4lift-9b264f72a9b4.txt	5907.w4lift-1da61b5817e6.txt	746b5fef63fc
7	5907.w4lift-9b264f72a9b4.txt	5907.w4lift-204625f89751.txt	ecad0e65a5d2
7	5907.w4lift-9b264f72a9b4.txt	5907.w4lift-231c44b74cdf.txt	e7dc2a75bdd1
7	5907.w4lift-9b264f72a9b4.txt	5907.w4lift-2344c04ea5dd.txt	ab88abce72ba
7	5907.w4lift-9b264f72a9b4.txt	5907.w4lift-2914e81572fa.txt	ab88abce72ba
7	5907.w4lift-9b264f72a9b4.txt	5907.w4lift-2f67f2643eeb.txt	429db3717944
7	5907.w4lift-9b264f72a9b4.txt	5907.w4lift-2f67f2643eeb.txt	b081b754d26e
7	5907.w4lift-9b264f72a9b4.txt	5907.w4lift-3359ccc27832.txt	d1acfe46465f
7	5907.w4lift-9b264f72a9b4.txt	5907.w4lift-43a95823c4dc.txt	e1065cfc01db
7	5907.w4lift-9b264f72a9b4.txt	5907.w4lift-546a47a518b6.txt	3a3b52457923
7	5907.w4lift-9b264f72a9b4.txt	5907.w4lift-55201236e530.txt	36706f4e334b
7	5907.w4lift-9b264f72a9b4.txt	5907.w4lift-644e04797cd3.txt	cb67e923a6ca
7	5907.w4lift-9b264f72a9b4.txt	5907.w4lift-676d0f91dd66.txt	8821c9761a3f
7	5907.w4lift-9b264f72a9b4.txt	5907.w4lift-69ed3f34a123.txt	d24f63edf5b4
7	5907.w4lift-9b264f72a9b4.txt	5907.w4lift-af7c897a8903.txt	e616c3f821ef
7	5907.w4lift-9b264f72a9b4.txt	5907.w4lift-cb7d99c78307.txt	d24f63edf5b4
7	5907.w4lift-9b264f72a9b4.txt	5907.w4lift-dbf70f871210.txt	ab88abce72ba
7	5907.w4lift-9b264f72a9b4.txt	5907.w4lift-dd24a1fe19b2.txt	ab88abce72ba
7	5907.w4lift-9b264f72a9b4.txt	5907.w4lift-dd250dd876cd.txt	e616c3f821ef
7	5907.w4lift-9b264f72a9b4.txt	5907.w4lift-e0fb9d13de61.txt	e1065cfc01db
7	5907.w4lift-9b264f72a9b4.txt	5907.w4lift-ec915ed4bfb3.txt	6e21f7e985fe
7	5907.w4lift-9b264f72a9b4.txt	5907.w4lift-ef0f8852bf9b.txt	45e1abda4c12
7	5907.w4lift-9b264f72a9b4.txt	5907.w4lift-f18f663f4c81.txt	3feefa303e8d
7	5907.w4lift-9b264f72a9b4.txt	5907.w4lift-f6b8b0e6314c.txt	ab88abce72ba
7	5907.w4lift-9b264f72a9b4.txt	5907.w4lift-fe39239f7468.txt	2e62188e3c8b
7	5907.w4lift-9b264f72a9b4.txt	5907.w4lift-fe39239f7468.txt	48f9270682d9
7	5907.w4lift-9b4bc5700c90.txt	5907.w4lift-04c898c73c62.txt	02eb9e2292e4
7	5907.w4lift-9b4bc5700c90.txt	5907.w4lift-0531d212f9bb.txt	ebdcc2d4d36c
7	5907.w4lift-9b4bc5700c90.txt	5907.w4lift-0709deed1cd4.txt	fd3d2036ee73
7	5907.w4lift-9b4bc5700c90.txt	5907.w4lift-08210f1c16a0.txt	ab88abce72ba
7	5907.w4lift-9b4bc5700c90.txt	5907.w4lift-0fc17b401159.txt	b1be0f46d82c
7	5907.w4lift-9b4bc5700c90.txt	5907.w4lift-169e64bca870.txt	02eb9e2292e4
7	5907.w4lift-9b4bc5700c90.txt	5907.w4lift-16dd1019b651.txt	96bae6feab65
7	5907.w4lift-9b4bc5700c90.txt	5907.w4lift-1c7e3360c98f.txt	5581e578134b
7	5907.w4lift-9b4bc5700c90.txt	5907.w4lift-1c7e3360c98f.txt	d0a01a1ac47d
7	5907.w4lift-9b4bc5700c90.txt	5907.w4lift-208b728dbc49.txt	6e38383cfc72
7	5907.w4lift-9b4bc5700c90.txt	5907.w4lift-319dff1ab25a.txt	ab88abce72ba
7	5907.w4lift-9b4bc5700c90.txt	5907.w4lift-352479dbf208.txt	4bf7e3748717
7	5907.w4lift-9b4bc5700c90.txt	5907.w4lift-37386755df59.txt	f4276d62e543
7	5907.w4lift-9b4bc5700c90.txt	5907.w4lift-386272df4871.txt	7c2769543fc5
7	5907.w4lift-9b4bc5700c90.txt	5907.w4lift-3d4579051d3f.txt	781dcd7d819f
7	5907.w4lift-9b4bc5700c90.txt	5907.w4lift-4034f85f00ec.txt	e6d89f3f0d4c
7	5907.w4lift-9b4bc5700c90.txt	5907.w4lift-45a4ff8466a7.txt	0df6c6a90182
7	5907.w4lift-9b4bc5700c90.txt	5907.w4lift-473fc5e1c91e.txt	52066a3cc9fc
7	5907.w4lift-9b4bc5700c90.txt	5907.w4lift-4a5b17090e74.txt	ab88abce72ba
7	5907.w4lift-9b4bc5700c90.txt	5907.w4lift-4cb3167d35ed.txt	d0fa1d8cc35d
7	5907.w4lift-9b4bc5700c90.txt	5907.w4lift-508210674d85.txt	156e559f9324
7	5907.w4lift-9b4bc5700c90.txt	5907.w4lift-5742f21eca2d.txt	095bfb3dc800
7	5907.w4lift-9b4bc5700c90.txt	5907.w4lift-58984281bc50.txt	df712ba91fb7
7	5907.w4lift-9b4bc5700c90.txt	5907.w4lift-5f95afa2454b.txt	f4276d62e543
7	5907.w4lift-9b4bc5700c90.txt	5907.w4lift-6d19c9f1455d.txt	bcd8bf3c0076
7	5907.w4lift-9b4bc5700c90.txt	5907.w4lift-6e6b2c468f32.txt	223da8cfb8a5
7	5907.w4lift-9b4bc5700c90.txt	5907.w4lift-6e905a492084.txt	d4ec6aadbefe
7	5907.w4lift-9b4bc5700c90.txt	5907.w4lift-76a1eae91ca0.txt	d58953d08832
7	5907.w4lift-9b4bc5700c90.txt	5907.w4lift-7714757d2e9e.txt	8483f8b7ecb1
7	5907.w4lift-9b4bc5700c90.txt	5907.w4lift-846d5062c405.txt	91270bf2a57d
7	5907.w4lift-9b4bc5700c90.txt	5907.w4lift-8966629ce152.txt	5d3074fe7163
7	5907.w4lift-9b4bc5700c90.txt	5907.w4lift-89b3167f9583.txt	4ad13835a281
7	5907.w4lift-9b4bc5700c90.txt	5907.w4lift-8a8b72923703.txt	942711725057
7	5907.w4lift-9b4bc5700c90.txt	5907.w4lift-8e5ca0ef018c.txt	fecd684a9442
7	5907.w4lift-9b4bc5700c90.txt	5907.w4lift-90338d0577bd.txt	c6fe0326a117
7	5907.w4lift-9b4bc5700c90.txt	5907.w4lift-912bd909d2b6.txt	4f671bc3d3f3
7	5907.w4lift-9b4bc5700c90.txt	5907.w4lift-97d2d8784e2f.txt	cad1abae462c
7	5907.w4lift-9b4bc5700c90.txt	5907.w4lift-a8d3c9324eac.txt	dc2afaae0ced
7	5907.w4lift-9b4bc5700c90.txt	5907.w4lift-af7c897a8903.txt	6e38383cfc72
7	5907.w4lift-9b4bc5700c90.txt	5907.w4lift-b66c35732a00.txt	a32416d5301e
7	5907.w4lift-9b4bc5700c90.txt	5907.w4lift-b7a548d5f629.txt	b3e25e414908
7	5907.w4lift-9b4bc5700c90.txt	5907.w4lift-bd154fbbf435.txt	746b5fef63fc
7	5907.w4lift-9b4bc5700c90.txt	5907.w4lift-c5ee76734b4d.txt	dc2afaae0ced
7	5907.w4lift-9b4bc5700c90.txt	5907.w4lift-d09cda89e063.txt	62a74ce65faa
7	5907.w4lift-9b4bc5700c90.txt	5907.w4lift-d09cda89e063.txt	b13177991e02
7	5907.w4lift-9b4bc5700c90.txt	5907.w4lift-d155534ea2d4.txt	ab88abce72ba
7	5907.w4lift-9b4bc5700c90.txt	5907.w4lift-dcd0ec0a1fc5.txt	f87b924fc4aa
7	5907.w4lift-9b4bc5700c90.txt	5907.w4lift-e0368a011e8c.txt	5ff76078c599
7	5907.w4lift-9b4bc5700c90.txt	5907.w4lift-e0fa39144639.txt	ab88abce72ba
7	5907.w4lift-9b4bc5700c90.txt	5907.w4lift-e0fb9d13de61.txt	0f5ed4ca9093
7	5907.w4lift-9b4bc5700c90.txt	5907.w4lift-ebfb75328150.txt	4bf7e3748717
7	5907.w4lift-9b4bc5700c90.txt	5907.w4lift-f859791b1e8e.txt	e50393a8ba1d
7	5907.w4lift-9b4bc5700c90.txt	5907.w4lift-faafae8fcdaa.txt	ab88abce72ba
7	5907.w4lift-9b4bc5700c90.txt	5907.w4lift-fc301bd873cb.txt	4f671bc3d3f3
7	5907.w4lift-9b4bc5700c90.txt	5907.w4lift-fc5c70dfb561.txt	3a87ef2485a8
7	5907.w4lift-9b4bc5700c90.txt	5907.w4lift-fd06a0493fef.txt	c8a9fa3f5fe4
7	5907.w4lift-9b4bc5700c90.txt	5907.w4lift-fe39239f7468.txt	5e303fc5a688
7	5907.w4lift-9b8f53ec761e.txt	5907.w4lift-12b9a795ea21.txt	6c91c41eaa3d
7	5907.w4lift-9b8f53ec761e.txt	5907.w4lift-29f9231d6ec6.txt	b17264f2772b
7	5907.w4lift-9b8f53ec761e.txt	5907.w4lift-315604e8b5c3.txt	74d503e42116
7	5907.w4lift-9b8f53ec761e.txt	5907.w4lift-315604e8b5c3.txt	fb50a523fce2
7	5907.w4lift-9b8f53ec761e.txt	5907.w4lift-3dfbf9f5e16c.txt	ab88abce72ba
7	5907.w4lift-9b8f53ec761e.txt	5907.w4lift-46c29e5bc2a7.txt	02397927f53b
7	5907.w4lift-9b8f53ec761e.txt	5907.w4lift-46c29e5bc2a7.txt	725677205daf
7	5907.w4lift-9b8f53ec761e.txt	5907.w4lift-5354b11bcbe4.txt	28e415dd7f02
7	5907.w4lift-9b8f53ec761e.txt	5907.w4lift-5354b11bcbe4.txt	c26c151d9d54
7	5907.w4lift-9b8f53ec761e.txt	5907.w4lift-5768a023152f.txt	ab88abce72ba
7	5907.w4lift-9b8f53ec761e.txt	5907.w4lift-65205c870bb9.txt	ab88abce72ba
7	5907.w4lift-9b8f53ec761e.txt	5907.w4lift-9ca41b2682df.txt	ab88abce72ba
7	5907.w4lift-9b8f53ec761e.txt	5907.w4lift-9dad34a0c58a.txt	86d05ce43f33
7	5907.w4lift-9b8f53ec761e.txt	5907.w4lift-e3a439aa39b6.txt	e2a2c6dd2c41
7	5907.w4lift-9b8f53ec761e.txt	5907.w4lift-fbabcbfdfb74.txt	4c6e579a7560
7	5907.w4lift-9b8f53ec761e.txt	5907.w4lift-fbabcbfdfb74.txt	72d376c5571d
7	5907.w4lift-9ca41b2682df.txt	5907.w4lift-12b9a795ea21.txt	939426db79b6
7	5907.w4lift-9ca41b2682df.txt	5907.w4lift-12b9a795ea21.txt	fb61739cb012
7	5907.w4lift-9ca41b2682df.txt	5907.w4lift-29f9231d6ec6.txt	74d503e42116
7	5907.w4lift-9ca41b2682df.txt	5907.w4lift-29f9231d6ec6.txt	fb50a523fce2
7	5907.w4lift-9ca41b2682df.txt	5907.w4lift-315604e8b5c3.txt	bf52ef05ab91
7	5907.w4lift-9ca41b2682df.txt	5907.w4lift-315604e8b5c3.txt	d6df25eea20b
7	5907.w4lift-9ca41b2682df.txt	5907.w4lift-3dfbf9f5e16c.txt	8a34ad08d7c8
7	5907.w4lift-9ca41b2682df.txt	5907.w4lift-46c29e5bc2a7.txt	ab88abce72ba
7	5907.w4lift-9ca41b2682df.txt	5907.w4lift-5354b11bcbe4.txt	ab88abce72ba
7	5907.w4lift-9ca41b2682df.txt	5907.w4lift-5768a023152f.txt	6d61e25e2762
7	5907.w4lift-9ca41b2682df.txt	5907.w4lift-65205c870bb9.txt	a5214c898b1c
7	5907.w4lift-9ca41b2682df.txt	5907.w4lift-65205c870bb9.txt	f3530a9a4032
7	5907.w4lift-9ca41b2682df.txt	5907.w4lift-912d954b3cbb.txt	4c6e579a7560
7	5907.w4lift-9ca41b2682df.txt	5907.w4lift-912d954b3cbb.txt	72d376c5571d
7	5907.w4lift-9ca41b2682df.txt	5907.w4lift-9b8f53ec761e.txt	ab88abce72ba
7	5907.w4lift-9ca41b2682df.txt	5907.w4lift-9dad34a0c58a.txt	6c91c41eaa3d
7	5907.w4lift-9ca41b2682df.txt	5907.w4lift-e3a439aa39b6.txt	ab88abce72ba
7	5907.w4lift-9d46965eac6f.txt	5907.w4lift-0e8d65c99b5b.txt	ab88abce72ba
7	5907.w4lift-9d46965eac6f.txt	5907.w4lift-4ba002a69c4f.txt	a23d031fbcd3
7	5907.w4lift-9d46965eac6f.txt	5907.w4lift-66b2c7d03250.txt	ab88abce72ba
7	5907.w4lift-9d46965eac6f.txt	5907.w4lift-798d73c7da27.txt	105e326bc51e
7	5907.w4lift-9d46965eac6f.txt	5907.w4lift-a95d4a041543.txt	a31aaa6bc575
7	5907.w4lift-9d46965eac6f.txt	5907.w4lift-de331f6627c9.txt	a23d031fbcd3
7	5907.w4lift-9dad34a0c58a.txt	5907.w4lift-12b9a795ea21.txt	ab88abce72ba
7	5907.w4lift-9dad34a0c58a.txt	5907.w4lift-24c25be13033.txt	ab88abce72ba
7	5907.w4lift-9dad34a0c58a.txt	5907.w4lift-29f9231d6ec6.txt	7c2769543fc5
7	5907.w4lift-9dad34a0c58a.txt	5907.w4lift-315604e8b5c3.txt	a6bd3e103a4c
7	5907.w4lift-9dad34a0c58a.txt	5907.w4lift-315604e8b5c3.txt	d2922ca9327a
7	5907.w4lift-9dad34a0c58a.txt	5907.w4lift-3dfbf9f5e16c.txt	74d503e42116
7	5907.w4lift-9dad34a0c58a.txt	5907.w4lift-3dfbf9f5e16c.txt	fb50a523fce2
7	5907.w4lift-9dad34a0c58a.txt	5907.w4lift-46c29e5bc2a7.txt	ab88abce72ba
7	5907.w4lift-9dad34a0c58a.txt	5907.w4lift-5354b11bcbe4.txt	ab88abce72ba
7	5907.w4lift-9dad34a0c58a.txt	5907.w4lift-65205c870bb9.txt	28e415dd7f02
7	5907.w4lift-9dad34a0c58a.txt	5907.w4lift-65205c870bb9.txt	c26c151d9d54
7	5907.w4lift-9dad34a0c58a.txt	5907.w4lift-912d954b3cbb.txt	033afc57097e
7	5907.w4lift-9dad34a0c58a.txt	5907.w4lift-912d954b3cbb.txt	b4f13531d2e2
7	5907.w4lift-9dad34a0c58a.txt	5907.w4lift-9b8f53ec761e.txt	b17264f2772b
7	5907.w4lift-9dad34a0c58a.txt	5907.w4lift-9ca41b2682df.txt	e2a2c6dd2c41
7	5907.w4lift-9dad34a0c58a.txt	5907.w4lift-e06bb85d02bc.txt	6d61e25e2762
7	5907.w4lift-9dad34a0c58a.txt	5907.w4lift-e3a439aa39b6.txt	e1f44691aec8
7	5907.w4lift-9dad34a0c58a.txt	5907.w4lift-e3a439aa39b6.txt	f929134a1b76
7	5907.w4lift-9dad34a0c58a.txt	5907.w4lift-fbabcbfdfb74.txt	bb74acd56cf9
7	5907.w4lift-9f4ed5191b67.txt	5907.w4lift-032cf45d2ac3.txt	9ce30e66b306
7	5907.w4lift-9f4ed5191b67.txt	5907.w4lift-3bec2912a552.txt	ab88abce72ba
7	5907.w4lift-9f4ed5191b67.txt	5907.w4lift-cc9fc0ef424a.txt	ab88abce72ba
7	5907.w4lift-a5fe40dd99f2.txt	5907.w4lift-3a727a573e7f.txt	4004c6042131
7	5907.w4lift-a5fe40dd99f2.txt	5907.w4lift-3a727a573e7f.txt	9233133e9c39
7	5907.w4lift-a5fe40dd99f2.txt	5907.w4lift-a8242f54e61d.txt	ab88abce72ba
7	5907.w4lift-a6df35bc4b74.txt	5907.w4lift-04c898c73c62.txt	8e3fa11cbde7
7	5907.w4lift-a6df35bc4b74.txt	5907.w4lift-0531d212f9bb.txt	b742e93fcefe
7	5907.w4lift-a6df35bc4b74.txt	5907.w4lift-0709deed1cd4.txt	e05f876a6f8d
7	5907.w4lift-a6df35bc4b74.txt	5907.w4lift-097d01eaddb9.txt	5ff76078c599
7	5907.w4lift-a6df35bc4b74.txt	5907.w4lift-0dff9daccaa8.txt	46267e810eac
7	5907.w4lift-a6df35bc4b74.txt	5907.w4lift-0fc17b401159.txt	374c09e1b5b9
7	5907.w4lift-a6df35bc4b74.txt	5907.w4lift-169e64bca870.txt	fa53bebb0c07
7	5907.w4lift-a6df35bc4b74.txt	5907.w4lift-16dd1019b651.txt	746b5fef63fc
7	5907.w4lift-a6df35bc4b74.txt	5907.w4lift-177bb009e3ce.txt	7e00c873941d
7	5907.w4lift-a6df35bc4b74.txt	5907.w4lift-1c7e3360c98f.txt	80b2932b3a5d
7	5907.w4lift-a6df35bc4b74.txt	5907.w4lift-208b728dbc49.txt	a50ba88437d8
7	5907.w4lift-a6df35bc4b74.txt	5907.w4lift-231c44b74cdf.txt	833239f93d60
7	5907.w4lift-a6df35bc4b74.txt	5907.w4lift-319dff1ab25a.txt	3848d784e880
7	5907.w4lift-a6df35bc4b74.txt	5907.w4lift-3d4579051d3f.txt	5581e578134b
7	5907.w4lift-a6df35bc4b74.txt	5907.w4lift-3d4579051d3f.txt	d0a01a1ac47d
7	5907.w4lift-a6df35bc4b74.txt	5907.w4lift-45a4ff8466a7.txt	8480c2d421f7
7	5907.w4lift-a6df35bc4b74.txt	5907.w4lift-4614701d0920.txt	4fee2fcf1569
7	5907.w4lift-a6df35bc4b74.txt	5907.w4lift-473fc5e1c91e.txt	ab88abce72ba
7	5907.w4lift-a6df35bc4b74.txt	5907.w4lift-4cb3167d35ed.txt	176d3814e13d
7	5907.w4lift-a6df35bc4b74.txt	5907.w4lift-4d47295ca519.txt	8504a603e291
7	5907.w4lift-a6df35bc4b74.txt	5907.w4lift-508210674d85.txt	ca8cdf9cdda3
7	5907.w4lift-a6df35bc4b74.txt	5907.w4lift-5742f21eca2d.txt	7dae29ff7561
7	5907.w4lift-a6df35bc4b74.txt	5907.w4lift-580a6b2415c2.txt	e616c3f821ef
7	5907.w4lift-a6df35bc4b74.txt	5907.w4lift-58984281bc50.txt	3c7f124adbf2
7	5907.w4lift-a6df35bc4b74.txt	5907.w4lift-5ffba5cc4529.txt	1e97b4d2bd18
7	5907.w4lift-a6df35bc4b74.txt	5907.w4lift-5ffba5cc4529.txt	e8010fda4ae9
7	5907.w4lift-a6df35bc4b74.txt	5907.w4lift-684436c46755.txt	1d66c35e4a35
7	5907.w4lift-a6df35bc4b74.txt	5907.w4lift-69ed3f34a123.txt	2e62188e3c8b
7	5907.w4lift-a6df35bc4b74.txt	5907.w4lift-69ed3f34a123.txt	48f9270682d9
7	5907.w4lift-a6df35bc4b74.txt	5907.w4lift-6d19c9f1455d.txt	de447a54d5c6
7	5907.w4lift-a6df35bc4b74.txt	5907.w4lift-6e905a492084.txt	b426a4d5583d
7	5907.w4lift-a6df35bc4b74.txt	5907.w4lift-71600a834959.txt	8504a603e291
7	5907.w4lift-a6df35bc4b74.txt	5907.w4lift-80c95286cd7c.txt	487b3aecfeb2
7	5907.w4lift-a6df35bc4b74.txt	5907.w4lift-8824a6971c2e.txt	438b84033bfa
7	5907.w4lift-a6df35bc4b74.txt	5907.w4lift-8a8b72923703.txt	aa54b27dcfe9
7	5907.w4lift-a6df35bc4b74.txt	5907.w4lift-8e5ca0ef018c.txt	ca8cdf9cdda3
7	5907.w4lift-a6df35bc4b74.txt	5907.w4lift-97d2d8784e2f.txt	d4ec6aadbefe
7	5907.w4lift-a6df35bc4b74.txt	5907.w4lift-a8d3c9324eac.txt	156e559f9324
7	5907.w4lift-a6df35bc4b74.txt	5907.w4lift-ae6af3254cbe.txt	a7aabea675cc
7	5907.w4lift-a6df35bc4b74.txt	5907.w4lift-af7c897a8903.txt	9d8393a2cbd2
7	5907.w4lift-a6df35bc4b74.txt	5907.w4lift-b18d3ecda2e7.txt	1e97b4d2bd18
7	5907.w4lift-a6df35bc4b74.txt	5907.w4lift-b18d3ecda2e7.txt	e8010fda4ae9
7	5907.w4lift-a6df35bc4b74.txt	5907.w4lift-b2702baa553d.txt	ab88abce72ba
7	5907.w4lift-a6df35bc4b74.txt	5907.w4lift-b4e57551e32a.txt	1293f7787f8a
7	5907.w4lift-a6df35bc4b74.txt	5907.w4lift-b66c35732a00.txt	ada84d0153fa
7	5907.w4lift-a6df35bc4b74.txt	5907.w4lift-b7a548d5f629.txt	ab88abce72ba
7	5907.w4lift-a6df35bc4b74.txt	5907.w4lift-b91f5e2f34a2.txt	ab88abce72ba
7	5907.w4lift-a6df35bc4b74.txt	5907.w4lift-bca46e18f77b.txt	a7aabea675cc
7	5907.w4lift-a6df35bc4b74.txt	5907.w4lift-bd154fbbf435.txt	bd96d6dbdd65
7	5907.w4lift-a6df35bc4b74.txt	5907.w4lift-c5ee76734b4d.txt	fecd684a9442
7	5907.w4lift-a6df35bc4b74.txt	5907.w4lift-caeaa9e5ac42.txt	cd477e782247
7	5907.w4lift-a6df35bc4b74.txt	5907.w4lift-d946605e111b.txt	a3a1b2ef43a0
7	5907.w4lift-a6df35bc4b74.txt	5907.w4lift-dcd0ec0a1fc5.txt	6c0329aa4489
7	5907.w4lift-a6df35bc4b74.txt	5907.w4lift-df0078a194a0.txt	2e62188e3c8b
7	5907.w4lift-a6df35bc4b74.txt	5907.w4lift-df0078a194a0.txt	48f9270682d9
7	5907.w4lift-a6df35bc4b74.txt	5907.w4lift-e04faca1c06c.txt	62a74ce65faa
7	5907.w4lift-a6df35bc4b74.txt	5907.w4lift-e04faca1c06c.txt	b13177991e02
7	5907.w4lift-a6df35bc4b74.txt	5907.w4lift-e0fb9d13de61.txt	f0b55e37fe22
7	5907.w4lift-a6df35bc4b74.txt	5907.w4lift-e2841ecca038.txt	ab88abce72ba
7	5907.w4lift-a6df35bc4b74.txt	5907.w4lift-e768827496d4.txt	af945ab938fd
7	5907.w4lift-a6df35bc4b74.txt	5907.w4lift-e96c05b05fe9.txt	fee203226e22
7	5907.w4lift-a6df35bc4b74.txt	5907.w4lift-ec915ed4bfb3.txt	ab88abce72ba
7	5907.w4lift-a6df35bc4b74.txt	5907.w4lift-ecfe2ba8e511.txt	ebacd04c78bb
7	5907.w4lift-a6df35bc4b74.txt	5907.w4lift-f859791b1e8e.txt	9c07b36d20b9
7	5907.w4lift-a6df35bc4b74.txt	5907.w4lift-f9f8e9513c54.txt	c5b536bfe588
7	5907.w4lift-a6df35bc4b74.txt	5907.w4lift-faafae8fcdaa.txt	37cc3a8e114c
7	5907.w4lift-a6df35bc4b74.txt	5907.w4lift-fc7d7045a431.txt	a3a1b2ef43a0
7	5907.w4lift-a6df35bc4b74.txt	5907.w4lift-fe39239f7468.txt	72397e2f680a
7	5907.w4lift-a7bbb73953d8.txt	5907.w4lift-097d01eaddb9.txt	6e943a6ae528
7	5907.w4lift-a7bbb73953d8.txt	5907.w4lift-1ba050a47f0b.txt	e76c9c894e18
7	5907.w4lift-a7bbb73953d8.txt	5907.w4lift-1e59b13c7cc0.txt	f609e3a8e480
7	5907.w4lift-a7bbb73953d8.txt	5907.w4lift-3359ccc27832.txt	39fe21f51977
7	5907.w4lift-a7bbb73953d8.txt	5907.w4lift-3580a08a5c73.txt	709cf47fa2d3
7	5907.w4lift-a7bbb73953d8.txt	5907.w4lift-3580a08a5c73.txt	8709489b69c1
7	5907.w4lift-a7bbb73953d8.txt	5907.w4lift-3ce63a53cf1a.txt	51225a9bb93e
7	5907.w4lift-a7bbb73953d8.txt	5907.w4lift-4034f85f00ec.txt	9943a7ddc283
7	5907.w4lift-a7bbb73953d8.txt	5907.w4lift-4614701d0920.txt	5e3e40b58466
7	5907.w4lift-a7bbb73953d8.txt	5907.w4lift-4d47295ca519.txt	e6a2ec270f5f
7	5907.w4lift-a7bbb73953d8.txt	5907.w4lift-53542138d1b5.txt	4c6e579a7560
7	5907.w4lift-a7bbb73953d8.txt	5907.w4lift-53542138d1b5.txt	72d376c5571d
7	5907.w4lift-a7bbb73953d8.txt	5907.w4lift-540198536578.txt	bbf1b4974173
7	5907.w4lift-a7bbb73953d8.txt	5907.w4lift-540198536578.txt	dd454bcc3c5a
7	5907.w4lift-a7bbb73953d8.txt	5907.w4lift-5f95afa2454b.txt	430f8ba0d5bf
7	5907.w4lift-a7bbb73953d8.txt	5907.w4lift-65fb95f576e7.txt	48c30fab9556
7	5907.w4lift-a7bbb73953d8.txt	5907.w4lift-684436c46755.txt	e311a814616f
7	5907.w4lift-a7bbb73953d8.txt	5907.w4lift-6ec79809fccc.txt	8e620393073b
7	5907.w4lift-a7bbb73953d8.txt	5907.w4lift-7714757d2e9e.txt	a805ea3de51d
7	5907.w4lift-a7bbb73953d8.txt	5907.w4lift-863de61b836a.txt	f4b9a13ff36c
7	5907.w4lift-a7bbb73953d8.txt	5907.w4lift-86a03197440a.txt	ab88abce72ba
7	5907.w4lift-a7bbb73953d8.txt	5907.w4lift-8824a6971c2e.txt	d6c04566fc39
7	5907.w4lift-a7bbb73953d8.txt	5907.w4lift-8966629ce152.txt	2257058c3d2d
7	5907.w4lift-a7bbb73953d8.txt	5907.w4lift-89b3167f9583.txt	5e3e40b58466
7	5907.w4lift-a7bbb73953d8.txt	5907.w4lift-8e5ca0ef018c.txt	2c06ce315361
7	5907.w4lift-a7bbb73953d8.txt	5907.w4lift-ab80c9a45344.txt	ddf5bfe474bf
7	5907.w4lift-a7bbb73953d8.txt	5907.w4lift-ae466549a0d9.txt	9ffeb4ce9bae
7	5907.w4lift-a7bbb73953d8.txt	5907.w4lift-bca46e18f77b.txt	430f8ba0d5bf
7	5907.w4lift-a7bbb73953d8.txt	5907.w4lift-bd154fbbf435.txt	79bbc2526e76
7	5907.w4lift-a7bbb73953d8.txt	5907.w4lift-bfbef8785aff.txt	3394d4cf4ce9
7	5907.w4lift-a7bbb73953d8.txt	5907.w4lift-bfbef8785aff.txt	b84e5852608b
7	5907.w4lift-a7bbb73953d8.txt	5907.w4lift-c5ee76734b4d.txt	510b5a794970
7	5907.w4lift-a7bbb73953d8.txt	5907.w4lift-c7b7714127d9.txt	ab88abce72ba
7	5907.w4lift-a7bbb73953d8.txt	5907.w4lift-c8c5110de4f9.txt	038dbff96d7c
7	5907.w4lift-a7bbb73953d8.txt	5907.w4lift-ca71ed8496bd.txt	ab88abce72ba
7	5907.w4lift-a7bbb73953d8.txt	5907.w4lift-cba9917bd593.txt	bd508e5023d8
7	5907.w4lift-a7bbb73953d8.txt	5907.w4lift-d155534ea2d4.txt	0dcc7a5a1ff7
7	5907.w4lift-a7bbb73953d8.txt	5907.w4lift-d213b0754523.txt	760f0d23e496
7	5907.w4lift-a7bbb73953d8.txt	5907.w4lift-db45ebdeed40.txt	151c9d94814a
7	5907.w4lift-a7bbb73953d8.txt	5907.w4lift-db45ebdeed40.txt	3f4b1bcb6fa8
7	5907.w4lift-a7bbb73953d8.txt	5907.w4lift-e0368a011e8c.txt	9ed53e6fa387
7	5907.w4lift-a7bbb73953d8.txt	5907.w4lift-e45b90b0a767.txt	98aeb647340c
7	5907.w4lift-a7bbb73953d8.txt	5907.w4lift-e7ee0cc9c017.txt	9ffeb4ce9bae
7	5907.w4lift-a7bbb73953d8.txt	5907.w4lift-e96c05b05fe9.txt	7f04bb1041b3
7	5907.w4lift-a7bbb73953d8.txt	5907.w4lift-eb9a0d99f5fb.txt	0fa419c2f08b
7	5907.w4lift-a7bbb73953d8.txt	5907.w4lift-ebfb75328150.txt	c442200796dc
7	5907.w4lift-a7bbb73953d8.txt	5907.w4lift-ecfe2ba8e511.txt	49c5410504fe
7	5907.w4lift-a7bbb73953d8.txt	5907.w4lift-f18f663f4c81.txt	94e83c3c75fb
7	5907.w4lift-a7bbb73953d8.txt	5907.w4lift-f2708ef02d1a.txt	a9587b440eca
7	5907.w4lift-a7bbb73953d8.txt	5907.w4lift-f9f8e9513c54.txt	8fc24bd78fad
7	5907.w4lift-a7bbb73953d8.txt	5907.w4lift-fc301bd873cb.txt	bbdd86597cc7
7	5907.w4lift-a7bbb73953d8.txt	5907.w4lift-fc5c70dfb561.txt	ab88abce72ba
7	5907.w4lift-a7bbb73953d8.txt	5907.w4lift-fd06a0493fef.txt	c32545fa8a66
7	5907.w4lift-a82143024d2d.txt	5907.w4lift-097d01eaddb9.txt	45e1abda4c12
7	5907.w4lift-a82143024d2d.txt	5907.w4lift-16dd1019b651.txt	45e1abda4c12
7	5907.w4lift-a82143024d2d.txt	5907.w4lift-1ba050a47f0b.txt	b4fb337c2041
7	5907.w4lift-a82143024d2d.txt	5907.w4lift-1e59b13c7cc0.txt	573ebb4e5913
7	5907.w4lift-a82143024d2d.txt	5907.w4lift-204625f89751.txt	833239f93d60
7	5907.w4lift-a82143024d2d.txt	5907.w4lift-3359ccc27832.txt	ada84d0153fa
7	5907.w4lift-a82143024d2d.txt	5907.w4lift-352479dbf208.txt	8126cee8c426
7	5907.w4lift-a82143024d2d.txt	5907.w4lift-3580a08a5c73.txt	3a3b52457923
7	5907.w4lift-a82143024d2d.txt	5907.w4lift-37386755df59.txt	64494227b63c
7	5907.w4lift-a82143024d2d.txt	5907.w4lift-3ce63a53cf1a.txt	3c7f124adbf2
7	5907.w4lift-a82143024d2d.txt	5907.w4lift-40dae53e6185.txt	833239f93d60
7	5907.w4lift-a82143024d2d.txt	5907.w4lift-430092f5780f.txt	ab88abce72ba
7	5907.w4lift-a82143024d2d.txt	5907.w4lift-43a95823c4dc.txt	b4fb337c2041
7	5907.w4lift-a82143024d2d.txt	5907.w4lift-4a5b17090e74.txt	7f1b18477bd6
7	5907.w4lift-a82143024d2d.txt	5907.w4lift-4ab0903ef5f4.txt	74d91872eeb5
7	5907.w4lift-a82143024d2d.txt	5907.w4lift-508210674d85.txt	7f1b18477bd6
7	5907.w4lift-a82143024d2d.txt	5907.w4lift-644e04797cd3.txt	ab88abce72ba
7	5907.w4lift-a82143024d2d.txt	5907.w4lift-6e6b2c468f32.txt	c5eefe353bce
7	5907.w4lift-a82143024d2d.txt	5907.w4lift-6e905a492084.txt	1ff5160db856
7	5907.w4lift-a82143024d2d.txt	5907.w4lift-6ec79809fccc.txt	ab88abce72ba
7	5907.w4lift-a82143024d2d.txt	5907.w4lift-71600a834959.txt	8126cee8c426
7	5907.w4lift-a82143024d2d.txt	5907.w4lift-7cd2edab64dc.txt	1e97b4d2bd18
7	5907.w4lift-a82143024d2d.txt	5907.w4lift-7cd2edab64dc.txt	e8010fda4ae9
7	5907.w4lift-a82143024d2d.txt	5907.w4lift-80c95286cd7c.txt	c5eefe353bce
7	5907.w4lift-a82143024d2d.txt	5907.w4lift-82caf1ba27e5.txt	80b2932b3a5d
7	5907.w4lift-a82143024d2d.txt	5907.w4lift-846d5062c405.txt	ecf03ddecbed
7	5907.w4lift-a82143024d2d.txt	5907.w4lift-863de61b836a.txt	ab88abce72ba
7	5907.w4lift-a82143024d2d.txt	5907.w4lift-90338d0577bd.txt	a003705bbbb1
7	5907.w4lift-a82143024d2d.txt	5907.w4lift-912bd909d2b6.txt	b45834e9d420
7	5907.w4lift-a82143024d2d.txt	5907.w4lift-97d2d8784e2f.txt	ab88abce72ba
7	5907.w4lift-a82143024d2d.txt	5907.w4lift-a8d3c9324eac.txt	429db3717944
7	5907.w4lift-a82143024d2d.txt	5907.w4lift-a8d3c9324eac.txt	b081b754d26e
7	5907.w4lift-a82143024d2d.txt	5907.w4lift-ab80c9a45344.txt	37cc3a8e114c
7	5907.w4lift-a82143024d2d.txt	5907.w4lift-ae466549a0d9.txt	8480c2d421f7
7	5907.w4lift-a82143024d2d.txt	5907.w4lift-ae6af3254cbe.txt	b45834e9d420
7	5907.w4lift-a82143024d2d.txt	5907.w4lift-b2702baa553d.txt	429db3717944
7	5907.w4lift-a82143024d2d.txt	5907.w4lift-b2702baa553d.txt	b081b754d26e
7	5907.w4lift-a82143024d2d.txt	5907.w4lift-b4e57551e32a.txt	ecf03ddecbed
7	5907.w4lift-a82143024d2d.txt	5907.w4lift-c5ee76734b4d.txt	8821c9761a3f
7	5907.w4lift-a82143024d2d.txt	5907.w4lift-c8c5110de4f9.txt	29acfe26c3eb
7	5907.w4lift-a82143024d2d.txt	5907.w4lift-caeaa9e5ac42.txt	a003705bbbb1
7	5907.w4lift-a82143024d2d.txt	5907.w4lift-cb7d99c78307.txt	c8cd712ae7b0
7	5907.w4lift-a82143024d2d.txt	5907.w4lift-cba9917bd593.txt	37cc3a8e114c
7	5907.w4lift-a82143024d2d.txt	5907.w4lift-d09cda89e063.txt	1ff5160db856
7	5907.w4lift-a82143024d2d.txt	5907.w4lift-d213b0754523.txt	ada84d0153fa
7	5907.w4lift-a82143024d2d.txt	5907.w4lift-d742e5e60c6f.txt	af945ab938fd
7	5907.w4lift-a82143024d2d.txt	5907.w4lift-d946605e111b.txt	64494227b63c
7	5907.w4lift-a82143024d2d.txt	5907.w4lift-dd250dd876cd.txt	29acfe26c3eb
7	5907.w4lift-a82143024d2d.txt	5907.w4lift-dff914259b29.txt	1e97b4d2bd18
7	5907.w4lift-a82143024d2d.txt	5907.w4lift-dff914259b29.txt	e8010fda4ae9
7	5907.w4lift-a82143024d2d.txt	5907.w4lift-e04faca1c06c.txt	ab88abce72ba
7	5907.w4lift-a82143024d2d.txt	5907.w4lift-e2841ecca038.txt	8821c9761a3f
7	5907.w4lift-a82143024d2d.txt	5907.w4lift-e45b90b0a767.txt	6c0329aa4489
7	5907.w4lift-a82143024d2d.txt	5907.w4lift-e7ee0cc9c017.txt	6c0329aa4489
7	5907.w4lift-a82143024d2d.txt	5907.w4lift-eb9a0d99f5fb.txt	8480c2d421f7
7	5907.w4lift-a82143024d2d.txt	5907.w4lift-f18f663f4c81.txt	573ebb4e5913
7	5907.w4lift-a82143024d2d.txt	5907.w4lift-f2708ef02d1a.txt	3c7f124adbf2
7	5907.w4lift-a82143024d2d.txt	5907.w4lift-f6b8b0e6314c.txt	74d91872eeb5
7	5907.w4lift-a82143024d2d.txt	5907.w4lift-fb688ec5c017.txt	c8cd712ae7b0
7	5907.w4lift-a8242f54e61d.txt	5907.w4lift-3a727a573e7f.txt	ab88abce72ba
7	5907.w4lift-a8242f54e61d.txt	5907.w4lift-a5fe40dd99f2.txt	ab88abce72ba
7	5907.w4lift-a8d3c9324eac.txt	5907.w4lift-0531d212f9bb.txt	ae30533f923a
7	5907.w4lift-a8d3c9324eac.txt	5907.w4lift-0709deed1cd4.txt	0f1e40b2bfba
7	5907.w4lift-a8d3c9324eac.txt	5907.w4lift-08210f1c16a0.txt	c5eefe353bce
7	5907.w4lift-a8d3c9324eac.txt	5907.w4lift-0dff9daccaa8.txt	72397e2f680a
7	5907.w4lift-a8d3c9324eac.txt	5907.w4lift-169e64bca870.txt	74d91872eeb5
7	5907.w4lift-a8d3c9324eac.txt	5907.w4lift-16dd1019b651.txt	ab88abce72ba
7	5907.w4lift-a8d3c9324eac.txt	5907.w4lift-1e59b13c7cc0.txt	f0b55e37fe22
7	5907.w4lift-a8d3c9324eac.txt	5907.w4lift-352479dbf208.txt	af945ab938fd
7	5907.w4lift-a8d3c9324eac.txt	5907.w4lift-3580a08a5c73.txt	746b5fef63fc
7	5907.w4lift-a8d3c9324eac.txt	5907.w4lift-37386755df59.txt	1e97b4d2bd18
7	5907.w4lift-a8d3c9324eac.txt	5907.w4lift-37386755df59.txt	e8010fda4ae9
7	5907.w4lift-a8d3c9324eac.txt	5907.w4lift-386272df4871.txt	ecf03ddecbed
7	5907.w4lift-a8d3c9324eac.txt	5907.w4lift-3ce63a53cf1a.txt	8504a603e291
7	5907.w4lift-a8d3c9324eac.txt	5907.w4lift-3d4579051d3f.txt	ab88abce72ba
7	5907.w4lift-a8d3c9324eac.txt	5907.w4lift-4034f85f00ec.txt	b742e93fcefe
7	5907.w4lift-a8d3c9324eac.txt	5907.w4lift-40dae53e6185.txt	2e62188e3c8b
7	5907.w4lift-a8d3c9324eac.txt	5907.w4lift-40dae53e6185.txt	48f9270682d9
7	5907.w4lift-a8d3c9324eac.txt	5907.w4lift-430092f5780f.txt	46267e810eac
7	5907.w4lift-a8d3c9324eac.txt	5907.w4lift-43a95823c4dc.txt	ada84d0153fa
7	5907.w4lift-a8d3c9324eac.txt	5907.w4lift-45a4ff8466a7.txt	64494227b63c
7	5907.w4lift-a8d3c9324eac.txt	5907.w4lift-473fc5e1c91e.txt	cf88f66916d6
7	5907.w4lift-a8d3c9324eac.txt	5907.w4lift-4a5b17090e74.txt	80b2932b3a5d
7	5907.w4lift-a8d3c9324eac.txt	5907.w4lift-580a6b2415c2.txt	44bac1587ba9
7	5907.w4lift-a8d3c9324eac.txt	5907.w4lift-58984281bc50.txt	8126cee8c426
7	5907.w4lift-a8d3c9324eac.txt	5907.w4lift-69ed3f34a123.txt	8e3fa11cbde7
7	5907.w4lift-a8d3c9324eac.txt	5907.w4lift-6d19c9f1455d.txt	918cf6abec0b
7	5907.w4lift-a8d3c9324eac.txt	5907.w4lift-6e905a492084.txt	3848d784e880
7	5907.w4lift-a8d3c9324eac.txt	5907.w4lift-6ec79809fccc.txt	156e559f9324
7	5907.w4lift-a8d3c9324eac.txt	5907.w4lift-76a1eae91ca0.txt	8480c2d421f7
7	5907.w4lift-a8d3c9324eac.txt	5907.w4lift-7714757d2e9e.txt	de447a54d5c6
7	5907.w4lift-a8d3c9324eac.txt	5907.w4lift-7cd2edab64dc.txt	cd477e782247
7	5907.w4lift-a8d3c9324eac.txt	5907.w4lift-80c95286cd7c.txt	7dae29ff7561
7	5907.w4lift-a8d3c9324eac.txt	5907.w4lift-82caf1ba27e5.txt	b426a4d5583d
7	5907.w4lift-a8d3c9324eac.txt	5907.w4lift-863de61b836a.txt	ab88abce72ba
7	5907.w4lift-a8d3c9324eac.txt	5907.w4lift-8966629ce152.txt	e05f876a6f8d
7	5907.w4lift-a8d3c9324eac.txt	5907.w4lift-89b3167f9583.txt	6c0329aa4489
7	5907.w4lift-a8d3c9324eac.txt	5907.w4lift-912bd909d2b6.txt	1e97b4d2bd18
7	5907.w4lift-a8d3c9324eac.txt	5907.w4lift-912bd909d2b6.txt	e8010fda4ae9
7	5907.w4lift-a8d3c9324eac.txt	5907.w4lift-9b4bc5700c90.txt	1ff5160db856
7	5907.w4lift-a8d3c9324eac.txt	5907.w4lift-a6df35bc4b74.txt	f489418a0205
7	5907.w4lift-a8d3c9324eac.txt	5907.w4lift-a82143024d2d.txt	62a74ce65faa
7	5907.w4lift-a8d3c9324eac.txt	5907.w4lift-a82143024d2d.txt	b13177991e02
7	5907.w4lift-a8d3c9324eac.txt	5907.w4lift-ab80c9a45344.txt	ca8cdf9cdda3
7	5907.w4lift-a8d3c9324eac.txt	5907.w4lift-ae466549a0d9.txt	a3a1b2ef43a0
7	5907.w4lift-a8d3c9324eac.txt	5907.w4lift-af7c897a8903.txt	ab88abce72ba
7	5907.w4lift-a8d3c9324eac.txt	5907.w4lift-b4e57551e32a.txt	176d3814e13d
7	5907.w4lift-a8d3c9324eac.txt	5907.w4lift-b66c35732a00.txt	c8cd712ae7b0
7	5907.w4lift-a8d3c9324eac.txt	5907.w4lift-b7a548d5f629.txt	429db3717944
7	5907.w4lift-a8d3c9324eac.txt	5907.w4lift-b7a548d5f629.txt	b081b754d26e
7	5907.w4lift-a8d3c9324eac.txt	5907.w4lift-b91f5e2f34a2.txt	e2381e7cebff
7	5907.w4lift-a8d3c9324eac.txt	5907.w4lift-caeaa9e5ac42.txt	374c09e1b5b9
7	5907.w4lift-a8d3c9324eac.txt	5907.w4lift-cb7d99c78307.txt	ab88abce72ba
7	5907.w4lift-a8d3c9324eac.txt	5907.w4lift-d213b0754523.txt	9d8393a2cbd2
7	5907.w4lift-a8d3c9324eac.txt	5907.w4lift-d742e5e60c6f.txt	1293f7787f8a
7	5907.w4lift-a8d3c9324eac.txt	5907.w4lift-dcd0ec0a1fc5.txt	b45834e9d420
7	5907.w4lift-a8d3c9324eac.txt	5907.w4lift-dd250dd876cd.txt	fa53bebb0c07
7	5907.w4lift-a8d3c9324eac.txt	5907.w4lift-dff914259b29.txt	487b3aecfeb2
7	5907.w4lift-a8d3c9324eac.txt	5907.w4lift-e0368a011e8c.txt	37cc3a8e114c
7	5907.w4lift-a8d3c9324eac.txt	5907.w4lift-e04faca1c06c.txt	ab88abce72ba
7	5907.w4lift-a8d3c9324eac.txt	5907.w4lift-e0fa39144639.txt	a003705bbbb1
7	5907.w4lift-a8d3c9324eac.txt	5907.w4lift-e0fb9d13de61.txt	833239f93d60
7	5907.w4lift-a8d3c9324eac.txt	5907.w4lift-e2841ecca038.txt	5581e578134b
7	5907.w4lift-a8d3c9324eac.txt	5907.w4lift-e2841ecca038.txt	d0a01a1ac47d
7	5907.w4lift-a8d3c9324eac.txt	5907.w4lift-e45b90b0a767.txt	a7aabea675cc
7	5907.w4lift-a8d3c9324eac.txt	5907.w4lift-f6b8b0e6314c.txt	e616c3f821ef
7	5907.w4lift-a8d3c9324eac.txt	5907.w4lift-f859791b1e8e.txt	c1f9c93a5c27
7	5907.w4lift-a8d3c9324eac.txt	5907.w4lift-faafae8fcdaa.txt	7f1b18477bd6
7	5907.w4lift-a8d3c9324eac.txt	5907.w4lift-fc5c70dfb561.txt	9c07b36d20b9
7	5907.w4lift-a8d3c9324eac.txt	5907.w4lift-fd06a0493fef.txt	3c7f124adbf2
7	5907.w4lift-a8df79730981.txt	5907.w4lift-21c8ba249965.txt	9a1f3be55831
7	5907.w4lift-a8df79730981.txt	5907.w4lift-21c8ba249965.txt	af1df8c730b3
7	5907.w4lift-a8df79730981.txt	5907.w4lift-66b2c7d03250.txt	32eb67461a38
7	5907.w4lift-a8df79730981.txt	5907.w4lift-8ce70b7ef3d2.txt	51c13efc7a14
7	5907.w4lift-a8df79730981.txt	5907.w4lift-a95d4a041543.txt	ab88abce72ba
7	5907.w4lift-a8df79730981.txt	5907.w4lift-f579467e871c.txt	ab88abce72ba
7	5907.w4lift-a95d4a041543.txt	5907.w4lift-0e8d65c99b5b.txt	51c13efc7a14
7	5907.w4lift-a95d4a041543.txt	5907.w4lift-4ba002a69c4f.txt	ab88abce72ba
7	5907.w4lift-a95d4a041543.txt	5907.w4lift-66b2c7d03250.txt	172c8ba32158
7	5907.w4lift-a95d4a041543.txt	5907.w4lift-78ea814960f7.txt	9a1f3be55831
7	5907.w4lift-a95d4a041543.txt	5907.w4lift-78ea814960f7.txt	af1df8c730b3
7	5907.w4lift-a95d4a041543.txt	5907.w4lift-9d46965eac6f.txt	32eb67461a38
7	5907.w4lift-a95d4a041543.txt	5907.w4lift-a8df79730981.txt	ab88abce72ba
7	5907.w4lift-a95d4a041543.txt	5907.w4lift-f579467e871c.txt	9729dc5f53f8
7	5907.w4lift-ab80c9a45344.txt	5907.w4lift-097d01eaddb9.txt	65b9d86f9b57
7	5907.w4lift-ab80c9a45344.txt	5907.w4lift-1ba050a47f0b.txt	21a14dac12e8
7	5907.w4lift-ab80c9a45344.txt	5907.w4lift-3359ccc27832.txt	02eb9e2292e4
7	5907.w4lift-ab80c9a45344.txt	5907.w4lift-352479dbf208.txt	969165258934
7	5907.w4lift-ab80c9a45344.txt	5907.w4lift-3580a08a5c73.txt	b3e25e414908
7	5907.w4lift-ab80c9a45344.txt	5907.w4lift-37386755df59.txt	a805ea3de51d
7	5907.w4lift-ab80c9a45344.txt	5907.w4lift-3ce63a53cf1a.txt	7c2769543fc5
7	5907.w4lift-ab80c9a45344.txt	5907.w4lift-40dae53e6185.txt	02eb9e2292e4
7	5907.w4lift-ab80c9a45344.txt	5907.w4lift-430092f5780f.txt	5e303fc5a688
7	5907.w4lift-ab80c9a45344.txt	5907.w4lift-4614701d0920.txt	96ebdab07f84
7	5907.w4lift-ab80c9a45344.txt	5907.w4lift-4a5b17090e74.txt	ab88abce72ba
7	5907.w4lift-ab80c9a45344.txt	5907.w4lift-508210674d85.txt	f489418a0205
7	5907.w4lift-ab80c9a45344.txt	5907.w4lift-53542138d1b5.txt	e50393a8ba1d
7	5907.w4lift-ab80c9a45344.txt	5907.w4lift-540198536578.txt	f87b924fc4aa
7	5907.w4lift-ab80c9a45344.txt	5907.w4lift-5f95afa2454b.txt	a805ea3de51d
7	5907.w4lift-ab80c9a45344.txt	5907.w4lift-65fb95f576e7.txt	0df6c6a90182
7	5907.w4lift-ab80c9a45344.txt	5907.w4lift-684436c46755.txt	cf81c5206273
7	5907.w4lift-ab80c9a45344.txt	5907.w4lift-6e905a492084.txt	8373a022eef2
7	5907.w4lift-ab80c9a45344.txt	5907.w4lift-7cd2edab64dc.txt	b1be0f46d82c
7	5907.w4lift-ab80c9a45344.txt	5907.w4lift-80c95286cd7c.txt	92782df6e5d5
7	5907.w4lift-ab80c9a45344.txt	5907.w4lift-82caf1ba27e5.txt	ab88abce72ba
7	5907.w4lift-ab80c9a45344.txt	5907.w4lift-863de61b836a.txt	781dcd7d819f
7	5907.w4lift-ab80c9a45344.txt	5907.w4lift-86a03197440a.txt	0cf38a094cfc
7	5907.w4lift-ab80c9a45344.txt	5907.w4lift-8824a6971c2e.txt	77edc40696c8
7	5907.w4lift-ab80c9a45344.txt	5907.w4lift-8e5ca0ef018c.txt	2dcd6251565a
7	5907.w4lift-ab80c9a45344.txt	5907.w4lift-912bd909d2b6.txt	d6c04566fc39
7	5907.w4lift-ab80c9a45344.txt	5907.w4lift-a7bbb73953d8.txt	ebdcc2d4d36c
7	5907.w4lift-ab80c9a45344.txt	5907.w4lift-a82143024d2d.txt	52066a3cc9fc
7	5907.w4lift-ab80c9a45344.txt	5907.w4lift-a8d3c9324eac.txt	cbba85aa08fa
7	5907.w4lift-ab80c9a45344.txt	5907.w4lift-ae466549a0d9.txt	ab88abce72ba
7	5907.w4lift-ab80c9a45344.txt	5907.w4lift-b4e57551e32a.txt	fe3e4c3a8938
7	5907.w4lift-ab80c9a45344.txt	5907.w4lift-bd154fbbf435.txt	429db3717944
7	5907.w4lift-ab80c9a45344.txt	5907.w4lift-bd154fbbf435.txt	b081b754d26e
7	5907.w4lift-ab80c9a45344.txt	5907.w4lift-bfbef8785aff.txt	ab88abce72ba
7	5907.w4lift-ab80c9a45344.txt	5907.w4lift-c5ee76734b4d.txt	cbba85aa08fa
7	5907.w4lift-ab80c9a45344.txt	5907.w4lift-c7b7714127d9.txt	bcd8bf3c0076
7	5907.w4lift-ab80c9a45344.txt	5907.w4lift-c8c5110de4f9.txt	794f3186b56e
7	5907.w4lift-ab80c9a45344.txt	5907.w4lift-ca71ed8496bd.txt	fd3d2036ee73
7	5907.w4lift-ab80c9a45344.txt	5907.w4lift-caeaa9e5ac42.txt	b2d27c6fb87b
7	5907.w4lift-ab80c9a45344.txt	5907.w4lift-cb7d99c78307.txt	794f3186b56e
7	5907.w4lift-ab80c9a45344.txt	5907.w4lift-cba9917bd593.txt	5581e578134b
7	5907.w4lift-ab80c9a45344.txt	5907.w4lift-cba9917bd593.txt	d0a01a1ac47d
7	5907.w4lift-ab80c9a45344.txt	5907.w4lift-d09cda89e063.txt	cf88f66916d6
7	5907.w4lift-ab80c9a45344.txt	5907.w4lift-d155534ea2d4.txt	ab88abce72ba
7	5907.w4lift-ab80c9a45344.txt	5907.w4lift-d742e5e60c6f.txt	d0fa1d8cc35d
7	5907.w4lift-ab80c9a45344.txt	5907.w4lift-db45ebdeed40.txt	df712ba91fb7
7	5907.w4lift-ab80c9a45344.txt	5907.w4lift-dff914259b29.txt	095bfb3dc800
7	5907.w4lift-ab80c9a45344.txt	5907.w4lift-e0368a011e8c.txt	8821c9761a3f
7	5907.w4lift-ab80c9a45344.txt	5907.w4lift-e04faca1c06c.txt	a4d962c8c490
7	5907.w4lift-ab80c9a45344.txt	5907.w4lift-e45b90b0a767.txt	ab88abce72ba
7	5907.w4lift-ab80c9a45344.txt	5907.w4lift-e96c05b05fe9.txt	99fff9a726b2
7	5907.w4lift-ab80c9a45344.txt	5907.w4lift-ebfb75328150.txt	969165258934
7	5907.w4lift-ab80c9a45344.txt	5907.w4lift-ecfe2ba8e511.txt	55ebb8b168a5
7	5907.w4lift-ab80c9a45344.txt	5907.w4lift-f18f663f4c81.txt	a32416d5301e
7	5907.w4lift-ab80c9a45344.txt	5907.w4lift-f6b8b0e6314c.txt	7c184c5270f6
7	5907.w4lift-ab80c9a45344.txt	5907.w4lift-f9f8e9513c54.txt	1b8c339e89cd
7	5907.w4lift-ab80c9a45344.txt	5907.w4lift-fc301bd873cb.txt	d6c04566fc39
7	5907.w4lift-ab9e00d74c88.txt	5907.w4lift-4ad8fd5ffc98.txt	9a1f3be55831
7	5907.w4lift-ab9e00d74c88.txt	5907.w4lift-4ad8fd5ffc98.txt	af1df8c730b3
7	5907.w4lift-ab9e00d74c88.txt	5907.w4lift-595e0c44ab33.txt	ab88abce72ba
7	5907.w4lift-ab9e00d74c88.txt	5907.w4lift-71e2791cb656.txt	68b839f8740c
7	5907.w4lift-ab9e00d74c88.txt	5907.w4lift-99620be6e382.txt	ab88abce72ba
7	5907.w4lift-ab9e00d74c88.txt	5907.w4lift-b98356445406.txt	51c13efc7a14
7	5907.w4lift-ab9e00d74c88.txt	5907.w4lift-f7317cf14b6e.txt	28343f6d7386
7	5907.w4lift-ab9e00d74c88.txt	5907.w4lift-fc567658fc77.txt	4ecba60aa35e
7	5907.w4lift-abbf0b83f5f2.txt	5907.w4lift-0418cb9260ae.txt	ab88abce72ba
7	5907.w4lift-abbf0b83f5f2.txt	5907.w4lift-24c96c5696c8.txt	51c13efc7a14
7	5907.w4lift-abbf0b83f5f2.txt	5907.w4lift-4ad8fd5ffc98.txt	ab88abce72ba
7	5907.w4lift-abbf0b83f5f2.txt	5907.w4lift-99620be6e382.txt	9a1f3be55831
7	5907.w4lift-abbf0b83f5f2.txt	5907.w4lift-99620be6e382.txt	af1df8c730b3
7	5907.w4lift-abbf0b83f5f2.txt	5907.w4lift-b98356445406.txt	32eb67461a38
7	5907.w4lift-acbfa8ecd5d2.txt	5907.w4lift-283417bf9ebe.txt	4004c6042131
7	5907.w4lift-acbfa8ecd5d2.txt	5907.w4lift-283417bf9ebe.txt	9233133e9c39
7	5907.w4lift-acbfa8ecd5d2.txt	5907.w4lift-99bffbb3f20d.txt	ab88abce72ba
7	5907.w4lift-ad38ede453dd.txt	5907.w4lift-35edee9781b6.txt	ab88abce72ba
7	5907.w4lift-ad38ede453dd.txt	5907.w4lift-3ff30ff747e3.txt	28e415dd7f02
7	5907.w4lift-ad38ede453dd.txt	5907.w4lift-3ff30ff747e3.txt	c26c151d9d54
7	5907.w4lift-ad38ede453dd.txt	5907.w4lift-7451833431e1.txt	b0362bc0097e
7	5907.w4lift-ad38ede453dd.txt	5907.w4lift-ff972a34b4aa.txt	ab88abce72ba
7	5907.w4lift-ae466549a0d9.txt	5907.w4lift-097d01eaddb9.txt	0c1ecc350843
7	5907.w4lift-ae466549a0d9.txt	5907.w4lift-1ba050a47f0b.txt	e0ba5cd5244d
7	5907.w4lift-ae466549a0d9.txt	5907.w4lift-3359ccc27832.txt	61e671455635
7	5907.w4lift-ae466549a0d9.txt	5907.w4lift-352479dbf208.txt	a805ea3de51d
7	5907.w4lift-ae466549a0d9.txt	5907.w4lift-3580a08a5c73.txt	ba64a6bdcb29
7	5907.w4lift-ae466549a0d9.txt	5907.w4lift-37386755df59.txt	9943a7ddc283
7	5907.w4lift-ae466549a0d9.txt	5907.w4lift-3ce63a53cf1a.txt	ab88abce72ba
7	5907.w4lift-ae466549a0d9.txt	5907.w4lift-40dae53e6185.txt	0ad29fbab280
7	5907.w4lift-ae466549a0d9.txt	5907.w4lift-430092f5780f.txt	49d4d9e84135
7	5907.w4lift-ae466549a0d9.txt	5907.w4lift-4614701d0920.txt	429db3717944
7	5907.w4lift-ae466549a0d9.txt	5907.w4lift-4614701d0920.txt	b081b754d26e
7	5907.w4lift-ae466549a0d9.txt	5907.w4lift-4a5b17090e74.txt	2257058c3d2d
7	5907.w4lift-ae466549a0d9.txt	5907.w4lift-53542138d1b5.txt	f08b1ddb7e4d
7	5907.w4lift-ae466549a0d9.txt	5907.w4lift-540198536578.txt	84a31d178833
7	5907.w4lift-ae466549a0d9.txt	5907.w4lift-5f95afa2454b.txt	ab88abce72ba
7	5907.w4lift-ae466549a0d9.txt	5907.w4lift-65fb95f576e7.txt	ab88abce72ba
7	5907.w4lift-ae466549a0d9.txt	5907.w4lift-684436c46755.txt	1b8c339e89cd
7	5907.w4lift-ae466549a0d9.txt	5907.w4lift-6e6b2c468f32.txt	cf88f66916d6
7	5907.w4lift-ae466549a0d9.txt	5907.w4lift-6e905a492084.txt	f550b887608a
7	5907.w4lift-ae466549a0d9.txt	5907.w4lift-7cd2edab64dc.txt	0485c22c758e
7	5907.w4lift-ae466549a0d9.txt	5907.w4lift-80c95286cd7c.txt	ddc1e5a5e22d
7	5907.w4lift-ae466549a0d9.txt	5907.w4lift-82caf1ba27e5.txt	4d9a21b2c945
7	5907.w4lift-ae466549a0d9.txt	5907.w4lift-863de61b836a.txt	90628da2dd0c
7	5907.w4lift-ae466549a0d9.txt	5907.w4lift-863de61b836a.txt	a9604abeb264
7	5907.w4lift-ae466549a0d9.txt	5907.w4lift-86a03197440a.txt	55ebb8b168a5
7	5907.w4lift-ae466549a0d9.txt	5907.w4lift-8824a6971c2e.txt	99fff9a726b2
7	5907.w4lift-ae466549a0d9.txt	5907.w4lift-89b3167f9583.txt	8821c9761a3f
7	5907.w4lift-ae466549a0d9.txt	5907.w4lift-912bd909d2b6.txt	ab88abce72ba
7	5907.w4lift-ae466549a0d9.txt	5907.w4lift-a7bbb73953d8.txt	fd3d2036ee73
7	5907.w4lift-ae466549a0d9.txt	5907.w4lift-a82143024d2d.txt	39ea17aa2020
7	5907.w4lift-ae466549a0d9.txt	5907.w4lift-a8d3c9324eac.txt	947fefee2ce1
7	5907.w4lift-ae466549a0d9.txt	5907.w4lift-ab80c9a45344.txt	ab88abce72ba
7	5907.w4lift-ae466549a0d9.txt	5907.w4lift-b4e57551e32a.txt	92782df6e5d5
7	5907.w4lift-ae466549a0d9.txt	5907.w4lift-bca46e18f77b.txt	2dcd6251565a
7	5907.w4lift-ae466549a0d9.txt	5907.w4lift-bd154fbbf435.txt	66c7854e6888
7	5907.w4lift-ae466549a0d9.txt	5907.w4lift-bfbef8785aff.txt	b1be0f46d82c
7	5907.w4lift-ae466549a0d9.txt	5907.w4lift-c5ee76734b4d.txt	d85cb56ed236
7	5907.w4lift-ae466549a0d9.txt	5907.w4lift-c7b7714127d9.txt	e50393a8ba1d
7	5907.w4lift-ae466549a0d9.txt	5907.w4lift-c8c5110de4f9.txt	868b50be85a4
7	5907.w4lift-ae466549a0d9.txt	5907.w4lift-ca71ed8496bd.txt	b71368c91055
7	5907.w4lift-ae466549a0d9.txt	5907.w4lift-caeaa9e5ac42.txt	8373a022eef2
7	5907.w4lift-ae466549a0d9.txt	5907.w4lift-cb7d99c78307.txt	e8e466f2309f
7	5907.w4lift-ae466549a0d9.txt	5907.w4lift-d155534ea2d4.txt	49c5410504fe
7	5907.w4lift-ae466549a0d9.txt	5907.w4lift-d742e5e60c6f.txt	b1be0f46d82c
7	5907.w4lift-ae466549a0d9.txt	5907.w4lift-d946605e111b.txt	f489418a0205
7	5907.w4lift-ae466549a0d9.txt	5907.w4lift-db45ebdeed40.txt	f87b924fc4aa
7	5907.w4lift-ae466549a0d9.txt	5907.w4lift-dff914259b29.txt	ab88abce72ba
7	5907.w4lift-ae466549a0d9.txt	5907.w4lift-e04faca1c06c.txt	fe22f3e91d6f
7	5907.w4lift-ae466549a0d9.txt	5907.w4lift-e45b90b0a767.txt	4c6e579a7560
7	5907.w4lift-ae466549a0d9.txt	5907.w4lift-e45b90b0a767.txt	72d376c5571d
7	5907.w4lift-ae466549a0d9.txt	5907.w4lift-e7ee0cc9c017.txt	5581e578134b
7	5907.w4lift-ae466549a0d9.txt	5907.w4lift-e7ee0cc9c017.txt	d0a01a1ac47d
7	5907.w4lift-ae466549a0d9.txt	5907.w4lift-e96c05b05fe9.txt	5c5648cddbd6
7	5907.w4lift-ae466549a0d9.txt	5907.w4lift-ebfb75328150.txt	d6c04566fc39
7	5907.w4lift-ae466549a0d9.txt	5907.w4lift-ecfe2ba8e511.txt	a1764f88e216
7	5907.w4lift-ae466549a0d9.txt	5907.w4lift-f18f663f4c81.txt	8f5cf69c5f7c
7	5907.w4lift-ae466549a0d9.txt	5907.w4lift-f6b8b0e6314c.txt	92cca1ec54bb
7	5907.w4lift-ae466549a0d9.txt	5907.w4lift-f9f8e9513c54.txt	8439efc11368
7	5907.w4lift-ae466549a0d9.txt	5907.w4lift-fc301bd873cb.txt	7f04bb1041b3
7	5907.w4lift-ae6af3254cbe.txt	5907.w4lift-0531d212f9bb.txt	5c5648cddbd6
7	5907.w4lift-ae6af3254cbe.txt	5907.w4lift-0709deed1cd4.txt	a1764f88e216
7	5907.w4lift-ae6af3254cbe.txt	5907.w4lift-097d01eaddb9.txt	ba64a6bdcb29
7	5907.w4lift-ae6af3254cbe.txt	5907.w4lift-0fc17b401159.txt	cf88f66916d6
7	5907.w4lift-ae6af3254cbe.txt	5907.w4lift-177bb009e3ce.txt	8f5cf69c5f7c
7	5907.w4lift-ae6af3254cbe.txt	5907.w4lift-1c7e3360c98f.txt	49c5410504fe
7	5907.w4lift-ae6af3254cbe.txt	5907.w4lift-204625f89751.txt	e853ab8baae5
7	5907.w4lift-ae6af3254cbe.txt	5907.w4lift-231c44b74cdf.txt	e0ba5cd5244d
7	5907.w4lift-ae6af3254cbe.txt	5907.w4lift-45a4ff8466a7.txt	8439efc11368
7	5907.w4lift-ae6af3254cbe.txt	5907.w4lift-4614701d0920.txt	84a31d178833
7	5907.w4lift-ae6af3254cbe.txt	5907.w4lift-4ab0903ef5f4.txt	49d4d9e84135
7	5907.w4lift-ae6af3254cbe.txt	5907.w4lift-508210674d85.txt	ab88abce72ba
7	5907.w4lift-ae6af3254cbe.txt	5907.w4lift-540198536578.txt	746b5fef63fc
7	5907.w4lift-ae6af3254cbe.txt	5907.w4lift-58984281bc50.txt	1b8c339e89cd
7	5907.w4lift-ae6af3254cbe.txt	5907.w4lift-5ffba5cc4529.txt	ab88abce72ba
7	5907.w4lift-ae6af3254cbe.txt	5907.w4lift-644e04797cd3.txt	573b5918fcfd
7	5907.w4lift-ae6af3254cbe.txt	5907.w4lift-684436c46755.txt	f87b924fc4aa
7	5907.w4lift-ae6af3254cbe.txt	5907.w4lift-6d19c9f1455d.txt	99fff9a726b2
7	5907.w4lift-ae6af3254cbe.txt	5907.w4lift-6e6b2c468f32.txt	0485c22c758e
7	5907.w4lift-ae6af3254cbe.txt	5907.w4lift-6ec79809fccc.txt	921653b5f057
7	5907.w4lift-ae6af3254cbe.txt	5907.w4lift-71600a834959.txt	ab88abce72ba
7	5907.w4lift-ae6af3254cbe.txt	5907.w4lift-7cd2edab64dc.txt	62a74ce65faa
7	5907.w4lift-ae6af3254cbe.txt	5907.w4lift-7cd2edab64dc.txt	b13177991e02
7	5907.w4lift-ae6af3254cbe.txt	5907.w4lift-82caf1ba27e5.txt	b98392e1d7a6
7	5907.w4lift-ae6af3254cbe.txt	5907.w4lift-846d5062c405.txt	b1be0f46d82c
7	5907.w4lift-ae6af3254cbe.txt	5907.w4lift-86a03197440a.txt	f08b1ddb7e4d
7	5907.w4lift-ae6af3254cbe.txt	5907.w4lift-8824a6971c2e.txt	e50393a8ba1d
7	5907.w4lift-ae6af3254cbe.txt	5907.w4lift-90338d0577bd.txt	ab88abce72ba
7	5907.w4lift-ae6af3254cbe.txt	5907.w4lift-97d2d8784e2f.txt	39ea17aa2020
7	5907.w4lift-ae6af3254cbe.txt	5907.w4lift-a6df35bc4b74.txt	d85cb56ed236
7	5907.w4lift-ae6af3254cbe.txt	5907.w4lift-a82143024d2d.txt	a9c76f6fbb61
7	5907.w4lift-ae6af3254cbe.txt	5907.w4lift-b18d3ecda2e7.txt	7f04bb1041b3
7	5907.w4lift-ae6af3254cbe.txt	5907.w4lift-b2702baa553d.txt	90628da2dd0c
7	5907.w4lift-ae6af3254cbe.txt	5907.w4lift-b2702baa553d.txt	a9604abeb264
7	5907.w4lift-ae6af3254cbe.txt	5907.w4lift-b7a548d5f629.txt	0c1ecc350843
7	5907.w4lift-ae6af3254cbe.txt	5907.w4lift-bd154fbbf435.txt	b1be0f46d82c
7	5907.w4lift-ae6af3254cbe.txt	5907.w4lift-cba9917bd593.txt	83d54a67702c
7	5907.w4lift-ae6af3254cbe.txt	5907.w4lift-d09cda89e063.txt	4d9a21b2c945
7	5907.w4lift-ae6af3254cbe.txt	5907.w4lift-d742e5e60c6f.txt	c6fe0326a117
7	5907.w4lift-ae6af3254cbe.txt	5907.w4lift-d946605e111b.txt	4c6e579a7560
7	5907.w4lift-ae6af3254cbe.txt	5907.w4lift-d946605e111b.txt	72d376c5571d
7	5907.w4lift-ae6af3254cbe.txt	5907.w4lift-dcd0ec0a1fc5.txt	429db3717944
7	5907.w4lift-ae6af3254cbe.txt	5907.w4lift-dcd0ec0a1fc5.txt	b081b754d26e
7	5907.w4lift-ae6af3254cbe.txt	5907.w4lift-df0078a194a0.txt	61e671455635
7	5907.w4lift-ae6af3254cbe.txt	5907.w4lift-dff914259b29.txt	39b993f37fda
7	5907.w4lift-ae6af3254cbe.txt	5907.w4lift-e0fa39144639.txt	f489418a0205
7	5907.w4lift-ae6af3254cbe.txt	5907.w4lift-e45b90b0a767.txt	156e559f9324
7	5907.w4lift-ae6af3254cbe.txt	5907.w4lift-e768827496d4.txt	d6c04566fc39
7	5907.w4lift-ae6af3254cbe.txt	5907.w4lift-e7ee0cc9c017.txt	e1d1870a78cd
7	5907.w4lift-ae6af3254cbe.txt	5907.w4lift-e96c05b05fe9.txt	fd3d2036ee73
7	5907.w4lift-ae6af3254cbe.txt	5907.w4lift-eb9a0d99f5fb.txt	ab88abce72ba
7	5907.w4lift-ae6af3254cbe.txt	5907.w4lift-ec915ed4bfb3.txt	868b50be85a4
7	5907.w4lift-ae6af3254cbe.txt	5907.w4lift-ecfe2ba8e511.txt	b71368c91055
7	5907.w4lift-ae6af3254cbe.txt	5907.w4lift-f2708ef02d1a.txt	4f671bc3d3f3
7	5907.w4lift-ae6af3254cbe.txt	5907.w4lift-f859791b1e8e.txt	55ebb8b168a5
7	5907.w4lift-ae6af3254cbe.txt	5907.w4lift-f9f8e9513c54.txt	ab88abce72ba
7	5907.w4lift-ae6af3254cbe.txt	5907.w4lift-faafae8fcdaa.txt	66c7854e6888
7	5907.w4lift-ae6af3254cbe.txt	5907.w4lift-fb688ec5c017.txt	0ad29fbab280
7	5907.w4lift-ae6af3254cbe.txt	5907.w4lift-fc301bd873cb.txt	5581e578134b
7	5907.w4lift-ae6af3254cbe.txt	5907.w4lift-fc301bd873cb.txt	d0a01a1ac47d
7	5907.w4lift-af7c897a8903.txt	5907.w4lift-0531d212f9bb.txt	a970d6913215
7	5907.w4lift-af7c897a8903.txt	5907.w4lift-06b66ef7470f.txt	2e62188e3c8b
7	5907.w4lift-af7c897a8903.txt	5907.w4lift-06b66ef7470f.txt	48f9270682d9
7	5907.w4lift-af7c897a8903.txt	5907.w4lift-0709deed1cd4.txt	d04f36d11055
7	5907.w4lift-af7c897a8903.txt	5907.w4lift-08210f1c16a0.txt	3ec33775c7bd
7	5907.w4lift-af7c897a8903.txt	5907.w4lift-0dff9daccaa8.txt	ab88abce72ba
7	5907.w4lift-af7c897a8903.txt	5907.w4lift-169e64bca870.txt	ab88abce72ba
7	5907.w4lift-af7c897a8903.txt	5907.w4lift-16dd1019b651.txt	e616c3f821ef
7	5907.w4lift-af7c897a8903.txt	5907.w4lift-1da61b5817e6.txt	9d8393a2cbd2
7	5907.w4lift-af7c897a8903.txt	5907.w4lift-204625f89751.txt	156e559f9324
7	5907.w4lift-af7c897a8903.txt	5907.w4lift-2344c04ea5dd.txt	46267e810eac
7	5907.w4lift-af7c897a8903.txt	5907.w4lift-2914e81572fa.txt	fa53bebb0c07
7	5907.w4lift-af7c897a8903.txt	5907.w4lift-3359ccc27832.txt	ab88abce72ba
7	5907.w4lift-af7c897a8903.txt	5907.w4lift-352479dbf208.txt	162b937cfcd8
7	5907.w4lift-af7c897a8903.txt	5907.w4lift-37386755df59.txt	1fbf82fb2187
7	5907.w4lift-af7c897a8903.txt	5907.w4lift-386272df4871.txt	dbb15d86868a
7	5907.w4lift-af7c897a8903.txt	5907.w4lift-3d4579051d3f.txt	2e62188e3c8b
7	5907.w4lift-af7c897a8903.txt	5907.w4lift-3d4579051d3f.txt	48f9270682d9
7	5907.w4lift-af7c897a8903.txt	5907.w4lift-4034f85f00ec.txt	c89c9cf370a2
7	5907.w4lift-af7c897a8903.txt	5907.w4lift-45a4ff8466a7.txt	0ce7fb1aec46
7	5907.w4lift-af7c897a8903.txt	5907.w4lift-473fc5e1c91e.txt	0639dfc60058
7	5907.w4lift-af7c897a8903.txt	5907.w4lift-4a5b17090e74.txt	a8af7d1d0d1f
7	5907.w4lift-af7c897a8903.txt	5907.w4lift-546a47a518b6.txt	ada84d0153fa
7	5907.w4lift-af7c897a8903.txt	5907.w4lift-55201236e530.txt	f0b55e37fe22
7	5907.w4lift-af7c897a8903.txt	5907.w4lift-580a6b2415c2.txt	cf88f66916d6
7	5907.w4lift-af7c897a8903.txt	5907.w4lift-58984281bc50.txt	bcf19a50a353
7	5907.w4lift-af7c897a8903.txt	5907.w4lift-644e04797cd3.txt	62a74ce65faa
7	5907.w4lift-af7c897a8903.txt	5907.w4lift-644e04797cd3.txt	b13177991e02
7	5907.w4lift-af7c897a8903.txt	5907.w4lift-69ed3f34a123.txt	5581e578134b
7	5907.w4lift-af7c897a8903.txt	5907.w4lift-69ed3f34a123.txt	d0a01a1ac47d
7	5907.w4lift-af7c897a8903.txt	5907.w4lift-6d19c9f1455d.txt	ac42fcb14bfc
7	5907.w4lift-af7c897a8903.txt	5907.w4lift-76a1eae91ca0.txt	bb0325078ded
7	5907.w4lift-af7c897a8903.txt	5907.w4lift-7714757d2e9e.txt	4c4f2d1a4871
7	5907.w4lift-af7c897a8903.txt	5907.w4lift-8966629ce152.txt	78a113fc5546
7	5907.w4lift-af7c897a8903.txt	5907.w4lift-89b3167f9583.txt	959edf9574a8
7	5907.w4lift-af7c897a8903.txt	5907.w4lift-912bd909d2b6.txt	27becabec391
7	5907.w4lift-af7c897a8903.txt	5907.w4lift-9b264f72a9b4.txt	e616c3f821ef
7	5907.w4lift-af7c897a8903.txt	5907.w4lift-9b4bc5700c90.txt	6a51a52b89c4
7	5907.w4lift-af7c897a8903.txt	5907.w4lift-a6df35bc4b74.txt	f76742e7df1c
7	5907.w4lift-af7c897a8903.txt	5907.w4lift-a8d3c9324eac.txt	ab88abce72ba
7	5907.w4lift-af7c897a8903.txt	5907.w4lift-b66c35732a00.txt	429db3717944
7	5907.w4lift-af7c897a8903.txt	5907.w4lift-b66c35732a00.txt	b081b754d26e
7	5907.w4lift-af7c897a8903.txt	5907.w4lift-b7a548d5f629.txt	6e21f7e985fe
7	5907.w4lift-af7c897a8903.txt	5907.w4lift-b91f5e2f34a2.txt	f489418a0205
7	5907.w4lift-af7c897a8903.txt	5907.w4lift-dbf70f871210.txt	ab88abce72ba
7	5907.w4lift-af7c897a8903.txt	5907.w4lift-dcd0ec0a1fc5.txt	e0be9b4548fa
7	5907.w4lift-af7c897a8903.txt	5907.w4lift-e0368a011e8c.txt	1953b28ffc27
7	5907.w4lift-af7c897a8903.txt	5907.w4lift-e04faca1c06c.txt	5aceefba3b64
7	5907.w4lift-af7c897a8903.txt	5907.w4lift-e0fa39144639.txt	1e48e92e2bca
7	5907.w4lift-af7c897a8903.txt	5907.w4lift-e0fb9d13de61.txt	ab88abce72ba
7	5907.w4lift-af7c897a8903.txt	5907.w4lift-e2841ecca038.txt	b7bc7337f220
7	5907.w4lift-af7c897a8903.txt	5907.w4lift-f18f663f4c81.txt	746b5fef63fc
7	5907.w4lift-af7c897a8903.txt	5907.w4lift-f859791b1e8e.txt	4ce48a92b573
7	5907.w4lift-af7c897a8903.txt	5907.w4lift-faafae8fcdaa.txt	c672adfe27ca
7	5907.w4lift-af7c897a8903.txt	5907.w4lift-fc5c70dfb561.txt	c50b4b5b313f
7	5907.w4lift-af7c897a8903.txt	5907.w4lift-fd06a0493fef.txt	c9d65fee4f73
7	5907.w4lift-b18d3ecda2e7.txt	5907.w4lift-0531d212f9bb.txt	fd3d2036ee73
7	5907.w4lift-b18d3ecda2e7.txt	5907.w4lift-0709deed1cd4.txt	96c7e62b0db1
7	5907.w4lift-b18d3ecda2e7.txt	5907.w4lift-08210f1c16a0.txt	5581e578134b
7	5907.w4lift-b18d3ecda2e7.txt	5907.w4lift-08210f1c16a0.txt	d0a01a1ac47d
7	5907.w4lift-b18d3ecda2e7.txt	5907.w4lift-097d01eaddb9.txt	5135b7adb396
7	5907.w4lift-b18d3ecda2e7.txt	5907.w4lift-0dff9daccaa8.txt	c62a03f346cf
7	5907.w4lift-b18d3ecda2e7.txt	5907.w4lift-0fc17b401159.txt	38fa2979bd03
7	5907.w4lift-b18d3ecda2e7.txt	5907.w4lift-177bb009e3ce.txt	af79b06ba137
7	5907.w4lift-b18d3ecda2e7.txt	5907.w4lift-1c7e3360c98f.txt	ab88abce72ba
7	5907.w4lift-b18d3ecda2e7.txt	5907.w4lift-231c44b74cdf.txt	bfd1c873c831
7	5907.w4lift-b18d3ecda2e7.txt	5907.w4lift-319dff1ab25a.txt	0df6c6a90182
7	5907.w4lift-b18d3ecda2e7.txt	5907.w4lift-45a4ff8466a7.txt	ab88abce72ba
7	5907.w4lift-b18d3ecda2e7.txt	5907.w4lift-4614701d0920.txt	5ff76078c599
7	5907.w4lift-b18d3ecda2e7.txt	5907.w4lift-473fc5e1c91e.txt	c6701c2a9601
7	5907.w4lift-b18d3ecda2e7.txt	5907.w4lift-4cb3167d35ed.txt	095bfb3dc800
7	5907.w4lift-b18d3ecda2e7.txt	5907.w4lift-4d47295ca519.txt	f4276d62e543
7	5907.w4lift-b18d3ecda2e7.txt	5907.w4lift-508210674d85.txt	83d54a67702c
7	5907.w4lift-b18d3ecda2e7.txt	5907.w4lift-5742f21eca2d.txt	ab88abce72ba
7	5907.w4lift-b18d3ecda2e7.txt	5907.w4lift-580a6b2415c2.txt	c7e7cc660163
7	5907.w4lift-b18d3ecda2e7.txt	5907.w4lift-58984281bc50.txt	0df6c6a90182
7	5907.w4lift-b18d3ecda2e7.txt	5907.w4lift-5f95afa2454b.txt	fecd684a9442
7	5907.w4lift-b18d3ecda2e7.txt	5907.w4lift-5ffba5cc4529.txt	4c6e579a7560
7	5907.w4lift-b18d3ecda2e7.txt	5907.w4lift-5ffba5cc4529.txt	72d376c5571d
7	5907.w4lift-b18d3ecda2e7.txt	5907.w4lift-684436c46755.txt	4ad13835a281
7	5907.w4lift-b18d3ecda2e7.txt	5907.w4lift-69ed3f34a123.txt	09d23aa6b91a
7	5907.w4lift-b18d3ecda2e7.txt	5907.w4lift-6d19c9f1455d.txt	ebdcc2d4d36c
7	5907.w4lift-b18d3ecda2e7.txt	5907.w4lift-6e6b2c468f32.txt	d4ec6aadbefe
7	5907.w4lift-b18d3ecda2e7.txt	5907.w4lift-6e905a492084.txt	7145048de6a4
7	5907.w4lift-b18d3ecda2e7.txt	5907.w4lift-71600a834959.txt	4f671bc3d3f3
7	5907.w4lift-b18d3ecda2e7.txt	5907.w4lift-80c95286cd7c.txt	41a730999ec8
7	5907.w4lift-b18d3ecda2e7.txt	5907.w4lift-86a03197440a.txt	5d3074fe7163
7	5907.w4lift-b18d3ecda2e7.txt	5907.w4lift-8824a6971c2e.txt	3a87ef2485a8
7	5907.w4lift-b18d3ecda2e7.txt	5907.w4lift-89b3167f9583.txt	746b5fef63fc
7	5907.w4lift-b18d3ecda2e7.txt	5907.w4lift-8e5ca0ef018c.txt	398028eae919
7	5907.w4lift-b18d3ecda2e7.txt	5907.w4lift-912bd909d2b6.txt	156e559f9324
7	5907.w4lift-b18d3ecda2e7.txt	5907.w4lift-a6df35bc4b74.txt	90628da2dd0c
7	5907.w4lift-b18d3ecda2e7.txt	5907.w4lift-a6df35bc4b74.txt	a9604abeb264
7	5907.w4lift-b18d3ecda2e7.txt	5907.w4lift-ae6af3254cbe.txt	e1d1870a78cd
7	5907.w4lift-b18d3ecda2e7.txt	5907.w4lift-b2702baa553d.txt	921653b5f057
7	5907.w4lift-b18d3ecda2e7.txt	5907.w4lift-b4e57551e32a.txt	223da8cfb8a5
7	5907.w4lift-b18d3ecda2e7.txt	5907.w4lift-b7a548d5f629.txt	eb52f3b0f67b
7	5907.w4lift-b18d3ecda2e7.txt	5907.w4lift-b91f5e2f34a2.txt	61e671455635
7	5907.w4lift-b18d3ecda2e7.txt	5907.w4lift-bca46e18f77b.txt	ab88abce72ba
7	5907.w4lift-b18d3ecda2e7.txt	5907.w4lift-bd154fbbf435.txt	4f8df87699e7
7	5907.w4lift-b18d3ecda2e7.txt	5907.w4lift-caeaa9e5ac42.txt	62a74ce65faa
7	5907.w4lift-b18d3ecda2e7.txt	5907.w4lift-caeaa9e5ac42.txt	b13177991e02
7	5907.w4lift-b18d3ecda2e7.txt	5907.w4lift-d946605e111b.txt	ab88abce72ba
7	5907.w4lift-b18d3ecda2e7.txt	5907.w4lift-dcd0ec0a1fc5.txt	3f6f5c94d76e
7	5907.w4lift-b18d3ecda2e7.txt	5907.w4lift-df0078a194a0.txt	e853ab8baae5
7	5907.w4lift-b18d3ecda2e7.txt	5907.w4lift-e04faca1c06c.txt	9105aba16b54
7	5907.w4lift-b18d3ecda2e7.txt	5907.w4lift-e2841ecca038.txt	2b1829f80cf7
7	5907.w4lift-b18d3ecda2e7.txt	5907.w4lift-e768827496d4.txt	ab88abce72ba
7	5907.w4lift-b18d3ecda2e7.txt	5907.w4lift-e96c05b05fe9.txt	28eb250a68ea
7	5907.w4lift-b18d3ecda2e7.txt	5907.w4lift-ec915ed4bfb3.txt	0ad29fbab280
7	5907.w4lift-b18d3ecda2e7.txt	5907.w4lift-ecfe2ba8e511.txt	eca15bf05f3f
7	5907.w4lift-b18d3ecda2e7.txt	5907.w4lift-f859791b1e8e.txt	182cf9bee74c
7	5907.w4lift-b18d3ecda2e7.txt	5907.w4lift-f9f8e9513c54.txt	1bba2e07446c
7	5907.w4lift-b18d3ecda2e7.txt	5907.w4lift-faafae8fcdaa.txt	b85e26cbabc5
7	5907.w4lift-b18d3ecda2e7.txt	5907.w4lift-fc7d7045a431.txt	be6b4f4e69cf
7	5907.w4lift-b2702baa553d.txt	5907.w4lift-04c898c73c62.txt	e2381e7cebff
7	5907.w4lift-b2702baa553d.txt	5907.w4lift-0531d212f9bb.txt	c1f9c93a5c27
7	5907.w4lift-b2702baa553d.txt	5907.w4lift-0709deed1cd4.txt	0f1e40b2bfba
7	5907.w4lift-b2702baa553d.txt	5907.w4lift-097d01eaddb9.txt	ab88abce72ba
7	5907.w4lift-b2702baa553d.txt	5907.w4lift-177bb009e3ce.txt	833239f93d60
7	5907.w4lift-b2702baa553d.txt	5907.w4lift-1ba050a47f0b.txt	ada84d0153fa
7	5907.w4lift-b2702baa553d.txt	5907.w4lift-1c7e3360c98f.txt	1ff5160db856
7	5907.w4lift-b2702baa553d.txt	5907.w4lift-204625f89751.txt	2e62188e3c8b
7	5907.w4lift-b2702baa553d.txt	5907.w4lift-204625f89751.txt	48f9270682d9
7	5907.w4lift-b2702baa553d.txt	5907.w4lift-208b728dbc49.txt	8e3fa11cbde7
7	5907.w4lift-b2702baa553d.txt	5907.w4lift-231c44b74cdf.txt	c8cd712ae7b0
7	5907.w4lift-b2702baa553d.txt	5907.w4lift-3359ccc27832.txt	9d8393a2cbd2
7	5907.w4lift-b2702baa553d.txt	5907.w4lift-3580a08a5c73.txt	746b5fef63fc
7	5907.w4lift-b2702baa553d.txt	5907.w4lift-3d4579051d3f.txt	f489418a0205
7	5907.w4lift-b2702baa553d.txt	5907.w4lift-45a4ff8466a7.txt	b45834e9d420
7	5907.w4lift-b2702baa553d.txt	5907.w4lift-4614701d0920.txt	8480c2d421f7
7	5907.w4lift-b2702baa553d.txt	5907.w4lift-473fc5e1c91e.txt	cf88f66916d6
7	5907.w4lift-b2702baa553d.txt	5907.w4lift-4ab0903ef5f4.txt	e616c3f821ef
7	5907.w4lift-b2702baa553d.txt	5907.w4lift-508210674d85.txt	80b2932b3a5d
7	5907.w4lift-b2702baa553d.txt	5907.w4lift-58984281bc50.txt	8126cee8c426
7	5907.w4lift-b2702baa553d.txt	5907.w4lift-5ffba5cc4529.txt	c5eefe353bce
7	5907.w4lift-b2702baa553d.txt	5907.w4lift-644e04797cd3.txt	46267e810eac
7	5907.w4lift-b2702baa553d.txt	5907.w4lift-684436c46755.txt	3c7f124adbf2
7	5907.w4lift-b2702baa553d.txt	5907.w4lift-6d19c9f1455d.txt	918cf6abec0b
7	5907.w4lift-b2702baa553d.txt	5907.w4lift-6e6b2c468f32.txt	7dae29ff7561
7	5907.w4lift-b2702baa553d.txt	5907.w4lift-6ec79809fccc.txt	ab88abce72ba
7	5907.w4lift-b2702baa553d.txt	5907.w4lift-71600a834959.txt	af945ab938fd
7	5907.w4lift-b2702baa553d.txt	5907.w4lift-7cd2edab64dc.txt	487b3aecfeb2
7	5907.w4lift-b2702baa553d.txt	5907.w4lift-82caf1ba27e5.txt	b426a4d5583d
7	5907.w4lift-b2702baa553d.txt	5907.w4lift-846d5062c405.txt	176d3814e13d
7	5907.w4lift-b2702baa553d.txt	5907.w4lift-863de61b836a.txt	156e559f9324
7	5907.w4lift-b2702baa553d.txt	5907.w4lift-86a03197440a.txt	b742e93fcefe
7	5907.w4lift-b2702baa553d.txt	5907.w4lift-8824a6971c2e.txt	de447a54d5c6
7	5907.w4lift-b2702baa553d.txt	5907.w4lift-8a8b72923703.txt	72397e2f680a
7	5907.w4lift-b2702baa553d.txt	5907.w4lift-90338d0577bd.txt	374c09e1b5b9
7	5907.w4lift-b2702baa553d.txt	5907.w4lift-97d2d8784e2f.txt	ab88abce72ba
7	5907.w4lift-b2702baa553d.txt	5907.w4lift-a6df35bc4b74.txt	ab88abce72ba
7	5907.w4lift-b2702baa553d.txt	5907.w4lift-a82143024d2d.txt	62a74ce65faa
7	5907.w4lift-b2702baa553d.txt	5907.w4lift-a82143024d2d.txt	b13177991e02
7	5907.w4lift-b2702baa553d.txt	5907.w4lift-ae6af3254cbe.txt	1e97b4d2bd18
7	5907.w4lift-b2702baa553d.txt	5907.w4lift-ae6af3254cbe.txt	e8010fda4ae9
7	5907.w4lift-b2702baa553d.txt	5907.w4lift-b18d3ecda2e7.txt	a003705bbbb1
7	5907.w4lift-b2702baa553d.txt	5907.w4lift-b7a548d5f629.txt	429db3717944
7	5907.w4lift-b2702baa553d.txt	5907.w4lift-b7a548d5f629.txt	b081b754d26e
7	5907.w4lift-b2702baa553d.txt	5907.w4lift-bd154fbbf435.txt	37cc3a8e114c
7	5907.w4lift-b2702baa553d.txt	5907.w4lift-c5ee76734b4d.txt	5581e578134b
7	5907.w4lift-b2702baa553d.txt	5907.w4lift-c5ee76734b4d.txt	d0a01a1ac47d
7	5907.w4lift-b2702baa553d.txt	5907.w4lift-c8c5110de4f9.txt	fa53bebb0c07
7	5907.w4lift-b2702baa553d.txt	5907.w4lift-cba9917bd593.txt	ca8cdf9cdda3
7	5907.w4lift-b2702baa553d.txt	5907.w4lift-d09cda89e063.txt	3848d784e880
7	5907.w4lift-b2702baa553d.txt	5907.w4lift-d742e5e60c6f.txt	1293f7787f8a
7	5907.w4lift-b2702baa553d.txt	5907.w4lift-d946605e111b.txt	1e97b4d2bd18
7	5907.w4lift-b2702baa553d.txt	5907.w4lift-d946605e111b.txt	e8010fda4ae9
7	5907.w4lift-b2702baa553d.txt	5907.w4lift-dcd0ec0a1fc5.txt	64494227b63c
7	5907.w4lift-b2702baa553d.txt	5907.w4lift-df0078a194a0.txt	ab88abce72ba
7	5907.w4lift-b2702baa553d.txt	5907.w4lift-dff914259b29.txt	cd477e782247
7	5907.w4lift-b2702baa553d.txt	5907.w4lift-e768827496d4.txt	ecf03ddecbed
7	5907.w4lift-b2702baa553d.txt	5907.w4lift-e7ee0cc9c017.txt	a7aabea675cc
7	5907.w4lift-b2702baa553d.txt	5907.w4lift-e96c05b05fe9.txt	9c07b36d20b9
7	5907.w4lift-b2702baa553d.txt	5907.w4lift-eb9a0d99f5fb.txt	a3a1b2ef43a0
7	5907.w4lift-b2702baa553d.txt	5907.w4lift-ec915ed4bfb3.txt	74d91872eeb5
7	5907.w4lift-b2702baa553d.txt	5907.w4lift-ecfe2ba8e511.txt	e05f876a6f8d
7	5907.w4lift-b2702baa553d.txt	5907.w4lift-f18f663f4c81.txt	f0b55e37fe22
7	5907.w4lift-b2702baa553d.txt	5907.w4lift-f2708ef02d1a.txt	8504a603e291
7	5907.w4lift-b2702baa553d.txt	5907.w4lift-f859791b1e8e.txt	ae30533f923a
7	5907.w4lift-b2702baa553d.txt	5907.w4lift-f9f8e9513c54.txt	6c0329aa4489
7	5907.w4lift-b2702baa553d.txt	5907.w4lift-faafae8fcdaa.txt	7f1b18477bd6
7	5907.w4lift-b2702baa553d.txt	5907.w4lift-fb688ec5c017.txt	ab88abce72ba
7	5907.w4lift-b2702baa553d.txt	5907.w4lift-fe39239f7468.txt	44bac1587ba9
7	5907.w4lift-b4e57551e32a.txt	5907.w4lift-0dff9daccaa8.txt	14a420b3a5b2
7	5907.w4lift-b4e57551e32a.txt	5907.w4lift-0fc17b401159.txt	49c5410504fe
7	5907.w4lift-b4e57551e32a.txt	5907.w4lift-1c7e3360c98f.txt	c22bfb6473cb
7	5907.w4lift-b4e57551e32a.txt	5907.w4lift-319dff1ab25a.txt	71fce178fd55
7	5907.w4lift-b4e57551e32a.txt	5907.w4lift-352479dbf208.txt	ab88abce72ba
7	5907.w4lift-b4e57551e32a.txt	5907.w4lift-37386755df59.txt	b85e26cbabc5
7	5907.w4lift-b4e57551e32a.txt	5907.w4lift-386272df4871.txt	8821c9761a3f
7	5907.w4lift-b4e57551e32a.txt	5907.w4lift-3ce63a53cf1a.txt	5ff76078c599
7	5907.w4lift-b4e57551e32a.txt	5907.w4lift-40dae53e6185.txt	b506fa9d192d
7	5907.w4lift-b4e57551e32a.txt	5907.w4lift-430092f5780f.txt	32af70a4999e
7	5907.w4lift-b4e57551e32a.txt	5907.w4lift-473fc5e1c91e.txt	f2cd8c1f4d2e
7	5907.w4lift-b4e57551e32a.txt	5907.w4lift-4a5b17090e74.txt	ac9b3dbee6ab
7	5907.w4lift-b4e57551e32a.txt	5907.w4lift-4cb3167d35ed.txt	ab88abce72ba
7	5907.w4lift-b4e57551e32a.txt	5907.w4lift-4d47295ca519.txt	ab88abce72ba
7	5907.w4lift-b4e57551e32a.txt	5907.w4lift-5742f21eca2d.txt	2257058c3d2d
7	5907.w4lift-b4e57551e32a.txt	5907.w4lift-580a6b2415c2.txt	a780c2d233f8
7	5907.w4lift-b4e57551e32a.txt	5907.w4lift-58984281bc50.txt	45e1abda4c12
7	5907.w4lift-b4e57551e32a.txt	5907.w4lift-5ffba5cc4529.txt	66c7854e6888
7	5907.w4lift-b4e57551e32a.txt	5907.w4lift-69ed3f34a123.txt	96704a0eb24e
7	5907.w4lift-b4e57551e32a.txt	5907.w4lift-6e905a492084.txt	2c806c1bf6e3
7	5907.w4lift-b4e57551e32a.txt	5907.w4lift-7cd2edab64dc.txt	83d54a67702c
7	5907.w4lift-b4e57551e32a.txt	5907.w4lift-80c95286cd7c.txt	ab88abce72ba
7	5907.w4lift-b4e57551e32a.txt	5907.w4lift-82caf1ba27e5.txt	d4c86ffe1efa
7	5907.w4lift-b4e57551e32a.txt	5907.w4lift-863de61b836a.txt	14641f09bcf0
7	5907.w4lift-b4e57551e32a.txt	5907.w4lift-8e5ca0ef018c.txt	ac9b3dbee6ab
7	5907.w4lift-b4e57551e32a.txt	5907.w4lift-912bd909d2b6.txt	b1be0f46d82c
7	5907.w4lift-b4e57551e32a.txt	5907.w4lift-a6df35bc4b74.txt	ff37ff3f6ef2
7	5907.w4lift-b4e57551e32a.txt	5907.w4lift-a82143024d2d.txt	b4bd6f395a25
7	5907.w4lift-b4e57551e32a.txt	5907.w4lift-a8d3c9324eac.txt	56f642d92240
7	5907.w4lift-b4e57551e32a.txt	5907.w4lift-ab80c9a45344.txt	1fa74a7c6774
7	5907.w4lift-b4e57551e32a.txt	5907.w4lift-ae466549a0d9.txt	e332743d8318
7	5907.w4lift-b4e57551e32a.txt	5907.w4lift-b18d3ecda2e7.txt	7da937df9f1b
7	5907.w4lift-b4e57551e32a.txt	5907.w4lift-b91f5e2f34a2.txt	dbdbbc7a0086
7	5907.w4lift-b4e57551e32a.txt	5907.w4lift-bca46e18f77b.txt	b85e26cbabc5
7	5907.w4lift-b4e57551e32a.txt	5907.w4lift-caeaa9e5ac42.txt	ab88abce72ba
7	5907.w4lift-b4e57551e32a.txt	5907.w4lift-cb7d99c78307.txt	96704a0eb24e
7	5907.w4lift-b4e57551e32a.txt	5907.w4lift-d742e5e60c6f.txt	ab88abce72ba
7	5907.w4lift-b4e57551e32a.txt	5907.w4lift-db45ebdeed40.txt	36706f4e334b
7	5907.w4lift-b4e57551e32a.txt	5907.w4lift-dff914259b29.txt	398028eae919
7	5907.w4lift-b4e57551e32a.txt	5907.w4lift-e04faca1c06c.txt	eb8331df9ee8
7	5907.w4lift-b4e57551e32a.txt	5907.w4lift-e2841ecca038.txt	56f642d92240
7	5907.w4lift-b4e57551e32a.txt	5907.w4lift-e45b90b0a767.txt	4f8df87699e7
7	5907.w4lift-b4e57551e32a.txt	5907.w4lift-e768827496d4.txt	429db3717944
7	5907.w4lift-b4e57551e32a.txt	5907.w4lift-e768827496d4.txt	b081b754d26e
7	5907.w4lift-b4e57551e32a.txt	5907.w4lift-f2708ef02d1a.txt	746b5fef63fc
7	5907.w4lift-b4e57551e32a.txt	5907.w4lift-f6b8b0e6314c.txt	14a420b3a5b2
7	5907.w4lift-b4e57551e32a.txt	5907.w4lift-fc7d7045a431.txt	b1be0f46d82c
7	5907.w4lift-b4e57551e32a.txt	5907.w4lift-fd06a0493fef.txt	3a3b52457923
7	5907.w4lift-b66c35732a00.txt	5907.w4lift-0531d212f9bb.txt	435e181a3f3c
7	5907.w4lift-b66c35732a00.txt	5907.w4lift-0709deed1cd4.txt	d4cb09a1314f
7	5907.w4lift-b66c35732a00.txt	5907.w4lift-08210f1c16a0.txt	b4dfc6692083
7	5907.w4lift-b66c35732a00.txt	5907.w4lift-0dff9daccaa8.txt	7b5542740cec
7	5907.w4lift-b66c35732a00.txt	5907.w4lift-169e64bca870.txt	ab88abce72ba
7	5907.w4lift-b66c35732a00.txt	5907.w4lift-16dd1019b651.txt	cb67e923a6ca
7	5907.w4lift-b66c35732a00.txt	5907.w4lift-1ba050a47f0b.txt	ab88abce72ba
7	5907.w4lift-b66c35732a00.txt	5907.w4lift-2f67f2643eeb.txt	e616c3f821ef
7	5907.w4lift-b66c35732a00.txt	5907.w4lift-352479dbf208.txt	ead8943daa46
7	5907.w4lift-b66c35732a00.txt	5907.w4lift-37386755df59.txt	b90b8c0dcceb
7	5907.w4lift-b66c35732a00.txt	5907.w4lift-386272df4871.txt	1a06d1157530
7	5907.w4lift-b66c35732a00.txt	5907.w4lift-3d4579051d3f.txt	833239f93d60
7	5907.w4lift-b66c35732a00.txt	5907.w4lift-45a4ff8466a7.txt	27becabec391
7	5907.w4lift-b66c35732a00.txt	5907.w4lift-473fc5e1c91e.txt	f66db8d87212
7	5907.w4lift-b66c35732a00.txt	5907.w4lift-4a5b17090e74.txt	be1ffc91f1cd
7	5907.w4lift-b66c35732a00.txt	5907.w4lift-4ab0903ef5f4.txt	7b5542740cec
7	5907.w4lift-b66c35732a00.txt	5907.w4lift-580a6b2415c2.txt	0d491f159886
7	5907.w4lift-b66c35732a00.txt	5907.w4lift-58984281bc50.txt	162b937cfcd8
7	5907.w4lift-b66c35732a00.txt	5907.w4lift-676d0f91dd66.txt	72397e2f680a
7	5907.w4lift-b66c35732a00.txt	5907.w4lift-69ed3f34a123.txt	d4ec6aadbefe
7	5907.w4lift-b66c35732a00.txt	5907.w4lift-6d19c9f1455d.txt	4428d2ecf001
7	5907.w4lift-b66c35732a00.txt	5907.w4lift-76a1eae91ca0.txt	82d464ef22d6
7	5907.w4lift-b66c35732a00.txt	5907.w4lift-88a61c377b0a.txt	aa54b27dcfe9
7	5907.w4lift-b66c35732a00.txt	5907.w4lift-89b3167f9583.txt	2dd7827e5108
7	5907.w4lift-b66c35732a00.txt	5907.w4lift-912bd909d2b6.txt	27db135a20ba
7	5907.w4lift-b66c35732a00.txt	5907.w4lift-9b4bc5700c90.txt	7dfddb482d3c
7	5907.w4lift-b66c35732a00.txt	5907.w4lift-a6df35bc4b74.txt	5aceefba3b64
7	5907.w4lift-b66c35732a00.txt	5907.w4lift-a8d3c9324eac.txt	396fe6d979c3
7	5907.w4lift-b66c35732a00.txt	5907.w4lift-af7c897a8903.txt	62a74ce65faa
7	5907.w4lift-b66c35732a00.txt	5907.w4lift-af7c897a8903.txt	b13177991e02
7	5907.w4lift-b66c35732a00.txt	5907.w4lift-b7a548d5f629.txt	ab88abce72ba
7	5907.w4lift-b66c35732a00.txt	5907.w4lift-b91f5e2f34a2.txt	ab88abce72ba
7	5907.w4lift-b66c35732a00.txt	5907.w4lift-c8c5110de4f9.txt	d4ec6aadbefe
7	5907.w4lift-b66c35732a00.txt	5907.w4lift-da24731c22eb.txt	46267e810eac
7	5907.w4lift-b66c35732a00.txt	5907.w4lift-dcd0ec0a1fc5.txt	1fbf82fb2187
7	5907.w4lift-b66c35732a00.txt	5907.w4lift-dd24a1fe19b2.txt	3c4631c5867a
7	5907.w4lift-b66c35732a00.txt	5907.w4lift-e0368a011e8c.txt	c2def9f0e515
7	5907.w4lift-b66c35732a00.txt	5907.w4lift-e04faca1c06c.txt	10d61a16c4f8
7	5907.w4lift-b66c35732a00.txt	5907.w4lift-e0fa39144639.txt	01ebc19824fc
7	5907.w4lift-b66c35732a00.txt	5907.w4lift-e0fb9d13de61.txt	ab88abce72ba
7	5907.w4lift-b66c35732a00.txt	5907.w4lift-e2841ecca038.txt	ba9ea1eefc0d
7	5907.w4lift-b66c35732a00.txt	5907.w4lift-e44f3ccf8ed4.txt	956664d3c1bd
7	5907.w4lift-b66c35732a00.txt	5907.w4lift-ef0f8852bf9b.txt	ab88abce72ba
7	5907.w4lift-b66c35732a00.txt	5907.w4lift-f75829b56545.txt	2e62188e3c8b
7	5907.w4lift-b66c35732a00.txt	5907.w4lift-f75829b56545.txt	48f9270682d9
7	5907.w4lift-b66c35732a00.txt	5907.w4lift-f859791b1e8e.txt	1fdef8fb9a0a
7	5907.w4lift-b66c35732a00.txt	5907.w4lift-faafae8fcdaa.txt	a8af7d1d0d1f
7	5907.w4lift-b66c35732a00.txt	5907.w4lift-fb688ec5c017.txt	62a74ce65faa
7	5907.w4lift-b66c35732a00.txt	5907.w4lift-fb688ec5c017.txt	b13177991e02
7	5907.w4lift-b66c35732a00.txt	5907.w4lift-fc5c70dfb561.txt	41dfe21e6c1c
7	5907.w4lift-b66c35732a00.txt	5907.w4lift-fd06a0493fef.txt	99cf5c65dd47
7	5907.w4lift-b6e97bde8e34.txt	5907.w4lift-1c1340793c23.txt	ab88abce72ba
7	5907.w4lift-b6e97bde8e34.txt	5907.w4lift-472f25421fcc.txt	ab88abce72ba
7	5907.w4lift-b7a548d5f629.txt	5907.w4lift-04c898c73c62.txt	72397e2f680a
7	5907.w4lift-b7a548d5f629.txt	5907.w4lift-0531d212f9bb.txt	279bcba663d9
7	5907.w4lift-b7a548d5f629.txt	5907.w4lift-0531d212f9bb.txt	ff4cfd62723a
7	5907.w4lift-b7a548d5f629.txt	5907.w4lift-0709deed1cd4.txt	fffe585f92c4
7	5907.w4lift-b7a548d5f629.txt	5907.w4lift-08210f1c16a0.txt	7dae29ff7561
7	5907.w4lift-b7a548d5f629.txt	5907.w4lift-097d01eaddb9.txt	ab88abce72ba
7	5907.w4lift-b7a548d5f629.txt	5907.w4lift-0dff9daccaa8.txt	956664d3c1bd
7	5907.w4lift-b7a548d5f629.txt	5907.w4lift-169e64bca870.txt	e616c3f821ef
7	5907.w4lift-b7a548d5f629.txt	5907.w4lift-16dd1019b651.txt	ab88abce72ba
7	5907.w4lift-b7a548d5f629.txt	5907.w4lift-177bb009e3ce.txt	2e62188e3c8b
7	5907.w4lift-b7a548d5f629.txt	5907.w4lift-177bb009e3ce.txt	48f9270682d9
7	5907.w4lift-b7a548d5f629.txt	5907.w4lift-1c7e3360c98f.txt	3848d784e880
7	5907.w4lift-b7a548d5f629.txt	5907.w4lift-208b728dbc49.txt	aa54b27dcfe9
7	5907.w4lift-b7a548d5f629.txt	5907.w4lift-231c44b74cdf.txt	ab88abce72ba
7	5907.w4lift-b7a548d5f629.txt	5907.w4lift-352479dbf208.txt	1293f7787f8a
7	5907.w4lift-b7a548d5f629.txt	5907.w4lift-37386755df59.txt	487b3aecfeb2
7	5907.w4lift-b7a548d5f629.txt	5907.w4lift-386272df4871.txt	176d3814e13d
7	5907.w4lift-b7a548d5f629.txt	5907.w4lift-3d4579051d3f.txt	ab88abce72ba
7	5907.w4lift-b7a548d5f629.txt	5907.w4lift-45a4ff8466a7.txt	1e97b4d2bd18
7	5907.w4lift-b7a548d5f629.txt	5907.w4lift-45a4ff8466a7.txt	e8010fda4ae9
7	5907.w4lift-b7a548d5f629.txt	5907.w4lift-4614701d0920.txt	a3a1b2ef43a0
7	5907.w4lift-b7a548d5f629.txt	5907.w4lift-473fc5e1c91e.txt	0d491f159886
7	5907.w4lift-b7a548d5f629.txt	5907.w4lift-4a5b17090e74.txt	b426a4d5583d
7	5907.w4lift-b7a548d5f629.txt	5907.w4lift-508210674d85.txt	b426a4d5583d
7	5907.w4lift-b7a548d5f629.txt	5907.w4lift-580a6b2415c2.txt	3c4631c5867a
7	5907.w4lift-b7a548d5f629.txt	5907.w4lift-58984281bc50.txt	af945ab938fd
7	5907.w4lift-b7a548d5f629.txt	5907.w4lift-5ffba5cc4529.txt	7dae29ff7561
7	5907.w4lift-b7a548d5f629.txt	5907.w4lift-684436c46755.txt	8504a603e291
7	5907.w4lift-b7a548d5f629.txt	5907.w4lift-69ed3f34a123.txt	aa54b27dcfe9
7	5907.w4lift-b7a548d5f629.txt	5907.w4lift-6d19c9f1455d.txt	1d6a7fce6cd4
7	5907.w4lift-b7a548d5f629.txt	5907.w4lift-71600a834959.txt	1293f7787f8a
7	5907.w4lift-b7a548d5f629.txt	5907.w4lift-76a1eae91ca0.txt	a3a1b2ef43a0
7	5907.w4lift-b7a548d5f629.txt	5907.w4lift-89b3167f9583.txt	a7aabea675cc
7	5907.w4lift-b7a548d5f629.txt	5907.w4lift-8a8b72923703.txt	956664d3c1bd
7	5907.w4lift-b7a548d5f629.txt	5907.w4lift-912bd909d2b6.txt	cd477e782247
7	5907.w4lift-b7a548d5f629.txt	5907.w4lift-97d2d8784e2f.txt	7b5542740cec
7	5907.w4lift-b7a548d5f629.txt	5907.w4lift-9b4bc5700c90.txt	3848d784e880
7	5907.w4lift-b7a548d5f629.txt	5907.w4lift-a6df35bc4b74.txt	ab88abce72ba
7	5907.w4lift-b7a548d5f629.txt	5907.w4lift-a8d3c9324eac.txt	62a74ce65faa
7	5907.w4lift-b7a548d5f629.txt	5907.w4lift-a8d3c9324eac.txt	b13177991e02
7	5907.w4lift-b7a548d5f629.txt	5907.w4lift-ae6af3254cbe.txt	cd477e782247
7	5907.w4lift-b7a548d5f629.txt	5907.w4lift-af7c897a8903.txt	46267e810eac
7	5907.w4lift-b7a548d5f629.txt	5907.w4lift-b18d3ecda2e7.txt	374c09e1b5b9
7	5907.w4lift-b7a548d5f629.txt	5907.w4lift-b2702baa553d.txt	62a74ce65faa
7	5907.w4lift-b7a548d5f629.txt	5907.w4lift-b2702baa553d.txt	b13177991e02
7	5907.w4lift-b7a548d5f629.txt	5907.w4lift-b66c35732a00.txt	ab88abce72ba
7	5907.w4lift-b7a548d5f629.txt	5907.w4lift-b91f5e2f34a2.txt	72397e2f680a
7	5907.w4lift-b7a548d5f629.txt	5907.w4lift-bd154fbbf435.txt	ca8cdf9cdda3
7	5907.w4lift-b7a548d5f629.txt	5907.w4lift-c5ee76734b4d.txt	d4ec6aadbefe
7	5907.w4lift-b7a548d5f629.txt	5907.w4lift-d946605e111b.txt	487b3aecfeb2
7	5907.w4lift-b7a548d5f629.txt	5907.w4lift-dcd0ec0a1fc5.txt	1e97b4d2bd18
7	5907.w4lift-b7a548d5f629.txt	5907.w4lift-dcd0ec0a1fc5.txt	e8010fda4ae9
7	5907.w4lift-b7a548d5f629.txt	5907.w4lift-df0078a194a0.txt	46267e810eac
7	5907.w4lift-b7a548d5f629.txt	5907.w4lift-e0368a011e8c.txt	ca8cdf9cdda3
7	5907.w4lift-b7a548d5f629.txt	5907.w4lift-e04faca1c06c.txt	7b5542740cec
7	5907.w4lift-b7a548d5f629.txt	5907.w4lift-e0fa39144639.txt	374c09e1b5b9
7	5907.w4lift-b7a548d5f629.txt	5907.w4lift-e0fb9d13de61.txt	2e62188e3c8b
7	5907.w4lift-b7a548d5f629.txt	5907.w4lift-e0fb9d13de61.txt	48f9270682d9
7	5907.w4lift-b7a548d5f629.txt	5907.w4lift-e2841ecca038.txt	d4ec6aadbefe
7	5907.w4lift-b7a548d5f629.txt	5907.w4lift-e768827496d4.txt	176d3814e13d
7	5907.w4lift-b7a548d5f629.txt	5907.w4lift-e96c05b05fe9.txt	5bbd9f177d9c
7	5907.w4lift-b7a548d5f629.txt	5907.w4lift-ec915ed4bfb3.txt	e616c3f821ef
7	5907.w4lift-b7a548d5f629.txt	5907.w4lift-f859791b1e8e.txt	279bcba663d9
7	5907.w4lift-b7a548d5f629.txt	5907.w4lift-f859791b1e8e.txt	ff4cfd62723a
7	5907.w4lift-b7a548d5f629.txt	5907.w4lift-f9f8e9513c54.txt	a7aabea675cc
7	5907.w4lift-b7a548d5f629.txt	5907.w4lift-faafae8fcdaa.txt	80b2932b3a5d
7	5907.w4lift-b7a548d5f629.txt	5907.w4lift-fc5c70dfb561.txt	5bbd9f177d9c
7	5907.w4lift-b7a548d5f629.txt	5907.w4lift-fd06a0493fef.txt	8504a603e291
7	5907.w4lift-b7a548d5f629.txt	5907.w4lift-fe39239f7468.txt	3c4631c5867a
7	5907.w4lift-b91f5e2f34a2.txt	5907.w4lift-0dff9daccaa8.txt	62a74ce65faa
7	5907.w4lift-b91f5e2f34a2.txt	5907.w4lift-0dff9daccaa8.txt	b13177991e02
7	5907.w4lift-b91f5e2f34a2.txt	5907.w4lift-0fc17b401159.txt	01ebc19824fc
7	5907.w4lift-b91f5e2f34a2.txt	5907.w4lift-169e64bca870.txt	5581e578134b
7	5907.w4lift-b91f5e2f34a2.txt	5907.w4lift-169e64bca870.txt	d0a01a1ac47d
7	5907.w4lift-b91f5e2f34a2.txt	5907.w4lift-16dd1019b651.txt	ecad0e65a5d2
7	5907.w4lift-b91f5e2f34a2.txt	5907.w4lift-1ba050a47f0b.txt	5ff76078c599
7	5907.w4lift-b91f5e2f34a2.txt	5907.w4lift-1c7e3360c98f.txt	a8af7d1d0d1f
7	5907.w4lift-b91f5e2f34a2.txt	5907.w4lift-2f67f2643eeb.txt	ab88abce72ba
7	5907.w4lift-b91f5e2f34a2.txt	5907.w4lift-319dff1ab25a.txt	7dfddb482d3c
7	5907.w4lift-b91f5e2f34a2.txt	5907.w4lift-3d4579051d3f.txt	e491b3145c5e
7	5907.w4lift-b91f5e2f34a2.txt	5907.w4lift-473fc5e1c91e.txt	833239f93d60
7	5907.w4lift-b91f5e2f34a2.txt	5907.w4lift-4ab0903ef5f4.txt	d4ec6aadbefe
7	5907.w4lift-b91f5e2f34a2.txt	5907.w4lift-4cb3167d35ed.txt	1a06d1157530
7	5907.w4lift-b91f5e2f34a2.txt	5907.w4lift-4d47295ca519.txt	99cf5c65dd47
7	5907.w4lift-b91f5e2f34a2.txt	5907.w4lift-5742f21eca2d.txt	b4dfc6692083
7	5907.w4lift-b91f5e2f34a2.txt	5907.w4lift-580a6b2415c2.txt	ab88abce72ba
7	5907.w4lift-b91f5e2f34a2.txt	5907.w4lift-5ffba5cc4529.txt	1fbf82fb2187
7	5907.w4lift-b91f5e2f34a2.txt	5907.w4lift-676d0f91dd66.txt	8e3fa11cbde7
7	5907.w4lift-b91f5e2f34a2.txt	5907.w4lift-69ed3f34a123.txt	ab88abce72ba
7	5907.w4lift-b91f5e2f34a2.txt	5907.w4lift-6e905a492084.txt	be1ffc91f1cd
7	5907.w4lift-b91f5e2f34a2.txt	5907.w4lift-80c95286cd7c.txt	b90b8c0dcceb
7	5907.w4lift-b91f5e2f34a2.txt	5907.w4lift-88a61c377b0a.txt	a50ba88437d8
7	5907.w4lift-b91f5e2f34a2.txt	5907.w4lift-8e5ca0ef018c.txt	c2def9f0e515
7	5907.w4lift-b91f5e2f34a2.txt	5907.w4lift-a6df35bc4b74.txt	ab88abce72ba
7	5907.w4lift-b91f5e2f34a2.txt	5907.w4lift-a8d3c9324eac.txt	90ec4efba5a6
7	5907.w4lift-b91f5e2f34a2.txt	5907.w4lift-af7c897a8903.txt	156e559f9324
7	5907.w4lift-b91f5e2f34a2.txt	5907.w4lift-b18d3ecda2e7.txt	27becabec391
7	5907.w4lift-b91f5e2f34a2.txt	5907.w4lift-b4e57551e32a.txt	ead8943daa46
7	5907.w4lift-b91f5e2f34a2.txt	5907.w4lift-b66c35732a00.txt	ab88abce72ba
7	5907.w4lift-b91f5e2f34a2.txt	5907.w4lift-b7a548d5f629.txt	d24f63edf5b4
7	5907.w4lift-b91f5e2f34a2.txt	5907.w4lift-bca46e18f77b.txt	2dd7827e5108
7	5907.w4lift-b91f5e2f34a2.txt	5907.w4lift-c8c5110de4f9.txt	fecd684a9442
7	5907.w4lift-b91f5e2f34a2.txt	5907.w4lift-caeaa9e5ac42.txt	27db135a20ba
7	5907.w4lift-b91f5e2f34a2.txt	5907.w4lift-da24731c22eb.txt	2e62188e3c8b
7	5907.w4lift-b91f5e2f34a2.txt	5907.w4lift-da24731c22eb.txt	48f9270682d9
7	5907.w4lift-b91f5e2f34a2.txt	5907.w4lift-dd24a1fe19b2.txt	72397e2f680a
7	5907.w4lift-b91f5e2f34a2.txt	5907.w4lift-e04faca1c06c.txt	396fe6d979c3
7	5907.w4lift-b91f5e2f34a2.txt	5907.w4lift-e0fb9d13de61.txt	746b5fef63fc
7	5907.w4lift-b91f5e2f34a2.txt	5907.w4lift-e2841ecca038.txt	cb67e923a6ca
7	5907.w4lift-b91f5e2f34a2.txt	5907.w4lift-e44f3ccf8ed4.txt	aa54b27dcfe9
7	5907.w4lift-b91f5e2f34a2.txt	5907.w4lift-e768827496d4.txt	162b937cfcd8
7	5907.w4lift-b91f5e2f34a2.txt	5907.w4lift-ef0f8852bf9b.txt	833239f93d60
7	5907.w4lift-b91f5e2f34a2.txt	5907.w4lift-f75829b56545.txt	7e00c873941d
7	5907.w4lift-b91f5e2f34a2.txt	5907.w4lift-fb688ec5c017.txt	ab88abce72ba
7	5907.w4lift-b91f5e2f34a2.txt	5907.w4lift-fc7d7045a431.txt	82d464ef22d6
7	5907.w4lift-b98356445406.txt	5907.w4lift-0418cb9260ae.txt	3187a6ab820d
7	5907.w4lift-b98356445406.txt	5907.w4lift-24c96c5696c8.txt	ab88abce72ba
7	5907.w4lift-b98356445406.txt	5907.w4lift-4ad8fd5ffc98.txt	a23d031fbcd3
7	5907.w4lift-b98356445406.txt	5907.w4lift-595e0c44ab33.txt	a31aaa6bc575
7	5907.w4lift-b98356445406.txt	5907.w4lift-71e2791cb656.txt	4ecba60aa35e
7	5907.w4lift-b98356445406.txt	5907.w4lift-ab9e00d74c88.txt	a23d031fbcd3
7	5907.w4lift-b98356445406.txt	5907.w4lift-abbf0b83f5f2.txt	a31aaa6bc575
7	5907.w4lift-b98356445406.txt	5907.w4lift-f7317cf14b6e.txt	ab88abce72ba
7	5907.w4lift-b98356445406.txt	5907.w4lift-fc567658fc77.txt	3187a6ab820d
7	5907.w4lift-bca46e18f77b.txt	5907.w4lift-08210f1c16a0.txt	2dcd6251565a
7	5907.w4lift-bca46e18f77b.txt	5907.w4lift-0dff9daccaa8.txt	c7e7cc660163
7	5907.w4lift-bca46e18f77b.txt	5907.w4lift-0fc17b401159.txt	3a42d71f01c6
7	5907.w4lift-bca46e18f77b.txt	5907.w4lift-16dd1019b651.txt	eb52f3b0f67b
7	5907.w4lift-bca46e18f77b.txt	5907.w4lift-1c7e3360c98f.txt	49c5410504fe
7	5907.w4lift-bca46e18f77b.txt	5907.w4lift-1e59b13c7cc0.txt	af79b06ba137
7	5907.w4lift-bca46e18f77b.txt	5907.w4lift-319dff1ab25a.txt	211974864876
7	5907.w4lift-bca46e18f77b.txt	5907.w4lift-3580a08a5c73.txt	5135b7adb396
7	5907.w4lift-bca46e18f77b.txt	5907.w4lift-4034f85f00ec.txt	182cf9bee74c
7	5907.w4lift-bca46e18f77b.txt	5907.w4lift-43a95823c4dc.txt	bfd1c873c831
7	5907.w4lift-bca46e18f77b.txt	5907.w4lift-45a4ff8466a7.txt	8821c9761a3f
7	5907.w4lift-bca46e18f77b.txt	5907.w4lift-473fc5e1c91e.txt	d0e1658792cb
7	5907.w4lift-bca46e18f77b.txt	5907.w4lift-4cb3167d35ed.txt	b2d27c6fb87b
7	5907.w4lift-bca46e18f77b.txt	5907.w4lift-4d47295ca519.txt	ab88abce72ba
7	5907.w4lift-bca46e18f77b.txt	5907.w4lift-53542138d1b5.txt	28eb250a68ea
7	5907.w4lift-bca46e18f77b.txt	5907.w4lift-540198536578.txt	1bba2e07446c
7	5907.w4lift-bca46e18f77b.txt	5907.w4lift-5742f21eca2d.txt	8373a022eef2
7	5907.w4lift-bca46e18f77b.txt	5907.w4lift-580a6b2415c2.txt	5f89beb942b2
7	5907.w4lift-bca46e18f77b.txt	5907.w4lift-5ffba5cc4529.txt	7f04bb1041b3
7	5907.w4lift-bca46e18f77b.txt	5907.w4lift-65fb95f576e7.txt	5ff76078c599
7	5907.w4lift-bca46e18f77b.txt	5907.w4lift-69ed3f34a123.txt	61e671455635
7	5907.w4lift-bca46e18f77b.txt	5907.w4lift-6e905a492084.txt	0df6c6a90182
7	5907.w4lift-bca46e18f77b.txt	5907.w4lift-6ec79809fccc.txt	921653b5f057
7	5907.w4lift-bca46e18f77b.txt	5907.w4lift-76a1eae91ca0.txt	3f6f5c94d76e
7	5907.w4lift-bca46e18f77b.txt	5907.w4lift-7714757d2e9e.txt	ebdcc2d4d36c
7	5907.w4lift-bca46e18f77b.txt	5907.w4lift-80c95286cd7c.txt	38fa2979bd03
7	5907.w4lift-bca46e18f77b.txt	5907.w4lift-8966629ce152.txt	96c7e62b0db1
7	5907.w4lift-bca46e18f77b.txt	5907.w4lift-89b3167f9583.txt	ab88abce72ba
7	5907.w4lift-bca46e18f77b.txt	5907.w4lift-8e5ca0ef018c.txt	ab88abce72ba
7	5907.w4lift-bca46e18f77b.txt	5907.w4lift-912bd909d2b6.txt	5581e578134b
7	5907.w4lift-bca46e18f77b.txt	5907.w4lift-912bd909d2b6.txt	d0a01a1ac47d
7	5907.w4lift-bca46e18f77b.txt	5907.w4lift-a6df35bc4b74.txt	d85cb56ed236
7	5907.w4lift-bca46e18f77b.txt	5907.w4lift-a7bbb73953d8.txt	5d3074fe7163
7	5907.w4lift-bca46e18f77b.txt	5907.w4lift-ae466549a0d9.txt	fecd684a9442
7	5907.w4lift-bca46e18f77b.txt	5907.w4lift-b18d3ecda2e7.txt	ab88abce72ba
7	5907.w4lift-bca46e18f77b.txt	5907.w4lift-b4e57551e32a.txt	095bfb3dc800
7	5907.w4lift-bca46e18f77b.txt	5907.w4lift-b91f5e2f34a2.txt	868b50be85a4
7	5907.w4lift-bca46e18f77b.txt	5907.w4lift-bfbef8785aff.txt	4f8df87699e7
7	5907.w4lift-bca46e18f77b.txt	5907.w4lift-c7b7714127d9.txt	3a87ef2485a8
7	5907.w4lift-bca46e18f77b.txt	5907.w4lift-ca71ed8496bd.txt	eca15bf05f3f
7	5907.w4lift-bca46e18f77b.txt	5907.w4lift-caeaa9e5ac42.txt	ab88abce72ba
7	5907.w4lift-bca46e18f77b.txt	5907.w4lift-cba9917bd593.txt	83d54a67702c
7	5907.w4lift-bca46e18f77b.txt	5907.w4lift-d213b0754523.txt	e853ab8baae5
7	5907.w4lift-bca46e18f77b.txt	5907.w4lift-db45ebdeed40.txt	4ad13835a281
7	5907.w4lift-bca46e18f77b.txt	5907.w4lift-dd250dd876cd.txt	0ad29fbab280
7	5907.w4lift-bca46e18f77b.txt	5907.w4lift-dff914259b29.txt	d4ec6aadbefe
7	5907.w4lift-bca46e18f77b.txt	5907.w4lift-e0368a011e8c.txt	b85e26cbabc5
7	5907.w4lift-bca46e18f77b.txt	5907.w4lift-e04faca1c06c.txt	c6701c2a9601
7	5907.w4lift-bca46e18f77b.txt	5907.w4lift-e2841ecca038.txt	90628da2dd0c
7	5907.w4lift-bca46e18f77b.txt	5907.w4lift-e2841ecca038.txt	a9604abeb264
7	5907.w4lift-bca46e18f77b.txt	5907.w4lift-e768827496d4.txt	d6c04566fc39
7	5907.w4lift-bca46e18f77b.txt	5907.w4lift-e7ee0cc9c017.txt	ab88abce72ba
7	5907.w4lift-bca46e18f77b.txt	5907.w4lift-eb9a0d99f5fb.txt	e1d1870a78cd
7	5907.w4lift-bca46e18f77b.txt	5907.w4lift-f2708ef02d1a.txt	4f671bc3d3f3
7	5907.w4lift-bca46e18f77b.txt	5907.w4lift-fc5c70dfb561.txt	fd3d2036ee73
7	5907.w4lift-bca46e18f77b.txt	5907.w4lift-fc7d7045a431.txt	4c6e579a7560
7	5907.w4lift-bca46e18f77b.txt	5907.w4lift-fc7d7045a431.txt	72d376c5571d
7	5907.w4lift-bca46e18f77b.txt	5907.w4lift-fd06a0493fef.txt	0df6c6a90182
7	5907.w4lift-bd154fbbf435.txt	5907.w4lift-0531d212f9bb.txt	13a2ca857332
7	5907.w4lift-bd154fbbf435.txt	5907.w4lift-0709deed1cd4.txt	4728d8e5f3d2
7	5907.w4lift-bd154fbbf435.txt	5907.w4lift-097d01eaddb9.txt	781dcd7d819f
7	5907.w4lift-bd154fbbf435.txt	5907.w4lift-177bb009e3ce.txt	02eb9e2292e4
7	5907.w4lift-bd154fbbf435.txt	5907.w4lift-1ba050a47f0b.txt	02eb9e2292e4
7	5907.w4lift-bd154fbbf435.txt	5907.w4lift-1c7e3360c98f.txt	8373a022eef2
7	5907.w4lift-bd154fbbf435.txt	5907.w4lift-231c44b74cdf.txt	794f3186b56e
7	5907.w4lift-bd154fbbf435.txt	5907.w4lift-319dff1ab25a.txt	83f2a26fb1ab
7	5907.w4lift-bd154fbbf435.txt	5907.w4lift-3359ccc27832.txt	942711725057
7	5907.w4lift-bd154fbbf435.txt	5907.w4lift-3580a08a5c73.txt	dc2afaae0ced
7	5907.w4lift-bd154fbbf435.txt	5907.w4lift-3ce63a53cf1a.txt	91270bf2a57d
7	5907.w4lift-bd154fbbf435.txt	5907.w4lift-45a4ff8466a7.txt	d6c04566fc39
7	5907.w4lift-bd154fbbf435.txt	5907.w4lift-4614701d0920.txt	ab88abce72ba
7	5907.w4lift-bd154fbbf435.txt	5907.w4lift-508210674d85.txt	ab88abce72ba
7	5907.w4lift-bd154fbbf435.txt	5907.w4lift-53542138d1b5.txt	ab99b7547904
7	5907.w4lift-bd154fbbf435.txt	5907.w4lift-540198536578.txt	f4276d62e543
7	5907.w4lift-bd154fbbf435.txt	5907.w4lift-58984281bc50.txt	969165258934
7	5907.w4lift-bd154fbbf435.txt	5907.w4lift-5f95afa2454b.txt	b1be0f46d82c
7	5907.w4lift-bd154fbbf435.txt	5907.w4lift-5ffba5cc4529.txt	92782df6e5d5
7	5907.w4lift-bd154fbbf435.txt	5907.w4lift-65fb95f576e7.txt	4f671bc3d3f3
7	5907.w4lift-bd154fbbf435.txt	5907.w4lift-684436c46755.txt	7c2769543fc5
7	5907.w4lift-bd154fbbf435.txt	5907.w4lift-71600a834959.txt	d0fa1d8cc35d
7	5907.w4lift-bd154fbbf435.txt	5907.w4lift-82caf1ba27e5.txt	7b5542740cec
7	5907.w4lift-bd154fbbf435.txt	5907.w4lift-863de61b836a.txt	cad1abae462c
7	5907.w4lift-bd154fbbf435.txt	5907.w4lift-86a03197440a.txt	67eacd157bbc
7	5907.w4lift-bd154fbbf435.txt	5907.w4lift-86a03197440a.txt	90d033b7ddbf
7	5907.w4lift-bd154fbbf435.txt	5907.w4lift-8824a6971c2e.txt	bb3307fb0884
7	5907.w4lift-bd154fbbf435.txt	5907.w4lift-9b4bc5700c90.txt	cf88f66916d6
7	5907.w4lift-bd154fbbf435.txt	5907.w4lift-a6df35bc4b74.txt	a4d962c8c490
7	5907.w4lift-bd154fbbf435.txt	5907.w4lift-a7bbb73953d8.txt	d88a6cb7c03b
7	5907.w4lift-bd154fbbf435.txt	5907.w4lift-ab80c9a45344.txt	62a74ce65faa
7	5907.w4lift-bd154fbbf435.txt	5907.w4lift-ab80c9a45344.txt	b13177991e02
7	5907.w4lift-bd154fbbf435.txt	5907.w4lift-ae466549a0d9.txt	c6fe0326a117
7	5907.w4lift-bd154fbbf435.txt	5907.w4lift-ae6af3254cbe.txt	b1be0f46d82c
7	5907.w4lift-bd154fbbf435.txt	5907.w4lift-b18d3ecda2e7.txt	b2d27c6fb87b
7	5907.w4lift-bd154fbbf435.txt	5907.w4lift-b2702baa553d.txt	52066a3cc9fc
7	5907.w4lift-bd154fbbf435.txt	5907.w4lift-b7a548d5f629.txt	cbba85aa08fa
7	5907.w4lift-bd154fbbf435.txt	5907.w4lift-bfbef8785aff.txt	ab88abce72ba
7	5907.w4lift-bd154fbbf435.txt	5907.w4lift-c5ee76734b4d.txt	52066a3cc9fc
7	5907.w4lift-bd154fbbf435.txt	5907.w4lift-c8c5110de4f9.txt	5e303fc5a688
7	5907.w4lift-bd154fbbf435.txt	5907.w4lift-ca71ed8496bd.txt	c958df8ea4c3
7	5907.w4lift-bd154fbbf435.txt	5907.w4lift-cba9917bd593.txt	d4ec6aadbefe
7	5907.w4lift-bd154fbbf435.txt	5907.w4lift-d09cda89e063.txt	0d491f159886
7	5907.w4lift-bd154fbbf435.txt	5907.w4lift-d155534ea2d4.txt	ab88abce72ba
7	5907.w4lift-bd154fbbf435.txt	5907.w4lift-d946605e111b.txt	095bfb3dc800
7	5907.w4lift-bd154fbbf435.txt	5907.w4lift-db45ebdeed40.txt	4bf7e3748717
7	5907.w4lift-bd154fbbf435.txt	5907.w4lift-dcd0ec0a1fc5.txt	a805ea3de51d
7	5907.w4lift-bd154fbbf435.txt	5907.w4lift-df0078a194a0.txt	5e303fc5a688
7	5907.w4lift-bd154fbbf435.txt	5907.w4lift-e45b90b0a767.txt	223da8cfb8a5
7	5907.w4lift-bd154fbbf435.txt	5907.w4lift-e768827496d4.txt	fe3e4c3a8938
7	5907.w4lift-bd154fbbf435.txt	5907.w4lift-e96c05b05fe9.txt	67eacd157bbc
7	5907.w4lift-bd154fbbf435.txt	5907.w4lift-e96c05b05fe9.txt	90d033b7ddbf
7	5907.w4lift-bd154fbbf435.txt	5907.w4lift-ebfb75328150.txt	d0fa1d8cc35d
7	5907.w4lift-bd154fbbf435.txt	5907.w4lift-ec915ed4bfb3.txt	7c184c5270f6
7	5907.w4lift-bd154fbbf435.txt	5907.w4lift-ecfe2ba8e511.txt	803ec382c593
7	5907.w4lift-bd154fbbf435.txt	5907.w4lift-f18f663f4c81.txt	6e38383cfc72
7	5907.w4lift-bd154fbbf435.txt	5907.w4lift-f859791b1e8e.txt	08228ec67eb6
7	5907.w4lift-bd154fbbf435.txt	5907.w4lift-f9f8e9513c54.txt	ab88abce72ba
7	5907.w4lift-bd154fbbf435.txt	5907.w4lift-faafae8fcdaa.txt	ab88abce72ba
7	5907.w4lift-bd154fbbf435.txt	5907.w4lift-fc301bd873cb.txt	095bfb3dc800
7	5907.w4lift-bfbef8785aff.txt	5907.w4lift-097d01eaddb9.txt	cbba85aa08fa
7	5907.w4lift-bfbef8785aff.txt	5907.w4lift-16dd1019b651.txt	cbba85aa08fa
7	5907.w4lift-bfbef8785aff.txt	5907.w4lift-1ba050a47f0b.txt	794f3186b56e
7	5907.w4lift-bfbef8785aff.txt	5907.w4lift-1e59b13c7cc0.txt	02eb9e2292e4
7	5907.w4lift-bfbef8785aff.txt	5907.w4lift-3359ccc27832.txt	5e303fc5a688
7	5907.w4lift-bfbef8785aff.txt	5907.w4lift-3580a08a5c73.txt	781dcd7d819f
7	5907.w4lift-bfbef8785aff.txt	5907.w4lift-3ce63a53cf1a.txt	d0fa1d8cc35d
7	5907.w4lift-bfbef8785aff.txt	5907.w4lift-4034f85f00ec.txt	08228ec67eb6
7	5907.w4lift-bfbef8785aff.txt	5907.w4lift-43a95823c4dc.txt	794f3186b56e
7	5907.w4lift-bfbef8785aff.txt	5907.w4lift-4614701d0920.txt	a805ea3de51d
7	5907.w4lift-bfbef8785aff.txt	5907.w4lift-4a5b17090e74.txt	cf88f66916d6
7	5907.w4lift-bfbef8785aff.txt	5907.w4lift-4d47295ca519.txt	fe3e4c3a8938
7	5907.w4lift-bfbef8785aff.txt	5907.w4lift-508210674d85.txt	cf88f66916d6
7	5907.w4lift-bfbef8785aff.txt	5907.w4lift-53542138d1b5.txt	67eacd157bbc
7	5907.w4lift-bfbef8785aff.txt	5907.w4lift-53542138d1b5.txt	90d033b7ddbf
7	5907.w4lift-bfbef8785aff.txt	5907.w4lift-540198536578.txt	ab88abce72ba
7	5907.w4lift-bfbef8785aff.txt	5907.w4lift-5f95afa2454b.txt	92782df6e5d5
7	5907.w4lift-bfbef8785aff.txt	5907.w4lift-65fb95f576e7.txt	ab88abce72ba
7	5907.w4lift-bfbef8785aff.txt	5907.w4lift-684436c46755.txt	969165258934
7	5907.w4lift-bfbef8785aff.txt	5907.w4lift-6e905a492084.txt	83f2a26fb1ab
7	5907.w4lift-bfbef8785aff.txt	5907.w4lift-6ec79809fccc.txt	52066a3cc9fc
7	5907.w4lift-bfbef8785aff.txt	5907.w4lift-76a1eae91ca0.txt	a805ea3de51d
7	5907.w4lift-bfbef8785aff.txt	5907.w4lift-82caf1ba27e5.txt	0d491f159886
7	5907.w4lift-bfbef8785aff.txt	5907.w4lift-863de61b836a.txt	52066a3cc9fc
7	5907.w4lift-bfbef8785aff.txt	5907.w4lift-86a03197440a.txt	08228ec67eb6
7	5907.w4lift-bfbef8785aff.txt	5907.w4lift-8966629ce152.txt	4728d8e5f3d2
7	5907.w4lift-bfbef8785aff.txt	5907.w4lift-89b3167f9583.txt	d6c04566fc39
7	5907.w4lift-bfbef8785aff.txt	5907.w4lift-8e5ca0ef018c.txt	8373a022eef2
7	5907.w4lift-bfbef8785aff.txt	5907.w4lift-a7bbb73953d8.txt	67eacd157bbc
7	5907.w4lift-bfbef8785aff.txt	5907.w4lift-a7bbb73953d8.txt	90d033b7ddbf
7	5907.w4lift-bfbef8785aff.txt	5907.w4lift-ab80c9a45344.txt	ab88abce72ba
7	5907.w4lift-bfbef8785aff.txt	5907.w4lift-ae466549a0d9.txt	b1be0f46d82c
7	5907.w4lift-bfbef8785aff.txt	5907.w4lift-bca46e18f77b.txt	b2d27c6fb87b
7	5907.w4lift-bfbef8785aff.txt	5907.w4lift-bd154fbbf435.txt	ab88abce72ba
7	5907.w4lift-bfbef8785aff.txt	5907.w4lift-c5ee76734b4d.txt	a4d962c8c490
7	5907.w4lift-bfbef8785aff.txt	5907.w4lift-c7b7714127d9.txt	bb3307fb0884
7	5907.w4lift-bfbef8785aff.txt	5907.w4lift-c8c5110de4f9.txt	7c184c5270f6
7	5907.w4lift-bfbef8785aff.txt	5907.w4lift-ca71ed8496bd.txt	803ec382c593
7	5907.w4lift-bfbef8785aff.txt	5907.w4lift-cba9917bd593.txt	ab88abce72ba
7	5907.w4lift-bfbef8785aff.txt	5907.w4lift-d09cda89e063.txt	83f2a26fb1ab
7	5907.w4lift-bfbef8785aff.txt	5907.w4lift-d155534ea2d4.txt	8373a022eef2
7	5907.w4lift-bfbef8785aff.txt	5907.w4lift-d213b0754523.txt	5e303fc5a688
7	5907.w4lift-bfbef8785aff.txt	5907.w4lift-db45ebdeed40.txt	7c2769543fc5
7	5907.w4lift-bfbef8785aff.txt	5907.w4lift-dd250dd876cd.txt	7c184c5270f6
7	5907.w4lift-bfbef8785aff.txt	5907.w4lift-e0368a011e8c.txt	ab88abce72ba
7	5907.w4lift-bfbef8785aff.txt	5907.w4lift-e2841ecca038.txt	a4d962c8c490
7	5907.w4lift-bfbef8785aff.txt	5907.w4lift-e45b90b0a767.txt	095bfb3dc800
7	5907.w4lift-bfbef8785aff.txt	5907.w4lift-e7ee0cc9c017.txt	095bfb3dc800
7	5907.w4lift-bfbef8785aff.txt	5907.w4lift-e96c05b05fe9.txt	13a2ca857332
7	5907.w4lift-bfbef8785aff.txt	5907.w4lift-eb9a0d99f5fb.txt	b1be0f46d82c
7	5907.w4lift-bfbef8785aff.txt	5907.w4lift-ebfb75328150.txt	fe3e4c3a8938
7	5907.w4lift-bfbef8785aff.txt	5907.w4lift-ecfe2ba8e511.txt	4728d8e5f3d2
7	5907.w4lift-bfbef8785aff.txt	5907.w4lift-f18f663f4c81.txt	02eb9e2292e4
7	5907.w4lift-bfbef8785aff.txt	5907.w4lift-f2708ef02d1a.txt	d0fa1d8cc35d
7	5907.w4lift-bfbef8785aff.txt	5907.w4lift-f9f8e9513c54.txt	d6c04566fc39
7	5907.w4lift-bfbef8785aff.txt	5907.w4lift-fc301bd873cb.txt	b2d27c6fb87b
7	5907.w4lift-bfbef8785aff.txt	5907.w4lift-fc5c70dfb561.txt	13a2ca857332
7	5907.w4lift-bfbef8785aff.txt	5907.w4lift-fc7d7045a431.txt	92782df6e5d5
7	5907.w4lift-bfbef8785aff.txt	5907.w4lift-fd06a0493fef.txt	969165258934
7	5907.w4lift-c1564326c5ca.txt	5907.w4lift-14ab3e140bcb.txt	d6c04566fc39
7	5907.w4lift-c1564326c5ca.txt	5907.w4lift-1e3f6547b575.txt	ab88abce72ba
7	5907.w4lift-c1564326c5ca.txt	5907.w4lift-703a2a85174b.txt	4f671bc3d3f3
7	5907.w4lift-c1564326c5ca.txt	5907.w4lift-c1a91d23a981.txt	ab88abce72ba
7	5907.w4lift-c1564326c5ca.txt	5907.w4lift-efa61e10819d.txt	ab88abce72ba
7	5907.w4lift-c1a91d23a981.txt	5907.w4lift-14ab3e140bcb.txt	ab88abce72ba
7	5907.w4lift-c1a91d23a981.txt	5907.w4lift-1e3f6547b575.txt	f4276d62e543
7	5907.w4lift-c1a91d23a981.txt	5907.w4lift-3f3f0065293f.txt	ab88abce72ba
7	5907.w4lift-c1a91d23a981.txt	5907.w4lift-c1564326c5ca.txt	ab88abce72ba
7	5907.w4lift-c1a91d23a981.txt	5907.w4lift-fef6456b68c4.txt	4f671bc3d3f3
7	5907.w4lift-c5ee76734b4d.txt	5907.w4lift-04c898c73c62.txt	74d91872eeb5
7	5907.w4lift-c5ee76734b4d.txt	5907.w4lift-08210f1c16a0.txt	a003705bbbb1
7	5907.w4lift-c5ee76734b4d.txt	5907.w4lift-097d01eaddb9.txt	ab88abce72ba
7	5907.w4lift-c5ee76734b4d.txt	5907.w4lift-0fc17b401159.txt	e6f4fad41ed1
7	5907.w4lift-c5ee76734b4d.txt	5907.w4lift-177bb009e3ce.txt	ada84d0153fa
7	5907.w4lift-c5ee76734b4d.txt	5907.w4lift-1ba050a47f0b.txt	833239f93d60
7	5907.w4lift-c5ee76734b4d.txt	5907.w4lift-204625f89751.txt	a50ba88437d8
7	5907.w4lift-c5ee76734b4d.txt	5907.w4lift-208b728dbc49.txt	ab88abce72ba
7	5907.w4lift-c5ee76734b4d.txt	5907.w4lift-231c44b74cdf.txt	29acfe26c3eb
7	5907.w4lift-c5ee76734b4d.txt	5907.w4lift-319dff1ab25a.txt	171ac63bfbd7
7	5907.w4lift-c5ee76734b4d.txt	5907.w4lift-3359ccc27832.txt	2e62188e3c8b
7	5907.w4lift-c5ee76734b4d.txt	5907.w4lift-3359ccc27832.txt	48f9270682d9
7	5907.w4lift-c5ee76734b4d.txt	5907.w4lift-3580a08a5c73.txt	5ff76078c599
7	5907.w4lift-c5ee76734b4d.txt	5907.w4lift-386272df4871.txt	ecf03ddecbed
7	5907.w4lift-c5ee76734b4d.txt	5907.w4lift-3ce63a53cf1a.txt	8504a603e291
7	5907.w4lift-c5ee76734b4d.txt	5907.w4lift-3d4579051d3f.txt	ab88abce72ba
7	5907.w4lift-c5ee76734b4d.txt	5907.w4lift-4614701d0920.txt	6c0329aa4489
7	5907.w4lift-c5ee76734b4d.txt	5907.w4lift-473fc5e1c91e.txt	8373a022eef2
7	5907.w4lift-c5ee76734b4d.txt	5907.w4lift-4ab0903ef5f4.txt	72397e2f680a
7	5907.w4lift-c5ee76734b4d.txt	5907.w4lift-4cb3167d35ed.txt	a33cb05ccb10
7	5907.w4lift-c5ee76734b4d.txt	5907.w4lift-540198536578.txt	4fee2fcf1569
7	5907.w4lift-c5ee76734b4d.txt	5907.w4lift-5742f21eca2d.txt	8411b9baf058
7	5907.w4lift-c5ee76734b4d.txt	5907.w4lift-5f95afa2454b.txt	1e97b4d2bd18
7	5907.w4lift-c5ee76734b4d.txt	5907.w4lift-5f95afa2454b.txt	e8010fda4ae9
7	5907.w4lift-c5ee76734b4d.txt	5907.w4lift-644e04797cd3.txt	aa54b27dcfe9
7	5907.w4lift-c5ee76734b4d.txt	5907.w4lift-65fb95f576e7.txt	c5b536bfe588
7	5907.w4lift-c5ee76734b4d.txt	5907.w4lift-684436c46755.txt	3c7f124adbf2
7	5907.w4lift-c5ee76734b4d.txt	5907.w4lift-6e6b2c468f32.txt	374c09e1b5b9
7	5907.w4lift-c5ee76734b4d.txt	5907.w4lift-6ec79809fccc.txt	fecd684a9442
7	5907.w4lift-c5ee76734b4d.txt	5907.w4lift-846d5062c405.txt	176d3814e13d
7	5907.w4lift-c5ee76734b4d.txt	5907.w4lift-863de61b836a.txt	ab88abce72ba
7	5907.w4lift-c5ee76734b4d.txt	5907.w4lift-86a03197440a.txt	9c07b36d20b9
7	5907.w4lift-c5ee76734b4d.txt	5907.w4lift-8824a6971c2e.txt	de447a54d5c6
7	5907.w4lift-c5ee76734b4d.txt	5907.w4lift-8a8b72923703.txt	e616c3f821ef
7	5907.w4lift-c5ee76734b4d.txt	5907.w4lift-90338d0577bd.txt	7dae29ff7561
7	5907.w4lift-c5ee76734b4d.txt	5907.w4lift-97d2d8784e2f.txt	ab88abce72ba
7	5907.w4lift-c5ee76734b4d.txt	5907.w4lift-9b4bc5700c90.txt	1ff5160db856
7	5907.w4lift-c5ee76734b4d.txt	5907.w4lift-a6df35bc4b74.txt	2dcd6251565a
7	5907.w4lift-c5ee76734b4d.txt	5907.w4lift-a7bbb73953d8.txt	fee203226e22
7	5907.w4lift-c5ee76734b4d.txt	5907.w4lift-a82143024d2d.txt	d4ec6aadbefe
7	5907.w4lift-c5ee76734b4d.txt	5907.w4lift-ab80c9a45344.txt	ca8cdf9cdda3
7	5907.w4lift-c5ee76734b4d.txt	5907.w4lift-ae466549a0d9.txt	a7aabea675cc
7	5907.w4lift-c5ee76734b4d.txt	5907.w4lift-b2702baa553d.txt	5581e578134b
7	5907.w4lift-c5ee76734b4d.txt	5907.w4lift-b2702baa553d.txt	d0a01a1ac47d
7	5907.w4lift-c5ee76734b4d.txt	5907.w4lift-b7a548d5f629.txt	8821c9761a3f
7	5907.w4lift-c5ee76734b4d.txt	5907.w4lift-bd154fbbf435.txt	37cc3a8e114c
7	5907.w4lift-c5ee76734b4d.txt	5907.w4lift-bfbef8785aff.txt	bd96d6dbdd65
7	5907.w4lift-c5ee76734b4d.txt	5907.w4lift-c7b7714127d9.txt	438b84033bfa
7	5907.w4lift-c5ee76734b4d.txt	5907.w4lift-c8c5110de4f9.txt	ab88abce72ba
7	5907.w4lift-c5ee76734b4d.txt	5907.w4lift-ca71ed8496bd.txt	ebacd04c78bb
7	5907.w4lift-c5ee76734b4d.txt	5907.w4lift-d09cda89e063.txt	3848d784e880
7	5907.w4lift-c5ee76734b4d.txt	5907.w4lift-d155534ea2d4.txt	80b2932b3a5d
7	5907.w4lift-c5ee76734b4d.txt	5907.w4lift-db45ebdeed40.txt	1d66c35e4a35
7	5907.w4lift-c5ee76734b4d.txt	5907.w4lift-df0078a194a0.txt	fa53bebb0c07
7	5907.w4lift-c5ee76734b4d.txt	5907.w4lift-e0fa39144639.txt	c5eefe353bce
7	5907.w4lift-c5ee76734b4d.txt	5907.w4lift-e45b90b0a767.txt	a3a1b2ef43a0
7	5907.w4lift-c5ee76734b4d.txt	5907.w4lift-e96c05b05fe9.txt	b742e93fcefe
7	5907.w4lift-c5ee76734b4d.txt	5907.w4lift-ebfb75328150.txt	af945ab938fd
7	5907.w4lift-c5ee76734b4d.txt	5907.w4lift-ec915ed4bfb3.txt	399bec1eb082
7	5907.w4lift-c5ee76734b4d.txt	5907.w4lift-ecfe2ba8e511.txt	e05f876a6f8d
7	5907.w4lift-c5ee76734b4d.txt	5907.w4lift-f18f663f4c81.txt	7e00c873941d
7	5907.w4lift-c5ee76734b4d.txt	5907.w4lift-f9f8e9513c54.txt	8480c2d421f7
7	5907.w4lift-c5ee76734b4d.txt	5907.w4lift-fb688ec5c017.txt	8e3fa11cbde7
7	5907.w4lift-c5ee76734b4d.txt	5907.w4lift-fc301bd873cb.txt	1e97b4d2bd18
7	5907.w4lift-c5ee76734b4d.txt	5907.w4lift-fc301bd873cb.txt	e8010fda4ae9
7	5907.w4lift-c5ee76734b4d.txt	5907.w4lift-fe39239f7468.txt	032dbf0d777a
7	5907.w4lift-c63d972f7ee9.txt	5907.w4lift-0f40865f6e8a.txt	ab88abce72ba
7	5907.w4lift-c63d972f7ee9.txt	5907.w4lift-d6697c4ba3bc.txt	ab88abce72ba
7	5907.w4lift-c7b7714127d9.txt	5907.w4lift-1e59b13c7cc0.txt	f9ee8b6c0294
7	5907.w4lift-c7b7714127d9.txt	5907.w4lift-3359ccc27832.txt	c5613db25dba
7	5907.w4lift-c7b7714127d9.txt	5907.w4lift-3580a08a5c73.txt	32484de5d5f7
7	5907.w4lift-c7b7714127d9.txt	5907.w4lift-3ce63a53cf1a.txt	9ffeb4ce9bae
7	5907.w4lift-c7b7714127d9.txt	5907.w4lift-4034f85f00ec.txt	2257058c3d2d
7	5907.w4lift-c7b7714127d9.txt	5907.w4lift-4614701d0920.txt	9ed53e6fa387
7	5907.w4lift-c7b7714127d9.txt	5907.w4lift-4d47295ca519.txt	430f8ba0d5bf
7	5907.w4lift-c7b7714127d9.txt	5907.w4lift-53542138d1b5.txt	ab88abce72ba
7	5907.w4lift-c7b7714127d9.txt	5907.w4lift-540198536578.txt	3394d4cf4ce9
7	5907.w4lift-c7b7714127d9.txt	5907.w4lift-540198536578.txt	b84e5852608b
7	5907.w4lift-c7b7714127d9.txt	5907.w4lift-5f95afa2454b.txt	2c06ce315361
7	5907.w4lift-c7b7714127d9.txt	5907.w4lift-65fb95f576e7.txt	3394d4cf4ce9
7	5907.w4lift-c7b7714127d9.txt	5907.w4lift-65fb95f576e7.txt	b84e5852608b
7	5907.w4lift-c7b7714127d9.txt	5907.w4lift-684436c46755.txt	5e3e40b58466
7	5907.w4lift-c7b7714127d9.txt	5907.w4lift-6ec79809fccc.txt	4afb5e5acf86
7	5907.w4lift-c7b7714127d9.txt	5907.w4lift-76a1eae91ca0.txt	9ed53e6fa387
7	5907.w4lift-c7b7714127d9.txt	5907.w4lift-7714757d2e9e.txt	ab88abce72ba
7	5907.w4lift-c7b7714127d9.txt	5907.w4lift-863de61b836a.txt	4afb5e5acf86
7	5907.w4lift-c7b7714127d9.txt	5907.w4lift-86a03197440a.txt	2257058c3d2d
7	5907.w4lift-c7b7714127d9.txt	5907.w4lift-8824a6971c2e.txt	ab88abce72ba
7	5907.w4lift-c7b7714127d9.txt	5907.w4lift-8966629ce152.txt	71fce178fd55
7	5907.w4lift-c7b7714127d9.txt	5907.w4lift-89b3167f9583.txt	79bbc2526e76
7	5907.w4lift-c7b7714127d9.txt	5907.w4lift-8e5ca0ef018c.txt	4c331cf536a0
7	5907.w4lift-c7b7714127d9.txt	5907.w4lift-a7bbb73953d8.txt	ab88abce72ba
7	5907.w4lift-c7b7714127d9.txt	5907.w4lift-ab80c9a45344.txt	a36fb689ba41
7	5907.w4lift-c7b7714127d9.txt	5907.w4lift-ae466549a0d9.txt	bd508e5023d8
7	5907.w4lift-c7b7714127d9.txt	5907.w4lift-bca46e18f77b.txt	0dcc7a5a1ff7
7	5907.w4lift-c7b7714127d9.txt	5907.w4lift-bfbef8785aff.txt	d559476e2a95
7	5907.w4lift-c7b7714127d9.txt	5907.w4lift-c5ee76734b4d.txt	400f540f4bc2
7	5907.w4lift-c7b7714127d9.txt	5907.w4lift-c8c5110de4f9.txt	6229710a29b2
7	5907.w4lift-c7b7714127d9.txt	5907.w4lift-ca71ed8496bd.txt	2c806c1bf6e3
7	5907.w4lift-c7b7714127d9.txt	5907.w4lift-cba9917bd593.txt	a36fb689ba41
7	5907.w4lift-c7b7714127d9.txt	5907.w4lift-d155534ea2d4.txt	4c331cf536a0
7	5907.w4lift-c7b7714127d9.txt	5907.w4lift-d213b0754523.txt	c5613db25dba
7	5907.w4lift-c7b7714127d9.txt	5907.w4lift-db45ebdeed40.txt	48c30fab9556
7	5907.w4lift-c7b7714127d9.txt	5907.w4lift-dd250dd876cd.txt	6229710a29b2
7	5907.w4lift-c7b7714127d9.txt	5907.w4lift-e2841ecca038.txt	400f540f4bc2
7	5907.w4lift-c7b7714127d9.txt	5907.w4lift-e45b90b0a767.txt	ddf5bfe474bf
7	5907.w4lift-c7b7714127d9.txt	5907.w4lift-e7ee0cc9c017.txt	ddf5bfe474bf
7	5907.w4lift-c7b7714127d9.txt	5907.w4lift-e96c05b05fe9.txt	49c5410504fe
7	5907.w4lift-c7b7714127d9.txt	5907.w4lift-eb9a0d99f5fb.txt	bd508e5023d8
7	5907.w4lift-c7b7714127d9.txt	5907.w4lift-ebfb75328150.txt	430f8ba0d5bf
7	5907.w4lift-c7b7714127d9.txt	5907.w4lift-ecfe2ba8e511.txt	71fce178fd55
7	5907.w4lift-c7b7714127d9.txt	5907.w4lift-f18f663f4c81.txt	f9ee8b6c0294
7	5907.w4lift-c7b7714127d9.txt	5907.w4lift-f2708ef02d1a.txt	9ffeb4ce9bae
7	5907.w4lift-c7b7714127d9.txt	5907.w4lift-f9f8e9513c54.txt	79bbc2526e76
7	5907.w4lift-c7b7714127d9.txt	5907.w4lift-fc301bd873cb.txt	0dcc7a5a1ff7
7	5907.w4lift-c7b7714127d9.txt	5907.w4lift-fc5c70dfb561.txt	49c5410504fe
7	5907.w4lift-c7b7714127d9.txt	5907.w4lift-fc7d7045a431.txt	2c06ce315361
7	5907.w4lift-c7b7714127d9.txt	5907.w4lift-fd06a0493fef.txt	5e3e40b58466
7	5907.w4lift-c8c5110de4f9.txt	5907.w4lift-097d01eaddb9.txt	e616c3f821ef
7	5907.w4lift-c8c5110de4f9.txt	5907.w4lift-169e64bca870.txt	ab88abce72ba
7	5907.w4lift-c8c5110de4f9.txt	5907.w4lift-1ba050a47f0b.txt	ab88abce72ba
7	5907.w4lift-c8c5110de4f9.txt	5907.w4lift-204625f89751.txt	fecd684a9442
7	5907.w4lift-c8c5110de4f9.txt	5907.w4lift-2f67f2643eeb.txt	399bec1eb082
7	5907.w4lift-c8c5110de4f9.txt	5907.w4lift-3359ccc27832.txt	ab88abce72ba
7	5907.w4lift-c8c5110de4f9.txt	5907.w4lift-3580a08a5c73.txt	d1acfe46465f
7	5907.w4lift-c8c5110de4f9.txt	5907.w4lift-3ce63a53cf1a.txt	99cf5c65dd47
7	5907.w4lift-c8c5110de4f9.txt	5907.w4lift-4614701d0920.txt	959edf9574a8
7	5907.w4lift-c8c5110de4f9.txt	5907.w4lift-4ab0903ef5f4.txt	ab88abce72ba
7	5907.w4lift-c8c5110de4f9.txt	5907.w4lift-540198536578.txt	a20827665556
7	5907.w4lift-c8c5110de4f9.txt	5907.w4lift-580a6b2415c2.txt	8373a022eef2
7	5907.w4lift-c8c5110de4f9.txt	5907.w4lift-5f95afa2454b.txt	27becabec391
7	5907.w4lift-c8c5110de4f9.txt	5907.w4lift-644e04797cd3.txt	d4ec6aadbefe
7	5907.w4lift-c8c5110de4f9.txt	5907.w4lift-65fb95f576e7.txt	3d18e34840c5
7	5907.w4lift-c8c5110de4f9.txt	5907.w4lift-676d0f91dd66.txt	74d91872eeb5
7	5907.w4lift-c8c5110de4f9.txt	5907.w4lift-684436c46755.txt	c9d65fee4f73
7	5907.w4lift-c8c5110de4f9.txt	5907.w4lift-6ec79809fccc.txt	f6d440e96d8c
7	5907.w4lift-c8c5110de4f9.txt	5907.w4lift-863de61b836a.txt	cb67e923a6ca
7	5907.w4lift-c8c5110de4f9.txt	5907.w4lift-86a03197440a.txt	c50b4b5b313f
7	5907.w4lift-c8c5110de4f9.txt	5907.w4lift-8824a6971c2e.txt	4c4f2d1a4871
7	5907.w4lift-c8c5110de4f9.txt	5907.w4lift-88a61c377b0a.txt	ab88abce72ba
7	5907.w4lift-c8c5110de4f9.txt	5907.w4lift-97d2d8784e2f.txt	5aceefba3b64
7	5907.w4lift-c8c5110de4f9.txt	5907.w4lift-a7bbb73953d8.txt	2a574f2daa75
7	5907.w4lift-c8c5110de4f9.txt	5907.w4lift-a82143024d2d.txt	ba9ea1eefc0d
7	5907.w4lift-c8c5110de4f9.txt	5907.w4lift-ab80c9a45344.txt	c2def9f0e515
7	5907.w4lift-c8c5110de4f9.txt	5907.w4lift-ae466549a0d9.txt	2dd7827e5108
7	5907.w4lift-c8c5110de4f9.txt	5907.w4lift-b2702baa553d.txt	b7bc7337f220
7	5907.w4lift-c8c5110de4f9.txt	5907.w4lift-b66c35732a00.txt	8821c9761a3f
7	5907.w4lift-c8c5110de4f9.txt	5907.w4lift-b91f5e2f34a2.txt	2dcd6251565a
7	5907.w4lift-c8c5110de4f9.txt	5907.w4lift-bd154fbbf435.txt	1953b28ffc27
7	5907.w4lift-c8c5110de4f9.txt	5907.w4lift-bfbef8785aff.txt	30361e285fae
7	5907.w4lift-c8c5110de4f9.txt	5907.w4lift-c5ee76734b4d.txt	ab88abce72ba
7	5907.w4lift-c8c5110de4f9.txt	5907.w4lift-c7b7714127d9.txt	ab676a60b54e
7	5907.w4lift-c8c5110de4f9.txt	5907.w4lift-ca71ed8496bd.txt	0a44fc281e4b
7	5907.w4lift-c8c5110de4f9.txt	5907.w4lift-d155534ea2d4.txt	a8af7d1d0d1f
7	5907.w4lift-c8c5110de4f9.txt	5907.w4lift-da24731c22eb.txt	fa53bebb0c07
7	5907.w4lift-c8c5110de4f9.txt	5907.w4lift-db45ebdeed40.txt	2b5c256071ab
7	5907.w4lift-c8c5110de4f9.txt	5907.w4lift-dd24a1fe19b2.txt	032dbf0d777a
7	5907.w4lift-c8c5110de4f9.txt	5907.w4lift-e44f3ccf8ed4.txt	e616c3f821ef
7	5907.w4lift-c8c5110de4f9.txt	5907.w4lift-e45b90b0a767.txt	82d464ef22d6
7	5907.w4lift-c8c5110de4f9.txt	5907.w4lift-e96c05b05fe9.txt	c89c9cf370a2
7	5907.w4lift-c8c5110de4f9.txt	5907.w4lift-ebfb75328150.txt	162b937cfcd8
7	5907.w4lift-c8c5110de4f9.txt	5907.w4lift-ecfe2ba8e511.txt	78a113fc5546
7	5907.w4lift-c8c5110de4f9.txt	5907.w4lift-ef0f8852bf9b.txt	29acfe26c3eb
7	5907.w4lift-c8c5110de4f9.txt	5907.w4lift-f18f663f4c81.txt	5ff76078c599
7	5907.w4lift-c8c5110de4f9.txt	5907.w4lift-f75829b56545.txt	ada84d0153fa
7	5907.w4lift-c8c5110de4f9.txt	5907.w4lift-f9f8e9513c54.txt	bb0325078ded
7	5907.w4lift-c8c5110de4f9.txt	5907.w4lift-fb688ec5c017.txt	5581e578134b
7	5907.w4lift-c8c5110de4f9.txt	5907.w4lift-fb688ec5c017.txt	d0a01a1ac47d
7	5907.w4lift-c8c5110de4f9.txt	5907.w4lift-fc301bd873cb.txt	1fbf82fb2187
7	5907.w4lift-ca71ed8496bd.txt	5907.w4lift-1e59b13c7cc0.txt	e77bc6cdc11d
7	5907.w4lift-ca71ed8496bd.txt	5907.w4lift-3359ccc27832.txt	1ba1dace333f
7	5907.w4lift-ca71ed8496bd.txt	5907.w4lift-3580a08a5c73.txt	b0e623c58504
7	5907.w4lift-ca71ed8496bd.txt	5907.w4lift-3ce63a53cf1a.txt	260bf1dba9d6
7	5907.w4lift-ca71ed8496bd.txt	5907.w4lift-4034f85f00ec.txt	a805ea3de51d
7	5907.w4lift-ca71ed8496bd.txt	5907.w4lift-4614701d0920.txt	c32545fa8a66
7	5907.w4lift-ca71ed8496bd.txt	5907.w4lift-4d47295ca519.txt	9ed61ed63d31
7	5907.w4lift-ca71ed8496bd.txt	5907.w4lift-53542138d1b5.txt	ab88abce72ba
7	5907.w4lift-ca71ed8496bd.txt	5907.w4lift-540198536578.txt	151c9d94814a
7	5907.w4lift-ca71ed8496bd.txt	5907.w4lift-540198536578.txt	3f4b1bcb6fa8
7	5907.w4lift-ca71ed8496bd.txt	5907.w4lift-5f95afa2454b.txt	e6a2ec270f5f
7	5907.w4lift-ca71ed8496bd.txt	5907.w4lift-65fb95f576e7.txt	151c9d94814a
7	5907.w4lift-ca71ed8496bd.txt	5907.w4lift-65fb95f576e7.txt	3f4b1bcb6fa8
7	5907.w4lift-ca71ed8496bd.txt	5907.w4lift-6ec79809fccc.txt	c570f33b6777
7	5907.w4lift-ca71ed8496bd.txt	5907.w4lift-76a1eae91ca0.txt	c32545fa8a66
7	5907.w4lift-ca71ed8496bd.txt	5907.w4lift-7714757d2e9e.txt	969165258934
7	5907.w4lift-ca71ed8496bd.txt	5907.w4lift-863de61b836a.txt	c570f33b6777
7	5907.w4lift-ca71ed8496bd.txt	5907.w4lift-86a03197440a.txt	a805ea3de51d
7	5907.w4lift-ca71ed8496bd.txt	5907.w4lift-8824a6971c2e.txt	969165258934
7	5907.w4lift-ca71ed8496bd.txt	5907.w4lift-8966629ce152.txt	ab88abce72ba
7	5907.w4lift-ca71ed8496bd.txt	5907.w4lift-89b3167f9583.txt	e311a814616f
7	5907.w4lift-ca71ed8496bd.txt	5907.w4lift-8e5ca0ef018c.txt	430f8ba0d5bf
7	5907.w4lift-ca71ed8496bd.txt	5907.w4lift-a7bbb73953d8.txt	ab88abce72ba
7	5907.w4lift-ca71ed8496bd.txt	5907.w4lift-ab80c9a45344.txt	9ffeb4ce9bae
7	5907.w4lift-ca71ed8496bd.txt	5907.w4lift-ae466549a0d9.txt	a9587b440eca
7	5907.w4lift-ca71ed8496bd.txt	5907.w4lift-bca46e18f77b.txt	c442200796dc
7	5907.w4lift-ca71ed8496bd.txt	5907.w4lift-bd154fbbf435.txt	5e3e40b58466
7	5907.w4lift-ca71ed8496bd.txt	5907.w4lift-bfbef8785aff.txt	48c30fab9556
7	5907.w4lift-ca71ed8496bd.txt	5907.w4lift-c5ee76734b4d.txt	687cb1131075
7	5907.w4lift-ca71ed8496bd.txt	5907.w4lift-c7b7714127d9.txt	7c2769543fc5
7	5907.w4lift-ca71ed8496bd.txt	5907.w4lift-c8c5110de4f9.txt	7c9659982f8f
7	5907.w4lift-ca71ed8496bd.txt	5907.w4lift-cba9917bd593.txt	9ffeb4ce9bae
7	5907.w4lift-ca71ed8496bd.txt	5907.w4lift-d155534ea2d4.txt	430f8ba0d5bf
7	5907.w4lift-ca71ed8496bd.txt	5907.w4lift-d213b0754523.txt	1ba1dace333f
7	5907.w4lift-ca71ed8496bd.txt	5907.w4lift-db45ebdeed40.txt	3f5aa66e7f8b
7	5907.w4lift-ca71ed8496bd.txt	5907.w4lift-dd250dd876cd.txt	7c9659982f8f
7	5907.w4lift-ca71ed8496bd.txt	5907.w4lift-e0368a011e8c.txt	5e3e40b58466
7	5907.w4lift-ca71ed8496bd.txt	5907.w4lift-e2841ecca038.txt	687cb1131075
7	5907.w4lift-ca71ed8496bd.txt	5907.w4lift-e45b90b0a767.txt	51225a9bb93e
7	5907.w4lift-ca71ed8496bd.txt	5907.w4lift-e7ee0cc9c017.txt	51225a9bb93e
7	5907.w4lift-ca71ed8496bd.txt	5907.w4lift-e96c05b05fe9.txt	d6c04566fc39
7	5907.w4lift-ca71ed8496bd.txt	5907.w4lift-eb9a0d99f5fb.txt	a9587b440eca
7	5907.w4lift-ca71ed8496bd.txt	5907.w4lift-ebfb75328150.txt	9ed61ed63d31
7	5907.w4lift-ca71ed8496bd.txt	5907.w4lift-ecfe2ba8e511.txt	ab88abce72ba
7	5907.w4lift-ca71ed8496bd.txt	5907.w4lift-f18f663f4c81.txt	e77bc6cdc11d
7	5907.w4lift-ca71ed8496bd.txt	5907.w4lift-f2708ef02d1a.txt	260bf1dba9d6
7	5907.w4lift-ca71ed8496bd.txt	5907.w4lift-f9f8e9513c54.txt	e311a814616f
7	5907.w4lift-ca71ed8496bd.txt	5907.w4lift-fc301bd873cb.txt	c442200796dc
7	5907.w4lift-ca71ed8496bd.txt	5907.w4lift-fc5c70dfb561.txt	d6c04566fc39
7	5907.w4lift-ca71ed8496bd.txt	5907.w4lift-fc7d7045a431.txt	e6a2ec270f5f
7	5907.w4lift-caeaa9e5ac42.txt	5907.w4lift-08210f1c16a0.txt	8821c9761a3f
7	5907.w4lift-caeaa9e5ac42.txt	5907.w4lift-0dff9daccaa8.txt	61e671455635
7	5907.w4lift-caeaa9e5ac42.txt	5907.w4lift-0fc17b401159.txt	7f04bb1041b3
7	5907.w4lift-caeaa9e5ac42.txt	5907.w4lift-1c7e3360c98f.txt	66c7854e6888
7	5907.w4lift-caeaa9e5ac42.txt	5907.w4lift-319dff1ab25a.txt	49c5410504fe
7	5907.w4lift-caeaa9e5ac42.txt	5907.w4lift-352479dbf208.txt	0df6c6a90182
7	5907.w4lift-caeaa9e5ac42.txt	5907.w4lift-37386755df59.txt	3f6f5c94d76e
7	5907.w4lift-caeaa9e5ac42.txt	5907.w4lift-3ce63a53cf1a.txt	4ad13835a281
7	5907.w4lift-caeaa9e5ac42.txt	5907.w4lift-40dae53e6185.txt	af79b06ba137
7	5907.w4lift-caeaa9e5ac42.txt	5907.w4lift-430092f5780f.txt	e853ab8baae5
7	5907.w4lift-caeaa9e5ac42.txt	5907.w4lift-45a4ff8466a7.txt	45e1abda4c12
7	5907.w4lift-caeaa9e5ac42.txt	5907.w4lift-473fc5e1c91e.txt	d85cb56ed236
7	5907.w4lift-caeaa9e5ac42.txt	5907.w4lift-4a5b17090e74.txt	b85e26cbabc5
7	5907.w4lift-caeaa9e5ac42.txt	5907.w4lift-4cb3167d35ed.txt	d6c04566fc39
7	5907.w4lift-caeaa9e5ac42.txt	5907.w4lift-4d47295ca519.txt	f87b924fc4aa
7	5907.w4lift-caeaa9e5ac42.txt	5907.w4lift-5742f21eca2d.txt	ab88abce72ba
7	5907.w4lift-caeaa9e5ac42.txt	5907.w4lift-580a6b2415c2.txt	868b50be85a4
7	5907.w4lift-caeaa9e5ac42.txt	5907.w4lift-5ffba5cc4529.txt	8439efc11368
7	5907.w4lift-caeaa9e5ac42.txt	5907.w4lift-65fb95f576e7.txt	36706f4e334b
7	5907.w4lift-caeaa9e5ac42.txt	5907.w4lift-69ed3f34a123.txt	8f5cf69c5f7c
7	5907.w4lift-caeaa9e5ac42.txt	5907.w4lift-6e905a492084.txt	ab88abce72ba
7	5907.w4lift-caeaa9e5ac42.txt	5907.w4lift-7cd2edab64dc.txt	e1d1870a78cd
7	5907.w4lift-caeaa9e5ac42.txt	5907.w4lift-80c95286cd7c.txt	4c6e579a7560
7	5907.w4lift-caeaa9e5ac42.txt	5907.w4lift-80c95286cd7c.txt	72d376c5571d
7	5907.w4lift-caeaa9e5ac42.txt	5907.w4lift-82caf1ba27e5.txt	83d54a67702c
7	5907.w4lift-caeaa9e5ac42.txt	5907.w4lift-863de61b836a.txt	5135b7adb396
7	5907.w4lift-caeaa9e5ac42.txt	5907.w4lift-89b3167f9583.txt	3a3b52457923
7	5907.w4lift-caeaa9e5ac42.txt	5907.w4lift-8e5ca0ef018c.txt	b1be0f46d82c
7	5907.w4lift-caeaa9e5ac42.txt	5907.w4lift-912bd909d2b6.txt	ab88abce72ba
7	5907.w4lift-caeaa9e5ac42.txt	5907.w4lift-a6df35bc4b74.txt	0c1ecc350843
7	5907.w4lift-caeaa9e5ac42.txt	5907.w4lift-a82143024d2d.txt	921653b5f057
7	5907.w4lift-caeaa9e5ac42.txt	5907.w4lift-a8d3c9324eac.txt	eb52f3b0f67b
7	5907.w4lift-caeaa9e5ac42.txt	5907.w4lift-ab80c9a45344.txt	4f8df87699e7
7	5907.w4lift-caeaa9e5ac42.txt	5907.w4lift-ae466549a0d9.txt	5ff76078c599
7	5907.w4lift-caeaa9e5ac42.txt	5907.w4lift-b18d3ecda2e7.txt	429db3717944
7	5907.w4lift-caeaa9e5ac42.txt	5907.w4lift-b18d3ecda2e7.txt	b081b754d26e
7	5907.w4lift-caeaa9e5ac42.txt	5907.w4lift-b4e57551e32a.txt	ab88abce72ba
7	5907.w4lift-caeaa9e5ac42.txt	5907.w4lift-b91f5e2f34a2.txt	e0ba5cd5244d
7	5907.w4lift-caeaa9e5ac42.txt	5907.w4lift-bca46e18f77b.txt	ab88abce72ba
7	5907.w4lift-caeaa9e5ac42.txt	5907.w4lift-cb7d99c78307.txt	bfd1c873c831
7	5907.w4lift-caeaa9e5ac42.txt	5907.w4lift-d742e5e60c6f.txt	4f671bc3d3f3
7	5907.w4lift-caeaa9e5ac42.txt	5907.w4lift-dff914259b29.txt	ab88abce72ba
7	5907.w4lift-caeaa9e5ac42.txt	5907.w4lift-e04faca1c06c.txt	90628da2dd0c
7	5907.w4lift-caeaa9e5ac42.txt	5907.w4lift-e04faca1c06c.txt	a9604abeb264
7	5907.w4lift-caeaa9e5ac42.txt	5907.w4lift-e2841ecca038.txt	ba64a6bdcb29
7	5907.w4lift-caeaa9e5ac42.txt	5907.w4lift-e45b90b0a767.txt	1bba2e07446c
7	5907.w4lift-caeaa9e5ac42.txt	5907.w4lift-e768827496d4.txt	1b8c339e89cd
7	5907.w4lift-caeaa9e5ac42.txt	5907.w4lift-e7ee0cc9c017.txt	746b5fef63fc
7	5907.w4lift-caeaa9e5ac42.txt	5907.w4lift-f6b8b0e6314c.txt	0ad29fbab280
7	5907.w4lift-caeaa9e5ac42.txt	5907.w4lift-fc7d7045a431.txt	84a31d178833
7	5907.w4lift-cb7d99c78307.txt	5907.w4lift-04c898c73c62.txt	ab88abce72ba
7	5907.w4lift-cb7d99c78307.txt	5907.w4lift-16dd1019b651.txt	d24f63edf5b4
7	5907.w4lift-cb7d99c78307.txt	5907.w4lift-1e59b13c7cc0.txt	746b5fef63fc
7	5907.w4lift-cb7d99c78307.txt	5907.w4lift-231c44b74cdf.txt	429db3717944
7	5907.w4lift-cb7d99c78307.txt	5907.w4lift-231c44b74cdf.txt	b081b754d26e
7	5907.w4lift-cb7d99c78307.txt	5907.w4lift-2914e81572fa.txt	8e3fa11cbde7
7	5907.w4lift-cb7d99c78307.txt	5907.w4lift-2f67f2643eeb.txt	e2381e7cebff
7	5907.w4lift-cb7d99c78307.txt	5907.w4lift-352479dbf208.txt	162b937cfcd8
7	5907.w4lift-cb7d99c78307.txt	5907.w4lift-3580a08a5c73.txt	ecad0e65a5d2
7	5907.w4lift-cb7d99c78307.txt	5907.w4lift-37386755df59.txt	27becabec391
7	5907.w4lift-cb7d99c78307.txt	5907.w4lift-3ce63a53cf1a.txt	99cf5c65dd47
7	5907.w4lift-cb7d99c78307.txt	5907.w4lift-40dae53e6185.txt	ab88abce72ba
7	5907.w4lift-cb7d99c78307.txt	5907.w4lift-430092f5780f.txt	62a74ce65faa
7	5907.w4lift-cb7d99c78307.txt	5907.w4lift-430092f5780f.txt	b13177991e02
7	5907.w4lift-cb7d99c78307.txt	5907.w4lift-43a95823c4dc.txt	ab88abce72ba
7	5907.w4lift-cb7d99c78307.txt	5907.w4lift-4a5b17090e74.txt	a8af7d1d0d1f
7	5907.w4lift-cb7d99c78307.txt	5907.w4lift-546a47a518b6.txt	833239f93d60
7	5907.w4lift-cb7d99c78307.txt	5907.w4lift-676d0f91dd66.txt	74d91872eeb5
7	5907.w4lift-cb7d99c78307.txt	5907.w4lift-6e905a492084.txt	7dfddb482d3c
7	5907.w4lift-cb7d99c78307.txt	5907.w4lift-6ec79809fccc.txt	90ec4efba5a6
7	5907.w4lift-cb7d99c78307.txt	5907.w4lift-7cd2edab64dc.txt	27db135a20ba
7	5907.w4lift-cb7d99c78307.txt	5907.w4lift-80c95286cd7c.txt	b4dfc6692083
7	5907.w4lift-cb7d99c78307.txt	5907.w4lift-82caf1ba27e5.txt	be1ffc91f1cd
7	5907.w4lift-cb7d99c78307.txt	5907.w4lift-863de61b836a.txt	cb67e923a6ca
7	5907.w4lift-cb7d99c78307.txt	5907.w4lift-912bd909d2b6.txt	1fbf82fb2187
7	5907.w4lift-cb7d99c78307.txt	5907.w4lift-9b264f72a9b4.txt	72397e2f680a
7	5907.w4lift-cb7d99c78307.txt	5907.w4lift-a82143024d2d.txt	396fe6d979c3
7	5907.w4lift-cb7d99c78307.txt	5907.w4lift-a8d3c9324eac.txt	ab88abce72ba
7	5907.w4lift-cb7d99c78307.txt	5907.w4lift-ab80c9a45344.txt	c2def9f0e515
7	5907.w4lift-cb7d99c78307.txt	5907.w4lift-ae466549a0d9.txt	82d464ef22d6
7	5907.w4lift-cb7d99c78307.txt	5907.w4lift-b4e57551e32a.txt	1a06d1157530
7	5907.w4lift-cb7d99c78307.txt	5907.w4lift-caeaa9e5ac42.txt	01ebc19824fc
7	5907.w4lift-cb7d99c78307.txt	5907.w4lift-d213b0754523.txt	156e559f9324
7	5907.w4lift-cb7d99c78307.txt	5907.w4lift-d742e5e60c6f.txt	ead8943daa46
7	5907.w4lift-cb7d99c78307.txt	5907.w4lift-dbf70f871210.txt	ab88abce72ba
7	5907.w4lift-cb7d99c78307.txt	5907.w4lift-dd24a1fe19b2.txt	44bac1587ba9
7	5907.w4lift-cb7d99c78307.txt	5907.w4lift-dd250dd876cd.txt	5581e578134b
7	5907.w4lift-cb7d99c78307.txt	5907.w4lift-dd250dd876cd.txt	d0a01a1ac47d
7	5907.w4lift-cb7d99c78307.txt	5907.w4lift-dff914259b29.txt	b90b8c0dcceb
7	5907.w4lift-cb7d99c78307.txt	5907.w4lift-e04faca1c06c.txt	833239f93d60
7	5907.w4lift-cb7d99c78307.txt	5907.w4lift-e2841ecca038.txt	e491b3145c5e
7	5907.w4lift-cb7d99c78307.txt	5907.w4lift-e45b90b0a767.txt	2dd7827e5108
7	5907.w4lift-cb7d99c78307.txt	5907.w4lift-ec915ed4bfb3.txt	f489418a0205
7	5907.w4lift-cb7d99c78307.txt	5907.w4lift-ef0f8852bf9b.txt	c8cd712ae7b0
7	5907.w4lift-cb7d99c78307.txt	5907.w4lift-f6b8b0e6314c.txt	ab88abce72ba
7	5907.w4lift-cb7d99c78307.txt	5907.w4lift-fe39239f7468.txt	cf88f66916d6
7	5907.w4lift-cba9917bd593.txt	5907.w4lift-16dd1019b651.txt	65b9d86f9b57
7	5907.w4lift-cba9917bd593.txt	5907.w4lift-1e59b13c7cc0.txt	a32416d5301e
7	5907.w4lift-cba9917bd593.txt	5907.w4lift-204625f89751.txt	02eb9e2292e4
7	5907.w4lift-cba9917bd593.txt	5907.w4lift-3580a08a5c73.txt	b3e25e414908
7	5907.w4lift-cba9917bd593.txt	5907.w4lift-4034f85f00ec.txt	0cf38a094cfc
7	5907.w4lift-cba9917bd593.txt	5907.w4lift-43a95823c4dc.txt	21a14dac12e8
7	5907.w4lift-cba9917bd593.txt	5907.w4lift-4a5b17090e74.txt	f489418a0205
7	5907.w4lift-cba9917bd593.txt	5907.w4lift-4ab0903ef5f4.txt	7c184c5270f6
7	5907.w4lift-cba9917bd593.txt	5907.w4lift-4d47295ca519.txt	969165258934
7	5907.w4lift-cba9917bd593.txt	5907.w4lift-508210674d85.txt	ab88abce72ba
7	5907.w4lift-cba9917bd593.txt	5907.w4lift-53542138d1b5.txt	ebdcc2d4d36c
7	5907.w4lift-cba9917bd593.txt	5907.w4lift-540198536578.txt	0df6c6a90182
7	5907.w4lift-cba9917bd593.txt	5907.w4lift-644e04797cd3.txt	5e303fc5a688
7	5907.w4lift-cba9917bd593.txt	5907.w4lift-65fb95f576e7.txt	f87b924fc4aa
7	5907.w4lift-cba9917bd593.txt	5907.w4lift-6e6b2c468f32.txt	92782df6e5d5
7	5907.w4lift-cba9917bd593.txt	5907.w4lift-6e905a492084.txt	cf88f66916d6
7	5907.w4lift-cba9917bd593.txt	5907.w4lift-6ec79809fccc.txt	781dcd7d819f
7	5907.w4lift-cba9917bd593.txt	5907.w4lift-71600a834959.txt	969165258934
7	5907.w4lift-cba9917bd593.txt	5907.w4lift-76a1eae91ca0.txt	96ebdab07f84
7	5907.w4lift-cba9917bd593.txt	5907.w4lift-7714757d2e9e.txt	77edc40696c8
7	5907.w4lift-cba9917bd593.txt	5907.w4lift-7cd2edab64dc.txt	095bfb3dc800
7	5907.w4lift-cba9917bd593.txt	5907.w4lift-82caf1ba27e5.txt	ab88abce72ba
7	5907.w4lift-cba9917bd593.txt	5907.w4lift-846d5062c405.txt	fe3e4c3a8938
7	5907.w4lift-cba9917bd593.txt	5907.w4lift-8966629ce152.txt	55ebb8b168a5
7	5907.w4lift-cba9917bd593.txt	5907.w4lift-89b3167f9583.txt	1b8c339e89cd
7	5907.w4lift-cba9917bd593.txt	5907.w4lift-8e5ca0ef018c.txt	ab88abce72ba
7	5907.w4lift-cba9917bd593.txt	5907.w4lift-90338d0577bd.txt	b2d27c6fb87b
7	5907.w4lift-cba9917bd593.txt	5907.w4lift-97d2d8784e2f.txt	a4d962c8c490
7	5907.w4lift-cba9917bd593.txt	5907.w4lift-a7bbb73953d8.txt	e50393a8ba1d
7	5907.w4lift-cba9917bd593.txt	5907.w4lift-a82143024d2d.txt	52066a3cc9fc
7	5907.w4lift-cba9917bd593.txt	5907.w4lift-ab80c9a45344.txt	5581e578134b
7	5907.w4lift-cba9917bd593.txt	5907.w4lift-ab80c9a45344.txt	d0a01a1ac47d
7	5907.w4lift-cba9917bd593.txt	5907.w4lift-ae6af3254cbe.txt	d6c04566fc39
7	5907.w4lift-cba9917bd593.txt	5907.w4lift-b2702baa553d.txt	cbba85aa08fa
7	5907.w4lift-cba9917bd593.txt	5907.w4lift-bca46e18f77b.txt	d6c04566fc39
7	5907.w4lift-cba9917bd593.txt	5907.w4lift-bd154fbbf435.txt	8821c9761a3f
7	5907.w4lift-cba9917bd593.txt	5907.w4lift-bfbef8785aff.txt	ab88abce72ba
7	5907.w4lift-cba9917bd593.txt	5907.w4lift-c7b7714127d9.txt	bcd8bf3c0076
7	5907.w4lift-cba9917bd593.txt	5907.w4lift-ca71ed8496bd.txt	fd3d2036ee73
7	5907.w4lift-cba9917bd593.txt	5907.w4lift-d09cda89e063.txt	8373a022eef2
7	5907.w4lift-cba9917bd593.txt	5907.w4lift-d155534ea2d4.txt	2dcd6251565a
7	5907.w4lift-cba9917bd593.txt	5907.w4lift-d213b0754523.txt	02eb9e2292e4
7	5907.w4lift-cba9917bd593.txt	5907.w4lift-d742e5e60c6f.txt	d0fa1d8cc35d
7	5907.w4lift-cba9917bd593.txt	5907.w4lift-d946605e111b.txt	a805ea3de51d
7	5907.w4lift-cba9917bd593.txt	5907.w4lift-db45ebdeed40.txt	df712ba91fb7
7	5907.w4lift-cba9917bd593.txt	5907.w4lift-dd250dd876cd.txt	794f3186b56e
7	5907.w4lift-cba9917bd593.txt	5907.w4lift-dff914259b29.txt	b1be0f46d82c
7	5907.w4lift-cba9917bd593.txt	5907.w4lift-e0368a011e8c.txt	429db3717944
7	5907.w4lift-cba9917bd593.txt	5907.w4lift-e0368a011e8c.txt	b081b754d26e
7	5907.w4lift-cba9917bd593.txt	5907.w4lift-e2841ecca038.txt	cbba85aa08fa
7	5907.w4lift-cba9917bd593.txt	5907.w4lift-e7ee0cc9c017.txt	ab88abce72ba
7	5907.w4lift-cba9917bd593.txt	5907.w4lift-eb9a0d99f5fb.txt	ab88abce72ba
7	5907.w4lift-cba9917bd593.txt	5907.w4lift-f2708ef02d1a.txt	7c2769543fc5
7	5907.w4lift-cba9917bd593.txt	5907.w4lift-fb688ec5c017.txt	794f3186b56e
7	5907.w4lift-cba9917bd593.txt	5907.w4lift-fc5c70dfb561.txt	99fff9a726b2
7	5907.w4lift-cba9917bd593.txt	5907.w4lift-fc7d7045a431.txt	a805ea3de51d
7	5907.w4lift-cba9917bd593.txt	5907.w4lift-fd06a0493fef.txt	cf81c5206273
7	5907.w4lift-cc9fc0ef424a.txt	5907.w4lift-032cf45d2ac3.txt	ab88abce72ba
7	5907.w4lift-cc9fc0ef424a.txt	5907.w4lift-3bec2912a552.txt	4004c6042131
7	5907.w4lift-cc9fc0ef424a.txt	5907.w4lift-3bec2912a552.txt	9233133e9c39
7	5907.w4lift-cc9fc0ef424a.txt	5907.w4lift-9f4ed5191b67.txt	ab88abce72ba
7	5907.w4lift-d04bb3aa3d0c.txt	5907.w4lift-0f40865f6e8a.txt	ab88abce72ba
7	5907.w4lift-d04bb3aa3d0c.txt	5907.w4lift-d6697c4ba3bc.txt	ab88abce72ba
7	5907.w4lift-d09cda89e063.txt	5907.w4lift-04c898c73c62.txt	21a14dac12e8
7	5907.w4lift-d09cda89e063.txt	5907.w4lift-08210f1c16a0.txt	1b8c339e89cd
7	5907.w4lift-d09cda89e063.txt	5907.w4lift-0fc17b401159.txt	a805ea3de51d
7	5907.w4lift-d09cda89e063.txt	5907.w4lift-1c7e3360c98f.txt	8821c9761a3f
7	5907.w4lift-d09cda89e063.txt	5907.w4lift-204625f89751.txt	0f5ed4ca9093
7	5907.w4lift-d09cda89e063.txt	5907.w4lift-208b728dbc49.txt	a32416d5301e
7	5907.w4lift-d09cda89e063.txt	5907.w4lift-319dff1ab25a.txt	ab88abce72ba
7	5907.w4lift-d09cda89e063.txt	5907.w4lift-386272df4871.txt	cf81c5206273
7	5907.w4lift-d09cda89e063.txt	5907.w4lift-3d4579051d3f.txt	65b9d86f9b57
7	5907.w4lift-d09cda89e063.txt	5907.w4lift-473fc5e1c91e.txt	cbba85aa08fa
7	5907.w4lift-d09cda89e063.txt	5907.w4lift-4ab0903ef5f4.txt	02eb9e2292e4
7	5907.w4lift-d09cda89e063.txt	5907.w4lift-4cb3167d35ed.txt	969165258934
7	5907.w4lift-d09cda89e063.txt	5907.w4lift-508210674d85.txt	ab88abce72ba
7	5907.w4lift-d09cda89e063.txt	5907.w4lift-5742f21eca2d.txt	d6c04566fc39
7	5907.w4lift-d09cda89e063.txt	5907.w4lift-5f95afa2454b.txt	f87b924fc4aa
7	5907.w4lift-d09cda89e063.txt	5907.w4lift-644e04797cd3.txt	6e38383cfc72
7	5907.w4lift-d09cda89e063.txt	5907.w4lift-6e6b2c468f32.txt	ab88abce72ba
7	5907.w4lift-d09cda89e063.txt	5907.w4lift-6ec79809fccc.txt	96bae6feab65
7	5907.w4lift-d09cda89e063.txt	5907.w4lift-71600a834959.txt	df712ba91fb7
7	5907.w4lift-d09cda89e063.txt	5907.w4lift-7cd2edab64dc.txt	f4276d62e543
7	5907.w4lift-d09cda89e063.txt	5907.w4lift-82caf1ba27e5.txt	ab88abce72ba
7	5907.w4lift-d09cda89e063.txt	5907.w4lift-846d5062c405.txt	7c2769543fc5
7	5907.w4lift-d09cda89e063.txt	5907.w4lift-8a8b72923703.txt	02eb9e2292e4
7	5907.w4lift-d09cda89e063.txt	5907.w4lift-90338d0577bd.txt	ab88abce72ba
7	5907.w4lift-d09cda89e063.txt	5907.w4lift-97d2d8784e2f.txt	781dcd7d819f
7	5907.w4lift-d09cda89e063.txt	5907.w4lift-9b4bc5700c90.txt	429db3717944
7	5907.w4lift-d09cda89e063.txt	5907.w4lift-9b4bc5700c90.txt	b081b754d26e
7	5907.w4lift-d09cda89e063.txt	5907.w4lift-a82143024d2d.txt	dc2afaae0ced
7	5907.w4lift-d09cda89e063.txt	5907.w4lift-ab80c9a45344.txt	746b5fef63fc
7	5907.w4lift-d09cda89e063.txt	5907.w4lift-ae6af3254cbe.txt	f87b924fc4aa
7	5907.w4lift-d09cda89e063.txt	5907.w4lift-b2702baa553d.txt	b3e25e414908
7	5907.w4lift-d09cda89e063.txt	5907.w4lift-bd154fbbf435.txt	3a3b52457923
7	5907.w4lift-d09cda89e063.txt	5907.w4lift-bfbef8785aff.txt	36706f4e334b
7	5907.w4lift-d09cda89e063.txt	5907.w4lift-c5ee76734b4d.txt	b3e25e414908
7	5907.w4lift-d09cda89e063.txt	5907.w4lift-cba9917bd593.txt	5ff76078c599
7	5907.w4lift-d09cda89e063.txt	5907.w4lift-d155534ea2d4.txt	ab88abce72ba
7	5907.w4lift-d09cda89e063.txt	5907.w4lift-d742e5e60c6f.txt	4bf7e3748717
7	5907.w4lift-d09cda89e063.txt	5907.w4lift-d946605e111b.txt	0df6c6a90182
7	5907.w4lift-d09cda89e063.txt	5907.w4lift-dff914259b29.txt	4f671bc3d3f3
7	5907.w4lift-d09cda89e063.txt	5907.w4lift-e0fa39144639.txt	96ebdab07f84
7	5907.w4lift-d09cda89e063.txt	5907.w4lift-e7ee0cc9c017.txt	4ad13835a281
7	5907.w4lift-d09cda89e063.txt	5907.w4lift-eb9a0d99f5fb.txt	d58953d08832
7	5907.w4lift-d09cda89e063.txt	5907.w4lift-ebfb75328150.txt	df712ba91fb7
7	5907.w4lift-d09cda89e063.txt	5907.w4lift-f2708ef02d1a.txt	c8a9fa3f5fe4
7	5907.w4lift-d09cda89e063.txt	5907.w4lift-faafae8fcdaa.txt	45e1abda4c12
7	5907.w4lift-d09cda89e063.txt	5907.w4lift-fb688ec5c017.txt	a32416d5301e
7	5907.w4lift-d09cda89e063.txt	5907.w4lift-fc301bd873cb.txt	0df6c6a90182
7	5907.w4lift-d09cda89e063.txt	5907.w4lift-fe39239f7468.txt	794f3186b56e
7	5907.w4lift-d155534ea2d4.txt	5907.w4lift-04c898c73c62.txt	794f3186b56e
7	5907.w4lift-d155534ea2d4.txt	5907.w4lift-08210f1c16a0.txt	d6c04566fc39
7	5907.w4lift-d155534ea2d4.txt	5907.w4lift-097d01eaddb9.txt	b3e25e414908
7	5907.w4lift-d155534ea2d4.txt	5907.w4lift-0fc17b401159.txt	92782df6e5d5
7	5907.w4lift-d155534ea2d4.txt	5907.w4lift-1ba050a47f0b.txt	a32416d5301e
7	5907.w4lift-d155534ea2d4.txt	5907.w4lift-1c7e3360c98f.txt	2dcd6251565a
7	5907.w4lift-d155534ea2d4.txt	5907.w4lift-208b728dbc49.txt	02eb9e2292e4
7	5907.w4lift-d155534ea2d4.txt	5907.w4lift-319dff1ab25a.txt	8373a022eef2
7	5907.w4lift-d155534ea2d4.txt	5907.w4lift-3359ccc27832.txt	6e38383cfc72
7	5907.w4lift-d155534ea2d4.txt	5907.w4lift-3580a08a5c73.txt	96bae6feab65
7	5907.w4lift-d155534ea2d4.txt	5907.w4lift-386272df4871.txt	969165258934
7	5907.w4lift-d155534ea2d4.txt	5907.w4lift-3ce63a53cf1a.txt	4bf7e3748717
7	5907.w4lift-d155534ea2d4.txt	5907.w4lift-3d4579051d3f.txt	cbba85aa08fa
7	5907.w4lift-d155534ea2d4.txt	5907.w4lift-4614701d0920.txt	0df6c6a90182
7	5907.w4lift-d155534ea2d4.txt	5907.w4lift-473fc5e1c91e.txt	a4d962c8c490
7	5907.w4lift-d155534ea2d4.txt	5907.w4lift-4cb3167d35ed.txt	fe3e4c3a8938
7	5907.w4lift-d155534ea2d4.txt	5907.w4lift-508210674d85.txt	5581e578134b
7	5907.w4lift-d155534ea2d4.txt	5907.w4lift-508210674d85.txt	d0a01a1ac47d
7	5907.w4lift-d155534ea2d4.txt	5907.w4lift-53542138d1b5.txt	e6d89f3f0d4c
7	5907.w4lift-d155534ea2d4.txt	5907.w4lift-540198536578.txt	d58953d08832
7	5907.w4lift-d155534ea2d4.txt	5907.w4lift-5742f21eca2d.txt	b2d27c6fb87b
7	5907.w4lift-d155534ea2d4.txt	5907.w4lift-5f95afa2454b.txt	ab88abce72ba
7	5907.w4lift-d155534ea2d4.txt	5907.w4lift-65fb95f576e7.txt	4ad13835a281
7	5907.w4lift-d155534ea2d4.txt	5907.w4lift-684436c46755.txt	df712ba91fb7
7	5907.w4lift-d155534ea2d4.txt	5907.w4lift-6e6b2c468f32.txt	095bfb3dc800
7	5907.w4lift-d155534ea2d4.txt	5907.w4lift-82caf1ba27e5.txt	d4ec6aadbefe
7	5907.w4lift-d155534ea2d4.txt	5907.w4lift-846d5062c405.txt	d0fa1d8cc35d
7	5907.w4lift-d155534ea2d4.txt	5907.w4lift-863de61b836a.txt	dc2afaae0ced
7	5907.w4lift-d155534ea2d4.txt	5907.w4lift-86a03197440a.txt	ebdcc2d4d36c
7	5907.w4lift-d155534ea2d4.txt	5907.w4lift-8824a6971c2e.txt	bcd8bf3c0076
7	5907.w4lift-d155534ea2d4.txt	5907.w4lift-8a8b72923703.txt	5e303fc5a688
7	5907.w4lift-d155534ea2d4.txt	5907.w4lift-90338d0577bd.txt	b1be0f46d82c
7	5907.w4lift-d155534ea2d4.txt	5907.w4lift-97d2d8784e2f.txt	52066a3cc9fc
7	5907.w4lift-d155534ea2d4.txt	5907.w4lift-9b4bc5700c90.txt	ab88abce72ba
7	5907.w4lift-d155534ea2d4.txt	5907.w4lift-a7bbb73953d8.txt	3a87ef2485a8
7	5907.w4lift-d155534ea2d4.txt	5907.w4lift-ab80c9a45344.txt	ab88abce72ba
7	5907.w4lift-d155534ea2d4.txt	5907.w4lift-ae466549a0d9.txt	4f671bc3d3f3
7	5907.w4lift-d155534ea2d4.txt	5907.w4lift-bd154fbbf435.txt	ab88abce72ba
7	5907.w4lift-d155534ea2d4.txt	5907.w4lift-bfbef8785aff.txt	5ff76078c599
7	5907.w4lift-d155534ea2d4.txt	5907.w4lift-c5ee76734b4d.txt	781dcd7d819f
7	5907.w4lift-d155534ea2d4.txt	5907.w4lift-c7b7714127d9.txt	8483f8b7ecb1
7	5907.w4lift-d155534ea2d4.txt	5907.w4lift-c8c5110de4f9.txt	02eb9e2292e4
7	5907.w4lift-d155534ea2d4.txt	5907.w4lift-ca71ed8496bd.txt	5d3074fe7163
7	5907.w4lift-d155534ea2d4.txt	5907.w4lift-cba9917bd593.txt	fecd684a9442
7	5907.w4lift-d155534ea2d4.txt	5907.w4lift-d09cda89e063.txt	ab88abce72ba
7	5907.w4lift-d155534ea2d4.txt	5907.w4lift-db45ebdeed40.txt	c8a9fa3f5fe4
7	5907.w4lift-d155534ea2d4.txt	5907.w4lift-e0fa39144639.txt	a805ea3de51d
7	5907.w4lift-d155534ea2d4.txt	5907.w4lift-e45b90b0a767.txt	f4276d62e543
7	5907.w4lift-d155534ea2d4.txt	5907.w4lift-e96c05b05fe9.txt	e50393a8ba1d
7	5907.w4lift-d155534ea2d4.txt	5907.w4lift-ebfb75328150.txt	7c2769543fc5
7	5907.w4lift-d155534ea2d4.txt	5907.w4lift-ecfe2ba8e511.txt	fd3d2036ee73
7	5907.w4lift-d155534ea2d4.txt	5907.w4lift-f18f663f4c81.txt	0f5ed4ca9093
7	5907.w4lift-d155534ea2d4.txt	5907.w4lift-f9f8e9513c54.txt	f87b924fc4aa
7	5907.w4lift-d155534ea2d4.txt	5907.w4lift-faafae8fcdaa.txt	8821c9761a3f
7	5907.w4lift-d155534ea2d4.txt	5907.w4lift-fc301bd873cb.txt	ab88abce72ba
7	5907.w4lift-d155534ea2d4.txt	5907.w4lift-fe39239f7468.txt	7c184c5270f6
7	5907.w4lift-d213b0754523.txt	5907.w4lift-06b66ef7470f.txt	fa53bebb0c07
7	5907.w4lift-d213b0754523.txt	5907.w4lift-16dd1019b651.txt	6e21f7e985fe
7	5907.w4lift-d213b0754523.txt	5907.w4lift-177bb009e3ce.txt	8821c9761a3f
7	5907.w4lift-d213b0754523.txt	5907.w4lift-1da61b5817e6.txt	ab88abce72ba
7	5907.w4lift-d213b0754523.txt	5907.w4lift-1e59b13c7cc0.txt	ab88abce72ba
7	5907.w4lift-d213b0754523.txt	5907.w4lift-208b728dbc49.txt	2dcd6251565a
7	5907.w4lift-d213b0754523.txt	5907.w4lift-2344c04ea5dd.txt	e616c3f821ef
7	5907.w4lift-d213b0754523.txt	5907.w4lift-3580a08a5c73.txt	e616c3f821ef
7	5907.w4lift-d213b0754523.txt	5907.w4lift-4034f85f00ec.txt	a970d6913215
7	5907.w4lift-d213b0754523.txt	5907.w4lift-40dae53e6185.txt	5581e578134b
7	5907.w4lift-d213b0754523.txt	5907.w4lift-40dae53e6185.txt	d0a01a1ac47d
7	5907.w4lift-d213b0754523.txt	5907.w4lift-430092f5780f.txt	ab88abce72ba
7	5907.w4lift-d213b0754523.txt	5907.w4lift-43a95823c4dc.txt	429db3717944
7	5907.w4lift-d213b0754523.txt	5907.w4lift-43a95823c4dc.txt	b081b754d26e
7	5907.w4lift-d213b0754523.txt	5907.w4lift-4d47295ca519.txt	dbb15d86868a
7	5907.w4lift-d213b0754523.txt	5907.w4lift-53542138d1b5.txt	c50b4b5b313f
7	5907.w4lift-d213b0754523.txt	5907.w4lift-540198536578.txt	959edf9574a8
7	5907.w4lift-d213b0754523.txt	5907.w4lift-55201236e530.txt	ada84d0153fa
7	5907.w4lift-d213b0754523.txt	5907.w4lift-65fb95f576e7.txt	bb0325078ded
7	5907.w4lift-d213b0754523.txt	5907.w4lift-6ec79809fccc.txt	ab88abce72ba
7	5907.w4lift-d213b0754523.txt	5907.w4lift-76a1eae91ca0.txt	0ce7fb1aec46
7	5907.w4lift-d213b0754523.txt	5907.w4lift-7714757d2e9e.txt	ac42fcb14bfc
7	5907.w4lift-d213b0754523.txt	5907.w4lift-863de61b836a.txt	b7bc7337f220
7	5907.w4lift-d213b0754523.txt	5907.w4lift-88a61c377b0a.txt	399bec1eb082
7	5907.w4lift-d213b0754523.txt	5907.w4lift-8966629ce152.txt	d04f36d11055
7	5907.w4lift-d213b0754523.txt	5907.w4lift-89b3167f9583.txt	e0be9b4548fa
7	5907.w4lift-d213b0754523.txt	5907.w4lift-8a8b72923703.txt	8373a022eef2
7	5907.w4lift-d213b0754523.txt	5907.w4lift-8e5ca0ef018c.txt	6a51a52b89c4
7	5907.w4lift-d213b0754523.txt	5907.w4lift-a7bbb73953d8.txt	c89c9cf370a2
7	5907.w4lift-d213b0754523.txt	5907.w4lift-a82143024d2d.txt	5aceefba3b64
7	5907.w4lift-d213b0754523.txt	5907.w4lift-a8d3c9324eac.txt	f76742e7df1c
7	5907.w4lift-d213b0754523.txt	5907.w4lift-bca46e18f77b.txt	1e48e92e2bca
7	5907.w4lift-d213b0754523.txt	5907.w4lift-bfbef8785aff.txt	1953b28ffc27
7	5907.w4lift-d213b0754523.txt	5907.w4lift-c7b7714127d9.txt	4c4f2d1a4871
7	5907.w4lift-d213b0754523.txt	5907.w4lift-ca71ed8496bd.txt	78a113fc5546
7	5907.w4lift-d213b0754523.txt	5907.w4lift-cb7d99c78307.txt	f489418a0205
7	5907.w4lift-d213b0754523.txt	5907.w4lift-cba9917bd593.txt	a8af7d1d0d1f
7	5907.w4lift-d213b0754523.txt	5907.w4lift-da24731c22eb.txt	74d91872eeb5
7	5907.w4lift-d213b0754523.txt	5907.w4lift-db45ebdeed40.txt	c9d65fee4f73
7	5907.w4lift-d213b0754523.txt	5907.w4lift-dd250dd876cd.txt	ab88abce72ba
7	5907.w4lift-d213b0754523.txt	5907.w4lift-df0078a194a0.txt	ab88abce72ba
7	5907.w4lift-d213b0754523.txt	5907.w4lift-e0368a011e8c.txt	c672adfe27ca
7	5907.w4lift-d213b0754523.txt	5907.w4lift-e04faca1c06c.txt	0639dfc60058
7	5907.w4lift-d213b0754523.txt	5907.w4lift-e2841ecca038.txt	2e62188e3c8b
7	5907.w4lift-d213b0754523.txt	5907.w4lift-e2841ecca038.txt	48f9270682d9
7	5907.w4lift-d213b0754523.txt	5907.w4lift-e44f3ccf8ed4.txt	032dbf0d777a
7	5907.w4lift-d213b0754523.txt	5907.w4lift-e7ee0cc9c017.txt	1fbf82fb2187
7	5907.w4lift-d213b0754523.txt	5907.w4lift-eb9a0d99f5fb.txt	27becabec391
7	5907.w4lift-d213b0754523.txt	5907.w4lift-f2708ef02d1a.txt	162b937cfcd8
7	5907.w4lift-d213b0754523.txt	5907.w4lift-f6b8b0e6314c.txt	cf88f66916d6
7	5907.w4lift-d213b0754523.txt	5907.w4lift-f75829b56545.txt	29acfe26c3eb
7	5907.w4lift-d213b0754523.txt	5907.w4lift-fc5c70dfb561.txt	4ce48a92b573
7	5907.w4lift-d213b0754523.txt	5907.w4lift-fc7d7045a431.txt	3ec33775c7bd
7	5907.w4lift-d213b0754523.txt	5907.w4lift-fd06a0493fef.txt	bcf19a50a353
7	5907.w4lift-d6697c4ba3bc.txt	5907.w4lift-c63d972f7ee9.txt	ab88abce72ba
7	5907.w4lift-d6697c4ba3bc.txt	5907.w4lift-d04bb3aa3d0c.txt	ab88abce72ba
7	5907.w4lift-d742e5e60c6f.txt	5907.w4lift-204625f89751.txt	96704a0eb24e
7	5907.w4lift-d742e5e60c6f.txt	5907.w4lift-352479dbf208.txt	429db3717944
7	5907.w4lift-d742e5e60c6f.txt	5907.w4lift-352479dbf208.txt	b081b754d26e
7	5907.w4lift-d742e5e60c6f.txt	5907.w4lift-37386755df59.txt	7da937df9f1b
7	5907.w4lift-d742e5e60c6f.txt	5907.w4lift-3ce63a53cf1a.txt	ab88abce72ba
7	5907.w4lift-d742e5e60c6f.txt	5907.w4lift-40dae53e6185.txt	96704a0eb24e
7	5907.w4lift-d742e5e60c6f.txt	5907.w4lift-430092f5780f.txt	14a420b3a5b2
7	5907.w4lift-d742e5e60c6f.txt	5907.w4lift-4a5b17090e74.txt	c22bfb6473cb
7	5907.w4lift-d742e5e60c6f.txt	5907.w4lift-4ab0903ef5f4.txt	a780c2d233f8
7	5907.w4lift-d742e5e60c6f.txt	5907.w4lift-4d47295ca519.txt	8821c9761a3f
7	5907.w4lift-d742e5e60c6f.txt	5907.w4lift-508210674d85.txt	c22bfb6473cb
7	5907.w4lift-d742e5e60c6f.txt	5907.w4lift-644e04797cd3.txt	14a420b3a5b2
7	5907.w4lift-d742e5e60c6f.txt	5907.w4lift-684436c46755.txt	45e1abda4c12
7	5907.w4lift-d742e5e60c6f.txt	5907.w4lift-6e6b2c468f32.txt	2257058c3d2d
7	5907.w4lift-d742e5e60c6f.txt	5907.w4lift-6e905a492084.txt	71fce178fd55
7	5907.w4lift-d742e5e60c6f.txt	5907.w4lift-6ec79809fccc.txt	56f642d92240
7	5907.w4lift-d742e5e60c6f.txt	5907.w4lift-71600a834959.txt	429db3717944
7	5907.w4lift-d742e5e60c6f.txt	5907.w4lift-71600a834959.txt	b081b754d26e
7	5907.w4lift-d742e5e60c6f.txt	5907.w4lift-7cd2edab64dc.txt	ab88abce72ba
7	5907.w4lift-d742e5e60c6f.txt	5907.w4lift-80c95286cd7c.txt	2257058c3d2d
7	5907.w4lift-d742e5e60c6f.txt	5907.w4lift-82caf1ba27e5.txt	2c806c1bf6e3
7	5907.w4lift-d742e5e60c6f.txt	5907.w4lift-846d5062c405.txt	ab88abce72ba
7	5907.w4lift-d742e5e60c6f.txt	5907.w4lift-863de61b836a.txt	56f642d92240
7	5907.w4lift-d742e5e60c6f.txt	5907.w4lift-90338d0577bd.txt	49c5410504fe
7	5907.w4lift-d742e5e60c6f.txt	5907.w4lift-912bd909d2b6.txt	66c7854e6888
7	5907.w4lift-d742e5e60c6f.txt	5907.w4lift-97d2d8784e2f.txt	f2cd8c1f4d2e
7	5907.w4lift-d742e5e60c6f.txt	5907.w4lift-a82143024d2d.txt	eb8331df9ee8
7	5907.w4lift-d742e5e60c6f.txt	5907.w4lift-a8d3c9324eac.txt	ff37ff3f6ef2
7	5907.w4lift-d742e5e60c6f.txt	5907.w4lift-ab80c9a45344.txt	ac9b3dbee6ab
7	5907.w4lift-d742e5e60c6f.txt	5907.w4lift-ae466549a0d9.txt	b1be0f46d82c
7	5907.w4lift-d742e5e60c6f.txt	5907.w4lift-ae6af3254cbe.txt	66c7854e6888
7	5907.w4lift-d742e5e60c6f.txt	5907.w4lift-b2702baa553d.txt	ff37ff3f6ef2
7	5907.w4lift-d742e5e60c6f.txt	5907.w4lift-b4e57551e32a.txt	ab88abce72ba
7	5907.w4lift-d742e5e60c6f.txt	5907.w4lift-caeaa9e5ac42.txt	49c5410504fe
7	5907.w4lift-d742e5e60c6f.txt	5907.w4lift-cb7d99c78307.txt	dbdbbc7a0086
7	5907.w4lift-d742e5e60c6f.txt	5907.w4lift-cba9917bd593.txt	ac9b3dbee6ab
7	5907.w4lift-d742e5e60c6f.txt	5907.w4lift-d09cda89e063.txt	71fce178fd55
7	5907.w4lift-d742e5e60c6f.txt	5907.w4lift-d946605e111b.txt	7da937df9f1b
7	5907.w4lift-d742e5e60c6f.txt	5907.w4lift-db45ebdeed40.txt	3a3b52457923
7	5907.w4lift-d742e5e60c6f.txt	5907.w4lift-dff914259b29.txt	ab88abce72ba
7	5907.w4lift-d742e5e60c6f.txt	5907.w4lift-e04faca1c06c.txt	f2cd8c1f4d2e
7	5907.w4lift-d742e5e60c6f.txt	5907.w4lift-e45b90b0a767.txt	b85e26cbabc5
7	5907.w4lift-d742e5e60c6f.txt	5907.w4lift-e7ee0cc9c017.txt	b85e26cbabc5
7	5907.w4lift-d742e5e60c6f.txt	5907.w4lift-eb9a0d99f5fb.txt	b1be0f46d82c
7	5907.w4lift-d742e5e60c6f.txt	5907.w4lift-ebfb75328150.txt	8821c9761a3f
7	5907.w4lift-d742e5e60c6f.txt	5907.w4lift-f2708ef02d1a.txt	ab88abce72ba
7	5907.w4lift-d742e5e60c6f.txt	5907.w4lift-f6b8b0e6314c.txt	a780c2d233f8
7	5907.w4lift-d742e5e60c6f.txt	5907.w4lift-fb688ec5c017.txt	dbdbbc7a0086
7	5907.w4lift-d742e5e60c6f.txt	5907.w4lift-fd06a0493fef.txt	45e1abda4c12
7	5907.w4lift-d946605e111b.txt	5907.w4lift-0531d212f9bb.txt	55ebb8b168a5
7	5907.w4lift-d946605e111b.txt	5907.w4lift-0709deed1cd4.txt	d07ef10057cc
7	5907.w4lift-d946605e111b.txt	5907.w4lift-08210f1c16a0.txt	f489418a0205
7	5907.w4lift-d946605e111b.txt	5907.w4lift-097d01eaddb9.txt	eb52f3b0f67b
7	5907.w4lift-d946605e111b.txt	5907.w4lift-177bb009e3ce.txt	bfd1c873c831
7	5907.w4lift-d946605e111b.txt	5907.w4lift-1c7e3360c98f.txt	2257058c3d2d
7	5907.w4lift-d946605e111b.txt	5907.w4lift-204625f89751.txt	09d23aa6b91a
7	5907.w4lift-d946605e111b.txt	5907.w4lift-231c44b74cdf.txt	65b414a14871
7	5907.w4lift-d946605e111b.txt	5907.w4lift-45a4ff8466a7.txt	429db3717944
7	5907.w4lift-d946605e111b.txt	5907.w4lift-45a4ff8466a7.txt	b081b754d26e
7	5907.w4lift-d946605e111b.txt	5907.w4lift-4614701d0920.txt	ab88abce72ba
7	5907.w4lift-d946605e111b.txt	5907.w4lift-4ab0903ef5f4.txt	c7e7cc660163
7	5907.w4lift-d946605e111b.txt	5907.w4lift-508210674d85.txt	ab88abce72ba
7	5907.w4lift-d946605e111b.txt	5907.w4lift-5742f21eca2d.txt	cf88f66916d6
7	5907.w4lift-d946605e111b.txt	5907.w4lift-58984281bc50.txt	96ebdab07f84
7	5907.w4lift-d946605e111b.txt	5907.w4lift-5f95afa2454b.txt	5581e578134b
7	5907.w4lift-d946605e111b.txt	5907.w4lift-5f95afa2454b.txt	d0a01a1ac47d
7	5907.w4lift-d946605e111b.txt	5907.w4lift-5ffba5cc4529.txt	9943a7ddc283
7	5907.w4lift-d946605e111b.txt	5907.w4lift-644e04797cd3.txt	c62a03f346cf
7	5907.w4lift-d946605e111b.txt	5907.w4lift-65fb95f576e7.txt	746b5fef63fc
7	5907.w4lift-d946605e111b.txt	5907.w4lift-684436c46755.txt	0df6c6a90182
7	5907.w4lift-d946605e111b.txt	5907.w4lift-6d19c9f1455d.txt	0cf38a094cfc
7	5907.w4lift-d946605e111b.txt	5907.w4lift-6e6b2c468f32.txt	ab88abce72ba
7	5907.w4lift-d946605e111b.txt	5907.w4lift-6ec79809fccc.txt	2b1829f80cf7
7	5907.w4lift-d946605e111b.txt	5907.w4lift-71600a834959.txt	ab88abce72ba
7	5907.w4lift-d946605e111b.txt	5907.w4lift-7cd2edab64dc.txt	41a730999ec8
7	5907.w4lift-d946605e111b.txt	5907.w4lift-82caf1ba27e5.txt	7145048de6a4
7	5907.w4lift-d946605e111b.txt	5907.w4lift-846d5062c405.txt	095bfb3dc800
7	5907.w4lift-d946605e111b.txt	5907.w4lift-86a03197440a.txt	fd3d2036ee73
7	5907.w4lift-d946605e111b.txt	5907.w4lift-8824a6971c2e.txt	ebdcc2d4d36c
7	5907.w4lift-d946605e111b.txt	5907.w4lift-90338d0577bd.txt	38fa2979bd03
7	5907.w4lift-d946605e111b.txt	5907.w4lift-97d2d8784e2f.txt	c6701c2a9601
7	5907.w4lift-d946605e111b.txt	5907.w4lift-a6df35bc4b74.txt	947fefee2ce1
7	5907.w4lift-d946605e111b.txt	5907.w4lift-a82143024d2d.txt	9105aba16b54
7	5907.w4lift-d946605e111b.txt	5907.w4lift-ae466549a0d9.txt	156e559f9324
7	5907.w4lift-d946605e111b.txt	5907.w4lift-ae6af3254cbe.txt	4c6e579a7560
7	5907.w4lift-d946605e111b.txt	5907.w4lift-ae6af3254cbe.txt	72d376c5571d
7	5907.w4lift-d946605e111b.txt	5907.w4lift-b18d3ecda2e7.txt	ab88abce72ba
7	5907.w4lift-d946605e111b.txt	5907.w4lift-b2702baa553d.txt	90628da2dd0c
7	5907.w4lift-d946605e111b.txt	5907.w4lift-b2702baa553d.txt	a9604abeb264
7	5907.w4lift-d946605e111b.txt	5907.w4lift-b7a548d5f629.txt	f1f39aaf528e
7	5907.w4lift-d946605e111b.txt	5907.w4lift-bd154fbbf435.txt	b85e26cbabc5
7	5907.w4lift-d946605e111b.txt	5907.w4lift-cba9917bd593.txt	398028eae919
7	5907.w4lift-d946605e111b.txt	5907.w4lift-d09cda89e063.txt	0df6c6a90182
7	5907.w4lift-d946605e111b.txt	5907.w4lift-d742e5e60c6f.txt	223da8cfb8a5
7	5907.w4lift-d946605e111b.txt	5907.w4lift-dcd0ec0a1fc5.txt	84209a8c0f2c
7	5907.w4lift-d946605e111b.txt	5907.w4lift-df0078a194a0.txt	0ad29fbab280
7	5907.w4lift-d946605e111b.txt	5907.w4lift-dff914259b29.txt	62a74ce65faa
7	5907.w4lift-d946605e111b.txt	5907.w4lift-dff914259b29.txt	b13177991e02
7	5907.w4lift-d946605e111b.txt	5907.w4lift-e768827496d4.txt	a805ea3de51d
7	5907.w4lift-d946605e111b.txt	5907.w4lift-e7ee0cc9c017.txt	ab88abce72ba
7	5907.w4lift-d946605e111b.txt	5907.w4lift-e96c05b05fe9.txt	182cf9bee74c
7	5907.w4lift-d946605e111b.txt	5907.w4lift-eb9a0d99f5fb.txt	be6b4f4e69cf
7	5907.w4lift-d946605e111b.txt	5907.w4lift-ec915ed4bfb3.txt	e8e466f2309f
7	5907.w4lift-d946605e111b.txt	5907.w4lift-ecfe2ba8e511.txt	96c7e62b0db1
7	5907.w4lift-d946605e111b.txt	5907.w4lift-f2708ef02d1a.txt	f4276d62e543
7	5907.w4lift-d946605e111b.txt	5907.w4lift-f859791b1e8e.txt	698dcf70c661
7	5907.w4lift-d946605e111b.txt	5907.w4lift-f9f8e9513c54.txt	3f6f5c94d76e
7	5907.w4lift-d946605e111b.txt	5907.w4lift-faafae8fcdaa.txt	7da937df9f1b
7	5907.w4lift-d946605e111b.txt	5907.w4lift-fb688ec5c017.txt	61e671455635
7	5907.w4lift-da1a5fd24d89.txt	5907.w4lift-3305c123721e.txt	9a1f3be55831
7	5907.w4lift-da1a5fd24d89.txt	5907.w4lift-3305c123721e.txt	af1df8c730b3
7	5907.w4lift-da1a5fd24d89.txt	5907.w4lift-8ce32647dce1.txt	51c13efc7a14
7	5907.w4lift-da24731c22eb.txt	5907.w4lift-06b66ef7470f.txt	156e559f9324
7	5907.w4lift-da24731c22eb.txt	5907.w4lift-169e64bca870.txt	f76742e7df1c
7	5907.w4lift-da24731c22eb.txt	5907.w4lift-177bb009e3ce.txt	d24f63edf5b4
7	5907.w4lift-da24731c22eb.txt	5907.w4lift-1ba050a47f0b.txt	e616c3f821ef
7	5907.w4lift-da24731c22eb.txt	5907.w4lift-1da61b5817e6.txt	ab88abce72ba
7	5907.w4lift-da24731c22eb.txt	5907.w4lift-1e59b13c7cc0.txt	ecad0e65a5d2
7	5907.w4lift-da24731c22eb.txt	5907.w4lift-208b728dbc49.txt	e491b3145c5e
7	5907.w4lift-da24731c22eb.txt	5907.w4lift-2344c04ea5dd.txt	62a74ce65faa
7	5907.w4lift-da24731c22eb.txt	5907.w4lift-2344c04ea5dd.txt	b13177991e02
7	5907.w4lift-da24731c22eb.txt	5907.w4lift-2f67f2643eeb.txt	ab88abce72ba
7	5907.w4lift-da24731c22eb.txt	5907.w4lift-40dae53e6185.txt	90ec4efba5a6
7	5907.w4lift-da24731c22eb.txt	5907.w4lift-430092f5780f.txt	396fe6d979c3
7	5907.w4lift-da24731c22eb.txt	5907.w4lift-4ab0903ef5f4.txt	5aceefba3b64
7	5907.w4lift-da24731c22eb.txt	5907.w4lift-55201236e530.txt	746b5fef63fc
7	5907.w4lift-da24731c22eb.txt	5907.w4lift-580a6b2415c2.txt	0639dfc60058
7	5907.w4lift-da24731c22eb.txt	5907.w4lift-676d0f91dd66.txt	f489418a0205
7	5907.w4lift-da24731c22eb.txt	5907.w4lift-88a61c377b0a.txt	5581e578134b
7	5907.w4lift-da24731c22eb.txt	5907.w4lift-88a61c377b0a.txt	d0a01a1ac47d
7	5907.w4lift-da24731c22eb.txt	5907.w4lift-8a8b72923703.txt	833239f93d60
7	5907.w4lift-da24731c22eb.txt	5907.w4lift-b66c35732a00.txt	6e21f7e985fe
7	5907.w4lift-da24731c22eb.txt	5907.w4lift-b91f5e2f34a2.txt	2e62188e3c8b
7	5907.w4lift-da24731c22eb.txt	5907.w4lift-b91f5e2f34a2.txt	48f9270682d9
7	5907.w4lift-da24731c22eb.txt	5907.w4lift-c8c5110de4f9.txt	b7bc7337f220
7	5907.w4lift-da24731c22eb.txt	5907.w4lift-d213b0754523.txt	cb67e923a6ca
7	5907.w4lift-da24731c22eb.txt	5907.w4lift-dd24a1fe19b2.txt	cf88f66916d6
7	5907.w4lift-da24731c22eb.txt	5907.w4lift-df0078a194a0.txt	ab88abce72ba
7	5907.w4lift-da24731c22eb.txt	5907.w4lift-e44f3ccf8ed4.txt	ab88abce72ba
7	5907.w4lift-da24731c22eb.txt	5907.w4lift-ef0f8852bf9b.txt	429db3717944
7	5907.w4lift-da24731c22eb.txt	5907.w4lift-ef0f8852bf9b.txt	b081b754d26e
7	5907.w4lift-da24731c22eb.txt	5907.w4lift-f75829b56545.txt	ab88abce72ba
7	5907.w4lift-da24731c22eb.txt	5907.w4lift-fb688ec5c017.txt	ab88abce72ba
7	5907.w4lift-db45ebdeed40.txt	5907.w4lift-097d01eaddb9.txt	f2cd8c1f4d2e
7	5907.w4lift-db45ebdeed40.txt	5907.w4lift-16dd1019b651.txt	f2cd8c1f4d2e
7	5907.w4lift-db45ebdeed40.txt	5907.w4lift-1ba050a47f0b.txt	a780c2d233f8
7	5907.w4lift-db45ebdeed40.txt	5907.w4lift-1e59b13c7cc0.txt	14a420b3a5b2
7	5907.w4lift-db45ebdeed40.txt	5907.w4lift-3359ccc27832.txt	045ff6b79066
7	5907.w4lift-db45ebdeed40.txt	5907.w4lift-352479dbf208.txt	cf88f66916d6
7	5907.w4lift-db45ebdeed40.txt	5907.w4lift-3580a08a5c73.txt	eb8331df9ee8
7	5907.w4lift-db45ebdeed40.txt	5907.w4lift-3ce63a53cf1a.txt	ab88abce72ba
7	5907.w4lift-db45ebdeed40.txt	5907.w4lift-4034f85f00ec.txt	cfa4043ac971
7	5907.w4lift-db45ebdeed40.txt	5907.w4lift-43a95823c4dc.txt	a780c2d233f8
7	5907.w4lift-db45ebdeed40.txt	5907.w4lift-4614701d0920.txt	2257058c3d2d
7	5907.w4lift-db45ebdeed40.txt	5907.w4lift-4d47295ca519.txt	8373a022eef2
7	5907.w4lift-db45ebdeed40.txt	5907.w4lift-53542138d1b5.txt	5166d6e62e75
7	5907.w4lift-db45ebdeed40.txt	5907.w4lift-53542138d1b5.txt	e3da64e6da9b
7	5907.w4lift-db45ebdeed40.txt	5907.w4lift-540198536578.txt	ab88abce72ba
7	5907.w4lift-db45ebdeed40.txt	5907.w4lift-5f95afa2454b.txt	f550b887608a
7	5907.w4lift-db45ebdeed40.txt	5907.w4lift-65fb95f576e7.txt	ab88abce72ba
7	5907.w4lift-db45ebdeed40.txt	5907.w4lift-684436c46755.txt	ab88abce72ba
7	5907.w4lift-db45ebdeed40.txt	5907.w4lift-6ec79809fccc.txt	fa9996b118a5
7	5907.w4lift-db45ebdeed40.txt	5907.w4lift-71600a834959.txt	cf88f66916d6
7	5907.w4lift-db45ebdeed40.txt	5907.w4lift-76a1eae91ca0.txt	2257058c3d2d
7	5907.w4lift-db45ebdeed40.txt	5907.w4lift-7714757d2e9e.txt	4728d8e5f3d2
7	5907.w4lift-db45ebdeed40.txt	5907.w4lift-846d5062c405.txt	83f2a26fb1ab
7	5907.w4lift-db45ebdeed40.txt	5907.w4lift-863de61b836a.txt	fa9996b118a5
7	5907.w4lift-db45ebdeed40.txt	5907.w4lift-86a03197440a.txt	cfa4043ac971
7	5907.w4lift-db45ebdeed40.txt	5907.w4lift-8824a6971c2e.txt	4728d8e5f3d2
7	5907.w4lift-db45ebdeed40.txt	5907.w4lift-89b3167f9583.txt	49c5410504fe
7	5907.w4lift-db45ebdeed40.txt	5907.w4lift-8e5ca0ef018c.txt	ff97c0cddd5f
7	5907.w4lift-db45ebdeed40.txt	5907.w4lift-a7bbb73953d8.txt	5166d6e62e75
7	5907.w4lift-db45ebdeed40.txt	5907.w4lift-a7bbb73953d8.txt	e3da64e6da9b
7	5907.w4lift-db45ebdeed40.txt	5907.w4lift-ab80c9a45344.txt	d5d134bba086
7	5907.w4lift-db45ebdeed40.txt	5907.w4lift-ae466549a0d9.txt	4d9a21b2c945
7	5907.w4lift-db45ebdeed40.txt	5907.w4lift-b4e57551e32a.txt	83f2a26fb1ab
7	5907.w4lift-db45ebdeed40.txt	5907.w4lift-bca46e18f77b.txt	211974864876
7	5907.w4lift-db45ebdeed40.txt	5907.w4lift-bd154fbbf435.txt	71fce178fd55
7	5907.w4lift-db45ebdeed40.txt	5907.w4lift-bfbef8785aff.txt	2c806c1bf6e3
7	5907.w4lift-db45ebdeed40.txt	5907.w4lift-c5ee76734b4d.txt	77f471f848b0
7	5907.w4lift-db45ebdeed40.txt	5907.w4lift-c7b7714127d9.txt	803ec382c593
7	5907.w4lift-db45ebdeed40.txt	5907.w4lift-c8c5110de4f9.txt	7a76f11797d8
7	5907.w4lift-db45ebdeed40.txt	5907.w4lift-ca71ed8496bd.txt	7762bf9a1f83
7	5907.w4lift-db45ebdeed40.txt	5907.w4lift-cba9917bd593.txt	d5d134bba086
7	5907.w4lift-db45ebdeed40.txt	5907.w4lift-d155534ea2d4.txt	ff97c0cddd5f
7	5907.w4lift-db45ebdeed40.txt	5907.w4lift-d213b0754523.txt	045ff6b79066
7	5907.w4lift-db45ebdeed40.txt	5907.w4lift-d742e5e60c6f.txt	0d491f159886
7	5907.w4lift-db45ebdeed40.txt	5907.w4lift-dd250dd876cd.txt	7a76f11797d8
7	5907.w4lift-db45ebdeed40.txt	5907.w4lift-e0368a011e8c.txt	71fce178fd55
7	5907.w4lift-db45ebdeed40.txt	5907.w4lift-e2841ecca038.txt	77f471f848b0
7	5907.w4lift-db45ebdeed40.txt	5907.w4lift-e45b90b0a767.txt	0df6c6a90182
7	5907.w4lift-db45ebdeed40.txt	5907.w4lift-e7ee0cc9c017.txt	0df6c6a90182
7	5907.w4lift-db45ebdeed40.txt	5907.w4lift-e96c05b05fe9.txt	9ae93052f1a3
7	5907.w4lift-db45ebdeed40.txt	5907.w4lift-eb9a0d99f5fb.txt	4d9a21b2c945
7	5907.w4lift-db45ebdeed40.txt	5907.w4lift-ebfb75328150.txt	8373a022eef2
7	5907.w4lift-db45ebdeed40.txt	5907.w4lift-f18f663f4c81.txt	14a420b3a5b2
7	5907.w4lift-db45ebdeed40.txt	5907.w4lift-f2708ef02d1a.txt	ab88abce72ba
7	5907.w4lift-db45ebdeed40.txt	5907.w4lift-f9f8e9513c54.txt	49c5410504fe
7	5907.w4lift-db45ebdeed40.txt	5907.w4lift-fc301bd873cb.txt	211974864876
7	5907.w4lift-db45ebdeed40.txt	5907.w4lift-fc5c70dfb561.txt	9ae93052f1a3
7	5907.w4lift-db45ebdeed40.txt	5907.w4lift-fc7d7045a431.txt	f550b887608a
7	5907.w4lift-db45ebdeed40.txt	5907.w4lift-fd06a0493fef.txt	ab88abce72ba
7	5907.w4lift-dbf70f871210.txt	5907.w4lift-04c898c73c62.txt	2e62188e3c8b
7	5907.w4lift-dbf70f871210.txt	5907.w4lift-04c898c73c62.txt	48f9270682d9
7	5907.w4lift-dbf70f871210.txt	5907.w4lift-06b66ef7470f.txt	ab88abce72ba
7	5907.w4lift-dbf70f871210.txt	5907.w4lift-0dff9daccaa8.txt	833239f93d60
7	5907.w4lift-dbf70f871210.txt	5907.w4lift-1da61b5817e6.txt	156e559f9324
7	5907.w4lift-dbf70f871210.txt	5907.w4lift-204625f89751.txt	90ec4efba5a6
7	5907.w4lift-dbf70f871210.txt	5907.w4lift-231c44b74cdf.txt	6e21f7e985fe
7	5907.w4lift-dbf70f871210.txt	5907.w4lift-2344c04ea5dd.txt	62a74ce65faa
7	5907.w4lift-dbf70f871210.txt	5907.w4lift-2344c04ea5dd.txt	b13177991e02
7	5907.w4lift-dbf70f871210.txt	5907.w4lift-2914e81572fa.txt	5581e578134b
7	5907.w4lift-dbf70f871210.txt	5907.w4lift-2914e81572fa.txt	d0a01a1ac47d
7	5907.w4lift-dbf70f871210.txt	5907.w4lift-2f67f2643eeb.txt	f489418a0205
7	5907.w4lift-dbf70f871210.txt	5907.w4lift-3359ccc27832.txt	cb67e923a6ca
7	5907.w4lift-dbf70f871210.txt	5907.w4lift-43a95823c4dc.txt	e616c3f821ef
7	5907.w4lift-dbf70f871210.txt	5907.w4lift-546a47a518b6.txt	ab88abce72ba
7	5907.w4lift-dbf70f871210.txt	5907.w4lift-55201236e530.txt	746b5fef63fc
7	5907.w4lift-dbf70f871210.txt	5907.w4lift-644e04797cd3.txt	396fe6d979c3
7	5907.w4lift-dbf70f871210.txt	5907.w4lift-676d0f91dd66.txt	ab88abce72ba
7	5907.w4lift-dbf70f871210.txt	5907.w4lift-69ed3f34a123.txt	e491b3145c5e
7	5907.w4lift-dbf70f871210.txt	5907.w4lift-9b264f72a9b4.txt	ab88abce72ba
7	5907.w4lift-dbf70f871210.txt	5907.w4lift-af7c897a8903.txt	ab88abce72ba
7	5907.w4lift-dbf70f871210.txt	5907.w4lift-cb7d99c78307.txt	ab88abce72ba
7	5907.w4lift-dbf70f871210.txt	5907.w4lift-dd24a1fe19b2.txt	cf88f66916d6
7	5907.w4lift-dbf70f871210.txt	5907.w4lift-dd250dd876cd.txt	b7bc7337f220
7	5907.w4lift-dbf70f871210.txt	5907.w4lift-e0fb9d13de61.txt	d24f63edf5b4
7	5907.w4lift-dbf70f871210.txt	5907.w4lift-ec915ed4bfb3.txt	f76742e7df1c
7	5907.w4lift-dbf70f871210.txt	5907.w4lift-ef0f8852bf9b.txt	429db3717944
7	5907.w4lift-dbf70f871210.txt	5907.w4lift-ef0f8852bf9b.txt	b081b754d26e
7	5907.w4lift-dbf70f871210.txt	5907.w4lift-f18f663f4c81.txt	ecad0e65a5d2
7	5907.w4lift-dbf70f871210.txt	5907.w4lift-f6b8b0e6314c.txt	5aceefba3b64
7	5907.w4lift-dbf70f871210.txt	5907.w4lift-fe39239f7468.txt	0639dfc60058
7	5907.w4lift-dcd0ec0a1fc5.txt	5907.w4lift-0531d212f9bb.txt	427e8cc7a808
7	5907.w4lift-dcd0ec0a1fc5.txt	5907.w4lift-0531d212f9bb.txt	f5542aa46bd8
7	5907.w4lift-dcd0ec0a1fc5.txt	5907.w4lift-0709deed1cd4.txt	5166d6e62e75
7	5907.w4lift-dcd0ec0a1fc5.txt	5907.w4lift-0709deed1cd4.txt	e3da64e6da9b
7	5907.w4lift-dcd0ec0a1fc5.txt	5907.w4lift-08210f1c16a0.txt	0485c22c758e
7	5907.w4lift-dcd0ec0a1fc5.txt	5907.w4lift-097d01eaddb9.txt	2b1829f80cf7
7	5907.w4lift-dcd0ec0a1fc5.txt	5907.w4lift-0fc17b401159.txt	0d491f159886
7	5907.w4lift-dcd0ec0a1fc5.txt	5907.w4lift-169e64bca870.txt	49d4d9e84135
7	5907.w4lift-dcd0ec0a1fc5.txt	5907.w4lift-16dd1019b651.txt	921653b5f057
7	5907.w4lift-dcd0ec0a1fc5.txt	5907.w4lift-177bb009e3ce.txt	09d23aa6b91a
7	5907.w4lift-dcd0ec0a1fc5.txt	5907.w4lift-1c7e3360c98f.txt	0df6c6a90182
7	5907.w4lift-dcd0ec0a1fc5.txt	5907.w4lift-231c44b74cdf.txt	61e671455635
7	5907.w4lift-dcd0ec0a1fc5.txt	5907.w4lift-352479dbf208.txt	c6fe0326a117
7	5907.w4lift-dcd0ec0a1fc5.txt	5907.w4lift-37386755df59.txt	62a74ce65faa
7	5907.w4lift-dcd0ec0a1fc5.txt	5907.w4lift-37386755df59.txt	b13177991e02
7	5907.w4lift-dcd0ec0a1fc5.txt	5907.w4lift-386272df4871.txt	b1be0f46d82c
7	5907.w4lift-dcd0ec0a1fc5.txt	5907.w4lift-3d4579051d3f.txt	39ea17aa2020
7	5907.w4lift-dcd0ec0a1fc5.txt	5907.w4lift-4034f85f00ec.txt	c958df8ea4c3
7	5907.w4lift-dcd0ec0a1fc5.txt	5907.w4lift-45a4ff8466a7.txt	4c6e579a7560
7	5907.w4lift-dcd0ec0a1fc5.txt	5907.w4lift-45a4ff8466a7.txt	72d376c5571d
7	5907.w4lift-dcd0ec0a1fc5.txt	5907.w4lift-4614701d0920.txt	be6b4f4e69cf
7	5907.w4lift-dcd0ec0a1fc5.txt	5907.w4lift-4a5b17090e74.txt	b98392e1d7a6
7	5907.w4lift-dcd0ec0a1fc5.txt	5907.w4lift-508210674d85.txt	7145048de6a4
7	5907.w4lift-dcd0ec0a1fc5.txt	5907.w4lift-58984281bc50.txt	ab88abce72ba
7	5907.w4lift-dcd0ec0a1fc5.txt	5907.w4lift-5ffba5cc4529.txt	ab88abce72ba
7	5907.w4lift-dcd0ec0a1fc5.txt	5907.w4lift-684436c46755.txt	f4276d62e543
7	5907.w4lift-dcd0ec0a1fc5.txt	5907.w4lift-6d19c9f1455d.txt	67eacd157bbc
7	5907.w4lift-dcd0ec0a1fc5.txt	5907.w4lift-6d19c9f1455d.txt	90d033b7ddbf
7	5907.w4lift-dcd0ec0a1fc5.txt	5907.w4lift-71600a834959.txt	223da8cfb8a5
7	5907.w4lift-dcd0ec0a1fc5.txt	5907.w4lift-76a1eae91ca0.txt	ab88abce72ba
7	5907.w4lift-dcd0ec0a1fc5.txt	5907.w4lift-7714757d2e9e.txt	d88a6cb7c03b
7	5907.w4lift-dcd0ec0a1fc5.txt	5907.w4lift-80c95286cd7c.txt	7b5542740cec
7	5907.w4lift-dcd0ec0a1fc5.txt	5907.w4lift-8824a6971c2e.txt	ab99b7547904
7	5907.w4lift-dcd0ec0a1fc5.txt	5907.w4lift-8966629ce152.txt	15c816659d45
7	5907.w4lift-dcd0ec0a1fc5.txt	5907.w4lift-89b3167f9583.txt	e1d1870a78cd
7	5907.w4lift-dcd0ec0a1fc5.txt	5907.w4lift-90338d0577bd.txt	7b5542740cec
7	5907.w4lift-dcd0ec0a1fc5.txt	5907.w4lift-912bd909d2b6.txt	39b993f37fda
7	5907.w4lift-dcd0ec0a1fc5.txt	5907.w4lift-9b4bc5700c90.txt	4d9a21b2c945
7	5907.w4lift-dcd0ec0a1fc5.txt	5907.w4lift-a6df35bc4b74.txt	c6701c2a9601
7	5907.w4lift-dcd0ec0a1fc5.txt	5907.w4lift-a8d3c9324eac.txt	a9c76f6fbb61
7	5907.w4lift-dcd0ec0a1fc5.txt	5907.w4lift-ae6af3254cbe.txt	62a74ce65faa
7	5907.w4lift-dcd0ec0a1fc5.txt	5907.w4lift-ae6af3254cbe.txt	b13177991e02
7	5907.w4lift-dcd0ec0a1fc5.txt	5907.w4lift-af7c897a8903.txt	573b5918fcfd
7	5907.w4lift-dcd0ec0a1fc5.txt	5907.w4lift-b18d3ecda2e7.txt	38fa2979bd03
7	5907.w4lift-dcd0ec0a1fc5.txt	5907.w4lift-b2702baa553d.txt	9105aba16b54
7	5907.w4lift-dcd0ec0a1fc5.txt	5907.w4lift-b66c35732a00.txt	0ad29fbab280
7	5907.w4lift-dcd0ec0a1fc5.txt	5907.w4lift-b7a548d5f629.txt	90628da2dd0c
7	5907.w4lift-dcd0ec0a1fc5.txt	5907.w4lift-b7a548d5f629.txt	a9604abeb264
7	5907.w4lift-dcd0ec0a1fc5.txt	5907.w4lift-bd154fbbf435.txt	398028eae919
7	5907.w4lift-dcd0ec0a1fc5.txt	5907.w4lift-d946605e111b.txt	41a730999ec8
7	5907.w4lift-dcd0ec0a1fc5.txt	5907.w4lift-df0078a194a0.txt	c62a03f346cf
7	5907.w4lift-dcd0ec0a1fc5.txt	5907.w4lift-e0368a011e8c.txt	83d54a67702c
7	5907.w4lift-dcd0ec0a1fc5.txt	5907.w4lift-e0fa39144639.txt	ab88abce72ba
7	5907.w4lift-dcd0ec0a1fc5.txt	5907.w4lift-e0fb9d13de61.txt	e853ab8baae5
7	5907.w4lift-dcd0ec0a1fc5.txt	5907.w4lift-e768827496d4.txt	095bfb3dc800
7	5907.w4lift-dcd0ec0a1fc5.txt	5907.w4lift-e96c05b05fe9.txt	c958df8ea4c3
7	5907.w4lift-dcd0ec0a1fc5.txt	5907.w4lift-ec915ed4bfb3.txt	c7e7cc660163
7	5907.w4lift-dcd0ec0a1fc5.txt	5907.w4lift-ecfe2ba8e511.txt	cddfeeb9ec88
7	5907.w4lift-dcd0ec0a1fc5.txt	5907.w4lift-f859791b1e8e.txt	803ec382c593
7	5907.w4lift-dcd0ec0a1fc5.txt	5907.w4lift-f9f8e9513c54.txt	ab88abce72ba
7	5907.w4lift-dcd0ec0a1fc5.txt	5907.w4lift-faafae8fcdaa.txt	ab88abce72ba
7	5907.w4lift-dcd0ec0a1fc5.txt	5907.w4lift-fc301bd873cb.txt	d4ec6aadbefe
7	5907.w4lift-dcd0ec0a1fc5.txt	5907.w4lift-fc5c70dfb561.txt	f4d01cebfb11
7	5907.w4lift-dcd0ec0a1fc5.txt	5907.w4lift-fc7d7045a431.txt	d4ec6aadbefe
7	5907.w4lift-dcd0ec0a1fc5.txt	5907.w4lift-fd06a0493fef.txt	4f671bc3d3f3
7	5907.w4lift-dd24a1fe19b2.txt	5907.w4lift-04c898c73c62.txt	d24f63edf5b4
7	5907.w4lift-dd24a1fe19b2.txt	5907.w4lift-169e64bca870.txt	e616c3f821ef
7	5907.w4lift-dd24a1fe19b2.txt	5907.w4lift-1ba050a47f0b.txt	3feefa303e8d
7	5907.w4lift-dd24a1fe19b2.txt	5907.w4lift-231c44b74cdf.txt	e1065cfc01db
7	5907.w4lift-dd24a1fe19b2.txt	5907.w4lift-2914e81572fa.txt	5ff76078c599
7	5907.w4lift-dd24a1fe19b2.txt	5907.w4lift-2f67f2643eeb.txt	ab88abce72ba
7	5907.w4lift-dd24a1fe19b2.txt	5907.w4lift-43a95823c4dc.txt	3feefa303e8d
7	5907.w4lift-dd24a1fe19b2.txt	5907.w4lift-4ab0903ef5f4.txt	cb67e923a6ca
7	5907.w4lift-dd24a1fe19b2.txt	5907.w4lift-546a47a518b6.txt	36706f4e334b
7	5907.w4lift-dd24a1fe19b2.txt	5907.w4lift-580a6b2415c2.txt	ab88abce72ba
7	5907.w4lift-dd24a1fe19b2.txt	5907.w4lift-676d0f91dd66.txt	ab88abce72ba
7	5907.w4lift-dd24a1fe19b2.txt	5907.w4lift-88a61c377b0a.txt	5ff76078c599
7	5907.w4lift-dd24a1fe19b2.txt	5907.w4lift-9b264f72a9b4.txt	ab88abce72ba
7	5907.w4lift-dd24a1fe19b2.txt	5907.w4lift-b66c35732a00.txt	e1065cfc01db
7	5907.w4lift-dd24a1fe19b2.txt	5907.w4lift-b91f5e2f34a2.txt	d24f63edf5b4
7	5907.w4lift-dd24a1fe19b2.txt	5907.w4lift-c8c5110de4f9.txt	d1acfe46465f
7	5907.w4lift-dd24a1fe19b2.txt	5907.w4lift-cb7d99c78307.txt	ecad0e65a5d2
7	5907.w4lift-dd24a1fe19b2.txt	5907.w4lift-da24731c22eb.txt	746b5fef63fc
7	5907.w4lift-dd24a1fe19b2.txt	5907.w4lift-dbf70f871210.txt	746b5fef63fc
7	5907.w4lift-dd24a1fe19b2.txt	5907.w4lift-dd250dd876cd.txt	d1acfe46465f
7	5907.w4lift-dd24a1fe19b2.txt	5907.w4lift-e44f3ccf8ed4.txt	ab88abce72ba
7	5907.w4lift-dd24a1fe19b2.txt	5907.w4lift-ec915ed4bfb3.txt	e616c3f821ef
7	5907.w4lift-dd24a1fe19b2.txt	5907.w4lift-ef0f8852bf9b.txt	3a3b52457923
7	5907.w4lift-dd24a1fe19b2.txt	5907.w4lift-f6b8b0e6314c.txt	cb67e923a6ca
7	5907.w4lift-dd24a1fe19b2.txt	5907.w4lift-f75829b56545.txt	36706f4e334b
7	5907.w4lift-dd24a1fe19b2.txt	5907.w4lift-fb688ec5c017.txt	ecad0e65a5d2
7	5907.w4lift-dd24a1fe19b2.txt	5907.w4lift-fe39239f7468.txt	ab88abce72ba
7	5907.w4lift-dd250dd876cd.txt	5907.w4lift-04c898c73c62.txt	2dcd6251565a
7	5907.w4lift-dd250dd876cd.txt	5907.w4lift-16dd1019b651.txt	e616c3f821ef
7	5907.w4lift-dd250dd876cd.txt	5907.w4lift-1e59b13c7cc0.txt	5ff76078c599
7	5907.w4lift-dd250dd876cd.txt	5907.w4lift-231c44b74cdf.txt	8821c9761a3f
7	5907.w4lift-dd250dd876cd.txt	5907.w4lift-2914e81572fa.txt	ab88abce72ba
7	5907.w4lift-dd250dd876cd.txt	5907.w4lift-2f67f2643eeb.txt	74d91872eeb5
7	5907.w4lift-dd250dd876cd.txt	5907.w4lift-3580a08a5c73.txt	d1acfe46465f
7	5907.w4lift-dd250dd876cd.txt	5907.w4lift-4034f85f00ec.txt	c50b4b5b313f
7	5907.w4lift-dd250dd876cd.txt	5907.w4lift-40dae53e6185.txt	fecd684a9442
7	5907.w4lift-dd250dd876cd.txt	5907.w4lift-430092f5780f.txt	d4ec6aadbefe
7	5907.w4lift-dd250dd876cd.txt	5907.w4lift-43a95823c4dc.txt	ab88abce72ba
7	5907.w4lift-dd250dd876cd.txt	5907.w4lift-4d47295ca519.txt	162b937cfcd8
7	5907.w4lift-dd250dd876cd.txt	5907.w4lift-53542138d1b5.txt	2a574f2daa75
7	5907.w4lift-dd250dd876cd.txt	5907.w4lift-540198536578.txt	3d18e34840c5
7	5907.w4lift-dd250dd876cd.txt	5907.w4lift-546a47a518b6.txt	ada84d0153fa
7	5907.w4lift-dd250dd876cd.txt	5907.w4lift-65fb95f576e7.txt	a20827665556
7	5907.w4lift-dd250dd876cd.txt	5907.w4lift-676d0f91dd66.txt	399bec1eb082
7	5907.w4lift-dd250dd876cd.txt	5907.w4lift-6ec79809fccc.txt	cb67e923a6ca
7	5907.w4lift-dd250dd876cd.txt	5907.w4lift-76a1eae91ca0.txt	959edf9574a8
7	5907.w4lift-dd250dd876cd.txt	5907.w4lift-7714757d2e9e.txt	4c4f2d1a4871
7	5907.w4lift-dd250dd876cd.txt	5907.w4lift-863de61b836a.txt	f6d440e96d8c
7	5907.w4lift-dd250dd876cd.txt	5907.w4lift-8966629ce152.txt	78a113fc5546
7	5907.w4lift-dd250dd876cd.txt	5907.w4lift-89b3167f9583.txt	bb0325078ded
7	5907.w4lift-dd250dd876cd.txt	5907.w4lift-8e5ca0ef018c.txt	a8af7d1d0d1f
7	5907.w4lift-dd250dd876cd.txt	5907.w4lift-9b264f72a9b4.txt	e616c3f821ef
7	5907.w4lift-dd250dd876cd.txt	5907.w4lift-a82143024d2d.txt	ba9ea1eefc0d
7	5907.w4lift-dd250dd876cd.txt	5907.w4lift-a8d3c9324eac.txt	b7bc7337f220
7	5907.w4lift-dd250dd876cd.txt	5907.w4lift-bca46e18f77b.txt	1fbf82fb2187
7	5907.w4lift-dd250dd876cd.txt	5907.w4lift-bfbef8785aff.txt	30361e285fae
7	5907.w4lift-dd250dd876cd.txt	5907.w4lift-c7b7714127d9.txt	ab676a60b54e
7	5907.w4lift-dd250dd876cd.txt	5907.w4lift-ca71ed8496bd.txt	0a44fc281e4b
7	5907.w4lift-dd250dd876cd.txt	5907.w4lift-cb7d99c78307.txt	5581e578134b
7	5907.w4lift-dd250dd876cd.txt	5907.w4lift-cb7d99c78307.txt	d0a01a1ac47d
7	5907.w4lift-dd250dd876cd.txt	5907.w4lift-cba9917bd593.txt	c2def9f0e515
7	5907.w4lift-dd250dd876cd.txt	5907.w4lift-d213b0754523.txt	ab88abce72ba
7	5907.w4lift-dd250dd876cd.txt	5907.w4lift-db45ebdeed40.txt	2b5c256071ab
7	5907.w4lift-dd250dd876cd.txt	5907.w4lift-dbf70f871210.txt	fa53bebb0c07
7	5907.w4lift-dd250dd876cd.txt	5907.w4lift-dd24a1fe19b2.txt	032dbf0d777a
7	5907.w4lift-dd250dd876cd.txt	5907.w4lift-e0368a011e8c.txt	1953b28ffc27
7	5907.w4lift-dd250dd876cd.txt	5907.w4lift-e04faca1c06c.txt	5aceefba3b64
7	5907.w4lift-dd250dd876cd.txt	5907.w4lift-e2841ecca038.txt	ab88abce72ba
7	5907.w4lift-dd250dd876cd.txt	5907.w4lift-e7ee0cc9c017.txt	82d464ef22d6
7	5907.w4lift-dd250dd876cd.txt	5907.w4lift-eb9a0d99f5fb.txt	2dd7827e5108
7	5907.w4lift-dd250dd876cd.txt	5907.w4lift-ec915ed4bfb3.txt	ab88abce72ba
7	5907.w4lift-dd250dd876cd.txt	5907.w4lift-ef0f8852bf9b.txt	29acfe26c3eb
7	5907.w4lift-dd250dd876cd.txt	5907.w4lift-f2708ef02d1a.txt	99cf5c65dd47
7	5907.w4lift-dd250dd876cd.txt	5907.w4lift-f6b8b0e6314c.txt	ab88abce72ba
7	5907.w4lift-dd250dd876cd.txt	5907.w4lift-fc5c70dfb561.txt	c89c9cf370a2
7	5907.w4lift-dd250dd876cd.txt	5907.w4lift-fc7d7045a431.txt	27becabec391
7	5907.w4lift-dd250dd876cd.txt	5907.w4lift-fd06a0493fef.txt	c9d65fee4f73
7	5907.w4lift-dd250dd876cd.txt	5907.w4lift-fe39239f7468.txt	8373a022eef2
7	5907.w4lift-de331f6627c9.txt	5907.w4lift-4ba002a69c4f.txt	9a1f3be55831
7	5907.w4lift-de331f6627c9.txt	5907.w4lift-4ba002a69c4f.txt	af1df8c730b3
7	5907.w4lift-de331f6627c9.txt	5907.w4lift-66b2c7d03250.txt	32eb67461a38
7	5907.w4lift-de331f6627c9.txt	5907.w4lift-78ea814960f7.txt	ab88abce72ba
7	5907.w4lift-de331f6627c9.txt	5907.w4lift-798d73c7da27.txt	ab88abce72ba
7	5907.w4lift-de331f6627c9.txt	5907.w4lift-9d46965eac6f.txt	51c13efc7a14
7	5907.w4lift-df0078a194a0.txt	5907.w4lift-04c898c73c62.txt	f489418a0205
7	5907.w4lift-df0078a194a0.txt	5907.w4lift-0531d212f9bb.txt	4ce48a92b573
7	5907.w4lift-df0078a194a0.txt	5907.w4lift-06b66ef7470f.txt	9d8393a2cbd2
7	5907.w4lift-df0078a194a0.txt	5907.w4lift-0709deed1cd4.txt	d04f36d11055
7	5907.w4lift-df0078a194a0.txt	5907.w4lift-097d01eaddb9.txt	e616c3f821ef
7	5907.w4lift-df0078a194a0.txt	5907.w4lift-177bb009e3ce.txt	ab88abce72ba
7	5907.w4lift-df0078a194a0.txt	5907.w4lift-1c7e3360c98f.txt	6a51a52b89c4
7	5907.w4lift-df0078a194a0.txt	5907.w4lift-1da61b5817e6.txt	2e62188e3c8b
7	5907.w4lift-df0078a194a0.txt	5907.w4lift-1da61b5817e6.txt	48f9270682d9
7	5907.w4lift-df0078a194a0.txt	5907.w4lift-1e59b13c7cc0.txt	746b5fef63fc
7	5907.w4lift-df0078a194a0.txt	5907.w4lift-208b728dbc49.txt	5581e578134b
7	5907.w4lift-df0078a194a0.txt	5907.w4lift-208b728dbc49.txt	d0a01a1ac47d
7	5907.w4lift-df0078a194a0.txt	5907.w4lift-231c44b74cdf.txt	429db3717944
7	5907.w4lift-df0078a194a0.txt	5907.w4lift-231c44b74cdf.txt	b081b754d26e
7	5907.w4lift-df0078a194a0.txt	5907.w4lift-2344c04ea5dd.txt	46267e810eac
7	5907.w4lift-df0078a194a0.txt	5907.w4lift-3d4579051d3f.txt	f76742e7df1c
7	5907.w4lift-df0078a194a0.txt	5907.w4lift-40dae53e6185.txt	156e559f9324
7	5907.w4lift-df0078a194a0.txt	5907.w4lift-430092f5780f.txt	62a74ce65faa
7	5907.w4lift-df0078a194a0.txt	5907.w4lift-430092f5780f.txt	b13177991e02
7	5907.w4lift-df0078a194a0.txt	5907.w4lift-45a4ff8466a7.txt	e0be9b4548fa
7	5907.w4lift-df0078a194a0.txt	5907.w4lift-4614701d0920.txt	bb0325078ded
7	5907.w4lift-df0078a194a0.txt	5907.w4lift-473fc5e1c91e.txt	0639dfc60058
7	5907.w4lift-df0078a194a0.txt	5907.w4lift-508210674d85.txt	a8af7d1d0d1f
7	5907.w4lift-df0078a194a0.txt	5907.w4lift-55201236e530.txt	f0b55e37fe22
7	5907.w4lift-df0078a194a0.txt	5907.w4lift-58984281bc50.txt	bcf19a50a353
7	5907.w4lift-df0078a194a0.txt	5907.w4lift-5ffba5cc4529.txt	3ec33775c7bd
7	5907.w4lift-df0078a194a0.txt	5907.w4lift-684436c46755.txt	c9d65fee4f73
7	5907.w4lift-df0078a194a0.txt	5907.w4lift-6d19c9f1455d.txt	ac42fcb14bfc
7	5907.w4lift-df0078a194a0.txt	5907.w4lift-71600a834959.txt	162b937cfcd8
7	5907.w4lift-df0078a194a0.txt	5907.w4lift-86a03197440a.txt	c89c9cf370a2
7	5907.w4lift-df0078a194a0.txt	5907.w4lift-8824a6971c2e.txt	4c4f2d1a4871
7	5907.w4lift-df0078a194a0.txt	5907.w4lift-88a61c377b0a.txt	fa53bebb0c07
7	5907.w4lift-df0078a194a0.txt	5907.w4lift-8a8b72923703.txt	ab88abce72ba
7	5907.w4lift-df0078a194a0.txt	5907.w4lift-97d2d8784e2f.txt	5aceefba3b64
7	5907.w4lift-df0078a194a0.txt	5907.w4lift-a6df35bc4b74.txt	2e62188e3c8b
7	5907.w4lift-df0078a194a0.txt	5907.w4lift-a6df35bc4b74.txt	48f9270682d9
7	5907.w4lift-df0078a194a0.txt	5907.w4lift-ae6af3254cbe.txt	27becabec391
7	5907.w4lift-df0078a194a0.txt	5907.w4lift-b18d3ecda2e7.txt	1e48e92e2bca
7	5907.w4lift-df0078a194a0.txt	5907.w4lift-b2702baa553d.txt	ab88abce72ba
7	5907.w4lift-df0078a194a0.txt	5907.w4lift-b7a548d5f629.txt	6e21f7e985fe
7	5907.w4lift-df0078a194a0.txt	5907.w4lift-bd154fbbf435.txt	1953b28ffc27
7	5907.w4lift-df0078a194a0.txt	5907.w4lift-c5ee76734b4d.txt	b7bc7337f220
7	5907.w4lift-df0078a194a0.txt	5907.w4lift-d213b0754523.txt	ab88abce72ba
7	5907.w4lift-df0078a194a0.txt	5907.w4lift-d946605e111b.txt	1fbf82fb2187
7	5907.w4lift-df0078a194a0.txt	5907.w4lift-da24731c22eb.txt	ab88abce72ba
7	5907.w4lift-df0078a194a0.txt	5907.w4lift-dcd0ec0a1fc5.txt	0ce7fb1aec46
7	5907.w4lift-df0078a194a0.txt	5907.w4lift-e44f3ccf8ed4.txt	e616c3f821ef
7	5907.w4lift-df0078a194a0.txt	5907.w4lift-e768827496d4.txt	dbb15d86868a
7	5907.w4lift-df0078a194a0.txt	5907.w4lift-e96c05b05fe9.txt	c50b4b5b313f
7	5907.w4lift-df0078a194a0.txt	5907.w4lift-ec915ed4bfb3.txt	ab88abce72ba
7	5907.w4lift-df0078a194a0.txt	5907.w4lift-ecfe2ba8e511.txt	78a113fc5546
7	5907.w4lift-df0078a194a0.txt	5907.w4lift-f75829b56545.txt	ada84d0153fa
7	5907.w4lift-df0078a194a0.txt	5907.w4lift-f859791b1e8e.txt	a970d6913215
7	5907.w4lift-df0078a194a0.txt	5907.w4lift-f9f8e9513c54.txt	959edf9574a8
7	5907.w4lift-df0078a194a0.txt	5907.w4lift-faafae8fcdaa.txt	c672adfe27ca
7	5907.w4lift-df0078a194a0.txt	5907.w4lift-fe39239f7468.txt	cf88f66916d6
7	5907.w4lift-dff914259b29.txt	5907.w4lift-204625f89751.txt	8f5cf69c5f7c
7	5907.w4lift-dff914259b29.txt	5907.w4lift-352479dbf208.txt	96ebdab07f84
7	5907.w4lift-dff914259b29.txt	5907.w4lift-37386755df59.txt	84209a8c0f2c
7	5907.w4lift-dff914259b29.txt	5907.w4lift-3ce63a53cf1a.txt	0df6c6a90182
7	5907.w4lift-dff914259b29.txt	5907.w4lift-40dae53e6185.txt	bfd1c873c831
7	5907.w4lift-dff914259b29.txt	5907.w4lift-430092f5780f.txt	0ad29fbab280
7	5907.w4lift-dff914259b29.txt	5907.w4lift-4614701d0920.txt	45e1abda4c12
7	5907.w4lift-dff914259b29.txt	5907.w4lift-4a5b17090e74.txt	7da937df9f1b
7	5907.w4lift-dff914259b29.txt	5907.w4lift-4ab0903ef5f4.txt	868b50be85a4
7	5907.w4lift-dff914259b29.txt	5907.w4lift-508210674d85.txt	66c7854e6888
7	5907.w4lift-dff914259b29.txt	5907.w4lift-5f95afa2454b.txt	8821c9761a3f
7	5907.w4lift-dff914259b29.txt	5907.w4lift-644e04797cd3.txt	61e671455635
7	5907.w4lift-dff914259b29.txt	5907.w4lift-65fb95f576e7.txt	3a3b52457923
7	5907.w4lift-dff914259b29.txt	5907.w4lift-6e6b2c468f32.txt	ab88abce72ba
7	5907.w4lift-dff914259b29.txt	5907.w4lift-6e905a492084.txt	2257058c3d2d
7	5907.w4lift-dff914259b29.txt	5907.w4lift-6ec79809fccc.txt	ba64a6bdcb29
7	5907.w4lift-dff914259b29.txt	5907.w4lift-71600a834959.txt	1b8c339e89cd
7	5907.w4lift-dff914259b29.txt	5907.w4lift-7cd2edab64dc.txt	4c6e579a7560
7	5907.w4lift-dff914259b29.txt	5907.w4lift-7cd2edab64dc.txt	72d376c5571d
7	5907.w4lift-dff914259b29.txt	5907.w4lift-80c95286cd7c.txt	9943a7ddc283
7	5907.w4lift-dff914259b29.txt	5907.w4lift-82caf1ba27e5.txt	ab88abce72ba
7	5907.w4lift-dff914259b29.txt	5907.w4lift-846d5062c405.txt	d6c04566fc39
7	5907.w4lift-dff914259b29.txt	5907.w4lift-863de61b836a.txt	eb52f3b0f67b
7	5907.w4lift-dff914259b29.txt	5907.w4lift-89b3167f9583.txt	45e1abda4c12
7	5907.w4lift-dff914259b29.txt	5907.w4lift-90338d0577bd.txt	7f04bb1041b3
7	5907.w4lift-dff914259b29.txt	5907.w4lift-912bd909d2b6.txt	429db3717944
7	5907.w4lift-dff914259b29.txt	5907.w4lift-912bd909d2b6.txt	b081b754d26e
7	5907.w4lift-dff914259b29.txt	5907.w4lift-97d2d8784e2f.txt	d85cb56ed236
7	5907.w4lift-dff914259b29.txt	5907.w4lift-a82143024d2d.txt	90628da2dd0c
7	5907.w4lift-dff914259b29.txt	5907.w4lift-a82143024d2d.txt	a9604abeb264
7	5907.w4lift-dff914259b29.txt	5907.w4lift-a8d3c9324eac.txt	f1f39aaf528e
7	5907.w4lift-dff914259b29.txt	5907.w4lift-ab80c9a45344.txt	b85e26cbabc5
7	5907.w4lift-dff914259b29.txt	5907.w4lift-ae466549a0d9.txt	ab88abce72ba
7	5907.w4lift-dff914259b29.txt	5907.w4lift-ae6af3254cbe.txt	8439efc11368
7	5907.w4lift-dff914259b29.txt	5907.w4lift-b2702baa553d.txt	0c1ecc350843
7	5907.w4lift-dff914259b29.txt	5907.w4lift-b4e57551e32a.txt	a805ea3de51d
7	5907.w4lift-dff914259b29.txt	5907.w4lift-bca46e18f77b.txt	8821c9761a3f
7	5907.w4lift-dff914259b29.txt	5907.w4lift-caeaa9e5ac42.txt	ab88abce72ba
7	5907.w4lift-dff914259b29.txt	5907.w4lift-cb7d99c78307.txt	65b414a14871
7	5907.w4lift-dff914259b29.txt	5907.w4lift-cba9917bd593.txt	b1be0f46d82c
7	5907.w4lift-dff914259b29.txt	5907.w4lift-d09cda89e063.txt	49c5410504fe
7	5907.w4lift-dff914259b29.txt	5907.w4lift-d742e5e60c6f.txt	ab88abce72ba
7	5907.w4lift-dff914259b29.txt	5907.w4lift-d946605e111b.txt	429db3717944
7	5907.w4lift-dff914259b29.txt	5907.w4lift-d946605e111b.txt	b081b754d26e
7	5907.w4lift-dff914259b29.txt	5907.w4lift-e04faca1c06c.txt	947fefee2ce1
7	5907.w4lift-dff914259b29.txt	5907.w4lift-e45b90b0a767.txt	3f6f5c94d76e
7	5907.w4lift-dff914259b29.txt	5907.w4lift-e7ee0cc9c017.txt	ab88abce72ba
7	5907.w4lift-dff914259b29.txt	5907.w4lift-eb9a0d99f5fb.txt	84a31d178833
7	5907.w4lift-dff914259b29.txt	5907.w4lift-f2708ef02d1a.txt	f87b924fc4aa
7	5907.w4lift-dff914259b29.txt	5907.w4lift-f6b8b0e6314c.txt	e8e466f2309f
7	5907.w4lift-dff914259b29.txt	5907.w4lift-fb688ec5c017.txt	e0ba5cd5244d
7	5907.w4lift-e0368a011e8c.txt	5907.w4lift-0531d212f9bb.txt	08228ec67eb6
7	5907.w4lift-e0368a011e8c.txt	5907.w4lift-0709deed1cd4.txt	4728d8e5f3d2
7	5907.w4lift-e0368a011e8c.txt	5907.w4lift-08210f1c16a0.txt	92782df6e5d5
7	5907.w4lift-e0368a011e8c.txt	5907.w4lift-169e64bca870.txt	7c184c5270f6
7	5907.w4lift-e0368a011e8c.txt	5907.w4lift-16dd1019b651.txt	781dcd7d819f
7	5907.w4lift-e0368a011e8c.txt	5907.w4lift-1c7e3360c98f.txt	cf88f66916d6
7	5907.w4lift-e0368a011e8c.txt	5907.w4lift-1e59b13c7cc0.txt	6e38383cfc72
7	5907.w4lift-e0368a011e8c.txt	5907.w4lift-319dff1ab25a.txt	83f2a26fb1ab
7	5907.w4lift-e0368a011e8c.txt	5907.w4lift-352479dbf208.txt	d0fa1d8cc35d
7	5907.w4lift-e0368a011e8c.txt	5907.w4lift-3580a08a5c73.txt	dc2afaae0ced
7	5907.w4lift-e0368a011e8c.txt	5907.w4lift-37386755df59.txt	095bfb3dc800
7	5907.w4lift-e0368a011e8c.txt	5907.w4lift-386272df4871.txt	fe3e4c3a8938
7	5907.w4lift-e0368a011e8c.txt	5907.w4lift-3d4579051d3f.txt	a4d962c8c490
7	5907.w4lift-e0368a011e8c.txt	5907.w4lift-4034f85f00ec.txt	67eacd157bbc
7	5907.w4lift-e0368a011e8c.txt	5907.w4lift-4034f85f00ec.txt	90d033b7ddbf
7	5907.w4lift-e0368a011e8c.txt	5907.w4lift-43a95823c4dc.txt	02eb9e2292e4
7	5907.w4lift-e0368a011e8c.txt	5907.w4lift-45a4ff8466a7.txt	a805ea3de51d
7	5907.w4lift-e0368a011e8c.txt	5907.w4lift-4a5b17090e74.txt	ab88abce72ba
7	5907.w4lift-e0368a011e8c.txt	5907.w4lift-4d47295ca519.txt	d0fa1d8cc35d
7	5907.w4lift-e0368a011e8c.txt	5907.w4lift-53542138d1b5.txt	d88a6cb7c03b
7	5907.w4lift-e0368a011e8c.txt	5907.w4lift-540198536578.txt	4f671bc3d3f3
7	5907.w4lift-e0368a011e8c.txt	5907.w4lift-58984281bc50.txt	969165258934
7	5907.w4lift-e0368a011e8c.txt	5907.w4lift-65fb95f576e7.txt	f4276d62e543
7	5907.w4lift-e0368a011e8c.txt	5907.w4lift-6e905a492084.txt	0d491f159886
7	5907.w4lift-e0368a011e8c.txt	5907.w4lift-6ec79809fccc.txt	cad1abae462c
7	5907.w4lift-e0368a011e8c.txt	5907.w4lift-76a1eae91ca0.txt	ab88abce72ba
7	5907.w4lift-e0368a011e8c.txt	5907.w4lift-7714757d2e9e.txt	bb3307fb0884
7	5907.w4lift-e0368a011e8c.txt	5907.w4lift-82caf1ba27e5.txt	7b5542740cec
7	5907.w4lift-e0368a011e8c.txt	5907.w4lift-8966629ce152.txt	803ec382c593
7	5907.w4lift-e0368a011e8c.txt	5907.w4lift-89b3167f9583.txt	ab88abce72ba
7	5907.w4lift-e0368a011e8c.txt	5907.w4lift-8e5ca0ef018c.txt	ab88abce72ba
7	5907.w4lift-e0368a011e8c.txt	5907.w4lift-912bd909d2b6.txt	b1be0f46d82c
7	5907.w4lift-e0368a011e8c.txt	5907.w4lift-9b4bc5700c90.txt	8373a022eef2
7	5907.w4lift-e0368a011e8c.txt	5907.w4lift-a7bbb73953d8.txt	ab99b7547904
7	5907.w4lift-e0368a011e8c.txt	5907.w4lift-a8d3c9324eac.txt	52066a3cc9fc
7	5907.w4lift-e0368a011e8c.txt	5907.w4lift-ab80c9a45344.txt	d4ec6aadbefe
7	5907.w4lift-e0368a011e8c.txt	5907.w4lift-af7c897a8903.txt	5e303fc5a688
7	5907.w4lift-e0368a011e8c.txt	5907.w4lift-b66c35732a00.txt	794f3186b56e
7	5907.w4lift-e0368a011e8c.txt	5907.w4lift-b7a548d5f629.txt	cbba85aa08fa
7	5907.w4lift-e0368a011e8c.txt	5907.w4lift-bca46e18f77b.txt	095bfb3dc800
7	5907.w4lift-e0368a011e8c.txt	5907.w4lift-bfbef8785aff.txt	ab88abce72ba
7	5907.w4lift-e0368a011e8c.txt	5907.w4lift-ca71ed8496bd.txt	c958df8ea4c3
7	5907.w4lift-e0368a011e8c.txt	5907.w4lift-cba9917bd593.txt	62a74ce65faa
7	5907.w4lift-e0368a011e8c.txt	5907.w4lift-cba9917bd593.txt	b13177991e02
7	5907.w4lift-e0368a011e8c.txt	5907.w4lift-d213b0754523.txt	942711725057
7	5907.w4lift-e0368a011e8c.txt	5907.w4lift-db45ebdeed40.txt	4bf7e3748717
7	5907.w4lift-e0368a011e8c.txt	5907.w4lift-dcd0ec0a1fc5.txt	d6c04566fc39
7	5907.w4lift-e0368a011e8c.txt	5907.w4lift-dd250dd876cd.txt	5e303fc5a688
7	5907.w4lift-e0368a011e8c.txt	5907.w4lift-e0fa39144639.txt	b2d27c6fb87b
7	5907.w4lift-e0368a011e8c.txt	5907.w4lift-e0fb9d13de61.txt	02eb9e2292e4
7	5907.w4lift-e0368a011e8c.txt	5907.w4lift-e2841ecca038.txt	52066a3cc9fc
7	5907.w4lift-e0368a011e8c.txt	5907.w4lift-e7ee0cc9c017.txt	223da8cfb8a5
7	5907.w4lift-e0368a011e8c.txt	5907.w4lift-eb9a0d99f5fb.txt	c6fe0326a117
7	5907.w4lift-e0368a011e8c.txt	5907.w4lift-f2708ef02d1a.txt	91270bf2a57d
7	5907.w4lift-e0368a011e8c.txt	5907.w4lift-f859791b1e8e.txt	13a2ca857332
7	5907.w4lift-e0368a011e8c.txt	5907.w4lift-faafae8fcdaa.txt	ab88abce72ba
7	5907.w4lift-e0368a011e8c.txt	5907.w4lift-fc5c70dfb561.txt	67eacd157bbc
7	5907.w4lift-e0368a011e8c.txt	5907.w4lift-fc5c70dfb561.txt	90d033b7ddbf
7	5907.w4lift-e0368a011e8c.txt	5907.w4lift-fc7d7045a431.txt	b1be0f46d82c
7	5907.w4lift-e0368a011e8c.txt	5907.w4lift-fd06a0493fef.txt	7c2769543fc5
7	5907.w4lift-e04faca1c06c.txt	5907.w4lift-0dff9daccaa8.txt	ab88abce72ba
7	5907.w4lift-e04faca1c06c.txt	5907.w4lift-0fc17b401159.txt	a003705bbbb1
7	5907.w4lift-e04faca1c06c.txt	5907.w4lift-169e64bca870.txt	29acfe26c3eb
7	5907.w4lift-e04faca1c06c.txt	5907.w4lift-16dd1019b651.txt	3a3b52457923
7	5907.w4lift-e04faca1c06c.txt	5907.w4lift-1c7e3360c98f.txt	7f1b18477bd6
7	5907.w4lift-e04faca1c06c.txt	5907.w4lift-1e59b13c7cc0.txt	f84b983d9afb
7	5907.w4lift-e04faca1c06c.txt	5907.w4lift-319dff1ab25a.txt	1ff5160db856
7	5907.w4lift-e04faca1c06c.txt	5907.w4lift-352479dbf208.txt	3c7f124adbf2
7	5907.w4lift-e04faca1c06c.txt	5907.w4lift-3580a08a5c73.txt	36706f4e334b
7	5907.w4lift-e04faca1c06c.txt	5907.w4lift-37386755df59.txt	6c0329aa4489
7	5907.w4lift-e04faca1c06c.txt	5907.w4lift-3ce63a53cf1a.txt	1d66c35e4a35
7	5907.w4lift-e04faca1c06c.txt	5907.w4lift-3d4579051d3f.txt	8821c9761a3f
7	5907.w4lift-e04faca1c06c.txt	5907.w4lift-40dae53e6185.txt	7e00c873941d
7	5907.w4lift-e04faca1c06c.txt	5907.w4lift-430092f5780f.txt	2e62188e3c8b
7	5907.w4lift-e04faca1c06c.txt	5907.w4lift-430092f5780f.txt	48f9270682d9
7	5907.w4lift-e04faca1c06c.txt	5907.w4lift-43a95823c4dc.txt	573ebb4e5913
7	5907.w4lift-e04faca1c06c.txt	5907.w4lift-473fc5e1c91e.txt	ab88abce72ba
7	5907.w4lift-e04faca1c06c.txt	5907.w4lift-4a5b17090e74.txt	37cc3a8e114c
7	5907.w4lift-e04faca1c06c.txt	5907.w4lift-4cb3167d35ed.txt	ecf03ddecbed
7	5907.w4lift-e04faca1c06c.txt	5907.w4lift-4d47295ca519.txt	3c7f124adbf2
7	5907.w4lift-e04faca1c06c.txt	5907.w4lift-5742f21eca2d.txt	c5eefe353bce
7	5907.w4lift-e04faca1c06c.txt	5907.w4lift-580a6b2415c2.txt	74d91872eeb5
7	5907.w4lift-e04faca1c06c.txt	5907.w4lift-5ffba5cc4529.txt	b45834e9d420
7	5907.w4lift-e04faca1c06c.txt	5907.w4lift-69ed3f34a123.txt	833239f93d60
7	5907.w4lift-e04faca1c06c.txt	5907.w4lift-6e905a492084.txt	80b2932b3a5d
7	5907.w4lift-e04faca1c06c.txt	5907.w4lift-6ec79809fccc.txt	746b5fef63fc
7	5907.w4lift-e04faca1c06c.txt	5907.w4lift-7cd2edab64dc.txt	a7aabea675cc
7	5907.w4lift-e04faca1c06c.txt	5907.w4lift-80c95286cd7c.txt	1e97b4d2bd18
7	5907.w4lift-e04faca1c06c.txt	5907.w4lift-80c95286cd7c.txt	e8010fda4ae9
7	5907.w4lift-e04faca1c06c.txt	5907.w4lift-82caf1ba27e5.txt	ca8cdf9cdda3
7	5907.w4lift-e04faca1c06c.txt	5907.w4lift-863de61b836a.txt	5ff76078c599
7	5907.w4lift-e04faca1c06c.txt	5907.w4lift-8e5ca0ef018c.txt	37cc3a8e114c
7	5907.w4lift-e04faca1c06c.txt	5907.w4lift-912bd909d2b6.txt	8480c2d421f7
7	5907.w4lift-e04faca1c06c.txt	5907.w4lift-a6df35bc4b74.txt	429db3717944
7	5907.w4lift-e04faca1c06c.txt	5907.w4lift-a6df35bc4b74.txt	b081b754d26e
7	5907.w4lift-e04faca1c06c.txt	5907.w4lift-a82143024d2d.txt	ab88abce72ba
7	5907.w4lift-e04faca1c06c.txt	5907.w4lift-a8d3c9324eac.txt	ab88abce72ba
7	5907.w4lift-e04faca1c06c.txt	5907.w4lift-ab80c9a45344.txt	bd96d6dbdd65
7	5907.w4lift-e04faca1c06c.txt	5907.w4lift-ae466549a0d9.txt	4fee2fcf1569
7	5907.w4lift-e04faca1c06c.txt	5907.w4lift-af7c897a8903.txt	ada84d0153fa
7	5907.w4lift-e04faca1c06c.txt	5907.w4lift-b18d3ecda2e7.txt	64494227b63c
7	5907.w4lift-e04faca1c06c.txt	5907.w4lift-b4e57551e32a.txt	af945ab938fd
7	5907.w4lift-e04faca1c06c.txt	5907.w4lift-b66c35732a00.txt	b4fb337c2041
7	5907.w4lift-e04faca1c06c.txt	5907.w4lift-b7a548d5f629.txt	45e1abda4c12
7	5907.w4lift-e04faca1c06c.txt	5907.w4lift-b91f5e2f34a2.txt	c8cd712ae7b0
7	5907.w4lift-e04faca1c06c.txt	5907.w4lift-bca46e18f77b.txt	6c0329aa4489
7	5907.w4lift-e04faca1c06c.txt	5907.w4lift-caeaa9e5ac42.txt	1e97b4d2bd18
7	5907.w4lift-e04faca1c06c.txt	5907.w4lift-caeaa9e5ac42.txt	e8010fda4ae9
7	5907.w4lift-e04faca1c06c.txt	5907.w4lift-cb7d99c78307.txt	833239f93d60
7	5907.w4lift-e04faca1c06c.txt	5907.w4lift-d213b0754523.txt	f0b55e37fe22
7	5907.w4lift-e04faca1c06c.txt	5907.w4lift-d742e5e60c6f.txt	8504a603e291
7	5907.w4lift-e04faca1c06c.txt	5907.w4lift-dd250dd876cd.txt	ada84d0153fa
7	5907.w4lift-e04faca1c06c.txt	5907.w4lift-dff914259b29.txt	a3a1b2ef43a0
7	5907.w4lift-e04faca1c06c.txt	5907.w4lift-e0fb9d13de61.txt	573ebb4e5913
7	5907.w4lift-e04faca1c06c.txt	5907.w4lift-e2841ecca038.txt	ab88abce72ba
7	5907.w4lift-e04faca1c06c.txt	5907.w4lift-e45b90b0a767.txt	c5b536bfe588
7	5907.w4lift-e04faca1c06c.txt	5907.w4lift-e768827496d4.txt	8126cee8c426
7	5907.w4lift-e04faca1c06c.txt	5907.w4lift-f6b8b0e6314c.txt	ab88abce72ba
7	5907.w4lift-e04faca1c06c.txt	5907.w4lift-fc7d7045a431.txt	8480c2d421f7
7	5907.w4lift-e06bb85d02bc.txt	5907.w4lift-12b9a795ea21.txt	ab88abce72ba
7	5907.w4lift-e06bb85d02bc.txt	5907.w4lift-24c25be13033.txt	ab88abce72ba
7	5907.w4lift-e06bb85d02bc.txt	5907.w4lift-29f9231d6ec6.txt	033afc57097e
7	5907.w4lift-e06bb85d02bc.txt	5907.w4lift-29f9231d6ec6.txt	b4f13531d2e2
7	5907.w4lift-e06bb85d02bc.txt	5907.w4lift-315604e8b5c3.txt	ab88abce72ba
7	5907.w4lift-e06bb85d02bc.txt	5907.w4lift-3dfbf9f5e16c.txt	4c6e579a7560
7	5907.w4lift-e06bb85d02bc.txt	5907.w4lift-3dfbf9f5e16c.txt	72d376c5571d
7	5907.w4lift-e06bb85d02bc.txt	5907.w4lift-46c29e5bc2a7.txt	3b998b76d7fd
7	5907.w4lift-e06bb85d02bc.txt	5907.w4lift-46c29e5bc2a7.txt	aca056ea4c48
7	5907.w4lift-e06bb85d02bc.txt	5907.w4lift-5768a023152f.txt	e2a2c6dd2c41
7	5907.w4lift-e06bb85d02bc.txt	5907.w4lift-65205c870bb9.txt	02397927f53b
7	5907.w4lift-e06bb85d02bc.txt	5907.w4lift-65205c870bb9.txt	725677205daf
7	5907.w4lift-e06bb85d02bc.txt	5907.w4lift-912d954b3cbb.txt	eb70d1e95c8b
7	5907.w4lift-e06bb85d02bc.txt	5907.w4lift-9dad34a0c58a.txt	de09595a70f4
7	5907.w4lift-e06bb85d02bc.txt	5907.w4lift-e3a439aa39b6.txt	292c02641e63
7	5907.w4lift-e06bb85d02bc.txt	5907.w4lift-e3a439aa39b6.txt	a89df6442166
7	5907.w4lift-e06bb85d02bc.txt	5907.w4lift-fbabcbfdfb74.txt	ab88abce72ba
7	5907.w4lift-e0fa39144639.txt	5907.w4lift-04c898c73c62.txt	61e671455635
7	5907.w4lift-e0fa39144639.txt	5907.w4lift-0531d212f9bb.txt	182cf9bee74c
7	5907.w4lift-e0fa39144639.txt	5907.w4lift-0709deed1cd4.txt	96c7e62b0db1
7	5907.w4lift-e0fa39144639.txt	5907.w4lift-08210f1c16a0.txt	4c6e579a7560
7	5907.w4lift-e0fa39144639.txt	5907.w4lift-08210f1c16a0.txt	72d376c5571d
7	5907.w4lift-e0fa39144639.txt	5907.w4lift-0fc17b401159.txt	ab88abce72ba
7	5907.w4lift-e0fa39144639.txt	5907.w4lift-169e64bca870.txt	0ad29fbab280
7	5907.w4lift-e0fa39144639.txt	5907.w4lift-16dd1019b651.txt	5135b7adb396
7	5907.w4lift-e0fa39144639.txt	5907.w4lift-208b728dbc49.txt	09d23aa6b91a
7	5907.w4lift-e0fa39144639.txt	5907.w4lift-319dff1ab25a.txt	0df6c6a90182
7	5907.w4lift-e0fa39144639.txt	5907.w4lift-352479dbf208.txt	4f671bc3d3f3
7	5907.w4lift-e0fa39144639.txt	5907.w4lift-37386755df59.txt	ab88abce72ba
7	5907.w4lift-e0fa39144639.txt	5907.w4lift-386272df4871.txt	ab88abce72ba
7	5907.w4lift-e0fa39144639.txt	5907.w4lift-3d4579051d3f.txt	90628da2dd0c
7	5907.w4lift-e0fa39144639.txt	5907.w4lift-3d4579051d3f.txt	a9604abeb264
7	5907.w4lift-e0fa39144639.txt	5907.w4lift-4034f85f00ec.txt	5d3074fe7163
7	5907.w4lift-e0fa39144639.txt	5907.w4lift-45a4ff8466a7.txt	3f6f5c94d76e
7	5907.w4lift-e0fa39144639.txt	5907.w4lift-473fc5e1c91e.txt	c6701c2a9601
7	5907.w4lift-e0fa39144639.txt	5907.w4lift-4a5b17090e74.txt	83d54a67702c
7	5907.w4lift-e0fa39144639.txt	5907.w4lift-4cb3167d35ed.txt	095bfb3dc800
7	5907.w4lift-e0fa39144639.txt	5907.w4lift-5742f21eca2d.txt	38fa2979bd03
7	5907.w4lift-e0fa39144639.txt	5907.w4lift-58984281bc50.txt	0df6c6a90182
7	5907.w4lift-e0fa39144639.txt	5907.w4lift-5f95afa2454b.txt	be6b4f4e69cf
7	5907.w4lift-e0fa39144639.txt	5907.w4lift-5ffba5cc4529.txt	5581e578134b
7	5907.w4lift-e0fa39144639.txt	5907.w4lift-5ffba5cc4529.txt	d0a01a1ac47d
7	5907.w4lift-e0fa39144639.txt	5907.w4lift-6d19c9f1455d.txt	ebdcc2d4d36c
7	5907.w4lift-e0fa39144639.txt	5907.w4lift-6e6b2c468f32.txt	41a730999ec8
7	5907.w4lift-e0fa39144639.txt	5907.w4lift-76a1eae91ca0.txt	5ff76078c599
7	5907.w4lift-e0fa39144639.txt	5907.w4lift-7714757d2e9e.txt	3a87ef2485a8
7	5907.w4lift-e0fa39144639.txt	5907.w4lift-80c95286cd7c.txt	d4ec6aadbefe
7	5907.w4lift-e0fa39144639.txt	5907.w4lift-846d5062c405.txt	223da8cfb8a5
7	5907.w4lift-e0fa39144639.txt	5907.w4lift-8966629ce152.txt	eca15bf05f3f
7	5907.w4lift-e0fa39144639.txt	5907.w4lift-89b3167f9583.txt	1bba2e07446c
7	5907.w4lift-e0fa39144639.txt	5907.w4lift-8a8b72923703.txt	c62a03f346cf
7	5907.w4lift-e0fa39144639.txt	5907.w4lift-90338d0577bd.txt	62a74ce65faa
7	5907.w4lift-e0fa39144639.txt	5907.w4lift-90338d0577bd.txt	b13177991e02
7	5907.w4lift-e0fa39144639.txt	5907.w4lift-912bd909d2b6.txt	e1d1870a78cd
7	5907.w4lift-e0fa39144639.txt	5907.w4lift-97d2d8784e2f.txt	9105aba16b54
7	5907.w4lift-e0fa39144639.txt	5907.w4lift-9b4bc5700c90.txt	ab88abce72ba
7	5907.w4lift-e0fa39144639.txt	5907.w4lift-a8d3c9324eac.txt	921653b5f057
7	5907.w4lift-e0fa39144639.txt	5907.w4lift-ae6af3254cbe.txt	156e559f9324
7	5907.w4lift-e0fa39144639.txt	5907.w4lift-af7c897a8903.txt	e853ab8baae5
7	5907.w4lift-e0fa39144639.txt	5907.w4lift-b66c35732a00.txt	bfd1c873c831
7	5907.w4lift-e0fa39144639.txt	5907.w4lift-b7a548d5f629.txt	eb52f3b0f67b
7	5907.w4lift-e0fa39144639.txt	5907.w4lift-c5ee76734b4d.txt	2b1829f80cf7
7	5907.w4lift-e0fa39144639.txt	5907.w4lift-d09cda89e063.txt	7145048de6a4
7	5907.w4lift-e0fa39144639.txt	5907.w4lift-d155534ea2d4.txt	398028eae919
7	5907.w4lift-e0fa39144639.txt	5907.w4lift-dcd0ec0a1fc5.txt	ab88abce72ba
7	5907.w4lift-e0fa39144639.txt	5907.w4lift-e0368a011e8c.txt	4f8df87699e7
7	5907.w4lift-e0fa39144639.txt	5907.w4lift-e0fb9d13de61.txt	af79b06ba137
7	5907.w4lift-e0fa39144639.txt	5907.w4lift-ebfb75328150.txt	f4276d62e543
7	5907.w4lift-e0fa39144639.txt	5907.w4lift-f859791b1e8e.txt	fd3d2036ee73
7	5907.w4lift-e0fa39144639.txt	5907.w4lift-f9f8e9513c54.txt	746b5fef63fc
7	5907.w4lift-e0fa39144639.txt	5907.w4lift-faafae8fcdaa.txt	b85e26cbabc5
7	5907.w4lift-e0fa39144639.txt	5907.w4lift-fc301bd873cb.txt	ab88abce72ba
7	5907.w4lift-e0fa39144639.txt	5907.w4lift-fc5c70dfb561.txt	28eb250a68ea
7	5907.w4lift-e0fa39144639.txt	5907.w4lift-fc7d7045a431.txt	fecd684a9442
7	5907.w4lift-e0fa39144639.txt	5907.w4lift-fd06a0493fef.txt	4ad13835a281
7	5907.w4lift-e0fa39144639.txt	5907.w4lift-fe39239f7468.txt	c7e7cc660163
7	5907.w4lift-e0fb9d13de61.txt	5907.w4lift-0531d212f9bb.txt	203b9da4a4f9
7	5907.w4lift-e0fb9d13de61.txt	5907.w4lift-06b66ef7470f.txt	aa54b27dcfe9
7	5907.w4lift-e0fb9d13de61.txt	5907.w4lift-0709deed1cd4.txt	0e43e84ca1d0
7	5907.w4lift-e0fb9d13de61.txt	5907.w4lift-08210f1c16a0.txt	19e1c21182bd
7	5907.w4lift-e0fb9d13de61.txt	5907.w4lift-0dff9daccaa8.txt	0d491f159886
7	5907.w4lift-e0fb9d13de61.txt	5907.w4lift-169e64bca870.txt	8373a022eef2
7	5907.w4lift-e0fb9d13de61.txt	5907.w4lift-16dd1019b651.txt	ab88abce72ba
7	5907.w4lift-e0fb9d13de61.txt	5907.w4lift-1da61b5817e6.txt	46267e810eac
7	5907.w4lift-e0fb9d13de61.txt	5907.w4lift-204625f89751.txt	62a74ce65faa
7	5907.w4lift-e0fb9d13de61.txt	5907.w4lift-204625f89751.txt	b13177991e02
7	5907.w4lift-e0fb9d13de61.txt	5907.w4lift-2344c04ea5dd.txt	956664d3c1bd
7	5907.w4lift-e0fb9d13de61.txt	5907.w4lift-2914e81572fa.txt	e616c3f821ef
7	5907.w4lift-e0fb9d13de61.txt	5907.w4lift-3359ccc27832.txt	d4ec6aadbefe
7	5907.w4lift-e0fb9d13de61.txt	5907.w4lift-352479dbf208.txt	1a06d1157530
7	5907.w4lift-e0fb9d13de61.txt	5907.w4lift-37386755df59.txt	01ebc19824fc
7	5907.w4lift-e0fb9d13de61.txt	5907.w4lift-386272df4871.txt	885fe227bff6
7	5907.w4lift-e0fb9d13de61.txt	5907.w4lift-3d4579051d3f.txt	defc0816dfd5
7	5907.w4lift-e0fb9d13de61.txt	5907.w4lift-4034f85f00ec.txt	1fdef8fb9a0a
7	5907.w4lift-e0fb9d13de61.txt	5907.w4lift-45a4ff8466a7.txt	3ec33775c7bd
7	5907.w4lift-e0fb9d13de61.txt	5907.w4lift-473fc5e1c91e.txt	95db9bfc7309
7	5907.w4lift-e0fb9d13de61.txt	5907.w4lift-4a5b17090e74.txt	7dfddb482d3c
7	5907.w4lift-e0fb9d13de61.txt	5907.w4lift-546a47a518b6.txt	ab88abce72ba
7	5907.w4lift-e0fb9d13de61.txt	5907.w4lift-55201236e530.txt	2e62188e3c8b
7	5907.w4lift-e0fb9d13de61.txt	5907.w4lift-55201236e530.txt	48f9270682d9
7	5907.w4lift-e0fb9d13de61.txt	5907.w4lift-580a6b2415c2.txt	83f2a26fb1ab
7	5907.w4lift-e0fb9d13de61.txt	5907.w4lift-58984281bc50.txt	dbb15d86868a
7	5907.w4lift-e0fb9d13de61.txt	5907.w4lift-644e04797cd3.txt	7b5542740cec
7	5907.w4lift-e0fb9d13de61.txt	5907.w4lift-69ed3f34a123.txt	ab88abce72ba
7	5907.w4lift-e0fb9d13de61.txt	5907.w4lift-6d19c9f1455d.txt	9c3648cce8b5
7	5907.w4lift-e0fb9d13de61.txt	5907.w4lift-76a1eae91ca0.txt	1fbf82fb2187
7	5907.w4lift-e0fb9d13de61.txt	5907.w4lift-7714757d2e9e.txt	4428d2ecf001
7	5907.w4lift-e0fb9d13de61.txt	5907.w4lift-8966629ce152.txt	d4cb09a1314f
7	5907.w4lift-e0fb9d13de61.txt	5907.w4lift-89b3167f9583.txt	27becabec391
7	5907.w4lift-e0fb9d13de61.txt	5907.w4lift-912bd909d2b6.txt	b4dfc6692083
7	5907.w4lift-e0fb9d13de61.txt	5907.w4lift-9b264f72a9b4.txt	3c4631c5867a
7	5907.w4lift-e0fb9d13de61.txt	5907.w4lift-9b4bc5700c90.txt	f491e3e4a3c1
7	5907.w4lift-e0fb9d13de61.txt	5907.w4lift-a6df35bc4b74.txt	0639dfc60058
7	5907.w4lift-e0fb9d13de61.txt	5907.w4lift-a8d3c9324eac.txt	833239f93d60
7	5907.w4lift-e0fb9d13de61.txt	5907.w4lift-af7c897a8903.txt	ab88abce72ba
7	5907.w4lift-e0fb9d13de61.txt	5907.w4lift-b66c35732a00.txt	ab88abce72ba
7	5907.w4lift-e0fb9d13de61.txt	5907.w4lift-b7a548d5f629.txt	2e62188e3c8b
7	5907.w4lift-e0fb9d13de61.txt	5907.w4lift-b7a548d5f629.txt	48f9270682d9
7	5907.w4lift-e0fb9d13de61.txt	5907.w4lift-b91f5e2f34a2.txt	cf88f66916d6
7	5907.w4lift-e0fb9d13de61.txt	5907.w4lift-dbf70f871210.txt	72397e2f680a
7	5907.w4lift-e0fb9d13de61.txt	5907.w4lift-dcd0ec0a1fc5.txt	1e48e92e2bca
7	5907.w4lift-e0fb9d13de61.txt	5907.w4lift-e0368a011e8c.txt	a8af7d1d0d1f
7	5907.w4lift-e0fb9d13de61.txt	5907.w4lift-e04faca1c06c.txt	f66db8d87212
7	5907.w4lift-e0fb9d13de61.txt	5907.w4lift-e0fa39144639.txt	3123e32f64ba
7	5907.w4lift-e0fb9d13de61.txt	5907.w4lift-e2841ecca038.txt	5aceefba3b64
7	5907.w4lift-e0fb9d13de61.txt	5907.w4lift-f18f663f4c81.txt	ab88abce72ba
7	5907.w4lift-e0fb9d13de61.txt	5907.w4lift-f859791b1e8e.txt	c14f5e5dd539
7	5907.w4lift-e0fb9d13de61.txt	5907.w4lift-faafae8fcdaa.txt	6a51a52b89c4
7	5907.w4lift-e0fb9d13de61.txt	5907.w4lift-fc5c70dfb561.txt	435e181a3f3c
7	5907.w4lift-e0fb9d13de61.txt	5907.w4lift-fd06a0493fef.txt	162b937cfcd8
7	5907.w4lift-e2841ecca038.txt	5907.w4lift-0dff9daccaa8.txt	e616c3f821ef
7	5907.w4lift-e2841ecca038.txt	5907.w4lift-0fc17b401159.txt	8411b9baf058
7	5907.w4lift-e2841ecca038.txt	5907.w4lift-169e64bca870.txt	399bec1eb082
7	5907.w4lift-e2841ecca038.txt	5907.w4lift-16dd1019b651.txt	ab88abce72ba
7	5907.w4lift-e2841ecca038.txt	5907.w4lift-1c7e3360c98f.txt	1ff5160db856
7	5907.w4lift-e2841ecca038.txt	5907.w4lift-1e59b13c7cc0.txt	7e00c873941d
7	5907.w4lift-e2841ecca038.txt	5907.w4lift-319dff1ab25a.txt	171ac63bfbd7
7	5907.w4lift-e2841ecca038.txt	5907.w4lift-3580a08a5c73.txt	5ff76078c599
7	5907.w4lift-e2841ecca038.txt	5907.w4lift-3d4579051d3f.txt	2dcd6251565a
7	5907.w4lift-e2841ecca038.txt	5907.w4lift-4034f85f00ec.txt	9c07b36d20b9
7	5907.w4lift-e2841ecca038.txt	5907.w4lift-40dae53e6185.txt	a50ba88437d8
7	5907.w4lift-e2841ecca038.txt	5907.w4lift-430092f5780f.txt	aa54b27dcfe9
7	5907.w4lift-e2841ecca038.txt	5907.w4lift-43a95823c4dc.txt	833239f93d60
7	5907.w4lift-e2841ecca038.txt	5907.w4lift-473fc5e1c91e.txt	8373a022eef2
7	5907.w4lift-e2841ecca038.txt	5907.w4lift-4cb3167d35ed.txt	a33cb05ccb10
7	5907.w4lift-e2841ecca038.txt	5907.w4lift-4d47295ca519.txt	af945ab938fd
7	5907.w4lift-e2841ecca038.txt	5907.w4lift-53542138d1b5.txt	fee203226e22
7	5907.w4lift-e2841ecca038.txt	5907.w4lift-540198536578.txt	c5b536bfe588
7	5907.w4lift-e2841ecca038.txt	5907.w4lift-5742f21eca2d.txt	e6f4fad41ed1
7	5907.w4lift-e2841ecca038.txt	5907.w4lift-580a6b2415c2.txt	032dbf0d777a
7	5907.w4lift-e2841ecca038.txt	5907.w4lift-5ffba5cc4529.txt	a003705bbbb1
7	5907.w4lift-e2841ecca038.txt	5907.w4lift-65fb95f576e7.txt	4fee2fcf1569
7	5907.w4lift-e2841ecca038.txt	5907.w4lift-69ed3f34a123.txt	ab88abce72ba
7	5907.w4lift-e2841ecca038.txt	5907.w4lift-6e905a492084.txt	3848d784e880
7	5907.w4lift-e2841ecca038.txt	5907.w4lift-6ec79809fccc.txt	ab88abce72ba
7	5907.w4lift-e2841ecca038.txt	5907.w4lift-76a1eae91ca0.txt	6c0329aa4489
7	5907.w4lift-e2841ecca038.txt	5907.w4lift-7714757d2e9e.txt	de447a54d5c6
7	5907.w4lift-e2841ecca038.txt	5907.w4lift-80c95286cd7c.txt	374c09e1b5b9
7	5907.w4lift-e2841ecca038.txt	5907.w4lift-863de61b836a.txt	fecd684a9442
7	5907.w4lift-e2841ecca038.txt	5907.w4lift-8966629ce152.txt	e05f876a6f8d
7	5907.w4lift-e2841ecca038.txt	5907.w4lift-89b3167f9583.txt	8480c2d421f7
7	5907.w4lift-e2841ecca038.txt	5907.w4lift-8e5ca0ef018c.txt	80b2932b3a5d
7	5907.w4lift-e2841ecca038.txt	5907.w4lift-a6df35bc4b74.txt	ab88abce72ba
7	5907.w4lift-e2841ecca038.txt	5907.w4lift-a82143024d2d.txt	d4ec6aadbefe
7	5907.w4lift-e2841ecca038.txt	5907.w4lift-a8d3c9324eac.txt	5581e578134b
7	5907.w4lift-e2841ecca038.txt	5907.w4lift-a8d3c9324eac.txt	d0a01a1ac47d
7	5907.w4lift-e2841ecca038.txt	5907.w4lift-af7c897a8903.txt	fa53bebb0c07
7	5907.w4lift-e2841ecca038.txt	5907.w4lift-b18d3ecda2e7.txt	c5eefe353bce
7	5907.w4lift-e2841ecca038.txt	5907.w4lift-b4e57551e32a.txt	176d3814e13d
7	5907.w4lift-e2841ecca038.txt	5907.w4lift-b66c35732a00.txt	29acfe26c3eb
7	5907.w4lift-e2841ecca038.txt	5907.w4lift-b7a548d5f629.txt	8821c9761a3f
7	5907.w4lift-e2841ecca038.txt	5907.w4lift-b91f5e2f34a2.txt	74d91872eeb5
7	5907.w4lift-e2841ecca038.txt	5907.w4lift-bca46e18f77b.txt	1e97b4d2bd18
7	5907.w4lift-e2841ecca038.txt	5907.w4lift-bca46e18f77b.txt	e8010fda4ae9
7	5907.w4lift-e2841ecca038.txt	5907.w4lift-bfbef8785aff.txt	bd96d6dbdd65
7	5907.w4lift-e2841ecca038.txt	5907.w4lift-c7b7714127d9.txt	438b84033bfa
7	5907.w4lift-e2841ecca038.txt	5907.w4lift-ca71ed8496bd.txt	ebacd04c78bb
7	5907.w4lift-e2841ecca038.txt	5907.w4lift-caeaa9e5ac42.txt	7dae29ff7561
7	5907.w4lift-e2841ecca038.txt	5907.w4lift-cb7d99c78307.txt	8e3fa11cbde7
7	5907.w4lift-e2841ecca038.txt	5907.w4lift-cba9917bd593.txt	ca8cdf9cdda3
7	5907.w4lift-e2841ecca038.txt	5907.w4lift-d213b0754523.txt	2e62188e3c8b
7	5907.w4lift-e2841ecca038.txt	5907.w4lift-d213b0754523.txt	48f9270682d9
7	5907.w4lift-e2841ecca038.txt	5907.w4lift-db45ebdeed40.txt	1d66c35e4a35
7	5907.w4lift-e2841ecca038.txt	5907.w4lift-dd250dd876cd.txt	ab88abce72ba
7	5907.w4lift-e2841ecca038.txt	5907.w4lift-e0368a011e8c.txt	37cc3a8e114c
7	5907.w4lift-e2841ecca038.txt	5907.w4lift-e04faca1c06c.txt	ab88abce72ba
7	5907.w4lift-e2841ecca038.txt	5907.w4lift-e0fb9d13de61.txt	ada84d0153fa
7	5907.w4lift-e2841ecca038.txt	5907.w4lift-e768827496d4.txt	ecf03ddecbed
7	5907.w4lift-e2841ecca038.txt	5907.w4lift-e7ee0cc9c017.txt	a3a1b2ef43a0
7	5907.w4lift-e2841ecca038.txt	5907.w4lift-eb9a0d99f5fb.txt	a7aabea675cc
7	5907.w4lift-e2841ecca038.txt	5907.w4lift-f2708ef02d1a.txt	8504a603e291
7	5907.w4lift-e2841ecca038.txt	5907.w4lift-f6b8b0e6314c.txt	72397e2f680a
7	5907.w4lift-e2841ecca038.txt	5907.w4lift-fc5c70dfb561.txt	b742e93fcefe
7	5907.w4lift-e2841ecca038.txt	5907.w4lift-fc7d7045a431.txt	1e97b4d2bd18
7	5907.w4lift-e2841ecca038.txt	5907.w4lift-fc7d7045a431.txt	e8010fda4ae9
7	5907.w4lift-e2841ecca038.txt	5907.w4lift-fd06a0493fef.txt	3c7f124adbf2
7	5907.w4lift-e3a439aa39b6.txt	5907.w4lift-12b9a795ea21.txt	afb4c322ff24
7	5907.w4lift-e3a439aa39b6.txt	5907.w4lift-24c25be13033.txt	6c91c41eaa3d
7	5907.w4lift-e3a439aa39b6.txt	5907.w4lift-29f9231d6ec6.txt	ab88abce72ba
7	5907.w4lift-e3a439aa39b6.txt	5907.w4lift-315604e8b5c3.txt	8a34ad08d7c8
7	5907.w4lift-e3a439aa39b6.txt	5907.w4lift-3dfbf9f5e16c.txt	939426db79b6
7	5907.w4lift-e3a439aa39b6.txt	5907.w4lift-3dfbf9f5e16c.txt	fb61739cb012
7	5907.w4lift-e3a439aa39b6.txt	5907.w4lift-46c29e5bc2a7.txt	2c806c1bf6e3
7	5907.w4lift-e3a439aa39b6.txt	5907.w4lift-5354b11bcbe4.txt	a5214c898b1c
7	5907.w4lift-e3a439aa39b6.txt	5907.w4lift-5354b11bcbe4.txt	f3530a9a4032
7	5907.w4lift-e3a439aa39b6.txt	5907.w4lift-5768a023152f.txt	ab88abce72ba
7	5907.w4lift-e3a439aa39b6.txt	5907.w4lift-65205c870bb9.txt	2385661fb60e
7	5907.w4lift-e3a439aa39b6.txt	5907.w4lift-65205c870bb9.txt	ceaf9e8f25f1
7	5907.w4lift-e3a439aa39b6.txt	5907.w4lift-912d954b3cbb.txt	ab88abce72ba
7	5907.w4lift-e3a439aa39b6.txt	5907.w4lift-9b8f53ec761e.txt	6c91c41eaa3d
7	5907.w4lift-e3a439aa39b6.txt	5907.w4lift-9ca41b2682df.txt	ab88abce72ba
7	5907.w4lift-e3a439aa39b6.txt	5907.w4lift-9dad34a0c58a.txt	2385661fb60e
7	5907.w4lift-e3a439aa39b6.txt	5907.w4lift-9dad34a0c58a.txt	ceaf9e8f25f1
7	5907.w4lift-e3a439aa39b6.txt	5907.w4lift-e06bb85d02bc.txt	939426db79b6
7	5907.w4lift-e3a439aa39b6.txt	5907.w4lift-e06bb85d02bc.txt	fb61739cb012
7	5907.w4lift-e3a439aa39b6.txt	5907.w4lift-fbabcbfdfb74.txt	a5214c898b1c
7	5907.w4lift-e3a439aa39b6.txt	5907.w4lift-fbabcbfdfb74.txt	f3530a9a4032
7	5907.w4lift-e44f3ccf8ed4.txt	5907.w4lift-06b66ef7470f.txt	746b5fef63fc
7	5907.w4lift-e44f3ccf8ed4.txt	5907.w4lift-169e64bca870.txt	6e21f7e985fe
7	5907.w4lift-e44f3ccf8ed4.txt	5907.w4lift-177bb009e3ce.txt	e1065cfc01db
7	5907.w4lift-e44f3ccf8ed4.txt	5907.w4lift-1ba050a47f0b.txt	e1065cfc01db
7	5907.w4lift-e44f3ccf8ed4.txt	5907.w4lift-1da61b5817e6.txt	5ff76078c599
7	5907.w4lift-e44f3ccf8ed4.txt	5907.w4lift-1e59b13c7cc0.txt	3feefa303e8d
7	5907.w4lift-e44f3ccf8ed4.txt	5907.w4lift-208b728dbc49.txt	d24f63edf5b4
7	5907.w4lift-e44f3ccf8ed4.txt	5907.w4lift-2344c04ea5dd.txt	ab88abce72ba
7	5907.w4lift-e44f3ccf8ed4.txt	5907.w4lift-2f67f2643eeb.txt	8821c9761a3f
7	5907.w4lift-e44f3ccf8ed4.txt	5907.w4lift-40dae53e6185.txt	ecad0e65a5d2
7	5907.w4lift-e44f3ccf8ed4.txt	5907.w4lift-430092f5780f.txt	cb67e923a6ca
7	5907.w4lift-e44f3ccf8ed4.txt	5907.w4lift-4ab0903ef5f4.txt	ab88abce72ba
7	5907.w4lift-e44f3ccf8ed4.txt	5907.w4lift-55201236e530.txt	36706f4e334b
7	5907.w4lift-e44f3ccf8ed4.txt	5907.w4lift-580a6b2415c2.txt	2e62188e3c8b
7	5907.w4lift-e44f3ccf8ed4.txt	5907.w4lift-580a6b2415c2.txt	48f9270682d9
7	5907.w4lift-e44f3ccf8ed4.txt	5907.w4lift-676d0f91dd66.txt	429db3717944
7	5907.w4lift-e44f3ccf8ed4.txt	5907.w4lift-676d0f91dd66.txt	b081b754d26e
7	5907.w4lift-e44f3ccf8ed4.txt	5907.w4lift-88a61c377b0a.txt	ab88abce72ba
7	5907.w4lift-e44f3ccf8ed4.txt	5907.w4lift-8a8b72923703.txt	ab88abce72ba
7	5907.w4lift-e44f3ccf8ed4.txt	5907.w4lift-b66c35732a00.txt	e7dc2a75bdd1
7	5907.w4lift-e44f3ccf8ed4.txt	5907.w4lift-b91f5e2f34a2.txt	847f96324af3
7	5907.w4lift-e44f3ccf8ed4.txt	5907.w4lift-c8c5110de4f9.txt	e616c3f821ef
7	5907.w4lift-e44f3ccf8ed4.txt	5907.w4lift-d213b0754523.txt	d1acfe46465f
7	5907.w4lift-e44f3ccf8ed4.txt	5907.w4lift-da24731c22eb.txt	ab88abce72ba
7	5907.w4lift-e44f3ccf8ed4.txt	5907.w4lift-dd24a1fe19b2.txt	ab88abce72ba
7	5907.w4lift-e44f3ccf8ed4.txt	5907.w4lift-df0078a194a0.txt	e616c3f821ef
7	5907.w4lift-e44f3ccf8ed4.txt	5907.w4lift-ef0f8852bf9b.txt	45e1abda4c12
7	5907.w4lift-e44f3ccf8ed4.txt	5907.w4lift-f75829b56545.txt	3a3b52457923
7	5907.w4lift-e44f3ccf8ed4.txt	5907.w4lift-fb688ec5c017.txt	d24f63edf5b4
7	5907.w4lift-e45b90b0a767.txt	5907.w4lift-097d01eaddb9.txt	f1f39aaf528e
7	5907.w4lift-e45b90b0a767.txt	5907.w4lift-1ba050a47f0b.txt	65b414a14871
7	5907.w4lift-e45b90b0a767.txt	5907.w4lift-3359ccc27832.txt	0ad29fbab280
7	5907.w4lift-e45b90b0a767.txt	5907.w4lift-352479dbf208.txt	d6c04566fc39
7	5907.w4lift-e45b90b0a767.txt	5907.w4lift-3580a08a5c73.txt	eb52f3b0f67b
7	5907.w4lift-e45b90b0a767.txt	5907.w4lift-37386755df59.txt	ab88abce72ba
7	5907.w4lift-e45b90b0a767.txt	5907.w4lift-3ce63a53cf1a.txt	ab88abce72ba
7	5907.w4lift-e45b90b0a767.txt	5907.w4lift-40dae53e6185.txt	61e671455635
7	5907.w4lift-e45b90b0a767.txt	5907.w4lift-430092f5780f.txt	c7e7cc660163
7	5907.w4lift-e45b90b0a767.txt	5907.w4lift-4614701d0920.txt	84209a8c0f2c
7	5907.w4lift-e45b90b0a767.txt	5907.w4lift-4a5b17090e74.txt	49c5410504fe
7	5907.w4lift-e45b90b0a767.txt	5907.w4lift-53542138d1b5.txt	fd3d2036ee73
7	5907.w4lift-e45b90b0a767.txt	5907.w4lift-540198536578.txt	ab88abce72ba
7	5907.w4lift-e45b90b0a767.txt	5907.w4lift-5f95afa2454b.txt	9943a7ddc283
7	5907.w4lift-e45b90b0a767.txt	5907.w4lift-65fb95f576e7.txt	3f6f5c94d76e
7	5907.w4lift-e45b90b0a767.txt	5907.w4lift-684436c46755.txt	96ebdab07f84
7	5907.w4lift-e45b90b0a767.txt	5907.w4lift-6e905a492084.txt	211974864876
7	5907.w4lift-e45b90b0a767.txt	5907.w4lift-76a1eae91ca0.txt	8821c9761a3f
7	5907.w4lift-e45b90b0a767.txt	5907.w4lift-7cd2edab64dc.txt	ab88abce72ba
7	5907.w4lift-e45b90b0a767.txt	5907.w4lift-80c95286cd7c.txt	8373a022eef2
7	5907.w4lift-e45b90b0a767.txt	5907.w4lift-82caf1ba27e5.txt	0df6c6a90182
7	5907.w4lift-e45b90b0a767.txt	5907.w4lift-863de61b836a.txt	90628da2dd0c
7	5907.w4lift-e45b90b0a767.txt	5907.w4lift-863de61b836a.txt	a9604abeb264
7	5907.w4lift-e45b90b0a767.txt	5907.w4lift-86a03197440a.txt	698dcf70c661
7	5907.w4lift-e45b90b0a767.txt	5907.w4lift-8824a6971c2e.txt	0cf38a094cfc
7	5907.w4lift-e45b90b0a767.txt	5907.w4lift-90338d0577bd.txt	cf88f66916d6
7	5907.w4lift-e45b90b0a767.txt	5907.w4lift-912bd909d2b6.txt	7f04bb1041b3
7	5907.w4lift-e45b90b0a767.txt	5907.w4lift-a7bbb73953d8.txt	182cf9bee74c
7	5907.w4lift-e45b90b0a767.txt	5907.w4lift-a82143024d2d.txt	c6701c2a9601
7	5907.w4lift-e45b90b0a767.txt	5907.w4lift-a8d3c9324eac.txt	d85cb56ed236
7	5907.w4lift-e45b90b0a767.txt	5907.w4lift-ab80c9a45344.txt	ab88abce72ba
7	5907.w4lift-e45b90b0a767.txt	5907.w4lift-ae466549a0d9.txt	4c6e579a7560
7	5907.w4lift-e45b90b0a767.txt	5907.w4lift-ae466549a0d9.txt	72d376c5571d
7	5907.w4lift-e45b90b0a767.txt	5907.w4lift-ae6af3254cbe.txt	f489418a0205
7	5907.w4lift-e45b90b0a767.txt	5907.w4lift-b4e57551e32a.txt	b2d27c6fb87b
7	5907.w4lift-e45b90b0a767.txt	5907.w4lift-bd154fbbf435.txt	7da937df9f1b
7	5907.w4lift-e45b90b0a767.txt	5907.w4lift-bfbef8785aff.txt	b85e26cbabc5
7	5907.w4lift-e45b90b0a767.txt	5907.w4lift-c5ee76734b4d.txt	947fefee2ce1
7	5907.w4lift-e45b90b0a767.txt	5907.w4lift-c7b7714127d9.txt	ebdcc2d4d36c
7	5907.w4lift-e45b90b0a767.txt	5907.w4lift-c8c5110de4f9.txt	e8e466f2309f
7	5907.w4lift-e45b90b0a767.txt	5907.w4lift-ca71ed8496bd.txt	96c7e62b0db1
7	5907.w4lift-e45b90b0a767.txt	5907.w4lift-caeaa9e5ac42.txt	3a42d71f01c6
7	5907.w4lift-e45b90b0a767.txt	5907.w4lift-cb7d99c78307.txt	868b50be85a4
7	5907.w4lift-e45b90b0a767.txt	5907.w4lift-d155534ea2d4.txt	2257058c3d2d
7	5907.w4lift-e45b90b0a767.txt	5907.w4lift-d742e5e60c6f.txt	095bfb3dc800
7	5907.w4lift-e45b90b0a767.txt	5907.w4lift-db45ebdeed40.txt	0df6c6a90182
7	5907.w4lift-e45b90b0a767.txt	5907.w4lift-dff914259b29.txt	38fa2979bd03
7	5907.w4lift-e45b90b0a767.txt	5907.w4lift-e04faca1c06c.txt	d0e1658792cb
7	5907.w4lift-e45b90b0a767.txt	5907.w4lift-e96c05b05fe9.txt	55ebb8b168a5
7	5907.w4lift-e45b90b0a767.txt	5907.w4lift-eb9a0d99f5fb.txt	5581e578134b
7	5907.w4lift-e45b90b0a767.txt	5907.w4lift-eb9a0d99f5fb.txt	d0a01a1ac47d
7	5907.w4lift-e45b90b0a767.txt	5907.w4lift-ebfb75328150.txt	a805ea3de51d
7	5907.w4lift-e45b90b0a767.txt	5907.w4lift-ecfe2ba8e511.txt	d07ef10057cc
7	5907.w4lift-e45b90b0a767.txt	5907.w4lift-f18f663f4c81.txt	bfd1c873c831
7	5907.w4lift-e45b90b0a767.txt	5907.w4lift-f6b8b0e6314c.txt	5f89beb942b2
7	5907.w4lift-e45b90b0a767.txt	5907.w4lift-f9f8e9513c54.txt	429db3717944
7	5907.w4lift-e45b90b0a767.txt	5907.w4lift-f9f8e9513c54.txt	b081b754d26e
7	5907.w4lift-e45b90b0a767.txt	5907.w4lift-fc301bd873cb.txt	ab88abce72ba
7	5907.w4lift-e45b90b0a767.txt	5907.w4lift-fc7d7045a431.txt	2dcd6251565a
7	5907.w4lift-e768827496d4.txt	5907.w4lift-0531d212f9bb.txt	b71368c91055
7	5907.w4lift-e768827496d4.txt	5907.w4lift-0709deed1cd4.txt	89adfdaeb650
7	5907.w4lift-e768827496d4.txt	5907.w4lift-097d01eaddb9.txt	14641f09bcf0
7	5907.w4lift-e768827496d4.txt	5907.w4lift-0dff9daccaa8.txt	b7f3d137c99a
7	5907.w4lift-e768827496d4.txt	5907.w4lift-0fc17b401159.txt	0df6c6a90182
7	5907.w4lift-e768827496d4.txt	5907.w4lift-177bb009e3ce.txt	b506fa9d192d
7	5907.w4lift-e768827496d4.txt	5907.w4lift-1c7e3360c98f.txt	2c806c1bf6e3
7	5907.w4lift-e768827496d4.txt	5907.w4lift-231c44b74cdf.txt	96704a0eb24e
7	5907.w4lift-e768827496d4.txt	5907.w4lift-319dff1ab25a.txt	d5d134bba086
7	5907.w4lift-e768827496d4.txt	5907.w4lift-352479dbf208.txt	156e559f9324
7	5907.w4lift-e768827496d4.txt	5907.w4lift-386272df4871.txt	5581e578134b
7	5907.w4lift-e768827496d4.txt	5907.w4lift-386272df4871.txt	d0a01a1ac47d
7	5907.w4lift-e768827496d4.txt	5907.w4lift-45a4ff8466a7.txt	b1be0f46d82c
7	5907.w4lift-e768827496d4.txt	5907.w4lift-4614701d0920.txt	e332743d8318
7	5907.w4lift-e768827496d4.txt	5907.w4lift-473fc5e1c91e.txt	fa9996b118a5
7	5907.w4lift-e768827496d4.txt	5907.w4lift-4cb3167d35ed.txt	ab88abce72ba
7	5907.w4lift-e768827496d4.txt	5907.w4lift-4d47295ca519.txt	ab88abce72ba
7	5907.w4lift-e768827496d4.txt	5907.w4lift-508210674d85.txt	d4c86ffe1efa
7	5907.w4lift-e768827496d4.txt	5907.w4lift-5742f21eca2d.txt	4d9a21b2c945
7	5907.w4lift-e768827496d4.txt	5907.w4lift-580a6b2415c2.txt	045ff6b79066
7	5907.w4lift-e768827496d4.txt	5907.w4lift-58984281bc50.txt	ab88abce72ba
7	5907.w4lift-e768827496d4.txt	5907.w4lift-5ffba5cc4529.txt	ab88abce72ba
7	5907.w4lift-e768827496d4.txt	5907.w4lift-684436c46755.txt	5ff76078c599
7	5907.w4lift-e768827496d4.txt	5907.w4lift-69ed3f34a123.txt	32af70a4999e
7	5907.w4lift-e768827496d4.txt	5907.w4lift-6d19c9f1455d.txt	fd3d2036ee73
7	5907.w4lift-e768827496d4.txt	5907.w4lift-6e905a492084.txt	16eab6538ab6
7	5907.w4lift-e768827496d4.txt	5907.w4lift-71600a834959.txt	ab88abce72ba
7	5907.w4lift-e768827496d4.txt	5907.w4lift-80c95286cd7c.txt	7145048de6a4
7	5907.w4lift-e768827496d4.txt	5907.w4lift-846d5062c405.txt	d4ec6aadbefe
7	5907.w4lift-e768827496d4.txt	5907.w4lift-86a03197440a.txt	3830c1bb282a
7	5907.w4lift-e768827496d4.txt	5907.w4lift-8824a6971c2e.txt	5d3074fe7163
7	5907.w4lift-e768827496d4.txt	5907.w4lift-8e5ca0ef018c.txt	d4c86ffe1efa
7	5907.w4lift-e768827496d4.txt	5907.w4lift-a6df35bc4b74.txt	eb8331df9ee8
7	5907.w4lift-e768827496d4.txt	5907.w4lift-ae6af3254cbe.txt	83d54a67702c
7	5907.w4lift-e768827496d4.txt	5907.w4lift-b18d3ecda2e7.txt	ab88abce72ba
7	5907.w4lift-e768827496d4.txt	5907.w4lift-b2702baa553d.txt	b4bd6f395a25
7	5907.w4lift-e768827496d4.txt	5907.w4lift-b4e57551e32a.txt	62a74ce65faa
7	5907.w4lift-e768827496d4.txt	5907.w4lift-b4e57551e32a.txt	b13177991e02
7	5907.w4lift-e768827496d4.txt	5907.w4lift-b7a548d5f629.txt	56f642d92240
7	5907.w4lift-e768827496d4.txt	5907.w4lift-b91f5e2f34a2.txt	14a420b3a5b2
7	5907.w4lift-e768827496d4.txt	5907.w4lift-bca46e18f77b.txt	83d54a67702c
7	5907.w4lift-e768827496d4.txt	5907.w4lift-bd154fbbf435.txt	1fa74a7c6774
7	5907.w4lift-e768827496d4.txt	5907.w4lift-caeaa9e5ac42.txt	b98392e1d7a6
7	5907.w4lift-e768827496d4.txt	5907.w4lift-d946605e111b.txt	398028eae919
7	5907.w4lift-e768827496d4.txt	5907.w4lift-dcd0ec0a1fc5.txt	b85e26cbabc5
7	5907.w4lift-e768827496d4.txt	5907.w4lift-df0078a194a0.txt	32af70a4999e
7	5907.w4lift-e768827496d4.txt	5907.w4lift-e04faca1c06c.txt	80d27d30ff66
7	5907.w4lift-e768827496d4.txt	5907.w4lift-e2841ecca038.txt	b4bd6f395a25
7	5907.w4lift-e768827496d4.txt	5907.w4lift-e96c05b05fe9.txt	eca15bf05f3f
7	5907.w4lift-e768827496d4.txt	5907.w4lift-ebfb75328150.txt	fecd684a9442
7	5907.w4lift-e768827496d4.txt	5907.w4lift-ec915ed4bfb3.txt	14a420b3a5b2
7	5907.w4lift-e768827496d4.txt	5907.w4lift-ecfe2ba8e511.txt	5cadd625a68e
7	5907.w4lift-e768827496d4.txt	5907.w4lift-f859791b1e8e.txt	96c7e62b0db1
7	5907.w4lift-e768827496d4.txt	5907.w4lift-f9f8e9513c54.txt	4f8df87699e7
7	5907.w4lift-e768827496d4.txt	5907.w4lift-faafae8fcdaa.txt	ac9b3dbee6ab
7	5907.w4lift-e768827496d4.txt	5907.w4lift-fc7d7045a431.txt	398028eae919
7	5907.w4lift-e768827496d4.txt	5907.w4lift-fd06a0493fef.txt	746b5fef63fc
7	5907.w4lift-e7ee0cc9c017.txt	5907.w4lift-16dd1019b651.txt	f1f39aaf528e
7	5907.w4lift-e7ee0cc9c017.txt	5907.w4lift-1e59b13c7cc0.txt	bfd1c873c831
7	5907.w4lift-e7ee0cc9c017.txt	5907.w4lift-204625f89751.txt	61e671455635
7	5907.w4lift-e7ee0cc9c017.txt	5907.w4lift-3580a08a5c73.txt	eb52f3b0f67b
7	5907.w4lift-e7ee0cc9c017.txt	5907.w4lift-4034f85f00ec.txt	698dcf70c661
7	5907.w4lift-e7ee0cc9c017.txt	5907.w4lift-43a95823c4dc.txt	65b414a14871
7	5907.w4lift-e7ee0cc9c017.txt	5907.w4lift-4614701d0920.txt	8821c9761a3f
7	5907.w4lift-e7ee0cc9c017.txt	5907.w4lift-4ab0903ef5f4.txt	5f89beb942b2
7	5907.w4lift-e7ee0cc9c017.txt	5907.w4lift-4d47295ca519.txt	a805ea3de51d
7	5907.w4lift-e7ee0cc9c017.txt	5907.w4lift-508210674d85.txt	49c5410504fe
7	5907.w4lift-e7ee0cc9c017.txt	5907.w4lift-53542138d1b5.txt	182cf9bee74c
7	5907.w4lift-e7ee0cc9c017.txt	5907.w4lift-540198536578.txt	3f6f5c94d76e
7	5907.w4lift-e7ee0cc9c017.txt	5907.w4lift-5f95afa2454b.txt	2dcd6251565a
7	5907.w4lift-e7ee0cc9c017.txt	5907.w4lift-644e04797cd3.txt	c7e7cc660163
7	5907.w4lift-e7ee0cc9c017.txt	5907.w4lift-65fb95f576e7.txt	ab88abce72ba
7	5907.w4lift-e7ee0cc9c017.txt	5907.w4lift-6e6b2c468f32.txt	8373a022eef2
7	5907.w4lift-e7ee0cc9c017.txt	5907.w4lift-6ec79809fccc.txt	90628da2dd0c
7	5907.w4lift-e7ee0cc9c017.txt	5907.w4lift-6ec79809fccc.txt	a9604abeb264
7	5907.w4lift-e7ee0cc9c017.txt	5907.w4lift-71600a834959.txt	d6c04566fc39
7	5907.w4lift-e7ee0cc9c017.txt	5907.w4lift-76a1eae91ca0.txt	84209a8c0f2c
7	5907.w4lift-e7ee0cc9c017.txt	5907.w4lift-7714757d2e9e.txt	0cf38a094cfc
7	5907.w4lift-e7ee0cc9c017.txt	5907.w4lift-7cd2edab64dc.txt	38fa2979bd03
7	5907.w4lift-e7ee0cc9c017.txt	5907.w4lift-82caf1ba27e5.txt	0df6c6a90182
7	5907.w4lift-e7ee0cc9c017.txt	5907.w4lift-846d5062c405.txt	b2d27c6fb87b
7	5907.w4lift-e7ee0cc9c017.txt	5907.w4lift-8966629ce152.txt	d07ef10057cc
7	5907.w4lift-e7ee0cc9c017.txt	5907.w4lift-89b3167f9583.txt	429db3717944
7	5907.w4lift-e7ee0cc9c017.txt	5907.w4lift-89b3167f9583.txt	b081b754d26e
7	5907.w4lift-e7ee0cc9c017.txt	5907.w4lift-8e5ca0ef018c.txt	2257058c3d2d
7	5907.w4lift-e7ee0cc9c017.txt	5907.w4lift-90338d0577bd.txt	3a42d71f01c6
7	5907.w4lift-e7ee0cc9c017.txt	5907.w4lift-912bd909d2b6.txt	f489418a0205
7	5907.w4lift-e7ee0cc9c017.txt	5907.w4lift-97d2d8784e2f.txt	d0e1658792cb
7	5907.w4lift-e7ee0cc9c017.txt	5907.w4lift-a7bbb73953d8.txt	fd3d2036ee73
7	5907.w4lift-e7ee0cc9c017.txt	5907.w4lift-a82143024d2d.txt	c6701c2a9601
7	5907.w4lift-e7ee0cc9c017.txt	5907.w4lift-ae466549a0d9.txt	5581e578134b
7	5907.w4lift-e7ee0cc9c017.txt	5907.w4lift-ae466549a0d9.txt	d0a01a1ac47d
7	5907.w4lift-e7ee0cc9c017.txt	5907.w4lift-ae6af3254cbe.txt	7f04bb1041b3
7	5907.w4lift-e7ee0cc9c017.txt	5907.w4lift-b2702baa553d.txt	d85cb56ed236
7	5907.w4lift-e7ee0cc9c017.txt	5907.w4lift-bca46e18f77b.txt	ab88abce72ba
7	5907.w4lift-e7ee0cc9c017.txt	5907.w4lift-bfbef8785aff.txt	b85e26cbabc5
7	5907.w4lift-e7ee0cc9c017.txt	5907.w4lift-c7b7714127d9.txt	ebdcc2d4d36c
7	5907.w4lift-e7ee0cc9c017.txt	5907.w4lift-ca71ed8496bd.txt	96c7e62b0db1
7	5907.w4lift-e7ee0cc9c017.txt	5907.w4lift-caeaa9e5ac42.txt	cf88f66916d6
7	5907.w4lift-e7ee0cc9c017.txt	5907.w4lift-cba9917bd593.txt	ab88abce72ba
7	5907.w4lift-e7ee0cc9c017.txt	5907.w4lift-d09cda89e063.txt	211974864876
7	5907.w4lift-e7ee0cc9c017.txt	5907.w4lift-d213b0754523.txt	0ad29fbab280
7	5907.w4lift-e7ee0cc9c017.txt	5907.w4lift-d742e5e60c6f.txt	095bfb3dc800
7	5907.w4lift-e7ee0cc9c017.txt	5907.w4lift-d946605e111b.txt	ab88abce72ba
7	5907.w4lift-e7ee0cc9c017.txt	5907.w4lift-db45ebdeed40.txt	0df6c6a90182
7	5907.w4lift-e7ee0cc9c017.txt	5907.w4lift-dd250dd876cd.txt	e8e466f2309f
7	5907.w4lift-e7ee0cc9c017.txt	5907.w4lift-dff914259b29.txt	ab88abce72ba
7	5907.w4lift-e7ee0cc9c017.txt	5907.w4lift-e0368a011e8c.txt	7da937df9f1b
7	5907.w4lift-e7ee0cc9c017.txt	5907.w4lift-e2841ecca038.txt	947fefee2ce1
7	5907.w4lift-e7ee0cc9c017.txt	5907.w4lift-eb9a0d99f5fb.txt	4c6e579a7560
7	5907.w4lift-e7ee0cc9c017.txt	5907.w4lift-eb9a0d99f5fb.txt	72d376c5571d
7	5907.w4lift-e7ee0cc9c017.txt	5907.w4lift-f2708ef02d1a.txt	ab88abce72ba
7	5907.w4lift-e7ee0cc9c017.txt	5907.w4lift-fb688ec5c017.txt	868b50be85a4
7	5907.w4lift-e7ee0cc9c017.txt	5907.w4lift-fc5c70dfb561.txt	55ebb8b168a5
7	5907.w4lift-e7ee0cc9c017.txt	5907.w4lift-fc7d7045a431.txt	9943a7ddc283
7	5907.w4lift-e7ee0cc9c017.txt	5907.w4lift-fd06a0493fef.txt	96ebdab07f84
7	5907.w4lift-e96c05b05fe9.txt	5907.w4lift-0531d212f9bb.txt	7f04bb1041b3
7	5907.w4lift-e96c05b05fe9.txt	5907.w4lift-0709deed1cd4.txt	49c5410504fe
7	5907.w4lift-e96c05b05fe9.txt	5907.w4lift-097d01eaddb9.txt	709cf47fa2d3
7	5907.w4lift-e96c05b05fe9.txt	5907.w4lift-097d01eaddb9.txt	8709489b69c1
7	5907.w4lift-e96c05b05fe9.txt	5907.w4lift-177bb009e3ce.txt	94e83c3c75fb
7	5907.w4lift-e96c05b05fe9.txt	5907.w4lift-1ba050a47f0b.txt	f609e3a8e480
7	5907.w4lift-e96c05b05fe9.txt	5907.w4lift-1c7e3360c98f.txt	0dcc7a5a1ff7
7	5907.w4lift-e96c05b05fe9.txt	5907.w4lift-231c44b74cdf.txt	e76c9c894e18
7	5907.w4lift-e96c05b05fe9.txt	5907.w4lift-3359ccc27832.txt	989d2fdca27a
7	5907.w4lift-e96c05b05fe9.txt	5907.w4lift-3580a08a5c73.txt	1dc8fef1698c
7	5907.w4lift-e96c05b05fe9.txt	5907.w4lift-3ce63a53cf1a.txt	e43c9981a5c7
7	5907.w4lift-e96c05b05fe9.txt	5907.w4lift-45a4ff8466a7.txt	8fc24bd78fad
7	5907.w4lift-e96c05b05fe9.txt	5907.w4lift-4614701d0920.txt	bbf1b4974173
7	5907.w4lift-e96c05b05fe9.txt	5907.w4lift-4614701d0920.txt	dd454bcc3c5a
7	5907.w4lift-e96c05b05fe9.txt	5907.w4lift-508210674d85.txt	ddf5bfe474bf
7	5907.w4lift-e96c05b05fe9.txt	5907.w4lift-53542138d1b5.txt	ab88abce72ba
7	5907.w4lift-e96c05b05fe9.txt	5907.w4lift-540198536578.txt	c2220252475b
7	5907.w4lift-e96c05b05fe9.txt	5907.w4lift-58984281bc50.txt	e311a814616f
7	5907.w4lift-e96c05b05fe9.txt	5907.w4lift-5f95afa2454b.txt	0fa419c2f08b
7	5907.w4lift-e96c05b05fe9.txt	5907.w4lift-5ffba5cc4529.txt	430f8ba0d5bf
7	5907.w4lift-e96c05b05fe9.txt	5907.w4lift-65fb95f576e7.txt	bc6dd269b36a
7	5907.w4lift-e96c05b05fe9.txt	5907.w4lift-684436c46755.txt	151c9d94814a
7	5907.w4lift-e96c05b05fe9.txt	5907.w4lift-684436c46755.txt	3f4b1bcb6fa8
7	5907.w4lift-e96c05b05fe9.txt	5907.w4lift-6d19c9f1455d.txt	d6c04566fc39
7	5907.w4lift-e96c05b05fe9.txt	5907.w4lift-71600a834959.txt	51225a9bb93e
7	5907.w4lift-e96c05b05fe9.txt	5907.w4lift-863de61b836a.txt	821e83c01b7c
7	5907.w4lift-e96c05b05fe9.txt	5907.w4lift-86a03197440a.txt	4c6e579a7560
7	5907.w4lift-e96c05b05fe9.txt	5907.w4lift-86a03197440a.txt	72d376c5571d
7	5907.w4lift-e96c05b05fe9.txt	5907.w4lift-8824a6971c2e.txt	ab88abce72ba
7	5907.w4lift-e96c05b05fe9.txt	5907.w4lift-a6df35bc4b74.txt	510b5a794970
7	5907.w4lift-e96c05b05fe9.txt	5907.w4lift-a7bbb73953d8.txt	e1d1870a78cd
7	5907.w4lift-e96c05b05fe9.txt	5907.w4lift-ab80c9a45344.txt	240d550552a3
7	5907.w4lift-e96c05b05fe9.txt	5907.w4lift-ae466549a0d9.txt	c04133834105
7	5907.w4lift-e96c05b05fe9.txt	5907.w4lift-ae6af3254cbe.txt	9ffeb4ce9bae
7	5907.w4lift-e96c05b05fe9.txt	5907.w4lift-b18d3ecda2e7.txt	bbdd86597cc7
7	5907.w4lift-e96c05b05fe9.txt	5907.w4lift-b2702baa553d.txt	f4b9a13ff36c
7	5907.w4lift-e96c05b05fe9.txt	5907.w4lift-b7a548d5f629.txt	6e943a6ae528
7	5907.w4lift-e96c05b05fe9.txt	5907.w4lift-bd154fbbf435.txt	3394d4cf4ce9
7	5907.w4lift-e96c05b05fe9.txt	5907.w4lift-bd154fbbf435.txt	b84e5852608b
7	5907.w4lift-e96c05b05fe9.txt	5907.w4lift-bfbef8785aff.txt	04494fa53cff
7	5907.w4lift-e96c05b05fe9.txt	5907.w4lift-c5ee76734b4d.txt	8e620393073b
7	5907.w4lift-e96c05b05fe9.txt	5907.w4lift-c7b7714127d9.txt	4f671bc3d3f3
7	5907.w4lift-e96c05b05fe9.txt	5907.w4lift-c8c5110de4f9.txt	760f0d23e496
7	5907.w4lift-e96c05b05fe9.txt	5907.w4lift-ca71ed8496bd.txt	83d54a67702c
7	5907.w4lift-e96c05b05fe9.txt	5907.w4lift-d155534ea2d4.txt	bd508e5023d8
7	5907.w4lift-e96c05b05fe9.txt	5907.w4lift-d946605e111b.txt	98aeb647340c
7	5907.w4lift-e96c05b05fe9.txt	5907.w4lift-db45ebdeed40.txt	ab105a248a1e
7	5907.w4lift-e96c05b05fe9.txt	5907.w4lift-dcd0ec0a1fc5.txt	5e3e40b58466
7	5907.w4lift-e96c05b05fe9.txt	5907.w4lift-df0078a194a0.txt	39fe21f51977
7	5907.w4lift-e96c05b05fe9.txt	5907.w4lift-e45b90b0a767.txt	ab11977fcf47
7	5907.w4lift-e96c05b05fe9.txt	5907.w4lift-e768827496d4.txt	c442200796dc
7	5907.w4lift-e96c05b05fe9.txt	5907.w4lift-ebfb75328150.txt	a9587b440eca
7	5907.w4lift-e96c05b05fe9.txt	5907.w4lift-ec915ed4bfb3.txt	038dbff96d7c
7	5907.w4lift-e96c05b05fe9.txt	5907.w4lift-ecfe2ba8e511.txt	ab88abce72ba
7	5907.w4lift-e96c05b05fe9.txt	5907.w4lift-f18f663f4c81.txt	d8cb6eb7687c
7	5907.w4lift-e96c05b05fe9.txt	5907.w4lift-f859791b1e8e.txt	ab88abce72ba
7	5907.w4lift-e96c05b05fe9.txt	5907.w4lift-f9f8e9513c54.txt	48c30fab9556
7	5907.w4lift-e96c05b05fe9.txt	5907.w4lift-faafae8fcdaa.txt	79bbc2526e76
7	5907.w4lift-e96c05b05fe9.txt	5907.w4lift-fc301bd873cb.txt	9ffeb4ce9bae
7	5907.w4lift-eb9a0d99f5fb.txt	5907.w4lift-16dd1019b651.txt	0c1ecc350843
7	5907.w4lift-eb9a0d99f5fb.txt	5907.w4lift-1e59b13c7cc0.txt	8f5cf69c5f7c
7	5907.w4lift-eb9a0d99f5fb.txt	5907.w4lift-204625f89751.txt	0ad29fbab280
7	5907.w4lift-eb9a0d99f5fb.txt	5907.w4lift-3580a08a5c73.txt	ba64a6bdcb29
7	5907.w4lift-eb9a0d99f5fb.txt	5907.w4lift-37386755df59.txt	f489418a0205
7	5907.w4lift-eb9a0d99f5fb.txt	5907.w4lift-4034f85f00ec.txt	55ebb8b168a5
7	5907.w4lift-eb9a0d99f5fb.txt	5907.w4lift-43a95823c4dc.txt	e0ba5cd5244d
7	5907.w4lift-eb9a0d99f5fb.txt	5907.w4lift-4ab0903ef5f4.txt	92cca1ec54bb
7	5907.w4lift-eb9a0d99f5fb.txt	5907.w4lift-4d47295ca519.txt	d6c04566fc39
7	5907.w4lift-eb9a0d99f5fb.txt	5907.w4lift-508210674d85.txt	2257058c3d2d
7	5907.w4lift-eb9a0d99f5fb.txt	5907.w4lift-53542138d1b5.txt	fd3d2036ee73
7	5907.w4lift-eb9a0d99f5fb.txt	5907.w4lift-540198536578.txt	ab88abce72ba
7	5907.w4lift-eb9a0d99f5fb.txt	5907.w4lift-644e04797cd3.txt	49d4d9e84135
7	5907.w4lift-eb9a0d99f5fb.txt	5907.w4lift-65fb95f576e7.txt	84a31d178833
7	5907.w4lift-eb9a0d99f5fb.txt	5907.w4lift-6e6b2c468f32.txt	ddc1e5a5e22d
7	5907.w4lift-eb9a0d99f5fb.txt	5907.w4lift-6ec79809fccc.txt	90628da2dd0c
7	5907.w4lift-eb9a0d99f5fb.txt	5907.w4lift-6ec79809fccc.txt	a9604abeb264
7	5907.w4lift-eb9a0d99f5fb.txt	5907.w4lift-71600a834959.txt	a805ea3de51d
7	5907.w4lift-eb9a0d99f5fb.txt	5907.w4lift-76a1eae91ca0.txt	429db3717944
7	5907.w4lift-eb9a0d99f5fb.txt	5907.w4lift-76a1eae91ca0.txt	b081b754d26e
7	5907.w4lift-eb9a0d99f5fb.txt	5907.w4lift-7714757d2e9e.txt	99fff9a726b2
7	5907.w4lift-eb9a0d99f5fb.txt	5907.w4lift-7cd2edab64dc.txt	ab88abce72ba
7	5907.w4lift-eb9a0d99f5fb.txt	5907.w4lift-80c95286cd7c.txt	cf88f66916d6
7	5907.w4lift-eb9a0d99f5fb.txt	5907.w4lift-82caf1ba27e5.txt	4d9a21b2c945
7	5907.w4lift-eb9a0d99f5fb.txt	5907.w4lift-846d5062c405.txt	92782df6e5d5
7	5907.w4lift-eb9a0d99f5fb.txt	5907.w4lift-8966629ce152.txt	a1764f88e216
7	5907.w4lift-eb9a0d99f5fb.txt	5907.w4lift-89b3167f9583.txt	8439efc11368
7	5907.w4lift-eb9a0d99f5fb.txt	5907.w4lift-8e5ca0ef018c.txt	49c5410504fe
7	5907.w4lift-eb9a0d99f5fb.txt	5907.w4lift-90338d0577bd.txt	8373a022eef2
7	5907.w4lift-eb9a0d99f5fb.txt	5907.w4lift-97d2d8784e2f.txt	fe22f3e91d6f
7	5907.w4lift-eb9a0d99f5fb.txt	5907.w4lift-a7bbb73953d8.txt	f08b1ddb7e4d
7	5907.w4lift-eb9a0d99f5fb.txt	5907.w4lift-a82143024d2d.txt	39ea17aa2020
7	5907.w4lift-eb9a0d99f5fb.txt	5907.w4lift-ae6af3254cbe.txt	ab88abce72ba
7	5907.w4lift-eb9a0d99f5fb.txt	5907.w4lift-b2702baa553d.txt	947fefee2ce1
7	5907.w4lift-eb9a0d99f5fb.txt	5907.w4lift-bca46e18f77b.txt	7f04bb1041b3
7	5907.w4lift-eb9a0d99f5fb.txt	5907.w4lift-bfbef8785aff.txt	b1be0f46d82c
7	5907.w4lift-eb9a0d99f5fb.txt	5907.w4lift-c7b7714127d9.txt	e50393a8ba1d
7	5907.w4lift-eb9a0d99f5fb.txt	5907.w4lift-ca71ed8496bd.txt	b71368c91055
7	5907.w4lift-eb9a0d99f5fb.txt	5907.w4lift-cba9917bd593.txt	ab88abce72ba
7	5907.w4lift-eb9a0d99f5fb.txt	5907.w4lift-d09cda89e063.txt	f550b887608a
7	5907.w4lift-eb9a0d99f5fb.txt	5907.w4lift-d213b0754523.txt	61e671455635
7	5907.w4lift-eb9a0d99f5fb.txt	5907.w4lift-d742e5e60c6f.txt	b1be0f46d82c
7	5907.w4lift-eb9a0d99f5fb.txt	5907.w4lift-d946605e111b.txt	9943a7ddc283
7	5907.w4lift-eb9a0d99f5fb.txt	5907.w4lift-db45ebdeed40.txt	f87b924fc4aa
7	5907.w4lift-eb9a0d99f5fb.txt	5907.w4lift-dd250dd876cd.txt	868b50be85a4
7	5907.w4lift-eb9a0d99f5fb.txt	5907.w4lift-dff914259b29.txt	0485c22c758e
7	5907.w4lift-eb9a0d99f5fb.txt	5907.w4lift-e0368a011e8c.txt	66c7854e6888
7	5907.w4lift-eb9a0d99f5fb.txt	5907.w4lift-e2841ecca038.txt	d85cb56ed236
7	5907.w4lift-eb9a0d99f5fb.txt	5907.w4lift-e45b90b0a767.txt	5581e578134b
7	5907.w4lift-eb9a0d99f5fb.txt	5907.w4lift-e45b90b0a767.txt	d0a01a1ac47d
7	5907.w4lift-eb9a0d99f5fb.txt	5907.w4lift-e7ee0cc9c017.txt	4c6e579a7560
7	5907.w4lift-eb9a0d99f5fb.txt	5907.w4lift-e7ee0cc9c017.txt	72d376c5571d
7	5907.w4lift-eb9a0d99f5fb.txt	5907.w4lift-f2708ef02d1a.txt	ab88abce72ba
7	5907.w4lift-eb9a0d99f5fb.txt	5907.w4lift-f9f8e9513c54.txt	8821c9761a3f
7	5907.w4lift-eb9a0d99f5fb.txt	5907.w4lift-fb688ec5c017.txt	e8e466f2309f
7	5907.w4lift-eb9a0d99f5fb.txt	5907.w4lift-fc301bd873cb.txt	2dcd6251565a
7	5907.w4lift-eb9a0d99f5fb.txt	5907.w4lift-fc5c70dfb561.txt	5c5648cddbd6
7	5907.w4lift-eb9a0d99f5fb.txt	5907.w4lift-fc7d7045a431.txt	ab88abce72ba
7	5907.w4lift-eb9a0d99f5fb.txt	5907.w4lift-fd06a0493fef.txt	1b8c339e89cd
7	5907.w4lift-ebfb75328150.txt	5907.w4lift-04c898c73c62.txt	a780c2d233f8
7	5907.w4lift-ebfb75328150.txt	5907.w4lift-08210f1c16a0.txt	49c5410504fe
7	5907.w4lift-ebfb75328150.txt	5907.w4lift-097d01eaddb9.txt	56f642d92240
7	5907.w4lift-ebfb75328150.txt	5907.w4lift-0fc17b401159.txt	f550b887608a
7	5907.w4lift-ebfb75328150.txt	5907.w4lift-1ba050a47f0b.txt	96704a0eb24e
7	5907.w4lift-ebfb75328150.txt	5907.w4lift-208b728dbc49.txt	14a420b3a5b2
7	5907.w4lift-ebfb75328150.txt	5907.w4lift-319dff1ab25a.txt	ff97c0cddd5f
7	5907.w4lift-ebfb75328150.txt	5907.w4lift-3359ccc27832.txt	32af70a4999e
7	5907.w4lift-ebfb75328150.txt	5907.w4lift-3580a08a5c73.txt	14641f09bcf0
7	5907.w4lift-ebfb75328150.txt	5907.w4lift-386272df4871.txt	ab88abce72ba
7	5907.w4lift-ebfb75328150.txt	5907.w4lift-3ce63a53cf1a.txt	ab88abce72ba
7	5907.w4lift-ebfb75328150.txt	5907.w4lift-3d4579051d3f.txt	f2cd8c1f4d2e
7	5907.w4lift-ebfb75328150.txt	5907.w4lift-4614701d0920.txt	b85e26cbabc5
7	5907.w4lift-ebfb75328150.txt	5907.w4lift-473fc5e1c91e.txt	77f471f848b0
7	5907.w4lift-ebfb75328150.txt	5907.w4lift-4cb3167d35ed.txt	8373a022eef2
7	5907.w4lift-ebfb75328150.txt	5907.w4lift-53542138d1b5.txt	3830c1bb282a
7	5907.w4lift-ebfb75328150.txt	5907.w4lift-540198536578.txt	e332743d8318
7	5907.w4lift-ebfb75328150.txt	5907.w4lift-5742f21eca2d.txt	211974864876
7	5907.w4lift-ebfb75328150.txt	5907.w4lift-58984281bc50.txt	8821c9761a3f
7	5907.w4lift-ebfb75328150.txt	5907.w4lift-5f95afa2454b.txt	ab88abce72ba
7	5907.w4lift-ebfb75328150.txt	5907.w4lift-65fb95f576e7.txt	4f8df87699e7
7	5907.w4lift-ebfb75328150.txt	5907.w4lift-684436c46755.txt	ab88abce72ba
7	5907.w4lift-ebfb75328150.txt	5907.w4lift-6e6b2c468f32.txt	0df6c6a90182
7	5907.w4lift-ebfb75328150.txt	5907.w4lift-71600a834959.txt	5581e578134b
7	5907.w4lift-ebfb75328150.txt	5907.w4lift-71600a834959.txt	d0a01a1ac47d
7	5907.w4lift-ebfb75328150.txt	5907.w4lift-846d5062c405.txt	ab88abce72ba
7	5907.w4lift-ebfb75328150.txt	5907.w4lift-863de61b836a.txt	b4bd6f395a25
7	5907.w4lift-ebfb75328150.txt	5907.w4lift-86a03197440a.txt	96c7e62b0db1
7	5907.w4lift-ebfb75328150.txt	5907.w4lift-8824a6971c2e.txt	fd3d2036ee73
7	5907.w4lift-ebfb75328150.txt	5907.w4lift-8a8b72923703.txt	045ff6b79066
7	5907.w4lift-ebfb75328150.txt	5907.w4lift-90338d0577bd.txt	4d9a21b2c945
7	5907.w4lift-ebfb75328150.txt	5907.w4lift-97d2d8784e2f.txt	fa9996b118a5
7	5907.w4lift-ebfb75328150.txt	5907.w4lift-9b4bc5700c90.txt	71fce178fd55
7	5907.w4lift-ebfb75328150.txt	5907.w4lift-a7bbb73953d8.txt	eca15bf05f3f
7	5907.w4lift-ebfb75328150.txt	5907.w4lift-ab80c9a45344.txt	d4c86ffe1efa
7	5907.w4lift-ebfb75328150.txt	5907.w4lift-ae466549a0d9.txt	83d54a67702c
7	5907.w4lift-ebfb75328150.txt	5907.w4lift-bd154fbbf435.txt	ac9b3dbee6ab
7	5907.w4lift-ebfb75328150.txt	5907.w4lift-bfbef8785aff.txt	1fa74a7c6774
7	5907.w4lift-ebfb75328150.txt	5907.w4lift-c5ee76734b4d.txt	eb8331df9ee8
7	5907.w4lift-ebfb75328150.txt	5907.w4lift-c7b7714127d9.txt	5d3074fe7163
7	5907.w4lift-ebfb75328150.txt	5907.w4lift-c8c5110de4f9.txt	14a420b3a5b2
7	5907.w4lift-ebfb75328150.txt	5907.w4lift-ca71ed8496bd.txt	5cadd625a68e
7	5907.w4lift-ebfb75328150.txt	5907.w4lift-d09cda89e063.txt	d5d134bba086
7	5907.w4lift-ebfb75328150.txt	5907.w4lift-d155534ea2d4.txt	2c806c1bf6e3
7	5907.w4lift-ebfb75328150.txt	5907.w4lift-d742e5e60c6f.txt	d4ec6aadbefe
7	5907.w4lift-ebfb75328150.txt	5907.w4lift-db45ebdeed40.txt	5ff76078c599
7	5907.w4lift-ebfb75328150.txt	5907.w4lift-e0fa39144639.txt	2257058c3d2d
7	5907.w4lift-ebfb75328150.txt	5907.w4lift-e45b90b0a767.txt	398028eae919
7	5907.w4lift-ebfb75328150.txt	5907.w4lift-e768827496d4.txt	2dcd6251565a
7	5907.w4lift-ebfb75328150.txt	5907.w4lift-e96c05b05fe9.txt	b71368c91055
7	5907.w4lift-ebfb75328150.txt	5907.w4lift-ecfe2ba8e511.txt	89adfdaeb650
7	5907.w4lift-ebfb75328150.txt	5907.w4lift-f18f663f4c81.txt	b506fa9d192d
7	5907.w4lift-ebfb75328150.txt	5907.w4lift-f2708ef02d1a.txt	fecd684a9442
7	5907.w4lift-ebfb75328150.txt	5907.w4lift-f9f8e9513c54.txt	b1be0f46d82c
7	5907.w4lift-ebfb75328150.txt	5907.w4lift-fc301bd873cb.txt	ab88abce72ba
7	5907.w4lift-ebfb75328150.txt	5907.w4lift-fe39239f7468.txt	7a76f11797d8
7	5907.w4lift-ec915ed4bfb3.txt	5907.w4lift-04c898c73c62.txt	5581e578134b
7	5907.w4lift-ec915ed4bfb3.txt	5907.w4lift-04c898c73c62.txt	d0a01a1ac47d
7	5907.w4lift-ec915ed4bfb3.txt	5907.w4lift-0531d212f9bb.txt	c89c9cf370a2
7	5907.w4lift-ec915ed4bfb3.txt	5907.w4lift-0709deed1cd4.txt	78a113fc5546
7	5907.w4lift-ec915ed4bfb3.txt	5907.w4lift-097d01eaddb9.txt	d1acfe46465f
7	5907.w4lift-ec915ed4bfb3.txt	5907.w4lift-177bb009e3ce.txt	5ff76078c599
7	5907.w4lift-ec915ed4bfb3.txt	5907.w4lift-1c7e3360c98f.txt	a8af7d1d0d1f
7	5907.w4lift-ec915ed4bfb3.txt	5907.w4lift-208b728dbc49.txt	fecd684a9442
7	5907.w4lift-ec915ed4bfb3.txt	5907.w4lift-231c44b74cdf.txt	ab88abce72ba
7	5907.w4lift-ec915ed4bfb3.txt	5907.w4lift-2914e81572fa.txt	2e62188e3c8b
7	5907.w4lift-ec915ed4bfb3.txt	5907.w4lift-2914e81572fa.txt	48f9270682d9
7	5907.w4lift-ec915ed4bfb3.txt	5907.w4lift-2f67f2643eeb.txt	ab88abce72ba
7	5907.w4lift-ec915ed4bfb3.txt	5907.w4lift-3d4579051d3f.txt	b7bc7337f220
7	5907.w4lift-ec915ed4bfb3.txt	5907.w4lift-43a95823c4dc.txt	746b5fef63fc
7	5907.w4lift-ec915ed4bfb3.txt	5907.w4lift-45a4ff8466a7.txt	bb0325078ded
7	5907.w4lift-ec915ed4bfb3.txt	5907.w4lift-4614701d0920.txt	a20827665556
7	5907.w4lift-ec915ed4bfb3.txt	5907.w4lift-473fc5e1c91e.txt	5aceefba3b64
7	5907.w4lift-ec915ed4bfb3.txt	5907.w4lift-508210674d85.txt	c2def9f0e515
7	5907.w4lift-ec915ed4bfb3.txt	5907.w4lift-546a47a518b6.txt	f0b55e37fe22
7	5907.w4lift-ec915ed4bfb3.txt	5907.w4lift-58984281bc50.txt	c9d65fee4f73
7	5907.w4lift-ec915ed4bfb3.txt	5907.w4lift-5ffba5cc4529.txt	27becabec391
7	5907.w4lift-ec915ed4bfb3.txt	5907.w4lift-676d0f91dd66.txt	fa53bebb0c07
7	5907.w4lift-ec915ed4bfb3.txt	5907.w4lift-684436c46755.txt	2b5c256071ab
7	5907.w4lift-ec915ed4bfb3.txt	5907.w4lift-6d19c9f1455d.txt	4c4f2d1a4871
7	5907.w4lift-ec915ed4bfb3.txt	5907.w4lift-71600a834959.txt	99cf5c65dd47
7	5907.w4lift-ec915ed4bfb3.txt	5907.w4lift-8824a6971c2e.txt	ab676a60b54e
7	5907.w4lift-ec915ed4bfb3.txt	5907.w4lift-8a8b72923703.txt	d4ec6aadbefe
7	5907.w4lift-ec915ed4bfb3.txt	5907.w4lift-97d2d8784e2f.txt	ba9ea1eefc0d
7	5907.w4lift-ec915ed4bfb3.txt	5907.w4lift-9b264f72a9b4.txt	46267e810eac
7	5907.w4lift-ec915ed4bfb3.txt	5907.w4lift-a6df35bc4b74.txt	ab88abce72ba
7	5907.w4lift-ec915ed4bfb3.txt	5907.w4lift-ae6af3254cbe.txt	2dd7827e5108
7	5907.w4lift-ec915ed4bfb3.txt	5907.w4lift-b18d3ecda2e7.txt	1fbf82fb2187
7	5907.w4lift-ec915ed4bfb3.txt	5907.w4lift-b2702baa553d.txt	cb67e923a6ca
7	5907.w4lift-ec915ed4bfb3.txt	5907.w4lift-b7a548d5f629.txt	e616c3f821ef
7	5907.w4lift-ec915ed4bfb3.txt	5907.w4lift-bd154fbbf435.txt	30361e285fae
7	5907.w4lift-ec915ed4bfb3.txt	5907.w4lift-c5ee76734b4d.txt	f6d440e96d8c
7	5907.w4lift-ec915ed4bfb3.txt	5907.w4lift-cb7d99c78307.txt	156e559f9324
7	5907.w4lift-ec915ed4bfb3.txt	5907.w4lift-d946605e111b.txt	82d464ef22d6
7	5907.w4lift-ec915ed4bfb3.txt	5907.w4lift-dbf70f871210.txt	9d8393a2cbd2
7	5907.w4lift-ec915ed4bfb3.txt	5907.w4lift-dcd0ec0a1fc5.txt	959edf9574a8
7	5907.w4lift-ec915ed4bfb3.txt	5907.w4lift-dd24a1fe19b2.txt	e616c3f821ef
7	5907.w4lift-ec915ed4bfb3.txt	5907.w4lift-dd250dd876cd.txt	ab88abce72ba
7	5907.w4lift-ec915ed4bfb3.txt	5907.w4lift-df0078a194a0.txt	ab88abce72ba
7	5907.w4lift-ec915ed4bfb3.txt	5907.w4lift-e768827496d4.txt	162b937cfcd8
7	5907.w4lift-ec915ed4bfb3.txt	5907.w4lift-e96c05b05fe9.txt	2a574f2daa75
7	5907.w4lift-ec915ed4bfb3.txt	5907.w4lift-ecfe2ba8e511.txt	0a44fc281e4b
7	5907.w4lift-ec915ed4bfb3.txt	5907.w4lift-ef0f8852bf9b.txt	ada84d0153fa
7	5907.w4lift-ec915ed4bfb3.txt	5907.w4lift-f6b8b0e6314c.txt	62a74ce65faa
7	5907.w4lift-ec915ed4bfb3.txt	5907.w4lift-f6b8b0e6314c.txt	b13177991e02
7	5907.w4lift-ec915ed4bfb3.txt	5907.w4lift-f859791b1e8e.txt	c50b4b5b313f
7	5907.w4lift-ec915ed4bfb3.txt	5907.w4lift-f9f8e9513c54.txt	3d18e34840c5
7	5907.w4lift-ec915ed4bfb3.txt	5907.w4lift-faafae8fcdaa.txt	1953b28ffc27
7	5907.w4lift-ec915ed4bfb3.txt	5907.w4lift-fe39239f7468.txt	ab88abce72ba
7	5907.w4lift-ecfe2ba8e511.txt	5907.w4lift-0531d212f9bb.txt	d6c04566fc39
7	5907.w4lift-ecfe2ba8e511.txt	5907.w4lift-0709deed1cd4.txt	ab88abce72ba
7	5907.w4lift-ecfe2ba8e511.txt	5907.w4lift-097d01eaddb9.txt	b0e623c58504
7	5907.w4lift-ecfe2ba8e511.txt	5907.w4lift-177bb009e3ce.txt	e77bc6cdc11d
7	5907.w4lift-ecfe2ba8e511.txt	5907.w4lift-1ba050a47f0b.txt	e77bc6cdc11d
7	5907.w4lift-ecfe2ba8e511.txt	5907.w4lift-1c7e3360c98f.txt	430f8ba0d5bf
7	5907.w4lift-ecfe2ba8e511.txt	5907.w4lift-3359ccc27832.txt	e274eb8a1d46
7	5907.w4lift-ecfe2ba8e511.txt	5907.w4lift-3ce63a53cf1a.txt	518f9139e0cb
7	5907.w4lift-ecfe2ba8e511.txt	5907.w4lift-45a4ff8466a7.txt	e311a814616f
7	5907.w4lift-ecfe2ba8e511.txt	5907.w4lift-4614701d0920.txt	151c9d94814a
7	5907.w4lift-ecfe2ba8e511.txt	5907.w4lift-4614701d0920.txt	3f4b1bcb6fa8
7	5907.w4lift-ecfe2ba8e511.txt	5907.w4lift-508210674d85.txt	9ffeb4ce9bae
7	5907.w4lift-ecfe2ba8e511.txt	5907.w4lift-53542138d1b5.txt	f4276d62e543
7	5907.w4lift-ecfe2ba8e511.txt	5907.w4lift-540198536578.txt	c7858d81e8da
7	5907.w4lift-ecfe2ba8e511.txt	5907.w4lift-5f95afa2454b.txt	a9587b440eca
7	5907.w4lift-ecfe2ba8e511.txt	5907.w4lift-5ffba5cc4529.txt	e6a2ec270f5f
7	5907.w4lift-ecfe2ba8e511.txt	5907.w4lift-65fb95f576e7.txt	ab105a248a1e
7	5907.w4lift-ecfe2ba8e511.txt	5907.w4lift-684436c46755.txt	3f5aa66e7f8b
7	5907.w4lift-ecfe2ba8e511.txt	5907.w4lift-6d19c9f1455d.txt	969165258934
7	5907.w4lift-ecfe2ba8e511.txt	5907.w4lift-71600a834959.txt	260bf1dba9d6
7	5907.w4lift-ecfe2ba8e511.txt	5907.w4lift-863de61b836a.txt	e03995ff4434
7	5907.w4lift-ecfe2ba8e511.txt	5907.w4lift-86a03197440a.txt	ab88abce72ba
7	5907.w4lift-ecfe2ba8e511.txt	5907.w4lift-8824a6971c2e.txt	7c2769543fc5
7	5907.w4lift-ecfe2ba8e511.txt	5907.w4lift-a6df35bc4b74.txt	687cb1131075
7	5907.w4lift-ecfe2ba8e511.txt	5907.w4lift-a7bbb73953d8.txt	4f671bc3d3f3
7	5907.w4lift-ecfe2ba8e511.txt	5907.w4lift-ab80c9a45344.txt	ab11977fcf47
7	5907.w4lift-ecfe2ba8e511.txt	5907.w4lift-ae466549a0d9.txt	e43c9981a5c7
7	5907.w4lift-ecfe2ba8e511.txt	5907.w4lift-ae6af3254cbe.txt	a9587b440eca
7	5907.w4lift-ecfe2ba8e511.txt	5907.w4lift-b18d3ecda2e7.txt	c442200796dc
7	5907.w4lift-ecfe2ba8e511.txt	5907.w4lift-b2702baa553d.txt	c570f33b6777
7	5907.w4lift-ecfe2ba8e511.txt	5907.w4lift-bd154fbbf435.txt	48c30fab9556
7	5907.w4lift-ecfe2ba8e511.txt	5907.w4lift-bfbef8785aff.txt	c2220252475b
7	5907.w4lift-ecfe2ba8e511.txt	5907.w4lift-c5ee76734b4d.txt	c570f33b6777
7	5907.w4lift-ecfe2ba8e511.txt	5907.w4lift-c7b7714127d9.txt	4bf7e3748717
7	5907.w4lift-ecfe2ba8e511.txt	5907.w4lift-c8c5110de4f9.txt	1ba1dace333f
7	5907.w4lift-ecfe2ba8e511.txt	5907.w4lift-ca71ed8496bd.txt	ab88abce72ba
7	5907.w4lift-ecfe2ba8e511.txt	5907.w4lift-d155534ea2d4.txt	9ffeb4ce9bae
7	5907.w4lift-ecfe2ba8e511.txt	5907.w4lift-d946605e111b.txt	51225a9bb93e
7	5907.w4lift-ecfe2ba8e511.txt	5907.w4lift-dcd0ec0a1fc5.txt	c32545fa8a66
7	5907.w4lift-ecfe2ba8e511.txt	5907.w4lift-df0078a194a0.txt	1ba1dace333f
7	5907.w4lift-ecfe2ba8e511.txt	5907.w4lift-e45b90b0a767.txt	306d4d2a2ee6
7	5907.w4lift-ecfe2ba8e511.txt	5907.w4lift-e768827496d4.txt	9ed61ed63d31
7	5907.w4lift-ecfe2ba8e511.txt	5907.w4lift-e96c05b05fe9.txt	ab88abce72ba
7	5907.w4lift-ecfe2ba8e511.txt	5907.w4lift-ebfb75328150.txt	260bf1dba9d6
7	5907.w4lift-ecfe2ba8e511.txt	5907.w4lift-ec915ed4bfb3.txt	7c9659982f8f
7	5907.w4lift-ecfe2ba8e511.txt	5907.w4lift-f18f663f4c81.txt	2700c8747c7b
7	5907.w4lift-ecfe2ba8e511.txt	5907.w4lift-f859791b1e8e.txt	a805ea3de51d
7	5907.w4lift-ecfe2ba8e511.txt	5907.w4lift-f9f8e9513c54.txt	151c9d94814a
7	5907.w4lift-ecfe2ba8e511.txt	5907.w4lift-f9f8e9513c54.txt	3f4b1bcb6fa8
7	5907.w4lift-ecfe2ba8e511.txt	5907.w4lift-faafae8fcdaa.txt	5e3e40b58466
7	5907.w4lift-ecfe2ba8e511.txt	5907.w4lift-fc301bd873cb.txt	51225a9bb93e
7	5907.w4lift-ef0f8852bf9b.txt	5907.w4lift-04c898c73c62.txt	833239f93d60
7	5907.w4lift-ef0f8852bf9b.txt	5907.w4lift-169e64bca870.txt	5aceefba3b64
7	5907.w4lift-ef0f8852bf9b.txt	5907.w4lift-1ba050a47f0b.txt	cb67e923a6ca
7	5907.w4lift-ef0f8852bf9b.txt	5907.w4lift-231c44b74cdf.txt	ab88abce72ba
7	5907.w4lift-ef0f8852bf9b.txt	5907.w4lift-2914e81572fa.txt	d4ec6aadbefe
7	5907.w4lift-ef0f8852bf9b.txt	5907.w4lift-2f67f2643eeb.txt	ab88abce72ba
7	5907.w4lift-ef0f8852bf9b.txt	5907.w4lift-43a95823c4dc.txt	cb67e923a6ca
7	5907.w4lift-ef0f8852bf9b.txt	5907.w4lift-4ab0903ef5f4.txt	10d61a16c4f8
7	5907.w4lift-ef0f8852bf9b.txt	5907.w4lift-546a47a518b6.txt	ab88abce72ba
7	5907.w4lift-ef0f8852bf9b.txt	5907.w4lift-580a6b2415c2.txt	f66db8d87212
7	5907.w4lift-ef0f8852bf9b.txt	5907.w4lift-676d0f91dd66.txt	ab88abce72ba
7	5907.w4lift-ef0f8852bf9b.txt	5907.w4lift-88a61c377b0a.txt	d4ec6aadbefe
7	5907.w4lift-ef0f8852bf9b.txt	5907.w4lift-9b264f72a9b4.txt	7b5542740cec
7	5907.w4lift-ef0f8852bf9b.txt	5907.w4lift-b66c35732a00.txt	ab88abce72ba
7	5907.w4lift-ef0f8852bf9b.txt	5907.w4lift-b91f5e2f34a2.txt	833239f93d60
7	5907.w4lift-ef0f8852bf9b.txt	5907.w4lift-c8c5110de4f9.txt	ba9ea1eefc0d
7	5907.w4lift-ef0f8852bf9b.txt	5907.w4lift-cb7d99c78307.txt	396fe6d979c3
7	5907.w4lift-ef0f8852bf9b.txt	5907.w4lift-da24731c22eb.txt	62a74ce65faa
7	5907.w4lift-ef0f8852bf9b.txt	5907.w4lift-da24731c22eb.txt	b13177991e02
7	5907.w4lift-ef0f8852bf9b.txt	5907.w4lift-dbf70f871210.txt	62a74ce65faa
7	5907.w4lift-ef0f8852bf9b.txt	5907.w4lift-dbf70f871210.txt	b13177991e02
7	5907.w4lift-ef0f8852bf9b.txt	5907.w4lift-dd24a1fe19b2.txt	0d491f159886
7	5907.w4lift-ef0f8852bf9b.txt	5907.w4lift-dd250dd876cd.txt	ba9ea1eefc0d
7	5907.w4lift-ef0f8852bf9b.txt	5907.w4lift-e44f3ccf8ed4.txt	7b5542740cec
7	5907.w4lift-ef0f8852bf9b.txt	5907.w4lift-ec915ed4bfb3.txt	5aceefba3b64
7	5907.w4lift-ef0f8852bf9b.txt	5907.w4lift-f6b8b0e6314c.txt	10d61a16c4f8
7	5907.w4lift-ef0f8852bf9b.txt	5907.w4lift-f75829b56545.txt	ab88abce72ba
7	5907.w4lift-ef0f8852bf9b.txt	5907.w4lift-fb688ec5c017.txt	396fe6d979c3
7	5907.w4lift-ef0f8852bf9b.txt	5907.w4lift-fe39239f7468.txt	f66db8d87212
7	5907.w4lift-efa61e10819d.txt	5907.w4lift-1e3f6547b575.txt	a805ea3de51d
7	5907.w4lift-efa61e10819d.txt	5907.w4lift-3f3f0065293f.txt	ab88abce72ba
7	5907.w4lift-efa61e10819d.txt	5907.w4lift-703a2a85174b.txt	ab88abce72ba
7	5907.w4lift-efa61e10819d.txt	5907.w4lift-c1564326c5ca.txt	ab88abce72ba
7	5907.w4lift-efa61e10819d.txt	5907.w4lift-fef6456b68c4.txt	d6c04566fc39
7	5907.w4lift-f18f663f4c81.txt	5907.w4lift-06b66ef7470f.txt	72397e2f680a
7	5907.w4lift-f18f663f4c81.txt	5907.w4lift-097d01eaddb9.txt	2e62188e3c8b
7	5907.w4lift-f18f663f4c81.txt	5907.w4lift-097d01eaddb9.txt	48f9270682d9
7	5907.w4lift-f18f663f4c81.txt	5907.w4lift-0dff9daccaa8.txt	83f2a26fb1ab
7	5907.w4lift-f18f663f4c81.txt	5907.w4lift-1ba050a47f0b.txt	ab88abce72ba
7	5907.w4lift-f18f663f4c81.txt	5907.w4lift-1da61b5817e6.txt	e616c3f821ef
7	5907.w4lift-f18f663f4c81.txt	5907.w4lift-204625f89751.txt	ab88abce72ba
7	5907.w4lift-f18f663f4c81.txt	5907.w4lift-2344c04ea5dd.txt	3c4631c5867a
7	5907.w4lift-f18f663f4c81.txt	5907.w4lift-2914e81572fa.txt	032dbf0d777a
7	5907.w4lift-f18f663f4c81.txt	5907.w4lift-3359ccc27832.txt	ab88abce72ba
7	5907.w4lift-f18f663f4c81.txt	5907.w4lift-3580a08a5c73.txt	ab88abce72ba
7	5907.w4lift-f18f663f4c81.txt	5907.w4lift-3ce63a53cf1a.txt	1a06d1157530
7	5907.w4lift-f18f663f4c81.txt	5907.w4lift-4614701d0920.txt	3ec33775c7bd
7	5907.w4lift-f18f663f4c81.txt	5907.w4lift-4ab0903ef5f4.txt	83f2a26fb1ab
7	5907.w4lift-f18f663f4c81.txt	5907.w4lift-53542138d1b5.txt	1fdef8fb9a0a
7	5907.w4lift-f18f663f4c81.txt	5907.w4lift-540198536578.txt	1fbf82fb2187
7	5907.w4lift-f18f663f4c81.txt	5907.w4lift-546a47a518b6.txt	74d91872eeb5
7	5907.w4lift-f18f663f4c81.txt	5907.w4lift-55201236e530.txt	ab88abce72ba
7	5907.w4lift-f18f663f4c81.txt	5907.w4lift-5f95afa2454b.txt	19e1c21182bd
7	5907.w4lift-f18f663f4c81.txt	5907.w4lift-644e04797cd3.txt	0d491f159886
7	5907.w4lift-f18f663f4c81.txt	5907.w4lift-65fb95f576e7.txt	27becabec391
7	5907.w4lift-f18f663f4c81.txt	5907.w4lift-684436c46755.txt	dbb15d86868a
7	5907.w4lift-f18f663f4c81.txt	5907.w4lift-69ed3f34a123.txt	8373a022eef2
7	5907.w4lift-f18f663f4c81.txt	5907.w4lift-6ec79809fccc.txt	5aceefba3b64
7	5907.w4lift-f18f663f4c81.txt	5907.w4lift-863de61b836a.txt	833239f93d60
7	5907.w4lift-f18f663f4c81.txt	5907.w4lift-86a03197440a.txt	203b9da4a4f9
7	5907.w4lift-f18f663f4c81.txt	5907.w4lift-8824a6971c2e.txt	9c3648cce8b5
7	5907.w4lift-f18f663f4c81.txt	5907.w4lift-97d2d8784e2f.txt	95db9bfc7309
7	5907.w4lift-f18f663f4c81.txt	5907.w4lift-9b264f72a9b4.txt	f2e392111776
7	5907.w4lift-f18f663f4c81.txt	5907.w4lift-a7bbb73953d8.txt	435e181a3f3c
7	5907.w4lift-f18f663f4c81.txt	5907.w4lift-a82143024d2d.txt	f66db8d87212
7	5907.w4lift-f18f663f4c81.txt	5907.w4lift-ab80c9a45344.txt	7dfddb482d3c
7	5907.w4lift-f18f663f4c81.txt	5907.w4lift-ae466549a0d9.txt	b4dfc6692083
7	5907.w4lift-f18f663f4c81.txt	5907.w4lift-af7c897a8903.txt	cf88f66916d6
7	5907.w4lift-f18f663f4c81.txt	5907.w4lift-b2702baa553d.txt	0639dfc60058
7	5907.w4lift-f18f663f4c81.txt	5907.w4lift-bd154fbbf435.txt	6a51a52b89c4
7	5907.w4lift-f18f663f4c81.txt	5907.w4lift-bfbef8785aff.txt	a8af7d1d0d1f
7	5907.w4lift-f18f663f4c81.txt	5907.w4lift-c5ee76734b4d.txt	defc0816dfd5
7	5907.w4lift-f18f663f4c81.txt	5907.w4lift-c7b7714127d9.txt	4428d2ecf001
7	5907.w4lift-f18f663f4c81.txt	5907.w4lift-c8c5110de4f9.txt	8373a022eef2
7	5907.w4lift-f18f663f4c81.txt	5907.w4lift-ca71ed8496bd.txt	d4cb09a1314f
7	5907.w4lift-f18f663f4c81.txt	5907.w4lift-d155534ea2d4.txt	f491e3e4a3c1
7	5907.w4lift-f18f663f4c81.txt	5907.w4lift-db45ebdeed40.txt	162b937cfcd8
7	5907.w4lift-f18f663f4c81.txt	5907.w4lift-dbf70f871210.txt	44bac1587ba9
7	5907.w4lift-f18f663f4c81.txt	5907.w4lift-e0fb9d13de61.txt	ab88abce72ba
7	5907.w4lift-f18f663f4c81.txt	5907.w4lift-e45b90b0a767.txt	01ebc19824fc
7	5907.w4lift-f18f663f4c81.txt	5907.w4lift-e96c05b05fe9.txt	c14f5e5dd539
7	5907.w4lift-f18f663f4c81.txt	5907.w4lift-ebfb75328150.txt	885fe227bff6
7	5907.w4lift-f18f663f4c81.txt	5907.w4lift-ecfe2ba8e511.txt	0e43e84ca1d0
7	5907.w4lift-f18f663f4c81.txt	5907.w4lift-f9f8e9513c54.txt	1e48e92e2bca
7	5907.w4lift-f18f663f4c81.txt	5907.w4lift-fb688ec5c017.txt	cf88f66916d6
7	5907.w4lift-f18f663f4c81.txt	5907.w4lift-fc301bd873cb.txt	3123e32f64ba
7	5907.w4lift-f2708ef02d1a.txt	5907.w4lift-16dd1019b651.txt	ff37ff3f6ef2
7	5907.w4lift-f2708ef02d1a.txt	5907.w4lift-1e59b13c7cc0.txt	96704a0eb24e
7	5907.w4lift-f2708ef02d1a.txt	5907.w4lift-204625f89751.txt	14a420b3a5b2
7	5907.w4lift-f2708ef02d1a.txt	5907.w4lift-352479dbf208.txt	f489418a0205
7	5907.w4lift-f2708ef02d1a.txt	5907.w4lift-3580a08a5c73.txt	56f642d92240
7	5907.w4lift-f2708ef02d1a.txt	5907.w4lift-3ce63a53cf1a.txt	5581e578134b
7	5907.w4lift-f2708ef02d1a.txt	5907.w4lift-3ce63a53cf1a.txt	d0a01a1ac47d
7	5907.w4lift-f2708ef02d1a.txt	5907.w4lift-4034f85f00ec.txt	d07ef10057cc
7	5907.w4lift-f2708ef02d1a.txt	5907.w4lift-43a95823c4dc.txt	dbdbbc7a0086
7	5907.w4lift-f2708ef02d1a.txt	5907.w4lift-4ab0903ef5f4.txt	7a76f11797d8
7	5907.w4lift-f2708ef02d1a.txt	5907.w4lift-4d47295ca519.txt	ab88abce72ba
7	5907.w4lift-f2708ef02d1a.txt	5907.w4lift-508210674d85.txt	71fce178fd55
7	5907.w4lift-f2708ef02d1a.txt	5907.w4lift-53542138d1b5.txt	96c7e62b0db1
7	5907.w4lift-f2708ef02d1a.txt	5907.w4lift-540198536578.txt	b85e26cbabc5
7	5907.w4lift-f2708ef02d1a.txt	5907.w4lift-644e04797cd3.txt	045ff6b79066
7	5907.w4lift-f2708ef02d1a.txt	5907.w4lift-65fb95f576e7.txt	b1be0f46d82c
7	5907.w4lift-f2708ef02d1a.txt	5907.w4lift-684436c46755.txt	8821c9761a3f
7	5907.w4lift-f2708ef02d1a.txt	5907.w4lift-6e6b2c468f32.txt	f550b887608a
7	5907.w4lift-f2708ef02d1a.txt	5907.w4lift-6ec79809fccc.txt	eb8331df9ee8
7	5907.w4lift-f2708ef02d1a.txt	5907.w4lift-71600a834959.txt	ab88abce72ba
7	5907.w4lift-f2708ef02d1a.txt	5907.w4lift-76a1eae91ca0.txt	7da937df9f1b
7	5907.w4lift-f2708ef02d1a.txt	5907.w4lift-7714757d2e9e.txt	55ebb8b168a5
7	5907.w4lift-f2708ef02d1a.txt	5907.w4lift-7cd2edab64dc.txt	0df6c6a90182
7	5907.w4lift-f2708ef02d1a.txt	5907.w4lift-82caf1ba27e5.txt	d5d134bba086
7	5907.w4lift-f2708ef02d1a.txt	5907.w4lift-846d5062c405.txt	8373a022eef2
7	5907.w4lift-f2708ef02d1a.txt	5907.w4lift-8966629ce152.txt	1440a8e1a807
7	5907.w4lift-f2708ef02d1a.txt	5907.w4lift-89b3167f9583.txt	66c7854e6888
7	5907.w4lift-f2708ef02d1a.txt	5907.w4lift-8e5ca0ef018c.txt	71fce178fd55
7	5907.w4lift-f2708ef02d1a.txt	5907.w4lift-90338d0577bd.txt	211974864876
7	5907.w4lift-f2708ef02d1a.txt	5907.w4lift-97d2d8784e2f.txt	77f471f848b0
7	5907.w4lift-f2708ef02d1a.txt	5907.w4lift-a7bbb73953d8.txt	b71368c91055
7	5907.w4lift-f2708ef02d1a.txt	5907.w4lift-a82143024d2d.txt	fa9996b118a5
7	5907.w4lift-f2708ef02d1a.txt	5907.w4lift-ae6af3254cbe.txt	49c5410504fe
7	5907.w4lift-f2708ef02d1a.txt	5907.w4lift-b2702baa553d.txt	f2cd8c1f4d2e
7	5907.w4lift-f2708ef02d1a.txt	5907.w4lift-b4e57551e32a.txt	cf88f66916d6
7	5907.w4lift-f2708ef02d1a.txt	5907.w4lift-bca46e18f77b.txt	49c5410504fe
7	5907.w4lift-f2708ef02d1a.txt	5907.w4lift-bfbef8785aff.txt	ac9b3dbee6ab
7	5907.w4lift-f2708ef02d1a.txt	5907.w4lift-c7b7714127d9.txt	fd3d2036ee73
7	5907.w4lift-f2708ef02d1a.txt	5907.w4lift-ca71ed8496bd.txt	89adfdaeb650
7	5907.w4lift-f2708ef02d1a.txt	5907.w4lift-cba9917bd593.txt	2c806c1bf6e3
7	5907.w4lift-f2708ef02d1a.txt	5907.w4lift-d09cda89e063.txt	ff97c0cddd5f
7	5907.w4lift-f2708ef02d1a.txt	5907.w4lift-d213b0754523.txt	14a420b3a5b2
7	5907.w4lift-f2708ef02d1a.txt	5907.w4lift-d742e5e60c6f.txt	ab88abce72ba
7	5907.w4lift-f2708ef02d1a.txt	5907.w4lift-d946605e111b.txt	2257058c3d2d
7	5907.w4lift-f2708ef02d1a.txt	5907.w4lift-db45ebdeed40.txt	ab88abce72ba
7	5907.w4lift-f2708ef02d1a.txt	5907.w4lift-dd250dd876cd.txt	a780c2d233f8
7	5907.w4lift-f2708ef02d1a.txt	5907.w4lift-dff914259b29.txt	4d9a21b2c945
7	5907.w4lift-f2708ef02d1a.txt	5907.w4lift-e0368a011e8c.txt	c22bfb6473cb
7	5907.w4lift-f2708ef02d1a.txt	5907.w4lift-e2841ecca038.txt	f2cd8c1f4d2e
7	5907.w4lift-f2708ef02d1a.txt	5907.w4lift-e7ee0cc9c017.txt	ab88abce72ba
7	5907.w4lift-f2708ef02d1a.txt	5907.w4lift-eb9a0d99f5fb.txt	ab88abce72ba
7	5907.w4lift-f2708ef02d1a.txt	5907.w4lift-ebfb75328150.txt	2dcd6251565a
7	5907.w4lift-f2708ef02d1a.txt	5907.w4lift-fb688ec5c017.txt	a780c2d233f8
7	5907.w4lift-f2708ef02d1a.txt	5907.w4lift-fc5c70dfb561.txt	a1764f88e216
7	5907.w4lift-f2708ef02d1a.txt	5907.w4lift-fc7d7045a431.txt	2257058c3d2d
7	5907.w4lift-f2708ef02d1a.txt	5907.w4lift-fd06a0493fef.txt	429db3717944
7	5907.w4lift-f2708ef02d1a.txt	5907.w4lift-fd06a0493fef.txt	b081b754d26e
7	5907.w4lift-f579467e871c.txt	5907.w4lift-0e8d65c99b5b.txt	68b839f8740c
7	5907.w4lift-f579467e871c.txt	5907.w4lift-4ba002a69c4f.txt	ab88abce72ba
7	5907.w4lift-f579467e871c.txt	5907.w4lift-66b2c7d03250.txt	51c13efc7a14
7	5907.w4lift-f579467e871c.txt	5907.w4lift-798d73c7da27.txt	9a1f3be55831
7	5907.w4lift-f579467e871c.txt	5907.w4lift-798d73c7da27.txt	af1df8c730b3
7	5907.w4lift-f579467e871c.txt	5907.w4lift-8ce70b7ef3d2.txt	28343f6d7386
7	5907.w4lift-f579467e871c.txt	5907.w4lift-a8df79730981.txt	ab88abce72ba
7	5907.w4lift-f579467e871c.txt	5907.w4lift-a95d4a041543.txt	4ecba60aa35e
7	5907.w4lift-f6b8b0e6314c.txt	5907.w4lift-04c898c73c62.txt	8821c9761a3f
7	5907.w4lift-f6b8b0e6314c.txt	5907.w4lift-16dd1019b651.txt	e1065cfc01db
7	5907.w4lift-f6b8b0e6314c.txt	5907.w4lift-1e59b13c7cc0.txt	36706f4e334b
7	5907.w4lift-f6b8b0e6314c.txt	5907.w4lift-231c44b74cdf.txt	45e1abda4c12
7	5907.w4lift-f6b8b0e6314c.txt	5907.w4lift-2914e81572fa.txt	833239f93d60
7	5907.w4lift-f6b8b0e6314c.txt	5907.w4lift-2f67f2643eeb.txt	c8cd712ae7b0
7	5907.w4lift-f6b8b0e6314c.txt	5907.w4lift-352479dbf208.txt	c9d65fee4f73
7	5907.w4lift-f6b8b0e6314c.txt	5907.w4lift-3580a08a5c73.txt	3feefa303e8d
7	5907.w4lift-f6b8b0e6314c.txt	5907.w4lift-37386755df59.txt	959edf9574a8
7	5907.w4lift-f6b8b0e6314c.txt	5907.w4lift-3ce63a53cf1a.txt	2b5c256071ab
7	5907.w4lift-f6b8b0e6314c.txt	5907.w4lift-40dae53e6185.txt	5ff76078c599
7	5907.w4lift-f6b8b0e6314c.txt	5907.w4lift-430092f5780f.txt	ab88abce72ba
7	5907.w4lift-f6b8b0e6314c.txt	5907.w4lift-43a95823c4dc.txt	3a3b52457923
7	5907.w4lift-f6b8b0e6314c.txt	5907.w4lift-4a5b17090e74.txt	1953b28ffc27
7	5907.w4lift-f6b8b0e6314c.txt	5907.w4lift-546a47a518b6.txt	573ebb4e5913
7	5907.w4lift-f6b8b0e6314c.txt	5907.w4lift-676d0f91dd66.txt	29acfe26c3eb
7	5907.w4lift-f6b8b0e6314c.txt	5907.w4lift-6e905a492084.txt	a8af7d1d0d1f
7	5907.w4lift-f6b8b0e6314c.txt	5907.w4lift-6ec79809fccc.txt	ecad0e65a5d2
7	5907.w4lift-f6b8b0e6314c.txt	5907.w4lift-7cd2edab64dc.txt	2dd7827e5108
7	5907.w4lift-f6b8b0e6314c.txt	5907.w4lift-80c95286cd7c.txt	27becabec391
7	5907.w4lift-f6b8b0e6314c.txt	5907.w4lift-82caf1ba27e5.txt	c2def9f0e515
7	5907.w4lift-f6b8b0e6314c.txt	5907.w4lift-863de61b836a.txt	d1acfe46465f
7	5907.w4lift-f6b8b0e6314c.txt	5907.w4lift-912bd909d2b6.txt	bb0325078ded
7	5907.w4lift-f6b8b0e6314c.txt	5907.w4lift-9b264f72a9b4.txt	ab88abce72ba
7	5907.w4lift-f6b8b0e6314c.txt	5907.w4lift-a82143024d2d.txt	cb67e923a6ca
7	5907.w4lift-f6b8b0e6314c.txt	5907.w4lift-a8d3c9324eac.txt	e616c3f821ef
7	5907.w4lift-f6b8b0e6314c.txt	5907.w4lift-ab80c9a45344.txt	30361e285fae
7	5907.w4lift-f6b8b0e6314c.txt	5907.w4lift-ae466549a0d9.txt	a20827665556
7	5907.w4lift-f6b8b0e6314c.txt	5907.w4lift-b4e57551e32a.txt	162b937cfcd8
7	5907.w4lift-f6b8b0e6314c.txt	5907.w4lift-caeaa9e5ac42.txt	1fbf82fb2187
7	5907.w4lift-f6b8b0e6314c.txt	5907.w4lift-cb7d99c78307.txt	ab88abce72ba
7	5907.w4lift-f6b8b0e6314c.txt	5907.w4lift-d213b0754523.txt	746b5fef63fc
7	5907.w4lift-f6b8b0e6314c.txt	5907.w4lift-d742e5e60c6f.txt	99cf5c65dd47
7	5907.w4lift-f6b8b0e6314c.txt	5907.w4lift-dbf70f871210.txt	ada84d0153fa
7	5907.w4lift-f6b8b0e6314c.txt	5907.w4lift-dd24a1fe19b2.txt	74d91872eeb5
7	5907.w4lift-f6b8b0e6314c.txt	5907.w4lift-dd250dd876cd.txt	ab88abce72ba
7	5907.w4lift-f6b8b0e6314c.txt	5907.w4lift-dff914259b29.txt	82d464ef22d6
7	5907.w4lift-f6b8b0e6314c.txt	5907.w4lift-e04faca1c06c.txt	ab88abce72ba
7	5907.w4lift-f6b8b0e6314c.txt	5907.w4lift-e2841ecca038.txt	d24f63edf5b4
7	5907.w4lift-f6b8b0e6314c.txt	5907.w4lift-e45b90b0a767.txt	3d18e34840c5
7	5907.w4lift-f6b8b0e6314c.txt	5907.w4lift-ec915ed4bfb3.txt	429db3717944
7	5907.w4lift-f6b8b0e6314c.txt	5907.w4lift-ec915ed4bfb3.txt	b081b754d26e
7	5907.w4lift-f6b8b0e6314c.txt	5907.w4lift-ef0f8852bf9b.txt	b4fb337c2041
7	5907.w4lift-f6b8b0e6314c.txt	5907.w4lift-fe39239f7468.txt	ab88abce72ba
7	5907.w4lift-f7317cf14b6e.txt	5907.w4lift-0418cb9260ae.txt	a31aaa6bc575
7	5907.w4lift-f7317cf14b6e.txt	5907.w4lift-18d218e3614f.txt	a23d031fbcd3
7	5907.w4lift-f7317cf14b6e.txt	5907.w4lift-595e0c44ab33.txt	a23d031fbcd3
7	5907.w4lift-f7317cf14b6e.txt	5907.w4lift-71e2791cb656.txt	ab88abce72ba
7	5907.w4lift-f7317cf14b6e.txt	5907.w4lift-ab9e00d74c88.txt	105e326bc51e
7	5907.w4lift-f7317cf14b6e.txt	5907.w4lift-b98356445406.txt	ab88abce72ba
7	5907.w4lift-f75829b56545.txt	5907.w4lift-06b66ef7470f.txt	62a74ce65faa
7	5907.w4lift-f75829b56545.txt	5907.w4lift-06b66ef7470f.txt	b13177991e02
7	5907.w4lift-f75829b56545.txt	5907.w4lift-169e64bca870.txt	0639dfc60058
7	5907.w4lift-f75829b56545.txt	5907.w4lift-177bb009e3ce.txt	ab88abce72ba
7	5907.w4lift-f75829b56545.txt	5907.w4lift-1ba050a47f0b.txt	ab88abce72ba
7	5907.w4lift-f75829b56545.txt	5907.w4lift-1da61b5817e6.txt	d4ec6aadbefe
7	5907.w4lift-f75829b56545.txt	5907.w4lift-1e59b13c7cc0.txt	cb67e923a6ca
7	5907.w4lift-f75829b56545.txt	5907.w4lift-208b728dbc49.txt	833239f93d60
7	5907.w4lift-f75829b56545.txt	5907.w4lift-2344c04ea5dd.txt	7b5542740cec
7	5907.w4lift-f75829b56545.txt	5907.w4lift-2f67f2643eeb.txt	8373a022eef2
7	5907.w4lift-f75829b56545.txt	5907.w4lift-40dae53e6185.txt	396fe6d979c3
7	5907.w4lift-f75829b56545.txt	5907.w4lift-430092f5780f.txt	10d61a16c4f8
7	5907.w4lift-f75829b56545.txt	5907.w4lift-4ab0903ef5f4.txt	f66db8d87212
7	5907.w4lift-f75829b56545.txt	5907.w4lift-55201236e530.txt	ab88abce72ba
7	5907.w4lift-f75829b56545.txt	5907.w4lift-580a6b2415c2.txt	95db9bfc7309
7	5907.w4lift-f75829b56545.txt	5907.w4lift-676d0f91dd66.txt	cf88f66916d6
7	5907.w4lift-f75829b56545.txt	5907.w4lift-88a61c377b0a.txt	ab88abce72ba
7	5907.w4lift-f75829b56545.txt	5907.w4lift-8a8b72923703.txt	f66db8d87212
7	5907.w4lift-f75829b56545.txt	5907.w4lift-b66c35732a00.txt	2e62188e3c8b
7	5907.w4lift-f75829b56545.txt	5907.w4lift-b66c35732a00.txt	48f9270682d9
7	5907.w4lift-f75829b56545.txt	5907.w4lift-b91f5e2f34a2.txt	defc0816dfd5
7	5907.w4lift-f75829b56545.txt	5907.w4lift-c8c5110de4f9.txt	5aceefba3b64
7	5907.w4lift-f75829b56545.txt	5907.w4lift-d213b0754523.txt	ba9ea1eefc0d
7	5907.w4lift-f75829b56545.txt	5907.w4lift-da24731c22eb.txt	ab88abce72ba
7	5907.w4lift-f75829b56545.txt	5907.w4lift-dd24a1fe19b2.txt	83f2a26fb1ab
7	5907.w4lift-f75829b56545.txt	5907.w4lift-df0078a194a0.txt	5aceefba3b64
7	5907.w4lift-f75829b56545.txt	5907.w4lift-e44f3ccf8ed4.txt	0d491f159886
7	5907.w4lift-f75829b56545.txt	5907.w4lift-ef0f8852bf9b.txt	ab88abce72ba
7	5907.w4lift-f75829b56545.txt	5907.w4lift-fb688ec5c017.txt	833239f93d60
7	5907.w4lift-f859791b1e8e.txt	5907.w4lift-0531d212f9bb.txt	4c6e579a7560
7	5907.w4lift-f859791b1e8e.txt	5907.w4lift-0531d212f9bb.txt	72d376c5571d
7	5907.w4lift-f859791b1e8e.txt	5907.w4lift-0709deed1cd4.txt	ab88abce72ba
7	5907.w4lift-f859791b1e8e.txt	5907.w4lift-08210f1c16a0.txt	0fa419c2f08b
7	5907.w4lift-f859791b1e8e.txt	5907.w4lift-097d01eaddb9.txt	07d6e2e26dfe
7	5907.w4lift-f859791b1e8e.txt	5907.w4lift-169e64bca870.txt	760f0d23e496
7	5907.w4lift-f859791b1e8e.txt	5907.w4lift-16dd1019b651.txt	1dc8fef1698c
7	5907.w4lift-f859791b1e8e.txt	5907.w4lift-177bb009e3ce.txt	2646e152c820
7	5907.w4lift-f859791b1e8e.txt	5907.w4lift-1c7e3360c98f.txt	ddf5bfe474bf
7	5907.w4lift-f859791b1e8e.txt	5907.w4lift-231c44b74cdf.txt	94e83c3c75fb
7	5907.w4lift-f859791b1e8e.txt	5907.w4lift-352479dbf208.txt	e43c9981a5c7
7	5907.w4lift-f859791b1e8e.txt	5907.w4lift-37386755df59.txt	ab11977fcf47
7	5907.w4lift-f859791b1e8e.txt	5907.w4lift-386272df4871.txt	a9587b440eca
7	5907.w4lift-f859791b1e8e.txt	5907.w4lift-3d4579051d3f.txt	8e620393073b
7	5907.w4lift-f859791b1e8e.txt	5907.w4lift-4034f85f00ec.txt	ab88abce72ba
7	5907.w4lift-f859791b1e8e.txt	5907.w4lift-45a4ff8466a7.txt	bbf1b4974173
7	5907.w4lift-f859791b1e8e.txt	5907.w4lift-45a4ff8466a7.txt	dd454bcc3c5a
7	5907.w4lift-f859791b1e8e.txt	5907.w4lift-4a5b17090e74.txt	240d550552a3
7	5907.w4lift-f859791b1e8e.txt	5907.w4lift-508210674d85.txt	b2c5eb761e41
7	5907.w4lift-f859791b1e8e.txt	5907.w4lift-58984281bc50.txt	151c9d94814a
7	5907.w4lift-f859791b1e8e.txt	5907.w4lift-58984281bc50.txt	3f4b1bcb6fa8
7	5907.w4lift-f859791b1e8e.txt	5907.w4lift-5ffba5cc4529.txt	9ffeb4ce9bae
7	5907.w4lift-f859791b1e8e.txt	5907.w4lift-684436c46755.txt	c7858d81e8da
7	5907.w4lift-f859791b1e8e.txt	5907.w4lift-6d19c9f1455d.txt	ab88abce72ba
7	5907.w4lift-f859791b1e8e.txt	5907.w4lift-71600a834959.txt	306d4d2a2ee6
7	5907.w4lift-f859791b1e8e.txt	5907.w4lift-76a1eae91ca0.txt	c2220252475b
7	5907.w4lift-f859791b1e8e.txt	5907.w4lift-7714757d2e9e.txt	4f671bc3d3f3
7	5907.w4lift-f859791b1e8e.txt	5907.w4lift-86a03197440a.txt	be6b4f4e69cf
7	5907.w4lift-f859791b1e8e.txt	5907.w4lift-8824a6971c2e.txt	f4276d62e543
7	5907.w4lift-f859791b1e8e.txt	5907.w4lift-8966629ce152.txt	83d54a67702c
7	5907.w4lift-f859791b1e8e.txt	5907.w4lift-89b3167f9583.txt	bc6dd269b36a
7	5907.w4lift-f859791b1e8e.txt	5907.w4lift-912bd909d2b6.txt	c04133834105
7	5907.w4lift-f859791b1e8e.txt	5907.w4lift-9b4bc5700c90.txt	bd508e5023d8
7	5907.w4lift-f859791b1e8e.txt	5907.w4lift-a6df35bc4b74.txt	f4b9a13ff36c
7	5907.w4lift-f859791b1e8e.txt	5907.w4lift-a8d3c9324eac.txt	821e83c01b7c
7	5907.w4lift-f859791b1e8e.txt	5907.w4lift-ae6af3254cbe.txt	ab11977fcf47
7	5907.w4lift-f859791b1e8e.txt	5907.w4lift-af7c897a8903.txt	989d2fdca27a
7	5907.w4lift-f859791b1e8e.txt	5907.w4lift-b18d3ecda2e7.txt	98aeb647340c
7	5907.w4lift-f859791b1e8e.txt	5907.w4lift-b2702baa553d.txt	2f9f850b1759
7	5907.w4lift-f859791b1e8e.txt	5907.w4lift-b66c35732a00.txt	f609e3a8e480
7	5907.w4lift-f859791b1e8e.txt	5907.w4lift-b7a548d5f629.txt	709cf47fa2d3
7	5907.w4lift-f859791b1e8e.txt	5907.w4lift-b7a548d5f629.txt	8709489b69c1
7	5907.w4lift-f859791b1e8e.txt	5907.w4lift-bd154fbbf435.txt	642f48479b2a
7	5907.w4lift-f859791b1e8e.txt	5907.w4lift-d946605e111b.txt	bac45191348c
7	5907.w4lift-f859791b1e8e.txt	5907.w4lift-dcd0ec0a1fc5.txt	48c30fab9556
7	5907.w4lift-f859791b1e8e.txt	5907.w4lift-df0078a194a0.txt	f5cc9fff27f8
7	5907.w4lift-f859791b1e8e.txt	5907.w4lift-e0368a011e8c.txt	04494fa53cff
7	5907.w4lift-f859791b1e8e.txt	5907.w4lift-e0fa39144639.txt	9ffeb4ce9bae
7	5907.w4lift-f859791b1e8e.txt	5907.w4lift-e0fb9d13de61.txt	d8cb6eb7687c
7	5907.w4lift-f859791b1e8e.txt	5907.w4lift-e768827496d4.txt	51225a9bb93e
7	5907.w4lift-f859791b1e8e.txt	5907.w4lift-e96c05b05fe9.txt	ab88abce72ba
7	5907.w4lift-f859791b1e8e.txt	5907.w4lift-ec915ed4bfb3.txt	39fe21f51977
7	5907.w4lift-f859791b1e8e.txt	5907.w4lift-ecfe2ba8e511.txt	398028eae919
7	5907.w4lift-f859791b1e8e.txt	5907.w4lift-f9f8e9513c54.txt	c2220252475b
7	5907.w4lift-f859791b1e8e.txt	5907.w4lift-faafae8fcdaa.txt	3394d4cf4ce9
7	5907.w4lift-f859791b1e8e.txt	5907.w4lift-faafae8fcdaa.txt	b84e5852608b
7	5907.w4lift-f859791b1e8e.txt	5907.w4lift-fc5c70dfb561.txt	e1d1870a78cd
7	5907.w4lift-f859791b1e8e.txt	5907.w4lift-fd06a0493fef.txt	ab105a248a1e
7	5907.w4lift-f9f8e9513c54.txt	5907.w4lift-0531d212f9bb.txt	5cd553a8321b
7	5907.w4lift-f9f8e9513c54.txt	5907.w4lift-0709deed1cd4.txt	9ae93052f1a3
7	5907.w4lift-f9f8e9513c54.txt	5907.w4lift-097d01eaddb9.txt	90628da2dd0c
7	5907.w4lift-f9f8e9513c54.txt	5907.w4lift-097d01eaddb9.txt	a9604abeb264
7	5907.w4lift-f9f8e9513c54.txt	5907.w4lift-0fc17b401159.txt	83f2a26fb1ab
7	5907.w4lift-f9f8e9513c54.txt	5907.w4lift-177bb009e3ce.txt	61e671455635
7	5907.w4lift-f9f8e9513c54.txt	5907.w4lift-1ba050a47f0b.txt	0ad29fbab280
7	5907.w4lift-f9f8e9513c54.txt	5907.w4lift-1c7e3360c98f.txt	211974864876
7	5907.w4lift-f9f8e9513c54.txt	5907.w4lift-231c44b74cdf.txt	868b50be85a4
7	5907.w4lift-f9f8e9513c54.txt	5907.w4lift-3359ccc27832.txt	573b5918fcfd
7	5907.w4lift-f9f8e9513c54.txt	5907.w4lift-3580a08a5c73.txt	921653b5f057
7	5907.w4lift-f9f8e9513c54.txt	5907.w4lift-3ce63a53cf1a.txt	c6fe0326a117
7	5907.w4lift-f9f8e9513c54.txt	5907.w4lift-45a4ff8466a7.txt	7f04bb1041b3
7	5907.w4lift-f9f8e9513c54.txt	5907.w4lift-4614701d0920.txt	4c6e579a7560
7	5907.w4lift-f9f8e9513c54.txt	5907.w4lift-4614701d0920.txt	72d376c5571d
7	5907.w4lift-f9f8e9513c54.txt	5907.w4lift-508210674d85.txt	0df6c6a90182
7	5907.w4lift-f9f8e9513c54.txt	5907.w4lift-53542138d1b5.txt	c958df8ea4c3
7	5907.w4lift-f9f8e9513c54.txt	5907.w4lift-540198536578.txt	ab88abce72ba
7	5907.w4lift-f9f8e9513c54.txt	5907.w4lift-58984281bc50.txt	d6c04566fc39
7	5907.w4lift-f9f8e9513c54.txt	5907.w4lift-5f95afa2454b.txt	0485c22c758e
7	5907.w4lift-f9f8e9513c54.txt	5907.w4lift-5ffba5cc4529.txt	8373a022eef2
7	5907.w4lift-f9f8e9513c54.txt	5907.w4lift-65fb95f576e7.txt	e1d1870a78cd
7	5907.w4lift-f9f8e9513c54.txt	5907.w4lift-684436c46755.txt	ab88abce72ba
7	5907.w4lift-f9f8e9513c54.txt	5907.w4lift-6d19c9f1455d.txt	13a2ca857332
7	5907.w4lift-f9f8e9513c54.txt	5907.w4lift-71600a834959.txt	095bfb3dc800
7	5907.w4lift-f9f8e9513c54.txt	5907.w4lift-7cd2edab64dc.txt	7b5542740cec
7	5907.w4lift-f9f8e9513c54.txt	5907.w4lift-863de61b836a.txt	a9c76f6fbb61
7	5907.w4lift-f9f8e9513c54.txt	5907.w4lift-86a03197440a.txt	427e8cc7a808
7	5907.w4lift-f9f8e9513c54.txt	5907.w4lift-86a03197440a.txt	f5542aa46bd8
7	5907.w4lift-f9f8e9513c54.txt	5907.w4lift-8824a6971c2e.txt	67eacd157bbc
7	5907.w4lift-f9f8e9513c54.txt	5907.w4lift-8824a6971c2e.txt	90d033b7ddbf
7	5907.w4lift-f9f8e9513c54.txt	5907.w4lift-90338d0577bd.txt	0d491f159886
7	5907.w4lift-f9f8e9513c54.txt	5907.w4lift-a6df35bc4b74.txt	d0e1658792cb
7	5907.w4lift-f9f8e9513c54.txt	5907.w4lift-a7bbb73953d8.txt	f4d01cebfb11
7	5907.w4lift-f9f8e9513c54.txt	5907.w4lift-ab80c9a45344.txt	b98392e1d7a6
7	5907.w4lift-f9f8e9513c54.txt	5907.w4lift-ae466549a0d9.txt	39b993f37fda
7	5907.w4lift-f9f8e9513c54.txt	5907.w4lift-ae6af3254cbe.txt	ab88abce72ba
7	5907.w4lift-f9f8e9513c54.txt	5907.w4lift-b18d3ecda2e7.txt	3a42d71f01c6
7	5907.w4lift-f9f8e9513c54.txt	5907.w4lift-b2702baa553d.txt	c6701c2a9601
7	5907.w4lift-f9f8e9513c54.txt	5907.w4lift-b7a548d5f629.txt	d85cb56ed236
7	5907.w4lift-f9f8e9513c54.txt	5907.w4lift-bd154fbbf435.txt	ab88abce72ba
7	5907.w4lift-f9f8e9513c54.txt	5907.w4lift-bfbef8785aff.txt	83d54a67702c
7	5907.w4lift-f9f8e9513c54.txt	5907.w4lift-c5ee76734b4d.txt	39ea17aa2020
7	5907.w4lift-f9f8e9513c54.txt	5907.w4lift-c7b7714127d9.txt	d88a6cb7c03b
7	5907.w4lift-f9f8e9513c54.txt	5907.w4lift-c8c5110de4f9.txt	49d4d9e84135
7	5907.w4lift-f9f8e9513c54.txt	5907.w4lift-ca71ed8496bd.txt	15c816659d45
7	5907.w4lift-f9f8e9513c54.txt	5907.w4lift-d155534ea2d4.txt	4d9a21b2c945
7	5907.w4lift-f9f8e9513c54.txt	5907.w4lift-d946605e111b.txt	38fa2979bd03
7	5907.w4lift-f9f8e9513c54.txt	5907.w4lift-db45ebdeed40.txt	4f671bc3d3f3
7	5907.w4lift-f9f8e9513c54.txt	5907.w4lift-dcd0ec0a1fc5.txt	ab88abce72ba
7	5907.w4lift-f9f8e9513c54.txt	5907.w4lift-df0078a194a0.txt	c7e7cc660163
7	5907.w4lift-f9f8e9513c54.txt	5907.w4lift-e0fa39144639.txt	cf88f66916d6
7	5907.w4lift-f9f8e9513c54.txt	5907.w4lift-e45b90b0a767.txt	62a74ce65faa
7	5907.w4lift-f9f8e9513c54.txt	5907.w4lift-e45b90b0a767.txt	b13177991e02
7	5907.w4lift-f9f8e9513c54.txt	5907.w4lift-e768827496d4.txt	b2d27c6fb87b
7	5907.w4lift-f9f8e9513c54.txt	5907.w4lift-e96c05b05fe9.txt	803ec382c593
7	5907.w4lift-f9f8e9513c54.txt	5907.w4lift-eb9a0d99f5fb.txt	d4ec6aadbefe
7	5907.w4lift-f9f8e9513c54.txt	5907.w4lift-ebfb75328150.txt	b1be0f46d82c
7	5907.w4lift-f9f8e9513c54.txt	5907.w4lift-ec915ed4bfb3.txt	5f89beb942b2
7	5907.w4lift-f9f8e9513c54.txt	5907.w4lift-ecfe2ba8e511.txt	5166d6e62e75
7	5907.w4lift-f9f8e9513c54.txt	5907.w4lift-ecfe2ba8e511.txt	e3da64e6da9b
7	5907.w4lift-f9f8e9513c54.txt	5907.w4lift-f18f663f4c81.txt	e853ab8baae5
7	5907.w4lift-f9f8e9513c54.txt	5907.w4lift-f859791b1e8e.txt	4728d8e5f3d2
7	5907.w4lift-f9f8e9513c54.txt	5907.w4lift-faafae8fcdaa.txt	49c5410504fe
7	5907.w4lift-f9f8e9513c54.txt	5907.w4lift-fc301bd873cb.txt	ab88abce72ba
7	5907.w4lift-faafae8fcdaa.txt	5907.w4lift-0531d212f9bb.txt	67eacd157bbc
7	5907.w4lift-faafae8fcdaa.txt	5907.w4lift-0531d212f9bb.txt	90d033b7ddbf
7	5907.w4lift-faafae8fcdaa.txt	5907.w4lift-0709deed1cd4.txt	803ec382c593
7	5907.w4lift-faafae8fcdaa.txt	5907.w4lift-08210f1c16a0.txt	b1be0f46d82c
7	5907.w4lift-faafae8fcdaa.txt	5907.w4lift-097d01eaddb9.txt	dc2afaae0ced
7	5907.w4lift-faafae8fcdaa.txt	5907.w4lift-169e64bca870.txt	5e303fc5a688
7	5907.w4lift-faafae8fcdaa.txt	5907.w4lift-16dd1019b651.txt	dc2afaae0ced
7	5907.w4lift-faafae8fcdaa.txt	5907.w4lift-177bb009e3ce.txt	6e38383cfc72
7	5907.w4lift-faafae8fcdaa.txt	5907.w4lift-1c7e3360c98f.txt	ab88abce72ba
7	5907.w4lift-faafae8fcdaa.txt	5907.w4lift-231c44b74cdf.txt	02eb9e2292e4
7	5907.w4lift-faafae8fcdaa.txt	5907.w4lift-319dff1ab25a.txt	0d491f159886
7	5907.w4lift-faafae8fcdaa.txt	5907.w4lift-352479dbf208.txt	91270bf2a57d
7	5907.w4lift-faafae8fcdaa.txt	5907.w4lift-37386755df59.txt	223da8cfb8a5
7	5907.w4lift-faafae8fcdaa.txt	5907.w4lift-386272df4871.txt	d0fa1d8cc35d
7	5907.w4lift-faafae8fcdaa.txt	5907.w4lift-3d4579051d3f.txt	52066a3cc9fc
7	5907.w4lift-faafae8fcdaa.txt	5907.w4lift-4034f85f00ec.txt	ab99b7547904
7	5907.w4lift-faafae8fcdaa.txt	5907.w4lift-45a4ff8466a7.txt	ab88abce72ba
7	5907.w4lift-faafae8fcdaa.txt	5907.w4lift-4614701d0920.txt	f4276d62e543
7	5907.w4lift-faafae8fcdaa.txt	5907.w4lift-4a5b17090e74.txt	62a74ce65faa
7	5907.w4lift-faafae8fcdaa.txt	5907.w4lift-4a5b17090e74.txt	b13177991e02
7	5907.w4lift-faafae8fcdaa.txt	5907.w4lift-508210674d85.txt	62a74ce65faa
7	5907.w4lift-faafae8fcdaa.txt	5907.w4lift-508210674d85.txt	b13177991e02
7	5907.w4lift-faafae8fcdaa.txt	5907.w4lift-58984281bc50.txt	7c2769543fc5
7	5907.w4lift-faafae8fcdaa.txt	5907.w4lift-5ffba5cc4529.txt	b1be0f46d82c
7	5907.w4lift-faafae8fcdaa.txt	5907.w4lift-684436c46755.txt	4bf7e3748717
7	5907.w4lift-faafae8fcdaa.txt	5907.w4lift-6d19c9f1455d.txt	bb3307fb0884
7	5907.w4lift-faafae8fcdaa.txt	5907.w4lift-6e905a492084.txt	7b5542740cec
7	5907.w4lift-faafae8fcdaa.txt	5907.w4lift-71600a834959.txt	91270bf2a57d
7	5907.w4lift-faafae8fcdaa.txt	5907.w4lift-76a1eae91ca0.txt	f4276d62e543
7	5907.w4lift-faafae8fcdaa.txt	5907.w4lift-86a03197440a.txt	ab99b7547904
7	5907.w4lift-faafae8fcdaa.txt	5907.w4lift-8966629ce152.txt	c958df8ea4c3
7	5907.w4lift-faafae8fcdaa.txt	5907.w4lift-89b3167f9583.txt	4f671bc3d3f3
7	5907.w4lift-faafae8fcdaa.txt	5907.w4lift-8e5ca0ef018c.txt	d4ec6aadbefe
7	5907.w4lift-faafae8fcdaa.txt	5907.w4lift-912bd909d2b6.txt	c6fe0326a117
7	5907.w4lift-faafae8fcdaa.txt	5907.w4lift-9b4bc5700c90.txt	ab88abce72ba
7	5907.w4lift-faafae8fcdaa.txt	5907.w4lift-a6df35bc4b74.txt	52066a3cc9fc
7	5907.w4lift-faafae8fcdaa.txt	5907.w4lift-a8d3c9324eac.txt	cad1abae462c
7	5907.w4lift-faafae8fcdaa.txt	5907.w4lift-ae6af3254cbe.txt	c6fe0326a117
7	5907.w4lift-faafae8fcdaa.txt	5907.w4lift-af7c897a8903.txt	942711725057
7	5907.w4lift-faafae8fcdaa.txt	5907.w4lift-b18d3ecda2e7.txt	095bfb3dc800
7	5907.w4lift-faafae8fcdaa.txt	5907.w4lift-b2702baa553d.txt	cad1abae462c
7	5907.w4lift-faafae8fcdaa.txt	5907.w4lift-b66c35732a00.txt	02eb9e2292e4
7	5907.w4lift-faafae8fcdaa.txt	5907.w4lift-b7a548d5f629.txt	781dcd7d819f
7	5907.w4lift-faafae8fcdaa.txt	5907.w4lift-bd154fbbf435.txt	ab88abce72ba
7	5907.w4lift-faafae8fcdaa.txt	5907.w4lift-d09cda89e063.txt	7b5542740cec
7	5907.w4lift-faafae8fcdaa.txt	5907.w4lift-d155534ea2d4.txt	d4ec6aadbefe
7	5907.w4lift-faafae8fcdaa.txt	5907.w4lift-d946605e111b.txt	223da8cfb8a5
7	5907.w4lift-faafae8fcdaa.txt	5907.w4lift-dcd0ec0a1fc5.txt	ab88abce72ba
7	5907.w4lift-faafae8fcdaa.txt	5907.w4lift-df0078a194a0.txt	942711725057
7	5907.w4lift-faafae8fcdaa.txt	5907.w4lift-e0368a011e8c.txt	ab88abce72ba
7	5907.w4lift-faafae8fcdaa.txt	5907.w4lift-e0fa39144639.txt	095bfb3dc800
7	5907.w4lift-faafae8fcdaa.txt	5907.w4lift-e0fb9d13de61.txt	6e38383cfc72
7	5907.w4lift-faafae8fcdaa.txt	5907.w4lift-e768827496d4.txt	d0fa1d8cc35d
7	5907.w4lift-faafae8fcdaa.txt	5907.w4lift-e96c05b05fe9.txt	d88a6cb7c03b
7	5907.w4lift-faafae8fcdaa.txt	5907.w4lift-ec915ed4bfb3.txt	5e303fc5a688
7	5907.w4lift-faafae8fcdaa.txt	5907.w4lift-ecfe2ba8e511.txt	c958df8ea4c3
7	5907.w4lift-faafae8fcdaa.txt	5907.w4lift-f859791b1e8e.txt	67eacd157bbc
7	5907.w4lift-faafae8fcdaa.txt	5907.w4lift-f859791b1e8e.txt	90d033b7ddbf
7	5907.w4lift-faafae8fcdaa.txt	5907.w4lift-f9f8e9513c54.txt	4f671bc3d3f3
7	5907.w4lift-faafae8fcdaa.txt	5907.w4lift-fc5c70dfb561.txt	d88a6cb7c03b
7	5907.w4lift-faafae8fcdaa.txt	5907.w4lift-fd06a0493fef.txt	4bf7e3748717
7	5907.w4lift-fb688ec5c017.txt	5907.w4lift-097d01eaddb9.txt	d24f63edf5b4
7	5907.w4lift-fb688ec5c017.txt	5907.w4lift-169e64bca870.txt	f489418a0205
7	5907.w4lift-fb688ec5c017.txt	5907.w4lift-1ba050a47f0b.txt	ab88abce72ba
7	5907.w4lift-fb688ec5c017.txt	5907.w4lift-204625f89751.txt	ab88abce72ba
7	5907.w4lift-fb688ec5c017.txt	5907.w4lift-2f67f2643eeb.txt	74d91872eeb5
7	5907.w4lift-fb688ec5c017.txt	5907.w4lift-3359ccc27832.txt	156e559f9324
7	5907.w4lift-fb688ec5c017.txt	5907.w4lift-3580a08a5c73.txt	ecad0e65a5d2
7	5907.w4lift-fb688ec5c017.txt	5907.w4lift-4ab0903ef5f4.txt	ab88abce72ba
7	5907.w4lift-fb688ec5c017.txt	5907.w4lift-508210674d85.txt	a8af7d1d0d1f
7	5907.w4lift-fb688ec5c017.txt	5907.w4lift-580a6b2415c2.txt	cf88f66916d6
7	5907.w4lift-fb688ec5c017.txt	5907.w4lift-644e04797cd3.txt	62a74ce65faa
7	5907.w4lift-fb688ec5c017.txt	5907.w4lift-644e04797cd3.txt	b13177991e02
7	5907.w4lift-fb688ec5c017.txt	5907.w4lift-676d0f91dd66.txt	e2381e7cebff
7	5907.w4lift-fb688ec5c017.txt	5907.w4lift-6e6b2c468f32.txt	b4dfc6692083
7	5907.w4lift-fb688ec5c017.txt	5907.w4lift-6ec79809fccc.txt	cb67e923a6ca
7	5907.w4lift-fb688ec5c017.txt	5907.w4lift-71600a834959.txt	162b937cfcd8
7	5907.w4lift-fb688ec5c017.txt	5907.w4lift-7cd2edab64dc.txt	b90b8c0dcceb
7	5907.w4lift-fb688ec5c017.txt	5907.w4lift-82caf1ba27e5.txt	be1ffc91f1cd
7	5907.w4lift-fb688ec5c017.txt	5907.w4lift-846d5062c405.txt	1a06d1157530
7	5907.w4lift-fb688ec5c017.txt	5907.w4lift-863de61b836a.txt	90ec4efba5a6
7	5907.w4lift-fb688ec5c017.txt	5907.w4lift-88a61c377b0a.txt	8e3fa11cbde7
7	5907.w4lift-fb688ec5c017.txt	5907.w4lift-90338d0577bd.txt	01ebc19824fc
7	5907.w4lift-fb688ec5c017.txt	5907.w4lift-97d2d8784e2f.txt	833239f93d60
7	5907.w4lift-fb688ec5c017.txt	5907.w4lift-a82143024d2d.txt	396fe6d979c3
7	5907.w4lift-fb688ec5c017.txt	5907.w4lift-ae6af3254cbe.txt	1fbf82fb2187
7	5907.w4lift-fb688ec5c017.txt	5907.w4lift-b2702baa553d.txt	ab88abce72ba
7	5907.w4lift-fb688ec5c017.txt	5907.w4lift-b66c35732a00.txt	429db3717944
7	5907.w4lift-fb688ec5c017.txt	5907.w4lift-b66c35732a00.txt	b081b754d26e
7	5907.w4lift-fb688ec5c017.txt	5907.w4lift-b91f5e2f34a2.txt	ab88abce72ba
7	5907.w4lift-fb688ec5c017.txt	5907.w4lift-c5ee76734b4d.txt	e491b3145c5e
7	5907.w4lift-fb688ec5c017.txt	5907.w4lift-c8c5110de4f9.txt	5581e578134b
7	5907.w4lift-fb688ec5c017.txt	5907.w4lift-c8c5110de4f9.txt	d0a01a1ac47d
7	5907.w4lift-fb688ec5c017.txt	5907.w4lift-cba9917bd593.txt	c2def9f0e515
7	5907.w4lift-fb688ec5c017.txt	5907.w4lift-d09cda89e063.txt	7dfddb482d3c
7	5907.w4lift-fb688ec5c017.txt	5907.w4lift-d742e5e60c6f.txt	ead8943daa46
7	5907.w4lift-fb688ec5c017.txt	5907.w4lift-d946605e111b.txt	27becabec391
7	5907.w4lift-fb688ec5c017.txt	5907.w4lift-da24731c22eb.txt	ab88abce72ba
7	5907.w4lift-fb688ec5c017.txt	5907.w4lift-dd24a1fe19b2.txt	44bac1587ba9
7	5907.w4lift-fb688ec5c017.txt	5907.w4lift-dff914259b29.txt	27db135a20ba
7	5907.w4lift-fb688ec5c017.txt	5907.w4lift-e44f3ccf8ed4.txt	72397e2f680a
7	5907.w4lift-fb688ec5c017.txt	5907.w4lift-e7ee0cc9c017.txt	2dd7827e5108
7	5907.w4lift-fb688ec5c017.txt	5907.w4lift-eb9a0d99f5fb.txt	82d464ef22d6
7	5907.w4lift-fb688ec5c017.txt	5907.w4lift-ef0f8852bf9b.txt	c8cd712ae7b0
7	5907.w4lift-fb688ec5c017.txt	5907.w4lift-f18f663f4c81.txt	746b5fef63fc
7	5907.w4lift-fb688ec5c017.txt	5907.w4lift-f2708ef02d1a.txt	99cf5c65dd47
7	5907.w4lift-fb688ec5c017.txt	5907.w4lift-f75829b56545.txt	833239f93d60
7	5907.w4lift-fbabcbfdfb74.txt	5907.w4lift-12b9a795ea21.txt	a5214c898b1c
7	5907.w4lift-fbabcbfdfb74.txt	5907.w4lift-12b9a795ea21.txt	f3530a9a4032
7	5907.w4lift-fbabcbfdfb74.txt	5907.w4lift-24c25be13033.txt	28e415dd7f02
7	5907.w4lift-fbabcbfdfb74.txt	5907.w4lift-24c25be13033.txt	c26c151d9d54
7	5907.w4lift-fbabcbfdfb74.txt	5907.w4lift-29f9231d6ec6.txt	bb74acd56cf9
7	5907.w4lift-fbabcbfdfb74.txt	5907.w4lift-315604e8b5c3.txt	6d61e25e2762
7	5907.w4lift-fbabcbfdfb74.txt	5907.w4lift-46c29e5bc2a7.txt	de09595a70f4
7	5907.w4lift-fbabcbfdfb74.txt	5907.w4lift-5768a023152f.txt	ab88abce72ba
7	5907.w4lift-fbabcbfdfb74.txt	5907.w4lift-65205c870bb9.txt	ab88abce72ba
7	5907.w4lift-fbabcbfdfb74.txt	5907.w4lift-912d954b3cbb.txt	ab88abce72ba
7	5907.w4lift-fbabcbfdfb74.txt	5907.w4lift-9b8f53ec761e.txt	4c6e579a7560
7	5907.w4lift-fbabcbfdfb74.txt	5907.w4lift-9b8f53ec761e.txt	72d376c5571d
7	5907.w4lift-fbabcbfdfb74.txt	5907.w4lift-9dad34a0c58a.txt	427f0cd25687
7	5907.w4lift-fbabcbfdfb74.txt	5907.w4lift-e06bb85d02bc.txt	ab88abce72ba
7	5907.w4lift-fbabcbfdfb74.txt	5907.w4lift-e3a439aa39b6.txt	033afc57097e
7	5907.w4lift-fbabcbfdfb74.txt	5907.w4lift-e3a439aa39b6.txt	b4f13531d2e2
7	5907.w4lift-fc301bd873cb.txt	5907.w4lift-04c898c73c62.txt	868b50be85a4
7	5907.w4lift-fc301bd873cb.txt	5907.w4lift-08210f1c16a0.txt	7f04bb1041b3
7	5907.w4lift-fc301bd873cb.txt	5907.w4lift-097d01eaddb9.txt	eb52f3b0f67b
7	5907.w4lift-fc301bd873cb.txt	5907.w4lift-0fc17b401159.txt	8373a022eef2
7	5907.w4lift-fc301bd873cb.txt	5907.w4lift-1ba050a47f0b.txt	bfd1c873c831
7	5907.w4lift-fc301bd873cb.txt	5907.w4lift-208b728dbc49.txt	61e671455635
7	5907.w4lift-fc301bd873cb.txt	5907.w4lift-319dff1ab25a.txt	211974864876
7	5907.w4lift-fc301bd873cb.txt	5907.w4lift-3359ccc27832.txt	e853ab8baae5
7	5907.w4lift-fc301bd873cb.txt	5907.w4lift-3580a08a5c73.txt	5135b7adb396
7	5907.w4lift-fc301bd873cb.txt	5907.w4lift-386272df4871.txt	d6c04566fc39
7	5907.w4lift-fc301bd873cb.txt	5907.w4lift-3ce63a53cf1a.txt	4f671bc3d3f3
7	5907.w4lift-fc301bd873cb.txt	5907.w4lift-3d4579051d3f.txt	d85cb56ed236
7	5907.w4lift-fc301bd873cb.txt	5907.w4lift-4614701d0920.txt	3f6f5c94d76e
7	5907.w4lift-fc301bd873cb.txt	5907.w4lift-473fc5e1c91e.txt	d0e1658792cb
7	5907.w4lift-fc301bd873cb.txt	5907.w4lift-4cb3167d35ed.txt	b2d27c6fb87b
7	5907.w4lift-fc301bd873cb.txt	5907.w4lift-53542138d1b5.txt	5d3074fe7163
7	5907.w4lift-fc301bd873cb.txt	5907.w4lift-540198536578.txt	5ff76078c599
7	5907.w4lift-fc301bd873cb.txt	5907.w4lift-5742f21eca2d.txt	3a42d71f01c6
7	5907.w4lift-fc301bd873cb.txt	5907.w4lift-5f95afa2454b.txt	4c6e579a7560
7	5907.w4lift-fc301bd873cb.txt	5907.w4lift-5f95afa2454b.txt	72d376c5571d
7	5907.w4lift-fc301bd873cb.txt	5907.w4lift-5ffba5cc4529.txt	2dcd6251565a
7	5907.w4lift-fc301bd873cb.txt	5907.w4lift-65fb95f576e7.txt	1bba2e07446c
7	5907.w4lift-fc301bd873cb.txt	5907.w4lift-684436c46755.txt	0df6c6a90182
7	5907.w4lift-fc301bd873cb.txt	5907.w4lift-6e6b2c468f32.txt	38fa2979bd03
7	5907.w4lift-fc301bd873cb.txt	5907.w4lift-7cd2edab64dc.txt	d4ec6aadbefe
7	5907.w4lift-fc301bd873cb.txt	5907.w4lift-846d5062c405.txt	095bfb3dc800
7	5907.w4lift-fc301bd873cb.txt	5907.w4lift-863de61b836a.txt	921653b5f057
7	5907.w4lift-fc301bd873cb.txt	5907.w4lift-86a03197440a.txt	182cf9bee74c
7	5907.w4lift-fc301bd873cb.txt	5907.w4lift-8824a6971c2e.txt	ebdcc2d4d36c
7	5907.w4lift-fc301bd873cb.txt	5907.w4lift-8a8b72923703.txt	c7e7cc660163
7	5907.w4lift-fc301bd873cb.txt	5907.w4lift-90338d0577bd.txt	ab88abce72ba
7	5907.w4lift-fc301bd873cb.txt	5907.w4lift-97d2d8784e2f.txt	c6701c2a9601
7	5907.w4lift-fc301bd873cb.txt	5907.w4lift-9b4bc5700c90.txt	49c5410504fe
7	5907.w4lift-fc301bd873cb.txt	5907.w4lift-a7bbb73953d8.txt	28eb250a68ea
7	5907.w4lift-fc301bd873cb.txt	5907.w4lift-ab80c9a45344.txt	83d54a67702c
7	5907.w4lift-fc301bd873cb.txt	5907.w4lift-ae466549a0d9.txt	e1d1870a78cd
7	5907.w4lift-fc301bd873cb.txt	5907.w4lift-ae6af3254cbe.txt	5581e578134b
7	5907.w4lift-fc301bd873cb.txt	5907.w4lift-ae6af3254cbe.txt	d0a01a1ac47d
7	5907.w4lift-fc301bd873cb.txt	5907.w4lift-bd154fbbf435.txt	b85e26cbabc5
7	5907.w4lift-fc301bd873cb.txt	5907.w4lift-bfbef8785aff.txt	4f8df87699e7
7	5907.w4lift-fc301bd873cb.txt	5907.w4lift-c5ee76734b4d.txt	90628da2dd0c
7	5907.w4lift-fc301bd873cb.txt	5907.w4lift-c5ee76734b4d.txt	a9604abeb264
7	5907.w4lift-fc301bd873cb.txt	5907.w4lift-c7b7714127d9.txt	3a87ef2485a8
7	5907.w4lift-fc301bd873cb.txt	5907.w4lift-c8c5110de4f9.txt	0ad29fbab280
7	5907.w4lift-fc301bd873cb.txt	5907.w4lift-ca71ed8496bd.txt	eca15bf05f3f
7	5907.w4lift-fc301bd873cb.txt	5907.w4lift-d09cda89e063.txt	0df6c6a90182
7	5907.w4lift-fc301bd873cb.txt	5907.w4lift-d155534ea2d4.txt	ab88abce72ba
7	5907.w4lift-fc301bd873cb.txt	5907.w4lift-db45ebdeed40.txt	4ad13835a281
7	5907.w4lift-fc301bd873cb.txt	5907.w4lift-dcd0ec0a1fc5.txt	8821c9761a3f
7	5907.w4lift-fc301bd873cb.txt	5907.w4lift-e0fa39144639.txt	ab88abce72ba
7	5907.w4lift-fc301bd873cb.txt	5907.w4lift-e45b90b0a767.txt	ab88abce72ba
7	5907.w4lift-fc301bd873cb.txt	5907.w4lift-e96c05b05fe9.txt	fd3d2036ee73
7	5907.w4lift-fc301bd873cb.txt	5907.w4lift-eb9a0d99f5fb.txt	fecd684a9442
7	5907.w4lift-fc301bd873cb.txt	5907.w4lift-ebfb75328150.txt	ab88abce72ba
7	5907.w4lift-fc301bd873cb.txt	5907.w4lift-ecfe2ba8e511.txt	96c7e62b0db1
7	5907.w4lift-fc301bd873cb.txt	5907.w4lift-f18f663f4c81.txt	af79b06ba137
7	5907.w4lift-fc301bd873cb.txt	5907.w4lift-f9f8e9513c54.txt	ab88abce72ba
7	5907.w4lift-fc301bd873cb.txt	5907.w4lift-fe39239f7468.txt	5f89beb942b2
7	5907.w4lift-fc567658fc77.txt	5907.w4lift-0418cb9260ae.txt	9a1f3be55831
7	5907.w4lift-fc567658fc77.txt	5907.w4lift-0418cb9260ae.txt	af1df8c730b3
7	5907.w4lift-fc567658fc77.txt	5907.w4lift-24c96c5696c8.txt	32eb67461a38
7	5907.w4lift-fc567658fc77.txt	5907.w4lift-595e0c44ab33.txt	ab88abce72ba
7	5907.w4lift-fc567658fc77.txt	5907.w4lift-71e2791cb656.txt	51c13efc7a14
7	5907.w4lift-fc567658fc77.txt	5907.w4lift-99620be6e382.txt	ab88abce72ba
7	5907.w4lift-fc567658fc77.txt	5907.w4lift-ab9e00d74c88.txt	9729dc5f53f8
7	5907.w4lift-fc567658fc77.txt	5907.w4lift-b98356445406.txt	172c8ba32158
7	5907.w4lift-fc5c70dfb561.txt	5907.w4lift-0531d212f9bb.txt	ab88abce72ba
7	5907.w4lift-fc5c70dfb561.txt	5907.w4lift-0709deed1cd4.txt	49c5410504fe
7	5907.w4lift-fc5c70dfb561.txt	5907.w4lift-08210f1c16a0.txt	430f8ba0d5bf
7	5907.w4lift-fc5c70dfb561.txt	5907.w4lift-169e64bca870.txt	038dbff96d7c
7	5907.w4lift-fc5c70dfb561.txt	5907.w4lift-16dd1019b651.txt	709cf47fa2d3
7	5907.w4lift-fc5c70dfb561.txt	5907.w4lift-16dd1019b651.txt	8709489b69c1
7	5907.w4lift-fc5c70dfb561.txt	5907.w4lift-1e59b13c7cc0.txt	d8cb6eb7687c
7	5907.w4lift-fc5c70dfb561.txt	5907.w4lift-352479dbf208.txt	51225a9bb93e
7	5907.w4lift-fc5c70dfb561.txt	5907.w4lift-3580a08a5c73.txt	1dc8fef1698c
7	5907.w4lift-fc5c70dfb561.txt	5907.w4lift-37386755df59.txt	98aeb647340c
7	5907.w4lift-fc5c70dfb561.txt	5907.w4lift-386272df4871.txt	c442200796dc
7	5907.w4lift-fc5c70dfb561.txt	5907.w4lift-3d4579051d3f.txt	510b5a794970
7	5907.w4lift-fc5c70dfb561.txt	5907.w4lift-4034f85f00ec.txt	4c6e579a7560
7	5907.w4lift-fc5c70dfb561.txt	5907.w4lift-4034f85f00ec.txt	72d376c5571d
7	5907.w4lift-fc5c70dfb561.txt	5907.w4lift-43a95823c4dc.txt	f609e3a8e480
7	5907.w4lift-fc5c70dfb561.txt	5907.w4lift-45a4ff8466a7.txt	5e3e40b58466
7	5907.w4lift-fc5c70dfb561.txt	5907.w4lift-4a5b17090e74.txt	ddf5bfe474bf
7	5907.w4lift-fc5c70dfb561.txt	5907.w4lift-4d47295ca519.txt	a9587b440eca
7	5907.w4lift-fc5c70dfb561.txt	5907.w4lift-53542138d1b5.txt	e1d1870a78cd
7	5907.w4lift-fc5c70dfb561.txt	5907.w4lift-540198536578.txt	bc6dd269b36a
7	5907.w4lift-fc5c70dfb561.txt	5907.w4lift-58984281bc50.txt	e311a814616f
7	5907.w4lift-fc5c70dfb561.txt	5907.w4lift-65fb95f576e7.txt	c2220252475b
7	5907.w4lift-fc5c70dfb561.txt	5907.w4lift-6d19c9f1455d.txt	d6c04566fc39
7	5907.w4lift-fc5c70dfb561.txt	5907.w4lift-6ec79809fccc.txt	821e83c01b7c
7	5907.w4lift-fc5c70dfb561.txt	5907.w4lift-76a1eae91ca0.txt	bbf1b4974173
7	5907.w4lift-fc5c70dfb561.txt	5907.w4lift-76a1eae91ca0.txt	dd454bcc3c5a
7	5907.w4lift-fc5c70dfb561.txt	5907.w4lift-7714757d2e9e.txt	ab88abce72ba
7	5907.w4lift-fc5c70dfb561.txt	5907.w4lift-8966629ce152.txt	ab88abce72ba
7	5907.w4lift-fc5c70dfb561.txt	5907.w4lift-89b3167f9583.txt	48c30fab9556
7	5907.w4lift-fc5c70dfb561.txt	5907.w4lift-8e5ca0ef018c.txt	bd508e5023d8
7	5907.w4lift-fc5c70dfb561.txt	5907.w4lift-912bd909d2b6.txt	9ffeb4ce9bae
7	5907.w4lift-fc5c70dfb561.txt	5907.w4lift-9b4bc5700c90.txt	0dcc7a5a1ff7
7	5907.w4lift-fc5c70dfb561.txt	5907.w4lift-a7bbb73953d8.txt	ab88abce72ba
7	5907.w4lift-fc5c70dfb561.txt	5907.w4lift-a8d3c9324eac.txt	f4b9a13ff36c
7	5907.w4lift-fc5c70dfb561.txt	5907.w4lift-af7c897a8903.txt	39fe21f51977
7	5907.w4lift-fc5c70dfb561.txt	5907.w4lift-b66c35732a00.txt	e76c9c894e18
7	5907.w4lift-fc5c70dfb561.txt	5907.w4lift-b7a548d5f629.txt	6e943a6ae528
7	5907.w4lift-fc5c70dfb561.txt	5907.w4lift-bca46e18f77b.txt	9ffeb4ce9bae
7	5907.w4lift-fc5c70dfb561.txt	5907.w4lift-bfbef8785aff.txt	04494fa53cff
7	5907.w4lift-fc5c70dfb561.txt	5907.w4lift-c7b7714127d9.txt	4f671bc3d3f3
7	5907.w4lift-fc5c70dfb561.txt	5907.w4lift-ca71ed8496bd.txt	83d54a67702c
7	5907.w4lift-fc5c70dfb561.txt	5907.w4lift-cba9917bd593.txt	240d550552a3
7	5907.w4lift-fc5c70dfb561.txt	5907.w4lift-d213b0754523.txt	989d2fdca27a
7	5907.w4lift-fc5c70dfb561.txt	5907.w4lift-db45ebdeed40.txt	ab105a248a1e
7	5907.w4lift-fc5c70dfb561.txt	5907.w4lift-dcd0ec0a1fc5.txt	8fc24bd78fad
7	5907.w4lift-fc5c70dfb561.txt	5907.w4lift-dd250dd876cd.txt	760f0d23e496
7	5907.w4lift-fc5c70dfb561.txt	5907.w4lift-e0368a011e8c.txt	3394d4cf4ce9
7	5907.w4lift-fc5c70dfb561.txt	5907.w4lift-e0368a011e8c.txt	b84e5852608b
7	5907.w4lift-fc5c70dfb561.txt	5907.w4lift-e0fa39144639.txt	bbdd86597cc7
7	5907.w4lift-fc5c70dfb561.txt	5907.w4lift-e0fb9d13de61.txt	94e83c3c75fb
7	5907.w4lift-fc5c70dfb561.txt	5907.w4lift-e2841ecca038.txt	8e620393073b
7	5907.w4lift-fc5c70dfb561.txt	5907.w4lift-e7ee0cc9c017.txt	ab11977fcf47
7	5907.w4lift-fc5c70dfb561.txt	5907.w4lift-eb9a0d99f5fb.txt	c04133834105
7	5907.w4lift-fc5c70dfb561.txt	5907.w4lift-f2708ef02d1a.txt	e43c9981a5c7
7	5907.w4lift-fc5c70dfb561.txt	5907.w4lift-f859791b1e8e.txt	7f04bb1041b3
7	5907.w4lift-fc5c70dfb561.txt	5907.w4lift-faafae8fcdaa.txt	79bbc2526e76
7	5907.w4lift-fc5c70dfb561.txt	5907.w4lift-fc7d7045a431.txt	0fa419c2f08b
7	5907.w4lift-fc5c70dfb561.txt	5907.w4lift-fd06a0493fef.txt	151c9d94814a
7	5907.w4lift-fc5c70dfb561.txt	5907.w4lift-fd06a0493fef.txt	3f4b1bcb6fa8
7	5907.w4lift-fc7d7045a431.txt	5907.w4lift-0dff9daccaa8.txt	49d4d9e84135
7	5907.w4lift-fc7d7045a431.txt	5907.w4lift-0fc17b401159.txt	8373a022eef2
7	5907.w4lift-fc7d7045a431.txt	5907.w4lift-16dd1019b651.txt	ba64a6bdcb29
7	5907.w4lift-fc7d7045a431.txt	5907.w4lift-1c7e3360c98f.txt	2257058c3d2d
7	5907.w4lift-fc7d7045a431.txt	5907.w4lift-1e59b13c7cc0.txt	81d3a556dfde
7	5907.w4lift-fc7d7045a431.txt	5907.w4lift-319dff1ab25a.txt	f550b887608a
7	5907.w4lift-fc7d7045a431.txt	5907.w4lift-3580a08a5c73.txt	8ba4f5a756dd
7	5907.w4lift-fc7d7045a431.txt	5907.w4lift-37386755df59.txt	5581e578134b
7	5907.w4lift-fc7d7045a431.txt	5907.w4lift-37386755df59.txt	d0a01a1ac47d
7	5907.w4lift-fc7d7045a431.txt	5907.w4lift-4034f85f00ec.txt	fd3d2036ee73
7	5907.w4lift-fc7d7045a431.txt	5907.w4lift-43a95823c4dc.txt	8f5cf69c5f7c
7	5907.w4lift-fc7d7045a431.txt	5907.w4lift-473fc5e1c91e.txt	fe22f3e91d6f
7	5907.w4lift-fc7d7045a431.txt	5907.w4lift-4cb3167d35ed.txt	92782df6e5d5
7	5907.w4lift-fc7d7045a431.txt	5907.w4lift-4d47295ca519.txt	ab88abce72ba
7	5907.w4lift-fc7d7045a431.txt	5907.w4lift-53542138d1b5.txt	5d3074fe7163
7	5907.w4lift-fc7d7045a431.txt	5907.w4lift-540198536578.txt	5ff76078c599
7	5907.w4lift-fc7d7045a431.txt	5907.w4lift-5742f21eca2d.txt	ddc1e5a5e22d
7	5907.w4lift-fc7d7045a431.txt	5907.w4lift-580a6b2415c2.txt	92cca1ec54bb
7	5907.w4lift-fc7d7045a431.txt	5907.w4lift-5ffba5cc4529.txt	ab88abce72ba
7	5907.w4lift-fc7d7045a431.txt	5907.w4lift-65fb95f576e7.txt	f33f447ada52
7	5907.w4lift-fc7d7045a431.txt	5907.w4lift-69ed3f34a123.txt	0ad29fbab280
7	5907.w4lift-fc7d7045a431.txt	5907.w4lift-6e905a492084.txt	4d9a21b2c945
7	5907.w4lift-fc7d7045a431.txt	5907.w4lift-6ec79809fccc.txt	2b1829f80cf7
7	5907.w4lift-fc7d7045a431.txt	5907.w4lift-76a1eae91ca0.txt	ab88abce72ba
7	5907.w4lift-fc7d7045a431.txt	5907.w4lift-7714757d2e9e.txt	e50393a8ba1d
7	5907.w4lift-fc7d7045a431.txt	5907.w4lift-7cd2edab64dc.txt	d4ec6aadbefe
7	5907.w4lift-fc7d7045a431.txt	5907.w4lift-80c95286cd7c.txt	ab88abce72ba
7	5907.w4lift-fc7d7045a431.txt	5907.w4lift-8966629ce152.txt	b71368c91055
7	5907.w4lift-fc7d7045a431.txt	5907.w4lift-89b3167f9583.txt	84a31d178833
7	5907.w4lift-fc7d7045a431.txt	5907.w4lift-8e5ca0ef018c.txt	ab88abce72ba
7	5907.w4lift-fc7d7045a431.txt	5907.w4lift-a6df35bc4b74.txt	947fefee2ce1
7	5907.w4lift-fc7d7045a431.txt	5907.w4lift-b18d3ecda2e7.txt	9943a7ddc283
7	5907.w4lift-fc7d7045a431.txt	5907.w4lift-b4e57551e32a.txt	b1be0f46d82c
7	5907.w4lift-fc7d7045a431.txt	5907.w4lift-b91f5e2f34a2.txt	e8e466f2309f
7	5907.w4lift-fc7d7045a431.txt	5907.w4lift-bca46e18f77b.txt	4c6e579a7560
7	5907.w4lift-fc7d7045a431.txt	5907.w4lift-bca46e18f77b.txt	72d376c5571d
7	5907.w4lift-fc7d7045a431.txt	5907.w4lift-bfbef8785aff.txt	e332743d8318
7	5907.w4lift-fc7d7045a431.txt	5907.w4lift-c7b7714127d9.txt	e6d89f3f0d4c
7	5907.w4lift-fc7d7045a431.txt	5907.w4lift-ca71ed8496bd.txt	3830c1bb282a
7	5907.w4lift-fc7d7045a431.txt	5907.w4lift-caeaa9e5ac42.txt	0485c22c758e
7	5907.w4lift-fc7d7045a431.txt	5907.w4lift-cba9917bd593.txt	398028eae919
7	5907.w4lift-fc7d7045a431.txt	5907.w4lift-d213b0754523.txt	09d23aa6b91a
7	5907.w4lift-fc7d7045a431.txt	5907.w4lift-db45ebdeed40.txt	d58953d08832
7	5907.w4lift-fc7d7045a431.txt	5907.w4lift-dcd0ec0a1fc5.txt	8821c9761a3f
7	5907.w4lift-fc7d7045a431.txt	5907.w4lift-dd250dd876cd.txt	61e671455635
7	5907.w4lift-fc7d7045a431.txt	5907.w4lift-e0368a011e8c.txt	b1be0f46d82c
7	5907.w4lift-fc7d7045a431.txt	5907.w4lift-e04faca1c06c.txt	39ea17aa2020
7	5907.w4lift-fc7d7045a431.txt	5907.w4lift-e0fa39144639.txt	2dcd6251565a
7	5907.w4lift-fc7d7045a431.txt	5907.w4lift-e2841ecca038.txt	90628da2dd0c
7	5907.w4lift-fc7d7045a431.txt	5907.w4lift-e2841ecca038.txt	a9604abeb264
7	5907.w4lift-fc7d7045a431.txt	5907.w4lift-e45b90b0a767.txt	fecd684a9442
7	5907.w4lift-fc7d7045a431.txt	5907.w4lift-e768827496d4.txt	a805ea3de51d
7	5907.w4lift-fc7d7045a431.txt	5907.w4lift-e7ee0cc9c017.txt	be6b4f4e69cf
7	5907.w4lift-fc7d7045a431.txt	5907.w4lift-eb9a0d99f5fb.txt	ab88abce72ba
7	5907.w4lift-fc7d7045a431.txt	5907.w4lift-f2708ef02d1a.txt	f4276d62e543
7	5907.w4lift-fc7d7045a431.txt	5907.w4lift-fc5c70dfb561.txt	f08b1ddb7e4d
7	5907.w4lift-fc7d7045a431.txt	5907.w4lift-fd06a0493fef.txt	f87b924fc4aa
7	5907.w4lift-fd06a0493fef.txt	5907.w4lift-0531d212f9bb.txt	cfa4043ac971
7	5907.w4lift-fd06a0493fef.txt	5907.w4lift-08210f1c16a0.txt	f550b887608a
7	5907.w4lift-fd06a0493fef.txt	5907.w4lift-169e64bca870.txt	7a76f11797d8
7	5907.w4lift-fd06a0493fef.txt	5907.w4lift-16dd1019b651.txt	eb8331df9ee8
7	5907.w4lift-fd06a0493fef.txt	5907.w4lift-1e59b13c7cc0.txt	32af70a4999e
7	5907.w4lift-fd06a0493fef.txt	5907.w4lift-352479dbf208.txt	ab88abce72ba
7	5907.w4lift-fd06a0493fef.txt	5907.w4lift-3580a08a5c73.txt	b4bd6f395a25
7	5907.w4lift-fd06a0493fef.txt	5907.w4lift-37386755df59.txt	0df6c6a90182
7	5907.w4lift-fd06a0493fef.txt	5907.w4lift-386272df4871.txt	8373a022eef2
7	5907.w4lift-fd06a0493fef.txt	5907.w4lift-3ce63a53cf1a.txt	d4ec6aadbefe
7	5907.w4lift-fd06a0493fef.txt	5907.w4lift-3d4579051d3f.txt	77f471f848b0
7	5907.w4lift-fd06a0493fef.txt	5907.w4lift-4034f85f00ec.txt	5166d6e62e75
7	5907.w4lift-fd06a0493fef.txt	5907.w4lift-4034f85f00ec.txt	e3da64e6da9b
7	5907.w4lift-fd06a0493fef.txt	5907.w4lift-43a95823c4dc.txt	14a420b3a5b2
7	5907.w4lift-fd06a0493fef.txt	5907.w4lift-45a4ff8466a7.txt	2257058c3d2d
7	5907.w4lift-fd06a0493fef.txt	5907.w4lift-4a5b17090e74.txt	d5d134bba086
7	5907.w4lift-fd06a0493fef.txt	5907.w4lift-4cb3167d35ed.txt	83f2a26fb1ab
7	5907.w4lift-fd06a0493fef.txt	5907.w4lift-4d47295ca519.txt	ab88abce72ba
7	5907.w4lift-fd06a0493fef.txt	5907.w4lift-53542138d1b5.txt	15c816659d45
7	5907.w4lift-fd06a0493fef.txt	5907.w4lift-540198536578.txt	83d54a67702c
7	5907.w4lift-fd06a0493fef.txt	5907.w4lift-58984281bc50.txt	ab88abce72ba
7	5907.w4lift-fd06a0493fef.txt	5907.w4lift-65fb95f576e7.txt	398028eae919
7	5907.w4lift-fd06a0493fef.txt	5907.w4lift-6d19c9f1455d.txt	4728d8e5f3d2
7	5907.w4lift-fd06a0493fef.txt	5907.w4lift-6ec79809fccc.txt	80d27d30ff66
7	5907.w4lift-fd06a0493fef.txt	5907.w4lift-76a1eae91ca0.txt	ab88abce72ba
7	5907.w4lift-fd06a0493fef.txt	5907.w4lift-7714757d2e9e.txt	803ec382c593
7	5907.w4lift-fd06a0493fef.txt	5907.w4lift-8966629ce152.txt	7762bf9a1f83
7	5907.w4lift-fd06a0493fef.txt	5907.w4lift-89b3167f9583.txt	ab88abce72ba
7	5907.w4lift-fd06a0493fef.txt	5907.w4lift-8e5ca0ef018c.txt	d5d134bba086
7	5907.w4lift-fd06a0493fef.txt	5907.w4lift-912bd909d2b6.txt	4d9a21b2c945
7	5907.w4lift-fd06a0493fef.txt	5907.w4lift-9b4bc5700c90.txt	ff97c0cddd5f
7	5907.w4lift-fd06a0493fef.txt	5907.w4lift-a7bbb73953d8.txt	cddfeeb9ec88
7	5907.w4lift-fd06a0493fef.txt	5907.w4lift-a8d3c9324eac.txt	fa9996b118a5
7	5907.w4lift-fd06a0493fef.txt	5907.w4lift-af7c897a8903.txt	045ff6b79066
7	5907.w4lift-fd06a0493fef.txt	5907.w4lift-b4e57551e32a.txt	0d491f159886
7	5907.w4lift-fd06a0493fef.txt	5907.w4lift-b66c35732a00.txt	a780c2d233f8
7	5907.w4lift-fd06a0493fef.txt	5907.w4lift-b7a548d5f629.txt	f2cd8c1f4d2e
7	5907.w4lift-fd06a0493fef.txt	5907.w4lift-bca46e18f77b.txt	0df6c6a90182
7	5907.w4lift-fd06a0493fef.txt	5907.w4lift-bfbef8785aff.txt	d4c86ffe1efa
7	5907.w4lift-fd06a0493fef.txt	5907.w4lift-c7b7714127d9.txt	c958df8ea4c3
7	5907.w4lift-fd06a0493fef.txt	5907.w4lift-cba9917bd593.txt	16eab6538ab6
7	5907.w4lift-fd06a0493fef.txt	5907.w4lift-d213b0754523.txt	b7f3d137c99a
7	5907.w4lift-fd06a0493fef.txt	5907.w4lift-d742e5e60c6f.txt	7b5542740cec
7	5907.w4lift-fd06a0493fef.txt	5907.w4lift-db45ebdeed40.txt	ab88abce72ba
7	5907.w4lift-fd06a0493fef.txt	5907.w4lift-dcd0ec0a1fc5.txt	49c5410504fe
7	5907.w4lift-fd06a0493fef.txt	5907.w4lift-dd250dd876cd.txt	045ff6b79066
7	5907.w4lift-fd06a0493fef.txt	5907.w4lift-e0368a011e8c.txt	2c806c1bf6e3
7	5907.w4lift-fd06a0493fef.txt	5907.w4lift-e0fa39144639.txt	211974864876
7	5907.w4lift-fd06a0493fef.txt	5907.w4lift-e0fb9d13de61.txt	14a420b3a5b2
7	5907.w4lift-fd06a0493fef.txt	5907.w4lift-e2841ecca038.txt	fa9996b118a5
7	5907.w4lift-fd06a0493fef.txt	5907.w4lift-e768827496d4.txt	cf88f66916d6
7	5907.w4lift-fd06a0493fef.txt	5907.w4lift-e7ee0cc9c017.txt	7145048de6a4
7	5907.w4lift-fd06a0493fef.txt	5907.w4lift-eb9a0d99f5fb.txt	b98392e1d7a6
7	5907.w4lift-fd06a0493fef.txt	5907.w4lift-f2708ef02d1a.txt	62a74ce65faa
7	5907.w4lift-fd06a0493fef.txt	5907.w4lift-f2708ef02d1a.txt	b13177991e02
7	5907.w4lift-fd06a0493fef.txt	5907.w4lift-f859791b1e8e.txt	9ae93052f1a3
7	5907.w4lift-fd06a0493fef.txt	5907.w4lift-faafae8fcdaa.txt	71fce178fd55
7	5907.w4lift-fd06a0493fef.txt	5907.w4lift-fc5c70dfb561.txt	5166d6e62e75
7	5907.w4lift-fd06a0493fef.txt	5907.w4lift-fc5c70dfb561.txt	e3da64e6da9b
7	5907.w4lift-fd06a0493fef.txt	5907.w4lift-fc7d7045a431.txt	4d9a21b2c945
7	5907.w4lift-fe39239f7468.txt	5907.w4lift-04c898c73c62.txt	ab88abce72ba
7	5907.w4lift-fe39239f7468.txt	5907.w4lift-08210f1c16a0.txt	bb0325078ded
7	5907.w4lift-fe39239f7468.txt	5907.w4lift-097d01eaddb9.txt	3feefa303e8d
7	5907.w4lift-fe39239f7468.txt	5907.w4lift-0fc17b401159.txt	27becabec391
7	5907.w4lift-fe39239f7468.txt	5907.w4lift-177bb009e3ce.txt	36706f4e334b
7	5907.w4lift-fe39239f7468.txt	5907.w4lift-208b728dbc49.txt	5ff76078c599
7	5907.w4lift-fe39239f7468.txt	5907.w4lift-231c44b74cdf.txt	3a3b52457923
7	5907.w4lift-fe39239f7468.txt	5907.w4lift-2914e81572fa.txt	7e00c873941d
7	5907.w4lift-fe39239f7468.txt	5907.w4lift-2f67f2643eeb.txt	833239f93d60
7	5907.w4lift-fe39239f7468.txt	5907.w4lift-319dff1ab25a.txt	a8af7d1d0d1f
7	5907.w4lift-fe39239f7468.txt	5907.w4lift-386272df4871.txt	c9d65fee4f73
7	5907.w4lift-fe39239f7468.txt	5907.w4lift-3d4579051d3f.txt	e616c3f821ef
7	5907.w4lift-fe39239f7468.txt	5907.w4lift-43a95823c4dc.txt	36706f4e334b
7	5907.w4lift-fe39239f7468.txt	5907.w4lift-473fc5e1c91e.txt	ab88abce72ba
7	5907.w4lift-fe39239f7468.txt	5907.w4lift-4cb3167d35ed.txt	162b937cfcd8
7	5907.w4lift-fe39239f7468.txt	5907.w4lift-546a47a518b6.txt	f84b983d9afb
7	5907.w4lift-fe39239f7468.txt	5907.w4lift-5742f21eca2d.txt	1fbf82fb2187
7	5907.w4lift-fe39239f7468.txt	5907.w4lift-5f95afa2454b.txt	a20827665556
7	5907.w4lift-fe39239f7468.txt	5907.w4lift-676d0f91dd66.txt	ada84d0153fa
7	5907.w4lift-fe39239f7468.txt	5907.w4lift-6e6b2c468f32.txt	82d464ef22d6
7	5907.w4lift-fe39239f7468.txt	5907.w4lift-846d5062c405.txt	99cf5c65dd47
7	5907.w4lift-fe39239f7468.txt	5907.w4lift-8a8b72923703.txt	ab88abce72ba
7	5907.w4lift-fe39239f7468.txt	5907.w4lift-90338d0577bd.txt	2dd7827e5108
7	5907.w4lift-fe39239f7468.txt	5907.w4lift-97d2d8784e2f.txt	cb67e923a6ca
7	5907.w4lift-fe39239f7468.txt	5907.w4lift-9b264f72a9b4.txt	2e62188e3c8b
7	5907.w4lift-fe39239f7468.txt	5907.w4lift-9b264f72a9b4.txt	48f9270682d9
7	5907.w4lift-fe39239f7468.txt	5907.w4lift-9b4bc5700c90.txt	1953b28ffc27
7	5907.w4lift-fe39239f7468.txt	5907.w4lift-a6df35bc4b74.txt	d24f63edf5b4
7	5907.w4lift-fe39239f7468.txt	5907.w4lift-b2702baa553d.txt	ecad0e65a5d2
7	5907.w4lift-fe39239f7468.txt	5907.w4lift-b7a548d5f629.txt	e1065cfc01db
7	5907.w4lift-fe39239f7468.txt	5907.w4lift-c5ee76734b4d.txt	d1acfe46465f
7	5907.w4lift-fe39239f7468.txt	5907.w4lift-cb7d99c78307.txt	746b5fef63fc
7	5907.w4lift-fe39239f7468.txt	5907.w4lift-d09cda89e063.txt	c2def9f0e515
7	5907.w4lift-fe39239f7468.txt	5907.w4lift-d155534ea2d4.txt	30361e285fae
7	5907.w4lift-fe39239f7468.txt	5907.w4lift-dbf70f871210.txt	f0b55e37fe22
7	5907.w4lift-fe39239f7468.txt	5907.w4lift-dd24a1fe19b2.txt	ab88abce72ba
7	5907.w4lift-fe39239f7468.txt	5907.w4lift-dd250dd876cd.txt	5ff76078c599
7	5907.w4lift-fe39239f7468.txt	5907.w4lift-df0078a194a0.txt	746b5fef63fc
7	5907.w4lift-fe39239f7468.txt	5907.w4lift-e0fa39144639.txt	959edf9574a8
7	5907.w4lift-fe39239f7468.txt	5907.w4lift-ebfb75328150.txt	2b5c256071ab
7	5907.w4lift-fe39239f7468.txt	5907.w4lift-ec915ed4bfb3.txt	ab88abce72ba
7	5907.w4lift-fe39239f7468.txt	5907.w4lift-ef0f8852bf9b.txt	573ebb4e5913
7	5907.w4lift-fe39239f7468.txt	5907.w4lift-f6b8b0e6314c.txt	ab88abce72ba
7	5907.w4lift-fe39239f7468.txt	5907.w4lift-fc301bd873cb.txt	3d18e34840c5
7	5907.w4lift-fef6456b68c4.txt	5907.w4lift-14ab3e140bcb.txt	ab88abce72ba
7	5907.w4lift-fef6456b68c4.txt	5907.w4lift-3f3f0065293f.txt	ab88abce72ba
7	5907.w4lift-fef6456b68c4.txt	5907.w4lift-703a2a85174b.txt	ab88abce72ba
7	5907.w4lift-fef6456b68c4.txt	5907.w4lift-c1a91d23a981.txt	49c5410504fe
7	5907.w4lift-fef6456b68c4.txt	5907.w4lift-efa61e10819d.txt	83d54a67702c
7	5907.w4lift-ff972a34b4aa.txt	5907.w4lift-35edee9781b6.txt	eb70d1e95c8b
7	5907.w4lift-ff972a34b4aa.txt	5907.w4lift-3ff30ff747e3.txt	ab88abce72ba
7	5907.w4lift-ff972a34b4aa.txt	5907.w4lift-7451833431e1.txt	ed848d363ac9
7	5907.w4lift-ff972a34b4aa.txt	5907.w4lift-ad38ede453dd.txt	ab88abce72ba
