n	source_class	target_class	rule
7	5906.i4a-29c55ed5fbf6.txt	5906.lswap-cf8339eb5ca7.txt	32eb67461a38
7	5906.i4a-c1080e26f60c.txt	5906.lswap-cf8339eb5ca7.txt	28343f6d7386
7	5906.lswap-025c4805fc39.txt	5906.lswap-031568aa1b5c.txt	429db3717944
7	5906.lswap-025c4805fc39.txt	5906.lswap-031568aa1b5c.txt	8821c9761a3f
7	5906.lswap-025c4805fc39.txt	5906.lswap-031568aa1b5c.txt	b081b754d26e
7	5906.lswap-025c4805fc39.txt	5906.lswap-3b66fbdbdf53.txt	5ff76078c599
7	5906.lswap-025c4805fc39.txt	5906.lswap-3b66fbdbdf53.txt	746b5fef63fc
7	5906.lswap-025c4805fc39.txt	5906.lswap-5808edca979d.txt	2e62188e3c8b
7	5906.lswap-025c4805fc39.txt	5906.lswap-5808edca979d.txt	48f9270682d9
7	5906.lswap-025c4805fc39.txt	5906.lswap-6d0ad177e5ee.txt	e616c3f821ef
7	5906.lswap-025c4805fc39.txt	5906.lswap-a7d2db45842b.txt	6e21f7e985fe
7	5906.lswap-025c4805fc39.txt	5906.lswap-af54b6f406a6.txt	d1acfe46465f
7	5906.lswap-025c4805fc39.txt	5906.lswap-df71274e07be.txt	e616c3f821ef
7	5906.lswap-025c4805fc39.txt	5906.lswap-e145b859ca30.txt	cb67e923a6ca
7	5906.lswap-031568aa1b5c.txt	5906.lswap-025c4805fc39.txt	62a74ce65faa
7	5906.lswap-031568aa1b5c.txt	5906.lswap-025c4805fc39.txt	b13177991e02
7	5906.lswap-031568aa1b5c.txt	5906.lswap-025c4805fc39.txt	d4ec6aadbefe
7	5906.lswap-031568aa1b5c.txt	5906.lswap-52e683fb05d3.txt	e616c3f821ef
7	5906.lswap-031568aa1b5c.txt	5906.lswap-5808edca979d.txt	833239f93d60
7	5906.lswap-031568aa1b5c.txt	5906.lswap-5dbb54e50268.txt	d1acfe46465f
7	5906.lswap-031568aa1b5c.txt	5906.lswap-62d959eb4e73.txt	5ff76078c599
7	5906.lswap-031568aa1b5c.txt	5906.lswap-62d959eb4e73.txt	746b5fef63fc
7	5906.lswap-031568aa1b5c.txt	5906.lswap-8ed814577309.txt	cb67e923a6ca
7	5906.lswap-031568aa1b5c.txt	5906.lswap-9a5cc6a6e3c8.txt	396fe6d979c3
7	5906.lswap-031568aa1b5c.txt	5906.lswap-df71274e07be.txt	cb67e923a6ca
7	5906.lswap-06f4ba2c8122.txt	5906.lswap-10f62906b166.txt	c46ad2463388
7	5906.lswap-06f4ba2c8122.txt	5906.lswap-28b97fbb68d1.txt	af8282bcbcba
7	5906.lswap-06f4ba2c8122.txt	5906.lswap-3a55a72f70d6.txt	cf7caaa9c7fc
7	5906.lswap-06f4ba2c8122.txt	5906.lswap-945cf8ae5bef.txt	6d61e25e2762
7	5906.lswap-06f4ba2c8122.txt	5906.lswap-945cf8ae5bef.txt	74d503e42116
7	5906.lswap-06f4ba2c8122.txt	5906.lswap-9f885c2a5e20.txt	6c91c41eaa3d
7	5906.lswap-06f4ba2c8122.txt	5906.lswap-9f885c2a5e20.txt	a5214c898b1c
7	5906.lswap-06f4ba2c8122.txt	5906.lswap-db110b7302cf.txt	c46ad2463388
7	5906.lswap-06f4ba2c8122.txt	5906.up-6597315411ea.txt	1d16cacba0be
7	5906.lswap-06f4ba2c8122.txt	5906.up-6597315411ea.txt	64747b1aaa96
7	5906.lswap-06f4ba2c8122.txt	5906.up-72482a71c81e.txt	fb61739cb012
7	5906.lswap-06f4ba2c8122.txt	5906.up-c3afee7ed153.txt	27b09fd682e3
7	5906.lswap-06f4ba2c8122.txt	5906.up-c3afee7ed153.txt	d3d61412dc56
7	5906.lswap-06f4ba2c8122.txt	5906.up-f2c7804be474.txt	bf52ef05ab91
7	5906.lswap-09c105553d61.txt	5906.lswap-23548cda0ace.txt	39a60f60d325
7	5906.lswap-09c105553d61.txt	5906.lswap-28b97fbb68d1.txt	033afc57097e
7	5906.lswap-09c105553d61.txt	5906.lswap-28b97fbb68d1.txt	e2a2c6dd2c41
7	5906.lswap-09c105553d61.txt	5906.lswap-3a55a72f70d6.txt	02397927f53b
7	5906.lswap-09c105553d61.txt	5906.lswap-3a55a72f70d6.txt	de09595a70f4
7	5906.lswap-09c105553d61.txt	5906.lswap-8f58c699a11d.txt	39a60f60d325
7	5906.lswap-09c105553d61.txt	5906.lswap-945cf8ae5bef.txt	af2802484319
7	5906.lswap-09c105553d61.txt	5906.lswap-9f885c2a5e20.txt	3a101202e00b
7	5906.lswap-09c105553d61.txt	5906.up-6597315411ea.txt	aca056ea4c48
7	5906.lswap-09c105553d61.txt	5906.up-72482a71c81e.txt	4397e30222b2
7	5906.lswap-09c105553d61.txt	5906.up-72482a71c81e.txt	45a947482465
7	5906.lswap-09c105553d61.txt	5906.up-c3afee7ed153.txt	292c02641e63
7	5906.lswap-09c105553d61.txt	5906.up-f2c7804be474.txt	71e1161ee3eb
7	5906.lswap-09c105553d61.txt	5906.up-f2c7804be474.txt	d306546e9989
7	5906.lswap-0d13fc4a8a4a.txt	5906.lswap-1f8e06e3e616.txt	a23d031fbcd3
7	5906.lswap-0d13fc4a8a4a.txt	5906.lswap-760f8ed53670.txt	a23d031fbcd3
7	5906.lswap-0de54c0a7bb6.txt	5906.lswap-17203113788c.txt	c6fe0326a117
7	5906.lswap-0de54c0a7bb6.txt	5906.lswap-3b4f2e286e0c.txt	095bfb3dc800
7	5906.lswap-0de54c0a7bb6.txt	5906.lswap-3baeeea281f2.txt	b1be0f46d82c
7	5906.lswap-0de54c0a7bb6.txt	5906.lswap-41a210488ac9.txt	8373a022eef2
7	5906.lswap-0de54c0a7bb6.txt	5906.lswap-41a210488ac9.txt	cf88f66916d6
7	5906.lswap-0de54c0a7bb6.txt	5906.lswap-469763027c57.txt	4f671bc3d3f3
7	5906.lswap-0de54c0a7bb6.txt	5906.lswap-469763027c57.txt	f4276d62e543
7	5906.lswap-0de54c0a7bb6.txt	5906.lswap-5228890279ca.txt	b1be0f46d82c
7	5906.lswap-0de54c0a7bb6.txt	5906.lswap-5764c730eaee.txt	223da8cfb8a5
7	5906.lswap-0de54c0a7bb6.txt	5906.lswap-5a55d1641a86.txt	92782df6e5d5
7	5906.lswap-0de54c0a7bb6.txt	5906.lswap-5a7a973564fd.txt	d0fa1d8cc35d
7	5906.lswap-0de54c0a7bb6.txt	5906.lswap-5dbb54e50268.txt	02eb9e2292e4
7	5906.lswap-0de54c0a7bb6.txt	5906.lswap-6bd82af50a4e.txt	91270bf2a57d
7	5906.lswap-0de54c0a7bb6.txt	5906.lswap-6d7ea156bdcc.txt	62a74ce65faa
7	5906.lswap-0de54c0a7bb6.txt	5906.lswap-6d7ea156bdcc.txt	b13177991e02
7	5906.lswap-0de54c0a7bb6.txt	5906.lswap-6d7ea156bdcc.txt	d4ec6aadbefe
7	5906.lswap-0de54c0a7bb6.txt	5906.lswap-6f6f375dca74.txt	b2d27c6fb87b
7	5906.lswap-0de54c0a7bb6.txt	5906.lswap-9f3672f6c430.txt	02eb9e2292e4
7	5906.lswap-0de54c0a7bb6.txt	5906.lswap-a28e203d65dc.txt	095bfb3dc800
7	5906.lswap-0de54c0a7bb6.txt	5906.lswap-b55f23a2f470.txt	d0fa1d8cc35d
7	5906.lswap-0de54c0a7bb6.txt	5906.lswap-be4759bc731a.txt	fe3e4c3a8938
7	5906.lswap-0de54c0a7bb6.txt	5906.lswap-cae9c3b46793.txt	a805ea3de51d
7	5906.lswap-0de54c0a7bb6.txt	5906.lswap-cae9c3b46793.txt	d6c04566fc39
7	5906.lswap-0de54c0a7bb6.txt	5906.up-168d62e1a9d1.txt	969165258934
7	5906.lswap-0de54c0a7bb6.txt	5906.up-e948752d6a32.txt	4bf7e3748717
7	5906.lswap-10f62906b166.txt	5906.lswap-06f4ba2c8122.txt	39a60f60d325
7	5906.lswap-10f62906b166.txt	5906.lswap-945cf8ae5bef.txt	71e1161ee3eb
7	5906.lswap-10f62906b166.txt	5906.lswap-945cf8ae5bef.txt	d306546e9989
7	5906.lswap-10f62906b166.txt	5906.lswap-9bf7e32c6472.txt	1be958ce8f4e
7	5906.lswap-10f62906b166.txt	5906.lswap-9bf7e32c6472.txt	92dd26e01875
7	5906.lswap-10f62906b166.txt	5906.lswap-9f885c2a5e20.txt	4397e30222b2
7	5906.lswap-10f62906b166.txt	5906.lswap-9f885c2a5e20.txt	45a947482465
7	5906.lswap-10f62906b166.txt	5906.lswap-db110b7302cf.txt	4c6e579a7560
7	5906.lswap-10f62906b166.txt	5906.lswap-db110b7302cf.txt	72d376c5571d
7	5906.lswap-10f62906b166.txt	5906.up-6597315411ea.txt	02397927f53b
7	5906.lswap-10f62906b166.txt	5906.up-c3afee7ed153.txt	e2a2c6dd2c41
7	5906.lswap-10f62906b166.txt	5906.up-c63a66adbc60.txt	74d503e42116
7	5906.lswap-10f62906b166.txt	5906.up-d1489855deef.txt	6c91c41eaa3d
7	5906.lswap-17203113788c.txt	5906.lswap-0de54c0a7bb6.txt	66c7854e6888
7	5906.lswap-17203113788c.txt	5906.lswap-3b4f2e286e0c.txt	9943a7ddc283
7	5906.lswap-17203113788c.txt	5906.lswap-469763027c57.txt	84a31d178833
7	5906.lswap-17203113788c.txt	5906.lswap-49fac07a5323.txt	0ad29fbab280
7	5906.lswap-17203113788c.txt	5906.lswap-49fc63d034f2.txt	f550b887608a
7	5906.lswap-17203113788c.txt	5906.lswap-4c179f65aa4b.txt	cf88f66916d6
7	5906.lswap-17203113788c.txt	5906.lswap-4c179f65aa4b.txt	ddc1e5a5e22d
7	5906.lswap-17203113788c.txt	5906.lswap-52f45c5e8e22.txt	90628da2dd0c
7	5906.lswap-17203113788c.txt	5906.lswap-52f45c5e8e22.txt	a9604abeb264
7	5906.lswap-17203113788c.txt	5906.lswap-5764c730eaee.txt	4c6e579a7560
7	5906.lswap-17203113788c.txt	5906.lswap-5764c730eaee.txt	5581e578134b
7	5906.lswap-17203113788c.txt	5906.lswap-5764c730eaee.txt	72d376c5571d
7	5906.lswap-17203113788c.txt	5906.lswap-5764c730eaee.txt	d0a01a1ac47d
7	5906.lswap-17203113788c.txt	5906.lswap-5a7a973564fd.txt	a805ea3de51d
7	5906.lswap-17203113788c.txt	5906.lswap-7602ba885180.txt	429db3717944
7	5906.lswap-17203113788c.txt	5906.lswap-7602ba885180.txt	b081b754d26e
7	5906.lswap-17203113788c.txt	5906.lswap-964ebce5847f.txt	1b8c339e89cd
7	5906.lswap-17203113788c.txt	5906.lswap-a28e203d65dc.txt	7f04bb1041b3
7	5906.lswap-17203113788c.txt	5906.lswap-aa52880fc9e0.txt	8373a022eef2
7	5906.lswap-17203113788c.txt	5906.lswap-af54b6f406a6.txt	61e671455635
7	5906.lswap-17203113788c.txt	5906.lswap-b12d38608f09.txt	2257058c3d2d
7	5906.lswap-17203113788c.txt	5906.lswap-b55f23a2f470.txt	d6c04566fc39
7	5906.lswap-17203113788c.txt	5906.lswap-d252e4d38aa9.txt	92782df6e5d5
7	5906.lswap-17203113788c.txt	5906.lswap-e0920da719d9.txt	49c5410504fe
7	5906.lswap-17203113788c.txt	5906.lswap-e59a6239aa79.txt	0485c22c758e
7	5906.lswap-17203113788c.txt	5906.lswap-f6dbf9989449.txt	8439efc11368
7	5906.lswap-17203113788c.txt	5906.lswap-f6dbf9989449.txt	8821c9761a3f
7	5906.lswap-17203113788c.txt	5906.up-91a0d3cd2c14.txt	4d9a21b2c945
7	5906.lswap-17203113788c.txt	5906.up-e948752d6a32.txt	f87b924fc4aa
7	5906.lswap-17203113788c.txt	5906.up-e94d2b57a7d4.txt	b1be0f46d82c
7	5906.lswap-17203113788c.txt	5906.up-eebb02e3baec.txt	b1be0f46d82c
7	5906.lswap-1e70957354f1.txt	5906.lswap-3c791ffa671d.txt	a805ea3de51d
7	5906.lswap-1e70957354f1.txt	5906.lswap-3c791ffa671d.txt	d6c04566fc39
7	5906.lswap-1e70957354f1.txt	5906.lswap-423441640591.txt	4f671bc3d3f3
7	5906.lswap-1e70957354f1.txt	5906.lswap-423441640591.txt	f4276d62e543
7	5906.lswap-1e70957354f1.txt	5906.up-7c111e182316.txt	969165258934
7	5906.lswap-1e70957354f1.txt	5906.up-aed220b1ebc4.txt	4bf7e3748717
7	5906.lswap-1f8e06e3e616.txt	5906.lswap-760f8ed53670.txt	9a1f3be55831
7	5906.lswap-1f8e06e3e616.txt	5906.lswap-760f8ed53670.txt	af1df8c730b3
7	5906.lswap-23548cda0ace.txt	5906.lswap-09c105553d61.txt	c46ad2463388
7	5906.lswap-23548cda0ace.txt	5906.lswap-28b97fbb68d1.txt	27b09fd682e3
7	5906.lswap-23548cda0ace.txt	5906.lswap-28b97fbb68d1.txt	d3d61412dc56
7	5906.lswap-23548cda0ace.txt	5906.lswap-3a55a72f70d6.txt	1d16cacba0be
7	5906.lswap-23548cda0ace.txt	5906.lswap-3a55a72f70d6.txt	64747b1aaa96
7	5906.lswap-23548cda0ace.txt	5906.lswap-67fc5c2184ab.txt	0058ac858d36
7	5906.lswap-23548cda0ace.txt	5906.lswap-67fc5c2184ab.txt	49eb8498235d
7	5906.lswap-23548cda0ace.txt	5906.lswap-8f58c699a11d.txt	4c6e579a7560
7	5906.lswap-23548cda0ace.txt	5906.lswap-8f58c699a11d.txt	72d376c5571d
7	5906.lswap-23548cda0ace.txt	5906.up-0a065898a821.txt	de09595a70f4
7	5906.lswap-23548cda0ace.txt	5906.up-377da0a3c300.txt	033afc57097e
7	5906.lswap-23548cda0ace.txt	5906.up-6597315411ea.txt	ec8aeb81c478
7	5906.lswap-23548cda0ace.txt	5906.up-72482a71c81e.txt	a5214c898b1c
7	5906.lswap-23548cda0ace.txt	5906.up-c3afee7ed153.txt	a6cdd296693f
7	5906.lswap-23548cda0ace.txt	5906.up-c3afee7ed153.txt	b33e8d83721c
7	5906.lswap-23548cda0ace.txt	5906.up-c63a66adbc60.txt	af8282bcbcba
7	5906.lswap-23548cda0ace.txt	5906.up-d1489855deef.txt	cf7caaa9c7fc
7	5906.lswap-23548cda0ace.txt	5906.up-f2c7804be474.txt	6d61e25e2762
7	5906.lswap-2497c9291398.txt	5906.lswap-25804d565b10.txt	cb67e923a6ca
7	5906.lswap-2497c9291398.txt	5906.lswap-29ee6f7c1197.txt	62a74ce65faa
7	5906.lswap-2497c9291398.txt	5906.lswap-29ee6f7c1197.txt	b13177991e02
7	5906.lswap-2497c9291398.txt	5906.lswap-2ae54d2fd96c.txt	2e62188e3c8b
7	5906.lswap-2497c9291398.txt	5906.lswap-2ae54d2fd96c.txt	48f9270682d9
7	5906.lswap-2497c9291398.txt	5906.lswap-41a210488ac9.txt	a8af7d1d0d1f
7	5906.lswap-2497c9291398.txt	5906.lswap-5a55d1641a86.txt	1fbf82fb2187
7	5906.lswap-2497c9291398.txt	5906.lswap-5dbb54e50268.txt	5ff76078c599
7	5906.lswap-2497c9291398.txt	5906.lswap-62d959eb4e73.txt	7e00c873941d
7	5906.lswap-2497c9291398.txt	5906.lswap-6f6f375dca74.txt	27becabec391
7	5906.lswap-2497c9291398.txt	5906.lswap-9a5cc6a6e3c8.txt	d4ec6aadbefe
7	5906.lswap-2497c9291398.txt	5906.lswap-9f3672f6c430.txt	746b5fef63fc
7	5906.lswap-2497c9291398.txt	5906.lswap-a7d2db45842b.txt	5581e578134b
7	5906.lswap-2497c9291398.txt	5906.lswap-a7d2db45842b.txt	d0a01a1ac47d
7	5906.lswap-2497c9291398.txt	5906.lswap-afd973e1a915.txt	396fe6d979c3
7	5906.lswap-2497c9291398.txt	5906.lswap-be4759bc731a.txt	162b937cfcd8
7	5906.lswap-2497c9291398.txt	5906.up-16ca46d2c5a9.txt	833239f93d60
7	5906.lswap-2497c9291398.txt	5906.up-77512ee88848.txt	833239f93d60
7	5906.lswap-25804d565b10.txt	5906.lswap-2497c9291398.txt	74d91872eeb5
7	5906.lswap-25804d565b10.txt	5906.lswap-29ee6f7c1197.txt	e616c3f821ef
7	5906.lswap-25804d565b10.txt	5906.lswap-3baeeea281f2.txt	1e97b4d2bd18
7	5906.lswap-25804d565b10.txt	5906.lswap-3baeeea281f2.txt	e8010fda4ae9
7	5906.lswap-25804d565b10.txt	5906.lswap-5808edca979d.txt	032dbf0d777a
7	5906.lswap-25804d565b10.txt	5906.lswap-5dbb54e50268.txt	833239f93d60
7	5906.lswap-25804d565b10.txt	5906.lswap-80e6c24a2613.txt	5581e578134b
7	5906.lswap-25804d565b10.txt	5906.lswap-80e6c24a2613.txt	d0a01a1ac47d
7	5906.lswap-25804d565b10.txt	5906.lswap-a28e203d65dc.txt	1e97b4d2bd18
7	5906.lswap-25804d565b10.txt	5906.lswap-a28e203d65dc.txt	e8010fda4ae9
7	5906.lswap-25804d565b10.txt	5906.lswap-af54b6f406a6.txt	2e62188e3c8b
7	5906.lswap-25804d565b10.txt	5906.lswap-af54b6f406a6.txt	48f9270682d9
7	5906.lswap-25804d565b10.txt	5906.lswap-e2d18fca77cb.txt	7e00c873941d
7	5906.lswap-25804d565b10.txt	5906.up-0d2e98183c29.txt	8821c9761a3f
7	5906.lswap-25804d565b10.txt	5906.up-77512ee88848.txt	8373a022eef2
7	5906.lswap-25804d565b10.txt	5906.up-8ec03171f5df.txt	d4ec6aadbefe
7	5906.lswap-25804d565b10.txt	5906.up-d2559533f431.txt	5ff76078c599
7	5906.lswap-25cebe1ff658.txt	5906.lswap-7bd46049981f.txt	2e183a958884
7	5906.lswap-25cebe1ff658.txt	5906.lswap-dcc866de4e11.txt	5f12a02d1321
7	5906.lswap-25cebe1ff658.txt	5906.lswap-dcc866de4e11.txt	5fdd20443018
7	5906.lswap-28b97fbb68d1.txt	5906.lswap-06f4ba2c8122.txt	3a101202e00b
7	5906.lswap-28b97fbb68d1.txt	5906.lswap-09c105553d61.txt	6c91c41eaa3d
7	5906.lswap-28b97fbb68d1.txt	5906.lswap-09c105553d61.txt	a5214c898b1c
7	5906.lswap-28b97fbb68d1.txt	5906.lswap-23548cda0ace.txt	4397e30222b2
7	5906.lswap-28b97fbb68d1.txt	5906.lswap-23548cda0ace.txt	45a947482465
7	5906.lswap-28b97fbb68d1.txt	5906.lswap-67fc5c2184ab.txt	02397927f53b
7	5906.lswap-28b97fbb68d1.txt	5906.lswap-67fc5c2184ab.txt	de09595a70f4
7	5906.lswap-28b97fbb68d1.txt	5906.lswap-8f58c699a11d.txt	4397e30222b2
7	5906.lswap-28b97fbb68d1.txt	5906.lswap-8f58c699a11d.txt	45a947482465
7	5906.lswap-28b97fbb68d1.txt	5906.lswap-9bf7e32c6472.txt	08979c4016d6
7	5906.lswap-28b97fbb68d1.txt	5906.up-377da0a3c300.txt	39a60f60d325
7	5906.lswap-28b97fbb68d1.txt	5906.up-6597315411ea.txt	f67057a04d42
7	5906.lswap-28b97fbb68d1.txt	5906.up-d1489855deef.txt	ceaf9e8f25f1
7	5906.lswap-28b97fbb68d1.txt	5906.up-f2c7804be474.txt	1be958ce8f4e
7	5906.lswap-28b97fbb68d1.txt	5906.up-f2c7804be474.txt	92dd26e01875
7	5906.lswap-29ee6f7c1197.txt	5906.lswap-2497c9291398.txt	429db3717944
7	5906.lswap-29ee6f7c1197.txt	5906.lswap-2497c9291398.txt	b081b754d26e
7	5906.lswap-29ee6f7c1197.txt	5906.lswap-25804d565b10.txt	e616c3f821ef
7	5906.lswap-29ee6f7c1197.txt	5906.lswap-2ae54d2fd96c.txt	833239f93d60
7	5906.lswap-29ee6f7c1197.txt	5906.lswap-3b66fbdbdf53.txt	7e00c873941d
7	5906.lswap-29ee6f7c1197.txt	5906.lswap-49fac07a5323.txt	746b5fef63fc
7	5906.lswap-29ee6f7c1197.txt	5906.lswap-49fc63d034f2.txt	a8af7d1d0d1f
7	5906.lswap-29ee6f7c1197.txt	5906.lswap-4c179f65aa4b.txt	1fbf82fb2187
7	5906.lswap-29ee6f7c1197.txt	5906.lswap-9759fb4af500.txt	6e21f7e985fe
7	5906.lswap-29ee6f7c1197.txt	5906.lswap-a7d2db45842b.txt	8821c9761a3f
7	5906.lswap-29ee6f7c1197.txt	5906.lswap-aa52880fc9e0.txt	27becabec391
7	5906.lswap-29ee6f7c1197.txt	5906.lswap-af54b6f406a6.txt	5ff76078c599
7	5906.lswap-29ee6f7c1197.txt	5906.lswap-d252e4d38aa9.txt	162b937cfcd8
7	5906.lswap-29ee6f7c1197.txt	5906.up-53b55626d912.txt	2e62188e3c8b
7	5906.lswap-29ee6f7c1197.txt	5906.up-53b55626d912.txt	48f9270682d9
7	5906.lswap-29ee6f7c1197.txt	5906.up-77512ee88848.txt	2e62188e3c8b
7	5906.lswap-29ee6f7c1197.txt	5906.up-77512ee88848.txt	48f9270682d9
7	5906.lswap-2ae54d2fd96c.txt	5906.lswap-2497c9291398.txt	2e62188e3c8b
7	5906.lswap-2ae54d2fd96c.txt	5906.lswap-2497c9291398.txt	48f9270682d9
7	5906.lswap-2ae54d2fd96c.txt	5906.lswap-29ee6f7c1197.txt	833239f93d60
7	5906.lswap-2ae54d2fd96c.txt	5906.lswap-52e683fb05d3.txt	6e21f7e985fe
7	5906.lswap-2ae54d2fd96c.txt	5906.lswap-5dbb54e50268.txt	e616c3f821ef
7	5906.lswap-2ae54d2fd96c.txt	5906.lswap-7f47c6e6eeda.txt	5581e578134b
7	5906.lswap-2ae54d2fd96c.txt	5906.lswap-7f47c6e6eeda.txt	d0a01a1ac47d
7	5906.lswap-2ae54d2fd96c.txt	5906.lswap-af54b6f406a6.txt	cb67e923a6ca
7	5906.lswap-2ae54d2fd96c.txt	5906.lswap-e145b859ca30.txt	396fe6d979c3
7	5906.lswap-2ae54d2fd96c.txt	5906.up-0db50fc7743c.txt	cf88f66916d6
7	5906.lswap-2ae54d2fd96c.txt	5906.up-16ca46d2c5a9.txt	429db3717944
7	5906.lswap-2ae54d2fd96c.txt	5906.up-16ca46d2c5a9.txt	b081b754d26e
7	5906.lswap-2ae54d2fd96c.txt	5906.up-331e3f0f91ee.txt	746b5fef63fc
7	5906.lswap-2ae54d2fd96c.txt	5906.up-53b55626d912.txt	62a74ce65faa
7	5906.lswap-2ae54d2fd96c.txt	5906.up-53b55626d912.txt	b13177991e02
7	5906.lswap-2fb529601be6.txt	5906.lswap-3c791ffa671d.txt	2257058c3d2d
7	5906.lswap-2fb529601be6.txt	5906.lswap-3c791ffa671d.txt	49c5410504fe
7	5906.lswap-2fb529601be6.txt	5906.lswap-423441640591.txt	398028eae919
7	5906.lswap-2fb529601be6.txt	5906.lswap-423441640591.txt	83d54a67702c
7	5906.lswap-2fb529601be6.txt	5906.up-23ca8a9bcc81.txt	d4c86ffe1efa
7	5906.lswap-2fb529601be6.txt	5906.up-b2d6bec1e3bd.txt	71fce178fd55
7	5906.lswap-3a55a72f70d6.txt	5906.lswap-06f4ba2c8122.txt	af2802484319
7	5906.lswap-3a55a72f70d6.txt	5906.lswap-09c105553d61.txt	6d61e25e2762
7	5906.lswap-3a55a72f70d6.txt	5906.lswap-09c105553d61.txt	74d503e42116
7	5906.lswap-3a55a72f70d6.txt	5906.lswap-23548cda0ace.txt	71e1161ee3eb
7	5906.lswap-3a55a72f70d6.txt	5906.lswap-23548cda0ace.txt	d306546e9989
7	5906.lswap-3a55a72f70d6.txt	5906.lswap-67fc5c2184ab.txt	033afc57097e
7	5906.lswap-3a55a72f70d6.txt	5906.lswap-67fc5c2184ab.txt	e2a2c6dd2c41
7	5906.lswap-3a55a72f70d6.txt	5906.lswap-8f58c699a11d.txt	71e1161ee3eb
7	5906.lswap-3a55a72f70d6.txt	5906.lswap-8f58c699a11d.txt	d306546e9989
7	5906.lswap-3a55a72f70d6.txt	5906.lswap-9bf7e32c6472.txt	9e9d1fddba16
7	5906.lswap-3a55a72f70d6.txt	5906.up-0a065898a821.txt	39a60f60d325
7	5906.lswap-3a55a72f70d6.txt	5906.up-72482a71c81e.txt	1be958ce8f4e
7	5906.lswap-3a55a72f70d6.txt	5906.up-72482a71c81e.txt	92dd26e01875
7	5906.lswap-3a55a72f70d6.txt	5906.up-c3afee7ed153.txt	e1f44691aec8
7	5906.lswap-3a55a72f70d6.txt	5906.up-c63a66adbc60.txt	a6bd3e103a4c
7	5906.lswap-3b4f2e286e0c.txt	5906.lswap-0de54c0a7bb6.txt	b85e26cbabc5
7	5906.lswap-3b4f2e286e0c.txt	5906.lswap-17203113788c.txt	be6b4f4e69cf
7	5906.lswap-3b4f2e286e0c.txt	5906.lswap-3baeeea281f2.txt	5581e578134b
7	5906.lswap-3b4f2e286e0c.txt	5906.lswap-3baeeea281f2.txt	d0a01a1ac47d
7	5906.lswap-3b4f2e286e0c.txt	5906.lswap-41a210488ac9.txt	2257058c3d2d
7	5906.lswap-3b4f2e286e0c.txt	5906.lswap-469763027c57.txt	746b5fef63fc
7	5906.lswap-3b4f2e286e0c.txt	5906.lswap-49fc63d034f2.txt	0df6c6a90182
7	5906.lswap-3b4f2e286e0c.txt	5906.lswap-5228890279ca.txt	4c6e579a7560
7	5906.lswap-3b4f2e286e0c.txt	5906.lswap-5228890279ca.txt	72d376c5571d
7	5906.lswap-3b4f2e286e0c.txt	5906.lswap-5a55d1641a86.txt	9943a7ddc283
7	5906.lswap-3b4f2e286e0c.txt	5906.lswap-6bd82af50a4e.txt	f4276d62e543
7	5906.lswap-3b4f2e286e0c.txt	5906.lswap-6d0ad177e5ee.txt	0ad29fbab280
7	5906.lswap-3b4f2e286e0c.txt	5906.lswap-6d7ea156bdcc.txt	398028eae919
7	5906.lswap-3b4f2e286e0c.txt	5906.lswap-80e6c24a2613.txt	90628da2dd0c
7	5906.lswap-3b4f2e286e0c.txt	5906.lswap-80e6c24a2613.txt	a9604abeb264
7	5906.lswap-3b4f2e286e0c.txt	5906.lswap-8ed814577309.txt	61e671455635
7	5906.lswap-3b4f2e286e0c.txt	5906.lswap-964ebce5847f.txt	0df6c6a90182
7	5906.lswap-3b4f2e286e0c.txt	5906.lswap-aa52880fc9e0.txt	38fa2979bd03
7	5906.lswap-3b4f2e286e0c.txt	5906.lswap-be4759bc731a.txt	a805ea3de51d
7	5906.lswap-3b4f2e286e0c.txt	5906.lswap-cae9c3b46793.txt	429db3717944
7	5906.lswap-3b4f2e286e0c.txt	5906.lswap-cae9c3b46793.txt	84209a8c0f2c
7	5906.lswap-3b4f2e286e0c.txt	5906.lswap-cae9c3b46793.txt	b081b754d26e
7	5906.lswap-3b4f2e286e0c.txt	5906.lswap-cf5ecb0e9ecc.txt	cf88f66916d6
7	5906.lswap-3b4f2e286e0c.txt	5906.lswap-d252e4d38aa9.txt	095bfb3dc800
7	5906.lswap-3b4f2e286e0c.txt	5906.lswap-e59a6239aa79.txt	41a730999ec8
7	5906.lswap-3b4f2e286e0c.txt	5906.lswap-e59a6239aa79.txt	62a74ce65faa
7	5906.lswap-3b4f2e286e0c.txt	5906.lswap-e59a6239aa79.txt	b13177991e02
7	5906.lswap-3b4f2e286e0c.txt	5906.lswap-f6dbf9989449.txt	3f6f5c94d76e
7	5906.lswap-3b4f2e286e0c.txt	5906.up-168d62e1a9d1.txt	96ebdab07f84
7	5906.lswap-3b4f2e286e0c.txt	5906.up-2cb6c1139592.txt	7da937df9f1b
7	5906.lswap-3b4f2e286e0c.txt	5906.up-91a0d3cd2c14.txt	7145048de6a4
7	5906.lswap-3b4f2e286e0c.txt	5906.up-e94d2b57a7d4.txt	223da8cfb8a5
7	5906.lswap-3b66fbdbdf53.txt	5906.lswap-025c4805fc39.txt	8373a022eef2
7	5906.lswap-3b66fbdbdf53.txt	5906.lswap-025c4805fc39.txt	cf88f66916d6
7	5906.lswap-3b66fbdbdf53.txt	5906.lswap-29ee6f7c1197.txt	defc0816dfd5
7	5906.lswap-3b66fbdbdf53.txt	5906.lswap-62d959eb4e73.txt	429db3717944
7	5906.lswap-3b66fbdbdf53.txt	5906.lswap-62d959eb4e73.txt	8821c9761a3f
7	5906.lswap-3b66fbdbdf53.txt	5906.lswap-62d959eb4e73.txt	b081b754d26e
7	5906.lswap-3b66fbdbdf53.txt	5906.lswap-6d0ad177e5ee.txt	2e62188e3c8b
7	5906.lswap-3b66fbdbdf53.txt	5906.lswap-6d0ad177e5ee.txt	48f9270682d9
7	5906.lswap-3b66fbdbdf53.txt	5906.lswap-9f3672f6c430.txt	6e21f7e985fe
7	5906.lswap-3b66fbdbdf53.txt	5906.lswap-e145b859ca30.txt	833239f93d60
7	5906.lswap-3b66fbdbdf53.txt	5906.lswap-e2d18fca77cb.txt	e616c3f821ef
7	5906.lswap-3b66fbdbdf53.txt	5906.lswap-e73e096376f0.txt	2e62188e3c8b
7	5906.lswap-3b66fbdbdf53.txt	5906.lswap-e73e096376f0.txt	48f9270682d9
7	5906.lswap-3baeeea281f2.txt	5906.lswap-0de54c0a7bb6.txt	b1be0f46d82c
7	5906.lswap-3baeeea281f2.txt	5906.lswap-25804d565b10.txt	90628da2dd0c
7	5906.lswap-3baeeea281f2.txt	5906.lswap-25804d565b10.txt	a9604abeb264
7	5906.lswap-3baeeea281f2.txt	5906.lswap-3b4f2e286e0c.txt	5581e578134b
7	5906.lswap-3baeeea281f2.txt	5906.lswap-3b4f2e286e0c.txt	d0a01a1ac47d
7	5906.lswap-3baeeea281f2.txt	5906.lswap-41a210488ac9.txt	2257058c3d2d
7	5906.lswap-3baeeea281f2.txt	5906.lswap-469763027c57.txt	5ff76078c599
7	5906.lswap-3baeeea281f2.txt	5906.lswap-469763027c57.txt	f33f447ada52
7	5906.lswap-3baeeea281f2.txt	5906.lswap-49fc63d034f2.txt	4d9a21b2c945
7	5906.lswap-3baeeea281f2.txt	5906.lswap-5764c730eaee.txt	be6b4f4e69cf
7	5906.lswap-3baeeea281f2.txt	5906.lswap-6bd82af50a4e.txt	f4276d62e543
7	5906.lswap-3baeeea281f2.txt	5906.lswap-6d7ea156bdcc.txt	398028eae919
7	5906.lswap-3baeeea281f2.txt	5906.lswap-6f6f375dca74.txt	9943a7ddc283
7	5906.lswap-3baeeea281f2.txt	5906.lswap-964ebce5847f.txt	f87b924fc4aa
7	5906.lswap-3baeeea281f2.txt	5906.lswap-a28e203d65dc.txt	4c6e579a7560
7	5906.lswap-3baeeea281f2.txt	5906.lswap-a28e203d65dc.txt	72d376c5571d
7	5906.lswap-3baeeea281f2.txt	5906.lswap-aa52880fc9e0.txt	0485c22c758e
7	5906.lswap-3baeeea281f2.txt	5906.lswap-be4759bc731a.txt	a805ea3de51d
7	5906.lswap-3baeeea281f2.txt	5906.lswap-cae9c3b46793.txt	8821c9761a3f
7	5906.lswap-3baeeea281f2.txt	5906.lswap-cf5ecb0e9ecc.txt	8373a022eef2
7	5906.lswap-3baeeea281f2.txt	5906.lswap-cf5ecb0e9ecc.txt	ddc1e5a5e22d
7	5906.lswap-3baeeea281f2.txt	5906.lswap-d252e4d38aa9.txt	b1be0f46d82c
7	5906.lswap-3baeeea281f2.txt	5906.lswap-df71274e07be.txt	61e671455635
7	5906.lswap-3baeeea281f2.txt	5906.lswap-e59a6239aa79.txt	d4ec6aadbefe
7	5906.lswap-3baeeea281f2.txt	5906.lswap-e73e096376f0.txt	0ad29fbab280
7	5906.lswap-3baeeea281f2.txt	5906.lswap-f6dbf9989449.txt	84a31d178833
7	5906.lswap-3baeeea281f2.txt	5906.up-14e2c7b29aae.txt	92782df6e5d5
7	5906.lswap-3baeeea281f2.txt	5906.up-a838f31a7b4f.txt	f550b887608a
7	5906.lswap-3baeeea281f2.txt	5906.up-e948752d6a32.txt	d58953d08832
7	5906.lswap-3baeeea281f2.txt	5906.up-eebb02e3baec.txt	e332743d8318
7	5906.lswap-3c791ffa671d.txt	5906.lswap-1e70957354f1.txt	398028eae919
7	5906.lswap-3c791ffa671d.txt	5906.lswap-1e70957354f1.txt	83d54a67702c
7	5906.lswap-3c791ffa671d.txt	5906.lswap-2fb529601be6.txt	4f671bc3d3f3
7	5906.lswap-3c791ffa671d.txt	5906.lswap-2fb529601be6.txt	f4276d62e543
7	5906.lswap-3c791ffa671d.txt	5906.lswap-73851215f718.txt	e1d1870a78cd
7	5906.lswap-3c791ffa671d.txt	5906.lswap-821102adfff8.txt	be6b4f4e69cf
7	5906.lswap-3d82ae1f2111.txt	5906.up-207dc5352d35.txt	5f12a02d1321
7	5906.lswap-3d82ae1f2111.txt	5906.up-e1680a9d0e30.txt	e29b2ab073c4
7	5906.lswap-41a210488ac9.txt	5906.lswap-0de54c0a7bb6.txt	5ff76078c599
7	5906.lswap-41a210488ac9.txt	5906.lswap-0de54c0a7bb6.txt	746b5fef63fc
7	5906.lswap-41a210488ac9.txt	5906.lswap-2497c9291398.txt	02eb9e2292e4
7	5906.lswap-41a210488ac9.txt	5906.lswap-3b4f2e286e0c.txt	f4276d62e543
7	5906.lswap-41a210488ac9.txt	5906.lswap-3baeeea281f2.txt	f4276d62e543
7	5906.lswap-41a210488ac9.txt	5906.lswap-49fc63d034f2.txt	62a74ce65faa
7	5906.lswap-41a210488ac9.txt	5906.lswap-49fc63d034f2.txt	b13177991e02
7	5906.lswap-41a210488ac9.txt	5906.lswap-49fc63d034f2.txt	d4ec6aadbefe
7	5906.lswap-41a210488ac9.txt	5906.lswap-4c179f65aa4b.txt	223da8cfb8a5
7	5906.lswap-41a210488ac9.txt	5906.lswap-5228890279ca.txt	4f671bc3d3f3
7	5906.lswap-41a210488ac9.txt	5906.lswap-5a7a973564fd.txt	4bf7e3748717
7	5906.lswap-41a210488ac9.txt	5906.lswap-7602ba885180.txt	d58953d08832
7	5906.lswap-41a210488ac9.txt	5906.lswap-964ebce5847f.txt	c8a9fa3f5fe4
7	5906.lswap-41a210488ac9.txt	5906.lswap-a28e203d65dc.txt	4f671bc3d3f3
7	5906.lswap-41a210488ac9.txt	5906.lswap-a7d2db45842b.txt	02eb9e2292e4
7	5906.lswap-41a210488ac9.txt	5906.lswap-aa52880fc9e0.txt	c6fe0326a117
7	5906.lswap-41a210488ac9.txt	5906.lswap-b55f23a2f470.txt	4bf7e3748717
7	5906.lswap-41a210488ac9.txt	5906.lswap-cae9c3b46793.txt	0df6c6a90182
7	5906.lswap-41a210488ac9.txt	5906.lswap-cae9c3b46793.txt	f87b924fc4aa
7	5906.lswap-41a210488ac9.txt	5906.lswap-cf5ecb0e9ecc.txt	095bfb3dc800
7	5906.lswap-41a210488ac9.txt	5906.lswap-cf5ecb0e9ecc.txt	b1be0f46d82c
7	5906.lswap-41a210488ac9.txt	5906.lswap-d252e4d38aa9.txt	91270bf2a57d
7	5906.lswap-41a210488ac9.txt	5906.lswap-f6dbf9989449.txt	4ad13835a281
7	5906.lswap-41a210488ac9.txt	5906.up-14e2c7b29aae.txt	d0fa1d8cc35d
7	5906.lswap-41a210488ac9.txt	5906.up-168d62e1a9d1.txt	df712ba91fb7
7	5906.lswap-423441640591.txt	5906.lswap-1e70957354f1.txt	2257058c3d2d
7	5906.lswap-423441640591.txt	5906.lswap-1e70957354f1.txt	49c5410504fe
7	5906.lswap-423441640591.txt	5906.lswap-2fb529601be6.txt	a805ea3de51d
7	5906.lswap-423441640591.txt	5906.lswap-2fb529601be6.txt	d6c04566fc39
7	5906.lswap-423441640591.txt	5906.lswap-73851215f718.txt	7f04bb1041b3
7	5906.lswap-423441640591.txt	5906.lswap-821102adfff8.txt	9943a7ddc283
7	5906.lswap-469763027c57.txt	5906.lswap-0de54c0a7bb6.txt	2257058c3d2d
7	5906.lswap-469763027c57.txt	5906.lswap-0de54c0a7bb6.txt	49c5410504fe
7	5906.lswap-469763027c57.txt	5906.lswap-17203113788c.txt	0485c22c758e
7	5906.lswap-469763027c57.txt	5906.lswap-3b4f2e286e0c.txt	cf88f66916d6
7	5906.lswap-469763027c57.txt	5906.lswap-3baeeea281f2.txt	8373a022eef2
7	5906.lswap-469763027c57.txt	5906.lswap-3baeeea281f2.txt	ddc1e5a5e22d
7	5906.lswap-469763027c57.txt	5906.lswap-5228890279ca.txt	cf88f66916d6
7	5906.lswap-469763027c57.txt	5906.lswap-5764c730eaee.txt	38fa2979bd03
7	5906.lswap-469763027c57.txt	5906.lswap-6bd82af50a4e.txt	095bfb3dc800
7	5906.lswap-469763027c57.txt	5906.lswap-6bd82af50a4e.txt	b1be0f46d82c
7	5906.lswap-469763027c57.txt	5906.lswap-6d7ea156bdcc.txt	0df6c6a90182
7	5906.lswap-469763027c57.txt	5906.lswap-6d7ea156bdcc.txt	4d9a21b2c945
7	5906.lswap-469763027c57.txt	5906.lswap-7602ba885180.txt	9943a7ddc283
7	5906.lswap-469763027c57.txt	5906.lswap-964ebce5847f.txt	a805ea3de51d
7	5906.lswap-469763027c57.txt	5906.lswap-964ebce5847f.txt	d6c04566fc39
7	5906.lswap-469763027c57.txt	5906.lswap-a28e203d65dc.txt	3a42d71f01c6
7	5906.lswap-469763027c57.txt	5906.lswap-a28e203d65dc.txt	8373a022eef2
7	5906.lswap-469763027c57.txt	5906.lswap-b55f23a2f470.txt	92782df6e5d5
7	5906.lswap-469763027c57.txt	5906.lswap-b55f23a2f470.txt	b2d27c6fb87b
7	5906.lswap-469763027c57.txt	5906.lswap-e0920da719d9.txt	211974864876
7	5906.lswap-469763027c57.txt	5906.lswap-e0920da719d9.txt	f550b887608a
7	5906.lswap-469763027c57.txt	5906.lswap-e2d18fca77cb.txt	0ad29fbab280
7	5906.lswap-469763027c57.txt	5906.lswap-e2d18fca77cb.txt	61e671455635
7	5906.lswap-469763027c57.txt	5906.lswap-f6dbf9989449.txt	7f04bb1041b3
7	5906.lswap-469763027c57.txt	5906.up-d2559533f431.txt	90628da2dd0c
7	5906.lswap-469763027c57.txt	5906.up-d2559533f431.txt	a9604abeb264
7	5906.lswap-49fac07a5323.txt	5906.lswap-17203113788c.txt	1fbf82fb2187
7	5906.lswap-49fac07a5323.txt	5906.lswap-29ee6f7c1197.txt	cf88f66916d6
7	5906.lswap-49fac07a5323.txt	5906.lswap-5764c730eaee.txt	27becabec391
7	5906.lswap-49fac07a5323.txt	5906.lswap-5dbb54e50268.txt	8821c9761a3f
7	5906.lswap-49fac07a5323.txt	5906.lswap-62d959eb4e73.txt	c8cd712ae7b0
7	5906.lswap-49fac07a5323.txt	5906.lswap-6bd82af50a4e.txt	162b937cfcd8
7	5906.lswap-49fac07a5323.txt	5906.lswap-6d7ea156bdcc.txt	a8af7d1d0d1f
7	5906.lswap-49fac07a5323.txt	5906.lswap-7f47c6e6eeda.txt	74d91872eeb5
7	5906.lswap-49fac07a5323.txt	5906.lswap-80e6c24a2613.txt	2e62188e3c8b
7	5906.lswap-49fac07a5323.txt	5906.lswap-80e6c24a2613.txt	48f9270682d9
7	5906.lswap-49fac07a5323.txt	5906.lswap-9a5cc6a6e3c8.txt	8373a022eef2
7	5906.lswap-49fac07a5323.txt	5906.lswap-9f3672f6c430.txt	429db3717944
7	5906.lswap-49fac07a5323.txt	5906.lswap-9f3672f6c430.txt	b081b754d26e
7	5906.lswap-49fac07a5323.txt	5906.lswap-af54b6f406a6.txt	5581e578134b
7	5906.lswap-49fac07a5323.txt	5906.lswap-af54b6f406a6.txt	d0a01a1ac47d
7	5906.lswap-49fac07a5323.txt	5906.lswap-afd973e1a915.txt	defc0816dfd5
7	5906.lswap-49fac07a5323.txt	5906.up-331e3f0f91ee.txt	833239f93d60
7	5906.lswap-49fac07a5323.txt	5906.up-8ec03171f5df.txt	833239f93d60
7	5906.lswap-49fc63d034f2.txt	5906.lswap-17203113788c.txt	d58953d08832
7	5906.lswap-49fc63d034f2.txt	5906.lswap-29ee6f7c1197.txt	02eb9e2292e4
7	5906.lswap-49fc63d034f2.txt	5906.lswap-3b4f2e286e0c.txt	0df6c6a90182
7	5906.lswap-49fc63d034f2.txt	5906.lswap-3baeeea281f2.txt	f87b924fc4aa
7	5906.lswap-49fc63d034f2.txt	5906.lswap-41a210488ac9.txt	429db3717944
7	5906.lswap-49fc63d034f2.txt	5906.lswap-41a210488ac9.txt	8821c9761a3f
7	5906.lswap-49fc63d034f2.txt	5906.lswap-41a210488ac9.txt	b081b754d26e
7	5906.lswap-49fc63d034f2.txt	5906.lswap-5228890279ca.txt	f87b924fc4aa
7	5906.lswap-49fc63d034f2.txt	5906.lswap-5764c730eaee.txt	4ad13835a281
7	5906.lswap-49fc63d034f2.txt	5906.lswap-5a55d1641a86.txt	1b8c339e89cd
7	5906.lswap-49fc63d034f2.txt	5906.lswap-5a7a973564fd.txt	df712ba91fb7
7	5906.lswap-49fc63d034f2.txt	5906.lswap-6bd82af50a4e.txt	c8a9fa3f5fe4
7	5906.lswap-49fc63d034f2.txt	5906.lswap-6d7ea156bdcc.txt	5ff76078c599
7	5906.lswap-49fc63d034f2.txt	5906.lswap-6d7ea156bdcc.txt	746b5fef63fc
7	5906.lswap-49fc63d034f2.txt	5906.lswap-6f6f375dca74.txt	96ebdab07f84
7	5906.lswap-49fc63d034f2.txt	5906.lswap-9a5cc6a6e3c8.txt	02eb9e2292e4
7	5906.lswap-49fc63d034f2.txt	5906.lswap-a28e203d65dc.txt	0df6c6a90182
7	5906.lswap-49fc63d034f2.txt	5906.lswap-b55f23a2f470.txt	df712ba91fb7
7	5906.lswap-49fc63d034f2.txt	5906.lswap-be4759bc731a.txt	cf81c5206273
7	5906.lswap-49fc63d034f2.txt	5906.lswap-cf5ecb0e9ecc.txt	a805ea3de51d
7	5906.lswap-49fc63d034f2.txt	5906.lswap-cf5ecb0e9ecc.txt	d6c04566fc39
7	5906.lswap-49fc63d034f2.txt	5906.lswap-e59a6239aa79.txt	4f671bc3d3f3
7	5906.lswap-49fc63d034f2.txt	5906.lswap-e59a6239aa79.txt	f4276d62e543
7	5906.lswap-49fc63d034f2.txt	5906.up-14e2c7b29aae.txt	969165258934
7	5906.lswap-49fc63d034f2.txt	5906.up-e94d2b57a7d4.txt	4bf7e3748717
7	5906.lswap-4a581202d46c.txt	5906.lswap-68a263f18066.txt	b5b4d392bb7f
7	5906.lswap-4c179f65aa4b.txt	5906.lswap-17203113788c.txt	746b5fef63fc
7	5906.lswap-4c179f65aa4b.txt	5906.lswap-17203113788c.txt	f33f447ada52
7	5906.lswap-4c179f65aa4b.txt	5906.lswap-29ee6f7c1197.txt	0ad29fbab280
7	5906.lswap-4c179f65aa4b.txt	5906.lswap-41a210488ac9.txt	7da937df9f1b
7	5906.lswap-4c179f65aa4b.txt	5906.lswap-5228890279ca.txt	84a31d178833
7	5906.lswap-4c179f65aa4b.txt	5906.lswap-5764c730eaee.txt	5ff76078c599
7	5906.lswap-4c179f65aa4b.txt	5906.lswap-5a55d1641a86.txt	429db3717944
7	5906.lswap-4c179f65aa4b.txt	5906.lswap-5a55d1641a86.txt	b081b754d26e
7	5906.lswap-4c179f65aa4b.txt	5906.lswap-5a7a973564fd.txt	f87b924fc4aa
7	5906.lswap-4c179f65aa4b.txt	5906.lswap-6bd82af50a4e.txt	d58953d08832
7	5906.lswap-4c179f65aa4b.txt	5906.lswap-6d7ea156bdcc.txt	e332743d8318
7	5906.lswap-4c179f65aa4b.txt	5906.lswap-6f6f375dca74.txt	84209a8c0f2c
7	5906.lswap-4c179f65aa4b.txt	5906.lswap-6f6f375dca74.txt	8821c9761a3f
7	5906.lswap-4c179f65aa4b.txt	5906.lswap-9a5cc6a6e3c8.txt	61e671455635
7	5906.lswap-4c179f65aa4b.txt	5906.lswap-a28e203d65dc.txt	3f6f5c94d76e
7	5906.lswap-4c179f65aa4b.txt	5906.lswap-aa52880fc9e0.txt	4c6e579a7560
7	5906.lswap-4c179f65aa4b.txt	5906.lswap-aa52880fc9e0.txt	72d376c5571d
7	5906.lswap-4c179f65aa4b.txt	5906.lswap-afd973e1a915.txt	90628da2dd0c
7	5906.lswap-4c179f65aa4b.txt	5906.lswap-afd973e1a915.txt	a9604abeb264
7	5906.lswap-4c179f65aa4b.txt	5906.lswap-b12d38608f09.txt	b1be0f46d82c
7	5906.lswap-4c179f65aa4b.txt	5906.lswap-b55f23a2f470.txt	0df6c6a90182
7	5906.lswap-4c179f65aa4b.txt	5906.lswap-be4759bc731a.txt	96ebdab07f84
7	5906.lswap-4c179f65aa4b.txt	5906.lswap-cf5ecb0e9ecc.txt	9943a7ddc283
7	5906.lswap-4c179f65aa4b.txt	5906.lswap-e0920da719d9.txt	b85e26cbabc5
7	5906.lswap-4c179f65aa4b.txt	5906.lswap-e59a6239aa79.txt	be6b4f4e69cf
7	5906.lswap-4c179f65aa4b.txt	5906.up-14e2c7b29aae.txt	a805ea3de51d
7	5906.lswap-4c179f65aa4b.txt	5906.up-91a0d3cd2c14.txt	398028eae919
7	5906.lswap-4c179f65aa4b.txt	5906.up-a838f31a7b4f.txt	2257058c3d2d
7	5906.lswap-4c179f65aa4b.txt	5906.up-e94d2b57a7d4.txt	f4276d62e543
7	5906.lswap-5228890279ca.txt	5906.lswap-0de54c0a7bb6.txt	b1be0f46d82c
7	5906.lswap-5228890279ca.txt	5906.lswap-3b4f2e286e0c.txt	4c6e579a7560
7	5906.lswap-5228890279ca.txt	5906.lswap-3b4f2e286e0c.txt	72d376c5571d
7	5906.lswap-5228890279ca.txt	5906.lswap-41a210488ac9.txt	49c5410504fe
7	5906.lswap-5228890279ca.txt	5906.lswap-469763027c57.txt	746b5fef63fc
7	5906.lswap-5228890279ca.txt	5906.lswap-49fc63d034f2.txt	4d9a21b2c945
7	5906.lswap-5228890279ca.txt	5906.lswap-4c179f65aa4b.txt	0485c22c758e
7	5906.lswap-5228890279ca.txt	5906.lswap-5764c730eaee.txt	e1d1870a78cd
7	5906.lswap-5228890279ca.txt	5906.lswap-6bd82af50a4e.txt	4f671bc3d3f3
7	5906.lswap-5228890279ca.txt	5906.lswap-6d0ad177e5ee.txt	61e671455635
7	5906.lswap-5228890279ca.txt	5906.lswap-6d7ea156bdcc.txt	83d54a67702c
7	5906.lswap-5228890279ca.txt	5906.lswap-6f6f375dca74.txt	7f04bb1041b3
7	5906.lswap-5228890279ca.txt	5906.lswap-7602ba885180.txt	84a31d178833
7	5906.lswap-5228890279ca.txt	5906.lswap-80e6c24a2613.txt	90628da2dd0c
7	5906.lswap-5228890279ca.txt	5906.lswap-80e6c24a2613.txt	a9604abeb264
7	5906.lswap-5228890279ca.txt	5906.lswap-8ed814577309.txt	0ad29fbab280
7	5906.lswap-5228890279ca.txt	5906.lswap-964ebce5847f.txt	f87b924fc4aa
7	5906.lswap-5228890279ca.txt	5906.lswap-a28e203d65dc.txt	5581e578134b
7	5906.lswap-5228890279ca.txt	5906.lswap-a28e203d65dc.txt	d0a01a1ac47d
7	5906.lswap-5228890279ca.txt	5906.lswap-be4759bc731a.txt	d6c04566fc39
7	5906.lswap-5228890279ca.txt	5906.lswap-cae9c3b46793.txt	429db3717944
7	5906.lswap-5228890279ca.txt	5906.lswap-cae9c3b46793.txt	8439efc11368
7	5906.lswap-5228890279ca.txt	5906.lswap-cae9c3b46793.txt	b081b754d26e
7	5906.lswap-5228890279ca.txt	5906.lswap-cf5ecb0e9ecc.txt	cf88f66916d6
7	5906.lswap-5228890279ca.txt	5906.lswap-d252e4d38aa9.txt	b1be0f46d82c
7	5906.lswap-5228890279ca.txt	5906.lswap-e59a6239aa79.txt	39b993f37fda
7	5906.lswap-5228890279ca.txt	5906.lswap-e59a6239aa79.txt	62a74ce65faa
7	5906.lswap-5228890279ca.txt	5906.lswap-e59a6239aa79.txt	b13177991e02
7	5906.lswap-5228890279ca.txt	5906.up-168d62e1a9d1.txt	1b8c339e89cd
7	5906.lswap-5228890279ca.txt	5906.up-2cb6c1139592.txt	66c7854e6888
7	5906.lswap-5228890279ca.txt	5906.up-91a0d3cd2c14.txt	b98392e1d7a6
7	5906.lswap-5228890279ca.txt	5906.up-e94d2b57a7d4.txt	c6fe0326a117
7	5906.lswap-52e683fb05d3.txt	5906.lswap-031568aa1b5c.txt	e616c3f821ef
7	5906.lswap-52e683fb05d3.txt	5906.lswap-2ae54d2fd96c.txt	46267e810eac
7	5906.lswap-52e683fb05d3.txt	5906.lswap-62d959eb4e73.txt	2e62188e3c8b
7	5906.lswap-52e683fb05d3.txt	5906.lswap-62d959eb4e73.txt	48f9270682d9
7	5906.lswap-52e683fb05d3.txt	5906.lswap-6d0ad177e5ee.txt	62a74ce65faa
7	5906.lswap-52e683fb05d3.txt	5906.lswap-6d0ad177e5ee.txt	b13177991e02
7	5906.lswap-52e683fb05d3.txt	5906.lswap-80e6c24a2613.txt	396fe6d979c3
7	5906.lswap-52e683fb05d3.txt	5906.lswap-8ed814577309.txt	62a74ce65faa
7	5906.lswap-52e683fb05d3.txt	5906.lswap-8ed814577309.txt	b13177991e02
7	5906.lswap-52e683fb05d3.txt	5906.lswap-9759fb4af500.txt	833239f93d60
7	5906.lswap-52e683fb05d3.txt	5906.lswap-cae9c3b46793.txt	1fbf82fb2187
7	5906.lswap-52e683fb05d3.txt	5906.lswap-cae9c3b46793.txt	27becabec391
7	5906.lswap-52e683fb05d3.txt	5906.lswap-df71274e07be.txt	d4ec6aadbefe
7	5906.lswap-52e683fb05d3.txt	5906.lswap-e73e096376f0.txt	d4ec6aadbefe
7	5906.lswap-52e683fb05d3.txt	5906.lswap-eeb9a73f4b33.txt	cb67e923a6ca
7	5906.lswap-52e683fb05d3.txt	5906.up-168d62e1a9d1.txt	162b937cfcd8
7	5906.lswap-52e683fb05d3.txt	5906.up-2cb6c1139592.txt	a8af7d1d0d1f
7	5906.lswap-52f45c5e8e22.txt	5906.lswap-17203113788c.txt	1e97b4d2bd18
7	5906.lswap-52f45c5e8e22.txt	5906.lswap-17203113788c.txt	e8010fda4ae9
7	5906.lswap-52f45c5e8e22.txt	5906.lswap-5764c730eaee.txt	1e97b4d2bd18
7	5906.lswap-52f45c5e8e22.txt	5906.lswap-5764c730eaee.txt	e8010fda4ae9
7	5906.lswap-52f45c5e8e22.txt	5906.lswap-5dbb54e50268.txt	c8cd712ae7b0
7	5906.lswap-52f45c5e8e22.txt	5906.lswap-8ed814577309.txt	74d91872eeb5
7	5906.lswap-52f45c5e8e22.txt	5906.lswap-9a5cc6a6e3c8.txt	032dbf0d777a
7	5906.lswap-52f45c5e8e22.txt	5906.lswap-afd973e1a915.txt	8373a022eef2
7	5906.lswap-52f45c5e8e22.txt	5906.lswap-afd973e1a915.txt	cf88f66916d6
7	5906.lswap-52f45c5e8e22.txt	5906.lswap-df71274e07be.txt	74d91872eeb5
7	5906.lswap-52f45c5e8e22.txt	5906.lswap-e145b859ca30.txt	e616c3f821ef
7	5906.lswap-52f45c5e8e22.txt	5906.lswap-e2d18fca77cb.txt	833239f93d60
7	5906.lswap-52f45c5e8e22.txt	5906.lswap-eeb9a73f4b33.txt	429db3717944
7	5906.lswap-52f45c5e8e22.txt	5906.lswap-eeb9a73f4b33.txt	8821c9761a3f
7	5906.lswap-52f45c5e8e22.txt	5906.lswap-eeb9a73f4b33.txt	b081b754d26e
7	5906.lswap-5764c730eaee.txt	5906.lswap-0de54c0a7bb6.txt	7da937df9f1b
7	5906.lswap-5764c730eaee.txt	5906.lswap-17203113788c.txt	4c6e579a7560
7	5906.lswap-5764c730eaee.txt	5906.lswap-17203113788c.txt	5581e578134b
7	5906.lswap-5764c730eaee.txt	5906.lswap-17203113788c.txt	72d376c5571d
7	5906.lswap-5764c730eaee.txt	5906.lswap-17203113788c.txt	d0a01a1ac47d
7	5906.lswap-5764c730eaee.txt	5906.lswap-3baeeea281f2.txt	9943a7ddc283
7	5906.lswap-5764c730eaee.txt	5906.lswap-469763027c57.txt	3f6f5c94d76e
7	5906.lswap-5764c730eaee.txt	5906.lswap-49fac07a5323.txt	61e671455635
7	5906.lswap-5764c730eaee.txt	5906.lswap-49fc63d034f2.txt	211974864876
7	5906.lswap-5764c730eaee.txt	5906.lswap-4c179f65aa4b.txt	8373a022eef2
7	5906.lswap-5764c730eaee.txt	5906.lswap-5228890279ca.txt	7f04bb1041b3
7	5906.lswap-5764c730eaee.txt	5906.lswap-52f45c5e8e22.txt	90628da2dd0c
7	5906.lswap-5764c730eaee.txt	5906.lswap-52f45c5e8e22.txt	a9604abeb264
7	5906.lswap-5764c730eaee.txt	5906.lswap-5a7a973564fd.txt	d6c04566fc39
7	5906.lswap-5764c730eaee.txt	5906.lswap-7602ba885180.txt	84209a8c0f2c
7	5906.lswap-5764c730eaee.txt	5906.lswap-7602ba885180.txt	8821c9761a3f
7	5906.lswap-5764c730eaee.txt	5906.lswap-964ebce5847f.txt	96ebdab07f84
7	5906.lswap-5764c730eaee.txt	5906.lswap-aa52880fc9e0.txt	3a42d71f01c6
7	5906.lswap-5764c730eaee.txt	5906.lswap-aa52880fc9e0.txt	cf88f66916d6
7	5906.lswap-5764c730eaee.txt	5906.lswap-af54b6f406a6.txt	0ad29fbab280
7	5906.lswap-5764c730eaee.txt	5906.lswap-b12d38608f09.txt	49c5410504fe
7	5906.lswap-5764c730eaee.txt	5906.lswap-b55f23a2f470.txt	a805ea3de51d
7	5906.lswap-5764c730eaee.txt	5906.lswap-d252e4d38aa9.txt	b2d27c6fb87b
7	5906.lswap-5764c730eaee.txt	5906.lswap-e0920da719d9.txt	2257058c3d2d
7	5906.lswap-5764c730eaee.txt	5906.lswap-e59a6239aa79.txt	38fa2979bd03
7	5906.lswap-5764c730eaee.txt	5906.lswap-f6dbf9989449.txt	429db3717944
7	5906.lswap-5764c730eaee.txt	5906.lswap-f6dbf9989449.txt	b081b754d26e
7	5906.lswap-5764c730eaee.txt	5906.up-91a0d3cd2c14.txt	0df6c6a90182
7	5906.lswap-5764c730eaee.txt	5906.up-e948752d6a32.txt	0df6c6a90182
7	5906.lswap-5764c730eaee.txt	5906.up-e94d2b57a7d4.txt	095bfb3dc800
7	5906.lswap-5764c730eaee.txt	5906.up-eebb02e3baec.txt	b85e26cbabc5
7	5906.lswap-5808edca979d.txt	5906.lswap-025c4805fc39.txt	2e62188e3c8b
7	5906.lswap-5808edca979d.txt	5906.lswap-025c4805fc39.txt	48f9270682d9
7	5906.lswap-5808edca979d.txt	5906.lswap-031568aa1b5c.txt	833239f93d60
7	5906.lswap-5808edca979d.txt	5906.lswap-25804d565b10.txt	d1acfe46465f
7	5906.lswap-5808edca979d.txt	5906.lswap-6d0ad177e5ee.txt	746b5fef63fc
7	5906.lswap-5808edca979d.txt	5906.lswap-7f47c6e6eeda.txt	7e00c873941d
7	5906.lswap-5808edca979d.txt	5906.lswap-8ed814577309.txt	746b5fef63fc
7	5906.lswap-5808edca979d.txt	5906.lswap-9759fb4af500.txt	e616c3f821ef
7	5906.lswap-5808edca979d.txt	5906.lswap-afd973e1a915.txt	cb67e923a6ca
7	5906.lswap-5808edca979d.txt	5906.lswap-cf5ecb0e9ecc.txt	1fbf82fb2187
7	5906.lswap-5808edca979d.txt	5906.lswap-cf5ecb0e9ecc.txt	27becabec391
7	5906.lswap-5808edca979d.txt	5906.lswap-df71274e07be.txt	5ff76078c599
7	5906.lswap-5808edca979d.txt	5906.lswap-e73e096376f0.txt	5ff76078c599
7	5906.lswap-5808edca979d.txt	5906.up-14e2c7b29aae.txt	162b937cfcd8
7	5906.lswap-5808edca979d.txt	5906.up-a838f31a7b4f.txt	a8af7d1d0d1f
7	5906.lswap-5a55d1641a86.txt	5906.lswap-0de54c0a7bb6.txt	e332743d8318
7	5906.lswap-5a55d1641a86.txt	5906.lswap-2497c9291398.txt	0ad29fbab280
7	5906.lswap-5a55d1641a86.txt	5906.lswap-3b4f2e286e0c.txt	be6b4f4e69cf
7	5906.lswap-5a55d1641a86.txt	5906.lswap-49fc63d034f2.txt	b98392e1d7a6
7	5906.lswap-5a55d1641a86.txt	5906.lswap-4c179f65aa4b.txt	62a74ce65faa
7	5906.lswap-5a55d1641a86.txt	5906.lswap-4c179f65aa4b.txt	b13177991e02
7	5906.lswap-5a55d1641a86.txt	5906.lswap-5a7a973564fd.txt	f4276d62e543
7	5906.lswap-5a55d1641a86.txt	5906.lswap-6f6f375dca74.txt	4c6e579a7560
7	5906.lswap-5a55d1641a86.txt	5906.lswap-6f6f375dca74.txt	5581e578134b
7	5906.lswap-5a55d1641a86.txt	5906.lswap-6f6f375dca74.txt	72d376c5571d
7	5906.lswap-5a55d1641a86.txt	5906.lswap-6f6f375dca74.txt	d0a01a1ac47d
7	5906.lswap-5a55d1641a86.txt	5906.lswap-7602ba885180.txt	746b5fef63fc
7	5906.lswap-5a55d1641a86.txt	5906.lswap-7602ba885180.txt	f33f447ada52
7	5906.lswap-5a55d1641a86.txt	5906.lswap-964ebce5847f.txt	d58953d08832
7	5906.lswap-5a55d1641a86.txt	5906.lswap-9759fb4af500.txt	90628da2dd0c
7	5906.lswap-5a55d1641a86.txt	5906.lswap-9759fb4af500.txt	a9604abeb264
7	5906.lswap-5a55d1641a86.txt	5906.lswap-a28e203d65dc.txt	e1d1870a78cd
7	5906.lswap-5a55d1641a86.txt	5906.lswap-a7d2db45842b.txt	61e671455635
7	5906.lswap-5a55d1641a86.txt	5906.lswap-aa52880fc9e0.txt	39b993f37fda
7	5906.lswap-5a55d1641a86.txt	5906.lswap-aa52880fc9e0.txt	d4ec6aadbefe
7	5906.lswap-5a55d1641a86.txt	5906.lswap-b12d38608f09.txt	398028eae919
7	5906.lswap-5a55d1641a86.txt	5906.lswap-b55f23a2f470.txt	4f671bc3d3f3
7	5906.lswap-5a55d1641a86.txt	5906.lswap-cae9c3b46793.txt	84a31d178833
7	5906.lswap-5a55d1641a86.txt	5906.lswap-cf5ecb0e9ecc.txt	0485c22c758e
7	5906.lswap-5a55d1641a86.txt	5906.lswap-d252e4d38aa9.txt	c6fe0326a117
7	5906.lswap-5a55d1641a86.txt	5906.lswap-e0920da719d9.txt	83d54a67702c
7	5906.lswap-5a55d1641a86.txt	5906.lswap-f6dbf9989449.txt	5ff76078c599
7	5906.lswap-5a55d1641a86.txt	5906.up-14e2c7b29aae.txt	b1be0f46d82c
7	5906.lswap-5a55d1641a86.txt	5906.up-168d62e1a9d1.txt	f87b924fc4aa
7	5906.lswap-5a55d1641a86.txt	5906.up-2cb6c1139592.txt	b1be0f46d82c
7	5906.lswap-5a55d1641a86.txt	5906.up-a838f31a7b4f.txt	4d9a21b2c945
7	5906.lswap-5a7a973564fd.txt	5906.lswap-0de54c0a7bb6.txt	ac9b3dbee6ab
7	5906.lswap-5a7a973564fd.txt	5906.lswap-17203113788c.txt	398028eae919
7	5906.lswap-5a7a973564fd.txt	5906.lswap-41a210488ac9.txt	71fce178fd55
7	5906.lswap-5a7a973564fd.txt	5906.lswap-49fc63d034f2.txt	d5d134bba086
7	5906.lswap-5a7a973564fd.txt	5906.lswap-4c179f65aa4b.txt	4d9a21b2c945
7	5906.lswap-5a7a973564fd.txt	5906.lswap-5764c730eaee.txt	83d54a67702c
7	5906.lswap-5a7a973564fd.txt	5906.lswap-5a55d1641a86.txt	2257058c3d2d
7	5906.lswap-5a7a973564fd.txt	5906.lswap-6d0ad177e5ee.txt	14a420b3a5b2
7	5906.lswap-5a7a973564fd.txt	5906.lswap-6d7ea156bdcc.txt	d4c86ffe1efa
7	5906.lswap-5a7a973564fd.txt	5906.lswap-6f6f375dca74.txt	49c5410504fe
7	5906.lswap-5a7a973564fd.txt	5906.lswap-7602ba885180.txt	b1be0f46d82c
7	5906.lswap-5a7a973564fd.txt	5906.lswap-8ed814577309.txt	14a420b3a5b2
7	5906.lswap-5a7a973564fd.txt	5906.lswap-aa52880fc9e0.txt	0df6c6a90182
7	5906.lswap-5a7a973564fd.txt	5906.lswap-b55f23a2f470.txt	5581e578134b
7	5906.lswap-5a7a973564fd.txt	5906.lswap-b55f23a2f470.txt	d0a01a1ac47d
7	5906.lswap-5a7a973564fd.txt	5906.lswap-cae9c3b46793.txt	66c7854e6888
7	5906.lswap-5a7a973564fd.txt	5906.lswap-cae9c3b46793.txt	7da937df9f1b
7	5906.lswap-5a7a973564fd.txt	5906.lswap-e59a6239aa79.txt	7145048de6a4
7	5906.lswap-5a7a973564fd.txt	5906.lswap-e59a6239aa79.txt	b98392e1d7a6
7	5906.lswap-5a7a973564fd.txt	5906.lswap-f6dbf9989449.txt	b85e26cbabc5
7	5906.lswap-5a7a973564fd.txt	5906.up-14e2c7b29aae.txt	cf88f66916d6
7	5906.lswap-5a7a973564fd.txt	5906.up-168d62e1a9d1.txt	429db3717944
7	5906.lswap-5a7a973564fd.txt	5906.up-168d62e1a9d1.txt	b081b754d26e
7	5906.lswap-5a7a973564fd.txt	5906.up-2cb6c1139592.txt	c22bfb6473cb
7	5906.lswap-5a7a973564fd.txt	5906.up-91a0d3cd2c14.txt	16eab6538ab6
7	5906.lswap-5a7a973564fd.txt	5906.up-e948752d6a32.txt	746b5fef63fc
7	5906.lswap-5a7a973564fd.txt	5906.up-e94d2b57a7d4.txt	62a74ce65faa
7	5906.lswap-5a7a973564fd.txt	5906.up-e94d2b57a7d4.txt	b13177991e02
7	5906.lswap-5dbb54e50268.txt	5906.lswap-031568aa1b5c.txt	032dbf0d777a
7	5906.lswap-5dbb54e50268.txt	5906.lswap-0de54c0a7bb6.txt	a8af7d1d0d1f
7	5906.lswap-5dbb54e50268.txt	5906.lswap-2497c9291398.txt	8373a022eef2
7	5906.lswap-5dbb54e50268.txt	5906.lswap-25804d565b10.txt	833239f93d60
7	5906.lswap-5dbb54e50268.txt	5906.lswap-2ae54d2fd96c.txt	e616c3f821ef
7	5906.lswap-5dbb54e50268.txt	5906.lswap-49fac07a5323.txt	d4ec6aadbefe
7	5906.lswap-5dbb54e50268.txt	5906.lswap-52f45c5e8e22.txt	396fe6d979c3
7	5906.lswap-5dbb54e50268.txt	5906.lswap-7602ba885180.txt	27becabec391
7	5906.lswap-5dbb54e50268.txt	5906.lswap-964ebce5847f.txt	162b937cfcd8
7	5906.lswap-5dbb54e50268.txt	5906.lswap-a7d2db45842b.txt	cf88f66916d6
7	5906.lswap-5dbb54e50268.txt	5906.lswap-af54b6f406a6.txt	62a74ce65faa
7	5906.lswap-5dbb54e50268.txt	5906.lswap-af54b6f406a6.txt	b13177991e02
7	5906.lswap-5dbb54e50268.txt	5906.lswap-f6dbf9989449.txt	1fbf82fb2187
7	5906.lswap-5dbb54e50268.txt	5906.up-16ca46d2c5a9.txt	74d91872eeb5
7	5906.lswap-5dbb54e50268.txt	5906.up-d2559533f431.txt	cb67e923a6ca
7	5906.lswap-6008b60b1c2c.txt	5906.up-02d771908307.txt	b5b4d392bb7f
7	5906.lswap-6008b60b1c2c.txt	5906.up-454308027985.txt	971aac5119dd
7	5906.lswap-62d959eb4e73.txt	5906.lswap-031568aa1b5c.txt	8373a022eef2
7	5906.lswap-62d959eb4e73.txt	5906.lswap-031568aa1b5c.txt	cf88f66916d6
7	5906.lswap-62d959eb4e73.txt	5906.lswap-2497c9291398.txt	defc0816dfd5
7	5906.lswap-62d959eb4e73.txt	5906.lswap-3b66fbdbdf53.txt	62a74ce65faa
7	5906.lswap-62d959eb4e73.txt	5906.lswap-3b66fbdbdf53.txt	b13177991e02
7	5906.lswap-62d959eb4e73.txt	5906.lswap-3b66fbdbdf53.txt	d4ec6aadbefe
7	5906.lswap-62d959eb4e73.txt	5906.lswap-49fac07a5323.txt	396fe6d979c3
7	5906.lswap-62d959eb4e73.txt	5906.lswap-52e683fb05d3.txt	2e62188e3c8b
7	5906.lswap-62d959eb4e73.txt	5906.lswap-52e683fb05d3.txt	48f9270682d9
7	5906.lswap-62d959eb4e73.txt	5906.lswap-8ed814577309.txt	833239f93d60
7	5906.lswap-62d959eb4e73.txt	5906.lswap-e2d18fca77cb.txt	cb67e923a6ca
7	5906.lswap-62d959eb4e73.txt	5906.lswap-e73e096376f0.txt	833239f93d60
7	5906.lswap-67fc5c2184ab.txt	5906.lswap-23548cda0ace.txt	1be958ce8f4e
7	5906.lswap-67fc5c2184ab.txt	5906.lswap-23548cda0ace.txt	92dd26e01875
7	5906.lswap-67fc5c2184ab.txt	5906.lswap-28b97fbb68d1.txt	6d61e25e2762
7	5906.lswap-67fc5c2184ab.txt	5906.lswap-28b97fbb68d1.txt	74d503e42116
7	5906.lswap-67fc5c2184ab.txt	5906.lswap-3a55a72f70d6.txt	6c91c41eaa3d
7	5906.lswap-67fc5c2184ab.txt	5906.lswap-3a55a72f70d6.txt	a5214c898b1c
7	5906.lswap-67fc5c2184ab.txt	5906.lswap-8f58c699a11d.txt	1be958ce8f4e
7	5906.lswap-67fc5c2184ab.txt	5906.lswap-8f58c699a11d.txt	92dd26e01875
7	5906.lswap-67fc5c2184ab.txt	5906.lswap-945cf8ae5bef.txt	9e9d1fddba16
7	5906.lswap-67fc5c2184ab.txt	5906.lswap-9f885c2a5e20.txt	08979c4016d6
7	5906.lswap-67fc5c2184ab.txt	5906.up-0a065898a821.txt	4397e30222b2
7	5906.lswap-67fc5c2184ab.txt	5906.up-0a065898a821.txt	45a947482465
7	5906.lswap-67fc5c2184ab.txt	5906.up-377da0a3c300.txt	71e1161ee3eb
7	5906.lswap-67fc5c2184ab.txt	5906.up-377da0a3c300.txt	d306546e9989
7	5906.lswap-67fc5c2184ab.txt	5906.up-c63a66adbc60.txt	bf52ef05ab91
7	5906.lswap-67fc5c2184ab.txt	5906.up-d1489855deef.txt	fb61739cb012
7	5906.lswap-68a263f18066.txt	5906.lswap-4a581202d46c.txt	971aac5119dd
7	5906.lswap-6bd82af50a4e.txt	5906.lswap-0de54c0a7bb6.txt	c22bfb6473cb
7	5906.lswap-6bd82af50a4e.txt	5906.lswap-3b4f2e286e0c.txt	2257058c3d2d
7	5906.lswap-6bd82af50a4e.txt	5906.lswap-3baeeea281f2.txt	2257058c3d2d
7	5906.lswap-6bd82af50a4e.txt	5906.lswap-469763027c57.txt	b1be0f46d82c
7	5906.lswap-6bd82af50a4e.txt	5906.lswap-469763027c57.txt	b85e26cbabc5
7	5906.lswap-6bd82af50a4e.txt	5906.lswap-49fac07a5323.txt	14a420b3a5b2
7	5906.lswap-6bd82af50a4e.txt	5906.lswap-49fc63d034f2.txt	ff97c0cddd5f
7	5906.lswap-6bd82af50a4e.txt	5906.lswap-4c179f65aa4b.txt	f550b887608a
7	5906.lswap-6bd82af50a4e.txt	5906.lswap-5228890279ca.txt	49c5410504fe
7	5906.lswap-6bd82af50a4e.txt	5906.lswap-7602ba885180.txt	7da937df9f1b
7	5906.lswap-6bd82af50a4e.txt	5906.lswap-964ebce5847f.txt	429db3717944
7	5906.lswap-6bd82af50a4e.txt	5906.lswap-964ebce5847f.txt	8821c9761a3f
7	5906.lswap-6bd82af50a4e.txt	5906.lswap-964ebce5847f.txt	b081b754d26e
7	5906.lswap-6bd82af50a4e.txt	5906.lswap-a28e203d65dc.txt	49c5410504fe
7	5906.lswap-6bd82af50a4e.txt	5906.lswap-aa52880fc9e0.txt	211974864876
7	5906.lswap-6bd82af50a4e.txt	5906.lswap-af54b6f406a6.txt	14a420b3a5b2
7	5906.lswap-6bd82af50a4e.txt	5906.lswap-b12d38608f09.txt	71fce178fd55
7	5906.lswap-6bd82af50a4e.txt	5906.lswap-d252e4d38aa9.txt	8373a022eef2
7	5906.lswap-6bd82af50a4e.txt	5906.lswap-d252e4d38aa9.txt	cf88f66916d6
7	5906.lswap-6bd82af50a4e.txt	5906.lswap-e0920da719d9.txt	71fce178fd55
7	5906.lswap-6bd82af50a4e.txt	5906.lswap-e59a6239aa79.txt	0df6c6a90182
7	5906.lswap-6bd82af50a4e.txt	5906.lswap-e59a6239aa79.txt	4d9a21b2c945
7	5906.lswap-6bd82af50a4e.txt	5906.lswap-f6dbf9989449.txt	66c7854e6888
7	5906.lswap-6bd82af50a4e.txt	5906.up-91a0d3cd2c14.txt	d5d134bba086
7	5906.lswap-6bd82af50a4e.txt	5906.up-eebb02e3baec.txt	ac9b3dbee6ab
7	5906.lswap-6d0ad177e5ee.txt	5906.lswap-025c4805fc39.txt	e616c3f821ef
7	5906.lswap-6d0ad177e5ee.txt	5906.lswap-3b4f2e286e0c.txt	1fbf82fb2187
7	5906.lswap-6d0ad177e5ee.txt	5906.lswap-3b66fbdbdf53.txt	2e62188e3c8b
7	5906.lswap-6d0ad177e5ee.txt	5906.lswap-3b66fbdbdf53.txt	48f9270682d9
7	5906.lswap-6d0ad177e5ee.txt	5906.lswap-5228890279ca.txt	27becabec391
7	5906.lswap-6d0ad177e5ee.txt	5906.lswap-52e683fb05d3.txt	429db3717944
7	5906.lswap-6d0ad177e5ee.txt	5906.lswap-52e683fb05d3.txt	b081b754d26e
7	5906.lswap-6d0ad177e5ee.txt	5906.lswap-5808edca979d.txt	cf88f66916d6
7	5906.lswap-6d0ad177e5ee.txt	5906.lswap-5a7a973564fd.txt	162b937cfcd8
7	5906.lswap-6d0ad177e5ee.txt	5906.lswap-9759fb4af500.txt	2e62188e3c8b
7	5906.lswap-6d0ad177e5ee.txt	5906.lswap-9759fb4af500.txt	48f9270682d9
7	5906.lswap-6d0ad177e5ee.txt	5906.lswap-b12d38608f09.txt	a8af7d1d0d1f
7	5906.lswap-6d0ad177e5ee.txt	5906.lswap-e145b859ca30.txt	62a74ce65faa
7	5906.lswap-6d0ad177e5ee.txt	5906.lswap-e145b859ca30.txt	b13177991e02
7	5906.lswap-6d0ad177e5ee.txt	5906.lswap-e2d18fca77cb.txt	746b5fef63fc
7	5906.lswap-6d0ad177e5ee.txt	5906.lswap-e73e096376f0.txt	5581e578134b
7	5906.lswap-6d0ad177e5ee.txt	5906.lswap-e73e096376f0.txt	d0a01a1ac47d
7	5906.lswap-6d0ad177e5ee.txt	5906.lswap-eeb9a73f4b33.txt	e616c3f821ef
7	5906.lswap-6d0ad177e5ee.txt	5906.up-0d2e98183c29.txt	6e21f7e985fe
7	5906.lswap-6d0ad177e5ee.txt	5906.up-53b55626d912.txt	46267e810eac
7	5906.lswap-6d7ea156bdcc.txt	5906.lswap-0de54c0a7bb6.txt	429db3717944
7	5906.lswap-6d7ea156bdcc.txt	5906.lswap-0de54c0a7bb6.txt	8821c9761a3f
7	5906.lswap-6d7ea156bdcc.txt	5906.lswap-0de54c0a7bb6.txt	b081b754d26e
7	5906.lswap-6d7ea156bdcc.txt	5906.lswap-3b4f2e286e0c.txt	a805ea3de51d
7	5906.lswap-6d7ea156bdcc.txt	5906.lswap-3baeeea281f2.txt	a805ea3de51d
7	5906.lswap-6d7ea156bdcc.txt	5906.lswap-469763027c57.txt	0df6c6a90182
7	5906.lswap-6d7ea156bdcc.txt	5906.lswap-469763027c57.txt	f87b924fc4aa
7	5906.lswap-6d7ea156bdcc.txt	5906.lswap-49fac07a5323.txt	02eb9e2292e4
7	5906.lswap-6d7ea156bdcc.txt	5906.lswap-49fc63d034f2.txt	8373a022eef2
7	5906.lswap-6d7ea156bdcc.txt	5906.lswap-49fc63d034f2.txt	cf88f66916d6
7	5906.lswap-6d7ea156bdcc.txt	5906.lswap-4c179f65aa4b.txt	92782df6e5d5
7	5906.lswap-6d7ea156bdcc.txt	5906.lswap-5228890279ca.txt	d6c04566fc39
7	5906.lswap-6d7ea156bdcc.txt	5906.lswap-5a7a973564fd.txt	969165258934
7	5906.lswap-6d7ea156bdcc.txt	5906.lswap-7602ba885180.txt	96ebdab07f84
7	5906.lswap-6d7ea156bdcc.txt	5906.lswap-964ebce5847f.txt	cf81c5206273
7	5906.lswap-6d7ea156bdcc.txt	5906.lswap-a28e203d65dc.txt	d6c04566fc39
7	5906.lswap-6d7ea156bdcc.txt	5906.lswap-aa52880fc9e0.txt	b2d27c6fb87b
7	5906.lswap-6d7ea156bdcc.txt	5906.lswap-af54b6f406a6.txt	02eb9e2292e4
7	5906.lswap-6d7ea156bdcc.txt	5906.lswap-b55f23a2f470.txt	969165258934
7	5906.lswap-6d7ea156bdcc.txt	5906.lswap-d252e4d38aa9.txt	fe3e4c3a8938
7	5906.lswap-6d7ea156bdcc.txt	5906.lswap-e59a6239aa79.txt	095bfb3dc800
7	5906.lswap-6d7ea156bdcc.txt	5906.lswap-e59a6239aa79.txt	b1be0f46d82c
7	5906.lswap-6d7ea156bdcc.txt	5906.lswap-f6dbf9989449.txt	1b8c339e89cd
7	5906.lswap-6d7ea156bdcc.txt	5906.up-e948752d6a32.txt	df712ba91fb7
7	5906.lswap-6d7ea156bdcc.txt	5906.up-e94d2b57a7d4.txt	d0fa1d8cc35d
7	5906.lswap-6dc582bac458.txt	5906.lswap-ebd38bf2c1cd.txt	9a1f3be55831
7	5906.lswap-6dc582bac458.txt	5906.lswap-ebd38bf2c1cd.txt	af1df8c730b3
7	5906.lswap-6dc582bac458.txt	5906.up-56126e7237c3.txt	32eb67461a38
7	5906.lswap-6f6f375dca74.txt	5906.lswap-0de54c0a7bb6.txt	4f8df87699e7
7	5906.lswap-6f6f375dca74.txt	5906.lswap-2497c9291398.txt	61e671455635
7	5906.lswap-6f6f375dca74.txt	5906.lswap-3baeeea281f2.txt	be6b4f4e69cf
7	5906.lswap-6f6f375dca74.txt	5906.lswap-49fc63d034f2.txt	7145048de6a4
7	5906.lswap-6f6f375dca74.txt	5906.lswap-4c179f65aa4b.txt	41a730999ec8
7	5906.lswap-6f6f375dca74.txt	5906.lswap-4c179f65aa4b.txt	d4ec6aadbefe
7	5906.lswap-6f6f375dca74.txt	5906.lswap-5228890279ca.txt	e1d1870a78cd
7	5906.lswap-6f6f375dca74.txt	5906.lswap-5a55d1641a86.txt	4c6e579a7560
7	5906.lswap-6f6f375dca74.txt	5906.lswap-5a55d1641a86.txt	5581e578134b
7	5906.lswap-6f6f375dca74.txt	5906.lswap-5a55d1641a86.txt	72d376c5571d
7	5906.lswap-6f6f375dca74.txt	5906.lswap-5a55d1641a86.txt	d0a01a1ac47d
7	5906.lswap-6f6f375dca74.txt	5906.lswap-5a7a973564fd.txt	4f671bc3d3f3
7	5906.lswap-6f6f375dca74.txt	5906.lswap-7602ba885180.txt	5ff76078c599
7	5906.lswap-6f6f375dca74.txt	5906.lswap-964ebce5847f.txt	4ad13835a281
7	5906.lswap-6f6f375dca74.txt	5906.lswap-9759fb4af500.txt	90628da2dd0c
7	5906.lswap-6f6f375dca74.txt	5906.lswap-9759fb4af500.txt	a9604abeb264
7	5906.lswap-6f6f375dca74.txt	5906.lswap-a7d2db45842b.txt	0ad29fbab280
7	5906.lswap-6f6f375dca74.txt	5906.lswap-aa52880fc9e0.txt	62a74ce65faa
7	5906.lswap-6f6f375dca74.txt	5906.lswap-aa52880fc9e0.txt	b13177991e02
7	5906.lswap-6f6f375dca74.txt	5906.lswap-b12d38608f09.txt	83d54a67702c
7	5906.lswap-6f6f375dca74.txt	5906.lswap-b55f23a2f470.txt	f4276d62e543
7	5906.lswap-6f6f375dca74.txt	5906.lswap-cae9c3b46793.txt	3f6f5c94d76e
7	5906.lswap-6f6f375dca74.txt	5906.lswap-cf5ecb0e9ecc.txt	38fa2979bd03
7	5906.lswap-6f6f375dca74.txt	5906.lswap-d252e4d38aa9.txt	223da8cfb8a5
7	5906.lswap-6f6f375dca74.txt	5906.lswap-e0920da719d9.txt	398028eae919
7	5906.lswap-6f6f375dca74.txt	5906.lswap-f6dbf9989449.txt	1bba2e07446c
7	5906.lswap-6f6f375dca74.txt	5906.lswap-f6dbf9989449.txt	746b5fef63fc
7	5906.lswap-6f6f375dca74.txt	5906.up-14e2c7b29aae.txt	095bfb3dc800
7	5906.lswap-6f6f375dca74.txt	5906.up-168d62e1a9d1.txt	0df6c6a90182
7	5906.lswap-6f6f375dca74.txt	5906.up-2cb6c1139592.txt	b85e26cbabc5
7	5906.lswap-6f6f375dca74.txt	5906.up-a838f31a7b4f.txt	0df6c6a90182
7	5906.lswap-7217a0cd3774.txt	5906.up-207dc5352d35.txt	5fdd20443018
7	5906.lswap-7217a0cd3774.txt	5906.up-37ac2db82134.txt	e086d3c2a7ab
7	5906.lswap-7217a0cd3774.txt	5906.up-a001786e5861.txt	2e183a958884
7	5906.lswap-7217a0cd3774.txt	5906.up-e1680a9d0e30.txt	1f22bfdc604d
7	5906.lswap-73851215f718.txt	5906.lswap-3c791ffa671d.txt	7f04bb1041b3
7	5906.lswap-73851215f718.txt	5906.lswap-423441640591.txt	e1d1870a78cd
7	5906.lswap-73851215f718.txt	5906.lswap-821102adfff8.txt	4c6e579a7560
7	5906.lswap-73851215f718.txt	5906.lswap-821102adfff8.txt	72d376c5571d
7	5906.lswap-73851215f718.txt	5906.up-23ca8a9bcc81.txt	83d54a67702c
7	5906.lswap-73851215f718.txt	5906.up-7c111e182316.txt	d6c04566fc39
7	5906.lswap-73851215f718.txt	5906.up-aed220b1ebc4.txt	4f671bc3d3f3
7	5906.lswap-73851215f718.txt	5906.up-b2d6bec1e3bd.txt	49c5410504fe
7	5906.lswap-7602ba885180.txt	5906.lswap-17203113788c.txt	62a74ce65faa
7	5906.lswap-7602ba885180.txt	5906.lswap-17203113788c.txt	b13177991e02
7	5906.lswap-7602ba885180.txt	5906.lswap-41a210488ac9.txt	f550b887608a
7	5906.lswap-7602ba885180.txt	5906.lswap-469763027c57.txt	be6b4f4e69cf
7	5906.lswap-7602ba885180.txt	5906.lswap-5228890279ca.txt	0485c22c758e
7	5906.lswap-7602ba885180.txt	5906.lswap-5764c730eaee.txt	41a730999ec8
7	5906.lswap-7602ba885180.txt	5906.lswap-5764c730eaee.txt	d4ec6aadbefe
7	5906.lswap-7602ba885180.txt	5906.lswap-5a55d1641a86.txt	cf88f66916d6
7	5906.lswap-7602ba885180.txt	5906.lswap-5a55d1641a86.txt	ddc1e5a5e22d
7	5906.lswap-7602ba885180.txt	5906.lswap-5a7a973564fd.txt	b1be0f46d82c
7	5906.lswap-7602ba885180.txt	5906.lswap-5dbb54e50268.txt	61e671455635
7	5906.lswap-7602ba885180.txt	5906.lswap-6bd82af50a4e.txt	223da8cfb8a5
7	5906.lswap-7602ba885180.txt	5906.lswap-6d7ea156bdcc.txt	7145048de6a4
7	5906.lswap-7602ba885180.txt	5906.lswap-6f6f375dca74.txt	8373a022eef2
7	5906.lswap-7602ba885180.txt	5906.lswap-9f3672f6c430.txt	0ad29fbab280
7	5906.lswap-7602ba885180.txt	5906.lswap-a28e203d65dc.txt	38fa2979bd03
7	5906.lswap-7602ba885180.txt	5906.lswap-b12d38608f09.txt	4d9a21b2c945
7	5906.lswap-7602ba885180.txt	5906.lswap-b55f23a2f470.txt	095bfb3dc800
7	5906.lswap-7602ba885180.txt	5906.lswap-be4759bc731a.txt	92782df6e5d5
7	5906.lswap-7602ba885180.txt	5906.lswap-cae9c3b46793.txt	9943a7ddc283
7	5906.lswap-7602ba885180.txt	5906.lswap-e0920da719d9.txt	0df6c6a90182
7	5906.lswap-7602ba885180.txt	5906.lswap-eeb9a73f4b33.txt	90628da2dd0c
7	5906.lswap-7602ba885180.txt	5906.lswap-eeb9a73f4b33.txt	a9604abeb264
7	5906.lswap-7602ba885180.txt	5906.lswap-f6dbf9989449.txt	4c6e579a7560
7	5906.lswap-7602ba885180.txt	5906.lswap-f6dbf9989449.txt	72d376c5571d
7	5906.lswap-7602ba885180.txt	5906.up-168d62e1a9d1.txt	a805ea3de51d
7	5906.lswap-7602ba885180.txt	5906.up-2cb6c1139592.txt	2257058c3d2d
7	5906.lswap-7602ba885180.txt	5906.up-e948752d6a32.txt	f4276d62e543
7	5906.lswap-7602ba885180.txt	5906.up-eebb02e3baec.txt	398028eae919
7	5906.lswap-760f8ed53670.txt	5906.lswap-1f8e06e3e616.txt	9a1f3be55831
7	5906.lswap-760f8ed53670.txt	5906.lswap-1f8e06e3e616.txt	af1df8c730b3
7	5906.lswap-7bd46049981f.txt	5906.lswap-25cebe1ff658.txt	e086d3c2a7ab
7	5906.lswap-7bd46049981f.txt	5906.lswap-e21e24656b8e.txt	5f12a02d1321
7	5906.lswap-7bd46049981f.txt	5906.lswap-e21e24656b8e.txt	5fdd20443018
7	5906.lswap-7f47c6e6eeda.txt	5906.lswap-2ae54d2fd96c.txt	5581e578134b
7	5906.lswap-7f47c6e6eeda.txt	5906.lswap-2ae54d2fd96c.txt	d0a01a1ac47d
7	5906.lswap-7f47c6e6eeda.txt	5906.lswap-49fac07a5323.txt	cb67e923a6ca
7	5906.lswap-7f47c6e6eeda.txt	5906.lswap-5808edca979d.txt	defc0816dfd5
7	5906.lswap-7f47c6e6eeda.txt	5906.lswap-9a5cc6a6e3c8.txt	833239f93d60
7	5906.lswap-7f47c6e6eeda.txt	5906.lswap-9f3672f6c430.txt	e616c3f821ef
7	5906.lswap-7f47c6e6eeda.txt	5906.lswap-a7d2db45842b.txt	2e62188e3c8b
7	5906.lswap-7f47c6e6eeda.txt	5906.lswap-a7d2db45842b.txt	48f9270682d9
7	5906.lswap-7f47c6e6eeda.txt	5906.lswap-e2d18fca77cb.txt	d1acfe46465f
7	5906.lswap-7f47c6e6eeda.txt	5906.up-0db50fc7743c.txt	8373a022eef2
7	5906.lswap-7f47c6e6eeda.txt	5906.up-16ca46d2c5a9.txt	8821c9761a3f
7	5906.lswap-7f47c6e6eeda.txt	5906.up-331e3f0f91ee.txt	5ff76078c599
7	5906.lswap-7f47c6e6eeda.txt	5906.up-53b55626d912.txt	d4ec6aadbefe
7	5906.lswap-80e6c24a2613.txt	5906.lswap-25804d565b10.txt	5581e578134b
7	5906.lswap-80e6c24a2613.txt	5906.lswap-25804d565b10.txt	d0a01a1ac47d
7	5906.lswap-80e6c24a2613.txt	5906.lswap-3b4f2e286e0c.txt	1e97b4d2bd18
7	5906.lswap-80e6c24a2613.txt	5906.lswap-3b4f2e286e0c.txt	e8010fda4ae9
7	5906.lswap-80e6c24a2613.txt	5906.lswap-49fac07a5323.txt	2e62188e3c8b
7	5906.lswap-80e6c24a2613.txt	5906.lswap-49fac07a5323.txt	48f9270682d9
7	5906.lswap-80e6c24a2613.txt	5906.lswap-5228890279ca.txt	1e97b4d2bd18
7	5906.lswap-80e6c24a2613.txt	5906.lswap-5228890279ca.txt	e8010fda4ae9
7	5906.lswap-80e6c24a2613.txt	5906.lswap-52e683fb05d3.txt	c8cd712ae7b0
7	5906.lswap-80e6c24a2613.txt	5906.lswap-9a5cc6a6e3c8.txt	e616c3f821ef
7	5906.lswap-80e6c24a2613.txt	5906.lswap-9f3672f6c430.txt	833239f93d60
7	5906.lswap-80e6c24a2613.txt	5906.lswap-a7d2db45842b.txt	74d91872eeb5
7	5906.lswap-80e6c24a2613.txt	5906.lswap-e145b859ca30.txt	46267e810eac
7	5906.lswap-80e6c24a2613.txt	5906.up-0d2e98183c29.txt	429db3717944
7	5906.lswap-80e6c24a2613.txt	5906.up-0d2e98183c29.txt	b081b754d26e
7	5906.lswap-80e6c24a2613.txt	5906.up-77512ee88848.txt	cf88f66916d6
7	5906.lswap-80e6c24a2613.txt	5906.up-8ec03171f5df.txt	62a74ce65faa
7	5906.lswap-80e6c24a2613.txt	5906.up-8ec03171f5df.txt	b13177991e02
7	5906.lswap-80e6c24a2613.txt	5906.up-d2559533f431.txt	746b5fef63fc
7	5906.lswap-821102adfff8.txt	5906.lswap-3c791ffa671d.txt	9943a7ddc283
7	5906.lswap-821102adfff8.txt	5906.lswap-423441640591.txt	be6b4f4e69cf
7	5906.lswap-821102adfff8.txt	5906.lswap-73851215f718.txt	4c6e579a7560
7	5906.lswap-821102adfff8.txt	5906.lswap-73851215f718.txt	72d376c5571d
7	5906.lswap-821102adfff8.txt	5906.up-23ca8a9bcc81.txt	398028eae919
7	5906.lswap-821102adfff8.txt	5906.up-7c111e182316.txt	a805ea3de51d
7	5906.lswap-821102adfff8.txt	5906.up-aed220b1ebc4.txt	f4276d62e543
7	5906.lswap-821102adfff8.txt	5906.up-b2d6bec1e3bd.txt	2257058c3d2d
7	5906.lswap-8ed814577309.txt	5906.lswap-031568aa1b5c.txt	74d91872eeb5
7	5906.lswap-8ed814577309.txt	5906.lswap-3b4f2e286e0c.txt	27becabec391
7	5906.lswap-8ed814577309.txt	5906.lswap-5228890279ca.txt	1fbf82fb2187
7	5906.lswap-8ed814577309.txt	5906.lswap-52e683fb05d3.txt	429db3717944
7	5906.lswap-8ed814577309.txt	5906.lswap-52e683fb05d3.txt	b081b754d26e
7	5906.lswap-8ed814577309.txt	5906.lswap-52f45c5e8e22.txt	cb67e923a6ca
7	5906.lswap-8ed814577309.txt	5906.lswap-5808edca979d.txt	cf88f66916d6
7	5906.lswap-8ed814577309.txt	5906.lswap-5a7a973564fd.txt	162b937cfcd8
7	5906.lswap-8ed814577309.txt	5906.lswap-62d959eb4e73.txt	833239f93d60
7	5906.lswap-8ed814577309.txt	5906.lswap-afd973e1a915.txt	833239f93d60
7	5906.lswap-8ed814577309.txt	5906.lswap-b12d38608f09.txt	a8af7d1d0d1f
7	5906.lswap-8ed814577309.txt	5906.lswap-df71274e07be.txt	5581e578134b
7	5906.lswap-8ed814577309.txt	5906.lswap-df71274e07be.txt	d0a01a1ac47d
7	5906.lswap-8ed814577309.txt	5906.lswap-e145b859ca30.txt	62a74ce65faa
7	5906.lswap-8ed814577309.txt	5906.lswap-e145b859ca30.txt	b13177991e02
7	5906.lswap-8ed814577309.txt	5906.lswap-e2d18fca77cb.txt	746b5fef63fc
7	5906.lswap-8ed814577309.txt	5906.up-16ca46d2c5a9.txt	c8cd712ae7b0
7	5906.lswap-8ed814577309.txt	5906.up-8ec03171f5df.txt	396fe6d979c3
7	5906.lswap-8f58c699a11d.txt	5906.lswap-09c105553d61.txt	c46ad2463388
7	5906.lswap-8f58c699a11d.txt	5906.lswap-23548cda0ace.txt	4c6e579a7560
7	5906.lswap-8f58c699a11d.txt	5906.lswap-23548cda0ace.txt	72d376c5571d
7	5906.lswap-8f58c699a11d.txt	5906.lswap-28b97fbb68d1.txt	27b09fd682e3
7	5906.lswap-8f58c699a11d.txt	5906.lswap-28b97fbb68d1.txt	d3d61412dc56
7	5906.lswap-8f58c699a11d.txt	5906.lswap-3a55a72f70d6.txt	1d16cacba0be
7	5906.lswap-8f58c699a11d.txt	5906.lswap-3a55a72f70d6.txt	64747b1aaa96
7	5906.lswap-8f58c699a11d.txt	5906.lswap-67fc5c2184ab.txt	0058ac858d36
7	5906.lswap-8f58c699a11d.txt	5906.lswap-67fc5c2184ab.txt	49eb8498235d
7	5906.lswap-8f58c699a11d.txt	5906.up-0a065898a821.txt	02397927f53b
7	5906.lswap-8f58c699a11d.txt	5906.up-377da0a3c300.txt	e2a2c6dd2c41
7	5906.lswap-8f58c699a11d.txt	5906.up-72482a71c81e.txt	6c91c41eaa3d
7	5906.lswap-8f58c699a11d.txt	5906.up-f2c7804be474.txt	74d503e42116
7	5906.lswap-945cf8ae5bef.txt	5906.lswap-06f4ba2c8122.txt	02397927f53b
7	5906.lswap-945cf8ae5bef.txt	5906.lswap-06f4ba2c8122.txt	de09595a70f4
7	5906.lswap-945cf8ae5bef.txt	5906.lswap-09c105553d61.txt	cf7caaa9c7fc
7	5906.lswap-945cf8ae5bef.txt	5906.lswap-10f62906b166.txt	1d16cacba0be
7	5906.lswap-945cf8ae5bef.txt	5906.lswap-10f62906b166.txt	64747b1aaa96
7	5906.lswap-945cf8ae5bef.txt	5906.lswap-67fc5c2184ab.txt	ec8aeb81c478
7	5906.lswap-945cf8ae5bef.txt	5906.lswap-9bf7e32c6472.txt	6c91c41eaa3d
7	5906.lswap-945cf8ae5bef.txt	5906.lswap-9bf7e32c6472.txt	a5214c898b1c
7	5906.lswap-945cf8ae5bef.txt	5906.lswap-db110b7302cf.txt	1d16cacba0be
7	5906.lswap-945cf8ae5bef.txt	5906.lswap-db110b7302cf.txt	64747b1aaa96
7	5906.lswap-945cf8ae5bef.txt	5906.up-0a065898a821.txt	f67057a04d42
7	5906.lswap-945cf8ae5bef.txt	5906.up-72482a71c81e.txt	ceaf9e8f25f1
7	5906.lswap-945cf8ae5bef.txt	5906.up-c3afee7ed153.txt	0058ac858d36
7	5906.lswap-945cf8ae5bef.txt	5906.up-c3afee7ed153.txt	49eb8498235d
7	5906.lswap-945cf8ae5bef.txt	5906.up-c63a66adbc60.txt	c46ad2463388
7	5906.lswap-964ebce5847f.txt	5906.lswap-17203113788c.txt	b98392e1d7a6
7	5906.lswap-964ebce5847f.txt	5906.lswap-3b4f2e286e0c.txt	0df6c6a90182
7	5906.lswap-964ebce5847f.txt	5906.lswap-3baeeea281f2.txt	4d9a21b2c945
7	5906.lswap-964ebce5847f.txt	5906.lswap-41a210488ac9.txt	ff97c0cddd5f
7	5906.lswap-964ebce5847f.txt	5906.lswap-469763027c57.txt	398028eae919
7	5906.lswap-964ebce5847f.txt	5906.lswap-469763027c57.txt	83d54a67702c
7	5906.lswap-964ebce5847f.txt	5906.lswap-5228890279ca.txt	4d9a21b2c945
7	5906.lswap-964ebce5847f.txt	5906.lswap-5764c730eaee.txt	7145048de6a4
7	5906.lswap-964ebce5847f.txt	5906.lswap-5a55d1641a86.txt	f550b887608a
7	5906.lswap-964ebce5847f.txt	5906.lswap-5dbb54e50268.txt	14a420b3a5b2
7	5906.lswap-964ebce5847f.txt	5906.lswap-6bd82af50a4e.txt	62a74ce65faa
7	5906.lswap-964ebce5847f.txt	5906.lswap-6bd82af50a4e.txt	b13177991e02
7	5906.lswap-964ebce5847f.txt	5906.lswap-6bd82af50a4e.txt	d4ec6aadbefe
7	5906.lswap-964ebce5847f.txt	5906.lswap-6d7ea156bdcc.txt	16eab6538ab6
7	5906.lswap-964ebce5847f.txt	5906.lswap-6f6f375dca74.txt	211974864876
7	5906.lswap-964ebce5847f.txt	5906.lswap-9f3672f6c430.txt	14a420b3a5b2
7	5906.lswap-964ebce5847f.txt	5906.lswap-a28e203d65dc.txt	0df6c6a90182
7	5906.lswap-964ebce5847f.txt	5906.lswap-b12d38608f09.txt	d5d134bba086
7	5906.lswap-964ebce5847f.txt	5906.lswap-be4759bc731a.txt	8373a022eef2
7	5906.lswap-964ebce5847f.txt	5906.lswap-be4759bc731a.txt	cf88f66916d6
7	5906.lswap-964ebce5847f.txt	5906.lswap-cae9c3b46793.txt	2257058c3d2d
7	5906.lswap-964ebce5847f.txt	5906.lswap-cae9c3b46793.txt	49c5410504fe
7	5906.lswap-964ebce5847f.txt	5906.lswap-e0920da719d9.txt	d5d134bba086
7	5906.lswap-964ebce5847f.txt	5906.up-2cb6c1139592.txt	71fce178fd55
7	5906.lswap-964ebce5847f.txt	5906.up-eebb02e3baec.txt	d4c86ffe1efa
7	5906.lswap-9759fb4af500.txt	5906.lswap-29ee6f7c1197.txt	46267e810eac
7	5906.lswap-9759fb4af500.txt	5906.lswap-52e683fb05d3.txt	833239f93d60
7	5906.lswap-9759fb4af500.txt	5906.lswap-5808edca979d.txt	e616c3f821ef
7	5906.lswap-9759fb4af500.txt	5906.lswap-5a55d1641a86.txt	1e97b4d2bd18
7	5906.lswap-9759fb4af500.txt	5906.lswap-5a55d1641a86.txt	e8010fda4ae9
7	5906.lswap-9759fb4af500.txt	5906.lswap-6d0ad177e5ee.txt	2e62188e3c8b
7	5906.lswap-9759fb4af500.txt	5906.lswap-6d0ad177e5ee.txt	48f9270682d9
7	5906.lswap-9759fb4af500.txt	5906.lswap-6f6f375dca74.txt	1e97b4d2bd18
7	5906.lswap-9759fb4af500.txt	5906.lswap-6f6f375dca74.txt	e8010fda4ae9
7	5906.lswap-9759fb4af500.txt	5906.lswap-9f3672f6c430.txt	7e00c873941d
7	5906.lswap-9759fb4af500.txt	5906.lswap-afd973e1a915.txt	62a74ce65faa
7	5906.lswap-9759fb4af500.txt	5906.lswap-afd973e1a915.txt	b13177991e02
7	5906.lswap-9759fb4af500.txt	5906.lswap-afd973e1a915.txt	d4ec6aadbefe
7	5906.lswap-9759fb4af500.txt	5906.lswap-e73e096376f0.txt	2e62188e3c8b
7	5906.lswap-9759fb4af500.txt	5906.lswap-e73e096376f0.txt	48f9270682d9
7	5906.lswap-9759fb4af500.txt	5906.lswap-eeb9a73f4b33.txt	5ff76078c599
7	5906.lswap-9759fb4af500.txt	5906.lswap-eeb9a73f4b33.txt	746b5fef63fc
7	5906.lswap-9a5cc6a6e3c8.txt	5906.lswap-031568aa1b5c.txt	c8cd712ae7b0
7	5906.lswap-9a5cc6a6e3c8.txt	5906.lswap-2497c9291398.txt	8821c9761a3f
7	5906.lswap-9a5cc6a6e3c8.txt	5906.lswap-49fac07a5323.txt	5ff76078c599
7	5906.lswap-9a5cc6a6e3c8.txt	5906.lswap-49fc63d034f2.txt	a8af7d1d0d1f
7	5906.lswap-9a5cc6a6e3c8.txt	5906.lswap-4c179f65aa4b.txt	27becabec391
7	5906.lswap-9a5cc6a6e3c8.txt	5906.lswap-52f45c5e8e22.txt	d1acfe46465f
7	5906.lswap-9a5cc6a6e3c8.txt	5906.lswap-7f47c6e6eeda.txt	833239f93d60
7	5906.lswap-9a5cc6a6e3c8.txt	5906.lswap-80e6c24a2613.txt	e616c3f821ef
7	5906.lswap-9a5cc6a6e3c8.txt	5906.lswap-a7d2db45842b.txt	429db3717944
7	5906.lswap-9a5cc6a6e3c8.txt	5906.lswap-a7d2db45842b.txt	b081b754d26e
7	5906.lswap-9a5cc6a6e3c8.txt	5906.lswap-aa52880fc9e0.txt	1fbf82fb2187
7	5906.lswap-9a5cc6a6e3c8.txt	5906.lswap-af54b6f406a6.txt	746b5fef63fc
7	5906.lswap-9a5cc6a6e3c8.txt	5906.lswap-d252e4d38aa9.txt	162b937cfcd8
7	5906.lswap-9a5cc6a6e3c8.txt	5906.up-0db50fc7743c.txt	74d91872eeb5
7	5906.lswap-9a5cc6a6e3c8.txt	5906.up-8ec03171f5df.txt	cb67e923a6ca
7	5906.lswap-9bf7e32c6472.txt	5906.lswap-10f62906b166.txt	0058ac858d36
7	5906.lswap-9bf7e32c6472.txt	5906.lswap-10f62906b166.txt	49eb8498235d
7	5906.lswap-9bf7e32c6472.txt	5906.lswap-28b97fbb68d1.txt	a6cdd296693f
7	5906.lswap-9bf7e32c6472.txt	5906.lswap-28b97fbb68d1.txt	b33e8d83721c
7	5906.lswap-9bf7e32c6472.txt	5906.lswap-3a55a72f70d6.txt	ec8aeb81c478
7	5906.lswap-9bf7e32c6472.txt	5906.lswap-945cf8ae5bef.txt	033afc57097e
7	5906.lswap-9bf7e32c6472.txt	5906.lswap-945cf8ae5bef.txt	e2a2c6dd2c41
7	5906.lswap-9bf7e32c6472.txt	5906.lswap-9f885c2a5e20.txt	02397927f53b
7	5906.lswap-9bf7e32c6472.txt	5906.lswap-9f885c2a5e20.txt	de09595a70f4
7	5906.lswap-9bf7e32c6472.txt	5906.lswap-db110b7302cf.txt	0058ac858d36
7	5906.lswap-9bf7e32c6472.txt	5906.lswap-db110b7302cf.txt	49eb8498235d
7	5906.lswap-9bf7e32c6472.txt	5906.up-0a065898a821.txt	aca056ea4c48
7	5906.lswap-9bf7e32c6472.txt	5906.up-377da0a3c300.txt	292c02641e63
7	5906.lswap-9bf7e32c6472.txt	5906.up-c63a66adbc60.txt	27b09fd682e3
7	5906.lswap-9bf7e32c6472.txt	5906.up-c63a66adbc60.txt	d3d61412dc56
7	5906.lswap-9bf7e32c6472.txt	5906.up-d1489855deef.txt	1d16cacba0be
7	5906.lswap-9bf7e32c6472.txt	5906.up-d1489855deef.txt	64747b1aaa96
7	5906.lswap-9f3672f6c430.txt	5906.lswap-0de54c0a7bb6.txt	a8af7d1d0d1f
7	5906.lswap-9f3672f6c430.txt	5906.lswap-2497c9291398.txt	cf88f66916d6
7	5906.lswap-9f3672f6c430.txt	5906.lswap-3b66fbdbdf53.txt	46267e810eac
7	5906.lswap-9f3672f6c430.txt	5906.lswap-49fac07a5323.txt	62a74ce65faa
7	5906.lswap-9f3672f6c430.txt	5906.lswap-49fac07a5323.txt	b13177991e02
7	5906.lswap-9f3672f6c430.txt	5906.lswap-7602ba885180.txt	1fbf82fb2187
7	5906.lswap-9f3672f6c430.txt	5906.lswap-7f47c6e6eeda.txt	e616c3f821ef
7	5906.lswap-9f3672f6c430.txt	5906.lswap-80e6c24a2613.txt	833239f93d60
7	5906.lswap-9f3672f6c430.txt	5906.lswap-964ebce5847f.txt	162b937cfcd8
7	5906.lswap-9f3672f6c430.txt	5906.lswap-9759fb4af500.txt	defc0816dfd5
7	5906.lswap-9f3672f6c430.txt	5906.lswap-a7d2db45842b.txt	8373a022eef2
7	5906.lswap-9f3672f6c430.txt	5906.lswap-af54b6f406a6.txt	d4ec6aadbefe
7	5906.lswap-9f3672f6c430.txt	5906.lswap-f6dbf9989449.txt	27becabec391
7	5906.lswap-9f3672f6c430.txt	5906.up-0d2e98183c29.txt	2e62188e3c8b
7	5906.lswap-9f3672f6c430.txt	5906.up-0d2e98183c29.txt	48f9270682d9
7	5906.lswap-9f3672f6c430.txt	5906.up-331e3f0f91ee.txt	2e62188e3c8b
7	5906.lswap-9f3672f6c430.txt	5906.up-331e3f0f91ee.txt	48f9270682d9
7	5906.lswap-9f885c2a5e20.txt	5906.lswap-06f4ba2c8122.txt	033afc57097e
7	5906.lswap-9f885c2a5e20.txt	5906.lswap-06f4ba2c8122.txt	e2a2c6dd2c41
7	5906.lswap-9f885c2a5e20.txt	5906.lswap-09c105553d61.txt	af8282bcbcba
7	5906.lswap-9f885c2a5e20.txt	5906.lswap-10f62906b166.txt	27b09fd682e3
7	5906.lswap-9f885c2a5e20.txt	5906.lswap-10f62906b166.txt	d3d61412dc56
7	5906.lswap-9f885c2a5e20.txt	5906.lswap-67fc5c2184ab.txt	a6cdd296693f
7	5906.lswap-9f885c2a5e20.txt	5906.lswap-67fc5c2184ab.txt	b33e8d83721c
7	5906.lswap-9f885c2a5e20.txt	5906.lswap-9bf7e32c6472.txt	6d61e25e2762
7	5906.lswap-9f885c2a5e20.txt	5906.lswap-9bf7e32c6472.txt	74d503e42116
7	5906.lswap-9f885c2a5e20.txt	5906.lswap-db110b7302cf.txt	27b09fd682e3
7	5906.lswap-9f885c2a5e20.txt	5906.lswap-db110b7302cf.txt	d3d61412dc56
7	5906.lswap-9f885c2a5e20.txt	5906.up-377da0a3c300.txt	e1f44691aec8
7	5906.lswap-9f885c2a5e20.txt	5906.up-6597315411ea.txt	0058ac858d36
7	5906.lswap-9f885c2a5e20.txt	5906.up-6597315411ea.txt	49eb8498235d
7	5906.lswap-9f885c2a5e20.txt	5906.up-d1489855deef.txt	c46ad2463388
7	5906.lswap-9f885c2a5e20.txt	5906.up-f2c7804be474.txt	a6bd3e103a4c
7	5906.lswap-a28e203d65dc.txt	5906.lswap-0de54c0a7bb6.txt	b85e26cbabc5
7	5906.lswap-a28e203d65dc.txt	5906.lswap-17203113788c.txt	e1d1870a78cd
7	5906.lswap-a28e203d65dc.txt	5906.lswap-25804d565b10.txt	90628da2dd0c
7	5906.lswap-a28e203d65dc.txt	5906.lswap-25804d565b10.txt	a9604abeb264
7	5906.lswap-a28e203d65dc.txt	5906.lswap-3baeeea281f2.txt	4c6e579a7560
7	5906.lswap-a28e203d65dc.txt	5906.lswap-3baeeea281f2.txt	72d376c5571d
7	5906.lswap-a28e203d65dc.txt	5906.lswap-41a210488ac9.txt	49c5410504fe
7	5906.lswap-a28e203d65dc.txt	5906.lswap-469763027c57.txt	1bba2e07446c
7	5906.lswap-a28e203d65dc.txt	5906.lswap-469763027c57.txt	5ff76078c599
7	5906.lswap-a28e203d65dc.txt	5906.lswap-49fc63d034f2.txt	0df6c6a90182
7	5906.lswap-a28e203d65dc.txt	5906.lswap-4c179f65aa4b.txt	38fa2979bd03
7	5906.lswap-a28e203d65dc.txt	5906.lswap-5228890279ca.txt	5581e578134b
7	5906.lswap-a28e203d65dc.txt	5906.lswap-5228890279ca.txt	d0a01a1ac47d
7	5906.lswap-a28e203d65dc.txt	5906.lswap-5a55d1641a86.txt	7f04bb1041b3
7	5906.lswap-a28e203d65dc.txt	5906.lswap-6bd82af50a4e.txt	4f671bc3d3f3
7	5906.lswap-a28e203d65dc.txt	5906.lswap-6d7ea156bdcc.txt	83d54a67702c
7	5906.lswap-a28e203d65dc.txt	5906.lswap-7602ba885180.txt	3f6f5c94d76e
7	5906.lswap-a28e203d65dc.txt	5906.lswap-964ebce5847f.txt	0df6c6a90182
7	5906.lswap-a28e203d65dc.txt	5906.lswap-be4759bc731a.txt	d6c04566fc39
7	5906.lswap-a28e203d65dc.txt	5906.lswap-cae9c3b46793.txt	8821c9761a3f
7	5906.lswap-a28e203d65dc.txt	5906.lswap-cf5ecb0e9ecc.txt	3a42d71f01c6
7	5906.lswap-a28e203d65dc.txt	5906.lswap-cf5ecb0e9ecc.txt	8373a022eef2
7	5906.lswap-a28e203d65dc.txt	5906.lswap-d252e4d38aa9.txt	095bfb3dc800
7	5906.lswap-a28e203d65dc.txt	5906.lswap-df71274e07be.txt	0ad29fbab280
7	5906.lswap-a28e203d65dc.txt	5906.lswap-e59a6239aa79.txt	d4ec6aadbefe
7	5906.lswap-a28e203d65dc.txt	5906.lswap-e73e096376f0.txt	61e671455635
7	5906.lswap-a28e203d65dc.txt	5906.up-14e2c7b29aae.txt	b2d27c6fb87b
7	5906.lswap-a28e203d65dc.txt	5906.up-a838f31a7b4f.txt	211974864876
7	5906.lswap-a28e203d65dc.txt	5906.up-e948752d6a32.txt	4ad13835a281
7	5906.lswap-a28e203d65dc.txt	5906.up-eebb02e3baec.txt	4f8df87699e7
7	5906.lswap-a7d2db45842b.txt	5906.lswap-025c4805fc39.txt	46267e810eac
7	5906.lswap-a7d2db45842b.txt	5906.lswap-2497c9291398.txt	5581e578134b
7	5906.lswap-a7d2db45842b.txt	5906.lswap-2497c9291398.txt	d0a01a1ac47d
7	5906.lswap-a7d2db45842b.txt	5906.lswap-29ee6f7c1197.txt	d4ec6aadbefe
7	5906.lswap-a7d2db45842b.txt	5906.lswap-41a210488ac9.txt	a8af7d1d0d1f
7	5906.lswap-a7d2db45842b.txt	5906.lswap-5a55d1641a86.txt	27becabec391
7	5906.lswap-a7d2db45842b.txt	5906.lswap-5dbb54e50268.txt	746b5fef63fc
7	5906.lswap-a7d2db45842b.txt	5906.lswap-6f6f375dca74.txt	1fbf82fb2187
7	5906.lswap-a7d2db45842b.txt	5906.lswap-7f47c6e6eeda.txt	2e62188e3c8b
7	5906.lswap-a7d2db45842b.txt	5906.lswap-7f47c6e6eeda.txt	48f9270682d9
7	5906.lswap-a7d2db45842b.txt	5906.lswap-80e6c24a2613.txt	cb67e923a6ca
7	5906.lswap-a7d2db45842b.txt	5906.lswap-9a5cc6a6e3c8.txt	62a74ce65faa
7	5906.lswap-a7d2db45842b.txt	5906.lswap-9a5cc6a6e3c8.txt	b13177991e02
7	5906.lswap-a7d2db45842b.txt	5906.lswap-9f3672f6c430.txt	5ff76078c599
7	5906.lswap-a7d2db45842b.txt	5906.lswap-be4759bc731a.txt	162b937cfcd8
7	5906.lswap-a7d2db45842b.txt	5906.lswap-eeb9a73f4b33.txt	d1acfe46465f
7	5906.lswap-a7d2db45842b.txt	5906.up-0d2e98183c29.txt	e616c3f821ef
7	5906.lswap-a7d2db45842b.txt	5906.up-0db50fc7743c.txt	e616c3f821ef
7	5906.lswap-aa52880fc9e0.txt	5906.lswap-17203113788c.txt	5ff76078c599
7	5906.lswap-aa52880fc9e0.txt	5906.lswap-29ee6f7c1197.txt	61e671455635
7	5906.lswap-aa52880fc9e0.txt	5906.lswap-3b4f2e286e0c.txt	3f6f5c94d76e
7	5906.lswap-aa52880fc9e0.txt	5906.lswap-3baeeea281f2.txt	84a31d178833
7	5906.lswap-aa52880fc9e0.txt	5906.lswap-41a210488ac9.txt	66c7854e6888
7	5906.lswap-aa52880fc9e0.txt	5906.lswap-4c179f65aa4b.txt	4c6e579a7560
7	5906.lswap-aa52880fc9e0.txt	5906.lswap-4c179f65aa4b.txt	72d376c5571d
7	5906.lswap-aa52880fc9e0.txt	5906.lswap-5764c730eaee.txt	1bba2e07446c
7	5906.lswap-aa52880fc9e0.txt	5906.lswap-5764c730eaee.txt	746b5fef63fc
7	5906.lswap-aa52880fc9e0.txt	5906.lswap-5a55d1641a86.txt	8439efc11368
7	5906.lswap-aa52880fc9e0.txt	5906.lswap-5a55d1641a86.txt	8821c9761a3f
7	5906.lswap-aa52880fc9e0.txt	5906.lswap-5a7a973564fd.txt	0df6c6a90182
7	5906.lswap-aa52880fc9e0.txt	5906.lswap-6bd82af50a4e.txt	4ad13835a281
7	5906.lswap-aa52880fc9e0.txt	5906.lswap-6d7ea156bdcc.txt	4f8df87699e7
7	5906.lswap-aa52880fc9e0.txt	5906.lswap-6f6f375dca74.txt	429db3717944
7	5906.lswap-aa52880fc9e0.txt	5906.lswap-6f6f375dca74.txt	b081b754d26e
7	5906.lswap-aa52880fc9e0.txt	5906.lswap-9a5cc6a6e3c8.txt	0ad29fbab280
7	5906.lswap-aa52880fc9e0.txt	5906.lswap-afd973e1a915.txt	90628da2dd0c
7	5906.lswap-aa52880fc9e0.txt	5906.lswap-afd973e1a915.txt	a9604abeb264
7	5906.lswap-aa52880fc9e0.txt	5906.lswap-b12d38608f09.txt	b85e26cbabc5
7	5906.lswap-aa52880fc9e0.txt	5906.lswap-b55f23a2f470.txt	f87b924fc4aa
7	5906.lswap-aa52880fc9e0.txt	5906.lswap-be4759bc731a.txt	1b8c339e89cd
7	5906.lswap-aa52880fc9e0.txt	5906.lswap-cf5ecb0e9ecc.txt	7f04bb1041b3
7	5906.lswap-aa52880fc9e0.txt	5906.lswap-e0920da719d9.txt	b1be0f46d82c
7	5906.lswap-aa52880fc9e0.txt	5906.lswap-e59a6239aa79.txt	e1d1870a78cd
7	5906.lswap-aa52880fc9e0.txt	5906.up-14e2c7b29aae.txt	d6c04566fc39
7	5906.lswap-aa52880fc9e0.txt	5906.up-91a0d3cd2c14.txt	83d54a67702c
7	5906.lswap-aa52880fc9e0.txt	5906.up-a838f31a7b4f.txt	49c5410504fe
7	5906.lswap-aa52880fc9e0.txt	5906.up-e94d2b57a7d4.txt	4f671bc3d3f3
7	5906.lswap-aea48ef05d9e.txt	5906.up-abe33e328763.txt	49fff6b78fa8
7	5906.lswap-af54b6f406a6.txt	5906.lswap-025c4805fc39.txt	032dbf0d777a
7	5906.lswap-af54b6f406a6.txt	5906.lswap-17203113788c.txt	27becabec391
7	5906.lswap-af54b6f406a6.txt	5906.lswap-25804d565b10.txt	2e62188e3c8b
7	5906.lswap-af54b6f406a6.txt	5906.lswap-25804d565b10.txt	48f9270682d9
7	5906.lswap-af54b6f406a6.txt	5906.lswap-29ee6f7c1197.txt	8373a022eef2
7	5906.lswap-af54b6f406a6.txt	5906.lswap-2ae54d2fd96c.txt	74d91872eeb5
7	5906.lswap-af54b6f406a6.txt	5906.lswap-49fac07a5323.txt	5581e578134b
7	5906.lswap-af54b6f406a6.txt	5906.lswap-49fac07a5323.txt	d0a01a1ac47d
7	5906.lswap-af54b6f406a6.txt	5906.lswap-5764c730eaee.txt	1fbf82fb2187
7	5906.lswap-af54b6f406a6.txt	5906.lswap-5dbb54e50268.txt	429db3717944
7	5906.lswap-af54b6f406a6.txt	5906.lswap-5dbb54e50268.txt	b081b754d26e
7	5906.lswap-af54b6f406a6.txt	5906.lswap-6bd82af50a4e.txt	162b937cfcd8
7	5906.lswap-af54b6f406a6.txt	5906.lswap-6d7ea156bdcc.txt	a8af7d1d0d1f
7	5906.lswap-af54b6f406a6.txt	5906.lswap-9a5cc6a6e3c8.txt	cf88f66916d6
7	5906.lswap-af54b6f406a6.txt	5906.lswap-9f3672f6c430.txt	8821c9761a3f
7	5906.lswap-af54b6f406a6.txt	5906.lswap-eeb9a73f4b33.txt	6e21f7e985fe
7	5906.lswap-af54b6f406a6.txt	5906.up-53b55626d912.txt	e616c3f821ef
7	5906.lswap-af54b6f406a6.txt	5906.up-d2559533f431.txt	e616c3f821ef
7	5906.lswap-afd973e1a915.txt	5906.lswap-2497c9291398.txt	c8cd712ae7b0
7	5906.lswap-afd973e1a915.txt	5906.lswap-49fac07a5323.txt	7e00c873941d
7	5906.lswap-afd973e1a915.txt	5906.lswap-4c179f65aa4b.txt	1e97b4d2bd18
7	5906.lswap-afd973e1a915.txt	5906.lswap-4c179f65aa4b.txt	e8010fda4ae9
7	5906.lswap-afd973e1a915.txt	5906.lswap-52f45c5e8e22.txt	5ff76078c599
7	5906.lswap-afd973e1a915.txt	5906.lswap-52f45c5e8e22.txt	746b5fef63fc
7	5906.lswap-afd973e1a915.txt	5906.lswap-5808edca979d.txt	74d91872eeb5
7	5906.lswap-afd973e1a915.txt	5906.lswap-8ed814577309.txt	833239f93d60
7	5906.lswap-afd973e1a915.txt	5906.lswap-9759fb4af500.txt	429db3717944
7	5906.lswap-afd973e1a915.txt	5906.lswap-9759fb4af500.txt	8821c9761a3f
7	5906.lswap-afd973e1a915.txt	5906.lswap-9759fb4af500.txt	b081b754d26e
7	5906.lswap-afd973e1a915.txt	5906.lswap-aa52880fc9e0.txt	1e97b4d2bd18
7	5906.lswap-afd973e1a915.txt	5906.lswap-aa52880fc9e0.txt	e8010fda4ae9
7	5906.lswap-afd973e1a915.txt	5906.lswap-e145b859ca30.txt	2e62188e3c8b
7	5906.lswap-afd973e1a915.txt	5906.lswap-e145b859ca30.txt	48f9270682d9
7	5906.lswap-afd973e1a915.txt	5906.lswap-e73e096376f0.txt	833239f93d60
7	5906.lswap-b12d38608f09.txt	5906.lswap-17203113788c.txt	f4276d62e543
7	5906.lswap-b12d38608f09.txt	5906.lswap-4c179f65aa4b.txt	b1be0f46d82c
7	5906.lswap-b12d38608f09.txt	5906.lswap-5764c730eaee.txt	4f671bc3d3f3
7	5906.lswap-b12d38608f09.txt	5906.lswap-5a55d1641a86.txt	a805ea3de51d
7	5906.lswap-b12d38608f09.txt	5906.lswap-6bd82af50a4e.txt	4bf7e3748717
7	5906.lswap-b12d38608f09.txt	5906.lswap-6d0ad177e5ee.txt	02eb9e2292e4
7	5906.lswap-b12d38608f09.txt	5906.lswap-6f6f375dca74.txt	d6c04566fc39
7	5906.lswap-b12d38608f09.txt	5906.lswap-7602ba885180.txt	f87b924fc4aa
7	5906.lswap-b12d38608f09.txt	5906.lswap-8ed814577309.txt	02eb9e2292e4
7	5906.lswap-b12d38608f09.txt	5906.lswap-964ebce5847f.txt	df712ba91fb7
7	5906.lswap-b12d38608f09.txt	5906.lswap-aa52880fc9e0.txt	095bfb3dc800
7	5906.lswap-b12d38608f09.txt	5906.lswap-be4759bc731a.txt	969165258934
7	5906.lswap-b12d38608f09.txt	5906.lswap-cae9c3b46793.txt	1b8c339e89cd
7	5906.lswap-b12d38608f09.txt	5906.lswap-cae9c3b46793.txt	96ebdab07f84
7	5906.lswap-b12d38608f09.txt	5906.lswap-d252e4d38aa9.txt	d0fa1d8cc35d
7	5906.lswap-b12d38608f09.txt	5906.lswap-e0920da719d9.txt	5581e578134b
7	5906.lswap-b12d38608f09.txt	5906.lswap-e0920da719d9.txt	d0a01a1ac47d
7	5906.lswap-b12d38608f09.txt	5906.lswap-e59a6239aa79.txt	223da8cfb8a5
7	5906.lswap-b12d38608f09.txt	5906.lswap-e59a6239aa79.txt	c6fe0326a117
7	5906.lswap-b12d38608f09.txt	5906.lswap-f6dbf9989449.txt	0df6c6a90182
7	5906.lswap-b12d38608f09.txt	5906.up-168d62e1a9d1.txt	cf81c5206273
7	5906.lswap-b12d38608f09.txt	5906.up-2cb6c1139592.txt	429db3717944
7	5906.lswap-b12d38608f09.txt	5906.up-2cb6c1139592.txt	b081b754d26e
7	5906.lswap-b12d38608f09.txt	5906.up-91a0d3cd2c14.txt	62a74ce65faa
7	5906.lswap-b12d38608f09.txt	5906.up-91a0d3cd2c14.txt	b13177991e02
7	5906.lswap-b12d38608f09.txt	5906.up-a838f31a7b4f.txt	cf88f66916d6
7	5906.lswap-b12d38608f09.txt	5906.up-e94d2b57a7d4.txt	91270bf2a57d
7	5906.lswap-b12d38608f09.txt	5906.up-eebb02e3baec.txt	746b5fef63fc
7	5906.lswap-b55f23a2f470.txt	5906.lswap-0de54c0a7bb6.txt	ac9b3dbee6ab
7	5906.lswap-b55f23a2f470.txt	5906.lswap-17203113788c.txt	83d54a67702c
7	5906.lswap-b55f23a2f470.txt	5906.lswap-41a210488ac9.txt	71fce178fd55
7	5906.lswap-b55f23a2f470.txt	5906.lswap-469763027c57.txt	4f8df87699e7
7	5906.lswap-b55f23a2f470.txt	5906.lswap-469763027c57.txt	e332743d8318
7	5906.lswap-b55f23a2f470.txt	5906.lswap-49fc63d034f2.txt	d5d134bba086
7	5906.lswap-b55f23a2f470.txt	5906.lswap-4c179f65aa4b.txt	0df6c6a90182
7	5906.lswap-b55f23a2f470.txt	5906.lswap-5764c730eaee.txt	398028eae919
7	5906.lswap-b55f23a2f470.txt	5906.lswap-5a55d1641a86.txt	49c5410504fe
7	5906.lswap-b55f23a2f470.txt	5906.lswap-5a7a973564fd.txt	5581e578134b
7	5906.lswap-b55f23a2f470.txt	5906.lswap-5a7a973564fd.txt	d0a01a1ac47d
7	5906.lswap-b55f23a2f470.txt	5906.lswap-6d7ea156bdcc.txt	d4c86ffe1efa
7	5906.lswap-b55f23a2f470.txt	5906.lswap-6f6f375dca74.txt	2257058c3d2d
7	5906.lswap-b55f23a2f470.txt	5906.lswap-7602ba885180.txt	b85e26cbabc5
7	5906.lswap-b55f23a2f470.txt	5906.lswap-aa52880fc9e0.txt	4d9a21b2c945
7	5906.lswap-b55f23a2f470.txt	5906.lswap-cf5ecb0e9ecc.txt	211974864876
7	5906.lswap-b55f23a2f470.txt	5906.lswap-cf5ecb0e9ecc.txt	f550b887608a
7	5906.lswap-b55f23a2f470.txt	5906.lswap-df71274e07be.txt	14a420b3a5b2
7	5906.lswap-b55f23a2f470.txt	5906.lswap-e73e096376f0.txt	14a420b3a5b2
7	5906.lswap-b55f23a2f470.txt	5906.lswap-f6dbf9989449.txt	b1be0f46d82c
7	5906.lswap-b55f23a2f470.txt	5906.up-14e2c7b29aae.txt	8373a022eef2
7	5906.lswap-b55f23a2f470.txt	5906.up-168d62e1a9d1.txt	8821c9761a3f
7	5906.lswap-b55f23a2f470.txt	5906.up-a838f31a7b4f.txt	ff97c0cddd5f
7	5906.lswap-b55f23a2f470.txt	5906.up-e948752d6a32.txt	5ff76078c599
7	5906.lswap-b55f23a2f470.txt	5906.up-e94d2b57a7d4.txt	d4ec6aadbefe
7	5906.lswap-b55f23a2f470.txt	5906.up-eebb02e3baec.txt	1fa74a7c6774
7	5906.lswap-be4759bc731a.txt	5906.lswap-0de54c0a7bb6.txt	1fa74a7c6774
7	5906.lswap-be4759bc731a.txt	5906.lswap-2497c9291398.txt	14a420b3a5b2
7	5906.lswap-be4759bc731a.txt	5906.lswap-3b4f2e286e0c.txt	398028eae919
7	5906.lswap-be4759bc731a.txt	5906.lswap-3baeeea281f2.txt	398028eae919
7	5906.lswap-be4759bc731a.txt	5906.lswap-49fc63d034f2.txt	16eab6538ab6
7	5906.lswap-be4759bc731a.txt	5906.lswap-4c179f65aa4b.txt	7145048de6a4
7	5906.lswap-be4759bc731a.txt	5906.lswap-5228890279ca.txt	83d54a67702c
7	5906.lswap-be4759bc731a.txt	5906.lswap-7602ba885180.txt	e332743d8318
7	5906.lswap-be4759bc731a.txt	5906.lswap-964ebce5847f.txt	5ff76078c599
7	5906.lswap-be4759bc731a.txt	5906.lswap-964ebce5847f.txt	746b5fef63fc
7	5906.lswap-be4759bc731a.txt	5906.lswap-a28e203d65dc.txt	83d54a67702c
7	5906.lswap-be4759bc731a.txt	5906.lswap-a7d2db45842b.txt	14a420b3a5b2
7	5906.lswap-be4759bc731a.txt	5906.lswap-aa52880fc9e0.txt	b98392e1d7a6
7	5906.lswap-be4759bc731a.txt	5906.lswap-b12d38608f09.txt	d4c86ffe1efa
7	5906.lswap-be4759bc731a.txt	5906.lswap-cae9c3b46793.txt	b1be0f46d82c
7	5906.lswap-be4759bc731a.txt	5906.lswap-cae9c3b46793.txt	b85e26cbabc5
7	5906.lswap-be4759bc731a.txt	5906.lswap-cf5ecb0e9ecc.txt	0df6c6a90182
7	5906.lswap-be4759bc731a.txt	5906.lswap-cf5ecb0e9ecc.txt	4d9a21b2c945
7	5906.lswap-be4759bc731a.txt	5906.lswap-d252e4d38aa9.txt	62a74ce65faa
7	5906.lswap-be4759bc731a.txt	5906.lswap-d252e4d38aa9.txt	b13177991e02
7	5906.lswap-be4759bc731a.txt	5906.lswap-d252e4d38aa9.txt	d4ec6aadbefe
7	5906.lswap-be4759bc731a.txt	5906.lswap-e0920da719d9.txt	d4c86ffe1efa
7	5906.lswap-be4759bc731a.txt	5906.lswap-f6dbf9989449.txt	4f8df87699e7
7	5906.lswap-be4759bc731a.txt	5906.up-2cb6c1139592.txt	ac9b3dbee6ab
7	5906.lswap-be4759bc731a.txt	5906.up-a838f31a7b4f.txt	d5d134bba086
7	5906.lswap-cae9c3b46793.txt	5906.lswap-0de54c0a7bb6.txt	398028eae919
7	5906.lswap-cae9c3b46793.txt	5906.lswap-0de54c0a7bb6.txt	83d54a67702c
7	5906.lswap-cae9c3b46793.txt	5906.lswap-3b4f2e286e0c.txt	41a730999ec8
7	5906.lswap-cae9c3b46793.txt	5906.lswap-3b4f2e286e0c.txt	62a74ce65faa
7	5906.lswap-cae9c3b46793.txt	5906.lswap-3b4f2e286e0c.txt	b13177991e02
7	5906.lswap-cae9c3b46793.txt	5906.lswap-3baeeea281f2.txt	d4ec6aadbefe
7	5906.lswap-cae9c3b46793.txt	5906.lswap-41a210488ac9.txt	0df6c6a90182
7	5906.lswap-cae9c3b46793.txt	5906.lswap-41a210488ac9.txt	4d9a21b2c945
7	5906.lswap-cae9c3b46793.txt	5906.lswap-5228890279ca.txt	39b993f37fda
7	5906.lswap-cae9c3b46793.txt	5906.lswap-5228890279ca.txt	62a74ce65faa
7	5906.lswap-cae9c3b46793.txt	5906.lswap-5228890279ca.txt	b13177991e02
7	5906.lswap-cae9c3b46793.txt	5906.lswap-52e683fb05d3.txt	0ad29fbab280
7	5906.lswap-cae9c3b46793.txt	5906.lswap-52e683fb05d3.txt	61e671455635
7	5906.lswap-cae9c3b46793.txt	5906.lswap-5a55d1641a86.txt	0485c22c758e
7	5906.lswap-cae9c3b46793.txt	5906.lswap-5a7a973564fd.txt	223da8cfb8a5
7	5906.lswap-cae9c3b46793.txt	5906.lswap-5a7a973564fd.txt	c6fe0326a117
7	5906.lswap-cae9c3b46793.txt	5906.lswap-6f6f375dca74.txt	38fa2979bd03
7	5906.lswap-cae9c3b46793.txt	5906.lswap-7602ba885180.txt	be6b4f4e69cf
7	5906.lswap-cae9c3b46793.txt	5906.lswap-964ebce5847f.txt	4f671bc3d3f3
7	5906.lswap-cae9c3b46793.txt	5906.lswap-964ebce5847f.txt	f4276d62e543
7	5906.lswap-cae9c3b46793.txt	5906.lswap-a28e203d65dc.txt	d4ec6aadbefe
7	5906.lswap-cae9c3b46793.txt	5906.lswap-b12d38608f09.txt	7145048de6a4
7	5906.lswap-cae9c3b46793.txt	5906.lswap-b12d38608f09.txt	b98392e1d7a6
7	5906.lswap-cae9c3b46793.txt	5906.lswap-be4759bc731a.txt	095bfb3dc800
7	5906.lswap-cae9c3b46793.txt	5906.lswap-be4759bc731a.txt	b1be0f46d82c
7	5906.lswap-cae9c3b46793.txt	5906.lswap-f6dbf9989449.txt	e1d1870a78cd
7	5906.lswap-cae9c3b46793.txt	5906.up-0d2e98183c29.txt	90628da2dd0c
7	5906.lswap-cae9c3b46793.txt	5906.up-0d2e98183c29.txt	a9604abeb264
7	5906.lswap-cf5ecb0e9ecc.txt	5906.lswap-3b4f2e286e0c.txt	746b5fef63fc
7	5906.lswap-cf5ecb0e9ecc.txt	5906.lswap-3baeeea281f2.txt	5ff76078c599
7	5906.lswap-cf5ecb0e9ecc.txt	5906.lswap-3baeeea281f2.txt	f33f447ada52
7	5906.lswap-cf5ecb0e9ecc.txt	5906.lswap-41a210488ac9.txt	b1be0f46d82c
7	5906.lswap-cf5ecb0e9ecc.txt	5906.lswap-41a210488ac9.txt	b85e26cbabc5
7	5906.lswap-cf5ecb0e9ecc.txt	5906.lswap-49fc63d034f2.txt	398028eae919
7	5906.lswap-cf5ecb0e9ecc.txt	5906.lswap-49fc63d034f2.txt	83d54a67702c
7	5906.lswap-cf5ecb0e9ecc.txt	5906.lswap-4c179f65aa4b.txt	be6b4f4e69cf
7	5906.lswap-cf5ecb0e9ecc.txt	5906.lswap-5228890279ca.txt	746b5fef63fc
7	5906.lswap-cf5ecb0e9ecc.txt	5906.lswap-5808edca979d.txt	0ad29fbab280
7	5906.lswap-cf5ecb0e9ecc.txt	5906.lswap-5808edca979d.txt	61e671455635
7	5906.lswap-cf5ecb0e9ecc.txt	5906.lswap-5a55d1641a86.txt	84a31d178833
7	5906.lswap-cf5ecb0e9ecc.txt	5906.lswap-6f6f375dca74.txt	3f6f5c94d76e
7	5906.lswap-cf5ecb0e9ecc.txt	5906.lswap-a28e203d65dc.txt	1bba2e07446c
7	5906.lswap-cf5ecb0e9ecc.txt	5906.lswap-a28e203d65dc.txt	5ff76078c599
7	5906.lswap-cf5ecb0e9ecc.txt	5906.lswap-aa52880fc9e0.txt	e1d1870a78cd
7	5906.lswap-cf5ecb0e9ecc.txt	5906.lswap-b55f23a2f470.txt	4ad13835a281
7	5906.lswap-cf5ecb0e9ecc.txt	5906.lswap-b55f23a2f470.txt	d58953d08832
7	5906.lswap-cf5ecb0e9ecc.txt	5906.lswap-be4759bc731a.txt	0df6c6a90182
7	5906.lswap-cf5ecb0e9ecc.txt	5906.lswap-be4759bc731a.txt	f87b924fc4aa
7	5906.lswap-cf5ecb0e9ecc.txt	5906.lswap-d252e4d38aa9.txt	4f671bc3d3f3
7	5906.lswap-cf5ecb0e9ecc.txt	5906.lswap-d252e4d38aa9.txt	f4276d62e543
7	5906.lswap-cf5ecb0e9ecc.txt	5906.lswap-e0920da719d9.txt	4f8df87699e7
7	5906.lswap-cf5ecb0e9ecc.txt	5906.lswap-e0920da719d9.txt	e332743d8318
7	5906.lswap-cf5ecb0e9ecc.txt	5906.up-77512ee88848.txt	90628da2dd0c
7	5906.lswap-cf5ecb0e9ecc.txt	5906.up-77512ee88848.txt	a9604abeb264
7	5906.lswap-cf8339eb5ca7.txt	5906.i4a-29c55ed5fbf6.txt	a31aaa6bc575
7	5906.lswap-cf8339eb5ca7.txt	5906.i4a-c1080e26f60c.txt	105e326bc51e
7	5906.lswap-cf8339eb5ca7.txt	5906.lswap-6dc582bac458.txt	a23d031fbcd3
7	5906.lswap-cf8339eb5ca7.txt	5906.lswap-ebd38bf2c1cd.txt	a23d031fbcd3
7	5906.lswap-d252e4d38aa9.txt	5906.lswap-17203113788c.txt	e332743d8318
7	5906.lswap-d252e4d38aa9.txt	5906.lswap-29ee6f7c1197.txt	14a420b3a5b2
7	5906.lswap-d252e4d38aa9.txt	5906.lswap-3b4f2e286e0c.txt	b85e26cbabc5
7	5906.lswap-d252e4d38aa9.txt	5906.lswap-3baeeea281f2.txt	b1be0f46d82c
7	5906.lswap-d252e4d38aa9.txt	5906.lswap-41a210488ac9.txt	c22bfb6473cb
7	5906.lswap-d252e4d38aa9.txt	5906.lswap-5228890279ca.txt	b1be0f46d82c
7	5906.lswap-d252e4d38aa9.txt	5906.lswap-5764c730eaee.txt	4f8df87699e7
7	5906.lswap-d252e4d38aa9.txt	5906.lswap-5a55d1641a86.txt	66c7854e6888
7	5906.lswap-d252e4d38aa9.txt	5906.lswap-6bd82af50a4e.txt	5ff76078c599
7	5906.lswap-d252e4d38aa9.txt	5906.lswap-6bd82af50a4e.txt	746b5fef63fc
7	5906.lswap-d252e4d38aa9.txt	5906.lswap-6d7ea156bdcc.txt	1fa74a7c6774
7	5906.lswap-d252e4d38aa9.txt	5906.lswap-6f6f375dca74.txt	7da937df9f1b
7	5906.lswap-d252e4d38aa9.txt	5906.lswap-9a5cc6a6e3c8.txt	14a420b3a5b2
7	5906.lswap-d252e4d38aa9.txt	5906.lswap-a28e203d65dc.txt	b85e26cbabc5
7	5906.lswap-d252e4d38aa9.txt	5906.lswap-b12d38608f09.txt	ac9b3dbee6ab
7	5906.lswap-d252e4d38aa9.txt	5906.lswap-be4759bc731a.txt	429db3717944
7	5906.lswap-d252e4d38aa9.txt	5906.lswap-be4759bc731a.txt	8821c9761a3f
7	5906.lswap-d252e4d38aa9.txt	5906.lswap-be4759bc731a.txt	b081b754d26e
7	5906.lswap-d252e4d38aa9.txt	5906.lswap-cf5ecb0e9ecc.txt	2257058c3d2d
7	5906.lswap-d252e4d38aa9.txt	5906.lswap-cf5ecb0e9ecc.txt	49c5410504fe
7	5906.lswap-d252e4d38aa9.txt	5906.lswap-e0920da719d9.txt	ac9b3dbee6ab
7	5906.lswap-d252e4d38aa9.txt	5906.lswap-e59a6239aa79.txt	398028eae919
7	5906.lswap-d252e4d38aa9.txt	5906.lswap-e59a6239aa79.txt	83d54a67702c
7	5906.lswap-d252e4d38aa9.txt	5906.up-91a0d3cd2c14.txt	d4c86ffe1efa
7	5906.lswap-d252e4d38aa9.txt	5906.up-a838f31a7b4f.txt	71fce178fd55
7	5906.lswap-d515e64b87be.txt	5906.lswap-f8f86258580e.txt	971aac5119dd
7	5906.lswap-db110b7302cf.txt	5906.lswap-06f4ba2c8122.txt	39a60f60d325
7	5906.lswap-db110b7302cf.txt	5906.lswap-10f62906b166.txt	4c6e579a7560
7	5906.lswap-db110b7302cf.txt	5906.lswap-10f62906b166.txt	72d376c5571d
7	5906.lswap-db110b7302cf.txt	5906.lswap-945cf8ae5bef.txt	71e1161ee3eb
7	5906.lswap-db110b7302cf.txt	5906.lswap-945cf8ae5bef.txt	d306546e9989
7	5906.lswap-db110b7302cf.txt	5906.lswap-9bf7e32c6472.txt	1be958ce8f4e
7	5906.lswap-db110b7302cf.txt	5906.lswap-9bf7e32c6472.txt	92dd26e01875
7	5906.lswap-db110b7302cf.txt	5906.lswap-9f885c2a5e20.txt	4397e30222b2
7	5906.lswap-db110b7302cf.txt	5906.lswap-9f885c2a5e20.txt	45a947482465
7	5906.lswap-db110b7302cf.txt	5906.up-0a065898a821.txt	3a101202e00b
7	5906.lswap-db110b7302cf.txt	5906.up-377da0a3c300.txt	af2802484319
7	5906.lswap-db110b7302cf.txt	5906.up-6597315411ea.txt	de09595a70f4
7	5906.lswap-db110b7302cf.txt	5906.up-72482a71c81e.txt	08979c4016d6
7	5906.lswap-db110b7302cf.txt	5906.up-c3afee7ed153.txt	033afc57097e
7	5906.lswap-db110b7302cf.txt	5906.up-c63a66adbc60.txt	6d61e25e2762
7	5906.lswap-db110b7302cf.txt	5906.up-d1489855deef.txt	a5214c898b1c
7	5906.lswap-db110b7302cf.txt	5906.up-f2c7804be474.txt	9e9d1fddba16
7	5906.lswap-dcc866de4e11.txt	5906.lswap-25cebe1ff658.txt	1f22bfdc604d
7	5906.lswap-dcc866de4e11.txt	5906.lswap-25cebe1ff658.txt	e29b2ab073c4
7	5906.lswap-dcc866de4e11.txt	5906.lswap-e21e24656b8e.txt	2e183a958884
7	5906.lswap-df71274e07be.txt	5906.lswap-025c4805fc39.txt	e616c3f821ef
7	5906.lswap-df71274e07be.txt	5906.lswap-031568aa1b5c.txt	74d91872eeb5
7	5906.lswap-df71274e07be.txt	5906.lswap-3baeeea281f2.txt	27becabec391
7	5906.lswap-df71274e07be.txt	5906.lswap-52e683fb05d3.txt	8821c9761a3f
7	5906.lswap-df71274e07be.txt	5906.lswap-52f45c5e8e22.txt	cb67e923a6ca
7	5906.lswap-df71274e07be.txt	5906.lswap-5808edca979d.txt	8373a022eef2
7	5906.lswap-df71274e07be.txt	5906.lswap-8ed814577309.txt	5581e578134b
7	5906.lswap-df71274e07be.txt	5906.lswap-8ed814577309.txt	d0a01a1ac47d
7	5906.lswap-df71274e07be.txt	5906.lswap-a28e203d65dc.txt	1fbf82fb2187
7	5906.lswap-df71274e07be.txt	5906.lswap-b55f23a2f470.txt	162b937cfcd8
7	5906.lswap-df71274e07be.txt	5906.lswap-e0920da719d9.txt	a8af7d1d0d1f
7	5906.lswap-df71274e07be.txt	5906.lswap-e145b859ca30.txt	d4ec6aadbefe
7	5906.lswap-df71274e07be.txt	5906.lswap-e2d18fca77cb.txt	5ff76078c599
7	5906.lswap-df71274e07be.txt	5906.lswap-eeb9a73f4b33.txt	e616c3f821ef
7	5906.lswap-df71274e07be.txt	5906.up-0db50fc7743c.txt	032dbf0d777a
7	5906.lswap-df71274e07be.txt	5906.up-d2559533f431.txt	d1acfe46465f
7	5906.lswap-e0920da719d9.txt	5906.lswap-17203113788c.txt	4f671bc3d3f3
7	5906.lswap-e0920da719d9.txt	5906.lswap-469763027c57.txt	4ad13835a281
7	5906.lswap-e0920da719d9.txt	5906.lswap-469763027c57.txt	d58953d08832
7	5906.lswap-e0920da719d9.txt	5906.lswap-4c179f65aa4b.txt	095bfb3dc800
7	5906.lswap-e0920da719d9.txt	5906.lswap-5764c730eaee.txt	f4276d62e543
7	5906.lswap-e0920da719d9.txt	5906.lswap-5a55d1641a86.txt	d6c04566fc39
7	5906.lswap-e0920da719d9.txt	5906.lswap-6bd82af50a4e.txt	4bf7e3748717
7	5906.lswap-e0920da719d9.txt	5906.lswap-6f6f375dca74.txt	a805ea3de51d
7	5906.lswap-e0920da719d9.txt	5906.lswap-7602ba885180.txt	0df6c6a90182
7	5906.lswap-e0920da719d9.txt	5906.lswap-964ebce5847f.txt	df712ba91fb7
7	5906.lswap-e0920da719d9.txt	5906.lswap-aa52880fc9e0.txt	b1be0f46d82c
7	5906.lswap-e0920da719d9.txt	5906.lswap-b12d38608f09.txt	5581e578134b
7	5906.lswap-e0920da719d9.txt	5906.lswap-b12d38608f09.txt	d0a01a1ac47d
7	5906.lswap-e0920da719d9.txt	5906.lswap-be4759bc731a.txt	969165258934
7	5906.lswap-e0920da719d9.txt	5906.lswap-cf5ecb0e9ecc.txt	92782df6e5d5
7	5906.lswap-e0920da719d9.txt	5906.lswap-cf5ecb0e9ecc.txt	b2d27c6fb87b
7	5906.lswap-e0920da719d9.txt	5906.lswap-d252e4d38aa9.txt	d0fa1d8cc35d
7	5906.lswap-e0920da719d9.txt	5906.lswap-df71274e07be.txt	02eb9e2292e4
7	5906.lswap-e0920da719d9.txt	5906.lswap-e73e096376f0.txt	02eb9e2292e4
7	5906.lswap-e0920da719d9.txt	5906.lswap-f6dbf9989449.txt	f87b924fc4aa
7	5906.lswap-e0920da719d9.txt	5906.up-14e2c7b29aae.txt	fe3e4c3a8938
7	5906.lswap-e0920da719d9.txt	5906.up-2cb6c1139592.txt	8821c9761a3f
7	5906.lswap-e0920da719d9.txt	5906.up-91a0d3cd2c14.txt	d4ec6aadbefe
7	5906.lswap-e0920da719d9.txt	5906.up-a838f31a7b4f.txt	8373a022eef2
7	5906.lswap-e0920da719d9.txt	5906.up-e948752d6a32.txt	c8a9fa3f5fe4
7	5906.lswap-e0920da719d9.txt	5906.up-eebb02e3baec.txt	5ff76078c599
7	5906.lswap-e145b859ca30.txt	5906.lswap-025c4805fc39.txt	74d91872eeb5
7	5906.lswap-e145b859ca30.txt	5906.lswap-2ae54d2fd96c.txt	c8cd712ae7b0
7	5906.lswap-e145b859ca30.txt	5906.lswap-3b66fbdbdf53.txt	833239f93d60
7	5906.lswap-e145b859ca30.txt	5906.lswap-52f45c5e8e22.txt	e616c3f821ef
7	5906.lswap-e145b859ca30.txt	5906.lswap-6d0ad177e5ee.txt	429db3717944
7	5906.lswap-e145b859ca30.txt	5906.lswap-6d0ad177e5ee.txt	b081b754d26e
7	5906.lswap-e145b859ca30.txt	5906.lswap-80e6c24a2613.txt	6e21f7e985fe
7	5906.lswap-e145b859ca30.txt	5906.lswap-8ed814577309.txt	429db3717944
7	5906.lswap-e145b859ca30.txt	5906.lswap-8ed814577309.txt	b081b754d26e
7	5906.lswap-e145b859ca30.txt	5906.lswap-afd973e1a915.txt	2e62188e3c8b
7	5906.lswap-e145b859ca30.txt	5906.lswap-afd973e1a915.txt	48f9270682d9
7	5906.lswap-e145b859ca30.txt	5906.lswap-df71274e07be.txt	8821c9761a3f
7	5906.lswap-e145b859ca30.txt	5906.lswap-e59a6239aa79.txt	1fbf82fb2187
7	5906.lswap-e145b859ca30.txt	5906.lswap-e59a6239aa79.txt	27becabec391
7	5906.lswap-e145b859ca30.txt	5906.lswap-e73e096376f0.txt	8821c9761a3f
7	5906.lswap-e145b859ca30.txt	5906.up-91a0d3cd2c14.txt	a8af7d1d0d1f
7	5906.lswap-e145b859ca30.txt	5906.up-e94d2b57a7d4.txt	162b937cfcd8
7	5906.lswap-e21e24656b8e.txt	5906.lswap-7bd46049981f.txt	1f22bfdc604d
7	5906.lswap-e21e24656b8e.txt	5906.lswap-7bd46049981f.txt	e29b2ab073c4
7	5906.lswap-e21e24656b8e.txt	5906.lswap-dcc866de4e11.txt	e086d3c2a7ab
7	5906.lswap-e2d18fca77cb.txt	5906.lswap-25804d565b10.txt	defc0816dfd5
7	5906.lswap-e2d18fca77cb.txt	5906.lswap-3b66fbdbdf53.txt	e616c3f821ef
7	5906.lswap-e2d18fca77cb.txt	5906.lswap-469763027c57.txt	1fbf82fb2187
7	5906.lswap-e2d18fca77cb.txt	5906.lswap-469763027c57.txt	27becabec391
7	5906.lswap-e2d18fca77cb.txt	5906.lswap-52f45c5e8e22.txt	833239f93d60
7	5906.lswap-e2d18fca77cb.txt	5906.lswap-62d959eb4e73.txt	74d91872eeb5
7	5906.lswap-e2d18fca77cb.txt	5906.lswap-6d0ad177e5ee.txt	cf88f66916d6
7	5906.lswap-e2d18fca77cb.txt	5906.lswap-7f47c6e6eeda.txt	032dbf0d777a
7	5906.lswap-e2d18fca77cb.txt	5906.lswap-8ed814577309.txt	cf88f66916d6
7	5906.lswap-e2d18fca77cb.txt	5906.lswap-df71274e07be.txt	8373a022eef2
7	5906.lswap-e2d18fca77cb.txt	5906.lswap-e73e096376f0.txt	8373a022eef2
7	5906.lswap-e2d18fca77cb.txt	5906.lswap-eeb9a73f4b33.txt	2e62188e3c8b
7	5906.lswap-e2d18fca77cb.txt	5906.lswap-eeb9a73f4b33.txt	48f9270682d9
7	5906.lswap-e2d18fca77cb.txt	5906.up-e948752d6a32.txt	162b937cfcd8
7	5906.lswap-e2d18fca77cb.txt	5906.up-eebb02e3baec.txt	a8af7d1d0d1f
7	5906.lswap-e59a6239aa79.txt	5906.lswap-17203113788c.txt	84a31d178833
7	5906.lswap-e59a6239aa79.txt	5906.lswap-3b4f2e286e0c.txt	429db3717944
7	5906.lswap-e59a6239aa79.txt	5906.lswap-3b4f2e286e0c.txt	84209a8c0f2c
7	5906.lswap-e59a6239aa79.txt	5906.lswap-3b4f2e286e0c.txt	b081b754d26e
7	5906.lswap-e59a6239aa79.txt	5906.lswap-3baeeea281f2.txt	8821c9761a3f
7	5906.lswap-e59a6239aa79.txt	5906.lswap-49fc63d034f2.txt	2257058c3d2d
7	5906.lswap-e59a6239aa79.txt	5906.lswap-49fc63d034f2.txt	49c5410504fe
7	5906.lswap-e59a6239aa79.txt	5906.lswap-4c179f65aa4b.txt	9943a7ddc283
7	5906.lswap-e59a6239aa79.txt	5906.lswap-5228890279ca.txt	429db3717944
7	5906.lswap-e59a6239aa79.txt	5906.lswap-5228890279ca.txt	8439efc11368
7	5906.lswap-e59a6239aa79.txt	5906.lswap-5228890279ca.txt	b081b754d26e
7	5906.lswap-e59a6239aa79.txt	5906.lswap-5764c730eaee.txt	3f6f5c94d76e
7	5906.lswap-e59a6239aa79.txt	5906.lswap-5a7a973564fd.txt	1b8c339e89cd
7	5906.lswap-e59a6239aa79.txt	5906.lswap-5a7a973564fd.txt	96ebdab07f84
7	5906.lswap-e59a6239aa79.txt	5906.lswap-6bd82af50a4e.txt	0df6c6a90182
7	5906.lswap-e59a6239aa79.txt	5906.lswap-6bd82af50a4e.txt	f87b924fc4aa
7	5906.lswap-e59a6239aa79.txt	5906.lswap-6d7ea156bdcc.txt	b1be0f46d82c
7	5906.lswap-e59a6239aa79.txt	5906.lswap-6d7ea156bdcc.txt	b85e26cbabc5
7	5906.lswap-e59a6239aa79.txt	5906.lswap-a28e203d65dc.txt	8821c9761a3f
7	5906.lswap-e59a6239aa79.txt	5906.lswap-aa52880fc9e0.txt	7f04bb1041b3
7	5906.lswap-e59a6239aa79.txt	5906.lswap-b12d38608f09.txt	66c7854e6888
7	5906.lswap-e59a6239aa79.txt	5906.lswap-b12d38608f09.txt	7da937df9f1b
7	5906.lswap-e59a6239aa79.txt	5906.lswap-d252e4d38aa9.txt	a805ea3de51d
7	5906.lswap-e59a6239aa79.txt	5906.lswap-d252e4d38aa9.txt	d6c04566fc39
7	5906.lswap-e59a6239aa79.txt	5906.lswap-e145b859ca30.txt	0ad29fbab280
7	5906.lswap-e59a6239aa79.txt	5906.lswap-e145b859ca30.txt	61e671455635
7	5906.lswap-e59a6239aa79.txt	5906.up-8ec03171f5df.txt	90628da2dd0c
7	5906.lswap-e59a6239aa79.txt	5906.up-8ec03171f5df.txt	a9604abeb264
7	5906.lswap-e73e096376f0.txt	5906.lswap-3b66fbdbdf53.txt	2e62188e3c8b
7	5906.lswap-e73e096376f0.txt	5906.lswap-3b66fbdbdf53.txt	48f9270682d9
7	5906.lswap-e73e096376f0.txt	5906.lswap-3baeeea281f2.txt	1fbf82fb2187
7	5906.lswap-e73e096376f0.txt	5906.lswap-52e683fb05d3.txt	8821c9761a3f
7	5906.lswap-e73e096376f0.txt	5906.lswap-5808edca979d.txt	8373a022eef2
7	5906.lswap-e73e096376f0.txt	5906.lswap-62d959eb4e73.txt	833239f93d60
7	5906.lswap-e73e096376f0.txt	5906.lswap-6d0ad177e5ee.txt	5581e578134b
7	5906.lswap-e73e096376f0.txt	5906.lswap-6d0ad177e5ee.txt	d0a01a1ac47d
7	5906.lswap-e73e096376f0.txt	5906.lswap-9759fb4af500.txt	2e62188e3c8b
7	5906.lswap-e73e096376f0.txt	5906.lswap-9759fb4af500.txt	48f9270682d9
7	5906.lswap-e73e096376f0.txt	5906.lswap-a28e203d65dc.txt	27becabec391
7	5906.lswap-e73e096376f0.txt	5906.lswap-afd973e1a915.txt	833239f93d60
7	5906.lswap-e73e096376f0.txt	5906.lswap-b55f23a2f470.txt	162b937cfcd8
7	5906.lswap-e73e096376f0.txt	5906.lswap-e0920da719d9.txt	a8af7d1d0d1f
7	5906.lswap-e73e096376f0.txt	5906.lswap-e145b859ca30.txt	d4ec6aadbefe
7	5906.lswap-e73e096376f0.txt	5906.lswap-e2d18fca77cb.txt	5ff76078c599
7	5906.lswap-e73e096376f0.txt	5906.up-331e3f0f91ee.txt	7e00c873941d
7	5906.lswap-e73e096376f0.txt	5906.up-77512ee88848.txt	defc0816dfd5
7	5906.lswap-ebd38bf2c1cd.txt	5906.lswap-6dc582bac458.txt	9a1f3be55831
7	5906.lswap-ebd38bf2c1cd.txt	5906.lswap-6dc582bac458.txt	af1df8c730b3
7	5906.lswap-ebd38bf2c1cd.txt	5906.up-bd458e7fc19e.txt	28343f6d7386
7	5906.lswap-eeb9a73f4b33.txt	5906.lswap-52e683fb05d3.txt	74d91872eeb5
7	5906.lswap-eeb9a73f4b33.txt	5906.lswap-52f45c5e8e22.txt	62a74ce65faa
7	5906.lswap-eeb9a73f4b33.txt	5906.lswap-52f45c5e8e22.txt	b13177991e02
7	5906.lswap-eeb9a73f4b33.txt	5906.lswap-52f45c5e8e22.txt	d4ec6aadbefe
7	5906.lswap-eeb9a73f4b33.txt	5906.lswap-6d0ad177e5ee.txt	e616c3f821ef
7	5906.lswap-eeb9a73f4b33.txt	5906.lswap-7602ba885180.txt	1e97b4d2bd18
7	5906.lswap-eeb9a73f4b33.txt	5906.lswap-7602ba885180.txt	e8010fda4ae9
7	5906.lswap-eeb9a73f4b33.txt	5906.lswap-9759fb4af500.txt	8373a022eef2
7	5906.lswap-eeb9a73f4b33.txt	5906.lswap-9759fb4af500.txt	cf88f66916d6
7	5906.lswap-eeb9a73f4b33.txt	5906.lswap-a7d2db45842b.txt	032dbf0d777a
7	5906.lswap-eeb9a73f4b33.txt	5906.lswap-af54b6f406a6.txt	46267e810eac
7	5906.lswap-eeb9a73f4b33.txt	5906.lswap-df71274e07be.txt	e616c3f821ef
7	5906.lswap-eeb9a73f4b33.txt	5906.lswap-e2d18fca77cb.txt	2e62188e3c8b
7	5906.lswap-eeb9a73f4b33.txt	5906.lswap-e2d18fca77cb.txt	48f9270682d9
7	5906.lswap-eeb9a73f4b33.txt	5906.lswap-f6dbf9989449.txt	1e97b4d2bd18
7	5906.lswap-eeb9a73f4b33.txt	5906.lswap-f6dbf9989449.txt	e8010fda4ae9
7	5906.lswap-f6dbf9989449.txt	5906.lswap-17203113788c.txt	39b993f37fda
7	5906.lswap-f6dbf9989449.txt	5906.lswap-17203113788c.txt	d4ec6aadbefe
7	5906.lswap-f6dbf9989449.txt	5906.lswap-3b4f2e286e0c.txt	38fa2979bd03
7	5906.lswap-f6dbf9989449.txt	5906.lswap-3baeeea281f2.txt	0485c22c758e
7	5906.lswap-f6dbf9989449.txt	5906.lswap-41a210488ac9.txt	211974864876
7	5906.lswap-f6dbf9989449.txt	5906.lswap-469763027c57.txt	e1d1870a78cd
7	5906.lswap-f6dbf9989449.txt	5906.lswap-5764c730eaee.txt	62a74ce65faa
7	5906.lswap-f6dbf9989449.txt	5906.lswap-5764c730eaee.txt	b13177991e02
7	5906.lswap-f6dbf9989449.txt	5906.lswap-5a55d1641a86.txt	8373a022eef2
7	5906.lswap-f6dbf9989449.txt	5906.lswap-5a7a973564fd.txt	095bfb3dc800
7	5906.lswap-f6dbf9989449.txt	5906.lswap-5dbb54e50268.txt	0ad29fbab280
7	5906.lswap-f6dbf9989449.txt	5906.lswap-6bd82af50a4e.txt	c6fe0326a117
7	5906.lswap-f6dbf9989449.txt	5906.lswap-6d7ea156bdcc.txt	b98392e1d7a6
7	5906.lswap-f6dbf9989449.txt	5906.lswap-6f6f375dca74.txt	3a42d71f01c6
7	5906.lswap-f6dbf9989449.txt	5906.lswap-6f6f375dca74.txt	cf88f66916d6
7	5906.lswap-f6dbf9989449.txt	5906.lswap-7602ba885180.txt	4c6e579a7560
7	5906.lswap-f6dbf9989449.txt	5906.lswap-7602ba885180.txt	72d376c5571d
7	5906.lswap-f6dbf9989449.txt	5906.lswap-9f3672f6c430.txt	61e671455635
7	5906.lswap-f6dbf9989449.txt	5906.lswap-b12d38608f09.txt	0df6c6a90182
7	5906.lswap-f6dbf9989449.txt	5906.lswap-b55f23a2f470.txt	b1be0f46d82c
7	5906.lswap-f6dbf9989449.txt	5906.lswap-be4759bc731a.txt	b2d27c6fb87b
7	5906.lswap-f6dbf9989449.txt	5906.lswap-cae9c3b46793.txt	7f04bb1041b3
7	5906.lswap-f6dbf9989449.txt	5906.lswap-e0920da719d9.txt	4d9a21b2c945
7	5906.lswap-f6dbf9989449.txt	5906.lswap-eeb9a73f4b33.txt	90628da2dd0c
7	5906.lswap-f6dbf9989449.txt	5906.lswap-eeb9a73f4b33.txt	a9604abeb264
7	5906.lswap-f6dbf9989449.txt	5906.up-168d62e1a9d1.txt	d6c04566fc39
7	5906.lswap-f6dbf9989449.txt	5906.up-2cb6c1139592.txt	49c5410504fe
7	5906.lswap-f6dbf9989449.txt	5906.up-e948752d6a32.txt	4f671bc3d3f3
7	5906.lswap-f6dbf9989449.txt	5906.up-eebb02e3baec.txt	83d54a67702c
7	5906.lswap-f8f86258580e.txt	5906.lswap-d515e64b87be.txt	b5b4d392bb7f
7	5906.up-02d771908307.txt	5906.lswap-6008b60b1c2c.txt	971aac5119dd
7	5906.up-0a065898a821.txt	5906.lswap-23548cda0ace.txt	6d61e25e2762
7	5906.up-0a065898a821.txt	5906.lswap-3a55a72f70d6.txt	c46ad2463388
7	5906.up-0a065898a821.txt	5906.lswap-67fc5c2184ab.txt	27b09fd682e3
7	5906.up-0a065898a821.txt	5906.lswap-67fc5c2184ab.txt	d3d61412dc56
7	5906.up-0a065898a821.txt	5906.lswap-8f58c699a11d.txt	74d503e42116
7	5906.up-0a065898a821.txt	5906.lswap-945cf8ae5bef.txt	a6bd3e103a4c
7	5906.up-0a065898a821.txt	5906.lswap-9bf7e32c6472.txt	bf52ef05ab91
7	5906.up-0a065898a821.txt	5906.lswap-db110b7302cf.txt	af8282bcbcba
7	5906.up-0d2e98183c29.txt	5906.lswap-25804d565b10.txt	d4ec6aadbefe
7	5906.up-0d2e98183c29.txt	5906.lswap-6d0ad177e5ee.txt	46267e810eac
7	5906.up-0d2e98183c29.txt	5906.lswap-80e6c24a2613.txt	62a74ce65faa
7	5906.up-0d2e98183c29.txt	5906.lswap-80e6c24a2613.txt	b13177991e02
7	5906.up-0d2e98183c29.txt	5906.lswap-9f3672f6c430.txt	2e62188e3c8b
7	5906.up-0d2e98183c29.txt	5906.lswap-9f3672f6c430.txt	48f9270682d9
7	5906.up-0d2e98183c29.txt	5906.lswap-a7d2db45842b.txt	e616c3f821ef
7	5906.up-0d2e98183c29.txt	5906.lswap-cae9c3b46793.txt	1e97b4d2bd18
7	5906.up-0d2e98183c29.txt	5906.lswap-cae9c3b46793.txt	e8010fda4ae9
7	5906.up-0db50fc7743c.txt	5906.lswap-2ae54d2fd96c.txt	746b5fef63fc
7	5906.up-0db50fc7743c.txt	5906.lswap-7f47c6e6eeda.txt	5ff76078c599
7	5906.up-0db50fc7743c.txt	5906.lswap-9a5cc6a6e3c8.txt	cb67e923a6ca
7	5906.up-0db50fc7743c.txt	5906.lswap-a7d2db45842b.txt	e616c3f821ef
7	5906.up-0db50fc7743c.txt	5906.lswap-df71274e07be.txt	d1acfe46465f
7	5906.up-1206598d1ff0.txt	5906.i4a-66637a3b8941.txt	a23d031fbcd3
7	5906.up-14e2c7b29aae.txt	5906.lswap-3baeeea281f2.txt	e332743d8318
7	5906.up-14e2c7b29aae.txt	5906.lswap-41a210488ac9.txt	ac9b3dbee6ab
7	5906.up-14e2c7b29aae.txt	5906.lswap-49fc63d034f2.txt	d4c86ffe1efa
7	5906.up-14e2c7b29aae.txt	5906.lswap-4c179f65aa4b.txt	398028eae919
7	5906.up-14e2c7b29aae.txt	5906.lswap-5808edca979d.txt	14a420b3a5b2
7	5906.up-14e2c7b29aae.txt	5906.lswap-5a55d1641a86.txt	b1be0f46d82c
7	5906.up-14e2c7b29aae.txt	5906.lswap-5a7a973564fd.txt	746b5fef63fc
7	5906.up-14e2c7b29aae.txt	5906.lswap-6f6f375dca74.txt	b85e26cbabc5
7	5906.up-14e2c7b29aae.txt	5906.lswap-a28e203d65dc.txt	4f8df87699e7
7	5906.up-14e2c7b29aae.txt	5906.lswap-aa52880fc9e0.txt	83d54a67702c
7	5906.up-14e2c7b29aae.txt	5906.lswap-b55f23a2f470.txt	5ff76078c599
7	5906.up-14e2c7b29aae.txt	5906.lswap-e0920da719d9.txt	1fa74a7c6774
7	5906.up-168d62e1a9d1.txt	5906.lswap-0de54c0a7bb6.txt	d4c86ffe1efa
7	5906.up-168d62e1a9d1.txt	5906.lswap-3b4f2e286e0c.txt	7145048de6a4
7	5906.up-168d62e1a9d1.txt	5906.lswap-41a210488ac9.txt	d5d134bba086
7	5906.up-168d62e1a9d1.txt	5906.lswap-5228890279ca.txt	b98392e1d7a6
7	5906.up-168d62e1a9d1.txt	5906.lswap-52e683fb05d3.txt	14a420b3a5b2
7	5906.up-168d62e1a9d1.txt	5906.lswap-5a55d1641a86.txt	4d9a21b2c945
7	5906.up-168d62e1a9d1.txt	5906.lswap-5a7a973564fd.txt	62a74ce65faa
7	5906.up-168d62e1a9d1.txt	5906.lswap-5a7a973564fd.txt	b13177991e02
7	5906.up-168d62e1a9d1.txt	5906.lswap-6f6f375dca74.txt	0df6c6a90182
7	5906.up-168d62e1a9d1.txt	5906.lswap-7602ba885180.txt	398028eae919
7	5906.up-168d62e1a9d1.txt	5906.lswap-b12d38608f09.txt	16eab6538ab6
7	5906.up-168d62e1a9d1.txt	5906.lswap-b55f23a2f470.txt	d4ec6aadbefe
7	5906.up-168d62e1a9d1.txt	5906.lswap-f6dbf9989449.txt	83d54a67702c
7	5906.up-16ca46d2c5a9.txt	5906.lswap-2497c9291398.txt	833239f93d60
7	5906.up-16ca46d2c5a9.txt	5906.lswap-2ae54d2fd96c.txt	62a74ce65faa
7	5906.up-16ca46d2c5a9.txt	5906.lswap-2ae54d2fd96c.txt	b13177991e02
7	5906.up-16ca46d2c5a9.txt	5906.lswap-5dbb54e50268.txt	cb67e923a6ca
7	5906.up-16ca46d2c5a9.txt	5906.lswap-7f47c6e6eeda.txt	d4ec6aadbefe
7	5906.up-16ca46d2c5a9.txt	5906.lswap-8ed814577309.txt	396fe6d979c3
7	5906.up-207dc5352d35.txt	5906.lswap-3d82ae1f2111.txt	e29b2ab073c4
7	5906.up-207dc5352d35.txt	5906.lswap-7217a0cd3774.txt	1f22bfdc604d
7	5906.up-23ca8a9bcc81.txt	5906.lswap-2fb529601be6.txt	969165258934
7	5906.up-23ca8a9bcc81.txt	5906.lswap-73851215f718.txt	d6c04566fc39
7	5906.up-23ca8a9bcc81.txt	5906.lswap-821102adfff8.txt	a805ea3de51d
7	5906.up-2cb6c1139592.txt	5906.lswap-3b4f2e286e0c.txt	223da8cfb8a5
7	5906.up-2cb6c1139592.txt	5906.lswap-5228890279ca.txt	c6fe0326a117
7	5906.up-2cb6c1139592.txt	5906.lswap-52e683fb05d3.txt	02eb9e2292e4
7	5906.up-2cb6c1139592.txt	5906.lswap-5a55d1641a86.txt	b1be0f46d82c
7	5906.up-2cb6c1139592.txt	5906.lswap-5a7a973564fd.txt	91270bf2a57d
7	5906.up-2cb6c1139592.txt	5906.lswap-6f6f375dca74.txt	095bfb3dc800
7	5906.up-2cb6c1139592.txt	5906.lswap-7602ba885180.txt	f4276d62e543
7	5906.up-2cb6c1139592.txt	5906.lswap-964ebce5847f.txt	4bf7e3748717
7	5906.up-2cb6c1139592.txt	5906.lswap-b12d38608f09.txt	62a74ce65faa
7	5906.up-2cb6c1139592.txt	5906.lswap-b12d38608f09.txt	b13177991e02
7	5906.up-2cb6c1139592.txt	5906.lswap-be4759bc731a.txt	d0fa1d8cc35d
7	5906.up-2cb6c1139592.txt	5906.lswap-e0920da719d9.txt	d4ec6aadbefe
7	5906.up-2cb6c1139592.txt	5906.lswap-f6dbf9989449.txt	4f671bc3d3f3
7	5906.up-331e3f0f91ee.txt	5906.lswap-2ae54d2fd96c.txt	cf88f66916d6
7	5906.up-331e3f0f91ee.txt	5906.lswap-49fac07a5323.txt	833239f93d60
7	5906.up-331e3f0f91ee.txt	5906.lswap-7f47c6e6eeda.txt	8373a022eef2
7	5906.up-331e3f0f91ee.txt	5906.lswap-9f3672f6c430.txt	2e62188e3c8b
7	5906.up-331e3f0f91ee.txt	5906.lswap-9f3672f6c430.txt	48f9270682d9
7	5906.up-331e3f0f91ee.txt	5906.lswap-e73e096376f0.txt	defc0816dfd5
7	5906.up-377da0a3c300.txt	5906.lswap-23548cda0ace.txt	a5214c898b1c
7	5906.up-377da0a3c300.txt	5906.lswap-28b97fbb68d1.txt	c46ad2463388
7	5906.up-377da0a3c300.txt	5906.lswap-67fc5c2184ab.txt	1d16cacba0be
7	5906.up-377da0a3c300.txt	5906.lswap-67fc5c2184ab.txt	64747b1aaa96
7	5906.up-377da0a3c300.txt	5906.lswap-8f58c699a11d.txt	6c91c41eaa3d
7	5906.up-377da0a3c300.txt	5906.lswap-9bf7e32c6472.txt	fb61739cb012
7	5906.up-377da0a3c300.txt	5906.lswap-9f885c2a5e20.txt	ceaf9e8f25f1
7	5906.up-377da0a3c300.txt	5906.lswap-db110b7302cf.txt	cf7caaa9c7fc
7	5906.up-37ac2db82134.txt	5906.lswap-7217a0cd3774.txt	2e183a958884
7	5906.up-454308027985.txt	5906.lswap-6008b60b1c2c.txt	b5b4d392bb7f
7	5906.up-53b55626d912.txt	5906.lswap-29ee6f7c1197.txt	2e62188e3c8b
7	5906.up-53b55626d912.txt	5906.lswap-29ee6f7c1197.txt	48f9270682d9
7	5906.up-53b55626d912.txt	5906.lswap-2ae54d2fd96c.txt	429db3717944
7	5906.up-53b55626d912.txt	5906.lswap-2ae54d2fd96c.txt	b081b754d26e
7	5906.up-53b55626d912.txt	5906.lswap-6d0ad177e5ee.txt	6e21f7e985fe
7	5906.up-53b55626d912.txt	5906.lswap-7f47c6e6eeda.txt	8821c9761a3f
7	5906.up-53b55626d912.txt	5906.lswap-af54b6f406a6.txt	e616c3f821ef
7	5906.up-56126e7237c3.txt	5906.i4a-c1080e26f60c.txt	a23d031fbcd3
7	5906.up-56126e7237c3.txt	5906.lswap-6dc582bac458.txt	a31aaa6bc575
7	5906.up-590fe2cb2c21.txt	5906.i4a-6a77e138ea8e.txt	a23d031fbcd3
7	5906.up-6597315411ea.txt	5906.lswap-06f4ba2c8122.txt	71e1161ee3eb
7	5906.up-6597315411ea.txt	5906.lswap-06f4ba2c8122.txt	d306546e9989
7	5906.up-6597315411ea.txt	5906.lswap-09c105553d61.txt	bf52ef05ab91
7	5906.up-6597315411ea.txt	5906.lswap-10f62906b166.txt	74d503e42116
7	5906.up-6597315411ea.txt	5906.lswap-23548cda0ace.txt	9e9d1fddba16
7	5906.up-6597315411ea.txt	5906.lswap-28b97fbb68d1.txt	a6bd3e103a4c
7	5906.up-6597315411ea.txt	5906.lswap-9f885c2a5e20.txt	1be958ce8f4e
7	5906.up-6597315411ea.txt	5906.lswap-9f885c2a5e20.txt	92dd26e01875
7	5906.up-6597315411ea.txt	5906.lswap-db110b7302cf.txt	6d61e25e2762
7	5906.up-6a142cb8e27d.txt	5906.i4a-7f46c8149026.txt	a23d031fbcd3
7	5906.up-72482a71c81e.txt	5906.lswap-06f4ba2c8122.txt	292c02641e63
7	5906.up-72482a71c81e.txt	5906.lswap-09c105553d61.txt	27b09fd682e3
7	5906.up-72482a71c81e.txt	5906.lswap-09c105553d61.txt	d3d61412dc56
7	5906.up-72482a71c81e.txt	5906.lswap-23548cda0ace.txt	033afc57097e
7	5906.up-72482a71c81e.txt	5906.lswap-3a55a72f70d6.txt	0058ac858d36
7	5906.up-72482a71c81e.txt	5906.lswap-3a55a72f70d6.txt	49eb8498235d
7	5906.up-72482a71c81e.txt	5906.lswap-8f58c699a11d.txt	e2a2c6dd2c41
7	5906.up-72482a71c81e.txt	5906.lswap-945cf8ae5bef.txt	e1f44691aec8
7	5906.up-72482a71c81e.txt	5906.lswap-db110b7302cf.txt	a6cdd296693f
7	5906.up-72482a71c81e.txt	5906.lswap-db110b7302cf.txt	b33e8d83721c
7	5906.up-77512ee88848.txt	5906.lswap-2497c9291398.txt	833239f93d60
7	5906.up-77512ee88848.txt	5906.lswap-25804d565b10.txt	5ff76078c599
7	5906.up-77512ee88848.txt	5906.lswap-29ee6f7c1197.txt	2e62188e3c8b
7	5906.up-77512ee88848.txt	5906.lswap-29ee6f7c1197.txt	48f9270682d9
7	5906.up-77512ee88848.txt	5906.lswap-80e6c24a2613.txt	746b5fef63fc
7	5906.up-77512ee88848.txt	5906.lswap-cf5ecb0e9ecc.txt	1e97b4d2bd18
7	5906.up-77512ee88848.txt	5906.lswap-cf5ecb0e9ecc.txt	e8010fda4ae9
7	5906.up-77512ee88848.txt	5906.lswap-e73e096376f0.txt	7e00c873941d
7	5906.up-7c111e182316.txt	5906.lswap-1e70957354f1.txt	d4c86ffe1efa
7	5906.up-7c111e182316.txt	5906.lswap-73851215f718.txt	83d54a67702c
7	5906.up-7c111e182316.txt	5906.lswap-821102adfff8.txt	398028eae919
7	5906.up-890b6674bd25.txt	5906.i4a-50d865ca7907.txt	a23d031fbcd3
7	5906.up-8ec03171f5df.txt	5906.lswap-25804d565b10.txt	8821c9761a3f
7	5906.up-8ec03171f5df.txt	5906.lswap-49fac07a5323.txt	833239f93d60
7	5906.up-8ec03171f5df.txt	5906.lswap-80e6c24a2613.txt	429db3717944
7	5906.up-8ec03171f5df.txt	5906.lswap-80e6c24a2613.txt	b081b754d26e
7	5906.up-8ec03171f5df.txt	5906.lswap-8ed814577309.txt	c8cd712ae7b0
7	5906.up-8ec03171f5df.txt	5906.lswap-9a5cc6a6e3c8.txt	74d91872eeb5
7	5906.up-8ec03171f5df.txt	5906.lswap-e59a6239aa79.txt	1e97b4d2bd18
7	5906.up-8ec03171f5df.txt	5906.lswap-e59a6239aa79.txt	e8010fda4ae9
7	5906.up-91a0d3cd2c14.txt	5906.lswap-17203113788c.txt	f87b924fc4aa
7	5906.up-91a0d3cd2c14.txt	5906.lswap-3b4f2e286e0c.txt	96ebdab07f84
7	5906.up-91a0d3cd2c14.txt	5906.lswap-4c179f65aa4b.txt	a805ea3de51d
7	5906.up-91a0d3cd2c14.txt	5906.lswap-5228890279ca.txt	1b8c339e89cd
7	5906.up-91a0d3cd2c14.txt	5906.lswap-5764c730eaee.txt	0df6c6a90182
7	5906.up-91a0d3cd2c14.txt	5906.lswap-5a7a973564fd.txt	cf81c5206273
7	5906.up-91a0d3cd2c14.txt	5906.lswap-6bd82af50a4e.txt	df712ba91fb7
7	5906.up-91a0d3cd2c14.txt	5906.lswap-aa52880fc9e0.txt	d6c04566fc39
7	5906.up-91a0d3cd2c14.txt	5906.lswap-b12d38608f09.txt	429db3717944
7	5906.up-91a0d3cd2c14.txt	5906.lswap-b12d38608f09.txt	b081b754d26e
7	5906.up-91a0d3cd2c14.txt	5906.lswap-d252e4d38aa9.txt	969165258934
7	5906.up-91a0d3cd2c14.txt	5906.lswap-e0920da719d9.txt	8821c9761a3f
7	5906.up-91a0d3cd2c14.txt	5906.lswap-e145b859ca30.txt	02eb9e2292e4
7	5906.up-a001786e5861.txt	5906.lswap-7217a0cd3774.txt	e086d3c2a7ab
7	5906.up-a30c7c517d7b.txt	5906.up-d9a28c2d8195.txt	a23d031fbcd3
7	5906.up-a838f31a7b4f.txt	5906.lswap-3baeeea281f2.txt	d58953d08832
7	5906.up-a838f31a7b4f.txt	5906.lswap-4c179f65aa4b.txt	f4276d62e543
7	5906.up-a838f31a7b4f.txt	5906.lswap-5808edca979d.txt	02eb9e2292e4
7	5906.up-a838f31a7b4f.txt	5906.lswap-5a55d1641a86.txt	f87b924fc4aa
7	5906.up-a838f31a7b4f.txt	5906.lswap-6f6f375dca74.txt	0df6c6a90182
7	5906.up-a838f31a7b4f.txt	5906.lswap-a28e203d65dc.txt	4ad13835a281
7	5906.up-a838f31a7b4f.txt	5906.lswap-aa52880fc9e0.txt	4f671bc3d3f3
7	5906.up-a838f31a7b4f.txt	5906.lswap-b12d38608f09.txt	746b5fef63fc
7	5906.up-a838f31a7b4f.txt	5906.lswap-b55f23a2f470.txt	c8a9fa3f5fe4
7	5906.up-a838f31a7b4f.txt	5906.lswap-be4759bc731a.txt	df712ba91fb7
7	5906.up-a838f31a7b4f.txt	5906.lswap-d252e4d38aa9.txt	4bf7e3748717
7	5906.up-a838f31a7b4f.txt	5906.lswap-e0920da719d9.txt	5ff76078c599
7	5906.up-abe33e328763.txt	5906.lswap-aea48ef05d9e.txt	49fff6b78fa8
7	5906.up-aed220b1ebc4.txt	5906.lswap-1e70957354f1.txt	71fce178fd55
7	5906.up-aed220b1ebc4.txt	5906.lswap-73851215f718.txt	49c5410504fe
7	5906.up-aed220b1ebc4.txt	5906.lswap-821102adfff8.txt	2257058c3d2d
7	5906.up-b2d6bec1e3bd.txt	5906.lswap-2fb529601be6.txt	4bf7e3748717
7	5906.up-b2d6bec1e3bd.txt	5906.lswap-73851215f718.txt	4f671bc3d3f3
7	5906.up-b2d6bec1e3bd.txt	5906.lswap-821102adfff8.txt	f4276d62e543
7	5906.up-bd458e7fc19e.txt	5906.i4a-29c55ed5fbf6.txt	a23d031fbcd3
7	5906.up-bd458e7fc19e.txt	5906.lswap-ebd38bf2c1cd.txt	105e326bc51e
7	5906.up-c3afee7ed153.txt	5906.lswap-06f4ba2c8122.txt	4397e30222b2
7	5906.up-c3afee7ed153.txt	5906.lswap-06f4ba2c8122.txt	45a947482465
7	5906.up-c3afee7ed153.txt	5906.lswap-09c105553d61.txt	fb61739cb012
7	5906.up-c3afee7ed153.txt	5906.lswap-10f62906b166.txt	6c91c41eaa3d
7	5906.up-c3afee7ed153.txt	5906.lswap-23548cda0ace.txt	08979c4016d6
7	5906.up-c3afee7ed153.txt	5906.lswap-3a55a72f70d6.txt	ceaf9e8f25f1
7	5906.up-c3afee7ed153.txt	5906.lswap-945cf8ae5bef.txt	1be958ce8f4e
7	5906.up-c3afee7ed153.txt	5906.lswap-945cf8ae5bef.txt	92dd26e01875
7	5906.up-c3afee7ed153.txt	5906.lswap-db110b7302cf.txt	a5214c898b1c
7	5906.up-c63a66adbc60.txt	5906.lswap-10f62906b166.txt	02397927f53b
7	5906.up-c63a66adbc60.txt	5906.lswap-23548cda0ace.txt	3a101202e00b
7	5906.up-c63a66adbc60.txt	5906.lswap-3a55a72f70d6.txt	f67057a04d42
7	5906.up-c63a66adbc60.txt	5906.lswap-67fc5c2184ab.txt	aca056ea4c48
7	5906.up-c63a66adbc60.txt	5906.lswap-945cf8ae5bef.txt	39a60f60d325
7	5906.up-c63a66adbc60.txt	5906.lswap-9bf7e32c6472.txt	4397e30222b2
7	5906.up-c63a66adbc60.txt	5906.lswap-9bf7e32c6472.txt	45a947482465
7	5906.up-c63a66adbc60.txt	5906.lswap-db110b7302cf.txt	de09595a70f4
7	5906.up-d0b9281ca469.txt	5906.i4a-b99b1d60f13e.txt	a23d031fbcd3
7	5906.up-d1489855deef.txt	5906.lswap-10f62906b166.txt	e2a2c6dd2c41
7	5906.up-d1489855deef.txt	5906.lswap-23548cda0ace.txt	af2802484319
7	5906.up-d1489855deef.txt	5906.lswap-28b97fbb68d1.txt	e1f44691aec8
7	5906.up-d1489855deef.txt	5906.lswap-67fc5c2184ab.txt	292c02641e63
7	5906.up-d1489855deef.txt	5906.lswap-9bf7e32c6472.txt	71e1161ee3eb
7	5906.up-d1489855deef.txt	5906.lswap-9bf7e32c6472.txt	d306546e9989
7	5906.up-d1489855deef.txt	5906.lswap-9f885c2a5e20.txt	39a60f60d325
7	5906.up-d1489855deef.txt	5906.lswap-db110b7302cf.txt	033afc57097e
7	5906.up-d2559533f431.txt	5906.lswap-25804d565b10.txt	8373a022eef2
7	5906.up-d2559533f431.txt	5906.lswap-469763027c57.txt	1e97b4d2bd18
7	5906.up-d2559533f431.txt	5906.lswap-469763027c57.txt	e8010fda4ae9
7	5906.up-d2559533f431.txt	5906.lswap-5dbb54e50268.txt	74d91872eeb5
7	5906.up-d2559533f431.txt	5906.lswap-80e6c24a2613.txt	cf88f66916d6
7	5906.up-d2559533f431.txt	5906.lswap-af54b6f406a6.txt	e616c3f821ef
7	5906.up-d2559533f431.txt	5906.lswap-df71274e07be.txt	032dbf0d777a
7	5906.up-df8c9033249e.txt	5906.i4a-e0f3de4ca026.txt	a23d031fbcd3
7	5906.up-e1680a9d0e30.txt	5906.lswap-3d82ae1f2111.txt	5f12a02d1321
7	5906.up-e1680a9d0e30.txt	5906.lswap-7217a0cd3774.txt	5fdd20443018
7	5906.up-e948752d6a32.txt	5906.lswap-0de54c0a7bb6.txt	71fce178fd55
7	5906.up-e948752d6a32.txt	5906.lswap-17203113788c.txt	4d9a21b2c945
7	5906.up-e948752d6a32.txt	5906.lswap-3baeeea281f2.txt	f550b887608a
7	5906.up-e948752d6a32.txt	5906.lswap-5764c730eaee.txt	0df6c6a90182
7	5906.up-e948752d6a32.txt	5906.lswap-5a7a973564fd.txt	cf88f66916d6
7	5906.up-e948752d6a32.txt	5906.lswap-6d7ea156bdcc.txt	d5d134bba086
7	5906.up-e948752d6a32.txt	5906.lswap-7602ba885180.txt	2257058c3d2d
7	5906.up-e948752d6a32.txt	5906.lswap-a28e203d65dc.txt	211974864876
7	5906.up-e948752d6a32.txt	5906.lswap-b55f23a2f470.txt	8373a022eef2
7	5906.up-e948752d6a32.txt	5906.lswap-e0920da719d9.txt	ff97c0cddd5f
7	5906.up-e948752d6a32.txt	5906.lswap-e2d18fca77cb.txt	14a420b3a5b2
7	5906.up-e948752d6a32.txt	5906.lswap-f6dbf9989449.txt	49c5410504fe
7	5906.up-e94d2b57a7d4.txt	5906.lswap-17203113788c.txt	b1be0f46d82c
7	5906.up-e94d2b57a7d4.txt	5906.lswap-3b4f2e286e0c.txt	7da937df9f1b
7	5906.up-e94d2b57a7d4.txt	5906.lswap-49fc63d034f2.txt	71fce178fd55
7	5906.up-e94d2b57a7d4.txt	5906.lswap-4c179f65aa4b.txt	2257058c3d2d
7	5906.up-e94d2b57a7d4.txt	5906.lswap-5228890279ca.txt	66c7854e6888
7	5906.up-e94d2b57a7d4.txt	5906.lswap-5764c730eaee.txt	b85e26cbabc5
7	5906.up-e94d2b57a7d4.txt	5906.lswap-5a7a973564fd.txt	429db3717944
7	5906.up-e94d2b57a7d4.txt	5906.lswap-5a7a973564fd.txt	b081b754d26e
7	5906.up-e94d2b57a7d4.txt	5906.lswap-6d7ea156bdcc.txt	ac9b3dbee6ab
7	5906.up-e94d2b57a7d4.txt	5906.lswap-aa52880fc9e0.txt	49c5410504fe
7	5906.up-e94d2b57a7d4.txt	5906.lswap-b12d38608f09.txt	c22bfb6473cb
7	5906.up-e94d2b57a7d4.txt	5906.lswap-b55f23a2f470.txt	8821c9761a3f
7	5906.up-e94d2b57a7d4.txt	5906.lswap-e145b859ca30.txt	14a420b3a5b2
7	5906.up-eebb02e3baec.txt	5906.lswap-17203113788c.txt	b1be0f46d82c
7	5906.up-eebb02e3baec.txt	5906.lswap-3baeeea281f2.txt	92782df6e5d5
7	5906.up-eebb02e3baec.txt	5906.lswap-5764c730eaee.txt	095bfb3dc800
7	5906.up-eebb02e3baec.txt	5906.lswap-6bd82af50a4e.txt	d0fa1d8cc35d
7	5906.up-eebb02e3baec.txt	5906.lswap-7602ba885180.txt	a805ea3de51d
7	5906.up-eebb02e3baec.txt	5906.lswap-964ebce5847f.txt	969165258934
7	5906.up-eebb02e3baec.txt	5906.lswap-a28e203d65dc.txt	b2d27c6fb87b
7	5906.up-eebb02e3baec.txt	5906.lswap-b12d38608f09.txt	cf88f66916d6
7	5906.up-eebb02e3baec.txt	5906.lswap-b55f23a2f470.txt	fe3e4c3a8938
7	5906.up-eebb02e3baec.txt	5906.lswap-e0920da719d9.txt	8373a022eef2
7	5906.up-eebb02e3baec.txt	5906.lswap-e2d18fca77cb.txt	02eb9e2292e4
7	5906.up-eebb02e3baec.txt	5906.lswap-f6dbf9989449.txt	d6c04566fc39
7	5906.up-f2c7804be474.txt	5906.lswap-06f4ba2c8122.txt	aca056ea4c48
7	5906.up-f2c7804be474.txt	5906.lswap-09c105553d61.txt	1d16cacba0be
7	5906.up-f2c7804be474.txt	5906.lswap-09c105553d61.txt	64747b1aaa96
7	5906.up-f2c7804be474.txt	5906.lswap-23548cda0ace.txt	de09595a70f4
7	5906.up-f2c7804be474.txt	5906.lswap-28b97fbb68d1.txt	0058ac858d36
7	5906.up-f2c7804be474.txt	5906.lswap-28b97fbb68d1.txt	49eb8498235d
7	5906.up-f2c7804be474.txt	5906.lswap-8f58c699a11d.txt	02397927f53b
7	5906.up-f2c7804be474.txt	5906.lswap-9f885c2a5e20.txt	f67057a04d42
7	5906.up-f2c7804be474.txt	5906.lswap-db110b7302cf.txt	ec8aeb81c478
7	5906.i4a-66637a3b8941.txt	5906.lswap-0d13fc4a8a4a.txt	1174ffd57013
7	5906.i4a-66637a3b8941.txt	5906.lswap-0d13fc4a8a4a.txt	8b6d1ef3b31f
7	5906.i4a-66637a3b8941.txt	5906.lswap-1f8e06e3e616.txt	e180ae0b1895
7	5906.i4a-66637a3b8941.txt	5906.lswap-760f8ed53670.txt	874bbd84a9b5
7	5906.i4a-7f46c8149026.txt	5906.lswap-0d13fc4a8a4a.txt	19a9f1318e76
7	5906.i4a-7f46c8149026.txt	5906.lswap-0d13fc4a8a4a.txt	b8df90046146
7	5906.i4a-7f46c8149026.txt	5906.lswap-1f8e06e3e616.txt	09857047dc88
7	5906.i4a-7f46c8149026.txt	5906.lswap-760f8ed53670.txt	dc828d360c42
7	5906.lswap-025c4805fc39.txt	5906.lswap-49fac07a5323.txt	ecad0e65a5d2
7	5906.lswap-025c4805fc39.txt	5906.lswap-5dbb54e50268.txt	e1065cfc01db
7	5906.lswap-025c4805fc39.txt	5906.lswap-8ed814577309.txt	d24f63edf5b4
7	5906.lswap-025c4805fc39.txt	5906.lswap-9f3672f6c430.txt	e1065cfc01db
7	5906.lswap-025c4805fc39.txt	5906.lswap-e73e096376f0.txt	d24f63edf5b4
7	5906.lswap-031568aa1b5c.txt	5906.lswap-52e683fb05d3.txt	d24f63edf5b4
7	5906.lswap-031568aa1b5c.txt	5906.lswap-5808edca979d.txt	5aceefba3b64
7	5906.lswap-031568aa1b5c.txt	5906.lswap-5dbb54e50268.txt	ecad0e65a5d2
7	5906.lswap-031568aa1b5c.txt	5906.lswap-9a5cc6a6e3c8.txt	ba9ea1eefc0d
7	5906.lswap-06f4ba2c8122.txt	5906.lswap-10f62906b166.txt	60748cf01c32
7	5906.lswap-06f4ba2c8122.txt	5906.lswap-28b97fbb68d1.txt	cc6f0000205a
7	5906.lswap-06f4ba2c8122.txt	5906.lswap-28b97fbb68d1.txt	f64e9f0a8b15
7	5906.lswap-06f4ba2c8122.txt	5906.lswap-3a55a72f70d6.txt	65e6ee3248d6
7	5906.lswap-06f4ba2c8122.txt	5906.lswap-3a55a72f70d6.txt	ef2d70e4fcf5
7	5906.lswap-06f4ba2c8122.txt	5906.lswap-945cf8ae5bef.txt	fb50a523fce2
7	5906.lswap-06f4ba2c8122.txt	5906.lswap-9f885c2a5e20.txt	f3530a9a4032
7	5906.lswap-06f4ba2c8122.txt	5906.lswap-db110b7302cf.txt	60748cf01c32
7	5906.lswap-06f4ba2c8122.txt	5906.up-72482a71c81e.txt	939426db79b6
7	5906.lswap-06f4ba2c8122.txt	5906.up-c63a66adbc60.txt	ac9bbabf002d
7	5906.lswap-06f4ba2c8122.txt	5906.up-d1489855deef.txt	6930b7d208a7
7	5906.lswap-06f4ba2c8122.txt	5906.up-f2c7804be474.txt	d6df25eea20b
7	5906.lswap-09c105553d61.txt	5906.lswap-23548cda0ace.txt	95415ff344bb
7	5906.lswap-09c105553d61.txt	5906.lswap-28b97fbb68d1.txt	b4f13531d2e2
7	5906.lswap-09c105553d61.txt	5906.lswap-3a55a72f70d6.txt	725677205daf
7	5906.lswap-09c105553d61.txt	5906.lswap-8f58c699a11d.txt	95415ff344bb
7	5906.lswap-09c105553d61.txt	5906.lswap-945cf8ae5bef.txt	6a6961005e6e
7	5906.lswap-09c105553d61.txt	5906.lswap-945cf8ae5bef.txt	c589e2232376
7	5906.lswap-09c105553d61.txt	5906.lswap-9f885c2a5e20.txt	bfc9f419917a
7	5906.lswap-09c105553d61.txt	5906.lswap-9f885c2a5e20.txt	d1a0033e1269
7	5906.lswap-09c105553d61.txt	5906.up-0a065898a821.txt	65faf8c9cd20
7	5906.lswap-09c105553d61.txt	5906.up-377da0a3c300.txt	b0c4e9f7edee
7	5906.lswap-09c105553d61.txt	5906.up-6597315411ea.txt	3b998b76d7fd
7	5906.lswap-09c105553d61.txt	5906.up-c3afee7ed153.txt	a89df6442166
7	5906.lswap-0d13fc4a8a4a.txt	5906.i4a-66637a3b8941.txt	7df19d789c5d
7	5906.lswap-0d13fc4a8a4a.txt	5906.i4a-66637a3b8941.txt	ad0486fad52f
7	5906.lswap-0d13fc4a8a4a.txt	5906.i4a-7f46c8149026.txt	1b6b29b60594
7	5906.lswap-0d13fc4a8a4a.txt	5906.i4a-7f46c8149026.txt	c259acb12eb0
7	5906.lswap-0de54c0a7bb6.txt	5906.lswap-6d0ad177e5ee.txt	5e303fc5a688
7	5906.lswap-0de54c0a7bb6.txt	5906.lswap-df71274e07be.txt	5e303fc5a688
7	5906.lswap-0de54c0a7bb6.txt	5906.lswap-e2d18fca77cb.txt	6e38383cfc72
7	5906.lswap-10f62906b166.txt	5906.lswap-06f4ba2c8122.txt	95415ff344bb
7	5906.lswap-10f62906b166.txt	5906.lswap-28b97fbb68d1.txt	b17264f2772b
7	5906.lswap-10f62906b166.txt	5906.lswap-3a55a72f70d6.txt	86d05ce43f33
7	5906.lswap-10f62906b166.txt	5906.lswap-db110b7302cf.txt	28e415dd7f02
7	5906.lswap-10f62906b166.txt	5906.lswap-db110b7302cf.txt	c26c151d9d54
7	5906.lswap-10f62906b166.txt	5906.up-0a065898a821.txt	bfc9f419917a
7	5906.lswap-10f62906b166.txt	5906.up-377da0a3c300.txt	c589e2232376
7	5906.lswap-10f62906b166.txt	5906.up-6597315411ea.txt	725677205daf
7	5906.lswap-10f62906b166.txt	5906.up-c63a66adbc60.txt	fb50a523fce2
7	5906.lswap-10f62906b166.txt	5906.up-f2c7804be474.txt	9ca1059f7d02
7	5906.lswap-17203113788c.txt	5906.lswap-25804d565b10.txt	d85cb56ed236
7	5906.lswap-17203113788c.txt	5906.lswap-df71274e07be.txt	868b50be85a4
7	5906.lswap-17203113788c.txt	5906.lswap-e2d18fca77cb.txt	8f5cf69c5f7c
7	5906.lswap-17946ea8ba63.txt	5906.up-9a915a83c416.txt	1349ff4d86ac
7	5906.lswap-17946ea8ba63.txt	5906.up-e132c7a7c340.txt	234ee4fddece
7	5906.lswap-1f8e06e3e616.txt	5906.i4a-66637a3b8941.txt	09857047dc88
7	5906.lswap-1f8e06e3e616.txt	5906.i4a-7f46c8149026.txt	e180ae0b1895
7	5906.lswap-1f8e06e3e616.txt	5906.up-1206598d1ff0.txt	b8df90046146
7	5906.lswap-1f8e06e3e616.txt	5906.up-6a142cb8e27d.txt	1174ffd57013
7	5906.lswap-23548cda0ace.txt	5906.lswap-09c105553d61.txt	60748cf01c32
7	5906.lswap-23548cda0ace.txt	5906.lswap-8f58c699a11d.txt	28e415dd7f02
7	5906.lswap-23548cda0ace.txt	5906.lswap-8f58c699a11d.txt	c26c151d9d54
7	5906.lswap-23548cda0ace.txt	5906.lswap-945cf8ae5bef.txt	bb74acd56cf9
7	5906.lswap-23548cda0ace.txt	5906.lswap-9f885c2a5e20.txt	427f0cd25687
7	5906.lswap-23548cda0ace.txt	5906.up-377da0a3c300.txt	b4f13531d2e2
7	5906.lswap-23548cda0ace.txt	5906.up-6597315411ea.txt	3a296520ca00
7	5906.lswap-23548cda0ace.txt	5906.up-72482a71c81e.txt	f3530a9a4032
7	5906.lswap-23548cda0ace.txt	5906.up-c63a66adbc60.txt	f64e9f0a8b15
7	5906.lswap-23548cda0ace.txt	5906.up-d1489855deef.txt	ef2d70e4fcf5
7	5906.lswap-2497c9291398.txt	5906.lswap-a28e203d65dc.txt	2dd7827e5108
7	5906.lswap-2497c9291398.txt	5906.lswap-cf5ecb0e9ecc.txt	01ebc19824fc
7	5906.lswap-2497c9291398.txt	5906.lswap-cf5ecb0e9ecc.txt	b4dfc6692083
7	5906.lswap-2497c9291398.txt	5906.lswap-eeb9a73f4b33.txt	ecad0e65a5d2
7	5906.lswap-2497c9291398.txt	5906.up-0d2e98183c29.txt	d24f63edf5b4
7	5906.lswap-2497c9291398.txt	5906.up-0db50fc7743c.txt	72397e2f680a
7	5906.lswap-2497c9291398.txt	5906.up-14e2c7b29aae.txt	1a06d1157530
7	5906.lswap-2497c9291398.txt	5906.up-a838f31a7b4f.txt	7dfddb482d3c
7	5906.lswap-25804d565b10.txt	5906.lswap-17203113788c.txt	a7aabea675cc
7	5906.lswap-25804d565b10.txt	5906.lswap-52e683fb05d3.txt	29acfe26c3eb
7	5906.lswap-25804d565b10.txt	5906.lswap-5a55d1641a86.txt	a003705bbbb1
7	5906.lswap-25804d565b10.txt	5906.lswap-6f6f375dca74.txt	c5eefe353bce
7	5906.lswap-25804d565b10.txt	5906.lswap-7602ba885180.txt	6c0329aa4489
7	5906.lswap-25804d565b10.txt	5906.lswap-9a5cc6a6e3c8.txt	72397e2f680a
7	5906.lswap-25804d565b10.txt	5906.lswap-9f3672f6c430.txt	ada84d0153fa
7	5906.lswap-25cebe1ff658.txt	5906.up-207dc5352d35.txt	23e5226ea9dd
7	5906.lswap-25cebe1ff658.txt	5906.up-a001786e5861.txt	8872f4d7dc0e
7	5906.lswap-28b97fbb68d1.txt	5906.lswap-06f4ba2c8122.txt	bfc9f419917a
7	5906.lswap-28b97fbb68d1.txt	5906.lswap-06f4ba2c8122.txt	d1a0033e1269
7	5906.lswap-28b97fbb68d1.txt	5906.lswap-09c105553d61.txt	f3530a9a4032
7	5906.lswap-28b97fbb68d1.txt	5906.lswap-10f62906b166.txt	86d05ce43f33
7	5906.lswap-28b97fbb68d1.txt	5906.lswap-67fc5c2184ab.txt	725677205daf
7	5906.lswap-28b97fbb68d1.txt	5906.lswap-9bf7e32c6472.txt	42fbf3f0d536
7	5906.lswap-28b97fbb68d1.txt	5906.lswap-db110b7302cf.txt	427f0cd25687
7	5906.lswap-28b97fbb68d1.txt	5906.up-0a065898a821.txt	31a6811f7e37
7	5906.lswap-28b97fbb68d1.txt	5906.up-377da0a3c300.txt	95415ff344bb
7	5906.lswap-28b97fbb68d1.txt	5906.up-6597315411ea.txt	6d77557bf8f2
7	5906.lswap-28b97fbb68d1.txt	5906.up-d1489855deef.txt	2385661fb60e
7	5906.lswap-29ee6f7c1197.txt	5906.lswap-62d959eb4e73.txt	573ebb4e5913
7	5906.lswap-29ee6f7c1197.txt	5906.lswap-7f47c6e6eeda.txt	ada84d0153fa
7	5906.lswap-29ee6f7c1197.txt	5906.lswap-80e6c24a2613.txt	d24f63edf5b4
7	5906.lswap-29ee6f7c1197.txt	5906.lswap-a28e203d65dc.txt	959edf9574a8
7	5906.lswap-29ee6f7c1197.txt	5906.lswap-b55f23a2f470.txt	c9d65fee4f73
7	5906.lswap-29ee6f7c1197.txt	5906.lswap-cf5ecb0e9ecc.txt	1e48e92e2bca
7	5906.lswap-29ee6f7c1197.txt	5906.lswap-cf5ecb0e9ecc.txt	3ec33775c7bd
7	5906.lswap-29ee6f7c1197.txt	5906.lswap-e0920da719d9.txt	1953b28ffc27
7	5906.lswap-29ee6f7c1197.txt	5906.lswap-eeb9a73f4b33.txt	e1065cfc01db
7	5906.lswap-29ee6f7c1197.txt	5906.up-14e2c7b29aae.txt	dbb15d86868a
7	5906.lswap-29ee6f7c1197.txt	5906.up-a838f31a7b4f.txt	6a51a52b89c4
7	5906.lswap-2ae54d2fd96c.txt	5906.lswap-9a5cc6a6e3c8.txt	5aceefba3b64
7	5906.lswap-2ae54d2fd96c.txt	5906.lswap-9f3672f6c430.txt	d24f63edf5b4
7	5906.lswap-2ae54d2fd96c.txt	5906.lswap-e2d18fca77cb.txt	ecad0e65a5d2
7	5906.lswap-3a55a72f70d6.txt	5906.lswap-06f4ba2c8122.txt	6a6961005e6e
7	5906.lswap-3a55a72f70d6.txt	5906.lswap-06f4ba2c8122.txt	c589e2232376
7	5906.lswap-3a55a72f70d6.txt	5906.lswap-09c105553d61.txt	fb50a523fce2
7	5906.lswap-3a55a72f70d6.txt	5906.lswap-10f62906b166.txt	b17264f2772b
7	5906.lswap-3a55a72f70d6.txt	5906.lswap-67fc5c2184ab.txt	b4f13531d2e2
7	5906.lswap-3a55a72f70d6.txt	5906.lswap-9bf7e32c6472.txt	53ccd5171863
7	5906.lswap-3a55a72f70d6.txt	5906.lswap-9bf7e32c6472.txt	9ca1059f7d02
7	5906.lswap-3a55a72f70d6.txt	5906.lswap-db110b7302cf.txt	bb74acd56cf9
7	5906.lswap-3a55a72f70d6.txt	5906.up-0a065898a821.txt	95415ff344bb
7	5906.lswap-3a55a72f70d6.txt	5906.up-377da0a3c300.txt	399155bb1069
7	5906.lswap-3a55a72f70d6.txt	5906.up-c3afee7ed153.txt	f929134a1b76
7	5906.lswap-3a55a72f70d6.txt	5906.up-c63a66adbc60.txt	d2922ca9327a
7	5906.lswap-3a55a72f70d6.txt	5906.up-f2c7804be474.txt	2cd2cc12e153
7	5906.lswap-3b4f2e286e0c.txt	5906.lswap-49fac07a5323.txt	09d23aa6b91a
7	5906.lswap-3b4f2e286e0c.txt	5906.lswap-52f45c5e8e22.txt	2b1829f80cf7
7	5906.lswap-3b4f2e286e0c.txt	5906.lswap-9a5cc6a6e3c8.txt	c7e7cc660163
7	5906.lswap-3b4f2e286e0c.txt	5906.lswap-9f3672f6c430.txt	bfd1c873c831
7	5906.lswap-3b4f2e286e0c.txt	5906.lswap-afd973e1a915.txt	c6701c2a9601
7	5906.lswap-3b66fbdbdf53.txt	5906.lswap-e145b859ca30.txt	5aceefba3b64
7	5906.lswap-3b66fbdbdf53.txt	5906.lswap-e2d18fca77cb.txt	d24f63edf5b4
7	5906.lswap-3baeeea281f2.txt	5906.lswap-52f45c5e8e22.txt	2b1829f80cf7
7	5906.lswap-3baeeea281f2.txt	5906.lswap-5dbb54e50268.txt	8f5cf69c5f7c
7	5906.lswap-3baeeea281f2.txt	5906.lswap-af54b6f406a6.txt	09d23aa6b91a
7	5906.lswap-3d82ae1f2111.txt	5906.lswap-7217a0cd3774.txt	7df736fe1c4c
7	5906.lswap-3d82ae1f2111.txt	5906.lswap-7217a0cd3774.txt	d3f5b74d7545
7	5906.lswap-41a210488ac9.txt	5906.lswap-52e683fb05d3.txt	a32416d5301e
7	5906.lswap-41a210488ac9.txt	5906.lswap-5808edca979d.txt	5e303fc5a688
7	5906.lswap-41a210488ac9.txt	5906.lswap-6d0ad177e5ee.txt	6e38383cfc72
7	5906.lswap-41a210488ac9.txt	5906.lswap-e73e096376f0.txt	6e38383cfc72
7	5906.lswap-469763027c57.txt	5906.lswap-52f45c5e8e22.txt	c6701c2a9601
7	5906.lswap-469763027c57.txt	5906.lswap-5dbb54e50268.txt	868b50be85a4
7	5906.lswap-469763027c57.txt	5906.lswap-af54b6f406a6.txt	c7e7cc660163
7	5906.lswap-469763027c57.txt	5906.lswap-eeb9a73f4b33.txt	d85cb56ed236
7	5906.lswap-49fac07a5323.txt	5906.lswap-025c4805fc39.txt	44bac1587ba9
7	5906.lswap-49fac07a5323.txt	5906.lswap-3b4f2e286e0c.txt	3ec33775c7bd
7	5906.lswap-49fac07a5323.txt	5906.lswap-5228890279ca.txt	1e48e92e2bca
7	5906.lswap-49fac07a5323.txt	5906.lswap-5a7a973564fd.txt	dbb15d86868a
7	5906.lswap-49fac07a5323.txt	5906.lswap-b12d38608f09.txt	6a51a52b89c4
7	5906.lswap-49fac07a5323.txt	5906.lswap-e59a6239aa79.txt	01ebc19824fc
7	5906.lswap-49fac07a5323.txt	5906.lswap-e59a6239aa79.txt	b4dfc6692083
7	5906.lswap-49fac07a5323.txt	5906.up-53b55626d912.txt	72397e2f680a
7	5906.lswap-49fac07a5323.txt	5906.up-91a0d3cd2c14.txt	7dfddb482d3c
7	5906.lswap-49fac07a5323.txt	5906.up-d2559533f431.txt	d24f63edf5b4
7	5906.lswap-49fac07a5323.txt	5906.up-e94d2b57a7d4.txt	1a06d1157530
7	5906.lswap-49fc63d034f2.txt	5906.lswap-8ed814577309.txt	a32416d5301e
7	5906.lswap-49fc63d034f2.txt	5906.lswap-e145b859ca30.txt	6e38383cfc72
7	5906.lswap-49fc63d034f2.txt	5906.lswap-e73e096376f0.txt	a32416d5301e
7	5906.lswap-4a581202d46c.txt	5906.lswap-f8f86258580e.txt	234ee4fddece
7	5906.lswap-4c179f65aa4b.txt	5906.lswap-8ed814577309.txt	8f5cf69c5f7c
7	5906.lswap-4c179f65aa4b.txt	5906.lswap-e145b859ca30.txt	09d23aa6b91a
7	5906.lswap-4c179f65aa4b.txt	5906.lswap-e73e096376f0.txt	bfd1c873c831
7	5906.lswap-4c179f65aa4b.txt	5906.up-8ec03171f5df.txt	2b1829f80cf7
7	5906.lswap-5228890279ca.txt	5906.lswap-49fac07a5323.txt	e853ab8baae5
7	5906.lswap-5228890279ca.txt	5906.lswap-52f45c5e8e22.txt	921653b5f057
7	5906.lswap-5228890279ca.txt	5906.lswap-9759fb4af500.txt	d85cb56ed236
7	5906.lswap-5228890279ca.txt	5906.lswap-9f3672f6c430.txt	8f5cf69c5f7c
7	5906.lswap-5228890279ca.txt	5906.lswap-a7d2db45842b.txt	868b50be85a4
7	5906.lswap-52e683fb05d3.txt	5906.lswap-031568aa1b5c.txt	72397e2f680a
7	5906.lswap-52e683fb05d3.txt	5906.lswap-25804d565b10.txt	ba9ea1eefc0d
7	5906.lswap-52e683fb05d3.txt	5906.lswap-41a210488ac9.txt	7dfddb482d3c
7	5906.lswap-52e683fb05d3.txt	5906.lswap-5a55d1641a86.txt	b4dfc6692083
7	5906.lswap-52e683fb05d3.txt	5906.lswap-6f6f375dca74.txt	01ebc19824fc
7	5906.lswap-52e683fb05d3.txt	5906.lswap-9759fb4af500.txt	5aceefba3b64
7	5906.lswap-52e683fb05d3.txt	5906.lswap-be4759bc731a.txt	1a06d1157530
7	5906.lswap-52e683fb05d3.txt	5906.lswap-f6dbf9989449.txt	2dd7827e5108
7	5906.lswap-52e683fb05d3.txt	5906.up-0db50fc7743c.txt	3c4631c5867a
7	5906.lswap-52e683fb05d3.txt	5906.up-77512ee88848.txt	f66db8d87212
7	5906.lswap-52f45c5e8e22.txt	5906.lswap-3b4f2e286e0c.txt	c5eefe353bce
7	5906.lswap-52f45c5e8e22.txt	5906.lswap-3baeeea281f2.txt	c5eefe353bce
7	5906.lswap-52f45c5e8e22.txt	5906.lswap-469763027c57.txt	6c0329aa4489
7	5906.lswap-52f45c5e8e22.txt	5906.lswap-5228890279ca.txt	a003705bbbb1
7	5906.lswap-52f45c5e8e22.txt	5906.lswap-5dbb54e50268.txt	29acfe26c3eb
7	5906.lswap-52f45c5e8e22.txt	5906.lswap-9a5cc6a6e3c8.txt	44bac1587ba9
7	5906.lswap-52f45c5e8e22.txt	5906.lswap-a28e203d65dc.txt	a003705bbbb1
7	5906.lswap-52f45c5e8e22.txt	5906.lswap-e145b859ca30.txt	72397e2f680a
7	5906.lswap-52f45c5e8e22.txt	5906.lswap-e2d18fca77cb.txt	ada84d0153fa
7	5906.lswap-5764c730eaee.txt	5906.lswap-80e6c24a2613.txt	d85cb56ed236
7	5906.lswap-5764c730eaee.txt	5906.lswap-8ed814577309.txt	868b50be85a4
7	5906.lswap-5764c730eaee.txt	5906.lswap-e145b859ca30.txt	c7e7cc660163
7	5906.lswap-5764c730eaee.txt	5906.lswap-e2d18fca77cb.txt	bfd1c873c831
7	5906.lswap-5764c730eaee.txt	5906.up-8ec03171f5df.txt	c6701c2a9601
7	5906.lswap-5808edca979d.txt	5906.lswap-031568aa1b5c.txt	ada84d0153fa
7	5906.lswap-5808edca979d.txt	5906.lswap-41a210488ac9.txt	1953b28ffc27
7	5906.lswap-5808edca979d.txt	5906.lswap-6f6f375dca74.txt	959edf9574a8
7	5906.lswap-5808edca979d.txt	5906.lswap-80e6c24a2613.txt	ecad0e65a5d2
7	5906.lswap-5808edca979d.txt	5906.lswap-9759fb4af500.txt	d24f63edf5b4
7	5906.lswap-5808edca979d.txt	5906.lswap-aa52880fc9e0.txt	2dd7827e5108
7	5906.lswap-5808edca979d.txt	5906.lswap-be4759bc731a.txt	c9d65fee4f73
7	5906.lswap-5808edca979d.txt	5906.up-0d2e98183c29.txt	e1065cfc01db
7	5906.lswap-5808edca979d.txt	5906.up-16ca46d2c5a9.txt	573ebb4e5913
7	5906.lswap-5a55d1641a86.txt	5906.lswap-25804d565b10.txt	921653b5f057
7	5906.lswap-5a55d1641a86.txt	5906.lswap-52e683fb05d3.txt	8f5cf69c5f7c
7	5906.lswap-5a55d1641a86.txt	5906.lswap-6d0ad177e5ee.txt	09d23aa6b91a
7	5906.lswap-5a55d1641a86.txt	5906.lswap-80e6c24a2613.txt	2b1829f80cf7
7	5906.lswap-5a55d1641a86.txt	5906.lswap-e73e096376f0.txt	e853ab8baae5
7	5906.lswap-5a7a973564fd.txt	5906.lswap-49fac07a5323.txt	32af70a4999e
7	5906.lswap-5a7a973564fd.txt	5906.lswap-9a5cc6a6e3c8.txt	045ff6b79066
7	5906.lswap-5a7a973564fd.txt	5906.lswap-9f3672f6c430.txt	96704a0eb24e
7	5906.lswap-5dbb54e50268.txt	5906.lswap-025c4805fc39.txt	3c4631c5867a
7	5906.lswap-5dbb54e50268.txt	5906.lswap-031568aa1b5c.txt	44bac1587ba9
7	5906.lswap-5dbb54e50268.txt	5906.lswap-3baeeea281f2.txt	b4dfc6692083
7	5906.lswap-5dbb54e50268.txt	5906.lswap-469763027c57.txt	2dd7827e5108
7	5906.lswap-5dbb54e50268.txt	5906.lswap-52f45c5e8e22.txt	ba9ea1eefc0d
7	5906.lswap-5dbb54e50268.txt	5906.lswap-7f47c6e6eeda.txt	72397e2f680a
7	5906.lswap-5dbb54e50268.txt	5906.lswap-80e6c24a2613.txt	5aceefba3b64
7	5906.lswap-5dbb54e50268.txt	5906.lswap-a28e203d65dc.txt	01ebc19824fc
7	5906.lswap-5dbb54e50268.txt	5906.lswap-afd973e1a915.txt	f66db8d87212
7	5906.lswap-5dbb54e50268.txt	5906.lswap-b55f23a2f470.txt	1a06d1157530
7	5906.lswap-5dbb54e50268.txt	5906.lswap-e0920da719d9.txt	7dfddb482d3c
7	5906.lswap-62d959eb4e73.txt	5906.lswap-29ee6f7c1197.txt	f66db8d87212
7	5906.lswap-62d959eb4e73.txt	5906.lswap-6d0ad177e5ee.txt	5aceefba3b64
7	5906.lswap-62d959eb4e73.txt	5906.lswap-9a5cc6a6e3c8.txt	f66db8d87212
7	5906.lswap-62d959eb4e73.txt	5906.lswap-af54b6f406a6.txt	ba9ea1eefc0d
7	5906.lswap-62d959eb4e73.txt	5906.lswap-df71274e07be.txt	5aceefba3b64
7	5906.lswap-67fc5c2184ab.txt	5906.lswap-28b97fbb68d1.txt	fb50a523fce2
7	5906.lswap-67fc5c2184ab.txt	5906.lswap-3a55a72f70d6.txt	f3530a9a4032
7	5906.lswap-67fc5c2184ab.txt	5906.lswap-945cf8ae5bef.txt	53ccd5171863
7	5906.lswap-67fc5c2184ab.txt	5906.lswap-945cf8ae5bef.txt	9ca1059f7d02
7	5906.lswap-67fc5c2184ab.txt	5906.lswap-9f885c2a5e20.txt	42fbf3f0d536
7	5906.lswap-67fc5c2184ab.txt	5906.up-c63a66adbc60.txt	d6df25eea20b
7	5906.lswap-67fc5c2184ab.txt	5906.up-d1489855deef.txt	939426db79b6
7	5906.lswap-68a263f18066.txt	5906.lswap-d515e64b87be.txt	234ee4fddece
7	5906.lswap-6bd82af50a4e.txt	5906.lswap-e145b859ca30.txt	045ff6b79066
7	5906.lswap-6bd82af50a4e.txt	5906.lswap-e2d18fca77cb.txt	96704a0eb24e
7	5906.lswap-6d0ad177e5ee.txt	5906.lswap-0de54c0a7bb6.txt	1953b28ffc27
7	5906.lswap-6d0ad177e5ee.txt	5906.lswap-41a210488ac9.txt	6a51a52b89c4
7	5906.lswap-6d0ad177e5ee.txt	5906.lswap-5a55d1641a86.txt	3ec33775c7bd
7	5906.lswap-6d0ad177e5ee.txt	5906.lswap-62d959eb4e73.txt	ada84d0153fa
7	5906.lswap-6d0ad177e5ee.txt	5906.lswap-6f6f375dca74.txt	1e48e92e2bca
7	5906.lswap-6d0ad177e5ee.txt	5906.lswap-964ebce5847f.txt	c9d65fee4f73
7	5906.lswap-6d0ad177e5ee.txt	5906.lswap-afd973e1a915.txt	5aceefba3b64
7	5906.lswap-6d0ad177e5ee.txt	5906.lswap-be4759bc731a.txt	dbb15d86868a
7	5906.lswap-6d0ad177e5ee.txt	5906.lswap-f6dbf9989449.txt	959edf9574a8
7	5906.lswap-6d7ea156bdcc.txt	5906.lswap-e145b859ca30.txt	5e303fc5a688
7	5906.lswap-6d7ea156bdcc.txt	5906.lswap-e2d18fca77cb.txt	a32416d5301e
7	5906.lswap-6f6f375dca74.txt	5906.lswap-25804d565b10.txt	2b1829f80cf7
7	5906.lswap-6f6f375dca74.txt	5906.lswap-52e683fb05d3.txt	bfd1c873c831
7	5906.lswap-6f6f375dca74.txt	5906.lswap-5808edca979d.txt	c7e7cc660163
7	5906.lswap-6f6f375dca74.txt	5906.lswap-6d0ad177e5ee.txt	e853ab8baae5
7	5906.lswap-6f6f375dca74.txt	5906.lswap-80e6c24a2613.txt	921653b5f057
7	5906.lswap-6f6f375dca74.txt	5906.lswap-e73e096376f0.txt	09d23aa6b91a
7	5906.lswap-6f6f375dca74.txt	5906.up-77512ee88848.txt	c6701c2a9601
7	5906.lswap-7217a0cd3774.txt	5906.lswap-3d82ae1f2111.txt	7df736fe1c4c
7	5906.lswap-7217a0cd3774.txt	5906.lswap-3d82ae1f2111.txt	d3f5b74d7545
7	5906.lswap-7217a0cd3774.txt	5906.lswap-7bd46049981f.txt	92fdb9aa2892
7	5906.lswap-7217a0cd3774.txt	5906.lswap-dcc866de4e11.txt	766a1e2136e6
7	5906.lswap-7602ba885180.txt	5906.lswap-25804d565b10.txt	c6701c2a9601
7	5906.lswap-7602ba885180.txt	5906.lswap-df71274e07be.txt	c7e7cc660163
7	5906.lswap-7602ba885180.txt	5906.lswap-e2d18fca77cb.txt	09d23aa6b91a
7	5906.lswap-7602ba885180.txt	5906.up-d2559533f431.txt	2b1829f80cf7
7	5906.lswap-760f8ed53670.txt	5906.i4a-66637a3b8941.txt	dc828d360c42
7	5906.lswap-760f8ed53670.txt	5906.i4a-7f46c8149026.txt	874bbd84a9b5
7	5906.lswap-760f8ed53670.txt	5906.up-1206598d1ff0.txt	19a9f1318e76
7	5906.lswap-760f8ed53670.txt	5906.up-6a142cb8e27d.txt	8b6d1ef3b31f
7	5906.lswap-7bd46049981f.txt	5906.lswap-7217a0cd3774.txt	766a1e2136e6
7	5906.lswap-7f47c6e6eeda.txt	5906.lswap-29ee6f7c1197.txt	5aceefba3b64
7	5906.lswap-7f47c6e6eeda.txt	5906.lswap-5dbb54e50268.txt	d24f63edf5b4
7	5906.lswap-7f47c6e6eeda.txt	5906.lswap-e145b859ca30.txt	ba9ea1eefc0d
7	5906.lswap-80e6c24a2613.txt	5906.lswap-29ee6f7c1197.txt	72397e2f680a
7	5906.lswap-80e6c24a2613.txt	5906.lswap-5764c730eaee.txt	a7aabea675cc
7	5906.lswap-80e6c24a2613.txt	5906.lswap-5808edca979d.txt	44bac1587ba9
7	5906.lswap-80e6c24a2613.txt	5906.lswap-5a55d1641a86.txt	c5eefe353bce
7	5906.lswap-80e6c24a2613.txt	5906.lswap-5dbb54e50268.txt	ada84d0153fa
7	5906.lswap-80e6c24a2613.txt	5906.lswap-6f6f375dca74.txt	a003705bbbb1
7	5906.lswap-80e6c24a2613.txt	5906.lswap-f6dbf9989449.txt	6c0329aa4489
7	5906.lswap-8ed814577309.txt	5906.lswap-025c4805fc39.txt	72397e2f680a
7	5906.lswap-8ed814577309.txt	5906.lswap-49fc63d034f2.txt	7dfddb482d3c
7	5906.lswap-8ed814577309.txt	5906.lswap-4c179f65aa4b.txt	b4dfc6692083
7	5906.lswap-8ed814577309.txt	5906.lswap-5764c730eaee.txt	2dd7827e5108
7	5906.lswap-8ed814577309.txt	5906.lswap-aa52880fc9e0.txt	01ebc19824fc
7	5906.lswap-8ed814577309.txt	5906.lswap-d252e4d38aa9.txt	1a06d1157530
7	5906.lswap-8ed814577309.txt	5906.lswap-eeb9a73f4b33.txt	d24f63edf5b4
7	5906.lswap-8ed814577309.txt	5906.up-0db50fc7743c.txt	44bac1587ba9
7	5906.lswap-8ed814577309.txt	5906.up-d2559533f431.txt	ecad0e65a5d2
7	5906.lswap-8f58c699a11d.txt	5906.lswap-09c105553d61.txt	60748cf01c32
7	5906.lswap-8f58c699a11d.txt	5906.lswap-23548cda0ace.txt	28e415dd7f02
7	5906.lswap-8f58c699a11d.txt	5906.lswap-23548cda0ace.txt	c26c151d9d54
7	5906.lswap-8f58c699a11d.txt	5906.lswap-945cf8ae5bef.txt	b17264f2772b
7	5906.lswap-8f58c699a11d.txt	5906.lswap-9f885c2a5e20.txt	86d05ce43f33
7	5906.lswap-8f58c699a11d.txt	5906.up-0a065898a821.txt	725677205daf
7	5906.lswap-8f58c699a11d.txt	5906.up-6597315411ea.txt	633ce2d3f413
7	5906.lswap-8f58c699a11d.txt	5906.up-c63a66adbc60.txt	cc6f0000205a
7	5906.lswap-8f58c699a11d.txt	5906.up-d1489855deef.txt	65e6ee3248d6
7	5906.lswap-8f58c699a11d.txt	5906.up-f2c7804be474.txt	fb50a523fce2
7	5906.lswap-945cf8ae5bef.txt	5906.lswap-06f4ba2c8122.txt	725677205daf
7	5906.lswap-945cf8ae5bef.txt	5906.lswap-09c105553d61.txt	65e6ee3248d6
7	5906.lswap-945cf8ae5bef.txt	5906.lswap-09c105553d61.txt	ef2d70e4fcf5
7	5906.lswap-945cf8ae5bef.txt	5906.lswap-23548cda0ace.txt	427f0cd25687
7	5906.lswap-945cf8ae5bef.txt	5906.lswap-67fc5c2184ab.txt	3a296520ca00
7	5906.lswap-945cf8ae5bef.txt	5906.lswap-67fc5c2184ab.txt	633ce2d3f413
7	5906.lswap-945cf8ae5bef.txt	5906.lswap-8f58c699a11d.txt	86d05ce43f33
7	5906.lswap-945cf8ae5bef.txt	5906.lswap-9bf7e32c6472.txt	f3530a9a4032
7	5906.lswap-945cf8ae5bef.txt	5906.up-0a065898a821.txt	6d77557bf8f2
7	5906.lswap-945cf8ae5bef.txt	5906.up-6597315411ea.txt	94fd6c73a0d1
7	5906.lswap-945cf8ae5bef.txt	5906.up-72482a71c81e.txt	2385661fb60e
7	5906.lswap-945cf8ae5bef.txt	5906.up-c63a66adbc60.txt	60748cf01c32
7	5906.lswap-945cf8ae5bef.txt	5906.up-d1489855deef.txt	e102740b5841
7	5906.lswap-964ebce5847f.txt	5906.lswap-6d0ad177e5ee.txt	045ff6b79066
7	5906.lswap-964ebce5847f.txt	5906.lswap-df71274e07be.txt	045ff6b79066
7	5906.lswap-964ebce5847f.txt	5906.lswap-e2d18fca77cb.txt	32af70a4999e
7	5906.lswap-9759fb4af500.txt	5906.lswap-5228890279ca.txt	a7aabea675cc
7	5906.lswap-9759fb4af500.txt	5906.lswap-52e683fb05d3.txt	ada84d0153fa
7	5906.lswap-9759fb4af500.txt	5906.lswap-5808edca979d.txt	72397e2f680a
7	5906.lswap-9759fb4af500.txt	5906.lswap-a28e203d65dc.txt	a7aabea675cc
7	5906.lswap-9759fb4af500.txt	5906.lswap-cae9c3b46793.txt	6c0329aa4489
7	5906.lswap-9a5cc6a6e3c8.txt	5906.lswap-031568aa1b5c.txt	29acfe26c3eb
7	5906.lswap-9a5cc6a6e3c8.txt	5906.lswap-25804d565b10.txt	d24f63edf5b4
7	5906.lswap-9a5cc6a6e3c8.txt	5906.lswap-2ae54d2fd96c.txt	ada84d0153fa
7	5906.lswap-9a5cc6a6e3c8.txt	5906.lswap-3b4f2e286e0c.txt	959edf9574a8
7	5906.lswap-9a5cc6a6e3c8.txt	5906.lswap-52f45c5e8e22.txt	ecad0e65a5d2
7	5906.lswap-9a5cc6a6e3c8.txt	5906.lswap-5a7a973564fd.txt	c9d65fee4f73
7	5906.lswap-9a5cc6a6e3c8.txt	5906.lswap-62d959eb4e73.txt	573ebb4e5913
7	5906.lswap-9a5cc6a6e3c8.txt	5906.lswap-b12d38608f09.txt	1953b28ffc27
7	5906.lswap-9a5cc6a6e3c8.txt	5906.lswap-e59a6239aa79.txt	2dd7827e5108
7	5906.lswap-9a5cc6a6e3c8.txt	5906.lswap-eeb9a73f4b33.txt	e1065cfc01db
7	5906.lswap-9bf7e32c6472.txt	5906.lswap-3a55a72f70d6.txt	3a296520ca00
7	5906.lswap-9bf7e32c6472.txt	5906.lswap-3a55a72f70d6.txt	633ce2d3f413
7	5906.lswap-9bf7e32c6472.txt	5906.lswap-945cf8ae5bef.txt	b4f13531d2e2
7	5906.lswap-9bf7e32c6472.txt	5906.lswap-9f885c2a5e20.txt	725677205daf
7	5906.lswap-9bf7e32c6472.txt	5906.up-0a065898a821.txt	3b998b76d7fd
7	5906.lswap-9bf7e32c6472.txt	5906.up-377da0a3c300.txt	a89df6442166
7	5906.lswap-9bf7e32c6472.txt	5906.up-6597315411ea.txt	94b0710c21f2
7	5906.lswap-9f3672f6c430.txt	5906.lswap-025c4805fc39.txt	3c4631c5867a
7	5906.lswap-9f3672f6c430.txt	5906.lswap-25804d565b10.txt	5aceefba3b64
7	5906.lswap-9f3672f6c430.txt	5906.lswap-2ae54d2fd96c.txt	72397e2f680a
7	5906.lswap-9f3672f6c430.txt	5906.lswap-3b4f2e286e0c.txt	01ebc19824fc
7	5906.lswap-9f3672f6c430.txt	5906.lswap-5228890279ca.txt	b4dfc6692083
7	5906.lswap-9f3672f6c430.txt	5906.lswap-5a7a973564fd.txt	1a06d1157530
7	5906.lswap-9f3672f6c430.txt	5906.lswap-afd973e1a915.txt	f66db8d87212
7	5906.lswap-9f3672f6c430.txt	5906.lswap-b12d38608f09.txt	7dfddb482d3c
7	5906.lswap-9f3672f6c430.txt	5906.lswap-cae9c3b46793.txt	1e48e92e2bca
7	5906.lswap-9f3672f6c430.txt	5906.lswap-cae9c3b46793.txt	3ec33775c7bd
7	5906.lswap-9f3672f6c430.txt	5906.up-168d62e1a9d1.txt	dbb15d86868a
7	5906.lswap-9f3672f6c430.txt	5906.up-2cb6c1139592.txt	6a51a52b89c4
7	5906.lswap-9f885c2a5e20.txt	5906.lswap-06f4ba2c8122.txt	b4f13531d2e2
7	5906.lswap-9f885c2a5e20.txt	5906.lswap-09c105553d61.txt	cc6f0000205a
7	5906.lswap-9f885c2a5e20.txt	5906.lswap-09c105553d61.txt	f64e9f0a8b15
7	5906.lswap-9f885c2a5e20.txt	5906.lswap-23548cda0ace.txt	bb74acd56cf9
7	5906.lswap-9f885c2a5e20.txt	5906.lswap-8f58c699a11d.txt	b17264f2772b
7	5906.lswap-9f885c2a5e20.txt	5906.lswap-9bf7e32c6472.txt	fb50a523fce2
7	5906.lswap-9f885c2a5e20.txt	5906.up-377da0a3c300.txt	f929134a1b76
7	5906.lswap-9f885c2a5e20.txt	5906.up-c63a66adbc60.txt	566247c9db1e
7	5906.lswap-9f885c2a5e20.txt	5906.up-d1489855deef.txt	60748cf01c32
7	5906.lswap-9f885c2a5e20.txt	5906.up-f2c7804be474.txt	d2922ca9327a
7	5906.lswap-a28e203d65dc.txt	5906.lswap-2497c9291398.txt	868b50be85a4
7	5906.lswap-a28e203d65dc.txt	5906.lswap-29ee6f7c1197.txt	c7e7cc660163
7	5906.lswap-a28e203d65dc.txt	5906.lswap-52f45c5e8e22.txt	921653b5f057
7	5906.lswap-a28e203d65dc.txt	5906.lswap-5dbb54e50268.txt	bfd1c873c831
7	5906.lswap-a28e203d65dc.txt	5906.lswap-9759fb4af500.txt	d85cb56ed236
7	5906.lswap-a28e203d65dc.txt	5906.lswap-af54b6f406a6.txt	e853ab8baae5
7	5906.lswap-a28e203d65dc.txt	5906.lswap-afd973e1a915.txt	c6701c2a9601
7	5906.lswap-a7d2db45842b.txt	5906.lswap-5228890279ca.txt	2dd7827e5108
7	5906.lswap-a7d2db45842b.txt	5906.lswap-afd973e1a915.txt	ba9ea1eefc0d
7	5906.lswap-a7d2db45842b.txt	5906.lswap-cae9c3b46793.txt	959edf9574a8
7	5906.lswap-a7d2db45842b.txt	5906.up-168d62e1a9d1.txt	c9d65fee4f73
7	5906.lswap-a7d2db45842b.txt	5906.up-16ca46d2c5a9.txt	ada84d0153fa
7	5906.lswap-a7d2db45842b.txt	5906.up-2cb6c1139592.txt	1953b28ffc27
7	5906.lswap-a7d2db45842b.txt	5906.up-77512ee88848.txt	5aceefba3b64
7	5906.lswap-aa52880fc9e0.txt	5906.lswap-5808edca979d.txt	868b50be85a4
7	5906.lswap-aa52880fc9e0.txt	5906.lswap-8ed814577309.txt	bfd1c873c831
7	5906.lswap-aa52880fc9e0.txt	5906.lswap-e145b859ca30.txt	e853ab8baae5
7	5906.lswap-aa52880fc9e0.txt	5906.lswap-e73e096376f0.txt	8f5cf69c5f7c
7	5906.lswap-aa52880fc9e0.txt	5906.up-77512ee88848.txt	d85cb56ed236
7	5906.lswap-aa52880fc9e0.txt	5906.up-8ec03171f5df.txt	921653b5f057
7	5906.lswap-af54b6f406a6.txt	5906.lswap-3baeeea281f2.txt	3ec33775c7bd
7	5906.lswap-af54b6f406a6.txt	5906.lswap-469763027c57.txt	959edf9574a8
7	5906.lswap-af54b6f406a6.txt	5906.lswap-62d959eb4e73.txt	29acfe26c3eb
7	5906.lswap-af54b6f406a6.txt	5906.lswap-a28e203d65dc.txt	1e48e92e2bca
7	5906.lswap-af54b6f406a6.txt	5906.lswap-b55f23a2f470.txt	dbb15d86868a
7	5906.lswap-af54b6f406a6.txt	5906.lswap-e0920da719d9.txt	6a51a52b89c4
7	5906.lswap-af54b6f406a6.txt	5906.up-331e3f0f91ee.txt	ada84d0153fa
7	5906.lswap-af54b6f406a6.txt	5906.up-8ec03171f5df.txt	5aceefba3b64
7	5906.lswap-af54b6f406a6.txt	5906.up-e948752d6a32.txt	c9d65fee4f73
7	5906.lswap-af54b6f406a6.txt	5906.up-eebb02e3baec.txt	1953b28ffc27
7	5906.lswap-afd973e1a915.txt	5906.lswap-3b4f2e286e0c.txt	6c0329aa4489
7	5906.lswap-afd973e1a915.txt	5906.lswap-5dbb54e50268.txt	573ebb4e5913
7	5906.lswap-afd973e1a915.txt	5906.lswap-6d0ad177e5ee.txt	ada84d0153fa
7	5906.lswap-afd973e1a915.txt	5906.lswap-9f3672f6c430.txt	573ebb4e5913
7	5906.lswap-afd973e1a915.txt	5906.lswap-a28e203d65dc.txt	6c0329aa4489
7	5906.lswap-afd973e1a915.txt	5906.lswap-a7d2db45842b.txt	29acfe26c3eb
7	5906.lswap-afd973e1a915.txt	5906.lswap-cf5ecb0e9ecc.txt	a003705bbbb1
7	5906.lswap-afd973e1a915.txt	5906.lswap-cf5ecb0e9ecc.txt	c5eefe353bce
7	5906.lswap-afd973e1a915.txt	5906.lswap-df71274e07be.txt	ada84d0153fa
7	5906.lswap-afd973e1a915.txt	5906.lswap-e59a6239aa79.txt	a7aabea675cc
7	5906.lswap-b12d38608f09.txt	5906.lswap-49fac07a5323.txt	6e38383cfc72
7	5906.lswap-b12d38608f09.txt	5906.lswap-9a5cc6a6e3c8.txt	5e303fc5a688
7	5906.lswap-b12d38608f09.txt	5906.lswap-9f3672f6c430.txt	a32416d5301e
7	5906.lswap-b55f23a2f470.txt	5906.lswap-29ee6f7c1197.txt	045ff6b79066
7	5906.lswap-b55f23a2f470.txt	5906.lswap-5dbb54e50268.txt	96704a0eb24e
7	5906.lswap-b55f23a2f470.txt	5906.lswap-af54b6f406a6.txt	32af70a4999e
7	5906.lswap-be4759bc731a.txt	5906.lswap-52e683fb05d3.txt	96704a0eb24e
7	5906.lswap-be4759bc731a.txt	5906.lswap-5808edca979d.txt	045ff6b79066
7	5906.lswap-be4759bc731a.txt	5906.lswap-6d0ad177e5ee.txt	32af70a4999e
7	5906.lswap-be4759bc731a.txt	5906.lswap-e73e096376f0.txt	32af70a4999e
7	5906.lswap-cae9c3b46793.txt	5906.lswap-9759fb4af500.txt	c6701c2a9601
7	5906.lswap-cae9c3b46793.txt	5906.lswap-9f3672f6c430.txt	09d23aa6b91a
7	5906.lswap-cae9c3b46793.txt	5906.lswap-9f3672f6c430.txt	e853ab8baae5
7	5906.lswap-cae9c3b46793.txt	5906.lswap-a7d2db45842b.txt	c7e7cc660163
7	5906.lswap-cae9c3b46793.txt	5906.lswap-eeb9a73f4b33.txt	2b1829f80cf7
7	5906.lswap-cae9c3b46793.txt	5906.lswap-eeb9a73f4b33.txt	921653b5f057
7	5906.lswap-cf5ecb0e9ecc.txt	5906.lswap-2497c9291398.txt	8f5cf69c5f7c
7	5906.lswap-cf5ecb0e9ecc.txt	5906.lswap-2497c9291398.txt	bfd1c873c831
7	5906.lswap-cf5ecb0e9ecc.txt	5906.lswap-29ee6f7c1197.txt	09d23aa6b91a
7	5906.lswap-cf5ecb0e9ecc.txt	5906.lswap-29ee6f7c1197.txt	e853ab8baae5
7	5906.lswap-cf5ecb0e9ecc.txt	5906.lswap-afd973e1a915.txt	2b1829f80cf7
7	5906.lswap-cf5ecb0e9ecc.txt	5906.lswap-afd973e1a915.txt	921653b5f057
7	5906.lswap-d252e4d38aa9.txt	5906.lswap-8ed814577309.txt	96704a0eb24e
7	5906.lswap-d252e4d38aa9.txt	5906.lswap-e145b859ca30.txt	32af70a4999e
7	5906.lswap-d252e4d38aa9.txt	5906.lswap-e73e096376f0.txt	96704a0eb24e
7	5906.lswap-d515e64b87be.txt	5906.lswap-68a263f18066.txt	1349ff4d86ac
7	5906.lswap-db110b7302cf.txt	5906.lswap-06f4ba2c8122.txt	95415ff344bb
7	5906.lswap-db110b7302cf.txt	5906.lswap-10f62906b166.txt	28e415dd7f02
7	5906.lswap-db110b7302cf.txt	5906.lswap-10f62906b166.txt	c26c151d9d54
7	5906.lswap-db110b7302cf.txt	5906.lswap-28b97fbb68d1.txt	bb74acd56cf9
7	5906.lswap-db110b7302cf.txt	5906.lswap-3a55a72f70d6.txt	427f0cd25687
7	5906.lswap-db110b7302cf.txt	5906.up-0a065898a821.txt	d1a0033e1269
7	5906.lswap-db110b7302cf.txt	5906.up-377da0a3c300.txt	6a6961005e6e
7	5906.lswap-db110b7302cf.txt	5906.up-72482a71c81e.txt	42fbf3f0d536
7	5906.lswap-db110b7302cf.txt	5906.up-c3afee7ed153.txt	b4f13531d2e2
7	5906.lswap-db110b7302cf.txt	5906.up-d1489855deef.txt	f3530a9a4032
7	5906.lswap-db110b7302cf.txt	5906.up-f2c7804be474.txt	53ccd5171863
7	5906.lswap-dcc866de4e11.txt	5906.lswap-7217a0cd3774.txt	92fdb9aa2892
7	5906.lswap-df71274e07be.txt	5906.lswap-0de54c0a7bb6.txt	1953b28ffc27
7	5906.lswap-df71274e07be.txt	5906.lswap-17203113788c.txt	2dd7827e5108
7	5906.lswap-df71274e07be.txt	5906.lswap-62d959eb4e73.txt	ada84d0153fa
7	5906.lswap-df71274e07be.txt	5906.lswap-7602ba885180.txt	959edf9574a8
7	5906.lswap-df71274e07be.txt	5906.lswap-964ebce5847f.txt	c9d65fee4f73
7	5906.lswap-df71274e07be.txt	5906.lswap-afd973e1a915.txt	5aceefba3b64
7	5906.lswap-df71274e07be.txt	5906.up-16ca46d2c5a9.txt	29acfe26c3eb
7	5906.lswap-df71274e07be.txt	5906.up-8ec03171f5df.txt	ba9ea1eefc0d
7	5906.lswap-e0920da719d9.txt	5906.lswap-29ee6f7c1197.txt	5e303fc5a688
7	5906.lswap-e0920da719d9.txt	5906.lswap-5dbb54e50268.txt	a32416d5301e
7	5906.lswap-e0920da719d9.txt	5906.lswap-af54b6f406a6.txt	6e38383cfc72
7	5906.lswap-e145b859ca30.txt	5906.lswap-3b66fbdbdf53.txt	ada84d0153fa
7	5906.lswap-e145b859ca30.txt	5906.lswap-49fc63d034f2.txt	6a51a52b89c4
7	5906.lswap-e145b859ca30.txt	5906.lswap-4c179f65aa4b.txt	3ec33775c7bd
7	5906.lswap-e145b859ca30.txt	5906.lswap-52f45c5e8e22.txt	d24f63edf5b4
7	5906.lswap-e145b859ca30.txt	5906.lswap-5764c730eaee.txt	959edf9574a8
7	5906.lswap-e145b859ca30.txt	5906.lswap-6bd82af50a4e.txt	c9d65fee4f73
7	5906.lswap-e145b859ca30.txt	5906.lswap-6d7ea156bdcc.txt	1953b28ffc27
7	5906.lswap-e145b859ca30.txt	5906.lswap-7f47c6e6eeda.txt	29acfe26c3eb
7	5906.lswap-e145b859ca30.txt	5906.lswap-aa52880fc9e0.txt	1e48e92e2bca
7	5906.lswap-e145b859ca30.txt	5906.lswap-d252e4d38aa9.txt	dbb15d86868a
7	5906.lswap-e145b859ca30.txt	5906.up-331e3f0f91ee.txt	573ebb4e5913
7	5906.lswap-e145b859ca30.txt	5906.up-d2559533f431.txt	e1065cfc01db
7	5906.lswap-e21e24656b8e.txt	5906.up-37ac2db82134.txt	a23b607e8098
7	5906.lswap-e21e24656b8e.txt	5906.up-e1680a9d0e30.txt	7e77409c1574
7	5906.lswap-e2d18fca77cb.txt	5906.lswap-0de54c0a7bb6.txt	6a51a52b89c4
7	5906.lswap-e2d18fca77cb.txt	5906.lswap-17203113788c.txt	b4dfc6692083
7	5906.lswap-e2d18fca77cb.txt	5906.lswap-2ae54d2fd96c.txt	44bac1587ba9
7	5906.lswap-e2d18fca77cb.txt	5906.lswap-3b66fbdbdf53.txt	72397e2f680a
7	5906.lswap-e2d18fca77cb.txt	5906.lswap-52f45c5e8e22.txt	5aceefba3b64
7	5906.lswap-e2d18fca77cb.txt	5906.lswap-5764c730eaee.txt	01ebc19824fc
7	5906.lswap-e2d18fca77cb.txt	5906.lswap-6bd82af50a4e.txt	1a06d1157530
7	5906.lswap-e2d18fca77cb.txt	5906.lswap-6d7ea156bdcc.txt	7dfddb482d3c
7	5906.lswap-e2d18fca77cb.txt	5906.lswap-7602ba885180.txt	3ec33775c7bd
7	5906.lswap-e2d18fca77cb.txt	5906.lswap-964ebce5847f.txt	dbb15d86868a
7	5906.lswap-e2d18fca77cb.txt	5906.lswap-f6dbf9989449.txt	1e48e92e2bca
7	5906.lswap-e2d18fca77cb.txt	5906.up-53b55626d912.txt	3c4631c5867a
7	5906.lswap-e2d18fca77cb.txt	5906.up-8ec03171f5df.txt	f66db8d87212
7	5906.lswap-e59a6239aa79.txt	5906.lswap-49fac07a5323.txt	8f5cf69c5f7c
7	5906.lswap-e59a6239aa79.txt	5906.lswap-49fac07a5323.txt	bfd1c873c831
7	5906.lswap-e59a6239aa79.txt	5906.lswap-9a5cc6a6e3c8.txt	868b50be85a4
7	5906.lswap-e59a6239aa79.txt	5906.lswap-afd973e1a915.txt	d85cb56ed236
7	5906.lswap-e73e096376f0.txt	5906.lswap-025c4805fc39.txt	72397e2f680a
7	5906.lswap-e73e096376f0.txt	5906.lswap-41a210488ac9.txt	6a51a52b89c4
7	5906.lswap-e73e096376f0.txt	5906.lswap-49fc63d034f2.txt	7dfddb482d3c
7	5906.lswap-e73e096376f0.txt	5906.lswap-4c179f65aa4b.txt	01ebc19824fc
7	5906.lswap-e73e096376f0.txt	5906.lswap-5a55d1641a86.txt	1e48e92e2bca
7	5906.lswap-e73e096376f0.txt	5906.lswap-6f6f375dca74.txt	3ec33775c7bd
7	5906.lswap-e73e096376f0.txt	5906.lswap-aa52880fc9e0.txt	b4dfc6692083
7	5906.lswap-e73e096376f0.txt	5906.lswap-be4759bc731a.txt	dbb15d86868a
7	5906.lswap-e73e096376f0.txt	5906.lswap-d252e4d38aa9.txt	1a06d1157530
7	5906.lswap-e73e096376f0.txt	5906.lswap-eeb9a73f4b33.txt	d24f63edf5b4
7	5906.lswap-eeb9a73f4b33.txt	5906.lswap-2497c9291398.txt	44bac1587ba9
7	5906.lswap-eeb9a73f4b33.txt	5906.lswap-29ee6f7c1197.txt	3c4631c5867a
7	5906.lswap-eeb9a73f4b33.txt	5906.lswap-469763027c57.txt	a7aabea675cc
7	5906.lswap-eeb9a73f4b33.txt	5906.lswap-8ed814577309.txt	72397e2f680a
7	5906.lswap-eeb9a73f4b33.txt	5906.lswap-9a5cc6a6e3c8.txt	3c4631c5867a
7	5906.lswap-eeb9a73f4b33.txt	5906.lswap-cae9c3b46793.txt	a003705bbbb1
7	5906.lswap-eeb9a73f4b33.txt	5906.lswap-cae9c3b46793.txt	c5eefe353bce
7	5906.lswap-eeb9a73f4b33.txt	5906.lswap-e73e096376f0.txt	72397e2f680a
7	5906.lswap-f6dbf9989449.txt	5906.lswap-52e683fb05d3.txt	868b50be85a4
7	5906.lswap-f6dbf9989449.txt	5906.lswap-6d0ad177e5ee.txt	c7e7cc660163
7	5906.lswap-f6dbf9989449.txt	5906.lswap-80e6c24a2613.txt	c6701c2a9601
7	5906.lswap-f6dbf9989449.txt	5906.lswap-e2d18fca77cb.txt	e853ab8baae5
7	5906.lswap-f6dbf9989449.txt	5906.up-0d2e98183c29.txt	d85cb56ed236
7	5906.lswap-f6dbf9989449.txt	5906.up-d2559533f431.txt	921653b5f057
7	5906.lswap-f8f86258580e.txt	5906.lswap-4a581202d46c.txt	1349ff4d86ac
7	5906.up-0a065898a821.txt	5906.lswap-09c105553d61.txt	ac9bbabf002d
7	5906.up-0a065898a821.txt	5906.lswap-10f62906b166.txt	cc6f0000205a
7	5906.up-0a065898a821.txt	5906.lswap-28b97fbb68d1.txt	566247c9db1e
7	5906.up-0a065898a821.txt	5906.lswap-3a55a72f70d6.txt	60748cf01c32
7	5906.up-0a065898a821.txt	5906.lswap-8f58c699a11d.txt	fb50a523fce2
7	5906.up-0a065898a821.txt	5906.lswap-945cf8ae5bef.txt	d2922ca9327a
7	5906.up-0a065898a821.txt	5906.lswap-9bf7e32c6472.txt	d6df25eea20b
7	5906.up-0a065898a821.txt	5906.lswap-db110b7302cf.txt	f64e9f0a8b15
7	5906.up-0d2e98183c29.txt	5906.lswap-2497c9291398.txt	72397e2f680a
7	5906.up-0d2e98183c29.txt	5906.lswap-5808edca979d.txt	3c4631c5867a
7	5906.up-0d2e98183c29.txt	5906.lswap-f6dbf9989449.txt	a7aabea675cc
7	5906.up-0db50fc7743c.txt	5906.lswap-2497c9291398.txt	d24f63edf5b4
7	5906.up-0db50fc7743c.txt	5906.lswap-52e683fb05d3.txt	e1065cfc01db
7	5906.up-0db50fc7743c.txt	5906.lswap-8ed814577309.txt	ecad0e65a5d2
7	5906.up-1206598d1ff0.txt	5906.lswap-1f8e06e3e616.txt	c259acb12eb0
7	5906.up-1206598d1ff0.txt	5906.lswap-760f8ed53670.txt	1b6b29b60594
7	5906.up-14e2c7b29aae.txt	5906.lswap-2497c9291398.txt	96704a0eb24e
7	5906.up-14e2c7b29aae.txt	5906.lswap-29ee6f7c1197.txt	32af70a4999e
7	5906.up-168d62e1a9d1.txt	5906.lswap-9f3672f6c430.txt	32af70a4999e
7	5906.up-168d62e1a9d1.txt	5906.lswap-a7d2db45842b.txt	045ff6b79066
7	5906.up-16ca46d2c5a9.txt	5906.lswap-5808edca979d.txt	f66db8d87212
7	5906.up-16ca46d2c5a9.txt	5906.lswap-a7d2db45842b.txt	5aceefba3b64
7	5906.up-16ca46d2c5a9.txt	5906.lswap-df71274e07be.txt	ba9ea1eefc0d
7	5906.up-207dc5352d35.txt	5906.lswap-25cebe1ff658.txt	7e77409c1574
7	5906.up-2cb6c1139592.txt	5906.lswap-9f3672f6c430.txt	6e38383cfc72
7	5906.up-2cb6c1139592.txt	5906.lswap-a7d2db45842b.txt	5e303fc5a688
7	5906.up-331e3f0f91ee.txt	5906.lswap-af54b6f406a6.txt	5aceefba3b64
7	5906.up-331e3f0f91ee.txt	5906.lswap-e145b859ca30.txt	f66db8d87212
7	5906.up-377da0a3c300.txt	5906.lswap-09c105553d61.txt	6930b7d208a7
7	5906.up-377da0a3c300.txt	5906.lswap-10f62906b166.txt	65e6ee3248d6
7	5906.up-377da0a3c300.txt	5906.lswap-23548cda0ace.txt	f3530a9a4032
7	5906.up-377da0a3c300.txt	5906.lswap-28b97fbb68d1.txt	60748cf01c32
7	5906.up-377da0a3c300.txt	5906.lswap-3a55a72f70d6.txt	e102740b5841
7	5906.up-377da0a3c300.txt	5906.lswap-9bf7e32c6472.txt	939426db79b6
7	5906.up-377da0a3c300.txt	5906.lswap-9f885c2a5e20.txt	2385661fb60e
7	5906.up-377da0a3c300.txt	5906.lswap-db110b7302cf.txt	ef2d70e4fcf5
7	5906.up-37ac2db82134.txt	5906.lswap-e21e24656b8e.txt	8872f4d7dc0e
7	5906.up-53b55626d912.txt	5906.lswap-49fac07a5323.txt	d24f63edf5b4
7	5906.up-53b55626d912.txt	5906.lswap-e2d18fca77cb.txt	e1065cfc01db
7	5906.up-6597315411ea.txt	5906.lswap-09c105553d61.txt	d6df25eea20b
7	5906.up-6597315411ea.txt	5906.lswap-10f62906b166.txt	fb50a523fce2
7	5906.up-6597315411ea.txt	5906.lswap-23548cda0ace.txt	53ccd5171863
7	5906.up-6597315411ea.txt	5906.lswap-28b97fbb68d1.txt	d2922ca9327a
7	5906.up-6597315411ea.txt	5906.lswap-8f58c699a11d.txt	9ca1059f7d02
7	5906.up-6597315411ea.txt	5906.lswap-945cf8ae5bef.txt	2cd2cc12e153
7	5906.up-6a142cb8e27d.txt	5906.lswap-1f8e06e3e616.txt	7df19d789c5d
7	5906.up-6a142cb8e27d.txt	5906.lswap-760f8ed53670.txt	ad0486fad52f
7	5906.up-72482a71c81e.txt	5906.lswap-06f4ba2c8122.txt	a89df6442166
7	5906.up-72482a71c81e.txt	5906.lswap-23548cda0ace.txt	b4f13531d2e2
7	5906.up-72482a71c81e.txt	5906.lswap-945cf8ae5bef.txt	f929134a1b76
7	5906.up-77512ee88848.txt	5906.lswap-52e683fb05d3.txt	573ebb4e5913
7	5906.up-77512ee88848.txt	5906.lswap-6f6f375dca74.txt	6c0329aa4489
7	5906.up-77512ee88848.txt	5906.lswap-a7d2db45842b.txt	ada84d0153fa
7	5906.up-77512ee88848.txt	5906.lswap-aa52880fc9e0.txt	a7aabea675cc
7	5906.up-8ec03171f5df.txt	5906.lswap-4c179f65aa4b.txt	c5eefe353bce
7	5906.up-8ec03171f5df.txt	5906.lswap-5764c730eaee.txt	6c0329aa4489
7	5906.up-8ec03171f5df.txt	5906.lswap-aa52880fc9e0.txt	a003705bbbb1
7	5906.up-8ec03171f5df.txt	5906.lswap-af54b6f406a6.txt	ada84d0153fa
7	5906.up-8ec03171f5df.txt	5906.lswap-df71274e07be.txt	29acfe26c3eb
7	5906.up-8ec03171f5df.txt	5906.lswap-e2d18fca77cb.txt	573ebb4e5913
7	5906.up-91a0d3cd2c14.txt	5906.lswap-49fac07a5323.txt	a32416d5301e
7	5906.up-9a915a83c416.txt	5906.lswap-17946ea8ba63.txt	234ee4fddece
7	5906.up-a001786e5861.txt	5906.lswap-25cebe1ff658.txt	a23b607e8098
7	5906.up-a838f31a7b4f.txt	5906.lswap-2497c9291398.txt	a32416d5301e
7	5906.up-a838f31a7b4f.txt	5906.lswap-29ee6f7c1197.txt	6e38383cfc72
7	5906.up-c3afee7ed153.txt	5906.lswap-09c105553d61.txt	939426db79b6
7	5906.up-c3afee7ed153.txt	5906.lswap-23548cda0ace.txt	42fbf3f0d536
7	5906.up-c3afee7ed153.txt	5906.lswap-3a55a72f70d6.txt	2385661fb60e
7	5906.up-c3afee7ed153.txt	5906.lswap-db110b7302cf.txt	f3530a9a4032
7	5906.up-c63a66adbc60.txt	5906.lswap-06f4ba2c8122.txt	65faf8c9cd20
7	5906.up-c63a66adbc60.txt	5906.lswap-10f62906b166.txt	725677205daf
7	5906.up-c63a66adbc60.txt	5906.lswap-23548cda0ace.txt	d1a0033e1269
7	5906.up-c63a66adbc60.txt	5906.lswap-3a55a72f70d6.txt	6d77557bf8f2
7	5906.up-c63a66adbc60.txt	5906.lswap-67fc5c2184ab.txt	3b998b76d7fd
7	5906.up-c63a66adbc60.txt	5906.lswap-8f58c699a11d.txt	bfc9f419917a
7	5906.up-c63a66adbc60.txt	5906.lswap-945cf8ae5bef.txt	95415ff344bb
7	5906.up-c63a66adbc60.txt	5906.lswap-9f885c2a5e20.txt	31a6811f7e37
7	5906.up-d1489855deef.txt	5906.lswap-06f4ba2c8122.txt	b0c4e9f7edee
7	5906.up-d1489855deef.txt	5906.lswap-23548cda0ace.txt	6a6961005e6e
7	5906.up-d1489855deef.txt	5906.lswap-28b97fbb68d1.txt	f929134a1b76
7	5906.up-d1489855deef.txt	5906.lswap-67fc5c2184ab.txt	a89df6442166
7	5906.up-d1489855deef.txt	5906.lswap-8f58c699a11d.txt	c589e2232376
7	5906.up-d1489855deef.txt	5906.lswap-945cf8ae5bef.txt	399155bb1069
7	5906.up-d1489855deef.txt	5906.lswap-9f885c2a5e20.txt	95415ff344bb
7	5906.up-d1489855deef.txt	5906.lswap-db110b7302cf.txt	b4f13531d2e2
7	5906.up-d2559533f431.txt	5906.lswap-49fac07a5323.txt	72397e2f680a
7	5906.up-d2559533f431.txt	5906.lswap-7602ba885180.txt	c5eefe353bce
7	5906.up-d2559533f431.txt	5906.lswap-8ed814577309.txt	44bac1587ba9
7	5906.up-d2559533f431.txt	5906.lswap-e145b859ca30.txt	3c4631c5867a
7	5906.up-d2559533f431.txt	5906.lswap-f6dbf9989449.txt	a003705bbbb1
7	5906.up-e132c7a7c340.txt	5906.lswap-17946ea8ba63.txt	1349ff4d86ac
7	5906.up-e1680a9d0e30.txt	5906.lswap-e21e24656b8e.txt	23e5226ea9dd
7	5906.up-e948752d6a32.txt	5906.lswap-af54b6f406a6.txt	045ff6b79066
7	5906.up-e94d2b57a7d4.txt	5906.lswap-49fac07a5323.txt	96704a0eb24e
7	5906.up-eebb02e3baec.txt	5906.lswap-af54b6f406a6.txt	5e303fc5a688
7	5906.up-f2c7804be474.txt	5906.lswap-06f4ba2c8122.txt	3b998b76d7fd
7	5906.up-f2c7804be474.txt	5906.lswap-10f62906b166.txt	633ce2d3f413
7	5906.up-f2c7804be474.txt	5906.lswap-3a55a72f70d6.txt	94fd6c73a0d1
7	5906.up-f2c7804be474.txt	5906.lswap-67fc5c2184ab.txt	94b0710c21f2
7	5906.up-f2c7804be474.txt	5906.lswap-8f58c699a11d.txt	725677205daf
7	5906.up-f2c7804be474.txt	5906.lswap-9f885c2a5e20.txt	6d77557bf8f2
7	5906.up-f2c7804be474.txt	5906.lswap-db110b7302cf.txt	3a296520ca00
7	5906.lswap-06f4ba2c8122.txt	5906.lswap-10f62906b166.txt	94ad22a39ddf
7	5906.lswap-06f4ba2c8122.txt	5906.lswap-10f62906b166.txt	ea32ce94656c
7	5906.lswap-06f4ba2c8122.txt	5906.lswap-28b97fbb68d1.txt	e9fe89e56945
7	5906.lswap-06f4ba2c8122.txt	5906.lswap-3a55a72f70d6.txt	dcabc927a335
7	5906.lswap-06f4ba2c8122.txt	5906.lswap-db110b7302cf.txt	3ab705716374
7	5906.lswap-06f4ba2c8122.txt	5906.lswap-db110b7302cf.txt	c600828cb5e3
7	5906.lswap-06f4ba2c8122.txt	5906.up-63a938be8d73.txt	d2af6a5a0526
7	5906.lswap-06f4ba2c8122.txt	5906.up-c63a66adbc60.txt	686a622fdddc
7	5906.lswap-06f4ba2c8122.txt	5906.up-d1489855deef.txt	9d43d80d96dc
7	5906.lswap-09c105553d61.txt	5906.lswap-23548cda0ace.txt	2a00cff26db3
7	5906.lswap-09c105553d61.txt	5906.lswap-23548cda0ace.txt	fc915925a29e
7	5906.lswap-09c105553d61.txt	5906.lswap-8f58c699a11d.txt	05d1006a63d6
7	5906.lswap-09c105553d61.txt	5906.lswap-8f58c699a11d.txt	aeff70f41be6
7	5906.lswap-09c105553d61.txt	5906.lswap-945cf8ae5bef.txt	b3530b0fdb4c
7	5906.lswap-09c105553d61.txt	5906.lswap-9f885c2a5e20.txt	d430b91bbd51
7	5906.lswap-09c105553d61.txt	5906.up-0a065898a821.txt	a281daa84496
7	5906.lswap-09c105553d61.txt	5906.up-377da0a3c300.txt	83998764da35
7	5906.lswap-09c105553d61.txt	5906.up-63a938be8d73.txt	ccfa1ffbf36b
7	5906.lswap-10f62906b166.txt	5906.lswap-06f4ba2c8122.txt	05d1006a63d6
7	5906.lswap-10f62906b166.txt	5906.lswap-06f4ba2c8122.txt	aeff70f41be6
7	5906.lswap-10f62906b166.txt	5906.lswap-23548cda0ace.txt	19278553942a
7	5906.lswap-10f62906b166.txt	5906.lswap-23548cda0ace.txt	bbd8011c82a9
7	5906.lswap-10f62906b166.txt	5906.lswap-945cf8ae5bef.txt	05ae19017d4c
7	5906.lswap-10f62906b166.txt	5906.lswap-945cf8ae5bef.txt	3b4fcdbf4387
7	5906.lswap-10f62906b166.txt	5906.lswap-9bf7e32c6472.txt	801e28b3acb6
7	5906.lswap-10f62906b166.txt	5906.lswap-9bf7e32c6472.txt	ce6c866f9d29
7	5906.lswap-10f62906b166.txt	5906.lswap-9f885c2a5e20.txt	1d9d6b4be098
7	5906.lswap-10f62906b166.txt	5906.lswap-9f885c2a5e20.txt	6956c983c235
7	5906.lswap-10f62906b166.txt	5906.up-0a065898a821.txt	d430b91bbd51
7	5906.lswap-10f62906b166.txt	5906.up-377da0a3c300.txt	b3530b0fdb4c
7	5906.lswap-10f62906b166.txt	5906.up-63a938be8d73.txt	48618e07e64c
7	5906.lswap-10f62906b166.txt	5906.up-72482a71c81e.txt	00feabfe3da8
7	5906.lswap-10f62906b166.txt	5906.up-72482a71c81e.txt	c59c5cc23415
7	5906.lswap-10f62906b166.txt	5906.up-f2c7804be474.txt	7b8c90303ed0
7	5906.lswap-17946ea8ba63.txt	5906.lswap-6008b60b1c2c.txt	ac929078ff48
7	5906.lswap-17946ea8ba63.txt	5906.lswap-6008b60b1c2c.txt	c72856868563
7	5906.lswap-23548cda0ace.txt	5906.lswap-09c105553d61.txt	3ab705716374
7	5906.lswap-23548cda0ace.txt	5906.lswap-09c105553d61.txt	c600828cb5e3
7	5906.lswap-23548cda0ace.txt	5906.lswap-10f62906b166.txt	b33afc4539f0
7	5906.lswap-23548cda0ace.txt	5906.lswap-10f62906b166.txt	df07b5dbb378
7	5906.lswap-23548cda0ace.txt	5906.lswap-67fc5c2184ab.txt	9904ad27d680
7	5906.lswap-23548cda0ace.txt	5906.lswap-67fc5c2184ab.txt	a4ae35cede60
7	5906.lswap-25cebe1ff658.txt	5906.lswap-7bd46049981f.txt	718c06223017
7	5906.lswap-28b97fbb68d1.txt	5906.lswap-06f4ba2c8122.txt	d430b91bbd51
7	5906.lswap-28b97fbb68d1.txt	5906.lswap-8f58c699a11d.txt	1d9d6b4be098
7	5906.lswap-28b97fbb68d1.txt	5906.lswap-8f58c699a11d.txt	6956c983c235
7	5906.lswap-28b97fbb68d1.txt	5906.lswap-945cf8ae5bef.txt	19278553942a
7	5906.lswap-28b97fbb68d1.txt	5906.lswap-945cf8ae5bef.txt	bbd8011c82a9
7	5906.lswap-28b97fbb68d1.txt	5906.lswap-9bf7e32c6472.txt	00feabfe3da8
7	5906.lswap-28b97fbb68d1.txt	5906.lswap-9bf7e32c6472.txt	c59c5cc23415
7	5906.lswap-28b97fbb68d1.txt	5906.up-0a065898a821.txt	b084b8ac8244
7	5906.lswap-28b97fbb68d1.txt	5906.up-72482a71c81e.txt	1e95aaf59d36
7	5906.lswap-28b97fbb68d1.txt	5906.up-72482a71c81e.txt	4eb2562f0637
7	5906.lswap-3a55a72f70d6.txt	5906.lswap-06f4ba2c8122.txt	b3530b0fdb4c
7	5906.lswap-3a55a72f70d6.txt	5906.lswap-8f58c699a11d.txt	05ae19017d4c
7	5906.lswap-3a55a72f70d6.txt	5906.lswap-8f58c699a11d.txt	3b4fcdbf4387
7	5906.lswap-3a55a72f70d6.txt	5906.lswap-9bf7e32c6472.txt	7b8c90303ed0
7	5906.lswap-3a55a72f70d6.txt	5906.lswap-9f885c2a5e20.txt	19278553942a
7	5906.lswap-3a55a72f70d6.txt	5906.lswap-9f885c2a5e20.txt	bbd8011c82a9
7	5906.lswap-3a55a72f70d6.txt	5906.up-377da0a3c300.txt	b63310b11815
7	5906.lswap-3a55a72f70d6.txt	5906.up-f2c7804be474.txt	05db12227184
7	5906.lswap-3d82ae1f2111.txt	5906.up-37ac2db82134.txt	0203e75132fa
7	5906.lswap-3d82ae1f2111.txt	5906.up-a001786e5861.txt	718c06223017
7	5906.lswap-6008b60b1c2c.txt	5906.lswap-17946ea8ba63.txt	ac929078ff48
7	5906.lswap-6008b60b1c2c.txt	5906.lswap-17946ea8ba63.txt	c72856868563
7	5906.lswap-67fc5c2184ab.txt	5906.lswap-23548cda0ace.txt	5937ccee41db
7	5906.lswap-67fc5c2184ab.txt	5906.lswap-23548cda0ace.txt	8aa1caeeb336
7	5906.lswap-67fc5c2184ab.txt	5906.lswap-8f58c699a11d.txt	801e28b3acb6
7	5906.lswap-67fc5c2184ab.txt	5906.lswap-8f58c699a11d.txt	ce6c866f9d29
7	5906.lswap-67fc5c2184ab.txt	5906.lswap-945cf8ae5bef.txt	7b8c90303ed0
7	5906.lswap-67fc5c2184ab.txt	5906.lswap-9f885c2a5e20.txt	00feabfe3da8
7	5906.lswap-67fc5c2184ab.txt	5906.lswap-9f885c2a5e20.txt	c59c5cc23415
7	5906.lswap-67fc5c2184ab.txt	5906.up-72482a71c81e.txt	405b7c3d3a0f
7	5906.lswap-67fc5c2184ab.txt	5906.up-72482a71c81e.txt	ddefe5f1daa4
7	5906.lswap-67fc5c2184ab.txt	5906.up-f2c7804be474.txt	dc5f150968a2
7	5906.lswap-67fc5c2184ab.txt	5906.up-f2c7804be474.txt	f0315d3d0817
7	5906.lswap-7bd46049981f.txt	5906.lswap-25cebe1ff658.txt	0203e75132fa
7	5906.lswap-8f58c699a11d.txt	5906.lswap-09c105553d61.txt	94ad22a39ddf
7	5906.lswap-8f58c699a11d.txt	5906.lswap-09c105553d61.txt	ea32ce94656c
7	5906.lswap-8f58c699a11d.txt	5906.lswap-28b97fbb68d1.txt	205e00aedd5c
7	5906.lswap-8f58c699a11d.txt	5906.lswap-28b97fbb68d1.txt	c65aef8bfb75
7	5906.lswap-8f58c699a11d.txt	5906.lswap-3a55a72f70d6.txt	5466fc6ea07e
7	5906.lswap-8f58c699a11d.txt	5906.lswap-3a55a72f70d6.txt	d16acee52433
7	5906.lswap-8f58c699a11d.txt	5906.lswap-67fc5c2184ab.txt	3fec56d50447
7	5906.lswap-8f58c699a11d.txt	5906.lswap-67fc5c2184ab.txt	b83b30ee08ce
7	5906.lswap-8f58c699a11d.txt	5906.lswap-db110b7302cf.txt	b33afc4539f0
7	5906.lswap-8f58c699a11d.txt	5906.lswap-db110b7302cf.txt	df07b5dbb378
7	5906.lswap-8f58c699a11d.txt	5906.up-6597315411ea.txt	e97471679399
7	5906.lswap-8f58c699a11d.txt	5906.up-c3afee7ed153.txt	098ff226f2b8
7	5906.lswap-8f58c699a11d.txt	5906.up-c3afee7ed153.txt	afd8434437e6
7	5906.lswap-8f58c699a11d.txt	5906.up-c63a66adbc60.txt	e9fe89e56945
7	5906.lswap-8f58c699a11d.txt	5906.up-d1489855deef.txt	dcabc927a335
7	5906.lswap-945cf8ae5bef.txt	5906.lswap-09c105553d61.txt	dcabc927a335
7	5906.lswap-945cf8ae5bef.txt	5906.lswap-10f62906b166.txt	5466fc6ea07e
7	5906.lswap-945cf8ae5bef.txt	5906.lswap-10f62906b166.txt	d16acee52433
7	5906.lswap-945cf8ae5bef.txt	5906.lswap-28b97fbb68d1.txt	b33afc4539f0
7	5906.lswap-945cf8ae5bef.txt	5906.lswap-28b97fbb68d1.txt	df07b5dbb378
7	5906.lswap-945cf8ae5bef.txt	5906.lswap-67fc5c2184ab.txt	e97471679399
7	5906.lswap-945cf8ae5bef.txt	5906.up-6597315411ea.txt	a98e907ebc54
7	5906.lswap-945cf8ae5bef.txt	5906.up-d1489855deef.txt	5a8c41d2ff5e
7	5906.lswap-9bf7e32c6472.txt	5906.lswap-10f62906b166.txt	3fec56d50447
7	5906.lswap-9bf7e32c6472.txt	5906.lswap-10f62906b166.txt	b83b30ee08ce
7	5906.lswap-9bf7e32c6472.txt	5906.lswap-28b97fbb68d1.txt	098ff226f2b8
7	5906.lswap-9bf7e32c6472.txt	5906.lswap-28b97fbb68d1.txt	afd8434437e6
7	5906.lswap-9bf7e32c6472.txt	5906.lswap-3a55a72f70d6.txt	e97471679399
7	5906.lswap-9bf7e32c6472.txt	5906.lswap-db110b7302cf.txt	9904ad27d680
7	5906.lswap-9bf7e32c6472.txt	5906.lswap-db110b7302cf.txt	a4ae35cede60
7	5906.lswap-9bf7e32c6472.txt	5906.up-6597315411ea.txt	b064367f901c
7	5906.lswap-9bf7e32c6472.txt	5906.up-c3afee7ed153.txt	8562c2351bec
7	5906.lswap-9bf7e32c6472.txt	5906.up-c3afee7ed153.txt	ff1349883d98
7	5906.lswap-9f885c2a5e20.txt	5906.lswap-09c105553d61.txt	e9fe89e56945
7	5906.lswap-9f885c2a5e20.txt	5906.lswap-10f62906b166.txt	205e00aedd5c
7	5906.lswap-9f885c2a5e20.txt	5906.lswap-10f62906b166.txt	c65aef8bfb75
7	5906.lswap-9f885c2a5e20.txt	5906.lswap-3a55a72f70d6.txt	b33afc4539f0
7	5906.lswap-9f885c2a5e20.txt	5906.lswap-3a55a72f70d6.txt	df07b5dbb378
7	5906.lswap-9f885c2a5e20.txt	5906.lswap-67fc5c2184ab.txt	098ff226f2b8
7	5906.lswap-9f885c2a5e20.txt	5906.lswap-67fc5c2184ab.txt	afd8434437e6
7	5906.lswap-9f885c2a5e20.txt	5906.up-c3afee7ed153.txt	13f6c2effda5
7	5906.lswap-9f885c2a5e20.txt	5906.up-c3afee7ed153.txt	3928acbccbec
7	5906.lswap-9f885c2a5e20.txt	5906.up-c63a66adbc60.txt	ed39c8e00437
7	5906.lswap-aea48ef05d9e.txt	5906.up-3de4f10d5095.txt	3289b1f63a42
7	5906.lswap-db110b7302cf.txt	5906.lswap-06f4ba2c8122.txt	2a00cff26db3
7	5906.lswap-db110b7302cf.txt	5906.lswap-06f4ba2c8122.txt	fc915925a29e
7	5906.lswap-db110b7302cf.txt	5906.lswap-8f58c699a11d.txt	19278553942a
7	5906.lswap-db110b7302cf.txt	5906.lswap-8f58c699a11d.txt	bbd8011c82a9
7	5906.lswap-db110b7302cf.txt	5906.lswap-9bf7e32c6472.txt	5937ccee41db
7	5906.lswap-db110b7302cf.txt	5906.lswap-9bf7e32c6472.txt	8aa1caeeb336
7	5906.lswap-dcc866de4e11.txt	5906.lswap-e21e24656b8e.txt	718c06223017
7	5906.lswap-e21e24656b8e.txt	5906.lswap-dcc866de4e11.txt	0203e75132fa
7	5906.up-0a065898a821.txt	5906.lswap-09c105553d61.txt	686a622fdddc
7	5906.up-0a065898a821.txt	5906.lswap-10f62906b166.txt	e9fe89e56945
7	5906.up-0a065898a821.txt	5906.lswap-28b97fbb68d1.txt	ed39c8e00437
7	5906.up-377da0a3c300.txt	5906.lswap-09c105553d61.txt	9d43d80d96dc
7	5906.up-377da0a3c300.txt	5906.lswap-10f62906b166.txt	dcabc927a335
7	5906.up-377da0a3c300.txt	5906.lswap-3a55a72f70d6.txt	5a8c41d2ff5e
7	5906.up-37ac2db82134.txt	5906.lswap-3d82ae1f2111.txt	718c06223017
7	5906.up-3de4f10d5095.txt	5906.lswap-aea48ef05d9e.txt	033c72053344
7	5906.up-63a938be8d73.txt	5906.lswap-06f4ba2c8122.txt	eac488d036b4
7	5906.up-63a938be8d73.txt	5906.lswap-09c105553d61.txt	9fee43b970a3
7	5906.up-63a938be8d73.txt	5906.lswap-10f62906b166.txt	945e26e3b212
7	5906.up-6597315411ea.txt	5906.lswap-8f58c699a11d.txt	7b8c90303ed0
7	5906.up-6597315411ea.txt	5906.lswap-945cf8ae5bef.txt	05db12227184
7	5906.up-6597315411ea.txt	5906.lswap-9bf7e32c6472.txt	dc5f150968a2
7	5906.up-6597315411ea.txt	5906.lswap-9bf7e32c6472.txt	f0315d3d0817
7	5906.up-72482a71c81e.txt	5906.lswap-10f62906b166.txt	098ff226f2b8
7	5906.up-72482a71c81e.txt	5906.lswap-10f62906b166.txt	afd8434437e6
7	5906.up-72482a71c81e.txt	5906.lswap-28b97fbb68d1.txt	13f6c2effda5
7	5906.up-72482a71c81e.txt	5906.lswap-28b97fbb68d1.txt	3928acbccbec
7	5906.up-72482a71c81e.txt	5906.lswap-67fc5c2184ab.txt	8562c2351bec
7	5906.up-72482a71c81e.txt	5906.lswap-67fc5c2184ab.txt	ff1349883d98
7	5906.up-a001786e5861.txt	5906.lswap-3d82ae1f2111.txt	0203e75132fa
7	5906.up-c3afee7ed153.txt	5906.lswap-8f58c699a11d.txt	00feabfe3da8
7	5906.up-c3afee7ed153.txt	5906.lswap-8f58c699a11d.txt	c59c5cc23415
7	5906.up-c3afee7ed153.txt	5906.lswap-9bf7e32c6472.txt	405b7c3d3a0f
7	5906.up-c3afee7ed153.txt	5906.lswap-9bf7e32c6472.txt	ddefe5f1daa4
7	5906.up-c3afee7ed153.txt	5906.lswap-9f885c2a5e20.txt	1e95aaf59d36
7	5906.up-c3afee7ed153.txt	5906.lswap-9f885c2a5e20.txt	4eb2562f0637
7	5906.up-c63a66adbc60.txt	5906.lswap-06f4ba2c8122.txt	a281daa84496
7	5906.up-c63a66adbc60.txt	5906.lswap-8f58c699a11d.txt	d430b91bbd51
7	5906.up-c63a66adbc60.txt	5906.lswap-9f885c2a5e20.txt	b084b8ac8244
7	5906.up-d1489855deef.txt	5906.lswap-06f4ba2c8122.txt	83998764da35
7	5906.up-d1489855deef.txt	5906.lswap-8f58c699a11d.txt	b3530b0fdb4c
7	5906.up-d1489855deef.txt	5906.lswap-945cf8ae5bef.txt	b63310b11815
7	5906.up-f2c7804be474.txt	5906.lswap-10f62906b166.txt	e97471679399
7	5906.up-f2c7804be474.txt	5906.lswap-3a55a72f70d6.txt	a98e907ebc54
7	5906.up-f2c7804be474.txt	5906.lswap-67fc5c2184ab.txt	b064367f901c
7	5906.lswap-06f4ba2c8122.txt	5906.lswap-c394b34cb7cc.txt	bf30f607a61f
7	5906.lswap-09c105553d61.txt	5906.lswap-c394b34cb7cc.txt	248b3fffc1c2
7	5906.lswap-10f62906b166.txt	5906.lswap-c394b34cb7cc.txt	733959bbeaa7
7	5906.lswap-23548cda0ace.txt	5906.lswap-c394b34cb7cc.txt	aa3931e40ed0
7	5906.lswap-23548cda0ace.txt	5906.up-63a938be8d73.txt	e519019a83be
7	5906.lswap-28b97fbb68d1.txt	5906.up-63a938be8d73.txt	11d2586bfe7f
7	5906.lswap-3a55a72f70d6.txt	5906.up-63a938be8d73.txt	795829b2a5e4
7	5906.lswap-67fc5c2184ab.txt	5906.up-63a938be8d73.txt	05dea696c534
7	5906.lswap-8f58c699a11d.txt	5906.up-63a938be8d73.txt	8be1ac727fdf
7	5906.lswap-945cf8ae5bef.txt	5906.up-63a938be8d73.txt	27a0227e11e9
7	5906.lswap-9bf7e32c6472.txt	5906.up-63a938be8d73.txt	4cc654e02a5f
7	5906.lswap-9f885c2a5e20.txt	5906.up-63a938be8d73.txt	63ac52c757ed
7	5906.lswap-c394b34cb7cc.txt	5906.lswap-06f4ba2c8122.txt	4bb158d41da1
7	5906.lswap-c394b34cb7cc.txt	5906.lswap-09c105553d61.txt	959f5284bc34
7	5906.lswap-c394b34cb7cc.txt	5906.lswap-10f62906b166.txt	feafb676717b
7	5906.lswap-c394b34cb7cc.txt	5906.lswap-23548cda0ace.txt	d2824d714363
7	5906.lswap-db110b7302cf.txt	5906.up-63a938be8d73.txt	95bc0d3cc8df
7	5906.up-63a938be8d73.txt	5906.lswap-23548cda0ace.txt	ff68ba5bd26e
7	5906.up-63a938be8d73.txt	5906.lswap-28b97fbb68d1.txt	6ae7d8b11d5e
7	5906.up-63a938be8d73.txt	5906.lswap-3a55a72f70d6.txt	f7a831b9b150
7	5906.up-63a938be8d73.txt	5906.lswap-67fc5c2184ab.txt	94dd11545b8b
7	5906.up-63a938be8d73.txt	5906.lswap-8f58c699a11d.txt	bf97b9cb0418
7	5906.up-63a938be8d73.txt	5906.lswap-945cf8ae5bef.txt	b9ccc01f991f
7	5906.up-63a938be8d73.txt	5906.lswap-9bf7e32c6472.txt	cd6c8c10c579
7	5906.up-63a938be8d73.txt	5906.lswap-9f885c2a5e20.txt	95fa5c852284
7	5906.up-63a938be8d73.txt	5906.lswap-db110b7302cf.txt	98b8efaf8de2
7	5906.lswap-025c4805fc39.txt	5906.lswap-2497c9291398.txt	847f96324af3
7	5906.lswap-025c4805fc39.txt	5906.lswap-e2d18fca77cb.txt	3feefa303e8d
7	5906.lswap-025c4805fc39.txt	5906.up-16ca46d2c5a9.txt	45e1abda4c12
7	5906.lswap-025c4805fc39.txt	5906.up-331e3f0f91ee.txt	36706f4e334b
7	5906.lswap-031568aa1b5c.txt	5906.lswap-2497c9291398.txt	e491b3145c5e
7	5906.lswap-031568aa1b5c.txt	5906.lswap-2ae54d2fd96c.txt	156e559f9324
7	5906.lswap-031568aa1b5c.txt	5906.lswap-7f47c6e6eeda.txt	fecd684a9442
7	5906.lswap-031568aa1b5c.txt	5906.lswap-8ed814577309.txt	90ec4efba5a6
7	5906.lswap-031568aa1b5c.txt	5906.lswap-a7d2db45842b.txt	b7bc7337f220
7	5906.lswap-031568aa1b5c.txt	5906.lswap-df71274e07be.txt	f6d440e96d8c
7	5906.lswap-0de54c0a7bb6.txt	5906.up-91a0d3cd2c14.txt	7b5542740cec
7	5906.lswap-0de54c0a7bb6.txt	5906.up-a838f31a7b4f.txt	83f2a26fb1ab
7	5906.lswap-17203113788c.txt	5906.lswap-3b4f2e286e0c.txt	f489418a0205
7	5906.lswap-17203113788c.txt	5906.lswap-a28e203d65dc.txt	2dcd6251565a
7	5906.lswap-2497c9291398.txt	5906.lswap-025c4805fc39.txt	aa54b27dcfe9
7	5906.lswap-2497c9291398.txt	5906.lswap-031568aa1b5c.txt	8e3fa11cbde7
7	5906.lswap-2497c9291398.txt	5906.lswap-6d0ad177e5ee.txt	156e559f9324
7	5906.lswap-2497c9291398.txt	5906.lswap-80e6c24a2613.txt	90ec4efba5a6
7	5906.lswap-2497c9291398.txt	5906.lswap-9759fb4af500.txt	e491b3145c5e
7	5906.lswap-2497c9291398.txt	5906.lswap-df71274e07be.txt	fecd684a9442
7	5906.lswap-25804d565b10.txt	5906.lswap-52f45c5e8e22.txt	fecd684a9442
7	5906.lswap-25804d565b10.txt	5906.lswap-6d0ad177e5ee.txt	fa53bebb0c07
7	5906.lswap-25804d565b10.txt	5906.lswap-8ed814577309.txt	8e3fa11cbde7
7	5906.lswap-25804d565b10.txt	5906.lswap-9759fb4af500.txt	2dcd6251565a
7	5906.lswap-25804d565b10.txt	5906.lswap-a7d2db45842b.txt	399bec1eb082
7	5906.lswap-25804d565b10.txt	5906.lswap-e145b859ca30.txt	aa54b27dcfe9
7	5906.lswap-28b97fbb68d1.txt	5906.lswap-c394b34cb7cc.txt	f58883230a57
7	5906.lswap-29ee6f7c1197.txt	5906.lswap-3b66fbdbdf53.txt	f0b55e37fe22
7	5906.lswap-29ee6f7c1197.txt	5906.lswap-52e683fb05d3.txt	45e1abda4c12
7	5906.lswap-29ee6f7c1197.txt	5906.lswap-9759fb4af500.txt	847f96324af3
7	5906.lswap-29ee6f7c1197.txt	5906.lswap-e2d18fca77cb.txt	36706f4e334b
7	5906.lswap-2ae54d2fd96c.txt	5906.lswap-031568aa1b5c.txt	f489418a0205
7	5906.lswap-2ae54d2fd96c.txt	5906.lswap-3b66fbdbdf53.txt	156e559f9324
7	5906.lswap-2ae54d2fd96c.txt	5906.lswap-49fac07a5323.txt	90ec4efba5a6
7	5906.lswap-2ae54d2fd96c.txt	5906.lswap-5808edca979d.txt	0639dfc60058
7	5906.lswap-2ae54d2fd96c.txt	5906.lswap-df71274e07be.txt	b7bc7337f220
7	5906.lswap-2ae54d2fd96c.txt	5906.lswap-e73e096376f0.txt	e491b3145c5e
7	5906.lswap-3a55a72f70d6.txt	5906.lswap-c394b34cb7cc.txt	c79d39bc27d1
7	5906.lswap-3b4f2e286e0c.txt	5906.lswap-17203113788c.txt	156e559f9324
7	5906.lswap-3b4f2e286e0c.txt	5906.lswap-5a55d1641a86.txt	f489418a0205
7	5906.lswap-3b66fbdbdf53.txt	5906.lswap-29ee6f7c1197.txt	0639dfc60058
7	5906.lswap-3b66fbdbdf53.txt	5906.lswap-2ae54d2fd96c.txt	f489418a0205
7	5906.lswap-3b66fbdbdf53.txt	5906.lswap-49fac07a5323.txt	e491b3145c5e
7	5906.lswap-3b66fbdbdf53.txt	5906.lswap-7f47c6e6eeda.txt	2dcd6251565a
7	5906.lswap-3b66fbdbdf53.txt	5906.lswap-9f3672f6c430.txt	847f96324af3
7	5906.lswap-3b66fbdbdf53.txt	5906.lswap-af54b6f406a6.txt	b7bc7337f220
7	5906.lswap-3baeeea281f2.txt	5906.lswap-5764c730eaee.txt	fecd684a9442
7	5906.lswap-3baeeea281f2.txt	5906.lswap-6f6f375dca74.txt	2dcd6251565a
7	5906.lswap-41a210488ac9.txt	5906.lswap-b12d38608f09.txt	156e559f9324
7	5906.lswap-41a210488ac9.txt	5906.lswap-e0920da719d9.txt	fecd684a9442
7	5906.lswap-41a210488ac9.txt	5906.up-5ce87c54ecea.txt	cb4feec1896d
7	5906.lswap-469763027c57.txt	5906.lswap-4c179f65aa4b.txt	83f2a26fb1ab
7	5906.lswap-469763027c57.txt	5906.lswap-aa52880fc9e0.txt	83f2a26fb1ab
7	5906.lswap-49fac07a5323.txt	5906.lswap-2ae54d2fd96c.txt	e2381e7cebff
7	5906.lswap-49fac07a5323.txt	5906.lswap-3b66fbdbdf53.txt	8e3fa11cbde7
7	5906.lswap-49fac07a5323.txt	5906.lswap-52f45c5e8e22.txt	e491b3145c5e
7	5906.lswap-49fac07a5323.txt	5906.lswap-6d0ad177e5ee.txt	f489418a0205
7	5906.lswap-49fac07a5323.txt	5906.lswap-df71274e07be.txt	2dcd6251565a
7	5906.lswap-49fac07a5323.txt	5906.lswap-eeb9a73f4b33.txt	847f96324af3
7	5906.lswap-49fc63d034f2.txt	5906.up-2cb6c1139592.txt	45e1abda4c12
7	5906.lswap-49fc63d034f2.txt	5906.up-5ce87c54ecea.txt	e30ae9185786
7	5906.lswap-49fc63d034f2.txt	5906.up-eebb02e3baec.txt	36706f4e334b
7	5906.lswap-4c179f65aa4b.txt	5906.lswap-469763027c57.txt	36706f4e334b
7	5906.lswap-4c179f65aa4b.txt	5906.lswap-cae9c3b46793.txt	45e1abda4c12
7	5906.lswap-5228890279ca.txt	5906.lswap-5764c730eaee.txt	156e559f9324
7	5906.lswap-5228890279ca.txt	5906.lswap-6f6f375dca74.txt	f489418a0205
7	5906.lswap-52e683fb05d3.txt	5906.lswap-29ee6f7c1197.txt	7b5542740cec
7	5906.lswap-52e683fb05d3.txt	5906.lswap-7f47c6e6eeda.txt	aa54b27dcfe9
7	5906.lswap-52e683fb05d3.txt	5906.lswap-9a5cc6a6e3c8.txt	7b5542740cec
7	5906.lswap-52e683fb05d3.txt	5906.lswap-afd973e1a915.txt	10d61a16c4f8
7	5906.lswap-52f45c5e8e22.txt	5906.lswap-25804d565b10.txt	2dcd6251565a
7	5906.lswap-52f45c5e8e22.txt	5906.lswap-49fac07a5323.txt	8e3fa11cbde7
7	5906.lswap-52f45c5e8e22.txt	5906.lswap-80e6c24a2613.txt	f489418a0205
7	5906.lswap-52f45c5e8e22.txt	5906.lswap-8ed814577309.txt	e2381e7cebff
7	5906.lswap-52f45c5e8e22.txt	5906.lswap-af54b6f406a6.txt	fa53bebb0c07
7	5906.lswap-52f45c5e8e22.txt	5906.lswap-df71274e07be.txt	399bec1eb082
7	5906.lswap-5764c730eaee.txt	5906.lswap-3baeeea281f2.txt	2dcd6251565a
7	5906.lswap-5764c730eaee.txt	5906.lswap-5228890279ca.txt	f489418a0205
7	5906.lswap-5808edca979d.txt	5906.lswap-2ae54d2fd96c.txt	f0b55e37fe22
7	5906.lswap-5808edca979d.txt	5906.lswap-5dbb54e50268.txt	36706f4e334b
7	5906.lswap-5808edca979d.txt	5906.lswap-9f3672f6c430.txt	36706f4e334b
7	5906.lswap-5808edca979d.txt	5906.lswap-eeb9a73f4b33.txt	3feefa303e8d
7	5906.lswap-5a55d1641a86.txt	5906.lswap-3b4f2e286e0c.txt	156e559f9324
7	5906.lswap-5a55d1641a86.txt	5906.lswap-a28e203d65dc.txt	fecd684a9442
7	5906.lswap-5a55d1641a86.txt	5906.up-5ce87c54ecea.txt	1cbe0c8fcdd7
7	5906.lswap-5a7a973564fd.txt	5906.lswap-6bd82af50a4e.txt	156e559f9324
7	5906.lswap-5a7a973564fd.txt	5906.lswap-be4759bc731a.txt	f489418a0205
7	5906.lswap-5dbb54e50268.txt	5906.lswap-5808edca979d.txt	83f2a26fb1ab
7	5906.lswap-5dbb54e50268.txt	5906.lswap-e145b859ca30.txt	7b5542740cec
7	5906.lswap-5dbb54e50268.txt	5906.up-0db50fc7743c.txt	f2e392111776
7	5906.lswap-5dbb54e50268.txt	5906.up-8ec03171f5df.txt	10d61a16c4f8
7	5906.lswap-62d959eb4e73.txt	5906.lswap-a7d2db45842b.txt	0639dfc60058
7	5906.lswap-62d959eb4e73.txt	5906.lswap-e145b859ca30.txt	10d61a16c4f8
7	5906.lswap-62d959eb4e73.txt	5906.up-0db50fc7743c.txt	83f2a26fb1ab
7	5906.lswap-62d959eb4e73.txt	5906.up-53b55626d912.txt	7b5542740cec
7	5906.lswap-67fc5c2184ab.txt	5906.lswap-c394b34cb7cc.txt	d47df6253c73
7	5906.lswap-6bd82af50a4e.txt	5906.lswap-5a7a973564fd.txt	f489418a0205
7	5906.lswap-6bd82af50a4e.txt	5906.lswap-b55f23a2f470.txt	2dcd6251565a
7	5906.lswap-6d0ad177e5ee.txt	5906.lswap-2497c9291398.txt	f489418a0205
7	5906.lswap-6d0ad177e5ee.txt	5906.lswap-25804d565b10.txt	b7bc7337f220
7	5906.lswap-6d0ad177e5ee.txt	5906.lswap-49fac07a5323.txt	156e559f9324
7	5906.lswap-6d0ad177e5ee.txt	5906.lswap-7f47c6e6eeda.txt	fa53bebb0c07
7	5906.lswap-6d0ad177e5ee.txt	5906.up-331e3f0f91ee.txt	f0b55e37fe22
7	5906.lswap-6d0ad177e5ee.txt	5906.up-77512ee88848.txt	0639dfc60058
7	5906.lswap-6d7ea156bdcc.txt	5906.lswap-b12d38608f09.txt	f489418a0205
7	5906.lswap-6d7ea156bdcc.txt	5906.lswap-e0920da719d9.txt	2dcd6251565a
7	5906.lswap-6f6f375dca74.txt	5906.lswap-3baeeea281f2.txt	fecd684a9442
7	5906.lswap-6f6f375dca74.txt	5906.lswap-5228890279ca.txt	156e559f9324
7	5906.lswap-7602ba885180.txt	5906.lswap-cf5ecb0e9ecc.txt	83f2a26fb1ab
7	5906.lswap-7602ba885180.txt	5906.lswap-e59a6239aa79.txt	7b5542740cec
7	5906.lswap-7f47c6e6eeda.txt	5906.lswap-031568aa1b5c.txt	2dcd6251565a
7	5906.lswap-7f47c6e6eeda.txt	5906.lswap-3b66fbdbdf53.txt	fecd684a9442
7	5906.lswap-7f47c6e6eeda.txt	5906.lswap-52e683fb05d3.txt	847f96324af3
7	5906.lswap-7f47c6e6eeda.txt	5906.lswap-6d0ad177e5ee.txt	b7bc7337f220
7	5906.lswap-7f47c6e6eeda.txt	5906.lswap-8ed814577309.txt	e491b3145c5e
7	5906.lswap-7f47c6e6eeda.txt	5906.lswap-af54b6f406a6.txt	f6d440e96d8c
7	5906.lswap-80e6c24a2613.txt	5906.lswap-2497c9291398.txt	e2381e7cebff
7	5906.lswap-80e6c24a2613.txt	5906.lswap-52f45c5e8e22.txt	156e559f9324
7	5906.lswap-80e6c24a2613.txt	5906.lswap-9759fb4af500.txt	f489418a0205
7	5906.lswap-80e6c24a2613.txt	5906.lswap-df71274e07be.txt	fa53bebb0c07
7	5906.lswap-80e6c24a2613.txt	5906.lswap-e2d18fca77cb.txt	f0b55e37fe22
7	5906.lswap-80e6c24a2613.txt	5906.lswap-e73e096376f0.txt	8e3fa11cbde7
7	5906.lswap-8ed814577309.txt	5906.lswap-031568aa1b5c.txt	e2381e7cebff
7	5906.lswap-8ed814577309.txt	5906.lswap-25804d565b10.txt	e491b3145c5e
7	5906.lswap-8ed814577309.txt	5906.lswap-52f45c5e8e22.txt	90ec4efba5a6
7	5906.lswap-8ed814577309.txt	5906.lswap-7f47c6e6eeda.txt	8e3fa11cbde7
7	5906.lswap-8ed814577309.txt	5906.lswap-a7d2db45842b.txt	f489418a0205
7	5906.lswap-8ed814577309.txt	5906.lswap-af54b6f406a6.txt	156e559f9324
7	5906.lswap-8f58c699a11d.txt	5906.lswap-c394b34cb7cc.txt	fba50ca54243
7	5906.lswap-945cf8ae5bef.txt	5906.lswap-c394b34cb7cc.txt	16ba687ddc32
7	5906.lswap-964ebce5847f.txt	5906.up-14e2c7b29aae.txt	83f2a26fb1ab
7	5906.lswap-964ebce5847f.txt	5906.up-e94d2b57a7d4.txt	7b5542740cec
7	5906.lswap-9759fb4af500.txt	5906.lswap-2497c9291398.txt	8e3fa11cbde7
7	5906.lswap-9759fb4af500.txt	5906.lswap-25804d565b10.txt	fecd684a9442
7	5906.lswap-9759fb4af500.txt	5906.lswap-29ee6f7c1197.txt	aa54b27dcfe9
7	5906.lswap-9759fb4af500.txt	5906.lswap-80e6c24a2613.txt	156e559f9324
7	5906.lswap-9759fb4af500.txt	5906.lswap-9f3672f6c430.txt	f0b55e37fe22
7	5906.lswap-9759fb4af500.txt	5906.lswap-a7d2db45842b.txt	fa53bebb0c07
7	5906.lswap-9a5cc6a6e3c8.txt	5906.lswap-52e683fb05d3.txt	45e1abda4c12
7	5906.lswap-9a5cc6a6e3c8.txt	5906.lswap-e2d18fca77cb.txt	36706f4e334b
7	5906.lswap-9a5cc6a6e3c8.txt	5906.up-16ca46d2c5a9.txt	b4fb337c2041
7	5906.lswap-9a5cc6a6e3c8.txt	5906.up-d2559533f431.txt	3feefa303e8d
7	5906.lswap-9bf7e32c6472.txt	5906.lswap-c394b34cb7cc.txt	c4825905c44d
7	5906.lswap-9f3672f6c430.txt	5906.lswap-3b66fbdbdf53.txt	aa54b27dcfe9
7	5906.lswap-9f3672f6c430.txt	5906.lswap-5808edca979d.txt	83f2a26fb1ab
7	5906.lswap-9f3672f6c430.txt	5906.lswap-9759fb4af500.txt	0639dfc60058
7	5906.lswap-9f3672f6c430.txt	5906.lswap-e145b859ca30.txt	7b5542740cec
7	5906.lswap-9f885c2a5e20.txt	5906.lswap-c394b34cb7cc.txt	1f023cb92021
7	5906.lswap-a28e203d65dc.txt	5906.lswap-17203113788c.txt	fecd684a9442
7	5906.lswap-a28e203d65dc.txt	5906.lswap-5a55d1641a86.txt	2dcd6251565a
7	5906.lswap-a7d2db45842b.txt	5906.lswap-031568aa1b5c.txt	fa53bebb0c07
7	5906.lswap-a7d2db45842b.txt	5906.lswap-25804d565b10.txt	f6d440e96d8c
7	5906.lswap-a7d2db45842b.txt	5906.lswap-62d959eb4e73.txt	f0b55e37fe22
7	5906.lswap-a7d2db45842b.txt	5906.lswap-8ed814577309.txt	156e559f9324
7	5906.lswap-a7d2db45842b.txt	5906.lswap-9759fb4af500.txt	b7bc7337f220
7	5906.lswap-a7d2db45842b.txt	5906.lswap-e73e096376f0.txt	fecd684a9442
7	5906.lswap-aa52880fc9e0.txt	5906.lswap-469763027c57.txt	36706f4e334b
7	5906.lswap-aa52880fc9e0.txt	5906.lswap-cae9c3b46793.txt	45e1abda4c12
7	5906.lswap-af54b6f406a6.txt	5906.lswap-3b66fbdbdf53.txt	fa53bebb0c07
7	5906.lswap-af54b6f406a6.txt	5906.lswap-52f45c5e8e22.txt	b7bc7337f220
7	5906.lswap-af54b6f406a6.txt	5906.lswap-7f47c6e6eeda.txt	399bec1eb082
7	5906.lswap-af54b6f406a6.txt	5906.lswap-8ed814577309.txt	f489418a0205
7	5906.lswap-af54b6f406a6.txt	5906.lswap-afd973e1a915.txt	0639dfc60058
7	5906.lswap-af54b6f406a6.txt	5906.lswap-e73e096376f0.txt	2dcd6251565a
7	5906.lswap-afd973e1a915.txt	5906.lswap-52e683fb05d3.txt	b4fb337c2041
7	5906.lswap-afd973e1a915.txt	5906.lswap-af54b6f406a6.txt	f0b55e37fe22
7	5906.lswap-afd973e1a915.txt	5906.up-0d2e98183c29.txt	45e1abda4c12
7	5906.lswap-afd973e1a915.txt	5906.up-d2559533f431.txt	36706f4e334b
7	5906.lswap-b12d38608f09.txt	5906.lswap-41a210488ac9.txt	f489418a0205
7	5906.lswap-b12d38608f09.txt	5906.lswap-6d7ea156bdcc.txt	156e559f9324
7	5906.lswap-b55f23a2f470.txt	5906.lswap-6bd82af50a4e.txt	fecd684a9442
7	5906.lswap-b55f23a2f470.txt	5906.lswap-be4759bc731a.txt	2dcd6251565a
7	5906.lswap-be4759bc731a.txt	5906.lswap-5a7a973564fd.txt	156e559f9324
7	5906.lswap-be4759bc731a.txt	5906.lswap-b55f23a2f470.txt	fecd684a9442
7	5906.lswap-c394b34cb7cc.txt	5906.lswap-28b97fbb68d1.txt	85c16e36c4f2
7	5906.lswap-c394b34cb7cc.txt	5906.lswap-3a55a72f70d6.txt	0f9b6ed98294
7	5906.lswap-c394b34cb7cc.txt	5906.lswap-67fc5c2184ab.txt	8ffcb5ea5931
7	5906.lswap-c394b34cb7cc.txt	5906.lswap-8f58c699a11d.txt	0b15336d6103
7	5906.lswap-c394b34cb7cc.txt	5906.lswap-945cf8ae5bef.txt	d3638d95f38d
7	5906.lswap-c394b34cb7cc.txt	5906.lswap-9bf7e32c6472.txt	e514edc300b2
7	5906.lswap-c394b34cb7cc.txt	5906.lswap-9f885c2a5e20.txt	b94b7bbdd2a8
7	5906.lswap-c394b34cb7cc.txt	5906.lswap-db110b7302cf.txt	2917468c0fac
7	5906.lswap-c55c2b0fbb0f.txt	5906.up-14e2c7b29aae.txt	ea8249f11315
7	5906.lswap-cae9c3b46793.txt	5906.lswap-4c179f65aa4b.txt	7b5542740cec
7	5906.lswap-cae9c3b46793.txt	5906.lswap-aa52880fc9e0.txt	7b5542740cec
7	5906.lswap-cf5ecb0e9ecc.txt	5906.lswap-7602ba885180.txt	36706f4e334b
7	5906.lswap-cf5ecb0e9ecc.txt	5906.lswap-f6dbf9989449.txt	36706f4e334b
7	5906.lswap-d252e4d38aa9.txt	5906.up-168d62e1a9d1.txt	45e1abda4c12
7	5906.lswap-d252e4d38aa9.txt	5906.up-e948752d6a32.txt	36706f4e334b
7	5906.lswap-db110b7302cf.txt	5906.lswap-c394b34cb7cc.txt	73139a04654a
7	5906.lswap-df71274e07be.txt	5906.lswap-031568aa1b5c.txt	399bec1eb082
7	5906.lswap-df71274e07be.txt	5906.lswap-2497c9291398.txt	2dcd6251565a
7	5906.lswap-df71274e07be.txt	5906.lswap-2ae54d2fd96c.txt	fa53bebb0c07
7	5906.lswap-df71274e07be.txt	5906.lswap-49fac07a5323.txt	fecd684a9442
7	5906.lswap-df71274e07be.txt	5906.lswap-52f45c5e8e22.txt	f6d440e96d8c
7	5906.lswap-df71274e07be.txt	5906.lswap-80e6c24a2613.txt	b7bc7337f220
7	5906.lswap-e0920da719d9.txt	5906.lswap-41a210488ac9.txt	2dcd6251565a
7	5906.lswap-e0920da719d9.txt	5906.lswap-6d7ea156bdcc.txt	fecd684a9442
7	5906.lswap-e145b859ca30.txt	5906.lswap-25804d565b10.txt	847f96324af3
7	5906.lswap-e145b859ca30.txt	5906.lswap-5dbb54e50268.txt	45e1abda4c12
7	5906.lswap-e145b859ca30.txt	5906.lswap-62d959eb4e73.txt	b4fb337c2041
7	5906.lswap-e145b859ca30.txt	5906.lswap-9f3672f6c430.txt	45e1abda4c12
7	5906.lswap-e2d18fca77cb.txt	5906.lswap-025c4805fc39.txt	f2e392111776
7	5906.lswap-e2d18fca77cb.txt	5906.lswap-29ee6f7c1197.txt	83f2a26fb1ab
7	5906.lswap-e2d18fca77cb.txt	5906.lswap-80e6c24a2613.txt	0639dfc60058
7	5906.lswap-e2d18fca77cb.txt	5906.lswap-9a5cc6a6e3c8.txt	83f2a26fb1ab
7	5906.lswap-e59a6239aa79.txt	5906.lswap-7602ba885180.txt	45e1abda4c12
7	5906.lswap-e59a6239aa79.txt	5906.lswap-f6dbf9989449.txt	45e1abda4c12
7	5906.lswap-e73e096376f0.txt	5906.lswap-2ae54d2fd96c.txt	8e3fa11cbde7
7	5906.lswap-e73e096376f0.txt	5906.lswap-80e6c24a2613.txt	e491b3145c5e
7	5906.lswap-e73e096376f0.txt	5906.lswap-a7d2db45842b.txt	2dcd6251565a
7	5906.lswap-e73e096376f0.txt	5906.lswap-af54b6f406a6.txt	fecd684a9442
7	5906.lswap-e73e096376f0.txt	5906.up-0d2e98183c29.txt	847f96324af3
7	5906.lswap-e73e096376f0.txt	5906.up-53b55626d912.txt	aa54b27dcfe9
7	5906.lswap-eeb9a73f4b33.txt	5906.lswap-49fac07a5323.txt	aa54b27dcfe9
7	5906.lswap-eeb9a73f4b33.txt	5906.lswap-5808edca979d.txt	f2e392111776
7	5906.lswap-eeb9a73f4b33.txt	5906.up-77512ee88848.txt	83f2a26fb1ab
7	5906.lswap-eeb9a73f4b33.txt	5906.up-8ec03171f5df.txt	7b5542740cec
7	5906.lswap-f6dbf9989449.txt	5906.lswap-cf5ecb0e9ecc.txt	83f2a26fb1ab
7	5906.lswap-f6dbf9989449.txt	5906.lswap-e59a6239aa79.txt	7b5542740cec
7	5906.up-0d2e98183c29.txt	5906.lswap-afd973e1a915.txt	7b5542740cec
7	5906.up-0d2e98183c29.txt	5906.lswap-e73e096376f0.txt	aa54b27dcfe9
7	5906.up-0db50fc7743c.txt	5906.lswap-5dbb54e50268.txt	3feefa303e8d
7	5906.up-0db50fc7743c.txt	5906.lswap-62d959eb4e73.txt	36706f4e334b
7	5906.up-14e2c7b29aae.txt	5906.lswap-964ebce5847f.txt	36706f4e334b
7	5906.up-14e2c7b29aae.txt	5906.lswap-c55c2b0fbb0f.txt	3cebc7fa9384
7	5906.up-168d62e1a9d1.txt	5906.lswap-d252e4d38aa9.txt	7b5542740cec
7	5906.up-16ca46d2c5a9.txt	5906.lswap-025c4805fc39.txt	7b5542740cec
7	5906.up-16ca46d2c5a9.txt	5906.lswap-9a5cc6a6e3c8.txt	10d61a16c4f8
7	5906.up-2cb6c1139592.txt	5906.lswap-49fc63d034f2.txt	7b5542740cec
7	5906.up-331e3f0f91ee.txt	5906.lswap-025c4805fc39.txt	83f2a26fb1ab
7	5906.up-331e3f0f91ee.txt	5906.lswap-6d0ad177e5ee.txt	0639dfc60058
7	5906.up-53b55626d912.txt	5906.lswap-62d959eb4e73.txt	45e1abda4c12
7	5906.up-53b55626d912.txt	5906.lswap-e73e096376f0.txt	847f96324af3
7	5906.up-5ce87c54ecea.txt	5906.lswap-41a210488ac9.txt	a337bc76c856
7	5906.up-5ce87c54ecea.txt	5906.lswap-49fc63d034f2.txt	76eea8394053
7	5906.up-5ce87c54ecea.txt	5906.lswap-5a55d1641a86.txt	6c1de5190355
7	5906.up-77512ee88848.txt	5906.lswap-6d0ad177e5ee.txt	f0b55e37fe22
7	5906.up-77512ee88848.txt	5906.lswap-eeb9a73f4b33.txt	36706f4e334b
7	5906.up-8ec03171f5df.txt	5906.lswap-5dbb54e50268.txt	b4fb337c2041
7	5906.up-8ec03171f5df.txt	5906.lswap-eeb9a73f4b33.txt	45e1abda4c12
7	5906.up-91a0d3cd2c14.txt	5906.lswap-0de54c0a7bb6.txt	45e1abda4c12
7	5906.up-a838f31a7b4f.txt	5906.lswap-0de54c0a7bb6.txt	36706f4e334b
7	5906.up-d2559533f431.txt	5906.lswap-9a5cc6a6e3c8.txt	f2e392111776
7	5906.up-d2559533f431.txt	5906.lswap-afd973e1a915.txt	83f2a26fb1ab
7	5906.up-e948752d6a32.txt	5906.lswap-d252e4d38aa9.txt	83f2a26fb1ab
7	5906.up-e94d2b57a7d4.txt	5906.lswap-964ebce5847f.txt	45e1abda4c12
7	5906.up-eebb02e3baec.txt	5906.lswap-49fc63d034f2.txt	83f2a26fb1ab
7	5906.lswap-25804d565b10.txt	5906.lswap-cf5ecb0e9ecc.txt	8411b9baf058
7	5906.lswap-25804d565b10.txt	5906.lswap-cf5ecb0e9ecc.txt	e6f4fad41ed1
7	5906.lswap-3baeeea281f2.txt	5906.lswap-c55c2b0fbb0f.txt	d9275de2ec1d
7	5906.lswap-3baeeea281f2.txt	5906.up-d2559533f431.txt	8ba4f5a756dd
7	5906.lswap-41a210488ac9.txt	5906.lswap-c55c2b0fbb0f.txt	fb1cce8c9de8
7	5906.lswap-49fc63d034f2.txt	5906.lswap-c55c2b0fbb0f.txt	8868d5db8f95
7	5906.lswap-4c179f65aa4b.txt	5906.lswap-52f45c5e8e22.txt	8ba4f5a756dd
7	5906.lswap-4c179f65aa4b.txt	5906.lswap-c55c2b0fbb0f.txt	b7f629ee6373
7	5906.lswap-52f45c5e8e22.txt	5906.lswap-4c179f65aa4b.txt	e6f4fad41ed1
7	5906.lswap-52f45c5e8e22.txt	5906.lswap-aa52880fc9e0.txt	8411b9baf058
7	5906.lswap-5a55d1641a86.txt	5906.lswap-c55c2b0fbb0f.txt	3e71ef327a14
7	5906.lswap-5a55d1641a86.txt	5906.lswap-eeb9a73f4b33.txt	8ba4f5a756dd
7	5906.lswap-6f6f375dca74.txt	5906.lswap-c55c2b0fbb0f.txt	d4fbf7fd6f23
7	5906.lswap-6f6f375dca74.txt	5906.lswap-eeb9a73f4b33.txt	5135b7adb396
7	5906.lswap-6f6f375dca74.txt	5906.up-5ce87c54ecea.txt	3de03af84253
7	5906.lswap-a28e203d65dc.txt	5906.lswap-c55c2b0fbb0f.txt	d905cae1efa8
7	5906.lswap-a28e203d65dc.txt	5906.up-d2559533f431.txt	5135b7adb396
7	5906.lswap-aa52880fc9e0.txt	5906.lswap-52f45c5e8e22.txt	5135b7adb396
7	5906.lswap-aa52880fc9e0.txt	5906.lswap-c55c2b0fbb0f.txt	f91474493bb4
7	5906.lswap-b55f23a2f470.txt	5906.lswap-c55c2b0fbb0f.txt	8f91910212c5
7	5906.lswap-be4759bc731a.txt	5906.lswap-c55c2b0fbb0f.txt	6203f1c4b2cc
7	5906.lswap-be4759bc731a.txt	5906.up-5ce87c54ecea.txt	e26634da2f8e
7	5906.lswap-c55c2b0fbb0f.txt	5906.lswap-3baeeea281f2.txt	bab3caf676bf
7	5906.lswap-c55c2b0fbb0f.txt	5906.lswap-41a210488ac9.txt	a820700838dc
7	5906.lswap-c55c2b0fbb0f.txt	5906.lswap-49fc63d034f2.txt	6ad2d9f5eaae
7	5906.lswap-c55c2b0fbb0f.txt	5906.lswap-4c179f65aa4b.txt	5df234313d5d
7	5906.lswap-c55c2b0fbb0f.txt	5906.lswap-5a55d1641a86.txt	a55d3fe6780d
7	5906.lswap-c55c2b0fbb0f.txt	5906.lswap-6f6f375dca74.txt	47a02395c8f4
7	5906.lswap-c55c2b0fbb0f.txt	5906.lswap-a28e203d65dc.txt	740597538dde
7	5906.lswap-c55c2b0fbb0f.txt	5906.lswap-aa52880fc9e0.txt	d75e0a7fbcef
7	5906.lswap-c55c2b0fbb0f.txt	5906.lswap-b55f23a2f470.txt	28744d6ad86e
7	5906.lswap-c55c2b0fbb0f.txt	5906.lswap-be4759bc731a.txt	ce3dbf6afd27
7	5906.lswap-c55c2b0fbb0f.txt	5906.lswap-cf5ecb0e9ecc.txt	f07e9e0f7e65
7	5906.lswap-c55c2b0fbb0f.txt	5906.lswap-d252e4d38aa9.txt	5591f470dd0d
7	5906.lswap-c55c2b0fbb0f.txt	5906.lswap-e0920da719d9.txt	8cf8f57432f4
7	5906.lswap-c55c2b0fbb0f.txt	5906.up-a838f31a7b4f.txt	ffee84a6f2e4
7	5906.lswap-cf5ecb0e9ecc.txt	5906.lswap-25804d565b10.txt	5135b7adb396
7	5906.lswap-cf5ecb0e9ecc.txt	5906.lswap-25804d565b10.txt	8ba4f5a756dd
7	5906.lswap-cf5ecb0e9ecc.txt	5906.lswap-c55c2b0fbb0f.txt	e91da76c7fc5
7	5906.lswap-cf5ecb0e9ecc.txt	5906.up-5ce87c54ecea.txt	0eb5ac032697
7	5906.lswap-d252e4d38aa9.txt	5906.lswap-c55c2b0fbb0f.txt	f730adbbcb07
7	5906.lswap-d252e4d38aa9.txt	5906.up-5ce87c54ecea.txt	d693593523cd
7	5906.lswap-e0920da719d9.txt	5906.lswap-c55c2b0fbb0f.txt	a49431c51085
7	5906.lswap-eeb9a73f4b33.txt	5906.lswap-5a55d1641a86.txt	e6f4fad41ed1
7	5906.lswap-eeb9a73f4b33.txt	5906.lswap-6f6f375dca74.txt	8411b9baf058
7	5906.up-5ce87c54ecea.txt	5906.lswap-6f6f375dca74.txt	8d068195f573
7	5906.up-5ce87c54ecea.txt	5906.lswap-be4759bc731a.txt	80502d87428e
7	5906.up-5ce87c54ecea.txt	5906.lswap-cf5ecb0e9ecc.txt	b67b4e614376
7	5906.up-5ce87c54ecea.txt	5906.lswap-d252e4d38aa9.txt	59ec37404138
7	5906.up-a838f31a7b4f.txt	5906.lswap-c55c2b0fbb0f.txt	61425d36b790
7	5906.up-d2559533f431.txt	5906.lswap-3baeeea281f2.txt	e6f4fad41ed1
7	5906.up-d2559533f431.txt	5906.lswap-a28e203d65dc.txt	8411b9baf058
7	5906.lswap-0de54c0a7bb6.txt	5906.lswap-25804d565b10.txt	52066a3cc9fc
7	5906.lswap-0de54c0a7bb6.txt	5906.lswap-52e683fb05d3.txt	794f3186b56e
7	5906.lswap-0de54c0a7bb6.txt	5906.lswap-52f45c5e8e22.txt	cad1abae462c
7	5906.lswap-0de54c0a7bb6.txt	5906.lswap-80e6c24a2613.txt	52066a3cc9fc
7	5906.lswap-0de54c0a7bb6.txt	5906.lswap-9759fb4af500.txt	a4d962c8c490
7	5906.lswap-0de54c0a7bb6.txt	5906.lswap-a7d2db45842b.txt	7c184c5270f6
7	5906.lswap-0de54c0a7bb6.txt	5906.lswap-af54b6f406a6.txt	942711725057
7	5906.lswap-0de54c0a7bb6.txt	5906.up-0d2e98183c29.txt	cbba85aa08fa
7	5906.lswap-0de54c0a7bb6.txt	5906.up-d2559533f431.txt	dc2afaae0ced
7	5906.lswap-17203113788c.txt	5906.lswap-5dbb54e50268.txt	e0ba5cd5244d
7	5906.lswap-17203113788c.txt	5906.lswap-80e6c24a2613.txt	947fefee2ce1
7	5906.lswap-17203113788c.txt	5906.lswap-8ed814577309.txt	e8e466f2309f
7	5906.lswap-17203113788c.txt	5906.lswap-eeb9a73f4b33.txt	0c1ecc350843
7	5906.lswap-17203113788c.txt	5906.up-8ec03171f5df.txt	39ea17aa2020
7	5906.lswap-17203113788c.txt	5906.up-d2559533f431.txt	ba64a6bdcb29
7	5906.lswap-2497c9291398.txt	5906.lswap-3baeeea281f2.txt	82d464ef22d6
7	5906.lswap-2497c9291398.txt	5906.lswap-49fc63d034f2.txt	be1ffc91f1cd
7	5906.lswap-2497c9291398.txt	5906.lswap-4c179f65aa4b.txt	b90b8c0dcceb
7	5906.lswap-2497c9291398.txt	5906.lswap-aa52880fc9e0.txt	27db135a20ba
7	5906.lswap-2497c9291398.txt	5906.lswap-b55f23a2f470.txt	99cf5c65dd47
7	5906.lswap-2497c9291398.txt	5906.lswap-d252e4d38aa9.txt	ead8943daa46
7	5906.lswap-2497c9291398.txt	5906.lswap-e0920da719d9.txt	c2def9f0e515
7	5906.lswap-25804d565b10.txt	5906.lswap-0de54c0a7bb6.txt	37cc3a8e114c
7	5906.lswap-25804d565b10.txt	5906.lswap-41a210488ac9.txt	1ff5160db856
7	5906.lswap-25804d565b10.txt	5906.lswap-469763027c57.txt	c5b536bfe588
7	5906.lswap-25804d565b10.txt	5906.lswap-5764c730eaee.txt	a3a1b2ef43a0
7	5906.lswap-25804d565b10.txt	5906.lswap-6bd82af50a4e.txt	8504a603e291
7	5906.lswap-25804d565b10.txt	5906.lswap-6d7ea156bdcc.txt	ca8cdf9cdda3
7	5906.lswap-25804d565b10.txt	5906.lswap-964ebce5847f.txt	3c7f124adbf2
7	5906.lswap-25804d565b10.txt	5906.lswap-aa52880fc9e0.txt	7dae29ff7561
7	5906.lswap-25804d565b10.txt	5906.lswap-be4759bc731a.txt	ecf03ddecbed
7	5906.lswap-25804d565b10.txt	5906.lswap-f6dbf9989449.txt	8480c2d421f7
7	5906.lswap-25804d565b10.txt	5906.up-14e2c7b29aae.txt	a33cb05ccb10
7	5906.lswap-25804d565b10.txt	5906.up-a838f31a7b4f.txt	171ac63bfbd7
7	5906.lswap-25804d565b10.txt	5906.up-e948752d6a32.txt	1d66c35e4a35
7	5906.lswap-25804d565b10.txt	5906.up-eebb02e3baec.txt	bd96d6dbdd65
7	5906.lswap-29ee6f7c1197.txt	5906.lswap-41a210488ac9.txt	c672adfe27ca
7	5906.lswap-3b4f2e286e0c.txt	5906.lswap-52e683fb05d3.txt	65b414a14871
7	5906.lswap-3b4f2e286e0c.txt	5906.lswap-9759fb4af500.txt	947fefee2ce1
7	5906.lswap-3b4f2e286e0c.txt	5906.lswap-a7d2db45842b.txt	e8e466f2309f
7	5906.lswap-3b4f2e286e0c.txt	5906.lswap-e145b859ca30.txt	c62a03f346cf
7	5906.lswap-3b4f2e286e0c.txt	5906.up-0d2e98183c29.txt	f1f39aaf528e
7	5906.lswap-3b4f2e286e0c.txt	5906.up-8ec03171f5df.txt	9105aba16b54
7	5906.lswap-3baeeea281f2.txt	5906.lswap-2497c9291398.txt	e8e466f2309f
7	5906.lswap-3baeeea281f2.txt	5906.lswap-9759fb4af500.txt	947fefee2ce1
7	5906.lswap-3baeeea281f2.txt	5906.lswap-afd973e1a915.txt	39ea17aa2020
7	5906.lswap-3baeeea281f2.txt	5906.lswap-e2d18fca77cb.txt	81d3a556dfde
7	5906.lswap-3baeeea281f2.txt	5906.lswap-eeb9a73f4b33.txt	ba64a6bdcb29
7	5906.lswap-41a210488ac9.txt	5906.lswap-25804d565b10.txt	dc2afaae0ced
7	5906.lswap-41a210488ac9.txt	5906.lswap-29ee6f7c1197.txt	942711725057
7	5906.lswap-41a210488ac9.txt	5906.lswap-80e6c24a2613.txt	dc2afaae0ced
7	5906.lswap-41a210488ac9.txt	5906.lswap-afd973e1a915.txt	cad1abae462c
7	5906.lswap-41a210488ac9.txt	5906.lswap-eeb9a73f4b33.txt	96bae6feab65
7	5906.lswap-41a210488ac9.txt	5906.up-77512ee88848.txt	52066a3cc9fc
7	5906.lswap-469763027c57.txt	5906.lswap-25804d565b10.txt	d0e1658792cb
7	5906.lswap-469763027c57.txt	5906.lswap-52f45c5e8e22.txt	39ea17aa2020
7	5906.lswap-469763027c57.txt	5906.lswap-5dbb54e50268.txt	e8e466f2309f
7	5906.lswap-469763027c57.txt	5906.lswap-df71274e07be.txt	5f89beb942b2
7	5906.lswap-469763027c57.txt	5906.lswap-eeb9a73f4b33.txt	947fefee2ce1
7	5906.lswap-49fac07a5323.txt	5906.lswap-4c179f65aa4b.txt	19e1c21182bd
7	5906.lswap-49fc63d034f2.txt	5906.lswap-2497c9291398.txt	21a14dac12e8
7	5906.lswap-49fc63d034f2.txt	5906.lswap-52f45c5e8e22.txt	96bae6feab65
7	5906.lswap-49fc63d034f2.txt	5906.lswap-5808edca979d.txt	794f3186b56e
7	5906.lswap-49fc63d034f2.txt	5906.lswap-9759fb4af500.txt	65b9d86f9b57
7	5906.lswap-49fc63d034f2.txt	5906.up-77512ee88848.txt	cbba85aa08fa
7	5906.lswap-49fc63d034f2.txt	5906.up-8ec03171f5df.txt	dc2afaae0ced
7	5906.lswap-4c179f65aa4b.txt	5906.lswap-2497c9291398.txt	65b414a14871
7	5906.lswap-4c179f65aa4b.txt	5906.lswap-49fac07a5323.txt	81d3a556dfde
7	5906.lswap-4c179f65aa4b.txt	5906.lswap-5808edca979d.txt	e8e466f2309f
7	5906.lswap-4c179f65aa4b.txt	5906.lswap-80e6c24a2613.txt	ba64a6bdcb29
7	5906.lswap-4c179f65aa4b.txt	5906.lswap-9759fb4af500.txt	f1f39aaf528e
7	5906.lswap-4c179f65aa4b.txt	5906.up-77512ee88848.txt	947fefee2ce1
7	5906.lswap-5228890279ca.txt	5906.lswap-52e683fb05d3.txt	e0ba5cd5244d
7	5906.lswap-5228890279ca.txt	5906.lswap-afd973e1a915.txt	39ea17aa2020
7	5906.lswap-5228890279ca.txt	5906.lswap-eeb9a73f4b33.txt	ba64a6bdcb29
7	5906.lswap-5228890279ca.txt	5906.up-0d2e98183c29.txt	0c1ecc350843
7	5906.lswap-5228890279ca.txt	5906.up-8ec03171f5df.txt	a9c76f6fbb61
7	5906.lswap-52e683fb05d3.txt	5906.lswap-0de54c0a7bb6.txt	c2def9f0e515
7	5906.lswap-52e683fb05d3.txt	5906.lswap-3b4f2e286e0c.txt	b90b8c0dcceb
7	5906.lswap-52e683fb05d3.txt	5906.lswap-5228890279ca.txt	27db135a20ba
7	5906.lswap-52e683fb05d3.txt	5906.lswap-5a7a973564fd.txt	ead8943daa46
7	5906.lswap-52e683fb05d3.txt	5906.lswap-7602ba885180.txt	82d464ef22d6
7	5906.lswap-52e683fb05d3.txt	5906.lswap-964ebce5847f.txt	99cf5c65dd47
7	5906.lswap-52e683fb05d3.txt	5906.lswap-b12d38608f09.txt	be1ffc91f1cd
7	5906.lswap-52f45c5e8e22.txt	5906.lswap-0de54c0a7bb6.txt	7f1b18477bd6
7	5906.lswap-52f45c5e8e22.txt	5906.lswap-469763027c57.txt	8480c2d421f7
7	5906.lswap-52f45c5e8e22.txt	5906.lswap-49fc63d034f2.txt	171ac63bfbd7
7	5906.lswap-52f45c5e8e22.txt	5906.lswap-5a7a973564fd.txt	ecf03ddecbed
7	5906.lswap-52f45c5e8e22.txt	5906.lswap-7602ba885180.txt	64494227b63c
7	5906.lswap-52f45c5e8e22.txt	5906.lswap-964ebce5847f.txt	8126cee8c426
7	5906.lswap-52f45c5e8e22.txt	5906.lswap-b12d38608f09.txt	1ff5160db856
7	5906.lswap-52f45c5e8e22.txt	5906.lswap-b55f23a2f470.txt	ecf03ddecbed
7	5906.lswap-52f45c5e8e22.txt	5906.lswap-d252e4d38aa9.txt	a33cb05ccb10
7	5906.lswap-52f45c5e8e22.txt	5906.lswap-e0920da719d9.txt	1ff5160db856
7	5906.lswap-52f45c5e8e22.txt	5906.lswap-e59a6239aa79.txt	7dae29ff7561
7	5906.lswap-52f45c5e8e22.txt	5906.lswap-f6dbf9989449.txt	b45834e9d420
7	5906.lswap-52f45c5e8e22.txt	5906.up-e948752d6a32.txt	3c7f124adbf2
7	5906.lswap-52f45c5e8e22.txt	5906.up-eebb02e3baec.txt	37cc3a8e114c
7	5906.lswap-5764c730eaee.txt	5906.lswap-25804d565b10.txt	947fefee2ce1
7	5906.lswap-5764c730eaee.txt	5906.lswap-5dbb54e50268.txt	65b414a14871
7	5906.lswap-5764c730eaee.txt	5906.lswap-9a5cc6a6e3c8.txt	5f89beb942b2
7	5906.lswap-5764c730eaee.txt	5906.lswap-afd973e1a915.txt	d0e1658792cb
7	5906.lswap-5764c730eaee.txt	5906.lswap-df71274e07be.txt	e8e466f2309f
7	5906.lswap-5764c730eaee.txt	5906.lswap-eeb9a73f4b33.txt	f1f39aaf528e
7	5906.lswap-5808edca979d.txt	5906.lswap-49fc63d034f2.txt	c2def9f0e515
7	5906.lswap-5808edca979d.txt	5906.lswap-4c179f65aa4b.txt	82d464ef22d6
7	5906.lswap-5808edca979d.txt	5906.lswap-a28e203d65dc.txt	3d18e34840c5
7	5906.lswap-5808edca979d.txt	5906.lswap-b55f23a2f470.txt	2b5c256071ab
7	5906.lswap-5808edca979d.txt	5906.lswap-d252e4d38aa9.txt	99cf5c65dd47
7	5906.lswap-5808edca979d.txt	5906.lswap-e0920da719d9.txt	30361e285fae
7	5906.lswap-5a55d1641a86.txt	5906.lswap-9f3672f6c430.txt	81d3a556dfde
7	5906.lswap-5a55d1641a86.txt	5906.lswap-afd973e1a915.txt	a9c76f6fbb61
7	5906.lswap-5a55d1641a86.txt	5906.up-0d2e98183c29.txt	ba64a6bdcb29
7	5906.lswap-5a55d1641a86.txt	5906.up-77512ee88848.txt	39ea17aa2020
7	5906.lswap-5a7a973564fd.txt	5906.lswap-52e683fb05d3.txt	dbdbbc7a0086
7	5906.lswap-5a7a973564fd.txt	5906.lswap-52f45c5e8e22.txt	b4bd6f395a25
7	5906.lswap-5a7a973564fd.txt	5906.lswap-9759fb4af500.txt	f2cd8c1f4d2e
7	5906.lswap-5a7a973564fd.txt	5906.lswap-a7d2db45842b.txt	a780c2d233f8
7	5906.lswap-5a7a973564fd.txt	5906.lswap-afd973e1a915.txt	fa9996b118a5
7	5906.lswap-5a7a973564fd.txt	5906.up-0d2e98183c29.txt	ff37ff3f6ef2
7	5906.lswap-5a7a973564fd.txt	5906.up-8ec03171f5df.txt	80d27d30ff66
7	5906.lswap-5dbb54e50268.txt	5906.lswap-17203113788c.txt	27db135a20ba
7	5906.lswap-5dbb54e50268.txt	5906.lswap-469763027c57.txt	82d464ef22d6
7	5906.lswap-5dbb54e50268.txt	5906.lswap-5764c730eaee.txt	b90b8c0dcceb
7	5906.lswap-5dbb54e50268.txt	5906.lswap-6bd82af50a4e.txt	ead8943daa46
7	5906.lswap-5dbb54e50268.txt	5906.lswap-6d7ea156bdcc.txt	be1ffc91f1cd
7	5906.lswap-5dbb54e50268.txt	5906.up-e948752d6a32.txt	99cf5c65dd47
7	5906.lswap-5dbb54e50268.txt	5906.up-eebb02e3baec.txt	c2def9f0e515
7	5906.lswap-6bd82af50a4e.txt	5906.lswap-25804d565b10.txt	f2cd8c1f4d2e
7	5906.lswap-6bd82af50a4e.txt	5906.lswap-5dbb54e50268.txt	dbdbbc7a0086
7	5906.lswap-6bd82af50a4e.txt	5906.lswap-80e6c24a2613.txt	f2cd8c1f4d2e
7	5906.lswap-6bd82af50a4e.txt	5906.lswap-8ed814577309.txt	a780c2d233f8
7	5906.lswap-6bd82af50a4e.txt	5906.lswap-9a5cc6a6e3c8.txt	7a76f11797d8
7	5906.lswap-6bd82af50a4e.txt	5906.lswap-afd973e1a915.txt	77f471f848b0
7	5906.lswap-6bd82af50a4e.txt	5906.lswap-df71274e07be.txt	a780c2d233f8
7	5906.lswap-6bd82af50a4e.txt	5906.lswap-eeb9a73f4b33.txt	ff37ff3f6ef2
7	5906.lswap-6bd82af50a4e.txt	5906.up-8ec03171f5df.txt	fa9996b118a5
7	5906.lswap-6d0ad177e5ee.txt	5906.up-2cb6c1139592.txt	c672adfe27ca
7	5906.lswap-6d7ea156bdcc.txt	5906.lswap-25804d565b10.txt	cbba85aa08fa
7	5906.lswap-6d7ea156bdcc.txt	5906.lswap-5dbb54e50268.txt	21a14dac12e8
7	5906.lswap-6d7ea156bdcc.txt	5906.lswap-80e6c24a2613.txt	cbba85aa08fa
7	5906.lswap-6d7ea156bdcc.txt	5906.lswap-8ed814577309.txt	794f3186b56e
7	5906.lswap-6d7ea156bdcc.txt	5906.lswap-9a5cc6a6e3c8.txt	7c184c5270f6
7	5906.lswap-6d7ea156bdcc.txt	5906.lswap-afd973e1a915.txt	a4d962c8c490
7	5906.lswap-6d7ea156bdcc.txt	5906.lswap-df71274e07be.txt	794f3186b56e
7	5906.lswap-6d7ea156bdcc.txt	5906.lswap-eeb9a73f4b33.txt	65b9d86f9b57
7	5906.lswap-6d7ea156bdcc.txt	5906.up-8ec03171f5df.txt	52066a3cc9fc
7	5906.lswap-6f6f375dca74.txt	5906.lswap-29ee6f7c1197.txt	c62a03f346cf
7	5906.lswap-6f6f375dca74.txt	5906.lswap-afd973e1a915.txt	9105aba16b54
7	5906.lswap-7602ba885180.txt	5906.lswap-52e683fb05d3.txt	e8e466f2309f
7	5906.lswap-7602ba885180.txt	5906.lswap-52f45c5e8e22.txt	9105aba16b54
7	5906.lswap-7602ba885180.txt	5906.lswap-80e6c24a2613.txt	39ea17aa2020
7	5906.lswap-7602ba885180.txt	5906.lswap-af54b6f406a6.txt	c62a03f346cf
7	5906.lswap-7602ba885180.txt	5906.up-0d2e98183c29.txt	947fefee2ce1
7	5906.lswap-80e6c24a2613.txt	5906.lswap-0de54c0a7bb6.txt	37cc3a8e114c
7	5906.lswap-80e6c24a2613.txt	5906.lswap-17203113788c.txt	a3a1b2ef43a0
7	5906.lswap-80e6c24a2613.txt	5906.lswap-41a210488ac9.txt	1ff5160db856
7	5906.lswap-80e6c24a2613.txt	5906.lswap-4c179f65aa4b.txt	7dae29ff7561
7	5906.lswap-80e6c24a2613.txt	5906.lswap-6bd82af50a4e.txt	8504a603e291
7	5906.lswap-80e6c24a2613.txt	5906.lswap-6d7ea156bdcc.txt	ca8cdf9cdda3
7	5906.lswap-80e6c24a2613.txt	5906.lswap-7602ba885180.txt	8480c2d421f7
7	5906.lswap-80e6c24a2613.txt	5906.lswap-964ebce5847f.txt	3c7f124adbf2
7	5906.lswap-80e6c24a2613.txt	5906.lswap-be4759bc731a.txt	ecf03ddecbed
7	5906.lswap-80e6c24a2613.txt	5906.lswap-cae9c3b46793.txt	64494227b63c
7	5906.lswap-80e6c24a2613.txt	5906.lswap-cae9c3b46793.txt	b45834e9d420
7	5906.lswap-80e6c24a2613.txt	5906.lswap-e59a6239aa79.txt	487b3aecfeb2
7	5906.lswap-80e6c24a2613.txt	5906.lswap-e59a6239aa79.txt	cd477e782247
7	5906.lswap-80e6c24a2613.txt	5906.up-168d62e1a9d1.txt	8126cee8c426
7	5906.lswap-80e6c24a2613.txt	5906.up-2cb6c1139592.txt	7f1b18477bd6
7	5906.lswap-80e6c24a2613.txt	5906.up-91a0d3cd2c14.txt	b426a4d5583d
7	5906.lswap-80e6c24a2613.txt	5906.up-e94d2b57a7d4.txt	1293f7787f8a
7	5906.lswap-8ed814577309.txt	5906.lswap-17203113788c.txt	82d464ef22d6
7	5906.lswap-8ed814577309.txt	5906.lswap-6bd82af50a4e.txt	99cf5c65dd47
7	5906.lswap-8ed814577309.txt	5906.lswap-6d7ea156bdcc.txt	c2def9f0e515
7	5906.lswap-8ed814577309.txt	5906.lswap-e59a6239aa79.txt	27db135a20ba
7	5906.lswap-8ed814577309.txt	5906.lswap-e59a6239aa79.txt	b90b8c0dcceb
7	5906.lswap-8ed814577309.txt	5906.up-91a0d3cd2c14.txt	be1ffc91f1cd
7	5906.lswap-8ed814577309.txt	5906.up-e94d2b57a7d4.txt	ead8943daa46
7	5906.lswap-964ebce5847f.txt	5906.lswap-25804d565b10.txt	fa9996b118a5
7	5906.lswap-964ebce5847f.txt	5906.lswap-52e683fb05d3.txt	a780c2d233f8
7	5906.lswap-964ebce5847f.txt	5906.lswap-52f45c5e8e22.txt	80d27d30ff66
7	5906.lswap-964ebce5847f.txt	5906.lswap-80e6c24a2613.txt	fa9996b118a5
7	5906.lswap-964ebce5847f.txt	5906.lswap-9759fb4af500.txt	77f471f848b0
7	5906.lswap-964ebce5847f.txt	5906.lswap-a7d2db45842b.txt	7a76f11797d8
7	5906.lswap-964ebce5847f.txt	5906.up-0d2e98183c29.txt	f2cd8c1f4d2e
7	5906.lswap-964ebce5847f.txt	5906.up-d2559533f431.txt	b4bd6f395a25
7	5906.lswap-9759fb4af500.txt	5906.lswap-0de54c0a7bb6.txt	bd96d6dbdd65
7	5906.lswap-9759fb4af500.txt	5906.lswap-3b4f2e286e0c.txt	a3a1b2ef43a0
7	5906.lswap-9759fb4af500.txt	5906.lswap-3baeeea281f2.txt	a3a1b2ef43a0
7	5906.lswap-9759fb4af500.txt	5906.lswap-49fc63d034f2.txt	b426a4d5583d
7	5906.lswap-9759fb4af500.txt	5906.lswap-4c179f65aa4b.txt	487b3aecfeb2
7	5906.lswap-9759fb4af500.txt	5906.lswap-5a7a973564fd.txt	8504a603e291
7	5906.lswap-9759fb4af500.txt	5906.lswap-964ebce5847f.txt	1d66c35e4a35
7	5906.lswap-9759fb4af500.txt	5906.lswap-aa52880fc9e0.txt	cd477e782247
7	5906.lswap-9759fb4af500.txt	5906.lswap-b12d38608f09.txt	ca8cdf9cdda3
7	5906.lswap-9759fb4af500.txt	5906.lswap-b55f23a2f470.txt	8504a603e291
7	5906.lswap-9759fb4af500.txt	5906.lswap-cae9c3b46793.txt	8480c2d421f7
7	5906.lswap-9759fb4af500.txt	5906.lswap-cf5ecb0e9ecc.txt	7dae29ff7561
7	5906.lswap-9759fb4af500.txt	5906.lswap-d252e4d38aa9.txt	1293f7787f8a
7	5906.lswap-9759fb4af500.txt	5906.lswap-e0920da719d9.txt	ca8cdf9cdda3
7	5906.lswap-9759fb4af500.txt	5906.lswap-f6dbf9989449.txt	c5b536bfe588
7	5906.lswap-9759fb4af500.txt	5906.up-168d62e1a9d1.txt	3c7f124adbf2
7	5906.lswap-9759fb4af500.txt	5906.up-2cb6c1139592.txt	37cc3a8e114c
7	5906.lswap-9a5cc6a6e3c8.txt	5906.lswap-5764c730eaee.txt	3d18e34840c5
7	5906.lswap-9a5cc6a6e3c8.txt	5906.lswap-6bd82af50a4e.txt	2b5c256071ab
7	5906.lswap-9a5cc6a6e3c8.txt	5906.lswap-6d7ea156bdcc.txt	30361e285fae
7	5906.lswap-9a5cc6a6e3c8.txt	5906.lswap-e59a6239aa79.txt	82d464ef22d6
7	5906.lswap-9a5cc6a6e3c8.txt	5906.up-91a0d3cd2c14.txt	c2def9f0e515
7	5906.lswap-9a5cc6a6e3c8.txt	5906.up-e94d2b57a7d4.txt	99cf5c65dd47
7	5906.lswap-9f3672f6c430.txt	5906.lswap-5a55d1641a86.txt	19e1c21182bd
7	5906.lswap-a28e203d65dc.txt	5906.lswap-5808edca979d.txt	5f89beb942b2
7	5906.lswap-a28e203d65dc.txt	5906.up-77512ee88848.txt	d0e1658792cb
7	5906.lswap-a7d2db45842b.txt	5906.lswap-0de54c0a7bb6.txt	30361e285fae
7	5906.lswap-a7d2db45842b.txt	5906.lswap-3b4f2e286e0c.txt	82d464ef22d6
7	5906.lswap-a7d2db45842b.txt	5906.lswap-5a7a973564fd.txt	99cf5c65dd47
7	5906.lswap-a7d2db45842b.txt	5906.lswap-964ebce5847f.txt	2b5c256071ab
7	5906.lswap-a7d2db45842b.txt	5906.lswap-b12d38608f09.txt	c2def9f0e515
7	5906.lswap-a7d2db45842b.txt	5906.lswap-f6dbf9989449.txt	3d18e34840c5
7	5906.lswap-aa52880fc9e0.txt	5906.lswap-2497c9291398.txt	e0ba5cd5244d
7	5906.lswap-aa52880fc9e0.txt	5906.lswap-25804d565b10.txt	ba64a6bdcb29
7	5906.lswap-aa52880fc9e0.txt	5906.lswap-9759fb4af500.txt	0c1ecc350843
7	5906.lswap-af54b6f406a6.txt	5906.lswap-0de54c0a7bb6.txt	c672adfe27ca
7	5906.lswap-afd973e1a915.txt	5906.lswap-3baeeea281f2.txt	8480c2d421f7
7	5906.lswap-afd973e1a915.txt	5906.lswap-41a210488ac9.txt	7f1b18477bd6
7	5906.lswap-afd973e1a915.txt	5906.lswap-5228890279ca.txt	8480c2d421f7
7	5906.lswap-afd973e1a915.txt	5906.lswap-5764c730eaee.txt	c5b536bfe588
7	5906.lswap-afd973e1a915.txt	5906.lswap-5a55d1641a86.txt	b45834e9d420
7	5906.lswap-afd973e1a915.txt	5906.lswap-5a7a973564fd.txt	3c7f124adbf2
7	5906.lswap-afd973e1a915.txt	5906.lswap-6bd82af50a4e.txt	1d66c35e4a35
7	5906.lswap-afd973e1a915.txt	5906.lswap-6d7ea156bdcc.txt	bd96d6dbdd65
7	5906.lswap-afd973e1a915.txt	5906.lswap-6f6f375dca74.txt	64494227b63c
7	5906.lswap-afd973e1a915.txt	5906.lswap-b12d38608f09.txt	37cc3a8e114c
7	5906.lswap-afd973e1a915.txt	5906.lswap-b55f23a2f470.txt	3c7f124adbf2
7	5906.lswap-afd973e1a915.txt	5906.lswap-be4759bc731a.txt	8126cee8c426
7	5906.lswap-afd973e1a915.txt	5906.lswap-e0920da719d9.txt	37cc3a8e114c
7	5906.lswap-afd973e1a915.txt	5906.lswap-e59a6239aa79.txt	a3a1b2ef43a0
7	5906.lswap-afd973e1a915.txt	5906.up-14e2c7b29aae.txt	ecf03ddecbed
7	5906.lswap-afd973e1a915.txt	5906.up-91a0d3cd2c14.txt	ca8cdf9cdda3
7	5906.lswap-afd973e1a915.txt	5906.up-a838f31a7b4f.txt	1ff5160db856
7	5906.lswap-afd973e1a915.txt	5906.up-e94d2b57a7d4.txt	8504a603e291
7	5906.lswap-b12d38608f09.txt	5906.lswap-52e683fb05d3.txt	21a14dac12e8
7	5906.lswap-b12d38608f09.txt	5906.lswap-52f45c5e8e22.txt	dc2afaae0ced
7	5906.lswap-b12d38608f09.txt	5906.lswap-9759fb4af500.txt	cbba85aa08fa
7	5906.lswap-b12d38608f09.txt	5906.lswap-a7d2db45842b.txt	794f3186b56e
7	5906.lswap-b12d38608f09.txt	5906.lswap-afd973e1a915.txt	52066a3cc9fc
7	5906.lswap-b12d38608f09.txt	5906.lswap-e145b859ca30.txt	942711725057
7	5906.lswap-b12d38608f09.txt	5906.up-0d2e98183c29.txt	65b9d86f9b57
7	5906.lswap-b12d38608f09.txt	5906.up-8ec03171f5df.txt	cad1abae462c
7	5906.lswap-b55f23a2f470.txt	5906.lswap-2497c9291398.txt	a780c2d233f8
7	5906.lswap-b55f23a2f470.txt	5906.lswap-52f45c5e8e22.txt	b4bd6f395a25
7	5906.lswap-b55f23a2f470.txt	5906.lswap-5808edca979d.txt	7a76f11797d8
7	5906.lswap-b55f23a2f470.txt	5906.lswap-9759fb4af500.txt	f2cd8c1f4d2e
7	5906.lswap-b55f23a2f470.txt	5906.lswap-afd973e1a915.txt	fa9996b118a5
7	5906.lswap-b55f23a2f470.txt	5906.up-77512ee88848.txt	77f471f848b0
7	5906.lswap-b55f23a2f470.txt	5906.up-d2559533f431.txt	14641f09bcf0
7	5906.lswap-be4759bc731a.txt	5906.lswap-25804d565b10.txt	b4bd6f395a25
7	5906.lswap-be4759bc731a.txt	5906.lswap-80e6c24a2613.txt	b4bd6f395a25
7	5906.lswap-be4759bc731a.txt	5906.lswap-afd973e1a915.txt	80d27d30ff66
7	5906.lswap-be4759bc731a.txt	5906.lswap-eeb9a73f4b33.txt	14641f09bcf0
7	5906.lswap-be4759bc731a.txt	5906.up-77512ee88848.txt	fa9996b118a5
7	5906.lswap-cae9c3b46793.txt	5906.lswap-6d0ad177e5ee.txt	c62a03f346cf
7	5906.lswap-cae9c3b46793.txt	5906.lswap-80e6c24a2613.txt	9105aba16b54
7	5906.lswap-cae9c3b46793.txt	5906.lswap-80e6c24a2613.txt	a9c76f6fbb61
7	5906.lswap-cae9c3b46793.txt	5906.lswap-9759fb4af500.txt	39ea17aa2020
7	5906.lswap-cf5ecb0e9ecc.txt	5906.lswap-9759fb4af500.txt	ba64a6bdcb29
7	5906.lswap-cf5ecb0e9ecc.txt	5906.lswap-e73e096376f0.txt	81d3a556dfde
7	5906.lswap-d252e4d38aa9.txt	5906.lswap-2497c9291398.txt	dbdbbc7a0086
7	5906.lswap-d252e4d38aa9.txt	5906.lswap-52f45c5e8e22.txt	14641f09bcf0
7	5906.lswap-d252e4d38aa9.txt	5906.lswap-5808edca979d.txt	a780c2d233f8
7	5906.lswap-d252e4d38aa9.txt	5906.lswap-9759fb4af500.txt	ff37ff3f6ef2
7	5906.lswap-d252e4d38aa9.txt	5906.up-77512ee88848.txt	f2cd8c1f4d2e
7	5906.lswap-d252e4d38aa9.txt	5906.up-8ec03171f5df.txt	b4bd6f395a25
7	5906.lswap-df71274e07be.txt	5906.lswap-469763027c57.txt	3d18e34840c5
7	5906.lswap-df71274e07be.txt	5906.lswap-5764c730eaee.txt	82d464ef22d6
7	5906.lswap-df71274e07be.txt	5906.lswap-6bd82af50a4e.txt	99cf5c65dd47
7	5906.lswap-df71274e07be.txt	5906.lswap-6d7ea156bdcc.txt	c2def9f0e515
7	5906.lswap-df71274e07be.txt	5906.up-e948752d6a32.txt	2b5c256071ab
7	5906.lswap-df71274e07be.txt	5906.up-eebb02e3baec.txt	30361e285fae
7	5906.lswap-e0920da719d9.txt	5906.lswap-2497c9291398.txt	794f3186b56e
7	5906.lswap-e0920da719d9.txt	5906.lswap-52f45c5e8e22.txt	dc2afaae0ced
7	5906.lswap-e0920da719d9.txt	5906.lswap-5808edca979d.txt	7c184c5270f6
7	5906.lswap-e0920da719d9.txt	5906.lswap-9759fb4af500.txt	cbba85aa08fa
7	5906.lswap-e0920da719d9.txt	5906.lswap-afd973e1a915.txt	52066a3cc9fc
7	5906.lswap-e0920da719d9.txt	5906.up-77512ee88848.txt	a4d962c8c490
7	5906.lswap-e0920da719d9.txt	5906.up-d2559533f431.txt	96bae6feab65
7	5906.lswap-e145b859ca30.txt	5906.lswap-b12d38608f09.txt	c672adfe27ca
7	5906.lswap-e2d18fca77cb.txt	5906.lswap-3baeeea281f2.txt	19e1c21182bd
7	5906.lswap-e59a6239aa79.txt	5906.lswap-52f45c5e8e22.txt	ba64a6bdcb29
7	5906.lswap-e59a6239aa79.txt	5906.lswap-80e6c24a2613.txt	0c1ecc350843
7	5906.lswap-e59a6239aa79.txt	5906.lswap-80e6c24a2613.txt	f1f39aaf528e
7	5906.lswap-e59a6239aa79.txt	5906.lswap-8ed814577309.txt	65b414a14871
7	5906.lswap-e59a6239aa79.txt	5906.lswap-8ed814577309.txt	e0ba5cd5244d
7	5906.lswap-e59a6239aa79.txt	5906.lswap-9a5cc6a6e3c8.txt	e8e466f2309f
7	5906.lswap-e59a6239aa79.txt	5906.lswap-afd973e1a915.txt	947fefee2ce1
7	5906.lswap-e73e096376f0.txt	5906.lswap-cf5ecb0e9ecc.txt	19e1c21182bd
7	5906.lswap-eeb9a73f4b33.txt	5906.lswap-17203113788c.txt	cd477e782247
7	5906.lswap-eeb9a73f4b33.txt	5906.lswap-3baeeea281f2.txt	7dae29ff7561
7	5906.lswap-eeb9a73f4b33.txt	5906.lswap-41a210488ac9.txt	171ac63bfbd7
7	5906.lswap-eeb9a73f4b33.txt	5906.lswap-469763027c57.txt	a3a1b2ef43a0
7	5906.lswap-eeb9a73f4b33.txt	5906.lswap-5228890279ca.txt	7dae29ff7561
7	5906.lswap-eeb9a73f4b33.txt	5906.lswap-5764c730eaee.txt	487b3aecfeb2
7	5906.lswap-eeb9a73f4b33.txt	5906.lswap-6bd82af50a4e.txt	1293f7787f8a
7	5906.lswap-eeb9a73f4b33.txt	5906.lswap-6d7ea156bdcc.txt	b426a4d5583d
7	5906.lswap-eeb9a73f4b33.txt	5906.lswap-be4759bc731a.txt	a33cb05ccb10
7	5906.lswap-eeb9a73f4b33.txt	5906.up-168d62e1a9d1.txt	ecf03ddecbed
7	5906.lswap-eeb9a73f4b33.txt	5906.up-2cb6c1139592.txt	1ff5160db856
7	5906.lswap-eeb9a73f4b33.txt	5906.up-e948752d6a32.txt	8504a603e291
7	5906.lswap-eeb9a73f4b33.txt	5906.up-eebb02e3baec.txt	ca8cdf9cdda3
7	5906.lswap-f6dbf9989449.txt	5906.lswap-25804d565b10.txt	39ea17aa2020
7	5906.lswap-f6dbf9989449.txt	5906.lswap-52f45c5e8e22.txt	a9c76f6fbb61
7	5906.lswap-f6dbf9989449.txt	5906.lswap-9759fb4af500.txt	d0e1658792cb
7	5906.lswap-f6dbf9989449.txt	5906.lswap-a7d2db45842b.txt	5f89beb942b2
7	5906.up-0d2e98183c29.txt	5906.lswap-0de54c0a7bb6.txt	ca8cdf9cdda3
7	5906.up-0d2e98183c29.txt	5906.lswap-3b4f2e286e0c.txt	487b3aecfeb2
7	5906.up-0d2e98183c29.txt	5906.lswap-5228890279ca.txt	cd477e782247
7	5906.up-0d2e98183c29.txt	5906.lswap-5a55d1641a86.txt	7dae29ff7561
7	5906.up-0d2e98183c29.txt	5906.lswap-5a7a973564fd.txt	1293f7787f8a
7	5906.up-0d2e98183c29.txt	5906.lswap-7602ba885180.txt	a3a1b2ef43a0
7	5906.up-0d2e98183c29.txt	5906.lswap-964ebce5847f.txt	8504a603e291
7	5906.up-0d2e98183c29.txt	5906.lswap-b12d38608f09.txt	b426a4d5583d
7	5906.up-14e2c7b29aae.txt	5906.lswap-25804d565b10.txt	14641f09bcf0
7	5906.up-14e2c7b29aae.txt	5906.lswap-afd973e1a915.txt	b4bd6f395a25
7	5906.up-168d62e1a9d1.txt	5906.lswap-80e6c24a2613.txt	80d27d30ff66
7	5906.up-168d62e1a9d1.txt	5906.lswap-9759fb4af500.txt	fa9996b118a5
7	5906.up-168d62e1a9d1.txt	5906.lswap-eeb9a73f4b33.txt	b4bd6f395a25
7	5906.up-2cb6c1139592.txt	5906.lswap-6d0ad177e5ee.txt	942711725057
7	5906.up-2cb6c1139592.txt	5906.lswap-80e6c24a2613.txt	cad1abae462c
7	5906.up-2cb6c1139592.txt	5906.lswap-9759fb4af500.txt	52066a3cc9fc
7	5906.up-2cb6c1139592.txt	5906.lswap-eeb9a73f4b33.txt	dc2afaae0ced
7	5906.up-77512ee88848.txt	5906.lswap-41a210488ac9.txt	37cc3a8e114c
7	5906.up-77512ee88848.txt	5906.lswap-49fc63d034f2.txt	ca8cdf9cdda3
7	5906.up-77512ee88848.txt	5906.lswap-4c179f65aa4b.txt	a3a1b2ef43a0
7	5906.up-77512ee88848.txt	5906.lswap-5a55d1641a86.txt	8480c2d421f7
7	5906.up-77512ee88848.txt	5906.lswap-a28e203d65dc.txt	c5b536bfe588
7	5906.up-77512ee88848.txt	5906.lswap-b55f23a2f470.txt	1d66c35e4a35
7	5906.up-77512ee88848.txt	5906.lswap-be4759bc731a.txt	3c7f124adbf2
7	5906.up-77512ee88848.txt	5906.lswap-d252e4d38aa9.txt	8504a603e291
7	5906.up-77512ee88848.txt	5906.lswap-e0920da719d9.txt	bd96d6dbdd65
7	5906.up-8ec03171f5df.txt	5906.lswap-17203113788c.txt	8480c2d421f7
7	5906.up-8ec03171f5df.txt	5906.lswap-3b4f2e286e0c.txt	64494227b63c
7	5906.up-8ec03171f5df.txt	5906.lswap-49fc63d034f2.txt	1ff5160db856
7	5906.up-8ec03171f5df.txt	5906.lswap-5228890279ca.txt	b45834e9d420
7	5906.up-8ec03171f5df.txt	5906.lswap-5a7a973564fd.txt	8126cee8c426
7	5906.up-8ec03171f5df.txt	5906.lswap-6bd82af50a4e.txt	3c7f124adbf2
7	5906.up-8ec03171f5df.txt	5906.lswap-6d7ea156bdcc.txt	37cc3a8e114c
7	5906.up-8ec03171f5df.txt	5906.lswap-b12d38608f09.txt	7f1b18477bd6
7	5906.up-8ec03171f5df.txt	5906.lswap-d252e4d38aa9.txt	ecf03ddecbed
7	5906.up-91a0d3cd2c14.txt	5906.lswap-80e6c24a2613.txt	65b9d86f9b57
7	5906.up-91a0d3cd2c14.txt	5906.lswap-8ed814577309.txt	21a14dac12e8
7	5906.up-91a0d3cd2c14.txt	5906.lswap-9a5cc6a6e3c8.txt	794f3186b56e
7	5906.up-91a0d3cd2c14.txt	5906.lswap-afd973e1a915.txt	cbba85aa08fa
7	5906.up-a838f31a7b4f.txt	5906.lswap-25804d565b10.txt	96bae6feab65
7	5906.up-a838f31a7b4f.txt	5906.lswap-afd973e1a915.txt	dc2afaae0ced
7	5906.up-d2559533f431.txt	5906.lswap-0de54c0a7bb6.txt	1ff5160db856
7	5906.up-d2559533f431.txt	5906.lswap-17203113788c.txt	7dae29ff7561
7	5906.up-d2559533f431.txt	5906.lswap-964ebce5847f.txt	ecf03ddecbed
7	5906.up-d2559533f431.txt	5906.lswap-b55f23a2f470.txt	a33cb05ccb10
7	5906.up-d2559533f431.txt	5906.lswap-e0920da719d9.txt	171ac63bfbd7
7	5906.up-e948752d6a32.txt	5906.lswap-25804d565b10.txt	77f471f848b0
7	5906.up-e948752d6a32.txt	5906.lswap-52f45c5e8e22.txt	fa9996b118a5
7	5906.up-e948752d6a32.txt	5906.lswap-5dbb54e50268.txt	a780c2d233f8
7	5906.up-e948752d6a32.txt	5906.lswap-df71274e07be.txt	7a76f11797d8
7	5906.up-e948752d6a32.txt	5906.lswap-eeb9a73f4b33.txt	f2cd8c1f4d2e
7	5906.up-e94d2b57a7d4.txt	5906.lswap-80e6c24a2613.txt	ff37ff3f6ef2
7	5906.up-e94d2b57a7d4.txt	5906.lswap-8ed814577309.txt	dbdbbc7a0086
7	5906.up-e94d2b57a7d4.txt	5906.lswap-9a5cc6a6e3c8.txt	a780c2d233f8
7	5906.up-e94d2b57a7d4.txt	5906.lswap-afd973e1a915.txt	f2cd8c1f4d2e
7	5906.up-eebb02e3baec.txt	5906.lswap-25804d565b10.txt	a4d962c8c490
7	5906.up-eebb02e3baec.txt	5906.lswap-52f45c5e8e22.txt	52066a3cc9fc
7	5906.up-eebb02e3baec.txt	5906.lswap-5dbb54e50268.txt	794f3186b56e
7	5906.up-eebb02e3baec.txt	5906.lswap-df71274e07be.txt	7c184c5270f6
7	5906.up-eebb02e3baec.txt	5906.lswap-eeb9a73f4b33.txt	cbba85aa08fa
7	5906.lswap-17203113788c.txt	5906.lswap-e145b859ca30.txt	49d4d9e84135
7	5906.lswap-25804d565b10.txt	5906.lswap-49fc63d034f2.txt	3848d784e880
7	5906.lswap-25804d565b10.txt	5906.lswap-4c179f65aa4b.txt	374c09e1b5b9
7	5906.lswap-25804d565b10.txt	5906.lswap-d252e4d38aa9.txt	176d3814e13d
7	5906.lswap-29ee6f7c1197.txt	5906.lswap-3baeeea281f2.txt	bb0325078ded
7	5906.lswap-29ee6f7c1197.txt	5906.lswap-5a55d1641a86.txt	e0be9b4548fa
7	5906.lswap-29ee6f7c1197.txt	5906.lswap-6f6f375dca74.txt	0ce7fb1aec46
7	5906.lswap-29ee6f7c1197.txt	5906.lswap-be4759bc731a.txt	bcf19a50a353
7	5906.lswap-3b4f2e286e0c.txt	5906.lswap-eeb9a73f4b33.txt	eb52f3b0f67b
7	5906.lswap-3baeeea281f2.txt	5906.lswap-29ee6f7c1197.txt	49d4d9e84135
7	5906.lswap-41a210488ac9.txt	5906.lswap-9f3672f6c430.txt	0f5ed4ca9093
7	5906.lswap-41a210488ac9.txt	5906.up-0d2e98183c29.txt	b3e25e414908
7	5906.lswap-469763027c57.txt	5906.lswap-af54b6f406a6.txt	49d4d9e84135
7	5906.lswap-49fac07a5323.txt	5906.lswap-49fc63d034f2.txt	f491e3e4a3c1
7	5906.lswap-49fac07a5323.txt	5906.lswap-aa52880fc9e0.txt	3123e32f64ba
7	5906.lswap-49fac07a5323.txt	5906.lswap-d252e4d38aa9.txt	885fe227bff6
7	5906.lswap-49fc63d034f2.txt	5906.lswap-25804d565b10.txt	b3e25e414908
7	5906.lswap-49fc63d034f2.txt	5906.lswap-49fac07a5323.txt	0f5ed4ca9093
7	5906.lswap-49fc63d034f2.txt	5906.lswap-80e6c24a2613.txt	b3e25e414908
7	5906.lswap-4c179f65aa4b.txt	5906.lswap-25804d565b10.txt	eb52f3b0f67b
7	5906.lswap-5228890279ca.txt	5906.lswap-9a5cc6a6e3c8.txt	49d4d9e84135
7	5906.lswap-5228890279ca.txt	5906.lswap-e145b859ca30.txt	573b5918fcfd
7	5906.lswap-52f45c5e8e22.txt	5906.lswap-e59a6239aa79.txt	374c09e1b5b9
7	5906.lswap-52f45c5e8e22.txt	5906.up-91a0d3cd2c14.txt	3848d784e880
7	5906.lswap-52f45c5e8e22.txt	5906.up-e94d2b57a7d4.txt	176d3814e13d
7	5906.lswap-5764c730eaee.txt	5906.up-d2559533f431.txt	eb52f3b0f67b
7	5906.lswap-5808edca979d.txt	5906.lswap-5a55d1641a86.txt	bb0325078ded
7	5906.lswap-5a55d1641a86.txt	5906.lswap-29ee6f7c1197.txt	573b5918fcfd
7	5906.lswap-5a55d1641a86.txt	5906.lswap-5808edca979d.txt	49d4d9e84135
7	5906.lswap-5a7a973564fd.txt	5906.lswap-e145b859ca30.txt	b7f3d137c99a
7	5906.lswap-5a7a973564fd.txt	5906.lswap-eeb9a73f4b33.txt	56f642d92240
7	5906.lswap-6bd82af50a4e.txt	5906.up-d2559533f431.txt	56f642d92240
7	5906.lswap-6d0ad177e5ee.txt	5906.lswap-7602ba885180.txt	bb0325078ded
7	5906.lswap-6d0ad177e5ee.txt	5906.lswap-cae9c3b46793.txt	0ce7fb1aec46
7	5906.lswap-6d0ad177e5ee.txt	5906.lswap-cae9c3b46793.txt	e0be9b4548fa
7	5906.lswap-6d0ad177e5ee.txt	5906.up-168d62e1a9d1.txt	bcf19a50a353
7	5906.lswap-6d7ea156bdcc.txt	5906.up-d2559533f431.txt	b3e25e414908
7	5906.lswap-6f6f375dca74.txt	5906.lswap-9f3672f6c430.txt	af79b06ba137
7	5906.lswap-6f6f375dca74.txt	5906.up-0d2e98183c29.txt	eb52f3b0f67b
7	5906.lswap-7602ba885180.txt	5906.lswap-6d0ad177e5ee.txt	49d4d9e84135
7	5906.lswap-80e6c24a2613.txt	5906.lswap-49fc63d034f2.txt	3848d784e880
7	5906.lswap-80e6c24a2613.txt	5906.lswap-aa52880fc9e0.txt	374c09e1b5b9
7	5906.lswap-80e6c24a2613.txt	5906.lswap-d252e4d38aa9.txt	176d3814e13d
7	5906.lswap-964ebce5847f.txt	5906.lswap-af54b6f406a6.txt	b7f3d137c99a
7	5906.lswap-9759fb4af500.txt	5906.lswap-cf5ecb0e9ecc.txt	374c09e1b5b9
7	5906.lswap-9759fb4af500.txt	5906.up-14e2c7b29aae.txt	176d3814e13d
7	5906.lswap-9759fb4af500.txt	5906.up-a838f31a7b4f.txt	3848d784e880
7	5906.lswap-9a5cc6a6e3c8.txt	5906.lswap-5228890279ca.txt	bb0325078ded
7	5906.lswap-9f3672f6c430.txt	5906.lswap-41a210488ac9.txt	f491e3e4a3c1
7	5906.lswap-9f3672f6c430.txt	5906.lswap-6f6f375dca74.txt	3123e32f64ba
7	5906.lswap-9f3672f6c430.txt	5906.lswap-be4759bc731a.txt	885fe227bff6
7	5906.lswap-a28e203d65dc.txt	5906.lswap-e2d18fca77cb.txt	af79b06ba137
7	5906.lswap-a28e203d65dc.txt	5906.lswap-eeb9a73f4b33.txt	eb52f3b0f67b
7	5906.lswap-a7d2db45842b.txt	5906.lswap-cae9c3b46793.txt	bb0325078ded
7	5906.lswap-aa52880fc9e0.txt	5906.lswap-49fac07a5323.txt	af79b06ba137
7	5906.lswap-aa52880fc9e0.txt	5906.lswap-80e6c24a2613.txt	eb52f3b0f67b
7	5906.lswap-af54b6f406a6.txt	5906.lswap-469763027c57.txt	bb0325078ded
7	5906.lswap-af54b6f406a6.txt	5906.lswap-7602ba885180.txt	0ce7fb1aec46
7	5906.lswap-af54b6f406a6.txt	5906.lswap-964ebce5847f.txt	bcf19a50a353
7	5906.lswap-af54b6f406a6.txt	5906.lswap-f6dbf9989449.txt	e0be9b4548fa
7	5906.lswap-b12d38608f09.txt	5906.lswap-eeb9a73f4b33.txt	b3e25e414908
7	5906.lswap-b55f23a2f470.txt	5906.lswap-e2d18fca77cb.txt	b506fa9d192d
7	5906.lswap-b55f23a2f470.txt	5906.lswap-eeb9a73f4b33.txt	56f642d92240
7	5906.lswap-be4759bc731a.txt	5906.lswap-29ee6f7c1197.txt	b7f3d137c99a
7	5906.lswap-be4759bc731a.txt	5906.lswap-9f3672f6c430.txt	b506fa9d192d
7	5906.lswap-be4759bc731a.txt	5906.up-0d2e98183c29.txt	56f642d92240
7	5906.lswap-cae9c3b46793.txt	5906.lswap-6d0ad177e5ee.txt	573b5918fcfd
7	5906.lswap-cae9c3b46793.txt	5906.lswap-a7d2db45842b.txt	49d4d9e84135
7	5906.lswap-cf5ecb0e9ecc.txt	5906.lswap-9759fb4af500.txt	eb52f3b0f67b
7	5906.lswap-cf5ecb0e9ecc.txt	5906.lswap-e73e096376f0.txt	af79b06ba137
7	5906.lswap-d252e4d38aa9.txt	5906.lswap-25804d565b10.txt	56f642d92240
7	5906.lswap-d252e4d38aa9.txt	5906.lswap-49fac07a5323.txt	b506fa9d192d
7	5906.lswap-d252e4d38aa9.txt	5906.lswap-80e6c24a2613.txt	56f642d92240
7	5906.lswap-df71274e07be.txt	5906.lswap-f6dbf9989449.txt	bb0325078ded
7	5906.lswap-e0920da719d9.txt	5906.lswap-e2d18fca77cb.txt	0f5ed4ca9093
7	5906.lswap-e0920da719d9.txt	5906.lswap-eeb9a73f4b33.txt	b3e25e414908
7	5906.lswap-e145b859ca30.txt	5906.lswap-17203113788c.txt	bb0325078ded
7	5906.lswap-e145b859ca30.txt	5906.lswap-3b4f2e286e0c.txt	0ce7fb1aec46
7	5906.lswap-e145b859ca30.txt	5906.lswap-5228890279ca.txt	e0be9b4548fa
7	5906.lswap-e145b859ca30.txt	5906.lswap-5a7a973564fd.txt	bcf19a50a353
7	5906.lswap-e2d18fca77cb.txt	5906.lswap-a28e203d65dc.txt	3123e32f64ba
7	5906.lswap-e2d18fca77cb.txt	5906.lswap-b55f23a2f470.txt	885fe227bff6
7	5906.lswap-e2d18fca77cb.txt	5906.lswap-e0920da719d9.txt	f491e3e4a3c1
7	5906.lswap-e59a6239aa79.txt	5906.lswap-52f45c5e8e22.txt	eb52f3b0f67b
7	5906.lswap-e73e096376f0.txt	5906.lswap-cf5ecb0e9ecc.txt	3123e32f64ba
7	5906.lswap-e73e096376f0.txt	5906.up-14e2c7b29aae.txt	885fe227bff6
7	5906.lswap-e73e096376f0.txt	5906.up-a838f31a7b4f.txt	f491e3e4a3c1
7	5906.lswap-eeb9a73f4b33.txt	5906.lswap-3b4f2e286e0c.txt	374c09e1b5b9
7	5906.lswap-eeb9a73f4b33.txt	5906.lswap-5a7a973564fd.txt	176d3814e13d
7	5906.lswap-eeb9a73f4b33.txt	5906.lswap-a28e203d65dc.txt	374c09e1b5b9
7	5906.lswap-eeb9a73f4b33.txt	5906.lswap-b12d38608f09.txt	3848d784e880
7	5906.lswap-eeb9a73f4b33.txt	5906.lswap-b55f23a2f470.txt	176d3814e13d
7	5906.lswap-eeb9a73f4b33.txt	5906.lswap-e0920da719d9.txt	3848d784e880
7	5906.lswap-f6dbf9989449.txt	5906.lswap-af54b6f406a6.txt	573b5918fcfd
7	5906.lswap-f6dbf9989449.txt	5906.lswap-df71274e07be.txt	49d4d9e84135
7	5906.up-0d2e98183c29.txt	5906.lswap-41a210488ac9.txt	3848d784e880
7	5906.up-0d2e98183c29.txt	5906.lswap-6f6f375dca74.txt	374c09e1b5b9
7	5906.up-0d2e98183c29.txt	5906.lswap-be4759bc731a.txt	176d3814e13d
7	5906.up-14e2c7b29aae.txt	5906.lswap-9759fb4af500.txt	56f642d92240
7	5906.up-14e2c7b29aae.txt	5906.lswap-e73e096376f0.txt	b506fa9d192d
7	5906.up-168d62e1a9d1.txt	5906.lswap-6d0ad177e5ee.txt	b7f3d137c99a
7	5906.up-91a0d3cd2c14.txt	5906.lswap-52f45c5e8e22.txt	b3e25e414908
7	5906.up-a838f31a7b4f.txt	5906.lswap-9759fb4af500.txt	b3e25e414908
7	5906.up-a838f31a7b4f.txt	5906.lswap-e73e096376f0.txt	0f5ed4ca9093
7	5906.up-d2559533f431.txt	5906.lswap-5764c730eaee.txt	374c09e1b5b9
7	5906.up-d2559533f431.txt	5906.lswap-6bd82af50a4e.txt	176d3814e13d
7	5906.up-d2559533f431.txt	5906.lswap-6d7ea156bdcc.txt	3848d784e880
7	5906.up-e94d2b57a7d4.txt	5906.lswap-52f45c5e8e22.txt	56f642d92240
7	5906.i4a-29c55ed5fbf6.txt	5906.lswap-6dc582bac458.txt	ab88abce72ba
7	5906.i4a-29c55ed5fbf6.txt	5906.lswap-ebd38bf2c1cd.txt	ab88abce72ba
7	5906.i4a-66637a3b8941.txt	5906.i4a-7f46c8149026.txt	d0f1e2321709
7	5906.i4a-66637a3b8941.txt	5906.lswap-1f8e06e3e616.txt	ab88abce72ba
7	5906.i4a-66637a3b8941.txt	5906.lswap-760f8ed53670.txt	ab88abce72ba
7	5906.i4a-66637a3b8941.txt	5906.up-6a142cb8e27d.txt	f1af17db564a
7	5906.i4a-7f46c8149026.txt	5906.i4a-66637a3b8941.txt	d0f1e2321709
7	5906.i4a-7f46c8149026.txt	5906.lswap-1f8e06e3e616.txt	ab88abce72ba
7	5906.i4a-7f46c8149026.txt	5906.lswap-760f8ed53670.txt	ab88abce72ba
7	5906.i4a-7f46c8149026.txt	5906.up-1206598d1ff0.txt	cfe46d0a2eed
7	5906.i4a-c1080e26f60c.txt	5906.lswap-6dc582bac458.txt	ab88abce72ba
7	5906.i4a-c1080e26f60c.txt	5906.lswap-ebd38bf2c1cd.txt	ab88abce72ba
7	5906.lswap-025c4805fc39.txt	5906.lswap-29ee6f7c1197.txt	ab88abce72ba
7	5906.lswap-025c4805fc39.txt	5906.lswap-2ae54d2fd96c.txt	ab88abce72ba
7	5906.lswap-025c4805fc39.txt	5906.lswap-62d959eb4e73.txt	3a3b52457923
7	5906.lswap-025c4805fc39.txt	5906.lswap-7f47c6e6eeda.txt	ab88abce72ba
7	5906.lswap-025c4805fc39.txt	5906.lswap-9a5cc6a6e3c8.txt	ab88abce72ba
7	5906.lswap-025c4805fc39.txt	5906.up-0db50fc7743c.txt	ab88abce72ba
7	5906.lswap-025c4805fc39.txt	5906.up-53b55626d912.txt	ab88abce72ba
7	5906.lswap-031568aa1b5c.txt	5906.lswap-2497c9291398.txt	ab88abce72ba
7	5906.lswap-031568aa1b5c.txt	5906.lswap-2ae54d2fd96c.txt	ab88abce72ba
7	5906.lswap-031568aa1b5c.txt	5906.lswap-7f47c6e6eeda.txt	ab88abce72ba
7	5906.lswap-031568aa1b5c.txt	5906.lswap-a7d2db45842b.txt	ab88abce72ba
7	5906.lswap-031568aa1b5c.txt	5906.up-0db50fc7743c.txt	ab88abce72ba
7	5906.lswap-031568aa1b5c.txt	5906.up-16ca46d2c5a9.txt	ab88abce72ba
7	5906.lswap-06f4ba2c8122.txt	5906.lswap-09c105553d61.txt	c957d4264558
7	5906.lswap-06f4ba2c8122.txt	5906.lswap-23548cda0ace.txt	ab88abce72ba
7	5906.lswap-06f4ba2c8122.txt	5906.lswap-67fc5c2184ab.txt	65d9c5d02da1
7	5906.lswap-06f4ba2c8122.txt	5906.lswap-8f58c699a11d.txt	ab88abce72ba
7	5906.lswap-06f4ba2c8122.txt	5906.lswap-9bf7e32c6472.txt	8a34ad08d7c8
7	5906.lswap-06f4ba2c8122.txt	5906.up-0a065898a821.txt	ab88abce72ba
7	5906.lswap-06f4ba2c8122.txt	5906.up-377da0a3c300.txt	ab88abce72ba
7	5906.lswap-09c105553d61.txt	5906.lswap-06f4ba2c8122.txt	acfe7a414bb7
7	5906.lswap-09c105553d61.txt	5906.lswap-10f62906b166.txt	ab88abce72ba
7	5906.lswap-09c105553d61.txt	5906.lswap-67fc5c2184ab.txt	eb70d1e95c8b
7	5906.lswap-09c105553d61.txt	5906.lswap-9bf7e32c6472.txt	65d9c5d02da1
7	5906.lswap-09c105553d61.txt	5906.lswap-db110b7302cf.txt	ab88abce72ba
7	5906.lswap-09c105553d61.txt	5906.up-c63a66adbc60.txt	ab88abce72ba
7	5906.lswap-09c105553d61.txt	5906.up-d1489855deef.txt	ab88abce72ba
7	5906.lswap-0d13fc4a8a4a.txt	5906.up-1206598d1ff0.txt	ab88abce72ba
7	5906.lswap-0d13fc4a8a4a.txt	5906.up-6a142cb8e27d.txt	ab88abce72ba
7	5906.lswap-0de54c0a7bb6.txt	5906.lswap-49fc63d034f2.txt	0d491f159886
7	5906.lswap-0de54c0a7bb6.txt	5906.lswap-7602ba885180.txt	ab88abce72ba
7	5906.lswap-0de54c0a7bb6.txt	5906.lswap-964ebce5847f.txt	7c2769543fc5
7	5906.lswap-0de54c0a7bb6.txt	5906.lswap-b12d38608f09.txt	ab88abce72ba
7	5906.lswap-0de54c0a7bb6.txt	5906.lswap-e0920da719d9.txt	ab88abce72ba
7	5906.lswap-0de54c0a7bb6.txt	5906.lswap-eeb9a73f4b33.txt	781dcd7d819f
7	5906.lswap-0de54c0a7bb6.txt	5906.lswap-f6dbf9989449.txt	ab88abce72ba
7	5906.lswap-0de54c0a7bb6.txt	5906.up-2cb6c1139592.txt	ab88abce72ba
7	5906.lswap-0de54c0a7bb6.txt	5906.up-eebb02e3baec.txt	ab88abce72ba
7	5906.lswap-10f62906b166.txt	5906.lswap-09c105553d61.txt	ab88abce72ba
7	5906.lswap-10f62906b166.txt	5906.lswap-28b97fbb68d1.txt	ab88abce72ba
7	5906.lswap-10f62906b166.txt	5906.lswap-3a55a72f70d6.txt	ab88abce72ba
7	5906.lswap-10f62906b166.txt	5906.lswap-67fc5c2184ab.txt	ab88abce72ba
7	5906.lswap-10f62906b166.txt	5906.lswap-8f58c699a11d.txt	65d9c5d02da1
7	5906.lswap-17203113788c.txt	5906.lswap-3baeeea281f2.txt	ab88abce72ba
7	5906.lswap-17203113788c.txt	5906.lswap-469763027c57.txt	ab88abce72ba
7	5906.lswap-17203113788c.txt	5906.lswap-5228890279ca.txt	ab88abce72ba
7	5906.lswap-17203113788c.txt	5906.lswap-6bd82af50a4e.txt	ab88abce72ba
7	5906.lswap-17203113788c.txt	5906.lswap-6d7ea156bdcc.txt	ab88abce72ba
7	5906.lswap-17203113788c.txt	5906.lswap-e59a6239aa79.txt	ab88abce72ba
7	5906.lswap-17946ea8ba63.txt	5906.lswap-4a581202d46c.txt	ab88abce72ba
7	5906.lswap-17946ea8ba63.txt	5906.lswap-68a263f18066.txt	ab88abce72ba
7	5906.lswap-17946ea8ba63.txt	5906.lswap-d515e64b87be.txt	ab88abce72ba
7	5906.lswap-17946ea8ba63.txt	5906.lswap-f8f86258580e.txt	ab88abce72ba
7	5906.lswap-1e70957354f1.txt	5906.lswap-2fb529601be6.txt	7c2769543fc5
7	5906.lswap-1e70957354f1.txt	5906.lswap-73851215f718.txt	ab88abce72ba
7	5906.lswap-1e70957354f1.txt	5906.lswap-821102adfff8.txt	ab88abce72ba
7	5906.lswap-1e70957354f1.txt	5906.up-23ca8a9bcc81.txt	ab88abce72ba
7	5906.lswap-1e70957354f1.txt	5906.up-b2d6bec1e3bd.txt	ab88abce72ba
7	5906.lswap-1f8e06e3e616.txt	5906.i4a-66637a3b8941.txt	ab88abce72ba
7	5906.lswap-1f8e06e3e616.txt	5906.i4a-7f46c8149026.txt	ab88abce72ba
7	5906.lswap-20db05a5b51e.txt	5906.up-78d638be95ae.txt	ab88abce72ba
7	5906.lswap-20db05a5b51e.txt	5906.up-e65e244c83d3.txt	ab88abce72ba
7	5906.lswap-23548cda0ace.txt	5906.lswap-06f4ba2c8122.txt	ab88abce72ba
7	5906.lswap-23548cda0ace.txt	5906.lswap-945cf8ae5bef.txt	ab88abce72ba
7	5906.lswap-23548cda0ace.txt	5906.lswap-9bf7e32c6472.txt	ab88abce72ba
7	5906.lswap-23548cda0ace.txt	5906.lswap-9f885c2a5e20.txt	ab88abce72ba
7	5906.lswap-23548cda0ace.txt	5906.lswap-db110b7302cf.txt	65d9c5d02da1
7	5906.lswap-2497c9291398.txt	5906.lswap-031568aa1b5c.txt	ab88abce72ba
7	5906.lswap-2497c9291398.txt	5906.lswap-52e683fb05d3.txt	ab88abce72ba
7	5906.lswap-2497c9291398.txt	5906.lswap-5808edca979d.txt	ab88abce72ba
7	5906.lswap-2497c9291398.txt	5906.lswap-8ed814577309.txt	ab88abce72ba
7	5906.lswap-2497c9291398.txt	5906.lswap-9759fb4af500.txt	ab88abce72ba
7	5906.lswap-2497c9291398.txt	5906.lswap-e73e096376f0.txt	ab88abce72ba
7	5906.lswap-25804d565b10.txt	5906.lswap-52f45c5e8e22.txt	ab88abce72ba
7	5906.lswap-25804d565b10.txt	5906.lswap-9759fb4af500.txt	ab88abce72ba
7	5906.lswap-25804d565b10.txt	5906.lswap-afd973e1a915.txt	ab88abce72ba
7	5906.lswap-25804d565b10.txt	5906.lswap-b55f23a2f470.txt	af945ab938fd
7	5906.lswap-25804d565b10.txt	5906.lswap-df71274e07be.txt	ab88abce72ba
7	5906.lswap-25804d565b10.txt	5906.lswap-e0920da719d9.txt	80b2932b3a5d
7	5906.lswap-25804d565b10.txt	5906.lswap-e73e096376f0.txt	ab88abce72ba
7	5906.lswap-25804d565b10.txt	5906.lswap-eeb9a73f4b33.txt	ab88abce72ba
7	5906.lswap-25cebe1ff658.txt	5906.lswap-3d82ae1f2111.txt	ab88abce72ba
7	5906.lswap-25cebe1ff658.txt	5906.lswap-7217a0cd3774.txt	ab88abce72ba
7	5906.lswap-25cebe1ff658.txt	5906.lswap-e21e24656b8e.txt	cb47d5e063e0
7	5906.lswap-25cebe1ff658.txt	5906.up-37ac2db82134.txt	ab88abce72ba
7	5906.lswap-25cebe1ff658.txt	5906.up-e1680a9d0e30.txt	ab88abce72ba
7	5906.lswap-28b97fbb68d1.txt	5906.lswap-10f62906b166.txt	ab88abce72ba
7	5906.lswap-28b97fbb68d1.txt	5906.lswap-3a55a72f70d6.txt	2c806c1bf6e3
7	5906.lswap-28b97fbb68d1.txt	5906.lswap-945cf8ae5bef.txt	65d9c5d02da1
7	5906.lswap-28b97fbb68d1.txt	5906.lswap-9f885c2a5e20.txt	db92437171e9
7	5906.lswap-28b97fbb68d1.txt	5906.lswap-db110b7302cf.txt	ab88abce72ba
7	5906.lswap-28b97fbb68d1.txt	5906.up-c3afee7ed153.txt	ab88abce72ba
7	5906.lswap-28b97fbb68d1.txt	5906.up-c63a66adbc60.txt	ab88abce72ba
7	5906.lswap-29ee6f7c1197.txt	5906.lswap-025c4805fc39.txt	ab88abce72ba
7	5906.lswap-29ee6f7c1197.txt	5906.lswap-5808edca979d.txt	ab88abce72ba
7	5906.lswap-29ee6f7c1197.txt	5906.lswap-6d0ad177e5ee.txt	ab88abce72ba
7	5906.lswap-29ee6f7c1197.txt	5906.lswap-9f3672f6c430.txt	3a3b52457923
7	5906.lswap-29ee6f7c1197.txt	5906.lswap-afd973e1a915.txt	ab88abce72ba
7	5906.lswap-29ee6f7c1197.txt	5906.lswap-e145b859ca30.txt	ab88abce72ba
7	5906.lswap-29ee6f7c1197.txt	5906.lswap-e73e096376f0.txt	ab88abce72ba
7	5906.lswap-2ae54d2fd96c.txt	5906.lswap-025c4805fc39.txt	ab88abce72ba
7	5906.lswap-2ae54d2fd96c.txt	5906.lswap-031568aa1b5c.txt	ab88abce72ba
7	5906.lswap-2ae54d2fd96c.txt	5906.lswap-3b66fbdbdf53.txt	ab88abce72ba
7	5906.lswap-2ae54d2fd96c.txt	5906.lswap-62d959eb4e73.txt	ab88abce72ba
7	5906.lswap-2ae54d2fd96c.txt	5906.lswap-6d0ad177e5ee.txt	ab88abce72ba
7	5906.lswap-2ae54d2fd96c.txt	5906.lswap-8ed814577309.txt	ab88abce72ba
7	5906.lswap-2c94cb485ad7.txt	5906.up-3ffb4355518f.txt	ab88abce72ba
7	5906.lswap-2c94cb485ad7.txt	5906.up-956f3f1864b5.txt	ab88abce72ba
7	5906.lswap-2fb529601be6.txt	5906.lswap-1e70957354f1.txt	2c806c1bf6e3
7	5906.lswap-2fb529601be6.txt	5906.lswap-73851215f718.txt	ab88abce72ba
7	5906.lswap-2fb529601be6.txt	5906.lswap-821102adfff8.txt	ab88abce72ba
7	5906.lswap-2fb529601be6.txt	5906.up-7c111e182316.txt	ab88abce72ba
7	5906.lswap-2fb529601be6.txt	5906.up-aed220b1ebc4.txt	ab88abce72ba
7	5906.lswap-3a55a72f70d6.txt	5906.lswap-10f62906b166.txt	ab88abce72ba
7	5906.lswap-3a55a72f70d6.txt	5906.lswap-28b97fbb68d1.txt	7c2769543fc5
7	5906.lswap-3a55a72f70d6.txt	5906.lswap-945cf8ae5bef.txt	2021ad1a80b0
7	5906.lswap-3a55a72f70d6.txt	5906.lswap-9f885c2a5e20.txt	65d9c5d02da1
7	5906.lswap-3a55a72f70d6.txt	5906.lswap-db110b7302cf.txt	ab88abce72ba
7	5906.lswap-3a55a72f70d6.txt	5906.up-6597315411ea.txt	ab88abce72ba
7	5906.lswap-3a55a72f70d6.txt	5906.up-d1489855deef.txt	ab88abce72ba
7	5906.lswap-3b4f2e286e0c.txt	5906.lswap-4c179f65aa4b.txt	ab88abce72ba
7	5906.lswap-3b4f2e286e0c.txt	5906.lswap-5764c730eaee.txt	ab88abce72ba
7	5906.lswap-3b4f2e286e0c.txt	5906.lswap-5a7a973564fd.txt	ab88abce72ba
7	5906.lswap-3b4f2e286e0c.txt	5906.lswap-6f6f375dca74.txt	ab88abce72ba
7	5906.lswap-3b4f2e286e0c.txt	5906.lswap-7602ba885180.txt	ab88abce72ba
7	5906.lswap-3b4f2e286e0c.txt	5906.lswap-b12d38608f09.txt	ab88abce72ba
7	5906.lswap-3b66fbdbdf53.txt	5906.lswap-2ae54d2fd96c.txt	ab88abce72ba
7	5906.lswap-3b66fbdbdf53.txt	5906.lswap-49fac07a5323.txt	ab88abce72ba
7	5906.lswap-3b66fbdbdf53.txt	5906.lswap-7f47c6e6eeda.txt	ab88abce72ba
7	5906.lswap-3b66fbdbdf53.txt	5906.lswap-af54b6f406a6.txt	ab88abce72ba
7	5906.lswap-3b66fbdbdf53.txt	5906.up-331e3f0f91ee.txt	ab88abce72ba
7	5906.lswap-3b66fbdbdf53.txt	5906.up-53b55626d912.txt	ab88abce72ba
7	5906.lswap-3baeeea281f2.txt	5906.lswap-17203113788c.txt	ab88abce72ba
7	5906.lswap-3baeeea281f2.txt	5906.lswap-4c179f65aa4b.txt	ab88abce72ba
7	5906.lswap-3baeeea281f2.txt	5906.lswap-5a55d1641a86.txt	ab88abce72ba
7	5906.lswap-3baeeea281f2.txt	5906.lswap-7602ba885180.txt	ab88abce72ba
7	5906.lswap-3baeeea281f2.txt	5906.lswap-b55f23a2f470.txt	ab88abce72ba
7	5906.lswap-3baeeea281f2.txt	5906.lswap-e0920da719d9.txt	ab88abce72ba
7	5906.lswap-3c791ffa671d.txt	5906.lswap-73851215f718.txt	ab88abce72ba
7	5906.lswap-3c791ffa671d.txt	5906.lswap-821102adfff8.txt	ab88abce72ba
7	5906.lswap-3c791ffa671d.txt	5906.up-7c111e182316.txt	ab88abce72ba
7	5906.lswap-3c791ffa671d.txt	5906.up-b2d6bec1e3bd.txt	ab88abce72ba
7	5906.lswap-3d82ae1f2111.txt	5906.lswap-25cebe1ff658.txt	ab88abce72ba
7	5906.lswap-3d82ae1f2111.txt	5906.lswap-7bd46049981f.txt	ab88abce72ba
7	5906.lswap-3d82ae1f2111.txt	5906.lswap-dcc866de4e11.txt	ab88abce72ba
7	5906.lswap-3d82ae1f2111.txt	5906.lswap-e21e24656b8e.txt	ab88abce72ba
7	5906.lswap-41a210488ac9.txt	5906.lswap-5a55d1641a86.txt	ab88abce72ba
7	5906.lswap-41a210488ac9.txt	5906.lswap-6f6f375dca74.txt	ab88abce72ba
7	5906.lswap-41a210488ac9.txt	5906.lswap-9759fb4af500.txt	781dcd7d819f
7	5906.lswap-41a210488ac9.txt	5906.lswap-b12d38608f09.txt	ab88abce72ba
7	5906.lswap-41a210488ac9.txt	5906.lswap-be4759bc731a.txt	7c2769543fc5
7	5906.lswap-41a210488ac9.txt	5906.lswap-e0920da719d9.txt	ab88abce72ba
7	5906.lswap-41a210488ac9.txt	5906.up-2cb6c1139592.txt	ab88abce72ba
7	5906.lswap-41a210488ac9.txt	5906.up-a838f31a7b4f.txt	ab88abce72ba
7	5906.lswap-423441640591.txt	5906.lswap-73851215f718.txt	ab88abce72ba
7	5906.lswap-423441640591.txt	5906.lswap-821102adfff8.txt	ab88abce72ba
7	5906.lswap-423441640591.txt	5906.up-23ca8a9bcc81.txt	ab88abce72ba
7	5906.lswap-423441640591.txt	5906.up-aed220b1ebc4.txt	ab88abce72ba
7	5906.lswap-469763027c57.txt	5906.lswap-17203113788c.txt	ab88abce72ba
7	5906.lswap-469763027c57.txt	5906.lswap-5764c730eaee.txt	ab88abce72ba
7	5906.lswap-469763027c57.txt	5906.lswap-7602ba885180.txt	ab88abce72ba
7	5906.lswap-469763027c57.txt	5906.lswap-e59a6239aa79.txt	0d491f159886
7	5906.lswap-469763027c57.txt	5906.lswap-f6dbf9989449.txt	ab88abce72ba
7	5906.lswap-469763027c57.txt	5906.up-e948752d6a32.txt	ab88abce72ba
7	5906.lswap-469763027c57.txt	5906.up-eebb02e3baec.txt	ab88abce72ba
7	5906.lswap-49fac07a5323.txt	5906.lswap-3b66fbdbdf53.txt	ab88abce72ba
7	5906.lswap-49fac07a5323.txt	5906.lswap-52f45c5e8e22.txt	ab88abce72ba
7	5906.lswap-49fac07a5323.txt	5906.lswap-8ed814577309.txt	ab88abce72ba
7	5906.lswap-49fac07a5323.txt	5906.lswap-e145b859ca30.txt	ab88abce72ba
7	5906.lswap-49fac07a5323.txt	5906.lswap-e2d18fca77cb.txt	ab88abce72ba
7	5906.lswap-49fac07a5323.txt	5906.lswap-e73e096376f0.txt	ab88abce72ba
7	5906.lswap-49fc63d034f2.txt	5906.lswap-0de54c0a7bb6.txt	3a3b52457923
7	5906.lswap-49fc63d034f2.txt	5906.lswap-4c179f65aa4b.txt	ab88abce72ba
7	5906.lswap-49fc63d034f2.txt	5906.lswap-aa52880fc9e0.txt	ab88abce72ba
7	5906.lswap-49fc63d034f2.txt	5906.lswap-afd973e1a915.txt	781dcd7d819f
7	5906.lswap-49fc63d034f2.txt	5906.lswap-b12d38608f09.txt	ab88abce72ba
7	5906.lswap-49fc63d034f2.txt	5906.lswap-d252e4d38aa9.txt	7c2769543fc5
7	5906.lswap-49fc63d034f2.txt	5906.lswap-e0920da719d9.txt	ab88abce72ba
7	5906.lswap-49fc63d034f2.txt	5906.up-91a0d3cd2c14.txt	ab88abce72ba
7	5906.lswap-49fc63d034f2.txt	5906.up-a838f31a7b4f.txt	ab88abce72ba
7	5906.lswap-4a581202d46c.txt	5906.lswap-17946ea8ba63.txt	ab88abce72ba
7	5906.lswap-4a581202d46c.txt	5906.lswap-6008b60b1c2c.txt	ab88abce72ba
7	5906.lswap-4a581202d46c.txt	5906.lswap-d515e64b87be.txt	d6f9e3aaed73
7	5906.lswap-4a581202d46c.txt	5906.up-454308027985.txt	ab88abce72ba
7	5906.lswap-4a581202d46c.txt	5906.up-9a915a83c416.txt	ab88abce72ba
7	5906.lswap-4c179f65aa4b.txt	5906.lswap-3b4f2e286e0c.txt	ab88abce72ba
7	5906.lswap-4c179f65aa4b.txt	5906.lswap-3baeeea281f2.txt	ab88abce72ba
7	5906.lswap-4c179f65aa4b.txt	5906.lswap-49fc63d034f2.txt	ab88abce72ba
7	5906.lswap-4c179f65aa4b.txt	5906.lswap-7602ba885180.txt	3a3b52457923
7	5906.lswap-4c179f65aa4b.txt	5906.lswap-cf5ecb0e9ecc.txt	ab88abce72ba
7	5906.lswap-4c179f65aa4b.txt	5906.lswap-d252e4d38aa9.txt	ab88abce72ba
7	5906.lswap-4c179f65aa4b.txt	5906.lswap-e59a6239aa79.txt	ab88abce72ba
7	5906.lswap-5228890279ca.txt	5906.lswap-17203113788c.txt	ab88abce72ba
7	5906.lswap-5228890279ca.txt	5906.lswap-5a55d1641a86.txt	ab88abce72ba
7	5906.lswap-5228890279ca.txt	5906.lswap-5a7a973564fd.txt	ab88abce72ba
7	5906.lswap-5228890279ca.txt	5906.lswap-aa52880fc9e0.txt	ab88abce72ba
7	5906.lswap-5228890279ca.txt	5906.lswap-b12d38608f09.txt	ab88abce72ba
7	5906.lswap-5228890279ca.txt	5906.lswap-f6dbf9989449.txt	ab88abce72ba
7	5906.lswap-52e683fb05d3.txt	5906.lswap-2497c9291398.txt	ab88abce72ba
7	5906.lswap-52e683fb05d3.txt	5906.lswap-5808edca979d.txt	0d491f159886
7	5906.lswap-52e683fb05d3.txt	5906.lswap-5dbb54e50268.txt	ab88abce72ba
7	5906.lswap-52e683fb05d3.txt	5906.lswap-9f3672f6c430.txt	ab88abce72ba
7	5906.lswap-52e683fb05d3.txt	5906.lswap-a7d2db45842b.txt	ab88abce72ba
7	5906.lswap-52e683fb05d3.txt	5906.up-0d2e98183c29.txt	ab88abce72ba
7	5906.lswap-52e683fb05d3.txt	5906.up-16ca46d2c5a9.txt	ab88abce72ba
7	5906.lswap-52f45c5e8e22.txt	5906.lswap-25804d565b10.txt	ab88abce72ba
7	5906.lswap-52f45c5e8e22.txt	5906.lswap-49fac07a5323.txt	ab88abce72ba
7	5906.lswap-52f45c5e8e22.txt	5906.lswap-6bd82af50a4e.txt	af945ab938fd
7	5906.lswap-52f45c5e8e22.txt	5906.lswap-6d7ea156bdcc.txt	80b2932b3a5d
7	5906.lswap-52f45c5e8e22.txt	5906.lswap-80e6c24a2613.txt	ab88abce72ba
7	5906.lswap-52f45c5e8e22.txt	5906.lswap-af54b6f406a6.txt	ab88abce72ba
7	5906.lswap-52f45c5e8e22.txt	5906.up-8ec03171f5df.txt	ab88abce72ba
7	5906.lswap-52f45c5e8e22.txt	5906.up-d2559533f431.txt	ab88abce72ba
7	5906.lswap-5764c730eaee.txt	5906.lswap-3b4f2e286e0c.txt	ab88abce72ba
7	5906.lswap-5764c730eaee.txt	5906.lswap-469763027c57.txt	ab88abce72ba
7	5906.lswap-5764c730eaee.txt	5906.lswap-6bd82af50a4e.txt	ab88abce72ba
7	5906.lswap-5764c730eaee.txt	5906.lswap-6d7ea156bdcc.txt	ab88abce72ba
7	5906.lswap-5764c730eaee.txt	5906.lswap-a28e203d65dc.txt	ab88abce72ba
7	5906.lswap-5764c730eaee.txt	5906.lswap-e59a6239aa79.txt	ab88abce72ba
7	5906.lswap-5808edca979d.txt	5906.lswap-2497c9291398.txt	ab88abce72ba
7	5906.lswap-5808edca979d.txt	5906.lswap-29ee6f7c1197.txt	ab88abce72ba
7	5906.lswap-5808edca979d.txt	5906.lswap-52e683fb05d3.txt	3a3b52457923
7	5906.lswap-5808edca979d.txt	5906.lswap-9a5cc6a6e3c8.txt	ab88abce72ba
7	5906.lswap-5808edca979d.txt	5906.lswap-a7d2db45842b.txt	ab88abce72ba
7	5906.lswap-5808edca979d.txt	5906.up-0db50fc7743c.txt	ab88abce72ba
7	5906.lswap-5808edca979d.txt	5906.up-77512ee88848.txt	ab88abce72ba
7	5906.lswap-5a55d1641a86.txt	5906.lswap-3baeeea281f2.txt	ab88abce72ba
7	5906.lswap-5a55d1641a86.txt	5906.lswap-41a210488ac9.txt	ab88abce72ba
7	5906.lswap-5a55d1641a86.txt	5906.lswap-5228890279ca.txt	ab88abce72ba
7	5906.lswap-5a55d1641a86.txt	5906.lswap-be4759bc731a.txt	ab88abce72ba
7	5906.lswap-5a55d1641a86.txt	5906.lswap-cae9c3b46793.txt	ab88abce72ba
7	5906.lswap-5a55d1641a86.txt	5906.lswap-cf5ecb0e9ecc.txt	ab88abce72ba
7	5906.lswap-5a7a973564fd.txt	5906.lswap-3b4f2e286e0c.txt	ab88abce72ba
7	5906.lswap-5a7a973564fd.txt	5906.lswap-5228890279ca.txt	ab88abce72ba
7	5906.lswap-5a7a973564fd.txt	5906.lswap-6bd82af50a4e.txt	ab88abce72ba
7	5906.lswap-5a7a973564fd.txt	5906.lswap-80e6c24a2613.txt	eb8331df9ee8
7	5906.lswap-5a7a973564fd.txt	5906.lswap-964ebce5847f.txt	ab88abce72ba
7	5906.lswap-5a7a973564fd.txt	5906.lswap-b12d38608f09.txt	2c806c1bf6e3
7	5906.lswap-5a7a973564fd.txt	5906.lswap-be4759bc731a.txt	ab88abce72ba
7	5906.lswap-5a7a973564fd.txt	5906.lswap-d252e4d38aa9.txt	ab88abce72ba
7	5906.lswap-5dbb54e50268.txt	5906.lswap-52e683fb05d3.txt	ab88abce72ba
7	5906.lswap-5dbb54e50268.txt	5906.lswap-62d959eb4e73.txt	ab88abce72ba
7	5906.lswap-5dbb54e50268.txt	5906.lswap-8ed814577309.txt	ab88abce72ba
7	5906.lswap-5dbb54e50268.txt	5906.lswap-9a5cc6a6e3c8.txt	0d491f159886
7	5906.lswap-5dbb54e50268.txt	5906.lswap-df71274e07be.txt	ab88abce72ba
7	5906.lswap-5dbb54e50268.txt	5906.lswap-e2d18fca77cb.txt	ab88abce72ba
7	5906.lswap-5dbb54e50268.txt	5906.lswap-eeb9a73f4b33.txt	ab88abce72ba
7	5906.lswap-6008b60b1c2c.txt	5906.lswap-4a581202d46c.txt	ab88abce72ba
7	5906.lswap-6008b60b1c2c.txt	5906.lswap-68a263f18066.txt	ab88abce72ba
7	5906.lswap-6008b60b1c2c.txt	5906.lswap-d515e64b87be.txt	ab88abce72ba
7	5906.lswap-6008b60b1c2c.txt	5906.lswap-f8f86258580e.txt	ab88abce72ba
7	5906.lswap-62d959eb4e73.txt	5906.lswap-025c4805fc39.txt	0d491f159886
7	5906.lswap-62d959eb4e73.txt	5906.lswap-2ae54d2fd96c.txt	ab88abce72ba
7	5906.lswap-62d959eb4e73.txt	5906.lswap-5dbb54e50268.txt	ab88abce72ba
7	5906.lswap-62d959eb4e73.txt	5906.lswap-7f47c6e6eeda.txt	ab88abce72ba
7	5906.lswap-62d959eb4e73.txt	5906.lswap-9f3672f6c430.txt	ab88abce72ba
7	5906.lswap-62d959eb4e73.txt	5906.up-16ca46d2c5a9.txt	ab88abce72ba
7	5906.lswap-62d959eb4e73.txt	5906.up-331e3f0f91ee.txt	ab88abce72ba
7	5906.lswap-637b5054102a.txt	5906.up-6f42b3603dac.txt	ab88abce72ba
7	5906.lswap-637b5054102a.txt	5906.up-7f9a93193f10.txt	ab88abce72ba
7	5906.lswap-67fc5c2184ab.txt	5906.lswap-06f4ba2c8122.txt	65d9c5d02da1
7	5906.lswap-67fc5c2184ab.txt	5906.lswap-09c105553d61.txt	8a34ad08d7c8
7	5906.lswap-67fc5c2184ab.txt	5906.lswap-10f62906b166.txt	ab88abce72ba
7	5906.lswap-67fc5c2184ab.txt	5906.lswap-9bf7e32c6472.txt	72b83588e07a
7	5906.lswap-67fc5c2184ab.txt	5906.lswap-db110b7302cf.txt	ab88abce72ba
7	5906.lswap-67fc5c2184ab.txt	5906.up-6597315411ea.txt	ab88abce72ba
7	5906.lswap-67fc5c2184ab.txt	5906.up-c3afee7ed153.txt	ab88abce72ba
7	5906.lswap-68a263f18066.txt	5906.lswap-17946ea8ba63.txt	ab88abce72ba
7	5906.lswap-68a263f18066.txt	5906.lswap-6008b60b1c2c.txt	ab88abce72ba
7	5906.lswap-68a263f18066.txt	5906.up-02d771908307.txt	ab88abce72ba
7	5906.lswap-68a263f18066.txt	5906.up-9a915a83c416.txt	ab88abce72ba
7	5906.lswap-6bd82af50a4e.txt	5906.lswap-17203113788c.txt	ab88abce72ba
7	5906.lswap-6bd82af50a4e.txt	5906.lswap-52f45c5e8e22.txt	eb8331df9ee8
7	5906.lswap-6bd82af50a4e.txt	5906.lswap-5764c730eaee.txt	ab88abce72ba
7	5906.lswap-6bd82af50a4e.txt	5906.lswap-5a7a973564fd.txt	ab88abce72ba
7	5906.lswap-6bd82af50a4e.txt	5906.lswap-6d7ea156bdcc.txt	2c806c1bf6e3
7	5906.lswap-6bd82af50a4e.txt	5906.lswap-b55f23a2f470.txt	ab88abce72ba
7	5906.lswap-6bd82af50a4e.txt	5906.up-e948752d6a32.txt	ab88abce72ba
7	5906.lswap-6bd82af50a4e.txt	5906.up-e94d2b57a7d4.txt	ab88abce72ba
7	5906.lswap-6d0ad177e5ee.txt	5906.lswap-29ee6f7c1197.txt	ab88abce72ba
7	5906.lswap-6d0ad177e5ee.txt	5906.lswap-2ae54d2fd96c.txt	ab88abce72ba
7	5906.lswap-6d0ad177e5ee.txt	5906.lswap-80e6c24a2613.txt	ab88abce72ba
7	5906.lswap-6d0ad177e5ee.txt	5906.lswap-9f3672f6c430.txt	ab88abce72ba
7	5906.lswap-6d0ad177e5ee.txt	5906.lswap-a7d2db45842b.txt	ab88abce72ba
7	5906.lswap-6d0ad177e5ee.txt	5906.lswap-af54b6f406a6.txt	ab88abce72ba
7	5906.lswap-6d7ea156bdcc.txt	5906.lswap-17203113788c.txt	ab88abce72ba
7	5906.lswap-6d7ea156bdcc.txt	5906.lswap-52f45c5e8e22.txt	781dcd7d819f
7	5906.lswap-6d7ea156bdcc.txt	5906.lswap-5764c730eaee.txt	ab88abce72ba
7	5906.lswap-6d7ea156bdcc.txt	5906.lswap-6bd82af50a4e.txt	7c2769543fc5
7	5906.lswap-6d7ea156bdcc.txt	5906.lswap-b12d38608f09.txt	ab88abce72ba
7	5906.lswap-6d7ea156bdcc.txt	5906.lswap-e0920da719d9.txt	ab88abce72ba
7	5906.lswap-6d7ea156bdcc.txt	5906.up-91a0d3cd2c14.txt	ab88abce72ba
7	5906.lswap-6d7ea156bdcc.txt	5906.up-eebb02e3baec.txt	ab88abce72ba
7	5906.lswap-6dc582bac458.txt	5906.i4a-29c55ed5fbf6.txt	ab88abce72ba
7	5906.lswap-6dc582bac458.txt	5906.i4a-c1080e26f60c.txt	ab88abce72ba
7	5906.lswap-6f6f375dca74.txt	5906.lswap-3b4f2e286e0c.txt	ab88abce72ba
7	5906.lswap-6f6f375dca74.txt	5906.lswap-41a210488ac9.txt	ab88abce72ba
7	5906.lswap-6f6f375dca74.txt	5906.lswap-a28e203d65dc.txt	ab88abce72ba
7	5906.lswap-6f6f375dca74.txt	5906.lswap-be4759bc731a.txt	ab88abce72ba
7	5906.lswap-6f6f375dca74.txt	5906.lswap-cae9c3b46793.txt	ab88abce72ba
7	5906.lswap-6f6f375dca74.txt	5906.lswap-cf5ecb0e9ecc.txt	ab88abce72ba
7	5906.lswap-7217a0cd3774.txt	5906.lswap-25cebe1ff658.txt	ab88abce72ba
7	5906.lswap-7217a0cd3774.txt	5906.lswap-7bd46049981f.txt	ab88abce72ba
7	5906.lswap-7217a0cd3774.txt	5906.lswap-dcc866de4e11.txt	ab88abce72ba
7	5906.lswap-7217a0cd3774.txt	5906.lswap-e21e24656b8e.txt	ab88abce72ba
7	5906.lswap-73851215f718.txt	5906.lswap-1e70957354f1.txt	ab88abce72ba
7	5906.lswap-73851215f718.txt	5906.lswap-2fb529601be6.txt	ab88abce72ba
7	5906.lswap-73851215f718.txt	5906.lswap-3c791ffa671d.txt	ab88abce72ba
7	5906.lswap-73851215f718.txt	5906.lswap-423441640591.txt	ab88abce72ba
7	5906.lswap-7602ba885180.txt	5906.lswap-0de54c0a7bb6.txt	ab88abce72ba
7	5906.lswap-7602ba885180.txt	5906.lswap-3b4f2e286e0c.txt	ab88abce72ba
7	5906.lswap-7602ba885180.txt	5906.lswap-3baeeea281f2.txt	ab88abce72ba
7	5906.lswap-7602ba885180.txt	5906.lswap-469763027c57.txt	ab88abce72ba
7	5906.lswap-7602ba885180.txt	5906.lswap-4c179f65aa4b.txt	0d491f159886
7	5906.lswap-7602ba885180.txt	5906.lswap-964ebce5847f.txt	ab88abce72ba
7	5906.lswap-7602ba885180.txt	5906.lswap-cae9c3b46793.txt	ab88abce72ba
7	5906.lswap-760f8ed53670.txt	5906.i4a-66637a3b8941.txt	ab88abce72ba
7	5906.lswap-760f8ed53670.txt	5906.i4a-7f46c8149026.txt	ab88abce72ba
7	5906.lswap-7bd46049981f.txt	5906.lswap-3d82ae1f2111.txt	ab88abce72ba
7	5906.lswap-7bd46049981f.txt	5906.lswap-7217a0cd3774.txt	ab88abce72ba
7	5906.lswap-7bd46049981f.txt	5906.up-a001786e5861.txt	ab88abce72ba
7	5906.lswap-7bd46049981f.txt	5906.up-e1680a9d0e30.txt	ab88abce72ba
7	5906.lswap-7f47c6e6eeda.txt	5906.lswap-025c4805fc39.txt	ab88abce72ba
7	5906.lswap-7f47c6e6eeda.txt	5906.lswap-031568aa1b5c.txt	ab88abce72ba
7	5906.lswap-7f47c6e6eeda.txt	5906.lswap-3b66fbdbdf53.txt	ab88abce72ba
7	5906.lswap-7f47c6e6eeda.txt	5906.lswap-62d959eb4e73.txt	ab88abce72ba
7	5906.lswap-7f47c6e6eeda.txt	5906.lswap-df71274e07be.txt	ab88abce72ba
7	5906.lswap-7f47c6e6eeda.txt	5906.lswap-e73e096376f0.txt	ab88abce72ba
7	5906.lswap-80e6c24a2613.txt	5906.lswap-52f45c5e8e22.txt	ab88abce72ba
7	5906.lswap-80e6c24a2613.txt	5906.lswap-5a7a973564fd.txt	af945ab938fd
7	5906.lswap-80e6c24a2613.txt	5906.lswap-6d0ad177e5ee.txt	ab88abce72ba
7	5906.lswap-80e6c24a2613.txt	5906.lswap-8ed814577309.txt	ab88abce72ba
7	5906.lswap-80e6c24a2613.txt	5906.lswap-9759fb4af500.txt	ab88abce72ba
7	5906.lswap-80e6c24a2613.txt	5906.lswap-afd973e1a915.txt	ab88abce72ba
7	5906.lswap-80e6c24a2613.txt	5906.lswap-b12d38608f09.txt	80b2932b3a5d
7	5906.lswap-80e6c24a2613.txt	5906.lswap-eeb9a73f4b33.txt	ab88abce72ba
7	5906.lswap-821102adfff8.txt	5906.lswap-1e70957354f1.txt	ab88abce72ba
7	5906.lswap-821102adfff8.txt	5906.lswap-2fb529601be6.txt	ab88abce72ba
7	5906.lswap-821102adfff8.txt	5906.lswap-3c791ffa671d.txt	ab88abce72ba
7	5906.lswap-821102adfff8.txt	5906.lswap-423441640591.txt	ab88abce72ba
7	5906.lswap-8ed814577309.txt	5906.lswap-2497c9291398.txt	ab88abce72ba
7	5906.lswap-8ed814577309.txt	5906.lswap-2ae54d2fd96c.txt	ab88abce72ba
7	5906.lswap-8ed814577309.txt	5906.lswap-49fac07a5323.txt	ab88abce72ba
7	5906.lswap-8ed814577309.txt	5906.lswap-5dbb54e50268.txt	ab88abce72ba
7	5906.lswap-8ed814577309.txt	5906.lswap-80e6c24a2613.txt	ab88abce72ba
7	5906.lswap-8ed814577309.txt	5906.lswap-9a5cc6a6e3c8.txt	ab88abce72ba
7	5906.lswap-8f58c699a11d.txt	5906.lswap-06f4ba2c8122.txt	ab88abce72ba
7	5906.lswap-8f58c699a11d.txt	5906.lswap-10f62906b166.txt	65d9c5d02da1
7	5906.lswap-8f58c699a11d.txt	5906.lswap-945cf8ae5bef.txt	ab88abce72ba
7	5906.lswap-8f58c699a11d.txt	5906.lswap-9bf7e32c6472.txt	ab88abce72ba
7	5906.lswap-8f58c699a11d.txt	5906.lswap-9f885c2a5e20.txt	ab88abce72ba
7	5906.lswap-945cf8ae5bef.txt	5906.lswap-23548cda0ace.txt	ab88abce72ba
7	5906.lswap-945cf8ae5bef.txt	5906.lswap-28b97fbb68d1.txt	65d9c5d02da1
7	5906.lswap-945cf8ae5bef.txt	5906.lswap-3a55a72f70d6.txt	11d3809be670
7	5906.lswap-945cf8ae5bef.txt	5906.lswap-8f58c699a11d.txt	ab88abce72ba
7	5906.lswap-945cf8ae5bef.txt	5906.lswap-9f885c2a5e20.txt	2c806c1bf6e3
7	5906.lswap-945cf8ae5bef.txt	5906.up-377da0a3c300.txt	ab88abce72ba
7	5906.lswap-945cf8ae5bef.txt	5906.up-f2c7804be474.txt	ab88abce72ba
7	5906.lswap-964ebce5847f.txt	5906.lswap-0de54c0a7bb6.txt	2c806c1bf6e3
7	5906.lswap-964ebce5847f.txt	5906.lswap-5a7a973564fd.txt	ab88abce72ba
7	5906.lswap-964ebce5847f.txt	5906.lswap-7602ba885180.txt	ab88abce72ba
7	5906.lswap-964ebce5847f.txt	5906.lswap-b55f23a2f470.txt	ab88abce72ba
7	5906.lswap-964ebce5847f.txt	5906.lswap-d252e4d38aa9.txt	0d491f159886
7	5906.lswap-964ebce5847f.txt	5906.lswap-eeb9a73f4b33.txt	eb8331df9ee8
7	5906.lswap-964ebce5847f.txt	5906.lswap-f6dbf9989449.txt	ab88abce72ba
7	5906.lswap-964ebce5847f.txt	5906.up-168d62e1a9d1.txt	ab88abce72ba
7	5906.lswap-964ebce5847f.txt	5906.up-e948752d6a32.txt	ab88abce72ba
7	5906.lswap-9759fb4af500.txt	5906.lswap-2497c9291398.txt	ab88abce72ba
7	5906.lswap-9759fb4af500.txt	5906.lswap-25804d565b10.txt	ab88abce72ba
7	5906.lswap-9759fb4af500.txt	5906.lswap-41a210488ac9.txt	80b2932b3a5d
7	5906.lswap-9759fb4af500.txt	5906.lswap-80e6c24a2613.txt	ab88abce72ba
7	5906.lswap-9759fb4af500.txt	5906.lswap-a7d2db45842b.txt	ab88abce72ba
7	5906.lswap-9759fb4af500.txt	5906.lswap-be4759bc731a.txt	af945ab938fd
7	5906.lswap-9759fb4af500.txt	5906.up-0d2e98183c29.txt	ab88abce72ba
7	5906.lswap-9759fb4af500.txt	5906.up-77512ee88848.txt	ab88abce72ba
7	5906.lswap-9a5cc6a6e3c8.txt	5906.lswap-025c4805fc39.txt	ab88abce72ba
7	5906.lswap-9a5cc6a6e3c8.txt	5906.lswap-5808edca979d.txt	ab88abce72ba
7	5906.lswap-9a5cc6a6e3c8.txt	5906.lswap-5dbb54e50268.txt	3a3b52457923
7	5906.lswap-9a5cc6a6e3c8.txt	5906.lswap-8ed814577309.txt	ab88abce72ba
7	5906.lswap-9a5cc6a6e3c8.txt	5906.lswap-afd973e1a915.txt	ab88abce72ba
7	5906.lswap-9a5cc6a6e3c8.txt	5906.lswap-df71274e07be.txt	ab88abce72ba
7	5906.lswap-9a5cc6a6e3c8.txt	5906.lswap-e145b859ca30.txt	ab88abce72ba
7	5906.lswap-9bd2a50baa0e.txt	5906.up-756ff2ed09bd.txt	ab88abce72ba
7	5906.lswap-9bf7e32c6472.txt	5906.lswap-06f4ba2c8122.txt	eb70d1e95c8b
7	5906.lswap-9bf7e32c6472.txt	5906.lswap-09c105553d61.txt	65d9c5d02da1
7	5906.lswap-9bf7e32c6472.txt	5906.lswap-23548cda0ace.txt	ab88abce72ba
7	5906.lswap-9bf7e32c6472.txt	5906.lswap-67fc5c2184ab.txt	ffee627b3f58
7	5906.lswap-9bf7e32c6472.txt	5906.lswap-8f58c699a11d.txt	ab88abce72ba
7	5906.lswap-9bf7e32c6472.txt	5906.up-72482a71c81e.txt	ab88abce72ba
7	5906.lswap-9bf7e32c6472.txt	5906.up-f2c7804be474.txt	ab88abce72ba
7	5906.lswap-9edd04d13626.txt	5906.up-1bced7f87a93.txt	ab88abce72ba
7	5906.lswap-9edd04d13626.txt	5906.up-a233fdf94b8d.txt	ab88abce72ba
7	5906.lswap-9f3672f6c430.txt	5906.lswap-29ee6f7c1197.txt	0d491f159886
7	5906.lswap-9f3672f6c430.txt	5906.lswap-52e683fb05d3.txt	ab88abce72ba
7	5906.lswap-9f3672f6c430.txt	5906.lswap-62d959eb4e73.txt	ab88abce72ba
7	5906.lswap-9f3672f6c430.txt	5906.lswap-6d0ad177e5ee.txt	ab88abce72ba
7	5906.lswap-9f3672f6c430.txt	5906.lswap-e2d18fca77cb.txt	ab88abce72ba
7	5906.lswap-9f3672f6c430.txt	5906.lswap-e73e096376f0.txt	ab88abce72ba
7	5906.lswap-9f3672f6c430.txt	5906.lswap-eeb9a73f4b33.txt	ab88abce72ba
7	5906.lswap-9f885c2a5e20.txt	5906.lswap-23548cda0ace.txt	ab88abce72ba
7	5906.lswap-9f885c2a5e20.txt	5906.lswap-28b97fbb68d1.txt	9a425576c7dd
7	5906.lswap-9f885c2a5e20.txt	5906.lswap-3a55a72f70d6.txt	65d9c5d02da1
7	5906.lswap-9f885c2a5e20.txt	5906.lswap-8f58c699a11d.txt	ab88abce72ba
7	5906.lswap-9f885c2a5e20.txt	5906.lswap-945cf8ae5bef.txt	7c2769543fc5
7	5906.lswap-9f885c2a5e20.txt	5906.up-0a065898a821.txt	ab88abce72ba
7	5906.lswap-9f885c2a5e20.txt	5906.up-72482a71c81e.txt	ab88abce72ba
7	5906.lswap-a28e203d65dc.txt	5906.lswap-5764c730eaee.txt	ab88abce72ba
7	5906.lswap-a28e203d65dc.txt	5906.lswap-6f6f375dca74.txt	ab88abce72ba
7	5906.lswap-a28e203d65dc.txt	5906.lswap-aa52880fc9e0.txt	ab88abce72ba
7	5906.lswap-a28e203d65dc.txt	5906.lswap-b55f23a2f470.txt	ab88abce72ba
7	5906.lswap-a28e203d65dc.txt	5906.lswap-e0920da719d9.txt	ab88abce72ba
7	5906.lswap-a28e203d65dc.txt	5906.lswap-f6dbf9989449.txt	ab88abce72ba
7	5906.lswap-a7d2db45842b.txt	5906.lswap-031568aa1b5c.txt	ab88abce72ba
7	5906.lswap-a7d2db45842b.txt	5906.lswap-52e683fb05d3.txt	ab88abce72ba
7	5906.lswap-a7d2db45842b.txt	5906.lswap-5808edca979d.txt	ab88abce72ba
7	5906.lswap-a7d2db45842b.txt	5906.lswap-6d0ad177e5ee.txt	ab88abce72ba
7	5906.lswap-a7d2db45842b.txt	5906.lswap-9759fb4af500.txt	ab88abce72ba
7	5906.lswap-a7d2db45842b.txt	5906.lswap-df71274e07be.txt	ab88abce72ba
7	5906.lswap-aa52880fc9e0.txt	5906.lswap-49fc63d034f2.txt	ab88abce72ba
7	5906.lswap-aa52880fc9e0.txt	5906.lswap-5228890279ca.txt	ab88abce72ba
7	5906.lswap-aa52880fc9e0.txt	5906.lswap-a28e203d65dc.txt	ab88abce72ba
7	5906.lswap-aa52880fc9e0.txt	5906.lswap-cf5ecb0e9ecc.txt	ab88abce72ba
7	5906.lswap-aa52880fc9e0.txt	5906.lswap-d252e4d38aa9.txt	ab88abce72ba
7	5906.lswap-aa52880fc9e0.txt	5906.lswap-e59a6239aa79.txt	ab88abce72ba
7	5906.lswap-aa52880fc9e0.txt	5906.lswap-f6dbf9989449.txt	3a3b52457923
7	5906.lswap-aea48ef05d9e.txt	5906.up-a235b0e09b6c.txt	ab88abce72ba
7	5906.lswap-af54b6f406a6.txt	5906.lswap-3b66fbdbdf53.txt	ab88abce72ba
7	5906.lswap-af54b6f406a6.txt	5906.lswap-52f45c5e8e22.txt	ab88abce72ba
7	5906.lswap-af54b6f406a6.txt	5906.lswap-6d0ad177e5ee.txt	ab88abce72ba
7	5906.lswap-af54b6f406a6.txt	5906.lswap-df71274e07be.txt	ab88abce72ba
7	5906.lswap-af54b6f406a6.txt	5906.lswap-e145b859ca30.txt	ab88abce72ba
7	5906.lswap-af54b6f406a6.txt	5906.lswap-e2d18fca77cb.txt	ab88abce72ba
7	5906.lswap-afd973e1a915.txt	5906.lswap-25804d565b10.txt	ab88abce72ba
7	5906.lswap-afd973e1a915.txt	5906.lswap-29ee6f7c1197.txt	ab88abce72ba
7	5906.lswap-afd973e1a915.txt	5906.lswap-49fc63d034f2.txt	80b2932b3a5d
7	5906.lswap-afd973e1a915.txt	5906.lswap-80e6c24a2613.txt	ab88abce72ba
7	5906.lswap-afd973e1a915.txt	5906.lswap-9a5cc6a6e3c8.txt	ab88abce72ba
7	5906.lswap-afd973e1a915.txt	5906.lswap-d252e4d38aa9.txt	af945ab938fd
7	5906.lswap-afd973e1a915.txt	5906.lswap-eeb9a73f4b33.txt	3a3b52457923
7	5906.lswap-afd973e1a915.txt	5906.up-77512ee88848.txt	ab88abce72ba
7	5906.lswap-afd973e1a915.txt	5906.up-8ec03171f5df.txt	ab88abce72ba
7	5906.lswap-b12d38608f09.txt	5906.lswap-0de54c0a7bb6.txt	ab88abce72ba
7	5906.lswap-b12d38608f09.txt	5906.lswap-3b4f2e286e0c.txt	ab88abce72ba
7	5906.lswap-b12d38608f09.txt	5906.lswap-41a210488ac9.txt	ab88abce72ba
7	5906.lswap-b12d38608f09.txt	5906.lswap-49fc63d034f2.txt	ab88abce72ba
7	5906.lswap-b12d38608f09.txt	5906.lswap-5228890279ca.txt	ab88abce72ba
7	5906.lswap-b12d38608f09.txt	5906.lswap-5a7a973564fd.txt	7c2769543fc5
7	5906.lswap-b12d38608f09.txt	5906.lswap-6d7ea156bdcc.txt	ab88abce72ba
7	5906.lswap-b12d38608f09.txt	5906.lswap-80e6c24a2613.txt	781dcd7d819f
7	5906.lswap-b55f23a2f470.txt	5906.lswap-25804d565b10.txt	eb8331df9ee8
7	5906.lswap-b55f23a2f470.txt	5906.lswap-3baeeea281f2.txt	ab88abce72ba
7	5906.lswap-b55f23a2f470.txt	5906.lswap-6bd82af50a4e.txt	ab88abce72ba
7	5906.lswap-b55f23a2f470.txt	5906.lswap-964ebce5847f.txt	ab88abce72ba
7	5906.lswap-b55f23a2f470.txt	5906.lswap-a28e203d65dc.txt	ab88abce72ba
7	5906.lswap-b55f23a2f470.txt	5906.lswap-be4759bc731a.txt	ab88abce72ba
7	5906.lswap-b55f23a2f470.txt	5906.lswap-d252e4d38aa9.txt	ab88abce72ba
7	5906.lswap-b55f23a2f470.txt	5906.lswap-e0920da719d9.txt	2c806c1bf6e3
7	5906.lswap-be4759bc731a.txt	5906.lswap-41a210488ac9.txt	2c806c1bf6e3
7	5906.lswap-be4759bc731a.txt	5906.lswap-5a55d1641a86.txt	ab88abce72ba
7	5906.lswap-be4759bc731a.txt	5906.lswap-5a7a973564fd.txt	ab88abce72ba
7	5906.lswap-be4759bc731a.txt	5906.lswap-6f6f375dca74.txt	ab88abce72ba
7	5906.lswap-be4759bc731a.txt	5906.lswap-9759fb4af500.txt	eb8331df9ee8
7	5906.lswap-be4759bc731a.txt	5906.lswap-b55f23a2f470.txt	ab88abce72ba
7	5906.lswap-be4759bc731a.txt	5906.up-14e2c7b29aae.txt	ab88abce72ba
7	5906.lswap-be4759bc731a.txt	5906.up-168d62e1a9d1.txt	ab88abce72ba
7	5906.lswap-c394b34cb7cc.txt	5906.up-63a938be8d73.txt	ab88abce72ba
7	5906.lswap-c394b34cb7cc.txt	5906.up-d8c6ba46400e.txt	ab88abce72ba
7	5906.lswap-c55c2b0fbb0f.txt	5906.up-5ce87c54ecea.txt	ab88abce72ba
7	5906.lswap-c55c2b0fbb0f.txt	5906.up-a00b3e52965d.txt	ab88abce72ba
7	5906.lswap-cae9c3b46793.txt	5906.lswap-5a55d1641a86.txt	ab88abce72ba
7	5906.lswap-cae9c3b46793.txt	5906.lswap-6f6f375dca74.txt	ab88abce72ba
7	5906.lswap-cae9c3b46793.txt	5906.lswap-7602ba885180.txt	ab88abce72ba
7	5906.lswap-cae9c3b46793.txt	5906.lswap-cf5ecb0e9ecc.txt	0d491f159886
7	5906.lswap-cae9c3b46793.txt	5906.lswap-f6dbf9989449.txt	ab88abce72ba
7	5906.lswap-cae9c3b46793.txt	5906.up-168d62e1a9d1.txt	ab88abce72ba
7	5906.lswap-cae9c3b46793.txt	5906.up-2cb6c1139592.txt	ab88abce72ba
7	5906.lswap-cf5ecb0e9ecc.txt	5906.lswap-4c179f65aa4b.txt	ab88abce72ba
7	5906.lswap-cf5ecb0e9ecc.txt	5906.lswap-5a55d1641a86.txt	ab88abce72ba
7	5906.lswap-cf5ecb0e9ecc.txt	5906.lswap-6f6f375dca74.txt	ab88abce72ba
7	5906.lswap-cf5ecb0e9ecc.txt	5906.lswap-aa52880fc9e0.txt	ab88abce72ba
7	5906.lswap-cf5ecb0e9ecc.txt	5906.lswap-cae9c3b46793.txt	3a3b52457923
7	5906.lswap-cf5ecb0e9ecc.txt	5906.up-14e2c7b29aae.txt	ab88abce72ba
7	5906.lswap-cf5ecb0e9ecc.txt	5906.up-a838f31a7b4f.txt	ab88abce72ba
7	5906.lswap-cf8339eb5ca7.txt	5906.up-56126e7237c3.txt	ab88abce72ba
7	5906.lswap-cf8339eb5ca7.txt	5906.up-bd458e7fc19e.txt	ab88abce72ba
7	5906.lswap-d252e4d38aa9.txt	5906.lswap-49fc63d034f2.txt	2c806c1bf6e3
7	5906.lswap-d252e4d38aa9.txt	5906.lswap-4c179f65aa4b.txt	ab88abce72ba
7	5906.lswap-d252e4d38aa9.txt	5906.lswap-5a7a973564fd.txt	ab88abce72ba
7	5906.lswap-d252e4d38aa9.txt	5906.lswap-964ebce5847f.txt	3a3b52457923
7	5906.lswap-d252e4d38aa9.txt	5906.lswap-aa52880fc9e0.txt	ab88abce72ba
7	5906.lswap-d252e4d38aa9.txt	5906.lswap-afd973e1a915.txt	eb8331df9ee8
7	5906.lswap-d252e4d38aa9.txt	5906.lswap-b55f23a2f470.txt	ab88abce72ba
7	5906.lswap-d252e4d38aa9.txt	5906.up-14e2c7b29aae.txt	ab88abce72ba
7	5906.lswap-d252e4d38aa9.txt	5906.up-e94d2b57a7d4.txt	ab88abce72ba
7	5906.lswap-d515e64b87be.txt	5906.lswap-17946ea8ba63.txt	ab88abce72ba
7	5906.lswap-d515e64b87be.txt	5906.lswap-4a581202d46c.txt	9b8ddcec1214
7	5906.lswap-d515e64b87be.txt	5906.lswap-6008b60b1c2c.txt	ab88abce72ba
7	5906.lswap-d515e64b87be.txt	5906.up-02d771908307.txt	ab88abce72ba
7	5906.lswap-d515e64b87be.txt	5906.up-e132c7a7c340.txt	ab88abce72ba
7	5906.lswap-db110b7302cf.txt	5906.lswap-09c105553d61.txt	ab88abce72ba
7	5906.lswap-db110b7302cf.txt	5906.lswap-23548cda0ace.txt	65d9c5d02da1
7	5906.lswap-db110b7302cf.txt	5906.lswap-28b97fbb68d1.txt	ab88abce72ba
7	5906.lswap-db110b7302cf.txt	5906.lswap-3a55a72f70d6.txt	ab88abce72ba
7	5906.lswap-db110b7302cf.txt	5906.lswap-67fc5c2184ab.txt	ab88abce72ba
7	5906.lswap-dcc866de4e11.txt	5906.lswap-3d82ae1f2111.txt	ab88abce72ba
7	5906.lswap-dcc866de4e11.txt	5906.lswap-7217a0cd3774.txt	ab88abce72ba
7	5906.lswap-dcc866de4e11.txt	5906.up-207dc5352d35.txt	ab88abce72ba
7	5906.lswap-dcc866de4e11.txt	5906.up-37ac2db82134.txt	ab88abce72ba
7	5906.lswap-df71274e07be.txt	5906.lswap-25804d565b10.txt	ab88abce72ba
7	5906.lswap-df71274e07be.txt	5906.lswap-5dbb54e50268.txt	ab88abce72ba
7	5906.lswap-df71274e07be.txt	5906.lswap-7f47c6e6eeda.txt	ab88abce72ba
7	5906.lswap-df71274e07be.txt	5906.lswap-9a5cc6a6e3c8.txt	ab88abce72ba
7	5906.lswap-df71274e07be.txt	5906.lswap-a7d2db45842b.txt	ab88abce72ba
7	5906.lswap-df71274e07be.txt	5906.lswap-af54b6f406a6.txt	ab88abce72ba
7	5906.lswap-e0920da719d9.txt	5906.lswap-0de54c0a7bb6.txt	ab88abce72ba
7	5906.lswap-e0920da719d9.txt	5906.lswap-25804d565b10.txt	781dcd7d819f
7	5906.lswap-e0920da719d9.txt	5906.lswap-3baeeea281f2.txt	ab88abce72ba
7	5906.lswap-e0920da719d9.txt	5906.lswap-41a210488ac9.txt	ab88abce72ba
7	5906.lswap-e0920da719d9.txt	5906.lswap-49fc63d034f2.txt	ab88abce72ba
7	5906.lswap-e0920da719d9.txt	5906.lswap-6d7ea156bdcc.txt	ab88abce72ba
7	5906.lswap-e0920da719d9.txt	5906.lswap-a28e203d65dc.txt	ab88abce72ba
7	5906.lswap-e0920da719d9.txt	5906.lswap-b55f23a2f470.txt	7c2769543fc5
7	5906.lswap-e145b859ca30.txt	5906.lswap-29ee6f7c1197.txt	ab88abce72ba
7	5906.lswap-e145b859ca30.txt	5906.lswap-49fac07a5323.txt	ab88abce72ba
7	5906.lswap-e145b859ca30.txt	5906.lswap-9a5cc6a6e3c8.txt	ab88abce72ba
7	5906.lswap-e145b859ca30.txt	5906.lswap-af54b6f406a6.txt	ab88abce72ba
7	5906.lswap-e145b859ca30.txt	5906.lswap-e2d18fca77cb.txt	3a3b52457923
7	5906.lswap-e145b859ca30.txt	5906.up-53b55626d912.txt	ab88abce72ba
7	5906.lswap-e145b859ca30.txt	5906.up-8ec03171f5df.txt	ab88abce72ba
7	5906.lswap-e21e24656b8e.txt	5906.lswap-25cebe1ff658.txt	ea1ae55099c1
7	5906.lswap-e21e24656b8e.txt	5906.lswap-3d82ae1f2111.txt	ab88abce72ba
7	5906.lswap-e21e24656b8e.txt	5906.lswap-7217a0cd3774.txt	ab88abce72ba
7	5906.lswap-e21e24656b8e.txt	5906.up-207dc5352d35.txt	ab88abce72ba
7	5906.lswap-e21e24656b8e.txt	5906.up-a001786e5861.txt	ab88abce72ba
7	5906.lswap-e2d18fca77cb.txt	5906.lswap-49fac07a5323.txt	ab88abce72ba
7	5906.lswap-e2d18fca77cb.txt	5906.lswap-5dbb54e50268.txt	ab88abce72ba
7	5906.lswap-e2d18fca77cb.txt	5906.lswap-9f3672f6c430.txt	ab88abce72ba
7	5906.lswap-e2d18fca77cb.txt	5906.lswap-af54b6f406a6.txt	ab88abce72ba
7	5906.lswap-e2d18fca77cb.txt	5906.lswap-e145b859ca30.txt	0d491f159886
7	5906.lswap-e2d18fca77cb.txt	5906.up-331e3f0f91ee.txt	ab88abce72ba
7	5906.lswap-e2d18fca77cb.txt	5906.up-d2559533f431.txt	ab88abce72ba
7	5906.lswap-e59a6239aa79.txt	5906.lswap-17203113788c.txt	ab88abce72ba
7	5906.lswap-e59a6239aa79.txt	5906.lswap-469763027c57.txt	3a3b52457923
7	5906.lswap-e59a6239aa79.txt	5906.lswap-4c179f65aa4b.txt	ab88abce72ba
7	5906.lswap-e59a6239aa79.txt	5906.lswap-5764c730eaee.txt	ab88abce72ba
7	5906.lswap-e59a6239aa79.txt	5906.lswap-aa52880fc9e0.txt	ab88abce72ba
7	5906.lswap-e59a6239aa79.txt	5906.up-91a0d3cd2c14.txt	ab88abce72ba
7	5906.lswap-e59a6239aa79.txt	5906.up-e94d2b57a7d4.txt	ab88abce72ba
7	5906.lswap-e73e096376f0.txt	5906.lswap-2497c9291398.txt	ab88abce72ba
7	5906.lswap-e73e096376f0.txt	5906.lswap-25804d565b10.txt	ab88abce72ba
7	5906.lswap-e73e096376f0.txt	5906.lswap-29ee6f7c1197.txt	ab88abce72ba
7	5906.lswap-e73e096376f0.txt	5906.lswap-49fac07a5323.txt	ab88abce72ba
7	5906.lswap-e73e096376f0.txt	5906.lswap-7f47c6e6eeda.txt	ab88abce72ba
7	5906.lswap-e73e096376f0.txt	5906.lswap-9f3672f6c430.txt	ab88abce72ba
7	5906.lswap-ebd38bf2c1cd.txt	5906.i4a-29c55ed5fbf6.txt	ab88abce72ba
7	5906.lswap-ebd38bf2c1cd.txt	5906.i4a-c1080e26f60c.txt	ab88abce72ba
7	5906.lswap-eeb9a73f4b33.txt	5906.lswap-0de54c0a7bb6.txt	80b2932b3a5d
7	5906.lswap-eeb9a73f4b33.txt	5906.lswap-25804d565b10.txt	ab88abce72ba
7	5906.lswap-eeb9a73f4b33.txt	5906.lswap-5dbb54e50268.txt	ab88abce72ba
7	5906.lswap-eeb9a73f4b33.txt	5906.lswap-80e6c24a2613.txt	ab88abce72ba
7	5906.lswap-eeb9a73f4b33.txt	5906.lswap-964ebce5847f.txt	af945ab938fd
7	5906.lswap-eeb9a73f4b33.txt	5906.lswap-9f3672f6c430.txt	ab88abce72ba
7	5906.lswap-eeb9a73f4b33.txt	5906.lswap-afd973e1a915.txt	0d491f159886
7	5906.lswap-eeb9a73f4b33.txt	5906.up-0d2e98183c29.txt	ab88abce72ba
7	5906.lswap-eeb9a73f4b33.txt	5906.up-d2559533f431.txt	ab88abce72ba
7	5906.lswap-f4c2deec7c96.txt	5906.up-331228e22360.txt	ab88abce72ba
7	5906.lswap-f6dbf9989449.txt	5906.lswap-0de54c0a7bb6.txt	ab88abce72ba
7	5906.lswap-f6dbf9989449.txt	5906.lswap-469763027c57.txt	ab88abce72ba
7	5906.lswap-f6dbf9989449.txt	5906.lswap-5228890279ca.txt	ab88abce72ba
7	5906.lswap-f6dbf9989449.txt	5906.lswap-964ebce5847f.txt	ab88abce72ba
7	5906.lswap-f6dbf9989449.txt	5906.lswap-a28e203d65dc.txt	ab88abce72ba
7	5906.lswap-f6dbf9989449.txt	5906.lswap-aa52880fc9e0.txt	0d491f159886
7	5906.lswap-f6dbf9989449.txt	5906.lswap-cae9c3b46793.txt	ab88abce72ba
7	5906.lswap-f8f86258580e.txt	5906.lswap-17946ea8ba63.txt	ab88abce72ba
7	5906.lswap-f8f86258580e.txt	5906.lswap-6008b60b1c2c.txt	ab88abce72ba
7	5906.lswap-f8f86258580e.txt	5906.up-454308027985.txt	ab88abce72ba
7	5906.lswap-f8f86258580e.txt	5906.up-e132c7a7c340.txt	ab88abce72ba
7	5906.lswap-fde8e0f0f322.txt	5906.up-55058cab6cba.txt	ab88abce72ba
7	5906.lswap-fde8e0f0f322.txt	5906.up-f0a3bb335ed9.txt	ab88abce72ba
7	5906.up-02d771908307.txt	5906.lswap-68a263f18066.txt	ab88abce72ba
7	5906.up-02d771908307.txt	5906.lswap-d515e64b87be.txt	ab88abce72ba
7	5906.up-02d771908307.txt	5906.up-9a915a83c416.txt	9b8ddcec1214
7	5906.up-0a065898a821.txt	5906.lswap-06f4ba2c8122.txt	ab88abce72ba
7	5906.up-0a065898a821.txt	5906.lswap-9f885c2a5e20.txt	ab88abce72ba
7	5906.up-0a065898a821.txt	5906.up-377da0a3c300.txt	7c2769543fc5
7	5906.up-0a065898a821.txt	5906.up-63a938be8d73.txt	2ca0aa902a05
7	5906.up-0a065898a821.txt	5906.up-6597315411ea.txt	65d9c5d02da1
7	5906.up-0a065898a821.txt	5906.up-72482a71c81e.txt	8a34ad08d7c8
7	5906.up-0a065898a821.txt	5906.up-c3afee7ed153.txt	9a425576c7dd
7	5906.up-0a065898a821.txt	5906.up-c63a66adbc60.txt	e5adb9d02203
7	5906.up-0a065898a821.txt	5906.up-d1489855deef.txt	c957d4264558
7	5906.up-0d2e98183c29.txt	5906.lswap-52e683fb05d3.txt	ab88abce72ba
7	5906.up-0d2e98183c29.txt	5906.lswap-9759fb4af500.txt	ab88abce72ba
7	5906.up-0d2e98183c29.txt	5906.lswap-eeb9a73f4b33.txt	ab88abce72ba
7	5906.up-0d2e98183c29.txt	5906.up-168d62e1a9d1.txt	af945ab938fd
7	5906.up-0d2e98183c29.txt	5906.up-2cb6c1139592.txt	80b2932b3a5d
7	5906.up-0d2e98183c29.txt	5906.up-77512ee88848.txt	0d491f159886
7	5906.up-0db50fc7743c.txt	5906.lswap-025c4805fc39.txt	ab88abce72ba
7	5906.up-0db50fc7743c.txt	5906.lswap-031568aa1b5c.txt	ab88abce72ba
7	5906.up-0db50fc7743c.txt	5906.lswap-5808edca979d.txt	ab88abce72ba
7	5906.up-0db50fc7743c.txt	5906.up-16ca46d2c5a9.txt	3a3b52457923
7	5906.up-1206598d1ff0.txt	5906.i4a-7f46c8149026.txt	4f116897fd63
7	5906.up-1206598d1ff0.txt	5906.lswap-0d13fc4a8a4a.txt	ab88abce72ba
7	5906.up-1206598d1ff0.txt	5906.up-6a142cb8e27d.txt	d0f1e2321709
7	5906.up-14e2c7b29aae.txt	5906.lswap-be4759bc731a.txt	ab88abce72ba
7	5906.up-14e2c7b29aae.txt	5906.lswap-cf5ecb0e9ecc.txt	ab88abce72ba
7	5906.up-14e2c7b29aae.txt	5906.lswap-d252e4d38aa9.txt	ab88abce72ba
7	5906.up-14e2c7b29aae.txt	5906.up-168d62e1a9d1.txt	3a3b52457923
7	5906.up-14e2c7b29aae.txt	5906.up-5ce87c54ecea.txt	f0ace59fbec2
7	5906.up-14e2c7b29aae.txt	5906.up-77512ee88848.txt	eb8331df9ee8
7	5906.up-14e2c7b29aae.txt	5906.up-a838f31a7b4f.txt	2c806c1bf6e3
7	5906.up-168d62e1a9d1.txt	5906.lswap-964ebce5847f.txt	ab88abce72ba
7	5906.up-168d62e1a9d1.txt	5906.lswap-be4759bc731a.txt	ab88abce72ba
7	5906.up-168d62e1a9d1.txt	5906.lswap-cae9c3b46793.txt	ab88abce72ba
7	5906.up-168d62e1a9d1.txt	5906.up-0d2e98183c29.txt	eb8331df9ee8
7	5906.up-168d62e1a9d1.txt	5906.up-14e2c7b29aae.txt	0d491f159886
7	5906.up-168d62e1a9d1.txt	5906.up-2cb6c1139592.txt	2c806c1bf6e3
7	5906.up-16ca46d2c5a9.txt	5906.lswap-031568aa1b5c.txt	ab88abce72ba
7	5906.up-16ca46d2c5a9.txt	5906.lswap-52e683fb05d3.txt	ab88abce72ba
7	5906.up-16ca46d2c5a9.txt	5906.lswap-62d959eb4e73.txt	ab88abce72ba
7	5906.up-16ca46d2c5a9.txt	5906.up-0db50fc7743c.txt	0d491f159886
7	5906.up-1bced7f87a93.txt	5906.lswap-9edd04d13626.txt	ab88abce72ba
7	5906.up-207dc5352d35.txt	5906.lswap-dcc866de4e11.txt	ab88abce72ba
7	5906.up-207dc5352d35.txt	5906.lswap-e21e24656b8e.txt	ab88abce72ba
7	5906.up-207dc5352d35.txt	5906.up-37ac2db82134.txt	ea1ae55099c1
7	5906.up-23ca8a9bcc81.txt	5906.lswap-1e70957354f1.txt	ab88abce72ba
7	5906.up-23ca8a9bcc81.txt	5906.lswap-423441640591.txt	ab88abce72ba
7	5906.up-23ca8a9bcc81.txt	5906.up-aed220b1ebc4.txt	7c2769543fc5
7	5906.up-2cb6c1139592.txt	5906.lswap-0de54c0a7bb6.txt	ab88abce72ba
7	5906.up-2cb6c1139592.txt	5906.lswap-41a210488ac9.txt	ab88abce72ba
7	5906.up-2cb6c1139592.txt	5906.lswap-cae9c3b46793.txt	ab88abce72ba
7	5906.up-2cb6c1139592.txt	5906.up-0d2e98183c29.txt	781dcd7d819f
7	5906.up-2cb6c1139592.txt	5906.up-168d62e1a9d1.txt	7c2769543fc5
7	5906.up-2cb6c1139592.txt	5906.up-a838f31a7b4f.txt	0d491f159886
7	5906.up-331228e22360.txt	5906.lswap-f4c2deec7c96.txt	ab88abce72ba
7	5906.up-331e3f0f91ee.txt	5906.lswap-3b66fbdbdf53.txt	ab88abce72ba
7	5906.up-331e3f0f91ee.txt	5906.lswap-62d959eb4e73.txt	ab88abce72ba
7	5906.up-331e3f0f91ee.txt	5906.lswap-e2d18fca77cb.txt	ab88abce72ba
7	5906.up-331e3f0f91ee.txt	5906.up-53b55626d912.txt	0d491f159886
7	5906.up-377da0a3c300.txt	5906.lswap-06f4ba2c8122.txt	ab88abce72ba
7	5906.up-377da0a3c300.txt	5906.lswap-945cf8ae5bef.txt	ab88abce72ba
7	5906.up-377da0a3c300.txt	5906.up-0a065898a821.txt	2c806c1bf6e3
7	5906.up-377da0a3c300.txt	5906.up-63a938be8d73.txt	e27783cacfbe
7	5906.up-377da0a3c300.txt	5906.up-6597315411ea.txt	11d3809be670
7	5906.up-377da0a3c300.txt	5906.up-c3afee7ed153.txt	65d9c5d02da1
7	5906.up-377da0a3c300.txt	5906.up-c63a66adbc60.txt	c957d4264558
7	5906.up-377da0a3c300.txt	5906.up-d1489855deef.txt	814f28d8ff6a
7	5906.up-377da0a3c300.txt	5906.up-f2c7804be474.txt	8a34ad08d7c8
7	5906.up-37ac2db82134.txt	5906.lswap-25cebe1ff658.txt	ab88abce72ba
7	5906.up-37ac2db82134.txt	5906.lswap-dcc866de4e11.txt	ab88abce72ba
7	5906.up-37ac2db82134.txt	5906.up-207dc5352d35.txt	cb47d5e063e0
7	5906.up-3de4f10d5095.txt	5906.up-a235b0e09b6c.txt	a5bfbb3d0e8e
7	5906.up-3de4f10d5095.txt	5906.up-abe33e328763.txt	d4745416b283
7	5906.up-3ffb4355518f.txt	5906.lswap-2c94cb485ad7.txt	ab88abce72ba
7	5906.up-454308027985.txt	5906.lswap-4a581202d46c.txt	ab88abce72ba
7	5906.up-454308027985.txt	5906.lswap-f8f86258580e.txt	ab88abce72ba
7	5906.up-454308027985.txt	5906.up-e132c7a7c340.txt	d6f9e3aaed73
7	5906.up-53b55626d912.txt	5906.lswap-025c4805fc39.txt	ab88abce72ba
7	5906.up-53b55626d912.txt	5906.lswap-3b66fbdbdf53.txt	ab88abce72ba
7	5906.up-53b55626d912.txt	5906.lswap-e145b859ca30.txt	ab88abce72ba
7	5906.up-53b55626d912.txt	5906.up-331e3f0f91ee.txt	3a3b52457923
7	5906.up-55058cab6cba.txt	5906.lswap-fde8e0f0f322.txt	ab88abce72ba
7	5906.up-55058cab6cba.txt	5906.up-f0a3bb335ed9.txt	9ce30e66b306
7	5906.up-56126e7237c3.txt	5906.lswap-cf8339eb5ca7.txt	ab88abce72ba
7	5906.up-5ce87c54ecea.txt	5906.lswap-c55c2b0fbb0f.txt	ab88abce72ba
7	5906.up-5ce87c54ecea.txt	5906.up-14e2c7b29aae.txt	6bef45ce8a91
7	5906.up-63a938be8d73.txt	5906.lswap-c394b34cb7cc.txt	ab88abce72ba
7	5906.up-63a938be8d73.txt	5906.up-0a065898a821.txt	339d7fc0a36e
7	5906.up-63a938be8d73.txt	5906.up-377da0a3c300.txt	c1f09ce0386f
7	5906.up-63a938be8d73.txt	5906.up-6597315411ea.txt	e398e9782d7a
7	5906.up-63a938be8d73.txt	5906.up-72482a71c81e.txt	ba5345a2c444
7	5906.up-63a938be8d73.txt	5906.up-c3afee7ed153.txt	5bd9509256ff
7	5906.up-63a938be8d73.txt	5906.up-c63a66adbc60.txt	a086d7bc1418
7	5906.up-63a938be8d73.txt	5906.up-d1489855deef.txt	5be118229918
7	5906.up-63a938be8d73.txt	5906.up-d8c6ba46400e.txt	311e9750fe53
7	5906.up-63a938be8d73.txt	5906.up-f2c7804be474.txt	2c483ace0daa
7	5906.up-6597315411ea.txt	5906.lswap-3a55a72f70d6.txt	ab88abce72ba
7	5906.up-6597315411ea.txt	5906.lswap-67fc5c2184ab.txt	ab88abce72ba
7	5906.up-6597315411ea.txt	5906.up-0a065898a821.txt	65d9c5d02da1
7	5906.up-6597315411ea.txt	5906.up-377da0a3c300.txt	2021ad1a80b0
7	5906.up-6597315411ea.txt	5906.up-63a938be8d73.txt	9dd6fedb3d36
7	5906.up-6597315411ea.txt	5906.up-72482a71c81e.txt	72b83588e07a
7	5906.up-6597315411ea.txt	5906.up-c3afee7ed153.txt	7c2769543fc5
7	5906.up-6597315411ea.txt	5906.up-d1489855deef.txt	8a34ad08d7c8
7	5906.up-6597315411ea.txt	5906.up-f2c7804be474.txt	8d51e0d74976
7	5906.up-6a142cb8e27d.txt	5906.i4a-66637a3b8941.txt	d84249ff102d
7	5906.up-6a142cb8e27d.txt	5906.lswap-0d13fc4a8a4a.txt	ab88abce72ba
7	5906.up-6a142cb8e27d.txt	5906.up-1206598d1ff0.txt	d0f1e2321709
7	5906.up-6f42b3603dac.txt	5906.lswap-637b5054102a.txt	ab88abce72ba
7	5906.up-6f42b3603dac.txt	5906.up-7f9a93193f10.txt	8a34ad08d7c8
7	5906.up-72482a71c81e.txt	5906.lswap-9bf7e32c6472.txt	ab88abce72ba
7	5906.up-72482a71c81e.txt	5906.lswap-9f885c2a5e20.txt	ab88abce72ba
7	5906.up-72482a71c81e.txt	5906.up-0a065898a821.txt	eb70d1e95c8b
7	5906.up-72482a71c81e.txt	5906.up-63a938be8d73.txt	1af57ae297b0
7	5906.up-72482a71c81e.txt	5906.up-6597315411ea.txt	ffee627b3f58
7	5906.up-72482a71c81e.txt	5906.up-c3afee7ed153.txt	54df7d6885d9
7	5906.up-72482a71c81e.txt	5906.up-c63a66adbc60.txt	9a425576c7dd
7	5906.up-72482a71c81e.txt	5906.up-d1489855deef.txt	65d9c5d02da1
7	5906.up-72482a71c81e.txt	5906.up-f2c7804be474.txt	7c2769543fc5
7	5906.up-756ff2ed09bd.txt	5906.lswap-9bd2a50baa0e.txt	ab88abce72ba
7	5906.up-77512ee88848.txt	5906.lswap-5808edca979d.txt	ab88abce72ba
7	5906.up-77512ee88848.txt	5906.lswap-9759fb4af500.txt	ab88abce72ba
7	5906.up-77512ee88848.txt	5906.lswap-afd973e1a915.txt	ab88abce72ba
7	5906.up-77512ee88848.txt	5906.up-0d2e98183c29.txt	3a3b52457923
7	5906.up-77512ee88848.txt	5906.up-14e2c7b29aae.txt	af945ab938fd
7	5906.up-77512ee88848.txt	5906.up-a838f31a7b4f.txt	80b2932b3a5d
7	5906.up-78d638be95ae.txt	5906.lswap-20db05a5b51e.txt	ab88abce72ba
7	5906.up-7c111e182316.txt	5906.lswap-2fb529601be6.txt	ab88abce72ba
7	5906.up-7c111e182316.txt	5906.lswap-3c791ffa671d.txt	ab88abce72ba
7	5906.up-7c111e182316.txt	5906.up-b2d6bec1e3bd.txt	2c806c1bf6e3
7	5906.up-7f9a93193f10.txt	5906.lswap-637b5054102a.txt	ab88abce72ba
7	5906.up-7f9a93193f10.txt	5906.up-6f42b3603dac.txt	eb70d1e95c8b
7	5906.up-8ec03171f5df.txt	5906.lswap-52f45c5e8e22.txt	ab88abce72ba
7	5906.up-8ec03171f5df.txt	5906.lswap-afd973e1a915.txt	ab88abce72ba
7	5906.up-8ec03171f5df.txt	5906.lswap-e145b859ca30.txt	ab88abce72ba
7	5906.up-8ec03171f5df.txt	5906.up-91a0d3cd2c14.txt	80b2932b3a5d
7	5906.up-8ec03171f5df.txt	5906.up-d2559533f431.txt	3a3b52457923
7	5906.up-8ec03171f5df.txt	5906.up-e94d2b57a7d4.txt	af945ab938fd
7	5906.up-91a0d3cd2c14.txt	5906.lswap-49fc63d034f2.txt	ab88abce72ba
7	5906.up-91a0d3cd2c14.txt	5906.lswap-6d7ea156bdcc.txt	ab88abce72ba
7	5906.up-91a0d3cd2c14.txt	5906.lswap-e59a6239aa79.txt	ab88abce72ba
7	5906.up-91a0d3cd2c14.txt	5906.up-8ec03171f5df.txt	781dcd7d819f
7	5906.up-91a0d3cd2c14.txt	5906.up-e94d2b57a7d4.txt	7c2769543fc5
7	5906.up-91a0d3cd2c14.txt	5906.up-eebb02e3baec.txt	3a3b52457923
7	5906.up-956f3f1864b5.txt	5906.lswap-2c94cb485ad7.txt	ab88abce72ba
7	5906.up-9a915a83c416.txt	5906.lswap-4a581202d46c.txt	ab88abce72ba
7	5906.up-9a915a83c416.txt	5906.lswap-68a263f18066.txt	ab88abce72ba
7	5906.up-9a915a83c416.txt	5906.up-02d771908307.txt	d6f9e3aaed73
7	5906.up-a001786e5861.txt	5906.lswap-7bd46049981f.txt	ab88abce72ba
7	5906.up-a001786e5861.txt	5906.lswap-e21e24656b8e.txt	ab88abce72ba
7	5906.up-a001786e5861.txt	5906.up-e1680a9d0e30.txt	ea1ae55099c1
7	5906.up-a00b3e52965d.txt	5906.lswap-c55c2b0fbb0f.txt	ab88abce72ba
7	5906.up-a233fdf94b8d.txt	5906.lswap-9edd04d13626.txt	ab88abce72ba
7	5906.up-a235b0e09b6c.txt	5906.lswap-aea48ef05d9e.txt	ab88abce72ba
7	5906.up-a235b0e09b6c.txt	5906.up-3de4f10d5095.txt	261467a93592
7	5906.up-a235b0e09b6c.txt	5906.up-abe33e328763.txt	ab88abce72ba
7	5906.up-a838f31a7b4f.txt	5906.lswap-41a210488ac9.txt	ab88abce72ba
7	5906.up-a838f31a7b4f.txt	5906.lswap-49fc63d034f2.txt	ab88abce72ba
7	5906.up-a838f31a7b4f.txt	5906.lswap-cf5ecb0e9ecc.txt	ab88abce72ba
7	5906.up-a838f31a7b4f.txt	5906.up-14e2c7b29aae.txt	7c2769543fc5
7	5906.up-a838f31a7b4f.txt	5906.up-2cb6c1139592.txt	3a3b52457923
7	5906.up-a838f31a7b4f.txt	5906.up-77512ee88848.txt	781dcd7d819f
7	5906.up-abe33e328763.txt	5906.up-3de4f10d5095.txt	8ef3666ccfd4
7	5906.up-abe33e328763.txt	5906.up-a235b0e09b6c.txt	ab88abce72ba
7	5906.up-aed220b1ebc4.txt	5906.lswap-2fb529601be6.txt	ab88abce72ba
7	5906.up-aed220b1ebc4.txt	5906.lswap-423441640591.txt	ab88abce72ba
7	5906.up-aed220b1ebc4.txt	5906.up-23ca8a9bcc81.txt	2c806c1bf6e3
7	5906.up-b2d6bec1e3bd.txt	5906.lswap-1e70957354f1.txt	ab88abce72ba
7	5906.up-b2d6bec1e3bd.txt	5906.lswap-3c791ffa671d.txt	ab88abce72ba
7	5906.up-b2d6bec1e3bd.txt	5906.up-7c111e182316.txt	7c2769543fc5
7	5906.up-bd458e7fc19e.txt	5906.lswap-cf8339eb5ca7.txt	ab88abce72ba
7	5906.up-c3afee7ed153.txt	5906.lswap-28b97fbb68d1.txt	ab88abce72ba
7	5906.up-c3afee7ed153.txt	5906.lswap-67fc5c2184ab.txt	ab88abce72ba
7	5906.up-c3afee7ed153.txt	5906.up-0a065898a821.txt	db92437171e9
7	5906.up-c3afee7ed153.txt	5906.up-377da0a3c300.txt	65d9c5d02da1
7	5906.up-c3afee7ed153.txt	5906.up-63a938be8d73.txt	4051cfed06ab
7	5906.up-c3afee7ed153.txt	5906.up-6597315411ea.txt	2c806c1bf6e3
7	5906.up-c3afee7ed153.txt	5906.up-72482a71c81e.txt	92fb5307eb65
7	5906.up-c3afee7ed153.txt	5906.up-c63a66adbc60.txt	8a34ad08d7c8
7	5906.up-c3afee7ed153.txt	5906.up-f2c7804be474.txt	72b83588e07a
7	5906.up-c63a66adbc60.txt	5906.lswap-09c105553d61.txt	ab88abce72ba
7	5906.up-c63a66adbc60.txt	5906.lswap-28b97fbb68d1.txt	ab88abce72ba
7	5906.up-c63a66adbc60.txt	5906.up-0a065898a821.txt	a30f47d5ff89
7	5906.up-c63a66adbc60.txt	5906.up-377da0a3c300.txt	acfe7a414bb7
7	5906.up-c63a66adbc60.txt	5906.up-63a938be8d73.txt	214cd7ac6e3f
7	5906.up-c63a66adbc60.txt	5906.up-72482a71c81e.txt	db92437171e9
7	5906.up-c63a66adbc60.txt	5906.up-c3afee7ed153.txt	eb70d1e95c8b
7	5906.up-c63a66adbc60.txt	5906.up-d1489855deef.txt	2c806c1bf6e3
7	5906.up-c63a66adbc60.txt	5906.up-f2c7804be474.txt	65d9c5d02da1
7	5906.up-d1489855deef.txt	5906.lswap-09c105553d61.txt	ab88abce72ba
7	5906.up-d1489855deef.txt	5906.lswap-3a55a72f70d6.txt	ab88abce72ba
7	5906.up-d1489855deef.txt	5906.up-0a065898a821.txt	acfe7a414bb7
7	5906.up-d1489855deef.txt	5906.up-377da0a3c300.txt	f5fd978d8b6a
7	5906.up-d1489855deef.txt	5906.up-63a938be8d73.txt	569e779b71c2
7	5906.up-d1489855deef.txt	5906.up-6597315411ea.txt	eb70d1e95c8b
7	5906.up-d1489855deef.txt	5906.up-72482a71c81e.txt	65d9c5d02da1
7	5906.up-d1489855deef.txt	5906.up-c63a66adbc60.txt	7c2769543fc5
7	5906.up-d1489855deef.txt	5906.up-f2c7804be474.txt	2021ad1a80b0
7	5906.up-d2559533f431.txt	5906.lswap-52f45c5e8e22.txt	ab88abce72ba
7	5906.up-d2559533f431.txt	5906.lswap-e2d18fca77cb.txt	ab88abce72ba
7	5906.up-d2559533f431.txt	5906.lswap-eeb9a73f4b33.txt	ab88abce72ba
7	5906.up-d2559533f431.txt	5906.up-8ec03171f5df.txt	0d491f159886
7	5906.up-d2559533f431.txt	5906.up-e948752d6a32.txt	af945ab938fd
7	5906.up-d2559533f431.txt	5906.up-eebb02e3baec.txt	80b2932b3a5d
7	5906.up-d8c6ba46400e.txt	5906.lswap-c394b34cb7cc.txt	ab88abce72ba
7	5906.up-d8c6ba46400e.txt	5906.up-63a938be8d73.txt	9ce30e66b306
7	5906.up-e132c7a7c340.txt	5906.lswap-d515e64b87be.txt	ab88abce72ba
7	5906.up-e132c7a7c340.txt	5906.lswap-f8f86258580e.txt	ab88abce72ba
7	5906.up-e132c7a7c340.txt	5906.up-454308027985.txt	9b8ddcec1214
7	5906.up-e1680a9d0e30.txt	5906.lswap-25cebe1ff658.txt	ab88abce72ba
7	5906.up-e1680a9d0e30.txt	5906.lswap-7bd46049981f.txt	ab88abce72ba
7	5906.up-e1680a9d0e30.txt	5906.up-a001786e5861.txt	cb47d5e063e0
7	5906.up-e65e244c83d3.txt	5906.lswap-20db05a5b51e.txt	ab88abce72ba
7	5906.up-e948752d6a32.txt	5906.lswap-469763027c57.txt	ab88abce72ba
7	5906.up-e948752d6a32.txt	5906.lswap-6bd82af50a4e.txt	ab88abce72ba
7	5906.up-e948752d6a32.txt	5906.lswap-964ebce5847f.txt	ab88abce72ba
7	5906.up-e948752d6a32.txt	5906.up-d2559533f431.txt	eb8331df9ee8
7	5906.up-e948752d6a32.txt	5906.up-e94d2b57a7d4.txt	0d491f159886
7	5906.up-e948752d6a32.txt	5906.up-eebb02e3baec.txt	2c806c1bf6e3
7	5906.up-e94d2b57a7d4.txt	5906.lswap-6bd82af50a4e.txt	ab88abce72ba
7	5906.up-e94d2b57a7d4.txt	5906.lswap-d252e4d38aa9.txt	ab88abce72ba
7	5906.up-e94d2b57a7d4.txt	5906.lswap-e59a6239aa79.txt	ab88abce72ba
7	5906.up-e94d2b57a7d4.txt	5906.up-8ec03171f5df.txt	eb8331df9ee8
7	5906.up-e94d2b57a7d4.txt	5906.up-91a0d3cd2c14.txt	2c806c1bf6e3
7	5906.up-e94d2b57a7d4.txt	5906.up-e948752d6a32.txt	3a3b52457923
7	5906.up-eebb02e3baec.txt	5906.lswap-0de54c0a7bb6.txt	ab88abce72ba
7	5906.up-eebb02e3baec.txt	5906.lswap-469763027c57.txt	ab88abce72ba
7	5906.up-eebb02e3baec.txt	5906.lswap-6d7ea156bdcc.txt	ab88abce72ba
7	5906.up-eebb02e3baec.txt	5906.up-91a0d3cd2c14.txt	0d491f159886
7	5906.up-eebb02e3baec.txt	5906.up-d2559533f431.txt	781dcd7d819f
7	5906.up-eebb02e3baec.txt	5906.up-e948752d6a32.txt	7c2769543fc5
7	5906.up-f0a3bb335ed9.txt	5906.lswap-fde8e0f0f322.txt	ab88abce72ba
7	5906.up-f0a3bb335ed9.txt	5906.up-55058cab6cba.txt	311e9750fe53
7	5906.up-f2c7804be474.txt	5906.lswap-945cf8ae5bef.txt	ab88abce72ba
7	5906.up-f2c7804be474.txt	5906.lswap-9bf7e32c6472.txt	ab88abce72ba
7	5906.up-f2c7804be474.txt	5906.up-377da0a3c300.txt	eb70d1e95c8b
7	5906.up-f2c7804be474.txt	5906.up-63a938be8d73.txt	4cacb912829b
7	5906.up-f2c7804be474.txt	5906.up-6597315411ea.txt	0b34b5c6c34a
7	5906.up-f2c7804be474.txt	5906.up-72482a71c81e.txt	2c806c1bf6e3
7	5906.up-f2c7804be474.txt	5906.up-c3afee7ed153.txt	ffee627b3f58
7	5906.up-f2c7804be474.txt	5906.up-c63a66adbc60.txt	65d9c5d02da1
7	5906.up-f2c7804be474.txt	5906.up-d1489855deef.txt	11d3809be670
7	5906.up-5ce87c54ecea.txt	5906.up-a838f31a7b4f.txt	a68147808d5d
7	5906.up-a838f31a7b4f.txt	5906.up-5ce87c54ecea.txt	75a33d1c2c49
