rule_id	n	ents_out	ents_in	doors_out	doors_in	n_pairs	sigs	example_pair
48c30fab9556	7	1234567,1245637,2345617,2456317,3124567,3456127,4561237,4563127,5612347,5631247,6123457,6312457	1472653,1762543,2541763,2651473,4176253,4726513,5147263,5417623,6254173,6514723,7265143,7625413			7	-	5906.up-23ca8a9bcc81.txt~5906.up-eebb02e3baec.txt
803ec382c593	7	1472653,1762543,2541763,2651473,4176253,4726513,5147263,5417623,6254173,6514723,7265143,7625413	1234567,1245637,2345617,2456317,3124567,3456127,4561237,4563127,5612347,5631247,6123457,6312457			7	-	5906.up-23ca8a9bcc81.txt~5906.up-eebb02e3baec.txt
fd3d2036ee73	7	1472653,1574632,1745632,1746532,1754632,1762543,2541763,2651473,3157462,3174562,3174652,3175462,4176253,4563172,4631572,4631752,4653172,4726513,5147263,5317462,5417623,5463172,5631742,5746312,6254173,6315742,6317452,6317542,6514723,6531742,7265143,7456312,7463152,7465312,7546312,7625413	1234567,1245637,1274635,1724635,1742635,1746235,2317465,2345617,2456317,2463175,2631745,2746315,3124567,3127465,3172465,3174265,3174625,3456127,4263175,4561237,4563127,4623175,4631275,4631725,5612347,5631247,6123457,6231745,6312457,6312745,6317245,6317425,7246315,7426315,7462315,7463125			5	-	5906.lswap-17203113788c.txt~5906.lswap-423441640591.txt
9ffeb4ce9bae	7	1234567,1245637,1274635,1724635,1742635,1746235,2317465,2345617,2456317,2463175,2631745,2746315,3124567,3127465,3172465,3174265,3174625,3456127,4263175,4561237,4563127,4623175,4631275,4631725,5612347,5631247,6123457,6231745,6312457,6312745,6317245,6317425,7246315,7426315,7462315,7463125	1472653,1574632,1745632,1746532,1754632,1762543,2541763,2651473,3157462,3174562,3174652,3175462,4176253,4563172,4631572,4631752,4653172,4726513,5147263,5317462,5417623,5463172,5631742,5746312,6254173,6315742,6317452,6317542,6514723,6531742,7265143,7456312,7463152,7465312,7546312,7625413			5	-	5906.lswap-17203113788c.txt~5906.lswap-423441640591.txt
55ebb8b168a5	7	1243576,1423576,1432576,1435276,1472653,1574632,1745632,1746532,1754632,1762543,2357146,2435716,2541763,2571436,2651473,2714356,3157462,3174562,3174652,3175462,3257146,3527146,3571246,3571426,4176253,4235716,4325716,4352716,4357126,4563172,4631572,4631752,4653172,4726513,5147263,5271436,5317462,5417623,5463172,5631742,5712436,5714236,5714326,5746312,6254173,6315742,6317452,6317542,6514723,6531742,7124356,7142356,7143256,7143526,7265143,7456312,7463152,7465312,7546312,7625413	1234567,1245637,1274635,1435672,1436572,1463572,1643572,1724635,1742635,1746235,2317465,2345617,2456317,2463175,2631745,2746315,3124567,3127465,3172465,3174265,3174625,3456127,3567142,3571462,3571642,3657142,4263175,4356712,4357162,4365712,4561237,4563127,4623175,4631275,4631725,4635712,5612347,5631247,5671432,5714362,5714632,5716432,6123457,6231745,6312457,6312745,6317245,6317425,6357142,6435712,6571432,6714352,7143562,7143652,7146352,7164352,7246315,7426315,7462315,7463125			4	-	5906.lswap-17203113788c.txt~5906.lswap-821102adfff8.txt
ab11977fcf47	7	1234567,1245637,1274635,1435672,1436572,1463572,1643572,1724635,1742635,1746235,2317465,2345617,2456317,2463175,2631745,2746315,3124567,3127465,3172465,3174265,3174625,3456127,3567142,3571462,3571642,3657142,4263175,4356712,4357162,4365712,4561237,4563127,4623175,4631275,4631725,4635712,5612347,5631247,5671432,5714362,5714632,5716432,6123457,6231745,6312457,6312745,6317245,6317425,6357142,6435712,6571432,6714352,7143562,7143652,7146352,7164352,7246315,7426315,7462315,7463125	1243576,1423576,1432576,1435276,1472653,1574632,1745632,1746532,1754632,1762543,2357146,2435716,2541763,2571436,2651473,2714356,3157462,3174562,3174652,3175462,3257146,3527146,3571246,3571426,4176253,4235716,4325716,4352716,4357126,4563172,4631572,4631752,4653172,4726513,5147263,5271436,5317462,5417623,5463172,5631742,5712436,5714236,5714326,5746312,6254173,6315742,6317452,6317542,6514723,6531742,7124356,7142356,7143256,7143526,7265143,7456312,7463152,7465312,7546312,7625413			4	-	5906.lswap-17203113788c.txt~5906.lswap-821102adfff8.txt
e3da64e6da9b	7	1357462,1374562,1374652,1472653,1537462,1762543,2541763,2651473,3574612,3745612,3746152,3746512,4176253,4561372,4613572,4615372,4651372,4726513,5137462,5147263,5374612,5417623,5613742,5746132,6135742,6137452,6153742,6254173,6513742,6514723,7265143,7456132,7461352,7461532,7465132,7625413	1234567,1237465,1245637,1327465,1374265,1374625,2137465,2345617,2374615,2456317,2613745,2746135,3124567,3274615,3456127,3742615,3746125,3746215,4261375,4561237,4563127,4612375,4613275,4621375,5612347,5631247,6123457,6123745,6132745,6137425,6213745,6312457,7426135,7461235,7461325,7462135			3	-	5906.lswap-469763027c57.txt~5906.up-23ca8a9bcc81.txt
3f4b1bcb6fa8	7	1234567,1237465,1245637,1327465,1374265,1374625,2137465,2345617,2374615,2456317,2613745,2746135,3124567,3274615,3456127,3742615,3746125,3746215,4261375,4561237,4563127,4612375,4613275,4621375,5612347,5631247,6123457,6123745,6132745,6137425,6213745,6312457,7426135,7461235,7461325,7462135	1357462,1374562,1374652,1472653,1537462,1762543,2541763,2651473,3574612,3745612,3746152,3746512,4176253,4561372,4613572,4615372,4651372,4726513,5137462,5147263,5374612,5417623,5613742,5746132,6135742,6137452,6153742,6254173,6513742,6514723,7265143,7456132,7461352,7461532,7465132,7625413			3	-	5906.lswap-469763027c57.txt~5906.up-23ca8a9bcc81.txt
5d3074fe7163	7	1435672,1436572,1463572,1472653,1574632,1643572,1745632,1746532,1754632,1762543,2541763,2651473,3157462,3174562,3174652,3175462,3567142,3571462,3571642,3657142,4176253,4356712,4357162,4365712,4563172,4631572,4631752,4635712,4653172,4726513,5147263,5317462,5417623,5463172,5631742,5671432,5714362,5714632,5716432,5746312,6254173,6315742,6317452,6317542,6357142,6435712,6514723,6531742,6571432,6714352,7143562,7143652,7146352,7164352,7265143,7456312,7463152,7465312,7546312,7625413	1234567,1243576,1245637,1274635,1423576,1432576,1435276,1724635,1742635,1746235,2317465,2345617,2357146,2435716,2456317,2463175,2571436,2631745,2714356,2746315,3124567,3127465,3172465,3174265,3174625,3257146,3456127,3527146,3571246,3571426,4235716,4263175,4325716,4352716,4357126,4561237,4563127,4623175,4631275,4631725,5271436,5612347,5631247,5712436,5714236,5714326,6123457,6231745,6312457,6312745,6317245,6317425,7124356,7142356,7143256,7143526,7246315,7426315,7462315,7463125			3	-	5906.lswap-e0920da719d9.txt~5906.up-23ca8a9bcc81.txt
430f8ba0d5bf	7	1234567,1243576,1245637,1274635,1423576,1432576,1435276,1724635,1742635,1746235,2317465,2345617,2357146,2435716,2456317,2463175,2571436,2631745,2714356,2746315,3124567,3127465,3172465,3174265,3174625,3257146,3456127,3527146,3571246,3571426,4235716,4263175,4325716,4352716,4357126,4561237,4563127,4623175,4631275,4631725,5271436,5612347,5631247,5712436,5714236,5714326,6123457,6231745,6312457,6312745,6317245,6317425,7124356,7142356,7143256,7143526,7246315,7426315,7462315,7463125	1435672,1436572,1463572,1472653,1574632,1643572,1745632,1746532,1754632,1762543,2541763,2651473,3157462,3174562,3174652,3175462,3567142,3571462,3571642,3657142,4176253,4356712,4357162,4365712,4563172,4631572,4631752,4635712,4653172,4726513,5147263,5317462,5417623,5463172,5631742,5671432,5714362,5714632,5716432,5746312,6254173,6315742,6317452,6317542,6357142,6435712,6514723,6531742,6571432,6714352,7143562,7143652,7146352,7164352,7265143,7456312,7463152,7465312,7546312,7625413			3	-	5906.lswap-e0920da719d9.txt~5906.up-23ca8a9bcc81.txt
67eacd157bbc	7	1246735,1324675,1467325,1472653,1673245,1762543,2146735,2416735,2467135,2467315,2541763,2651473,3124675,3214675,3241675,3246715,4167325,4176253,4671325,4673125,4673215,4726513,5147263,5417623,6254173,6514723,6713245,6731245,6732145,6732415,7132465,7265143,7312465,7321465,7324165,7625413	1234567,1245637,2345617,2456317,2456731,2467351,2467531,2546731,3124567,3245671,3246751,3254671,3456127,3524671,4561237,4563127,4567321,4673251,4673521,4675321,5246731,5324671,5467321,5612347,5631247,5673241,6123457,6312457,6732451,6732541,6735241,6753241,7324561,7325461,7352461,7532461			3	-	5906.lswap-469763027c57.txt~5906.up-aed220b1ebc4.txt
3394d4cf4ce9	7	1234567,1245637,2345617,2456317,2456731,2467351,2467531,2546731,3124567,3245671,3246751,3254671,3456127,3524671,4561237,4563127,4567321,4673251,4673521,4675321,5246731,5324671,5467321,5612347,5631247,5673241,6123457,6312457,6732451,6732541,6735241,6753241,7324561,7325461,7352461,7532461	1246735,1324675,1467325,1472653,1673245,1762543,2146735,2416735,2467135,2467315,2541763,2651473,3124675,3214675,3241675,3246715,4167325,4176253,4671325,4673125,4673215,4726513,5147263,5417623,6254173,6514723,6713245,6731245,6732145,6732415,7132465,7265143,7312465,7321465,7324165,7625413			3	-	5906.lswap-469763027c57.txt~5906.up-aed220b1ebc4.txt
151c9d94814a	7	1234567,1245637,1246735,1324675,1467325,1673245,2146735,2345617,2416735,2456317,2467135,2467315,3124567,3124675,3214675,3241675,3246715,3456127,4167325,4561237,4563127,4671325,4673125,4673215,5612347,5631247,6123457,6312457,6713245,6731245,6732145,6732415,7132465,7312465,7321465,7324165	1472653,1762543,2456731,2467351,2467531,2541763,2546731,2651473,3245671,3246751,3254671,3524671,4176253,4567321,4673251,4673521,4675321,4726513,5147263,5246731,5324671,5417623,5467321,5673241,6254173,6514723,6732451,6732541,6735241,6753241,7265143,7324561,7325461,7352461,7532461,7625413			3	-	5906.lswap-423441640591.txt~5906.up-e948752d6a32.txt
5166d6e62e75	7	1472653,1762543,2456731,2467351,2467531,2541763,2546731,2651473,3245671,3246751,3254671,3524671,4176253,4567321,4673251,4673521,4675321,4726513,5147263,5246731,5324671,5417623,5467321,5673241,6254173,6514723,6732451,6732541,6735241,6753241,7265143,7324561,7325461,7352461,7532461,7625413	1234567,1245637,1246735,1324675,1467325,1673245,2146735,2345617,2416735,2456317,2467135,2467315,3124567,3124675,3214675,3241675,3246715,3456127,4167325,4561237,4563127,4671325,4673125,4673215,5612347,5631247,6123457,6312457,6713245,6731245,6732145,6732415,7132465,7312465,7321465,7324165			3	-	5906.lswap-423441640591.txt~5906.up-e948752d6a32.txt
b84e5852608b	7	1234567,1245637,1357462,1374562,1374652,1537462,2345617,2456317,3124567,3456127,3574612,3745612,3746152,3746512,4561237,4561372,4563127,4613572,4615372,4651372,5137462,5374612,5612347,5613742,5631247,5746132,6123457,6135742,6137452,6153742,6312457,6513742,7456132,7461352,7461532,7465132	1237465,1327465,1374265,1374625,1472653,1762543,2137465,2374615,2541763,2613745,2651473,2746135,3274615,3742615,3746125,3746215,4176253,4261375,4612375,4613275,4621375,4726513,5147263,5417623,6123745,6132745,6137425,6213745,6254173,6514723,7265143,7426135,7461235,7461325,7462135,7625413			3	-	5906.lswap-423441640591.txt~5906.up-eebb02e3baec.txt
90d033b7ddbf	7	1237465,1327465,1374265,1374625,1472653,1762543,2137465,2374615,2541763,2613745,2651473,2746135,3274615,3742615,3746125,3746215,4176253,4261375,4612375,4613275,4621375,4726513,5147263,5417623,6123745,6132745,6137425,6213745,6254173,6514723,7265143,7426135,7461235,7461325,7462135,7625413	1234567,1245637,1357462,1374562,1374652,1537462,2345617,2456317,3124567,3456127,3574612,3745612,3746152,3746512,4561237,4561372,4563127,4613572,4615372,4651372,5137462,5374612,5612347,5613742,5631247,5746132,6123457,6135742,6137452,6153742,6312457,6513742,7456132,7461352,7461532,7465132			3	-	5906.lswap-423441640591.txt~5906.up-eebb02e3baec.txt
51225a9bb93e	7	1234567,1245637,1246735,1274635,1324675,1467325,1673245,1724635,1742635,1746235,2146735,2317465,2345617,2416735,2456317,2463175,2467135,2467315,2631745,2746315,3124567,3124675,3127465,3172465,3174265,3174625,3214675,3241675,3246715,3456127,4167325,4263175,4561237,4563127,4623175,4631275,4631725,4671325,4673125,4673215,5612347,5631247,6123457,6231745,6312457,6312745,6317245,6317425,6713245,6731245,6732145,6732415,7132465,7246315,7312465,7321465,7324165,7426315,7462315,7463125	1472653,1574632,1745632,1746532,1754632,1762543,2456731,2467351,2467531,2541763,2546731,2651473,3157462,3174562,3174652,3175462,3245671,3246751,3254671,3524671,4176253,4563172,4567321,4631572,4631752,4653172,4673251,4673521,4675321,4726513,5147263,5246731,5317462,5324671,5417623,5463172,5467321,5631742,5673241,5746312,6254173,6315742,6317452,6317542,6514723,6531742,6732451,6732541,6735241,6753241,7265143,7324561,7325461,7352461,7456312,7463152,7465312,7532461,7546312,7625413			3	-	5906.lswap-1e70957354f1.txt~5906.lswap-a28e203d65dc.txt
96c7e62b0db1	7	1472653,1574632,1745632,1746532,1754632,1762543,2456731,2467351,2467531,2541763,2546731,2651473,3157462,3174562,3174652,3175462,3245671,3246751,3254671,3524671,4176253,4563172,4567321,4631572,4631752,4653172,4673251,4673521,4675321,4726513,5147263,5246731,5317462,5324671,5417623,5463172,5467321,5631742,5673241,5746312,6254173,6315742,6317452,6317542,6514723,6531742,6732451,6732541,6735241,6753241,7265143,7324561,7325461,7352461,7456312,7463152,7465312,7532461,7546312,7625413	1234567,1245637,1246735,1274635,1324675,1467325,1673245,1724635,1742635,1746235,2146735,2317465,2345617,2416735,2456317,2463175,2467135,2467315,2631745,2746315,3124567,3124675,3127465,3172465,3174265,3174625,3214675,3241675,3246715,3456127,4167325,4263175,4561237,4563127,4623175,4631275,4631725,4671325,4673125,4673215,5612347,5631247,6123457,6231745,6312457,6312745,6317245,6317425,6713245,6731245,6732145,6732415,7132465,7246315,7312465,7321465,7324165,7426315,7462315,7463125			3	-	5906.lswap-1e70957354f1.txt~5906.lswap-a28e203d65dc.txt
ddf5bfe474bf	7	1234567,1245637,1274635,1357462,1374562,1374652,1537462,1724635,1742635,1746235,2317465,2345617,2456317,2463175,2631745,2746315,3124567,3127465,3172465,3174265,3174625,3456127,3574612,3745612,3746152,3746512,4263175,4561237,4561372,4563127,4613572,4615372,4623175,4631275,4631725,4651372,5137462,5374612,5612347,5613742,5631247,5746132,6123457,6135742,6137452,6153742,6231745,6312457,6312745,6317245,6317425,6513742,7246315,7426315,7456132,7461352,7461532,7462315,7463125,7465132	1237465,1327465,1374265,1374625,1472653,1574632,1745632,1746532,1754632,1762543,2137465,2374615,2541763,2613745,2651473,2746135,3157462,3174562,3174652,3175462,3274615,3742615,3746125,3746215,4176253,4261375,4563172,4612375,4613275,4621375,4631572,4631752,4653172,4726513,5147263,5317462,5417623,5463172,5631742,5746312,6123745,6132745,6137425,6213745,6254173,6315742,6317452,6317542,6514723,6531742,7265143,7426135,7456312,7461235,7461325,7462135,7463152,7465312,7546312,7625413			3	-	5906.lswap-2fb529601be6.txt~5906.lswap-a28e203d65dc.txt
ebdcc2d4d36c	7	1237465,1327465,1374265,1374625,1472653,1574632,1745632,1746532,1754632,1762543,2137465,2374615,2541763,2613745,2651473,2746135,3157462,3174562,3174652,3175462,3274615,3742615,3746125,3746215,4176253,4261375,4563172,4612375,4613275,4621375,4631572,4631752,4653172,4726513,5147263,5317462,5417623,5463172,5631742,5746312,6123745,6132745,6137425,6213745,6254173,6315742,6317452,6317542,6514723,6531742,7265143,7426135,7456312,7461235,7461325,7462135,7463152,7465312,7546312,7625413	1234567,1245637,1274635,1357462,1374562,1374652,1537462,1724635,1742635,1746235,2317465,2345617,2456317,2463175,2631745,2746315,3124567,3127465,3172465,3174265,3174625,3456127,3574612,3745612,3746152,3746512,4263175,4561237,4561372,4563127,4613572,4615372,4623175,4631275,4631725,4651372,5137462,5374612,5612347,5613742,5631247,5746132,6123457,6135742,6137452,6153742,6231745,6312457,6312745,6317245,6317425,6513742,7246315,7426315,7456132,7461352,7461532,7462315,7463125,7465132			3	-	5906.lswap-2fb529601be6.txt~5906.lswap-a28e203d65dc.txt
b0e623c58504	7	1234567,1237465,1237645,1245637,1246735,1256374,1257346,1263754,1264735,1265374,1273456,1273546,1427635,1452376,1524376,1527364,1542376,1562734,1623475,1652734,2345617,2347165,2371456,2371546,2374615,2376415,2437156,2456317,2467315,2563714,2573416,2637514,2647315,2653714,2731564,2731654,2734516,2735416,2736154,2763145,3124567,3124675,3126475,3142765,3156274,3165274,3412576,3451276,3456127,3471625,3541276,3615274,3712564,3712654,3714526,3715246,3715426,3746125,3751264,3764125,4123765,4125736,4127356,4237156,4276315,4371526,4512736,4523716,4561237,4563127,4612375,4673125,4716235,4731265,5126374,5127346,5237146,5243716,5273164,5273614,5371264,5412736,5423716,5612347,5627314,5631247,5637124,5734126,6123457,6123745,6152734,6234715,6273154,6312457,6314275,6371254,6375124,6412375,6473125,6527314,6537124,6731245,7125634,7126534,7145236,7152436,7154236,7162345,7312465,7312645,7315624,7316524,7341256,7345126,7354126,7361524,7461235,7512634,7631425,7641235	1235764,1237456,1237546,1246375,1247536,1253746,1256734,1264375,1265734,1267354,1273465,1273645,1426375,1452736,1472653,1542736,1562374,1627345,1652374,1762543,2357614,2371564,2371654,2374516,2375416,2463715,2475316,2537416,2541763,2567314,2637145,2643715,2651473,2657314,2673514,2731456,2731546,2734165,2734615,2736415,3124756,3125674,3126574,3145276,3154276,3416275,3461275,3512674,3576124,3641275,3712465,3712645,3714265,3715624,3716524,3741256,3745126,3754126,4123756,4125376,4127365,4162735,4176253,4263715,4273156,4371265,4512376,4527316,4612735,4637125,4726513,4753126,5123746,5126734,5147263,5237164,5273146,5312476,5374126,5412376,5417623,5427316,5623714,5673124,5731264,5761234,6123574,6127345,6237154,6254173,6273415,6371245,6371425,6412735,6437125,6514723,6523714,6573124,6731254,6735124,7124635,7126435,7142635,7156234,7165234,7265143,7312564,7312654,7314526,7315426,7341625,7346125,7351264,7364125,7412536,7451236,7531246,7541236,7612354,7625413			2	-	5906.up-23ca8a9bcc81.txt~5906.up-d2559533f431.txt
fffe585f92c4	7	1235764,1237456,1237546,1246375,1247536,1253746,1256734,1264375,1265734,1267354,1273465,1273645,1426375,1452736,1472653,1542736,1562374,1627345,1652374,1762543,2357614,2371564,2371654,2374516,2375416,2463715,2475316,2537416,2541763,2567314,2637145,2643715,2651473,2657314,2673514,2731456,2731546,2734165,2734615,2736415,3124756,3125674,3126574,3145276,3154276,3416275,3461275,3512674,3576124,3641275,3712465,3712645,3714265,3715624,3716524,3741256,3745126,3754126,4123756,4125376,4127365,4162735,4176253,4263715,4273156,4371265,4512376,4527316,4612735,4637125,4726513,4753126,5123746,5126734,5147263,5237164,5273146,5312476,5374126,5412376,5417623,5427316,5623714,5673124,5731264,5761234,6123574,6127345,6237154,6254173,6273415,6371245,6371425,6412735,6437125,6514723,6523714,6573124,6731254,6735124,7124635,7126435,7142635,7156234,7165234,7265143,7312564,7312654,7314526,7315426,7341625,7346125,7351264,7364125,7412536,7451236,7531246,7541236,7612354,7625413	1234567,1237465,1237645,1245637,1246735,1256374,1257346,1263754,1264735,1265374,1273456,1273546,1427635,1452376,1524376,1527364,1542376,1562734,1623475,1652734,2345617,2347165,2371456,2371546,2374615,2376415,2437156,2456317,2467315,2563714,2573416,2637514,2647315,2653714,2731564,2731654,2734516,2735416,2736154,2763145,3124567,3124675,3126475,3142765,3156274,3165274,3412576,3451276,3456127,3471625,3541276,3615274,3712564,3712654,3714526,3715246,3715426,3746125,3751264,3764125,4123765,4125736,4127356,4237156,4276315,4371526,4512736,4523716,4561237,4563127,4612375,4673125,4716235,4731265,5126374,5127346,5237146,5243716,5273164,5273614,5371264,5412736,5423716,5612347,5627314,5631247,5637124,5734126,6123457,6123745,6152734,6234715,6273154,6312457,6314275,6371254,6375124,6412375,6473125,6527314,6537124,6731245,7125634,7126534,7145236,7152436,7154236,7162345,7312465,7312645,7315624,7316524,7341256,7345126,7354126,7361524,7461235,7512634,7631425,7641235			2	-	5906.up-23ca8a9bcc81.txt~5906.up-d2559533f431.txt
3f5aa66e7f8b	7	1234567,1237465,1245637,1246735,1324675,1327465,1374265,1374625,1467325,1673245,2137465,2146735,2345617,2374615,2416735,2456317,2467135,2467315,2613745,2746135,3124567,3124675,3214675,3241675,3246715,3274615,3456127,3742615,3746125,3746215,4167325,4261375,4561237,4563127,4612375,4613275,4621375,4671325,4673125,4673215,5612347,5631247,6123457,6123745,6132745,6137425,6213745,6312457,6713245,6731245,6732145,6732415,7132465,7312465,7321465,7324165,7426135,7461235,7461325,7462135	1357462,1374562,1374652,1472653,1537462,1762543,2456731,2467351,2467531,2541763,2546731,2651473,3245671,3246751,3254671,3524671,3574612,3745612,3746152,3746512,4176253,4561372,4567321,4613572,4615372,4651372,4673251,4673521,4675321,4726513,5137462,5147263,5246731,5324671,5374612,5417623,5467321,5613742,5673241,5746132,6135742,6137452,6153742,6254173,6513742,6514723,6732451,6732541,6735241,6753241,7265143,7324561,7325461,7352461,7456132,7461352,7461532,7465132,7532461,7625413			2	-	5906.up-23ca8a9bcc81.txt~5906.up-e948752d6a32.txt
7762bf9a1f83	7	1357462,1374562,1374652,1472653,1537462,1762543,2456731,2467351,2467531,2541763,2546731,2651473,3245671,3246751,3254671,3524671,3574612,3745612,3746152,3746512,4176253,4561372,4567321,4613572,4615372,4651372,4673251,4673521,4675321,4726513,5137462,5147263,5246731,5324671,5374612,5417623,5467321,5613742,5673241,5746132,6135742,6137452,6153742,6254173,6513742,6514723,6732451,6732541,6735241,6753241,7265143,7324561,7325461,7352461,7456132,7461352,7461532,7465132,7532461,7625413	1234567,1237465,1245637,1246735,1324675,1327465,1374265,1374625,1467325,1673245,2137465,2146735,2345617,2374615,2416735,2456317,2467135,2467315,2613745,2746135,3124567,3124675,3214675,3241675,3246715,3274615,3456127,3742615,3746125,3746215,4167325,4261375,4561237,4563127,4612375,4613275,4621375,4671325,4673125,4673215,5612347,5631247,6123457,6123745,6132745,6137425,6213745,6312457,6713245,6731245,6732145,6732415,7132465,7312465,7321465,7324165,7426135,7461235,7461325,7462135			2	-	5906.up-23ca8a9bcc81.txt~5906.up-e948752d6a32.txt
eca15bf05f3f	7	1435672,1436572,1463572,1472653,1574632,1643572,1745632,1746532,1754632,1762543,2456731,2467351,2467531,2541763,2546731,2651473,3157462,3174562,3174652,3175462,3245671,3246751,3254671,3524671,3567142,3571462,3571642,3657142,4176253,4356712,4357162,4365712,4563172,4567321,4631572,4631752,4635712,4653172,4673251,4673521,4675321,4726513,5147263,5246731,5317462,5324671,5417623,5463172,5467321,5631742,5671432,5673241,5714362,5714632,5716432,5746312,6254173,6315742,6317452,6317542,6357142,6435712,6514723,6531742,6571432,6714352,6732451,6732541,6735241,6753241,7143562,7143652,7146352,7164352,7265143,7324561,7325461,7352461,7456312,7463152,7465312,7532461,7546312,7625413	1234567,1243576,1245637,1246735,1274635,1324675,1423576,1432576,1435276,1467325,1673245,1724635,1742635,1746235,2146735,2317465,2345617,2357146,2416735,2435716,2456317,2463175,2467135,2467315,2571436,2631745,2714356,2746315,3124567,3124675,3127465,3172465,3174265,3174625,3214675,3241675,3246715,3257146,3456127,3527146,3571246,3571426,4167325,4235716,4263175,4325716,4352716,4357126,4561237,4563127,4623175,4631275,4631725,4671325,4673125,4673215,5271436,5612347,5631247,5712436,5714236,5714326,6123457,6231745,6312457,6312745,6317245,6317425,6713245,6731245,6732145,6732415,7124356,7132465,7142356,7143256,7143526,7246315,7312465,7321465,7324165,7426315,7462315,7463125			2	-	5906.lswap-a28e203d65dc.txt~5906.up-23ca8a9bcc81.txt
c442200796dc	7	1234567,1243576,1245637,1246735,1274635,1324675,1423576,1432576,1435276,1467325,1673245,1724635,1742635,1746235,2146735,2317465,2345617,2357146,2416735,2435716,2456317,2463175,2467135,2467315,2571436,2631745,2714356,2746315,3124567,3124675,3127465,3172465,3174265,3174625,3214675,3241675,3246715,3257146,3456127,3527146,3571246,3571426,4167325,4235716,4263175,4325716,4352716,4357126,4561237,4563127,4623175,4631275,4631725,4671325,4673125,4673215,5271436,5612347,5631247,5712436,5714236,5714326,6123457,6231745,6312457,6312745,6317245,6317425,6713245,6731245,6732145,6732415,7124356,7132465,7142356,7143256,7143526,7246315,7312465,7321465,7324165,7426315,7462315,7463125	1435672,1436572,1463572,1472653,1574632,1643572,1745632,1746532,1754632,1762543,2456731,2467351,2467531,2541763,2546731,2651473,3157462,3174562,3174652,3175462,3245671,3246751,3254671,3524671,3567142,3571462,3571642,3657142,4176253,4356712,4357162,4365712,4563172,4567321,4631572,4631752,4635712,4653172,4673251,4673521,4675321,4726513,5147263,5246731,5317462,5324671,5417623,5463172,5467321,5631742,5671432,5673241,5714362,5714632,5716432,5746312,6254173,6315742,6317452,6317542,6357142,6435712,6514723,6531742,6571432,6714352,6732451,6732541,6735241,6753241,7143562,7143652,7146352,7164352,7265143,7324561,7325461,7352461,7456312,7463152,7465312,7532461,7546312,7625413			2	-	5906.lswap-a28e203d65dc.txt~5906.up-23ca8a9bcc81.txt
78a113fc5546	7	1235764,1237456,1237546,1246375,1247536,1253746,1256734,1264375,1265734,1267354,1273465,1273645,1426375,1437562,1437652,1452736,1453762,1472653,1542736,1543762,1562374,1574632,1627345,1652374,1745632,1746532,1754632,1762543,2357614,2371564,2371654,2374516,2375416,2463715,2475316,2537416,2541763,2567314,2637145,2643715,2651473,2657314,2673514,2731456,2731546,2734165,2734615,2736415,3124756,3125674,3126574,3145276,3154276,3157462,3174562,3174652,3175462,3416275,3461275,3512674,3576124,3641275,3712465,3712645,3714265,3715624,3716524,3741256,3745126,3754126,3756142,3761452,3761542,3765142,4123756,4125376,4127365,4162735,4176253,4263715,4273156,4371265,4375612,4376152,4376512,4512376,4527316,4537612,4563172,4612735,4631572,4631752,4637125,4653172,4726513,4753126,5123746,5126734,5143762,5147263,5237164,5273146,5312476,5317462,5374126,5376142,5412376,5417623,5427316,5437612,5463172,5614372,5623714,5631742,5673124,5731264,5746312,5761234,6123574,6127345,6143752,6145372,6154372,6237154,6254173,6273415,6315742,6317452,6317542,6371245,6371425,6412735,6437125,6514372,6514723,6523714,6531742,6573124,6731254,6735124,7124635,7126435,7142635,7156234,7165234,7265143,7312564,7312654,7314526,7315426,7341625,7346125,7351264,7364125,7412536,7451236,7456312,7463152,7465312,7531246,7541236,7546312,7561432,7612354,7614532,7615432,7625413,7651432	1234567,1237465,1237645,1243765,1245637,1246735,1256374,1257346,1263754,1264735,1265374,1273456,1273546,1274635,1423765,1427635,1437265,1437625,1452376,1524376,1527364,1542376,1562734,1623475,1652734,1724635,1742635,1746235,2143765,2317465,2345617,2347165,2371456,2371546,2374615,2376145,2376415,2437156,2437615,2456317,2463175,2467315,2563714,2573416,2614375,2631745,2637514,2647315,2653714,2731564,2731654,2734516,2735416,2736154,2746315,2763145,3124567,3124675,3126475,3127465,3142765,3156274,3165274,3172465,3174265,3174625,3412576,3451276,3456127,3471625,3541276,3615274,3712564,3712654,3714526,3715246,3715426,3726145,3746125,3751264,3761245,3761425,3762145,3764125,4123765,4125736,4127356,4237156,4237615,4263175,4276315,4371526,4372615,4376125,4376215,4512736,4523716,4561237,4563127,4612375,4623175,4631275,4631725,4673125,4716235,4731265,5126374,5127346,5237146,5243716,5273164,5273614,5371264,5412736,5423716,5612347,5627314,5631247,5637124,5734126,6123457,6123745,6124375,6142375,6143725,6152734,6214375,6231745,6234715,6273154,6312457,6312745,6314275,6317245,6317425,6371254,6375124,6412375,6473125,6527314,6537124,6731245,7125634,7126534,7145236,7152436,7154236,7162345,7246315,7261435,7312465,7312645,7315624,7316524,7341256,7345126,7354126,7361524,7426315,7461235,7462315,7463125,7512634,7612435,7614235,7621435,7631425,7641235			2	-	5906.lswap-af54b6f406a6.txt~5906.up-23ca8a9bcc81.txt
1ba1dace333f	7	1234567,1237465,1237645,1243765,1245637,1246735,1256374,1257346,1263754,1264735,1265374,1273456,1273546,1274635,1423765,1427635,1437265,1437625,1452376,1524376,1527364,1542376,1562734,1623475,1652734,1724635,1742635,1746235,2143765,2317465,2345617,2347165,2371456,2371546,2374615,2376145,2376415,2437156,2437615,2456317,2463175,2467315,2563714,2573416,2614375,2631745,2637514,2647315,2653714,2731564,2731654,2734516,2735416,2736154,2746315,2763145,3124567,3124675,3126475,3127465,3142765,3156274,3165274,3172465,3174265,3174625,3412576,3451276,3456127,3471625,3541276,3615274,3712564,3712654,3714526,3715246,3715426,3726145,3746125,3751264,3761245,3761425,3762145,3764125,4123765,4125736,4127356,4237156,4237615,4263175,4276315,4371526,4372615,4376125,4376215,4512736,4523716,4561237,4563127,4612375,4623175,4631275,4631725,4673125,4716235,4731265,5126374,5127346,5237146,5243716,5273164,5273614,5371264,5412736,5423716,5612347,5627314,5631247,5637124,5734126,6123457,6123745,6124375,6142375,6143725,6152734,6214375,6231745,6234715,6273154,6312457,6312745,6314275,6317245,6317425,6371254,6375124,6412375,6473125,6527314,6537124,6731245,7125634,7126534,7145236,7152436,7154236,7162345,7246315,7261435,7312465,7312645,7315624,7316524,7341256,7345126,7354126,7361524,7426315,7461235,7462315,7463125,7512634,7612435,7614235,7621435,7631425,7641235	1235764,1237456,1237546,1246375,1247536,1253746,1256734,1264375,1265734,1267354,1273465,1273645,1426375,1437562,1437652,1452736,1453762,1472653,1542736,1543762,1562374,1574632,1627345,1652374,1745632,1746532,1754632,1762543,2357614,2371564,2371654,2374516,2375416,2463715,2475316,2537416,2541763,2567314,2637145,2643715,2651473,2657314,2673514,2731456,2731546,2734165,2734615,2736415,3124756,3125674,3126574,3145276,3154276,3157462,3174562,3174652,3175462,3416275,3461275,3512674,3576124,3641275,3712465,3712645,3714265,3715624,3716524,3741256,3745126,3754126,3756142,3761452,3761542,3765142,4123756,4125376,4127365,4162735,4176253,4263715,4273156,4371265,4375612,4376152,4376512,4512376,4527316,4537612,4563172,4612735,4631572,4631752,4637125,4653172,4726513,4753126,5123746,5126734,5143762,5147263,5237164,5273146,5312476,5317462,5374126,5376142,5412376,5417623,5427316,5437612,5463172,5614372,5623714,5631742,5673124,5731264,5746312,5761234,6123574,6127345,6143752,6145372,6154372,6237154,6254173,6273415,6315742,6317452,6317542,6371245,6371425,6412735,6437125,6514372,6514723,6523714,6531742,6573124,6731254,6735124,7124635,7126435,7142635,7156234,7165234,7265143,7312564,7312654,7314526,7315426,7341625,7346125,7351264,7364125,7412536,7451236,7456312,7463152,7465312,7531246,7541236,7546312,7561432,7612354,7614532,7615432,7625413,7651432			2	-	5906.lswap-af54b6f406a6.txt~5906.up-23ca8a9bcc81.txt
15c816659d45	7	1435672,1436572,1463572,1472653,1643572,1762543,2456731,2467351,2467531,2541763,2546731,2651473,3245671,3246751,3254671,3524671,3567142,3571462,3571642,3657142,4176253,4356712,4357162,4365712,4567321,4635712,4673251,4673521,4675321,4726513,5147263,5246731,5324671,5417623,5467321,5671432,5673241,5714362,5714632,5716432,6254173,6357142,6435712,6514723,6571432,6714352,6732451,6732541,6735241,6753241,7143562,7143652,7146352,7164352,7265143,7324561,7325461,7352461,7532461,7625413	1234567,1243576,1245637,1246735,1324675,1423576,1432576,1435276,1467325,1673245,2146735,2345617,2357146,2416735,2435716,2456317,2467135,2467315,2571436,2714356,3124567,3124675,3214675,3241675,3246715,3257146,3456127,3527146,3571246,3571426,4167325,4235716,4325716,4352716,4357126,4561237,4563127,4671325,4673125,4673215,5271436,5612347,5631247,5712436,5714236,5714326,6123457,6312457,6713245,6731245,6732145,6732415,7124356,7132465,7142356,7143256,7143526,7312465,7321465,7324165			2	-	5906.lswap-f6dbf9989449.txt~5906.up-23ca8a9bcc81.txt
e311a814616f	7	1234567,1243576,1245637,1246735,1324675,1423576,1432576,1435276,1467325,1673245,2146735,2345617,2357146,2416735,2435716,2456317,2467135,2467315,2571436,2714356,3124567,3124675,3214675,3241675,3246715,3257146,3456127,3527146,3571246,3571426,4167325,4235716,4325716,4352716,4357126,4561237,4563127,4671325,4673125,4673215,5271436,5612347,5631247,5712436,5714236,5714326,6123457,6312457,6713245,6731245,6732145,6732415,7124356,7132465,7142356,7143256,7143526,7312465,7321465,7324165	1435672,1436572,1463572,1472653,1643572,1762543,2456731,2467351,2467531,2541763,2546731,2651473,3245671,3246751,3254671,3524671,3567142,3571462,3571642,3657142,4176253,4356712,4357162,4365712,4567321,4635712,4673251,4673521,4675321,4726513,5147263,5246731,5324671,5417623,5467321,5671432,5673241,5714362,5714632,5716432,6254173,6357142,6435712,6514723,6571432,6714352,6732451,6732541,6735241,6753241,7143562,7143652,7146352,7164352,7265143,7324561,7325461,7352461,7532461,7625413			2	-	5906.lswap-f6dbf9989449.txt~5906.up-23ca8a9bcc81.txt
32484de5d5f7	7	1234567,1237645,1245637,1256374,1257346,1263754,1264735,1265374,1273456,1273546,1357462,1374562,1374652,1427635,1452376,1524376,1527364,1537462,1542376,1562734,1623475,1652734,2345617,2347165,2371456,2371546,2376415,2437156,2456317,2456731,2467351,2467531,2546731,2563714,2573416,2637514,2647315,2653714,2731564,2731654,2734516,2735416,2736154,2763145,3124567,3126475,3142765,3156274,3165274,3245671,3246751,3254671,3412576,3451276,3456127,3471625,3524671,3541276,3574612,3615274,3712564,3712654,3714526,3715246,3715426,3745612,3746152,3746512,3751264,3764125,4123765,4125736,4127356,4237156,4276315,4371526,4512736,4523716,4561237,4561372,4563127,4567321,4613572,4615372,4651372,4673251,4673521,4675321,4716235,4731265,5126374,5127346,5137462,5237146,5243716,5246731,5273164,5273614,5324671,5371264,5374612,5412736,5423716,5467321,5612347,5613742,5627314,5631247,5637124,5673241,5734126,5746132,6123457,6135742,6137452,6152734,6153742,6234715,6273154,6312457,6314275,6371254,6375124,6412375,6473125,6513742,6527314,6537124,6732451,6732541,6735241,6753241,7125634,7126534,7145236,7152436,7154236,7162345,7312645,7315624,7316524,7324561,7325461,7341256,7345126,7352461,7354126,7361524,7456132,7461352,7461532,7465132,7512634,7532461,7631425,7641235	1235764,1237456,1237546,1246375,1247536,1253746,1256734,1264375,1265734,1267354,1273465,1273645,1324675,1327465,1374265,1374625,1426375,1452736,1467325,1472653,1542736,1562374,1627345,1652374,1673245,1762543,2137465,2146735,2357614,2371564,2371654,2374516,2375416,2416735,2463715,2467135,2475316,2537416,2541763,2567314,2613745,2637145,2643715,2651473,2657314,2673514,2731456,2731546,2734165,2734615,2736415,2746135,3124756,3125674,3126574,3145276,3154276,3214675,3241675,3246715,3274615,3416275,3461275,3512674,3576124,3641275,3712465,3712645,3714265,3715624,3716524,3741256,3742615,3745126,3746215,3754126,4123756,4125376,4127365,4162735,4167325,4176253,4261375,4263715,4273156,4371265,4512376,4527316,4612735,4613275,4621375,4637125,4671325,4673215,4726513,4753126,5123746,5126734,5147263,5237164,5273146,5312476,5374126,5412376,5417623,5427316,5623714,5673124,5731264,5761234,6123574,6127345,6132745,6137425,6213745,6237154,6254173,6273415,6371245,6371425,6412735,6437125,6514723,6523714,6573124,6713245,6731254,6732145,6732415,6735124,7124635,7126435,7132465,7142635,7156234,7165234,7265143,7312564,7312654,7314526,7315426,7321465,7324165,7341625,7346125,7351264,7364125,7412536,7426135,7451236,7461325,7462135,7531246,7541236,7612354,7625413			2	-	5906.up-aed220b1ebc4.txt~5906.up-d2559533f431.txt
1d6a7fce6cd4	7	1235764,1237456,1237546,1246375,1247536,1253746,1256734,1264375,1265734,1267354,1273465,1273645,1324675,1327465,1374265,1374625,1426375,1452736,1467325,1472653,1542736,1562374,1627345,1652374,1673245,1762543,2137465,2146735,2357614,2371564,2371654,2374516,2375416,2416735,2463715,2467135,2475316,2537416,2541763,2567314,2613745,2637145,2643715,2651473,2657314,2673514,2731456,2731546,2734165,2734615,2736415,2746135,3124756,3125674,3126574,3145276,3154276,3214675,3241675,3246715,3274615,3416275,3461275,3512674,3576124,3641275,3712465,3712645,3714265,3715624,3716524,3741256,3742615,3745126,3746215,3754126,4123756,4125376,4127365,4162735,4167325,4176253,4261375,4263715,4273156,4371265,4512376,4527316,4612735,4613275,4621375,4637125,4671325,4673215,4726513,4753126,5123746,5126734,5147263,5237164,5273146,5312476,5374126,5412376,5417623,5427316,5623714,5673124,5731264,5761234,6123574,6127345,6132745,6137425,6213745,6237154,6254173,6273415,6371245,6371425,6412735,6437125,6514723,6523714,6573124,6713245,6731254,6732145,6732415,6735124,7124635,7126435,7132465,7142635,7156234,7165234,7265143,7312564,7312654,7314526,7315426,7321465,7324165,7341625,7346125,7351264,7364125,7412536,7426135,7451236,7461325,7462135,7531246,7541236,7612354,7625413	1234567,1237645,1245637,1256374,1257346,1263754,1264735,1265374,1273456,1273546,1357462,1374562,1374652,1427635,1452376,1524376,1527364,1537462,1542376,1562734,1623475,1652734,2345617,2347165,2371456,2371546,2376415,2437156,2456317,2456731,2467351,2467531,2546731,2563714,2573416,2637514,2647315,2653714,2731564,2731654,2734516,2735416,2736154,2763145,3124567,3126475,3142765,3156274,3165274,3245671,3246751,3254671,3412576,3451276,3456127,3471625,3524671,3541276,3574612,3615274,3712564,3712654,3714526,3715246,3715426,3745612,3746152,3746512,3751264,3764125,4123765,4125736,4127356,4237156,4276315,4371526,4512736,4523716,4561237,4561372,4563127,4567321,4613572,4615372,4651372,4673251,4673521,4675321,4716235,4731265,5126374,5127346,5137462,5237146,5243716,5246731,5273164,5273614,5324671,5371264,5374612,5412736,5423716,5467321,5612347,5613742,5627314,5631247,5637124,5673241,5734126,5746132,6123457,6135742,6137452,6152734,6153742,6234715,6273154,6312457,6314275,6371254,6375124,6412375,6473125,6513742,6527314,6537124,6732451,6732541,6735241,6753241,7125634,7126534,7145236,7152436,7154236,7162345,7312645,7315624,7316524,7324561,7325461,7341256,7345126,7352461,7354126,7361524,7456132,7461352,7461532,7465132,7512634,7532461,7631425,7641235			2	-	5906.up-aed220b1ebc4.txt~5906.up-d2559533f431.txt
d559476e2a95	7	1234567,1245637,1357462,1374562,1374652,1537462,2345617,2456317,2456731,2467351,2467531,2546731,3124567,3245671,3246751,3254671,3456127,3524671,3574612,3745612,3746152,3746512,4561237,4561372,4563127,4567321,4613572,4615372,4651372,4673251,4673521,4675321,5137462,5246731,5324671,5374612,5467321,5612347,5613742,5631247,5673241,5746132,6123457,6135742,6137452,6153742,6312457,6513742,6732451,6732541,6735241,6753241,7324561,7325461,7352461,7456132,7461352,7461532,7465132,7532461	1237465,1246735,1324675,1327465,1374265,1374625,1467325,1472653,1673245,1762543,2137465,2146735,2374615,2416735,2467135,2467315,2541763,2613745,2651473,2746135,3124675,3214675,3241675,3246715,3274615,3742615,3746125,3746215,4167325,4176253,4261375,4612375,4613275,4621375,4671325,4673125,4673215,4726513,5147263,5417623,6123745,6132745,6137425,6213745,6254173,6514723,6713245,6731245,6732145,6732415,7132465,7265143,7312465,7321465,7324165,7426135,7461235,7461325,7462135,7625413			2	-	5906.up-aed220b1ebc4.txt~5906.up-eebb02e3baec.txt
bb3307fb0884	7	1237465,1246735,1324675,1327465,1374265,1374625,1467325,1472653,1673245,1762543,2137465,2146735,2374615,2416735,2467135,2467315,2541763,2613745,2651473,2746135,3124675,3214675,3241675,3246715,3274615,3742615,3746125,3746215,4167325,4176253,4261375,4612375,4613275,4621375,4671325,4673125,4673215,4726513,5147263,5417623,6123745,6132745,6137425,6213745,6254173,6514723,6713245,6731245,6732145,6732415,7132465,7265143,7312465,7321465,7324165,7426135,7461235,7461325,7462135,7625413	1234567,1245637,1357462,1374562,1374652,1537462,2345617,2456317,2456731,2467351,2467531,2546731,3124567,3245671,3246751,3254671,3456127,3524671,3574612,3745612,3746152,3746512,4561237,4561372,4563127,4567321,4613572,4615372,4651372,4673251,4673521,4675321,5137462,5246731,5324671,5374612,5467321,5612347,5613742,5631247,5673241,5746132,6123457,6135742,6137452,6153742,6312457,6513742,6732451,6732541,6735241,6753241,7324561,7325461,7352461,7456132,7461352,7461532,7465132,7532461			2	-	5906.up-aed220b1ebc4.txt~5906.up-eebb02e3baec.txt
3a87ef2485a8	7	1237465,1327465,1374265,1374625,1435672,1436572,1463572,1472653,1574632,1643572,1745632,1746532,1754632,1762543,2137465,2374615,2541763,2613745,2651473,2746135,3157462,3174562,3174652,3175462,3274615,3567142,3571462,3571642,3657142,3742615,3746125,3746215,4176253,4261375,4356712,4357162,4365712,4563172,4612375,4613275,4621375,4631572,4631752,4635712,4653172,4726513,5147263,5317462,5417623,5463172,5631742,5671432,5714362,5714632,5716432,5746312,6123745,6132745,6137425,6213745,6254173,6315742,6317452,6317542,6357142,6435712,6514723,6531742,6571432,6714352,7143562,7143652,7146352,7164352,7265143,7426135,7456312,7461235,7461325,7462135,7463152,7465312,7546312,7625413	1234567,1243576,1245637,1274635,1357462,1374562,1374652,1423576,1432576,1435276,1537462,1724635,1742635,1746235,2317465,2345617,2357146,2435716,2456317,2463175,2571436,2631745,2714356,2746315,3124567,3127465,3172465,3174265,3174625,3257146,3456127,3527146,3571246,3571426,3574612,3745612,3746152,3746512,4235716,4263175,4325716,4352716,4357126,4561237,4561372,4563127,4613572,4615372,4623175,4631275,4631725,4651372,5137462,5271436,5374612,5612347,5613742,5631247,5712436,5714236,5714326,5746132,6123457,6135742,6137452,6153742,6231745,6312457,6312745,6317245,6317425,6513742,7124356,7142356,7143256,7143526,7246315,7426315,7456132,7461352,7461532,7462315,7463125,7465132			2	-	5906.lswap-a28e203d65dc.txt~5906.up-aed220b1ebc4.txt
0dcc7a5a1ff7	7	1234567,1243576,1245637,1274635,1357462,1374562,1374652,1423576,1432576,1435276,1537462,1724635,1742635,1746235,2317465,2345617,2357146,2435716,2456317,2463175,2571436,2631745,2714356,2746315,3124567,3127465,3172465,3174265,3174625,3257146,3456127,3527146,3571246,3571426,3574612,3745612,3746152,3746512,4235716,4263175,4325716,4352716,4357126,4561237,4561372,4563127,4613572,4615372,4623175,4631275,4631725,4651372,5137462,5271436,5374612,5612347,5613742,5631247,5712436,5714236,5714326,5746132,6123457,6135742,6137452,6153742,6231745,6312457,6312745,6317245,6317425,6513742,7124356,7142356,7143256,7143526,7246315,7426315,7456132,7461352,7461532,7462315,7463125,7465132	1237465,1327465,1374265,1374625,1435672,1436572,1463572,1472653,1574632,1643572,1745632,1746532,1754632,1762543,2137465,2374615,2541763,2613745,2651473,2746135,3157462,3174562,3174652,3175462,3274615,3567142,3571462,3571642,3657142,3742615,3746125,3746215,4176253,4261375,4356712,4357162,4365712,4563172,4612375,4613275,4621375,4631572,4631752,4635712,4653172,4726513,5147263,5317462,5417623,5463172,5631742,5671432,5714362,5714632,5716432,5746312,6123745,6132745,6137425,6213745,6254173,6315742,6317452,6317542,6357142,6435712,6514723,6531742,6571432,6714352,7143562,7143652,7146352,7164352,7265143,7426135,7456312,7461235,7461325,7462135,7463152,7465312,7546312,7625413			2	-	5906.lswap-a28e203d65dc.txt~5906.up-aed220b1ebc4.txt
4c4f2d1a4871	7	1235764,1237456,1237546,1246375,1247536,1253746,1256734,1264375,1265734,1267354,1273465,1273645,1324675,1327465,1374265,1374625,1426375,1437562,1437652,1452736,1453762,1467325,1472653,1542736,1543762,1562374,1574632,1627345,1652374,1673245,1745632,1746532,1754632,1762543,2137465,2146735,2357614,2371564,2371654,2374516,2375416,2416735,2463715,2467135,2475316,2537416,2541763,2567314,2613745,2637145,2643715,2651473,2657314,2673514,2731456,2731546,2734165,2734615,2736415,2746135,3124756,3125674,3126574,3145276,3154276,3157462,3174562,3174652,3175462,3214675,3241675,3246715,3274615,3416275,3461275,3512674,3576124,3641275,3712465,3712645,3714265,3715624,3716524,3741256,3742615,3745126,3746215,3754126,3756142,3761452,3761542,3765142,4123756,4125376,4127365,4162735,4167325,4176253,4261375,4263715,4273156,4371265,4375612,4376152,4376512,4512376,4527316,4537612,4563172,4612735,4613275,4621375,4631572,4631752,4637125,4653172,4671325,4673215,4726513,4753126,5123746,5126734,5143762,5147263,5237164,5273146,5312476,5317462,5374126,5376142,5412376,5417623,5427316,5437612,5463172,5614372,5623714,5631742,5673124,5731264,5746312,5761234,6123574,6127345,6132745,6137425,6143752,6145372,6154372,6213745,6237154,6254173,6273415,6315742,6317452,6317542,6371245,6371425,6412735,6437125,6514372,6514723,6523714,6531742,6573124,6713245,6731254,6732145,6732415,6735124,7124635,7126435,7132465,7142635,7156234,7165234,7265143,7312564,7312654,7314526,7315426,7321465,7324165,7341625,7346125,7351264,7364125,7412536,7426135,7451236,7456312,7461325,7462135,7463152,7465312,7531246,7541236,7546312,7561432,7612354,7614532,7615432,7625413,7651432	1234567,1237645,1243765,1245637,1256374,1257346,1263754,1264735,1265374,1273456,1273546,1274635,1357462,1374562,1374652,1423765,1427635,1437265,1437625,1452376,1524376,1527364,1537462,1542376,1562734,1623475,1652734,1724635,1742635,1746235,2143765,2317465,2345617,2347165,2371456,2371546,2376145,2376415,2437156,2437615,2456317,2456731,2463175,2467351,2467531,2546731,2563714,2573416,2614375,2631745,2637514,2647315,2653714,2731564,2731654,2734516,2735416,2736154,2746315,2763145,3124567,3126475,3127465,3142765,3156274,3165274,3172465,3174265,3174625,3245671,3246751,3254671,3412576,3451276,3456127,3471625,3524671,3541276,3574612,3615274,3712564,3712654,3714526,3715246,3715426,3726145,3745612,3746152,3746512,3751264,3761245,3761425,3762145,3764125,4123765,4125736,4127356,4237156,4237615,4263175,4276315,4371526,4372615,4376125,4376215,4512736,4523716,4561237,4561372,4563127,4567321,4613572,4615372,4623175,4631275,4631725,4651372,4673251,4673521,4675321,4716235,4731265,5126374,5127346,5137462,5237146,5243716,5246731,5273164,5273614,5324671,5371264,5374612,5412736,5423716,5467321,5612347,5613742,5627314,5631247,5637124,5673241,5734126,5746132,6123457,6124375,6135742,6137452,6142375,6143725,6152734,6153742,6214375,6231745,6234715,6273154,6312457,6312745,6314275,6317245,6317425,6371254,6375124,6412375,6473125,6513742,6527314,6537124,6732451,6732541,6735241,6753241,7125634,7126534,7145236,7152436,7154236,7162345,7246315,7261435,7312645,7315624,7316524,7324561,7325461,7341256,7345126,7352461,7354126,7361524,7426315,7456132,7461352,7461532,7462315,7463125,7465132,7512634,7532461,7612435,7614235,7621435,7631425,7641235			2	-	5906.lswap-af54b6f406a6.txt~5906.up-aed220b1ebc4.txt
c5613db25dba	7	1234567,1237645,1243765,1245637,1256374,1257346,1263754,1264735,1265374,1273456,1273546,1274635,1357462,1374562,1374652,1423765,1427635,1437265,1437625,1452376,1524376,1527364,1537462,1542376,1562734,1623475,1652734,1724635,1742635,1746235,2143765,2317465,2345617,2347165,2371456,2371546,2376145,2376415,2437156,2437615,2456317,2456731,2463175,2467351,2467531,2546731,2563714,2573416,2614375,2631745,2637514,2647315,2653714,2731564,2731654,2734516,2735416,2736154,2746315,2763145,3124567,3126475,3127465,3142765,3156274,3165274,3172465,3174265,3174625,3245671,3246751,3254671,3412576,3451276,3456127,3471625,3524671,3541276,3574612,3615274,3712564,3712654,3714526,3715246,3715426,3726145,3745612,3746152,3746512,3751264,3761245,3761425,3762145,3764125,4123765,4125736,4127356,4237156,4237615,4263175,4276315,4371526,4372615,4376125,4376215,4512736,4523716,4561237,4561372,4563127,4567321,4613572,4615372,4623175,4631275,4631725,4651372,4673251,4673521,4675321,4716235,4731265,5126374,5127346,5137462,5237146,5243716,5246731,5273164,5273614,5324671,5371264,5374612,5412736,5423716,5467321,5612347,5613742,5627314,5631247,5637124,5673241,5734126,5746132,6123457,6124375,6135742,6137452,6142375,6143725,6152734,6153742,6214375,6231745,6234715,6273154,6312457,6312745,6314275,6317245,6317425,6371254,6375124,6412375,6473125,6513742,6527314,6537124,6732451,6732541,6735241,6753241,7125634,7126534,7145236,7152436,7154236,7162345,7246315,7261435,7312645,7315624,7316524,7324561,7325461,7341256,7345126,7352461,7354126,7361524,7426315,7456132,7461352,7461532,7462315,7463125,7465132,7512634,7532461,7612435,7614235,7621435,7631425,7641235	1235764,1237456,1237546,1246375,1247536,1253746,1256734,1264375,1265734,1267354,1273465,1273645,1324675,1327465,1374265,1374625,1426375,1437562,1437652,1452736,1453762,1467325,1472653,1542736,1543762,1562374,1574632,1627345,1652374,1673245,1745632,1746532,1754632,1762543,2137465,2146735,2357614,2371564,2371654,2374516,2375416,2416735,2463715,2467135,2475316,2537416,2541763,2567314,2613745,2637145,2643715,2651473,2657314,2673514,2731456,2731546,2734165,2734615,2736415,2746135,3124756,3125674,3126574,3145276,3154276,3157462,3174562,3174652,3175462,3214675,3241675,3246715,3274615,3416275,3461275,3512674,3576124,3641275,3712465,3712645,3714265,3715624,3716524,3741256,3742615,3745126,3746215,3754126,3756142,3761452,3761542,3765142,4123756,4125376,4127365,4162735,4167325,4176253,4261375,4263715,4273156,4371265,4375612,4376152,4376512,4512376,4527316,4537612,4563172,4612735,4613275,4621375,4631572,4631752,4637125,4653172,4671325,4673215,4726513,4753126,5123746,5126734,5143762,5147263,5237164,5273146,5312476,5317462,5374126,5376142,5412376,5417623,5427316,5437612,5463172,5614372,5623714,5631742,5673124,5731264,5746312,5761234,6123574,6127345,6132745,6137425,6143752,6145372,6154372,6213745,6237154,6254173,6273415,6315742,6317452,6317542,6371245,6371425,6412735,6437125,6514372,6514723,6523714,6531742,6573124,6713245,6731254,6732145,6732415,6735124,7124635,7126435,7132465,7142635,7156234,7165234,7265143,7312564,7312654,7314526,7315426,7321465,7324165,7341625,7346125,7351264,7364125,7412536,7426135,7451236,7456312,7461325,7462135,7463152,7465312,7531246,7541236,7546312,7561432,7612354,7614532,7615432,7625413,7651432			2	-	5906.lswap-af54b6f406a6.txt~5906.up-aed220b1ebc4.txt
d88a6cb7c03b	7	1237465,1327465,1374265,1374625,1435672,1436572,1463572,1472653,1643572,1762543,2137465,2374615,2541763,2613745,2651473,2746135,3274615,3567142,3571462,3571642,3657142,3742615,3746125,3746215,4176253,4261375,4356712,4357162,4365712,4612375,4613275,4621375,4635712,4726513,5147263,5417623,5671432,5714362,5714632,5716432,6123745,6132745,6137425,6213745,6254173,6357142,6435712,6514723,6571432,6714352,7143562,7143652,7146352,7164352,7265143,7426135,7461235,7461325,7462135,7625413	1234567,1243576,1245637,1357462,1374562,1374652,1423576,1432576,1435276,1537462,2345617,2357146,2435716,2456317,2571436,2714356,3124567,3257146,3456127,3527146,3571246,3571426,3574612,3745612,3746152,3746512,4235716,4325716,4352716,4357126,4561237,4561372,4563127,4613572,4615372,4651372,5137462,5271436,5374612,5612347,5613742,5631247,5712436,5714236,5714326,5746132,6123457,6135742,6137452,6153742,6312457,6513742,7124356,7142356,7143256,7143526,7456132,7461352,7461532,7465132			2	-	5906.lswap-f6dbf9989449.txt~5906.up-aed220b1ebc4.txt
79bbc2526e76	7	1234567,1243576,1245637,1357462,1374562,1374652,1423576,1432576,1435276,1537462,2345617,2357146,2435716,2456317,2571436,2714356,3124567,3257146,3456127,3527146,3571246,3571426,3574612,3745612,3746152,3746512,4235716,4325716,4352716,4357126,4561237,4561372,4563127,4613572,4615372,4651372,5137462,5271436,5374612,5612347,5613742,5631247,5712436,5714236,5714326,5746132,6123457,6135742,6137452,6153742,6312457,6513742,7124356,7142356,7143256,7143526,7456132,7461352,7461532,7465132	1237465,1327465,1374265,1374625,1435672,1436572,1463572,1472653,1643572,1762543,2137465,2374615,2541763,2613745,2651473,2746135,3274615,3567142,3571462,3571642,3657142,3742615,3746125,3746215,4176253,4261375,4356712,4357162,4365712,4612375,4613275,4621375,4635712,4726513,5147263,5417623,5671432,5714362,5714632,5716432,6123745,6132745,6137425,6213745,6254173,6357142,6435712,6514723,6571432,6714352,7143562,7143652,7146352,7164352,7265143,7426135,7461235,7461325,7462135,7625413			2	-	5906.lswap-f6dbf9989449.txt~5906.up-aed220b1ebc4.txt
8709489b69c1	7	1234567,1237645,1245637,1246735,1256374,1257346,1263754,1264735,1265374,1273456,1273546,1357462,1374562,1374652,1427635,1452376,1524376,1527364,1537462,1542376,1562734,1623475,1652734,2345617,2347165,2371456,2371546,2376415,2437156,2456317,2467315,2563714,2573416,2637514,2647315,2653714,2731564,2731654,2734516,2735416,2736154,2763145,3124567,3124675,3126475,3142765,3156274,3165274,3412576,3451276,3456127,3471625,3541276,3574612,3615274,3712564,3712654,3714526,3715246,3715426,3745612,3746152,3746512,3751264,3764125,4123765,4125736,4127356,4237156,4276315,4371526,4512736,4523716,4561237,4561372,4563127,4613572,4615372,4651372,4673125,4716235,4731265,5126374,5127346,5137462,5237146,5243716,5273164,5273614,5371264,5374612,5412736,5423716,5612347,5613742,5627314,5631247,5637124,5734126,5746132,6123457,6135742,6137452,6152734,6153742,6234715,6273154,6312457,6314275,6371254,6375124,6412375,6473125,6513742,6527314,6537124,6731245,7125634,7126534,7145236,7152436,7154236,7162345,7312465,7312645,7315624,7316524,7341256,7345126,7354126,7361524,7456132,7461352,7461532,7465132,7512634,7631425,7641235	1235764,1237456,1237546,1246375,1247536,1253746,1256734,1264375,1265734,1267354,1273465,1273645,1327465,1374265,1374625,1426375,1452736,1472653,1542736,1562374,1627345,1652374,1762543,2137465,2357614,2371564,2371654,2374516,2375416,2463715,2475316,2537416,2541763,2567314,2613745,2637145,2643715,2651473,2657314,2673514,2731456,2731546,2734165,2734615,2736415,2746135,3124756,3125674,3126574,3145276,3154276,3274615,3416275,3461275,3512674,3576124,3641275,3712465,3712645,3714265,3715624,3716524,3741256,3742615,3745126,3746215,3754126,4123756,4125376,4127365,4162735,4176253,4261375,4263715,4273156,4371265,4512376,4527316,4612735,4613275,4621375,4637125,4726513,4753126,5123746,5126734,5147263,5237164,5273146,5312476,5374126,5412376,5417623,5427316,5623714,5673124,5731264,5761234,6123574,6127345,6132745,6137425,6213745,6237154,6254173,6273415,6371245,6371425,6412735,6437125,6514723,6523714,6573124,6731254,6735124,7124635,7126435,7142635,7156234,7165234,7265143,7312564,7312654,7314526,7315426,7341625,7346125,7351264,7364125,7412536,7426135,7451236,7461325,7462135,7531246,7541236,7612354,7625413			2	-	5906.lswap-423441640591.txt~5906.up-d2559533f431.txt
ff4cfd62723a	7	1235764,1237456,1237546,1246375,1247536,1253746,1256734,1264375,1265734,1267354,1273465,1273645,1327465,1374265,1374625,1426375,1452736,1472653,1542736,1562374,1627345,1652374,1762543,2137465,2357614,2371564,2371654,2374516,2375416,2463715,2475316,2537416,2541763,2567314,2613745,2637145,2643715,2651473,2657314,2673514,2731456,2731546,2734165,2734615,2736415,2746135,3124756,3125674,3126574,3145276,3154276,3274615,3416275,3461275,3512674,3576124,3641275,3712465,3712645,3714265,3715624,3716524,3741256,3742615,3745126,3746215,3754126,4123756,4125376,4127365,4162735,4176253,4261375,4263715,4273156,4371265,4512376,4527316,4612735,4613275,4621375,4637125,4726513,4753126,5123746,5126734,5147263,5237164,5273146,5312476,5374126,5412376,5417623,5427316,5623714,5673124,5731264,5761234,6123574,6127345,6132745,6137425,6213745,6237154,6254173,6273415,6371245,6371425,6412735,6437125,6514723,6523714,6573124,6731254,6735124,7124635,7126435,7142635,7156234,7165234,7265143,7312564,7312654,7314526,7315426,7341625,7346125,7351264,7364125,7412536,7426135,7451236,7461325,7462135,7531246,7541236,7612354,7625413	1234567,1237645,1245637,1246735,1256374,1257346,1263754,1264735,1265374,1273456,1273546,1357462,1374562,1374652,1427635,1452376,1524376,1527364,1537462,1542376,1562734,1623475,1652734,2345617,2347165,2371456,2371546,2376415,2437156,2456317,2467315,2563714,2573416,2637514,2647315,2653714,2731564,2731654,2734516,2735416,2736154,2763145,3124567,3124675,3126475,3142765,3156274,3165274,3412576,3451276,3456127,3471625,3541276,3574612,3615274,3712564,3712654,3714526,3715246,3715426,3745612,3746152,3746512,3751264,3764125,4123765,4125736,4127356,4237156,4276315,4371526,4512736,4523716,4561237,4561372,4563127,4613572,4615372,4651372,4673125,4716235,4731265,5126374,5127346,5137462,5237146,5243716,5273164,5273614,5371264,5374612,5412736,5423716,5612347,5613742,5627314,5631247,5637124,5734126,5746132,6123457,6135742,6137452,6152734,6153742,6234715,6273154,6312457,6314275,6371254,6375124,6412375,6473125,6513742,6527314,6537124,6731245,7125634,7126534,7145236,7152436,7154236,7162345,7312465,7312645,7315624,7316524,7341256,7345126,7354126,7361524,7456132,7461352,7461532,7465132,7512634,7631425,7641235			2	-	5906.lswap-423441640591.txt~5906.up-d2559533f431.txt
ab105a248a1e	7	1234567,1237465,1245637,1327465,1374265,1374625,1435672,1436572,1463572,1643572,2137465,2345617,2374615,2456317,2613745,2746135,3124567,3274615,3456127,3567142,3571462,3571642,3657142,3742615,3746125,3746215,4261375,4356712,4357162,4365712,4561237,4563127,4612375,4613275,4621375,4635712,5612347,5631247,5671432,5714362,5714632,5716432,6123457,6123745,6132745,6137425,6213745,6312457,6357142,6435712,6571432,6714352,7143562,7143652,7146352,7164352,7426135,7461235,7461325,7462135	1243576,1357462,1374562,1374652,1423576,1432576,1435276,1472653,1537462,1762543,2357146,2435716,2541763,2571436,2651473,2714356,3257146,3527146,3571246,3571426,3574612,3745612,3746152,3746512,4176253,4235716,4325716,4352716,4357126,4561372,4613572,4615372,4651372,4726513,5137462,5147263,5271436,5374612,5417623,5613742,5712436,5714236,5714326,5746132,6135742,6137452,6153742,6254173,6513742,6514723,7124356,7142356,7143256,7143526,7265143,7456132,7461352,7461532,7465132,7625413			2	-	5906.lswap-73851215f718.txt~5906.up-e948752d6a32.txt
9ae93052f1a3	7	1243576,1357462,1374562,1374652,1423576,1432576,1435276,1472653,1537462,1762543,2357146,2435716,2541763,2571436,2651473,2714356,3257146,3527146,3571246,3571426,3574612,3745612,3746152,3746512,4176253,4235716,4325716,4352716,4357126,4561372,4613572,4615372,4651372,4726513,5137462,5147263,5271436,5374612,5417623,5613742,5712436,5714236,5714326,5746132,6135742,6137452,6153742,6254173,6513742,6514723,7124356,7142356,7143256,7143526,7265143,7456132,7461352,7461532,7465132,7625413	1234567,1237465,1245637,1327465,1374265,1374625,1435672,1436572,1463572,1643572,2137465,2345617,2374615,2456317,2613745,2746135,3124567,3274615,3456127,3567142,3571462,3571642,3657142,3742615,3746125,3746215,4261375,4356712,4357162,4365712,4561237,4563127,4612375,4613275,4621375,4635712,5612347,5631247,5671432,5714362,5714632,5716432,6123457,6123745,6132745,6137425,6213745,6312457,6357142,6435712,6571432,6714352,7143562,7143652,7146352,7164352,7426135,7461235,7461325,7462135			2	-	5906.lswap-73851215f718.txt~5906.up-e948752d6a32.txt
04494fa53cff	7	1234567,1245637,1435672,1436572,1463572,1643572,2345617,2456317,2456731,2467351,2467531,2546731,3124567,3245671,3246751,3254671,3456127,3524671,3567142,3571462,3571642,3657142,4356712,4357162,4365712,4561237,4563127,4567321,4635712,4673251,4673521,4675321,5246731,5324671,5467321,5612347,5631247,5671432,5673241,5714362,5714632,5716432,6123457,6312457,6357142,6435712,6571432,6714352,6732451,6732541,6735241,6753241,7143562,7143652,7146352,7164352,7324561,7325461,7352461,7532461	1243576,1246735,1324675,1423576,1432576,1435276,1467325,1472653,1673245,1762543,2146735,2357146,2416735,2435716,2467135,2467315,2541763,2571436,2651473,2714356,3124675,3214675,3241675,3246715,3257146,3527146,3571246,3571426,4167325,4176253,4235716,4325716,4352716,4357126,4671325,4673125,4673215,4726513,5147263,5271436,5417623,5712436,5714236,5714326,6254173,6514723,6713245,6731245,6732145,6732415,7124356,7132465,7142356,7143256,7143526,7265143,7312465,7321465,7324165,7625413			2	-	5906.lswap-73851215f718.txt~5906.up-eebb02e3baec.txt
13a2ca857332	7	1243576,1246735,1324675,1423576,1432576,1435276,1467325,1472653,1673245,1762543,2146735,2357146,2416735,2435716,2467135,2467315,2541763,2571436,2651473,2714356,3124675,3214675,3241675,3246715,3257146,3527146,3571246,3571426,4167325,4176253,4235716,4325716,4352716,4357126,4671325,4673125,4673215,4726513,5147263,5271436,5417623,5712436,5714236,5714326,6254173,6514723,6713245,6731245,6732145,6732415,7124356,7132465,7142356,7143256,7143526,7265143,7312465,7321465,7324165,7625413	1234567,1245637,1435672,1436572,1463572,1643572,2345617,2456317,2456731,2467351,2467531,2546731,3124567,3245671,3246751,3254671,3456127,3524671,3567142,3571462,3571642,3657142,4356712,4357162,4365712,4561237,4563127,4567321,4635712,4673251,4673521,4675321,5246731,5324671,5467321,5612347,5631247,5671432,5673241,5714362,5714632,5716432,6123457,6312457,6357142,6435712,6571432,6714352,6732451,6732541,6735241,6753241,7143562,7143652,7146352,7164352,7324561,7325461,7352461,7532461			2	-	5906.lswap-73851215f718.txt~5906.up-eebb02e3baec.txt
a1764f88e216	7	1243576,1357462,1374562,1374652,1423576,1432576,1435276,1472653,1537462,1574632,1745632,1746532,1754632,1762543,2357146,2435716,2541763,2571436,2651473,2714356,3157462,3174562,3174652,3175462,3257146,3527146,3571246,3571426,3574612,3745612,3746152,3746512,4176253,4235716,4325716,4352716,4357126,4561372,4563172,4613572,4615372,4631572,4631752,4651372,4653172,4726513,5137462,5147263,5271436,5317462,5374612,5417623,5463172,5613742,5631742,5712436,5714236,5714326,5746132,5746312,6135742,6137452,6153742,6254173,6315742,6317452,6317542,6513742,6514723,6531742,7124356,7142356,7143256,7143526,7265143,7456132,7456312,7461352,7461532,7463152,7465132,7465312,7546312,7625413	1234567,1237465,1245637,1274635,1327465,1374265,1374625,1435672,1436572,1463572,1643572,1724635,1742635,1746235,2137465,2317465,2345617,2374615,2456317,2463175,2613745,2631745,2746135,2746315,3124567,3127465,3172465,3174265,3174625,3274615,3456127,3567142,3571462,3571642,3657142,3742615,3746125,3746215,4261375,4263175,4356712,4357162,4365712,4561237,4563127,4612375,4613275,4621375,4623175,4631275,4631725,4635712,5612347,5631247,5671432,5714362,5714632,5716432,6123457,6123745,6132745,6137425,6213745,6231745,6312457,6312745,6317245,6317425,6357142,6435712,6571432,6714352,7143562,7143652,7146352,7164352,7246315,7426135,7426315,7461235,7461325,7462135,7462315,7463125			2	-	5906.lswap-17203113788c.txt~5906.lswap-1e70957354f1.txt
e43c9981a5c7	7	1234567,1237465,1245637,1274635,1327465,1374265,1374625,1435672,1436572,1463572,1643572,1724635,1742635,1746235,2137465,2317465,2345617,2374615,2456317,2463175,2613745,2631745,2746135,2746315,3124567,3127465,3172465,3174265,3174625,3274615,3456127,3567142,3571462,3571642,3657142,3742615,3746125,3746215,4261375,4263175,4356712,4357162,4365712,4561237,4563127,4612375,4613275,4621375,4623175,4631275,4631725,4635712,5612347,5631247,5671432,5714362,5714632,5716432,6123457,6123745,6132745,6137425,6213745,6231745,6312457,6312745,6317245,6317425,6357142,6435712,6571432,6714352,7143562,7143652,7146352,7164352,7246315,7426135,7426315,7461235,7461325,7462135,7462315,7463125	1243576,1357462,1374562,1374652,1423576,1432576,1435276,1472653,1537462,1574632,1745632,1746532,1754632,1762543,2357146,2435716,2541763,2571436,2651473,2714356,3157462,3174562,3174652,3175462,3257146,3527146,3571246,3571426,3574612,3745612,3746152,3746512,4176253,4235716,4325716,4352716,4357126,4561372,4563172,4613572,4615372,4631572,4631752,4651372,4653172,4726513,5137462,5147263,5271436,5317462,5374612,5417623,5463172,5613742,5631742,5712436,5714236,5714326,5746132,5746312,6135742,6137452,6153742,6254173,6315742,6317452,6317542,6513742,6514723,6531742,7124356,7142356,7143256,7143526,7265143,7456132,7456312,7461352,7461532,7463152,7465132,7465312,7546312,7625413			2	-	5906.lswap-17203113788c.txt~5906.lswap-1e70957354f1.txt
99fff9a726b2	7	1243576,1246735,1324675,1423576,1432576,1435276,1467325,1472653,1574632,1673245,1745632,1746532,1754632,1762543,2146735,2357146,2416735,2435716,2467135,2467315,2541763,2571436,2651473,2714356,3124675,3157462,3174562,3174652,3175462,3214675,3241675,3246715,3257146,3527146,3571246,3571426,4167325,4176253,4235716,4325716,4352716,4357126,4563172,4631572,4631752,4653172,4671325,4673125,4673215,4726513,5147263,5271436,5317462,5417623,5463172,5631742,5712436,5714236,5714326,5746312,6254173,6315742,6317452,6317542,6514723,6531742,6713245,6731245,6732145,6732415,7124356,7132465,7142356,7143256,7143526,7265143,7312465,7321465,7324165,7456312,7463152,7465312,7546312,7625413	1234567,1245637,1274635,1435672,1436572,1463572,1643572,1724635,1742635,1746235,2317465,2345617,2456317,2456731,2463175,2467351,2467531,2546731,2631745,2746315,3124567,3127465,3172465,3174265,3174625,3245671,3246751,3254671,3456127,3524671,3567142,3571462,3571642,3657142,4263175,4356712,4357162,4365712,4561237,4563127,4567321,4623175,4631275,4631725,4635712,4673251,4673521,4675321,5246731,5324671,5467321,5612347,5631247,5671432,5673241,5714362,5714632,5716432,6123457,6231745,6312457,6312745,6317245,6317425,6357142,6435712,6571432,6714352,6732451,6732541,6735241,6753241,7143562,7143652,7146352,7164352,7246315,7324561,7325461,7352461,7426315,7462315,7463125,7532461			2	-	5906.lswap-17203113788c.txt~5906.lswap-2fb529601be6.txt
240d550552a3	7	1234567,1245637,1274635,1435672,1436572,1463572,1643572,1724635,1742635,1746235,2317465,2345617,2456317,2456731,2463175,2467351,2467531,2546731,2631745,2746315,3124567,3127465,3172465,3174265,3174625,3245671,3246751,3254671,3456127,3524671,3567142,3571462,3571642,3657142,4263175,4356712,4357162,4365712,4561237,4563127,4567321,4623175,4631275,4631725,4635712,4673251,4673521,4675321,5246731,5324671,5467321,5612347,5631247,5671432,5673241,5714362,5714632,5716432,6123457,6231745,6312457,6312745,6317245,6317425,6357142,6435712,6571432,6714352,6732451,6732541,6735241,6753241,7143562,7143652,7146352,7164352,7246315,7324561,7325461,7352461,7426315,7462315,7463125,7532461	1243576,1246735,1324675,1423576,1432576,1435276,1467325,1472653,1574632,1673245,1745632,1746532,1754632,1762543,2146735,2357146,2416735,2435716,2467135,2467315,2541763,2571436,2651473,2714356,3124675,3157462,3174562,3174652,3175462,3214675,3241675,3246715,3257146,3527146,3571246,3571426,4167325,4176253,4235716,4325716,4352716,4357126,4563172,4631572,4631752,4653172,4671325,4673125,4673215,4726513,5147263,5271436,5317462,5417623,5463172,5631742,5712436,5714236,5714326,5746312,6254173,6315742,6317452,6317542,6514723,6531742,6713245,6731245,6732145,6732415,7124356,7132465,7142356,7143256,7143526,7265143,7312465,7321465,7324165,7456312,7463152,7465312,7546312,7625413			2	-	5906.lswap-17203113788c.txt~5906.lswap-2fb529601be6.txt
a9587b440eca	7	1234567,1237465,1245637,1274635,1327465,1374265,1374625,1724635,1742635,1746235,2137465,2317465,2345617,2374615,2456317,2463175,2613745,2631745,2746135,2746315,3124567,3127465,3172465,3174265,3174625,3274615,3456127,3742615,3746125,3746215,4261375,4263175,4561237,4563127,4612375,4613275,4621375,4623175,4631275,4631725,5612347,5631247,6123457,6123745,6132745,6137425,6213745,6231745,6312457,6312745,6317245,6317425,7246315,7426135,7426315,7461235,7461325,7462135,7462315,7463125	1357462,1374562,1374652,1472653,1537462,1574632,1745632,1746532,1754632,1762543,2541763,2651473,3157462,3174562,3174652,3175462,3574612,3745612,3746152,3746512,4176253,4561372,4563172,4613572,4615372,4631572,4631752,4651372,4653172,4726513,5137462,5147263,5317462,5374612,5417623,5463172,5613742,5631742,5746132,5746312,6135742,6137452,6153742,6254173,6315742,6317452,6317542,6513742,6514723,6531742,7265143,7456132,7456312,7461352,7461532,7463152,7465132,7465312,7546312,7625413			2	-	5906.lswap-1e70957354f1.txt~5906.lswap-3baeeea281f2.txt
b71368c91055	7	1357462,1374562,1374652,1472653,1537462,1574632,1745632,1746532,1754632,1762543,2541763,2651473,3157462,3174562,3174652,3175462,3574612,3745612,3746152,3746512,4176253,4561372,4563172,4613572,4615372,4631572,4631752,4651372,4653172,4726513,5137462,5147263,5317462,5374612,5417623,5463172,5613742,5631742,5746132,5746312,6135742,6137452,6153742,6254173,6315742,6317452,6317542,6513742,6514723,6531742,7265143,7456132,7456312,7461352,7461532,7463152,7465132,7465312,7546312,7625413	1234567,1237465,1245637,1274635,1327465,1374265,1374625,1724635,1742635,1746235,2137465,2317465,2345617,2374615,2456317,2463175,2613745,2631745,2746135,2746315,3124567,3127465,3172465,3174265,3174625,3274615,3456127,3742615,3746125,3746215,4261375,4263175,4561237,4563127,4612375,4613275,4621375,4623175,4631275,4631725,5612347,5631247,6123457,6123745,6132745,6137425,6213745,6231745,6312457,6312745,6317245,6317425,7246315,7426135,7426315,7461235,7461325,7462135,7462315,7463125			2	-	5906.lswap-1e70957354f1.txt~5906.lswap-3baeeea281f2.txt
306d4d2a2ee6	7	1234567,1245637,1246735,1274635,1324675,1435672,1436572,1463572,1467325,1643572,1673245,1724635,1742635,1746235,2146735,2317465,2345617,2416735,2456317,2463175,2467135,2467315,2631745,2746315,3124567,3124675,3127465,3172465,3174265,3174625,3214675,3241675,3246715,3456127,3567142,3571462,3571642,3657142,4167325,4263175,4356712,4357162,4365712,4561237,4563127,4623175,4631275,4631725,4635712,4671325,4673125,4673215,5612347,5631247,5671432,5714362,5714632,5716432,6123457,6231745,6312457,6312745,6317245,6317425,6357142,6435712,6571432,6713245,6714352,6731245,6732145,6732415,7132465,7143562,7143652,7146352,7164352,7246315,7312465,7321465,7324165,7426315,7462315,7463125	1243576,1423576,1432576,1435276,1472653,1574632,1745632,1746532,1754632,1762543,2357146,2435716,2456731,2467351,2467531,2541763,2546731,2571436,2651473,2714356,3157462,3174562,3174652,3175462,3245671,3246751,3254671,3257146,3524671,3527146,3571246,3571426,4176253,4235716,4325716,4352716,4357126,4563172,4567321,4631572,4631752,4653172,4673251,4673521,4675321,4726513,5147263,5246731,5271436,5317462,5324671,5417623,5463172,5467321,5631742,5673241,5712436,5714236,5714326,5746312,6254173,6315742,6317452,6317542,6514723,6531742,6732451,6732541,6735241,6753241,7124356,7142356,7143256,7143526,7265143,7324561,7325461,7352461,7456312,7463152,7465312,7532461,7546312,7625413			2	-	5906.lswap-1e70957354f1.txt~5906.lswap-5764c730eaee.txt
d07ef10057cc	7	1243576,1423576,1432576,1435276,1472653,1574632,1745632,1746532,1754632,1762543,2357146,2435716,2456731,2467351,2467531,2541763,2546731,2571436,2651473,2714356,3157462,3174562,3174652,3175462,3245671,3246751,3254671,3257146,3524671,3527146,3571246,3571426,4176253,4235716,4325716,4352716,4357126,4563172,4567321,4631572,4631752,4653172,4673251,4673521,4675321,4726513,5147263,5246731,5271436,5317462,5324671,5417623,5463172,5467321,5631742,5673241,5712436,5714236,5714326,5746312,6254173,6315742,6317452,6317542,6514723,6531742,6732451,6732541,6735241,6753241,7124356,7142356,7143256,7143526,7265143,7324561,7325461,7352461,7456312,7463152,7465312,7532461,7546312,7625413	1234567,1245637,1246735,1274635,1324675,1435672,1436572,1463572,1467325,1643572,1673245,1724635,1742635,1746235,2146735,2317465,2345617,2416735,2456317,2463175,2467135,2467315,2631745,2746315,3124567,3124675,3127465,3172465,3174265,3174625,3214675,3241675,3246715,3456127,3567142,3571462,3571642,3657142,4167325,4263175,4356712,4357162,4365712,4561237,4563127,4623175,4631275,4631725,4635712,4671325,4673125,4673215,5612347,5631247,5671432,5714362,5714632,5716432,6123457,6231745,6312457,6312745,6317245,6317425,6357142,6435712,6571432,6713245,6714352,6731245,6732145,6732415,7132465,7143562,7143652,7146352,7164352,7246315,7312465,7321465,7324165,7426315,7462315,7463125			2	-	5906.lswap-1e70957354f1.txt~5906.lswap-5764c730eaee.txt
9c07b36d20b9	7	1235764,1237456,1237546,1246375,1247536,1253746,1256734,1264375,1265734,1267354,1273465,1273645,1327465,1374265,1374625,1426375,1452736,1472653,1542736,1562374,1574632,1627345,1652374,1745632,1746532,1754632,1762543,2137465,2357614,2371564,2371654,2374516,2375416,2463715,2475316,2537416,2541763,2567314,2613745,2637145,2643715,2651473,2657314,2673514,2731456,2731546,2734165,2734615,2736415,2746135,3124756,3125674,3126574,3145276,3154276,3157462,3174562,3174652,3175462,3274615,3416275,3461275,3512674,3576124,3641275,3712465,3712645,3714265,3715624,3716524,3741256,3742615,3745126,3746215,3754126,4123756,4125376,4127365,4162735,4176253,4261375,4263715,4273156,4371265,4512376,4527316,4563172,4612735,4613275,4621375,4631572,4631752,4637125,4653172,4726513,4753126,5123746,5126734,5147263,5237164,5273146,5312476,5317462,5374126,5412376,5417623,5427316,5463172,5623714,5631742,5673124,5731264,5746312,5761234,6123574,6127345,6132745,6137425,6213745,6237154,6254173,6273415,6315742,6317452,6317542,6371245,6371425,6412735,6437125,6514723,6523714,6531742,6573124,6731254,6735124,7124635,7126435,7142635,7156234,7165234,7265143,7312564,7312654,7314526,7315426,7341625,7346125,7351264,7364125,7412536,7426135,7451236,7456312,7461325,7462135,7463152,7465312,7531246,7541236,7546312,7612354,7625413	1234567,1237645,1245637,1246735,1256374,1257346,1263754,1264735,1265374,1273456,1273546,1274635,1357462,1374562,1374652,1427635,1452376,1524376,1527364,1537462,1542376,1562734,1623475,1652734,1724635,1742635,1746235,2317465,2345617,2347165,2371456,2371546,2376415,2437156,2456317,2463175,2467315,2563714,2573416,2631745,2637514,2647315,2653714,2731564,2731654,2734516,2735416,2736154,2746315,2763145,3124567,3124675,3126475,3127465,3142765,3156274,3165274,3172465,3174265,3174625,3412576,3451276,3456127,3471625,3541276,3574612,3615274,3712564,3712654,3714526,3715246,3715426,3745612,3746152,3746512,3751264,3764125,4123765,4125736,4127356,4237156,4263175,4276315,4371526,4512736,4523716,4561237,4561372,4563127,4613572,4615372,4623175,4631275,4631725,4651372,4673125,4716235,4731265,5126374,5127346,5137462,5237146,5243716,5273164,5273614,5371264,5374612,5412736,5423716,5612347,5613742,5627314,5631247,5637124,5734126,5746132,6123457,6135742,6137452,6152734,6153742,6231745,6234715,6273154,6312457,6312745,6314275,6317245,6317425,6371254,6375124,6412375,6473125,6513742,6527314,6537124,6731245,7125634,7126534,7145236,7152436,7154236,7162345,7246315,7312465,7312645,7315624,7316524,7341256,7345126,7354126,7361524,7426315,7456132,7461352,7461532,7462315,7463125,7465132,7512634,7631425,7641235			2	-	5906.lswap-25804d565b10.txt~5906.lswap-821102adfff8.txt
f4b9a13ff36c	7	1234567,1237645,1245637,1246735,1256374,1257346,1263754,1264735,1265374,1273456,1273546,1274635,1357462,1374562,1374652,1427635,1452376,1524376,1527364,1537462,1542376,1562734,1623475,1652734,1724635,1742635,1746235,2317465,2345617,2347165,2371456,2371546,2376415,2437156,2456317,2463175,2467315,2563714,2573416,2631745,2637514,2647315,2653714,2731564,2731654,2734516,2735416,2736154,2746315,2763145,3124567,3124675,3126475,3127465,3142765,3156274,3165274,3172465,3174265,3174625,3412576,3451276,3456127,3471625,3541276,3574612,3615274,3712564,3712654,3714526,3715246,3715426,3745612,3746152,3746512,3751264,3764125,4123765,4125736,4127356,4237156,4263175,4276315,4371526,4512736,4523716,4561237,4561372,4563127,4613572,4615372,4623175,4631275,4631725,4651372,4673125,4716235,4731265,5126374,5127346,5137462,5237146,5243716,5273164,5273614,5371264,5374612,5412736,5423716,5612347,5613742,5627314,5631247,5637124,5734126,5746132,6123457,6135742,6137452,6152734,6153742,6231745,6234715,6273154,6312457,6312745,6314275,6317245,6317425,6371254,6375124,6412375,6473125,6513742,6527314,6537124,6731245,7125634,7126534,7145236,7152436,7154236,7162345,7246315,7312465,7312645,7315624,7316524,7341256,7345126,7354126,7361524,7426315,7456132,7461352,7461532,7462315,7463125,7465132,7512634,7631425,7641235	1235764,1237456,1237546,1246375,1247536,1253746,1256734,1264375,1265734,1267354,1273465,1273645,1327465,1374265,1374625,1426375,1452736,1472653,1542736,1562374,1574632,1627345,1652374,1745632,1746532,1754632,1762543,2137465,2357614,2371564,2371654,2374516,2375416,2463715,2475316,2537416,2541763,2567314,2613745,2637145,2643715,2651473,2657314,2673514,2731456,2731546,2734165,2734615,2736415,2746135,3124756,3125674,3126574,3145276,3154276,3157462,3174562,3174652,3175462,3274615,3416275,3461275,3512674,3576124,3641275,3712465,3712645,3714265,3715624,3716524,3741256,3742615,3745126,3746215,3754126,4123756,4125376,4127365,4162735,4176253,4261375,4263715,4273156,4371265,4512376,4527316,4563172,4612735,4613275,4621375,4631572,4631752,4637125,4653172,4726513,4753126,5123746,5126734,5147263,5237164,5273146,5312476,5317462,5374126,5412376,5417623,5427316,5463172,5623714,5631742,5673124,5731264,5746312,5761234,6123574,6127345,6132745,6137425,6213745,6237154,6254173,6273415,6315742,6317452,6317542,6371245,6371425,6412735,6437125,6514723,6523714,6531742,6573124,6731254,6735124,7124635,7126435,7142635,7156234,7165234,7265143,7312564,7312654,7314526,7315426,7341625,7346125,7351264,7364125,7412536,7426135,7451236,7456312,7461325,7462135,7463152,7465312,7531246,7541236,7546312,7612354,7625413			2	-	5906.lswap-25804d565b10.txt~5906.lswap-821102adfff8.txt
bd508e5023d8	7	1234567,1245637,1274635,1724635,1742635,1746235,2317465,2345617,2456317,2456731,2463175,2467351,2467531,2546731,2631745,2746315,3124567,3127465,3172465,3174265,3174625,3245671,3246751,3254671,3456127,3524671,4263175,4561237,4563127,4567321,4623175,4631275,4631725,4673251,4673521,4675321,5246731,5324671,5467321,5612347,5631247,5673241,6123457,6231745,6312457,6312745,6317245,6317425,6732451,6732541,6735241,6753241,7246315,7324561,7325461,7352461,7426315,7462315,7463125,7532461	1246735,1324675,1467325,1472653,1574632,1673245,1745632,1746532,1754632,1762543,2146735,2416735,2467135,2467315,2541763,2651473,3124675,3157462,3174562,3174652,3175462,3214675,3241675,3246715,4167325,4176253,4563172,4631572,4631752,4653172,4671325,4673125,4673215,4726513,5147263,5317462,5417623,5463172,5631742,5746312,6254173,6315742,6317452,6317542,6514723,6531742,6713245,6731245,6732145,6732415,7132465,7265143,7312465,7321465,7324165,7456312,7463152,7465312,7546312,7625413			2	-	5906.lswap-2fb529601be6.txt~5906.lswap-3baeeea281f2.txt
e50393a8ba1d	7	1246735,1324675,1467325,1472653,1574632,1673245,1745632,1746532,1754632,1762543,2146735,2416735,2467135,2467315,2541763,2651473,3124675,3157462,3174562,3174652,3175462,3214675,3241675,3246715,4167325,4176253,4563172,4631572,4631752,4653172,4671325,4673125,4673215,4726513,5147263,5317462,5417623,5463172,5631742,5746312,6254173,6315742,6317452,6317542,6514723,6531742,6713245,6731245,6732145,6732415,7132465,7265143,7312465,7321465,7324165,7456312,7463152,7465312,7546312,7625413	1234567,1245637,1274635,1724635,1742635,1746235,2317465,2345617,2456317,2456731,2463175,2467351,2467531,2546731,2631745,2746315,3124567,3127465,3172465,3174265,3174625,3245671,3246751,3254671,3456127,3524671,4263175,4561237,4563127,4567321,4623175,4631275,4631725,4673251,4673521,4675321,5246731,5324671,5467321,5612347,5631247,5673241,6123457,6231745,6312457,6312745,6317245,6317425,6732451,6732541,6735241,6753241,7246315,7324561,7325461,7352461,7426315,7462315,7463125,7532461			2	-	5906.lswap-2fb529601be6.txt~5906.lswap-3baeeea281f2.txt
b2c5eb761e41	7	1234567,1245637,1274635,1357462,1374562,1374652,1435672,1436572,1463572,1537462,1643572,1724635,1742635,1746235,2317465,2345617,2456317,2463175,2631745,2746315,3124567,3127465,3172465,3174265,3174625,3456127,3567142,3571462,3571642,3574612,3657142,3745612,3746152,3746512,4263175,4356712,4357162,4365712,4561237,4561372,4563127,4613572,4615372,4623175,4631275,4631725,4635712,4651372,5137462,5374612,5612347,5613742,5631247,5671432,5714362,5714632,5716432,5746132,6123457,6135742,6137452,6153742,6231745,6312457,6312745,6317245,6317425,6357142,6435712,6513742,6571432,6714352,7143562,7143652,7146352,7164352,7246315,7426315,7456132,7461352,7461532,7462315,7463125,7465132	1237465,1243576,1327465,1374265,1374625,1423576,1432576,1435276,1472653,1574632,1745632,1746532,1754632,1762543,2137465,2357146,2374615,2435716,2541763,2571436,2613745,2651473,2714356,2746135,3157462,3174562,3174652,3175462,3257146,3274615,3527146,3571246,3571426,3742615,3746125,3746215,4176253,4235716,4261375,4325716,4352716,4357126,4563172,4612375,4613275,4621375,4631572,4631752,4653172,4726513,5147263,5271436,5317462,5417623,5463172,5631742,5712436,5714236,5714326,5746312,6123745,6132745,6137425,6213745,6254173,6315742,6317452,6317542,6514723,6531742,7124356,7142356,7143256,7143526,7265143,7426135,7456312,7461235,7461325,7462135,7463152,7465312,7546312,7625413			2	-	5906.lswap-2fb529601be6.txt~5906.lswap-5764c730eaee.txt
0cf38a094cfc	7	1237465,1243576,1327465,1374265,1374625,1423576,1432576,1435276,1472653,1574632,1745632,1746532,1754632,1762543,2137465,2357146,2374615,2435716,2541763,2571436,2613745,2651473,2714356,2746135,3157462,3174562,3174652,3175462,3257146,3274615,3527146,3571246,3571426,3742615,3746125,3746215,4176253,4235716,4261375,4325716,4352716,4357126,4563172,4612375,4613275,4621375,4631572,4631752,4653172,4726513,5147263,5271436,5317462,5417623,5463172,5631742,5712436,5714236,5714326,5746312,6123745,6132745,6137425,6213745,6254173,6315742,6317452,6317542,6514723,6531742,7124356,7142356,7143256,7143526,7265143,7426135,7456312,7461235,7461325,7462135,7463152,7465312,7546312,7625413	1234567,1245637,1274635,1357462,1374562,1374652,1435672,1436572,1463572,1537462,1643572,1724635,1742635,1746235,2317465,2345617,2456317,2463175,2631745,2746315,3124567,3127465,3172465,3174265,3174625,3456127,3567142,3571462,3571642,3574612,3657142,3745612,3746152,3746512,4263175,4356712,4357162,4365712,4561237,4561372,4563127,4613572,4615372,4623175,4631275,4631725,4635712,4651372,5137462,5374612,5612347,5613742,5631247,5671432,5714362,5714632,5716432,5746132,6123457,6135742,6137452,6153742,6231745,6312457,6312745,6317245,6317425,6357142,6435712,6513742,6571432,6714352,7143562,7143652,7146352,7164352,7246315,7426315,7456132,7461352,7461532,7462315,7463125,7465132			2	-	5906.lswap-2fb529601be6.txt~5906.lswap-5764c730eaee.txt
98aeb647340c	7	1234567,1245637,1246735,1274635,1324675,1357462,1374562,1374652,1467325,1537462,1673245,1724635,1742635,1746235,2146735,2317465,2345617,2416735,2456317,2463175,2467135,2467315,2631745,2746315,3124567,3124675,3127465,3172465,3174265,3174625,3214675,3241675,3246715,3456127,3574612,3745612,3746152,3746512,4167325,4263175,4561237,4561372,4563127,4613572,4615372,4623175,4631275,4631725,4651372,4671325,4673125,4673215,5137462,5374612,5612347,5613742,5631247,5746132,6123457,6135742,6137452,6153742,6231745,6312457,6312745,6317245,6317425,6513742,6713245,6731245,6732145,6732415,7132465,7246315,7312465,7321465,7324165,7426315,7456132,7461352,7461532,7462315,7463125,7465132	1237465,1327465,1374265,1374625,1472653,1574632,1745632,1746532,1754632,1762543,2137465,2374615,2456731,2467351,2467531,2541763,2546731,2613745,2651473,2746135,3157462,3174562,3174652,3175462,3245671,3246751,3254671,3274615,3524671,3742615,3746125,3746215,4176253,4261375,4563172,4567321,4612375,4613275,4621375,4631572,4631752,4653172,4673251,4673521,4675321,4726513,5147263,5246731,5317462,5324671,5417623,5463172,5467321,5631742,5673241,5746312,6123745,6132745,6137425,6213745,6254173,6315742,6317452,6317542,6514723,6531742,6732451,6732541,6735241,6753241,7265143,7324561,7325461,7352461,7426135,7456312,7461235,7461325,7462135,7463152,7465312,7532461,7546312,7625413			2	-	5906.lswap-423441640591.txt~5906.lswap-5764c730eaee.txt
182cf9bee74c	7	1237465,1327465,1374265,1374625,1472653,1574632,1745632,1746532,1754632,1762543,2137465,2374615,2456731,2467351,2467531,2541763,2546731,2613745,2651473,2746135,3157462,3174562,3174652,3175462,3245671,3246751,3254671,3274615,3524671,3742615,3746125,3746215,4176253,4261375,4563172,4567321,4612375,4613275,4621375,4631572,4631752,4653172,4673251,4673521,4675321,4726513,5147263,5246731,5317462,5324671,5417623,5463172,5467321,5631742,5673241,5746312,6123745,6132745,6137425,6213745,6254173,6315742,6317452,6317542,6514723,6531742,6732451,6732541,6735241,6753241,7265143,7324561,7325461,7352461,7426135,7456312,7461235,7461325,7462135,7463152,7465312,7532461,7546312,7625413	1234567,1245637,1246735,1274635,1324675,1357462,1374562,1374652,1467325,1537462,1673245,1724635,1742635,1746235,2146735,2317465,2345617,2416735,2456317,2463175,2467135,2467315,2631745,2746315,3124567,3124675,3127465,3172465,3174265,3174625,3214675,3241675,3246715,3456127,3574612,3745612,3746152,3746512,4167325,4263175,4561237,4561372,4563127,4613572,4615372,4623175,4631275,4631725,4651372,4671325,4673125,4673215,5137462,5374612,5612347,5613742,5631247,5746132,6123457,6135742,6137452,6153742,6231745,6312457,6312745,6317245,6317425,6513742,6713245,6731245,6732145,6732415,7132465,7246315,7312465,7321465,7324165,7426315,7456132,7461352,7461532,7462315,7463125,7465132			2	-	5906.lswap-423441640591.txt~5906.lswap-5764c730eaee.txt
39fe21f51977	7	1234567,1237645,1243765,1245637,1246735,1256374,1257346,1263754,1264735,1265374,1273456,1273546,1274635,1357462,1374562,1374652,1423765,1427635,1437265,1437625,1452376,1524376,1527364,1537462,1542376,1562734,1623475,1652734,1724635,1742635,1746235,2143765,2317465,2345617,2347165,2371456,2371546,2376145,2376415,2437156,2437615,2456317,2463175,2467315,2563714,2573416,2614375,2631745,2637514,2647315,2653714,2731564,2731654,2734516,2735416,2736154,2746315,2763145,3124567,3124675,3126475,3127465,3142765,3156274,3165274,3172465,3174265,3174625,3412576,3451276,3456127,3471625,3541276,3574612,3615274,3712564,3712654,3714526,3715246,3715426,3726145,3745612,3746152,3746512,3751264,3761245,3761425,3762145,3764125,4123765,4125736,4127356,4237156,4237615,4263175,4276315,4371526,4372615,4376125,4376215,4512736,4523716,4561237,4561372,4563127,4613572,4615372,4623175,4631275,4631725,4651372,4673125,4716235,4731265,5126374,5127346,5137462,5237146,5243716,5273164,5273614,5371264,5374612,5412736,5423716,5612347,5613742,5627314,5631247,5637124,5734126,5746132,6123457,6124375,6135742,6137452,6142375,6143725,6152734,6153742,6214375,6231745,6234715,6273154,6312457,6312745,6314275,6317245,6317425,6371254,6375124,6412375,6473125,6513742,6527314,6537124,6731245,7125634,7126534,7145236,7152436,7154236,7162345,7246315,7261435,7312465,7312645,7315624,7316524,7341256,7345126,7354126,7361524,7426315,7456132,7461352,7461532,7462315,7463125,7465132,7512634,7612435,7614235,7621435,7631425,7641235	1235764,1237456,1237546,1246375,1247536,1253746,1256734,1264375,1265734,1267354,1273465,1273645,1327465,1374265,1374625,1426375,1437562,1437652,1452736,1453762,1472653,1542736,1543762,1562374,1574632,1627345,1652374,1745632,1746532,1754632,1762543,2137465,2357614,2371564,2371654,2374516,2375416,2463715,2475316,2537416,2541763,2567314,2613745,2637145,2643715,2651473,2657314,2673514,2731456,2731546,2734165,2734615,2736415,2746135,3124756,3125674,3126574,3145276,3154276,3157462,3174562,3174652,3175462,3274615,3416275,3461275,3512674,3576124,3641275,3712465,3712645,3714265,3715624,3716524,3741256,3742615,3745126,3746215,3754126,3756142,3761452,3761542,3765142,4123756,4125376,4127365,4162735,4176253,4261375,4263715,4273156,4371265,4375612,4376152,4376512,4512376,4527316,4537612,4563172,4612735,4613275,4621375,4631572,4631752,4637125,4653172,4726513,4753126,5123746,5126734,5143762,5147263,5237164,5273146,5312476,5317462,5374126,5376142,5412376,5417623,5427316,5437612,5463172,5614372,5623714,5631742,5673124,5731264,5746312,5761234,6123574,6127345,6132745,6137425,6143752,6145372,6154372,6213745,6237154,6254173,6273415,6315742,6317452,6317542,6371245,6371425,6412735,6437125,6514372,6514723,6523714,6531742,6573124,6731254,6735124,7124635,7126435,7142635,7156234,7165234,7265143,7312564,7312654,7314526,7315426,7341625,7346125,7351264,7364125,7412536,7426135,7451236,7456312,7461325,7462135,7463152,7465312,7531246,7541236,7546312,7561432,7612354,7614532,7615432,7625413,7651432			2	-	5906.lswap-423441640591.txt~5906.lswap-af54b6f406a6.txt
c50b4b5b313f	7	1235764,1237456,1237546,1246375,1247536,1253746,1256734,1264375,1265734,1267354,1273465,1273645,1327465,1374265,1374625,1426375,1437562,1437652,1452736,1453762,1472653,1542736,1543762,1562374,1574632,1627345,1652374,1745632,1746532,1754632,1762543,2137465,2357614,2371564,2371654,2374516,2375416,2463715,2475316,2537416,2541763,2567314,2613745,2637145,2643715,2651473,2657314,2673514,2731456,2731546,2734165,2734615,2736415,2746135,3124756,3125674,3126574,3145276,3154276,3157462,3174562,3174652,3175462,3274615,3416275,3461275,3512674,3576124,3641275,3712465,3712645,3714265,3715624,3716524,3741256,3742615,3745126,3746215,3754126,3756142,3761452,3761542,3765142,4123756,4125376,4127365,4162735,4176253,4261375,4263715,4273156,4371265,4375612,4376152,4376512,4512376,4527316,4537612,4563172,4612735,4613275,4621375,4631572,4631752,4637125,4653172,4726513,4753126,5123746,5126734,5143762,5147263,5237164,5273146,5312476,5317462,5374126,5376142,5412376,5417623,5427316,5437612,5463172,5614372,5623714,5631742,5673124,5731264,5746312,5761234,6123574,6127345,6132745,6137425,6143752,6145372,6154372,6213745,6237154,6254173,6273415,6315742,6317452,6317542,6371245,6371425,6412735,6437125,6514372,6514723,6523714,6531742,6573124,6731254,6735124,7124635,7126435,7142635,7156234,7165234,7265143,7312564,7312654,7314526,7315426,7341625,7346125,7351264,7364125,7412536,7426135,7451236,7456312,7461325,7462135,7463152,7465312,7531246,7541236,7546312,7561432,7612354,7614532,7615432,7625413,7651432	1234567,1237645,1243765,1245637,1246735,1256374,1257346,1263754,1264735,1265374,1273456,1273546,1274635,1357462,1374562,1374652,1423765,1427635,1437265,1437625,1452376,1524376,1527364,1537462,1542376,1562734,1623475,1652734,1724635,1742635,1746235,2143765,2317465,2345617,2347165,2371456,2371546,2376145,2376415,2437156,2437615,2456317,2463175,2467315,2563714,2573416,2614375,2631745,2637514,2647315,2653714,2731564,2731654,2734516,2735416,2736154,2746315,2763145,3124567,3124675,3126475,3127465,3142765,3156274,3165274,3172465,3174265,3174625,3412576,3451276,3456127,3471625,3541276,3574612,3615274,3712564,3712654,3714526,3715246,3715426,3726145,3745612,3746152,3746512,3751264,3761245,3761425,3762145,3764125,4123765,4125736,4127356,4237156,4237615,4263175,4276315,4371526,4372615,4376125,4376215,4512736,4523716,4561237,4561372,4563127,4613572,4615372,4623175,4631275,4631725,4651372,4673125,4716235,4731265,5126374,5127346,5137462,5237146,5243716,5273164,5273614,5371264,5374612,5412736,5423716,5612347,5613742,5627314,5631247,5637124,5734126,5746132,6123457,6124375,6135742,6137452,6142375,6143725,6152734,6153742,6214375,6231745,6234715,6273154,6312457,6312745,6314275,6317245,6317425,6371254,6375124,6412375,6473125,6513742,6527314,6537124,6731245,7125634,7126534,7145236,7152436,7154236,7162345,7246315,7261435,7312465,7312645,7315624,7316524,7341256,7345126,7354126,7361524,7426315,7456132,7461352,7461532,7462315,7463125,7465132,7512634,7612435,7614235,7621435,7631425,7641235			2	-	5906.lswap-423441640591.txt~5906.lswap-af54b6f406a6.txt
94e83c3c75fb	7	1234567,1237645,1243765,1245637,1246735,1256374,1257346,1263754,1264735,1265374,1273456,1273546,1357462,1374562,1374652,1423765,1427635,1437265,1437625,1452376,1524376,1527364,1537462,1542376,1562734,1623475,1652734,2143765,2345617,2347165,2371456,2371546,2376145,2376415,2437156,2437615,2456317,2467315,2563714,2573416,2614375,2637514,2647315,2653714,2731564,2731654,2734516,2735416,2736154,2763145,3124567,3124675,3126475,3142765,3156274,3165274,3412576,3451276,3456127,3471625,3541276,3574612,3615274,3712564,3712654,3714526,3715246,3715426,3726145,3745612,3746152,3746512,3751264,3761245,3761425,3762145,3764125,4123765,4125736,4127356,4237156,4237615,4276315,4371526,4372615,4376125,4376215,4512736,4523716,4561237,4561372,4563127,4613572,4615372,4651372,4673125,4716235,4731265,5126374,5127346,5137462,5237146,5243716,5273164,5273614,5371264,5374612,5412736,5423716,5612347,5613742,5627314,5631247,5637124,5734126,5746132,6123457,6124375,6135742,6137452,6142375,6143725,6152734,6153742,6214375,6234715,6273154,6312457,6314275,6371254,6375124,6412375,6473125,6513742,6527314,6537124,6731245,7125634,7126534,7145236,7152436,7154236,7162345,7261435,7312465,7312645,7315624,7316524,7341256,7345126,7354126,7361524,7456132,7461352,7461532,7465132,7512634,7612435,7614235,7621435,7631425,7641235	1235764,1237456,1237546,1246375,1247536,1253746,1256734,1264375,1265734,1267354,1273465,1273645,1327465,1374265,1374625,1426375,1437562,1437652,1452736,1453762,1472653,1542736,1543762,1562374,1627345,1652374,1762543,2137465,2357614,2371564,2371654,2374516,2375416,2463715,2475316,2537416,2541763,2567314,2613745,2637145,2643715,2651473,2657314,2673514,2731456,2731546,2734165,2734615,2736415,2746135,3124756,3125674,3126574,3145276,3154276,3274615,3416275,3461275,3512674,3576124,3641275,3712465,3712645,3714265,3715624,3716524,3741256,3742615,3745126,3746215,3754126,3756142,3761452,3761542,3765142,4123756,4125376,4127365,4162735,4176253,4261375,4263715,4273156,4371265,4375612,4376152,4376512,4512376,4527316,4537612,4612735,4613275,4621375,4637125,4726513,4753126,5123746,5126734,5143762,5147263,5237164,5273146,5312476,5374126,5376142,5412376,5417623,5427316,5437612,5614372,5623714,5673124,5731264,5761234,6123574,6127345,6132745,6137425,6143752,6145372,6154372,6213745,6237154,6254173,6273415,6371245,6371425,6412735,6437125,6514372,6514723,6523714,6573124,6731254,6735124,7124635,7126435,7142635,7156234,7165234,7265143,7312564,7312654,7314526,7315426,7341625,7346125,7351264,7364125,7412536,7426135,7451236,7461325,7462135,7531246,7541236,7561432,7612354,7614532,7615432,7625413,7651432			2	-	5906.lswap-423441640591.txt~5906.lswap-e2d18fca77cb.txt
435e181a3f3c	7	1235764,1237456,1237546,1246375,1247536,1253746,1256734,1264375,1265734,1267354,1273465,1273645,1327465,1374265,1374625,1426375,1437562,1437652,1452736,1453762,1472653,1542736,1543762,1562374,1627345,1652374,1762543,2137465,2357614,2371564,2371654,2374516,2375416,2463715,2475316,2537416,2541763,2567314,2613745,2637145,2643715,2651473,2657314,2673514,2731456,2731546,2734165,2734615,2736415,2746135,3124756,3125674,3126574,3145276,3154276,3274615,3416275,3461275,3512674,3576124,3641275,3712465,3712645,3714265,3715624,3716524,3741256,3742615,3745126,3746215,3754126,3756142,3761452,3761542,3765142,4123756,4125376,4127365,4162735,4176253,4261375,4263715,4273156,4371265,4375612,4376152,4376512,4512376,4527316,4537612,4612735,4613275,4621375,4637125,4726513,4753126,5123746,5126734,5143762,5147263,5237164,5273146,5312476,5374126,5376142,5412376,5417623,5427316,5437612,5614372,5623714,5673124,5731264,5761234,6123574,6127345,6132745,6137425,6143752,6145372,6154372,6213745,6237154,6254173,6273415,6371245,6371425,6412735,6437125,6514372,6514723,6523714,6573124,6731254,6735124,7124635,7126435,7142635,7156234,7165234,7265143,7312564,7312654,7314526,7315426,7341625,7346125,7351264,7364125,7412536,7426135,7451236,7461325,7462135,7531246,7541236,7561432,7612354,7614532,7615432,7625413,7651432	1234567,1237645,1243765,1245637,1246735,1256374,1257346,1263754,1264735,1265374,1273456,1273546,1357462,1374562,1374652,1423765,1427635,1437265,1437625,1452376,1524376,1527364,1537462,1542376,1562734,1623475,1652734,2143765,2345617,2347165,2371456,2371546,2376145,2376415,2437156,2437615,2456317,2467315,2563714,2573416,2614375,2637514,2647315,2653714,2731564,2731654,2734516,2735416,2736154,2763145,3124567,3124675,3126475,3142765,3156274,3165274,3412576,3451276,3456127,3471625,3541276,3574612,3615274,3712564,3712654,3714526,3715246,3715426,3726145,3745612,3746152,3746512,3751264,3761245,3761425,3762145,3764125,4123765,4125736,4127356,4237156,4237615,4276315,4371526,4372615,4376125,4376215,4512736,4523716,4561237,4561372,4563127,4613572,4615372,4651372,4673125,4716235,4731265,5126374,5127346,5137462,5237146,5243716,5273164,5273614,5371264,5374612,5412736,5423716,5612347,5613742,5627314,5631247,5637124,5734126,5746132,6123457,6124375,6135742,6137452,6142375,6143725,6152734,6153742,6214375,6234715,6273154,6312457,6314275,6371254,6375124,6412375,6473125,6513742,6527314,6537124,6731245,7125634,7126534,7145236,7152436,7154236,7162345,7261435,7312465,7312645,7315624,7316524,7341256,7345126,7354126,7361524,7456132,7461352,7461532,7465132,7512634,7612435,7614235,7621435,7631425,7641235			2	-	5906.lswap-423441640591.txt~5906.lswap-e2d18fca77cb.txt
3a9ca4131cc4	7	1235764,1237564,1273564,1524376,1524736,1527436,1723564,1752436,2356174,2357614,2375614,2431756,2437156,2473156,2735614,2743156,3152476,3152746,3175246,3561274,3561724,3576124,3715246,3756124,4315276,4317526,4371526,4731526,5243176,5243716,5247316,5274316,5612374,5612734,5617234,5761234,6123574,6123754,6127354,6172354,7152436,7235614,7315246,7356124,7431526,7524316,7561234,7612354	1234567,1235467,1243567,1423567,1524367,1524637,1526437,1652437,2345617,2354617,2356147,2431657,2435617,2436157,2463157,2643157,3152467,3152647,3165247,3456127,3546127,3561247,3561427,3615247,4235617,4315267,4316527,4356127,4361527,4561237,4612357,4631527,5243167,5243617,5246317,5264317,5461237,5612347,5612437,5614237,6123457,6123547,6124357,6142357,6152437,6315247,6431527,6524317			1	-	5906.lswap-17946ea8ba63.txt~5906.up-454308027985.txt
b9d178e37207	7	1234567,1235467,1243567,1423567,1524367,1524637,1526437,1652437,2345617,2354617,2356147,2431657,2435617,2436157,2463157,2643157,3152467,3152647,3165247,3456127,3546127,3561247,3561427,3615247,4235617,4315267,4316527,4356127,4361527,4561237,4612357,4631527,5243167,5243617,5246317,5264317,5461237,5612347,5612437,5614237,6123457,6123547,6124357,6142357,6152437,6315247,6431527,6524317	1235764,1237564,1273564,1524376,1524736,1527436,1723564,1752436,2356174,2357614,2375614,2431756,2437156,2473156,2735614,2743156,3152476,3152746,3175246,3561274,3561724,3576124,3715246,3756124,4315276,4317526,4371526,4731526,5243176,5243716,5247316,5274316,5612374,5612734,5617234,5761234,6123574,6123754,6127354,6172354,7152436,7235614,7315246,7356124,7431526,7524316,7561234,7612354			1	-	5906.lswap-17946ea8ba63.txt~5906.up-454308027985.txt
4adf6b64f36e	7	1235764,1237564,1273564,1367254,1524376,1524736,1527436,1536724,1672534,1723564,1725364,1752436,2153674,2356174,2357614,2375614,2431756,2437156,2473156,2513674,2531674,2536174,2735614,2743156,3152476,3152746,3167254,3175246,3561274,3561724,3576124,3617254,3672154,3672514,3715246,3756124,4315276,4317526,4371526,4731526,5136724,5243176,5243716,5247316,5274316,5316724,5361724,5367214,5612374,5612734,5617234,5761234,6123574,6123754,6127354,6172354,6172534,6721534,6725134,6725314,7152436,7215364,7235614,7251364,7253164,7253614,7315246,7356124,7431526,7524316,7561234,7612354	1234567,1235467,1243567,1423567,1524367,1524637,1526437,1652437,2345617,2354617,2356147,2431657,2435617,2436157,2453671,2463157,2534671,2536471,2543671,2643157,3152467,3152647,3165247,3456127,3467251,3546127,3561247,3561427,3615247,3647251,3672451,3672541,4235617,4315267,4316527,4356127,4361527,4367251,4536721,4561237,4612357,4631527,4672531,4725361,5243167,5243617,5246317,5264317,5346721,5364721,5367241,5436721,5461237,5612347,5612437,5614237,6123457,6123547,6124357,6142357,6152437,6315247,6431527,6472531,6524317,6724531,6725341,6725431,7245361,7253461,7253641,7254361			1	-	5906.lswap-d515e64b87be.txt~5906.up-454308027985.txt
06cbb44e483f	7	1234567,1235467,1243567,1423567,1524367,1524637,1526437,1652437,2345617,2354617,2356147,2431657,2435617,2436157,2453671,2463157,2534671,2536471,2543671,2643157,3152467,3152647,3165247,3456127,3467251,3546127,3561247,3561427,3615247,3647251,3672451,3672541,4235617,4315267,4316527,4356127,4361527,4367251,4536721,4561237,4612357,4631527,4672531,4725361,5243167,5243617,5246317,5264317,5346721,5364721,5367241,5436721,5461237,5612347,5612437,5614237,6123457,6123547,6124357,6142357,6152437,6315247,6431527,6472531,6524317,6724531,6725341,6725431,7245361,7253461,7253641,7254361	1235764,1237564,1273564,1367254,1524376,1524736,1527436,1536724,1672534,1723564,1725364,1752436,2153674,2356174,2357614,2375614,2431756,2437156,2473156,2513674,2531674,2536174,2735614,2743156,3152476,3152746,3167254,3175246,3561274,3561724,3576124,3617254,3672154,3672514,3715246,3756124,4315276,4317526,4371526,4731526,5136724,5243176,5243716,5247316,5274316,5316724,5361724,5367214,5612374,5612734,5617234,5761234,6123574,6123754,6127354,6172354,6172534,6721534,6725134,6725314,7152436,7215364,7235614,7251364,7253164,7253614,7315246,7356124,7431526,7524316,7561234,7612354			1	-	5906.lswap-d515e64b87be.txt~5906.up-454308027985.txt
eb92f835e1a8	7	1234567,1235467,1243567,1423567,1524376,1524736,1527436,1752436,2345617,2354617,2356147,2431756,2435617,2437156,2453671,2473156,2534671,2536471,2543671,2743156,3152476,3152746,3175246,3456127,3467251,3546127,3561247,3561427,3647251,3672451,3672541,3715246,4235617,4315276,4317526,4356127,4367251,4371526,4536721,4561237,4612357,4672531,4725361,4731526,5243176,5243716,5247316,5274316,5346721,5364721,5367241,5436721,5461237,5612347,5612437,5614237,6123457,6123547,6124357,6142357,6472531,6724531,6725341,6725431,7152436,7245361,7253461,7253641,7254361,7315246,7431526,7524316	1235764,1237564,1273564,1367254,1524367,1524637,1526437,1536724,1652437,1672534,1723564,1725364,2153674,2356174,2357614,2375614,2431657,2436157,2463157,2513674,2531674,2536174,2643157,2735614,3152467,3152647,3165247,3167254,3561274,3561724,3576124,3615247,3617254,3672154,3672514,3756124,4315267,4316527,4361527,4631527,5136724,5243167,5243617,5246317,5264317,5316724,5361724,5367214,5612374,5612734,5617234,5761234,6123574,6123754,6127354,6152437,6172354,6172534,6315247,6431527,6524317,6721534,6725134,6725314,7215364,7235614,7251364,7253164,7253614,7356124,7561234,7612354			1	-	5906.lswap-4a581202d46c.txt~5906.up-e132c7a7c340.txt
03e7dfb21adb	7	1235764,1237564,1273564,1367254,1524367,1524637,1526437,1536724,1652437,1672534,1723564,1725364,2153674,2356174,2357614,2375614,2431657,2436157,2463157,2513674,2531674,2536174,2643157,2735614,3152467,3152647,3165247,3167254,3561274,3561724,3576124,3615247,3617254,3672154,3672514,3756124,4315267,4316527,4361527,4631527,5136724,5243167,5243617,5246317,5264317,5316724,5361724,5367214,5612374,5612734,5617234,5761234,6123574,6123754,6127354,6152437,6172354,6172534,6315247,6431527,6524317,6721534,6725134,6725314,7215364,7235614,7251364,7253164,7253614,7356124,7561234,7612354	1234567,1235467,1243567,1423567,1524376,1524736,1527436,1752436,2345617,2354617,2356147,2431756,2435617,2437156,2453671,2473156,2534671,2536471,2543671,2743156,3152476,3152746,3175246,3456127,3467251,3546127,3561247,3561427,3647251,3672451,3672541,3715246,4235617,4315276,4317526,4356127,4367251,4371526,4536721,4561237,4612357,4672531,4725361,4731526,5243176,5243716,5247316,5274316,5346721,5364721,5367241,5436721,5461237,5612347,5612437,5614237,6123457,6123547,6124357,6142357,6472531,6724531,6725341,6725431,7152436,7245361,7253461,7253641,7254361,7315246,7431526,7524316			1	-	5906.lswap-4a581202d46c.txt~5906.up-e132c7a7c340.txt
a97d1120a6ed	7	1234567,1235467,1243567,1423567,1524376,1524736,1527436,1752436,2345617,2354617,2356147,2431756,2435617,2437156,2473156,2743156,3152476,3152746,3175246,3456127,3546127,3561247,3561427,3715246,4235617,4315276,4317526,4356127,4371526,4561237,4612357,4731526,5243176,5243716,5247316,5274316,5461237,5612347,5612437,5614237,6123457,6123547,6124357,6142357,7152436,7315246,7431526,7524316	1235764,1237564,1273564,1524367,1524637,1526437,1652437,1723564,2356174,2357614,2375614,2431657,2436157,2463157,2643157,2735614,3152467,3152647,3165247,3561274,3561724,3576124,3615247,3756124,4315267,4316527,4361527,4631527,5243167,5243617,5246317,5264317,5612374,5612734,5617234,5761234,6123574,6123754,6127354,6152437,6172354,6315247,6431527,6524317,7235614,7356124,7561234,7612354			1	-	5906.lswap-6008b60b1c2c.txt~5906.up-e132c7a7c340.txt
55ceb6cb2330	7	1235764,1237564,1273564,1524367,1524637,1526437,1652437,1723564,2356174,2357614,2375614,2431657,2436157,2463157,2643157,2735614,3152467,3152647,3165247,3561274,3561724,3576124,3615247,3756124,4315267,4316527,4361527,4631527,5243167,5243617,5246317,5264317,5612374,5612734,5617234,5761234,6123574,6123754,6127354,6152437,6172354,6315247,6431527,6524317,7235614,7356124,7561234,7612354	1234567,1235467,1243567,1423567,1524376,1524736,1527436,1752436,2345617,2354617,2356147,2431756,2435617,2437156,2473156,2743156,3152476,3152746,3175246,3456127,3546127,3561247,3561427,3715246,4235617,4315276,4317526,4356127,4371526,4561237,4612357,4731526,5243176,5243716,5247316,5274316,5461237,5612347,5612437,5614237,6123457,6123547,6124357,6142357,7152436,7315246,7431526,7524316			1	-	5906.lswap-6008b60b1c2c.txt~5906.up-e132c7a7c340.txt
75eb1aaf73a5	7	1234567,1243567,1245367,1324567,1632457,1632547,1635247,1653247,2345617,2416357,2416537,2435617,2451637,2453617,2456137,2541637,3241657,3245167,3245617,3254167,3456127,3524167,3561247,3612457,4163257,4163527,4165327,4356127,4516327,4536127,4561237,4561327,5163247,5241637,5324167,5361247,5416327,5612347,5612437,5613247,6123457,6124357,6124537,6132457,6324517,6325417,6352417,6532417	1245763,1247563,1274563,1632475,1632745,1637245,1673245,1724563,2416375,2416735,2456173,2457613,2471635,2475613,2741635,2745613,3241675,3247165,3274165,3724165,4163275,4163725,4167325,4561273,4561723,4576123,4716325,4756123,5612473,5612743,5617243,5761243,6124573,6124753,6127453,6172453,6324715,6327415,6372415,6732415,7163245,7241635,7245613,7324165,7416325,7456123,7561243,7612453			1	-	5906.up-3ffb4355518f.txt~5906.up-956f3f1864b5.txt
8555e9811683	7	1245763,1247563,1274563,1632475,1632745,1637245,1673245,1724563,2416375,2416735,2456173,2457613,2471635,2475613,2741635,2745613,3241675,3247165,3274165,3724165,4163275,4163725,4167325,4561273,4561723,4576123,4716325,4756123,5612473,5612743,5617243,5761243,6124573,6124753,6127453,6172453,6324715,6327415,6372415,6732415,7163245,7241635,7245613,7324165,7416325,7456123,7561243,7612453	1234567,1243567,1245367,1324567,1632457,1632547,1635247,1653247,2345617,2416357,2416537,2435617,2451637,2453617,2456137,2541637,3241657,3245167,3245617,3254167,3456127,3524167,3561247,3612457,4163257,4163527,4165327,4356127,4516327,4536127,4561237,4561327,5163247,5241637,5324167,5361247,5416327,5612347,5612437,5613247,6123457,6124357,6124537,6132457,6324517,6325417,6352417,6532417			1	-	5906.up-3ffb4355518f.txt~5906.up-956f3f1864b5.txt
92cca1ec54bb	7	1247635,1273465,1274635,1276345,1324657,1325467,1326457,1326547,1342657,1345762,1347562,1352467,1354267,1374625,1427635,1473265,1534762,1564273,1623457,1625347,1634725,1635742,1637542,1642573,1645273,1652347,1654273,1673542,1723465,1732465,1734265,1743265,1763245,2137465,2163475,2341657,2345167,2346175,2417635,2461357,2461735,2465137,2476315,2534167,2546137,2571643,2613547,2614735,2617345,2617435,2645137,2651347,2654137,2715643,2716453,2716543,2734615,2746315,2763145,2763415,3124765,3127465,3142765,3241765,3246175,3246517,3254617,3261475,3261745,3264517,3265417,3412765,3416257,3416527,3426175,3426517,3451627,3457612,3461275,3461725,3472165,3475612,3476152,3524617,3541672,3542617,3574162,3746215,3754162,4127635,4132657,4162537,4163572,4163752,4165237,4167352,4176325,4257163,4261357,4261735,4265137,4271563,4271653,4276315,4326175,4513267,4516237,4527163,4576132,4612735,4613257,4613527,4617235,4617325,4621375,4631275,4651327,4721635,4732615,4756132,4761532,4763125,5132467,5132647,5134267,5162347,5234167,5246137,5271643,5341627,5347612,5413267,5416372,5416732,5426137,5427163,5461327,5613472,5642713,5716423,5741632,5761342,6127345,6132547,6134572,6134752,6135247,6135427,6147325,6153472,6172345,6173245,6173425,6174325,6213745,6234517,6253417,6312475,6312745,6314275,6324175,6341275,6347215,6357412,6375412,6425713,6427153,6451327,6452713,6513247,6513427,6523417,6541327,6542713,6735412,7156423,7164253,7164523,7165423,7216345,7234615,7324615,7326145,7342615,7346125,7354162,7416352,7432615,7462135,7463125,7541632,7561342,7613452,7615342,7631245,7631425,7632415,7634125	1234567,1253467,1257634,1275634,1276354,1324765,1326574,1326754,1327654,1342765,1347265,1357462,1364275,1372654,1375462,1523467,1527634,1563427,1573264,1623745,1627345,1632547,1634572,1634752,1635247,1642375,1643275,1653472,1672345,1732564,1734652,1735264,1753264,2156347,2341675,2345617,2346157,2371645,2374165,2416357,2476135,2534617,2541637,2561734,2576314,2613475,2615734,2617354,2617534,2651374,2657134,2675134,2713645,2716435,2734165,2756314,2761345,2763154,2763514,2765134,3125764,3127564,3152764,3247615,3254167,3256174,3261574,3261754,3265714,3267514,3271645,3276514,3416275,3416725,3421567,3427615,3456127,3457162,3461257,3461527,3465172,3471652,3472615,3475162,3512764,3524167,3526174,3574612,3642715,3716425,3726514,3741625,3754612,4162375,4162735,4163257,4163527,4167235,4215637,4237165,4271365,4276135,4327165,4561237,4571632,4612537,4613572,4613752,4615237,4651732,4716532,4726135,4751632,4761325,5127634,5132674,5132764,5137264,5163472,5173462,5234617,5241637,5261734,5276314,5326174,5346127,5347162,5416327,5461372,5612347,5617324,5631274,5634217,5713264,5716342,5732614,5746132,5763124,6123457,6125347,6132475,6134275,6134725,6135742,6137542,6152347,6157324,6173254,6173524,6175324,6237415,6273415,6312574,6312754,6315274,6325417,6342157,6345712,6347512,6351274,6352417,6423715,6427135,6432715,6513274,6513724,6517342,6534712,6571324,6723415,6751324,7132654,7136425,7163452,7164235,7164325,7165342,7234165,7261345,7265134,7325614,7326154,7341625,7346512,7352614,7416235,7461352,7513264,7516342,7532614,7546132,7563124,7613245,7613425,7631254,7631524,7635124,7651324			1	-	5906.lswap-17203113788c.txt~5906.lswap-9a5cc6a6e3c8.txt
a20827665556	7	1234567,1253467,1257634,1275634,1276354,1324765,1326574,1326754,1327654,1342765,1347265,1357462,1364275,1372654,1375462,1523467,1527634,1563427,1573264,1623745,1627345,1632547,1634572,1634752,1635247,1642375,1643275,1653472,1672345,1732564,1734652,1735264,1753264,2156347,2341675,2345617,2346157,2371645,2374165,2416357,2476135,2534617,2541637,2561734,2576314,2613475,2615734,2617354,2617534,2651374,2657134,2675134,2713645,2716435,2734165,2756314,2761345,2763154,2763514,2765134,3125764,3127564,3152764,3247615,3254167,3256174,3261574,3261754,3265714,3267514,3271645,3276514,3416275,3416725,3421567,3427615,3456127,3457162,3461257,3461527,3465172,3471652,3472615,3475162,3512764,3524167,3526174,3574612,3642715,3716425,3726514,3741625,3754612,4162375,4162735,4163257,4163527,4167235,4215637,4237165,4271365,4276135,4327165,4561237,4571632,4612537,4613572,4613752,4615237,4651732,4716532,4726135,4751632,4761325,5127634,5132674,5132764,5137264,5163472,5173462,5234617,5241637,5261734,5276314,5326174,5346127,5347162,5416327,5461372,5612347,5617324,5631274,5634217,5713264,5716342,5732614,5746132,5763124,6123457,6125347,6132475,6134275,6134725,6135742,6137542,6152347,6157324,6173254,6173524,6175324,6237415,6273415,6312574,6312754,6315274,6325417,6342157,6345712,6347512,6351274,6352417,6423715,6427135,6432715,6513274,6513724,6517342,6534712,6571324,6723415,6751324,7132654,7136425,7163452,7164235,7164325,7165342,7234165,7261345,7265134,7325614,7326154,7341625,7346512,7352614,7416235,7461352,7513264,7516342,7532614,7546132,7563124,7613245,7613425,7631254,7631524,7635124,7651324	1247635,1273465,1274635,1276345,1324657,1325467,1326457,1326547,1342657,1345762,1347562,1352467,1354267,1374625,1427635,1473265,1534762,1564273,1623457,1625347,1634725,1635742,1637542,1642573,1645273,1652347,1654273,1673542,1723465,1732465,1734265,1743265,1763245,2137465,2163475,2341657,2345167,2346175,2417635,2461357,2461735,2465137,2476315,2534167,2546137,2571643,2613547,2614735,2617345,2617435,2645137,2651347,2654137,2715643,2716453,2716543,2734615,2746315,2763145,2763415,3124765,3127465,3142765,3241765,3246175,3246517,3254617,3261475,3261745,3264517,3265417,3412765,3416257,3416527,3426175,3426517,3451627,3457612,3461275,3461725,3472165,3475612,3476152,3524617,3541672,3542617,3574162,3746215,3754162,4127635,4132657,4162537,4163572,4163752,4165237,4167352,4176325,4257163,4261357,4261735,4265137,4271563,4271653,4276315,4326175,4513267,4516237,4527163,4576132,4612735,4613257,4613527,4617235,4617325,4621375,4631275,4651327,4721635,4732615,4756132,4761532,4763125,5132467,5132647,5134267,5162347,5234167,5246137,5271643,5341627,5347612,5413267,5416372,5416732,5426137,5427163,5461327,5613472,5642713,5716423,5741632,5761342,6127345,6132547,6134572,6134752,6135247,6135427,6147325,6153472,6172345,6173245,6173425,6174325,6213745,6234517,6253417,6312475,6312745,6314275,6324175,6341275,6347215,6357412,6375412,6425713,6427153,6451327,6452713,6513247,6513427,6523417,6541327,6542713,6735412,7156423,7164253,7164523,7165423,7216345,7234615,7324615,7326145,7342615,7346125,7354162,7416352,7432615,7462135,7463125,7541632,7561342,7613452,7615342,7631245,7631425,7632415,7634125			1	-	5906.lswap-17203113788c.txt~5906.lswap-9a5cc6a6e3c8.txt
fe22f3e91d6f	7	1247635,1273465,1274635,1276345,1324657,1325467,1326457,1326547,1342657,1345762,1347562,1352467,1354267,1374625,1427635,1534762,1564273,1623457,1625347,1634725,1635742,1637542,1642573,1645273,1652347,1654273,1673542,1723465,1763245,2137465,2163475,2341657,2345167,2346175,2417635,2461357,2465137,2476315,2534167,2546137,2571643,2613547,2645137,2651347,2654137,2715643,2716453,2716543,2734615,2746315,2763145,2763415,3124765,3127465,3142765,3241765,3246517,3254617,3264517,3265417,3412765,3416257,3416527,3426517,3451627,3457612,3461275,3461725,3472165,3475612,3476152,3524617,3541672,3542617,3574162,3746215,3754162,4127635,4132657,4162537,4163572,4163752,4165237,4167352,4176325,4257163,4261357,4265137,4271563,4271653,4276315,4513267,4516237,4527163,4576132,4612735,4613257,4613527,4617235,4621375,4631275,4651327,4721635,4756132,4761532,4763125,5132467,5132647,5134267,5162347,5234167,5246137,5271643,5341627,5347612,5413267,5416372,5416732,5426137,5427163,5461327,5613472,5642713,5716423,5741632,5761342,6127345,6132547,6134572,6134752,6135247,6135427,6153472,6172345,6213745,6234517,6253417,6312475,6312745,6314275,6324175,6341275,6347215,6357412,6375412,6425713,6427153,6451327,6452713,6513247,6513427,6523417,6541327,6542713,6735412,7156423,7164253,7164523,7165423,7216345,7234615,7346125,7354162,7416352,7462135,7463125,7541632,7561342,7613452,7615342,7631245,7631425,7632415,7634125	1234567,1253467,1257634,1275634,1276354,1324765,1326574,1326754,1327654,1342765,1347265,1357462,1364275,1372654,1375462,1523467,1527634,1563427,1623745,1627345,1632547,1634572,1634752,1635247,1642375,1643275,1653472,1672345,1734652,2156347,2341675,2345617,2346157,2371645,2374165,2416357,2476135,2534617,2541637,2576314,2613475,2651374,2657134,2675134,2713645,2716435,2734165,2756314,2761345,2763154,2763514,2765134,3125764,3127564,3152764,3247615,3254167,3265714,3267514,3271645,3276514,3416275,3416725,3421567,3427615,3456127,3457162,3461257,3461527,3465172,3471652,3472615,3475162,3512764,3524167,3574612,3642715,3716425,3726514,3741625,3754612,4162375,4162735,4163257,4163527,4167235,4215637,4237165,4271365,4276135,4327165,4561237,4571632,4612537,4613572,4613752,4615237,4651732,4716532,4726135,4751632,4761325,5127634,5132674,5132764,5137264,5163472,5173462,5234617,5241637,5276314,5346127,5347162,5416327,5461372,5612347,5631274,5634217,5713264,5716342,5746132,5763124,6123457,6125347,6132475,6134275,6134725,6135742,6137542,6152347,6237415,6273415,6312574,6312754,6315274,6325417,6342157,6345712,6347512,6351274,6352417,6423715,6427135,6432715,6513274,6513724,6517342,6534712,6571324,6723415,6751324,7132654,7136425,7163452,7164235,7164325,7165342,7234165,7261345,7265134,7341625,7346512,7416235,7461352,7513264,7516342,7546132,7563124,7613245,7613425,7631254,7631524,7635124,7651324			1	-	5906.lswap-17203113788c.txt~5906.lswap-afd973e1a915.txt
4fee2fcf1569	7	1234567,1253467,1257634,1275634,1276354,1324765,1326574,1326754,1327654,1342765,1347265,1357462,1364275,1372654,1375462,1523467,1527634,1563427,1623745,1627345,1632547,1634572,1634752,1635247,1642375,1643275,1653472,1672345,1734652,2156347,2341675,2345617,2346157,2371645,2374165,2416357,2476135,2534617,2541637,2576314,2613475,2651374,2657134,2675134,2713645,2716435,2734165,2756314,2761345,2763154,2763514,2765134,3125764,3127564,3152764,3247615,3254167,3265714,3267514,3271645,3276514,3416275,3416725,3421567,3427615,3456127,3457162,3461257,3461527,3465172,3471652,3472615,3475162,3512764,3524167,3574612,3642715,3716425,3726514,3741625,3754612,4162375,4162735,4163257,4163527,4167235,4215637,4237165,4271365,4276135,4327165,4561237,4571632,4612537,4613572,4613752,4615237,4651732,4716532,4726135,4751632,4761325,5127634,5132674,5132764,5137264,5163472,5173462,5234617,5241637,5276314,5346127,5347162,5416327,5461372,5612347,5631274,5634217,5713264,5716342,5746132,5763124,6123457,6125347,6132475,6134275,6134725,6135742,6137542,6152347,6237415,6273415,6312574,6312754,6315274,6325417,6342157,6345712,6347512,6351274,6352417,6423715,6427135,6432715,6513274,6513724,6517342,6534712,6571324,6723415,6751324,7132654,7136425,7163452,7164235,7164325,7165342,7234165,7261345,7265134,7341625,7346512,7416235,7461352,7513264,7516342,7546132,7563124,7613245,7613425,7631254,7631524,7635124,7651324	1247635,1273465,1274635,1276345,1324657,1325467,1326457,1326547,1342657,1345762,1347562,1352467,1354267,1374625,1427635,1534762,1564273,1623457,1625347,1634725,1635742,1637542,1642573,1645273,1652347,1654273,1673542,1723465,1763245,2137465,2163475,2341657,2345167,2346175,2417635,2461357,2465137,2476315,2534167,2546137,2571643,2613547,2645137,2651347,2654137,2715643,2716453,2716543,2734615,2746315,2763145,2763415,3124765,3127465,3142765,3241765,3246517,3254617,3264517,3265417,3412765,3416257,3416527,3426517,3451627,3457612,3461275,3461725,3472165,3475612,3476152,3524617,3541672,3542617,3574162,3746215,3754162,4127635,4132657,4162537,4163572,4163752,4165237,4167352,4176325,4257163,4261357,4265137,4271563,4271653,4276315,4513267,4516237,4527163,4576132,4612735,4613257,4613527,4617235,4621375,4631275,4651327,4721635,4756132,4761532,4763125,5132467,5132647,5134267,5162347,5234167,5246137,5271643,5341627,5347612,5413267,5416372,5416732,5426137,5427163,5461327,5613472,5642713,5716423,5741632,5761342,6127345,6132547,6134572,6134752,6135247,6135427,6153472,6172345,6213745,6234517,6253417,6312475,6312745,6314275,6324175,6341275,6347215,6357412,6375412,6425713,6427153,6451327,6452713,6513247,6513427,6523417,6541327,6542713,6735412,7156423,7164253,7164523,7165423,7216345,7234615,7346125,7354162,7416352,7462135,7463125,7541632,7561342,7613452,7615342,7631245,7631425,7632415,7634125			1	-	5906.lswap-17203113788c.txt~5906.lswap-afd973e1a915.txt
e7dc2a75bdd1	7	1234567,1235467,1253467,1435726,1437256,1437526,1453726,1523467,1547263,1547623,1564723,1654723,1742356,1742536,1745236,1754236,2143576,2143756,2145376,2154763,2156473,2165473,2317456,2317546,2345617,2346157,2351746,2354617,2514376,2531746,2534617,2615473,3174256,3174526,3175426,3456127,3461257,3461527,3517426,3546127,3572146,3721456,3725146,3752146,4231756,4235176,4253176,4357216,4372516,4375216,4523176,4537216,4561237,4612357,4612537,4615237,4721563,4721653,4726153,4762153,5143726,5174236,5214376,5231746,5234617,5317426,5346127,5372146,5423176,5461237,5472163,5472613,5476213,5612347,5647213,5721436,6123457,6123547,6125347,6152347,6154723,6215473,6472153,6547213,7214356,7214536,7215643,7216543,7251436,7261543,7423516,7425316,7452316,7521436,7542316,7621543	1234765,1237465,1273465,1354726,1436725,1437265,1437625,1463725,1534726,1547236,1547326,1723465,1742365,1742635,1746235,1764235,2135476,2143675,2143765,2146375,2153476,2154736,2315476,2317465,2317645,2346175,2347615,2361745,2374615,2614375,2631745,2734615,3154726,3174265,3174625,3176425,3215476,3461275,3461725,3472156,3476125,3547216,3617425,3672145,3721465,3726145,3746125,3762145,4231765,4236175,4263175,4367215,4372615,4376215,4612375,4612735,4617235,4623175,4637215,4721356,4721536,4723156,4732156,4761235,5347216,5472136,5472316,5473216,6123475,6123745,6127345,6143725,6172345,6174235,6214375,6231745,6317425,6372145,6423175,6721435,7213546,7214365,7214635,7215346,7231546,7234615,7261435,7321546,7346125,7423615,7426315,7461235,7462315,7612345,7621435,7642315			1	-	5906.lswap-025c4805fc39.txt~5906.lswap-52e683fb05d3.txt
956664d3c1bd	7	1234765,1237465,1273465,1354726,1436725,1437265,1437625,1463725,1534726,1547236,1547326,1723465,1742365,1742635,1746235,1764235,2135476,2143675,2143765,2146375,2153476,2154736,2315476,2317465,2317645,2346175,2347615,2361745,2374615,2614375,2631745,2734615,3154726,3174265,3174625,3176425,3215476,3461275,3461725,3472156,3476125,3547216,3617425,3672145,3721465,3726145,3746125,3762145,4231765,4236175,4263175,4367215,4372615,4376215,4612375,4612735,4617235,4623175,4637215,4721356,4721536,4723156,4732156,4761235,5347216,5472136,5472316,5473216,6123475,6123745,6127345,6143725,6172345,6174235,6214375,6231745,6317425,6372145,6423175,6721435,7213546,7214365,7214635,7215346,7231546,7234615,7261435,7321546,7346125,7423615,7426315,7461235,7462315,7612345,7621435,7642315	1234567,1235467,1253467,1435726,1437256,1437526,1453726,1523467,1547263,1547623,1564723,1654723,1742356,1742536,1745236,1754236,2143576,2143756,2145376,2154763,2156473,2165473,2317456,2317546,2345617,2346157,2351746,2354617,2514376,2531746,2534617,2615473,3174256,3174526,3175426,3456127,3461257,3461527,3517426,3546127,3572146,3721456,3725146,3752146,4231756,4235176,4253176,4357216,4372516,4375216,4523176,4537216,4561237,4612357,4612537,4615237,4721563,4721653,4726153,4762153,5143726,5174236,5214376,5231746,5234617,5317426,5346127,5372146,5423176,5461237,5472163,5472613,5476213,5612347,5647213,5721436,6123457,6123547,6125347,6152347,6154723,6215473,6472153,6547213,7214356,7214536,7215643,7216543,7251436,7261543,7423516,7425316,7452316,7521436,7542316,7621543			1	-	5906.lswap-025c4805fc39.txt~5906.lswap-52e683fb05d3.txt
a50ba88437d8	7	1234765,1237465,1273465,1354726,1436725,1437265,1437625,1463725,1534726,1547236,1547326,1723465,1742356,1742536,1745236,1754236,2135476,2143675,2143765,2146375,2153476,2154736,2315476,2317456,2317546,2346175,2347615,2351746,2374615,2531746,2614375,2734615,3154726,3174256,3174526,3175426,3215476,3461275,3461725,3472156,3476125,3517426,3547216,3672145,3721465,3726145,3746125,3762145,4231756,4235176,4253176,4367215,4372615,4376215,4523176,4612375,4612735,4617235,4637215,4721356,4721536,4723156,4732156,4761235,5174236,5231746,5317426,5347216,5423176,5472136,5472316,5473216,6123475,6123745,6127345,6143725,6172345,6214375,6372145,6721435,7213546,7214365,7214635,7215346,7231546,7234615,7261435,7321546,7346125,7423516,7425316,7452316,7461235,7542316,7612345,7621435	1234567,1235467,1253467,1435726,1437256,1437526,1453726,1523467,1547263,1547623,1564723,1654723,1742365,1742635,1746235,1764235,2143576,2143756,2145376,2154763,2156473,2165473,2317465,2317645,2345617,2346157,2354617,2361745,2514376,2534617,2615473,2631745,3174265,3174625,3176425,3456127,3461257,3461527,3546127,3572146,3617425,3721456,3725146,3752146,4231765,4236175,4263175,4357216,4372516,4375216,4537216,4561237,4612357,4612537,4615237,4623175,4721563,4721653,4726153,4762153,5143726,5214376,5234617,5346127,5372146,5461237,5472163,5472613,5476213,5612347,5647213,5721436,6123457,6123547,6125347,6152347,6154723,6174235,6215473,6231745,6317425,6423175,6472153,6547213,7214356,7214536,7215643,7216543,7251436,7261543,7423615,7426315,7462315,7521436,7621543,7642315			1	-	5906.lswap-2497c9291398.txt~5906.lswap-7f47c6e6eeda.txt
d3143f1b84ab	7	1234567,1235467,1253467,1435726,1437256,1437526,1453726,1523467,1547263,1547623,1564723,1654723,1742365,1742635,1746235,1764235,2143576,2143756,2145376,2154763,2156473,2165473,2317465,2317645,2345617,2346157,2354617,2361745,2514376,2534617,2615473,2631745,3174265,3174625,3176425,3456127,3461257,3461527,3546127,3572146,3617425,3721456,3725146,3752146,4231765,4236175,4263175,4357216,4372516,4375216,4537216,4561237,4612357,4612537,4615237,4623175,4721563,4721653,4726153,4762153,5143726,5214376,5234617,5346127,5372146,5461237,5472163,5472613,5476213,5612347,5647213,5721436,6123457,6123547,6125347,6152347,6154723,6174235,6215473,6231745,6317425,6423175,6472153,6547213,7214356,7214536,7215643,7216543,7251436,7261543,7423615,7426315,7462315,7521436,7621543,7642315	1234765,1237465,1273465,1354726,1436725,1437265,1437625,1463725,1534726,1547236,1547326,1723465,1742356,1742536,1745236,1754236,2135476,2143675,2143765,2146375,2153476,2154736,2315476,2317456,2317546,2346175,2347615,2351746,2374615,2531746,2614375,2734615,3154726,3174256,3174526,3175426,3215476,3461275,3461725,3472156,3476125,3517426,3547216,3672145,3721465,3726145,3746125,3762145,4231756,4235176,4253176,4367215,4372615,4376215,4523176,4612375,4612735,4617235,4637215,4721356,4721536,4723156,4732156,4761235,5174236,5231746,5317426,5347216,5423176,5472136,5472316,5473216,6123475,6123745,6127345,6143725,6172345,6214375,6372145,6721435,7213546,7214365,7214635,7215346,7231546,7234615,7261435,7321546,7346125,7423516,7425316,7452316,7461235,7542316,7612345,7621435			1	-	5906.lswap-2497c9291398.txt~5906.lswap-7f47c6e6eeda.txt
f76742e7df1c	7	1234765,1237465,1273465,1435726,1437256,1437526,1453726,1547263,1547623,1564723,1654723,1723465,1742356,1742536,1745236,1754236,2143576,2143756,2145376,2154763,2156473,2165473,2317456,2317546,2346175,2347615,2351746,2374615,2514376,2531746,2615473,2734615,3174256,3174526,3175426,3461275,3461725,3476125,3517426,3572146,3721456,3725146,3746125,3752146,4231756,4235176,4253176,4357216,4372516,4375216,4523176,4537216,4612375,4612735,4617235,4721563,4721653,4726153,4761235,4762153,5143726,5174236,5214376,5231746,5317426,5372146,5423176,5472163,5472613,5476213,5647213,5721436,6123475,6123745,6127345,6154723,6172345,6215473,6472153,6547213,7214356,7214536,7215643,7216543,7234615,7251436,7261543,7346125,7423516,7425316,7452316,7461235,7521436,7542316,7612345,7621543	1234567,1235467,1253467,1354726,1436725,1437265,1437625,1463725,1523467,1534726,1547236,1547326,1742365,1742635,1746235,1764235,2135476,2143675,2143765,2146375,2153476,2154736,2315476,2317465,2317645,2345617,2346157,2354617,2361745,2534617,2614375,2631745,3154726,3174265,3174625,3176425,3215476,3456127,3461257,3461527,3472156,3546127,3547216,3617425,3672145,3721465,3726145,3762145,4231765,4236175,4263175,4367215,4372615,4376215,4561237,4612357,4612537,4615237,4623175,4637215,4721356,4721536,4723156,4732156,5234617,5346127,5347216,5461237,5472136,5472316,5473216,5612347,6123457,6123547,6125347,6143725,6152347,6174235,6214375,6231745,6317425,6372145,6423175,6721435,7213546,7214365,7214635,7215346,7231546,7261435,7321546,7423615,7426315,7462315,7621435,7642315			1	-	5906.lswap-2ae54d2fd96c.txt~5906.lswap-a7d2db45842b.txt
9d8393a2cbd2	7	1234567,1235467,1253467,1354726,1436725,1437265,1437625,1463725,1523467,1534726,1547236,1547326,1742365,1742635,1746235,1764235,2135476,2143675,2143765,2146375,2153476,2154736,2315476,2317465,2317645,2345617,2346157,2354617,2361745,2534617,2614375,2631745,3154726,3174265,3174625,3176425,3215476,3456127,3461257,3461527,3472156,3546127,3547216,3617425,3672145,3721465,3726145,3762145,4231765,4236175,4263175,4367215,4372615,4376215,4561237,4612357,4612537,4615237,4623175,4637215,4721356,4721536,4723156,4732156,5234617,5346127,5347216,5461237,5472136,5472316,5473216,5612347,6123457,6123547,6125347,6143725,6152347,6174235,6214375,6231745,6317425,6372145,6423175,6721435,7213546,7214365,7214635,7215346,7231546,7261435,7321546,7423615,7426315,7462315,7621435,7642315	1234765,1237465,1273465,1435726,1437256,1437526,1453726,1547263,1547623,1564723,1654723,1723465,1742356,1742536,1745236,1754236,2143576,2143756,2145376,2154763,2156473,2165473,2317456,2317546,2346175,2347615,2351746,2374615,2514376,2531746,2615473,2734615,3174256,3174526,3175426,3461275,3461725,3476125,3517426,3572146,3721456,3725146,3746125,3752146,4231756,4235176,4253176,4357216,4372516,4375216,4523176,4537216,4612375,4612735,4617235,4721563,4721653,4726153,4761235,4762153,5143726,5174236,5214376,5231746,5317426,5372146,5423176,5472163,5472613,5476213,5647213,5721436,6123475,6123745,6127345,6154723,6172345,6215473,6472153,6547213,7214356,7214536,7215643,7216543,7234615,7251436,7261543,7346125,7423516,7425316,7452316,7461235,7521436,7542316,7612345,7621543			1	-	5906.lswap-2ae54d2fd96c.txt~5906.lswap-a7d2db45842b.txt
f84b983d9afb	7	1234567,1235467,1253467,1354726,1436725,1437265,1437625,1463725,1523467,1534726,1547236,1547326,1742356,1742536,1745236,1754236,2135476,2143675,2143765,2146375,2153476,2154736,2315476,2317456,2317546,2345617,2346157,2351746,2354617,2531746,2534617,2614375,3154726,3174256,3174526,3175426,3215476,3456127,3461257,3461527,3472156,3517426,3546127,3547216,3672145,3721465,3726145,3762145,4231756,4235176,4253176,4367215,4372615,4376215,4523176,4561237,4612357,4612537,4615237,4637215,4721356,4721536,4723156,4732156,5174236,5231746,5234617,5317426,5346127,5347216,5423176,5461237,5472136,5472316,5473216,5612347,6123457,6123547,6125347,6143725,6152347,6214375,6372145,6721435,7213546,7214365,7214635,7215346,7231546,7261435,7321546,7423516,7425316,7452316,7542316,7621435	1234765,1237465,1273465,1435726,1437256,1437526,1453726,1547263,1547623,1564723,1654723,1723465,1742365,1742635,1746235,1764235,2143576,2143756,2145376,2154763,2156473,2165473,2317465,2317645,2346175,2347615,2361745,2374615,2514376,2615473,2631745,2734615,3174265,3174625,3176425,3461275,3461725,3476125,3572146,3617425,3721456,3725146,3746125,3752146,4231765,4236175,4263175,4357216,4372516,4375216,4537216,4612375,4612735,4617235,4623175,4721563,4721653,4726153,4761235,4762153,5143726,5214376,5372146,5472163,5472613,5476213,5647213,5721436,6123475,6123745,6127345,6154723,6172345,6174235,6215473,6231745,6317425,6423175,6472153,6547213,7214356,7214536,7215643,7216543,7234615,7251436,7261543,7346125,7423615,7426315,7461235,7462315,7521436,7612345,7621543,7642315			1	-	5906.lswap-5808edca979d.txt~5906.lswap-62d959eb4e73.txt
95db9bfc7309	7	1234765,1237465,1273465,1435726,1437256,1437526,1453726,1547263,1547623,1564723,1654723,1723465,1742365,1742635,1746235,1764235,2143576,2143756,2145376,2154763,2156473,2165473,2317465,2317645,2346175,2347615,2361745,2374615,2514376,2615473,2631745,2734615,3174265,3174625,3176425,3461275,3461725,3476125,3572146,3617425,3721456,3725146,3746125,3752146,4231765,4236175,4263175,4357216,4372516,4375216,4537216,4612375,4612735,4617235,4623175,4721563,4721653,4726153,4761235,4762153,5143726,5214376,5372146,5472163,5472613,5476213,5647213,5721436,6123475,6123745,6127345,6154723,6172345,6174235,6215473,6231745,6317425,6423175,6472153,6547213,7214356,7214536,7215643,7216543,7234615,7251436,7261543,7346125,7423615,7426315,7461235,7462315,7521436,7612345,7621543,7642315	1234567,1235467,1253467,1354726,1436725,1437265,1437625,1463725,1523467,1534726,1547236,1547326,1742356,1742536,1745236,1754236,2135476,2143675,2143765,2146375,2153476,2154736,2315476,2317456,2317546,2345617,2346157,2351746,2354617,2531746,2534617,2614375,3154726,3174256,3174526,3175426,3215476,3456127,3461257,3461527,3472156,3517426,3546127,3547216,3672145,3721465,3726145,3762145,4231756,4235176,4253176,4367215,4372615,4376215,4523176,4561237,4612357,4612537,4615237,4637215,4721356,4721536,4723156,4732156,5174236,5231746,5234617,5317426,5346127,5347216,5423176,5461237,5472136,5472316,5473216,5612347,6123457,6123547,6125347,6143725,6152347,6214375,6372145,6721435,7213546,7214365,7214635,7215346,7231546,7261435,7321546,7423516,7425316,7452316,7542316,7621435			1	-	5906.lswap-5808edca979d.txt~5906.lswap-62d959eb4e73.txt
ebacd04c78bb	7	1235764,1237456,1237546,1246375,1247536,1253746,1256734,1264375,1265734,1267354,1273465,1273645,1426375,1435672,1436572,1452736,1463572,1472653,1542736,1562374,1574632,1627345,1643572,1652374,1745632,1746532,1754632,1762543,2357614,2371564,2371654,2374516,2375416,2463715,2475316,2537416,2541763,2567314,2637145,2643715,2651473,2657314,2673514,2731456,2731546,2734165,2734615,2736415,3124756,3125674,3126574,3145276,3154276,3157462,3174562,3174652,3175462,3416275,3461275,3512674,3567142,3571462,3571642,3576124,3641275,3657142,3712465,3712645,3714265,3715624,3716524,3741256,3745126,3754126,4123756,4125376,4127365,4162735,4176253,4263715,4273156,4356712,4357162,4365712,4371265,4512376,4527316,4563172,4612735,4631572,4631752,4635712,4637125,4653172,4726513,4753126,5123746,5126734,5147263,5237164,5273146,5312476,5317462,5374126,5412376,5417623,5427316,5463172,5623714,5631742,5671432,5673124,5714362,5714632,5716432,5731264,5746312,5761234,6123574,6127345,6237154,6254173,6273415,6315742,6317452,6317542,6357142,6371245,6371425,6412735,6435712,6437125,6514723,6523714,6531742,6571432,6573124,6714352,6731254,6735124,7124635,7126435,7142635,7143562,7143652,7146352,7156234,7164352,7165234,7265143,7312564,7312654,7314526,7315426,7341625,7346125,7351264,7364125,7412536,7451236,7456312,7463152,7465312,7531246,7541236,7546312,7612354,7625413	1234567,1237465,1237645,1243576,1245637,1246735,1256374,1257346,1263754,1264735,1265374,1273456,1273546,1274635,1423576,1427635,1432576,1435276,1452376,1524376,1527364,1542376,1562734,1623475,1652734,1724635,1742635,1746235,2317465,2345617,2347165,2357146,2371456,2371546,2374615,2376415,2435716,2437156,2456317,2463175,2467315,2563714,2571436,2573416,2631745,2637514,2647315,2653714,2714356,2731564,2731654,2734516,2735416,2736154,2746315,2763145,3124567,3124675,3126475,3127465,3142765,3156274,3165274,3172465,3174265,3174625,3257146,3412576,3451276,3456127,3471625,3527146,3541276,3571246,3571426,3615274,3712564,3712654,3714526,3715246,3715426,3746125,3751264,3764125,4123765,4125736,4127356,4235716,4237156,4263175,4276315,4325716,4352716,4357126,4371526,4512736,4523716,4561237,4563127,4612375,4623175,4631275,4631725,4673125,4716235,4731265,5126374,5127346,5237146,5243716,5271436,5273164,5273614,5371264,5412736,5423716,5612347,5627314,5631247,5637124,5712436,5714236,5714326,5734126,6123457,6123745,6152734,6231745,6234715,6273154,6312457,6312745,6314275,6317245,6317425,6371254,6375124,6412375,6473125,6527314,6537124,6731245,7124356,7125634,7126534,7142356,7143256,7143526,7145236,7152436,7154236,7162345,7246315,7312465,7312645,7315624,7316524,7341256,7345126,7354126,7361524,7426315,7461235,7462315,7463125,7512634,7631425,7641235			1	-	5906.lswap-25804d565b10.txt~5906.up-23ca8a9bcc81.txt
687cb1131075	7	1234567,1237465,1237645,1243576,1245637,1246735,1256374,1257346,1263754,1264735,1265374,1273456,1273546,1274635,1423576,1427635,1432576,1435276,1452376,1524376,1527364,1542376,1562734,1623475,1652734,1724635,1742635,1746235,2317465,2345617,2347165,2357146,2371456,2371546,2374615,2376415,2435716,2437156,2456317,2463175,2467315,2563714,2571436,2573416,2631745,2637514,2647315,2653714,2714356,2731564,2731654,2734516,2735416,2736154,2746315,2763145,3124567,3124675,3126475,3127465,3142765,3156274,3165274,3172465,3174265,3174625,3257146,3412576,3451276,3456127,3471625,3527146,3541276,3571246,3571426,3615274,3712564,3712654,3714526,3715246,3715426,3746125,3751264,3764125,4123765,4125736,4127356,4235716,4237156,4263175,4276315,4325716,4352716,4357126,4371526,4512736,4523716,4561237,4563127,4612375,4623175,4631275,4631725,4673125,4716235,4731265,5126374,5127346,5237146,5243716,5271436,5273164,5273614,5371264,5412736,5423716,5612347,5627314,5631247,5637124,5712436,5714236,5714326,5734126,6123457,6123745,6152734,6231745,6234715,6273154,6312457,6312745,6314275,6317245,6317425,6371254,6375124,6412375,6473125,6527314,6537124,6731245,7124356,7125634,7126534,7142356,7143256,7143526,7145236,7152436,7154236,7162345,7246315,7312465,7312645,7315624,7316524,7341256,7345126,7354126,7361524,7426315,7461235,7462315,7463125,7512634,7631425,7641235	1235764,1237456,1237546,1246375,1247536,1253746,1256734,1264375,1265734,1267354,1273465,1273645,1426375,1435672,1436572,1452736,1463572,1472653,1542736,1562374,1574632,1627345,1643572,1652374,1745632,1746532,1754632,1762543,2357614,2371564,2371654,2374516,2375416,2463715,2475316,2537416,2541763,2567314,2637145,2643715,2651473,2657314,2673514,2731456,2731546,2734165,2734615,2736415,3124756,3125674,3126574,3145276,3154276,3157462,3174562,3174652,3175462,3416275,3461275,3512674,3567142,3571462,3571642,3576124,3641275,3657142,3712465,3712645,3714265,3715624,3716524,3741256,3745126,3754126,4123756,4125376,4127365,4162735,4176253,4263715,4273156,4356712,4357162,4365712,4371265,4512376,4527316,4563172,4612735,4631572,4631752,4635712,4637125,4653172,4726513,4753126,5123746,5126734,5147263,5237164,5273146,5312476,5317462,5374126,5412376,5417623,5427316,5463172,5623714,5631742,5671432,5673124,5714362,5714632,5716432,5731264,5746312,5761234,6123574,6127345,6237154,6254173,6273415,6315742,6317452,6317542,6357142,6371245,6371425,6412735,6435712,6437125,6514723,6523714,6531742,6571432,6573124,6714352,6731254,6735124,7124635,7126435,7142635,7143562,7143652,7146352,7156234,7164352,7165234,7265143,7312564,7312654,7314526,7315426,7341625,7346125,7351264,7364125,7412536,7451236,7456312,7463152,7465312,7531246,7541236,7546312,7612354,7625413			1	-	5906.lswap-25804d565b10.txt~5906.up-23ca8a9bcc81.txt
3830c1bb282a	7	1357462,1374562,1374652,1435672,1436572,1463572,1472653,1537462,1574632,1643572,1745632,1746532,1754632,1762543,2541763,2651473,3157462,3174562,3174652,3175462,3567142,3571462,3571642,3574612,3657142,3745612,3746152,3746512,4176253,4356712,4357162,4365712,4561372,4563172,4613572,4615372,4631572,4631752,4635712,4651372,4653172,4726513,5137462,5147263,5317462,5374612,5417623,5463172,5613742,5631742,5671432,5714362,5714632,5716432,5746132,5746312,6135742,6137452,6153742,6254173,6315742,6317452,6317542,6357142,6435712,6513742,6514723,6531742,6571432,6714352,7143562,7143652,7146352,7164352,7265143,7456132,7456312,7461352,7461532,7463152,7465132,7465312,7546312,7625413	1234567,1237465,1243576,1245637,1274635,1327465,1374265,1374625,1423576,1432576,1435276,1724635,1742635,1746235,2137465,2317465,2345617,2357146,2374615,2435716,2456317,2463175,2571436,2613745,2631745,2714356,2746135,2746315,3124567,3127465,3172465,3174265,3174625,3257146,3274615,3456127,3527146,3571246,3571426,3742615,3746125,3746215,4235716,4261375,4263175,4325716,4352716,4357126,4561237,4563127,4612375,4613275,4621375,4623175,4631275,4631725,5271436,5612347,5631247,5712436,5714236,5714326,6123457,6123745,6132745,6137425,6213745,6231745,6312457,6312745,6317245,6317425,7124356,7142356,7143256,7143526,7246315,7426135,7426315,7461235,7461325,7462135,7462315,7463125			1	-	5906.lswap-3baeeea281f2.txt~5906.up-23ca8a9bcc81.txt
e6a2ec270f5f	7	1234567,1237465,1243576,1245637,1274635,1327465,1374265,1374625,1423576,1432576,1435276,1724635,1742635,1746235,2137465,2317465,2345617,2357146,2374615,2435716,2456317,2463175,2571436,2613745,2631745,2714356,2746135,2746315,3124567,3127465,3172465,3174265,3174625,3257146,3274615,3456127,3527146,3571246,3571426,3742615,3746125,3746215,4235716,4261375,4263175,4325716,4352716,4357126,4561237,4563127,4612375,4613275,4621375,4623175,4631275,4631725,5271436,5612347,5631247,5712436,5714236,5714326,6123457,6123745,6132745,6137425,6213745,6231745,6312457,6312745,6317245,6317425,7124356,7142356,7143256,7143526,7246315,7426135,7426315,7461235,7461325,7462135,7462315,7463125	1357462,1374562,1374652,1435672,1436572,1463572,1472653,1537462,1574632,1643572,1745632,1746532,1754632,1762543,2541763,2651473,3157462,3174562,3174652,3175462,3567142,3571462,3571642,3574612,3657142,3745612,3746152,3746512,4176253,4356712,4357162,4365712,4561372,4563172,4613572,4615372,4631572,4631752,4635712,4651372,4653172,4726513,5137462,5147263,5317462,5374612,5417623,5463172,5613742,5631742,5671432,5714362,5714632,5716432,5746132,5746312,6135742,6137452,6153742,6254173,6315742,6317452,6317542,6357142,6435712,6513742,6514723,6531742,6571432,6714352,7143562,7143652,7146352,7164352,7265143,7456132,7456312,7461352,7461532,7463152,7465132,7465312,7546312,7625413			1	-	5906.lswap-3baeeea281f2.txt~5906.up-23ca8a9bcc81.txt
cddfeeb9ec88	7	1357462,1374562,1374652,1435672,1436572,1463572,1472653,1537462,1643572,1762543,2541763,2651473,3567142,3571462,3571642,3574612,3657142,3745612,3746152,3746512,4176253,4356712,4357162,4365712,4561372,4613572,4615372,4635712,4651372,4726513,5137462,5147263,5374612,5417623,5613742,5671432,5714362,5714632,5716432,5746132,6135742,6137452,6153742,6254173,6357142,6435712,6513742,6514723,6571432,6714352,7143562,7143652,7146352,7164352,7265143,7456132,7461352,7461532,7465132,7625413	1234567,1237465,1243576,1245637,1327465,1374265,1374625,1423576,1432576,1435276,2137465,2345617,2357146,2374615,2435716,2456317,2571436,2613745,2714356,2746135,3124567,3257146,3274615,3456127,3527146,3571246,3571426,3742615,3746125,3746215,4235716,4261375,4325716,4352716,4357126,4561237,4563127,4612375,4613275,4621375,5271436,5612347,5631247,5712436,5714236,5714326,6123457,6123745,6132745,6137425,6213745,6312457,7124356,7142356,7143256,7143526,7426135,7461235,7461325,7462135			1	-	5906.lswap-7602ba885180.txt~5906.up-23ca8a9bcc81.txt
c32545fa8a66	7	1234567,1237465,1243576,1245637,1327465,1374265,1374625,1423576,1432576,1435276,2137465,2345617,2357146,2374615,2435716,2456317,2571436,2613745,2714356,2746135,3124567,3257146,3274615,3456127,3527146,3571246,3571426,3742615,3746125,3746215,4235716,4261375,4325716,4352716,4357126,4561237,4563127,4612375,4613275,4621375,5271436,5612347,5631247,5712436,5714236,5714326,6123457,6123745,6132745,6137425,6213745,6312457,7124356,7142356,7143256,7143526,7426135,7461235,7461325,7462135	1357462,1374562,1374652,1435672,1436572,1463572,1472653,1537462,1643572,1762543,2541763,2651473,3567142,3571462,3571642,3574612,3657142,3745612,3746152,3746512,4176253,4356712,4357162,4365712,4561372,4613572,4615372,4635712,4651372,4726513,5137462,5147263,5374612,5417623,5613742,5671432,5714362,5714632,5716432,5746132,6135742,6137452,6153742,6254173,6357142,6435712,6513742,6514723,6571432,6714352,7143562,7143652,7146352,7164352,7265143,7456132,7461352,7461532,7465132,7625413			1	-	5906.lswap-7602ba885180.txt~5906.up-23ca8a9bcc81.txt
5cadd625a68e	7	1357462,1374562,1374652,1435672,1436572,1463572,1472653,1537462,1574632,1643572,1745632,1746532,1754632,1762543,2456731,2467351,2467531,2541763,2546731,2651473,3157462,3174562,3174652,3175462,3245671,3246751,3254671,3524671,3567142,3571462,3571642,3574612,3657142,3745612,3746152,3746512,4176253,4356712,4357162,4365712,4561372,4563172,4567321,4613572,4615372,4631572,4631752,4635712,4651372,4653172,4673251,4673521,4675321,4726513,5137462,5147263,5246731,5317462,5324671,5374612,5417623,5463172,5467321,5613742,5631742,5671432,5673241,5714362,5714632,5716432,5746132,5746312,6135742,6137452,6153742,6254173,6315742,6317452,6317542,6357142,6435712,6513742,6514723,6531742,6571432,6714352,6732451,6732541,6735241,6753241,7143562,7143652,7146352,7164352,7265143,7324561,7325461,7352461,7456132,7456312,7461352,7461532,7463152,7465132,7465312,7532461,7546312,7625413	1234567,1237465,1243576,1245637,1246735,1274635,1324675,1327465,1374265,1374625,1423576,1432576,1435276,1467325,1673245,1724635,1742635,1746235,2137465,2146735,2317465,2345617,2357146,2374615,2416735,2435716,2456317,2463175,2467135,2467315,2571436,2613745,2631745,2714356,2746135,2746315,3124567,3124675,3127465,3172465,3174265,3174625,3214675,3241675,3246715,3257146,3274615,3456127,3527146,3571246,3571426,3742615,3746125,3746215,4167325,4235716,4261375,4263175,4325716,4352716,4357126,4561237,4563127,4612375,4613275,4621375,4623175,4631275,4631725,4671325,4673125,4673215,5271436,5612347,5631247,5712436,5714236,5714326,6123457,6123745,6132745,6137425,6213745,6231745,6312457,6312745,6317245,6317425,6713245,6731245,6732145,6732415,7124356,7132465,7142356,7143256,7143526,7246315,7312465,7321465,7324165,7426135,7426315,7461235,7461325,7462135,7462315,7463125			1	-	5906.lswap-b55f23a2f470.txt~5906.up-23ca8a9bcc81.txt
9ed61ed63d31	7	1234567,1237465,1243576,1245637,1246735,1274635,1324675,1327465,1374265,1374625,1423576,1432576,1435276,1467325,1673245,1724635,1742635,1746235,2137465,2146735,2317465,2345617,2357146,2374615,2416735,2435716,2456317,2463175,2467135,2467315,2571436,2613745,2631745,2714356,2746135,2746315,3124567,3124675,3127465,3172465,3174265,3174625,3214675,3241675,3246715,3257146,3274615,3456127,3527146,3571246,3571426,3742615,3746125,3746215,4167325,4235716,4261375,4263175,4325716,4352716,4357126,4561237,4563127,4612375,4613275,4621375,4623175,4631275,4631725,4671325,4673125,4673215,5271436,5612347,5631247,5712436,5714236,5714326,6123457,6123745,6132745,6137425,6213745,6231745,6312457,6312745,6317245,6317425,6713245,6731245,6732145,6732415,7124356,7132465,7142356,7143256,7143526,7246315,7312465,7321465,7324165,7426135,7426315,7461235,7461325,7462135,7462315,7463125	1357462,1374562,1374652,1435672,1436572,1463572,1472653,1537462,1574632,1643572,1745632,1746532,1754632,1762543,2456731,2467351,2467531,2541763,2546731,2651473,3157462,3174562,3174652,3175462,3245671,3246751,3254671,3524671,3567142,3571462,3571642,3574612,3657142,3745612,3746152,3746512,4176253,4356712,4357162,4365712,4561372,4563172,4567321,4613572,4615372,4631572,4631752,4635712,4651372,4653172,4673251,4673521,4675321,4726513,5137462,5147263,5246731,5317462,5324671,5374612,5417623,5463172,5467321,5613742,5631742,5671432,5673241,5714362,5714632,5716432,5746132,5746312,6135742,6137452,6153742,6254173,6315742,6317452,6317542,6357142,6435712,6513742,6514723,6531742,6571432,6714352,6732451,6732541,6735241,6753241,7143562,7143652,7146352,7164352,7265143,7324561,7325461,7352461,7456132,7456312,7461352,7461532,7463152,7465132,7465312,7532461,7546312,7625413			1	-	5906.lswap-b55f23a2f470.txt~5906.up-23ca8a9bcc81.txt
0a44fc281e4b	7	1235764,1237456,1237546,1246375,1247536,1253746,1256734,1264375,1265734,1267354,1273465,1273645,1426375,1435672,1436572,1437562,1437652,1452736,1453762,1463572,1472653,1542736,1543762,1562374,1574632,1627345,1643572,1652374,1745632,1746532,1754632,1762543,2357614,2371564,2371654,2374516,2375416,2463715,2475316,2537416,2541763,2567314,2637145,2643715,2651473,2657314,2673514,2731456,2731546,2734165,2734615,2736415,3124756,3125674,3126574,3145276,3154276,3157462,3174562,3174652,3175462,3416275,3461275,3512674,3567142,3571462,3571642,3576124,3641275,3657142,3712465,3712645,3714265,3715624,3716524,3741256,3745126,3754126,3756142,3761452,3761542,3765142,4123756,4125376,4127365,4162735,4176253,4263715,4273156,4356712,4357162,4365712,4371265,4375612,4376152,4376512,4512376,4527316,4537612,4563172,4612735,4631572,4631752,4635712,4637125,4653172,4726513,4753126,5123746,5126734,5143762,5147263,5237164,5273146,5312476,5317462,5374126,5376142,5412376,5417623,5427316,5437612,5463172,5614372,5623714,5631742,5671432,5673124,5714362,5714632,5716432,5731264,5746312,5761234,6123574,6127345,6143752,6145372,6154372,6237154,6254173,6273415,6315742,6317452,6317542,6357142,6371245,6371425,6412735,6435712,6437125,6514372,6514723,6523714,6531742,6571432,6573124,6714352,6731254,6735124,7124635,7126435,7142635,7143562,7143652,7146352,7156234,7164352,7165234,7265143,7312564,7312654,7314526,7315426,7341625,7346125,7351264,7364125,7412536,7451236,7456312,7463152,7465312,7531246,7541236,7546312,7561432,7612354,7614532,7615432,7625413,7651432	1234567,1237465,1237645,1243576,1243765,1245637,1246735,1256374,1257346,1263754,1264735,1265374,1273456,1273546,1274635,1423576,1423765,1427635,1432576,1435276,1437265,1437625,1452376,1524376,1527364,1542376,1562734,1623475,1652734,1724635,1742635,1746235,2143765,2317465,2345617,2347165,2357146,2371456,2371546,2374615,2376145,2376415,2435716,2437156,2437615,2456317,2463175,2467315,2563714,2571436,2573416,2614375,2631745,2637514,2647315,2653714,2714356,2731564,2731654,2734516,2735416,2736154,2746315,2763145,3124567,3124675,3126475,3127465,3142765,3156274,3165274,3172465,3174265,3174625,3257146,3412576,3451276,3456127,3471625,3527146,3541276,3571246,3571426,3615274,3712564,3712654,3714526,3715246,3715426,3726145,3746125,3751264,3761245,3761425,3762145,3764125,4123765,4125736,4127356,4235716,4237156,4237615,4263175,4276315,4325716,4352716,4357126,4371526,4372615,4376125,4376215,4512736,4523716,4561237,4563127,4612375,4623175,4631275,4631725,4673125,4716235,4731265,5126374,5127346,5237146,5243716,5271436,5273164,5273614,5371264,5412736,5423716,5612347,5627314,5631247,5637124,5712436,5714236,5714326,5734126,6123457,6123745,6124375,6142375,6143725,6152734,6214375,6231745,6234715,6273154,6312457,6312745,6314275,6317245,6317425,6371254,6375124,6412375,6473125,6527314,6537124,6731245,7124356,7125634,7126534,7142356,7143256,7143526,7145236,7152436,7154236,7162345,7246315,7261435,7312465,7312645,7315624,7316524,7341256,7345126,7354126,7361524,7426315,7461235,7462315,7463125,7512634,7612435,7614235,7621435,7631425,7641235			1	-	5906.lswap-df71274e07be.txt~5906.up-23ca8a9bcc81.txt
7c9659982f8f	7	1234567,1237465,1237645,1243576,1243765,1245637,1246735,1256374,1257346,1263754,1264735,1265374,1273456,1273546,1274635,1423576,1423765,1427635,1432576,1435276,1437265,1437625,1452376,1524376,1527364,1542376,1562734,1623475,1652734,1724635,1742635,1746235,2143765,2317465,2345617,2347165,2357146,2371456,2371546,2374615,2376145,2376415,2435716,2437156,2437615,2456317,2463175,2467315,2563714,2571436,2573416,2614375,2631745,2637514,2647315,2653714,2714356,2731564,2731654,2734516,2735416,2736154,2746315,2763145,3124567,3124675,3126475,3127465,3142765,3156274,3165274,3172465,3174265,3174625,3257146,3412576,3451276,3456127,3471625,3527146,3541276,3571246,3571426,3615274,3712564,3712654,3714526,3715246,3715426,3726145,3746125,3751264,3761245,3761425,3762145,3764125,4123765,4125736,4127356,4235716,4237156,4237615,4263175,4276315,4325716,4352716,4357126,4371526,4372615,4376125,4376215,4512736,4523716,4561237,4563127,4612375,4623175,4631275,4631725,4673125,4716235,4731265,5126374,5127346,5237146,5243716,5271436,5273164,5273614,5371264,5412736,5423716,5612347,5627314,5631247,5637124,5712436,5714236,5714326,5734126,6123457,6123745,6124375,6142375,6143725,6152734,6214375,6231745,6234715,6273154,6312457,6312745,6314275,6317245,6317425,6371254,6375124,6412375,6473125,6527314,6537124,6731245,7124356,7125634,7126534,7142356,7143256,7143526,7145236,7152436,7154236,7162345,7246315,7261435,7312465,7312645,7315624,7316524,7341256,7345126,7354126,7361524,7426315,7461235,7462315,7463125,7512634,7612435,7614235,7621435,7631425,7641235	1235764,1237456,1237546,1246375,1247536,1253746,1256734,1264375,1265734,1267354,1273465,1273645,1426375,1435672,1436572,1437562,1437652,1452736,1453762,1463572,1472653,1542736,1543762,1562374,1574632,1627345,1643572,1652374,1745632,1746532,1754632,1762543,2357614,2371564,2371654,2374516,2375416,2463715,2475316,2537416,2541763,2567314,2637145,2643715,2651473,2657314,2673514,2731456,2731546,2734165,2734615,2736415,3124756,3125674,3126574,3145276,3154276,3157462,3174562,3174652,3175462,3416275,3461275,3512674,3567142,3571462,3571642,3576124,3641275,3657142,3712465,3712645,3714265,3715624,3716524,3741256,3745126,3754126,3756142,3761452,3761542,3765142,4123756,4125376,4127365,4162735,4176253,4263715,4273156,4356712,4357162,4365712,4371265,4375612,4376152,4376512,4512376,4527316,4537612,4563172,4612735,4631572,4631752,4635712,4637125,4653172,4726513,4753126,5123746,5126734,5143762,5147263,5237164,5273146,5312476,5317462,5374126,5376142,5412376,5417623,5427316,5437612,5463172,5614372,5623714,5631742,5671432,5673124,5714362,5714632,5716432,5731264,5746312,5761234,6123574,6127345,6143752,6145372,6154372,6237154,6254173,6273415,6315742,6317452,6317542,6357142,6371245,6371425,6412735,6435712,6437125,6514372,6514723,6523714,6531742,6571432,6573124,6714352,6731254,6735124,7124635,7126435,7142635,7143562,7143652,7146352,7156234,7164352,7165234,7265143,7312564,7312654,7314526,7315426,7341625,7346125,7351264,7364125,7412536,7451236,7456312,7463152,7465312,7531246,7541236,7546312,7561432,7612354,7614532,7615432,7625413,7651432			1	-	5906.lswap-df71274e07be.txt~5906.up-23ca8a9bcc81.txt
438b84033bfa	7	1235764,1237456,1237546,1246375,1247536,1253746,1256734,1264375,1265734,1267354,1273465,1273645,1324675,1327465,1374265,1374625,1426375,1435672,1436572,1452736,1463572,1467325,1472653,1542736,1562374,1574632,1627345,1643572,1652374,1673245,1745632,1746532,1754632,1762543,2137465,2146735,2357614,2371564,2371654,2374516,2375416,2416735,2463715,2467135,2475316,2537416,2541763,2567314,2613745,2637145,2643715,2651473,2657314,2673514,2731456,2731546,2734165,2734615,2736415,2746135,3124756,3125674,3126574,3145276,3154276,3157462,3174562,3174652,3175462,3214675,3241675,3246715,3274615,3416275,3461275,3512674,3567142,3571462,3571642,3576124,3641275,3657142,3712465,3712645,3714265,3715624,3716524,3741256,3742615,3745126,3746215,3754126,4123756,4125376,4127365,4162735,4167325,4176253,4261375,4263715,4273156,4356712,4357162,4365712,4371265,4512376,4527316,4563172,4612735,4613275,4621375,4631572,4631752,4635712,4637125,4653172,4671325,4673215,4726513,4753126,5123746,5126734,5147263,5237164,5273146,5312476,5317462,5374126,5412376,5417623,5427316,5463172,5623714,5631742,5671432,5673124,5714362,5714632,5716432,5731264,5746312,5761234,6123574,6127345,6132745,6137425,6213745,6237154,6254173,6273415,6315742,6317452,6317542,6357142,6371245,6371425,6412735,6435712,6437125,6514723,6523714,6531742,6571432,6573124,6713245,6714352,6731254,6732145,6732415,6735124,7124635,7126435,7132465,7142635,7143562,7143652,7146352,7156234,7164352,7165234,7265143,7312564,7312654,7314526,7315426,7321465,7324165,7341625,7346125,7351264,7364125,7412536,7426135,7451236,7456312,7461325,7462135,7463152,7465312,7531246,7541236,7546312,7612354,7625413	1234567,1237645,1243576,1245637,1256374,1257346,1263754,1264735,1265374,1273456,1273546,1274635,1357462,1374562,1374652,1423576,1427635,1432576,1435276,1452376,1524376,1527364,1537462,1542376,1562734,1623475,1652734,1724635,1742635,1746235,2317465,2345617,2347165,2357146,2371456,2371546,2376415,2435716,2437156,2456317,2456731,2463175,2467351,2467531,2546731,2563714,2571436,2573416,2631745,2637514,2647315,2653714,2714356,2731564,2731654,2734516,2735416,2736154,2746315,2763145,3124567,3126475,3127465,3142765,3156274,3165274,3172465,3174265,3174625,3245671,3246751,3254671,3257146,3412576,3451276,3456127,3471625,3524671,3527146,3541276,3571246,3571426,3574612,3615274,3712564,3712654,3714526,3715246,3715426,3745612,3746152,3746512,3751264,3764125,4123765,4125736,4127356,4235716,4237156,4263175,4276315,4325716,4352716,4357126,4371526,4512736,4523716,4561237,4561372,4563127,4567321,4613572,4615372,4623175,4631275,4631725,4651372,4673251,4673521,4675321,4716235,4731265,5126374,5127346,5137462,5237146,5243716,5246731,5271436,5273164,5273614,5324671,5371264,5374612,5412736,5423716,5467321,5612347,5613742,5627314,5631247,5637124,5673241,5712436,5714236,5714326,5734126,5746132,6123457,6135742,6137452,6152734,6153742,6231745,6234715,6273154,6312457,6312745,6314275,6317245,6317425,6371254,6375124,6412375,6473125,6513742,6527314,6537124,6732451,6732541,6735241,6753241,7124356,7125634,7126534,7142356,7143256,7143526,7145236,7152436,7154236,7162345,7246315,7312645,7315624,7316524,7324561,7325461,7341256,7345126,7352461,7354126,7361524,7426315,7456132,7461352,7461532,7462315,7463125,7465132,7512634,7532461,7631425,7641235			1	-	5906.lswap-25804d565b10.txt~5906.up-aed220b1ebc4.txt
400f540f4bc2	7	1234567,1237645,1243576,1245637,1256374,1257346,1263754,1264735,1265374,1273456,1273546,1274635,1357462,1374562,1374652,1423576,1427635,1432576,1435276,1452376,1524376,1527364,1537462,1542376,1562734,1623475,1652734,1724635,1742635,1746235,2317465,2345617,2347165,2357146,2371456,2371546,2376415,2435716,2437156,2456317,2456731,2463175,2467351,2467531,2546731,2563714,2571436,2573416,2631745,2637514,2647315,2653714,2714356,2731564,2731654,2734516,2735416,2736154,2746315,2763145,3124567,3126475,3127465,3142765,3156274,3165274,3172465,3174265,3174625,3245671,3246751,3254671,3257146,3412576,3451276,3456127,3471625,3524671,3527146,3541276,3571246,3571426,3574612,3615274,3712564,3712654,3714526,3715246,3715426,3745612,3746152,3746512,3751264,3764125,4123765,4125736,4127356,4235716,4237156,4263175,4276315,4325716,4352716,4357126,4371526,4512736,4523716,4561237,4561372,4563127,4567321,4613572,4615372,4623175,4631275,4631725,4651372,4673251,4673521,4675321,4716235,4731265,5126374,5127346,5137462,5237146,5243716,5246731,5271436,5273164,5273614,5324671,5371264,5374612,5412736,5423716,5467321,5612347,5613742,5627314,5631247,5637124,5673241,5712436,5714236,5714326,5734126,5746132,6123457,6135742,6137452,6152734,6153742,6231745,6234715,6273154,6312457,6312745,6314275,6317245,6317425,6371254,6375124,6412375,6473125,6513742,6527314,6537124,6732451,6732541,6735241,6753241,7124356,7125634,7126534,7142356,7143256,7143526,7145236,7152436,7154236,7162345,7246315,7312645,7315624,7316524,7324561,7325461,7341256,7345126,7352461,7354126,7361524,7426315,7456132,7461352,7461532,7462315,7463125,7465132,7512634,7532461,7631425,7641235	1235764,1237456,1237546,1246375,1247536,1253746,1256734,1264375,1265734,1267354,1273465,1273645,1324675,1327465,1374265,1374625,1426375,1435672,1436572,1452736,1463572,1467325,1472653,1542736,1562374,1574632,1627345,1643572,1652374,1673245,1745632,1746532,1754632,1762543,2137465,2146735,2357614,2371564,2371654,2374516,2375416,2416735,2463715,2467135,2475316,2537416,2541763,2567314,2613745,2637145,2643715,2651473,2657314,2673514,2731456,2731546,2734165,2734615,2736415,2746135,3124756,3125674,3126574,3145276,3154276,3157462,3174562,3174652,3175462,3214675,3241675,3246715,3274615,3416275,3461275,3512674,3567142,3571462,3571642,3576124,3641275,3657142,3712465,3712645,3714265,3715624,3716524,3741256,3742615,3745126,3746215,3754126,4123756,4125376,4127365,4162735,4167325,4176253,4261375,4263715,4273156,4356712,4357162,4365712,4371265,4512376,4527316,4563172,4612735,4613275,4621375,4631572,4631752,4635712,4637125,4653172,4671325,4673215,4726513,4753126,5123746,5126734,5147263,5237164,5273146,5312476,5317462,5374126,5412376,5417623,5427316,5463172,5623714,5631742,5671432,5673124,5714362,5714632,5716432,5731264,5746312,5761234,6123574,6127345,6132745,6137425,6213745,6237154,6254173,6273415,6315742,6317452,6317542,6357142,6371245,6371425,6412735,6435712,6437125,6514723,6523714,6531742,6571432,6573124,6713245,6714352,6731254,6732145,6732415,6735124,7124635,7126435,7132465,7142635,7143562,7143652,7146352,7156234,7164352,7165234,7265143,7312564,7312654,7314526,7315426,7321465,7324165,7341625,7346125,7351264,7364125,7412536,7426135,7451236,7456312,7461325,7462135,7463152,7465312,7531246,7541236,7546312,7612354,7625413			1	-	5906.lswap-25804d565b10.txt~5906.up-aed220b1ebc4.txt
e6d89f3f0d4c	7	1246735,1324675,1435672,1436572,1463572,1467325,1472653,1574632,1643572,1673245,1745632,1746532,1754632,1762543,2146735,2416735,2467135,2467315,2541763,2651473,3124675,3157462,3174562,3174652,3175462,3214675,3241675,3246715,3567142,3571462,3571642,3657142,4167325,4176253,4356712,4357162,4365712,4563172,4631572,4631752,4635712,4653172,4671325,4673125,4673215,4726513,5147263,5317462,5417623,5463172,5631742,5671432,5714362,5714632,5716432,5746312,6254173,6315742,6317452,6317542,6357142,6435712,6514723,6531742,6571432,6713245,6714352,6731245,6732145,6732415,7132465,7143562,7143652,7146352,7164352,7265143,7312465,7321465,7324165,7456312,7463152,7465312,7546312,7625413	1234567,1243576,1245637,1274635,1423576,1432576,1435276,1724635,1742635,1746235,2317465,2345617,2357146,2435716,2456317,2456731,2463175,2467351,2467531,2546731,2571436,2631745,2714356,2746315,3124567,3127465,3172465,3174265,3174625,3245671,3246751,3254671,3257146,3456127,3524671,3527146,3571246,3571426,4235716,4263175,4325716,4352716,4357126,4561237,4563127,4567321,4623175,4631275,4631725,4673251,4673521,4675321,5246731,5271436,5324671,5467321,5612347,5631247,5673241,5712436,5714236,5714326,6123457,6231745,6312457,6312745,6317245,6317425,6732451,6732541,6735241,6753241,7124356,7142356,7143256,7143526,7246315,7324561,7325461,7352461,7426315,7462315,7463125,7532461			1	-	5906.lswap-3baeeea281f2.txt~5906.up-aed220b1ebc4.txt
2c06ce315361	7	1234567,1243576,1245637,1274635,1423576,1432576,1435276,1724635,1742635,1746235,2317465,2345617,2357146,2435716,2456317,2456731,2463175,2467351,2467531,2546731,2571436,2631745,2714356,2746315,3124567,3127465,3172465,3174265,3174625,3245671,3246751,3254671,3257146,3456127,3524671,3527146,3571246,3571426,4235716,4263175,4325716,4352716,4357126,4561237,4563127,4567321,4623175,4631275,4631725,4673251,4673521,4675321,5246731,5271436,5324671,5467321,5612347,5631247,5673241,5712436,5714236,5714326,6123457,6231745,6312457,6312745,6317245,6317425,6732451,6732541,6735241,6753241,7124356,7142356,7143256,7143526,7246315,7324561,7325461,7352461,7426315,7462315,7463125,7532461	1246735,1324675,1435672,1436572,1463572,1467325,1472653,1574632,1643572,1673245,1745632,1746532,1754632,1762543,2146735,2416735,2467135,2467315,2541763,2651473,3124675,3157462,3174562,3174652,3175462,3214675,3241675,3246715,3567142,3571462,3571642,3657142,4167325,4176253,4356712,4357162,4365712,4563172,4631572,4631752,4635712,4653172,4671325,4673125,4673215,4726513,5147263,5317462,5417623,5463172,5631742,5671432,5714362,5714632,5716432,5746312,6254173,6315742,6317452,6317542,6357142,6435712,6514723,6531742,6571432,6713245,6714352,6731245,6732145,6732415,7132465,7143562,7143652,7146352,7164352,7265143,7312465,7321465,7324165,7456312,7463152,7465312,7546312,7625413			1	-	5906.lswap-3baeeea281f2.txt~5906.up-aed220b1ebc4.txt
ab99b7547904	7	1246735,1324675,1435672,1436572,1463572,1467325,1472653,1643572,1673245,1762543,2146735,2416735,2467135,2467315,2541763,2651473,3124675,3214675,3241675,3246715,3567142,3571462,3571642,3657142,4167325,4176253,4356712,4357162,4365712,4635712,4671325,4673125,4673215,4726513,5147263,5417623,5671432,5714362,5714632,5716432,6254173,6357142,6435712,6514723,6571432,6713245,6714352,6731245,6732145,6732415,7132465,7143562,7143652,7146352,7164352,7265143,7312465,7321465,7324165,7625413	1234567,1243576,1245637,1423576,1432576,1435276,2345617,2357146,2435716,2456317,2456731,2467351,2467531,2546731,2571436,2714356,3124567,3245671,3246751,3254671,3257146,3456127,3524671,3527146,3571246,3571426,4235716,4325716,4352716,4357126,4561237,4563127,4567321,4673251,4673521,4675321,5246731,5271436,5324671,5467321,5612347,5631247,5673241,5712436,5714236,5714326,6123457,6312457,6732451,6732541,6735241,6753241,7124356,7142356,7143256,7143526,7324561,7325461,7352461,7532461			1	-	5906.lswap-7602ba885180.txt~5906.up-aed220b1ebc4.txt
9ed53e6fa387	7	1234567,1243576,1245637,1423576,1432576,1435276,2345617,2357146,2435716,2456317,2456731,2467351,2467531,2546731,2571436,2714356,3124567,3245671,3246751,3254671,3257146,3456127,3524671,3527146,3571246,3571426,4235716,4325716,4352716,4357126,4561237,4563127,4567321,4673251,4673521,4675321,5246731,5271436,5324671,5467321,5612347,5631247,5673241,5712436,5714236,5714326,6123457,6312457,6732451,6732541,6735241,6753241,7124356,7142356,7143256,7143526,7324561,7325461,7352461,7532461	1246735,1324675,1435672,1436572,1463572,1467325,1472653,1643572,1673245,1762543,2146735,2416735,2467135,2467315,2541763,2651473,3124675,3214675,3241675,3246715,3567142,3571462,3571642,3657142,4167325,4176253,4356712,4357162,4365712,4635712,4671325,4673125,4673215,4726513,5147263,5417623,5671432,5714362,5714632,5716432,6254173,6357142,6435712,6514723,6571432,6713245,6714352,6731245,6732145,6732415,7132465,7143562,7143652,7146352,7164352,7265143,7312465,7321465,7324165,7625413			1	-	5906.lswap-7602ba885180.txt~5906.up-aed220b1ebc4.txt
ab676a60b54e	7	1235764,1237456,1237546,1246375,1247536,1253746,1256734,1264375,1265734,1267354,1273465,1273645,1324675,1327465,1374265,1374625,1426375,1435672,1436572,1437562,1437652,1452736,1453762,1463572,1467325,1472653,1542736,1543762,1562374,1574632,1627345,1643572,1652374,1673245,1745632,1746532,1754632,1762543,2137465,2146735,2357614,2371564,2371654,2374516,2375416,2416735,2463715,2467135,2475316,2537416,2541763,2567314,2613745,2637145,2643715,2651473,2657314,2673514,2731456,2731546,2734165,2734615,2736415,2746135,3124756,3125674,3126574,3145276,3154276,3157462,3174562,3174652,3175462,3214675,3241675,3246715,3274615,3416275,3461275,3512674,3567142,3571462,3571642,3576124,3641275,3657142,3712465,3712645,3714265,3715624,3716524,3741256,3742615,3745126,3746215,3754126,3756142,3761452,3761542,3765142,4123756,4125376,4127365,4162735,4167325,4176253,4261375,4263715,4273156,4356712,4357162,4365712,4371265,4375612,4376152,4376512,4512376,4527316,4537612,4563172,4612735,4613275,4621375,4631572,4631752,4635712,4637125,4653172,4671325,4673215,4726513,4753126,5123746,5126734,5143762,5147263,5237164,5273146,5312476,5317462,5374126,5376142,5412376,5417623,5427316,5437612,5463172,5614372,5623714,5631742,5671432,5673124,5714362,5714632,5716432,5731264,5746312,5761234,6123574,6127345,6132745,6137425,6143752,6145372,6154372,6213745,6237154,6254173,6273415,6315742,6317452,6317542,6357142,6371245,6371425,6412735,6435712,6437125,6514372,6514723,6523714,6531742,6571432,6573124,6713245,6714352,6731254,6732145,6732415,6735124,7124635,7126435,7132465,7142635,7143562,7143652,7146352,7156234,7164352,7165234,7265143,7312564,7312654,7314526,7315426,7321465,7324165,7341625,7346125,7351264,7364125,7412536,7426135,7451236,7456312,7461325,7462135,7463152,7465312,7531246,7541236,7546312,7561432,7612354,7614532,7615432,7625413,7651432	1234567,1237645,1243576,1243765,1245637,1256374,1257346,1263754,1264735,1265374,1273456,1273546,1274635,1357462,1374562,1374652,1423576,1423765,1427635,1432576,1435276,1437265,1437625,1452376,1524376,1527364,1537462,1542376,1562734,1623475,1652734,1724635,1742635,1746235,2143765,2317465,2345617,2347165,2357146,2371456,2371546,2376145,2376415,2435716,2437156,2437615,2456317,2456731,2463175,2467351,2467531,2546731,2563714,2571436,2573416,2614375,2631745,2637514,2647315,2653714,2714356,2731564,2731654,2734516,2735416,2736154,2746315,2763145,3124567,3126475,3127465,3142765,3156274,3165274,3172465,3174265,3174625,3245671,3246751,3254671,3257146,3412576,3451276,3456127,3471625,3524671,3527146,3541276,3571246,3571426,3574612,3615274,3712564,3712654,3714526,3715246,3715426,3726145,3745612,3746152,3746512,3751264,3761245,3761425,3762145,3764125,4123765,4125736,4127356,4235716,4237156,4237615,4263175,4276315,4325716,4352716,4357126,4371526,4372615,4376125,4376215,4512736,4523716,4561237,4561372,4563127,4567321,4613572,4615372,4623175,4631275,4631725,4651372,4673251,4673521,4675321,4716235,4731265,5126374,5127346,5137462,5237146,5243716,5246731,5271436,5273164,5273614,5324671,5371264,5374612,5412736,5423716,5467321,5612347,5613742,5627314,5631247,5637124,5673241,5712436,5714236,5714326,5734126,5746132,6123457,6124375,6135742,6137452,6142375,6143725,6152734,6153742,6214375,6231745,6234715,6273154,6312457,6312745,6314275,6317245,6317425,6371254,6375124,6412375,6473125,6513742,6527314,6537124,6732451,6732541,6735241,6753241,7124356,7125634,7126534,7142356,7143256,7143526,7145236,7152436,7154236,7162345,7246315,7261435,7312645,7315624,7316524,7324561,7325461,7341256,7345126,7352461,7354126,7361524,7426315,7456132,7461352,7461532,7462315,7463125,7465132,7512634,7532461,7612435,7614235,7621435,7631425,7641235			1	-	5906.lswap-df71274e07be.txt~5906.up-aed220b1ebc4.txt
6229710a29b2	7	1234567,1237645,1243576,1243765,1245637,1256374,1257346,1263754,1264735,1265374,1273456,1273546,1274635,1357462,1374562,1374652,1423576,1423765,1427635,1432576,1435276,1437265,1437625,1452376,1524376,1527364,1537462,1542376,1562734,1623475,1652734,1724635,1742635,1746235,2143765,2317465,2345617,2347165,2357146,2371456,2371546,2376145,2376415,2435716,2437156,2437615,2456317,2456731,2463175,2467351,2467531,2546731,2563714,2571436,2573416,2614375,2631745,2637514,2647315,2653714,2714356,2731564,2731654,2734516,2735416,2736154,2746315,2763145,3124567,3126475,3127465,3142765,3156274,3165274,3172465,3174265,3174625,3245671,3246751,3254671,3257146,3412576,3451276,3456127,3471625,3524671,3527146,3541276,3571246,3571426,3574612,3615274,3712564,3712654,3714526,3715246,3715426,3726145,3745612,3746152,3746512,3751264,3761245,3761425,3762145,3764125,4123765,4125736,4127356,4235716,4237156,4237615,4263175,4276315,4325716,4352716,4357126,4371526,4372615,4376125,4376215,4512736,4523716,4561237,4561372,4563127,4567321,4613572,4615372,4623175,4631275,4631725,4651372,4673251,4673521,4675321,4716235,4731265,5126374,5127346,5137462,5237146,5243716,5246731,5271436,5273164,5273614,5324671,5371264,5374612,5412736,5423716,5467321,5612347,5613742,5627314,5631247,5637124,5673241,5712436,5714236,5714326,5734126,5746132,6123457,6124375,6135742,6137452,6142375,6143725,6152734,6153742,6214375,6231745,6234715,6273154,6312457,6312745,6314275,6317245,6317425,6371254,6375124,6412375,6473125,6513742,6527314,6537124,6732451,6732541,6735241,6753241,7124356,7125634,7126534,7142356,7143256,7143526,7145236,7152436,7154236,7162345,7246315,7261435,7312645,7315624,7316524,7324561,7325461,7341256,7345126,7352461,7354126,7361524,7426315,7456132,7461352,7461532,7462315,7463125,7465132,7512634,7532461,7612435,7614235,7621435,7631425,7641235	1235764,1237456,1237546,1246375,1247536,1253746,1256734,1264375,1265734,1267354,1273465,1273645,1324675,1327465,1374265,1374625,1426375,1435672,1436572,1437562,1437652,1452736,1453762,1463572,1467325,1472653,1542736,1543762,1562374,1574632,1627345,1643572,1652374,1673245,1745632,1746532,1754632,1762543,2137465,2146735,2357614,2371564,2371654,2374516,2375416,2416735,2463715,2467135,2475316,2537416,2541763,2567314,2613745,2637145,2643715,2651473,2657314,2673514,2731456,2731546,2734165,2734615,2736415,2746135,3124756,3125674,3126574,3145276,3154276,3157462,3174562,3174652,3175462,3214675,3241675,3246715,3274615,3416275,3461275,3512674,3567142,3571462,3571642,3576124,3641275,3657142,3712465,3712645,3714265,3715624,3716524,3741256,3742615,3745126,3746215,3754126,3756142,3761452,3761542,3765142,4123756,4125376,4127365,4162735,4167325,4176253,4261375,4263715,4273156,4356712,4357162,4365712,4371265,4375612,4376152,4376512,4512376,4527316,4537612,4563172,4612735,4613275,4621375,4631572,4631752,4635712,4637125,4653172,4671325,4673215,4726513,4753126,5123746,5126734,5143762,5147263,5237164,5273146,5312476,5317462,5374126,5376142,5412376,5417623,5427316,5437612,5463172,5614372,5623714,5631742,5671432,5673124,5714362,5714632,5716432,5731264,5746312,5761234,6123574,6127345,6132745,6137425,6143752,6145372,6154372,6213745,6237154,6254173,6273415,6315742,6317452,6317542,6357142,6371245,6371425,6412735,6435712,6437125,6514372,6514723,6523714,6531742,6571432,6573124,6713245,6714352,6731254,6732145,6732415,6735124,7124635,7126435,7132465,7142635,7143562,7143652,7146352,7156234,7164352,7165234,7265143,7312564,7312654,7314526,7315426,7321465,7324165,7341625,7346125,7351264,7364125,7412536,7426135,7451236,7456312,7461325,7462135,7463152,7465312,7531246,7541236,7546312,7561432,7612354,7614532,7615432,7625413,7651432			1	-	5906.lswap-df71274e07be.txt~5906.up-aed220b1ebc4.txt
8483f8b7ecb1	7	1237465,1246735,1324675,1327465,1374265,1374625,1435672,1436572,1463572,1467325,1472653,1574632,1643572,1673245,1745632,1746532,1754632,1762543,2137465,2146735,2374615,2416735,2467135,2467315,2541763,2613745,2651473,2746135,3124675,3157462,3174562,3174652,3175462,3214675,3241675,3246715,3274615,3567142,3571462,3571642,3657142,3742615,3746125,3746215,4167325,4176253,4261375,4356712,4357162,4365712,4563172,4612375,4613275,4621375,4631572,4631752,4635712,4653172,4671325,4673125,4673215,4726513,5147263,5317462,5417623,5463172,5631742,5671432,5714362,5714632,5716432,5746312,6123745,6132745,6137425,6213745,6254173,6315742,6317452,6317542,6357142,6435712,6514723,6531742,6571432,6713245,6714352,6731245,6732145,6732415,7132465,7143562,7143652,7146352,7164352,7265143,7312465,7321465,7324165,7426135,7456312,7461235,7461325,7462135,7463152,7465312,7546312,7625413	1234567,1243576,1245637,1274635,1357462,1374562,1374652,1423576,1432576,1435276,1537462,1724635,1742635,1746235,2317465,2345617,2357146,2435716,2456317,2456731,2463175,2467351,2467531,2546731,2571436,2631745,2714356,2746315,3124567,3127465,3172465,3174265,3174625,3245671,3246751,3254671,3257146,3456127,3524671,3527146,3571246,3571426,3574612,3745612,3746152,3746512,4235716,4263175,4325716,4352716,4357126,4561237,4561372,4563127,4567321,4613572,4615372,4623175,4631275,4631725,4651372,4673251,4673521,4675321,5137462,5246731,5271436,5324671,5374612,5467321,5612347,5613742,5631247,5673241,5712436,5714236,5714326,5746132,6123457,6135742,6137452,6153742,6231745,6312457,6312745,6317245,6317425,6513742,6732451,6732541,6735241,6753241,7124356,7142356,7143256,7143526,7246315,7324561,7325461,7352461,7426315,7456132,7461352,7461532,7462315,7463125,7465132,7532461			1	-	5906.lswap-e0920da719d9.txt~5906.up-aed220b1ebc4.txt
4c331cf536a0	7	1234567,1243576,1245637,1274635,1357462,1374562,1374652,1423576,1432576,1435276,1537462,1724635,1742635,1746235,2317465,2345617,2357146,2435716,2456317,2456731,2463175,2467351,2467531,2546731,2571436,2631745,2714356,2746315,3124567,3127465,3172465,3174265,3174625,3245671,3246751,3254671,3257146,3456127,3524671,3527146,3571246,3571426,3574612,3745612,3746152,3746512,4235716,4263175,4325716,4352716,4357126,4561237,4561372,4563127,4567321,4613572,4615372,4623175,4631275,4631725,4651372,4673251,4673521,4675321,5137462,5246731,5271436,5324671,5374612,5467321,5612347,5613742,5631247,5673241,5712436,5714236,5714326,5746132,6123457,6135742,6137452,6153742,6231745,6312457,6312745,6317245,6317425,6513742,6732451,6732541,6735241,6753241,7124356,7142356,7143256,7143526,7246315,7324561,7325461,7352461,7426315,7456132,7461352,7461532,7462315,7463125,7465132,7532461	1237465,1246735,1324675,1327465,1374265,1374625,1435672,1436572,1463572,1467325,1472653,1574632,1643572,1673245,1745632,1746532,1754632,1762543,2137465,2146735,2374615,2416735,2467135,2467315,2541763,2613745,2651473,2746135,3124675,3157462,3174562,3174652,3175462,3214675,3241675,3246715,3274615,3567142,3571462,3571642,3657142,3742615,3746125,3746215,4167325,4176253,4261375,4356712,4357162,4365712,4563172,4612375,4613275,4621375,4631572,4631752,4635712,4653172,4671325,4673125,4673215,4726513,5147263,5317462,5417623,5463172,5631742,5671432,5714362,5714632,5716432,5746312,6123745,6132745,6137425,6213745,6254173,6315742,6317452,6317542,6357142,6435712,6514723,6531742,6571432,6713245,6714352,6731245,6732145,6732415,7132465,7143562,7143652,7146352,7164352,7265143,7312465,7321465,7324165,7426135,7456312,7461235,7461325,7462135,7463152,7465312,7546312,7625413			1	-	5906.lswap-e0920da719d9.txt~5906.up-aed220b1ebc4.txt
1dc8fef1698c	7	1234567,1237465,1237645,1245637,1256374,1257346,1263754,1264735,1265374,1273456,1273546,1427635,1435672,1436572,1452376,1463572,1524376,1527364,1542376,1562734,1623475,1643572,1652734,2345617,2347165,2371456,2371546,2374615,2376415,2437156,2456317,2456731,2467351,2467531,2546731,2563714,2573416,2637514,2647315,2653714,2731564,2731654,2734516,2735416,2736154,2763145,3124567,3126475,3142765,3156274,3165274,3245671,3246751,3254671,3412576,3451276,3456127,3471625,3524671,3541276,3567142,3571462,3571642,3615274,3657142,3712564,3712654,3714526,3715246,3715426,3746125,3751264,3764125,4123765,4125736,4127356,4237156,4276315,4356712,4357162,4365712,4371526,4512736,4523716,4561237,4563127,4567321,4612375,4635712,4673251,4673521,4675321,4716235,4731265,5126374,5127346,5237146,5243716,5246731,5273164,5273614,5324671,5371264,5412736,5423716,5467321,5612347,5627314,5631247,5637124,5671432,5673241,5714362,5714632,5716432,5734126,6123457,6123745,6152734,6234715,6273154,6312457,6314275,6357142,6371254,6375124,6412375,6435712,6473125,6527314,6537124,6571432,6714352,6732451,6732541,6735241,6753241,7125634,7126534,7143562,7143652,7145236,7146352,7152436,7154236,7162345,7164352,7312645,7315624,7316524,7324561,7325461,7341256,7345126,7352461,7354126,7361524,7461235,7512634,7532461,7631425,7641235	1235764,1237456,1237546,1243576,1246375,1247536,1253746,1256734,1264375,1265734,1267354,1273465,1273645,1324675,1423576,1426375,1432576,1435276,1452736,1467325,1472653,1542736,1562374,1627345,1652374,1673245,1762543,2146735,2357146,2357614,2371564,2371654,2374516,2375416,2416735,2435716,2463715,2467135,2475316,2537416,2541763,2567314,2571436,2637145,2643715,2651473,2657314,2673514,2714356,2731456,2731546,2734165,2734615,2736415,3124756,3125674,3126574,3145276,3154276,3214675,3241675,3246715,3257146,3416275,3461275,3512674,3527146,3571246,3571426,3576124,3641275,3712465,3712645,3714265,3715624,3716524,3741256,3745126,3754126,4123756,4125376,4127365,4162735,4167325,4176253,4235716,4263715,4273156,4325716,4352716,4357126,4371265,4512376,4527316,4612735,4637125,4671325,4673215,4726513,4753126,5123746,5126734,5147263,5237164,5271436,5273146,5312476,5374126,5412376,5417623,5427316,5623714,5673124,5712436,5714236,5714326,5731264,5761234,6123574,6127345,6237154,6254173,6273415,6371245,6371425,6412735,6437125,6514723,6523714,6573124,6713245,6731254,6732145,6732415,6735124,7124356,7124635,7126435,7132465,7142356,7142635,7143256,7143526,7156234,7165234,7265143,7312564,7312654,7314526,7315426,7321465,7324165,7341625,7346125,7351264,7364125,7412536,7451236,7531246,7541236,7612354,7625413			1	-	5906.lswap-73851215f718.txt~5906.up-d2559533f431.txt
442632459723	7	1235764,1237456,1237546,1243576,1246375,1247536,1253746,1256734,1264375,1265734,1267354,1273465,1273645,1324675,1423576,1426375,1432576,1435276,1452736,1467325,1472653,1542736,1562374,1627345,1652374,1673245,1762543,2146735,2357146,2357614,2371564,2371654,2374516,2375416,2416735,2435716,2463715,2467135,2475316,2537416,2541763,2567314,2571436,2637145,2643715,2651473,2657314,2673514,2714356,2731456,2731546,2734165,2734615,2736415,3124756,3125674,3126574,3145276,3154276,3214675,3241675,3246715,3257146,3416275,3461275,3512674,3527146,3571246,3571426,3576124,3641275,3712465,3712645,3714265,3715624,3716524,3741256,3745126,3754126,4123756,4125376,4127365,4162735,4167325,4176253,4235716,4263715,4273156,4325716,4352716,4357126,4371265,4512376,4527316,4612735,4637125,4671325,4673215,4726513,4753126,5123746,5126734,5147263,5237164,5271436,5273146,5312476,5374126,5412376,5417623,5427316,5623714,5673124,5712436,5714236,5714326,5731264,5761234,6123574,6127345,6237154,6254173,6273415,6371245,6371425,6412735,6437125,6514723,6523714,6573124,6713245,6731254,6732145,6732415,6735124,7124356,7124635,7126435,7132465,7142356,7142635,7143256,7143526,7156234,7165234,7265143,7312564,7312654,7314526,7315426,7321465,7324165,7341625,7346125,7351264,7364125,7412536,7451236,7531246,7541236,7612354,7625413	1234567,1237465,1237645,1245637,1256374,1257346,1263754,1264735,1265374,1273456,1273546,1427635,1435672,1436572,1452376,1463572,1524376,1527364,1542376,1562734,1623475,1643572,1652734,2345617,2347165,2371456,2371546,2374615,2376415,2437156,2456317,2456731,2467351,2467531,2546731,2563714,2573416,2637514,2647315,2653714,2731564,2731654,2734516,2735416,2736154,2763145,3124567,3126475,3142765,3156274,3165274,3245671,3246751,3254671,3412576,3451276,3456127,3471625,3524671,3541276,3567142,3571462,3571642,3615274,3657142,3712564,3712654,3714526,3715246,3715426,3746125,3751264,3764125,4123765,4125736,4127356,4237156,4276315,4356712,4357162,4365712,4371526,4512736,4523716,4561237,4563127,4567321,4612375,4635712,4673251,4673521,4675321,4716235,4731265,5126374,5127346,5237146,5243716,5246731,5273164,5273614,5324671,5371264,5412736,5423716,5467321,5612347,5627314,5631247,5637124,5671432,5673241,5714362,5714632,5716432,5734126,6123457,6123745,6152734,6234715,6273154,6312457,6314275,6357142,6371254,6375124,6412375,6435712,6473125,6527314,6537124,6571432,6714352,6732451,6732541,6735241,6753241,7125634,7126534,7143562,7143652,7145236,7146352,7152436,7154236,7162345,7164352,7312645,7315624,7316524,7324561,7325461,7341256,7345126,7352461,7354126,7361524,7461235,7512634,7532461,7631425,7641235			1	-	5906.lswap-73851215f718.txt~5906.up-d2559533f431.txt
07d6e2e26dfe	7	1234567,1237645,1245637,1246735,1256374,1257346,1263754,1264735,1265374,1273456,1273546,1357462,1374562,1374652,1427635,1435672,1436572,1452376,1463572,1524376,1527364,1537462,1542376,1562734,1623475,1643572,1652734,2345617,2347165,2371456,2371546,2376415,2437156,2456317,2467315,2563714,2573416,2637514,2647315,2653714,2731564,2731654,2734516,2735416,2736154,2763145,3124567,3124675,3126475,3142765,3156274,3165274,3412576,3451276,3456127,3471625,3541276,3567142,3571462,3571642,3574612,3615274,3657142,3712564,3712654,3714526,3715246,3715426,3745612,3746152,3746512,3751264,3764125,4123765,4125736,4127356,4237156,4276315,4356712,4357162,4365712,4371526,4512736,4523716,4561237,4561372,4563127,4613572,4615372,4635712,4651372,4673125,4716235,4731265,5126374,5127346,5137462,5237146,5243716,5273164,5273614,5371264,5374612,5412736,5423716,5612347,5613742,5627314,5631247,5637124,5671432,5714362,5714632,5716432,5734126,5746132,6123457,6135742,6137452,6152734,6153742,6234715,6273154,6312457,6314275,6357142,6371254,6375124,6412375,6435712,6473125,6513742,6527314,6537124,6571432,6714352,6731245,7125634,7126534,7143562,7143652,7145236,7146352,7152436,7154236,7162345,7164352,7312465,7312645,7315624,7316524,7341256,7345126,7354126,7361524,7456132,7461352,7461532,7465132,7512634,7631425,7641235	1235764,1237456,1237546,1243576,1246375,1247536,1253746,1256734,1264375,1265734,1267354,1273465,1273645,1327465,1374265,1374625,1423576,1426375,1432576,1435276,1452736,1472653,1542736,1562374,1627345,1652374,1762543,2137465,2357146,2357614,2371564,2371654,2374516,2375416,2435716,2463715,2475316,2537416,2541763,2567314,2571436,2613745,2637145,2643715,2651473,2657314,2673514,2714356,2731456,2731546,2734165,2734615,2736415,2746135,3124756,3125674,3126574,3145276,3154276,3257146,3274615,3416275,3461275,3512674,3527146,3571246,3571426,3576124,3641275,3712465,3712645,3714265,3715624,3716524,3741256,3742615,3745126,3746215,3754126,4123756,4125376,4127365,4162735,4176253,4235716,4261375,4263715,4273156,4325716,4352716,4357126,4371265,4512376,4527316,4612735,4613275,4621375,4637125,4726513,4753126,5123746,5126734,5147263,5237164,5271436,5273146,5312476,5374126,5412376,5417623,5427316,5623714,5673124,5712436,5714236,5714326,5731264,5761234,6123574,6127345,6132745,6137425,6213745,6237154,6254173,6273415,6371245,6371425,6412735,6437125,6514723,6523714,6573124,6731254,6735124,7124356,7124635,7126435,7142356,7142635,7143256,7143526,7156234,7165234,7265143,7312564,7312654,7314526,7315426,7341625,7346125,7351264,7364125,7412536,7426135,7451236,7461325,7462135,7531246,7541236,7612354,7625413			1	-	5906.lswap-821102adfff8.txt~5906.up-d2559533f431.txt
06076a4833ea	7	1235764,1237456,1237546,1243576,1246375,1247536,1253746,1256734,1264375,1265734,1267354,1273465,1273645,1327465,1374265,1374625,1423576,1426375,1432576,1435276,1452736,1472653,1542736,1562374,1627345,1652374,1762543,2137465,2357146,2357614,2371564,2371654,2374516,2375416,2435716,2463715,2475316,2537416,2541763,2567314,2571436,2613745,2637145,2643715,2651473,2657314,2673514,2714356,2731456,2731546,2734165,2734615,2736415,2746135,3124756,3125674,3126574,3145276,3154276,3257146,3274615,3416275,3461275,3512674,3527146,3571246,3571426,3576124,3641275,3712465,3712645,3714265,3715624,3716524,3741256,3742615,3745126,3746215,3754126,4123756,4125376,4127365,4162735,4176253,4235716,4261375,4263715,4273156,4325716,4352716,4357126,4371265,4512376,4527316,4612735,4613275,4621375,4637125,4726513,4753126,5123746,5126734,5147263,5237164,5271436,5273146,5312476,5374126,5412376,5417623,5427316,5623714,5673124,5712436,5714236,5714326,5731264,5761234,6123574,6127345,6132745,6137425,6213745,6237154,6254173,6273415,6371245,6371425,6412735,6437125,6514723,6523714,6573124,6731254,6735124,7124356,7124635,7126435,7142356,7142635,7143256,7143526,7156234,7165234,7265143,7312564,7312654,7314526,7315426,7341625,7346125,7351264,7364125,7412536,7426135,7451236,7461325,7462135,7531246,7541236,7612354,7625413	1234567,1237645,1245637,1246735,1256374,1257346,1263754,1264735,1265374,1273456,1273546,1357462,1374562,1374652,1427635,1435672,1436572,1452376,1463572,1524376,1527364,1537462,1542376,1562734,1623475,1643572,1652734,2345617,2347165,2371456,2371546,2376415,2437156,2456317,2467315,2563714,2573416,2637514,2647315,2653714,2731564,2731654,2734516,2735416,2736154,2763145,3124567,3124675,3126475,3142765,3156274,3165274,3412576,3451276,3456127,3471625,3541276,3567142,3571462,3571642,3574612,3615274,3657142,3712564,3712654,3714526,3715246,3715426,3745612,3746152,3746512,3751264,3764125,4123765,4125736,4127356,4237156,4276315,4356712,4357162,4365712,4371526,4512736,4523716,4561237,4561372,4563127,4613572,4615372,4635712,4651372,4673125,4716235,4731265,5126374,5127346,5137462,5237146,5243716,5273164,5273614,5371264,5374612,5412736,5423716,5612347,5613742,5627314,5631247,5637124,5671432,5714362,5714632,5716432,5734126,5746132,6123457,6135742,6137452,6152734,6153742,6234715,6273154,6312457,6314275,6357142,6371254,6375124,6412375,6435712,6473125,6513742,6527314,6537124,6571432,6714352,6731245,7125634,7126534,7143562,7143652,7145236,7146352,7152436,7154236,7162345,7164352,7312465,7312645,7315624,7316524,7341256,7345126,7354126,7361524,7456132,7461352,7461532,7465132,7512634,7631425,7641235			1	-	5906.lswap-821102adfff8.txt~5906.up-d2559533f431.txt
c7858d81e8da	7	1234567,1245637,1246735,1324675,1435672,1436572,1463572,1467325,1643572,1673245,2146735,2345617,2416735,2456317,2467135,2467315,3124567,3124675,3214675,3241675,3246715,3456127,3567142,3571462,3571642,3657142,4167325,4356712,4357162,4365712,4561237,4563127,4635712,4671325,4673125,4673215,5612347,5631247,5671432,5714362,5714632,5716432,6123457,6312457,6357142,6435712,6571432,6713245,6714352,6731245,6732145,6732415,7132465,7143562,7143652,7146352,7164352,7312465,7321465,7324165	1243576,1423576,1432576,1435276,1472653,1762543,2357146,2435716,2456731,2467351,2467531,2541763,2546731,2571436,2651473,2714356,3245671,3246751,3254671,3257146,3524671,3527146,3571246,3571426,4176253,4235716,4325716,4352716,4357126,4567321,4673251,4673521,4675321,4726513,5147263,5246731,5271436,5324671,5417623,5467321,5673241,5712436,5714236,5714326,6254173,6514723,6732451,6732541,6735241,6753241,7124356,7142356,7143256,7143526,7265143,7324561,7325461,7352461,7532461,7625413			1	-	5906.lswap-821102adfff8.txt~5906.up-e948752d6a32.txt
cfa4043ac971	7	1243576,1423576,1432576,1435276,1472653,1762543,2357146,2435716,2456731,2467351,2467531,2541763,2546731,2571436,2651473,2714356,3245671,3246751,3254671,3257146,3524671,3527146,3571246,3571426,4176253,4235716,4325716,4352716,4357126,4567321,4673251,4673521,4675321,4726513,5147263,5246731,5271436,5324671,5417623,5467321,5673241,5712436,5714236,5714326,6254173,6514723,6732451,6732541,6735241,6753241,7124356,7142356,7143256,7143526,7265143,7324561,7325461,7352461,7532461,7625413	1234567,1245637,1246735,1324675,1435672,1436572,1463572,1467325,1643572,1673245,2146735,2345617,2416735,2456317,2467135,2467315,3124567,3124675,3214675,3241675,3246715,3456127,3567142,3571462,3571642,3657142,4167325,4356712,4357162,4365712,4561237,4563127,4635712,4671325,4673125,4673215,5612347,5631247,5671432,5714362,5714632,5716432,6123457,6312457,6357142,6435712,6571432,6713245,6714352,6731245,6732145,6732415,7132465,7143562,7143652,7146352,7164352,7312465,7321465,7324165			1	-	5906.lswap-821102adfff8.txt~5906.up-e948752d6a32.txt
642f48479b2a	7	1234567,1245637,1357462,1374562,1374652,1435672,1436572,1463572,1537462,1643572,2345617,2456317,3124567,3456127,3567142,3571462,3571642,3574612,3657142,3745612,3746152,3746512,4356712,4357162,4365712,4561237,4561372,4563127,4613572,4615372,4635712,4651372,5137462,5374612,5612347,5613742,5631247,5671432,5714362,5714632,5716432,5746132,6123457,6135742,6137452,6153742,6312457,6357142,6435712,6513742,6571432,6714352,7143562,7143652,7146352,7164352,7456132,7461352,7461532,7465132	1237465,1243576,1327465,1374265,1374625,1423576,1432576,1435276,1472653,1762543,2137465,2357146,2374615,2435716,2541763,2571436,2613745,2651473,2714356,2746135,3257146,3274615,3527146,3571246,3571426,3742615,3746125,3746215,4176253,4235716,4261375,4325716,4352716,4357126,4612375,4613275,4621375,4726513,5147263,5271436,5417623,5712436,5714236,5714326,6123745,6132745,6137425,6213745,6254173,6514723,7124356,7142356,7143256,7143526,7265143,7426135,7461235,7461325,7462135,7625413			1	-	5906.lswap-821102adfff8.txt~5906.up-eebb02e3baec.txt
08228ec67eb6	7	1237465,1243576,1327465,1374265,1374625,1423576,1432576,1435276,1472653,1762543,2137465,2357146,2374615,2435716,2541763,2571436,2613745,2651473,2714356,2746135,3257146,3274615,3527146,3571246,3571426,3742615,3746125,3746215,4176253,4235716,4261375,4325716,4352716,4357126,4612375,4613275,4621375,4726513,5147263,5271436,5417623,5712436,5714236,5714326,6123745,6132745,6137425,6213745,6254173,6514723,7124356,7142356,7143256,7143526,7265143,7426135,7461235,7461325,7462135,7625413	1234567,1245637,1357462,1374562,1374652,1435672,1436572,1463572,1537462,1643572,2345617,2456317,3124567,3456127,3567142,3571462,3571642,3574612,3657142,3745612,3746152,3746512,4356712,4357162,4365712,4561237,4561372,4563127,4613572,4615372,4635712,4651372,5137462,5374612,5612347,5613742,5631247,5671432,5714362,5714632,5716432,5746132,6123457,6135742,6137452,6153742,6312457,6357142,6435712,6513742,6571432,6714352,7143562,7143652,7146352,7164352,7456132,7461352,7461532,7465132			1	-	5906.lswap-821102adfff8.txt~5906.up-eebb02e3baec.txt
5c5648cddbd6	7	1243576,1246735,1324675,1357462,1374562,1374652,1423576,1432576,1435276,1467325,1472653,1537462,1574632,1673245,1745632,1746532,1754632,1762543,2146735,2357146,2416735,2435716,2467135,2467315,2541763,2571436,2651473,2714356,3124675,3157462,3174562,3174652,3175462,3214675,3241675,3246715,3257146,3527146,3571246,3571426,3574612,3745612,3746152,3746512,4167325,4176253,4235716,4325716,4352716,4357126,4561372,4563172,4613572,4615372,4631572,4631752,4651372,4653172,4671325,4673125,4673215,4726513,5137462,5147263,5271436,5317462,5374612,5417623,5463172,5613742,5631742,5712436,5714236,5714326,5746132,5746312,6135742,6137452,6153742,6254173,6315742,6317452,6317542,6513742,6514723,6531742,6713245,6731245,6732145,6732415,7124356,7132465,7142356,7143256,7143526,7265143,7312465,7321465,7324165,7456132,7456312,7461352,7461532,7463152,7465132,7465312,7546312,7625413	1234567,1237465,1245637,1274635,1327465,1374265,1374625,1435672,1436572,1463572,1643572,1724635,1742635,1746235,2137465,2317465,2345617,2374615,2456317,2456731,2463175,2467351,2467531,2546731,2613745,2631745,2746135,2746315,3124567,3127465,3172465,3174265,3174625,3245671,3246751,3254671,3274615,3456127,3524671,3567142,3571462,3571642,3657142,3742615,3746125,3746215,4261375,4263175,4356712,4357162,4365712,4561237,4563127,4567321,4612375,4613275,4621375,4623175,4631275,4631725,4635712,4673251,4673521,4675321,5246731,5324671,5467321,5612347,5631247,5671432,5673241,5714362,5714632,5716432,6123457,6123745,6132745,6137425,6213745,6231745,6312457,6312745,6317245,6317425,6357142,6435712,6571432,6714352,6732451,6732541,6735241,6753241,7143562,7143652,7146352,7164352,7246315,7324561,7325461,7352461,7426135,7426315,7461235,7461325,7462135,7462315,7463125,7532461			1	-	5906.lswap-17203113788c.txt~5906.lswap-73851215f718.txt
c04133834105	7	1234567,1237465,1245637,1274635,1327465,1374265,1374625,1435672,1436572,1463572,1643572,1724635,1742635,1746235,2137465,2317465,2345617,2374615,2456317,2456731,2463175,2467351,2467531,2546731,2613745,2631745,2746135,2746315,3124567,3127465,3172465,3174265,3174625,3245671,3246751,3254671,3274615,3456127,3524671,3567142,3571462,3571642,3657142,3742615,3746125,3746215,4261375,4263175,4356712,4357162,4365712,4561237,4563127,4567321,4612375,4613275,4621375,4623175,4631275,4631725,4635712,4673251,4673521,4675321,5246731,5324671,5467321,5612347,5631247,5671432,5673241,5714362,5714632,5716432,6123457,6123745,6132745,6137425,6213745,6231745,6312457,6312745,6317245,6317425,6357142,6435712,6571432,6714352,6732451,6732541,6735241,6753241,7143562,7143652,7146352,7164352,7246315,7324561,7325461,7352461,7426135,7426315,7461235,7461325,7462135,7462315,7463125,7532461	1243576,1246735,1324675,1357462,1374562,1374652,1423576,1432576,1435276,1467325,1472653,1537462,1574632,1673245,1745632,1746532,1754632,1762543,2146735,2357146,2416735,2435716,2467135,2467315,2541763,2571436,2651473,2714356,3124675,3157462,3174562,3174652,3175462,3214675,3241675,3246715,3257146,3527146,3571246,3571426,3574612,3745612,3746152,3746512,4167325,4176253,4235716,4325716,4352716,4357126,4561372,4563172,4613572,4615372,4631572,4631752,4651372,4653172,4671325,4673125,4673215,4726513,5137462,5147263,5271436,5317462,5374612,5417623,5463172,5613742,5631742,5712436,5714236,5714326,5746132,5746312,6135742,6137452,6153742,6254173,6315742,6317452,6317542,6513742,6514723,6531742,6713245,6731245,6732145,6732415,7124356,7132465,7142356,7143256,7143526,7265143,7312465,7321465,7324165,7456132,7456312,7461352,7461532,7463152,7465132,7465312,7546312,7625413			1	-	5906.lswap-17203113788c.txt~5906.lswap-73851215f718.txt
c570f33b6777	7	1234567,1237465,1237645,1245637,1246735,1256374,1257346,1263754,1264735,1265374,1273456,1273546,1274635,1427635,1452376,1524376,1527364,1542376,1562734,1623475,1652734,1724635,1742635,1746235,2317465,2345617,2347165,2371456,2371546,2374615,2376415,2437156,2456317,2463175,2467315,2563714,2573416,2631745,2637514,2647315,2653714,2731564,2731654,2734516,2735416,2736154,2746315,2763145,3124567,3124675,3126475,3127465,3142765,3156274,3165274,3172465,3174265,3174625,3412576,3451276,3456127,3471625,3541276,3615274,3712564,3712654,3714526,3715246,3715426,3746125,3751264,3764125,4123765,4125736,4127356,4237156,4263175,4276315,4371526,4512736,4523716,4561237,4563127,4612375,4623175,4631275,4631725,4673125,4716235,4731265,5126374,5127346,5237146,5243716,5273164,5273614,5371264,5412736,5423716,5612347,5627314,5631247,5637124,5734126,6123457,6123745,6152734,6231745,6234715,6273154,6312457,6312745,6314275,6317245,6317425,6371254,6375124,6412375,6473125,6527314,6537124,6731245,7125634,7126534,7145236,7152436,7154236,7162345,7246315,7312465,7312645,7315624,7316524,7341256,7345126,7354126,7361524,7426315,7461235,7462315,7463125,7512634,7631425,7641235	1235764,1237456,1237546,1246375,1247536,1253746,1256734,1264375,1265734,1267354,1273465,1273645,1426375,1452736,1472653,1542736,1562374,1574632,1627345,1652374,1745632,1746532,1754632,1762543,2357614,2371564,2371654,2374516,2375416,2463715,2475316,2537416,2541763,2567314,2637145,2643715,2651473,2657314,2673514,2731456,2731546,2734165,2734615,2736415,3124756,3125674,3126574,3145276,3154276,3157462,3174562,3174652,3175462,3416275,3461275,3512674,3576124,3641275,3712465,3712645,3714265,3715624,3716524,3741256,3745126,3754126,4123756,4125376,4127365,4162735,4176253,4263715,4273156,4371265,4512376,4527316,4563172,4612735,4631572,4631752,4637125,4653172,4726513,4753126,5123746,5126734,5147263,5237164,5273146,5312476,5317462,5374126,5412376,5417623,5427316,5463172,5623714,5631742,5673124,5731264,5746312,5761234,6123574,6127345,6237154,6254173,6273415,6315742,6317452,6317542,6371245,6371425,6412735,6437125,6514723,6523714,6531742,6573124,6731254,6735124,7124635,7126435,7142635,7156234,7165234,7265143,7312564,7312654,7314526,7315426,7341625,7346125,7351264,7364125,7412536,7451236,7456312,7463152,7465312,7531246,7541236,7546312,7612354,7625413			1	-	5906.lswap-1e70957354f1.txt~5906.lswap-25804d565b10.txt
e05f876a6f8d	7	1235764,1237456,1237546,1246375,1247536,1253746,1256734,1264375,1265734,1267354,1273465,1273645,1426375,1452736,1472653,1542736,1562374,1574632,1627345,1652374,1745632,1746532,1754632,1762543,2357614,2371564,2371654,2374516,2375416,2463715,2475316,2537416,2541763,2567314,2637145,2643715,2651473,2657314,2673514,2731456,2731546,2734165,2734615,2736415,3124756,3125674,3126574,3145276,3154276,3157462,3174562,3174652,3175462,3416275,3461275,3512674,3576124,3641275,3712465,3712645,3714265,3715624,3716524,3741256,3745126,3754126,4123756,4125376,4127365,4162735,4176253,4263715,4273156,4371265,4512376,4527316,4563172,4612735,4631572,4631752,4637125,4653172,4726513,4753126,5123746,5126734,5147263,5237164,5273146,5312476,5317462,5374126,5412376,5417623,5427316,5463172,5623714,5631742,5673124,5731264,5746312,5761234,6123574,6127345,6237154,6254173,6273415,6315742,6317452,6317542,6371245,6371425,6412735,6437125,6514723,6523714,6531742,6573124,6731254,6735124,7124635,7126435,7142635,7156234,7165234,7265143,7312564,7312654,7314526,7315426,7341625,7346125,7351264,7364125,7412536,7451236,7456312,7463152,7465312,7531246,7541236,7546312,7612354,7625413	1234567,1237465,1237645,1245637,1246735,1256374,1257346,1263754,1264735,1265374,1273456,1273546,1274635,1427635,1452376,1524376,1527364,1542376,1562734,1623475,1652734,1724635,1742635,1746235,2317465,2345617,2347165,2371456,2371546,2374615,2376415,2437156,2456317,2463175,2467315,2563714,2573416,2631745,2637514,2647315,2653714,2731564,2731654,2734516,2735416,2736154,2746315,2763145,3124567,3124675,3126475,3127465,3142765,3156274,3165274,3172465,3174265,3174625,3412576,3451276,3456127,3471625,3541276,3615274,3712564,3712654,3714526,3715246,3715426,3746125,3751264,3764125,4123765,4125736,4127356,4237156,4263175,4276315,4371526,4512736,4523716,4561237,4563127,4612375,4623175,4631275,4631725,4673125,4716235,4731265,5126374,5127346,5237146,5243716,5273164,5273614,5371264,5412736,5423716,5612347,5627314,5631247,5637124,5734126,6123457,6123745,6152734,6231745,6234715,6273154,6312457,6312745,6314275,6317245,6317425,6371254,6375124,6412375,6473125,6527314,6537124,6731245,7125634,7126534,7145236,7152436,7154236,7162345,7246315,7312465,7312645,7315624,7316524,7341256,7345126,7354126,7361524,7426315,7461235,7462315,7463125,7512634,7631425,7641235			1	-	5906.lswap-1e70957354f1.txt~5906.lswap-25804d565b10.txt
e03995ff4434	7	1234567,1237465,1237645,1245637,1246735,1256374,1257346,1263754,1264735,1265374,1273456,1273546,1274635,1427635,1435672,1436572,1452376,1463572,1524376,1527364,1542376,1562734,1623475,1643572,1652734,1724635,1742635,1746235,2317465,2345617,2347165,2371456,2371546,2374615,2376415,2437156,2456317,2463175,2467315,2563714,2573416,2631745,2637514,2647315,2653714,2731564,2731654,2734516,2735416,2736154,2746315,2763145,3124567,3124675,3126475,3127465,3142765,3156274,3165274,3172465,3174265,3174625,3412576,3451276,3456127,3471625,3541276,3567142,3571462,3571642,3615274,3657142,3712564,3712654,3714526,3715246,3715426,3746125,3751264,3764125,4123765,4125736,4127356,4237156,4263175,4276315,4356712,4357162,4365712,4371526,4512736,4523716,4561237,4563127,4612375,4623175,4631275,4631725,4635712,4673125,4716235,4731265,5126374,5127346,5237146,5243716,5273164,5273614,5371264,5412736,5423716,5612347,5627314,5631247,5637124,5671432,5714362,5714632,5716432,5734126,6123457,6123745,6152734,6231745,6234715,6273154,6312457,6312745,6314275,6317245,6317425,6357142,6371254,6375124,6412375,6435712,6473125,6527314,6537124,6571432,6714352,6731245,7125634,7126534,7143562,7143652,7145236,7146352,7152436,7154236,7162345,7164352,7246315,7312465,7312645,7315624,7316524,7341256,7345126,7354126,7361524,7426315,7461235,7462315,7463125,7512634,7631425,7641235	1235764,1237456,1237546,1243576,1246375,1247536,1253746,1256734,1264375,1265734,1267354,1273465,1273645,1423576,1426375,1432576,1435276,1452736,1472653,1542736,1562374,1574632,1627345,1652374,1745632,1746532,1754632,1762543,2357146,2357614,2371564,2371654,2374516,2375416,2435716,2463715,2475316,2537416,2541763,2567314,2571436,2637145,2643715,2651473,2657314,2673514,2714356,2731456,2731546,2734165,2734615,2736415,3124756,3125674,3126574,3145276,3154276,3157462,3174562,3174652,3175462,3257146,3416275,3461275,3512674,3527146,3571246,3571426,3576124,3641275,3712465,3712645,3714265,3715624,3716524,3741256,3745126,3754126,4123756,4125376,4127365,4162735,4176253,4235716,4263715,4273156,4325716,4352716,4357126,4371265,4512376,4527316,4563172,4612735,4631572,4631752,4637125,4653172,4726513,4753126,5123746,5126734,5147263,5237164,5271436,5273146,5312476,5317462,5374126,5412376,5417623,5427316,5463172,5623714,5631742,5673124,5712436,5714236,5714326,5731264,5746312,5761234,6123574,6127345,6237154,6254173,6273415,6315742,6317452,6317542,6371245,6371425,6412735,6437125,6514723,6523714,6531742,6573124,6731254,6735124,7124356,7124635,7126435,7142356,7142635,7143256,7143526,7156234,7165234,7265143,7312564,7312654,7314526,7315426,7341625,7346125,7351264,7364125,7412536,7451236,7456312,7463152,7465312,7531246,7541236,7546312,7612354,7625413			1	-	5906.lswap-1e70957354f1.txt~5906.lswap-52f45c5e8e22.txt
0f1e40b2bfba	7	1235764,1237456,1237546,1243576,1246375,1247536,1253746,1256734,1264375,1265734,1267354,1273465,1273645,1423576,1426375,1432576,1435276,1452736,1472653,1542736,1562374,1574632,1627345,1652374,1745632,1746532,1754632,1762543,2357146,2357614,2371564,2371654,2374516,2375416,2435716,2463715,2475316,2537416,2541763,2567314,2571436,2637145,2643715,2651473,2657314,2673514,2714356,2731456,2731546,2734165,2734615,2736415,3124756,3125674,3126574,3145276,3154276,3157462,3174562,3174652,3175462,3257146,3416275,3461275,3512674,3527146,3571246,3571426,3576124,3641275,3712465,3712645,3714265,3715624,3716524,3741256,3745126,3754126,4123756,4125376,4127365,4162735,4176253,4235716,4263715,4273156,4325716,4352716,4357126,4371265,4512376,4527316,4563172,4612735,4631572,4631752,4637125,4653172,4726513,4753126,5123746,5126734,5147263,5237164,5271436,5273146,5312476,5317462,5374126,5412376,5417623,5427316,5463172,5623714,5631742,5673124,5712436,5714236,5714326,5731264,5746312,5761234,6123574,6127345,6237154,6254173,6273415,6315742,6317452,6317542,6371245,6371425,6412735,6437125,6514723,6523714,6531742,6573124,6731254,6735124,7124356,7124635,7126435,7142356,7142635,7143256,7143526,7156234,7165234,7265143,7312564,7312654,7314526,7315426,7341625,7346125,7351264,7364125,7412536,7451236,7456312,7463152,7465312,7531246,7541236,7546312,7612354,7625413	1234567,1237465,1237645,1245637,1246735,1256374,1257346,1263754,1264735,1265374,1273456,1273546,1274635,1427635,1435672,1436572,1452376,1463572,1524376,1527364,1542376,1562734,1623475,1643572,1652734,1724635,1742635,1746235,2317465,2345617,2347165,2371456,2371546,2374615,2376415,2437156,2456317,2463175,2467315,2563714,2573416,2631745,2637514,2647315,2653714,2731564,2731654,2734516,2735416,2736154,2746315,2763145,3124567,3124675,3126475,3127465,3142765,3156274,3165274,3172465,3174265,3174625,3412576,3451276,3456127,3471625,3541276,3567142,3571462,3571642,3615274,3657142,3712564,3712654,3714526,3715246,3715426,3746125,3751264,3764125,4123765,4125736,4127356,4237156,4263175,4276315,4356712,4357162,4365712,4371526,4512736,4523716,4561237,4563127,4612375,4623175,4631275,4631725,4635712,4673125,4716235,4731265,5126374,5127346,5237146,5243716,5273164,5273614,5371264,5412736,5423716,5612347,5627314,5631247,5637124,5671432,5714362,5714632,5716432,5734126,6123457,6123745,6152734,6231745,6234715,6273154,6312457,6312745,6314275,6317245,6317425,6357142,6371254,6375124,6412375,6435712,6473125,6527314,6537124,6571432,6714352,6731245,7125634,7126534,7143562,7143652,7145236,7146352,7152436,7154236,7162345,7164352,7246315,7312465,7312645,7315624,7316524,7341256,7345126,7354126,7361524,7426315,7461235,7462315,7463125,7512634,7631425,7641235			1	-	5906.lswap-1e70957354f1.txt~5906.lswap-52f45c5e8e22.txt
e77bc6cdc11d	7	1234567,1237465,1237645,1243765,1245637,1246735,1256374,1257346,1263754,1264735,1265374,1273456,1273546,1423765,1427635,1437265,1437625,1452376,1524376,1527364,1542376,1562734,1623475,1652734,2143765,2345617,2347165,2371456,2371546,2374615,2376145,2376415,2437156,2437615,2456317,2467315,2563714,2573416,2614375,2637514,2647315,2653714,2731564,2731654,2734516,2735416,2736154,2763145,3124567,3124675,3126475,3142765,3156274,3165274,3412576,3451276,3456127,3471625,3541276,3615274,3712564,3712654,3714526,3715246,3715426,3726145,3746125,3751264,3761245,3761425,3762145,3764125,4123765,4125736,4127356,4237156,4237615,4276315,4371526,4372615,4376125,4376215,4512736,4523716,4561237,4563127,4612375,4673125,4716235,4731265,5126374,5127346,5237146,5243716,5273164,5273614,5371264,5412736,5423716,5612347,5627314,5631247,5637124,5734126,6123457,6123745,6124375,6142375,6143725,6152734,6214375,6234715,6273154,6312457,6314275,6371254,6375124,6412375,6473125,6527314,6537124,6731245,7125634,7126534,7145236,7152436,7154236,7162345,7261435,7312465,7312645,7315624,7316524,7341256,7345126,7354126,7361524,7461235,7512634,7612435,7614235,7621435,7631425,7641235	1235764,1237456,1237546,1246375,1247536,1253746,1256734,1264375,1265734,1267354,1273465,1273645,1426375,1437562,1437652,1452736,1453762,1472653,1542736,1543762,1562374,1627345,1652374,1762543,2357614,2371564,2371654,2374516,2375416,2463715,2475316,2537416,2541763,2567314,2637145,2643715,2651473,2657314,2673514,2731456,2731546,2734165,2734615,2736415,3124756,3125674,3126574,3145276,3154276,3416275,3461275,3512674,3576124,3641275,3712465,3712645,3714265,3715624,3716524,3741256,3745126,3754126,3756142,3761452,3761542,3765142,4123756,4125376,4127365,4162735,4176253,4263715,4273156,4371265,4375612,4376152,4376512,4512376,4527316,4537612,4612735,4637125,4726513,4753126,5123746,5126734,5143762,5147263,5237164,5273146,5312476,5374126,5376142,5412376,5417623,5427316,5437612,5614372,5623714,5673124,5731264,5761234,6123574,6127345,6143752,6145372,6154372,6237154,6254173,6273415,6371245,6371425,6412735,6437125,6514372,6514723,6523714,6573124,6731254,6735124,7124635,7126435,7142635,7156234,7165234,7265143,7312564,7312654,7314526,7315426,7341625,7346125,7351264,7364125,7412536,7451236,7531246,7541236,7561432,7612354,7614532,7615432,7625413,7651432			1	-	5906.lswap-1e70957354f1.txt~5906.lswap-5dbb54e50268.txt
d4cb09a1314f	7	1235764,1237456,1237546,1246375,1247536,1253746,1256734,1264375,1265734,1267354,1273465,1273645,1426375,1437562,1437652,1452736,1453762,1472653,1542736,1543762,1562374,1627345,1652374,1762543,2357614,2371564,2371654,2374516,2375416,2463715,2475316,2537416,2541763,2567314,2637145,2643715,2651473,2657314,2673514,2731456,2731546,2734165,2734615,2736415,3124756,3125674,3126574,3145276,3154276,3416275,3461275,3512674,3576124,3641275,3712465,3712645,3714265,3715624,3716524,3741256,3745126,3754126,3756142,3761452,3761542,3765142,4123756,4125376,4127365,4162735,4176253,4263715,4273156,4371265,4375612,4376152,4376512,4512376,4527316,4537612,4612735,4637125,4726513,4753126,5123746,5126734,5143762,5147263,5237164,5273146,5312476,5374126,5376142,5412376,5417623,5427316,5437612,5614372,5623714,5673124,5731264,5761234,6123574,6127345,6143752,6145372,6154372,6237154,6254173,6273415,6371245,6371425,6412735,6437125,6514372,6514723,6523714,6573124,6731254,6735124,7124635,7126435,7142635,7156234,7165234,7265143,7312564,7312654,7314526,7315426,7341625,7346125,7351264,7364125,7412536,7451236,7531246,7541236,7561432,7612354,7614532,7615432,7625413,7651432	1234567,1237465,1237645,1243765,1245637,1246735,1256374,1257346,1263754,1264735,1265374,1273456,1273546,1423765,1427635,1437265,1437625,1452376,1524376,1527364,1542376,1562734,1623475,1652734,2143765,2345617,2347165,2371456,2371546,2374615,2376145,2376415,2437156,2437615,2456317,2467315,2563714,2573416,2614375,2637514,2647315,2653714,2731564,2731654,2734516,2735416,2736154,2763145,3124567,3124675,3126475,3142765,3156274,3165274,3412576,3451276,3456127,3471625,3541276,3615274,3712564,3712654,3714526,3715246,3715426,3726145,3746125,3751264,3761245,3761425,3762145,3764125,4123765,4125736,4127356,4237156,4237615,4276315,4371526,4372615,4376125,4376215,4512736,4523716,4561237,4563127,4612375,4673125,4716235,4731265,5126374,5127346,5237146,5243716,5273164,5273614,5371264,5412736,5423716,5612347,5627314,5631247,5637124,5734126,6123457,6123745,6124375,6142375,6143725,6152734,6214375,6234715,6273154,6312457,6314275,6371254,6375124,6412375,6473125,6527314,6537124,6731245,7125634,7126534,7145236,7152436,7154236,7162345,7261435,7312465,7312645,7315624,7316524,7341256,7345126,7354126,7361524,7461235,7512634,7612435,7614235,7621435,7631425,7641235			1	-	5906.lswap-1e70957354f1.txt~5906.lswap-5dbb54e50268.txt
518f9139e0cb	7	1234567,1237465,1245637,1246735,1274635,1324675,1327465,1374265,1374625,1435672,1436572,1463572,1467325,1643572,1673245,1724635,1742635,1746235,2137465,2146735,2317465,2345617,2374615,2416735,2456317,2463175,2467135,2467315,2613745,2631745,2746135,2746315,3124567,3124675,3127465,3172465,3174265,3174625,3214675,3241675,3246715,3274615,3456127,3567142,3571462,3571642,3657142,3742615,3746125,3746215,4167325,4261375,4263175,4356712,4357162,4365712,4561237,4563127,4612375,4613275,4621375,4623175,4631275,4631725,4635712,4671325,4673125,4673215,5612347,5631247,5671432,5714362,5714632,5716432,6123457,6123745,6132745,6137425,6213745,6231745,6312457,6312745,6317245,6317425,6357142,6435712,6571432,6713245,6714352,6731245,6732145,6732415,7132465,7143562,7143652,7146352,7164352,7246315,7312465,7321465,7324165,7426135,7426315,7461235,7461325,7462135,7462315,7463125	1243576,1357462,1374562,1374652,1423576,1432576,1435276,1472653,1537462,1574632,1745632,1746532,1754632,1762543,2357146,2435716,2456731,2467351,2467531,2541763,2546731,2571436,2651473,2714356,3157462,3174562,3174652,3175462,3245671,3246751,3254671,3257146,3524671,3527146,3571246,3571426,3574612,3745612,3746152,3746512,4176253,4235716,4325716,4352716,4357126,4561372,4563172,4567321,4613572,4615372,4631572,4631752,4651372,4653172,4673251,4673521,4675321,4726513,5137462,5147263,5246731,5271436,5317462,5324671,5374612,5417623,5463172,5467321,5613742,5631742,5673241,5712436,5714236,5714326,5746132,5746312,6135742,6137452,6153742,6254173,6315742,6317452,6317542,6513742,6514723,6531742,6732451,6732541,6735241,6753241,7124356,7142356,7143256,7143526,7265143,7324561,7325461,7352461,7456132,7456312,7461352,7461532,7463152,7465132,7465312,7532461,7546312,7625413			1	-	5906.lswap-1e70957354f1.txt~5906.lswap-6bd82af50a4e.txt
1440a8e1a807	7	1243576,1357462,1374562,1374652,1423576,1432576,1435276,1472653,1537462,1574632,1745632,1746532,1754632,1762543,2357146,2435716,2456731,2467351,2467531,2541763,2546731,2571436,2651473,2714356,3157462,3174562,3174652,3175462,3245671,3246751,3254671,3257146,3524671,3527146,3571246,3571426,3574612,3745612,3746152,3746512,4176253,4235716,4325716,4352716,4357126,4561372,4563172,4567321,4613572,4615372,4631572,4631752,4651372,4653172,4673251,4673521,4675321,4726513,5137462,5147263,5246731,5271436,5317462,5324671,5374612,5417623,5463172,5467321,5613742,5631742,5673241,5712436,5714236,5714326,5746132,5746312,6135742,6137452,6153742,6254173,6315742,6317452,6317542,6513742,6514723,6531742,6732451,6732541,6735241,6753241,7124356,7142356,7143256,7143526,7265143,7324561,7325461,7352461,7456132,7456312,7461352,7461532,7463152,7465132,7465312,7532461,7546312,7625413	1234567,1237465,1245637,1246735,1274635,1324675,1327465,1374265,1374625,1435672,1436572,1463572,1467325,1643572,1673245,1724635,1742635,1746235,2137465,2146735,2317465,2345617,2374615,2416735,2456317,2463175,2467135,2467315,2613745,2631745,2746135,2746315,3124567,3124675,3127465,3172465,3174265,3174625,3214675,3241675,3246715,3274615,3456127,3567142,3571462,3571642,3657142,3742615,3746125,3746215,4167325,4261375,4263175,4356712,4357162,4365712,4561237,4563127,4612375,4613275,4621375,4623175,4631275,4631725,4635712,4671325,4673125,4673215,5612347,5631247,5671432,5714362,5714632,5716432,6123457,6123745,6132745,6137425,6213745,6231745,6312457,6312745,6317245,6317425,6357142,6435712,6571432,6713245,6714352,6731245,6732145,6732415,7132465,7143562,7143652,7146352,7164352,7246315,7312465,7321465,7324165,7426135,7426315,7461235,7461325,7462135,7462315,7463125			1	-	5906.lswap-1e70957354f1.txt~5906.lswap-6bd82af50a4e.txt
e274eb8a1d46	7	1234567,1237465,1237645,1243765,1245637,1246735,1256374,1257346,1263754,1264735,1265374,1273456,1273546,1274635,1423765,1427635,1435672,1436572,1437265,1437625,1452376,1463572,1524376,1527364,1542376,1562734,1623475,1643572,1652734,1724635,1742635,1746235,2143765,2317465,2345617,2347165,2371456,2371546,2374615,2376145,2376415,2437156,2437615,2456317,2463175,2467315,2563714,2573416,2614375,2631745,2637514,2647315,2653714,2731564,2731654,2734516,2735416,2736154,2746315,2763145,3124567,3124675,3126475,3127465,3142765,3156274,3165274,3172465,3174265,3174625,3412576,3451276,3456127,3471625,3541276,3567142,3571462,3571642,3615274,3657142,3712564,3712654,3714526,3715246,3715426,3726145,3746125,3751264,3761245,3761425,3762145,3764125,4123765,4125736,4127356,4237156,4237615,4263175,4276315,4356712,4357162,4365712,4371526,4372615,4376125,4376215,4512736,4523716,4561237,4563127,4612375,4623175,4631275,4631725,4635712,4673125,4716235,4731265,5126374,5127346,5237146,5243716,5273164,5273614,5371264,5412736,5423716,5612347,5627314,5631247,5637124,5671432,5714362,5714632,5716432,5734126,6123457,6123745,6124375,6142375,6143725,6152734,6214375,6231745,6234715,6273154,6312457,6312745,6314275,6317245,6317425,6357142,6371254,6375124,6412375,6435712,6473125,6527314,6537124,6571432,6714352,6731245,7125634,7126534,7143562,7143652,7145236,7146352,7152436,7154236,7162345,7164352,7246315,7261435,7312465,7312645,7315624,7316524,7341256,7345126,7354126,7361524,7426315,7461235,7462315,7463125,7512634,7612435,7614235,7621435,7631425,7641235	1235764,1237456,1237546,1243576,1246375,1247536,1253746,1256734,1264375,1265734,1267354,1273465,1273645,1423576,1426375,1432576,1435276,1437562,1437652,1452736,1453762,1472653,1542736,1543762,1562374,1574632,1627345,1652374,1745632,1746532,1754632,1762543,2357146,2357614,2371564,2371654,2374516,2375416,2435716,2463715,2475316,2537416,2541763,2567314,2571436,2637145,2643715,2651473,2657314,2673514,2714356,2731456,2731546,2734165,2734615,2736415,3124756,3125674,3126574,3145276,3154276,3157462,3174562,3174652,3175462,3257146,3416275,3461275,3512674,3527146,3571246,3571426,3576124,3641275,3712465,3712645,3714265,3715624,3716524,3741256,3745126,3754126,3756142,3761452,3761542,3765142,4123756,4125376,4127365,4162735,4176253,4235716,4263715,4273156,4325716,4352716,4357126,4371265,4375612,4376152,4376512,4512376,4527316,4537612,4563172,4612735,4631572,4631752,4637125,4653172,4726513,4753126,5123746,5126734,5143762,5147263,5237164,5271436,5273146,5312476,5317462,5374126,5376142,5412376,5417623,5427316,5437612,5463172,5614372,5623714,5631742,5673124,5712436,5714236,5714326,5731264,5746312,5761234,6123574,6127345,6143752,6145372,6154372,6237154,6254173,6273415,6315742,6317452,6317542,6371245,6371425,6412735,6437125,6514372,6514723,6523714,6531742,6573124,6731254,6735124,7124356,7124635,7126435,7142356,7142635,7143256,7143526,7156234,7165234,7265143,7312564,7312654,7314526,7315426,7341625,7346125,7351264,7364125,7412536,7451236,7456312,7463152,7465312,7531246,7541236,7546312,7561432,7612354,7614532,7615432,7625413,7651432			1	-	5906.lswap-1e70957354f1.txt~5906.lswap-af54b6f406a6.txt
d04f36d11055	7	1235764,1237456,1237546,1243576,1246375,1247536,1253746,1256734,1264375,1265734,1267354,1273465,1273645,1423576,1426375,1432576,1435276,1437562,1437652,1452736,1453762,1472653,1542736,1543762,1562374,1574632,1627345,1652374,1745632,1746532,1754632,1762543,2357146,2357614,2371564,2371654,2374516,2375416,2435716,2463715,2475316,2537416,2541763,2567314,2571436,2637145,2643715,2651473,2657314,2673514,2714356,2731456,2731546,2734165,2734615,2736415,3124756,3125674,3126574,3145276,3154276,3157462,3174562,3174652,3175462,3257146,3416275,3461275,3512674,3527146,3571246,3571426,3576124,3641275,3712465,3712645,3714265,3715624,3716524,3741256,3745126,3754126,3756142,3761452,3761542,3765142,4123756,4125376,4127365,4162735,4176253,4235716,4263715,4273156,4325716,4352716,4357126,4371265,4375612,4376152,4376512,4512376,4527316,4537612,4563172,4612735,4631572,4631752,4637125,4653172,4726513,4753126,5123746,5126734,5143762,5147263,5237164,5271436,5273146,5312476,5317462,5374126,5376142,5412376,5417623,5427316,5437612,5463172,5614372,5623714,5631742,5673124,5712436,5714236,5714326,5731264,5746312,5761234,6123574,6127345,6143752,6145372,6154372,6237154,6254173,6273415,6315742,6317452,6317542,6371245,6371425,6412735,6437125,6514372,6514723,6523714,6531742,6573124,6731254,6735124,7124356,7124635,7126435,7142356,7142635,7143256,7143526,7156234,7165234,7265143,7312564,7312654,7314526,7315426,7341625,7346125,7351264,7364125,7412536,7451236,7456312,7463152,7465312,7531246,7541236,7546312,7561432,7612354,7614532,7615432,7625413,7651432	1234567,1237465,1237645,1243765,1245637,1246735,1256374,1257346,1263754,1264735,1265374,1273456,1273546,1274635,1423765,1427635,1435672,1436572,1437265,1437625,1452376,1463572,1524376,1527364,1542376,1562734,1623475,1643572,1652734,1724635,1742635,1746235,2143765,2317465,2345617,2347165,2371456,2371546,2374615,2376145,2376415,2437156,2437615,2456317,2463175,2467315,2563714,2573416,2614375,2631745,2637514,2647315,2653714,2731564,2731654,2734516,2735416,2736154,2746315,2763145,3124567,3124675,3126475,3127465,3142765,3156274,3165274,3172465,3174265,3174625,3412576,3451276,3456127,3471625,3541276,3567142,3571462,3571642,3615274,3657142,3712564,3712654,3714526,3715246,3715426,3726145,3746125,3751264,3761245,3761425,3762145,3764125,4123765,4125736,4127356,4237156,4237615,4263175,4276315,4356712,4357162,4365712,4371526,4372615,4376125,4376215,4512736,4523716,4561237,4563127,4612375,4623175,4631275,4631725,4635712,4673125,4716235,4731265,5126374,5127346,5237146,5243716,5273164,5273614,5371264,5412736,5423716,5612347,5627314,5631247,5637124,5671432,5714362,5714632,5716432,5734126,6123457,6123745,6124375,6142375,6143725,6152734,6214375,6231745,6234715,6273154,6312457,6312745,6314275,6317245,6317425,6357142,6371254,6375124,6412375,6435712,6473125,6527314,6537124,6571432,6714352,6731245,7125634,7126534,7143562,7143652,7145236,7146352,7152436,7154236,7162345,7164352,7246315,7261435,7312465,7312645,7315624,7316524,7341256,7345126,7354126,7361524,7426315,7461235,7462315,7463125,7512634,7612435,7614235,7621435,7631425,7641235			1	-	5906.lswap-1e70957354f1.txt~5906.lswap-af54b6f406a6.txt
260bf1dba9d6	7	1234567,1237465,1245637,1246735,1274635,1324675,1327465,1374265,1374625,1467325,1673245,1724635,1742635,1746235,2137465,2146735,2317465,2345617,2374615,2416735,2456317,2463175,2467135,2467315,2613745,2631745,2746135,2746315,3124567,3124675,3127465,3172465,3174265,3174625,3214675,3241675,3246715,3274615,3456127,3742615,3746125,3746215,4167325,4261375,4263175,4561237,4563127,4612375,4613275,4621375,4623175,4631275,4631725,4671325,4673125,4673215,5612347,5631247,6123457,6123745,6132745,6137425,6213745,6231745,6312457,6312745,6317245,6317425,6713245,6731245,6732145,6732415,7132465,7246315,7312465,7321465,7324165,7426135,7426315,7461235,7461325,7462135,7462315,7463125	1357462,1374562,1374652,1472653,1537462,1574632,1745632,1746532,1754632,1762543,2456731,2467351,2467531,2541763,2546731,2651473,3157462,3174562,3174652,3175462,3245671,3246751,3254671,3524671,3574612,3745612,3746152,3746512,4176253,4561372,4563172,4567321,4613572,4615372,4631572,4631752,4651372,4653172,4673251,4673521,4675321,4726513,5137462,5147263,5246731,5317462,5324671,5374612,5417623,5463172,5467321,5613742,5631742,5673241,5746132,5746312,6135742,6137452,6153742,6254173,6315742,6317452,6317542,6513742,6514723,6531742,6732451,6732541,6735241,6753241,7265143,7324561,7325461,7352461,7456132,7456312,7461352,7461532,7463152,7465132,7465312,7532461,7546312,7625413			1	-	5906.lswap-1e70957354f1.txt~5906.lswap-b55f23a2f470.txt
89adfdaeb650	7	1357462,1374562,1374652,1472653,1537462,1574632,1745632,1746532,1754632,1762543,2456731,2467351,2467531,2541763,2546731,2651473,3157462,3174562,3174652,3175462,3245671,3246751,3254671,3524671,3574612,3745612,3746152,3746512,4176253,4561372,4563172,4567321,4613572,4615372,4631572,4631752,4651372,4653172,4673251,4673521,4675321,4726513,5137462,5147263,5246731,5317462,5324671,5374612,5417623,5463172,5467321,5613742,5631742,5673241,5746132,5746312,6135742,6137452,6153742,6254173,6315742,6317452,6317542,6513742,6514723,6531742,6732451,6732541,6735241,6753241,7265143,7324561,7325461,7352461,7456132,7456312,7461352,7461532,7463152,7465132,7465312,7532461,7546312,7625413	1234567,1237465,1245637,1246735,1274635,1324675,1327465,1374265,1374625,1467325,1673245,1724635,1742635,1746235,2137465,2146735,2317465,2345617,2374615,2416735,2456317,2463175,2467135,2467315,2613745,2631745,2746135,2746315,3124567,3124675,3127465,3172465,3174265,3174625,3214675,3241675,3246715,3274615,3456127,3742615,3746125,3746215,4167325,4261375,4263175,4561237,4563127,4612375,4613275,4621375,4623175,4631275,4631725,4671325,4673125,4673215,5612347,5631247,6123457,6123745,6132745,6137425,6213745,6231745,6312457,6312745,6317245,6317425,6713245,6731245,6732145,6732415,7132465,7246315,7312465,7321465,7324165,7426135,7426315,7461235,7461325,7462135,7462315,7463125			1	-	5906.lswap-1e70957354f1.txt~5906.lswap-b55f23a2f470.txt
2700c8747c7b	7	1234567,1237465,1237645,1243765,1245637,1246735,1256374,1257346,1263754,1264735,1265374,1273456,1273546,1423765,1427635,1435672,1436572,1437265,1437625,1452376,1463572,1524376,1527364,1542376,1562734,1623475,1643572,1652734,2143765,2345617,2347165,2371456,2371546,2374615,2376145,2376415,2437156,2437615,2456317,2467315,2563714,2573416,2614375,2637514,2647315,2653714,2731564,2731654,2734516,2735416,2736154,2763145,3124567,3124675,3126475,3142765,3156274,3165274,3412576,3451276,3456127,3471625,3541276,3567142,3571462,3571642,3615274,3657142,3712564,3712654,3714526,3715246,3715426,3726145,3746125,3751264,3761245,3761425,3762145,3764125,4123765,4125736,4127356,4237156,4237615,4276315,4356712,4357162,4365712,4371526,4372615,4376125,4376215,4512736,4523716,4561237,4563127,4612375,4635712,4673125,4716235,4731265,5126374,5127346,5237146,5243716,5273164,5273614,5371264,5412736,5423716,5612347,5627314,5631247,5637124,5671432,5714362,5714632,5716432,5734126,6123457,6123745,6124375,6142375,6143725,6152734,6214375,6234715,6273154,6312457,6314275,6357142,6371254,6375124,6412375,6435712,6473125,6527314,6537124,6571432,6714352,6731245,7125634,7126534,7143562,7143652,7145236,7146352,7152436,7154236,7162345,7164352,7261435,7312465,7312645,7315624,7316524,7341256,7345126,7354126,7361524,7461235,7512634,7612435,7614235,7621435,7631425,7641235	1235764,1237456,1237546,1243576,1246375,1247536,1253746,1256734,1264375,1265734,1267354,1273465,1273645,1423576,1426375,1432576,1435276,1437562,1437652,1452736,1453762,1472653,1542736,1543762,1562374,1627345,1652374,1762543,2357146,2357614,2371564,2371654,2374516,2375416,2435716,2463715,2475316,2537416,2541763,2567314,2571436,2637145,2643715,2651473,2657314,2673514,2714356,2731456,2731546,2734165,2734615,2736415,3124756,3125674,3126574,3145276,3154276,3257146,3416275,3461275,3512674,3527146,3571246,3571426,3576124,3641275,3712465,3712645,3714265,3715624,3716524,3741256,3745126,3754126,3756142,3761452,3761542,3765142,4123756,4125376,4127365,4162735,4176253,4235716,4263715,4273156,4325716,4352716,4357126,4371265,4375612,4376152,4376512,4512376,4527316,4537612,4612735,4637125,4726513,4753126,5123746,5126734,5143762,5147263,5237164,5271436,5273146,5312476,5374126,5376142,5412376,5417623,5427316,5437612,5614372,5623714,5673124,5712436,5714236,5714326,5731264,5761234,6123574,6127345,6143752,6145372,6154372,6237154,6254173,6273415,6371245,6371425,6412735,6437125,6514372,6514723,6523714,6573124,6731254,6735124,7124356,7124635,7126435,7142356,7142635,7143256,7143526,7156234,7165234,7265143,7312564,7312654,7314526,7315426,7341625,7346125,7351264,7364125,7412536,7451236,7531246,7541236,7561432,7612354,7614532,7615432,7625413,7651432			1	-	5906.lswap-1e70957354f1.txt~5906.lswap-e2d18fca77cb.txt
0e43e84ca1d0	7	1235764,1237456,1237546,1243576,1246375,1247536,1253746,1256734,1264375,1265734,1267354,1273465,1273645,1423576,1426375,1432576,1435276,1437562,1437652,1452736,1453762,1472653,1542736,1543762,1562374,1627345,1652374,1762543,2357146,2357614,2371564,2371654,2374516,2375416,2435716,2463715,2475316,2537416,2541763,2567314,2571436,2637145,2643715,2651473,2657314,2673514,2714356,2731456,2731546,2734165,2734615,2736415,3124756,3125674,3126574,3145276,3154276,3257146,3416275,3461275,3512674,3527146,3571246,3571426,3576124,3641275,3712465,3712645,3714265,3715624,3716524,3741256,3745126,3754126,3756142,3761452,3761542,3765142,4123756,4125376,4127365,4162735,4176253,4235716,4263715,4273156,4325716,4352716,4357126,4371265,4375612,4376152,4376512,4512376,4527316,4537612,4612735,4637125,4726513,4753126,5123746,5126734,5143762,5147263,5237164,5271436,5273146,5312476,5374126,5376142,5412376,5417623,5427316,5437612,5614372,5623714,5673124,5712436,5714236,5714326,5731264,5761234,6123574,6127345,6143752,6145372,6154372,6237154,6254173,6273415,6371245,6371425,6412735,6437125,6514372,6514723,6523714,6573124,6731254,6735124,7124356,7124635,7126435,7142356,7142635,7143256,7143526,7156234,7165234,7265143,7312564,7312654,7314526,7315426,7341625,7346125,7351264,7364125,7412536,7451236,7531246,7541236,7561432,7612354,7614532,7615432,7625413,7651432	1234567,1237465,1237645,1243765,1245637,1246735,1256374,1257346,1263754,1264735,1265374,1273456,1273546,1423765,1427635,1435672,1436572,1437265,1437625,1452376,1463572,1524376,1527364,1542376,1562734,1623475,1643572,1652734,2143765,2345617,2347165,2371456,2371546,2374615,2376145,2376415,2437156,2437615,2456317,2467315,2563714,2573416,2614375,2637514,2647315,2653714,2731564,2731654,2734516,2735416,2736154,2763145,3124567,3124675,3126475,3142765,3156274,3165274,3412576,3451276,3456127,3471625,3541276,3567142,3571462,3571642,3615274,3657142,3712564,3712654,3714526,3715246,3715426,3726145,3746125,3751264,3761245,3761425,3762145,3764125,4123765,4125736,4127356,4237156,4237615,4276315,4356712,4357162,4365712,4371526,4372615,4376125,4376215,4512736,4523716,4561237,4563127,4612375,4635712,4673125,4716235,4731265,5126374,5127346,5237146,5243716,5273164,5273614,5371264,5412736,5423716,5612347,5627314,5631247,5637124,5671432,5714362,5714632,5716432,5734126,6123457,6123745,6124375,6142375,6143725,6152734,6214375,6234715,6273154,6312457,6314275,6357142,6371254,6375124,6412375,6435712,6473125,6527314,6537124,6571432,6714352,6731245,7125634,7126534,7143562,7143652,7145236,7146352,7152436,7154236,7162345,7164352,7261435,7312465,7312645,7315624,7316524,7341256,7345126,7354126,7361524,7461235,7512634,7612435,7614235,7621435,7631425,7641235			1	-	5906.lswap-1e70957354f1.txt~5906.lswap-e2d18fca77cb.txt
de447a54d5c6	7	1235764,1237456,1237546,1246375,1247536,1253746,1256734,1264375,1265734,1267354,1273465,1273645,1324675,1327465,1374265,1374625,1426375,1452736,1467325,1472653,1542736,1562374,1574632,1627345,1652374,1673245,1745632,1746532,1754632,1762543,2137465,2146735,2357614,2371564,2371654,2374516,2375416,2416735,2463715,2467135,2475316,2537416,2541763,2567314,2613745,2637145,2643715,2651473,2657314,2673514,2731456,2731546,2734165,2734615,2736415,2746135,3124756,3125674,3126574,3145276,3154276,3157462,3174562,3174652,3175462,3214675,3241675,3246715,3274615,3416275,3461275,3512674,3576124,3641275,3712465,3712645,3714265,3715624,3716524,3741256,3742615,3745126,3746215,3754126,4123756,4125376,4127365,4162735,4167325,4176253,4261375,4263715,4273156,4371265,4512376,4527316,4563172,4612735,4613275,4621375,4631572,4631752,4637125,4653172,4671325,4673215,4726513,4753126,5123746,5126734,5147263,5237164,5273146,5312476,5317462,5374126,5412376,5417623,5427316,5463172,5623714,5631742,5673124,5731264,5746312,5761234,6123574,6127345,6132745,6137425,6213745,6237154,6254173,6273415,6315742,6317452,6317542,6371245,6371425,6412735,6437125,6514723,6523714,6531742,6573124,6713245,6731254,6732145,6732415,6735124,7124635,7126435,7132465,7142635,7156234,7165234,7265143,7312564,7312654,7314526,7315426,7321465,7324165,7341625,7346125,7351264,7364125,7412536,7426135,7451236,7456312,7461325,7462135,7463152,7465312,7531246,7541236,7546312,7612354,7625413	1234567,1237645,1245637,1256374,1257346,1263754,1264735,1265374,1273456,1273546,1274635,1357462,1374562,1374652,1427635,1452376,1524376,1527364,1537462,1542376,1562734,1623475,1652734,1724635,1742635,1746235,2317465,2345617,2347165,2371456,2371546,2376415,2437156,2456317,2456731,2463175,2467351,2467531,2546731,2563714,2573416,2631745,2637514,2647315,2653714,2731564,2731654,2734516,2735416,2736154,2746315,2763145,3124567,3126475,3127465,3142765,3156274,3165274,3172465,3174265,3174625,3245671,3246751,3254671,3412576,3451276,3456127,3471625,3524671,3541276,3574612,3615274,3712564,3712654,3714526,3715246,3715426,3745612,3746152,3746512,3751264,3764125,4123765,4125736,4127356,4237156,4263175,4276315,4371526,4512736,4523716,4561237,4561372,4563127,4567321,4613572,4615372,4623175,4631275,4631725,4651372,4673251,4673521,4675321,4716235,4731265,5126374,5127346,5137462,5237146,5243716,5246731,5273164,5273614,5324671,5371264,5374612,5412736,5423716,5467321,5612347,5613742,5627314,5631247,5637124,5673241,5734126,5746132,6123457,6135742,6137452,6152734,6153742,6231745,6234715,6273154,6312457,6312745,6314275,6317245,6317425,6371254,6375124,6412375,6473125,6513742,6527314,6537124,6732451,6732541,6735241,6753241,7125634,7126534,7145236,7152436,7154236,7162345,7246315,7312645,7315624,7316524,7324561,7325461,7341256,7345126,7352461,7354126,7361524,7426315,7456132,7461352,7461532,7462315,7463125,7465132,7512634,7532461,7631425,7641235			1	-	5906.lswap-25804d565b10.txt~5906.lswap-2fb529601be6.txt
4afb5e5acf86	7	1234567,1237645,1245637,1256374,1257346,1263754,1264735,1265374,1273456,1273546,1274635,1357462,1374562,1374652,1427635,1452376,1524376,1527364,1537462,1542376,1562734,1623475,1652734,1724635,1742635,1746235,2317465,2345617,2347165,2371456,2371546,2376415,2437156,2456317,2456731,2463175,2467351,2467531,2546731,2563714,2573416,2631745,2637514,2647315,2653714,2731564,2731654,2734516,2735416,2736154,2746315,2763145,3124567,3126475,3127465,3142765,3156274,3165274,3172465,3174265,3174625,3245671,3246751,3254671,3412576,3451276,3456127,3471625,3524671,3541276,3574612,3615274,3712564,3712654,3714526,3715246,3715426,3745612,3746152,3746512,3751264,3764125,4123765,4125736,4127356,4237156,4263175,4276315,4371526,4512736,4523716,4561237,4561372,4563127,4567321,4613572,4615372,4623175,4631275,4631725,4651372,4673251,4673521,4675321,4716235,4731265,5126374,5127346,5137462,5237146,5243716,5246731,5273164,5273614,5324671,5371264,5374612,5412736,5423716,5467321,5612347,5613742,5627314,5631247,5637124,5673241,5734126,5746132,6123457,6135742,6137452,6152734,6153742,6231745,6234715,6273154,6312457,6312745,6314275,6317245,6317425,6371254,6375124,6412375,6473125,6513742,6527314,6537124,6732451,6732541,6735241,6753241,7125634,7126534,7145236,7152436,7154236,7162345,7246315,7312645,7315624,7316524,7324561,7325461,7341256,7345126,7352461,7354126,7361524,7426315,7456132,7461352,7461532,7462315,7463125,7465132,7512634,7532461,7631425,7641235	1235764,1237456,1237546,1246375,1247536,1253746,1256734,1264375,1265734,1267354,1273465,1273645,1324675,1327465,1374265,1374625,1426375,1452736,1467325,1472653,1542736,1562374,1574632,1627345,1652374,1673245,1745632,1746532,1754632,1762543,2137465,2146735,2357614,2371564,2371654,2374516,2375416,2416735,2463715,2467135,2475316,2537416,2541763,2567314,2613745,2637145,2643715,2651473,2657314,2673514,2731456,2731546,2734165,2734615,2736415,2746135,3124756,3125674,3126574,3145276,3154276,3157462,3174562,3174652,3175462,3214675,3241675,3246715,3274615,3416275,3461275,3512674,3576124,3641275,3712465,3712645,3714265,3715624,3716524,3741256,3742615,3745126,3746215,3754126,4123756,4125376,4127365,4162735,4167325,4176253,4261375,4263715,4273156,4371265,4512376,4527316,4563172,4612735,4613275,4621375,4631572,4631752,4637125,4653172,4671325,4673215,4726513,4753126,5123746,5126734,5147263,5237164,5273146,5312476,5317462,5374126,5412376,5417623,5427316,5463172,5623714,5631742,5673124,5731264,5746312,5761234,6123574,6127345,6132745,6137425,6213745,6237154,6254173,6273415,6315742,6317452,6317542,6371245,6371425,6412735,6437125,6514723,6523714,6531742,6573124,6713245,6731254,6732145,6732415,6735124,7124635,7126435,7132465,7142635,7156234,7165234,7265143,7312564,7312654,7314526,7315426,7321465,7324165,7341625,7346125,7351264,7364125,7412536,7426135,7451236,7456312,7461325,7462135,7463152,7465312,7531246,7541236,7546312,7612354,7625413			1	-	5906.lswap-25804d565b10.txt~5906.lswap-2fb529601be6.txt
fee203226e22	7	1235764,1237456,1237546,1246375,1247536,1253746,1256734,1264375,1265734,1267354,1273465,1273645,1327465,1374265,1374625,1426375,1435672,1436572,1452736,1463572,1472653,1542736,1562374,1574632,1627345,1643572,1652374,1745632,1746532,1754632,1762543,2137465,2357614,2371564,2371654,2374516,2375416,2463715,2475316,2537416,2541763,2567314,2613745,2637145,2643715,2651473,2657314,2673514,2731456,2731546,2734165,2734615,2736415,2746135,3124756,3125674,3126574,3145276,3154276,3157462,3174562,3174652,3175462,3274615,3416275,3461275,3512674,3567142,3571462,3571642,3576124,3641275,3657142,3712465,3712645,3714265,3715624,3716524,3741256,3742615,3745126,3746215,3754126,4123756,4125376,4127365,4162735,4176253,4261375,4263715,4273156,4356712,4357162,4365712,4371265,4512376,4527316,4563172,4612735,4613275,4621375,4631572,4631752,4635712,4637125,4653172,4726513,4753126,5123746,5126734,5147263,5237164,5273146,5312476,5317462,5374126,5412376,5417623,5427316,5463172,5623714,5631742,5671432,5673124,5714362,5714632,5716432,5731264,5746312,5761234,6123574,6127345,6132745,6137425,6213745,6237154,6254173,6273415,6315742,6317452,6317542,6357142,6371245,6371425,6412735,6435712,6437125,6514723,6523714,6531742,6571432,6573124,6714352,6731254,6735124,7124635,7126435,7142635,7143562,7143652,7146352,7156234,7164352,7165234,7265143,7312564,7312654,7314526,7315426,7341625,7346125,7351264,7364125,7412536,7426135,7451236,7456312,7461325,7462135,7463152,7465312,7531246,7541236,7546312,7612354,7625413	1234567,1237645,1243576,1245637,1246735,1256374,1257346,1263754,1264735,1265374,1273456,1273546,1274635,1357462,1374562,1374652,1423576,1427635,1432576,1435276,1452376,1524376,1527364,1537462,1542376,1562734,1623475,1652734,1724635,1742635,1746235,2317465,2345617,2347165,2357146,2371456,2371546,2376415,2435716,2437156,2456317,2463175,2467315,2563714,2571436,2573416,2631745,2637514,2647315,2653714,2714356,2731564,2731654,2734516,2735416,2736154,2746315,2763145,3124567,3124675,3126475,3127465,3142765,3156274,3165274,3172465,3174265,3174625,3257146,3412576,3451276,3456127,3471625,3527146,3541276,3571246,3571426,3574612,3615274,3712564,3712654,3714526,3715246,3715426,3745612,3746152,3746512,3751264,3764125,4123765,4125736,4127356,4235716,4237156,4263175,4276315,4325716,4352716,4357126,4371526,4512736,4523716,4561237,4561372,4563127,4613572,4615372,4623175,4631275,4631725,4651372,4673125,4716235,4731265,5126374,5127346,5137462,5237146,5243716,5271436,5273164,5273614,5371264,5374612,5412736,5423716,5612347,5613742,5627314,5631247,5637124,5712436,5714236,5714326,5734126,5746132,6123457,6135742,6137452,6152734,6153742,6231745,6234715,6273154,6312457,6312745,6314275,6317245,6317425,6371254,6375124,6412375,6473125,6513742,6527314,6537124,6731245,7124356,7125634,7126534,7142356,7143256,7143526,7145236,7152436,7154236,7162345,7246315,7312465,7312645,7315624,7316524,7341256,7345126,7354126,7361524,7426315,7456132,7461352,7461532,7462315,7463125,7465132,7512634,7631425,7641235			1	-	5906.lswap-25804d565b10.txt~5906.lswap-423441640591.txt
510b5a794970	7	1234567,1237645,1243576,1245637,1246735,1256374,1257346,1263754,1264735,1265374,1273456,1273546,1274635,1357462,1374562,1374652,1423576,1427635,1432576,1435276,1452376,1524376,1527364,1537462,1542376,1562734,1623475,1652734,1724635,1742635,1746235,2317465,2345617,2347165,2357146,2371456,2371546,2376415,2435716,2437156,2456317,2463175,2467315,2563714,2571436,2573416,2631745,2637514,2647315,2653714,2714356,2731564,2731654,2734516,2735416,2736154,2746315,2763145,3124567,3124675,3126475,3127465,3142765,3156274,3165274,3172465,3174265,3174625,3257146,3412576,3451276,3456127,3471625,3527146,3541276,3571246,3571426,3574612,3615274,3712564,3712654,3714526,3715246,3715426,3745612,3746152,3746512,3751264,3764125,4123765,4125736,4127356,4235716,4237156,4263175,4276315,4325716,4352716,4357126,4371526,4512736,4523716,4561237,4561372,4563127,4613572,4615372,4623175,4631275,4631725,4651372,4673125,4716235,4731265,5126374,5127346,5137462,5237146,5243716,5271436,5273164,5273614,5371264,5374612,5412736,5423716,5612347,5613742,5627314,5631247,5637124,5712436,5714236,5714326,5734126,5746132,6123457,6135742,6137452,6152734,6153742,6231745,6234715,6273154,6312457,6312745,6314275,6317245,6317425,6371254,6375124,6412375,6473125,6513742,6527314,6537124,6731245,7124356,7125634,7126534,7142356,7143256,7143526,7145236,7152436,7154236,7162345,7246315,7312465,7312645,7315624,7316524,7341256,7345126,7354126,7361524,7426315,7456132,7461352,7461532,7462315,7463125,7465132,7512634,7631425,7641235	1235764,1237456,1237546,1246375,1247536,1253746,1256734,1264375,1265734,1267354,1273465,1273645,1327465,1374265,1374625,1426375,1435672,1436572,1452736,1463572,1472653,1542736,1562374,1574632,1627345,1643572,1652374,1745632,1746532,1754632,1762543,2137465,2357614,2371564,2371654,2374516,2375416,2463715,2475316,2537416,2541763,2567314,2613745,2637145,2643715,2651473,2657314,2673514,2731456,2731546,2734165,2734615,2736415,2746135,3124756,3125674,3126574,3145276,3154276,3157462,3174562,3174652,3175462,3274615,3416275,3461275,3512674,3567142,3571462,3571642,3576124,3641275,3657142,3712465,3712645,3714265,3715624,3716524,3741256,3742615,3745126,3746215,3754126,4123756,4125376,4127365,4162735,4176253,4261375,4263715,4273156,4356712,4357162,4365712,4371265,4512376,4527316,4563172,4612735,4613275,4621375,4631572,4631752,4635712,4637125,4653172,4726513,4753126,5123746,5126734,5147263,5237164,5273146,5312476,5317462,5374126,5412376,5417623,5427316,5463172,5623714,5631742,5671432,5673124,5714362,5714632,5716432,5731264,5746312,5761234,6123574,6127345,6132745,6137425,6213745,6237154,6254173,6273415,6315742,6317452,6317542,6357142,6371245,6371425,6412735,6435712,6437125,6514723,6523714,6531742,6571432,6573124,6714352,6731254,6735124,7124635,7126435,7142635,7143562,7143652,7146352,7156234,7164352,7165234,7265143,7312564,7312654,7314526,7315426,7341625,7346125,7351264,7364125,7412536,7426135,7451236,7456312,7461325,7462135,7463152,7465312,7531246,7541236,7546312,7612354,7625413			1	-	5906.lswap-25804d565b10.txt~5906.lswap-423441640591.txt
b742e93fcefe	7	1235764,1237456,1237546,1246375,1247536,1253746,1256734,1264375,1265734,1267354,1273465,1273645,1324675,1426375,1452736,1467325,1472653,1542736,1562374,1574632,1627345,1652374,1673245,1745632,1746532,1754632,1762543,2146735,2357614,2371564,2371654,2374516,2375416,2416735,2463715,2467135,2475316,2537416,2541763,2567314,2637145,2643715,2651473,2657314,2673514,2731456,2731546,2734165,2734615,2736415,3124756,3125674,3126574,3145276,3154276,3157462,3174562,3174652,3175462,3214675,3241675,3246715,3416275,3461275,3512674,3576124,3641275,3712465,3712645,3714265,3715624,3716524,3741256,3745126,3754126,4123756,4125376,4127365,4162735,4167325,4176253,4263715,4273156,4371265,4512376,4527316,4563172,4612735,4631572,4631752,4637125,4653172,4671325,4673215,4726513,4753126,5123746,5126734,5147263,5237164,5273146,5312476,5317462,5374126,5412376,5417623,5427316,5463172,5623714,5631742,5673124,5731264,5746312,5761234,6123574,6127345,6237154,6254173,6273415,6315742,6317452,6317542,6371245,6371425,6412735,6437125,6514723,6523714,6531742,6573124,6713245,6731254,6732145,6732415,6735124,7124635,7126435,7132465,7142635,7156234,7165234,7265143,7312564,7312654,7314526,7315426,7321465,7324165,7341625,7346125,7351264,7364125,7412536,7451236,7456312,7463152,7465312,7531246,7541236,7546312,7612354,7625413	1234567,1237465,1237645,1245637,1256374,1257346,1263754,1264735,1265374,1273456,1273546,1274635,1427635,1452376,1524376,1527364,1542376,1562734,1623475,1652734,1724635,1742635,1746235,2317465,2345617,2347165,2371456,2371546,2374615,2376415,2437156,2456317,2456731,2463175,2467351,2467531,2546731,2563714,2573416,2631745,2637514,2647315,2653714,2731564,2731654,2734516,2735416,2736154,2746315,2763145,3124567,3126475,3127465,3142765,3156274,3165274,3172465,3174265,3174625,3245671,3246751,3254671,3412576,3451276,3456127,3471625,3524671,3541276,3615274,3712564,3712654,3714526,3715246,3715426,3746125,3751264,3764125,4123765,4125736,4127356,4237156,4263175,4276315,4371526,4512736,4523716,4561237,4563127,4567321,4612375,4623175,4631275,4631725,4673251,4673521,4675321,4716235,4731265,5126374,5127346,5237146,5243716,5246731,5273164,5273614,5324671,5371264,5412736,5423716,5467321,5612347,5627314,5631247,5637124,5673241,5734126,6123457,6123745,6152734,6231745,6234715,6273154,6312457,6312745,6314275,6317245,6317425,6371254,6375124,6412375,6473125,6527314,6537124,6732451,6732541,6735241,6753241,7125634,7126534,7145236,7152436,7154236,7162345,7246315,7312645,7315624,7316524,7324561,7325461,7341256,7345126,7352461,7354126,7361524,7426315,7461235,7462315,7463125,7512634,7532461,7631425,7641235			1	-	5906.lswap-25804d565b10.txt~5906.lswap-73851215f718.txt
8e620393073b	7	1234567,1237465,1237645,1245637,1256374,1257346,1263754,1264735,1265374,1273456,1273546,1274635,1427635,1452376,1524376,1527364,1542376,1562734,1623475,1652734,1724635,1742635,1746235,2317465,2345617,2347165,2371456,2371546,2374615,2376415,2437156,2456317,2456731,2463175,2467351,2467531,2546731,2563714,2573416,2631745,2637514,2647315,2653714,2731564,2731654,2734516,2735416,2736154,2746315,2763145,3124567,3126475,3127465,3142765,3156274,3165274,3172465,3174265,3174625,3245671,3246751,3254671,3412576,3451276,3456127,3471625,3524671,3541276,3615274,3712564,3712654,3714526,3715246,3715426,3746125,3751264,3764125,4123765,4125736,4127356,4237156,4263175,4276315,4371526,4512736,4523716,4561237,4563127,4567321,4612375,4623175,4631275,4631725,4673251,4673521,4675321,4716235,4731265,5126374,5127346,5237146,5243716,5246731,5273164,5273614,5324671,5371264,5412736,5423716,5467321,5612347,5627314,5631247,5637124,5673241,5734126,6123457,6123745,6152734,6231745,6234715,6273154,6312457,6312745,6314275,6317245,6317425,6371254,6375124,6412375,6473125,6527314,6537124,6732451,6732541,6735241,6753241,7125634,7126534,7145236,7152436,7154236,7162345,7246315,7312645,7315624,7316524,7324561,7325461,7341256,7345126,7352461,7354126,7361524,7426315,7461235,7462315,7463125,7512634,7532461,7631425,7641235	1235764,1237456,1237546,1246375,1247536,1253746,1256734,1264375,1265734,1267354,1273465,1273645,1324675,1426375,1452736,1467325,1472653,1542736,1562374,1574632,1627345,1652374,1673245,1745632,1746532,1754632,1762543,2146735,2357614,2371564,2371654,2374516,2375416,2416735,2463715,2467135,2475316,2537416,2541763,2567314,2637145,2643715,2651473,2657314,2673514,2731456,2731546,2734165,2734615,2736415,3124756,3125674,3126574,3145276,3154276,3157462,3174562,3174652,3175462,3214675,3241675,3246715,3416275,3461275,3512674,3576124,3641275,3712465,3712645,3714265,3715624,3716524,3741256,3745126,3754126,4123756,4125376,4127365,4162735,4167325,4176253,4263715,4273156,4371265,4512376,4527316,4563172,4612735,4631572,4631752,4637125,4653172,4671325,4673215,4726513,4753126,5123746,5126734,5147263,5237164,5273146,5312476,5317462,5374126,5412376,5417623,5427316,5463172,5623714,5631742,5673124,5731264,5746312,5761234,6123574,6127345,6237154,6254173,6273415,6315742,6317452,6317542,6371245,6371425,6412735,6437125,6514723,6523714,6531742,6573124,6713245,6731254,6732145,6732415,6735124,7124635,7126435,7132465,7142635,7156234,7165234,7265143,7312564,7312654,7314526,7315426,7321465,7324165,7341625,7346125,7351264,7364125,7412536,7451236,7456312,7463152,7465312,7531246,7541236,7546312,7612354,7625413			1	-	5906.lswap-25804d565b10.txt~5906.lswap-73851215f718.txt
526035ef3d01	7	1234567,1237645,1245637,1256374,1257346,1263754,1264735,1265374,1273456,1273546,1274635,1357462,1374562,1374652,1427635,1435672,1436572,1452376,1463572,1524376,1527364,1537462,1542376,1562734,1623475,1643572,1652734,1724635,1742635,1746235,2317465,2345617,2347165,2371456,2371546,2376415,2437156,2456317,2456731,2463175,2467351,2467531,2546731,2563714,2573416,2631745,2637514,2647315,2653714,2731564,2731654,2734516,2735416,2736154,2746315,2763145,3124567,3126475,3127465,3142765,3156274,3165274,3172465,3174265,3174625,3245671,3246751,3254671,3412576,3451276,3456127,3471625,3524671,3541276,3567142,3571462,3571642,3574612,3615274,3657142,3712564,3712654,3714526,3715246,3715426,3745612,3746152,3746512,3751264,3764125,4123765,4125736,4127356,4237156,4263175,4276315,4356712,4357162,4365712,4371526,4512736,4523716,4561237,4561372,4563127,4567321,4613572,4615372,4623175,4631275,4631725,4635712,4651372,4673251,4673521,4675321,4716235,4731265,5126374,5127346,5137462,5237146,5243716,5246731,5273164,5273614,5324671,5371264,5374612,5412736,5423716,5467321,5612347,5613742,5627314,5631247,5637124,5671432,5673241,5714362,5714632,5716432,5734126,5746132,6123457,6135742,6137452,6152734,6153742,6231745,6234715,6273154,6312457,6312745,6314275,6317245,6317425,6357142,6371254,6375124,6412375,6435712,6473125,6513742,6527314,6537124,6571432,6714352,6732451,6732541,6735241,6753241,7125634,7126534,7143562,7143652,7145236,7146352,7152436,7154236,7162345,7164352,7246315,7312645,7315624,7316524,7324561,7325461,7341256,7345126,7352461,7354126,7361524,7426315,7456132,7461352,7461532,7462315,7463125,7465132,7512634,7532461,7631425,7641235	1235764,1237456,1237546,1243576,1246375,1247536,1253746,1256734,1264375,1265734,1267354,1273465,1273645,1324675,1327465,1374265,1374625,1423576,1426375,1432576,1435276,1452736,1467325,1472653,1542736,1562374,1574632,1627345,1652374,1673245,1745632,1746532,1754632,1762543,2137465,2146735,2357146,2357614,2371564,2371654,2374516,2375416,2416735,2435716,2463715,2467135,2475316,2537416,2541763,2567314,2571436,2613745,2637145,2643715,2651473,2657314,2673514,2714356,2731456,2731546,2734165,2734615,2736415,2746135,3124756,3125674,3126574,3145276,3154276,3157462,3174562,3174652,3175462,3214675,3241675,3246715,3257146,3274615,3416275,3461275,3512674,3527146,3571246,3571426,3576124,3641275,3712465,3712645,3714265,3715624,3716524,3741256,3742615,3745126,3746215,3754126,4123756,4125376,4127365,4162735,4167325,4176253,4235716,4261375,4263715,4273156,4325716,4352716,4357126,4371265,4512376,4527316,4563172,4612735,4613275,4621375,4631572,4631752,4637125,4653172,4671325,4673215,4726513,4753126,5123746,5126734,5147263,5237164,5271436,5273146,5312476,5317462,5374126,5412376,5417623,5427316,5463172,5623714,5631742,5673124,5712436,5714236,5714326,5731264,5746312,5761234,6123574,6127345,6132745,6137425,6213745,6237154,6254173,6273415,6315742,6317452,6317542,6371245,6371425,6412735,6437125,6514723,6523714,6531742,6573124,6713245,6731254,6732145,6732415,6735124,7124356,7124635,7126435,7132465,7142356,7142635,7143256,7143526,7156234,7165234,7265143,7312564,7312654,7314526,7315426,7321465,7324165,7341625,7346125,7351264,7364125,7412536,7426135,7451236,7456312,7461325,7462135,7463152,7465312,7531246,7541236,7546312,7612354,7625413			1	-	5906.lswap-2fb529601be6.txt~5906.lswap-52f45c5e8e22.txt
918cf6abec0b	7	1235764,1237456,1237546,1243576,1246375,1247536,1253746,1256734,1264375,1265734,1267354,1273465,1273645,1324675,1327465,1374265,1374625,1423576,1426375,1432576,1435276,1452736,1467325,1472653,1542736,1562374,1574632,1627345,1652374,1673245,1745632,1746532,1754632,1762543,2137465,2146735,2357146,2357614,2371564,2371654,2374516,2375416,2416735,2435716,2463715,2467135,2475316,2537416,2541763,2567314,2571436,2613745,2637145,2643715,2651473,2657314,2673514,2714356,2731456,2731546,2734165,2734615,2736415,2746135,3124756,3125674,3126574,3145276,3154276,3157462,3174562,3174652,3175462,3214675,3241675,3246715,3257146,3274615,3416275,3461275,3512674,3527146,3571246,3571426,3576124,3641275,3712465,3712645,3714265,3715624,3716524,3741256,3742615,3745126,3746215,3754126,4123756,4125376,4127365,4162735,4167325,4176253,4235716,4261375,4263715,4273156,4325716,4352716,4357126,4371265,4512376,4527316,4563172,4612735,4613275,4621375,4631572,4631752,4637125,4653172,4671325,4673215,4726513,4753126,5123746,5126734,5147263,5237164,5271436,5273146,5312476,5317462,5374126,5412376,5417623,5427316,5463172,5623714,5631742,5673124,5712436,5714236,5714326,5731264,5746312,5761234,6123574,6127345,6132745,6137425,6213745,6237154,6254173,6273415,6315742,6317452,6317542,6371245,6371425,6412735,6437125,6514723,6523714,6531742,6573124,6713245,6731254,6732145,6732415,6735124,7124356,7124635,7126435,7132465,7142356,7142635,7143256,7143526,7156234,7165234,7265143,7312564,7312654,7314526,7315426,7321465,7324165,7341625,7346125,7351264,7364125,7412536,7426135,7451236,7456312,7461325,7462135,7463152,7465312,7531246,7541236,7546312,7612354,7625413	1234567,1237645,1245637,1256374,1257346,1263754,1264735,1265374,1273456,1273546,1274635,1357462,1374562,1374652,1427635,1435672,1436572,1452376,1463572,1524376,1527364,1537462,1542376,1562734,1623475,1643572,1652734,1724635,1742635,1746235,2317465,2345617,2347165,2371456,2371546,2376415,2437156,2456317,2456731,2463175,2467351,2467531,2546731,2563714,2573416,2631745,2637514,2647315,2653714,2731564,2731654,2734516,2735416,2736154,2746315,2763145,3124567,3126475,3127465,3142765,3156274,3165274,3172465,3174265,3174625,3245671,3246751,3254671,3412576,3451276,3456127,3471625,3524671,3541276,3567142,3571462,3571642,3574612,3615274,3657142,3712564,3712654,3714526,3715246,3715426,3745612,3746152,3746512,3751264,3764125,4123765,4125736,4127356,4237156,4263175,4276315,4356712,4357162,4365712,4371526,4512736,4523716,4561237,4561372,4563127,4567321,4613572,4615372,4623175,4631275,4631725,4635712,4651372,4673251,4673521,4675321,4716235,4731265,5126374,5127346,5137462,5237146,5243716,5246731,5273164,5273614,5324671,5371264,5374612,5412736,5423716,5467321,5612347,5613742,5627314,5631247,5637124,5671432,5673241,5714362,5714632,5716432,5734126,5746132,6123457,6135742,6137452,6152734,6153742,6231745,6234715,6273154,6312457,6312745,6314275,6317245,6317425,6357142,6371254,6375124,6412375,6435712,6473125,6513742,6527314,6537124,6571432,6714352,6732451,6732541,6735241,6753241,7125634,7126534,7143562,7143652,7145236,7146352,7152436,7154236,7162345,7164352,7246315,7312645,7315624,7316524,7324561,7325461,7341256,7345126,7352461,7354126,7361524,7426315,7456132,7461352,7461532,7462315,7463125,7465132,7512634,7532461,7631425,7641235			1	-	5906.lswap-2fb529601be6.txt~5906.lswap-52f45c5e8e22.txt
f9ee8b6c0294	7	1234567,1237645,1243765,1245637,1256374,1257346,1263754,1264735,1265374,1273456,1273546,1357462,1374562,1374652,1423765,1427635,1437265,1437625,1452376,1524376,1527364,1537462,1542376,1562734,1623475,1652734,2143765,2345617,2347165,2371456,2371546,2376145,2376415,2437156,2437615,2456317,2456731,2467351,2467531,2546731,2563714,2573416,2614375,2637514,2647315,2653714,2731564,2731654,2734516,2735416,2736154,2763145,3124567,3126475,3142765,3156274,3165274,3245671,3246751,3254671,3412576,3451276,3456127,3471625,3524671,3541276,3574612,3615274,3712564,3712654,3714526,3715246,3715426,3726145,3745612,3746152,3746512,3751264,3761245,3761425,3762145,3764125,4123765,4125736,4127356,4237156,4237615,4276315,4371526,4372615,4376125,4376215,4512736,4523716,4561237,4561372,4563127,4567321,4613572,4615372,4651372,4673251,4673521,4675321,4716235,4731265,5126374,5127346,5137462,5237146,5243716,5246731,5273164,5273614,5324671,5371264,5374612,5412736,5423716,5467321,5612347,5613742,5627314,5631247,5637124,5673241,5734126,5746132,6123457,6124375,6135742,6137452,6142375,6143725,6152734,6153742,6214375,6234715,6273154,6312457,6314275,6371254,6375124,6412375,6473125,6513742,6527314,6537124,6732451,6732541,6735241,6753241,7125634,7126534,7145236,7152436,7154236,7162345,7261435,7312645,7315624,7316524,7324561,7325461,7341256,7345126,7352461,7354126,7361524,7456132,7461352,7461532,7465132,7512634,7532461,7612435,7614235,7621435,7631425,7641235	1235764,1237456,1237546,1246375,1247536,1253746,1256734,1264375,1265734,1267354,1273465,1273645,1324675,1327465,1374265,1374625,1426375,1437562,1437652,1452736,1453762,1467325,1472653,1542736,1543762,1562374,1627345,1652374,1673245,1762543,2137465,2146735,2357614,2371564,2371654,2374516,2375416,2416735,2463715,2467135,2475316,2537416,2541763,2567314,2613745,2637145,2643715,2651473,2657314,2673514,2731456,2731546,2734165,2734615,2736415,2746135,3124756,3125674,3126574,3145276,3154276,3214675,3241675,3246715,3274615,3416275,3461275,3512674,3576124,3641275,3712465,3712645,3714265,3715624,3716524,3741256,3742615,3745126,3746215,3754126,3756142,3761452,3761542,3765142,4123756,4125376,4127365,4162735,4167325,4176253,4261375,4263715,4273156,4371265,4375612,4376152,4376512,4512376,4527316,4537612,4612735,4613275,4621375,4637125,4671325,4673215,4726513,4753126,5123746,5126734,5143762,5147263,5237164,5273146,5312476,5374126,5376142,5412376,5417623,5427316,5437612,5614372,5623714,5673124,5731264,5761234,6123574,6127345,6132745,6137425,6143752,6145372,6154372,6213745,6237154,6254173,6273415,6371245,6371425,6412735,6437125,6514372,6514723,6523714,6573124,6713245,6731254,6732145,6732415,6735124,7124635,7126435,7132465,7142635,7156234,7165234,7265143,7312564,7312654,7314526,7315426,7321465,7324165,7341625,7346125,7351264,7364125,7412536,7426135,7451236,7461325,7462135,7531246,7541236,7561432,7612354,7614532,7615432,7625413,7651432			1	-	5906.lswap-2fb529601be6.txt~5906.lswap-5dbb54e50268.txt
4428d2ecf001	7	1235764,1237456,1237546,1246375,1247536,1253746,1256734,1264375,1265734,1267354,1273465,1273645,1324675,1327465,1374265,1374625,1426375,1437562,1437652,1452736,1453762,1467325,1472653,1542736,1543762,1562374,1627345,1652374,1673245,1762543,2137465,2146735,2357614,2371564,2371654,2374516,2375416,2416735,2463715,2467135,2475316,2537416,2541763,2567314,2613745,2637145,2643715,2651473,2657314,2673514,2731456,2731546,2734165,2734615,2736415,2746135,3124756,3125674,3126574,3145276,3154276,3214675,3241675,3246715,3274615,3416275,3461275,3512674,3576124,3641275,3712465,3712645,3714265,3715624,3716524,3741256,3742615,3745126,3746215,3754126,3756142,3761452,3761542,3765142,4123756,4125376,4127365,4162735,4167325,4176253,4261375,4263715,4273156,4371265,4375612,4376152,4376512,4512376,4527316,4537612,4612735,4613275,4621375,4637125,4671325,4673215,4726513,4753126,5123746,5126734,5143762,5147263,5237164,5273146,5312476,5374126,5376142,5412376,5417623,5427316,5437612,5614372,5623714,5673124,5731264,5761234,6123574,6127345,6132745,6137425,6143752,6145372,6154372,6213745,6237154,6254173,6273415,6371245,6371425,6412735,6437125,6514372,6514723,6523714,6573124,6713245,6731254,6732145,6732415,6735124,7124635,7126435,7132465,7142635,7156234,7165234,7265143,7312564,7312654,7314526,7315426,7321465,7324165,7341625,7346125,7351264,7364125,7412536,7426135,7451236,7461325,7462135,7531246,7541236,7561432,7612354,7614532,7615432,7625413,7651432	1234567,1237645,1243765,1245637,1256374,1257346,1263754,1264735,1265374,1273456,1273546,1357462,1374562,1374652,1423765,1427635,1437265,1437625,1452376,1524376,1527364,1537462,1542376,1562734,1623475,1652734,2143765,2345617,2347165,2371456,2371546,2376145,2376415,2437156,2437615,2456317,2456731,2467351,2467531,2546731,2563714,2573416,2614375,2637514,2647315,2653714,2731564,2731654,2734516,2735416,2736154,2763145,3124567,3126475,3142765,3156274,3165274,3245671,3246751,3254671,3412576,3451276,3456127,3471625,3524671,3541276,3574612,3615274,3712564,3712654,3714526,3715246,3715426,3726145,3745612,3746152,3746512,3751264,3761245,3761425,3762145,3764125,4123765,4125736,4127356,4237156,4237615,4276315,4371526,4372615,4376125,4376215,4512736,4523716,4561237,4561372,4563127,4567321,4613572,4615372,4651372,4673251,4673521,4675321,4716235,4731265,5126374,5127346,5137462,5237146,5243716,5246731,5273164,5273614,5324671,5371264,5374612,5412736,5423716,5467321,5612347,5613742,5627314,5631247,5637124,5673241,5734126,5746132,6123457,6124375,6135742,6137452,6142375,6143725,6152734,6153742,6214375,6234715,6273154,6312457,6314275,6371254,6375124,6412375,6473125,6513742,6527314,6537124,6732451,6732541,6735241,6753241,7125634,7126534,7145236,7152436,7154236,7162345,7261435,7312645,7315624,7316524,7324561,7325461,7341256,7345126,7352461,7354126,7361524,7456132,7461352,7461532,7465132,7512634,7532461,7612435,7614235,7621435,7631425,7641235			1	-	5906.lswap-2fb529601be6.txt~5906.lswap-5dbb54e50268.txt
5bf23f32ca54	7	1234567,1245637,1274635,1357462,1374562,1374652,1435672,1436572,1463572,1537462,1643572,1724635,1742635,1746235,2317465,2345617,2456317,2456731,2463175,2467351,2467531,2546731,2631745,2746315,3124567,3127465,3172465,3174265,3174625,3245671,3246751,3254671,3456127,3524671,3567142,3571462,3571642,3574612,3657142,3745612,3746152,3746512,4263175,4356712,4357162,4365712,4561237,4561372,4563127,4567321,4613572,4615372,4623175,4631275,4631725,4635712,4651372,4673251,4673521,4675321,5137462,5246731,5324671,5374612,5467321,5612347,5613742,5631247,5671432,5673241,5714362,5714632,5716432,5746132,6123457,6135742,6137452,6153742,6231745,6312457,6312745,6317245,6317425,6357142,6435712,6513742,6571432,6714352,6732451,6732541,6735241,6753241,7143562,7143652,7146352,7164352,7246315,7324561,7325461,7352461,7426315,7456132,7461352,7461532,7462315,7463125,7465132,7532461	1237465,1243576,1246735,1324675,1327465,1374265,1374625,1423576,1432576,1435276,1467325,1472653,1574632,1673245,1745632,1746532,1754632,1762543,2137465,2146735,2357146,2374615,2416735,2435716,2467135,2467315,2541763,2571436,2613745,2651473,2714356,2746135,3124675,3157462,3174562,3174652,3175462,3214675,3241675,3246715,3257146,3274615,3527146,3571246,3571426,3742615,3746125,3746215,4167325,4176253,4235716,4261375,4325716,4352716,4357126,4563172,4612375,4613275,4621375,4631572,4631752,4653172,4671325,4673125,4673215,4726513,5147263,5271436,5317462,5417623,5463172,5631742,5712436,5714236,5714326,5746312,6123745,6132745,6137425,6213745,6254173,6315742,6317452,6317542,6514723,6531742,6713245,6731245,6732145,6732415,7124356,7132465,7142356,7143256,7143526,7265143,7312465,7321465,7324165,7426135,7456312,7461235,7461325,7462135,7463152,7465312,7546312,7625413			1	-	5906.lswap-2fb529601be6.txt~5906.lswap-6d7ea156bdcc.txt
77edc40696c8	7	1237465,1243576,1246735,1324675,1327465,1374265,1374625,1423576,1432576,1435276,1467325,1472653,1574632,1673245,1745632,1746532,1754632,1762543,2137465,2146735,2357146,2374615,2416735,2435716,2467135,2467315,2541763,2571436,2613745,2651473,2714356,2746135,3124675,3157462,3174562,3174652,3175462,3214675,3241675,3246715,3257146,3274615,3527146,3571246,3571426,3742615,3746125,3746215,4167325,4176253,4235716,4261375,4325716,4352716,4357126,4563172,4612375,4613275,4621375,4631572,4631752,4653172,4671325,4673125,4673215,4726513,5147263,5271436,5317462,5417623,5463172,5631742,5712436,5714236,5714326,5746312,6123745,6132745,6137425,6213745,6254173,6315742,6317452,6317542,6514723,6531742,6713245,6731245,6732145,6732415,7124356,7132465,7142356,7143256,7143526,7265143,7312465,7321465,7324165,7426135,7456312,7461235,7461325,7462135,7463152,7465312,7546312,7625413	1234567,1245637,1274635,1357462,1374562,1374652,1435672,1436572,1463572,1537462,1643572,1724635,1742635,1746235,2317465,2345617,2456317,2456731,2463175,2467351,2467531,2546731,2631745,2746315,3124567,3127465,3172465,3174265,3174625,3245671,3246751,3254671,3456127,3524671,3567142,3571462,3571642,3574612,3657142,3745612,3746152,3746512,4263175,4356712,4357162,4365712,4561237,4561372,4563127,4567321,4613572,4615372,4623175,4631275,4631725,4635712,4651372,4673251,4673521,4675321,5137462,5246731,5324671,5374612,5467321,5612347,5613742,5631247,5671432,5673241,5714362,5714632,5716432,5746132,6123457,6135742,6137452,6153742,6231745,6312457,6312745,6317245,6317425,6357142,6435712,6513742,6571432,6714352,6732451,6732541,6735241,6753241,7143562,7143652,7146352,7164352,7246315,7324561,7325461,7352461,7426315,7456132,7461352,7461532,7462315,7463125,7465132,7532461			1	-	5906.lswap-2fb529601be6.txt~5906.lswap-6d7ea156bdcc.txt
903b55e7cb38	7	1234567,1237645,1243765,1245637,1256374,1257346,1263754,1264735,1265374,1273456,1273546,1274635,1357462,1374562,1374652,1423765,1427635,1435672,1436572,1437265,1437625,1452376,1463572,1524376,1527364,1537462,1542376,1562734,1623475,1643572,1652734,1724635,1742635,1746235,2143765,2317465,2345617,2347165,2371456,2371546,2376145,2376415,2437156,2437615,2456317,2456731,2463175,2467351,2467531,2546731,2563714,2573416,2614375,2631745,2637514,2647315,2653714,2731564,2731654,2734516,2735416,2736154,2746315,2763145,3124567,3126475,3127465,3142765,3156274,3165274,3172465,3174265,3174625,3245671,3246751,3254671,3412576,3451276,3456127,3471625,3524671,3541276,3567142,3571462,3571642,3574612,3615274,3657142,3712564,3712654,3714526,3715246,3715426,3726145,3745612,3746152,3746512,3751264,3761245,3761425,3762145,3764125,4123765,4125736,4127356,4237156,4237615,4263175,4276315,4356712,4357162,4365712,4371526,4372615,4376125,4376215,4512736,4523716,4561237,4561372,4563127,4567321,4613572,4615372,4623175,4631275,4631725,4635712,4651372,4673251,4673521,4675321,4716235,4731265,5126374,5127346,5137462,5237146,5243716,5246731,5273164,5273614,5324671,5371264,5374612,5412736,5423716,5467321,5612347,5613742,5627314,5631247,5637124,5671432,5673241,5714362,5714632,5716432,5734126,5746132,6123457,6124375,6135742,6137452,6142375,6143725,6152734,6153742,6214375,6231745,6234715,6273154,6312457,6312745,6314275,6317245,6317425,6357142,6371254,6375124,6412375,6435712,6473125,6513742,6527314,6537124,6571432,6714352,6732451,6732541,6735241,6753241,7125634,7126534,7143562,7143652,7145236,7146352,7152436,7154236,7162345,7164352,7246315,7261435,7312645,7315624,7316524,7324561,7325461,7341256,7345126,7352461,7354126,7361524,7426315,7456132,7461352,7461532,7462315,7463125,7465132,7512634,7532461,7612435,7614235,7621435,7631425,7641235	1235764,1237456,1237546,1243576,1246375,1247536,1253746,1256734,1264375,1265734,1267354,1273465,1273645,1324675,1327465,1374265,1374625,1423576,1426375,1432576,1435276,1437562,1437652,1452736,1453762,1467325,1472653,1542736,1543762,1562374,1574632,1627345,1652374,1673245,1745632,1746532,1754632,1762543,2137465,2146735,2357146,2357614,2371564,2371654,2374516,2375416,2416735,2435716,2463715,2467135,2475316,2537416,2541763,2567314,2571436,2613745,2637145,2643715,2651473,2657314,2673514,2714356,2731456,2731546,2734165,2734615,2736415,2746135,3124756,3125674,3126574,3145276,3154276,3157462,3174562,3174652,3175462,3214675,3241675,3246715,3257146,3274615,3416275,3461275,3512674,3527146,3571246,3571426,3576124,3641275,3712465,3712645,3714265,3715624,3716524,3741256,3742615,3745126,3746215,3754126,3756142,3761452,3761542,3765142,4123756,4125376,4127365,4162735,4167325,4176253,4235716,4261375,4263715,4273156,4325716,4352716,4357126,4371265,4375612,4376152,4376512,4512376,4527316,4537612,4563172,4612735,4613275,4621375,4631572,4631752,4637125,4653172,4671325,4673215,4726513,4753126,5123746,5126734,5143762,5147263,5237164,5271436,5273146,5312476,5317462,5374126,5376142,5412376,5417623,5427316,5437612,5463172,5614372,5623714,5631742,5673124,5712436,5714236,5714326,5731264,5746312,5761234,6123574,6127345,6132745,6137425,6143752,6145372,6154372,6213745,6237154,6254173,6273415,6315742,6317452,6317542,6371245,6371425,6412735,6437125,6514372,6514723,6523714,6531742,6573124,6713245,6731254,6732145,6732415,6735124,7124356,7124635,7126435,7132465,7142356,7142635,7143256,7143526,7156234,7165234,7265143,7312564,7312654,7314526,7315426,7321465,7324165,7341625,7346125,7351264,7364125,7412536,7426135,7451236,7456312,7461325,7462135,7463152,7465312,7531246,7541236,7546312,7561432,7612354,7614532,7615432,7625413,7651432			1	-	5906.lswap-2fb529601be6.txt~5906.lswap-af54b6f406a6.txt
ac42fcb14bfc	7	1235764,1237456,1237546,1243576,1246375,1247536,1253746,1256734,1264375,1265734,1267354,1273465,1273645,1324675,1327465,1374265,1374625,1423576,1426375,1432576,1435276,1437562,1437652,1452736,1453762,1467325,1472653,1542736,1543762,1562374,1574632,1627345,1652374,1673245,1745632,1746532,1754632,1762543,2137465,2146735,2357146,2357614,2371564,2371654,2374516,2375416,2416735,2435716,2463715,2467135,2475316,2537416,2541763,2567314,2571436,2613745,2637145,2643715,2651473,2657314,2673514,2714356,2731456,2731546,2734165,2734615,2736415,2746135,3124756,3125674,3126574,3145276,3154276,3157462,3174562,3174652,3175462,3214675,3241675,3246715,3257146,3274615,3416275,3461275,3512674,3527146,3571246,3571426,3576124,3641275,3712465,3712645,3714265,3715624,3716524,3741256,3742615,3745126,3746215,3754126,3756142,3761452,3761542,3765142,4123756,4125376,4127365,4162735,4167325,4176253,4235716,4261375,4263715,4273156,4325716,4352716,4357126,4371265,4375612,4376152,4376512,4512376,4527316,4537612,4563172,4612735,4613275,4621375,4631572,4631752,4637125,4653172,4671325,4673215,4726513,4753126,5123746,5126734,5143762,5147263,5237164,5271436,5273146,5312476,5317462,5374126,5376142,5412376,5417623,5427316,5437612,5463172,5614372,5623714,5631742,5673124,5712436,5714236,5714326,5731264,5746312,5761234,6123574,6127345,6132745,6137425,6143752,6145372,6154372,6213745,6237154,6254173,6273415,6315742,6317452,6317542,6371245,6371425,6412735,6437125,6514372,6514723,6523714,6531742,6573124,6713245,6731254,6732145,6732415,6735124,7124356,7124635,7126435,7132465,7142356,7142635,7143256,7143526,7156234,7165234,7265143,7312564,7312654,7314526,7315426,7321465,7324165,7341625,7346125,7351264,7364125,7412536,7426135,7451236,7456312,7461325,7462135,7463152,7465312,7531246,7541236,7546312,7561432,7612354,7614532,7615432,7625413,7651432	1234567,1237645,1243765,1245637,1256374,1257346,1263754,1264735,1265374,1273456,1273546,1274635,1357462,1374562,1374652,1423765,1427635,1435672,1436572,1437265,1437625,1452376,1463572,1524376,1527364,1537462,1542376,1562734,1623475,1643572,1652734,1724635,1742635,1746235,2143765,2317465,2345617,2347165,2371456,2371546,2376145,2376415,2437156,2437615,2456317,2456731,2463175,2467351,2467531,2546731,2563714,2573416,2614375,2631745,2637514,2647315,2653714,2731564,2731654,2734516,2735416,2736154,2746315,2763145,3124567,3126475,3127465,3142765,3156274,3165274,3172465,3174265,3174625,3245671,3246751,3254671,3412576,3451276,3456127,3471625,3524671,3541276,3567142,3571462,3571642,3574612,3615274,3657142,3712564,3712654,3714526,3715246,3715426,3726145,3745612,3746152,3746512,3751264,3761245,3761425,3762145,3764125,4123765,4125736,4127356,4237156,4237615,4263175,4276315,4356712,4357162,4365712,4371526,4372615,4376125,4376215,4512736,4523716,4561237,4561372,4563127,4567321,4613572,4615372,4623175,4631275,4631725,4635712,4651372,4673251,4673521,4675321,4716235,4731265,5126374,5127346,5137462,5237146,5243716,5246731,5273164,5273614,5324671,5371264,5374612,5412736,5423716,5467321,5612347,5613742,5627314,5631247,5637124,5671432,5673241,5714362,5714632,5716432,5734126,5746132,6123457,6124375,6135742,6137452,6142375,6143725,6152734,6153742,6214375,6231745,6234715,6273154,6312457,6312745,6314275,6317245,6317425,6357142,6371254,6375124,6412375,6435712,6473125,6513742,6527314,6537124,6571432,6714352,6732451,6732541,6735241,6753241,7125634,7126534,7143562,7143652,7145236,7146352,7152436,7154236,7162345,7164352,7246315,7261435,7312645,7315624,7316524,7324561,7325461,7341256,7345126,7352461,7354126,7361524,7426315,7456132,7461352,7461532,7462315,7463125,7465132,7512634,7532461,7612435,7614235,7621435,7631425,7641235			1	-	5906.lswap-2fb529601be6.txt~5906.lswap-af54b6f406a6.txt
a36fb689ba41	7	1234567,1245637,1274635,1357462,1374562,1374652,1537462,1724635,1742635,1746235,2317465,2345617,2456317,2456731,2463175,2467351,2467531,2546731,2631745,2746315,3124567,3127465,3172465,3174265,3174625,3245671,3246751,3254671,3456127,3524671,3574612,3745612,3746152,3746512,4263175,4561237,4561372,4563127,4567321,4613572,4615372,4623175,4631275,4631725,4651372,4673251,4673521,4675321,5137462,5246731,5324671,5374612,5467321,5612347,5613742,5631247,5673241,5746132,6123457,6135742,6137452,6153742,6231745,6312457,6312745,6317245,6317425,6513742,6732451,6732541,6735241,6753241,7246315,7324561,7325461,7352461,7426315,7456132,7461352,7461532,7462315,7463125,7465132,7532461	1237465,1246735,1324675,1327465,1374265,1374625,1467325,1472653,1574632,1673245,1745632,1746532,1754632,1762543,2137465,2146735,2374615,2416735,2467135,2467315,2541763,2613745,2651473,2746135,3124675,3157462,3174562,3174652,3175462,3214675,3241675,3246715,3274615,3742615,3746125,3746215,4167325,4176253,4261375,4563172,4612375,4613275,4621375,4631572,4631752,4653172,4671325,4673125,4673215,4726513,5147263,5317462,5417623,5463172,5631742,5746312,6123745,6132745,6137425,6213745,6254173,6315742,6317452,6317542,6514723,6531742,6713245,6731245,6732145,6732415,7132465,7265143,7312465,7321465,7324165,7426135,7456312,7461235,7461325,7462135,7463152,7465312,7546312,7625413			1	-	5906.lswap-2fb529601be6.txt~5906.lswap-e0920da719d9.txt
bcd8bf3c0076	7	1237465,1246735,1324675,1327465,1374265,1374625,1467325,1472653,1574632,1673245,1745632,1746532,1754632,1762543,2137465,2146735,2374615,2416735,2467135,2467315,2541763,2613745,2651473,2746135,3124675,3157462,3174562,3174652,3175462,3214675,3241675,3246715,3274615,3742615,3746125,3746215,4167325,4176253,4261375,4563172,4612375,4613275,4621375,4631572,4631752,4653172,4671325,4673125,4673215,4726513,5147263,5317462,5417623,5463172,5631742,5746312,6123745,6132745,6137425,6213745,6254173,6315742,6317452,6317542,6514723,6531742,6713245,6731245,6732145,6732415,7132465,7265143,7312465,7321465,7324165,7426135,7456312,7461235,7461325,7462135,7463152,7465312,7546312,7625413	1234567,1245637,1274635,1357462,1374562,1374652,1537462,1724635,1742635,1746235,2317465,2345617,2456317,2456731,2463175,2467351,2467531,2546731,2631745,2746315,3124567,3127465,3172465,3174265,3174625,3245671,3246751,3254671,3456127,3524671,3574612,3745612,3746152,3746512,4263175,4561237,4561372,4563127,4567321,4613572,4615372,4623175,4631275,4631725,4651372,4673251,4673521,4675321,5137462,5246731,5324671,5374612,5467321,5612347,5613742,5631247,5673241,5746132,6123457,6135742,6137452,6153742,6231745,6312457,6312745,6317245,6317425,6513742,6732451,6732541,6735241,6753241,7246315,7324561,7325461,7352461,7426315,7456132,7461352,7461532,7462315,7463125,7465132,7532461			1	-	5906.lswap-2fb529601be6.txt~5906.lswap-e0920da719d9.txt
6c8a5f9ef1df	7	1234567,1237645,1243765,1245637,1256374,1257346,1263754,1264735,1265374,1273456,1273546,1357462,1374562,1374652,1423765,1427635,1435672,1436572,1437265,1437625,1452376,1463572,1524376,1527364,1537462,1542376,1562734,1623475,1643572,1652734,2143765,2345617,2347165,2371456,2371546,2376145,2376415,2437156,2437615,2456317,2456731,2467351,2467531,2546731,2563714,2573416,2614375,2637514,2647315,2653714,2731564,2731654,2734516,2735416,2736154,2763145,3124567,3126475,3142765,3156274,3165274,3245671,3246751,3254671,3412576,3451276,3456127,3471625,3524671,3541276,3567142,3571462,3571642,3574612,3615274,3657142,3712564,3712654,3714526,3715246,3715426,3726145,3745612,3746152,3746512,3751264,3761245,3761425,3762145,3764125,4123765,4125736,4127356,4237156,4237615,4276315,4356712,4357162,4365712,4371526,4372615,4376125,4376215,4512736,4523716,4561237,4561372,4563127,4567321,4613572,4615372,4635712,4651372,4673251,4673521,4675321,4716235,4731265,5126374,5127346,5137462,5237146,5243716,5246731,5273164,5273614,5324671,5371264,5374612,5412736,5423716,5467321,5612347,5613742,5627314,5631247,5637124,5671432,5673241,5714362,5714632,5716432,5734126,5746132,6123457,6124375,6135742,6137452,6142375,6143725,6152734,6153742,6214375,6234715,6273154,6312457,6314275,6357142,6371254,6375124,6412375,6435712,6473125,6513742,6527314,6537124,6571432,6714352,6732451,6732541,6735241,6753241,7125634,7126534,7143562,7143652,7145236,7146352,7152436,7154236,7162345,7164352,7261435,7312645,7315624,7316524,7324561,7325461,7341256,7345126,7352461,7354126,7361524,7456132,7461352,7461532,7465132,7512634,7532461,7612435,7614235,7621435,7631425,7641235	1235764,1237456,1237546,1243576,1246375,1247536,1253746,1256734,1264375,1265734,1267354,1273465,1273645,1324675,1327465,1374265,1374625,1423576,1426375,1432576,1435276,1437562,1437652,1452736,1453762,1467325,1472653,1542736,1543762,1562374,1627345,1652374,1673245,1762543,2137465,2146735,2357146,2357614,2371564,2371654,2374516,2375416,2416735,2435716,2463715,2467135,2475316,2537416,2541763,2567314,2571436,2613745,2637145,2643715,2651473,2657314,2673514,2714356,2731456,2731546,2734165,2734615,2736415,2746135,3124756,3125674,3126574,3145276,3154276,3214675,3241675,3246715,3257146,3274615,3416275,3461275,3512674,3527146,3571246,3571426,3576124,3641275,3712465,3712645,3714265,3715624,3716524,3741256,3742615,3745126,3746215,3754126,3756142,3761452,3761542,3765142,4123756,4125376,4127365,4162735,4167325,4176253,4235716,4261375,4263715,4273156,4325716,4352716,4357126,4371265,4375612,4376152,4376512,4512376,4527316,4537612,4612735,4613275,4621375,4637125,4671325,4673215,4726513,4753126,5123746,5126734,5143762,5147263,5237164,5271436,5273146,5312476,5374126,5376142,5412376,5417623,5427316,5437612,5614372,5623714,5673124,5712436,5714236,5714326,5731264,5761234,6123574,6127345,6132745,6137425,6143752,6145372,6154372,6213745,6237154,6254173,6273415,6371245,6371425,6412735,6437125,6514372,6514723,6523714,6573124,6713245,6731254,6732145,6732415,6735124,7124356,7124635,7126435,7132465,7142356,7142635,7143256,7143526,7156234,7165234,7265143,7312564,7312654,7314526,7315426,7321465,7324165,7341625,7346125,7351264,7364125,7412536,7426135,7451236,7461325,7462135,7531246,7541236,7561432,7612354,7614532,7615432,7625413,7651432			1	-	5906.lswap-2fb529601be6.txt~5906.lswap-e2d18fca77cb.txt
9c3648cce8b5	7	1235764,1237456,1237546,1243576,1246375,1247536,1253746,1256734,1264375,1265734,1267354,1273465,1273645,1324675,1327465,1374265,1374625,1423576,1426375,1432576,1435276,1437562,1437652,1452736,1453762,1467325,1472653,1542736,1543762,1562374,1627345,1652374,1673245,1762543,2137465,2146735,2357146,2357614,2371564,2371654,2374516,2375416,2416735,2435716,2463715,2467135,2475316,2537416,2541763,2567314,2571436,2613745,2637145,2643715,2651473,2657314,2673514,2714356,2731456,2731546,2734165,2734615,2736415,2746135,3124756,3125674,3126574,3145276,3154276,3214675,3241675,3246715,3257146,3274615,3416275,3461275,3512674,3527146,3571246,3571426,3576124,3641275,3712465,3712645,3714265,3715624,3716524,3741256,3742615,3745126,3746215,3754126,3756142,3761452,3761542,3765142,4123756,4125376,4127365,4162735,4167325,4176253,4235716,4261375,4263715,4273156,4325716,4352716,4357126,4371265,4375612,4376152,4376512,4512376,4527316,4537612,4612735,4613275,4621375,4637125,4671325,4673215,4726513,4753126,5123746,5126734,5143762,5147263,5237164,5271436,5273146,5312476,5374126,5376142,5412376,5417623,5427316,5437612,5614372,5623714,5673124,5712436,5714236,5714326,5731264,5761234,6123574,6127345,6132745,6137425,6143752,6145372,6154372,6213745,6237154,6254173,6273415,6371245,6371425,6412735,6437125,6514372,6514723,6523714,6573124,6713245,6731254,6732145,6732415,6735124,7124356,7124635,7126435,7132465,7142356,7142635,7143256,7143526,7156234,7165234,7265143,7312564,7312654,7314526,7315426,7321465,7324165,7341625,7346125,7351264,7364125,7412536,7426135,7451236,7461325,7462135,7531246,7541236,7561432,7612354,7614532,7615432,7625413,7651432	1234567,1237645,1243765,1245637,1256374,1257346,1263754,1264735,1265374,1273456,1273546,1357462,1374562,1374652,1423765,1427635,1435672,1436572,1437265,1437625,1452376,1463572,1524376,1527364,1537462,1542376,1562734,1623475,1643572,1652734,2143765,2345617,2347165,2371456,2371546,2376145,2376415,2437156,2437615,2456317,2456731,2467351,2467531,2546731,2563714,2573416,2614375,2637514,2647315,2653714,2731564,2731654,2734516,2735416,2736154,2763145,3124567,3126475,3142765,3156274,3165274,3245671,3246751,3254671,3412576,3451276,3456127,3471625,3524671,3541276,3567142,3571462,3571642,3574612,3615274,3657142,3712564,3712654,3714526,3715246,3715426,3726145,3745612,3746152,3746512,3751264,3761245,3761425,3762145,3764125,4123765,4125736,4127356,4237156,4237615,4276315,4356712,4357162,4365712,4371526,4372615,4376125,4376215,4512736,4523716,4561237,4561372,4563127,4567321,4613572,4615372,4635712,4651372,4673251,4673521,4675321,4716235,4731265,5126374,5127346,5137462,5237146,5243716,5246731,5273164,5273614,5324671,5371264,5374612,5412736,5423716,5467321,5612347,5613742,5627314,5631247,5637124,5671432,5673241,5714362,5714632,5716432,5734126,5746132,6123457,6124375,6135742,6137452,6142375,6143725,6152734,6153742,6214375,6234715,6273154,6312457,6314275,6357142,6371254,6375124,6412375,6435712,6473125,6513742,6527314,6537124,6571432,6714352,6732451,6732541,6735241,6753241,7125634,7126534,7143562,7143652,7145236,7146352,7152436,7154236,7162345,7164352,7261435,7312645,7315624,7316524,7324561,7325461,7341256,7345126,7352461,7354126,7361524,7456132,7461352,7461532,7465132,7512634,7532461,7612435,7614235,7621435,7631425,7641235			1	-	5906.lswap-2fb529601be6.txt~5906.lswap-e2d18fca77cb.txt
f08b1ddb7e4d	7	1246735,1324675,1357462,1374562,1374652,1467325,1472653,1537462,1574632,1673245,1745632,1746532,1754632,1762543,2146735,2416735,2467135,2467315,2541763,2651473,3124675,3157462,3174562,3174652,3175462,3214675,3241675,3246715,3574612,3745612,3746152,3746512,4167325,4176253,4561372,4563172,4613572,4615372,4631572,4631752,4651372,4653172,4671325,4673125,4673215,4726513,5137462,5147263,5317462,5374612,5417623,5463172,5613742,5631742,5746132,5746312,6135742,6137452,6153742,6254173,6315742,6317452,6317542,6513742,6514723,6531742,6713245,6731245,6732145,6732415,7132465,7265143,7312465,7321465,7324165,7456132,7456312,7461352,7461532,7463152,7465132,7465312,7546312,7625413	1234567,1237465,1245637,1274635,1327465,1374265,1374625,1724635,1742635,1746235,2137465,2317465,2345617,2374615,2456317,2456731,2463175,2467351,2467531,2546731,2613745,2631745,2746135,2746315,3124567,3127465,3172465,3174265,3174625,3245671,3246751,3254671,3274615,3456127,3524671,3742615,3746125,3746215,4261375,4263175,4561237,4563127,4567321,4612375,4613275,4621375,4623175,4631275,4631725,4673251,4673521,4675321,5246731,5324671,5467321,5612347,5631247,5673241,6123457,6123745,6132745,6137425,6213745,6231745,6312457,6312745,6317245,6317425,6732451,6732541,6735241,6753241,7246315,7324561,7325461,7352461,7426135,7426315,7461235,7461325,7462135,7462315,7463125,7532461			1	-	5906.lswap-3baeeea281f2.txt~5906.lswap-73851215f718.txt
0fa419c2f08b	7	1234567,1237465,1245637,1274635,1327465,1374265,1374625,1724635,1742635,1746235,2137465,2317465,2345617,2374615,2456317,2456731,2463175,2467351,2467531,2546731,2613745,2631745,2746135,2746315,3124567,3127465,3172465,3174265,3174625,3245671,3246751,3254671,3274615,3456127,3524671,3742615,3746125,3746215,4261375,4263175,4561237,4563127,4567321,4612375,4613275,4621375,4623175,4631275,4631725,4673251,4673521,4675321,5246731,5324671,5467321,5612347,5631247,5673241,6123457,6123745,6132745,6137425,6213745,6231745,6312457,6312745,6317245,6317425,6732451,6732541,6735241,6753241,7246315,7324561,7325461,7352461,7426135,7426315,7461235,7461325,7462135,7462315,7463125,7532461	1246735,1324675,1357462,1374562,1374652,1467325,1472653,1537462,1574632,1673245,1745632,1746532,1754632,1762543,2146735,2416735,2467135,2467315,2541763,2651473,3124675,3157462,3174562,3174652,3175462,3214675,3241675,3246715,3574612,3745612,3746152,3746512,4167325,4176253,4561372,4563172,4613572,4615372,4631572,4631752,4651372,4653172,4671325,4673125,4673215,4726513,5137462,5147263,5317462,5374612,5417623,5463172,5613742,5631742,5746132,5746312,6135742,6137452,6153742,6254173,6315742,6317452,6317542,6513742,6514723,6531742,6713245,6731245,6732145,6732415,7132465,7265143,7312465,7321465,7324165,7456132,7456312,7461352,7461532,7463152,7465132,7465312,7546312,7625413			1	-	5906.lswap-3baeeea281f2.txt~5906.lswap-73851215f718.txt
e76c9c894e18	7	1234567,1237645,1243576,1243765,1245637,1246735,1256374,1257346,1263754,1264735,1265374,1273456,1273546,1357462,1374562,1374652,1423576,1423765,1427635,1432576,1435276,1437265,1437625,1452376,1524376,1527364,1537462,1542376,1562734,1623475,1652734,2143765,2345617,2347165,2357146,2371456,2371546,2376145,2376415,2435716,2437156,2437615,2456317,2467315,2563714,2571436,2573416,2614375,2637514,2647315,2653714,2714356,2731564,2731654,2734516,2735416,2736154,2763145,3124567,3124675,3126475,3142765,3156274,3165274,3257146,3412576,3451276,3456127,3471625,3527146,3541276,3571246,3571426,3574612,3615274,3712564,3712654,3714526,3715246,3715426,3726145,3745612,3746152,3746512,3751264,3761245,3761425,3762145,3764125,4123765,4125736,4127356,4235716,4237156,4237615,4276315,4325716,4352716,4357126,4371526,4372615,4376125,4376215,4512736,4523716,4561237,4561372,4563127,4613572,4615372,4651372,4673125,4716235,4731265,5126374,5127346,5137462,5237146,5243716,5271436,5273164,5273614,5371264,5374612,5412736,5423716,5612347,5613742,5627314,5631247,5637124,5712436,5714236,5714326,5734126,5746132,6123457,6124375,6135742,6137452,6142375,6143725,6152734,6153742,6214375,6234715,6273154,6312457,6314275,6371254,6375124,6412375,6473125,6513742,6527314,6537124,6731245,7124356,7125634,7126534,7142356,7143256,7143526,7145236,7152436,7154236,7162345,7261435,7312465,7312645,7315624,7316524,7341256,7345126,7354126,7361524,7456132,7461352,7461532,7465132,7512634,7612435,7614235,7621435,7631425,7641235	1235764,1237456,1237546,1246375,1247536,1253746,1256734,1264375,1265734,1267354,1273465,1273645,1327465,1374265,1374625,1426375,1435672,1436572,1437562,1437652,1452736,1453762,1463572,1472653,1542736,1543762,1562374,1627345,1643572,1652374,1762543,2137465,2357614,2371564,2371654,2374516,2375416,2463715,2475316,2537416,2541763,2567314,2613745,2637145,2643715,2651473,2657314,2673514,2731456,2731546,2734165,2734615,2736415,2746135,3124756,3125674,3126574,3145276,3154276,3274615,3416275,3461275,3512674,3567142,3571462,3571642,3576124,3641275,3657142,3712465,3712645,3714265,3715624,3716524,3741256,3742615,3745126,3746215,3754126,3756142,3761452,3761542,3765142,4123756,4125376,4127365,4162735,4176253,4261375,4263715,4273156,4356712,4357162,4365712,4371265,4375612,4376152,4376512,4512376,4527316,4537612,4612735,4613275,4621375,4635712,4637125,4726513,4753126,5123746,5126734,5143762,5147263,5237164,5273146,5312476,5374126,5376142,5412376,5417623,5427316,5437612,5614372,5623714,5671432,5673124,5714362,5714632,5716432,5731264,5761234,6123574,6127345,6132745,6137425,6143752,6145372,6154372,6213745,6237154,6254173,6273415,6357142,6371245,6371425,6412735,6435712,6437125,6514372,6514723,6523714,6571432,6573124,6714352,6731254,6735124,7124635,7126435,7142635,7143562,7143652,7146352,7156234,7164352,7165234,7265143,7312564,7312654,7314526,7315426,7341625,7346125,7351264,7364125,7412536,7426135,7451236,7461325,7462135,7531246,7541236,7561432,7612354,7614532,7615432,7625413,7651432			1	-	5906.lswap-423441640591.txt~5906.lswap-5dbb54e50268.txt
41dfe21e6c1c	7	1235764,1237456,1237546,1246375,1247536,1253746,1256734,1264375,1265734,1267354,1273465,1273645,1327465,1374265,1374625,1426375,1435672,1436572,1437562,1437652,1452736,1453762,1463572,1472653,1542736,1543762,1562374,1627345,1643572,1652374,1762543,2137465,2357614,2371564,2371654,2374516,2375416,2463715,2475316,2537416,2541763,2567314,2613745,2637145,2643715,2651473,2657314,2673514,2731456,2731546,2734165,2734615,2736415,2746135,3124756,3125674,3126574,3145276,3154276,3274615,3416275,3461275,3512674,3567142,3571462,3571642,3576124,3641275,3657142,3712465,3712645,3714265,3715624,3716524,3741256,3742615,3745126,3746215,3754126,3756142,3761452,3761542,3765142,4123756,4125376,4127365,4162735,4176253,4261375,4263715,4273156,4356712,4357162,4365712,4371265,4375612,4376152,4376512,4512376,4527316,4537612,4612735,4613275,4621375,4635712,4637125,4726513,4753126,5123746,5126734,5143762,5147263,5237164,5273146,5312476,5374126,5376142,5412376,5417623,5427316,5437612,5614372,5623714,5671432,5673124,5714362,5714632,5716432,5731264,5761234,6123574,6127345,6132745,6137425,6143752,6145372,6154372,6213745,6237154,6254173,6273415,6357142,6371245,6371425,6412735,6435712,6437125,6514372,6514723,6523714,6571432,6573124,6714352,6731254,6735124,7124635,7126435,7142635,7143562,7143652,7146352,7156234,7164352,7165234,7265143,7312564,7312654,7314526,7315426,7341625,7346125,7351264,7364125,7412536,7426135,7451236,7461325,7462135,7531246,7541236,7561432,7612354,7614532,7615432,7625413,7651432	1234567,1237645,1243576,1243765,1245637,1246735,1256374,1257346,1263754,1264735,1265374,1273456,1273546,1357462,1374562,1374652,1423576,1423765,1427635,1432576,1435276,1437265,1437625,1452376,1524376,1527364,1537462,1542376,1562734,1623475,1652734,2143765,2345617,2347165,2357146,2371456,2371546,2376145,2376415,2435716,2437156,2437615,2456317,2467315,2563714,2571436,2573416,2614375,2637514,2647315,2653714,2714356,2731564,2731654,2734516,2735416,2736154,2763145,3124567,3124675,3126475,3142765,3156274,3165274,3257146,3412576,3451276,3456127,3471625,3527146,3541276,3571246,3571426,3574612,3615274,3712564,3712654,3714526,3715246,3715426,3726145,3745612,3746152,3746512,3751264,3761245,3761425,3762145,3764125,4123765,4125736,4127356,4235716,4237156,4237615,4276315,4325716,4352716,4357126,4371526,4372615,4376125,4376215,4512736,4523716,4561237,4561372,4563127,4613572,4615372,4651372,4673125,4716235,4731265,5126374,5127346,5137462,5237146,5243716,5271436,5273164,5273614,5371264,5374612,5412736,5423716,5612347,5613742,5627314,5631247,5637124,5712436,5714236,5714326,5734126,5746132,6123457,6124375,6135742,6137452,6142375,6143725,6152734,6153742,6214375,6234715,6273154,6312457,6314275,6371254,6375124,6412375,6473125,6513742,6527314,6537124,6731245,7124356,7125634,7126534,7142356,7143256,7143526,7145236,7152436,7154236,7162345,7261435,7312465,7312645,7315624,7316524,7341256,7345126,7354126,7361524,7456132,7461352,7461532,7465132,7512634,7612435,7614235,7621435,7631425,7641235			1	-	5906.lswap-423441640591.txt~5906.lswap-5dbb54e50268.txt
5e3e40b58466	7	1234567,1243576,1245637,1423576,1432576,1435276,2345617,2357146,2435716,2456317,2571436,2714356,3124567,3257146,3456127,3527146,3571246,3571426,4235716,4325716,4352716,4357126,4561237,4563127,5271436,5612347,5631247,5712436,5714236,5714326,6123457,6312457,7124356,7142356,7143256,7143526	1435672,1436572,1463572,1472653,1643572,1762543,2541763,2651473,3567142,3571462,3571642,3657142,4176253,4356712,4357162,4365712,4635712,4726513,5147263,5417623,5671432,5714362,5714632,5716432,6254173,6357142,6435712,6514723,6571432,6714352,7143562,7143652,7146352,7164352,7265143,7625413			1	-	5906.lswap-423441640591.txt~5906.lswap-7602ba885180.txt
c958df8ea4c3	7	1435672,1436572,1463572,1472653,1643572,1762543,2541763,2651473,3567142,3571462,3571642,3657142,4176253,4356712,4357162,4365712,4635712,4726513,5147263,5417623,5671432,5714362,5714632,5716432,6254173,6357142,6435712,6514723,6571432,6714352,7143562,7143652,7146352,7164352,7265143,7625413	1234567,1243576,1245637,1423576,1432576,1435276,2345617,2357146,2435716,2456317,2571436,2714356,3124567,3257146,3456127,3527146,3571246,3571426,4235716,4325716,4352716,4357126,4561237,4563127,5271436,5612347,5631247,5712436,5714236,5714326,6123457,6312457,7124356,7142356,7143256,7143526			1	-	5906.lswap-423441640591.txt~5906.lswap-7602ba885180.txt
bbdd86597cc7	7	1234567,1243576,1245637,1246735,1274635,1324675,1357462,1374562,1374652,1423576,1432576,1435276,1467325,1537462,1673245,1724635,1742635,1746235,2146735,2317465,2345617,2357146,2416735,2435716,2456317,2463175,2467135,2467315,2571436,2631745,2714356,2746315,3124567,3124675,3127465,3172465,3174265,3174625,3214675,3241675,3246715,3257146,3456127,3527146,3571246,3571426,3574612,3745612,3746152,3746512,4167325,4235716,4263175,4325716,4352716,4357126,4561237,4561372,4563127,4613572,4615372,4623175,4631275,4631725,4651372,4671325,4673125,4673215,5137462,5271436,5374612,5612347,5613742,5631247,5712436,5714236,5714326,5746132,6123457,6135742,6137452,6153742,6231745,6312457,6312745,6317245,6317425,6513742,6713245,6731245,6732145,6732415,7124356,7132465,7142356,7143256,7143526,7246315,7312465,7321465,7324165,7426315,7456132,7461352,7461532,7462315,7463125,7465132	1237465,1327465,1374265,1374625,1435672,1436572,1463572,1472653,1574632,1643572,1745632,1746532,1754632,1762543,2137465,2374615,2456731,2467351,2467531,2541763,2546731,2613745,2651473,2746135,3157462,3174562,3174652,3175462,3245671,3246751,3254671,3274615,3524671,3567142,3571462,3571642,3657142,3742615,3746125,3746215,4176253,4261375,4356712,4357162,4365712,4563172,4567321,4612375,4613275,4621375,4631572,4631752,4635712,4653172,4673251,4673521,4675321,4726513,5147263,5246731,5317462,5324671,5417623,5463172,5467321,5631742,5671432,5673241,5714362,5714632,5716432,5746312,6123745,6132745,6137425,6213745,6254173,6315742,6317452,6317542,6357142,6435712,6514723,6531742,6571432,6714352,6732451,6732541,6735241,6753241,7143562,7143652,7146352,7164352,7265143,7324561,7325461,7352461,7426135,7456312,7461235,7461325,7462135,7463152,7465312,7532461,7546312,7625413			1	-	5906.lswap-423441640591.txt~5906.lswap-a28e203d65dc.txt
28eb250a68ea	7	1237465,1327465,1374265,1374625,1435672,1436572,1463572,1472653,1574632,1643572,1745632,1746532,1754632,1762543,2137465,2374615,2456731,2467351,2467531,2541763,2546731,2613745,2651473,2746135,3157462,3174562,3174652,3175462,3245671,3246751,3254671,3274615,3524671,3567142,3571462,3571642,3657142,3742615,3746125,3746215,4176253,4261375,4356712,4357162,4365712,4563172,4567321,4612375,4613275,4621375,4631572,4631752,4635712,4653172,4673251,4673521,4675321,4726513,5147263,5246731,5317462,5324671,5417623,5463172,5467321,5631742,5671432,5673241,5714362,5714632,5716432,5746312,6123745,6132745,6137425,6213745,6254173,6315742,6317452,6317542,6357142,6435712,6514723,6531742,6571432,6714352,6732451,6732541,6735241,6753241,7143562,7143652,7146352,7164352,7265143,7324561,7325461,7352461,7426135,7456312,7461235,7461325,7462135,7463152,7465312,7532461,7546312,7625413	1234567,1243576,1245637,1246735,1274635,1324675,1357462,1374562,1374652,1423576,1432576,1435276,1467325,1537462,1673245,1724635,1742635,1746235,2146735,2317465,2345617,2357146,2416735,2435716,2456317,2463175,2467135,2467315,2571436,2631745,2714356,2746315,3124567,3124675,3127465,3172465,3174265,3174625,3214675,3241675,3246715,3257146,3456127,3527146,3571246,3571426,3574612,3745612,3746152,3746512,4167325,4235716,4263175,4325716,4352716,4357126,4561237,4561372,4563127,4613572,4615372,4623175,4631275,4631725,4651372,4671325,4673125,4673215,5137462,5271436,5374612,5612347,5613742,5631247,5712436,5714236,5714326,5746132,6123457,6135742,6137452,6153742,6231745,6312457,6312745,6317245,6317425,6513742,6713245,6731245,6732145,6732415,7124356,7132465,7142356,7143256,7143526,7246315,7312465,7321465,7324165,7426315,7456132,7461352,7461532,7462315,7463125,7465132			1	-	5906.lswap-423441640591.txt~5906.lswap-a28e203d65dc.txt
038dbff96d7c	7	1234567,1237645,1243576,1243765,1245637,1246735,1256374,1257346,1263754,1264735,1265374,1273456,1273546,1274635,1357462,1374562,1374652,1423576,1423765,1427635,1432576,1435276,1437265,1437625,1452376,1524376,1527364,1537462,1542376,1562734,1623475,1652734,1724635,1742635,1746235,2143765,2317465,2345617,2347165,2357146,2371456,2371546,2376145,2376415,2435716,2437156,2437615,2456317,2463175,2467315,2563714,2571436,2573416,2614375,2631745,2637514,2647315,2653714,2714356,2731564,2731654,2734516,2735416,2736154,2746315,2763145,3124567,3124675,3126475,3127465,3142765,3156274,3165274,3172465,3174265,3174625,3257146,3412576,3451276,3456127,3471625,3527146,3541276,3571246,3571426,3574612,3615274,3712564,3712654,3714526,3715246,3715426,3726145,3745612,3746152,3746512,3751264,3761245,3761425,3762145,3764125,4123765,4125736,4127356,4235716,4237156,4237615,4263175,4276315,4325716,4352716,4357126,4371526,4372615,4376125,4376215,4512736,4523716,4561237,4561372,4563127,4613572,4615372,4623175,4631275,4631725,4651372,4673125,4716235,4731265,5126374,5127346,5137462,5237146,5243716,5271436,5273164,5273614,5371264,5374612,5412736,5423716,5612347,5613742,5627314,5631247,5637124,5712436,5714236,5714326,5734126,5746132,6123457,6124375,6135742,6137452,6142375,6143725,6152734,6153742,6214375,6231745,6234715,6273154,6312457,6312745,6314275,6317245,6317425,6371254,6375124,6412375,6473125,6513742,6527314,6537124,6731245,7124356,7125634,7126534,7142356,7143256,7143526,7145236,7152436,7154236,7162345,7246315,7261435,7312465,7312645,7315624,7316524,7341256,7345126,7354126,7361524,7426315,7456132,7461352,7461532,7462315,7463125,7465132,7512634,7612435,7614235,7621435,7631425,7641235	1235764,1237456,1237546,1246375,1247536,1253746,1256734,1264375,1265734,1267354,1273465,1273645,1327465,1374265,1374625,1426375,1435672,1436572,1437562,1437652,1452736,1453762,1463572,1472653,1542736,1543762,1562374,1574632,1627345,1643572,1652374,1745632,1746532,1754632,1762543,2137465,2357614,2371564,2371654,2374516,2375416,2463715,2475316,2537416,2541763,2567314,2613745,2637145,2643715,2651473,2657314,2673514,2731456,2731546,2734165,2734615,2736415,2746135,3124756,3125674,3126574,3145276,3154276,3157462,3174562,3174652,3175462,3274615,3416275,3461275,3512674,3567142,3571462,3571642,3576124,3641275,3657142,3712465,3712645,3714265,3715624,3716524,3741256,3742615,3745126,3746215,3754126,3756142,3761452,3761542,3765142,4123756,4125376,4127365,4162735,4176253,4261375,4263715,4273156,4356712,4357162,4365712,4371265,4375612,4376152,4376512,4512376,4527316,4537612,4563172,4612735,4613275,4621375,4631572,4631752,4635712,4637125,4653172,4726513,4753126,5123746,5126734,5143762,5147263,5237164,5273146,5312476,5317462,5374126,5376142,5412376,5417623,5427316,5437612,5463172,5614372,5623714,5631742,5671432,5673124,5714362,5714632,5716432,5731264,5746312,5761234,6123574,6127345,6132745,6137425,6143752,6145372,6154372,6213745,6237154,6254173,6273415,6315742,6317452,6317542,6357142,6371245,6371425,6412735,6435712,6437125,6514372,6514723,6523714,6531742,6571432,6573124,6714352,6731254,6735124,7124635,7126435,7142635,7143562,7143652,7146352,7156234,7164352,7165234,7265143,7312564,7312654,7314526,7315426,7341625,7346125,7351264,7364125,7412536,7426135,7451236,7456312,7461325,7462135,7463152,7465312,7531246,7541236,7546312,7561432,7612354,7614532,7615432,7625413,7651432			1	-	5906.lswap-423441640591.txt~5906.lswap-df71274e07be.txt
2a574f2daa75	7	1235764,1237456,1237546,1246375,1247536,1253746,1256734,1264375,1265734,1267354,1273465,1273645,1327465,1374265,1374625,1426375,1435672,1436572,1437562,1437652,1452736,1453762,1463572,1472653,1542736,1543762,1562374,1574632,1627345,1643572,1652374,1745632,1746532,1754632,1762543,2137465,2357614,2371564,2371654,2374516,2375416,2463715,2475316,2537416,2541763,2567314,2613745,2637145,2643715,2651473,2657314,2673514,2731456,2731546,2734165,2734615,2736415,2746135,3124756,3125674,3126574,3145276,3154276,3157462,3174562,3174652,3175462,3274615,3416275,3461275,3512674,3567142,3571462,3571642,3576124,3641275,3657142,3712465,3712645,3714265,3715624,3716524,3741256,3742615,3745126,3746215,3754126,3756142,3761452,3761542,3765142,4123756,4125376,4127365,4162735,4176253,4261375,4263715,4273156,4356712,4357162,4365712,4371265,4375612,4376152,4376512,4512376,4527316,4537612,4563172,4612735,4613275,4621375,4631572,4631752,4635712,4637125,4653172,4726513,4753126,5123746,5126734,5143762,5147263,5237164,5273146,5312476,5317462,5374126,5376142,5412376,5417623,5427316,5437612,5463172,5614372,5623714,5631742,5671432,5673124,5714362,5714632,5716432,5731264,5746312,5761234,6123574,6127345,6132745,6137425,6143752,6145372,6154372,6213745,6237154,6254173,6273415,6315742,6317452,6317542,6357142,6371245,6371425,6412735,6435712,6437125,6514372,6514723,6523714,6531742,6571432,6573124,6714352,6731254,6735124,7124635,7126435,7142635,7143562,7143652,7146352,7156234,7164352,7165234,7265143,7312564,7312654,7314526,7315426,7341625,7346125,7351264,7364125,7412536,7426135,7451236,7456312,7461325,7462135,7463152,7465312,7531246,7541236,7546312,7561432,7612354,7614532,7615432,7625413,7651432	1234567,1237645,1243576,1243765,1245637,1246735,1256374,1257346,1263754,1264735,1265374,1273456,1273546,1274635,1357462,1374562,1374652,1423576,1423765,1427635,1432576,1435276,1437265,1437625,1452376,1524376,1527364,1537462,1542376,1562734,1623475,1652734,1724635,1742635,1746235,2143765,2317465,2345617,2347165,2357146,2371456,2371546,2376145,2376415,2435716,2437156,2437615,2456317,2463175,2467315,2563714,2571436,2573416,2614375,2631745,2637514,2647315,2653714,2714356,2731564,2731654,2734516,2735416,2736154,2746315,2763145,3124567,3124675,3126475,3127465,3142765,3156274,3165274,3172465,3174265,3174625,3257146,3412576,3451276,3456127,3471625,3527146,3541276,3571246,3571426,3574612,3615274,3712564,3712654,3714526,3715246,3715426,3726145,3745612,3746152,3746512,3751264,3761245,3761425,3762145,3764125,4123765,4125736,4127356,4235716,4237156,4237615,4263175,4276315,4325716,4352716,4357126,4371526,4372615,4376125,4376215,4512736,4523716,4561237,4561372,4563127,4613572,4615372,4623175,4631275,4631725,4651372,4673125,4716235,4731265,5126374,5127346,5137462,5237146,5243716,5271436,5273164,5273614,5371264,5374612,5412736,5423716,5612347,5613742,5627314,5631247,5637124,5712436,5714236,5714326,5734126,5746132,6123457,6124375,6135742,6137452,6142375,6143725,6152734,6153742,6214375,6231745,6234715,6273154,6312457,6312745,6314275,6317245,6317425,6371254,6375124,6412375,6473125,6513742,6527314,6537124,6731245,7124356,7125634,7126534,7142356,7143256,7143526,7145236,7152436,7154236,7162345,7246315,7261435,7312465,7312645,7315624,7316524,7341256,7345126,7354126,7361524,7426315,7456132,7461352,7461532,7462315,7463125,7465132,7512634,7612435,7614235,7621435,7631425,7641235			1	-	5906.lswap-423441640591.txt~5906.lswap-df71274e07be.txt
6e943a6ae528	7	1234567,1237645,1243576,1245637,1246735,1256374,1257346,1263754,1264735,1265374,1273456,1273546,1357462,1374562,1374652,1423576,1427635,1432576,1435276,1452376,1524376,1527364,1537462,1542376,1562734,1623475,1652734,2345617,2347165,2357146,2371456,2371546,2376415,2435716,2437156,2456317,2467315,2563714,2571436,2573416,2637514,2647315,2653714,2714356,2731564,2731654,2734516,2735416,2736154,2763145,3124567,3124675,3126475,3142765,3156274,3165274,3257146,3412576,3451276,3456127,3471625,3527146,3541276,3571246,3571426,3574612,3615274,3712564,3712654,3714526,3715246,3715426,3745612,3746152,3746512,3751264,3764125,4123765,4125736,4127356,4235716,4237156,4276315,4325716,4352716,4357126,4371526,4512736,4523716,4561237,4561372,4563127,4613572,4615372,4651372,4673125,4716235,4731265,5126374,5127346,5137462,5237146,5243716,5271436,5273164,5273614,5371264,5374612,5412736,5423716,5612347,5613742,5627314,5631247,5637124,5712436,5714236,5714326,5734126,5746132,6123457,6135742,6137452,6152734,6153742,6234715,6273154,6312457,6314275,6371254,6375124,6412375,6473125,6513742,6527314,6537124,6731245,7124356,7125634,7126534,7142356,7143256,7143526,7145236,7152436,7154236,7162345,7312465,7312645,7315624,7316524,7341256,7345126,7354126,7361524,7456132,7461352,7461532,7465132,7512634,7631425,7641235	1235764,1237456,1237546,1246375,1247536,1253746,1256734,1264375,1265734,1267354,1273465,1273645,1327465,1374265,1374625,1426375,1435672,1436572,1452736,1463572,1472653,1542736,1562374,1627345,1643572,1652374,1762543,2137465,2357614,2371564,2371654,2374516,2375416,2463715,2475316,2537416,2541763,2567314,2613745,2637145,2643715,2651473,2657314,2673514,2731456,2731546,2734165,2734615,2736415,2746135,3124756,3125674,3126574,3145276,3154276,3274615,3416275,3461275,3512674,3567142,3571462,3571642,3576124,3641275,3657142,3712465,3712645,3714265,3715624,3716524,3741256,3742615,3745126,3746215,3754126,4123756,4125376,4127365,4162735,4176253,4261375,4263715,4273156,4356712,4357162,4365712,4371265,4512376,4527316,4612735,4613275,4621375,4635712,4637125,4726513,4753126,5123746,5126734,5147263,5237164,5273146,5312476,5374126,5412376,5417623,5427316,5623714,5671432,5673124,5714362,5714632,5716432,5731264,5761234,6123574,6127345,6132745,6137425,6213745,6237154,6254173,6273415,6357142,6371245,6371425,6412735,6435712,6437125,6514723,6523714,6571432,6573124,6714352,6731254,6735124,7124635,7126435,7142635,7143562,7143652,7146352,7156234,7164352,7165234,7265143,7312564,7312654,7314526,7315426,7341625,7346125,7351264,7364125,7412536,7426135,7451236,7461325,7462135,7531246,7541236,7612354,7625413			1	-	5906.lswap-423441640591.txt~5906.lswap-eeb9a73f4b33.txt
5bbd9f177d9c	7	1235764,1237456,1237546,1246375,1247536,1253746,1256734,1264375,1265734,1267354,1273465,1273645,1327465,1374265,1374625,1426375,1435672,1436572,1452736,1463572,1472653,1542736,1562374,1627345,1643572,1652374,1762543,2137465,2357614,2371564,2371654,2374516,2375416,2463715,2475316,2537416,2541763,2567314,2613745,2637145,2643715,2651473,2657314,2673514,2731456,2731546,2734165,2734615,2736415,2746135,3124756,3125674,3126574,3145276,3154276,3274615,3416275,3461275,3512674,3567142,3571462,3571642,3576124,3641275,3657142,3712465,3712645,3714265,3715624,3716524,3741256,3742615,3745126,3746215,3754126,4123756,4125376,4127365,4162735,4176253,4261375,4263715,4273156,4356712,4357162,4365712,4371265,4512376,4527316,4612735,4613275,4621375,4635712,4637125,4726513,4753126,5123746,5126734,5147263,5237164,5273146,5312476,5374126,5412376,5417623,5427316,5623714,5671432,5673124,5714362,5714632,5716432,5731264,5761234,6123574,6127345,6132745,6137425,6213745,6237154,6254173,6273415,6357142,6371245,6371425,6412735,6435712,6437125,6514723,6523714,6571432,6573124,6714352,6731254,6735124,7124635,7126435,7142635,7143562,7143652,7146352,7156234,7164352,7165234,7265143,7312564,7312654,7314526,7315426,7341625,7346125,7351264,7364125,7412536,7426135,7451236,7461325,7462135,7531246,7541236,7612354,7625413	1234567,1237645,1243576,1245637,1246735,1256374,1257346,1263754,1264735,1265374,1273456,1273546,1357462,1374562,1374652,1423576,1427635,1432576,1435276,1452376,1524376,1527364,1537462,1542376,1562734,1623475,1652734,2345617,2347165,2357146,2371456,2371546,2376415,2435716,2437156,2456317,2467315,2563714,2571436,2573416,2637514,2647315,2653714,2714356,2731564,2731654,2734516,2735416,2736154,2763145,3124567,3124675,3126475,3142765,3156274,3165274,3257146,3412576,3451276,3456127,3471625,3527146,3541276,3571246,3571426,3574612,3615274,3712564,3712654,3714526,3715246,3715426,3745612,3746152,3746512,3751264,3764125,4123765,4125736,4127356,4235716,4237156,4276315,4325716,4352716,4357126,4371526,4512736,4523716,4561237,4561372,4563127,4613572,4615372,4651372,4673125,4716235,4731265,5126374,5127346,5137462,5237146,5243716,5271436,5273164,5273614,5371264,5374612,5412736,5423716,5612347,5613742,5627314,5631247,5637124,5712436,5714236,5714326,5734126,5746132,6123457,6135742,6137452,6152734,6153742,6234715,6273154,6312457,6314275,6371254,6375124,6412375,6473125,6513742,6527314,6537124,6731245,7124356,7125634,7126534,7142356,7143256,7143526,7145236,7152436,7154236,7162345,7312465,7312645,7315624,7316524,7341256,7345126,7354126,7361524,7456132,7461352,7461532,7465132,7512634,7631425,7641235			1	-	5906.lswap-423441640591.txt~5906.lswap-eeb9a73f4b33.txt
8fc24bd78fad	7	1234567,1243576,1245637,1246735,1324675,1357462,1374562,1374652,1423576,1432576,1435276,1467325,1537462,1673245,2146735,2345617,2357146,2416735,2435716,2456317,2467135,2467315,2571436,2714356,3124567,3124675,3214675,3241675,3246715,3257146,3456127,3527146,3571246,3571426,3574612,3745612,3746152,3746512,4167325,4235716,4325716,4352716,4357126,4561237,4561372,4563127,4613572,4615372,4651372,4671325,4673125,4673215,5137462,5271436,5374612,5612347,5613742,5631247,5712436,5714236,5714326,5746132,6123457,6135742,6137452,6153742,6312457,6513742,6713245,6731245,6732145,6732415,7124356,7132465,7142356,7143256,7143526,7312465,7321465,7324165,7456132,7461352,7461532,7465132	1237465,1327465,1374265,1374625,1435672,1436572,1463572,1472653,1643572,1762543,2137465,2374615,2456731,2467351,2467531,2541763,2546731,2613745,2651473,2746135,3245671,3246751,3254671,3274615,3524671,3567142,3571462,3571642,3657142,3742615,3746125,3746215,4176253,4261375,4356712,4357162,4365712,4567321,4612375,4613275,4621375,4635712,4673251,4673521,4675321,4726513,5147263,5246731,5324671,5417623,5467321,5671432,5673241,5714362,5714632,5716432,6123745,6132745,6137425,6213745,6254173,6357142,6435712,6514723,6571432,6714352,6732451,6732541,6735241,6753241,7143562,7143652,7146352,7164352,7265143,7324561,7325461,7352461,7426135,7461235,7461325,7462135,7532461,7625413			1	-	5906.lswap-423441640591.txt~5906.lswap-f6dbf9989449.txt
f4d01cebfb11	7	1237465,1327465,1374265,1374625,1435672,1436572,1463572,1472653,1643572,1762543,2137465,2374615,2456731,2467351,2467531,2541763,2546731,2613745,2651473,2746135,3245671,3246751,3254671,3274615,3524671,3567142,3571462,3571642,3657142,3742615,3746125,3746215,4176253,4261375,4356712,4357162,4365712,4567321,4612375,4613275,4621375,4635712,4673251,4673521,4675321,4726513,5147263,5246731,5324671,5417623,5467321,5671432,5673241,5714362,5714632,5716432,6123745,6132745,6137425,6213745,6254173,6357142,6435712,6514723,6571432,6714352,6732451,6732541,6735241,6753241,7143562,7143652,7146352,7164352,7265143,7324561,7325461,7352461,7426135,7461235,7461325,7462135,7532461,7625413	1234567,1243576,1245637,1246735,1324675,1357462,1374562,1374652,1423576,1432576,1435276,1467325,1537462,1673245,2146735,2345617,2357146,2416735,2435716,2456317,2467135,2467315,2571436,2714356,3124567,3124675,3214675,3241675,3246715,3257146,3456127,3527146,3571246,3571426,3574612,3745612,3746152,3746512,4167325,4235716,4325716,4352716,4357126,4561237,4561372,4563127,4613572,4615372,4651372,4671325,4673125,4673215,5137462,5271436,5374612,5612347,5613742,5631247,5712436,5714236,5714326,5746132,6123457,6135742,6137452,6153742,6312457,6513742,6713245,6731245,6732145,6732415,7124356,7132465,7142356,7143256,7143526,7312465,7321465,7324165,7456132,7461352,7461532,7465132			1	-	5906.lswap-423441640591.txt~5906.lswap-f6dbf9989449.txt
5cd553a8321b	7	1243576,1246735,1324675,1357462,1374562,1374652,1423576,1432576,1435276,1467325,1472653,1537462,1673245,1762543,2146735,2357146,2416735,2435716,2467135,2467315,2541763,2571436,2651473,2714356,3124675,3214675,3241675,3246715,3257146,3527146,3571246,3571426,3574612,3745612,3746152,3746512,4167325,4176253,4235716,4325716,4352716,4357126,4561372,4613572,4615372,4651372,4671325,4673125,4673215,4726513,5137462,5147263,5271436,5374612,5417623,5613742,5712436,5714236,5714326,5746132,6135742,6137452,6153742,6254173,6513742,6514723,6713245,6731245,6732145,6732415,7124356,7132465,7142356,7143256,7143526,7265143,7312465,7321465,7324165,7456132,7461352,7461532,7465132,7625413	1234567,1237465,1245637,1327465,1374265,1374625,1435672,1436572,1463572,1643572,2137465,2345617,2374615,2456317,2456731,2467351,2467531,2546731,2613745,2746135,3124567,3245671,3246751,3254671,3274615,3456127,3524671,3567142,3571462,3571642,3657142,3742615,3746125,3746215,4261375,4356712,4357162,4365712,4561237,4563127,4567321,4612375,4613275,4621375,4635712,4673251,4673521,4675321,5246731,5324671,5467321,5612347,5631247,5671432,5673241,5714362,5714632,5716432,6123457,6123745,6132745,6137425,6213745,6312457,6357142,6435712,6571432,6714352,6732451,6732541,6735241,6753241,7143562,7143652,7146352,7164352,7324561,7325461,7352461,7426135,7461235,7461325,7462135,7532461			1	-	5906.lswap-469763027c57.txt~5906.lswap-73851215f718.txt
bc6dd269b36a	7	1234567,1237465,1245637,1327465,1374265,1374625,1435672,1436572,1463572,1643572,2137465,2345617,2374615,2456317,2456731,2467351,2467531,2546731,2613745,2746135,3124567,3245671,3246751,3254671,3274615,3456127,3524671,3567142,3571462,3571642,3657142,3742615,3746125,3746215,4261375,4356712,4357162,4365712,4561237,4563127,4567321,4612375,4613275,4621375,4635712,4673251,4673521,4675321,5246731,5324671,5467321,5612347,5631247,5671432,5673241,5714362,5714632,5716432,6123457,6123745,6132745,6137425,6213745,6312457,6357142,6435712,6571432,6714352,6732451,6732541,6735241,6753241,7143562,7143652,7146352,7164352,7324561,7325461,7352461,7426135,7461235,7461325,7462135,7532461	1243576,1246735,1324675,1357462,1374562,1374652,1423576,1432576,1435276,1467325,1472653,1537462,1673245,1762543,2146735,2357146,2416735,2435716,2467135,2467315,2541763,2571436,2651473,2714356,3124675,3214675,3241675,3246715,3257146,3527146,3571246,3571426,3574612,3745612,3746152,3746512,4167325,4176253,4235716,4325716,4352716,4357126,4561372,4613572,4615372,4651372,4671325,4673125,4673215,4726513,5137462,5147263,5271436,5374612,5417623,5613742,5712436,5714236,5714326,5746132,6135742,6137452,6153742,6254173,6513742,6514723,6713245,6731245,6732145,6732415,7124356,7132465,7142356,7143256,7143526,7265143,7312465,7321465,7324165,7456132,7461352,7461532,7465132,7625413			1	-	5906.lswap-469763027c57.txt~5906.lswap-73851215f718.txt
4728d8e5f3d2	7	1243576,1423576,1432576,1435276,1472653,1762543,2357146,2435716,2541763,2571436,2651473,2714356,3257146,3527146,3571246,3571426,4176253,4235716,4325716,4352716,4357126,4726513,5147263,5271436,5417623,5712436,5714236,5714326,6254173,6514723,7124356,7142356,7143256,7143526,7265143,7625413	1234567,1245637,1435672,1436572,1463572,1643572,2345617,2456317,3124567,3456127,3567142,3571462,3571642,3657142,4356712,4357162,4365712,4561237,4563127,4635712,5612347,5631247,5671432,5714362,5714632,5716432,6123457,6312457,6357142,6435712,6571432,6714352,7143562,7143652,7146352,7164352			1	-	5906.lswap-469763027c57.txt~5906.lswap-821102adfff8.txt
c2220252475b	7	1234567,1245637,1435672,1436572,1463572,1643572,2345617,2456317,3124567,3456127,3567142,3571462,3571642,3657142,4356712,4357162,4365712,4561237,4563127,4635712,5612347,5631247,5671432,5714362,5714632,5716432,6123457,6312457,6357142,6435712,6571432,6714352,7143562,7143652,7146352,7164352	1243576,1423576,1432576,1435276,1472653,1762543,2357146,2435716,2541763,2571436,2651473,2714356,3257146,3527146,3571246,3571426,4176253,4235716,4325716,4352716,4357126,4726513,5147263,5271436,5417623,5712436,5714236,5714326,6254173,6514723,7124356,7142356,7143256,7143526,7265143,7625413			1	-	5906.lswap-469763027c57.txt~5906.lswap-821102adfff8.txt
c1f9c93a5c27	7	1235764,1237456,1237546,1243576,1246375,1247536,1253746,1256734,1264375,1265734,1267354,1273465,1273645,1324675,1423576,1426375,1432576,1435276,1452736,1467325,1472653,1542736,1562374,1574632,1627345,1652374,1673245,1745632,1746532,1754632,1762543,2146735,2357146,2357614,2371564,2371654,2374516,2375416,2416735,2435716,2463715,2467135,2475316,2537416,2541763,2567314,2571436,2637145,2643715,2651473,2657314,2673514,2714356,2731456,2731546,2734165,2734615,2736415,3124756,3125674,3126574,3145276,3154276,3157462,3174562,3174652,3175462,3214675,3241675,3246715,3257146,3416275,3461275,3512674,3527146,3571246,3571426,3576124,3641275,3712465,3712645,3714265,3715624,3716524,3741256,3745126,3754126,4123756,4125376,4127365,4162735,4167325,4176253,4235716,4263715,4273156,4325716,4352716,4357126,4371265,4512376,4527316,4563172,4612735,4631572,4631752,4637125,4653172,4671325,4673215,4726513,4753126,5123746,5126734,5147263,5237164,5271436,5273146,5312476,5317462,5374126,5412376,5417623,5427316,5463172,5623714,5631742,5673124,5712436,5714236,5714326,5731264,5746312,5761234,6123574,6127345,6237154,6254173,6273415,6315742,6317452,6317542,6371245,6371425,6412735,6437125,6514723,6523714,6531742,6573124,6713245,6731254,6732145,6732415,6735124,7124356,7124635,7126435,7132465,7142356,7142635,7143256,7143526,7156234,7165234,7265143,7312564,7312654,7314526,7315426,7321465,7324165,7341625,7346125,7351264,7364125,7412536,7451236,7456312,7463152,7465312,7531246,7541236,7546312,7612354,7625413	1234567,1237465,1237645,1245637,1256374,1257346,1263754,1264735,1265374,1273456,1273546,1274635,1427635,1435672,1436572,1452376,1463572,1524376,1527364,1542376,1562734,1623475,1643572,1652734,1724635,1742635,1746235,2317465,2345617,2347165,2371456,2371546,2374615,2376415,2437156,2456317,2456731,2463175,2467351,2467531,2546731,2563714,2573416,2631745,2637514,2647315,2653714,2731564,2731654,2734516,2735416,2736154,2746315,2763145,3124567,3126475,3127465,3142765,3156274,3165274,3172465,3174265,3174625,3245671,3246751,3254671,3412576,3451276,3456127,3471625,3524671,3541276,3567142,3571462,3571642,3615274,3657142,3712564,3712654,3714526,3715246,3715426,3746125,3751264,3764125,4123765,4125736,4127356,4237156,4263175,4276315,4356712,4357162,4365712,4371526,4512736,4523716,4561237,4563127,4567321,4612375,4623175,4631275,4631725,4635712,4673251,4673521,4675321,4716235,4731265,5126374,5127346,5237146,5243716,5246731,5273164,5273614,5324671,5371264,5412736,5423716,5467321,5612347,5627314,5631247,5637124,5671432,5673241,5714362,5714632,5716432,5734126,6123457,6123745,6152734,6231745,6234715,6273154,6312457,6312745,6314275,6317245,6317425,6357142,6371254,6375124,6412375,6435712,6473125,6527314,6537124,6571432,6714352,6732451,6732541,6735241,6753241,7125634,7126534,7143562,7143652,7145236,7146352,7152436,7154236,7162345,7164352,7246315,7312645,7315624,7316524,7324561,7325461,7341256,7345126,7352461,7354126,7361524,7426315,7461235,7462315,7463125,7512634,7532461,7631425,7641235			1	-	5906.lswap-52f45c5e8e22.txt~5906.lswap-73851215f718.txt
821e83c01b7c	7	1234567,1237465,1237645,1245637,1256374,1257346,1263754,1264735,1265374,1273456,1273546,1274635,1427635,1435672,1436572,1452376,1463572,1524376,1527364,1542376,1562734,1623475,1643572,1652734,1724635,1742635,1746235,2317465,2345617,2347165,2371456,2371546,2374615,2376415,2437156,2456317,2456731,2463175,2467351,2467531,2546731,2563714,2573416,2631745,2637514,2647315,2653714,2731564,2731654,2734516,2735416,2736154,2746315,2763145,3124567,3126475,3127465,3142765,3156274,3165274,3172465,3174265,3174625,3245671,3246751,3254671,3412576,3451276,3456127,3471625,3524671,3541276,3567142,3571462,3571642,3615274,3657142,3712564,3712654,3714526,3715246,3715426,3746125,3751264,3764125,4123765,4125736,4127356,4237156,4263175,4276315,4356712,4357162,4365712,4371526,4512736,4523716,4561237,4563127,4567321,4612375,4623175,4631275,4631725,4635712,4673251,4673521,4675321,4716235,4731265,5126374,5127346,5237146,5243716,5246731,5273164,5273614,5324671,5371264,5412736,5423716,5467321,5612347,5627314,5631247,5637124,5671432,5673241,5714362,5714632,5716432,5734126,6123457,6123745,6152734,6231745,6234715,6273154,6312457,6312745,6314275,6317245,6317425,6357142,6371254,6375124,6412375,6435712,6473125,6527314,6537124,6571432,6714352,6732451,6732541,6735241,6753241,7125634,7126534,7143562,7143652,7145236,7146352,7152436,7154236,7162345,7164352,7246315,7312645,7315624,7316524,7324561,7325461,7341256,7345126,7352461,7354126,7361524,7426315,7461235,7462315,7463125,7512634,7532461,7631425,7641235	1235764,1237456,1237546,1243576,1246375,1247536,1253746,1256734,1264375,1265734,1267354,1273465,1273645,1324675,1423576,1426375,1432576,1435276,1452736,1467325,1472653,1542736,1562374,1574632,1627345,1652374,1673245,1745632,1746532,1754632,1762543,2146735,2357146,2357614,2371564,2371654,2374516,2375416,2416735,2435716,2463715,2467135,2475316,2537416,2541763,2567314,2571436,2637145,2643715,2651473,2657314,2673514,2714356,2731456,2731546,2734165,2734615,2736415,3124756,3125674,3126574,3145276,3154276,3157462,3174562,3174652,3175462,3214675,3241675,3246715,3257146,3416275,3461275,3512674,3527146,3571246,3571426,3576124,3641275,3712465,3712645,3714265,3715624,3716524,3741256,3745126,3754126,4123756,4125376,4127365,4162735,4167325,4176253,4235716,4263715,4273156,4325716,4352716,4357126,4371265,4512376,4527316,4563172,4612735,4631572,4631752,4637125,4653172,4671325,4673215,4726513,4753126,5123746,5126734,5147263,5237164,5271436,5273146,5312476,5317462,5374126,5412376,5417623,5427316,5463172,5623714,5631742,5673124,5712436,5714236,5714326,5731264,5746312,5761234,6123574,6127345,6237154,6254173,6273415,6315742,6317452,6317542,6371245,6371425,6412735,6437125,6514723,6523714,6531742,6573124,6713245,6731254,6732145,6732415,6735124,7124356,7124635,7126435,7132465,7142356,7142635,7143256,7143526,7156234,7165234,7265143,7312564,7312654,7314526,7315426,7321465,7324165,7341625,7346125,7351264,7364125,7412536,7451236,7456312,7463152,7465312,7531246,7541236,7546312,7612354,7625413			1	-	5906.lswap-52f45c5e8e22.txt~5906.lswap-73851215f718.txt
ae30533f923a	7	1235764,1237456,1237546,1243576,1246375,1247536,1253746,1256734,1264375,1265734,1267354,1273465,1273645,1327465,1374265,1374625,1423576,1426375,1432576,1435276,1452736,1472653,1542736,1562374,1574632,1627345,1652374,1745632,1746532,1754632,1762543,2137465,2357146,2357614,2371564,2371654,2374516,2375416,2435716,2463715,2475316,2537416,2541763,2567314,2571436,2613745,2637145,2643715,2651473,2657314,2673514,2714356,2731456,2731546,2734165,2734615,2736415,2746135,3124756,3125674,3126574,3145276,3154276,3157462,3174562,3174652,3175462,3257146,3274615,3416275,3461275,3512674,3527146,3571246,3571426,3576124,3641275,3712465,3712645,3714265,3715624,3716524,3741256,3742615,3745126,3746215,3754126,4123756,4125376,4127365,4162735,4176253,4235716,4261375,4263715,4273156,4325716,4352716,4357126,4371265,4512376,4527316,4563172,4612735,4613275,4621375,4631572,4631752,4637125,4653172,4726513,4753126,5123746,5126734,5147263,5237164,5271436,5273146,5312476,5317462,5374126,5412376,5417623,5427316,5463172,5623714,5631742,5673124,5712436,5714236,5714326,5731264,5746312,5761234,6123574,6127345,6132745,6137425,6213745,6237154,6254173,6273415,6315742,6317452,6317542,6371245,6371425,6412735,6437125,6514723,6523714,6531742,6573124,6731254,6735124,7124356,7124635,7126435,7142356,7142635,7143256,7143526,7156234,7165234,7265143,7312564,7312654,7314526,7315426,7341625,7346125,7351264,7364125,7412536,7426135,7451236,7456312,7461325,7462135,7463152,7465312,7531246,7541236,7546312,7612354,7625413	1234567,1237645,1245637,1246735,1256374,1257346,1263754,1264735,1265374,1273456,1273546,1274635,1357462,1374562,1374652,1427635,1435672,1436572,1452376,1463572,1524376,1527364,1537462,1542376,1562734,1623475,1643572,1652734,1724635,1742635,1746235,2317465,2345617,2347165,2371456,2371546,2376415,2437156,2456317,2463175,2467315,2563714,2573416,2631745,2637514,2647315,2653714,2731564,2731654,2734516,2735416,2736154,2746315,2763145,3124567,3124675,3126475,3127465,3142765,3156274,3165274,3172465,3174265,3174625,3412576,3451276,3456127,3471625,3541276,3567142,3571462,3571642,3574612,3615274,3657142,3712564,3712654,3714526,3715246,3715426,3745612,3746152,3746512,3751264,3764125,4123765,4125736,4127356,4237156,4263175,4276315,4356712,4357162,4365712,4371526,4512736,4523716,4561237,4561372,4563127,4613572,4615372,4623175,4631275,4631725,4635712,4651372,4673125,4716235,4731265,5126374,5127346,5137462,5237146,5243716,5273164,5273614,5371264,5374612,5412736,5423716,5612347,5613742,5627314,5631247,5637124,5671432,5714362,5714632,5716432,5734126,5746132,6123457,6135742,6137452,6152734,6153742,6231745,6234715,6273154,6312457,6312745,6314275,6317245,6317425,6357142,6371254,6375124,6412375,6435712,6473125,6513742,6527314,6537124,6571432,6714352,6731245,7125634,7126534,7143562,7143652,7145236,7146352,7152436,7154236,7162345,7164352,7246315,7312465,7312645,7315624,7316524,7341256,7345126,7354126,7361524,7426315,7456132,7461352,7461532,7462315,7463125,7465132,7512634,7631425,7641235			1	-	5906.lswap-52f45c5e8e22.txt~5906.lswap-821102adfff8.txt
2f9f850b1759	7	1234567,1237645,1245637,1246735,1256374,1257346,1263754,1264735,1265374,1273456,1273546,1274635,1357462,1374562,1374652,1427635,1435672,1436572,1452376,1463572,1524376,1527364,1537462,1542376,1562734,1623475,1643572,1652734,1724635,1742635,1746235,2317465,2345617,2347165,2371456,2371546,2376415,2437156,2456317,2463175,2467315,2563714,2573416,2631745,2637514,2647315,2653714,2731564,2731654,2734516,2735416,2736154,2746315,2763145,3124567,3124675,3126475,3127465,3142765,3156274,3165274,3172465,3174265,3174625,3412576,3451276,3456127,3471625,3541276,3567142,3571462,3571642,3574612,3615274,3657142,3712564,3712654,3714526,3715246,3715426,3745612,3746152,3746512,3751264,3764125,4123765,4125736,4127356,4237156,4263175,4276315,4356712,4357162,4365712,4371526,4512736,4523716,4561237,4561372,4563127,4613572,4615372,4623175,4631275,4631725,4635712,4651372,4673125,4716235,4731265,5126374,5127346,5137462,5237146,5243716,5273164,5273614,5371264,5374612,5412736,5423716,5612347,5613742,5627314,5631247,5637124,5671432,5714362,5714632,5716432,5734126,5746132,6123457,6135742,6137452,6152734,6153742,6231745,6234715,6273154,6312457,6312745,6314275,6317245,6317425,6357142,6371254,6375124,6412375,6435712,6473125,6513742,6527314,6537124,6571432,6714352,6731245,7125634,7126534,7143562,7143652,7145236,7146352,7152436,7154236,7162345,7164352,7246315,7312465,7312645,7315624,7316524,7341256,7345126,7354126,7361524,7426315,7456132,7461352,7461532,7462315,7463125,7465132,7512634,7631425,7641235	1235764,1237456,1237546,1243576,1246375,1247536,1253746,1256734,1264375,1265734,1267354,1273465,1273645,1327465,1374265,1374625,1423576,1426375,1432576,1435276,1452736,1472653,1542736,1562374,1574632,1627345,1652374,1745632,1746532,1754632,1762543,2137465,2357146,2357614,2371564,2371654,2374516,2375416,2435716,2463715,2475316,2537416,2541763,2567314,2571436,2613745,2637145,2643715,2651473,2657314,2673514,2714356,2731456,2731546,2734165,2734615,2736415,2746135,3124756,3125674,3126574,3145276,3154276,3157462,3174562,3174652,3175462,3257146,3274615,3416275,3461275,3512674,3527146,3571246,3571426,3576124,3641275,3712465,3712645,3714265,3715624,3716524,3741256,3742615,3745126,3746215,3754126,4123756,4125376,4127365,4162735,4176253,4235716,4261375,4263715,4273156,4325716,4352716,4357126,4371265,4512376,4527316,4563172,4612735,4613275,4621375,4631572,4631752,4637125,4653172,4726513,4753126,5123746,5126734,5147263,5237164,5271436,5273146,5312476,5317462,5374126,5412376,5417623,5427316,5463172,5623714,5631742,5673124,5712436,5714236,5714326,5731264,5746312,5761234,6123574,6127345,6132745,6137425,6213745,6237154,6254173,6273415,6315742,6317452,6317542,6371245,6371425,6412735,6437125,6514723,6523714,6531742,6573124,6731254,6735124,7124356,7124635,7126435,7142356,7142635,7143256,7143526,7156234,7165234,7265143,7312564,7312654,7314526,7315426,7341625,7346125,7351264,7364125,7412536,7426135,7451236,7456312,7461325,7462135,7463152,7465312,7531246,7541236,7546312,7612354,7625413			1	-	5906.lswap-52f45c5e8e22.txt~5906.lswap-821102adfff8.txt
698dcf70c661	7	1237465,1243576,1327465,1374265,1374625,1423576,1432576,1435276,1472653,1574632,1745632,1746532,1754632,1762543,2137465,2357146,2374615,2435716,2456731,2467351,2467531,2541763,2546731,2571436,2613745,2651473,2714356,2746135,3157462,3174562,3174652,3175462,3245671,3246751,3254671,3257146,3274615,3524671,3527146,3571246,3571426,3742615,3746125,3746215,4176253,4235716,4261375,4325716,4352716,4357126,4563172,4567321,4612375,4613275,4621375,4631572,4631752,4653172,4673251,4673521,4675321,4726513,5147263,5246731,5271436,5317462,5324671,5417623,5463172,5467321,5631742,5673241,5712436,5714236,5714326,5746312,6123745,6132745,6137425,6213745,6254173,6315742,6317452,6317542,6514723,6531742,6732451,6732541,6735241,6753241,7124356,7142356,7143256,7143526,7265143,7324561,7325461,7352461,7426135,7456312,7461235,7461325,7462135,7463152,7465312,7532461,7546312,7625413	1234567,1245637,1246735,1274635,1324675,1357462,1374562,1374652,1435672,1436572,1463572,1467325,1537462,1643572,1673245,1724635,1742635,1746235,2146735,2317465,2345617,2416735,2456317,2463175,2467135,2467315,2631745,2746315,3124567,3124675,3127465,3172465,3174265,3174625,3214675,3241675,3246715,3456127,3567142,3571462,3571642,3574612,3657142,3745612,3746152,3746512,4167325,4263175,4356712,4357162,4365712,4561237,4561372,4563127,4613572,4615372,4623175,4631275,4631725,4635712,4651372,4671325,4673125,4673215,5137462,5374612,5612347,5613742,5631247,5671432,5714362,5714632,5716432,5746132,6123457,6135742,6137452,6153742,6231745,6312457,6312745,6317245,6317425,6357142,6435712,6513742,6571432,6713245,6714352,6731245,6732145,6732415,7132465,7143562,7143652,7146352,7164352,7246315,7312465,7321465,7324165,7426315,7456132,7461352,7461532,7462315,7463125,7465132			1	-	5906.lswap-5764c730eaee.txt~5906.lswap-821102adfff8.txt
bac45191348c	7	1234567,1245637,1246735,1274635,1324675,1357462,1374562,1374652,1435672,1436572,1463572,1467325,1537462,1643572,1673245,1724635,1742635,1746235,2146735,2317465,2345617,2416735,2456317,2463175,2467135,2467315,2631745,2746315,3124567,3124675,3127465,3172465,3174265,3174625,3214675,3241675,3246715,3456127,3567142,3571462,3571642,3574612,3657142,3745612,3746152,3746512,4167325,4263175,4356712,4357162,4365712,4561237,4561372,4563127,4613572,4615372,4623175,4631275,4631725,4635712,4651372,4671325,4673125,4673215,5137462,5374612,5612347,5613742,5631247,5671432,5714362,5714632,5716432,5746132,6123457,6135742,6137452,6153742,6231745,6312457,6312745,6317245,6317425,6357142,6435712,6513742,6571432,6713245,6714352,6731245,6732145,6732415,7132465,7143562,7143652,7146352,7164352,7246315,7312465,7321465,7324165,7426315,7456132,7461352,7461532,7462315,7463125,7465132	1237465,1243576,1327465,1374265,1374625,1423576,1432576,1435276,1472653,1574632,1745632,1746532,1754632,1762543,2137465,2357146,2374615,2435716,2456731,2467351,2467531,2541763,2546731,2571436,2613745,2651473,2714356,2746135,3157462,3174562,3174652,3175462,3245671,3246751,3254671,3257146,3274615,3524671,3527146,3571246,3571426,3742615,3746125,3746215,4176253,4235716,4261375,4325716,4352716,4357126,4563172,4567321,4612375,4613275,4621375,4631572,4631752,4653172,4673251,4673521,4675321,4726513,5147263,5246731,5271436,5317462,5324671,5417623,5463172,5467321,5631742,5673241,5712436,5714236,5714326,5746312,6123745,6132745,6137425,6213745,6254173,6315742,6317452,6317542,6514723,6531742,6732451,6732541,6735241,6753241,7124356,7142356,7143256,7143526,7265143,7324561,7325461,7352461,7426135,7456312,7461235,7461325,7462135,7463152,7465312,7532461,7546312,7625413			1	-	5906.lswap-5764c730eaee.txt~5906.lswap-821102adfff8.txt
1fdef8fb9a0a	7	1235764,1237456,1237546,1246375,1247536,1253746,1256734,1264375,1265734,1267354,1273465,1273645,1324675,1426375,1437562,1437652,1452736,1453762,1467325,1472653,1542736,1543762,1562374,1627345,1652374,1673245,1762543,2146735,2357614,2371564,2371654,2374516,2375416,2416735,2463715,2467135,2475316,2537416,2541763,2567314,2637145,2643715,2651473,2657314,2673514,2731456,2731546,2734165,2734615,2736415,3124756,3125674,3126574,3145276,3154276,3214675,3241675,3246715,3416275,3461275,3512674,3576124,3641275,3712465,3712645,3714265,3715624,3716524,3741256,3745126,3754126,3756142,3761452,3761542,3765142,4123756,4125376,4127365,4162735,4167325,4176253,4263715,4273156,4371265,4375612,4376152,4376512,4512376,4527316,4537612,4612735,4637125,4671325,4673215,4726513,4753126,5123746,5126734,5143762,5147263,5237164,5273146,5312476,5374126,5376142,5412376,5417623,5427316,5437612,5614372,5623714,5673124,5731264,5761234,6123574,6127345,6143752,6145372,6154372,6237154,6254173,6273415,6371245,6371425,6412735,6437125,6514372,6514723,6523714,6573124,6713245,6731254,6732145,6732415,6735124,7124635,7126435,7132465,7142635,7156234,7165234,7265143,7312564,7312654,7314526,7315426,7321465,7324165,7341625,7346125,7351264,7364125,7412536,7451236,7531246,7541236,7561432,7612354,7614532,7615432,7625413,7651432	1234567,1237465,1237645,1243765,1245637,1256374,1257346,1263754,1264735,1265374,1273456,1273546,1423765,1427635,1437265,1437625,1452376,1524376,1527364,1542376,1562734,1623475,1652734,2143765,2345617,2347165,2371456,2371546,2374615,2376145,2376415,2437156,2437615,2456317,2456731,2467351,2467531,2546731,2563714,2573416,2614375,2637514,2647315,2653714,2731564,2731654,2734516,2735416,2736154,2763145,3124567,3126475,3142765,3156274,3165274,3245671,3246751,3254671,3412576,3451276,3456127,3471625,3524671,3541276,3615274,3712564,3712654,3714526,3715246,3715426,3726145,3746125,3751264,3761245,3761425,3762145,3764125,4123765,4125736,4127356,4237156,4237615,4276315,4371526,4372615,4376125,4376215,4512736,4523716,4561237,4563127,4567321,4612375,4673251,4673521,4675321,4716235,4731265,5126374,5127346,5237146,5243716,5246731,5273164,5273614,5324671,5371264,5412736,5423716,5467321,5612347,5627314,5631247,5637124,5673241,5734126,6123457,6123745,6124375,6142375,6143725,6152734,6214375,6234715,6273154,6312457,6314275,6371254,6375124,6412375,6473125,6527314,6537124,6732451,6732541,6735241,6753241,7125634,7126534,7145236,7152436,7154236,7162345,7261435,7312645,7315624,7316524,7324561,7325461,7341256,7345126,7352461,7354126,7361524,7461235,7512634,7532461,7612435,7614235,7621435,7631425,7641235			1	-	5906.lswap-5dbb54e50268.txt~5906.lswap-73851215f718.txt
f609e3a8e480	7	1234567,1237465,1237645,1243765,1245637,1256374,1257346,1263754,1264735,1265374,1273456,1273546,1423765,1427635,1437265,1437625,1452376,1524376,1527364,1542376,1562734,1623475,1652734,2143765,2345617,2347165,2371456,2371546,2374615,2376145,2376415,2437156,2437615,2456317,2456731,2467351,2467531,2546731,2563714,2573416,2614375,2637514,2647315,2653714,2731564,2731654,2734516,2735416,2736154,2763145,3124567,3126475,3142765,3156274,3165274,3245671,3246751,3254671,3412576,3451276,3456127,3471625,3524671,3541276,3615274,3712564,3712654,3714526,3715246,3715426,3726145,3746125,3751264,3761245,3761425,3762145,3764125,4123765,4125736,4127356,4237156,4237615,4276315,4371526,4372615,4376125,4376215,4512736,4523716,4561237,4563127,4567321,4612375,4673251,4673521,4675321,4716235,4731265,5126374,5127346,5237146,5243716,5246731,5273164,5273614,5324671,5371264,5412736,5423716,5467321,5612347,5627314,5631247,5637124,5673241,5734126,6123457,6123745,6124375,6142375,6143725,6152734,6214375,6234715,6273154,6312457,6314275,6371254,6375124,6412375,6473125,6527314,6537124,6732451,6732541,6735241,6753241,7125634,7126534,7145236,7152436,7154236,7162345,7261435,7312645,7315624,7316524,7324561,7325461,7341256,7345126,7352461,7354126,7361524,7461235,7512634,7532461,7612435,7614235,7621435,7631425,7641235	1235764,1237456,1237546,1246375,1247536,1253746,1256734,1264375,1265734,1267354,1273465,1273645,1324675,1426375,1437562,1437652,1452736,1453762,1467325,1472653,1542736,1543762,1562374,1627345,1652374,1673245,1762543,2146735,2357614,2371564,2371654,2374516,2375416,2416735,2463715,2467135,2475316,2537416,2541763,2567314,2637145,2643715,2651473,2657314,2673514,2731456,2731546,2734165,2734615,2736415,3124756,3125674,3126574,3145276,3154276,3214675,3241675,3246715,3416275,3461275,3512674,3576124,3641275,3712465,3712645,3714265,3715624,3716524,3741256,3745126,3754126,3756142,3761452,3761542,3765142,4123756,4125376,4127365,4162735,4167325,4176253,4263715,4273156,4371265,4375612,4376152,4376512,4512376,4527316,4537612,4612735,4637125,4671325,4673215,4726513,4753126,5123746,5126734,5143762,5147263,5237164,5273146,5312476,5374126,5376142,5412376,5417623,5427316,5437612,5614372,5623714,5673124,5731264,5761234,6123574,6127345,6143752,6145372,6154372,6237154,6254173,6273415,6371245,6371425,6412735,6437125,6514372,6514723,6523714,6573124,6713245,6731254,6732145,6732415,6735124,7124635,7126435,7132465,7142635,7156234,7165234,7265143,7312564,7312654,7314526,7315426,7321465,7324165,7341625,7346125,7351264,7364125,7412536,7451236,7531246,7541236,7561432,7612354,7614532,7615432,7625413,7651432			1	-	5906.lswap-5dbb54e50268.txt~5906.lswap-73851215f718.txt
bbf1b4974173	7	1234567,1237465,1245637,1327465,1374265,1374625,2137465,2345617,2374615,2456317,2456731,2467351,2467531,2546731,2613745,2746135,3124567,3245671,3246751,3254671,3274615,3456127,3524671,3742615,3746125,3746215,4261375,4561237,4563127,4567321,4612375,4613275,4621375,4673251,4673521,4675321,5246731,5324671,5467321,5612347,5631247,5673241,6123457,6123745,6132745,6137425,6213745,6312457,6732451,6732541,6735241,6753241,7324561,7325461,7352461,7426135,7461235,7461325,7462135,7532461	1246735,1324675,1357462,1374562,1374652,1467325,1472653,1537462,1673245,1762543,2146735,2416735,2467135,2467315,2541763,2651473,3124675,3214675,3241675,3246715,3574612,3745612,3746152,3746512,4167325,4176253,4561372,4613572,4615372,4651372,4671325,4673125,4673215,4726513,5137462,5147263,5374612,5417623,5613742,5746132,6135742,6137452,6153742,6254173,6513742,6514723,6713245,6731245,6732145,6732415,7132465,7265143,7312465,7321465,7324165,7456132,7461352,7461532,7465132,7625413			1	-	5906.lswap-73851215f718.txt~5906.lswap-7602ba885180.txt
427e8cc7a808	7	1246735,1324675,1357462,1374562,1374652,1467325,1472653,1537462,1673245,1762543,2146735,2416735,2467135,2467315,2541763,2651473,3124675,3214675,3241675,3246715,3574612,3745612,3746152,3746512,4167325,4176253,4561372,4613572,4615372,4651372,4671325,4673125,4673215,4726513,5137462,5147263,5374612,5417623,5613742,5746132,6135742,6137452,6153742,6254173,6513742,6514723,6713245,6731245,6732145,6732415,7132465,7265143,7312465,7321465,7324165,7456132,7461352,7461532,7465132,7625413	1234567,1237465,1245637,1327465,1374265,1374625,2137465,2345617,2374615,2456317,2456731,2467351,2467531,2546731,2613745,2746135,3124567,3245671,3246751,3254671,3274615,3456127,3524671,3742615,3746125,3746215,4261375,4561237,4563127,4567321,4612375,4613275,4621375,4673251,4673521,4675321,5246731,5324671,5467321,5612347,5631247,5673241,6123457,6123745,6132745,6137425,6213745,6312457,6732451,6732541,6735241,6753241,7324561,7325461,7352461,7426135,7461235,7461325,7462135,7532461			1	-	5906.lswap-73851215f718.txt~5906.lswap-7602ba885180.txt
989d2fdca27a	7	1234567,1237465,1237645,1243765,1245637,1256374,1257346,1263754,1264735,1265374,1273456,1273546,1274635,1423765,1427635,1435672,1436572,1437265,1437625,1452376,1463572,1524376,1527364,1542376,1562734,1623475,1643572,1652734,1724635,1742635,1746235,2143765,2317465,2345617,2347165,2371456,2371546,2374615,2376145,2376415,2437156,2437615,2456317,2456731,2463175,2467351,2467531,2546731,2563714,2573416,2614375,2631745,2637514,2647315,2653714,2731564,2731654,2734516,2735416,2736154,2746315,2763145,3124567,3126475,3127465,3142765,3156274,3165274,3172465,3174265,3174625,3245671,3246751,3254671,3412576,3451276,3456127,3471625,3524671,3541276,3567142,3571462,3571642,3615274,3657142,3712564,3712654,3714526,3715246,3715426,3726145,3746125,3751264,3761245,3761425,3762145,3764125,4123765,4125736,4127356,4237156,4237615,4263175,4276315,4356712,4357162,4365712,4371526,4372615,4376125,4376215,4512736,4523716,4561237,4563127,4567321,4612375,4623175,4631275,4631725,4635712,4673251,4673521,4675321,4716235,4731265,5126374,5127346,5237146,5243716,5246731,5273164,5273614,5324671,5371264,5412736,5423716,5467321,5612347,5627314,5631247,5637124,5671432,5673241,5714362,5714632,5716432,5734126,6123457,6123745,6124375,6142375,6143725,6152734,6214375,6231745,6234715,6273154,6312457,6312745,6314275,6317245,6317425,6357142,6371254,6375124,6412375,6435712,6473125,6527314,6537124,6571432,6714352,6732451,6732541,6735241,6753241,7125634,7126534,7143562,7143652,7145236,7146352,7152436,7154236,7162345,7164352,7246315,7261435,7312645,7315624,7316524,7324561,7325461,7341256,7345126,7352461,7354126,7361524,7426315,7461235,7462315,7463125,7512634,7532461,7612435,7614235,7621435,7631425,7641235	1235764,1237456,1237546,1243576,1246375,1247536,1253746,1256734,1264375,1265734,1267354,1273465,1273645,1324675,1423576,1426375,1432576,1435276,1437562,1437652,1452736,1453762,1467325,1472653,1542736,1543762,1562374,1574632,1627345,1652374,1673245,1745632,1746532,1754632,1762543,2146735,2357146,2357614,2371564,2371654,2374516,2375416,2416735,2435716,2463715,2467135,2475316,2537416,2541763,2567314,2571436,2637145,2643715,2651473,2657314,2673514,2714356,2731456,2731546,2734165,2734615,2736415,3124756,3125674,3126574,3145276,3154276,3157462,3174562,3174652,3175462,3214675,3241675,3246715,3257146,3416275,3461275,3512674,3527146,3571246,3571426,3576124,3641275,3712465,3712645,3714265,3715624,3716524,3741256,3745126,3754126,3756142,3761452,3761542,3765142,4123756,4125376,4127365,4162735,4167325,4176253,4235716,4263715,4273156,4325716,4352716,4357126,4371265,4375612,4376152,4376512,4512376,4527316,4537612,4563172,4612735,4631572,4631752,4637125,4653172,4671325,4673215,4726513,4753126,5123746,5126734,5143762,5147263,5237164,5271436,5273146,5312476,5317462,5374126,5376142,5412376,5417623,5427316,5437612,5463172,5614372,5623714,5631742,5673124,5712436,5714236,5714326,5731264,5746312,5761234,6123574,6127345,6143752,6145372,6154372,6237154,6254173,6273415,6315742,6317452,6317542,6371245,6371425,6412735,6437125,6514372,6514723,6523714,6531742,6573124,6713245,6731254,6732145,6732415,6735124,7124356,7124635,7126435,7132465,7142356,7142635,7143256,7143526,7156234,7165234,7265143,7312564,7312654,7314526,7315426,7321465,7324165,7341625,7346125,7351264,7364125,7412536,7451236,7456312,7463152,7465312,7531246,7541236,7546312,7561432,7612354,7614532,7615432,7625413,7651432			1	-	5906.lswap-73851215f718.txt~5906.lswap-af54b6f406a6.txt
4ce48a92b573	7	1235764,1237456,1237546,1243576,1246375,1247536,1253746,1256734,1264375,1265734,1267354,1273465,1273645,1324675,1423576,1426375,1432576,1435276,1437562,1437652,1452736,1453762,1467325,1472653,1542736,1543762,1562374,1574632,1627345,1652374,1673245,1745632,1746532,1754632,1762543,2146735,2357146,2357614,2371564,2371654,2374516,2375416,2416735,2435716,2463715,2467135,2475316,2537416,2541763,2567314,2571436,2637145,2643715,2651473,2657314,2673514,2714356,2731456,2731546,2734165,2734615,2736415,3124756,3125674,3126574,3145276,3154276,3157462,3174562,3174652,3175462,3214675,3241675,3246715,3257146,3416275,3461275,3512674,3527146,3571246,3571426,3576124,3641275,3712465,3712645,3714265,3715624,3716524,3741256,3745126,3754126,3756142,3761452,3761542,3765142,4123756,4125376,4127365,4162735,4167325,4176253,4235716,4263715,4273156,4325716,4352716,4357126,4371265,4375612,4376152,4376512,4512376,4527316,4537612,4563172,4612735,4631572,4631752,4637125,4653172,4671325,4673215,4726513,4753126,5123746,5126734,5143762,5147263,5237164,5271436,5273146,5312476,5317462,5374126,5376142,5412376,5417623,5427316,5437612,5463172,5614372,5623714,5631742,5673124,5712436,5714236,5714326,5731264,5746312,5761234,6123574,6127345,6143752,6145372,6154372,6237154,6254173,6273415,6315742,6317452,6317542,6371245,6371425,6412735,6437125,6514372,6514723,6523714,6531742,6573124,6713245,6731254,6732145,6732415,6735124,7124356,7124635,7126435,7132465,7142356,7142635,7143256,7143526,7156234,7165234,7265143,7312564,7312654,7314526,7315426,7321465,7324165,7341625,7346125,7351264,7364125,7412536,7451236,7456312,7463152,7465312,7531246,7541236,7546312,7561432,7612354,7614532,7615432,7625413,7651432	1234567,1237465,1237645,1243765,1245637,1256374,1257346,1263754,1264735,1265374,1273456,1273546,1274635,1423765,1427635,1435672,1436572,1437265,1437625,1452376,1463572,1524376,1527364,1542376,1562734,1623475,1643572,1652734,1724635,1742635,1746235,2143765,2317465,2345617,2347165,2371456,2371546,2374615,2376145,2376415,2437156,2437615,2456317,2456731,2463175,2467351,2467531,2546731,2563714,2573416,2614375,2631745,2637514,2647315,2653714,2731564,2731654,2734516,2735416,2736154,2746315,2763145,3124567,3126475,3127465,3142765,3156274,3165274,3172465,3174265,3174625,3245671,3246751,3254671,3412576,3451276,3456127,3471625,3524671,3541276,3567142,3571462,3571642,3615274,3657142,3712564,3712654,3714526,3715246,3715426,3726145,3746125,3751264,3761245,3761425,3762145,3764125,4123765,4125736,4127356,4237156,4237615,4263175,4276315,4356712,4357162,4365712,4371526,4372615,4376125,4376215,4512736,4523716,4561237,4563127,4567321,4612375,4623175,4631275,4631725,4635712,4673251,4673521,4675321,4716235,4731265,5126374,5127346,5237146,5243716,5246731,5273164,5273614,5324671,5371264,5412736,5423716,5467321,5612347,5627314,5631247,5637124,5671432,5673241,5714362,5714632,5716432,5734126,6123457,6123745,6124375,6142375,6143725,6152734,6214375,6231745,6234715,6273154,6312457,6312745,6314275,6317245,6317425,6357142,6371254,6375124,6412375,6435712,6473125,6527314,6537124,6571432,6714352,6732451,6732541,6735241,6753241,7125634,7126534,7143562,7143652,7145236,7146352,7152436,7154236,7162345,7164352,7246315,7261435,7312645,7315624,7316524,7324561,7325461,7341256,7345126,7352461,7354126,7361524,7426315,7461235,7462315,7463125,7512634,7532461,7612435,7614235,7621435,7631425,7641235			1	-	5906.lswap-73851215f718.txt~5906.lswap-af54b6f406a6.txt
760f0d23e496	7	1234567,1237465,1237645,1243765,1245637,1256374,1257346,1263754,1264735,1265374,1273456,1273546,1274635,1423765,1427635,1437265,1437625,1452376,1524376,1527364,1542376,1562734,1623475,1652734,1724635,1742635,1746235,2143765,2317465,2345617,2347165,2371456,2371546,2374615,2376145,2376415,2437156,2437615,2456317,2456731,2463175,2467351,2467531,2546731,2563714,2573416,2614375,2631745,2637514,2647315,2653714,2731564,2731654,2734516,2735416,2736154,2746315,2763145,3124567,3126475,3127465,3142765,3156274,3165274,3172465,3174265,3174625,3245671,3246751,3254671,3412576,3451276,3456127,3471625,3524671,3541276,3615274,3712564,3712654,3714526,3715246,3715426,3726145,3746125,3751264,3761245,3761425,3762145,3764125,4123765,4125736,4127356,4237156,4237615,4263175,4276315,4371526,4372615,4376125,4376215,4512736,4523716,4561237,4563127,4567321,4612375,4623175,4631275,4631725,4673251,4673521,4675321,4716235,4731265,5126374,5127346,5237146,5243716,5246731,5273164,5273614,5324671,5371264,5412736,5423716,5467321,5612347,5627314,5631247,5637124,5673241,5734126,6123457,6123745,6124375,6142375,6143725,6152734,6214375,6231745,6234715,6273154,6312457,6312745,6314275,6317245,6317425,6371254,6375124,6412375,6473125,6527314,6537124,6732451,6732541,6735241,6753241,7125634,7126534,7145236,7152436,7154236,7162345,7246315,7261435,7312645,7315624,7316524,7324561,7325461,7341256,7345126,7352461,7354126,7361524,7426315,7461235,7462315,7463125,7512634,7532461,7612435,7614235,7621435,7631425,7641235	1235764,1237456,1237546,1246375,1247536,1253746,1256734,1264375,1265734,1267354,1273465,1273645,1324675,1426375,1437562,1437652,1452736,1453762,1467325,1472653,1542736,1543762,1562374,1574632,1627345,1652374,1673245,1745632,1746532,1754632,1762543,2146735,2357614,2371564,2371654,2374516,2375416,2416735,2463715,2467135,2475316,2537416,2541763,2567314,2637145,2643715,2651473,2657314,2673514,2731456,2731546,2734165,2734615,2736415,3124756,3125674,3126574,3145276,3154276,3157462,3174562,3174652,3175462,3214675,3241675,3246715,3416275,3461275,3512674,3576124,3641275,3712465,3712645,3714265,3715624,3716524,3741256,3745126,3754126,3756142,3761452,3761542,3765142,4123756,4125376,4127365,4162735,4167325,4176253,4263715,4273156,4371265,4375612,4376152,4376512,4512376,4527316,4537612,4563172,4612735,4631572,4631752,4637125,4653172,4671325,4673215,4726513,4753126,5123746,5126734,5143762,5147263,5237164,5273146,5312476,5317462,5374126,5376142,5412376,5417623,5427316,5437612,5463172,5614372,5623714,5631742,5673124,5731264,5746312,5761234,6123574,6127345,6143752,6145372,6154372,6237154,6254173,6273415,6315742,6317452,6317542,6371245,6371425,6412735,6437125,6514372,6514723,6523714,6531742,6573124,6713245,6731254,6732145,6732415,6735124,7124635,7126435,7132465,7142635,7156234,7165234,7265143,7312564,7312654,7314526,7315426,7321465,7324165,7341625,7346125,7351264,7364125,7412536,7451236,7456312,7463152,7465312,7531246,7541236,7546312,7561432,7612354,7614532,7615432,7625413,7651432			1	-	5906.lswap-73851215f718.txt~5906.lswap-df71274e07be.txt
c89c9cf370a2	7	1235764,1237456,1237546,1246375,1247536,1253746,1256734,1264375,1265734,1267354,1273465,1273645,1324675,1426375,1437562,1437652,1452736,1453762,1467325,1472653,1542736,1543762,1562374,1574632,1627345,1652374,1673245,1745632,1746532,1754632,1762543,2146735,2357614,2371564,2371654,2374516,2375416,2416735,2463715,2467135,2475316,2537416,2541763,2567314,2637145,2643715,2651473,2657314,2673514,2731456,2731546,2734165,2734615,2736415,3124756,3125674,3126574,3145276,3154276,3157462,3174562,3174652,3175462,3214675,3241675,3246715,3416275,3461275,3512674,3576124,3641275,3712465,3712645,3714265,3715624,3716524,3741256,3745126,3754126,3756142,3761452,3761542,3765142,4123756,4125376,4127365,4162735,4167325,4176253,4263715,4273156,4371265,4375612,4376152,4376512,4512376,4527316,4537612,4563172,4612735,4631572,4631752,4637125,4653172,4671325,4673215,4726513,4753126,5123746,5126734,5143762,5147263,5237164,5273146,5312476,5317462,5374126,5376142,5412376,5417623,5427316,5437612,5463172,5614372,5623714,5631742,5673124,5731264,5746312,5761234,6123574,6127345,6143752,6145372,6154372,6237154,6254173,6273415,6315742,6317452,6317542,6371245,6371425,6412735,6437125,6514372,6514723,6523714,6531742,6573124,6713245,6731254,6732145,6732415,6735124,7124635,7126435,7132465,7142635,7156234,7165234,7265143,7312564,7312654,7314526,7315426,7321465,7324165,7341625,7346125,7351264,7364125,7412536,7451236,7456312,7463152,7465312,7531246,7541236,7546312,7561432,7612354,7614532,7615432,7625413,7651432	1234567,1237465,1237645,1243765,1245637,1256374,1257346,1263754,1264735,1265374,1273456,1273546,1274635,1423765,1427635,1437265,1437625,1452376,1524376,1527364,1542376,1562734,1623475,1652734,1724635,1742635,1746235,2143765,2317465,2345617,2347165,2371456,2371546,2374615,2376145,2376415,2437156,2437615,2456317,2456731,2463175,2467351,2467531,2546731,2563714,2573416,2614375,2631745,2637514,2647315,2653714,2731564,2731654,2734516,2735416,2736154,2746315,2763145,3124567,3126475,3127465,3142765,3156274,3165274,3172465,3174265,3174625,3245671,3246751,3254671,3412576,3451276,3456127,3471625,3524671,3541276,3615274,3712564,3712654,3714526,3715246,3715426,3726145,3746125,3751264,3761245,3761425,3762145,3764125,4123765,4125736,4127356,4237156,4237615,4263175,4276315,4371526,4372615,4376125,4376215,4512736,4523716,4561237,4563127,4567321,4612375,4623175,4631275,4631725,4673251,4673521,4675321,4716235,4731265,5126374,5127346,5237146,5243716,5246731,5273164,5273614,5324671,5371264,5412736,5423716,5467321,5612347,5627314,5631247,5637124,5673241,5734126,6123457,6123745,6124375,6142375,6143725,6152734,6214375,6231745,6234715,6273154,6312457,6312745,6314275,6317245,6317425,6371254,6375124,6412375,6473125,6527314,6537124,6732451,6732541,6735241,6753241,7125634,7126534,7145236,7152436,7154236,7162345,7246315,7261435,7312645,7315624,7316524,7324561,7325461,7341256,7345126,7352461,7354126,7361524,7426315,7461235,7462315,7463125,7512634,7532461,7612435,7614235,7621435,7631425,7641235			1	-	5906.lswap-73851215f718.txt~5906.lswap-df71274e07be.txt
d8cb6eb7687c	7	1234567,1237465,1237645,1243765,1245637,1256374,1257346,1263754,1264735,1265374,1273456,1273546,1423765,1427635,1435672,1436572,1437265,1437625,1452376,1463572,1524376,1527364,1542376,1562734,1623475,1643572,1652734,2143765,2345617,2347165,2371456,2371546,2374615,2376145,2376415,2437156,2437615,2456317,2456731,2467351,2467531,2546731,2563714,2573416,2614375,2637514,2647315,2653714,2731564,2731654,2734516,2735416,2736154,2763145,3124567,3126475,3142765,3156274,3165274,3245671,3246751,3254671,3412576,3451276,3456127,3471625,3524671,3541276,3567142,3571462,3571642,3615274,3657142,3712564,3712654,3714526,3715246,3715426,3726145,3746125,3751264,3761245,3761425,3762145,3764125,4123765,4125736,4127356,4237156,4237615,4276315,4356712,4357162,4365712,4371526,4372615,4376125,4376215,4512736,4523716,4561237,4563127,4567321,4612375,4635712,4673251,4673521,4675321,4716235,4731265,5126374,5127346,5237146,5243716,5246731,5273164,5273614,5324671,5371264,5412736,5423716,5467321,5612347,5627314,5631247,5637124,5671432,5673241,5714362,5714632,5716432,5734126,6123457,6123745,6124375,6142375,6143725,6152734,6214375,6234715,6273154,6312457,6314275,6357142,6371254,6375124,6412375,6435712,6473125,6527314,6537124,6571432,6714352,6732451,6732541,6735241,6753241,7125634,7126534,7143562,7143652,7145236,7146352,7152436,7154236,7162345,7164352,7261435,7312645,7315624,7316524,7324561,7325461,7341256,7345126,7352461,7354126,7361524,7461235,7512634,7532461,7612435,7614235,7621435,7631425,7641235	1235764,1237456,1237546,1243576,1246375,1247536,1253746,1256734,1264375,1265734,1267354,1273465,1273645,1324675,1423576,1426375,1432576,1435276,1437562,1437652,1452736,1453762,1467325,1472653,1542736,1543762,1562374,1627345,1652374,1673245,1762543,2146735,2357146,2357614,2371564,2371654,2374516,2375416,2416735,2435716,2463715,2467135,2475316,2537416,2541763,2567314,2571436,2637145,2643715,2651473,2657314,2673514,2714356,2731456,2731546,2734165,2734615,2736415,3124756,3125674,3126574,3145276,3154276,3214675,3241675,3246715,3257146,3416275,3461275,3512674,3527146,3571246,3571426,3576124,3641275,3712465,3712645,3714265,3715624,3716524,3741256,3745126,3754126,3756142,3761452,3761542,3765142,4123756,4125376,4127365,4162735,4167325,4176253,4235716,4263715,4273156,4325716,4352716,4357126,4371265,4375612,4376152,4376512,4512376,4527316,4537612,4612735,4637125,4671325,4673215,4726513,4753126,5123746,5126734,5143762,5147263,5237164,5271436,5273146,5312476,5374126,5376142,5412376,5417623,5427316,5437612,5614372,5623714,5673124,5712436,5714236,5714326,5731264,5761234,6123574,6127345,6143752,6145372,6154372,6237154,6254173,6273415,6371245,6371425,6412735,6437125,6514372,6514723,6523714,6573124,6713245,6731254,6732145,6732415,6735124,7124356,7124635,7126435,7132465,7142356,7142635,7143256,7143526,7156234,7165234,7265143,7312564,7312654,7314526,7315426,7321465,7324165,7341625,7346125,7351264,7364125,7412536,7451236,7531246,7541236,7561432,7612354,7614532,7615432,7625413,7651432			1	-	5906.lswap-73851215f718.txt~5906.lswap-e2d18fca77cb.txt
c14f5e5dd539	7	1235764,1237456,1237546,1243576,1246375,1247536,1253746,1256734,1264375,1265734,1267354,1273465,1273645,1324675,1423576,1426375,1432576,1435276,1437562,1437652,1452736,1453762,1467325,1472653,1542736,1543762,1562374,1627345,1652374,1673245,1762543,2146735,2357146,2357614,2371564,2371654,2374516,2375416,2416735,2435716,2463715,2467135,2475316,2537416,2541763,2567314,2571436,2637145,2643715,2651473,2657314,2673514,2714356,2731456,2731546,2734165,2734615,2736415,3124756,3125674,3126574,3145276,3154276,3214675,3241675,3246715,3257146,3416275,3461275,3512674,3527146,3571246,3571426,3576124,3641275,3712465,3712645,3714265,3715624,3716524,3741256,3745126,3754126,3756142,3761452,3761542,3765142,4123756,4125376,4127365,4162735,4167325,4176253,4235716,4263715,4273156,4325716,4352716,4357126,4371265,4375612,4376152,4376512,4512376,4527316,4537612,4612735,4637125,4671325,4673215,4726513,4753126,5123746,5126734,5143762,5147263,5237164,5271436,5273146,5312476,5374126,5376142,5412376,5417623,5427316,5437612,5614372,5623714,5673124,5712436,5714236,5714326,5731264,5761234,6123574,6127345,6143752,6145372,6154372,6237154,6254173,6273415,6371245,6371425,6412735,6437125,6514372,6514723,6523714,6573124,6713245,6731254,6732145,6732415,6735124,7124356,7124635,7126435,7132465,7142356,7142635,7143256,7143526,7156234,7165234,7265143,7312564,7312654,7314526,7315426,7321465,7324165,7341625,7346125,7351264,7364125,7412536,7451236,7531246,7541236,7561432,7612354,7614532,7615432,7625413,7651432	1234567,1237465,1237645,1243765,1245637,1256374,1257346,1263754,1264735,1265374,1273456,1273546,1423765,1427635,1435672,1436572,1437265,1437625,1452376,1463572,1524376,1527364,1542376,1562734,1623475,1643572,1652734,2143765,2345617,2347165,2371456,2371546,2374615,2376145,2376415,2437156,2437615,2456317,2456731,2467351,2467531,2546731,2563714,2573416,2614375,2637514,2647315,2653714,2731564,2731654,2734516,2735416,2736154,2763145,3124567,3126475,3142765,3156274,3165274,3245671,3246751,3254671,3412576,3451276,3456127,3471625,3524671,3541276,3567142,3571462,3571642,3615274,3657142,3712564,3712654,3714526,3715246,3715426,3726145,3746125,3751264,3761245,3761425,3762145,3764125,4123765,4125736,4127356,4237156,4237615,4276315,4356712,4357162,4365712,4371526,4372615,4376125,4376215,4512736,4523716,4561237,4563127,4567321,4612375,4635712,4673251,4673521,4675321,4716235,4731265,5126374,5127346,5237146,5243716,5246731,5273164,5273614,5324671,5371264,5412736,5423716,5467321,5612347,5627314,5631247,5637124,5671432,5673241,5714362,5714632,5716432,5734126,6123457,6123745,6124375,6142375,6143725,6152734,6214375,6234715,6273154,6312457,6314275,6357142,6371254,6375124,6412375,6435712,6473125,6527314,6537124,6571432,6714352,6732451,6732541,6735241,6753241,7125634,7126534,7143562,7143652,7145236,7146352,7152436,7154236,7162345,7164352,7261435,7312645,7315624,7316524,7324561,7325461,7341256,7345126,7352461,7354126,7361524,7461235,7512634,7532461,7612435,7614235,7621435,7631425,7641235			1	-	5906.lswap-73851215f718.txt~5906.lswap-e2d18fca77cb.txt
709cf47fa2d3	7	1234567,1237465,1237645,1245637,1256374,1257346,1263754,1264735,1265374,1273456,1273546,1427635,1452376,1524376,1527364,1542376,1562734,1623475,1652734,2345617,2347165,2371456,2371546,2374615,2376415,2437156,2456317,2456731,2467351,2467531,2546731,2563714,2573416,2637514,2647315,2653714,2731564,2731654,2734516,2735416,2736154,2763145,3124567,3126475,3142765,3156274,3165274,3245671,3246751,3254671,3412576,3451276,3456127,3471625,3524671,3541276,3615274,3712564,3712654,3714526,3715246,3715426,3746125,3751264,3764125,4123765,4125736,4127356,4237156,4276315,4371526,4512736,4523716,4561237,4563127,4567321,4612375,4673251,4673521,4675321,4716235,4731265,5126374,5127346,5237146,5243716,5246731,5273164,5273614,5324671,5371264,5412736,5423716,5467321,5612347,5627314,5631247,5637124,5673241,5734126,6123457,6123745,6152734,6234715,6273154,6312457,6314275,6371254,6375124,6412375,6473125,6527314,6537124,6732451,6732541,6735241,6753241,7125634,7126534,7145236,7152436,7154236,7162345,7312645,7315624,7316524,7324561,7325461,7341256,7345126,7352461,7354126,7361524,7461235,7512634,7532461,7631425,7641235	1235764,1237456,1237546,1246375,1247536,1253746,1256734,1264375,1265734,1267354,1273465,1273645,1324675,1426375,1452736,1467325,1472653,1542736,1562374,1627345,1652374,1673245,1762543,2146735,2357614,2371564,2371654,2374516,2375416,2416735,2463715,2467135,2475316,2537416,2541763,2567314,2637145,2643715,2651473,2657314,2673514,2731456,2731546,2734165,2734615,2736415,3124756,3125674,3126574,3145276,3154276,3214675,3241675,3246715,3416275,3461275,3512674,3576124,3641275,3712465,3712645,3714265,3715624,3716524,3741256,3745126,3754126,4123756,4125376,4127365,4162735,4167325,4176253,4263715,4273156,4371265,4512376,4527316,4612735,4637125,4671325,4673215,4726513,4753126,5123746,5126734,5147263,5237164,5273146,5312476,5374126,5412376,5417623,5427316,5623714,5673124,5731264,5761234,6123574,6127345,6237154,6254173,6273415,6371245,6371425,6412735,6437125,6514723,6523714,6573124,6713245,6731254,6732145,6732415,6735124,7124635,7126435,7132465,7142635,7156234,7165234,7265143,7312564,7312654,7314526,7315426,7321465,7324165,7341625,7346125,7351264,7364125,7412536,7451236,7531246,7541236,7612354,7625413			1	-	5906.lswap-73851215f718.txt~5906.lswap-eeb9a73f4b33.txt
279bcba663d9	7	1235764,1237456,1237546,1246375,1247536,1253746,1256734,1264375,1265734,1267354,1273465,1273645,1324675,1426375,1452736,1467325,1472653,1542736,1562374,1627345,1652374,1673245,1762543,2146735,2357614,2371564,2371654,2374516,2375416,2416735,2463715,2467135,2475316,2537416,2541763,2567314,2637145,2643715,2651473,2657314,2673514,2731456,2731546,2734165,2734615,2736415,3124756,3125674,3126574,3145276,3154276,3214675,3241675,3246715,3416275,3461275,3512674,3576124,3641275,3712465,3712645,3714265,3715624,3716524,3741256,3745126,3754126,4123756,4125376,4127365,4162735,4167325,4176253,4263715,4273156,4371265,4512376,4527316,4612735,4637125,4671325,4673215,4726513,4753126,5123746,5126734,5147263,5237164,5273146,5312476,5374126,5412376,5417623,5427316,5623714,5673124,5731264,5761234,6123574,6127345,6237154,6254173,6273415,6371245,6371425,6412735,6437125,6514723,6523714,6573124,6713245,6731254,6732145,6732415,6735124,7124635,7126435,7132465,7142635,7156234,7165234,7265143,7312564,7312654,7314526,7315426,7321465,7324165,7341625,7346125,7351264,7364125,7412536,7451236,7531246,7541236,7612354,7625413	1234567,1237465,1237645,1245637,1256374,1257346,1263754,1264735,1265374,1273456,1273546,1427635,1452376,1524376,1527364,1542376,1562734,1623475,1652734,2345617,2347165,2371456,2371546,2374615,2376415,2437156,2456317,2456731,2467351,2467531,2546731,2563714,2573416,2637514,2647315,2653714,2731564,2731654,2734516,2735416,2736154,2763145,3124567,3126475,3142765,3156274,3165274,3245671,3246751,3254671,3412576,3451276,3456127,3471625,3524671,3541276,3615274,3712564,3712654,3714526,3715246,3715426,3746125,3751264,3764125,4123765,4125736,4127356,4237156,4276315,4371526,4512736,4523716,4561237,4563127,4567321,4612375,4673251,4673521,4675321,4716235,4731265,5126374,5127346,5237146,5243716,5246731,5273164,5273614,5324671,5371264,5412736,5423716,5467321,5612347,5627314,5631247,5637124,5673241,5734126,6123457,6123745,6152734,6234715,6273154,6312457,6314275,6371254,6375124,6412375,6473125,6527314,6537124,6732451,6732541,6735241,6753241,7125634,7126534,7145236,7152436,7154236,7162345,7312645,7315624,7316524,7324561,7325461,7341256,7345126,7352461,7354126,7361524,7461235,7512634,7532461,7631425,7641235			1	-	5906.lswap-73851215f718.txt~5906.lswap-eeb9a73f4b33.txt
f5cc9fff27f8	7	1234567,1237645,1243765,1245637,1246735,1256374,1257346,1263754,1264735,1265374,1273456,1273546,1274635,1357462,1374562,1374652,1423765,1427635,1435672,1436572,1437265,1437625,1452376,1463572,1524376,1527364,1537462,1542376,1562734,1623475,1643572,1652734,1724635,1742635,1746235,2143765,2317465,2345617,2347165,2371456,2371546,2376145,2376415,2437156,2437615,2456317,2463175,2467315,2563714,2573416,2614375,2631745,2637514,2647315,2653714,2731564,2731654,2734516,2735416,2736154,2746315,2763145,3124567,3124675,3126475,3127465,3142765,3156274,3165274,3172465,3174265,3174625,3412576,3451276,3456127,3471625,3541276,3567142,3571462,3571642,3574612,3615274,3657142,3712564,3712654,3714526,3715246,3715426,3726145,3745612,3746152,3746512,3751264,3761245,3761425,3762145,3764125,4123765,4125736,4127356,4237156,4237615,4263175,4276315,4356712,4357162,4365712,4371526,4372615,4376125,4376215,4512736,4523716,4561237,4561372,4563127,4613572,4615372,4623175,4631275,4631725,4635712,4651372,4673125,4716235,4731265,5126374,5127346,5137462,5237146,5243716,5273164,5273614,5371264,5374612,5412736,5423716,5612347,5613742,5627314,5631247,5637124,5671432,5714362,5714632,5716432,5734126,5746132,6123457,6124375,6135742,6137452,6142375,6143725,6152734,6153742,6214375,6231745,6234715,6273154,6312457,6312745,6314275,6317245,6317425,6357142,6371254,6375124,6412375,6435712,6473125,6513742,6527314,6537124,6571432,6714352,6731245,7125634,7126534,7143562,7143652,7145236,7146352,7152436,7154236,7162345,7164352,7246315,7261435,7312465,7312645,7315624,7316524,7341256,7345126,7354126,7361524,7426315,7456132,7461352,7461532,7462315,7463125,7465132,7512634,7612435,7614235,7621435,7631425,7641235	1235764,1237456,1237546,1243576,1246375,1247536,1253746,1256734,1264375,1265734,1267354,1273465,1273645,1327465,1374265,1374625,1423576,1426375,1432576,1435276,1437562,1437652,1452736,1453762,1472653,1542736,1543762,1562374,1574632,1627345,1652374,1745632,1746532,1754632,1762543,2137465,2357146,2357614,2371564,2371654,2374516,2375416,2435716,2463715,2475316,2537416,2541763,2567314,2571436,2613745,2637145,2643715,2651473,2657314,2673514,2714356,2731456,2731546,2734165,2734615,2736415,2746135,3124756,3125674,3126574,3145276,3154276,3157462,3174562,3174652,3175462,3257146,3274615,3416275,3461275,3512674,3527146,3571246,3571426,3576124,3641275,3712465,3712645,3714265,3715624,3716524,3741256,3742615,3745126,3746215,3754126,3756142,3761452,3761542,3765142,4123756,4125376,4127365,4162735,4176253,4235716,4261375,4263715,4273156,4325716,4352716,4357126,4371265,4375612,4376152,4376512,4512376,4527316,4537612,4563172,4612735,4613275,4621375,4631572,4631752,4637125,4653172,4726513,4753126,5123746,5126734,5143762,5147263,5237164,5271436,5273146,5312476,5317462,5374126,5376142,5412376,5417623,5427316,5437612,5463172,5614372,5623714,5631742,5673124,5712436,5714236,5714326,5731264,5746312,5761234,6123574,6127345,6132745,6137425,6143752,6145372,6154372,6213745,6237154,6254173,6273415,6315742,6317452,6317542,6371245,6371425,6412735,6437125,6514372,6514723,6523714,6531742,6573124,6731254,6735124,7124356,7124635,7126435,7142356,7142635,7143256,7143526,7156234,7165234,7265143,7312564,7312654,7314526,7315426,7341625,7346125,7351264,7364125,7412536,7426135,7451236,7456312,7461325,7462135,7463152,7465312,7531246,7541236,7546312,7561432,7612354,7614532,7615432,7625413,7651432			1	-	5906.lswap-821102adfff8.txt~5906.lswap-af54b6f406a6.txt
a970d6913215	7	1235764,1237456,1237546,1243576,1246375,1247536,1253746,1256734,1264375,1265734,1267354,1273465,1273645,1327465,1374265,1374625,1423576,1426375,1432576,1435276,1437562,1437652,1452736,1453762,1472653,1542736,1543762,1562374,1574632,1627345,1652374,1745632,1746532,1754632,1762543,2137465,2357146,2357614,2371564,2371654,2374516,2375416,2435716,2463715,2475316,2537416,2541763,2567314,2571436,2613745,2637145,2643715,2651473,2657314,2673514,2714356,2731456,2731546,2734165,2734615,2736415,2746135,3124756,3125674,3126574,3145276,3154276,3157462,3174562,3174652,3175462,3257146,3274615,3416275,3461275,3512674,3527146,3571246,3571426,3576124,3641275,3712465,3712645,3714265,3715624,3716524,3741256,3742615,3745126,3746215,3754126,3756142,3761452,3761542,3765142,4123756,4125376,4127365,4162735,4176253,4235716,4261375,4263715,4273156,4325716,4352716,4357126,4371265,4375612,4376152,4376512,4512376,4527316,4537612,4563172,4612735,4613275,4621375,4631572,4631752,4637125,4653172,4726513,4753126,5123746,5126734,5143762,5147263,5237164,5271436,5273146,5312476,5317462,5374126,5376142,5412376,5417623,5427316,5437612,5463172,5614372,5623714,5631742,5673124,5712436,5714236,5714326,5731264,5746312,5761234,6123574,6127345,6132745,6137425,6143752,6145372,6154372,6213745,6237154,6254173,6273415,6315742,6317452,6317542,6371245,6371425,6412735,6437125,6514372,6514723,6523714,6531742,6573124,6731254,6735124,7124356,7124635,7126435,7142356,7142635,7143256,7143526,7156234,7165234,7265143,7312564,7312654,7314526,7315426,7341625,7346125,7351264,7364125,7412536,7426135,7451236,7456312,7461325,7462135,7463152,7465312,7531246,7541236,7546312,7561432,7612354,7614532,7615432,7625413,7651432	1234567,1237645,1243765,1245637,1246735,1256374,1257346,1263754,1264735,1265374,1273456,1273546,1274635,1357462,1374562,1374652,1423765,1427635,1435672,1436572,1437265,1437625,1452376,1463572,1524376,1527364,1537462,1542376,1562734,1623475,1643572,1652734,1724635,1742635,1746235,2143765,2317465,2345617,2347165,2371456,2371546,2376145,2376415,2437156,2437615,2456317,2463175,2467315,2563714,2573416,2614375,2631745,2637514,2647315,2653714,2731564,2731654,2734516,2735416,2736154,2746315,2763145,3124567,3124675,3126475,3127465,3142765,3156274,3165274,3172465,3174265,3174625,3412576,3451276,3456127,3471625,3541276,3567142,3571462,3571642,3574612,3615274,3657142,3712564,3712654,3714526,3715246,3715426,3726145,3745612,3746152,3746512,3751264,3761245,3761425,3762145,3764125,4123765,4125736,4127356,4237156,4237615,4263175,4276315,4356712,4357162,4365712,4371526,4372615,4376125,4376215,4512736,4523716,4561237,4561372,4563127,4613572,4615372,4623175,4631275,4631725,4635712,4651372,4673125,4716235,4731265,5126374,5127346,5137462,5237146,5243716,5273164,5273614,5371264,5374612,5412736,5423716,5612347,5613742,5627314,5631247,5637124,5671432,5714362,5714632,5716432,5734126,5746132,6123457,6124375,6135742,6137452,6142375,6143725,6152734,6153742,6214375,6231745,6234715,6273154,6312457,6312745,6314275,6317245,6317425,6357142,6371254,6375124,6412375,6435712,6473125,6513742,6527314,6537124,6571432,6714352,6731245,7125634,7126534,7143562,7143652,7145236,7146352,7152436,7154236,7162345,7164352,7246315,7261435,7312465,7312645,7315624,7316524,7341256,7345126,7354126,7361524,7426315,7456132,7461352,7461532,7462315,7463125,7465132,7512634,7612435,7614235,7621435,7631425,7641235			1	-	5906.lswap-821102adfff8.txt~5906.lswap-af54b6f406a6.txt
2646e152c820	7	1234567,1237645,1243765,1245637,1246735,1256374,1257346,1263754,1264735,1265374,1273456,1273546,1357462,1374562,1374652,1423765,1427635,1435672,1436572,1437265,1437625,1452376,1463572,1524376,1527364,1537462,1542376,1562734,1623475,1643572,1652734,2143765,2345617,2347165,2371456,2371546,2376145,2376415,2437156,2437615,2456317,2467315,2563714,2573416,2614375,2637514,2647315,2653714,2731564,2731654,2734516,2735416,2736154,2763145,3124567,3124675,3126475,3142765,3156274,3165274,3412576,3451276,3456127,3471625,3541276,3567142,3571462,3571642,3574612,3615274,3657142,3712564,3712654,3714526,3715246,3715426,3726145,3745612,3746152,3746512,3751264,3761245,3761425,3762145,3764125,4123765,4125736,4127356,4237156,4237615,4276315,4356712,4357162,4365712,4371526,4372615,4376125,4376215,4512736,4523716,4561237,4561372,4563127,4613572,4615372,4635712,4651372,4673125,4716235,4731265,5126374,5127346,5137462,5237146,5243716,5273164,5273614,5371264,5374612,5412736,5423716,5612347,5613742,5627314,5631247,5637124,5671432,5714362,5714632,5716432,5734126,5746132,6123457,6124375,6135742,6137452,6142375,6143725,6152734,6153742,6214375,6234715,6273154,6312457,6314275,6357142,6371254,6375124,6412375,6435712,6473125,6513742,6527314,6537124,6571432,6714352,6731245,7125634,7126534,7143562,7143652,7145236,7146352,7152436,7154236,7162345,7164352,7261435,7312465,7312645,7315624,7316524,7341256,7345126,7354126,7361524,7456132,7461352,7461532,7465132,7512634,7612435,7614235,7621435,7631425,7641235	1235764,1237456,1237546,1243576,1246375,1247536,1253746,1256734,1264375,1265734,1267354,1273465,1273645,1327465,1374265,1374625,1423576,1426375,1432576,1435276,1437562,1437652,1452736,1453762,1472653,1542736,1543762,1562374,1627345,1652374,1762543,2137465,2357146,2357614,2371564,2371654,2374516,2375416,2435716,2463715,2475316,2537416,2541763,2567314,2571436,2613745,2637145,2643715,2651473,2657314,2673514,2714356,2731456,2731546,2734165,2734615,2736415,2746135,3124756,3125674,3126574,3145276,3154276,3257146,3274615,3416275,3461275,3512674,3527146,3571246,3571426,3576124,3641275,3712465,3712645,3714265,3715624,3716524,3741256,3742615,3745126,3746215,3754126,3756142,3761452,3761542,3765142,4123756,4125376,4127365,4162735,4176253,4235716,4261375,4263715,4273156,4325716,4352716,4357126,4371265,4375612,4376152,4376512,4512376,4527316,4537612,4612735,4613275,4621375,4637125,4726513,4753126,5123746,5126734,5143762,5147263,5237164,5271436,5273146,5312476,5374126,5376142,5412376,5417623,5427316,5437612,5614372,5623714,5673124,5712436,5714236,5714326,5731264,5761234,6123574,6127345,6132745,6137425,6143752,6145372,6154372,6213745,6237154,6254173,6273415,6371245,6371425,6412735,6437125,6514372,6514723,6523714,6573124,6731254,6735124,7124356,7124635,7126435,7142356,7142635,7143256,7143526,7156234,7165234,7265143,7312564,7312654,7314526,7315426,7341625,7346125,7351264,7364125,7412536,7426135,7451236,7461325,7462135,7531246,7541236,7561432,7612354,7614532,7615432,7625413,7651432			1	-	5906.lswap-821102adfff8.txt~5906.lswap-e2d18fca77cb.txt
203b9da4a4f9	7	1235764,1237456,1237546,1243576,1246375,1247536,1253746,1256734,1264375,1265734,1267354,1273465,1273645,1327465,1374265,1374625,1423576,1426375,1432576,1435276,1437562,1437652,1452736,1453762,1472653,1542736,1543762,1562374,1627345,1652374,1762543,2137465,2357146,2357614,2371564,2371654,2374516,2375416,2435716,2463715,2475316,2537416,2541763,2567314,2571436,2613745,2637145,2643715,2651473,2657314,2673514,2714356,2731456,2731546,2734165,2734615,2736415,2746135,3124756,3125674,3126574,3145276,3154276,3257146,3274615,3416275,3461275,3512674,3527146,3571246,3571426,3576124,3641275,3712465,3712645,3714265,3715624,3716524,3741256,3742615,3745126,3746215,3754126,3756142,3761452,3761542,3765142,4123756,4125376,4127365,4162735,4176253,4235716,4261375,4263715,4273156,4325716,4352716,4357126,4371265,4375612,4376152,4376512,4512376,4527316,4537612,4612735,4613275,4621375,4637125,4726513,4753126,5123746,5126734,5143762,5147263,5237164,5271436,5273146,5312476,5374126,5376142,5412376,5417623,5427316,5437612,5614372,5623714,5673124,5712436,5714236,5714326,5731264,5761234,6123574,6127345,6132745,6137425,6143752,6145372,6154372,6213745,6237154,6254173,6273415,6371245,6371425,6412735,6437125,6514372,6514723,6523714,6573124,6731254,6735124,7124356,7124635,7126435,7142356,7142635,7143256,7143526,7156234,7165234,7265143,7312564,7312654,7314526,7315426,7341625,7346125,7351264,7364125,7412536,7426135,7451236,7461325,7462135,7531246,7541236,7561432,7612354,7614532,7615432,7625413,7651432	1234567,1237645,1243765,1245637,1246735,1256374,1257346,1263754,1264735,1265374,1273456,1273546,1357462,1374562,1374652,1423765,1427635,1435672,1436572,1437265,1437625,1452376,1463572,1524376,1527364,1537462,1542376,1562734,1623475,1643572,1652734,2143765,2345617,2347165,2371456,2371546,2376145,2376415,2437156,2437615,2456317,2467315,2563714,2573416,2614375,2637514,2647315,2653714,2731564,2731654,2734516,2735416,2736154,2763145,3124567,3124675,3126475,3142765,3156274,3165274,3412576,3451276,3456127,3471625,3541276,3567142,3571462,3571642,3574612,3615274,3657142,3712564,3712654,3714526,3715246,3715426,3726145,3745612,3746152,3746512,3751264,3761245,3761425,3762145,3764125,4123765,4125736,4127356,4237156,4237615,4276315,4356712,4357162,4365712,4371526,4372615,4376125,4376215,4512736,4523716,4561237,4561372,4563127,4613572,4615372,4635712,4651372,4673125,4716235,4731265,5126374,5127346,5137462,5237146,5243716,5273164,5273614,5371264,5374612,5412736,5423716,5612347,5613742,5627314,5631247,5637124,5671432,5714362,5714632,5716432,5734126,5746132,6123457,6124375,6135742,6137452,6142375,6143725,6152734,6153742,6214375,6234715,6273154,6312457,6314275,6357142,6371254,6375124,6412375,6435712,6473125,6513742,6527314,6537124,6571432,6714352,6731245,7125634,7126534,7143562,7143652,7145236,7146352,7152436,7154236,7162345,7164352,7261435,7312465,7312645,7315624,7316524,7341256,7345126,7354126,7361524,7456132,7461352,7461532,7465132,7512634,7612435,7614235,7621435,7631425,7641235			1	-	5906.lswap-821102adfff8.txt~5906.lswap-e2d18fca77cb.txt
dd454bcc3c5a	7	1234567,1245637,1246735,1324675,1357462,1374562,1374652,1467325,1537462,1673245,2146735,2345617,2416735,2456317,2467135,2467315,3124567,3124675,3214675,3241675,3246715,3456127,3574612,3745612,3746152,3746512,4167325,4561237,4561372,4563127,4613572,4615372,4651372,4671325,4673125,4673215,5137462,5374612,5612347,5613742,5631247,5746132,6123457,6135742,6137452,6153742,6312457,6513742,6713245,6731245,6732145,6732415,7132465,7312465,7321465,7324165,7456132,7461352,7461532,7465132	1237465,1327465,1374265,1374625,1472653,1762543,2137465,2374615,2456731,2467351,2467531,2541763,2546731,2613745,2651473,2746135,3245671,3246751,3254671,3274615,3524671,3742615,3746125,3746215,4176253,4261375,4567321,4612375,4613275,4621375,4673251,4673521,4675321,4726513,5147263,5246731,5324671,5417623,5467321,5673241,6123745,6132745,6137425,6213745,6254173,6514723,6732451,6732541,6735241,6753241,7265143,7324561,7325461,7352461,7426135,7461235,7461325,7462135,7532461,7625413			1	-	5906.lswap-821102adfff8.txt~5906.lswap-f6dbf9989449.txt
f5542aa46bd8	7	1237465,1327465,1374265,1374625,1472653,1762543,2137465,2374615,2456731,2467351,2467531,2541763,2546731,2613745,2651473,2746135,3245671,3246751,3254671,3274615,3524671,3742615,3746125,3746215,4176253,4261375,4567321,4612375,4613275,4621375,4673251,4673521,4675321,4726513,5147263,5246731,5324671,5417623,5467321,5673241,6123745,6132745,6137425,6213745,6254173,6514723,6732451,6732541,6735241,6753241,7265143,7324561,7325461,7352461,7426135,7461235,7461325,7462135,7532461,7625413	1234567,1245637,1246735,1324675,1357462,1374562,1374652,1467325,1537462,1673245,2146735,2345617,2416735,2456317,2467135,2467315,3124567,3124675,3214675,3241675,3246715,3456127,3574612,3745612,3746152,3746512,4167325,4561237,4561372,4563127,4613572,4615372,4651372,4671325,4673125,4673215,5137462,5374612,5612347,5613742,5631247,5746132,6123457,6135742,6137452,6153742,6312457,6513742,6713245,6731245,6732145,6732415,7132465,7312465,7321465,7324165,7456132,7461352,7461532,7465132			1	-	5906.lswap-821102adfff8.txt~5906.lswap-f6dbf9989449.txt
237fa4d654ed	7	1234756,1237456,1273456,1426753,1437652,1462753,1467253,1467523,1473652,1672453,1724563,1726453,1743652,1762453,2146753,2347516,2374516,2451673,2451763,2456173,2514673,2645173,2675143,2734516,2751463,3451276,3475126,3651472,3651742,3745126,3765142,4267513,4365172,4376512,4512376,4512736,4516723,4517263,4517623,4561723,4627513,4672513,4675213,4736512,4751236,5123476,5123746,5127346,5142673,5143762,5146273,5146723,5147362,5167243,5172643,5174362,5176243,5214673,5617243,6172453,6245173,6275143,6451723,6514372,6514732,6517432,6724513,6725143,6751423,6752143,7245163,7245613,7251463,7264513,7345126,7365142,7436512,7451236,7512346,7514263,7514623,7521463,7624513,7651432	1234567,1236457,1263457,1372456,1423657,1432657,1436257,1436527,1463752,1467352,1467532,1623457,1724536,1732456,2143657,2345167,2345617,2364517,2365147,2451376,2451736,2453176,2514367,2634517,2651437,3146752,3172456,3245176,3265147,3451267,3451627,3456127,3514672,3625147,3645127,3651427,3652147,3724516,3751462,4236517,4326517,4362517,4365217,4512367,4512637,4513726,4516237,4517326,4531726,4561237,4637512,4673512,4675312,5123647,5126347,5137246,5142367,5143267,5143627,5146372,5146732,5162347,5173246,5214367,5314672,5317246,5612347,6123457,6234517,6251437,6345127,6375142,6451237,6514237,6514327,6521437,6735142,6753142,7245136,7245316,7324516,7351462,7514632,7531462			1	-	5906.up-6f42b3603dac.txt~5906.up-f8d1e70c6a52.txt
224ee0b368b2	7	1234567,1236457,1263457,1372456,1423657,1432657,1436257,1436527,1463752,1467352,1467532,1623457,1724536,1732456,2143657,2345167,2345617,2364517,2365147,2451376,2451736,2453176,2514367,2634517,2651437,3146752,3172456,3245176,3265147,3451267,3451627,3456127,3514672,3625147,3645127,3651427,3652147,3724516,3751462,4236517,4326517,4362517,4365217,4512367,4512637,4513726,4516237,4517326,4531726,4561237,4637512,4673512,4675312,5123647,5126347,5137246,5142367,5143267,5143627,5146372,5146732,5162347,5173246,5214367,5314672,5317246,5612347,6123457,6234517,6251437,6345127,6375142,6451237,6514237,6514327,6521437,6735142,6753142,7245136,7245316,7324516,7351462,7514632,7531462	1234756,1237456,1273456,1426753,1437652,1462753,1467253,1467523,1473652,1672453,1724563,1726453,1743652,1762453,2146753,2347516,2374516,2451673,2451763,2456173,2514673,2645173,2675143,2734516,2751463,3451276,3475126,3651472,3651742,3745126,3765142,4267513,4365172,4376512,4512376,4512736,4516723,4517263,4517623,4561723,4627513,4672513,4675213,4736512,4751236,5123476,5123746,5127346,5142673,5143762,5146273,5146723,5147362,5167243,5172643,5174362,5176243,5214673,5617243,6172453,6245173,6275143,6451723,6514372,6514732,6517432,6724513,6725143,6751423,6752143,7245163,7245613,7251463,7264513,7345126,7365142,7436512,7451236,7512346,7514263,7514623,7521463,7624513,7651432			1	-	5906.up-6f42b3603dac.txt~5906.up-f8d1e70c6a52.txt
ed848d363ac9	7	1234756,1237456,1273456,1436752,1437652,1473652,1723456,1743652,2345176,2347516,2374516,2734516,3451276,3451726,3475126,3651472,3651742,3675142,3745126,3765142,4365172,4367512,4376512,4512376,4512736,4517236,4736512,4751236,5123476,5123746,5127346,5143672,5143762,5147362,5172346,5174362,6514372,6514732,6517432,6751432,7234516,7345126,7365142,7436512,7451236,7512346,7514362,7651432	1234567,1236457,1263457,1423657,1432657,1436257,1436527,1623457,2143657,2345167,2345617,2364517,2365147,2514367,2634517,2651437,3265147,3451267,3451627,3456127,3625147,3645127,3651427,3652147,4236517,4326517,4362517,4365217,4512367,4512637,4516237,4561237,5123647,5126347,5142367,5143267,5143627,5162347,5214367,5612347,6123457,6234517,6251437,6345127,6451237,6514237,6514327,6521437			1	-	5906.up-7f9a93193f10.txt~5906.up-f8d1e70c6a52.txt
ed253872391f	7	1234567,1236457,1263457,1423657,1432657,1436257,1436527,1623457,2143657,2345167,2345617,2364517,2365147,2514367,2634517,2651437,3265147,3451267,3451627,3456127,3625147,3645127,3651427,3652147,4236517,4326517,4362517,4365217,4512367,4512637,4516237,4561237,5123647,5126347,5142367,5143267,5143627,5162347,5214367,5612347,6123457,6234517,6251437,6345127,6451237,6514237,6514327,6521437	1234756,1237456,1273456,1436752,1437652,1473652,1723456,1743652,2345176,2347516,2374516,2734516,3451276,3451726,3475126,3651472,3651742,3675142,3745126,3765142,4365172,4367512,4376512,4512376,4512736,4517236,4736512,4751236,5123476,5123746,5127346,5143672,5143762,5147362,5172346,5174362,6514372,6514732,6517432,6751432,7234516,7345126,7365142,7436512,7451236,7512346,7514362,7651432			1	-	5906.up-7f9a93193f10.txt~5906.up-f8d1e70c6a52.txt
b0362bc0097e	7	1234756,1237456,1273456,1436752,1437652,1473652,1672453,1724563,1726453,1743652,1762453,2347516,2374516,2451673,2451763,2456173,2645173,2734516,3451276,3475126,3651472,3651742,3675142,3745126,3765142,4365172,4367512,4376512,4512376,4512736,4516723,4517263,4517623,4561723,4736512,4751236,5123476,5123746,5127346,5143672,5143762,5147362,5167243,5172643,5174362,5176243,5617243,6172453,6245173,6451723,6514372,6514732,6517432,6724513,6751432,7245163,7245613,7264513,7345126,7365142,7436512,7451236,7512346,7514362,7624513,7651432	1234567,1236457,1263457,1372456,1423657,1432657,1436257,1436527,1623457,1724536,1732456,2143657,2345167,2345617,2364517,2365147,2451376,2451736,2453176,2514367,2634517,2651437,3172456,3245176,3265147,3451267,3451627,3456127,3625147,3645127,3651427,3652147,3724516,4236517,4326517,4362517,4365217,4512367,4512637,4513726,4516237,4517326,4531726,4561237,5123647,5126347,5137246,5142367,5143267,5143627,5162347,5173246,5214367,5317246,5612347,6123457,6234517,6251437,6345127,6451237,6514237,6514327,6521437,7245136,7245316,7324516			1	-	5906.lswap-637b5054102a.txt~5906.up-f8d1e70c6a52.txt
298e146c1b51	7	1234567,1236457,1263457,1372456,1423657,1432657,1436257,1436527,1623457,1724536,1732456,2143657,2345167,2345617,2364517,2365147,2451376,2451736,2453176,2514367,2634517,2651437,3172456,3245176,3265147,3451267,3451627,3456127,3625147,3645127,3651427,3652147,3724516,4236517,4326517,4362517,4365217,4512367,4512637,4513726,4516237,4517326,4531726,4561237,5123647,5126347,5137246,5142367,5143267,5143627,5162347,5173246,5214367,5317246,5612347,6123457,6234517,6251437,6345127,6451237,6514237,6514327,6521437,7245136,7245316,7324516	1234756,1237456,1273456,1436752,1437652,1473652,1672453,1724563,1726453,1743652,1762453,2347516,2374516,2451673,2451763,2456173,2645173,2734516,3451276,3475126,3651472,3651742,3675142,3745126,3765142,4365172,4367512,4376512,4512376,4512736,4516723,4517263,4517623,4561723,4736512,4751236,5123476,5123746,5127346,5143672,5143762,5147362,5167243,5172643,5174362,5176243,5617243,6172453,6245173,6451723,6514372,6514732,6517432,6724513,6751432,7245163,7245613,7264513,7345126,7365142,7436512,7451236,7512346,7514362,7624513,7651432			1	-	5906.lswap-637b5054102a.txt~5906.up-f8d1e70c6a52.txt
f901e6cffd9f	7	1234567,1243576,1243756,1245376,1254376,1256347,1263457,1263547,1265347,1273465,1274365,1275436,1346275,1453627,1462735,1524376,1526347,1567342,1572634,1623475,1627345,1652374,1724365,1726435,1734625,1735426,1742365,1743265,1743625,1762345,1762435,2145367,2173465,2173546,2174365,2341765,2345617,2347165,2361745,2371654,2431765,2435716,2436175,2436751,2437156,2437516,2453716,2543716,2563417,2617435,2631574,2634157,2634517,2635417,2643175,2653417,2713465,2731465,2734165,2734615,2743615,2754316,3127546,3146275,3157264,3172645,3176245,3261745,3412567,3412657,3415267,3415672,3416275,3417625,3451267,3456127,3461275,3462175,3462715,3471625,3541267,3542176,3571246,3612745,3617245,3617425,3621457,3621745,3675241,3712456,3712546,3715246,3716524,3751246,4125637,4126357,4126537,4152637,4156732,4162735,4176235,4217356,4236175,4312756,4317265,4317625,4326175,4357126,4361275,4361725,4362175,4367521,4371256,4371526,4375126,4512637,4536217,4537126,4561237,4612735,4621735,4627135,4627315,4716235,5124376,5126347,5237164,5243671,5243716,5263417,5341267,5362147,5371246,5412637,5421736,5431276,5437126,5612347,5634127,5673412,5712436,5726314,6123457,6127345,6127435,6172435,6174235,6174325,6214537,6217345,6217435,6234175,6234715,6243175,6271345,6273145,6273415,6315724,6341257,6341527,6345127,6354127,6431725,6523714,6534127,6734152,6752431,7124356,7124536,7125436,7134625,7152436,7162345,7165234,7243615,7263154,7264315,7314625,7341562,7341625,7346125,7346215,7354216,7423615,7432615,7436125,7436215,7512436,7524361,7543126,7623415,7624315	1243675,1243765,1246375,1263475,1263745,1264375,1267345,1276345,1543627,1574362,1624375,1624537,1625347,1635472,1723546,1724356,1726345,1734526,1743562,1743652,1745362,1754362,1756432,1765432,2154367,2173456,2345761,2347561,2354176,2435176,2436715,2437165,2437615,2453167,2463715,2534167,2573461,2634175,2634715,2637415,2643715,2645371,2673415,2734561,2734651,2735461,2753461,2763415,3162457,3175642,3176542,3412675,3412765,3416257,3417265,3452176,3456271,3457621,3462571,3462751,3465271,3471265,3475621,3517246,3541726,3546271,3547162,3561742,3615742,3617452,3617542,3621547,3651742,3671245,3712465,3712645,3716245,3726451,3741265,3761245,4126375,4126735,4127635,4162537,4172356,4172635,4317562,4317652,4351726,4356172,4361572,4361752,4362157,4365172,4367125,4371265,4371625,4376125,4521736,4531627,4536172,4537261,4562731,4576231,4625731,4627351,4627531,4637125,4652731,4712635,4716352,4756231,5172436,5174362,5217346,5273461,5316247,5341627,5346271,5361742,5372641,5417236,5431762,5436172,5436217,5462731,5471632,5617432,5623471,5627341,5643172,5734621,5743612,5762341,6124375,6157432,6174352,6174532,6175432,6215437,6234571,6234751,6243715,6245317,6253417,6257341,6273451,6273541,6275341,6341275,6341725,6347125,6354712,6371245,6374125,6431752,6437125,6453721,6517432,6527341,6543172,6712435,6734125,7124365,7124635,7126345,7126435,7162435,7163542,7235416,7243516,7263415,7264531,7341265,7345216,7345621,7346251,7346521,7354621,7412635,7435612,7436152,7436512,7453612,7534621,7543612,7562341,7564312,7612435,7623451,7634125,7654312			1	-	5906.up-6773ff05a318.txt~5906.up-e8da0f18269f.txt
54b7bc1c7a38	7	1243675,1243765,1246375,1263475,1263745,1264375,1267345,1276345,1543627,1574362,1624375,1624537,1625347,1635472,1723546,1724356,1726345,1734526,1743562,1743652,1745362,1754362,1756432,1765432,2154367,2173456,2345761,2347561,2354176,2435176,2436715,2437165,2437615,2453167,2463715,2534167,2573461,2634175,2634715,2637415,2643715,2645371,2673415,2734561,2734651,2735461,2753461,2763415,3162457,3175642,3176542,3412675,3412765,3416257,3417265,3452176,3456271,3457621,3462571,3462751,3465271,3471265,3475621,3517246,3541726,3546271,3547162,3561742,3615742,3617452,3617542,3621547,3651742,3671245,3712465,3712645,3716245,3726451,3741265,3761245,4126375,4126735,4127635,4162537,4172356,4172635,4317562,4317652,4351726,4356172,4361572,4361752,4362157,4365172,4367125,4371265,4371625,4376125,4521736,4531627,4536172,4537261,4562731,4576231,4625731,4627351,4627531,4637125,4652731,4712635,4716352,4756231,5172436,5174362,5217346,5273461,5316247,5341627,5346271,5361742,5372641,5417236,5431762,5436172,5436217,5462731,5471632,5617432,5623471,5627341,5643172,5734621,5743612,5762341,6124375,6157432,6174352,6174532,6175432,6215437,6234571,6234751,6243715,6245317,6253417,6257341,6273451,6273541,6275341,6341275,6341725,6347125,6354712,6371245,6374125,6431752,6437125,6453721,6517432,6527341,6543172,6712435,6734125,7124365,7124635,7126345,7126435,7162435,7163542,7235416,7243516,7263415,7264531,7341265,7345216,7345621,7346251,7346521,7354621,7412635,7435612,7436152,7436512,7453612,7534621,7543612,7562341,7564312,7612435,7623451,7634125,7654312	1234567,1243576,1243756,1245376,1254376,1256347,1263457,1263547,1265347,1273465,1274365,1275436,1346275,1453627,1462735,1524376,1526347,1567342,1572634,1623475,1627345,1652374,1724365,1726435,1734625,1735426,1742365,1743265,1743625,1762345,1762435,2145367,2173465,2173546,2174365,2341765,2345617,2347165,2361745,2371654,2431765,2435716,2436175,2436751,2437156,2437516,2453716,2543716,2563417,2617435,2631574,2634157,2634517,2635417,2643175,2653417,2713465,2731465,2734165,2734615,2743615,2754316,3127546,3146275,3157264,3172645,3176245,3261745,3412567,3412657,3415267,3415672,3416275,3417625,3451267,3456127,3461275,3462175,3462715,3471625,3541267,3542176,3571246,3612745,3617245,3617425,3621457,3621745,3675241,3712456,3712546,3715246,3716524,3751246,4125637,4126357,4126537,4152637,4156732,4162735,4176235,4217356,4236175,4312756,4317265,4317625,4326175,4357126,4361275,4361725,4362175,4367521,4371256,4371526,4375126,4512637,4536217,4537126,4561237,4612735,4621735,4627135,4627315,4716235,5124376,5126347,5237164,5243671,5243716,5263417,5341267,5362147,5371246,5412637,5421736,5431276,5437126,5612347,5634127,5673412,5712436,5726314,6123457,6127345,6127435,6172435,6174235,6174325,6214537,6217345,6217435,6234175,6234715,6243175,6271345,6273145,6273415,6315724,6341257,6341527,6345127,6354127,6431725,6523714,6534127,6734152,6752431,7124356,7124536,7125436,7134625,7152436,7162345,7165234,7243615,7263154,7264315,7314625,7341562,7341625,7346125,7346215,7354216,7423615,7432615,7436125,7436215,7512436,7524361,7543126,7623415,7624315			1	-	5906.up-6773ff05a318.txt~5906.up-e8da0f18269f.txt
e9e6b5ef5278	7	1236457,1237465,1245763,1246753,1247563,1247653,1267354,1267534,1273465,1273645,1276345,1324567,1326754,1346275,1347265,1347526,1356724,1362574,1364275,1367254,1367425,1376425,1425763,1427563,1436275,1437265,1452637,1452763,1457236,1457623,1462375,1462735,1463275,1473265,1475623,1524376,1526347,1527436,1536724,1542763,1546237,1562473,1562743,1572346,1574263,1624573,1624753,1625743,1627453,1627543,1632754,1634275,1642375,1642735,1652473,1652743,1654237,1723465,1724365,1724635,1725643,1726453,1726543,1732465,1734256,1736245,1736425,1742563,1745263,1745623,1746523,1754263,1762345,1762435,1763245,1763425,2134756,2135674,2136745,2137645,2145763,2147563,2153674,2173645,2174563,2174653,2176345,2314576,2315467,2316547,2341576,2341765,2346175,2354761,2364517,2367541,2371465,2371645,2374615,2417365,2417635,2431765,2436175,2436751,2437156,2456137,2457163,2457613,2461735,2463175,2467513,2471563,2471653,2475163,2475613,2476513,2513674,2517346,2534761,2543761,2547361,2561743,2564173,2571364,2574163,2576143,2613475,2614375,2614735,2615743,2617453,2617543,2631457,2634157,2645173,2654173,2673514,2675134,2675314,2713465,2713645,2714365,2714635,2716345,2731465,2731645,2734615,2736415,2741563,2741653,2743156,2745163,2751634,2754163,2756143,2756431,2761453,2761543,2763415,2764351,2764531,2765431,3126754,3145267,3145726,3146275,3152746,3154627,3164275,3165427,3172465,3176245,3241765,3245617,3246175,3261475,3267514,3271465,3275164,3275641,3276451,3276541,3412765,3415267,3415726,3417625,3421765,3425176,3427165,3461275,3461725,3462715,3472615,3475216,3476251,3512674,3527641,3547621,3567214,3617245,3624175,3625471,3625714,3627145,3641275,3642175,3642715,3645127,3672154,3672514,3674215,3675241,3675421,3714625,3715246,3716425,3726145,3746125,3762541,3764215,4127365,4127635,4152637,4156273,4157236,4162573,4162753,4165273,4172563,4172653,4173625,4176235,4176325,4213675,4213765,4217365,4217635,4231657,4236751,4237165,4251736,4256173,4257613,4261573,4261753,4271365,4271635,4273165,4275613,4276153,4315276,4317625,4327561,4327651,4352761,4361725,4362715,4367521,4371526,4372615,4376251,4512367,4516273,4517263,4526173,4526317,4527613,4532761,4561327,4562173,4571623,4572316,4576123,4576213,4612375,4612735,4617235,4617325,4623157,4623715,4627135,4627315,4631725,4632715,4652173,4675123,4715623,4716523,4726135,4732615,4736251,4751623,4752136,4756123,4756213,4762351,4762531,4765123,5123647,5124673,5124763,5126734,5132674,5136724,5162473,5162743,5163274,5172643,5173426,5213476,5217463,5243671,5243716,5247163,5261743,5263147,5263417,5274163,5274316,5276143,5276431,5312674,5327641,5347621,5367214,5416273,5417263,5423167,5423671,5426173,5427613,5432761,5437621,5462317,5473621,5476231,5612473,5613247,5614273,5617423,5621473,5621743,5624713,5627413,5641723,5643271,5672134,5713624,5716243,5723146,5723416,5741623,5742613,5761243,5761423,5762143,6123745,6124573,6124753,6127345,6132457,6134725,6142573,6142753,6143725,6145273,6147325,6154273,6157423,6172345,6172435,6173245,6174253,6174523,6175423,6214573,6214753,6217453,6231547,6234175,6235471,6237145,6241735,6243175,6245713,6247153,6247513,6253471,6254371,6254731,6257134,6257413,6271345,6271435,6273145,6274153,6274513,6275413,6314527,6317245,6324175,6327145,6327514,6341275,6341527,6342175,6342715,6412735,6417253,6421375,6421735,6423715,6427135,6427315,6432751,6435271,6451237,6451723,6453271,6512473,6521743,6524713,6527413,6541723,6542317,6543271,6721354,6721534,6725134,6735124,6742135,6751243,6751324,6752431,6753124,6754231,7134625,7136254,7136425,7143625,7146235,7146325,7152436,7156243,7162453,7163425,7164235,7165243,7213564,7215364,7231456,7234156,7234615,7243615,7246315,7251364,7256413,7261345,7261435,7264513,7265413,7314625,7316425,7324615,7326145,7342516,7346125,7351264,7362415,7362541,7364125,7364215,7415623,7416253,7416523,7421365,7425613,7426153,7431526,7451623,7452613,7456213,7461235,7465213,7512463,7513264,7516243,7516324,7521346,7524361,7531264,7541623,7542361,7542613,7561243,7561423,7562143,7564321,7612453,7614253,7614523,7615423,7621453,7623415,7623541,7624315,7625341,7625431,7632415,7634125,7634215,7642135,7643521,7645321,7651243,7654321	1234567,1235467,1243765,1247356,1247536,1253467,1257364,1267453,1267543,1275643,1276453,1276543,1324756,1342567,1345762,1346725,1347625,1354267,1356427,1362475,1362745,1364257,1367245,1423765,1426753,1427365,1432567,1435267,1436725,1437625,1453267,1456273,1457632,1462573,1462753,1465273,1473625,1476235,1523467,1526374,1526734,1527643,1534267,1536427,1543267,1546273,1562374,1564273,1567234,1576342,1623475,1623745,1624375,1624735,1627345,1627435,1632475,1632745,1642573,1642753,1645273,1652734,1654273,1657234,1723546,1724356,1724536,1725346,1725436,1732456,1732546,1734526,1742365,1743526,1745236,1745326,1752463,1756243,1756324,1763452,1765243,1765423,2134675,2134765,2135647,2136754,2143675,2143765,2147365,2153647,2173456,2174356,2174536,2175634,2176543,2314765,2316574,2316754,2317456,2345617,2346157,2347165,2354176,2354617,2361745,2364571,2367154,2371564,2374165,2376145,2413675,2417563,2417653,2435176,2437165,2437615,2451736,2453176,2461753,2471365,2471635,2473165,2473516,2475136,2475316,2513647,2534176,2534617,2541736,2543176,2561347,2561437,2571463,2571643,2573614,2574361,2613547,2614357,2614537,2615347,2615437,2634751,2637154,2673154,2674513,2675143,2675413,2714563,2714653,2715463,2715643,2716453,2716543,2731654,2734165,2736145,2741365,2741635,2743165,2751463,2751643,2754631,2756413,2764153,2764513,2765413,3124756,3145762,3147625,3156724,3162475,3162745,3165274,3165724,3167524,3172456,3172546,3174526,3217456,3217564,3245176,3247165,3247516,3254176,3256147,3261457,3261547,3274165,3275461,3415762,3416275,3417256,3425617,3426157,3451762,3452176,3456127,3457612,3461257,3461527,3467215,3471625,3475261,3476215,3512476,3517246,3521746,3526147,3541726,3542617,3546127,3564217,3612574,3614275,3617425,3621475,3624715,3625741,3627415,3642157,3642517,3645721,3671524,3672145,3672415,3675124,3715264,3715624,3716245,3741625,3761245,3761425,3762145,4126753,4127563,4127653,4136275,4136725,4152763,4157632,4162375,4162735,4163275,4172356,4172536,4173256,4175623,4176523,4213567,4215367,4217653,4236175,4237615,4251367,4256137,4257163,4261357,4261537,4267513,4271563,4271653,4273615,4275163,4316275,4317256,4325617,4326157,4351726,4352176,4352617,4362571,4367215,4371625,4376125,4376215,4512673,4512763,4517326,4517632,4521736,4523176,4527163,4531726,4532176,4532617,4561237,4562713,4572361,4576132,4576312,4612357,4612537,4615237,4617523,4625713,4627153,4627513,4632751,4652713,4672135,4713625,4716235,4716325,4731625,4735126,4736215,4751326,4752631,4753126,4762135,4762315,5123674,5124736,5126743,5127643,5132476,5136427,5142673,5146273,5164273,5172436,5173246,5176342,5213674,5217346,5217436,5231746,5234617,5241763,5246173,5261437,5263471,5263714,5267314,5271463,5271643,5273164,5276413,5312476,5317246,5321746,5326147,5341726,5342617,5346127,5364217,5412673,5412763,5417236,5417326,5421763,5426137,5427163,5431726,5432617,5461237,5462713,5463271,5612347,5613427,5614327,5623714,5624173,5627143,5632174,5641273,5642137,5642713,5672314,5714623,5716423,5723164,5723641,5736124,5743621,5761342,5763142,5763412,6123457,6123547,6124375,6125347,6125734,6134257,6134572,6135427,6142375,6142735,6143257,6143527,6145327,6152347,6153427,6154327,6174235,6175243,6213475,6214375,6214735,6231475,6234715,6237154,6237415,6241753,6243715,6247135,6247315,6257143,6257431,6271453,6271543,6273415,6274135,6274315,6275143,6314572,6321754,6324715,6327415,6327541,6341572,6345172,6347521,6371524,6412753,6415273,6421357,6421537,6425137,6425713,6427153,6427513,6451273,6452713,6457231,6524173,6527143,6527314,6541273,6542173,6542713,6572314,6721345,6721435,6724135,6745123,6751234,6751423,6752134,6754123,7136245,7145623,7146253,7146523,7152634,7154623,7156234,7156423,7162345,7162435,7163245,7164253,7164523,7165423,7213465,7214365,7231654,7235416,7236451,7241365,7243516,7245316,7253416,7254316,7316245,7316524,7324516,7325416,7341625,7345216,7351246,7361254,7361425,7362145,7413625,7416235,7416325,7423615,7431625,7435216,7436251,7451263,7452316,7453216,7512364,7513246,7514263,7514623,7516423,7521364,7524613,7526341,7531246,7541263,7546321,7562413,7563214,7564123,7612435,7613452,7614235,7621345,7621435,7623145,7631452,7634152,7634512,7641523,7645123,7652413,7654123,7654213	4215673>5673124,4231567>1567324,4256731>6731524,4315267>5267134,4326715>6715234,4352671>2671534,4516723>6723154,4523167>3167254,4531672>1672354	4213675>3675124,4316752>6752134,4512367>2367154	1	-	5906.up-0a065898a821.txt~5906.up-d8c6ba46400e.txt
2135df7e3613	7	1234567,1235467,1243765,1247356,1247536,1253467,1257364,1267453,1267543,1275643,1276453,1276543,1324756,1342567,1345762,1346725,1347625,1354267,1356427,1362475,1362745,1364257,1367245,1423765,1426753,1427365,1432567,1435267,1436725,1437625,1453267,1456273,1457632,1462573,1462753,1465273,1473625,1476235,1523467,1526374,1526734,1527643,1534267,1536427,1543267,1546273,1562374,1564273,1567234,1576342,1623475,1623745,1624375,1624735,1627345,1627435,1632475,1632745,1642573,1642753,1645273,1652734,1654273,1657234,1723546,1724356,1724536,1725346,1725436,1732456,1732546,1734526,1742365,1743526,1745236,1745326,1752463,1756243,1756324,1763452,1765243,1765423,2134675,2134765,2135647,2136754,2143675,2143765,2147365,2153647,2173456,2174356,2174536,2175634,2176543,2314765,2316574,2316754,2317456,2345617,2346157,2347165,2354176,2354617,2361745,2364571,2367154,2371564,2374165,2376145,2413675,2417563,2417653,2435176,2437165,2437615,2451736,2453176,2461753,2471365,2471635,2473165,2473516,2475136,2475316,2513647,2534176,2534617,2541736,2543176,2561347,2561437,2571463,2571643,2573614,2574361,2613547,2614357,2614537,2615347,2615437,2634751,2637154,2673154,2674513,2675143,2675413,2714563,2714653,2715463,2715643,2716453,2716543,2731654,2734165,2736145,2741365,2741635,2743165,2751463,2751643,2754631,2756413,2764153,2764513,2765413,3124756,3145762,3147625,3156724,3162475,3162745,3165274,3165724,3167524,3172456,3172546,3174526,3217456,3217564,3245176,3247165,3247516,3254176,3256147,3261457,3261547,3274165,3275461,3415762,3416275,3417256,3425617,3426157,3451762,3452176,3456127,3457612,3461257,3461527,3467215,3471625,3475261,3476215,3512476,3517246,3521746,3526147,3541726,3542617,3546127,3564217,3612574,3614275,3617425,3621475,3624715,3625741,3627415,3642157,3642517,3645721,3671524,3672145,3672415,3675124,3715264,3715624,3716245,3741625,3761245,3761425,3762145,4126753,4127563,4127653,4136275,4136725,4152763,4157632,4162375,4162735,4163275,4172356,4172536,4173256,4175623,4176523,4213567,4215367,4217653,4236175,4237615,4251367,4256137,4257163,4261357,4261537,4267513,4271563,4271653,4273615,4275163,4316275,4317256,4325617,4326157,4351726,4352176,4352617,4362571,4367215,4371625,4376125,4376215,4512673,4512763,4517326,4517632,4521736,4523176,4527163,4531726,4532176,4532617,4561237,4562713,4572361,4576132,4576312,4612357,4612537,4615237,4617523,4625713,4627153,4627513,4632751,4652713,4672135,4713625,4716235,4716325,4731625,4735126,4736215,4751326,4752631,4753126,4762135,4762315,5123674,5124736,5126743,5127643,5132476,5136427,5142673,5146273,5164273,5172436,5173246,5176342,5213674,5217346,5217436,5231746,5234617,5241763,5246173,5261437,5263471,5263714,5267314,5271463,5271643,5273164,5276413,5312476,5317246,5321746,5326147,5341726,5342617,5346127,5364217,5412673,5412763,5417236,5417326,5421763,5426137,5427163,5431726,5432617,5461237,5462713,5463271,5612347,5613427,5614327,5623714,5624173,5627143,5632174,5641273,5642137,5642713,5672314,5714623,5716423,5723164,5723641,5736124,5743621,5761342,5763142,5763412,6123457,6123547,6124375,6125347,6125734,6134257,6134572,6135427,6142375,6142735,6143257,6143527,6145327,6152347,6153427,6154327,6174235,6175243,6213475,6214375,6214735,6231475,6234715,6237154,6237415,6241753,6243715,6247135,6247315,6257143,6257431,6271453,6271543,6273415,6274135,6274315,6275143,6314572,6321754,6324715,6327415,6327541,6341572,6345172,6347521,6371524,6412753,6415273,6421357,6421537,6425137,6425713,6427153,6427513,6451273,6452713,6457231,6524173,6527143,6527314,6541273,6542173,6542713,6572314,6721345,6721435,6724135,6745123,6751234,6751423,6752134,6754123,7136245,7145623,7146253,7146523,7152634,7154623,7156234,7156423,7162345,7162435,7163245,7164253,7164523,7165423,7213465,7214365,7231654,7235416,7236451,7241365,7243516,7245316,7253416,7254316,7316245,7316524,7324516,7325416,7341625,7345216,7351246,7361254,7361425,7362145,7413625,7416235,7416325,7423615,7431625,7435216,7436251,7451263,7452316,7453216,7512364,7513246,7514263,7514623,7516423,7521364,7524613,7526341,7531246,7541263,7546321,7562413,7563214,7564123,7612435,7613452,7614235,7621345,7621435,7623145,7631452,7634152,7634512,7641523,7645123,7652413,7654123,7654213	1236457,1237465,1245763,1246753,1247563,1247653,1267354,1267534,1273465,1273645,1276345,1324567,1326754,1346275,1347265,1347526,1356724,1362574,1364275,1367254,1367425,1376425,1425763,1427563,1436275,1437265,1452637,1452763,1457236,1457623,1462375,1462735,1463275,1473265,1475623,1524376,1526347,1527436,1536724,1542763,1546237,1562473,1562743,1572346,1574263,1624573,1624753,1625743,1627453,1627543,1632754,1634275,1642375,1642735,1652473,1652743,1654237,1723465,1724365,1724635,1725643,1726453,1726543,1732465,1734256,1736245,1736425,1742563,1745263,1745623,1746523,1754263,1762345,1762435,1763245,1763425,2134756,2135674,2136745,2137645,2145763,2147563,2153674,2173645,2174563,2174653,2176345,2314576,2315467,2316547,2341576,2341765,2346175,2354761,2364517,2367541,2371465,2371645,2374615,2417365,2417635,2431765,2436175,2436751,2437156,2456137,2457163,2457613,2461735,2463175,2467513,2471563,2471653,2475163,2475613,2476513,2513674,2517346,2534761,2543761,2547361,2561743,2564173,2571364,2574163,2576143,2613475,2614375,2614735,2615743,2617453,2617543,2631457,2634157,2645173,2654173,2673514,2675134,2675314,2713465,2713645,2714365,2714635,2716345,2731465,2731645,2734615,2736415,2741563,2741653,2743156,2745163,2751634,2754163,2756143,2756431,2761453,2761543,2763415,2764351,2764531,2765431,3126754,3145267,3145726,3146275,3152746,3154627,3164275,3165427,3172465,3176245,3241765,3245617,3246175,3261475,3267514,3271465,3275164,3275641,3276451,3276541,3412765,3415267,3415726,3417625,3421765,3425176,3427165,3461275,3461725,3462715,3472615,3475216,3476251,3512674,3527641,3547621,3567214,3617245,3624175,3625471,3625714,3627145,3641275,3642175,3642715,3645127,3672154,3672514,3674215,3675241,3675421,3714625,3715246,3716425,3726145,3746125,3762541,3764215,4127365,4127635,4152637,4156273,4157236,4162573,4162753,4165273,4172563,4172653,4173625,4176235,4176325,4213675,4213765,4217365,4217635,4231657,4236751,4237165,4251736,4256173,4257613,4261573,4261753,4271365,4271635,4273165,4275613,4276153,4315276,4317625,4327561,4327651,4352761,4361725,4362715,4367521,4371526,4372615,4376251,4512367,4516273,4517263,4526173,4526317,4527613,4532761,4561327,4562173,4571623,4572316,4576123,4576213,4612375,4612735,4617235,4617325,4623157,4623715,4627135,4627315,4631725,4632715,4652173,4675123,4715623,4716523,4726135,4732615,4736251,4751623,4752136,4756123,4756213,4762351,4762531,4765123,5123647,5124673,5124763,5126734,5132674,5136724,5162473,5162743,5163274,5172643,5173426,5213476,5217463,5243671,5243716,5247163,5261743,5263147,5263417,5274163,5274316,5276143,5276431,5312674,5327641,5347621,5367214,5416273,5417263,5423167,5423671,5426173,5427613,5432761,5437621,5462317,5473621,5476231,5612473,5613247,5614273,5617423,5621473,5621743,5624713,5627413,5641723,5643271,5672134,5713624,5716243,5723146,5723416,5741623,5742613,5761243,5761423,5762143,6123745,6124573,6124753,6127345,6132457,6134725,6142573,6142753,6143725,6145273,6147325,6154273,6157423,6172345,6172435,6173245,6174253,6174523,6175423,6214573,6214753,6217453,6231547,6234175,6235471,6237145,6241735,6243175,6245713,6247153,6247513,6253471,6254371,6254731,6257134,6257413,6271345,6271435,6273145,6274153,6274513,6275413,6314527,6317245,6324175,6327145,6327514,6341275,6341527,6342175,6342715,6412735,6417253,6421375,6421735,6423715,6427135,6427315,6432751,6435271,6451237,6451723,6453271,6512473,6521743,6524713,6527413,6541723,6542317,6543271,6721354,6721534,6725134,6735124,6742135,6751243,6751324,6752431,6753124,6754231,7134625,7136254,7136425,7143625,7146235,7146325,7152436,7156243,7162453,7163425,7164235,7165243,7213564,7215364,7231456,7234156,7234615,7243615,7246315,7251364,7256413,7261345,7261435,7264513,7265413,7314625,7316425,7324615,7326145,7342516,7346125,7351264,7362415,7362541,7364125,7364215,7415623,7416253,7416523,7421365,7425613,7426153,7431526,7451623,7452613,7456213,7461235,7465213,7512463,7513264,7516243,7516324,7521346,7524361,7531264,7541623,7542361,7542613,7561243,7561423,7562143,7564321,7612453,7614253,7614523,7615423,7621453,7623415,7623541,7624315,7625341,7625431,7632415,7634125,7634215,7642135,7643521,7645321,7651243,7654321	4213675>3675124,4316752>6752134,4512367>2367154	4215673>5673124,4231567>1567324,4256731>6731524,4315267>5267134,4326715>6715234,4352671>2671534,4516723>6723154,4523167>3167254,4531672>1672354	1	-	5906.up-0a065898a821.txt~5906.up-d8c6ba46400e.txt
5c37934c0e37	7	1236457,1237465,1245763,1246753,1247563,1247653,1264753,1273465,1273645,1276345,1324567,1346275,1347265,1347526,1362574,1364275,1364725,1367425,1376425,1425763,1427563,1436275,1437265,1452637,1452763,1457236,1457623,1462375,1462735,1463275,1473265,1475623,1524376,1526347,1527436,1542763,1546237,1562473,1562743,1572346,1574263,1624573,1624753,1625743,1627453,1627543,1632754,1634275,1642375,1642735,1652473,1652743,1654237,1723465,1724365,1724635,1725643,1726453,1726543,1732465,1734256,1736245,1736425,1742563,1745263,1745623,1746523,1754263,1762345,1762435,1763245,1763425,2134756,2136475,2136745,2137645,2145763,2147563,2173645,2174563,2174653,2176345,2314576,2315467,2316547,2341576,2341765,2346175,2354761,2364517,2367541,2371465,2371645,2374615,2417365,2417635,2431765,2436175,2436751,2437156,2456137,2457163,2457613,2461735,2463175,2467513,2471563,2471653,2475163,2475613,2476513,2517346,2534761,2543761,2547361,2561743,2564173,2571364,2574163,2576143,2613475,2614375,2614735,2615743,2617453,2617543,2631457,2634157,2645173,2647513,2654173,2713465,2713645,2714365,2714635,2716345,2731465,2731645,2734615,2736415,2741563,2741653,2743156,2745163,2751634,2754163,2756143,2756431,2761453,2761543,2763415,2764351,2764531,2765431,3145267,3145726,3146275,3152746,3154627,3164275,3165427,3172465,3176245,3241765,3245617,3246175,3261475,3271465,3275164,3275641,3276451,3276541,3412765,3415267,3415726,3417625,3421765,3425176,3427165,3461275,3461725,3462715,3472615,3475216,3476251,3527641,3547621,3617245,3624175,3625471,3625714,3627145,3641275,3642175,3642715,3645127,3647215,3674215,3675241,3675421,3714625,3715246,3716425,3726145,3746125,3762541,3764215,4127365,4127635,4152637,4156273,4157236,4162573,4162753,4165273,4172563,4172653,4173625,4176235,4176325,4213675,4213765,4217365,4217635,4231657,4236751,4237165,4251736,4256173,4257613,4261573,4261753,4271365,4271635,4273165,4275613,4276153,4315276,4317625,4327561,4327651,4352761,4361725,4362715,4367521,4371526,4372615,4376251,4512367,4516273,4517263,4526173,4526317,4527613,4532761,4561327,4562173,4571623,4572316,4576123,4576213,4612375,4612735,4617235,4617325,4623157,4623715,4627135,4627315,4631725,4632715,4652173,4675123,4715623,4716523,4721365,4726135,4732615,4736251,4751263,4751623,4752136,4756123,4756213,4762351,4762531,4765123,5123647,5124673,5124763,5126473,5162473,5162743,5163274,5172643,5173426,5213476,5217463,5243671,5243716,5247163,5261743,5263147,5263417,5274163,5274316,5276143,5276431,5327641,5347621,5416273,5417263,5423167,5423671,5426173,5427613,5432761,5437621,5462317,5473621,5476231,5612473,5613247,5614273,5617423,5621473,5621743,5624713,5627413,5641723,5643271,5713624,5716243,5723146,5723416,5741623,5742613,5761243,5761423,5762143,6123745,6124573,6124753,6127345,6132457,6134725,6142573,6142753,6143725,6145273,6147325,6154273,6157423,6172345,6172435,6173245,6174253,6174523,6175423,6214573,6214753,6217453,6231547,6234175,6235471,6237145,6241735,6243175,6245713,6247153,6247513,6253471,6254371,6254731,6257134,6257413,6271345,6271435,6273145,6274153,6274513,6275413,6314527,6317245,6324175,6327145,6327514,6341275,6341527,6342175,6342715,6412735,6417253,6421375,6421735,6423715,6427135,6427315,6432751,6435271,6451237,6451723,6453271,6472135,6475123,6512473,6521743,6524713,6527413,6541723,6542317,6543271,6742135,6751243,6752431,6754231,7134625,7136254,7136425,7143625,7146235,7146325,7152436,7156243,7162453,7163425,7164235,7165243,7213645,7231456,7234156,7234615,7243615,7246315,7256413,7261345,7261435,7264513,7265413,7314625,7316425,7324615,7326145,7342516,7346125,7362415,7362541,7364125,7364215,7415623,7416253,7416523,7421365,7425613,7426153,7431526,7451623,7452613,7456213,7461235,7465213,7512463,7512643,7516243,7516324,7521346,7524361,7541623,7542361,7542613,7561243,7561423,7562143,7564321,7612453,7614253,7614523,7615423,7621453,7623415,7623541,7624315,7625341,7625431,7632415,7634125,7634215,7642135,7643521,7645321,7651243,7654321	1234567,1235467,1243765,1247356,1247536,1253467,1257364,1263754,1275643,1276453,1276543,1324756,1342567,1345762,1347625,1354267,1356427,1362475,1362745,1364257,1365724,1423765,1427365,1432567,1435267,1437625,1453267,1456273,1457632,1462573,1462753,1465273,1473625,1476235,1523467,1526374,1526734,1527643,1534267,1536427,1543267,1546273,1562374,1564273,1567234,1576342,1623475,1623745,1624375,1624735,1627345,1627435,1632475,1632745,1642573,1642753,1645273,1652734,1654273,1657234,1723546,1724356,1724536,1725346,1725436,1732456,1732546,1734526,1742365,1743526,1745236,1745326,1752463,1756243,1756324,1763452,1765243,1765423,2134765,2135647,2136574,2136754,2143765,2147365,2153647,2173456,2174356,2174536,2175634,2176543,2314765,2316574,2316754,2317456,2345617,2346157,2347165,2354176,2354617,2361745,2364571,2367154,2371564,2374165,2376145,2417563,2417653,2435176,2437165,2437615,2451736,2453176,2461753,2471365,2471635,2473165,2473516,2475136,2475316,2513647,2534176,2534617,2541736,2543176,2561347,2561437,2571463,2571643,2573614,2574361,2613547,2614357,2614537,2615347,2615437,2634751,2637154,2637514,2673154,2714563,2714653,2715463,2715643,2716453,2716543,2731654,2734165,2736145,2741365,2741635,2743165,2751463,2751643,2754631,2756413,2764153,2764513,2765413,3124756,3145762,3147625,3156724,3162475,3162745,3165274,3165724,3167524,3172456,3172546,3174526,3217456,3217564,3245176,3247165,3247516,3254176,3256147,3261457,3261547,3274165,3275461,3415762,3416275,3417256,3425617,3426157,3451762,3452176,3456127,3457612,3461257,3461527,3471625,3475261,3476215,3512476,3517246,3521746,3526147,3541726,3542617,3546127,3564217,3612574,3614275,3617425,3621475,3624715,3625741,3627415,3642157,3642517,3645721,3657214,3671524,3675124,3715264,3715624,3716245,3741625,3751264,3761245,3761425,3762145,4127563,4127653,4136275,4152763,4157632,4162375,4162735,4163275,4172356,4172536,4173256,4175623,4176523,4213567,4215367,4217653,4236175,4237615,4251367,4256137,4257163,4261357,4261537,4271563,4271653,4273615,4275163,4316275,4317256,4325617,4326157,4351726,4352176,4352617,4362571,4371625,4376125,4376215,4512763,4517326,4517632,4521736,4523176,4527163,4531726,4532176,4532617,4561237,4562713,4572361,4576132,4576312,4612357,4612537,4615237,4617523,4625713,4627153,4627513,4632751,4652713,4713625,4716235,4716325,4731625,4735126,4736215,4751326,4752631,4753126,4762135,4762315,5123674,5124736,5126374,5127643,5132476,5136427,5146273,5164273,5172436,5173246,5176342,5213674,5217346,5217436,5231746,5234617,5241763,5246173,5261437,5263471,5263714,5267314,5271463,5271643,5273164,5276413,5312476,5317246,5321746,5326147,5341726,5342617,5346127,5364217,5412763,5417236,5417326,5421763,5426137,5427163,5431726,5432617,5461237,5462713,5463271,5612347,5613427,5614327,5623714,5624173,5627143,5632174,5641273,5642137,5642713,5672314,5714623,5716423,5721364,5723164,5723641,5736124,5743621,5761342,5763142,5763412,6123457,6123547,6124375,6125347,6125734,6134257,6134572,6135427,6142375,6142735,6143257,6143527,6145327,6152347,6153427,6154327,6174235,6175243,6213475,6214375,6214735,6231475,6234715,6237154,6237415,6241753,6243715,6247135,6247315,6257143,6257431,6271453,6271543,6273415,6274135,6274315,6275143,6314572,6321754,6324715,6327415,6327541,6341572,6345172,6347521,6371524,6375124,6412753,6415273,6421357,6421537,6425137,6425713,6427153,6427513,6451273,6452713,6457231,6524173,6527143,6527314,6541273,6542173,6542713,6572134,6572314,6751234,6752134,7136245,7145623,7146253,7146523,7152634,7154623,7156234,7156423,7162345,7162435,7163245,7164253,7164523,7165423,7213654,7231654,7235416,7236451,7243516,7245316,7253416,7254316,7316245,7316524,7324516,7325416,7341625,7345216,7351246,7361254,7361425,7362145,7413625,7416235,7416325,7423615,7431625,7435216,7436251,7452316,7453216,7512364,7512634,7513246,7514623,7516423,7521364,7524613,7526341,7531246,7546321,7562413,7563214,7564123,7612435,7613452,7614235,7621345,7621435,7623145,7631452,7634152,7634512,7641523,7645123,7652413,7654123,7654213	4215673>5673124,4231567>1567324,4256731>6731524,4315267>5267134,4326715>6715234,4352671>2671534,4516723>6723154,4523167>3167254,4531672>1672354	4213675>3675124,4316752>6752134,4512367>2367154	1	-	5906.up-377da0a3c300.txt~5906.up-d8c6ba46400e.txt
14dbfee2d4bb	7	1234567,1235467,1243765,1247356,1247536,1253467,1257364,1263754,1275643,1276453,1276543,1324756,1342567,1345762,1347625,1354267,1356427,1362475,1362745,1364257,1365724,1423765,1427365,1432567,1435267,1437625,1453267,1456273,1457632,1462573,1462753,1465273,1473625,1476235,1523467,1526374,1526734,1527643,1534267,1536427,1543267,1546273,1562374,1564273,1567234,1576342,1623475,1623745,1624375,1624735,1627345,1627435,1632475,1632745,1642573,1642753,1645273,1652734,1654273,1657234,1723546,1724356,1724536,1725346,1725436,1732456,1732546,1734526,1742365,1743526,1745236,1745326,1752463,1756243,1756324,1763452,1765243,1765423,2134765,2135647,2136574,2136754,2143765,2147365,2153647,2173456,2174356,2174536,2175634,2176543,2314765,2316574,2316754,2317456,2345617,2346157,2347165,2354176,2354617,2361745,2364571,2367154,2371564,2374165,2376145,2417563,2417653,2435176,2437165,2437615,2451736,2453176,2461753,2471365,2471635,2473165,2473516,2475136,2475316,2513647,2534176,2534617,2541736,2543176,2561347,2561437,2571463,2571643,2573614,2574361,2613547,2614357,2614537,2615347,2615437,2634751,2637154,2637514,2673154,2714563,2714653,2715463,2715643,2716453,2716543,2731654,2734165,2736145,2741365,2741635,2743165,2751463,2751643,2754631,2756413,2764153,2764513,2765413,3124756,3145762,3147625,3156724,3162475,3162745,3165274,3165724,3167524,3172456,3172546,3174526,3217456,3217564,3245176,3247165,3247516,3254176,3256147,3261457,3261547,3274165,3275461,3415762,3416275,3417256,3425617,3426157,3451762,3452176,3456127,3457612,3461257,3461527,3471625,3475261,3476215,3512476,3517246,3521746,3526147,3541726,3542617,3546127,3564217,3612574,3614275,3617425,3621475,3624715,3625741,3627415,3642157,3642517,3645721,3657214,3671524,3675124,3715264,3715624,3716245,3741625,3751264,3761245,3761425,3762145,4127563,4127653,4136275,4152763,4157632,4162375,4162735,4163275,4172356,4172536,4173256,4175623,4176523,4213567,4215367,4217653,4236175,4237615,4251367,4256137,4257163,4261357,4261537,4271563,4271653,4273615,4275163,4316275,4317256,4325617,4326157,4351726,4352176,4352617,4362571,4371625,4376125,4376215,4512763,4517326,4517632,4521736,4523176,4527163,4531726,4532176,4532617,4561237,4562713,4572361,4576132,4576312,4612357,4612537,4615237,4617523,4625713,4627153,4627513,4632751,4652713,4713625,4716235,4716325,4731625,4735126,4736215,4751326,4752631,4753126,4762135,4762315,5123674,5124736,5126374,5127643,5132476,5136427,5146273,5164273,5172436,5173246,5176342,5213674,5217346,5217436,5231746,5234617,5241763,5246173,5261437,5263471,5263714,5267314,5271463,5271643,5273164,5276413,5312476,5317246,5321746,5326147,5341726,5342617,5346127,5364217,5412763,5417236,5417326,5421763,5426137,5427163,5431726,5432617,5461237,5462713,5463271,5612347,5613427,5614327,5623714,5624173,5627143,5632174,5641273,5642137,5642713,5672314,5714623,5716423,5721364,5723164,5723641,5736124,5743621,5761342,5763142,5763412,6123457,6123547,6124375,6125347,6125734,6134257,6134572,6135427,6142375,6142735,6143257,6143527,6145327,6152347,6153427,6154327,6174235,6175243,6213475,6214375,6214735,6231475,6234715,6237154,6237415,6241753,6243715,6247135,6247315,6257143,6257431,6271453,6271543,6273415,6274135,6274315,6275143,6314572,6321754,6324715,6327415,6327541,6341572,6345172,6347521,6371524,6375124,6412753,6415273,6421357,6421537,6425137,6425713,6427153,6427513,6451273,6452713,6457231,6524173,6527143,6527314,6541273,6542173,6542713,6572134,6572314,6751234,6752134,7136245,7145623,7146253,7146523,7152634,7154623,7156234,7156423,7162345,7162435,7163245,7164253,7164523,7165423,7213654,7231654,7235416,7236451,7243516,7245316,7253416,7254316,7316245,7316524,7324516,7325416,7341625,7345216,7351246,7361254,7361425,7362145,7413625,7416235,7416325,7423615,7431625,7435216,7436251,7452316,7453216,7512364,7512634,7513246,7514623,7516423,7521364,7524613,7526341,7531246,7546321,7562413,7563214,7564123,7612435,7613452,7614235,7621345,7621435,7623145,7631452,7634152,7634512,7641523,7645123,7652413,7654123,7654213	1236457,1237465,1245763,1246753,1247563,1247653,1264753,1273465,1273645,1276345,1324567,1346275,1347265,1347526,1362574,1364275,1364725,1367425,1376425,1425763,1427563,1436275,1437265,1452637,1452763,1457236,1457623,1462375,1462735,1463275,1473265,1475623,1524376,1526347,1527436,1542763,1546237,1562473,1562743,1572346,1574263,1624573,1624753,1625743,1627453,1627543,1632754,1634275,1642375,1642735,1652473,1652743,1654237,1723465,1724365,1724635,1725643,1726453,1726543,1732465,1734256,1736245,1736425,1742563,1745263,1745623,1746523,1754263,1762345,1762435,1763245,1763425,2134756,2136475,2136745,2137645,2145763,2147563,2173645,2174563,2174653,2176345,2314576,2315467,2316547,2341576,2341765,2346175,2354761,2364517,2367541,2371465,2371645,2374615,2417365,2417635,2431765,2436175,2436751,2437156,2456137,2457163,2457613,2461735,2463175,2467513,2471563,2471653,2475163,2475613,2476513,2517346,2534761,2543761,2547361,2561743,2564173,2571364,2574163,2576143,2613475,2614375,2614735,2615743,2617453,2617543,2631457,2634157,2645173,2647513,2654173,2713465,2713645,2714365,2714635,2716345,2731465,2731645,2734615,2736415,2741563,2741653,2743156,2745163,2751634,2754163,2756143,2756431,2761453,2761543,2763415,2764351,2764531,2765431,3145267,3145726,3146275,3152746,3154627,3164275,3165427,3172465,3176245,3241765,3245617,3246175,3261475,3271465,3275164,3275641,3276451,3276541,3412765,3415267,3415726,3417625,3421765,3425176,3427165,3461275,3461725,3462715,3472615,3475216,3476251,3527641,3547621,3617245,3624175,3625471,3625714,3627145,3641275,3642175,3642715,3645127,3647215,3674215,3675241,3675421,3714625,3715246,3716425,3726145,3746125,3762541,3764215,4127365,4127635,4152637,4156273,4157236,4162573,4162753,4165273,4172563,4172653,4173625,4176235,4176325,4213675,4213765,4217365,4217635,4231657,4236751,4237165,4251736,4256173,4257613,4261573,4261753,4271365,4271635,4273165,4275613,4276153,4315276,4317625,4327561,4327651,4352761,4361725,4362715,4367521,4371526,4372615,4376251,4512367,4516273,4517263,4526173,4526317,4527613,4532761,4561327,4562173,4571623,4572316,4576123,4576213,4612375,4612735,4617235,4617325,4623157,4623715,4627135,4627315,4631725,4632715,4652173,4675123,4715623,4716523,4721365,4726135,4732615,4736251,4751263,4751623,4752136,4756123,4756213,4762351,4762531,4765123,5123647,5124673,5124763,5126473,5162473,5162743,5163274,5172643,5173426,5213476,5217463,5243671,5243716,5247163,5261743,5263147,5263417,5274163,5274316,5276143,5276431,5327641,5347621,5416273,5417263,5423167,5423671,5426173,5427613,5432761,5437621,5462317,5473621,5476231,5612473,5613247,5614273,5617423,5621473,5621743,5624713,5627413,5641723,5643271,5713624,5716243,5723146,5723416,5741623,5742613,5761243,5761423,5762143,6123745,6124573,6124753,6127345,6132457,6134725,6142573,6142753,6143725,6145273,6147325,6154273,6157423,6172345,6172435,6173245,6174253,6174523,6175423,6214573,6214753,6217453,6231547,6234175,6235471,6237145,6241735,6243175,6245713,6247153,6247513,6253471,6254371,6254731,6257134,6257413,6271345,6271435,6273145,6274153,6274513,6275413,6314527,6317245,6324175,6327145,6327514,6341275,6341527,6342175,6342715,6412735,6417253,6421375,6421735,6423715,6427135,6427315,6432751,6435271,6451237,6451723,6453271,6472135,6475123,6512473,6521743,6524713,6527413,6541723,6542317,6543271,6742135,6751243,6752431,6754231,7134625,7136254,7136425,7143625,7146235,7146325,7152436,7156243,7162453,7163425,7164235,7165243,7213645,7231456,7234156,7234615,7243615,7246315,7256413,7261345,7261435,7264513,7265413,7314625,7316425,7324615,7326145,7342516,7346125,7362415,7362541,7364125,7364215,7415623,7416253,7416523,7421365,7425613,7426153,7431526,7451623,7452613,7456213,7461235,7465213,7512463,7512643,7516243,7516324,7521346,7524361,7541623,7542361,7542613,7561243,7561423,7562143,7564321,7612453,7614253,7614523,7615423,7621453,7623415,7623541,7624315,7625341,7625431,7632415,7634125,7634215,7642135,7643521,7645321,7651243,7654321	4213675>3675124,4316752>6752134,4512367>2367154	4215673>5673124,4231567>1567324,4256731>6731524,4315267>5267134,4326715>6715234,4352671>2671534,4516723>6723154,4523167>3167254,4531672>1672354	1	-	5906.up-377da0a3c300.txt~5906.up-d8c6ba46400e.txt
79d92aface79	7	1236457,1237465,1245763,1246753,1247563,1247653,1267354,1267534,1273465,1273645,1276345,1324567,1326754,1345276,1347265,1347526,1356724,1364275,1367254,1367425,1376425,1425763,1427563,1437265,1452637,1452763,1457236,1457623,1473265,1475623,1524376,1526347,1536724,1542763,1562473,1572346,1574263,1623457,1624573,1624753,1634275,1642375,1642735,1652473,1654237,1723465,1724365,1724635,1725643,1726453,1726543,1732465,1734256,1736245,1736425,1742563,1745263,1745623,1746523,1754263,1762345,1762435,1763245,1763425,2134756,2135674,2136745,2137645,2145763,2147563,2153674,2173645,2174563,2174653,2176345,2314576,2316547,2341576,2341765,2345167,2346175,2354761,2364517,2367541,2371645,2374615,2417365,2417635,2431765,2436175,2436751,2437156,2456137,2457163,2457613,2461735,2463175,2467513,2471563,2471653,2475163,2475613,2476513,2513674,2517346,2534761,2543761,2547361,2561743,2564173,2576143,2613475,2614375,2614735,2615743,2617453,2617543,2631457,2634157,2645173,2654173,2673514,2675134,2675314,2713456,2713645,2716345,2731645,2734615,2736415,2756143,2756431,2761453,2761543,2763415,2764351,2764531,2765431,3126754,3145267,3145726,3164275,3165427,3172465,3176245,3241765,3245617,3246175,3261475,3267514,3275641,3276451,3276541,3412765,3415267,3415726,3417625,3421765,3425176,3427165,3451627,3452716,3461275,3461725,3472615,3475216,3476251,3512674,3527641,3547621,3567214,3617245,3624175,3625471,3641275,3642175,3642715,3645127,3672154,3672514,3674215,3675241,3675421,3715246,3716425,3726145,3746125,3762541,3764215,4127365,4127635,4152637,4157236,4172563,4172653,4173625,4176235,4176325,4213675,4213765,4217365,4217635,4231657,4236751,4237165,4251736,4256173,4257613,4261573,4261753,4271365,4271635,4273165,4275613,4276153,4317625,4327561,4327651,4352761,4361725,4367521,4371526,4372615,4376251,4512367,4516237,4517263,4526173,4526317,4527136,4527613,4532761,4561327,4562173,4571623,4572316,4576123,4576213,4612375,4612735,4617235,4617325,4631725,4652173,4675123,4715623,4716523,4726135,4732615,4736251,4751623,4752136,4756123,4756213,4762351,4762531,4765123,5123647,5124673,5124763,5126734,5132674,5136724,5162347,5162473,5172643,5173426,5213476,5217463,5243671,5243716,5247163,5261743,5263147,5263417,5271346,5276143,5276431,5312674,5327641,5347621,5367214,5417263,5423167,5423671,5426173,5427613,5432761,5437621,5473621,5476231,5612473,5613247,5614273,5617423,5621473,5621743,5624713,5641723,5643271,5672134,5716243,5723146,5723416,5742613,5761243,5761423,5762143,6123745,6124573,6124753,6127345,6132457,6134725,6142573,6142753,6143725,6145273,6147325,6154273,6157423,6172345,6172435,6173245,6174253,6174523,6175423,6214573,6214753,6217453,6234175,6234517,6235471,6241735,6243175,6245713,6247153,6247513,6253471,6254371,6254731,6314527,6317245,6324175,6341275,6341527,6342175,6342715,6412735,6417253,6421375,6421735,6423715,6427135,6427315,6432751,6435271,6451237,6451723,6453271,6512473,6521743,6524713,6541723,6542317,6543271,6721354,6721534,6725134,6735124,6742135,6751243,6751324,6752431,6753124,6754231,7134526,7136425,7152436,7156243,7162453,7163425,7164235,7165243,7213564,7215364,7231456,7234156,7234615,7243615,7246315,7251364,7256413,7261345,7261435,7264513,7265413,7316425,7324615,7326145,7342516,7346125,7351264,7362415,7362541,7364125,7364215,7421365,7425613,7426153,7452613,7456213,7461235,7465213,7512463,7513264,7516243,7521346,7524361,7531264,7542361,7542613,7561243,7561423,7562143,7564321,7612453,7614253,7614523,7615423,7621453,7623415,7623541,7624315,7625341,7625431,7632415,7634125,7634215,7642135,7643521,7645321,7651243,7654321	1234567,1235467,1243765,1247356,1247536,1253467,1257364,1267453,1267543,1275643,1276453,1276543,1324756,1342567,1345762,1346725,1347625,1354267,1356427,1362475,1364257,1367245,1423765,1426753,1427365,1432567,1435267,1436725,1437625,1453267,1457632,1473625,1476235,1523467,1526374,1526734,1527643,1534267,1536427,1543267,1562374,1564273,1567234,1576342,1623475,1624375,1624735,1632475,1642573,1642753,1645273,1652734,1654273,1657234,1723546,1724356,1724536,1725346,1725436,1732456,1732546,1734526,1742365,1743526,1745236,1745326,1752463,1756243,1756324,1763452,1765243,1765423,2134675,2134765,2135647,2136754,2143675,2143765,2147365,2153647,2173456,2174356,2174536,2175634,2176543,2314765,2316574,2316754,2317456,2345617,2346157,2347165,2354176,2354617,2361745,2364571,2367154,2371564,2376145,2413675,2417563,2417653,2435176,2437165,2437615,2451736,2453176,2461753,2471365,2471635,2473165,2473516,2475136,2475316,2513647,2534176,2534617,2541736,2543176,2561347,2561437,2571643,2573614,2613547,2614357,2614537,2615347,2615437,2634751,2637154,2673154,2674513,2675143,2675413,2715643,2716453,2716543,2731654,2736145,2751643,2756413,2764153,2764513,2765413,3124756,3145762,3147625,3156724,3162475,3165274,3165724,3167524,3172456,3172546,3174526,3217456,3217564,3245176,3247165,3247516,3254176,3256147,3261457,3261547,3415762,3417256,3425617,3426157,3451762,3452176,3456127,3457612,3461257,3461527,3467215,3471625,3475261,3476215,3512476,3517246,3521746,3526147,3541726,3542617,3546127,3564217,3612574,3614275,3617425,3621475,3624715,3642157,3642517,3645721,3671524,3672145,3672415,3675124,3715264,3715624,3716245,3761245,3761425,3762145,4126753,4127563,4127653,4136725,4152763,4157632,4172356,4172536,4173256,4175623,4176523,4213567,4215367,4217653,4236175,4237615,4251367,4256137,4257163,4261357,4261537,4267513,4271563,4271653,4273615,4275163,4317256,4325617,4326157,4351726,4352176,4352617,4367215,4371625,4376125,4376215,4512673,4512763,4517326,4517632,4521736,4523176,4527163,4531726,4532176,4532617,4561237,4572361,4576132,4576312,4612357,4612537,4615237,4617523,4672135,4713625,4716235,4716325,4731625,4735126,4736215,4751326,4752631,4753126,4762135,4762315,5123674,5124736,5126743,5127643,5132476,5136427,5142673,5164273,5172436,5173246,5176342,5213674,5217346,5217436,5231746,5234617,5241763,5246173,5261437,5263471,5263714,5267314,5271643,5273164,5276413,5312476,5317246,5321746,5326147,5341726,5342617,5346127,5364217,5412673,5412763,5417236,5417326,5421763,5426137,5427163,5431726,5432617,5461237,5612347,5613427,5614327,5623714,5624173,5632174,5641273,5642137,5642713,5672314,5716423,5723164,5723641,5736124,5761342,5763142,5763412,6123457,6123547,6124375,6125347,6125734,6134257,6134572,6135427,6142375,6142735,6143257,6143527,6145327,6152347,6153427,6154327,6174235,6175243,6213475,6214375,6214735,6231475,6234715,6237154,6241753,6243715,6247135,6247315,6314572,6321754,6324715,6341572,6345172,6347521,6371524,6412753,6415273,6421357,6421537,6425137,6425713,6427153,6427513,6451273,6452713,6457231,6524173,6527314,6541273,6542173,6542713,6572314,6721345,6721435,6724135,6745123,6751234,6751423,6752134,6754123,7136245,7152634,7156234,7156423,7162345,7162435,7163245,7164253,7164523,7165423,7213465,7214365,7231654,7235416,7236451,7241365,7243516,7245316,7253416,7254316,7316245,7316524,7324516,7325416,7345216,7351246,7361254,7361425,7362145,7423615,7435216,7451263,7452316,7453216,7512364,7513246,7514263,7516423,7521364,7524613,7526341,7531246,7541263,7562413,7563214,7564123,7612435,7613452,7614235,7621345,7621435,7623145,7631452,7634152,7634512,7641523,7645123,7652413,7654123,7654213	4215673>5673124,4231567>1567324,4256731>6731524,4315267>5267134,4326715>6715234,4352671>2671534,4516723>6723154,4523167>3167254,4531672>1672354	4213675>3675124,4316752>6752134,4512367>2367154	1	-	5906.up-6597315411ea.txt~5906.up-d8c6ba46400e.txt
0bc4fb89c460	7	1234567,1235467,1243765,1247356,1247536,1253467,1257364,1267453,1267543,1275643,1276453,1276543,1324756,1342567,1345762,1346725,1347625,1354267,1356427,1362475,1364257,1367245,1423765,1426753,1427365,1432567,1435267,1436725,1437625,1453267,1457632,1473625,1476235,1523467,1526374,1526734,1527643,1534267,1536427,1543267,1562374,1564273,1567234,1576342,1623475,1624375,1624735,1632475,1642573,1642753,1645273,1652734,1654273,1657234,1723546,1724356,1724536,1725346,1725436,1732456,1732546,1734526,1742365,1743526,1745236,1745326,1752463,1756243,1756324,1763452,1765243,1765423,2134675,2134765,2135647,2136754,2143675,2143765,2147365,2153647,2173456,2174356,2174536,2175634,2176543,2314765,2316574,2316754,2317456,2345617,2346157,2347165,2354176,2354617,2361745,2364571,2367154,2371564,2376145,2413675,2417563,2417653,2435176,2437165,2437615,2451736,2453176,2461753,2471365,2471635,2473165,2473516,2475136,2475316,2513647,2534176,2534617,2541736,2543176,2561347,2561437,2571643,2573614,2613547,2614357,2614537,2615347,2615437,2634751,2637154,2673154,2674513,2675143,2675413,2715643,2716453,2716543,2731654,2736145,2751643,2756413,2764153,2764513,2765413,3124756,3145762,3147625,3156724,3162475,3165274,3165724,3167524,3172456,3172546,3174526,3217456,3217564,3245176,3247165,3247516,3254176,3256147,3261457,3261547,3415762,3417256,3425617,3426157,3451762,3452176,3456127,3457612,3461257,3461527,3467215,3471625,3475261,3476215,3512476,3517246,3521746,3526147,3541726,3542617,3546127,3564217,3612574,3614275,3617425,3621475,3624715,3642157,3642517,3645721,3671524,3672145,3672415,3675124,3715264,3715624,3716245,3761245,3761425,3762145,4126753,4127563,4127653,4136725,4152763,4157632,4172356,4172536,4173256,4175623,4176523,4213567,4215367,4217653,4236175,4237615,4251367,4256137,4257163,4261357,4261537,4267513,4271563,4271653,4273615,4275163,4317256,4325617,4326157,4351726,4352176,4352617,4367215,4371625,4376125,4376215,4512673,4512763,4517326,4517632,4521736,4523176,4527163,4531726,4532176,4532617,4561237,4572361,4576132,4576312,4612357,4612537,4615237,4617523,4672135,4713625,4716235,4716325,4731625,4735126,4736215,4751326,4752631,4753126,4762135,4762315,5123674,5124736,5126743,5127643,5132476,5136427,5142673,5164273,5172436,5173246,5176342,5213674,5217346,5217436,5231746,5234617,5241763,5246173,5261437,5263471,5263714,5267314,5271643,5273164,5276413,5312476,5317246,5321746,5326147,5341726,5342617,5346127,5364217,5412673,5412763,5417236,5417326,5421763,5426137,5427163,5431726,5432617,5461237,5612347,5613427,5614327,5623714,5624173,5632174,5641273,5642137,5642713,5672314,5716423,5723164,5723641,5736124,5761342,5763142,5763412,6123457,6123547,6124375,6125347,6125734,6134257,6134572,6135427,6142375,6142735,6143257,6143527,6145327,6152347,6153427,6154327,6174235,6175243,6213475,6214375,6214735,6231475,6234715,6237154,6241753,6243715,6247135,6247315,6314572,6321754,6324715,6341572,6345172,6347521,6371524,6412753,6415273,6421357,6421537,6425137,6425713,6427153,6427513,6451273,6452713,6457231,6524173,6527314,6541273,6542173,6542713,6572314,6721345,6721435,6724135,6745123,6751234,6751423,6752134,6754123,7136245,7152634,7156234,7156423,7162345,7162435,7163245,7164253,7164523,7165423,7213465,7214365,7231654,7235416,7236451,7241365,7243516,7245316,7253416,7254316,7316245,7316524,7324516,7325416,7345216,7351246,7361254,7361425,7362145,7423615,7435216,7451263,7452316,7453216,7512364,7513246,7514263,7516423,7521364,7524613,7526341,7531246,7541263,7562413,7563214,7564123,7612435,7613452,7614235,7621345,7621435,7623145,7631452,7634152,7634512,7641523,7645123,7652413,7654123,7654213	1236457,1237465,1245763,1246753,1247563,1247653,1267354,1267534,1273465,1273645,1276345,1324567,1326754,1345276,1347265,1347526,1356724,1364275,1367254,1367425,1376425,1425763,1427563,1437265,1452637,1452763,1457236,1457623,1473265,1475623,1524376,1526347,1536724,1542763,1562473,1572346,1574263,1623457,1624573,1624753,1634275,1642375,1642735,1652473,1654237,1723465,1724365,1724635,1725643,1726453,1726543,1732465,1734256,1736245,1736425,1742563,1745263,1745623,1746523,1754263,1762345,1762435,1763245,1763425,2134756,2135674,2136745,2137645,2145763,2147563,2153674,2173645,2174563,2174653,2176345,2314576,2316547,2341576,2341765,2345167,2346175,2354761,2364517,2367541,2371645,2374615,2417365,2417635,2431765,2436175,2436751,2437156,2456137,2457163,2457613,2461735,2463175,2467513,2471563,2471653,2475163,2475613,2476513,2513674,2517346,2534761,2543761,2547361,2561743,2564173,2576143,2613475,2614375,2614735,2615743,2617453,2617543,2631457,2634157,2645173,2654173,2673514,2675134,2675314,2713456,2713645,2716345,2731645,2734615,2736415,2756143,2756431,2761453,2761543,2763415,2764351,2764531,2765431,3126754,3145267,3145726,3164275,3165427,3172465,3176245,3241765,3245617,3246175,3261475,3267514,3275641,3276451,3276541,3412765,3415267,3415726,3417625,3421765,3425176,3427165,3451627,3452716,3461275,3461725,3472615,3475216,3476251,3512674,3527641,3547621,3567214,3617245,3624175,3625471,3641275,3642175,3642715,3645127,3672154,3672514,3674215,3675241,3675421,3715246,3716425,3726145,3746125,3762541,3764215,4127365,4127635,4152637,4157236,4172563,4172653,4173625,4176235,4176325,4213675,4213765,4217365,4217635,4231657,4236751,4237165,4251736,4256173,4257613,4261573,4261753,4271365,4271635,4273165,4275613,4276153,4317625,4327561,4327651,4352761,4361725,4367521,4371526,4372615,4376251,4512367,4516237,4517263,4526173,4526317,4527136,4527613,4532761,4561327,4562173,4571623,4572316,4576123,4576213,4612375,4612735,4617235,4617325,4631725,4652173,4675123,4715623,4716523,4726135,4732615,4736251,4751623,4752136,4756123,4756213,4762351,4762531,4765123,5123647,5124673,5124763,5126734,5132674,5136724,5162347,5162473,5172643,5173426,5213476,5217463,5243671,5243716,5247163,5261743,5263147,5263417,5271346,5276143,5276431,5312674,5327641,5347621,5367214,5417263,5423167,5423671,5426173,5427613,5432761,5437621,5473621,5476231,5612473,5613247,5614273,5617423,5621473,5621743,5624713,5641723,5643271,5672134,5716243,5723146,5723416,5742613,5761243,5761423,5762143,6123745,6124573,6124753,6127345,6132457,6134725,6142573,6142753,6143725,6145273,6147325,6154273,6157423,6172345,6172435,6173245,6174253,6174523,6175423,6214573,6214753,6217453,6234175,6234517,6235471,6241735,6243175,6245713,6247153,6247513,6253471,6254371,6254731,6314527,6317245,6324175,6341275,6341527,6342175,6342715,6412735,6417253,6421375,6421735,6423715,6427135,6427315,6432751,6435271,6451237,6451723,6453271,6512473,6521743,6524713,6541723,6542317,6543271,6721354,6721534,6725134,6735124,6742135,6751243,6751324,6752431,6753124,6754231,7134526,7136425,7152436,7156243,7162453,7163425,7164235,7165243,7213564,7215364,7231456,7234156,7234615,7243615,7246315,7251364,7256413,7261345,7261435,7264513,7265413,7316425,7324615,7326145,7342516,7346125,7351264,7362415,7362541,7364125,7364215,7421365,7425613,7426153,7452613,7456213,7461235,7465213,7512463,7513264,7516243,7521346,7524361,7531264,7542361,7542613,7561243,7561423,7562143,7564321,7612453,7614253,7614523,7615423,7621453,7623415,7623541,7624315,7625341,7625431,7632415,7634125,7634215,7642135,7643521,7645321,7651243,7654321	4213675>3675124,4316752>6752134,4512367>2367154	4215673>5673124,4231567>1567324,4256731>6731524,4315267>5267134,4326715>6715234,4352671>2671534,4516723>6723154,4523167>3167254,4531672>1672354	1	-	5906.up-6597315411ea.txt~5906.up-d8c6ba46400e.txt
c9ee60484864	7	1236457,1237465,1245763,1246753,1247563,1247653,1254763,1267354,1267534,1273465,1273645,1276345,1276435,1324567,1326754,1327645,1346275,1347265,1347526,1356724,1362574,1364275,1367254,1367425,1376425,1425763,1427563,1436275,1437265,1452637,1452763,1457236,1457623,1462375,1462735,1463275,1473265,1475623,1476253,1524376,1526347,1527436,1536724,1542763,1546237,1547623,1562473,1562743,1572346,1574263,1624573,1624753,1625473,1625743,1627453,1627543,1632754,1634275,1642375,1642735,1643275,1652473,1652743,1654237,1723465,1724365,1724635,1725643,1726453,1726543,1732465,1734256,1736245,1736425,1742563,1745263,1745623,1746523,1754263,1762345,1762435,1763245,1763425,1764325,2134756,2135674,2136745,2137645,2145763,2147563,2153674,2154763,2173645,2174563,2174653,2176345,2176435,2314576,2315467,2316547,2341576,2341765,2346175,2364517,2367541,2371465,2371645,2374615,2417365,2417635,2431765,2436175,2436751,2437156,2456137,2457163,2457613,2461735,2463175,2467513,2471563,2471653,2475163,2475613,2476513,2513674,2514763,2517346,2543761,2547163,2547613,2561743,2564173,2571364,2574163,2576143,2613475,2614375,2614735,2615743,2617453,2617543,2631457,2634157,2645173,2654173,2673514,2675134,2675314,2713465,2713645,2714365,2714635,2716345,2716435,2731465,2731645,2734615,2736415,2741563,2741653,2743156,2745163,2751634,2754163,2756143,2761453,2761543,2763415,2764135,2764315,2765431,3126754,3127645,3145267,3145726,3146275,3152746,3154627,3164275,3165427,3172465,3176245,3217645,3241765,3245617,3246175,3261475,3267514,3271465,3271645,3275164,3276415,3276541,3412765,3415267,3415726,3417625,3421765,3425176,3427165,3461275,3461725,3462715,3472615,3475216,3512674,3567214,3617245,3624175,3625714,3627145,3641275,3642175,3642715,3645127,3672154,3672514,3674215,3675241,3675421,3714625,3715246,3716425,3726145,3746125,3762541,3764215,4127365,4127635,4132765,4152637,4156273,4157236,4162573,4162753,4165273,4172563,4172653,4173625,4176235,4176325,4213675,4213765,4217365,4217635,4231657,4236751,4237165,4251736,4256173,4257613,4261573,4261753,4271365,4271635,4273165,4275613,4276153,4312765,4315276,4317625,4321765,4327165,4327651,4361725,4362715,4367521,4371526,4372615,4376251,4512367,4516273,4517263,4526173,4526317,4527613,4561327,4562173,4571623,4572316,4576123,4576213,4612375,4612735,4617235,4617325,4623157,4623715,4627135,4627315,4631725,4632715,4652173,4675123,4715623,4716253,4716523,4726135,4732615,4751623,4752136,4756123,4756213,4761253,4762153,4762513,4765123,5123647,5124673,5124763,5126734,5132674,5136724,5147623,5162473,5162743,5163274,5172643,5173426,5213476,5217463,5243671,5243716,5247163,5261743,5263147,5263417,5274163,5274316,5276143,5312674,5367214,5416273,5417263,5423167,5423671,5426173,5427613,5432761,5437621,5462317,5471623,5476123,5476213,5612473,5613247,5614273,5617423,5621473,5621743,5624713,5627413,5641723,5672134,5713624,5716243,5723146,5723416,5741623,5742613,5761243,5761423,5762143,6123745,6124573,6124753,6125473,6127345,6132457,6134725,6142573,6142753,6143725,6145273,6147325,6154273,6157423,6172345,6172435,6173245,6174253,6174523,6175423,6214573,6214753,6215473,6217453,6231547,6234175,6237145,6241735,6243175,6245713,6247153,6247513,6251473,6254371,6254713,6257134,6257413,6271345,6271435,6273145,6274153,6274513,6275413,6314527,6317245,6324175,6327145,6327514,6341275,6341527,6342175,6342715,6412735,6413275,6417253,6421375,6421735,6423715,6427135,6427315,6431275,6432175,6432715,6451237,6451723,6512473,6521743,6524713,6527413,6541723,6542317,6543271,6721354,6721534,6725134,6735124,6742135,6751243,6751324,6752431,6753124,6754231,7134625,7136254,7136425,7143625,7146235,7146325,7152436,7156243,7162453,7162543,7163425,7164235,7164325,7165243,7213564,7215364,7231456,7234156,7234615,7243615,7246315,7251364,7256413,7261345,7261435,7264513,7265413,7314625,7316425,7324615,7326145,7342516,7346125,7351264,7362415,7364125,7364215,7415623,7416253,7416523,7421365,7425613,7426153,7431526,7451623,7452613,7456213,7461235,7465213,7512463,7513264,7516243,7516324,7521346,7524361,7531264,7541623,7542361,7542613,7561243,7561423,7562143,7612453,7612543,7614253,7614523,7615423,7621453,7621543,7623415,7624315,7625143,7625431,7632415,7634125,7634215,7641325,7642135,7643125,7643215,7651243,7654321	1234567,1235467,1243765,1247356,1247536,1253467,1257364,1267453,1267543,1275643,1276453,1276543,1324756,1342567,1345762,1346725,1347625,1354267,1356427,1362475,1362745,1364257,1367245,1423765,1426753,1427365,1432567,1435267,1436725,1437625,1453267,1456273,1457632,1462573,1462753,1465273,1473625,1476235,1523467,1526374,1526734,1527643,1534267,1536427,1543267,1546273,1562374,1564273,1567234,1576342,1623475,1623745,1624375,1624735,1627345,1627435,1632475,1632745,1642573,1642753,1645273,1652734,1654273,1657234,1723546,1724356,1724536,1725346,1725436,1732456,1732546,1734526,1742365,1743526,1745236,1745326,1752463,1756243,1756324,1763452,1765243,1765423,2134675,2134765,2135647,2136754,2143675,2143765,2147365,2153647,2173456,2174356,2174536,2175634,2176543,2314765,2316574,2316754,2317456,2345617,2346157,2347165,2354176,2354617,2361745,2364571,2367154,2371564,2374165,2376145,2413675,2417563,2417653,2435176,2437165,2437615,2451736,2453176,2461753,2471365,2471635,2473165,2473516,2475136,2475316,2513647,2534176,2534617,2541736,2543176,2547631,2561347,2561437,2571463,2571643,2573614,2574361,2576431,2613547,2614357,2614537,2615347,2615437,2634751,2637154,2673154,2674513,2675143,2675413,2714563,2714653,2715463,2715643,2716453,2716543,2731654,2734165,2736145,2741365,2741635,2743165,2751463,2751643,2754631,2756413,2764153,2764513,2765413,3124756,3145762,3147625,3156724,3162475,3162745,3165274,3165724,3167524,3172456,3172546,3174526,3217456,3217564,3245176,3247165,3247516,3254176,3254761,3256147,3257641,3261457,3261547,3274165,3275461,3415762,3416275,3417256,3425617,3426157,3451762,3452176,3456127,3457612,3461257,3461527,3467215,3471625,3475261,3476215,3512476,3517246,3521746,3526147,3541726,3542617,3546127,3564217,3612574,3614275,3617425,3621475,3624715,3625741,3627415,3642157,3642517,3645721,3671524,3672145,3672415,3675124,3715264,3715624,3716245,3741625,3761245,3761425,3762145,4126753,4127563,4127653,4136275,4136725,4152763,4157632,4162375,4162735,4163275,4172356,4172536,4173256,4175623,4176523,4213567,4215367,4217653,4236175,4237615,4251367,4256137,4257163,4261357,4261537,4267513,4271563,4271653,4273615,4275163,4316275,4317256,4325617,4325761,4326157,4351726,4352176,4352617,4362571,4367215,4371625,4376125,4376215,4512673,4512763,4517326,4517632,4521736,4523176,4527163,4531726,4532176,4532617,4561237,4562713,4572361,4576132,4576312,4612357,4612537,4615237,4617523,4625713,4627153,4627513,4632751,4652713,4672135,4713625,4716235,4716325,4731625,4735126,4736215,4751326,4752631,4753126,4762135,4762315,4763251,5123674,5124736,5126743,5127643,5132476,5136427,5142673,5146273,5164273,5172436,5173246,5176342,5213674,5217346,5217436,5231746,5234617,5241763,5246173,5261437,5263471,5263714,5267314,5271463,5271643,5273164,5276413,5312476,5317246,5321746,5326147,5341726,5342617,5346127,5364217,5412673,5412763,5417236,5417326,5421763,5426137,5427163,5431726,5432617,5461237,5462713,5463271,5476321,5612347,5613427,5614327,5623714,5624173,5627143,5632174,5641273,5642137,5642713,5672314,5714623,5716423,5723164,5723641,5736124,5743621,5761342,5763142,5763412,5764321,6123457,6123547,6124375,6125347,6125734,6134257,6134572,6135427,6142375,6142735,6143257,6143527,6145327,6152347,6153427,6154327,6174235,6175243,6213475,6214375,6214735,6231475,6234715,6237154,6237415,6241753,6243715,6247135,6247315,6257143,6257431,6271453,6271543,6273415,6274135,6274315,6275143,6314572,6321754,6324715,6325471,6327415,6327541,6341572,6345172,6347521,6371524,6412753,6415273,6421357,6421537,6425137,6425713,6427153,6427513,6432571,6451273,6452713,6457231,6524173,6527143,6527314,6541273,6542173,6542713,6572314,6721345,6721435,6724135,6745123,6751234,6751423,6752134,6754123,7136245,7145623,7146253,7146523,7152634,7154623,7156234,7156423,7162345,7162435,7163245,7164253,7164523,7165423,7213465,7214365,7231654,7235416,7236451,7241365,7243516,7245316,7253416,7254316,7316245,7316524,7324516,7325416,7341625,7345216,7351246,7361254,7361425,7362145,7413625,7416235,7416325,7423615,7431625,7435216,7436251,7451263,7452316,7453216,7512364,7513246,7514263,7514623,7516423,7521364,7524613,7526341,7531246,7541263,7546321,7562413,7563214,7564123,7612435,7613452,7614235,7621345,7621435,7623145,7631452,7632541,7634152,7634512,7641523,7643251,7645123,7652413,7654123,7654213	4215673>5673124,4231567>1567324,4256731>6731524,4315267>5267134,4326715>6715234,4352671>2671534,4516723>6723154,4523167>3167254,4531672>1672354	4213675>3675124,4316752>6752134,4512367>2367154	1	-	5906.up-72482a71c81e.txt~5906.up-d8c6ba46400e.txt
8b5fb2498167	7	1234567,1235467,1243765,1247356,1247536,1253467,1257364,1267453,1267543,1275643,1276453,1276543,1324756,1342567,1345762,1346725,1347625,1354267,1356427,1362475,1362745,1364257,1367245,1423765,1426753,1427365,1432567,1435267,1436725,1437625,1453267,1456273,1457632,1462573,1462753,1465273,1473625,1476235,1523467,1526374,1526734,1527643,1534267,1536427,1543267,1546273,1562374,1564273,1567234,1576342,1623475,1623745,1624375,1624735,1627345,1627435,1632475,1632745,1642573,1642753,1645273,1652734,1654273,1657234,1723546,1724356,1724536,1725346,1725436,1732456,1732546,1734526,1742365,1743526,1745236,1745326,1752463,1756243,1756324,1763452,1765243,1765423,2134675,2134765,2135647,2136754,2143675,2143765,2147365,2153647,2173456,2174356,2174536,2175634,2176543,2314765,2316574,2316754,2317456,2345617,2346157,2347165,2354176,2354617,2361745,2364571,2367154,2371564,2374165,2376145,2413675,2417563,2417653,2435176,2437165,2437615,2451736,2453176,2461753,2471365,2471635,2473165,2473516,2475136,2475316,2513647,2534176,2534617,2541736,2543176,2547631,2561347,2561437,2571463,2571643,2573614,2574361,2576431,2613547,2614357,2614537,2615347,2615437,2634751,2637154,2673154,2674513,2675143,2675413,2714563,2714653,2715463,2715643,2716453,2716543,2731654,2734165,2736145,2741365,2741635,2743165,2751463,2751643,2754631,2756413,2764153,2764513,2765413,3124756,3145762,3147625,3156724,3162475,3162745,3165274,3165724,3167524,3172456,3172546,3174526,3217456,3217564,3245176,3247165,3247516,3254176,3254761,3256147,3257641,3261457,3261547,3274165,3275461,3415762,3416275,3417256,3425617,3426157,3451762,3452176,3456127,3457612,3461257,3461527,3467215,3471625,3475261,3476215,3512476,3517246,3521746,3526147,3541726,3542617,3546127,3564217,3612574,3614275,3617425,3621475,3624715,3625741,3627415,3642157,3642517,3645721,3671524,3672145,3672415,3675124,3715264,3715624,3716245,3741625,3761245,3761425,3762145,4126753,4127563,4127653,4136275,4136725,4152763,4157632,4162375,4162735,4163275,4172356,4172536,4173256,4175623,4176523,4213567,4215367,4217653,4236175,4237615,4251367,4256137,4257163,4261357,4261537,4267513,4271563,4271653,4273615,4275163,4316275,4317256,4325617,4325761,4326157,4351726,4352176,4352617,4362571,4367215,4371625,4376125,4376215,4512673,4512763,4517326,4517632,4521736,4523176,4527163,4531726,4532176,4532617,4561237,4562713,4572361,4576132,4576312,4612357,4612537,4615237,4617523,4625713,4627153,4627513,4632751,4652713,4672135,4713625,4716235,4716325,4731625,4735126,4736215,4751326,4752631,4753126,4762135,4762315,4763251,5123674,5124736,5126743,5127643,5132476,5136427,5142673,5146273,5164273,5172436,5173246,5176342,5213674,5217346,5217436,5231746,5234617,5241763,5246173,5261437,5263471,5263714,5267314,5271463,5271643,5273164,5276413,5312476,5317246,5321746,5326147,5341726,5342617,5346127,5364217,5412673,5412763,5417236,5417326,5421763,5426137,5427163,5431726,5432617,5461237,5462713,5463271,5476321,5612347,5613427,5614327,5623714,5624173,5627143,5632174,5641273,5642137,5642713,5672314,5714623,5716423,5723164,5723641,5736124,5743621,5761342,5763142,5763412,5764321,6123457,6123547,6124375,6125347,6125734,6134257,6134572,6135427,6142375,6142735,6143257,6143527,6145327,6152347,6153427,6154327,6174235,6175243,6213475,6214375,6214735,6231475,6234715,6237154,6237415,6241753,6243715,6247135,6247315,6257143,6257431,6271453,6271543,6273415,6274135,6274315,6275143,6314572,6321754,6324715,6325471,6327415,6327541,6341572,6345172,6347521,6371524,6412753,6415273,6421357,6421537,6425137,6425713,6427153,6427513,6432571,6451273,6452713,6457231,6524173,6527143,6527314,6541273,6542173,6542713,6572314,6721345,6721435,6724135,6745123,6751234,6751423,6752134,6754123,7136245,7145623,7146253,7146523,7152634,7154623,7156234,7156423,7162345,7162435,7163245,7164253,7164523,7165423,7213465,7214365,7231654,7235416,7236451,7241365,7243516,7245316,7253416,7254316,7316245,7316524,7324516,7325416,7341625,7345216,7351246,7361254,7361425,7362145,7413625,7416235,7416325,7423615,7431625,7435216,7436251,7451263,7452316,7453216,7512364,7513246,7514263,7514623,7516423,7521364,7524613,7526341,7531246,7541263,7546321,7562413,7563214,7564123,7612435,7613452,7614235,7621345,7621435,7623145,7631452,7632541,7634152,7634512,7641523,7643251,7645123,7652413,7654123,7654213	1236457,1237465,1245763,1246753,1247563,1247653,1254763,1267354,1267534,1273465,1273645,1276345,1276435,1324567,1326754,1327645,1346275,1347265,1347526,1356724,1362574,1364275,1367254,1367425,1376425,1425763,1427563,1436275,1437265,1452637,1452763,1457236,1457623,1462375,1462735,1463275,1473265,1475623,1476253,1524376,1526347,1527436,1536724,1542763,1546237,1547623,1562473,1562743,1572346,1574263,1624573,1624753,1625473,1625743,1627453,1627543,1632754,1634275,1642375,1642735,1643275,1652473,1652743,1654237,1723465,1724365,1724635,1725643,1726453,1726543,1732465,1734256,1736245,1736425,1742563,1745263,1745623,1746523,1754263,1762345,1762435,1763245,1763425,1764325,2134756,2135674,2136745,2137645,2145763,2147563,2153674,2154763,2173645,2174563,2174653,2176345,2176435,2314576,2315467,2316547,2341576,2341765,2346175,2364517,2367541,2371465,2371645,2374615,2417365,2417635,2431765,2436175,2436751,2437156,2456137,2457163,2457613,2461735,2463175,2467513,2471563,2471653,2475163,2475613,2476513,2513674,2514763,2517346,2543761,2547163,2547613,2561743,2564173,2571364,2574163,2576143,2613475,2614375,2614735,2615743,2617453,2617543,2631457,2634157,2645173,2654173,2673514,2675134,2675314,2713465,2713645,2714365,2714635,2716345,2716435,2731465,2731645,2734615,2736415,2741563,2741653,2743156,2745163,2751634,2754163,2756143,2761453,2761543,2763415,2764135,2764315,2765431,3126754,3127645,3145267,3145726,3146275,3152746,3154627,3164275,3165427,3172465,3176245,3217645,3241765,3245617,3246175,3261475,3267514,3271465,3271645,3275164,3276415,3276541,3412765,3415267,3415726,3417625,3421765,3425176,3427165,3461275,3461725,3462715,3472615,3475216,3512674,3567214,3617245,3624175,3625714,3627145,3641275,3642175,3642715,3645127,3672154,3672514,3674215,3675241,3675421,3714625,3715246,3716425,3726145,3746125,3762541,3764215,4127365,4127635,4132765,4152637,4156273,4157236,4162573,4162753,4165273,4172563,4172653,4173625,4176235,4176325,4213675,4213765,4217365,4217635,4231657,4236751,4237165,4251736,4256173,4257613,4261573,4261753,4271365,4271635,4273165,4275613,4276153,4312765,4315276,4317625,4321765,4327165,4327651,4361725,4362715,4367521,4371526,4372615,4376251,4512367,4516273,4517263,4526173,4526317,4527613,4561327,4562173,4571623,4572316,4576123,4576213,4612375,4612735,4617235,4617325,4623157,4623715,4627135,4627315,4631725,4632715,4652173,4675123,4715623,4716253,4716523,4726135,4732615,4751623,4752136,4756123,4756213,4761253,4762153,4762513,4765123,5123647,5124673,5124763,5126734,5132674,5136724,5147623,5162473,5162743,5163274,5172643,5173426,5213476,5217463,5243671,5243716,5247163,5261743,5263147,5263417,5274163,5274316,5276143,5312674,5367214,5416273,5417263,5423167,5423671,5426173,5427613,5432761,5437621,5462317,5471623,5476123,5476213,5612473,5613247,5614273,5617423,5621473,5621743,5624713,5627413,5641723,5672134,5713624,5716243,5723146,5723416,5741623,5742613,5761243,5761423,5762143,6123745,6124573,6124753,6125473,6127345,6132457,6134725,6142573,6142753,6143725,6145273,6147325,6154273,6157423,6172345,6172435,6173245,6174253,6174523,6175423,6214573,6214753,6215473,6217453,6231547,6234175,6237145,6241735,6243175,6245713,6247153,6247513,6251473,6254371,6254713,6257134,6257413,6271345,6271435,6273145,6274153,6274513,6275413,6314527,6317245,6324175,6327145,6327514,6341275,6341527,6342175,6342715,6412735,6413275,6417253,6421375,6421735,6423715,6427135,6427315,6431275,6432175,6432715,6451237,6451723,6512473,6521743,6524713,6527413,6541723,6542317,6543271,6721354,6721534,6725134,6735124,6742135,6751243,6751324,6752431,6753124,6754231,7134625,7136254,7136425,7143625,7146235,7146325,7152436,7156243,7162453,7162543,7163425,7164235,7164325,7165243,7213564,7215364,7231456,7234156,7234615,7243615,7246315,7251364,7256413,7261345,7261435,7264513,7265413,7314625,7316425,7324615,7326145,7342516,7346125,7351264,7362415,7364125,7364215,7415623,7416253,7416523,7421365,7425613,7426153,7431526,7451623,7452613,7456213,7461235,7465213,7512463,7513264,7516243,7516324,7521346,7524361,7531264,7541623,7542361,7542613,7561243,7561423,7562143,7612453,7612543,7614253,7614523,7615423,7621453,7621543,7623415,7624315,7625143,7625431,7632415,7634125,7634215,7641325,7642135,7643125,7643215,7651243,7654321	4213675>3675124,4316752>6752134,4512367>2367154	4215673>5673124,4231567>1567324,4256731>6731524,4315267>5267134,4326715>6715234,4352671>2671534,4516723>6723154,4523167>3167254,4531672>1672354	1	-	5906.up-72482a71c81e.txt~5906.up-d8c6ba46400e.txt
40511750d713	7	1236457,1237465,1245763,1246753,1247563,1247653,1264753,1273465,1273645,1276345,1324567,1345276,1347265,1347526,1364275,1364725,1367425,1376425,1425763,1427563,1437265,1452637,1452763,1457236,1457623,1473265,1475623,1524376,1526347,1542763,1562473,1572346,1574263,1623457,1624573,1624753,1634275,1642375,1642735,1652473,1654237,1723465,1724365,1724635,1725643,1726453,1726543,1732465,1734256,1736245,1736425,1742563,1745263,1745623,1746523,1754263,1762345,1762435,1763245,1763425,2134756,2136475,2136745,2137645,2145763,2147563,2173645,2174563,2174653,2176345,2314576,2316547,2341576,2341765,2345167,2346175,2354761,2364517,2367541,2371645,2374615,2417365,2417635,2431765,2436175,2436751,2437156,2456137,2457163,2457613,2461735,2463175,2467513,2471563,2471653,2475163,2475613,2476513,2517346,2534761,2543761,2547361,2561743,2564173,2576143,2613475,2614375,2614735,2615743,2617453,2617543,2631457,2634157,2645173,2647513,2654173,2713456,2713645,2716345,2731645,2734615,2736415,2756143,2756431,2761453,2761543,2763415,2764351,2764531,2765431,3145267,3145726,3164275,3165427,3172465,3176245,3241765,3245617,3246175,3261475,3275641,3276451,3276541,3412765,3415267,3415726,3417625,3421765,3425176,3427165,3451627,3452716,3461275,3461725,3472615,3475216,3476251,3527641,3547621,3617245,3624175,3625471,3641275,3642175,3642715,3645127,3647215,3674215,3675241,3675421,3715246,3716425,3726145,3746125,3762541,3764215,4127365,4127635,4152637,4157236,4172563,4172653,4173625,4176235,4176325,4213675,4213765,4217365,4217635,4231657,4236751,4237165,4251736,4256173,4257613,4261573,4261753,4271365,4271635,4273165,4275613,4276153,4317625,4327561,4327651,4352761,4361725,4367521,4371526,4372615,4376251,4512367,4516237,4517263,4526173,4526317,4527136,4527613,4532761,4561327,4562173,4571623,4572316,4576123,4576213,4612375,4612735,4617235,4617325,4631725,4652173,4675123,4715623,4716523,4721365,4726135,4732615,4736251,4751263,4751623,4752136,4756123,4756213,4762351,4762531,4765123,5123647,5124673,5124763,5126473,5162347,5162473,5172643,5173426,5213476,5217463,5243671,5243716,5247163,5261743,5263147,5263417,5271346,5276143,5276431,5327641,5347621,5417263,5423167,5423671,5426173,5427613,5432761,5437621,5473621,5476231,5612473,5613247,5614273,5617423,5621473,5621743,5624713,5641723,5643271,5716243,5723146,5723416,5742613,5761243,5761423,5762143,6123745,6124573,6124753,6127345,6132457,6134725,6142573,6142753,6143725,6145273,6147325,6154273,6157423,6172345,6172435,6173245,6174253,6174523,6175423,6214573,6214753,6217453,6234175,6234517,6235471,6241735,6243175,6245713,6247153,6247513,6253471,6254371,6254731,6314527,6317245,6324175,6341275,6341527,6342175,6342715,6412735,6417253,6421375,6421735,6423715,6427135,6427315,6432751,6435271,6451237,6451723,6453271,6472135,6475123,6512473,6521743,6524713,6541723,6542317,6543271,6742135,6751243,6752431,6754231,7134526,7136425,7152436,7156243,7162453,7163425,7164235,7165243,7213645,7231456,7234156,7234615,7243615,7246315,7256413,7261345,7261435,7264513,7265413,7316425,7324615,7326145,7342516,7346125,7362415,7362541,7364125,7364215,7421365,7425613,7426153,7452613,7456213,7461235,7465213,7512463,7512643,7516243,7521346,7524361,7542361,7542613,7561243,7561423,7562143,7564321,7612453,7614253,7614523,7615423,7621453,7623415,7623541,7624315,7625341,7625431,7632415,7634125,7634215,7642135,7643521,7645321,7651243,7654321	1234567,1235467,1243765,1247356,1247536,1253467,1257364,1263754,1275643,1276453,1276543,1324756,1342567,1345762,1347625,1354267,1356427,1362475,1364257,1365724,1423765,1427365,1432567,1435267,1437625,1453267,1457632,1473625,1476235,1523467,1526374,1526734,1527643,1534267,1536427,1543267,1562374,1564273,1567234,1576342,1623475,1624375,1624735,1632475,1642573,1642753,1645273,1652734,1654273,1657234,1723546,1724356,1724536,1725346,1725436,1732456,1732546,1734526,1742365,1743526,1745236,1745326,1752463,1756243,1756324,1763452,1765243,1765423,2134765,2135647,2136574,2136754,2143765,2147365,2153647,2173456,2174356,2174536,2175634,2176543,2314765,2316574,2316754,2317456,2345617,2346157,2347165,2354176,2354617,2361745,2364571,2367154,2371564,2376145,2417563,2417653,2435176,2437165,2437615,2451736,2453176,2461753,2471365,2471635,2473165,2473516,2475136,2475316,2513647,2534176,2534617,2541736,2543176,2561347,2561437,2571643,2573614,2613547,2614357,2614537,2615347,2615437,2634751,2637154,2637514,2673154,2715643,2716453,2716543,2731654,2736145,2751643,2756413,2764153,2764513,2765413,3124756,3145762,3147625,3156724,3162475,3165274,3165724,3167524,3172456,3172546,3174526,3217456,3217564,3245176,3247165,3247516,3254176,3256147,3261457,3261547,3415762,3417256,3425617,3426157,3451762,3452176,3456127,3457612,3461257,3461527,3471625,3475261,3476215,3512476,3517246,3521746,3526147,3541726,3542617,3546127,3564217,3612574,3614275,3617425,3621475,3624715,3642157,3642517,3645721,3657214,3671524,3675124,3715264,3715624,3716245,3751264,3761245,3761425,3762145,4127563,4127653,4152763,4157632,4172356,4172536,4173256,4175623,4176523,4213567,4215367,4217653,4236175,4237615,4251367,4256137,4257163,4261357,4261537,4271563,4271653,4273615,4275163,4317256,4325617,4326157,4351726,4352176,4352617,4371625,4376125,4376215,4512763,4517326,4517632,4521736,4523176,4527163,4531726,4532176,4532617,4561237,4572361,4576132,4576312,4612357,4612537,4615237,4617523,4713625,4716235,4716325,4731625,4735126,4736215,4751326,4752631,4753126,4762135,4762315,5123674,5124736,5126374,5127643,5132476,5136427,5164273,5172436,5173246,5176342,5213674,5217346,5217436,5231746,5234617,5241763,5246173,5261437,5263471,5263714,5267314,5271643,5273164,5276413,5312476,5317246,5321746,5326147,5341726,5342617,5346127,5364217,5412763,5417236,5417326,5421763,5426137,5427163,5431726,5432617,5461237,5612347,5613427,5614327,5623714,5624173,5632174,5641273,5642137,5642713,5672314,5716423,5721364,5723164,5723641,5736124,5761342,5763142,5763412,6123457,6123547,6124375,6125347,6125734,6134257,6134572,6135427,6142375,6142735,6143257,6143527,6145327,6152347,6153427,6154327,6174235,6175243,6213475,6214375,6214735,6231475,6234715,6237154,6241753,6243715,6247135,6247315,6314572,6321754,6324715,6341572,6345172,6347521,6371524,6375124,6412753,6415273,6421357,6421537,6425137,6425713,6427153,6427513,6451273,6452713,6457231,6524173,6527314,6541273,6542173,6542713,6572134,6572314,6751234,6752134,7136245,7152634,7156234,7156423,7162345,7162435,7163245,7164253,7164523,7165423,7213654,7231654,7235416,7236451,7243516,7245316,7253416,7254316,7316245,7316524,7324516,7325416,7345216,7351246,7361254,7361425,7362145,7423615,7435216,7452316,7453216,7512364,7512634,7513246,7516423,7521364,7524613,7526341,7531246,7562413,7563214,7564123,7612435,7613452,7614235,7621345,7621435,7623145,7631452,7634152,7634512,7641523,7645123,7652413,7654123,7654213	4215673>5673124,4231567>1567324,4256731>6731524,4315267>5267134,4326715>6715234,4352671>2671534,4516723>6723154,4523167>3167254,4531672>1672354	4213675>3675124,4316752>6752134,4512367>2367154	1	-	5906.up-c3afee7ed153.txt~5906.up-d8c6ba46400e.txt
34aee4e1cbda	7	1234567,1235467,1243765,1247356,1247536,1253467,1257364,1263754,1275643,1276453,1276543,1324756,1342567,1345762,1347625,1354267,1356427,1362475,1364257,1365724,1423765,1427365,1432567,1435267,1437625,1453267,1457632,1473625,1476235,1523467,1526374,1526734,1527643,1534267,1536427,1543267,1562374,1564273,1567234,1576342,1623475,1624375,1624735,1632475,1642573,1642753,1645273,1652734,1654273,1657234,1723546,1724356,1724536,1725346,1725436,1732456,1732546,1734526,1742365,1743526,1745236,1745326,1752463,1756243,1756324,1763452,1765243,1765423,2134765,2135647,2136574,2136754,2143765,2147365,2153647,2173456,2174356,2174536,2175634,2176543,2314765,2316574,2316754,2317456,2345617,2346157,2347165,2354176,2354617,2361745,2364571,2367154,2371564,2376145,2417563,2417653,2435176,2437165,2437615,2451736,2453176,2461753,2471365,2471635,2473165,2473516,2475136,2475316,2513647,2534176,2534617,2541736,2543176,2561347,2561437,2571643,2573614,2613547,2614357,2614537,2615347,2615437,2634751,2637154,2637514,2673154,2715643,2716453,2716543,2731654,2736145,2751643,2756413,2764153,2764513,2765413,3124756,3145762,3147625,3156724,3162475,3165274,3165724,3167524,3172456,3172546,3174526,3217456,3217564,3245176,3247165,3247516,3254176,3256147,3261457,3261547,3415762,3417256,3425617,3426157,3451762,3452176,3456127,3457612,3461257,3461527,3471625,3475261,3476215,3512476,3517246,3521746,3526147,3541726,3542617,3546127,3564217,3612574,3614275,3617425,3621475,3624715,3642157,3642517,3645721,3657214,3671524,3675124,3715264,3715624,3716245,3751264,3761245,3761425,3762145,4127563,4127653,4152763,4157632,4172356,4172536,4173256,4175623,4176523,4213567,4215367,4217653,4236175,4237615,4251367,4256137,4257163,4261357,4261537,4271563,4271653,4273615,4275163,4317256,4325617,4326157,4351726,4352176,4352617,4371625,4376125,4376215,4512763,4517326,4517632,4521736,4523176,4527163,4531726,4532176,4532617,4561237,4572361,4576132,4576312,4612357,4612537,4615237,4617523,4713625,4716235,4716325,4731625,4735126,4736215,4751326,4752631,4753126,4762135,4762315,5123674,5124736,5126374,5127643,5132476,5136427,5164273,5172436,5173246,5176342,5213674,5217346,5217436,5231746,5234617,5241763,5246173,5261437,5263471,5263714,5267314,5271643,5273164,5276413,5312476,5317246,5321746,5326147,5341726,5342617,5346127,5364217,5412763,5417236,5417326,5421763,5426137,5427163,5431726,5432617,5461237,5612347,5613427,5614327,5623714,5624173,5632174,5641273,5642137,5642713,5672314,5716423,5721364,5723164,5723641,5736124,5761342,5763142,5763412,6123457,6123547,6124375,6125347,6125734,6134257,6134572,6135427,6142375,6142735,6143257,6143527,6145327,6152347,6153427,6154327,6174235,6175243,6213475,6214375,6214735,6231475,6234715,6237154,6241753,6243715,6247135,6247315,6314572,6321754,6324715,6341572,6345172,6347521,6371524,6375124,6412753,6415273,6421357,6421537,6425137,6425713,6427153,6427513,6451273,6452713,6457231,6524173,6527314,6541273,6542173,6542713,6572134,6572314,6751234,6752134,7136245,7152634,7156234,7156423,7162345,7162435,7163245,7164253,7164523,7165423,7213654,7231654,7235416,7236451,7243516,7245316,7253416,7254316,7316245,7316524,7324516,7325416,7345216,7351246,7361254,7361425,7362145,7423615,7435216,7452316,7453216,7512364,7512634,7513246,7516423,7521364,7524613,7526341,7531246,7562413,7563214,7564123,7612435,7613452,7614235,7621345,7621435,7623145,7631452,7634152,7634512,7641523,7645123,7652413,7654123,7654213	1236457,1237465,1245763,1246753,1247563,1247653,1264753,1273465,1273645,1276345,1324567,1345276,1347265,1347526,1364275,1364725,1367425,1376425,1425763,1427563,1437265,1452637,1452763,1457236,1457623,1473265,1475623,1524376,1526347,1542763,1562473,1572346,1574263,1623457,1624573,1624753,1634275,1642375,1642735,1652473,1654237,1723465,1724365,1724635,1725643,1726453,1726543,1732465,1734256,1736245,1736425,1742563,1745263,1745623,1746523,1754263,1762345,1762435,1763245,1763425,2134756,2136475,2136745,2137645,2145763,2147563,2173645,2174563,2174653,2176345,2314576,2316547,2341576,2341765,2345167,2346175,2354761,2364517,2367541,2371645,2374615,2417365,2417635,2431765,2436175,2436751,2437156,2456137,2457163,2457613,2461735,2463175,2467513,2471563,2471653,2475163,2475613,2476513,2517346,2534761,2543761,2547361,2561743,2564173,2576143,2613475,2614375,2614735,2615743,2617453,2617543,2631457,2634157,2645173,2647513,2654173,2713456,2713645,2716345,2731645,2734615,2736415,2756143,2756431,2761453,2761543,2763415,2764351,2764531,2765431,3145267,3145726,3164275,3165427,3172465,3176245,3241765,3245617,3246175,3261475,3275641,3276451,3276541,3412765,3415267,3415726,3417625,3421765,3425176,3427165,3451627,3452716,3461275,3461725,3472615,3475216,3476251,3527641,3547621,3617245,3624175,3625471,3641275,3642175,3642715,3645127,3647215,3674215,3675241,3675421,3715246,3716425,3726145,3746125,3762541,3764215,4127365,4127635,4152637,4157236,4172563,4172653,4173625,4176235,4176325,4213675,4213765,4217365,4217635,4231657,4236751,4237165,4251736,4256173,4257613,4261573,4261753,4271365,4271635,4273165,4275613,4276153,4317625,4327561,4327651,4352761,4361725,4367521,4371526,4372615,4376251,4512367,4516237,4517263,4526173,4526317,4527136,4527613,4532761,4561327,4562173,4571623,4572316,4576123,4576213,4612375,4612735,4617235,4617325,4631725,4652173,4675123,4715623,4716523,4721365,4726135,4732615,4736251,4751263,4751623,4752136,4756123,4756213,4762351,4762531,4765123,5123647,5124673,5124763,5126473,5162347,5162473,5172643,5173426,5213476,5217463,5243671,5243716,5247163,5261743,5263147,5263417,5271346,5276143,5276431,5327641,5347621,5417263,5423167,5423671,5426173,5427613,5432761,5437621,5473621,5476231,5612473,5613247,5614273,5617423,5621473,5621743,5624713,5641723,5643271,5716243,5723146,5723416,5742613,5761243,5761423,5762143,6123745,6124573,6124753,6127345,6132457,6134725,6142573,6142753,6143725,6145273,6147325,6154273,6157423,6172345,6172435,6173245,6174253,6174523,6175423,6214573,6214753,6217453,6234175,6234517,6235471,6241735,6243175,6245713,6247153,6247513,6253471,6254371,6254731,6314527,6317245,6324175,6341275,6341527,6342175,6342715,6412735,6417253,6421375,6421735,6423715,6427135,6427315,6432751,6435271,6451237,6451723,6453271,6472135,6475123,6512473,6521743,6524713,6541723,6542317,6543271,6742135,6751243,6752431,6754231,7134526,7136425,7152436,7156243,7162453,7163425,7164235,7165243,7213645,7231456,7234156,7234615,7243615,7246315,7256413,7261345,7261435,7264513,7265413,7316425,7324615,7326145,7342516,7346125,7362415,7362541,7364125,7364215,7421365,7425613,7426153,7452613,7456213,7461235,7465213,7512463,7512643,7516243,7521346,7524361,7542361,7542613,7561243,7561423,7562143,7564321,7612453,7614253,7614523,7615423,7621453,7623415,7623541,7624315,7625341,7625431,7632415,7634125,7634215,7642135,7643521,7645321,7651243,7654321	4213675>3675124,4316752>6752134,4512367>2367154	4215673>5673124,4231567>1567324,4256731>6731524,4315267>5267134,4326715>6715234,4352671>2671534,4516723>6723154,4523167>3167254,4531672>1672354	1	-	5906.up-c3afee7ed153.txt~5906.up-d8c6ba46400e.txt
fe051e9e8f60	7	1236457,1237465,1245763,1246753,1247563,1247653,1254763,1264753,1273465,1273645,1276345,1276435,1324567,1327645,1345276,1347265,1347526,1364275,1364725,1367425,1376425,1425763,1427563,1437265,1452637,1452763,1457236,1457623,1473265,1475623,1476253,1524376,1526347,1542763,1547623,1562473,1572346,1574263,1623457,1624573,1624753,1625473,1634275,1642375,1642735,1643275,1652473,1654237,1723465,1724365,1724635,1725643,1726453,1726543,1732465,1734256,1736245,1736425,1742563,1745263,1745623,1746523,1754263,1762345,1762435,1763245,1763425,1764325,2134756,2136475,2136745,2137645,2145763,2147563,2154763,2173645,2174563,2174653,2176345,2176435,2314576,2316547,2341576,2341765,2345167,2346175,2364517,2367541,2371645,2374615,2417365,2417635,2431765,2436175,2436751,2437156,2456137,2457163,2457613,2461735,2463175,2467513,2471563,2471653,2475163,2475613,2476513,2514763,2517346,2543761,2547163,2547613,2561743,2564173,2576143,2613475,2614375,2614735,2615743,2617453,2617543,2631457,2634157,2645173,2647513,2654173,2713456,2713645,2716345,2716435,2731645,2734615,2736415,2756143,2761453,2761543,2763415,2764135,2764315,2765431,3127645,3145267,3145726,3164275,3165427,3172465,3176245,3217645,3241765,3245617,3246175,3261475,3271645,3276415,3276541,3412765,3415267,3415726,3417625,3421765,3425176,3427165,3451627,3452716,3461275,3461725,3472615,3475216,3617245,3624175,3641275,3642175,3642715,3645127,3647215,3674215,3675241,3675421,3715246,3716425,3726145,3746125,3762541,3764215,4127365,4127635,4132765,4152637,4157236,4172563,4172653,4173625,4176235,4176325,4213675,4213765,4217365,4217635,4231657,4236751,4237165,4251736,4256173,4257613,4261573,4261753,4271365,4271635,4273165,4275613,4276153,4312765,4317625,4321765,4327165,4327651,4361725,4367521,4371526,4372615,4376251,4512367,4516237,4517263,4526173,4526317,4527136,4527613,4561327,4562173,4571623,4572316,4576123,4576213,4612375,4612735,4617235,4617325,4631725,4652173,4675123,4715623,4716253,4716523,4721365,4726135,4732615,4751263,4751623,4752136,4756123,4756213,4761253,4762153,4762513,4765123,5123647,5124673,5124763,5126473,5147623,5162347,5162473,5172643,5173426,5213476,5217463,5243671,5243716,5247163,5261743,5263147,5263417,5271346,5276143,5417263,5423167,5423671,5426173,5427613,5432761,5437621,5471623,5476123,5476213,5612473,5613247,5614273,5617423,5621473,5621743,5624713,5641723,5716243,5723146,5723416,5742613,5761243,5761423,5762143,6123745,6124573,6124753,6125473,6127345,6132457,6134725,6142573,6142753,6143725,6145273,6147325,6154273,6157423,6172345,6172435,6173245,6174253,6174523,6175423,6214573,6214753,6215473,6217453,6234175,6234517,6241735,6243175,6245713,6247153,6247513,6251473,6254371,6254713,6314527,6317245,6324175,6341275,6341527,6342175,6342715,6412735,6413275,6417253,6421375,6421735,6423715,6427135,6427315,6431275,6432175,6432715,6451237,6451723,6472135,6475123,6512473,6521743,6524713,6541723,6542317,6543271,6742135,6751243,6752431,6754231,7134526,7136425,7152436,7156243,7162453,7162543,7163425,7164235,7164325,7165243,7213645,7231456,7234156,7234615,7243615,7246315,7256413,7261345,7261435,7264513,7265413,7316425,7324615,7326145,7342516,7346125,7362415,7364125,7364215,7421365,7425613,7426153,7452613,7456213,7461235,7465213,7512463,7512643,7516243,7521346,7524361,7542361,7542613,7561243,7561423,7562143,7612453,7612543,7614253,7614523,7615423,7621453,7621543,7623415,7624315,7625143,7625431,7632415,7634125,7634215,7641325,7642135,7643125,7643215,7651243,7654321	1234567,1235467,1243765,1247356,1247536,1253467,1257364,1263754,1275643,1276453,1276543,1324756,1342567,1345762,1347625,1354267,1356427,1362475,1364257,1365724,1423765,1427365,1432567,1435267,1437625,1453267,1457632,1473625,1476235,1523467,1526374,1526734,1527643,1534267,1536427,1543267,1562374,1564273,1567234,1576342,1623475,1624375,1624735,1632475,1642573,1642753,1645273,1652734,1654273,1657234,1723546,1724356,1724536,1725346,1725436,1732456,1732546,1734526,1742365,1743526,1745236,1745326,1752463,1756243,1756324,1763452,1765243,1765423,2134765,2135647,2136574,2136754,2143765,2147365,2153647,2173456,2174356,2174536,2175634,2176543,2314765,2316574,2316754,2317456,2345617,2346157,2347165,2354176,2354617,2361745,2364571,2367154,2371564,2376145,2417563,2417653,2435176,2437165,2437615,2451736,2453176,2461753,2471365,2471635,2473165,2473516,2475136,2475316,2513647,2534176,2534617,2541736,2543176,2547631,2561347,2561437,2571643,2573614,2576431,2613547,2614357,2614537,2615347,2615437,2634751,2637154,2637514,2673154,2715643,2716453,2716543,2731654,2736145,2751643,2756413,2764153,2764513,2765413,3124756,3145762,3147625,3156724,3162475,3165274,3165724,3167524,3172456,3172546,3174526,3217456,3217564,3245176,3247165,3247516,3254176,3254761,3256147,3257641,3261457,3261547,3415762,3417256,3425617,3426157,3451762,3452176,3456127,3457612,3461257,3461527,3471625,3475261,3476215,3512476,3517246,3521746,3526147,3541726,3542617,3546127,3564217,3612574,3614275,3617425,3621475,3624715,3642157,3642517,3645721,3657214,3671524,3675124,3715264,3715624,3716245,3751264,3761245,3761425,3762145,4127563,4127653,4152763,4157632,4172356,4172536,4173256,4175623,4176523,4213567,4215367,4217653,4236175,4237615,4251367,4256137,4257163,4261357,4261537,4271563,4271653,4273615,4275163,4317256,4325617,4325761,4326157,4351726,4352176,4352617,4371625,4376125,4376215,4512763,4517326,4517632,4521736,4523176,4527163,4531726,4532176,4532617,4561237,4572361,4576132,4576312,4612357,4612537,4615237,4617523,4713625,4716235,4716325,4731625,4735126,4736215,4751326,4752631,4753126,4762135,4762315,4763251,5123674,5124736,5126374,5127643,5132476,5136427,5164273,5172436,5173246,5176342,5213674,5217346,5217436,5231746,5234617,5241763,5246173,5261437,5263471,5263714,5267314,5271643,5273164,5276413,5312476,5317246,5321746,5326147,5341726,5342617,5346127,5364217,5412763,5417236,5417326,5421763,5426137,5427163,5431726,5432617,5461237,5476321,5612347,5613427,5614327,5623714,5624173,5632174,5641273,5642137,5642713,5672314,5716423,5721364,5723164,5723641,5736124,5761342,5763142,5763412,5764321,6123457,6123547,6124375,6125347,6125734,6134257,6134572,6135427,6142375,6142735,6143257,6143527,6145327,6152347,6153427,6154327,6174235,6175243,6213475,6214375,6214735,6231475,6234715,6237154,6241753,6243715,6247135,6247315,6314572,6321754,6324715,6325471,6341572,6345172,6347521,6371524,6375124,6412753,6415273,6421357,6421537,6425137,6425713,6427153,6427513,6432571,6451273,6452713,6457231,6524173,6527314,6541273,6542173,6542713,6572134,6572314,6751234,6752134,7136245,7152634,7156234,7156423,7162345,7162435,7163245,7164253,7164523,7165423,7213654,7231654,7235416,7236451,7243516,7245316,7253416,7254316,7316245,7316524,7324516,7325416,7345216,7351246,7361254,7361425,7362145,7423615,7435216,7452316,7453216,7512364,7512634,7513246,7516423,7521364,7524613,7526341,7531246,7562413,7563214,7564123,7612435,7613452,7614235,7621345,7621435,7623145,7631452,7632541,7634152,7634512,7641523,7643251,7645123,7652413,7654123,7654213	4215673>5673124,4231567>1567324,4256731>6731524,4315267>5267134,4326715>6715234,4352671>2671534,4516723>6723154,4523167>3167254,4531672>1672354	4213675>3675124,4316752>6752134,4512367>2367154	1	-	5906.up-c63a66adbc60.txt~5906.up-d8c6ba46400e.txt
0c9cc8c1741a	7	1234567,1235467,1243765,1247356,1247536,1253467,1257364,1263754,1275643,1276453,1276543,1324756,1342567,1345762,1347625,1354267,1356427,1362475,1364257,1365724,1423765,1427365,1432567,1435267,1437625,1453267,1457632,1473625,1476235,1523467,1526374,1526734,1527643,1534267,1536427,1543267,1562374,1564273,1567234,1576342,1623475,1624375,1624735,1632475,1642573,1642753,1645273,1652734,1654273,1657234,1723546,1724356,1724536,1725346,1725436,1732456,1732546,1734526,1742365,1743526,1745236,1745326,1752463,1756243,1756324,1763452,1765243,1765423,2134765,2135647,2136574,2136754,2143765,2147365,2153647,2173456,2174356,2174536,2175634,2176543,2314765,2316574,2316754,2317456,2345617,2346157,2347165,2354176,2354617,2361745,2364571,2367154,2371564,2376145,2417563,2417653,2435176,2437165,2437615,2451736,2453176,2461753,2471365,2471635,2473165,2473516,2475136,2475316,2513647,2534176,2534617,2541736,2543176,2547631,2561347,2561437,2571643,2573614,2576431,2613547,2614357,2614537,2615347,2615437,2634751,2637154,2637514,2673154,2715643,2716453,2716543,2731654,2736145,2751643,2756413,2764153,2764513,2765413,3124756,3145762,3147625,3156724,3162475,3165274,3165724,3167524,3172456,3172546,3174526,3217456,3217564,3245176,3247165,3247516,3254176,3254761,3256147,3257641,3261457,3261547,3415762,3417256,3425617,3426157,3451762,3452176,3456127,3457612,3461257,3461527,3471625,3475261,3476215,3512476,3517246,3521746,3526147,3541726,3542617,3546127,3564217,3612574,3614275,3617425,3621475,3624715,3642157,3642517,3645721,3657214,3671524,3675124,3715264,3715624,3716245,3751264,3761245,3761425,3762145,4127563,4127653,4152763,4157632,4172356,4172536,4173256,4175623,4176523,4213567,4215367,4217653,4236175,4237615,4251367,4256137,4257163,4261357,4261537,4271563,4271653,4273615,4275163,4317256,4325617,4325761,4326157,4351726,4352176,4352617,4371625,4376125,4376215,4512763,4517326,4517632,4521736,4523176,4527163,4531726,4532176,4532617,4561237,4572361,4576132,4576312,4612357,4612537,4615237,4617523,4713625,4716235,4716325,4731625,4735126,4736215,4751326,4752631,4753126,4762135,4762315,4763251,5123674,5124736,5126374,5127643,5132476,5136427,5164273,5172436,5173246,5176342,5213674,5217346,5217436,5231746,5234617,5241763,5246173,5261437,5263471,5263714,5267314,5271643,5273164,5276413,5312476,5317246,5321746,5326147,5341726,5342617,5346127,5364217,5412763,5417236,5417326,5421763,5426137,5427163,5431726,5432617,5461237,5476321,5612347,5613427,5614327,5623714,5624173,5632174,5641273,5642137,5642713,5672314,5716423,5721364,5723164,5723641,5736124,5761342,5763142,5763412,5764321,6123457,6123547,6124375,6125347,6125734,6134257,6134572,6135427,6142375,6142735,6143257,6143527,6145327,6152347,6153427,6154327,6174235,6175243,6213475,6214375,6214735,6231475,6234715,6237154,6241753,6243715,6247135,6247315,6314572,6321754,6324715,6325471,6341572,6345172,6347521,6371524,6375124,6412753,6415273,6421357,6421537,6425137,6425713,6427153,6427513,6432571,6451273,6452713,6457231,6524173,6527314,6541273,6542173,6542713,6572134,6572314,6751234,6752134,7136245,7152634,7156234,7156423,7162345,7162435,7163245,7164253,7164523,7165423,7213654,7231654,7235416,7236451,7243516,7245316,7253416,7254316,7316245,7316524,7324516,7325416,7345216,7351246,7361254,7361425,7362145,7423615,7435216,7452316,7453216,7512364,7512634,7513246,7516423,7521364,7524613,7526341,7531246,7562413,7563214,7564123,7612435,7613452,7614235,7621345,7621435,7623145,7631452,7632541,7634152,7634512,7641523,7643251,7645123,7652413,7654123,7654213	1236457,1237465,1245763,1246753,1247563,1247653,1254763,1264753,1273465,1273645,1276345,1276435,1324567,1327645,1345276,1347265,1347526,1364275,1364725,1367425,1376425,1425763,1427563,1437265,1452637,1452763,1457236,1457623,1473265,1475623,1476253,1524376,1526347,1542763,1547623,1562473,1572346,1574263,1623457,1624573,1624753,1625473,1634275,1642375,1642735,1643275,1652473,1654237,1723465,1724365,1724635,1725643,1726453,1726543,1732465,1734256,1736245,1736425,1742563,1745263,1745623,1746523,1754263,1762345,1762435,1763245,1763425,1764325,2134756,2136475,2136745,2137645,2145763,2147563,2154763,2173645,2174563,2174653,2176345,2176435,2314576,2316547,2341576,2341765,2345167,2346175,2364517,2367541,2371645,2374615,2417365,2417635,2431765,2436175,2436751,2437156,2456137,2457163,2457613,2461735,2463175,2467513,2471563,2471653,2475163,2475613,2476513,2514763,2517346,2543761,2547163,2547613,2561743,2564173,2576143,2613475,2614375,2614735,2615743,2617453,2617543,2631457,2634157,2645173,2647513,2654173,2713456,2713645,2716345,2716435,2731645,2734615,2736415,2756143,2761453,2761543,2763415,2764135,2764315,2765431,3127645,3145267,3145726,3164275,3165427,3172465,3176245,3217645,3241765,3245617,3246175,3261475,3271645,3276415,3276541,3412765,3415267,3415726,3417625,3421765,3425176,3427165,3451627,3452716,3461275,3461725,3472615,3475216,3617245,3624175,3641275,3642175,3642715,3645127,3647215,3674215,3675241,3675421,3715246,3716425,3726145,3746125,3762541,3764215,4127365,4127635,4132765,4152637,4157236,4172563,4172653,4173625,4176235,4176325,4213675,4213765,4217365,4217635,4231657,4236751,4237165,4251736,4256173,4257613,4261573,4261753,4271365,4271635,4273165,4275613,4276153,4312765,4317625,4321765,4327165,4327651,4361725,4367521,4371526,4372615,4376251,4512367,4516237,4517263,4526173,4526317,4527136,4527613,4561327,4562173,4571623,4572316,4576123,4576213,4612375,4612735,4617235,4617325,4631725,4652173,4675123,4715623,4716253,4716523,4721365,4726135,4732615,4751263,4751623,4752136,4756123,4756213,4761253,4762153,4762513,4765123,5123647,5124673,5124763,5126473,5147623,5162347,5162473,5172643,5173426,5213476,5217463,5243671,5243716,5247163,5261743,5263147,5263417,5271346,5276143,5417263,5423167,5423671,5426173,5427613,5432761,5437621,5471623,5476123,5476213,5612473,5613247,5614273,5617423,5621473,5621743,5624713,5641723,5716243,5723146,5723416,5742613,5761243,5761423,5762143,6123745,6124573,6124753,6125473,6127345,6132457,6134725,6142573,6142753,6143725,6145273,6147325,6154273,6157423,6172345,6172435,6173245,6174253,6174523,6175423,6214573,6214753,6215473,6217453,6234175,6234517,6241735,6243175,6245713,6247153,6247513,6251473,6254371,6254713,6314527,6317245,6324175,6341275,6341527,6342175,6342715,6412735,6413275,6417253,6421375,6421735,6423715,6427135,6427315,6431275,6432175,6432715,6451237,6451723,6472135,6475123,6512473,6521743,6524713,6541723,6542317,6543271,6742135,6751243,6752431,6754231,7134526,7136425,7152436,7156243,7162453,7162543,7163425,7164235,7164325,7165243,7213645,7231456,7234156,7234615,7243615,7246315,7256413,7261345,7261435,7264513,7265413,7316425,7324615,7326145,7342516,7346125,7362415,7364125,7364215,7421365,7425613,7426153,7452613,7456213,7461235,7465213,7512463,7512643,7516243,7521346,7524361,7542361,7542613,7561243,7561423,7562143,7612453,7612543,7614253,7614523,7615423,7621453,7621543,7623415,7624315,7625143,7625431,7632415,7634125,7634215,7641325,7642135,7643125,7643215,7651243,7654321	4213675>3675124,4316752>6752134,4512367>2367154	4215673>5673124,4231567>1567324,4256731>6731524,4315267>5267134,4326715>6715234,4352671>2671534,4516723>6723154,4523167>3167254,4531672>1672354	1	-	5906.up-c63a66adbc60.txt~5906.up-d8c6ba46400e.txt
495b710dba59	7	1236457,1237465,1245763,1246753,1247563,1247653,1254763,1267354,1267534,1273465,1273645,1276345,1276435,1324567,1326754,1327645,1345276,1347265,1347526,1356724,1364275,1367254,1367425,1376425,1425763,1427563,1437265,1452637,1452763,1457236,1457623,1473265,1475623,1476253,1524376,1526347,1536724,1542763,1547623,1562473,1572346,1574263,1623457,1624573,1624753,1625473,1634275,1642375,1642735,1643275,1652473,1654237,1723465,1724365,1724635,1725643,1726453,1726543,1732465,1734256,1736245,1736425,1742563,1745263,1745623,1746523,1754263,1762345,1762435,1763245,1763425,1764325,2134756,2135674,2136745,2137645,2145763,2147563,2153674,2154763,2173645,2174563,2174653,2176345,2176435,2314576,2316547,2341576,2341765,2345167,2346175,2364517,2367541,2371645,2374615,2417365,2417635,2431765,2436175,2436751,2437156,2456137,2457163,2457613,2461735,2463175,2467513,2471563,2471653,2475163,2475613,2476513,2513674,2514763,2517346,2543761,2547163,2547613,2561743,2564173,2576143,2613475,2614375,2614735,2615743,2617453,2617543,2631457,2634157,2645173,2654173,2673514,2675134,2675314,2713456,2713645,2716345,2716435,2731645,2734615,2736415,2756143,2761453,2761543,2763415,2764135,2764315,2765431,3126754,3127645,3145267,3145726,3164275,3165427,3172465,3176245,3217645,3241765,3245617,3246175,3261475,3267514,3271645,3276415,3276541,3412765,3415267,3415726,3417625,3421765,3425176,3427165,3451627,3452716,3461275,3461725,3472615,3475216,3512674,3567214,3617245,3624175,3641275,3642175,3642715,3645127,3672154,3672514,3674215,3675241,3675421,3715246,3716425,3726145,3746125,3762541,3764215,4127365,4127635,4132765,4152637,4157236,4172563,4172653,4173625,4176235,4176325,4213675,4213765,4217365,4217635,4231657,4236751,4237165,4251736,4256173,4257613,4261573,4261753,4271365,4271635,4273165,4275613,4276153,4312765,4317625,4321765,4327165,4327651,4361725,4367521,4371526,4372615,4376251,4512367,4516237,4517263,4526173,4526317,4527136,4527613,4561327,4562173,4571623,4572316,4576123,4576213,4612375,4612735,4617235,4617325,4631725,4652173,4675123,4715623,4716253,4716523,4726135,4732615,4751623,4752136,4756123,4756213,4761253,4762153,4762513,4765123,5123647,5124673,5124763,5126734,5132674,5136724,5147623,5162347,5162473,5172643,5173426,5213476,5217463,5243671,5243716,5247163,5261743,5263147,5263417,5271346,5276143,5312674,5367214,5417263,5423167,5423671,5426173,5427613,5432761,5437621,5471623,5476123,5476213,5612473,5613247,5614273,5617423,5621473,5621743,5624713,5641723,5672134,5716243,5723146,5723416,5742613,5761243,5761423,5762143,6123745,6124573,6124753,6125473,6127345,6132457,6134725,6142573,6142753,6143725,6145273,6147325,6154273,6157423,6172345,6172435,6173245,6174253,6174523,6175423,6214573,6214753,6215473,6217453,6234175,6234517,6241735,6243175,6245713,6247153,6247513,6251473,6254371,6254713,6314527,6317245,6324175,6341275,6341527,6342175,6342715,6412735,6413275,6417253,6421375,6421735,6423715,6427135,6427315,6431275,6432175,6432715,6451237,6451723,6512473,6521743,6524713,6541723,6542317,6543271,6721354,6721534,6725134,6735124,6742135,6751243,6751324,6752431,6753124,6754231,7134526,7136425,7152436,7156243,7162453,7162543,7163425,7164235,7164325,7165243,7213564,7215364,7231456,7234156,7234615,7243615,7246315,7251364,7256413,7261345,7261435,7264513,7265413,7316425,7324615,7326145,7342516,7346125,7351264,7362415,7364125,7364215,7421365,7425613,7426153,7452613,7456213,7461235,7465213,7512463,7513264,7516243,7521346,7524361,7531264,7542361,7542613,7561243,7561423,7562143,7612453,7612543,7614253,7614523,7615423,7621453,7621543,7623415,7624315,7625143,7625431,7632415,7634125,7634215,7641325,7642135,7643125,7643215,7651243,7654321	1234567,1235467,1243765,1247356,1247536,1253467,1257364,1267453,1267543,1275643,1276453,1276543,1324756,1342567,1345762,1346725,1347625,1354267,1356427,1362475,1364257,1367245,1423765,1426753,1427365,1432567,1435267,1436725,1437625,1453267,1457632,1473625,1476235,1523467,1526374,1526734,1527643,1534267,1536427,1543267,1562374,1564273,1567234,1576342,1623475,1624375,1624735,1632475,1642573,1642753,1645273,1652734,1654273,1657234,1723546,1724356,1724536,1725346,1725436,1732456,1732546,1734526,1742365,1743526,1745236,1745326,1752463,1756243,1756324,1763452,1765243,1765423,2134675,2134765,2135647,2136754,2143675,2143765,2147365,2153647,2173456,2174356,2174536,2175634,2176543,2314765,2316574,2316754,2317456,2345617,2346157,2347165,2354176,2354617,2361745,2364571,2367154,2371564,2376145,2413675,2417563,2417653,2435176,2437165,2437615,2451736,2453176,2461753,2471365,2471635,2473165,2473516,2475136,2475316,2513647,2534176,2534617,2541736,2543176,2547631,2561347,2561437,2571643,2573614,2576431,2613547,2614357,2614537,2615347,2615437,2634751,2637154,2673154,2674513,2675143,2675413,2715643,2716453,2716543,2731654,2736145,2751643,2756413,2764153,2764513,2765413,3124756,3145762,3147625,3156724,3162475,3165274,3165724,3167524,3172456,3172546,3174526,3217456,3217564,3245176,3247165,3247516,3254176,3254761,3256147,3257641,3261457,3261547,3415762,3417256,3425617,3426157,3451762,3452176,3456127,3457612,3461257,3461527,3467215,3471625,3475261,3476215,3512476,3517246,3521746,3526147,3541726,3542617,3546127,3564217,3612574,3614275,3617425,3621475,3624715,3642157,3642517,3645721,3671524,3672145,3672415,3675124,3715264,3715624,3716245,3761245,3761425,3762145,4126753,4127563,4127653,4136725,4152763,4157632,4172356,4172536,4173256,4175623,4176523,4213567,4215367,4217653,4236175,4237615,4251367,4256137,4257163,4261357,4261537,4267513,4271563,4271653,4273615,4275163,4317256,4325617,4325761,4326157,4351726,4352176,4352617,4367215,4371625,4376125,4376215,4512673,4512763,4517326,4517632,4521736,4523176,4527163,4531726,4532176,4532617,4561237,4572361,4576132,4576312,4612357,4612537,4615237,4617523,4672135,4713625,4716235,4716325,4731625,4735126,4736215,4751326,4752631,4753126,4762135,4762315,4763251,5123674,5124736,5126743,5127643,5132476,5136427,5142673,5164273,5172436,5173246,5176342,5213674,5217346,5217436,5231746,5234617,5241763,5246173,5261437,5263471,5263714,5267314,5271643,5273164,5276413,5312476,5317246,5321746,5326147,5341726,5342617,5346127,5364217,5412673,5412763,5417236,5417326,5421763,5426137,5427163,5431726,5432617,5461237,5476321,5612347,5613427,5614327,5623714,5624173,5632174,5641273,5642137,5642713,5672314,5716423,5723164,5723641,5736124,5761342,5763142,5763412,5764321,6123457,6123547,6124375,6125347,6125734,6134257,6134572,6135427,6142375,6142735,6143257,6143527,6145327,6152347,6153427,6154327,6174235,6175243,6213475,6214375,6214735,6231475,6234715,6237154,6241753,6243715,6247135,6247315,6314572,6321754,6324715,6325471,6341572,6345172,6347521,6371524,6412753,6415273,6421357,6421537,6425137,6425713,6427153,6427513,6432571,6451273,6452713,6457231,6524173,6527314,6541273,6542173,6542713,6572314,6721345,6721435,6724135,6745123,6751234,6751423,6752134,6754123,7136245,7152634,7156234,7156423,7162345,7162435,7163245,7164253,7164523,7165423,7213465,7214365,7231654,7235416,7236451,7241365,7243516,7245316,7253416,7254316,7316245,7316524,7324516,7325416,7345216,7351246,7361254,7361425,7362145,7423615,7435216,7451263,7452316,7453216,7512364,7513246,7514263,7516423,7521364,7524613,7526341,7531246,7541263,7562413,7563214,7564123,7612435,7613452,7614235,7621345,7621435,7623145,7631452,7632541,7634152,7634512,7641523,7643251,7645123,7652413,7654123,7654213	4215673>5673124,4231567>1567324,4256731>6731524,4315267>5267134,4326715>6715234,4352671>2671534,4516723>6723154,4523167>3167254,4531672>1672354	4213675>3675124,4316752>6752134,4512367>2367154	1	-	5906.up-d1489855deef.txt~5906.up-d8c6ba46400e.txt
bb9ef9370a0d	7	1234567,1235467,1243765,1247356,1247536,1253467,1257364,1267453,1267543,1275643,1276453,1276543,1324756,1342567,1345762,1346725,1347625,1354267,1356427,1362475,1364257,1367245,1423765,1426753,1427365,1432567,1435267,1436725,1437625,1453267,1457632,1473625,1476235,1523467,1526374,1526734,1527643,1534267,1536427,1543267,1562374,1564273,1567234,1576342,1623475,1624375,1624735,1632475,1642573,1642753,1645273,1652734,1654273,1657234,1723546,1724356,1724536,1725346,1725436,1732456,1732546,1734526,1742365,1743526,1745236,1745326,1752463,1756243,1756324,1763452,1765243,1765423,2134675,2134765,2135647,2136754,2143675,2143765,2147365,2153647,2173456,2174356,2174536,2175634,2176543,2314765,2316574,2316754,2317456,2345617,2346157,2347165,2354176,2354617,2361745,2364571,2367154,2371564,2376145,2413675,2417563,2417653,2435176,2437165,2437615,2451736,2453176,2461753,2471365,2471635,2473165,2473516,2475136,2475316,2513647,2534176,2534617,2541736,2543176,2547631,2561347,2561437,2571643,2573614,2576431,2613547,2614357,2614537,2615347,2615437,2634751,2637154,2673154,2674513,2675143,2675413,2715643,2716453,2716543,2731654,2736145,2751643,2756413,2764153,2764513,2765413,3124756,3145762,3147625,3156724,3162475,3165274,3165724,3167524,3172456,3172546,3174526,3217456,3217564,3245176,3247165,3247516,3254176,3254761,3256147,3257641,3261457,3261547,3415762,3417256,3425617,3426157,3451762,3452176,3456127,3457612,3461257,3461527,3467215,3471625,3475261,3476215,3512476,3517246,3521746,3526147,3541726,3542617,3546127,3564217,3612574,3614275,3617425,3621475,3624715,3642157,3642517,3645721,3671524,3672145,3672415,3675124,3715264,3715624,3716245,3761245,3761425,3762145,4126753,4127563,4127653,4136725,4152763,4157632,4172356,4172536,4173256,4175623,4176523,4213567,4215367,4217653,4236175,4237615,4251367,4256137,4257163,4261357,4261537,4267513,4271563,4271653,4273615,4275163,4317256,4325617,4325761,4326157,4351726,4352176,4352617,4367215,4371625,4376125,4376215,4512673,4512763,4517326,4517632,4521736,4523176,4527163,4531726,4532176,4532617,4561237,4572361,4576132,4576312,4612357,4612537,4615237,4617523,4672135,4713625,4716235,4716325,4731625,4735126,4736215,4751326,4752631,4753126,4762135,4762315,4763251,5123674,5124736,5126743,5127643,5132476,5136427,5142673,5164273,5172436,5173246,5176342,5213674,5217346,5217436,5231746,5234617,5241763,5246173,5261437,5263471,5263714,5267314,5271643,5273164,5276413,5312476,5317246,5321746,5326147,5341726,5342617,5346127,5364217,5412673,5412763,5417236,5417326,5421763,5426137,5427163,5431726,5432617,5461237,5476321,5612347,5613427,5614327,5623714,5624173,5632174,5641273,5642137,5642713,5672314,5716423,5723164,5723641,5736124,5761342,5763142,5763412,5764321,6123457,6123547,6124375,6125347,6125734,6134257,6134572,6135427,6142375,6142735,6143257,6143527,6145327,6152347,6153427,6154327,6174235,6175243,6213475,6214375,6214735,6231475,6234715,6237154,6241753,6243715,6247135,6247315,6314572,6321754,6324715,6325471,6341572,6345172,6347521,6371524,6412753,6415273,6421357,6421537,6425137,6425713,6427153,6427513,6432571,6451273,6452713,6457231,6524173,6527314,6541273,6542173,6542713,6572314,6721345,6721435,6724135,6745123,6751234,6751423,6752134,6754123,7136245,7152634,7156234,7156423,7162345,7162435,7163245,7164253,7164523,7165423,7213465,7214365,7231654,7235416,7236451,7241365,7243516,7245316,7253416,7254316,7316245,7316524,7324516,7325416,7345216,7351246,7361254,7361425,7362145,7423615,7435216,7451263,7452316,7453216,7512364,7513246,7514263,7516423,7521364,7524613,7526341,7531246,7541263,7562413,7563214,7564123,7612435,7613452,7614235,7621345,7621435,7623145,7631452,7632541,7634152,7634512,7641523,7643251,7645123,7652413,7654123,7654213	1236457,1237465,1245763,1246753,1247563,1247653,1254763,1267354,1267534,1273465,1273645,1276345,1276435,1324567,1326754,1327645,1345276,1347265,1347526,1356724,1364275,1367254,1367425,1376425,1425763,1427563,1437265,1452637,1452763,1457236,1457623,1473265,1475623,1476253,1524376,1526347,1536724,1542763,1547623,1562473,1572346,1574263,1623457,1624573,1624753,1625473,1634275,1642375,1642735,1643275,1652473,1654237,1723465,1724365,1724635,1725643,1726453,1726543,1732465,1734256,1736245,1736425,1742563,1745263,1745623,1746523,1754263,1762345,1762435,1763245,1763425,1764325,2134756,2135674,2136745,2137645,2145763,2147563,2153674,2154763,2173645,2174563,2174653,2176345,2176435,2314576,2316547,2341576,2341765,2345167,2346175,2364517,2367541,2371645,2374615,2417365,2417635,2431765,2436175,2436751,2437156,2456137,2457163,2457613,2461735,2463175,2467513,2471563,2471653,2475163,2475613,2476513,2513674,2514763,2517346,2543761,2547163,2547613,2561743,2564173,2576143,2613475,2614375,2614735,2615743,2617453,2617543,2631457,2634157,2645173,2654173,2673514,2675134,2675314,2713456,2713645,2716345,2716435,2731645,2734615,2736415,2756143,2761453,2761543,2763415,2764135,2764315,2765431,3126754,3127645,3145267,3145726,3164275,3165427,3172465,3176245,3217645,3241765,3245617,3246175,3261475,3267514,3271645,3276415,3276541,3412765,3415267,3415726,3417625,3421765,3425176,3427165,3451627,3452716,3461275,3461725,3472615,3475216,3512674,3567214,3617245,3624175,3641275,3642175,3642715,3645127,3672154,3672514,3674215,3675241,3675421,3715246,3716425,3726145,3746125,3762541,3764215,4127365,4127635,4132765,4152637,4157236,4172563,4172653,4173625,4176235,4176325,4213675,4213765,4217365,4217635,4231657,4236751,4237165,4251736,4256173,4257613,4261573,4261753,4271365,4271635,4273165,4275613,4276153,4312765,4317625,4321765,4327165,4327651,4361725,4367521,4371526,4372615,4376251,4512367,4516237,4517263,4526173,4526317,4527136,4527613,4561327,4562173,4571623,4572316,4576123,4576213,4612375,4612735,4617235,4617325,4631725,4652173,4675123,4715623,4716253,4716523,4726135,4732615,4751623,4752136,4756123,4756213,4761253,4762153,4762513,4765123,5123647,5124673,5124763,5126734,5132674,5136724,5147623,5162347,5162473,5172643,5173426,5213476,5217463,5243671,5243716,5247163,5261743,5263147,5263417,5271346,5276143,5312674,5367214,5417263,5423167,5423671,5426173,5427613,5432761,5437621,5471623,5476123,5476213,5612473,5613247,5614273,5617423,5621473,5621743,5624713,5641723,5672134,5716243,5723146,5723416,5742613,5761243,5761423,5762143,6123745,6124573,6124753,6125473,6127345,6132457,6134725,6142573,6142753,6143725,6145273,6147325,6154273,6157423,6172345,6172435,6173245,6174253,6174523,6175423,6214573,6214753,6215473,6217453,6234175,6234517,6241735,6243175,6245713,6247153,6247513,6251473,6254371,6254713,6314527,6317245,6324175,6341275,6341527,6342175,6342715,6412735,6413275,6417253,6421375,6421735,6423715,6427135,6427315,6431275,6432175,6432715,6451237,6451723,6512473,6521743,6524713,6541723,6542317,6543271,6721354,6721534,6725134,6735124,6742135,6751243,6751324,6752431,6753124,6754231,7134526,7136425,7152436,7156243,7162453,7162543,7163425,7164235,7164325,7165243,7213564,7215364,7231456,7234156,7234615,7243615,7246315,7251364,7256413,7261345,7261435,7264513,7265413,7316425,7324615,7326145,7342516,7346125,7351264,7362415,7364125,7364215,7421365,7425613,7426153,7452613,7456213,7461235,7465213,7512463,7513264,7516243,7521346,7524361,7531264,7542361,7542613,7561243,7561423,7562143,7612453,7612543,7614253,7614523,7615423,7621453,7621543,7623415,7624315,7625143,7625431,7632415,7634125,7634215,7641325,7642135,7643125,7643215,7651243,7654321	4213675>3675124,4316752>6752134,4512367>2367154	4215673>5673124,4231567>1567324,4256731>6731524,4315267>5267134,4326715>6715234,4352671>2671534,4516723>6723154,4523167>3167254,4531672>1672354	1	-	5906.up-d1489855deef.txt~5906.up-d8c6ba46400e.txt
95231b155960	7	1234567,1235467,1243765,1247356,1247536,1253467,1257364,1263754,1275643,1276453,1276543,1324756,1342567,1345762,1347625,1354267,1356427,1362475,1362745,1364257,1365724,1423765,1427365,1432567,1435267,1437625,1453267,1456273,1457632,1462573,1462753,1465273,1473625,1476235,1523467,1526374,1526734,1527643,1534267,1536427,1543267,1546273,1562374,1564273,1567234,1576342,1623475,1623745,1624375,1624735,1627345,1627435,1632475,1632745,1642573,1642753,1645273,1652734,1654273,1657234,1723546,1724356,1724536,1725346,1725436,1732456,1732546,1734526,1742365,1743526,1745236,1745326,1752463,1756243,1756324,1763452,1765243,1765423,2134765,2135647,2136574,2136754,2143765,2147365,2153647,2173456,2174356,2174536,2175634,2176543,2314765,2316574,2316754,2317456,2345617,2346157,2347165,2354176,2354617,2361745,2364571,2367154,2371564,2374165,2376145,2417563,2417653,2435176,2437165,2437615,2451736,2453176,2461753,2471365,2471635,2473165,2473516,2475136,2475316,2513647,2534176,2534617,2541736,2543176,2547631,2561347,2561437,2571463,2571643,2573614,2574361,2576431,2613547,2614357,2614537,2615347,2615437,2634751,2637154,2637514,2673154,2714563,2714653,2715463,2715643,2716453,2716543,2731654,2734165,2736145,2741365,2741635,2743165,2751463,2751643,2754631,2756413,2764153,2764513,2765413,3124756,3145762,3147625,3156724,3162475,3162745,3165274,3165724,3167524,3172456,3172546,3174526,3217456,3217564,3245176,3247165,3247516,3254176,3254761,3256147,3257641,3261457,3261547,3274165,3275461,3415762,3416275,3417256,3425617,3426157,3451762,3452176,3456127,3457612,3461257,3461527,3471625,3475261,3476215,3512476,3517246,3521746,3526147,3541726,3542617,3546127,3564217,3612574,3614275,3617425,3621475,3624715,3625741,3627415,3642157,3642517,3645721,3657214,3671524,3675124,3715264,3715624,3716245,3741625,3751264,3761245,3761425,3762145,4127563,4127653,4136275,4152763,4157632,4162375,4162735,4163275,4172356,4172536,4173256,4175623,4176523,4213567,4215367,4217653,4236175,4237615,4251367,4256137,4257163,4261357,4261537,4271563,4271653,4273615,4275163,4316275,4317256,4325617,4325761,4326157,4351726,4352176,4352617,4362571,4371625,4376125,4376215,4512763,4517326,4517632,4521736,4523176,4527163,4531726,4532176,4532617,4561237,4562713,4572361,4576132,4576312,4612357,4612537,4615237,4617523,4625713,4627153,4627513,4632751,4652713,4713625,4716235,4716325,4731625,4735126,4736215,4751326,4752631,4753126,4762135,4762315,4763251,5123674,5124736,5126374,5127643,5132476,5136427,5146273,5164273,5172436,5173246,5176342,5213674,5217346,5217436,5231746,5234617,5241763,5246173,5261437,5263471,5263714,5267314,5271463,5271643,5273164,5276413,5312476,5317246,5321746,5326147,5341726,5342617,5346127,5364217,5412763,5417236,5417326,5421763,5426137,5427163,5431726,5432617,5461237,5462713,5463271,5476321,5612347,5613427,5614327,5623714,5624173,5627143,5632174,5641273,5642137,5642713,5672314,5714623,5716423,5721364,5723164,5723641,5736124,5743621,5761342,5763142,5763412,5764321,6123457,6123547,6124375,6125347,6125734,6134257,6134572,6135427,6142375,6142735,6143257,6143527,6145327,6152347,6153427,6154327,6174235,6175243,6213475,6214375,6214735,6231475,6234715,6237154,6237415,6241753,6243715,6247135,6247315,6257143,6257431,6271453,6271543,6273415,6274135,6274315,6275143,6314572,6321754,6324715,6325471,6327415,6327541,6341572,6345172,6347521,6371524,6375124,6412753,6415273,6421357,6421537,6425137,6425713,6427153,6427513,6432571,6451273,6452713,6457231,6524173,6527143,6527314,6541273,6542173,6542713,6572134,6572314,6751234,6752134,7136245,7145623,7146253,7146523,7152634,7154623,7156234,7156423,7162345,7162435,7163245,7164253,7164523,7165423,7213654,7231654,7235416,7236451,7243516,7245316,7253416,7254316,7316245,7316524,7324516,7325416,7341625,7345216,7351246,7361254,7361425,7362145,7413625,7416235,7416325,7423615,7431625,7435216,7436251,7452316,7453216,7512364,7512634,7513246,7514623,7516423,7521364,7524613,7526341,7531246,7546321,7562413,7563214,7564123,7612435,7613452,7614235,7621345,7621435,7623145,7631452,7632541,7634152,7634512,7641523,7643251,7645123,7652413,7654123,7654213	1236457,1237465,1245763,1246753,1247563,1247653,1254763,1264753,1273465,1273645,1276345,1276435,1324567,1327645,1346275,1347265,1347526,1362574,1364275,1364725,1367425,1376425,1425763,1427563,1436275,1437265,1452637,1452763,1457236,1457623,1462375,1462735,1463275,1473265,1475623,1476253,1524376,1526347,1527436,1542763,1546237,1547623,1562473,1562743,1572346,1574263,1624573,1624753,1625473,1625743,1627453,1627543,1632754,1634275,1642375,1642735,1643275,1652473,1652743,1654237,1723465,1724365,1724635,1725643,1726453,1726543,1732465,1734256,1736245,1736425,1742563,1745263,1745623,1746523,1754263,1762345,1762435,1763245,1763425,1764325,2134756,2136475,2136745,2137645,2145763,2147563,2154763,2173645,2174563,2174653,2176345,2176435,2314576,2315467,2316547,2341576,2341765,2346175,2364517,2367541,2371465,2371645,2374615,2417365,2417635,2431765,2436175,2436751,2437156,2456137,2457163,2457613,2461735,2463175,2467513,2471563,2471653,2475163,2475613,2476513,2514763,2517346,2543761,2547163,2547613,2561743,2564173,2571364,2574163,2576143,2613475,2614375,2614735,2615743,2617453,2617543,2631457,2634157,2645173,2647513,2654173,2713465,2713645,2714365,2714635,2716345,2716435,2731465,2731645,2734615,2736415,2741563,2741653,2743156,2745163,2751634,2754163,2756143,2761453,2761543,2763415,2764135,2764315,2765431,3127645,3145267,3145726,3146275,3152746,3154627,3164275,3165427,3172465,3176245,3217645,3241765,3245617,3246175,3261475,3271465,3271645,3275164,3276415,3276541,3412765,3415267,3415726,3417625,3421765,3425176,3427165,3461275,3461725,3462715,3472615,3475216,3617245,3624175,3625714,3627145,3641275,3642175,3642715,3645127,3647215,3674215,3675241,3675421,3714625,3715246,3716425,3726145,3746125,3762541,3764215,4127365,4127635,4132765,4152637,4156273,4157236,4162573,4162753,4165273,4172563,4172653,4173625,4176235,4176325,4213675,4213765,4217365,4217635,4231657,4236751,4237165,4251736,4256173,4257613,4261573,4261753,4271365,4271635,4273165,4275613,4276153,4312765,4315276,4317625,4321765,4327165,4327651,4361725,4362715,4367521,4371526,4372615,4376251,4512367,4516273,4517263,4526173,4526317,4527613,4561327,4562173,4571623,4572316,4576123,4576213,4612375,4612735,4617235,4617325,4623157,4623715,4627135,4627315,4631725,4632715,4652173,4675123,4715623,4716253,4716523,4721365,4726135,4732615,4751263,4751623,4752136,4756123,4756213,4761253,4762153,4762513,4765123,5123647,5124673,5124763,5126473,5147623,5162473,5162743,5163274,5172643,5173426,5213476,5217463,5243671,5243716,5247163,5261743,5263147,5263417,5274163,5274316,5276143,5416273,5417263,5423167,5423671,5426173,5427613,5432761,5437621,5462317,5471623,5476123,5476213,5612473,5613247,5614273,5617423,5621473,5621743,5624713,5627413,5641723,5713624,5716243,5723146,5723416,5741623,5742613,5761243,5761423,5762143,6123745,6124573,6124753,6125473,6127345,6132457,6134725,6142573,6142753,6143725,6145273,6147325,6154273,6157423,6172345,6172435,6173245,6174253,6174523,6175423,6214573,6214753,6215473,6217453,6231547,6234175,6237145,6241735,6243175,6245713,6247153,6247513,6251473,6254371,6254713,6257134,6257413,6271345,6271435,6273145,6274153,6274513,6275413,6314527,6317245,6324175,6327145,6327514,6341275,6341527,6342175,6342715,6412735,6413275,6417253,6421375,6421735,6423715,6427135,6427315,6431275,6432175,6432715,6451237,6451723,6472135,6475123,6512473,6521743,6524713,6527413,6541723,6542317,6543271,6742135,6751243,6752431,6754231,7134625,7136254,7136425,7143625,7146235,7146325,7152436,7156243,7162453,7162543,7163425,7164235,7164325,7165243,7213645,7231456,7234156,7234615,7243615,7246315,7256413,7261345,7261435,7264513,7265413,7314625,7316425,7324615,7326145,7342516,7346125,7362415,7364125,7364215,7415623,7416253,7416523,7421365,7425613,7426153,7431526,7451623,7452613,7456213,7461235,7465213,7512463,7512643,7516243,7516324,7521346,7524361,7541623,7542361,7542613,7561243,7561423,7562143,7612453,7612543,7614253,7614523,7615423,7621453,7621543,7623415,7624315,7625143,7625431,7632415,7634125,7634215,7641325,7642135,7643125,7643215,7651243,7654321	4213675>3675124,4316752>6752134,4512367>2367154	4215673>5673124,4231567>1567324,4256731>6731524,4315267>5267134,4326715>6715234,4352671>2671534,4516723>6723154,4523167>3167254,4531672>1672354	1	-	5906.up-d8c6ba46400e.txt~5906.up-f2c7804be474.txt
f2d86811e9c1	7	1236457,1237465,1245763,1246753,1247563,1247653,1254763,1264753,1273465,1273645,1276345,1276435,1324567,1327645,1346275,1347265,1347526,1362574,1364275,1364725,1367425,1376425,1425763,1427563,1436275,1437265,1452637,1452763,1457236,1457623,1462375,1462735,1463275,1473265,1475623,1476253,1524376,1526347,1527436,1542763,1546237,1547623,1562473,1562743,1572346,1574263,1624573,1624753,1625473,1625743,1627453,1627543,1632754,1634275,1642375,1642735,1643275,1652473,1652743,1654237,1723465,1724365,1724635,1725643,1726453,1726543,1732465,1734256,1736245,1736425,1742563,1745263,1745623,1746523,1754263,1762345,1762435,1763245,1763425,1764325,2134756,2136475,2136745,2137645,2145763,2147563,2154763,2173645,2174563,2174653,2176345,2176435,2314576,2315467,2316547,2341576,2341765,2346175,2364517,2367541,2371465,2371645,2374615,2417365,2417635,2431765,2436175,2436751,2437156,2456137,2457163,2457613,2461735,2463175,2467513,2471563,2471653,2475163,2475613,2476513,2514763,2517346,2543761,2547163,2547613,2561743,2564173,2571364,2574163,2576143,2613475,2614375,2614735,2615743,2617453,2617543,2631457,2634157,2645173,2647513,2654173,2713465,2713645,2714365,2714635,2716345,2716435,2731465,2731645,2734615,2736415,2741563,2741653,2743156,2745163,2751634,2754163,2756143,2761453,2761543,2763415,2764135,2764315,2765431,3127645,3145267,3145726,3146275,3152746,3154627,3164275,3165427,3172465,3176245,3217645,3241765,3245617,3246175,3261475,3271465,3271645,3275164,3276415,3276541,3412765,3415267,3415726,3417625,3421765,3425176,3427165,3461275,3461725,3462715,3472615,3475216,3617245,3624175,3625714,3627145,3641275,3642175,3642715,3645127,3647215,3674215,3675241,3675421,3714625,3715246,3716425,3726145,3746125,3762541,3764215,4127365,4127635,4132765,4152637,4156273,4157236,4162573,4162753,4165273,4172563,4172653,4173625,4176235,4176325,4213675,4213765,4217365,4217635,4231657,4236751,4237165,4251736,4256173,4257613,4261573,4261753,4271365,4271635,4273165,4275613,4276153,4312765,4315276,4317625,4321765,4327165,4327651,4361725,4362715,4367521,4371526,4372615,4376251,4512367,4516273,4517263,4526173,4526317,4527613,4561327,4562173,4571623,4572316,4576123,4576213,4612375,4612735,4617235,4617325,4623157,4623715,4627135,4627315,4631725,4632715,4652173,4675123,4715623,4716253,4716523,4721365,4726135,4732615,4751263,4751623,4752136,4756123,4756213,4761253,4762153,4762513,4765123,5123647,5124673,5124763,5126473,5147623,5162473,5162743,5163274,5172643,5173426,5213476,5217463,5243671,5243716,5247163,5261743,5263147,5263417,5274163,5274316,5276143,5416273,5417263,5423167,5423671,5426173,5427613,5432761,5437621,5462317,5471623,5476123,5476213,5612473,5613247,5614273,5617423,5621473,5621743,5624713,5627413,5641723,5713624,5716243,5723146,5723416,5741623,5742613,5761243,5761423,5762143,6123745,6124573,6124753,6125473,6127345,6132457,6134725,6142573,6142753,6143725,6145273,6147325,6154273,6157423,6172345,6172435,6173245,6174253,6174523,6175423,6214573,6214753,6215473,6217453,6231547,6234175,6237145,6241735,6243175,6245713,6247153,6247513,6251473,6254371,6254713,6257134,6257413,6271345,6271435,6273145,6274153,6274513,6275413,6314527,6317245,6324175,6327145,6327514,6341275,6341527,6342175,6342715,6412735,6413275,6417253,6421375,6421735,6423715,6427135,6427315,6431275,6432175,6432715,6451237,6451723,6472135,6475123,6512473,6521743,6524713,6527413,6541723,6542317,6543271,6742135,6751243,6752431,6754231,7134625,7136254,7136425,7143625,7146235,7146325,7152436,7156243,7162453,7162543,7163425,7164235,7164325,7165243,7213645,7231456,7234156,7234615,7243615,7246315,7256413,7261345,7261435,7264513,7265413,7314625,7316425,7324615,7326145,7342516,7346125,7362415,7364125,7364215,7415623,7416253,7416523,7421365,7425613,7426153,7431526,7451623,7452613,7456213,7461235,7465213,7512463,7512643,7516243,7516324,7521346,7524361,7541623,7542361,7542613,7561243,7561423,7562143,7612453,7612543,7614253,7614523,7615423,7621453,7621543,7623415,7624315,7625143,7625431,7632415,7634125,7634215,7641325,7642135,7643125,7643215,7651243,7654321	1234567,1235467,1243765,1247356,1247536,1253467,1257364,1263754,1275643,1276453,1276543,1324756,1342567,1345762,1347625,1354267,1356427,1362475,1362745,1364257,1365724,1423765,1427365,1432567,1435267,1437625,1453267,1456273,1457632,1462573,1462753,1465273,1473625,1476235,1523467,1526374,1526734,1527643,1534267,1536427,1543267,1546273,1562374,1564273,1567234,1576342,1623475,1623745,1624375,1624735,1627345,1627435,1632475,1632745,1642573,1642753,1645273,1652734,1654273,1657234,1723546,1724356,1724536,1725346,1725436,1732456,1732546,1734526,1742365,1743526,1745236,1745326,1752463,1756243,1756324,1763452,1765243,1765423,2134765,2135647,2136574,2136754,2143765,2147365,2153647,2173456,2174356,2174536,2175634,2176543,2314765,2316574,2316754,2317456,2345617,2346157,2347165,2354176,2354617,2361745,2364571,2367154,2371564,2374165,2376145,2417563,2417653,2435176,2437165,2437615,2451736,2453176,2461753,2471365,2471635,2473165,2473516,2475136,2475316,2513647,2534176,2534617,2541736,2543176,2547631,2561347,2561437,2571463,2571643,2573614,2574361,2576431,2613547,2614357,2614537,2615347,2615437,2634751,2637154,2637514,2673154,2714563,2714653,2715463,2715643,2716453,2716543,2731654,2734165,2736145,2741365,2741635,2743165,2751463,2751643,2754631,2756413,2764153,2764513,2765413,3124756,3145762,3147625,3156724,3162475,3162745,3165274,3165724,3167524,3172456,3172546,3174526,3217456,3217564,3245176,3247165,3247516,3254176,3254761,3256147,3257641,3261457,3261547,3274165,3275461,3415762,3416275,3417256,3425617,3426157,3451762,3452176,3456127,3457612,3461257,3461527,3471625,3475261,3476215,3512476,3517246,3521746,3526147,3541726,3542617,3546127,3564217,3612574,3614275,3617425,3621475,3624715,3625741,3627415,3642157,3642517,3645721,3657214,3671524,3675124,3715264,3715624,3716245,3741625,3751264,3761245,3761425,3762145,4127563,4127653,4136275,4152763,4157632,4162375,4162735,4163275,4172356,4172536,4173256,4175623,4176523,4213567,4215367,4217653,4236175,4237615,4251367,4256137,4257163,4261357,4261537,4271563,4271653,4273615,4275163,4316275,4317256,4325617,4325761,4326157,4351726,4352176,4352617,4362571,4371625,4376125,4376215,4512763,4517326,4517632,4521736,4523176,4527163,4531726,4532176,4532617,4561237,4562713,4572361,4576132,4576312,4612357,4612537,4615237,4617523,4625713,4627153,4627513,4632751,4652713,4713625,4716235,4716325,4731625,4735126,4736215,4751326,4752631,4753126,4762135,4762315,4763251,5123674,5124736,5126374,5127643,5132476,5136427,5146273,5164273,5172436,5173246,5176342,5213674,5217346,5217436,5231746,5234617,5241763,5246173,5261437,5263471,5263714,5267314,5271463,5271643,5273164,5276413,5312476,5317246,5321746,5326147,5341726,5342617,5346127,5364217,5412763,5417236,5417326,5421763,5426137,5427163,5431726,5432617,5461237,5462713,5463271,5476321,5612347,5613427,5614327,5623714,5624173,5627143,5632174,5641273,5642137,5642713,5672314,5714623,5716423,5721364,5723164,5723641,5736124,5743621,5761342,5763142,5763412,5764321,6123457,6123547,6124375,6125347,6125734,6134257,6134572,6135427,6142375,6142735,6143257,6143527,6145327,6152347,6153427,6154327,6174235,6175243,6213475,6214375,6214735,6231475,6234715,6237154,6237415,6241753,6243715,6247135,6247315,6257143,6257431,6271453,6271543,6273415,6274135,6274315,6275143,6314572,6321754,6324715,6325471,6327415,6327541,6341572,6345172,6347521,6371524,6375124,6412753,6415273,6421357,6421537,6425137,6425713,6427153,6427513,6432571,6451273,6452713,6457231,6524173,6527143,6527314,6541273,6542173,6542713,6572134,6572314,6751234,6752134,7136245,7145623,7146253,7146523,7152634,7154623,7156234,7156423,7162345,7162435,7163245,7164253,7164523,7165423,7213654,7231654,7235416,7236451,7243516,7245316,7253416,7254316,7316245,7316524,7324516,7325416,7341625,7345216,7351246,7361254,7361425,7362145,7413625,7416235,7416325,7423615,7431625,7435216,7436251,7452316,7453216,7512364,7512634,7513246,7514623,7516423,7521364,7524613,7526341,7531246,7546321,7562413,7563214,7564123,7612435,7613452,7614235,7621345,7621435,7623145,7631452,7632541,7634152,7634512,7641523,7643251,7645123,7652413,7654123,7654213	4215673>5673124,4231567>1567324,4256731>6731524,4315267>5267134,4326715>6715234,4352671>2671534,4516723>6723154,4523167>3167254,4531672>1672354	4213675>3675124,4316752>6752134,4512367>2367154	1	-	5906.up-d8c6ba46400e.txt~5906.up-f2c7804be474.txt
7ba96ea7958d	7	1236457,1237465,1245763,1246753,1247563,1247653,1264753,1273465,1273645,1276345,1324567,1346275,1347265,1347526,1356724,1362574,1364275,1367254,1367425,1376425,1425763,1427563,1436275,1437265,1452637,1452763,1457236,1457623,1462375,1462735,1463275,1473265,1475623,1524376,1526347,1527436,1536724,1542763,1546237,1562473,1562743,1572346,1574263,1624573,1624753,1625743,1627453,1627543,1632754,1634275,1642375,1642735,1652473,1652743,1654237,1723465,1724365,1724635,1725643,1726453,1726543,1732465,1734256,1736245,1736425,1742563,1745263,1745623,1746523,1754263,1762345,1762435,1763245,1763425,2134756,2135674,2136745,2137645,2145763,2147563,2153674,2173645,2174563,2174653,2176345,2314576,2315467,2316547,2341576,2341765,2346175,2354761,2364517,2367541,2371465,2371645,2374615,2417365,2417635,2431765,2436175,2436751,2437156,2456137,2457163,2457613,2461735,2463175,2467513,2471563,2471653,2475163,2475613,2476513,2513674,2517346,2534761,2543761,2547361,2561743,2564173,2571364,2574163,2576143,2613475,2614375,2614735,2615743,2617453,2617543,2631457,2634157,2645173,2647513,2654173,2713465,2713645,2714365,2714635,2716345,2731465,2731645,2734615,2736415,2741563,2741653,2743156,2745163,2751634,2754163,2756143,2756431,2761453,2761543,2763415,2764351,2764531,2765431,3145267,3145726,3146275,3152746,3154627,3164275,3165427,3172465,3176245,3241765,3245617,3246175,3261475,3271465,3275164,3275641,3276451,3276541,3412765,3415267,3415726,3417625,3421765,3425176,3427165,3461275,3461725,3462715,3472615,3475216,3476251,3527641,3547621,3567214,3617245,3624175,3625471,3625714,3627145,3641275,3642175,3642715,3645127,3672154,3672514,3674215,3675241,3675421,3714625,3715246,3716425,3726145,3746125,3762541,3764215,4127365,4127635,4152637,4156273,4157236,4162573,4162753,4165273,4172563,4172653,4173625,4176235,4176325,4213675,4213765,4217365,4217635,4231657,4236751,4237165,4251736,4256173,4257613,4261573,4261753,4271365,4271635,4273165,4275613,4276153,4315276,4317625,4327561,4327651,4352761,4361725,4362715,4367521,4371526,4372615,4376251,4512367,4516273,4517263,4526173,4526317,4527613,4532761,4561327,4562173,4571623,4572316,4576123,4576213,4612375,4612735,4617235,4617325,4623157,4623715,4627135,4627315,4631725,4632715,4652173,4675123,4715623,4716523,4726135,4732615,4736251,4751263,4751623,4752136,4756123,4756213,4762351,4762531,4765123,5123647,5124673,5124763,5126473,5136724,5162473,5162743,5163274,5172643,5173426,5213476,5217463,5243671,5243716,5247163,5261743,5263147,5263417,5274163,5274316,5276143,5276431,5327641,5347621,5367214,5416273,5417263,5423167,5423671,5426173,5427613,5432761,5437621,5462317,5473621,5476231,5612473,5613247,5614273,5617423,5621473,5621743,5624713,5627413,5641723,5643271,5672134,5713624,5716243,5723146,5723416,5741623,5742613,5761243,5761423,5762143,6123745,6124573,6124753,6127345,6132457,6134725,6142573,6142753,6143725,6145273,6147325,6154273,6157423,6172345,6172435,6173245,6174253,6174523,6175423,6214573,6214753,6217453,6231547,6234175,6235471,6237145,6241735,6243175,6245713,6247153,6247513,6253471,6254371,6254731,6257134,6257413,6271345,6271435,6273145,6274153,6274513,6275413,6314527,6317245,6324175,6327145,6327514,6341275,6341527,6342175,6342715,6412735,6417253,6421375,6421735,6423715,6427135,6427315,6432751,6435271,6451237,6451723,6453271,6475123,6512473,6521743,6524713,6527413,6541723,6542317,6543271,6721354,6721534,6725134,6742135,6751243,6752431,6754231,7134625,7136254,7136425,7143625,7146235,7146325,7152436,7156243,7162453,7163425,7164235,7165243,7213564,7215364,7231456,7234156,7234615,7243615,7246315,7251364,7256413,7261345,7261435,7264513,7265413,7314625,7316425,7324615,7326145,7342516,7346125,7362415,7362541,7364125,7364215,7415623,7416253,7416523,7421365,7425613,7426153,7431526,7451623,7452613,7456213,7461235,7465213,7512463,7512643,7516243,7516324,7521346,7524361,7541623,7542361,7542613,7561243,7561423,7562143,7564321,7612453,7614253,7614523,7615423,7621453,7623415,7623541,7624315,7625341,7625431,7632415,7634125,7634215,7642135,7643521,7645321,7651243,7654321	1234567,1235467,1243765,1247356,1247536,1253467,1257364,1263754,1275643,1276453,1276543,1324756,1342567,1345762,1346725,1347625,1354267,1356427,1362475,1362745,1364257,1367245,1423765,1427365,1432567,1435267,1436725,1437625,1453267,1456273,1457632,1462573,1462753,1465273,1473625,1476235,1523467,1526374,1526734,1527643,1534267,1536427,1543267,1546273,1562374,1564273,1567234,1576342,1623475,1623745,1624375,1624735,1627345,1627435,1632475,1632745,1642573,1642753,1645273,1652734,1654273,1657234,1723546,1724356,1724536,1725346,1725436,1732456,1732546,1734526,1742365,1743526,1745236,1745326,1752463,1756243,1756324,1763452,1765243,1765423,2134675,2134765,2135647,2136754,2143675,2143765,2147365,2153647,2173456,2174356,2174536,2175634,2176543,2314765,2316574,2316754,2317456,2345617,2346157,2347165,2354176,2354617,2361745,2364571,2367154,2371564,2374165,2376145,2413675,2417563,2417653,2435176,2437165,2437615,2451736,2453176,2461753,2471365,2471635,2473165,2473516,2475136,2475316,2513647,2534176,2534617,2541736,2543176,2561347,2561437,2571463,2571643,2573614,2574361,2613547,2614357,2614537,2615347,2615437,2634751,2637154,2637514,2673154,2714563,2714653,2715463,2715643,2716453,2716543,2731654,2734165,2736145,2741365,2741635,2743165,2751463,2751643,2754631,2756413,2764153,2764513,2765413,3124756,3145762,3147625,3156724,3162475,3162745,3165274,3165724,3167524,3172456,3172546,3174526,3217456,3217564,3245176,3247165,3247516,3254176,3256147,3261457,3261547,3274165,3275461,3415762,3416275,3417256,3425617,3426157,3451762,3452176,3456127,3457612,3461257,3461527,3467215,3471625,3475261,3476215,3512476,3517246,3521746,3526147,3541726,3542617,3546127,3564217,3612574,3614275,3617425,3621475,3624715,3625741,3627415,3642157,3642517,3645721,3671524,3672145,3672415,3675124,3715264,3715624,3716245,3741625,3751264,3761245,3761425,3762145,4127563,4127653,4136275,4136725,4152763,4157632,4162375,4162735,4163275,4172356,4172536,4173256,4175623,4176523,4213567,4215367,4217653,4236175,4237615,4251367,4256137,4257163,4261357,4261537,4271563,4271653,4273615,4275163,4316275,4317256,4325617,4326157,4351726,4352176,4352617,4362571,4367215,4371625,4376125,4376215,4512763,4517326,4517632,4521736,4523176,4527163,4531726,4532176,4532617,4561237,4562713,4572361,4576132,4576312,4612357,4612537,4615237,4617523,4625713,4627153,4627513,4632751,4652713,4672135,4713625,4716235,4716325,4731625,4735126,4736215,4751326,4752631,4753126,4762135,4762315,5123674,5124736,5126374,5127643,5132476,5136427,5146273,5164273,5172436,5173246,5176342,5213674,5217346,5217436,5231746,5234617,5241763,5246173,5261437,5263471,5263714,5267314,5271463,5271643,5273164,5276413,5312476,5317246,5321746,5326147,5341726,5342617,5346127,5364217,5412763,5417236,5417326,5421763,5426137,5427163,5431726,5432617,5461237,5462713,5463271,5612347,5613427,5614327,5623714,5624173,5627143,5632174,5641273,5642137,5642713,5672314,5714623,5716423,5723164,5723641,5736124,5743621,5761342,5763142,5763412,6123457,6123547,6124375,6125347,6125734,6134257,6134572,6135427,6142375,6142735,6143257,6143527,6145327,6152347,6153427,6154327,6174235,6175243,6213475,6214375,6214735,6231475,6234715,6237154,6237415,6241753,6243715,6247135,6247315,6257143,6257431,6271453,6271543,6273415,6274135,6274315,6275143,6314572,6321754,6324715,6327415,6327541,6341572,6345172,6347521,6371524,6375124,6412753,6415273,6421357,6421537,6425137,6425713,6427153,6427513,6451273,6452713,6457231,6524173,6527143,6527314,6541273,6542173,6542713,6572314,6721345,6721435,6724135,6751234,6752134,7136245,7145623,7146253,7146523,7152634,7154623,7156234,7156423,7162345,7162435,7163245,7164253,7164523,7165423,7213465,7214365,7231654,7235416,7236451,7241365,7243516,7245316,7253416,7254316,7316245,7316524,7324516,7325416,7341625,7345216,7351246,7361254,7361425,7362145,7413625,7416235,7416325,7423615,7431625,7435216,7436251,7452316,7453216,7512364,7512634,7513246,7514623,7516423,7521364,7524613,7526341,7531246,7546321,7562413,7563214,7564123,7612435,7613452,7614235,7621345,7621435,7623145,7631452,7634152,7634512,7641523,7645123,7652413,7654123,7654213	4215673>5673124,4231567>1567324,4256731>6731524,4315267>5267134,4326715>6715234,4352671>2671534,4516723>6723154,4523167>3167254,4531672>1672354	4213675>3675124,4316752>6752134,4512367>2367154	1	-	5906.lswap-06f4ba2c8122.txt~5906.up-d8c6ba46400e.txt
e5001e80d3d0	7	1234567,1235467,1243765,1247356,1247536,1253467,1257364,1263754,1275643,1276453,1276543,1324756,1342567,1345762,1346725,1347625,1354267,1356427,1362475,1362745,1364257,1367245,1423765,1427365,1432567,1435267,1436725,1437625,1453267,1456273,1457632,1462573,1462753,1465273,1473625,1476235,1523467,1526374,1526734,1527643,1534267,1536427,1543267,1546273,1562374,1564273,1567234,1576342,1623475,1623745,1624375,1624735,1627345,1627435,1632475,1632745,1642573,1642753,1645273,1652734,1654273,1657234,1723546,1724356,1724536,1725346,1725436,1732456,1732546,1734526,1742365,1743526,1745236,1745326,1752463,1756243,1756324,1763452,1765243,1765423,2134675,2134765,2135647,2136754,2143675,2143765,2147365,2153647,2173456,2174356,2174536,2175634,2176543,2314765,2316574,2316754,2317456,2345617,2346157,2347165,2354176,2354617,2361745,2364571,2367154,2371564,2374165,2376145,2413675,2417563,2417653,2435176,2437165,2437615,2451736,2453176,2461753,2471365,2471635,2473165,2473516,2475136,2475316,2513647,2534176,2534617,2541736,2543176,2561347,2561437,2571463,2571643,2573614,2574361,2613547,2614357,2614537,2615347,2615437,2634751,2637154,2637514,2673154,2714563,2714653,2715463,2715643,2716453,2716543,2731654,2734165,2736145,2741365,2741635,2743165,2751463,2751643,2754631,2756413,2764153,2764513,2765413,3124756,3145762,3147625,3156724,3162475,3162745,3165274,3165724,3167524,3172456,3172546,3174526,3217456,3217564,3245176,3247165,3247516,3254176,3256147,3261457,3261547,3274165,3275461,3415762,3416275,3417256,3425617,3426157,3451762,3452176,3456127,3457612,3461257,3461527,3467215,3471625,3475261,3476215,3512476,3517246,3521746,3526147,3541726,3542617,3546127,3564217,3612574,3614275,3617425,3621475,3624715,3625741,3627415,3642157,3642517,3645721,3671524,3672145,3672415,3675124,3715264,3715624,3716245,3741625,3751264,3761245,3761425,3762145,4127563,4127653,4136275,4136725,4152763,4157632,4162375,4162735,4163275,4172356,4172536,4173256,4175623,4176523,4213567,4215367,4217653,4236175,4237615,4251367,4256137,4257163,4261357,4261537,4271563,4271653,4273615,4275163,4316275,4317256,4325617,4326157,4351726,4352176,4352617,4362571,4367215,4371625,4376125,4376215,4512763,4517326,4517632,4521736,4523176,4527163,4531726,4532176,4532617,4561237,4562713,4572361,4576132,4576312,4612357,4612537,4615237,4617523,4625713,4627153,4627513,4632751,4652713,4672135,4713625,4716235,4716325,4731625,4735126,4736215,4751326,4752631,4753126,4762135,4762315,5123674,5124736,5126374,5127643,5132476,5136427,5146273,5164273,5172436,5173246,5176342,5213674,5217346,5217436,5231746,5234617,5241763,5246173,5261437,5263471,5263714,5267314,5271463,5271643,5273164,5276413,5312476,5317246,5321746,5326147,5341726,5342617,5346127,5364217,5412763,5417236,5417326,5421763,5426137,5427163,5431726,5432617,5461237,5462713,5463271,5612347,5613427,5614327,5623714,5624173,5627143,5632174,5641273,5642137,5642713,5672314,5714623,5716423,5723164,5723641,5736124,5743621,5761342,5763142,5763412,6123457,6123547,6124375,6125347,6125734,6134257,6134572,6135427,6142375,6142735,6143257,6143527,6145327,6152347,6153427,6154327,6174235,6175243,6213475,6214375,6214735,6231475,6234715,6237154,6237415,6241753,6243715,6247135,6247315,6257143,6257431,6271453,6271543,6273415,6274135,6274315,6275143,6314572,6321754,6324715,6327415,6327541,6341572,6345172,6347521,6371524,6375124,6412753,6415273,6421357,6421537,6425137,6425713,6427153,6427513,6451273,6452713,6457231,6524173,6527143,6527314,6541273,6542173,6542713,6572314,6721345,6721435,6724135,6751234,6752134,7136245,7145623,7146253,7146523,7152634,7154623,7156234,7156423,7162345,7162435,7163245,7164253,7164523,7165423,7213465,7214365,7231654,7235416,7236451,7241365,7243516,7245316,7253416,7254316,7316245,7316524,7324516,7325416,7341625,7345216,7351246,7361254,7361425,7362145,7413625,7416235,7416325,7423615,7431625,7435216,7436251,7452316,7453216,7512364,7512634,7513246,7514623,7516423,7521364,7524613,7526341,7531246,7546321,7562413,7563214,7564123,7612435,7613452,7614235,7621345,7621435,7623145,7631452,7634152,7634512,7641523,7645123,7652413,7654123,7654213	1236457,1237465,1245763,1246753,1247563,1247653,1264753,1273465,1273645,1276345,1324567,1346275,1347265,1347526,1356724,1362574,1364275,1367254,1367425,1376425,1425763,1427563,1436275,1437265,1452637,1452763,1457236,1457623,1462375,1462735,1463275,1473265,1475623,1524376,1526347,1527436,1536724,1542763,1546237,1562473,1562743,1572346,1574263,1624573,1624753,1625743,1627453,1627543,1632754,1634275,1642375,1642735,1652473,1652743,1654237,1723465,1724365,1724635,1725643,1726453,1726543,1732465,1734256,1736245,1736425,1742563,1745263,1745623,1746523,1754263,1762345,1762435,1763245,1763425,2134756,2135674,2136745,2137645,2145763,2147563,2153674,2173645,2174563,2174653,2176345,2314576,2315467,2316547,2341576,2341765,2346175,2354761,2364517,2367541,2371465,2371645,2374615,2417365,2417635,2431765,2436175,2436751,2437156,2456137,2457163,2457613,2461735,2463175,2467513,2471563,2471653,2475163,2475613,2476513,2513674,2517346,2534761,2543761,2547361,2561743,2564173,2571364,2574163,2576143,2613475,2614375,2614735,2615743,2617453,2617543,2631457,2634157,2645173,2647513,2654173,2713465,2713645,2714365,2714635,2716345,2731465,2731645,2734615,2736415,2741563,2741653,2743156,2745163,2751634,2754163,2756143,2756431,2761453,2761543,2763415,2764351,2764531,2765431,3145267,3145726,3146275,3152746,3154627,3164275,3165427,3172465,3176245,3241765,3245617,3246175,3261475,3271465,3275164,3275641,3276451,3276541,3412765,3415267,3415726,3417625,3421765,3425176,3427165,3461275,3461725,3462715,3472615,3475216,3476251,3527641,3547621,3567214,3617245,3624175,3625471,3625714,3627145,3641275,3642175,3642715,3645127,3672154,3672514,3674215,3675241,3675421,3714625,3715246,3716425,3726145,3746125,3762541,3764215,4127365,4127635,4152637,4156273,4157236,4162573,4162753,4165273,4172563,4172653,4173625,4176235,4176325,4213675,4213765,4217365,4217635,4231657,4236751,4237165,4251736,4256173,4257613,4261573,4261753,4271365,4271635,4273165,4275613,4276153,4315276,4317625,4327561,4327651,4352761,4361725,4362715,4367521,4371526,4372615,4376251,4512367,4516273,4517263,4526173,4526317,4527613,4532761,4561327,4562173,4571623,4572316,4576123,4576213,4612375,4612735,4617235,4617325,4623157,4623715,4627135,4627315,4631725,4632715,4652173,4675123,4715623,4716523,4726135,4732615,4736251,4751263,4751623,4752136,4756123,4756213,4762351,4762531,4765123,5123647,5124673,5124763,5126473,5136724,5162473,5162743,5163274,5172643,5173426,5213476,5217463,5243671,5243716,5247163,5261743,5263147,5263417,5274163,5274316,5276143,5276431,5327641,5347621,5367214,5416273,5417263,5423167,5423671,5426173,5427613,5432761,5437621,5462317,5473621,5476231,5612473,5613247,5614273,5617423,5621473,5621743,5624713,5627413,5641723,5643271,5672134,5713624,5716243,5723146,5723416,5741623,5742613,5761243,5761423,5762143,6123745,6124573,6124753,6127345,6132457,6134725,6142573,6142753,6143725,6145273,6147325,6154273,6157423,6172345,6172435,6173245,6174253,6174523,6175423,6214573,6214753,6217453,6231547,6234175,6235471,6237145,6241735,6243175,6245713,6247153,6247513,6253471,6254371,6254731,6257134,6257413,6271345,6271435,6273145,6274153,6274513,6275413,6314527,6317245,6324175,6327145,6327514,6341275,6341527,6342175,6342715,6412735,6417253,6421375,6421735,6423715,6427135,6427315,6432751,6435271,6451237,6451723,6453271,6475123,6512473,6521743,6524713,6527413,6541723,6542317,6543271,6721354,6721534,6725134,6742135,6751243,6752431,6754231,7134625,7136254,7136425,7143625,7146235,7146325,7152436,7156243,7162453,7163425,7164235,7165243,7213564,7215364,7231456,7234156,7234615,7243615,7246315,7251364,7256413,7261345,7261435,7264513,7265413,7314625,7316425,7324615,7326145,7342516,7346125,7362415,7362541,7364125,7364215,7415623,7416253,7416523,7421365,7425613,7426153,7431526,7451623,7452613,7456213,7461235,7465213,7512463,7512643,7516243,7516324,7521346,7524361,7541623,7542361,7542613,7561243,7561423,7562143,7564321,7612453,7614253,7614523,7615423,7621453,7623415,7623541,7624315,7625341,7625431,7632415,7634125,7634215,7642135,7643521,7645321,7651243,7654321	4213675>3675124,4316752>6752134,4512367>2367154	4215673>5673124,4231567>1567324,4256731>6731524,4315267>5267134,4326715>6715234,4352671>2671534,4516723>6723154,4523167>3167254,4531672>1672354	1	-	5906.lswap-06f4ba2c8122.txt~5906.up-d8c6ba46400e.txt
9dc03b0de11a	7	1236457,1237465,1245763,1246753,1247563,1247653,1254763,1264753,1273465,1273645,1276345,1276435,1324567,1327645,1345276,1347265,1347526,1356724,1364275,1367254,1367425,1376425,1425763,1427563,1437265,1452637,1452763,1457236,1457623,1473265,1475623,1476253,1524376,1526347,1536724,1542763,1547623,1562473,1572346,1574263,1623457,1624573,1624753,1625473,1634275,1642375,1642735,1643275,1652473,1654237,1723465,1724365,1724635,1725643,1726453,1726543,1732465,1734256,1736245,1736425,1742563,1745263,1745623,1746523,1754263,1762345,1762435,1763245,1763425,1764325,2134756,2135674,2136745,2137645,2145763,2147563,2153674,2154763,2173645,2174563,2174653,2176345,2176435,2314576,2316547,2341576,2341765,2345167,2346175,2364517,2367541,2371645,2374615,2417365,2417635,2431765,2436175,2436751,2437156,2456137,2457163,2457613,2461735,2463175,2467513,2471563,2471653,2475163,2475613,2476513,2513674,2514763,2517346,2543761,2547163,2547613,2561743,2564173,2576143,2613475,2614375,2614735,2615743,2617453,2617543,2631457,2634157,2645173,2647513,2654173,2713456,2713645,2716345,2716435,2731645,2734615,2736415,2756143,2761453,2761543,2763415,2764135,2764315,2765431,3127645,3145267,3145726,3164275,3165427,3172465,3176245,3217645,3241765,3245617,3246175,3261475,3271645,3276415,3276541,3412765,3415267,3415726,3417625,3421765,3425176,3427165,3451627,3452716,3461275,3461725,3472615,3475216,3567214,3617245,3624175,3641275,3642175,3642715,3645127,3672154,3672514,3674215,3675241,3675421,3715246,3716425,3726145,3746125,3762541,3764215,4127365,4127635,4132765,4152637,4157236,4172563,4172653,4173625,4176235,4176325,4213675,4213765,4217365,4217635,4231657,4236751,4237165,4251736,4256173,4257613,4261573,4261753,4271365,4271635,4273165,4275613,4276153,4312765,4317625,4321765,4327165,4327651,4361725,4367521,4371526,4372615,4376251,4512367,4516237,4517263,4526173,4526317,4527136,4527613,4561327,4562173,4571623,4572316,4576123,4576213,4612375,4612735,4617235,4617325,4631725,4652173,4675123,4715623,4716253,4716523,4726135,4732615,4751263,4751623,4752136,4756123,4756213,4761253,4762153,4762513,4765123,5123647,5124673,5124763,5126473,5136724,5147623,5162347,5162473,5172643,5173426,5213476,5217463,5243671,5243716,5247163,5261743,5263147,5263417,5271346,5276143,5367214,5417263,5423167,5423671,5426173,5427613,5432761,5437621,5471623,5476123,5476213,5612473,5613247,5614273,5617423,5621473,5621743,5624713,5641723,5672134,5716243,5723146,5723416,5742613,5761243,5761423,5762143,6123745,6124573,6124753,6125473,6127345,6132457,6134725,6142573,6142753,6143725,6145273,6147325,6154273,6157423,6172345,6172435,6173245,6174253,6174523,6175423,6214573,6214753,6215473,6217453,6234175,6234517,6241735,6243175,6245713,6247153,6247513,6251473,6254371,6254713,6314527,6317245,6324175,6341275,6341527,6342175,6342715,6412735,6413275,6417253,6421375,6421735,6423715,6427135,6427315,6431275,6432175,6432715,6451237,6451723,6475123,6512473,6521743,6524713,6541723,6542317,6543271,6721354,6721534,6725134,6742135,6751243,6752431,6754231,7134526,7136425,7152436,7156243,7162453,7162543,7163425,7164235,7164325,7165243,7213564,7215364,7231456,7234156,7234615,7243615,7246315,7251364,7256413,7261345,7261435,7264513,7265413,7316425,7324615,7326145,7342516,7346125,7362415,7364125,7364215,7421365,7425613,7426153,7452613,7456213,7461235,7465213,7512463,7512643,7516243,7521346,7524361,7542361,7542613,7561243,7561423,7562143,7612453,7612543,7614253,7614523,7615423,7621453,7621543,7623415,7624315,7625143,7625431,7632415,7634125,7634215,7641325,7642135,7643125,7643215,7651243,7654321	1234567,1235467,1243765,1247356,1247536,1253467,1257364,1263754,1275643,1276453,1276543,1324756,1342567,1345762,1346725,1347625,1354267,1356427,1362475,1364257,1367245,1423765,1427365,1432567,1435267,1436725,1437625,1453267,1457632,1473625,1476235,1523467,1526374,1526734,1527643,1534267,1536427,1543267,1562374,1564273,1567234,1576342,1623475,1624375,1624735,1632475,1642573,1642753,1645273,1652734,1654273,1657234,1723546,1724356,1724536,1725346,1725436,1732456,1732546,1734526,1742365,1743526,1745236,1745326,1752463,1756243,1756324,1763452,1765243,1765423,2134675,2134765,2135647,2136754,2143675,2143765,2147365,2153647,2173456,2174356,2174536,2175634,2176543,2314765,2316574,2316754,2317456,2345617,2346157,2347165,2354176,2354617,2361745,2364571,2367154,2371564,2376145,2413675,2417563,2417653,2435176,2437165,2437615,2451736,2453176,2461753,2471365,2471635,2473165,2473516,2475136,2475316,2513647,2534176,2534617,2541736,2543176,2547631,2561347,2561437,2571643,2573614,2576431,2613547,2614357,2614537,2615347,2615437,2634751,2637154,2637514,2673154,2715643,2716453,2716543,2731654,2736145,2751643,2756413,2764153,2764513,2765413,3124756,3145762,3147625,3156724,3162475,3165274,3165724,3167524,3172456,3172546,3174526,3217456,3217564,3245176,3247165,3247516,3254176,3254761,3256147,3257641,3261457,3261547,3415762,3417256,3425617,3426157,3451762,3452176,3456127,3457612,3461257,3461527,3467215,3471625,3475261,3476215,3512476,3517246,3521746,3526147,3541726,3542617,3546127,3564217,3612574,3614275,3617425,3621475,3624715,3642157,3642517,3645721,3671524,3672145,3672415,3675124,3715264,3715624,3716245,3751264,3761245,3761425,3762145,4127563,4127653,4136725,4152763,4157632,4172356,4172536,4173256,4175623,4176523,4213567,4215367,4217653,4236175,4237615,4251367,4256137,4257163,4261357,4261537,4271563,4271653,4273615,4275163,4317256,4325617,4325761,4326157,4351726,4352176,4352617,4367215,4371625,4376125,4376215,4512763,4517326,4517632,4521736,4523176,4527163,4531726,4532176,4532617,4561237,4572361,4576132,4576312,4612357,4612537,4615237,4617523,4672135,4713625,4716235,4716325,4731625,4735126,4736215,4751326,4752631,4753126,4762135,4762315,4763251,5123674,5124736,5126374,5127643,5132476,5136427,5164273,5172436,5173246,5176342,5213674,5217346,5217436,5231746,5234617,5241763,5246173,5261437,5263471,5263714,5267314,5271643,5273164,5276413,5312476,5317246,5321746,5326147,5341726,5342617,5346127,5364217,5412763,5417236,5417326,5421763,5426137,5427163,5431726,5432617,5461237,5476321,5612347,5613427,5614327,5623714,5624173,5632174,5641273,5642137,5642713,5672314,5716423,5723164,5723641,5736124,5761342,5763142,5763412,5764321,6123457,6123547,6124375,6125347,6125734,6134257,6134572,6135427,6142375,6142735,6143257,6143527,6145327,6152347,6153427,6154327,6174235,6175243,6213475,6214375,6214735,6231475,6234715,6237154,6241753,6243715,6247135,6247315,6314572,6321754,6324715,6325471,6341572,6345172,6347521,6371524,6375124,6412753,6415273,6421357,6421537,6425137,6425713,6427153,6427513,6432571,6451273,6452713,6457231,6524173,6527314,6541273,6542173,6542713,6572314,6721345,6721435,6724135,6751234,6752134,7136245,7152634,7156234,7156423,7162345,7162435,7163245,7164253,7164523,7165423,7213465,7214365,7231654,7235416,7236451,7241365,7243516,7245316,7253416,7254316,7316245,7316524,7324516,7325416,7345216,7351246,7361254,7361425,7362145,7423615,7435216,7452316,7453216,7512364,7512634,7513246,7516423,7521364,7524613,7526341,7531246,7562413,7563214,7564123,7612435,7613452,7614235,7621345,7621435,7623145,7631452,7632541,7634152,7634512,7641523,7643251,7645123,7652413,7654123,7654213	4215673>5673124,4231567>1567324,4256731>6731524,4315267>5267134,4326715>6715234,4352671>2671534,4516723>6723154,4523167>3167254,4531672>1672354	4213675>3675124,4316752>6752134,4512367>2367154	1	-	5906.lswap-09c105553d61.txt~5906.up-d8c6ba46400e.txt
2ba97d8a677f	7	1234567,1235467,1243765,1247356,1247536,1253467,1257364,1263754,1275643,1276453,1276543,1324756,1342567,1345762,1346725,1347625,1354267,1356427,1362475,1364257,1367245,1423765,1427365,1432567,1435267,1436725,1437625,1453267,1457632,1473625,1476235,1523467,1526374,1526734,1527643,1534267,1536427,1543267,1562374,1564273,1567234,1576342,1623475,1624375,1624735,1632475,1642573,1642753,1645273,1652734,1654273,1657234,1723546,1724356,1724536,1725346,1725436,1732456,1732546,1734526,1742365,1743526,1745236,1745326,1752463,1756243,1756324,1763452,1765243,1765423,2134675,2134765,2135647,2136754,2143675,2143765,2147365,2153647,2173456,2174356,2174536,2175634,2176543,2314765,2316574,2316754,2317456,2345617,2346157,2347165,2354176,2354617,2361745,2364571,2367154,2371564,2376145,2413675,2417563,2417653,2435176,2437165,2437615,2451736,2453176,2461753,2471365,2471635,2473165,2473516,2475136,2475316,2513647,2534176,2534617,2541736,2543176,2547631,2561347,2561437,2571643,2573614,2576431,2613547,2614357,2614537,2615347,2615437,2634751,2637154,2637514,2673154,2715643,2716453,2716543,2731654,2736145,2751643,2756413,2764153,2764513,2765413,3124756,3145762,3147625,3156724,3162475,3165274,3165724,3167524,3172456,3172546,3174526,3217456,3217564,3245176,3247165,3247516,3254176,3254761,3256147,3257641,3261457,3261547,3415762,3417256,3425617,3426157,3451762,3452176,3456127,3457612,3461257,3461527,3467215,3471625,3475261,3476215,3512476,3517246,3521746,3526147,3541726,3542617,3546127,3564217,3612574,3614275,3617425,3621475,3624715,3642157,3642517,3645721,3671524,3672145,3672415,3675124,3715264,3715624,3716245,3751264,3761245,3761425,3762145,4127563,4127653,4136725,4152763,4157632,4172356,4172536,4173256,4175623,4176523,4213567,4215367,4217653,4236175,4237615,4251367,4256137,4257163,4261357,4261537,4271563,4271653,4273615,4275163,4317256,4325617,4325761,4326157,4351726,4352176,4352617,4367215,4371625,4376125,4376215,4512763,4517326,4517632,4521736,4523176,4527163,4531726,4532176,4532617,4561237,4572361,4576132,4576312,4612357,4612537,4615237,4617523,4672135,4713625,4716235,4716325,4731625,4735126,4736215,4751326,4752631,4753126,4762135,4762315,4763251,5123674,5124736,5126374,5127643,5132476,5136427,5164273,5172436,5173246,5176342,5213674,5217346,5217436,5231746,5234617,5241763,5246173,5261437,5263471,5263714,5267314,5271643,5273164,5276413,5312476,5317246,5321746,5326147,5341726,5342617,5346127,5364217,5412763,5417236,5417326,5421763,5426137,5427163,5431726,5432617,5461237,5476321,5612347,5613427,5614327,5623714,5624173,5632174,5641273,5642137,5642713,5672314,5716423,5723164,5723641,5736124,5761342,5763142,5763412,5764321,6123457,6123547,6124375,6125347,6125734,6134257,6134572,6135427,6142375,6142735,6143257,6143527,6145327,6152347,6153427,6154327,6174235,6175243,6213475,6214375,6214735,6231475,6234715,6237154,6241753,6243715,6247135,6247315,6314572,6321754,6324715,6325471,6341572,6345172,6347521,6371524,6375124,6412753,6415273,6421357,6421537,6425137,6425713,6427153,6427513,6432571,6451273,6452713,6457231,6524173,6527314,6541273,6542173,6542713,6572314,6721345,6721435,6724135,6751234,6752134,7136245,7152634,7156234,7156423,7162345,7162435,7163245,7164253,7164523,7165423,7213465,7214365,7231654,7235416,7236451,7241365,7243516,7245316,7253416,7254316,7316245,7316524,7324516,7325416,7345216,7351246,7361254,7361425,7362145,7423615,7435216,7452316,7453216,7512364,7512634,7513246,7516423,7521364,7524613,7526341,7531246,7562413,7563214,7564123,7612435,7613452,7614235,7621345,7621435,7623145,7631452,7632541,7634152,7634512,7641523,7643251,7645123,7652413,7654123,7654213	1236457,1237465,1245763,1246753,1247563,1247653,1254763,1264753,1273465,1273645,1276345,1276435,1324567,1327645,1345276,1347265,1347526,1356724,1364275,1367254,1367425,1376425,1425763,1427563,1437265,1452637,1452763,1457236,1457623,1473265,1475623,1476253,1524376,1526347,1536724,1542763,1547623,1562473,1572346,1574263,1623457,1624573,1624753,1625473,1634275,1642375,1642735,1643275,1652473,1654237,1723465,1724365,1724635,1725643,1726453,1726543,1732465,1734256,1736245,1736425,1742563,1745263,1745623,1746523,1754263,1762345,1762435,1763245,1763425,1764325,2134756,2135674,2136745,2137645,2145763,2147563,2153674,2154763,2173645,2174563,2174653,2176345,2176435,2314576,2316547,2341576,2341765,2345167,2346175,2364517,2367541,2371645,2374615,2417365,2417635,2431765,2436175,2436751,2437156,2456137,2457163,2457613,2461735,2463175,2467513,2471563,2471653,2475163,2475613,2476513,2513674,2514763,2517346,2543761,2547163,2547613,2561743,2564173,2576143,2613475,2614375,2614735,2615743,2617453,2617543,2631457,2634157,2645173,2647513,2654173,2713456,2713645,2716345,2716435,2731645,2734615,2736415,2756143,2761453,2761543,2763415,2764135,2764315,2765431,3127645,3145267,3145726,3164275,3165427,3172465,3176245,3217645,3241765,3245617,3246175,3261475,3271645,3276415,3276541,3412765,3415267,3415726,3417625,3421765,3425176,3427165,3451627,3452716,3461275,3461725,3472615,3475216,3567214,3617245,3624175,3641275,3642175,3642715,3645127,3672154,3672514,3674215,3675241,3675421,3715246,3716425,3726145,3746125,3762541,3764215,4127365,4127635,4132765,4152637,4157236,4172563,4172653,4173625,4176235,4176325,4213675,4213765,4217365,4217635,4231657,4236751,4237165,4251736,4256173,4257613,4261573,4261753,4271365,4271635,4273165,4275613,4276153,4312765,4317625,4321765,4327165,4327651,4361725,4367521,4371526,4372615,4376251,4512367,4516237,4517263,4526173,4526317,4527136,4527613,4561327,4562173,4571623,4572316,4576123,4576213,4612375,4612735,4617235,4617325,4631725,4652173,4675123,4715623,4716253,4716523,4726135,4732615,4751263,4751623,4752136,4756123,4756213,4761253,4762153,4762513,4765123,5123647,5124673,5124763,5126473,5136724,5147623,5162347,5162473,5172643,5173426,5213476,5217463,5243671,5243716,5247163,5261743,5263147,5263417,5271346,5276143,5367214,5417263,5423167,5423671,5426173,5427613,5432761,5437621,5471623,5476123,5476213,5612473,5613247,5614273,5617423,5621473,5621743,5624713,5641723,5672134,5716243,5723146,5723416,5742613,5761243,5761423,5762143,6123745,6124573,6124753,6125473,6127345,6132457,6134725,6142573,6142753,6143725,6145273,6147325,6154273,6157423,6172345,6172435,6173245,6174253,6174523,6175423,6214573,6214753,6215473,6217453,6234175,6234517,6241735,6243175,6245713,6247153,6247513,6251473,6254371,6254713,6314527,6317245,6324175,6341275,6341527,6342175,6342715,6412735,6413275,6417253,6421375,6421735,6423715,6427135,6427315,6431275,6432175,6432715,6451237,6451723,6475123,6512473,6521743,6524713,6541723,6542317,6543271,6721354,6721534,6725134,6742135,6751243,6752431,6754231,7134526,7136425,7152436,7156243,7162453,7162543,7163425,7164235,7164325,7165243,7213564,7215364,7231456,7234156,7234615,7243615,7246315,7251364,7256413,7261345,7261435,7264513,7265413,7316425,7324615,7326145,7342516,7346125,7362415,7364125,7364215,7421365,7425613,7426153,7452613,7456213,7461235,7465213,7512463,7512643,7516243,7521346,7524361,7542361,7542613,7561243,7561423,7562143,7612453,7612543,7614253,7614523,7615423,7621453,7621543,7623415,7624315,7625143,7625431,7632415,7634125,7634215,7641325,7642135,7643125,7643215,7651243,7654321	4213675>3675124,4316752>6752134,4512367>2367154	4215673>5673124,4231567>1567324,4256731>6731524,4315267>5267134,4326715>6715234,4352671>2671534,4516723>6723154,4523167>3167254,4531672>1672354	1	-	5906.lswap-09c105553d61.txt~5906.up-d8c6ba46400e.txt
33247298e6a4	7	1236457,1237465,1245763,1246753,1247563,1247653,1254763,1267354,1267534,1273465,1273645,1276345,1324567,1326754,1345276,1347265,1347526,1364275,1364725,1367425,1376425,1425763,1427563,1437265,1452637,1452763,1457236,1457623,1473265,1475623,1476253,1524376,1526347,1542763,1547623,1562473,1572346,1574263,1623457,1624573,1624753,1625473,1634275,1642375,1642735,1652473,1654237,1723465,1724365,1724635,1725643,1726453,1726543,1732465,1734256,1736245,1736425,1742563,1745263,1745623,1746523,1754263,1762345,1762435,1763245,1763425,2134756,2136475,2136745,2137645,2145763,2147563,2154763,2173645,2174563,2174653,2176345,2314576,2316547,2341576,2341765,2345167,2346175,2364517,2367541,2371645,2374615,2417365,2417635,2431765,2436175,2436751,2437156,2456137,2457163,2457613,2461735,2463175,2467513,2471563,2471653,2475163,2475613,2476513,2514763,2517346,2543761,2547163,2547613,2561743,2564173,2576143,2613475,2614375,2614735,2615743,2617453,2617543,2631457,2634157,2645173,2654173,2673514,2675134,2675314,2713456,2713645,2716345,2731645,2734615,2736415,2756143,2756431,2761453,2761543,2763415,2764351,2764531,2765431,3126754,3145267,3145726,3164275,3165427,3172465,3176245,3241765,3245617,3246175,3261475,3267514,3275641,3276451,3276541,3412765,3415267,3415726,3417625,3421765,3425176,3427165,3451627,3452716,3461275,3461725,3472615,3475216,3512674,3527641,3617245,3624175,3641275,3642175,3642715,3645127,3647215,3674215,3675241,3675421,3715246,3716425,3726145,3746125,3762541,3764215,4127365,4127635,4152637,4157236,4172563,4172653,4173625,4176235,4176325,4213675,4213765,4217365,4217635,4231657,4236751,4237165,4251736,4256173,4257613,4261573,4261753,4271365,4271635,4273165,4275613,4276153,4317625,4327561,4327651,4352761,4361725,4367521,4371526,4372615,4376251,4512367,4516237,4517263,4526173,4526317,4527136,4527613,4532761,4561327,4562173,4571623,4572316,4576123,4576213,4612375,4612735,4617235,4617325,4631725,4652173,4675123,4715623,4716253,4716523,4721365,4726135,4732615,4751623,4752136,4756123,4756213,4761253,4762153,4762513,4765123,5123647,5124673,5124763,5126734,5132674,5147623,5162347,5162473,5172643,5173426,5213476,5217463,5243671,5243716,5247163,5261743,5263147,5263417,5271346,5276143,5276431,5312674,5327641,5417263,5423167,5423671,5426173,5427613,5432761,5437621,5471623,5476123,5476213,5612473,5613247,5614273,5617423,5621473,5621743,5624713,5641723,5643271,5716243,5723146,5723416,5742613,5761243,5761423,5762143,6123745,6124573,6124753,6125473,6127345,6132457,6134725,6142573,6142753,6143725,6145273,6147325,6154273,6157423,6172345,6172435,6173245,6174253,6174523,6175423,6214573,6214753,6215473,6217453,6234175,6234517,6241735,6243175,6245713,6247153,6247513,6251473,6254371,6254713,6314527,6317245,6324175,6341275,6341527,6342175,6342715,6412735,6417253,6421375,6421735,6423715,6427135,6427315,6432751,6435271,6451237,6451723,6453271,6472135,6512473,6521743,6524713,6541723,6542317,6543271,6735124,6742135,6751243,6751324,6752431,6753124,6754231,7134526,7136425,7152436,7156243,7162453,7162543,7163425,7164235,7165243,7213645,7231456,7234156,7234615,7243615,7246315,7256413,7261345,7261435,7264513,7265413,7316425,7324615,7326145,7342516,7346125,7351264,7362415,7364125,7364215,7421365,7425613,7426153,7452613,7456213,7461235,7465213,7512463,7513264,7516243,7521346,7524361,7531264,7542361,7542613,7561243,7561423,7562143,7564321,7612453,7612543,7614253,7614523,7615423,7621453,7621543,7623415,7624315,7625143,7625431,7632415,7634125,7634215,7642135,7643521,7645321,7651243,7654321	1234567,1235467,1243765,1247356,1247536,1253467,1257364,1267453,1267543,1275643,1276453,1276543,1324756,1342567,1345762,1347625,1354267,1356427,1362475,1364257,1365724,1423765,1426753,1427365,1432567,1435267,1437625,1453267,1457632,1473625,1476235,1523467,1526374,1526734,1527643,1534267,1536427,1543267,1562374,1564273,1567234,1576342,1623475,1624375,1624735,1632475,1642573,1642753,1645273,1652734,1654273,1657234,1723546,1724356,1724536,1725346,1725436,1732456,1732546,1734526,1742365,1743526,1745236,1745326,1752463,1756243,1756324,1763452,1765243,1765423,2134765,2135647,2136574,2136754,2143765,2147365,2153647,2173456,2174356,2174536,2175634,2176543,2314765,2316574,2316754,2317456,2345617,2346157,2347165,2354176,2354617,2361745,2364571,2367154,2371564,2376145,2417563,2417653,2435176,2437165,2437615,2451736,2453176,2461753,2471365,2471635,2473165,2473516,2475136,2475316,2513647,2534176,2534617,2541736,2543176,2547631,2561347,2561437,2571643,2573614,2613547,2614357,2614537,2615347,2615437,2634751,2637154,2673154,2674513,2675143,2675413,2715643,2716453,2716543,2731654,2736145,2751643,2756413,2764153,2764513,2765413,3124756,3145762,3147625,3156724,3162475,3165274,3165724,3167524,3172456,3172546,3174526,3217456,3217564,3245176,3247165,3247516,3254176,3254761,3256147,3261457,3261547,3415762,3417256,3425617,3426157,3451762,3452176,3456127,3457612,3461257,3461527,3471625,3475261,3476215,3512476,3517246,3521746,3526147,3541726,3542617,3546127,3564217,3612574,3614275,3617425,3621475,3624715,3642157,3642517,3645721,3657214,3671524,3675124,3715264,3715624,3716245,3761245,3761425,3762145,4126753,4127563,4127653,4152763,4157632,4172356,4172536,4173256,4175623,4176523,4213567,4215367,4217653,4236175,4237615,4251367,4256137,4257163,4261357,4261537,4267513,4271563,4271653,4273615,4275163,4317256,4325617,4326157,4351726,4352176,4352617,4371625,4376125,4376215,4512673,4512763,4517326,4517632,4521736,4523176,4527163,4531726,4532176,4532617,4561237,4572361,4576132,4576312,4612357,4612537,4615237,4617523,4713625,4716235,4716325,4731625,4735126,4736215,4751326,4752631,4753126,4762135,4762315,4763251,5123674,5124736,5126743,5127643,5132476,5136427,5142673,5164273,5172436,5173246,5176342,5213674,5217346,5217436,5231746,5234617,5241763,5246173,5261437,5263471,5263714,5267314,5271643,5273164,5276413,5312476,5317246,5321746,5326147,5341726,5342617,5346127,5364217,5412673,5412763,5417236,5417326,5421763,5426137,5427163,5431726,5432617,5461237,5476321,5612347,5613427,5614327,5623714,5624173,5632174,5641273,5642137,5642713,5672314,5716423,5721364,5723164,5723641,5736124,5761342,5763142,5763412,6123457,6123547,6124375,6125347,6125734,6134257,6134572,6135427,6142375,6142735,6143257,6143527,6145327,6152347,6153427,6154327,6174235,6175243,6213475,6214375,6214735,6231475,6234715,6237154,6241753,6243715,6247135,6247315,6314572,6321754,6324715,6325471,6341572,6345172,6347521,6371524,6412753,6415273,6421357,6421537,6425137,6425713,6427153,6427513,6451273,6452713,6457231,6524173,6527314,6541273,6542173,6542713,6572134,6572314,6745123,6751234,6751423,6752134,6754123,7136245,7152634,7156234,7156423,7162345,7162435,7163245,7164253,7164523,7165423,7213654,7231654,7235416,7236451,7243516,7245316,7253416,7254316,7316245,7316524,7324516,7325416,7345216,7351246,7361254,7361425,7362145,7423615,7435216,7451263,7452316,7453216,7512364,7513246,7514263,7516423,7521364,7524613,7526341,7531246,7541263,7562413,7563214,7564123,7612435,7613452,7614235,7621345,7621435,7623145,7631452,7632541,7634152,7634512,7641523,7645123,7652413,7654123,7654213	4215673>5673124,4231567>1567324,4256731>6731524,4315267>5267134,4326715>6715234,4352671>2671534,4516723>6723154,4523167>3167254,4531672>1672354	4213675>3675124,4316752>6752134,4512367>2367154	1	-	5906.lswap-10f62906b166.txt~5906.up-d8c6ba46400e.txt
c91b7da25221	7	1234567,1235467,1243765,1247356,1247536,1253467,1257364,1267453,1267543,1275643,1276453,1276543,1324756,1342567,1345762,1347625,1354267,1356427,1362475,1364257,1365724,1423765,1426753,1427365,1432567,1435267,1437625,1453267,1457632,1473625,1476235,1523467,1526374,1526734,1527643,1534267,1536427,1543267,1562374,1564273,1567234,1576342,1623475,1624375,1624735,1632475,1642573,1642753,1645273,1652734,1654273,1657234,1723546,1724356,1724536,1725346,1725436,1732456,1732546,1734526,1742365,1743526,1745236,1745326,1752463,1756243,1756324,1763452,1765243,1765423,2134765,2135647,2136574,2136754,2143765,2147365,2153647,2173456,2174356,2174536,2175634,2176543,2314765,2316574,2316754,2317456,2345617,2346157,2347165,2354176,2354617,2361745,2364571,2367154,2371564,2376145,2417563,2417653,2435176,2437165,2437615,2451736,2453176,2461753,2471365,2471635,2473165,2473516,2475136,2475316,2513647,2534176,2534617,2541736,2543176,2547631,2561347,2561437,2571643,2573614,2613547,2614357,2614537,2615347,2615437,2634751,2637154,2673154,2674513,2675143,2675413,2715643,2716453,2716543,2731654,2736145,2751643,2756413,2764153,2764513,2765413,3124756,3145762,3147625,3156724,3162475,3165274,3165724,3167524,3172456,3172546,3174526,3217456,3217564,3245176,3247165,3247516,3254176,3254761,3256147,3261457,3261547,3415762,3417256,3425617,3426157,3451762,3452176,3456127,3457612,3461257,3461527,3471625,3475261,3476215,3512476,3517246,3521746,3526147,3541726,3542617,3546127,3564217,3612574,3614275,3617425,3621475,3624715,3642157,3642517,3645721,3657214,3671524,3675124,3715264,3715624,3716245,3761245,3761425,3762145,4126753,4127563,4127653,4152763,4157632,4172356,4172536,4173256,4175623,4176523,4213567,4215367,4217653,4236175,4237615,4251367,4256137,4257163,4261357,4261537,4267513,4271563,4271653,4273615,4275163,4317256,4325617,4326157,4351726,4352176,4352617,4371625,4376125,4376215,4512673,4512763,4517326,4517632,4521736,4523176,4527163,4531726,4532176,4532617,4561237,4572361,4576132,4576312,4612357,4612537,4615237,4617523,4713625,4716235,4716325,4731625,4735126,4736215,4751326,4752631,4753126,4762135,4762315,4763251,5123674,5124736,5126743,5127643,5132476,5136427,5142673,5164273,5172436,5173246,5176342,5213674,5217346,5217436,5231746,5234617,5241763,5246173,5261437,5263471,5263714,5267314,5271643,5273164,5276413,5312476,5317246,5321746,5326147,5341726,5342617,5346127,5364217,5412673,5412763,5417236,5417326,5421763,5426137,5427163,5431726,5432617,5461237,5476321,5612347,5613427,5614327,5623714,5624173,5632174,5641273,5642137,5642713,5672314,5716423,5721364,5723164,5723641,5736124,5761342,5763142,5763412,6123457,6123547,6124375,6125347,6125734,6134257,6134572,6135427,6142375,6142735,6143257,6143527,6145327,6152347,6153427,6154327,6174235,6175243,6213475,6214375,6214735,6231475,6234715,6237154,6241753,6243715,6247135,6247315,6314572,6321754,6324715,6325471,6341572,6345172,6347521,6371524,6412753,6415273,6421357,6421537,6425137,6425713,6427153,6427513,6451273,6452713,6457231,6524173,6527314,6541273,6542173,6542713,6572134,6572314,6745123,6751234,6751423,6752134,6754123,7136245,7152634,7156234,7156423,7162345,7162435,7163245,7164253,7164523,7165423,7213654,7231654,7235416,7236451,7243516,7245316,7253416,7254316,7316245,7316524,7324516,7325416,7345216,7351246,7361254,7361425,7362145,7423615,7435216,7451263,7452316,7453216,7512364,7513246,7514263,7516423,7521364,7524613,7526341,7531246,7541263,7562413,7563214,7564123,7612435,7613452,7614235,7621345,7621435,7623145,7631452,7632541,7634152,7634512,7641523,7645123,7652413,7654123,7654213	1236457,1237465,1245763,1246753,1247563,1247653,1254763,1267354,1267534,1273465,1273645,1276345,1324567,1326754,1345276,1347265,1347526,1364275,1364725,1367425,1376425,1425763,1427563,1437265,1452637,1452763,1457236,1457623,1473265,1475623,1476253,1524376,1526347,1542763,1547623,1562473,1572346,1574263,1623457,1624573,1624753,1625473,1634275,1642375,1642735,1652473,1654237,1723465,1724365,1724635,1725643,1726453,1726543,1732465,1734256,1736245,1736425,1742563,1745263,1745623,1746523,1754263,1762345,1762435,1763245,1763425,2134756,2136475,2136745,2137645,2145763,2147563,2154763,2173645,2174563,2174653,2176345,2314576,2316547,2341576,2341765,2345167,2346175,2364517,2367541,2371645,2374615,2417365,2417635,2431765,2436175,2436751,2437156,2456137,2457163,2457613,2461735,2463175,2467513,2471563,2471653,2475163,2475613,2476513,2514763,2517346,2543761,2547163,2547613,2561743,2564173,2576143,2613475,2614375,2614735,2615743,2617453,2617543,2631457,2634157,2645173,2654173,2673514,2675134,2675314,2713456,2713645,2716345,2731645,2734615,2736415,2756143,2756431,2761453,2761543,2763415,2764351,2764531,2765431,3126754,3145267,3145726,3164275,3165427,3172465,3176245,3241765,3245617,3246175,3261475,3267514,3275641,3276451,3276541,3412765,3415267,3415726,3417625,3421765,3425176,3427165,3451627,3452716,3461275,3461725,3472615,3475216,3512674,3527641,3617245,3624175,3641275,3642175,3642715,3645127,3647215,3674215,3675241,3675421,3715246,3716425,3726145,3746125,3762541,3764215,4127365,4127635,4152637,4157236,4172563,4172653,4173625,4176235,4176325,4213675,4213765,4217365,4217635,4231657,4236751,4237165,4251736,4256173,4257613,4261573,4261753,4271365,4271635,4273165,4275613,4276153,4317625,4327561,4327651,4352761,4361725,4367521,4371526,4372615,4376251,4512367,4516237,4517263,4526173,4526317,4527136,4527613,4532761,4561327,4562173,4571623,4572316,4576123,4576213,4612375,4612735,4617235,4617325,4631725,4652173,4675123,4715623,4716253,4716523,4721365,4726135,4732615,4751623,4752136,4756123,4756213,4761253,4762153,4762513,4765123,5123647,5124673,5124763,5126734,5132674,5147623,5162347,5162473,5172643,5173426,5213476,5217463,5243671,5243716,5247163,5261743,5263147,5263417,5271346,5276143,5276431,5312674,5327641,5417263,5423167,5423671,5426173,5427613,5432761,5437621,5471623,5476123,5476213,5612473,5613247,5614273,5617423,5621473,5621743,5624713,5641723,5643271,5716243,5723146,5723416,5742613,5761243,5761423,5762143,6123745,6124573,6124753,6125473,6127345,6132457,6134725,6142573,6142753,6143725,6145273,6147325,6154273,6157423,6172345,6172435,6173245,6174253,6174523,6175423,6214573,6214753,6215473,6217453,6234175,6234517,6241735,6243175,6245713,6247153,6247513,6251473,6254371,6254713,6314527,6317245,6324175,6341275,6341527,6342175,6342715,6412735,6417253,6421375,6421735,6423715,6427135,6427315,6432751,6435271,6451237,6451723,6453271,6472135,6512473,6521743,6524713,6541723,6542317,6543271,6735124,6742135,6751243,6751324,6752431,6753124,6754231,7134526,7136425,7152436,7156243,7162453,7162543,7163425,7164235,7165243,7213645,7231456,7234156,7234615,7243615,7246315,7256413,7261345,7261435,7264513,7265413,7316425,7324615,7326145,7342516,7346125,7351264,7362415,7364125,7364215,7421365,7425613,7426153,7452613,7456213,7461235,7465213,7512463,7513264,7516243,7521346,7524361,7531264,7542361,7542613,7561243,7561423,7562143,7564321,7612453,7612543,7614253,7614523,7615423,7621453,7621543,7623415,7624315,7625143,7625431,7632415,7634125,7634215,7642135,7643521,7645321,7651243,7654321	4213675>3675124,4316752>6752134,4512367>2367154	4215673>5673124,4231567>1567324,4256731>6731524,4315267>5267134,4326715>6715234,4352671>2671534,4516723>6723154,4523167>3167254,4531672>1672354	1	-	5906.lswap-10f62906b166.txt~5906.up-d8c6ba46400e.txt
e710971edcbf	7	1236457,1237465,1245763,1246753,1247563,1247653,1267354,1267534,1273465,1273645,1276345,1276435,1324567,1326754,1327645,1346275,1347265,1347526,1362574,1364275,1364725,1367425,1376425,1425763,1427563,1436275,1437265,1452637,1452763,1457236,1457623,1462375,1462735,1463275,1473265,1475623,1524376,1526347,1527436,1542763,1546237,1562473,1562743,1572346,1574263,1624573,1624753,1625743,1627453,1627543,1632754,1634275,1642375,1642735,1643275,1652473,1652743,1654237,1723465,1724365,1724635,1725643,1726453,1726543,1732465,1734256,1736245,1736425,1742563,1745263,1745623,1746523,1754263,1762345,1762435,1763245,1763425,1764325,2134756,2136475,2136745,2137645,2145763,2147563,2173645,2174563,2174653,2176345,2176435,2314576,2315467,2316547,2341576,2341765,2346175,2354761,2364517,2367541,2371465,2371645,2374615,2417365,2417635,2431765,2436175,2436751,2437156,2456137,2457163,2457613,2461735,2463175,2467513,2471563,2471653,2475163,2475613,2476513,2517346,2534761,2543761,2547361,2561743,2564173,2571364,2574163,2576143,2613475,2614375,2614735,2615743,2617453,2617543,2631457,2634157,2645173,2654173,2673514,2675134,2675314,2713465,2713645,2714365,2714635,2716345,2716435,2731465,2731645,2734615,2736415,2741563,2741653,2743156,2745163,2751634,2754163,2756143,2761453,2761543,2763415,2764135,2764315,2765431,3126754,3127645,3145267,3145726,3146275,3152746,3154627,3164275,3165427,3172465,3176245,3217645,3241765,3245617,3246175,3261475,3267514,3271465,3271645,3275164,3276415,3276541,3412765,3415267,3415726,3417625,3421765,3425176,3427165,3461275,3461725,3462715,3472615,3475216,3476251,3512674,3547621,3617245,3624175,3625471,3625714,3627145,3641275,3642175,3642715,3645127,3647215,3674215,3675241,3675421,3714625,3715246,3716425,3726145,3746125,3762541,3764215,4127365,4127635,4132765,4152637,4156273,4157236,4162573,4162753,4165273,4172563,4172653,4173625,4176235,4176325,4213675,4213765,4217365,4217635,4231657,4236751,4237165,4251736,4256173,4257613,4261573,4261753,4271365,4271635,4273165,4275613,4276153,4312765,4315276,4317625,4321765,4327165,4327651,4361725,4362715,4367521,4371526,4372615,4376251,4512367,4516273,4517263,4526173,4526317,4527613,4561327,4562173,4571623,4572316,4576123,4576213,4612375,4612735,4617235,4617325,4623157,4623715,4627135,4627315,4631725,4632715,4652173,4675123,4715623,4716523,4721365,4726135,4732615,4736251,4751623,4752136,4756123,4756213,4762351,4762531,4765123,5123647,5124673,5124763,5126734,5132674,5162473,5162743,5163274,5172643,5173426,5213476,5217463,5243671,5243716,5247163,5261743,5263147,5263417,5274163,5274316,5276143,5312674,5347621,5416273,5417263,5423167,5423671,5426173,5427613,5432761,5437621,5462317,5473621,5476231,5612473,5613247,5614273,5617423,5621473,5621743,5624713,5627413,5641723,5713624,5716243,5723146,5723416,5741623,5742613,5761243,5761423,5762143,6123745,6124573,6124753,6127345,6132457,6134725,6142573,6142753,6143725,6145273,6147325,6154273,6157423,6172345,6172435,6173245,6174253,6174523,6175423,6214573,6214753,6217453,6231547,6234175,6235471,6237145,6241735,6243175,6245713,6247153,6247513,6253471,6254371,6254731,6257134,6257413,6271345,6271435,6273145,6274153,6274513,6275413,6314527,6317245,6324175,6327145,6327514,6341275,6341527,6342175,6342715,6412735,6413275,6417253,6421375,6421735,6423715,6427135,6427315,6431275,6432175,6432715,6451237,6451723,6472135,6512473,6521743,6524713,6527413,6541723,6542317,6543271,6735124,6742135,6751243,6751324,6752431,6753124,6754231,7134625,7136254,7136425,7143625,7146235,7146325,7152436,7156243,7162453,7163425,7164235,7164325,7165243,7213645,7231456,7234156,7234615,7243615,7246315,7256413,7261345,7261435,7264513,7265413,7314625,7316425,7324615,7326145,7342516,7346125,7351264,7362415,7362541,7364125,7364215,7415623,7416253,7416523,7421365,7425613,7426153,7431526,7451623,7452613,7456213,7461235,7465213,7512463,7513264,7516243,7516324,7521346,7524361,7531264,7541623,7542361,7542613,7561243,7561423,7562143,7612453,7614253,7614523,7615423,7621453,7623415,7623541,7624315,7625341,7625431,7632415,7634125,7634215,7641325,7642135,7643125,7643215,7651243,7654321	1234567,1235467,1243765,1247356,1247536,1253467,1257364,1267453,1267543,1275643,1276453,1276543,1324756,1342567,1345762,1347625,1354267,1356427,1362475,1362745,1364257,1365724,1423765,1426753,1427365,1432567,1435267,1437625,1453267,1456273,1457632,1462573,1462753,1465273,1473625,1476235,1523467,1526374,1526734,1527643,1534267,1536427,1543267,1546273,1562374,1564273,1567234,1576342,1623475,1623745,1624375,1624735,1627345,1627435,1632475,1632745,1642573,1642753,1645273,1652734,1654273,1657234,1723546,1724356,1724536,1725346,1725436,1732456,1732546,1734526,1742365,1743526,1745236,1745326,1752463,1756243,1756324,1763452,1765243,1765423,2134765,2135647,2136574,2136754,2143765,2147365,2153647,2173456,2174356,2174536,2175634,2176543,2314765,2316574,2316754,2317456,2345617,2346157,2347165,2354176,2354617,2361745,2364571,2367154,2371564,2374165,2376145,2417563,2417653,2435176,2437165,2437615,2451736,2453176,2461753,2471365,2471635,2473165,2473516,2475136,2475316,2513647,2534176,2534617,2541736,2543176,2561347,2561437,2571463,2571643,2573614,2574361,2576431,2613547,2614357,2614537,2615347,2615437,2634751,2637154,2673154,2674513,2675143,2675413,2714563,2714653,2715463,2715643,2716453,2716543,2731654,2734165,2736145,2741365,2741635,2743165,2751463,2751643,2754631,2756413,2764153,2764513,2765413,3124756,3145762,3147625,3156724,3162475,3162745,3165274,3165724,3167524,3172456,3172546,3174526,3217456,3217564,3245176,3247165,3247516,3254176,3256147,3257641,3261457,3261547,3274165,3275461,3415762,3416275,3417256,3425617,3426157,3451762,3452176,3456127,3457612,3461257,3461527,3471625,3475261,3476215,3512476,3517246,3521746,3526147,3541726,3542617,3546127,3564217,3612574,3614275,3617425,3621475,3624715,3625741,3627415,3642157,3642517,3645721,3657214,3671524,3675124,3715264,3715624,3716245,3741625,3761245,3761425,3762145,4126753,4127563,4127653,4136275,4152763,4157632,4162375,4162735,4163275,4172356,4172536,4173256,4175623,4176523,4213567,4215367,4217653,4236175,4237615,4251367,4256137,4257163,4261357,4261537,4267513,4271563,4271653,4273615,4275163,4316275,4317256,4325617,4325761,4326157,4351726,4352176,4352617,4362571,4371625,4376125,4376215,4512673,4512763,4517326,4517632,4521736,4523176,4527163,4531726,4532176,4532617,4561237,4562713,4572361,4576132,4576312,4612357,4612537,4615237,4617523,4625713,4627153,4627513,4632751,4652713,4713625,4716235,4716325,4731625,4735126,4736215,4751326,4752631,4753126,4762135,4762315,5123674,5124736,5126743,5127643,5132476,5136427,5142673,5146273,5164273,5172436,5173246,5176342,5213674,5217346,5217436,5231746,5234617,5241763,5246173,5261437,5263471,5263714,5267314,5271463,5271643,5273164,5276413,5312476,5317246,5321746,5326147,5341726,5342617,5346127,5364217,5412673,5412763,5417236,5417326,5421763,5426137,5427163,5431726,5432617,5461237,5462713,5463271,5612347,5613427,5614327,5623714,5624173,5627143,5632174,5641273,5642137,5642713,5672314,5714623,5716423,5721364,5723164,5723641,5736124,5743621,5761342,5763142,5763412,5764321,6123457,6123547,6124375,6125347,6125734,6134257,6134572,6135427,6142375,6142735,6143257,6143527,6145327,6152347,6153427,6154327,6174235,6175243,6213475,6214375,6214735,6231475,6234715,6237154,6237415,6241753,6243715,6247135,6247315,6257143,6257431,6271453,6271543,6273415,6274135,6274315,6275143,6314572,6321754,6324715,6327415,6327541,6341572,6345172,6347521,6371524,6412753,6415273,6421357,6421537,6425137,6425713,6427153,6427513,6432571,6451273,6452713,6457231,6524173,6527143,6527314,6541273,6542173,6542713,6572134,6572314,6745123,6751234,6751423,6752134,6754123,7136245,7145623,7146253,7146523,7152634,7154623,7156234,7156423,7162345,7162435,7163245,7164253,7164523,7165423,7213654,7231654,7235416,7236451,7243516,7245316,7253416,7254316,7316245,7316524,7324516,7325416,7341625,7345216,7351246,7361254,7361425,7362145,7413625,7416235,7416325,7423615,7431625,7435216,7436251,7451263,7452316,7453216,7512364,7513246,7514263,7514623,7516423,7521364,7524613,7526341,7531246,7541263,7546321,7562413,7563214,7564123,7612435,7613452,7614235,7621345,7621435,7623145,7631452,7634152,7634512,7641523,7643251,7645123,7652413,7654123,7654213	4215673>5673124,4231567>1567324,4256731>6731524,4315267>5267134,4326715>6715234,4352671>2671534,4516723>6723154,4523167>3167254,4531672>1672354	4213675>3675124,4316752>6752134,4512367>2367154	1	-	5906.lswap-23548cda0ace.txt~5906.up-d8c6ba46400e.txt
49a13c4700c6	7	1234567,1235467,1243765,1247356,1247536,1253467,1257364,1267453,1267543,1275643,1276453,1276543,1324756,1342567,1345762,1347625,1354267,1356427,1362475,1362745,1364257,1365724,1423765,1426753,1427365,1432567,1435267,1437625,1453267,1456273,1457632,1462573,1462753,1465273,1473625,1476235,1523467,1526374,1526734,1527643,1534267,1536427,1543267,1546273,1562374,1564273,1567234,1576342,1623475,1623745,1624375,1624735,1627345,1627435,1632475,1632745,1642573,1642753,1645273,1652734,1654273,1657234,1723546,1724356,1724536,1725346,1725436,1732456,1732546,1734526,1742365,1743526,1745236,1745326,1752463,1756243,1756324,1763452,1765243,1765423,2134765,2135647,2136574,2136754,2143765,2147365,2153647,2173456,2174356,2174536,2175634,2176543,2314765,2316574,2316754,2317456,2345617,2346157,2347165,2354176,2354617,2361745,2364571,2367154,2371564,2374165,2376145,2417563,2417653,2435176,2437165,2437615,2451736,2453176,2461753,2471365,2471635,2473165,2473516,2475136,2475316,2513647,2534176,2534617,2541736,2543176,2561347,2561437,2571463,2571643,2573614,2574361,2576431,2613547,2614357,2614537,2615347,2615437,2634751,2637154,2673154,2674513,2675143,2675413,2714563,2714653,2715463,2715643,2716453,2716543,2731654,2734165,2736145,2741365,2741635,2743165,2751463,2751643,2754631,2756413,2764153,2764513,2765413,3124756,3145762,3147625,3156724,3162475,3162745,3165274,3165724,3167524,3172456,3172546,3174526,3217456,3217564,3245176,3247165,3247516,3254176,3256147,3257641,3261457,3261547,3274165,3275461,3415762,3416275,3417256,3425617,3426157,3451762,3452176,3456127,3457612,3461257,3461527,3471625,3475261,3476215,3512476,3517246,3521746,3526147,3541726,3542617,3546127,3564217,3612574,3614275,3617425,3621475,3624715,3625741,3627415,3642157,3642517,3645721,3657214,3671524,3675124,3715264,3715624,3716245,3741625,3761245,3761425,3762145,4126753,4127563,4127653,4136275,4152763,4157632,4162375,4162735,4163275,4172356,4172536,4173256,4175623,4176523,4213567,4215367,4217653,4236175,4237615,4251367,4256137,4257163,4261357,4261537,4267513,4271563,4271653,4273615,4275163,4316275,4317256,4325617,4325761,4326157,4351726,4352176,4352617,4362571,4371625,4376125,4376215,4512673,4512763,4517326,4517632,4521736,4523176,4527163,4531726,4532176,4532617,4561237,4562713,4572361,4576132,4576312,4612357,4612537,4615237,4617523,4625713,4627153,4627513,4632751,4652713,4713625,4716235,4716325,4731625,4735126,4736215,4751326,4752631,4753126,4762135,4762315,5123674,5124736,5126743,5127643,5132476,5136427,5142673,5146273,5164273,5172436,5173246,5176342,5213674,5217346,5217436,5231746,5234617,5241763,5246173,5261437,5263471,5263714,5267314,5271463,5271643,5273164,5276413,5312476,5317246,5321746,5326147,5341726,5342617,5346127,5364217,5412673,5412763,5417236,5417326,5421763,5426137,5427163,5431726,5432617,5461237,5462713,5463271,5612347,5613427,5614327,5623714,5624173,5627143,5632174,5641273,5642137,5642713,5672314,5714623,5716423,5721364,5723164,5723641,5736124,5743621,5761342,5763142,5763412,5764321,6123457,6123547,6124375,6125347,6125734,6134257,6134572,6135427,6142375,6142735,6143257,6143527,6145327,6152347,6153427,6154327,6174235,6175243,6213475,6214375,6214735,6231475,6234715,6237154,6237415,6241753,6243715,6247135,6247315,6257143,6257431,6271453,6271543,6273415,6274135,6274315,6275143,6314572,6321754,6324715,6327415,6327541,6341572,6345172,6347521,6371524,6412753,6415273,6421357,6421537,6425137,6425713,6427153,6427513,6432571,6451273,6452713,6457231,6524173,6527143,6527314,6541273,6542173,6542713,6572134,6572314,6745123,6751234,6751423,6752134,6754123,7136245,7145623,7146253,7146523,7152634,7154623,7156234,7156423,7162345,7162435,7163245,7164253,7164523,7165423,7213654,7231654,7235416,7236451,7243516,7245316,7253416,7254316,7316245,7316524,7324516,7325416,7341625,7345216,7351246,7361254,7361425,7362145,7413625,7416235,7416325,7423615,7431625,7435216,7436251,7451263,7452316,7453216,7512364,7513246,7514263,7514623,7516423,7521364,7524613,7526341,7531246,7541263,7546321,7562413,7563214,7564123,7612435,7613452,7614235,7621345,7621435,7623145,7631452,7634152,7634512,7641523,7643251,7645123,7652413,7654123,7654213	1236457,1237465,1245763,1246753,1247563,1247653,1267354,1267534,1273465,1273645,1276345,1276435,1324567,1326754,1327645,1346275,1347265,1347526,1362574,1364275,1364725,1367425,1376425,1425763,1427563,1436275,1437265,1452637,1452763,1457236,1457623,1462375,1462735,1463275,1473265,1475623,1524376,1526347,1527436,1542763,1546237,1562473,1562743,1572346,1574263,1624573,1624753,1625743,1627453,1627543,1632754,1634275,1642375,1642735,1643275,1652473,1652743,1654237,1723465,1724365,1724635,1725643,1726453,1726543,1732465,1734256,1736245,1736425,1742563,1745263,1745623,1746523,1754263,1762345,1762435,1763245,1763425,1764325,2134756,2136475,2136745,2137645,2145763,2147563,2173645,2174563,2174653,2176345,2176435,2314576,2315467,2316547,2341576,2341765,2346175,2354761,2364517,2367541,2371465,2371645,2374615,2417365,2417635,2431765,2436175,2436751,2437156,2456137,2457163,2457613,2461735,2463175,2467513,2471563,2471653,2475163,2475613,2476513,2517346,2534761,2543761,2547361,2561743,2564173,2571364,2574163,2576143,2613475,2614375,2614735,2615743,2617453,2617543,2631457,2634157,2645173,2654173,2673514,2675134,2675314,2713465,2713645,2714365,2714635,2716345,2716435,2731465,2731645,2734615,2736415,2741563,2741653,2743156,2745163,2751634,2754163,2756143,2761453,2761543,2763415,2764135,2764315,2765431,3126754,3127645,3145267,3145726,3146275,3152746,3154627,3164275,3165427,3172465,3176245,3217645,3241765,3245617,3246175,3261475,3267514,3271465,3271645,3275164,3276415,3276541,3412765,3415267,3415726,3417625,3421765,3425176,3427165,3461275,3461725,3462715,3472615,3475216,3476251,3512674,3547621,3617245,3624175,3625471,3625714,3627145,3641275,3642175,3642715,3645127,3647215,3674215,3675241,3675421,3714625,3715246,3716425,3726145,3746125,3762541,3764215,4127365,4127635,4132765,4152637,4156273,4157236,4162573,4162753,4165273,4172563,4172653,4173625,4176235,4176325,4213675,4213765,4217365,4217635,4231657,4236751,4237165,4251736,4256173,4257613,4261573,4261753,4271365,4271635,4273165,4275613,4276153,4312765,4315276,4317625,4321765,4327165,4327651,4361725,4362715,4367521,4371526,4372615,4376251,4512367,4516273,4517263,4526173,4526317,4527613,4561327,4562173,4571623,4572316,4576123,4576213,4612375,4612735,4617235,4617325,4623157,4623715,4627135,4627315,4631725,4632715,4652173,4675123,4715623,4716523,4721365,4726135,4732615,4736251,4751623,4752136,4756123,4756213,4762351,4762531,4765123,5123647,5124673,5124763,5126734,5132674,5162473,5162743,5163274,5172643,5173426,5213476,5217463,5243671,5243716,5247163,5261743,5263147,5263417,5274163,5274316,5276143,5312674,5347621,5416273,5417263,5423167,5423671,5426173,5427613,5432761,5437621,5462317,5473621,5476231,5612473,5613247,5614273,5617423,5621473,5621743,5624713,5627413,5641723,5713624,5716243,5723146,5723416,5741623,5742613,5761243,5761423,5762143,6123745,6124573,6124753,6127345,6132457,6134725,6142573,6142753,6143725,6145273,6147325,6154273,6157423,6172345,6172435,6173245,6174253,6174523,6175423,6214573,6214753,6217453,6231547,6234175,6235471,6237145,6241735,6243175,6245713,6247153,6247513,6253471,6254371,6254731,6257134,6257413,6271345,6271435,6273145,6274153,6274513,6275413,6314527,6317245,6324175,6327145,6327514,6341275,6341527,6342175,6342715,6412735,6413275,6417253,6421375,6421735,6423715,6427135,6427315,6431275,6432175,6432715,6451237,6451723,6472135,6512473,6521743,6524713,6527413,6541723,6542317,6543271,6735124,6742135,6751243,6751324,6752431,6753124,6754231,7134625,7136254,7136425,7143625,7146235,7146325,7152436,7156243,7162453,7163425,7164235,7164325,7165243,7213645,7231456,7234156,7234615,7243615,7246315,7256413,7261345,7261435,7264513,7265413,7314625,7316425,7324615,7326145,7342516,7346125,7351264,7362415,7362541,7364125,7364215,7415623,7416253,7416523,7421365,7425613,7426153,7431526,7451623,7452613,7456213,7461235,7465213,7512463,7513264,7516243,7516324,7521346,7524361,7531264,7541623,7542361,7542613,7561243,7561423,7562143,7612453,7614253,7614523,7615423,7621453,7623415,7623541,7624315,7625341,7625431,7632415,7634125,7634215,7641325,7642135,7643125,7643215,7651243,7654321	4213675>3675124,4316752>6752134,4512367>2367154	4215673>5673124,4231567>1567324,4256731>6731524,4315267>5267134,4326715>6715234,4352671>2671534,4516723>6723154,4523167>3167254,4531672>1672354	1	-	5906.lswap-23548cda0ace.txt~5906.up-d8c6ba46400e.txt
ea4add0f39cc	7	1236457,1237465,1245763,1246753,1247563,1247653,1264753,1273465,1273645,1276345,1276435,1324567,1327645,1345276,1347265,1347526,1364275,1364725,1367425,1376425,1425763,1427563,1437265,1452637,1452763,1457236,1457623,1473265,1475623,1524376,1526347,1542763,1562473,1572346,1574263,1623457,1624573,1624753,1634275,1642375,1642735,1643275,1652473,1654237,1723465,1724365,1724635,1725643,1726453,1726543,1732465,1734256,1736245,1736425,1742563,1745263,1745623,1746523,1754263,1762345,1762435,1763245,1763425,1764325,2134756,2136475,2136745,2137645,2145763,2147563,2173645,2174563,2174653,2176345,2176435,2314576,2316547,2341576,2341765,2345167,2346175,2354761,2364517,2367541,2371645,2374615,2417365,2417635,2431765,2436175,2436751,2437156,2456137,2457163,2457613,2461735,2463175,2467513,2471563,2471653,2475163,2475613,2476513,2517346,2534761,2543761,2547361,2561743,2564173,2576143,2613475,2614375,2614735,2615743,2617453,2617543,2631457,2634157,2645173,2647513,2654173,2713456,2713645,2716345,2716435,2731645,2734615,2736415,2756143,2761453,2761543,2763415,2764135,2764315,2765431,3127645,3145267,3145726,3164275,3165427,3172465,3176245,3217645,3241765,3245617,3246175,3261475,3271645,3276415,3276541,3412765,3415267,3415726,3417625,3421765,3425176,3427165,3451627,3452716,3461275,3461725,3472615,3475216,3476251,3547621,3617245,3624175,3625471,3641275,3642175,3642715,3645127,3647215,3674215,3675241,3675421,3715246,3716425,3726145,3746125,3762541,3764215,4127365,4127635,4132765,4152637,4157236,4172563,4172653,4173625,4176235,4176325,4213675,4213765,4217365,4217635,4231657,4236751,4237165,4251736,4256173,4257613,4261573,4261753,4271365,4271635,4273165,4275613,4276153,4312765,4317625,4321765,4327165,4327651,4361725,4367521,4371526,4372615,4376251,4512367,4516237,4517263,4526173,4526317,4527136,4527613,4561327,4562173,4571623,4572316,4576123,4576213,4612375,4612735,4617235,4617325,4631725,4652173,4675123,4715623,4716523,4721365,4726135,4732615,4736251,4751263,4751623,4752136,4756123,4756213,4762351,4762531,4765123,5123647,5124673,5124763,5126473,5162347,5162473,5172643,5173426,5213476,5217463,5243671,5243716,5247163,5261743,5263147,5263417,5271346,5276143,5347621,5417263,5423167,5423671,5426173,5427613,5432761,5437621,5473621,5476231,5612473,5613247,5614273,5617423,5621473,5621743,5624713,5641723,5716243,5723146,5723416,5742613,5761243,5761423,5762143,6123745,6124573,6124753,6127345,6132457,6134725,6142573,6142753,6143725,6145273,6147325,6154273,6157423,6172345,6172435,6173245,6174253,6174523,6175423,6214573,6214753,6217453,6234175,6234517,6235471,6241735,6243175,6245713,6247153,6247513,6253471,6254371,6254731,6314527,6317245,6324175,6341275,6341527,6342175,6342715,6412735,6413275,6417253,6421375,6421735,6423715,6427135,6427315,6431275,6432175,6432715,6451237,6451723,6472135,6475123,6512473,6521743,6524713,6541723,6542317,6543271,6742135,6751243,6752431,6754231,7134526,7136425,7152436,7156243,7162453,7163425,7164235,7164325,7165243,7213645,7231456,7234156,7234615,7243615,7246315,7256413,7261345,7261435,7264513,7265413,7316425,7324615,7326145,7342516,7346125,7362415,7362541,7364125,7364215,7421365,7425613,7426153,7452613,7456213,7461235,7465213,7512463,7512643,7516243,7521346,7524361,7542361,7542613,7561243,7561423,7562143,7612453,7614253,7614523,7615423,7621453,7623415,7623541,7624315,7625341,7625431,7632415,7634125,7634215,7641325,7642135,7643125,7643215,7651243,7654321	1234567,1235467,1243765,1247356,1247536,1253467,1257364,1263754,1275643,1276453,1276543,1324756,1342567,1345762,1347625,1354267,1356427,1362475,1364257,1365724,1423765,1427365,1432567,1435267,1437625,1453267,1457632,1473625,1476235,1523467,1526374,1526734,1527643,1534267,1536427,1543267,1562374,1564273,1567234,1576342,1623475,1624375,1624735,1632475,1642573,1642753,1645273,1652734,1654273,1657234,1723546,1724356,1724536,1725346,1725436,1732456,1732546,1734526,1742365,1743526,1745236,1745326,1752463,1756243,1756324,1763452,1765243,1765423,2134765,2135647,2136574,2136754,2143765,2147365,2153647,2173456,2174356,2174536,2175634,2176543,2314765,2316574,2316754,2317456,2345617,2346157,2347165,2354176,2354617,2361745,2364571,2367154,2371564,2376145,2417563,2417653,2435176,2437165,2437615,2451736,2453176,2461753,2471365,2471635,2473165,2473516,2475136,2475316,2513647,2534176,2534617,2541736,2543176,2561347,2561437,2571643,2573614,2576431,2613547,2614357,2614537,2615347,2615437,2634751,2637154,2637514,2673154,2715643,2716453,2716543,2731654,2736145,2751643,2756413,2764153,2764513,2765413,3124756,3145762,3147625,3156724,3162475,3165274,3165724,3167524,3172456,3172546,3174526,3217456,3217564,3245176,3247165,3247516,3254176,3256147,3257641,3261457,3261547,3415762,3417256,3425617,3426157,3451762,3452176,3456127,3457612,3461257,3461527,3471625,3475261,3476215,3512476,3517246,3521746,3526147,3541726,3542617,3546127,3564217,3612574,3614275,3617425,3621475,3624715,3642157,3642517,3645721,3657214,3671524,3675124,3715264,3715624,3716245,3751264,3761245,3761425,3762145,4127563,4127653,4152763,4157632,4172356,4172536,4173256,4175623,4176523,4213567,4215367,4217653,4236175,4237615,4251367,4256137,4257163,4261357,4261537,4271563,4271653,4273615,4275163,4317256,4325617,4325761,4326157,4351726,4352176,4352617,4371625,4376125,4376215,4512763,4517326,4517632,4521736,4523176,4527163,4531726,4532176,4532617,4561237,4572361,4576132,4576312,4612357,4612537,4615237,4617523,4713625,4716235,4716325,4731625,4735126,4736215,4751326,4752631,4753126,4762135,4762315,5123674,5124736,5126374,5127643,5132476,5136427,5164273,5172436,5173246,5176342,5213674,5217346,5217436,5231746,5234617,5241763,5246173,5261437,5263471,5263714,5267314,5271643,5273164,5276413,5312476,5317246,5321746,5326147,5341726,5342617,5346127,5364217,5412763,5417236,5417326,5421763,5426137,5427163,5431726,5432617,5461237,5612347,5613427,5614327,5623714,5624173,5632174,5641273,5642137,5642713,5672314,5716423,5721364,5723164,5723641,5736124,5761342,5763142,5763412,5764321,6123457,6123547,6124375,6125347,6125734,6134257,6134572,6135427,6142375,6142735,6143257,6143527,6145327,6152347,6153427,6154327,6174235,6175243,6213475,6214375,6214735,6231475,6234715,6237154,6241753,6243715,6247135,6247315,6314572,6321754,6324715,6341572,6345172,6347521,6371524,6375124,6412753,6415273,6421357,6421537,6425137,6425713,6427153,6427513,6432571,6451273,6452713,6457231,6524173,6527314,6541273,6542173,6542713,6572134,6572314,6751234,6752134,7136245,7152634,7156234,7156423,7162345,7162435,7163245,7164253,7164523,7165423,7213654,7231654,7235416,7236451,7243516,7245316,7253416,7254316,7316245,7316524,7324516,7325416,7345216,7351246,7361254,7361425,7362145,7423615,7435216,7452316,7453216,7512364,7512634,7513246,7516423,7521364,7524613,7526341,7531246,7562413,7563214,7564123,7612435,7613452,7614235,7621345,7621435,7623145,7631452,7634152,7634512,7641523,7643251,7645123,7652413,7654123,7654213	4215673>5673124,4231567>1567324,4256731>6731524,4315267>5267134,4326715>6715234,4352671>2671534,4516723>6723154,4523167>3167254,4531672>1672354	4213675>3675124,4316752>6752134,4512367>2367154	1	-	5906.lswap-28b97fbb68d1.txt~5906.up-d8c6ba46400e.txt
a38b35c5ed1f	7	1234567,1235467,1243765,1247356,1247536,1253467,1257364,1263754,1275643,1276453,1276543,1324756,1342567,1345762,1347625,1354267,1356427,1362475,1364257,1365724,1423765,1427365,1432567,1435267,1437625,1453267,1457632,1473625,1476235,1523467,1526374,1526734,1527643,1534267,1536427,1543267,1562374,1564273,1567234,1576342,1623475,1624375,1624735,1632475,1642573,1642753,1645273,1652734,1654273,1657234,1723546,1724356,1724536,1725346,1725436,1732456,1732546,1734526,1742365,1743526,1745236,1745326,1752463,1756243,1756324,1763452,1765243,1765423,2134765,2135647,2136574,2136754,2143765,2147365,2153647,2173456,2174356,2174536,2175634,2176543,2314765,2316574,2316754,2317456,2345617,2346157,2347165,2354176,2354617,2361745,2364571,2367154,2371564,2376145,2417563,2417653,2435176,2437165,2437615,2451736,2453176,2461753,2471365,2471635,2473165,2473516,2475136,2475316,2513647,2534176,2534617,2541736,2543176,2561347,2561437,2571643,2573614,2576431,2613547,2614357,2614537,2615347,2615437,2634751,2637154,2637514,2673154,2715643,2716453,2716543,2731654,2736145,2751643,2756413,2764153,2764513,2765413,3124756,3145762,3147625,3156724,3162475,3165274,3165724,3167524,3172456,3172546,3174526,3217456,3217564,3245176,3247165,3247516,3254176,3256147,3257641,3261457,3261547,3415762,3417256,3425617,3426157,3451762,3452176,3456127,3457612,3461257,3461527,3471625,3475261,3476215,3512476,3517246,3521746,3526147,3541726,3542617,3546127,3564217,3612574,3614275,3617425,3621475,3624715,3642157,3642517,3645721,3657214,3671524,3675124,3715264,3715624,3716245,3751264,3761245,3761425,3762145,4127563,4127653,4152763,4157632,4172356,4172536,4173256,4175623,4176523,4213567,4215367,4217653,4236175,4237615,4251367,4256137,4257163,4261357,4261537,4271563,4271653,4273615,4275163,4317256,4325617,4325761,4326157,4351726,4352176,4352617,4371625,4376125,4376215,4512763,4517326,4517632,4521736,4523176,4527163,4531726,4532176,4532617,4561237,4572361,4576132,4576312,4612357,4612537,4615237,4617523,4713625,4716235,4716325,4731625,4735126,4736215,4751326,4752631,4753126,4762135,4762315,5123674,5124736,5126374,5127643,5132476,5136427,5164273,5172436,5173246,5176342,5213674,5217346,5217436,5231746,5234617,5241763,5246173,5261437,5263471,5263714,5267314,5271643,5273164,5276413,5312476,5317246,5321746,5326147,5341726,5342617,5346127,5364217,5412763,5417236,5417326,5421763,5426137,5427163,5431726,5432617,5461237,5612347,5613427,5614327,5623714,5624173,5632174,5641273,5642137,5642713,5672314,5716423,5721364,5723164,5723641,5736124,5761342,5763142,5763412,5764321,6123457,6123547,6124375,6125347,6125734,6134257,6134572,6135427,6142375,6142735,6143257,6143527,6145327,6152347,6153427,6154327,6174235,6175243,6213475,6214375,6214735,6231475,6234715,6237154,6241753,6243715,6247135,6247315,6314572,6321754,6324715,6341572,6345172,6347521,6371524,6375124,6412753,6415273,6421357,6421537,6425137,6425713,6427153,6427513,6432571,6451273,6452713,6457231,6524173,6527314,6541273,6542173,6542713,6572134,6572314,6751234,6752134,7136245,7152634,7156234,7156423,7162345,7162435,7163245,7164253,7164523,7165423,7213654,7231654,7235416,7236451,7243516,7245316,7253416,7254316,7316245,7316524,7324516,7325416,7345216,7351246,7361254,7361425,7362145,7423615,7435216,7452316,7453216,7512364,7512634,7513246,7516423,7521364,7524613,7526341,7531246,7562413,7563214,7564123,7612435,7613452,7614235,7621345,7621435,7623145,7631452,7634152,7634512,7641523,7643251,7645123,7652413,7654123,7654213	1236457,1237465,1245763,1246753,1247563,1247653,1264753,1273465,1273645,1276345,1276435,1324567,1327645,1345276,1347265,1347526,1364275,1364725,1367425,1376425,1425763,1427563,1437265,1452637,1452763,1457236,1457623,1473265,1475623,1524376,1526347,1542763,1562473,1572346,1574263,1623457,1624573,1624753,1634275,1642375,1642735,1643275,1652473,1654237,1723465,1724365,1724635,1725643,1726453,1726543,1732465,1734256,1736245,1736425,1742563,1745263,1745623,1746523,1754263,1762345,1762435,1763245,1763425,1764325,2134756,2136475,2136745,2137645,2145763,2147563,2173645,2174563,2174653,2176345,2176435,2314576,2316547,2341576,2341765,2345167,2346175,2354761,2364517,2367541,2371645,2374615,2417365,2417635,2431765,2436175,2436751,2437156,2456137,2457163,2457613,2461735,2463175,2467513,2471563,2471653,2475163,2475613,2476513,2517346,2534761,2543761,2547361,2561743,2564173,2576143,2613475,2614375,2614735,2615743,2617453,2617543,2631457,2634157,2645173,2647513,2654173,2713456,2713645,2716345,2716435,2731645,2734615,2736415,2756143,2761453,2761543,2763415,2764135,2764315,2765431,3127645,3145267,3145726,3164275,3165427,3172465,3176245,3217645,3241765,3245617,3246175,3261475,3271645,3276415,3276541,3412765,3415267,3415726,3417625,3421765,3425176,3427165,3451627,3452716,3461275,3461725,3472615,3475216,3476251,3547621,3617245,3624175,3625471,3641275,3642175,3642715,3645127,3647215,3674215,3675241,3675421,3715246,3716425,3726145,3746125,3762541,3764215,4127365,4127635,4132765,4152637,4157236,4172563,4172653,4173625,4176235,4176325,4213675,4213765,4217365,4217635,4231657,4236751,4237165,4251736,4256173,4257613,4261573,4261753,4271365,4271635,4273165,4275613,4276153,4312765,4317625,4321765,4327165,4327651,4361725,4367521,4371526,4372615,4376251,4512367,4516237,4517263,4526173,4526317,4527136,4527613,4561327,4562173,4571623,4572316,4576123,4576213,4612375,4612735,4617235,4617325,4631725,4652173,4675123,4715623,4716523,4721365,4726135,4732615,4736251,4751263,4751623,4752136,4756123,4756213,4762351,4762531,4765123,5123647,5124673,5124763,5126473,5162347,5162473,5172643,5173426,5213476,5217463,5243671,5243716,5247163,5261743,5263147,5263417,5271346,5276143,5347621,5417263,5423167,5423671,5426173,5427613,5432761,5437621,5473621,5476231,5612473,5613247,5614273,5617423,5621473,5621743,5624713,5641723,5716243,5723146,5723416,5742613,5761243,5761423,5762143,6123745,6124573,6124753,6127345,6132457,6134725,6142573,6142753,6143725,6145273,6147325,6154273,6157423,6172345,6172435,6173245,6174253,6174523,6175423,6214573,6214753,6217453,6234175,6234517,6235471,6241735,6243175,6245713,6247153,6247513,6253471,6254371,6254731,6314527,6317245,6324175,6341275,6341527,6342175,6342715,6412735,6413275,6417253,6421375,6421735,6423715,6427135,6427315,6431275,6432175,6432715,6451237,6451723,6472135,6475123,6512473,6521743,6524713,6541723,6542317,6543271,6742135,6751243,6752431,6754231,7134526,7136425,7152436,7156243,7162453,7163425,7164235,7164325,7165243,7213645,7231456,7234156,7234615,7243615,7246315,7256413,7261345,7261435,7264513,7265413,7316425,7324615,7326145,7342516,7346125,7362415,7362541,7364125,7364215,7421365,7425613,7426153,7452613,7456213,7461235,7465213,7512463,7512643,7516243,7521346,7524361,7542361,7542613,7561243,7561423,7562143,7612453,7614253,7614523,7615423,7621453,7623415,7623541,7624315,7625341,7625431,7632415,7634125,7634215,7641325,7642135,7643125,7643215,7651243,7654321	4213675>3675124,4316752>6752134,4512367>2367154	4215673>5673124,4231567>1567324,4256731>6731524,4315267>5267134,4326715>6715234,4352671>2671534,4516723>6723154,4523167>3167254,4531672>1672354	1	-	5906.lswap-28b97fbb68d1.txt~5906.up-d8c6ba46400e.txt
e83a0f9fb71e	7	1236457,1237465,1245763,1246753,1247563,1247653,1267354,1267534,1273465,1273645,1276345,1276435,1324567,1326754,1327645,1345276,1347265,1347526,1356724,1364275,1367254,1367425,1376425,1425763,1427563,1437265,1452637,1452763,1457236,1457623,1473265,1475623,1524376,1526347,1536724,1542763,1562473,1572346,1574263,1623457,1624573,1624753,1634275,1642375,1642735,1643275,1652473,1654237,1723465,1724365,1724635,1725643,1726453,1726543,1732465,1734256,1736245,1736425,1742563,1745263,1745623,1746523,1754263,1762345,1762435,1763245,1763425,1764325,2134756,2135674,2136745,2137645,2145763,2147563,2153674,2173645,2174563,2174653,2176345,2176435,2314576,2316547,2341576,2341765,2345167,2346175,2354761,2364517,2367541,2371645,2374615,2417365,2417635,2431765,2436175,2436751,2437156,2456137,2457163,2457613,2461735,2463175,2467513,2471563,2471653,2475163,2475613,2476513,2513674,2517346,2534761,2543761,2547361,2561743,2564173,2576143,2613475,2614375,2614735,2615743,2617453,2617543,2631457,2634157,2645173,2654173,2673514,2675134,2675314,2713456,2713645,2716345,2716435,2731645,2734615,2736415,2756143,2761453,2761543,2763415,2764135,2764315,2765431,3126754,3127645,3145267,3145726,3164275,3165427,3172465,3176245,3217645,3241765,3245617,3246175,3261475,3267514,3271645,3276415,3276541,3412765,3415267,3415726,3417625,3421765,3425176,3427165,3451627,3452716,3461275,3461725,3472615,3475216,3476251,3512674,3547621,3567214,3617245,3624175,3625471,3641275,3642175,3642715,3645127,3672154,3672514,3674215,3675241,3675421,3715246,3716425,3726145,3746125,3762541,3764215,4127365,4127635,4132765,4152637,4157236,4172563,4172653,4173625,4176235,4176325,4213675,4213765,4217365,4217635,4231657,4236751,4237165,4251736,4256173,4257613,4261573,4261753,4271365,4271635,4273165,4275613,4276153,4312765,4317625,4321765,4327165,4327651,4361725,4367521,4371526,4372615,4376251,4512367,4516237,4517263,4526173,4526317,4527136,4527613,4561327,4562173,4571623,4572316,4576123,4576213,4612375,4612735,4617235,4617325,4631725,4652173,4675123,4715623,4716523,4726135,4732615,4736251,4751623,4752136,4756123,4756213,4762351,4762531,4765123,5123647,5124673,5124763,5126734,5132674,5136724,5162347,5162473,5172643,5173426,5213476,5217463,5243671,5243716,5247163,5261743,5263147,5263417,5271346,5276143,5312674,5347621,5367214,5417263,5423167,5423671,5426173,5427613,5432761,5437621,5473621,5476231,5612473,5613247,5614273,5617423,5621473,5621743,5624713,5641723,5672134,5716243,5723146,5723416,5742613,5761243,5761423,5762143,6123745,6124573,6124753,6127345,6132457,6134725,6142573,6142753,6143725,6145273,6147325,6154273,6157423,6172345,6172435,6173245,6174253,6174523,6175423,6214573,6214753,6217453,6234175,6234517,6235471,6241735,6243175,6245713,6247153,6247513,6253471,6254371,6254731,6314527,6317245,6324175,6341275,6341527,6342175,6342715,6412735,6413275,6417253,6421375,6421735,6423715,6427135,6427315,6431275,6432175,6432715,6451237,6451723,6512473,6521743,6524713,6541723,6542317,6543271,6721354,6721534,6725134,6735124,6742135,6751243,6751324,6752431,6753124,6754231,7134526,7136425,7152436,7156243,7162453,7163425,7164235,7164325,7165243,7213564,7215364,7231456,7234156,7234615,7243615,7246315,7251364,7256413,7261345,7261435,7264513,7265413,7316425,7324615,7326145,7342516,7346125,7351264,7362415,7362541,7364125,7364215,7421365,7425613,7426153,7452613,7456213,7461235,7465213,7512463,7513264,7516243,7521346,7524361,7531264,7542361,7542613,7561243,7561423,7562143,7612453,7614253,7614523,7615423,7621453,7623415,7623541,7624315,7625341,7625431,7632415,7634125,7634215,7641325,7642135,7643125,7643215,7651243,7654321	1234567,1235467,1243765,1247356,1247536,1253467,1257364,1267453,1267543,1275643,1276453,1276543,1324756,1342567,1345762,1346725,1347625,1354267,1356427,1362475,1364257,1367245,1423765,1426753,1427365,1432567,1435267,1436725,1437625,1453267,1457632,1473625,1476235,1523467,1526374,1526734,1527643,1534267,1536427,1543267,1562374,1564273,1567234,1576342,1623475,1624375,1624735,1632475,1642573,1642753,1645273,1652734,1654273,1657234,1723546,1724356,1724536,1725346,1725436,1732456,1732546,1734526,1742365,1743526,1745236,1745326,1752463,1756243,1756324,1763452,1765243,1765423,2134675,2134765,2135647,2136754,2143675,2143765,2147365,2153647,2173456,2174356,2174536,2175634,2176543,2314765,2316574,2316754,2317456,2345617,2346157,2347165,2354176,2354617,2361745,2364571,2367154,2371564,2376145,2413675,2417563,2417653,2435176,2437165,2437615,2451736,2453176,2461753,2471365,2471635,2473165,2473516,2475136,2475316,2513647,2534176,2534617,2541736,2543176,2561347,2561437,2571643,2573614,2576431,2613547,2614357,2614537,2615347,2615437,2634751,2637154,2673154,2674513,2675143,2675413,2715643,2716453,2716543,2731654,2736145,2751643,2756413,2764153,2764513,2765413,3124756,3145762,3147625,3156724,3162475,3165274,3165724,3167524,3172456,3172546,3174526,3217456,3217564,3245176,3247165,3247516,3254176,3256147,3257641,3261457,3261547,3415762,3417256,3425617,3426157,3451762,3452176,3456127,3457612,3461257,3461527,3467215,3471625,3475261,3476215,3512476,3517246,3521746,3526147,3541726,3542617,3546127,3564217,3612574,3614275,3617425,3621475,3624715,3642157,3642517,3645721,3671524,3672145,3672415,3675124,3715264,3715624,3716245,3761245,3761425,3762145,4126753,4127563,4127653,4136725,4152763,4157632,4172356,4172536,4173256,4175623,4176523,4213567,4215367,4217653,4236175,4237615,4251367,4256137,4257163,4261357,4261537,4267513,4271563,4271653,4273615,4275163,4317256,4325617,4325761,4326157,4351726,4352176,4352617,4367215,4371625,4376125,4376215,4512673,4512763,4517326,4517632,4521736,4523176,4527163,4531726,4532176,4532617,4561237,4572361,4576132,4576312,4612357,4612537,4615237,4617523,4672135,4713625,4716235,4716325,4731625,4735126,4736215,4751326,4752631,4753126,4762135,4762315,5123674,5124736,5126743,5127643,5132476,5136427,5142673,5164273,5172436,5173246,5176342,5213674,5217346,5217436,5231746,5234617,5241763,5246173,5261437,5263471,5263714,5267314,5271643,5273164,5276413,5312476,5317246,5321746,5326147,5341726,5342617,5346127,5364217,5412673,5412763,5417236,5417326,5421763,5426137,5427163,5431726,5432617,5461237,5612347,5613427,5614327,5623714,5624173,5632174,5641273,5642137,5642713,5672314,5716423,5723164,5723641,5736124,5761342,5763142,5763412,5764321,6123457,6123547,6124375,6125347,6125734,6134257,6134572,6135427,6142375,6142735,6143257,6143527,6145327,6152347,6153427,6154327,6174235,6175243,6213475,6214375,6214735,6231475,6234715,6237154,6241753,6243715,6247135,6247315,6314572,6321754,6324715,6341572,6345172,6347521,6371524,6412753,6415273,6421357,6421537,6425137,6425713,6427153,6427513,6432571,6451273,6452713,6457231,6524173,6527314,6541273,6542173,6542713,6572314,6721345,6721435,6724135,6745123,6751234,6751423,6752134,6754123,7136245,7152634,7156234,7156423,7162345,7162435,7163245,7164253,7164523,7165423,7213465,7214365,7231654,7235416,7236451,7241365,7243516,7245316,7253416,7254316,7316245,7316524,7324516,7325416,7345216,7351246,7361254,7361425,7362145,7423615,7435216,7451263,7452316,7453216,7512364,7513246,7514263,7516423,7521364,7524613,7526341,7531246,7541263,7562413,7563214,7564123,7612435,7613452,7614235,7621345,7621435,7623145,7631452,7634152,7634512,7641523,7643251,7645123,7652413,7654123,7654213	4215673>5673124,4231567>1567324,4256731>6731524,4315267>5267134,4326715>6715234,4352671>2671534,4516723>6723154,4523167>3167254,4531672>1672354	4213675>3675124,4316752>6752134,4512367>2367154	1	-	5906.lswap-3a55a72f70d6.txt~5906.up-d8c6ba46400e.txt
83c3a7fffd4f	7	1234567,1235467,1243765,1247356,1247536,1253467,1257364,1267453,1267543,1275643,1276453,1276543,1324756,1342567,1345762,1346725,1347625,1354267,1356427,1362475,1364257,1367245,1423765,1426753,1427365,1432567,1435267,1436725,1437625,1453267,1457632,1473625,1476235,1523467,1526374,1526734,1527643,1534267,1536427,1543267,1562374,1564273,1567234,1576342,1623475,1624375,1624735,1632475,1642573,1642753,1645273,1652734,1654273,1657234,1723546,1724356,1724536,1725346,1725436,1732456,1732546,1734526,1742365,1743526,1745236,1745326,1752463,1756243,1756324,1763452,1765243,1765423,2134675,2134765,2135647,2136754,2143675,2143765,2147365,2153647,2173456,2174356,2174536,2175634,2176543,2314765,2316574,2316754,2317456,2345617,2346157,2347165,2354176,2354617,2361745,2364571,2367154,2371564,2376145,2413675,2417563,2417653,2435176,2437165,2437615,2451736,2453176,2461753,2471365,2471635,2473165,2473516,2475136,2475316,2513647,2534176,2534617,2541736,2543176,2561347,2561437,2571643,2573614,2576431,2613547,2614357,2614537,2615347,2615437,2634751,2637154,2673154,2674513,2675143,2675413,2715643,2716453,2716543,2731654,2736145,2751643,2756413,2764153,2764513,2765413,3124756,3145762,3147625,3156724,3162475,3165274,3165724,3167524,3172456,3172546,3174526,3217456,3217564,3245176,3247165,3247516,3254176,3256147,3257641,3261457,3261547,3415762,3417256,3425617,3426157,3451762,3452176,3456127,3457612,3461257,3461527,3467215,3471625,3475261,3476215,3512476,3517246,3521746,3526147,3541726,3542617,3546127,3564217,3612574,3614275,3617425,3621475,3624715,3642157,3642517,3645721,3671524,3672145,3672415,3675124,3715264,3715624,3716245,3761245,3761425,3762145,4126753,4127563,4127653,4136725,4152763,4157632,4172356,4172536,4173256,4175623,4176523,4213567,4215367,4217653,4236175,4237615,4251367,4256137,4257163,4261357,4261537,4267513,4271563,4271653,4273615,4275163,4317256,4325617,4325761,4326157,4351726,4352176,4352617,4367215,4371625,4376125,4376215,4512673,4512763,4517326,4517632,4521736,4523176,4527163,4531726,4532176,4532617,4561237,4572361,4576132,4576312,4612357,4612537,4615237,4617523,4672135,4713625,4716235,4716325,4731625,4735126,4736215,4751326,4752631,4753126,4762135,4762315,5123674,5124736,5126743,5127643,5132476,5136427,5142673,5164273,5172436,5173246,5176342,5213674,5217346,5217436,5231746,5234617,5241763,5246173,5261437,5263471,5263714,5267314,5271643,5273164,5276413,5312476,5317246,5321746,5326147,5341726,5342617,5346127,5364217,5412673,5412763,5417236,5417326,5421763,5426137,5427163,5431726,5432617,5461237,5612347,5613427,5614327,5623714,5624173,5632174,5641273,5642137,5642713,5672314,5716423,5723164,5723641,5736124,5761342,5763142,5763412,5764321,6123457,6123547,6124375,6125347,6125734,6134257,6134572,6135427,6142375,6142735,6143257,6143527,6145327,6152347,6153427,6154327,6174235,6175243,6213475,6214375,6214735,6231475,6234715,6237154,6241753,6243715,6247135,6247315,6314572,6321754,6324715,6341572,6345172,6347521,6371524,6412753,6415273,6421357,6421537,6425137,6425713,6427153,6427513,6432571,6451273,6452713,6457231,6524173,6527314,6541273,6542173,6542713,6572314,6721345,6721435,6724135,6745123,6751234,6751423,6752134,6754123,7136245,7152634,7156234,7156423,7162345,7162435,7163245,7164253,7164523,7165423,7213465,7214365,7231654,7235416,7236451,7241365,7243516,7245316,7253416,7254316,7316245,7316524,7324516,7325416,7345216,7351246,7361254,7361425,7362145,7423615,7435216,7451263,7452316,7453216,7512364,7513246,7514263,7516423,7521364,7524613,7526341,7531246,7541263,7562413,7563214,7564123,7612435,7613452,7614235,7621345,7621435,7623145,7631452,7634152,7634512,7641523,7643251,7645123,7652413,7654123,7654213	1236457,1237465,1245763,1246753,1247563,1247653,1267354,1267534,1273465,1273645,1276345,1276435,1324567,1326754,1327645,1345276,1347265,1347526,1356724,1364275,1367254,1367425,1376425,1425763,1427563,1437265,1452637,1452763,1457236,1457623,1473265,1475623,1524376,1526347,1536724,1542763,1562473,1572346,1574263,1623457,1624573,1624753,1634275,1642375,1642735,1643275,1652473,1654237,1723465,1724365,1724635,1725643,1726453,1726543,1732465,1734256,1736245,1736425,1742563,1745263,1745623,1746523,1754263,1762345,1762435,1763245,1763425,1764325,2134756,2135674,2136745,2137645,2145763,2147563,2153674,2173645,2174563,2174653,2176345,2176435,2314576,2316547,2341576,2341765,2345167,2346175,2354761,2364517,2367541,2371645,2374615,2417365,2417635,2431765,2436175,2436751,2437156,2456137,2457163,2457613,2461735,2463175,2467513,2471563,2471653,2475163,2475613,2476513,2513674,2517346,2534761,2543761,2547361,2561743,2564173,2576143,2613475,2614375,2614735,2615743,2617453,2617543,2631457,2634157,2645173,2654173,2673514,2675134,2675314,2713456,2713645,2716345,2716435,2731645,2734615,2736415,2756143,2761453,2761543,2763415,2764135,2764315,2765431,3126754,3127645,3145267,3145726,3164275,3165427,3172465,3176245,3217645,3241765,3245617,3246175,3261475,3267514,3271645,3276415,3276541,3412765,3415267,3415726,3417625,3421765,3425176,3427165,3451627,3452716,3461275,3461725,3472615,3475216,3476251,3512674,3547621,3567214,3617245,3624175,3625471,3641275,3642175,3642715,3645127,3672154,3672514,3674215,3675241,3675421,3715246,3716425,3726145,3746125,3762541,3764215,4127365,4127635,4132765,4152637,4157236,4172563,4172653,4173625,4176235,4176325,4213675,4213765,4217365,4217635,4231657,4236751,4237165,4251736,4256173,4257613,4261573,4261753,4271365,4271635,4273165,4275613,4276153,4312765,4317625,4321765,4327165,4327651,4361725,4367521,4371526,4372615,4376251,4512367,4516237,4517263,4526173,4526317,4527136,4527613,4561327,4562173,4571623,4572316,4576123,4576213,4612375,4612735,4617235,4617325,4631725,4652173,4675123,4715623,4716523,4726135,4732615,4736251,4751623,4752136,4756123,4756213,4762351,4762531,4765123,5123647,5124673,5124763,5126734,5132674,5136724,5162347,5162473,5172643,5173426,5213476,5217463,5243671,5243716,5247163,5261743,5263147,5263417,5271346,5276143,5312674,5347621,5367214,5417263,5423167,5423671,5426173,5427613,5432761,5437621,5473621,5476231,5612473,5613247,5614273,5617423,5621473,5621743,5624713,5641723,5672134,5716243,5723146,5723416,5742613,5761243,5761423,5762143,6123745,6124573,6124753,6127345,6132457,6134725,6142573,6142753,6143725,6145273,6147325,6154273,6157423,6172345,6172435,6173245,6174253,6174523,6175423,6214573,6214753,6217453,6234175,6234517,6235471,6241735,6243175,6245713,6247153,6247513,6253471,6254371,6254731,6314527,6317245,6324175,6341275,6341527,6342175,6342715,6412735,6413275,6417253,6421375,6421735,6423715,6427135,6427315,6431275,6432175,6432715,6451237,6451723,6512473,6521743,6524713,6541723,6542317,6543271,6721354,6721534,6725134,6735124,6742135,6751243,6751324,6752431,6753124,6754231,7134526,7136425,7152436,7156243,7162453,7163425,7164235,7164325,7165243,7213564,7215364,7231456,7234156,7234615,7243615,7246315,7251364,7256413,7261345,7261435,7264513,7265413,7316425,7324615,7326145,7342516,7346125,7351264,7362415,7362541,7364125,7364215,7421365,7425613,7426153,7452613,7456213,7461235,7465213,7512463,7513264,7516243,7521346,7524361,7531264,7542361,7542613,7561243,7561423,7562143,7612453,7614253,7614523,7615423,7621453,7623415,7623541,7624315,7625341,7625431,7632415,7634125,7634215,7641325,7642135,7643125,7643215,7651243,7654321	4213675>3675124,4316752>6752134,4512367>2367154	4215673>5673124,4231567>1567324,4256731>6731524,4315267>5267134,4326715>6715234,4352671>2671534,4516723>6723154,4523167>3167254,4531672>1672354	1	-	5906.lswap-3a55a72f70d6.txt~5906.up-d8c6ba46400e.txt
1ba09021c7f8	7	1236457,1237465,1245763,1246753,1247563,1247653,1264753,1273465,1273645,1276345,1324567,1345276,1347265,1347526,1356724,1364275,1367254,1367425,1376425,1425763,1427563,1437265,1452637,1452763,1457236,1457623,1473265,1475623,1524376,1526347,1536724,1542763,1562473,1572346,1574263,1623457,1624573,1624753,1634275,1642375,1642735,1652473,1654237,1723465,1724365,1724635,1725643,1726453,1726543,1732465,1734256,1736245,1736425,1742563,1745263,1745623,1746523,1754263,1762345,1762435,1763245,1763425,2134756,2135674,2136745,2137645,2145763,2147563,2153674,2173645,2174563,2174653,2176345,2314576,2316547,2341576,2341765,2345167,2346175,2354761,2364517,2367541,2371645,2374615,2417365,2417635,2431765,2436175,2436751,2437156,2456137,2457163,2457613,2461735,2463175,2467513,2471563,2471653,2475163,2475613,2476513,2513674,2517346,2534761,2543761,2547361,2561743,2564173,2576143,2613475,2614375,2614735,2615743,2617453,2617543,2631457,2634157,2645173,2647513,2654173,2713456,2713645,2716345,2731645,2734615,2736415,2756143,2756431,2761453,2761543,2763415,2764351,2764531,2765431,3145267,3145726,3164275,3165427,3172465,3176245,3241765,3245617,3246175,3261475,3275641,3276451,3276541,3412765,3415267,3415726,3417625,3421765,3425176,3427165,3451627,3452716,3461275,3461725,3472615,3475216,3476251,3527641,3547621,3567214,3617245,3624175,3625471,3641275,3642175,3642715,3645127,3672154,3672514,3674215,3675241,3675421,3715246,3716425,3726145,3746125,3762541,3764215,4127365,4127635,4152637,4157236,4172563,4172653,4173625,4176235,4176325,4213675,4213765,4217365,4217635,4231657,4236751,4237165,4251736,4256173,4257613,4261573,4261753,4271365,4271635,4273165,4275613,4276153,4317625,4327561,4327651,4352761,4361725,4367521,4371526,4372615,4376251,4512367,4516237,4517263,4526173,4526317,4527136,4527613,4532761,4561327,4562173,4571623,4572316,4576123,4576213,4612375,4612735,4617235,4617325,4631725,4652173,4675123,4715623,4716523,4726135,4732615,4736251,4751263,4751623,4752136,4756123,4756213,4762351,4762531,4765123,5123647,5124673,5124763,5126473,5136724,5162347,5162473,5172643,5173426,5213476,5217463,5243671,5243716,5247163,5261743,5263147,5263417,5271346,5276143,5276431,5327641,5347621,5367214,5417263,5423167,5423671,5426173,5427613,5432761,5437621,5473621,5476231,5612473,5613247,5614273,5617423,5621473,5621743,5624713,5641723,5643271,5672134,5716243,5723146,5723416,5742613,5761243,5761423,5762143,6123745,6124573,6124753,6127345,6132457,6134725,6142573,6142753,6143725,6145273,6147325,6154273,6157423,6172345,6172435,6173245,6174253,6174523,6175423,6214573,6214753,6217453,6234175,6234517,6235471,6241735,6243175,6245713,6247153,6247513,6253471,6254371,6254731,6314527,6317245,6324175,6341275,6341527,6342175,6342715,6412735,6417253,6421375,6421735,6423715,6427135,6427315,6432751,6435271,6451237,6451723,6453271,6475123,6512473,6521743,6524713,6541723,6542317,6543271,6721354,6721534,6725134,6742135,6751243,6752431,6754231,7134526,7136425,7152436,7156243,7162453,7163425,7164235,7165243,7213564,7215364,7231456,7234156,7234615,7243615,7246315,7251364,7256413,7261345,7261435,7264513,7265413,7316425,7324615,7326145,7342516,7346125,7362415,7362541,7364125,7364215,7421365,7425613,7426153,7452613,7456213,7461235,7465213,7512463,7512643,7516243,7521346,7524361,7542361,7542613,7561243,7561423,7562143,7564321,7612453,7614253,7614523,7615423,7621453,7623415,7623541,7624315,7625341,7625431,7632415,7634125,7634215,7642135,7643521,7645321,7651243,7654321	1234567,1235467,1243765,1247356,1247536,1253467,1257364,1263754,1275643,1276453,1276543,1324756,1342567,1345762,1346725,1347625,1354267,1356427,1362475,1364257,1367245,1423765,1427365,1432567,1435267,1436725,1437625,1453267,1457632,1473625,1476235,1523467,1526374,1526734,1527643,1534267,1536427,1543267,1562374,1564273,1567234,1576342,1623475,1624375,1624735,1632475,1642573,1642753,1645273,1652734,1654273,1657234,1723546,1724356,1724536,1725346,1725436,1732456,1732546,1734526,1742365,1743526,1745236,1745326,1752463,1756243,1756324,1763452,1765243,1765423,2134675,2134765,2135647,2136754,2143675,2143765,2147365,2153647,2173456,2174356,2174536,2175634,2176543,2314765,2316574,2316754,2317456,2345617,2346157,2347165,2354176,2354617,2361745,2364571,2367154,2371564,2376145,2413675,2417563,2417653,2435176,2437165,2437615,2451736,2453176,2461753,2471365,2471635,2473165,2473516,2475136,2475316,2513647,2534176,2534617,2541736,2543176,2561347,2561437,2571643,2573614,2613547,2614357,2614537,2615347,2615437,2634751,2637154,2637514,2673154,2715643,2716453,2716543,2731654,2736145,2751643,2756413,2764153,2764513,2765413,3124756,3145762,3147625,3156724,3162475,3165274,3165724,3167524,3172456,3172546,3174526,3217456,3217564,3245176,3247165,3247516,3254176,3256147,3261457,3261547,3415762,3417256,3425617,3426157,3451762,3452176,3456127,3457612,3461257,3461527,3467215,3471625,3475261,3476215,3512476,3517246,3521746,3526147,3541726,3542617,3546127,3564217,3612574,3614275,3617425,3621475,3624715,3642157,3642517,3645721,3671524,3672145,3672415,3675124,3715264,3715624,3716245,3751264,3761245,3761425,3762145,4127563,4127653,4136725,4152763,4157632,4172356,4172536,4173256,4175623,4176523,4213567,4215367,4217653,4236175,4237615,4251367,4256137,4257163,4261357,4261537,4271563,4271653,4273615,4275163,4317256,4325617,4326157,4351726,4352176,4352617,4367215,4371625,4376125,4376215,4512763,4517326,4517632,4521736,4523176,4527163,4531726,4532176,4532617,4561237,4572361,4576132,4576312,4612357,4612537,4615237,4617523,4672135,4713625,4716235,4716325,4731625,4735126,4736215,4751326,4752631,4753126,4762135,4762315,5123674,5124736,5126374,5127643,5132476,5136427,5164273,5172436,5173246,5176342,5213674,5217346,5217436,5231746,5234617,5241763,5246173,5261437,5263471,5263714,5267314,5271643,5273164,5276413,5312476,5317246,5321746,5326147,5341726,5342617,5346127,5364217,5412763,5417236,5417326,5421763,5426137,5427163,5431726,5432617,5461237,5612347,5613427,5614327,5623714,5624173,5632174,5641273,5642137,5642713,5672314,5716423,5723164,5723641,5736124,5761342,5763142,5763412,6123457,6123547,6124375,6125347,6125734,6134257,6134572,6135427,6142375,6142735,6143257,6143527,6145327,6152347,6153427,6154327,6174235,6175243,6213475,6214375,6214735,6231475,6234715,6237154,6241753,6243715,6247135,6247315,6314572,6321754,6324715,6341572,6345172,6347521,6371524,6375124,6412753,6415273,6421357,6421537,6425137,6425713,6427153,6427513,6451273,6452713,6457231,6524173,6527314,6541273,6542173,6542713,6572314,6721345,6721435,6724135,6751234,6752134,7136245,7152634,7156234,7156423,7162345,7162435,7163245,7164253,7164523,7165423,7213465,7214365,7231654,7235416,7236451,7241365,7243516,7245316,7253416,7254316,7316245,7316524,7324516,7325416,7345216,7351246,7361254,7361425,7362145,7423615,7435216,7452316,7453216,7512364,7512634,7513246,7516423,7521364,7524613,7526341,7531246,7562413,7563214,7564123,7612435,7613452,7614235,7621345,7621435,7623145,7631452,7634152,7634512,7641523,7645123,7652413,7654123,7654213	4215673>5673124,4231567>1567324,4256731>6731524,4315267>5267134,4326715>6715234,4352671>2671534,4516723>6723154,4523167>3167254,4531672>1672354	4213675>3675124,4316752>6752134,4512367>2367154	1	-	5906.lswap-67fc5c2184ab.txt~5906.up-d8c6ba46400e.txt
196f16ebb5ca	7	1234567,1235467,1243765,1247356,1247536,1253467,1257364,1263754,1275643,1276453,1276543,1324756,1342567,1345762,1346725,1347625,1354267,1356427,1362475,1364257,1367245,1423765,1427365,1432567,1435267,1436725,1437625,1453267,1457632,1473625,1476235,1523467,1526374,1526734,1527643,1534267,1536427,1543267,1562374,1564273,1567234,1576342,1623475,1624375,1624735,1632475,1642573,1642753,1645273,1652734,1654273,1657234,1723546,1724356,1724536,1725346,1725436,1732456,1732546,1734526,1742365,1743526,1745236,1745326,1752463,1756243,1756324,1763452,1765243,1765423,2134675,2134765,2135647,2136754,2143675,2143765,2147365,2153647,2173456,2174356,2174536,2175634,2176543,2314765,2316574,2316754,2317456,2345617,2346157,2347165,2354176,2354617,2361745,2364571,2367154,2371564,2376145,2413675,2417563,2417653,2435176,2437165,2437615,2451736,2453176,2461753,2471365,2471635,2473165,2473516,2475136,2475316,2513647,2534176,2534617,2541736,2543176,2561347,2561437,2571643,2573614,2613547,2614357,2614537,2615347,2615437,2634751,2637154,2637514,2673154,2715643,2716453,2716543,2731654,2736145,2751643,2756413,2764153,2764513,2765413,3124756,3145762,3147625,3156724,3162475,3165274,3165724,3167524,3172456,3172546,3174526,3217456,3217564,3245176,3247165,3247516,3254176,3256147,3261457,3261547,3415762,3417256,3425617,3426157,3451762,3452176,3456127,3457612,3461257,3461527,3467215,3471625,3475261,3476215,3512476,3517246,3521746,3526147,3541726,3542617,3546127,3564217,3612574,3614275,3617425,3621475,3624715,3642157,3642517,3645721,3671524,3672145,3672415,3675124,3715264,3715624,3716245,3751264,3761245,3761425,3762145,4127563,4127653,4136725,4152763,4157632,4172356,4172536,4173256,4175623,4176523,4213567,4215367,4217653,4236175,4237615,4251367,4256137,4257163,4261357,4261537,4271563,4271653,4273615,4275163,4317256,4325617,4326157,4351726,4352176,4352617,4367215,4371625,4376125,4376215,4512763,4517326,4517632,4521736,4523176,4527163,4531726,4532176,4532617,4561237,4572361,4576132,4576312,4612357,4612537,4615237,4617523,4672135,4713625,4716235,4716325,4731625,4735126,4736215,4751326,4752631,4753126,4762135,4762315,5123674,5124736,5126374,5127643,5132476,5136427,5164273,5172436,5173246,5176342,5213674,5217346,5217436,5231746,5234617,5241763,5246173,5261437,5263471,5263714,5267314,5271643,5273164,5276413,5312476,5317246,5321746,5326147,5341726,5342617,5346127,5364217,5412763,5417236,5417326,5421763,5426137,5427163,5431726,5432617,5461237,5612347,5613427,5614327,5623714,5624173,5632174,5641273,5642137,5642713,5672314,5716423,5723164,5723641,5736124,5761342,5763142,5763412,6123457,6123547,6124375,6125347,6125734,6134257,6134572,6135427,6142375,6142735,6143257,6143527,6145327,6152347,6153427,6154327,6174235,6175243,6213475,6214375,6214735,6231475,6234715,6237154,6241753,6243715,6247135,6247315,6314572,6321754,6324715,6341572,6345172,6347521,6371524,6375124,6412753,6415273,6421357,6421537,6425137,6425713,6427153,6427513,6451273,6452713,6457231,6524173,6527314,6541273,6542173,6542713,6572314,6721345,6721435,6724135,6751234,6752134,7136245,7152634,7156234,7156423,7162345,7162435,7163245,7164253,7164523,7165423,7213465,7214365,7231654,7235416,7236451,7241365,7243516,7245316,7253416,7254316,7316245,7316524,7324516,7325416,7345216,7351246,7361254,7361425,7362145,7423615,7435216,7452316,7453216,7512364,7512634,7513246,7516423,7521364,7524613,7526341,7531246,7562413,7563214,7564123,7612435,7613452,7614235,7621345,7621435,7623145,7631452,7634152,7634512,7641523,7645123,7652413,7654123,7654213	1236457,1237465,1245763,1246753,1247563,1247653,1264753,1273465,1273645,1276345,1324567,1345276,1347265,1347526,1356724,1364275,1367254,1367425,1376425,1425763,1427563,1437265,1452637,1452763,1457236,1457623,1473265,1475623,1524376,1526347,1536724,1542763,1562473,1572346,1574263,1623457,1624573,1624753,1634275,1642375,1642735,1652473,1654237,1723465,1724365,1724635,1725643,1726453,1726543,1732465,1734256,1736245,1736425,1742563,1745263,1745623,1746523,1754263,1762345,1762435,1763245,1763425,2134756,2135674,2136745,2137645,2145763,2147563,2153674,2173645,2174563,2174653,2176345,2314576,2316547,2341576,2341765,2345167,2346175,2354761,2364517,2367541,2371645,2374615,2417365,2417635,2431765,2436175,2436751,2437156,2456137,2457163,2457613,2461735,2463175,2467513,2471563,2471653,2475163,2475613,2476513,2513674,2517346,2534761,2543761,2547361,2561743,2564173,2576143,2613475,2614375,2614735,2615743,2617453,2617543,2631457,2634157,2645173,2647513,2654173,2713456,2713645,2716345,2731645,2734615,2736415,2756143,2756431,2761453,2761543,2763415,2764351,2764531,2765431,3145267,3145726,3164275,3165427,3172465,3176245,3241765,3245617,3246175,3261475,3275641,3276451,3276541,3412765,3415267,3415726,3417625,3421765,3425176,3427165,3451627,3452716,3461275,3461725,3472615,3475216,3476251,3527641,3547621,3567214,3617245,3624175,3625471,3641275,3642175,3642715,3645127,3672154,3672514,3674215,3675241,3675421,3715246,3716425,3726145,3746125,3762541,3764215,4127365,4127635,4152637,4157236,4172563,4172653,4173625,4176235,4176325,4213675,4213765,4217365,4217635,4231657,4236751,4237165,4251736,4256173,4257613,4261573,4261753,4271365,4271635,4273165,4275613,4276153,4317625,4327561,4327651,4352761,4361725,4367521,4371526,4372615,4376251,4512367,4516237,4517263,4526173,4526317,4527136,4527613,4532761,4561327,4562173,4571623,4572316,4576123,4576213,4612375,4612735,4617235,4617325,4631725,4652173,4675123,4715623,4716523,4726135,4732615,4736251,4751263,4751623,4752136,4756123,4756213,4762351,4762531,4765123,5123647,5124673,5124763,5126473,5136724,5162347,5162473,5172643,5173426,5213476,5217463,5243671,5243716,5247163,5261743,5263147,5263417,5271346,5276143,5276431,5327641,5347621,5367214,5417263,5423167,5423671,5426173,5427613,5432761,5437621,5473621,5476231,5612473,5613247,5614273,5617423,5621473,5621743,5624713,5641723,5643271,5672134,5716243,5723146,5723416,5742613,5761243,5761423,5762143,6123745,6124573,6124753,6127345,6132457,6134725,6142573,6142753,6143725,6145273,6147325,6154273,6157423,6172345,6172435,6173245,6174253,6174523,6175423,6214573,6214753,6217453,6234175,6234517,6235471,6241735,6243175,6245713,6247153,6247513,6253471,6254371,6254731,6314527,6317245,6324175,6341275,6341527,6342175,6342715,6412735,6417253,6421375,6421735,6423715,6427135,6427315,6432751,6435271,6451237,6451723,6453271,6475123,6512473,6521743,6524713,6541723,6542317,6543271,6721354,6721534,6725134,6742135,6751243,6752431,6754231,7134526,7136425,7152436,7156243,7162453,7163425,7164235,7165243,7213564,7215364,7231456,7234156,7234615,7243615,7246315,7251364,7256413,7261345,7261435,7264513,7265413,7316425,7324615,7326145,7342516,7346125,7362415,7362541,7364125,7364215,7421365,7425613,7426153,7452613,7456213,7461235,7465213,7512463,7512643,7516243,7521346,7524361,7542361,7542613,7561243,7561423,7562143,7564321,7612453,7614253,7614523,7615423,7621453,7623415,7623541,7624315,7625341,7625431,7632415,7634125,7634215,7642135,7643521,7645321,7651243,7654321	4213675>3675124,4316752>6752134,4512367>2367154	4215673>5673124,4231567>1567324,4256731>6731524,4315267>5267134,4326715>6715234,4352671>2671534,4516723>6723154,4523167>3167254,4531672>1672354	1	-	5906.lswap-67fc5c2184ab.txt~5906.up-d8c6ba46400e.txt
ed9520205b56	7	1236457,1237465,1245763,1246753,1247563,1247653,1254763,1267354,1267534,1273465,1273645,1276345,1324567,1326754,1346275,1347265,1347526,1362574,1364275,1364725,1367425,1376425,1425763,1427563,1436275,1437265,1452637,1452763,1457236,1457623,1462375,1462735,1463275,1473265,1475623,1476253,1524376,1526347,1527436,1542763,1546237,1547623,1562473,1562743,1572346,1574263,1624573,1624753,1625473,1625743,1627453,1627543,1632754,1634275,1642375,1642735,1652473,1652743,1654237,1723465,1724365,1724635,1725643,1726453,1726543,1732465,1734256,1736245,1736425,1742563,1745263,1745623,1746523,1754263,1762345,1762435,1763245,1763425,2134756,2136475,2136745,2137645,2145763,2147563,2154763,2173645,2174563,2174653,2176345,2314576,2315467,2316547,2341576,2341765,2346175,2364517,2367541,2371465,2371645,2374615,2417365,2417635,2431765,2436175,2436751,2437156,2456137,2457163,2457613,2461735,2463175,2467513,2471563,2471653,2475163,2475613,2476513,2514763,2517346,2543761,2547163,2547613,2561743,2564173,2571364,2574163,2576143,2613475,2614375,2614735,2615743,2617453,2617543,2631457,2634157,2645173,2654173,2673514,2675134,2675314,2713465,2713645,2714365,2714635,2716345,2731465,2731645,2734615,2736415,2741563,2741653,2743156,2745163,2751634,2754163,2756143,2756431,2761453,2761543,2763415,2764351,2764531,2765431,3126754,3145267,3145726,3146275,3152746,3154627,3164275,3165427,3172465,3176245,3241765,3245617,3246175,3261475,3267514,3271465,3275164,3275641,3276451,3276541,3412765,3415267,3415726,3417625,3421765,3425176,3427165,3461275,3461725,3462715,3472615,3475216,3512674,3527641,3617245,3624175,3625714,3627145,3641275,3642175,3642715,3645127,3647215,3674215,3675241,3675421,3714625,3715246,3716425,3726145,3746125,3762541,3764215,4127365,4127635,4152637,4156273,4157236,4162573,4162753,4165273,4172563,4172653,4173625,4176235,4176325,4213675,4213765,4217365,4217635,4231657,4236751,4237165,4251736,4256173,4257613,4261573,4261753,4271365,4271635,4273165,4275613,4276153,4315276,4317625,4327561,4327651,4352761,4361725,4362715,4367521,4371526,4372615,4376251,4512367,4516273,4517263,4526173,4526317,4527613,4532761,4561327,4562173,4571623,4572316,4576123,4576213,4612375,4612735,4617235,4617325,4623157,4623715,4627135,4627315,4631725,4632715,4652173,4675123,4715623,4716253,4716523,4721365,4726135,4732615,4751623,4752136,4756123,4756213,4761253,4762153,4762513,4765123,5123647,5124673,5124763,5126734,5132674,5147623,5162473,5162743,5163274,5172643,5173426,5213476,5217463,5243671,5243716,5247163,5261743,5263147,5263417,5274163,5274316,5276143,5276431,5312674,5327641,5416273,5417263,5423167,5423671,5426173,5427613,5432761,5437621,5462317,5471623,5476123,5476213,5612473,5613247,5614273,5617423,5621473,5621743,5624713,5627413,5641723,5643271,5713624,5716243,5723146,5723416,5741623,5742613,5761243,5761423,5762143,6123745,6124573,6124753,6125473,6127345,6132457,6134725,6142573,6142753,6143725,6145273,6147325,6154273,6157423,6172345,6172435,6173245,6174253,6174523,6175423,6214573,6214753,6215473,6217453,6231547,6234175,6237145,6241735,6243175,6245713,6247153,6247513,6251473,6254371,6254713,6257134,6257413,6271345,6271435,6273145,6274153,6274513,6275413,6314527,6317245,6324175,6327145,6327514,6341275,6341527,6342175,6342715,6412735,6417253,6421375,6421735,6423715,6427135,6427315,6432751,6435271,6451237,6451723,6453271,6472135,6512473,6521743,6524713,6527413,6541723,6542317,6543271,6735124,6742135,6751243,6751324,6752431,6753124,6754231,7134625,7136254,7136425,7143625,7146235,7146325,7152436,7156243,7162453,7162543,7163425,7164235,7165243,7213645,7231456,7234156,7234615,7243615,7246315,7256413,7261345,7261435,7264513,7265413,7314625,7316425,7324615,7326145,7342516,7346125,7351264,7362415,7364125,7364215,7415623,7416253,7416523,7421365,7425613,7426153,7431526,7451623,7452613,7456213,7461235,7465213,7512463,7513264,7516243,7516324,7521346,7524361,7531264,7541623,7542361,7542613,7561243,7561423,7562143,7564321,7612453,7612543,7614253,7614523,7615423,7621453,7621543,7623415,7624315,7625143,7625431,7632415,7634125,7634215,7642135,7643521,7645321,7651243,7654321	1234567,1235467,1243765,1247356,1247536,1253467,1257364,1267453,1267543,1275643,1276453,1276543,1324756,1342567,1345762,1347625,1354267,1356427,1362475,1362745,1364257,1365724,1423765,1426753,1427365,1432567,1435267,1437625,1453267,1456273,1457632,1462573,1462753,1465273,1473625,1476235,1523467,1526374,1526734,1527643,1534267,1536427,1543267,1546273,1562374,1564273,1567234,1576342,1623475,1623745,1624375,1624735,1627345,1627435,1632475,1632745,1642573,1642753,1645273,1652734,1654273,1657234,1723546,1724356,1724536,1725346,1725436,1732456,1732546,1734526,1742365,1743526,1745236,1745326,1752463,1756243,1756324,1763452,1765243,1765423,2134765,2135647,2136574,2136754,2143765,2147365,2153647,2173456,2174356,2174536,2175634,2176543,2314765,2316574,2316754,2317456,2345617,2346157,2347165,2354176,2354617,2361745,2364571,2367154,2371564,2374165,2376145,2417563,2417653,2435176,2437165,2437615,2451736,2453176,2461753,2471365,2471635,2473165,2473516,2475136,2475316,2513647,2534176,2534617,2541736,2543176,2547631,2561347,2561437,2571463,2571643,2573614,2574361,2613547,2614357,2614537,2615347,2615437,2634751,2637154,2673154,2674513,2675143,2675413,2714563,2714653,2715463,2715643,2716453,2716543,2731654,2734165,2736145,2741365,2741635,2743165,2751463,2751643,2754631,2756413,2764153,2764513,2765413,3124756,3145762,3147625,3156724,3162475,3162745,3165274,3165724,3167524,3172456,3172546,3174526,3217456,3217564,3245176,3247165,3247516,3254176,3254761,3256147,3261457,3261547,3274165,3275461,3415762,3416275,3417256,3425617,3426157,3451762,3452176,3456127,3457612,3461257,3461527,3471625,3475261,3476215,3512476,3517246,3521746,3526147,3541726,3542617,3546127,3564217,3612574,3614275,3617425,3621475,3624715,3625741,3627415,3642157,3642517,3645721,3657214,3671524,3675124,3715264,3715624,3716245,3741625,3761245,3761425,3762145,4126753,4127563,4127653,4136275,4152763,4157632,4162375,4162735,4163275,4172356,4172536,4173256,4175623,4176523,4213567,4215367,4217653,4236175,4237615,4251367,4256137,4257163,4261357,4261537,4267513,4271563,4271653,4273615,4275163,4316275,4317256,4325617,4326157,4351726,4352176,4352617,4362571,4371625,4376125,4376215,4512673,4512763,4517326,4517632,4521736,4523176,4527163,4531726,4532176,4532617,4561237,4562713,4572361,4576132,4576312,4612357,4612537,4615237,4617523,4625713,4627153,4627513,4632751,4652713,4713625,4716235,4716325,4731625,4735126,4736215,4751326,4752631,4753126,4762135,4762315,4763251,5123674,5124736,5126743,5127643,5132476,5136427,5142673,5146273,5164273,5172436,5173246,5176342,5213674,5217346,5217436,5231746,5234617,5241763,5246173,5261437,5263471,5263714,5267314,5271463,5271643,5273164,5276413,5312476,5317246,5321746,5326147,5341726,5342617,5346127,5364217,5412673,5412763,5417236,5417326,5421763,5426137,5427163,5431726,5432617,5461237,5462713,5463271,5476321,5612347,5613427,5614327,5623714,5624173,5627143,5632174,5641273,5642137,5642713,5672314,5714623,5716423,5721364,5723164,5723641,5736124,5743621,5761342,5763142,5763412,6123457,6123547,6124375,6125347,6125734,6134257,6134572,6135427,6142375,6142735,6143257,6143527,6145327,6152347,6153427,6154327,6174235,6175243,6213475,6214375,6214735,6231475,6234715,6237154,6237415,6241753,6243715,6247135,6247315,6257143,6257431,6271453,6271543,6273415,6274135,6274315,6275143,6314572,6321754,6324715,6325471,6327415,6327541,6341572,6345172,6347521,6371524,6412753,6415273,6421357,6421537,6425137,6425713,6427153,6427513,6451273,6452713,6457231,6524173,6527143,6527314,6541273,6542173,6542713,6572134,6572314,6745123,6751234,6751423,6752134,6754123,7136245,7145623,7146253,7146523,7152634,7154623,7156234,7156423,7162345,7162435,7163245,7164253,7164523,7165423,7213654,7231654,7235416,7236451,7243516,7245316,7253416,7254316,7316245,7316524,7324516,7325416,7341625,7345216,7351246,7361254,7361425,7362145,7413625,7416235,7416325,7423615,7431625,7435216,7436251,7451263,7452316,7453216,7512364,7513246,7514263,7514623,7516423,7521364,7524613,7526341,7531246,7541263,7546321,7562413,7563214,7564123,7612435,7613452,7614235,7621345,7621435,7623145,7631452,7632541,7634152,7634512,7641523,7645123,7652413,7654123,7654213	4215673>5673124,4231567>1567324,4256731>6731524,4315267>5267134,4326715>6715234,4352671>2671534,4516723>6723154,4523167>3167254,4531672>1672354	4213675>3675124,4316752>6752134,4512367>2367154	1	-	5906.lswap-8f58c699a11d.txt~5906.up-d8c6ba46400e.txt
e4f91f85dba6	7	1234567,1235467,1243765,1247356,1247536,1253467,1257364,1267453,1267543,1275643,1276453,1276543,1324756,1342567,1345762,1347625,1354267,1356427,1362475,1362745,1364257,1365724,1423765,1426753,1427365,1432567,1435267,1437625,1453267,1456273,1457632,1462573,1462753,1465273,1473625,1476235,1523467,1526374,1526734,1527643,1534267,1536427,1543267,1546273,1562374,1564273,1567234,1576342,1623475,1623745,1624375,1624735,1627345,1627435,1632475,1632745,1642573,1642753,1645273,1652734,1654273,1657234,1723546,1724356,1724536,1725346,1725436,1732456,1732546,1734526,1742365,1743526,1745236,1745326,1752463,1756243,1756324,1763452,1765243,1765423,2134765,2135647,2136574,2136754,2143765,2147365,2153647,2173456,2174356,2174536,2175634,2176543,2314765,2316574,2316754,2317456,2345617,2346157,2347165,2354176,2354617,2361745,2364571,2367154,2371564,2374165,2376145,2417563,2417653,2435176,2437165,2437615,2451736,2453176,2461753,2471365,2471635,2473165,2473516,2475136,2475316,2513647,2534176,2534617,2541736,2543176,2547631,2561347,2561437,2571463,2571643,2573614,2574361,2613547,2614357,2614537,2615347,2615437,2634751,2637154,2673154,2674513,2675143,2675413,2714563,2714653,2715463,2715643,2716453,2716543,2731654,2734165,2736145,2741365,2741635,2743165,2751463,2751643,2754631,2756413,2764153,2764513,2765413,3124756,3145762,3147625,3156724,3162475,3162745,3165274,3165724,3167524,3172456,3172546,3174526,3217456,3217564,3245176,3247165,3247516,3254176,3254761,3256147,3261457,3261547,3274165,3275461,3415762,3416275,3417256,3425617,3426157,3451762,3452176,3456127,3457612,3461257,3461527,3471625,3475261,3476215,3512476,3517246,3521746,3526147,3541726,3542617,3546127,3564217,3612574,3614275,3617425,3621475,3624715,3625741,3627415,3642157,3642517,3645721,3657214,3671524,3675124,3715264,3715624,3716245,3741625,3761245,3761425,3762145,4126753,4127563,4127653,4136275,4152763,4157632,4162375,4162735,4163275,4172356,4172536,4173256,4175623,4176523,4213567,4215367,4217653,4236175,4237615,4251367,4256137,4257163,4261357,4261537,4267513,4271563,4271653,4273615,4275163,4316275,4317256,4325617,4326157,4351726,4352176,4352617,4362571,4371625,4376125,4376215,4512673,4512763,4517326,4517632,4521736,4523176,4527163,4531726,4532176,4532617,4561237,4562713,4572361,4576132,4576312,4612357,4612537,4615237,4617523,4625713,4627153,4627513,4632751,4652713,4713625,4716235,4716325,4731625,4735126,4736215,4751326,4752631,4753126,4762135,4762315,4763251,5123674,5124736,5126743,5127643,5132476,5136427,5142673,5146273,5164273,5172436,5173246,5176342,5213674,5217346,5217436,5231746,5234617,5241763,5246173,5261437,5263471,5263714,5267314,5271463,5271643,5273164,5276413,5312476,5317246,5321746,5326147,5341726,5342617,5346127,5364217,5412673,5412763,5417236,5417326,5421763,5426137,5427163,5431726,5432617,5461237,5462713,5463271,5476321,5612347,5613427,5614327,5623714,5624173,5627143,5632174,5641273,5642137,5642713,5672314,5714623,5716423,5721364,5723164,5723641,5736124,5743621,5761342,5763142,5763412,6123457,6123547,6124375,6125347,6125734,6134257,6134572,6135427,6142375,6142735,6143257,6143527,6145327,6152347,6153427,6154327,6174235,6175243,6213475,6214375,6214735,6231475,6234715,6237154,6237415,6241753,6243715,6247135,6247315,6257143,6257431,6271453,6271543,6273415,6274135,6274315,6275143,6314572,6321754,6324715,6325471,6327415,6327541,6341572,6345172,6347521,6371524,6412753,6415273,6421357,6421537,6425137,6425713,6427153,6427513,6451273,6452713,6457231,6524173,6527143,6527314,6541273,6542173,6542713,6572134,6572314,6745123,6751234,6751423,6752134,6754123,7136245,7145623,7146253,7146523,7152634,7154623,7156234,7156423,7162345,7162435,7163245,7164253,7164523,7165423,7213654,7231654,7235416,7236451,7243516,7245316,7253416,7254316,7316245,7316524,7324516,7325416,7341625,7345216,7351246,7361254,7361425,7362145,7413625,7416235,7416325,7423615,7431625,7435216,7436251,7451263,7452316,7453216,7512364,7513246,7514263,7514623,7516423,7521364,7524613,7526341,7531246,7541263,7546321,7562413,7563214,7564123,7612435,7613452,7614235,7621345,7621435,7623145,7631452,7632541,7634152,7634512,7641523,7645123,7652413,7654123,7654213	1236457,1237465,1245763,1246753,1247563,1247653,1254763,1267354,1267534,1273465,1273645,1276345,1324567,1326754,1346275,1347265,1347526,1362574,1364275,1364725,1367425,1376425,1425763,1427563,1436275,1437265,1452637,1452763,1457236,1457623,1462375,1462735,1463275,1473265,1475623,1476253,1524376,1526347,1527436,1542763,1546237,1547623,1562473,1562743,1572346,1574263,1624573,1624753,1625473,1625743,1627453,1627543,1632754,1634275,1642375,1642735,1652473,1652743,1654237,1723465,1724365,1724635,1725643,1726453,1726543,1732465,1734256,1736245,1736425,1742563,1745263,1745623,1746523,1754263,1762345,1762435,1763245,1763425,2134756,2136475,2136745,2137645,2145763,2147563,2154763,2173645,2174563,2174653,2176345,2314576,2315467,2316547,2341576,2341765,2346175,2364517,2367541,2371465,2371645,2374615,2417365,2417635,2431765,2436175,2436751,2437156,2456137,2457163,2457613,2461735,2463175,2467513,2471563,2471653,2475163,2475613,2476513,2514763,2517346,2543761,2547163,2547613,2561743,2564173,2571364,2574163,2576143,2613475,2614375,2614735,2615743,2617453,2617543,2631457,2634157,2645173,2654173,2673514,2675134,2675314,2713465,2713645,2714365,2714635,2716345,2731465,2731645,2734615,2736415,2741563,2741653,2743156,2745163,2751634,2754163,2756143,2756431,2761453,2761543,2763415,2764351,2764531,2765431,3126754,3145267,3145726,3146275,3152746,3154627,3164275,3165427,3172465,3176245,3241765,3245617,3246175,3261475,3267514,3271465,3275164,3275641,3276451,3276541,3412765,3415267,3415726,3417625,3421765,3425176,3427165,3461275,3461725,3462715,3472615,3475216,3512674,3527641,3617245,3624175,3625714,3627145,3641275,3642175,3642715,3645127,3647215,3674215,3675241,3675421,3714625,3715246,3716425,3726145,3746125,3762541,3764215,4127365,4127635,4152637,4156273,4157236,4162573,4162753,4165273,4172563,4172653,4173625,4176235,4176325,4213675,4213765,4217365,4217635,4231657,4236751,4237165,4251736,4256173,4257613,4261573,4261753,4271365,4271635,4273165,4275613,4276153,4315276,4317625,4327561,4327651,4352761,4361725,4362715,4367521,4371526,4372615,4376251,4512367,4516273,4517263,4526173,4526317,4527613,4532761,4561327,4562173,4571623,4572316,4576123,4576213,4612375,4612735,4617235,4617325,4623157,4623715,4627135,4627315,4631725,4632715,4652173,4675123,4715623,4716253,4716523,4721365,4726135,4732615,4751623,4752136,4756123,4756213,4761253,4762153,4762513,4765123,5123647,5124673,5124763,5126734,5132674,5147623,5162473,5162743,5163274,5172643,5173426,5213476,5217463,5243671,5243716,5247163,5261743,5263147,5263417,5274163,5274316,5276143,5276431,5312674,5327641,5416273,5417263,5423167,5423671,5426173,5427613,5432761,5437621,5462317,5471623,5476123,5476213,5612473,5613247,5614273,5617423,5621473,5621743,5624713,5627413,5641723,5643271,5713624,5716243,5723146,5723416,5741623,5742613,5761243,5761423,5762143,6123745,6124573,6124753,6125473,6127345,6132457,6134725,6142573,6142753,6143725,6145273,6147325,6154273,6157423,6172345,6172435,6173245,6174253,6174523,6175423,6214573,6214753,6215473,6217453,6231547,6234175,6237145,6241735,6243175,6245713,6247153,6247513,6251473,6254371,6254713,6257134,6257413,6271345,6271435,6273145,6274153,6274513,6275413,6314527,6317245,6324175,6327145,6327514,6341275,6341527,6342175,6342715,6412735,6417253,6421375,6421735,6423715,6427135,6427315,6432751,6435271,6451237,6451723,6453271,6472135,6512473,6521743,6524713,6527413,6541723,6542317,6543271,6735124,6742135,6751243,6751324,6752431,6753124,6754231,7134625,7136254,7136425,7143625,7146235,7146325,7152436,7156243,7162453,7162543,7163425,7164235,7165243,7213645,7231456,7234156,7234615,7243615,7246315,7256413,7261345,7261435,7264513,7265413,7314625,7316425,7324615,7326145,7342516,7346125,7351264,7362415,7364125,7364215,7415623,7416253,7416523,7421365,7425613,7426153,7431526,7451623,7452613,7456213,7461235,7465213,7512463,7513264,7516243,7516324,7521346,7524361,7531264,7541623,7542361,7542613,7561243,7561423,7562143,7564321,7612453,7612543,7614253,7614523,7615423,7621453,7621543,7623415,7624315,7625143,7625431,7632415,7634125,7634215,7642135,7643521,7645321,7651243,7654321	4213675>3675124,4316752>6752134,4512367>2367154	4215673>5673124,4231567>1567324,4256731>6731524,4315267>5267134,4326715>6715234,4352671>2671534,4516723>6723154,4523167>3167254,4531672>1672354	1	-	5906.lswap-8f58c699a11d.txt~5906.up-d8c6ba46400e.txt
6af13929fbb1	7	1236457,1237465,1245763,1246753,1247563,1247653,1264753,1273465,1273645,1276345,1276435,1324567,1327645,1346275,1347265,1347526,1362574,1364275,1364725,1367425,1376425,1425763,1427563,1436275,1437265,1452637,1452763,1457236,1457623,1462375,1462735,1463275,1473265,1475623,1524376,1526347,1527436,1542763,1546237,1562473,1562743,1572346,1574263,1624573,1624753,1625743,1627453,1627543,1632754,1634275,1642375,1642735,1643275,1652473,1652743,1654237,1723465,1724365,1724635,1725643,1726453,1726543,1732465,1734256,1736245,1736425,1742563,1745263,1745623,1746523,1754263,1762345,1762435,1763245,1763425,1764325,2134756,2136475,2136745,2137645,2145763,2147563,2173645,2174563,2174653,2176345,2176435,2314576,2315467,2316547,2341576,2341765,2346175,2354761,2364517,2367541,2371465,2371645,2374615,2417365,2417635,2431765,2436175,2436751,2437156,2456137,2457163,2457613,2461735,2463175,2467513,2471563,2471653,2475163,2475613,2476513,2517346,2534761,2543761,2547361,2561743,2564173,2571364,2574163,2576143,2613475,2614375,2614735,2615743,2617453,2617543,2631457,2634157,2645173,2647513,2654173,2713465,2713645,2714365,2714635,2716345,2716435,2731465,2731645,2734615,2736415,2741563,2741653,2743156,2745163,2751634,2754163,2756143,2761453,2761543,2763415,2764135,2764315,2765431,3127645,3145267,3145726,3146275,3152746,3154627,3164275,3165427,3172465,3176245,3217645,3241765,3245617,3246175,3261475,3271465,3271645,3275164,3276415,3276541,3412765,3415267,3415726,3417625,3421765,3425176,3427165,3461275,3461725,3462715,3472615,3475216,3476251,3547621,3617245,3624175,3625471,3625714,3627145,3641275,3642175,3642715,3645127,3647215,3674215,3675241,3675421,3714625,3715246,3716425,3726145,3746125,3762541,3764215,4127365,4127635,4132765,4152637,4156273,4157236,4162573,4162753,4165273,4172563,4172653,4173625,4176235,4176325,4213675,4213765,4217365,4217635,4231657,4236751,4237165,4251736,4256173,4257613,4261573,4261753,4271365,4271635,4273165,4275613,4276153,4312765,4315276,4317625,4321765,4327165,4327651,4361725,4362715,4367521,4371526,4372615,4376251,4512367,4516273,4517263,4526173,4526317,4527613,4561327,4562173,4571623,4572316,4576123,4576213,4612375,4612735,4617235,4617325,4623157,4623715,4627135,4627315,4631725,4632715,4652173,4675123,4715623,4716523,4721365,4726135,4732615,4736251,4751263,4751623,4752136,4756123,4756213,4762351,4762531,4765123,5123647,5124673,5124763,5126473,5162473,5162743,5163274,5172643,5173426,5213476,5217463,5243671,5243716,5247163,5261743,5263147,5263417,5274163,5274316,5276143,5347621,5416273,5417263,5423167,5423671,5426173,5427613,5432761,5437621,5462317,5473621,5476231,5612473,5613247,5614273,5617423,5621473,5621743,5624713,5627413,5641723,5713624,5716243,5723146,5723416,5741623,5742613,5761243,5761423,5762143,6123745,6124573,6124753,6127345,6132457,6134725,6142573,6142753,6143725,6145273,6147325,6154273,6157423,6172345,6172435,6173245,6174253,6174523,6175423,6214573,6214753,6217453,6231547,6234175,6235471,6237145,6241735,6243175,6245713,6247153,6247513,6253471,6254371,6254731,6257134,6257413,6271345,6271435,6273145,6274153,6274513,6275413,6314527,6317245,6324175,6327145,6327514,6341275,6341527,6342175,6342715,6412735,6413275,6417253,6421375,6421735,6423715,6427135,6427315,6431275,6432175,6432715,6451237,6451723,6472135,6475123,6512473,6521743,6524713,6527413,6541723,6542317,6543271,6742135,6751243,6752431,6754231,7134625,7136254,7136425,7143625,7146235,7146325,7152436,7156243,7162453,7163425,7164235,7164325,7165243,7213645,7231456,7234156,7234615,7243615,7246315,7256413,7261345,7261435,7264513,7265413,7314625,7316425,7324615,7326145,7342516,7346125,7362415,7362541,7364125,7364215,7415623,7416253,7416523,7421365,7425613,7426153,7431526,7451623,7452613,7456213,7461235,7465213,7512463,7512643,7516243,7516324,7521346,7524361,7541623,7542361,7542613,7561243,7561423,7562143,7612453,7614253,7614523,7615423,7621453,7623415,7623541,7624315,7625341,7625431,7632415,7634125,7634215,7641325,7642135,7643125,7643215,7651243,7654321	1234567,1235467,1243765,1247356,1247536,1253467,1257364,1263754,1275643,1276453,1276543,1324756,1342567,1345762,1347625,1354267,1356427,1362475,1362745,1364257,1365724,1423765,1427365,1432567,1435267,1437625,1453267,1456273,1457632,1462573,1462753,1465273,1473625,1476235,1523467,1526374,1526734,1527643,1534267,1536427,1543267,1546273,1562374,1564273,1567234,1576342,1623475,1623745,1624375,1624735,1627345,1627435,1632475,1632745,1642573,1642753,1645273,1652734,1654273,1657234,1723546,1724356,1724536,1725346,1725436,1732456,1732546,1734526,1742365,1743526,1745236,1745326,1752463,1756243,1756324,1763452,1765243,1765423,2134765,2135647,2136574,2136754,2143765,2147365,2153647,2173456,2174356,2174536,2175634,2176543,2314765,2316574,2316754,2317456,2345617,2346157,2347165,2354176,2354617,2361745,2364571,2367154,2371564,2374165,2376145,2417563,2417653,2435176,2437165,2437615,2451736,2453176,2461753,2471365,2471635,2473165,2473516,2475136,2475316,2513647,2534176,2534617,2541736,2543176,2561347,2561437,2571463,2571643,2573614,2574361,2576431,2613547,2614357,2614537,2615347,2615437,2634751,2637154,2637514,2673154,2714563,2714653,2715463,2715643,2716453,2716543,2731654,2734165,2736145,2741365,2741635,2743165,2751463,2751643,2754631,2756413,2764153,2764513,2765413,3124756,3145762,3147625,3156724,3162475,3162745,3165274,3165724,3167524,3172456,3172546,3174526,3217456,3217564,3245176,3247165,3247516,3254176,3256147,3257641,3261457,3261547,3274165,3275461,3415762,3416275,3417256,3425617,3426157,3451762,3452176,3456127,3457612,3461257,3461527,3471625,3475261,3476215,3512476,3517246,3521746,3526147,3541726,3542617,3546127,3564217,3612574,3614275,3617425,3621475,3624715,3625741,3627415,3642157,3642517,3645721,3657214,3671524,3675124,3715264,3715624,3716245,3741625,3751264,3761245,3761425,3762145,4127563,4127653,4136275,4152763,4157632,4162375,4162735,4163275,4172356,4172536,4173256,4175623,4176523,4213567,4215367,4217653,4236175,4237615,4251367,4256137,4257163,4261357,4261537,4271563,4271653,4273615,4275163,4316275,4317256,4325617,4325761,4326157,4351726,4352176,4352617,4362571,4371625,4376125,4376215,4512763,4517326,4517632,4521736,4523176,4527163,4531726,4532176,4532617,4561237,4562713,4572361,4576132,4576312,4612357,4612537,4615237,4617523,4625713,4627153,4627513,4632751,4652713,4713625,4716235,4716325,4731625,4735126,4736215,4751326,4752631,4753126,4762135,4762315,5123674,5124736,5126374,5127643,5132476,5136427,5146273,5164273,5172436,5173246,5176342,5213674,5217346,5217436,5231746,5234617,5241763,5246173,5261437,5263471,5263714,5267314,5271463,5271643,5273164,5276413,5312476,5317246,5321746,5326147,5341726,5342617,5346127,5364217,5412763,5417236,5417326,5421763,5426137,5427163,5431726,5432617,5461237,5462713,5463271,5612347,5613427,5614327,5623714,5624173,5627143,5632174,5641273,5642137,5642713,5672314,5714623,5716423,5721364,5723164,5723641,5736124,5743621,5761342,5763142,5763412,5764321,6123457,6123547,6124375,6125347,6125734,6134257,6134572,6135427,6142375,6142735,6143257,6143527,6145327,6152347,6153427,6154327,6174235,6175243,6213475,6214375,6214735,6231475,6234715,6237154,6237415,6241753,6243715,6247135,6247315,6257143,6257431,6271453,6271543,6273415,6274135,6274315,6275143,6314572,6321754,6324715,6327415,6327541,6341572,6345172,6347521,6371524,6375124,6412753,6415273,6421357,6421537,6425137,6425713,6427153,6427513,6432571,6451273,6452713,6457231,6524173,6527143,6527314,6541273,6542173,6542713,6572134,6572314,6751234,6752134,7136245,7145623,7146253,7146523,7152634,7154623,7156234,7156423,7162345,7162435,7163245,7164253,7164523,7165423,7213654,7231654,7235416,7236451,7243516,7245316,7253416,7254316,7316245,7316524,7324516,7325416,7341625,7345216,7351246,7361254,7361425,7362145,7413625,7416235,7416325,7423615,7431625,7435216,7436251,7452316,7453216,7512364,7512634,7513246,7514623,7516423,7521364,7524613,7526341,7531246,7546321,7562413,7563214,7564123,7612435,7613452,7614235,7621345,7621435,7623145,7631452,7634152,7634512,7641523,7643251,7645123,7652413,7654123,7654213	4215673>5673124,4231567>1567324,4256731>6731524,4315267>5267134,4326715>6715234,4352671>2671534,4516723>6723154,4523167>3167254,4531672>1672354	4213675>3675124,4316752>6752134,4512367>2367154	1	-	5906.lswap-945cf8ae5bef.txt~5906.up-d8c6ba46400e.txt
573ebdfa18ad	7	1234567,1235467,1243765,1247356,1247536,1253467,1257364,1263754,1275643,1276453,1276543,1324756,1342567,1345762,1347625,1354267,1356427,1362475,1362745,1364257,1365724,1423765,1427365,1432567,1435267,1437625,1453267,1456273,1457632,1462573,1462753,1465273,1473625,1476235,1523467,1526374,1526734,1527643,1534267,1536427,1543267,1546273,1562374,1564273,1567234,1576342,1623475,1623745,1624375,1624735,1627345,1627435,1632475,1632745,1642573,1642753,1645273,1652734,1654273,1657234,1723546,1724356,1724536,1725346,1725436,1732456,1732546,1734526,1742365,1743526,1745236,1745326,1752463,1756243,1756324,1763452,1765243,1765423,2134765,2135647,2136574,2136754,2143765,2147365,2153647,2173456,2174356,2174536,2175634,2176543,2314765,2316574,2316754,2317456,2345617,2346157,2347165,2354176,2354617,2361745,2364571,2367154,2371564,2374165,2376145,2417563,2417653,2435176,2437165,2437615,2451736,2453176,2461753,2471365,2471635,2473165,2473516,2475136,2475316,2513647,2534176,2534617,2541736,2543176,2561347,2561437,2571463,2571643,2573614,2574361,2576431,2613547,2614357,2614537,2615347,2615437,2634751,2637154,2637514,2673154,2714563,2714653,2715463,2715643,2716453,2716543,2731654,2734165,2736145,2741365,2741635,2743165,2751463,2751643,2754631,2756413,2764153,2764513,2765413,3124756,3145762,3147625,3156724,3162475,3162745,3165274,3165724,3167524,3172456,3172546,3174526,3217456,3217564,3245176,3247165,3247516,3254176,3256147,3257641,3261457,3261547,3274165,3275461,3415762,3416275,3417256,3425617,3426157,3451762,3452176,3456127,3457612,3461257,3461527,3471625,3475261,3476215,3512476,3517246,3521746,3526147,3541726,3542617,3546127,3564217,3612574,3614275,3617425,3621475,3624715,3625741,3627415,3642157,3642517,3645721,3657214,3671524,3675124,3715264,3715624,3716245,3741625,3751264,3761245,3761425,3762145,4127563,4127653,4136275,4152763,4157632,4162375,4162735,4163275,4172356,4172536,4173256,4175623,4176523,4213567,4215367,4217653,4236175,4237615,4251367,4256137,4257163,4261357,4261537,4271563,4271653,4273615,4275163,4316275,4317256,4325617,4325761,4326157,4351726,4352176,4352617,4362571,4371625,4376125,4376215,4512763,4517326,4517632,4521736,4523176,4527163,4531726,4532176,4532617,4561237,4562713,4572361,4576132,4576312,4612357,4612537,4615237,4617523,4625713,4627153,4627513,4632751,4652713,4713625,4716235,4716325,4731625,4735126,4736215,4751326,4752631,4753126,4762135,4762315,5123674,5124736,5126374,5127643,5132476,5136427,5146273,5164273,5172436,5173246,5176342,5213674,5217346,5217436,5231746,5234617,5241763,5246173,5261437,5263471,5263714,5267314,5271463,5271643,5273164,5276413,5312476,5317246,5321746,5326147,5341726,5342617,5346127,5364217,5412763,5417236,5417326,5421763,5426137,5427163,5431726,5432617,5461237,5462713,5463271,5612347,5613427,5614327,5623714,5624173,5627143,5632174,5641273,5642137,5642713,5672314,5714623,5716423,5721364,5723164,5723641,5736124,5743621,5761342,5763142,5763412,5764321,6123457,6123547,6124375,6125347,6125734,6134257,6134572,6135427,6142375,6142735,6143257,6143527,6145327,6152347,6153427,6154327,6174235,6175243,6213475,6214375,6214735,6231475,6234715,6237154,6237415,6241753,6243715,6247135,6247315,6257143,6257431,6271453,6271543,6273415,6274135,6274315,6275143,6314572,6321754,6324715,6327415,6327541,6341572,6345172,6347521,6371524,6375124,6412753,6415273,6421357,6421537,6425137,6425713,6427153,6427513,6432571,6451273,6452713,6457231,6524173,6527143,6527314,6541273,6542173,6542713,6572134,6572314,6751234,6752134,7136245,7145623,7146253,7146523,7152634,7154623,7156234,7156423,7162345,7162435,7163245,7164253,7164523,7165423,7213654,7231654,7235416,7236451,7243516,7245316,7253416,7254316,7316245,7316524,7324516,7325416,7341625,7345216,7351246,7361254,7361425,7362145,7413625,7416235,7416325,7423615,7431625,7435216,7436251,7452316,7453216,7512364,7512634,7513246,7514623,7516423,7521364,7524613,7526341,7531246,7546321,7562413,7563214,7564123,7612435,7613452,7614235,7621345,7621435,7623145,7631452,7634152,7634512,7641523,7643251,7645123,7652413,7654123,7654213	1236457,1237465,1245763,1246753,1247563,1247653,1264753,1273465,1273645,1276345,1276435,1324567,1327645,1346275,1347265,1347526,1362574,1364275,1364725,1367425,1376425,1425763,1427563,1436275,1437265,1452637,1452763,1457236,1457623,1462375,1462735,1463275,1473265,1475623,1524376,1526347,1527436,1542763,1546237,1562473,1562743,1572346,1574263,1624573,1624753,1625743,1627453,1627543,1632754,1634275,1642375,1642735,1643275,1652473,1652743,1654237,1723465,1724365,1724635,1725643,1726453,1726543,1732465,1734256,1736245,1736425,1742563,1745263,1745623,1746523,1754263,1762345,1762435,1763245,1763425,1764325,2134756,2136475,2136745,2137645,2145763,2147563,2173645,2174563,2174653,2176345,2176435,2314576,2315467,2316547,2341576,2341765,2346175,2354761,2364517,2367541,2371465,2371645,2374615,2417365,2417635,2431765,2436175,2436751,2437156,2456137,2457163,2457613,2461735,2463175,2467513,2471563,2471653,2475163,2475613,2476513,2517346,2534761,2543761,2547361,2561743,2564173,2571364,2574163,2576143,2613475,2614375,2614735,2615743,2617453,2617543,2631457,2634157,2645173,2647513,2654173,2713465,2713645,2714365,2714635,2716345,2716435,2731465,2731645,2734615,2736415,2741563,2741653,2743156,2745163,2751634,2754163,2756143,2761453,2761543,2763415,2764135,2764315,2765431,3127645,3145267,3145726,3146275,3152746,3154627,3164275,3165427,3172465,3176245,3217645,3241765,3245617,3246175,3261475,3271465,3271645,3275164,3276415,3276541,3412765,3415267,3415726,3417625,3421765,3425176,3427165,3461275,3461725,3462715,3472615,3475216,3476251,3547621,3617245,3624175,3625471,3625714,3627145,3641275,3642175,3642715,3645127,3647215,3674215,3675241,3675421,3714625,3715246,3716425,3726145,3746125,3762541,3764215,4127365,4127635,4132765,4152637,4156273,4157236,4162573,4162753,4165273,4172563,4172653,4173625,4176235,4176325,4213675,4213765,4217365,4217635,4231657,4236751,4237165,4251736,4256173,4257613,4261573,4261753,4271365,4271635,4273165,4275613,4276153,4312765,4315276,4317625,4321765,4327165,4327651,4361725,4362715,4367521,4371526,4372615,4376251,4512367,4516273,4517263,4526173,4526317,4527613,4561327,4562173,4571623,4572316,4576123,4576213,4612375,4612735,4617235,4617325,4623157,4623715,4627135,4627315,4631725,4632715,4652173,4675123,4715623,4716523,4721365,4726135,4732615,4736251,4751263,4751623,4752136,4756123,4756213,4762351,4762531,4765123,5123647,5124673,5124763,5126473,5162473,5162743,5163274,5172643,5173426,5213476,5217463,5243671,5243716,5247163,5261743,5263147,5263417,5274163,5274316,5276143,5347621,5416273,5417263,5423167,5423671,5426173,5427613,5432761,5437621,5462317,5473621,5476231,5612473,5613247,5614273,5617423,5621473,5621743,5624713,5627413,5641723,5713624,5716243,5723146,5723416,5741623,5742613,5761243,5761423,5762143,6123745,6124573,6124753,6127345,6132457,6134725,6142573,6142753,6143725,6145273,6147325,6154273,6157423,6172345,6172435,6173245,6174253,6174523,6175423,6214573,6214753,6217453,6231547,6234175,6235471,6237145,6241735,6243175,6245713,6247153,6247513,6253471,6254371,6254731,6257134,6257413,6271345,6271435,6273145,6274153,6274513,6275413,6314527,6317245,6324175,6327145,6327514,6341275,6341527,6342175,6342715,6412735,6413275,6417253,6421375,6421735,6423715,6427135,6427315,6431275,6432175,6432715,6451237,6451723,6472135,6475123,6512473,6521743,6524713,6527413,6541723,6542317,6543271,6742135,6751243,6752431,6754231,7134625,7136254,7136425,7143625,7146235,7146325,7152436,7156243,7162453,7163425,7164235,7164325,7165243,7213645,7231456,7234156,7234615,7243615,7246315,7256413,7261345,7261435,7264513,7265413,7314625,7316425,7324615,7326145,7342516,7346125,7362415,7362541,7364125,7364215,7415623,7416253,7416523,7421365,7425613,7426153,7431526,7451623,7452613,7456213,7461235,7465213,7512463,7512643,7516243,7516324,7521346,7524361,7541623,7542361,7542613,7561243,7561423,7562143,7612453,7614253,7614523,7615423,7621453,7623415,7623541,7624315,7625341,7625431,7632415,7634125,7634215,7641325,7642135,7643125,7643215,7651243,7654321	4213675>3675124,4316752>6752134,4512367>2367154	4215673>5673124,4231567>1567324,4256731>6731524,4315267>5267134,4326715>6715234,4352671>2671534,4516723>6723154,4523167>3167254,4531672>1672354	1	-	5906.lswap-945cf8ae5bef.txt~5906.up-d8c6ba46400e.txt
42447316c4f1	7	1236457,1237465,1245763,1246753,1247563,1247653,1254763,1264753,1273465,1273645,1276345,1276435,1324567,1327645,1346275,1347265,1347526,1356724,1362574,1364275,1367254,1367425,1376425,1425763,1427563,1436275,1437265,1452637,1452763,1457236,1457623,1462375,1462735,1463275,1473265,1475623,1476253,1524376,1526347,1527436,1536724,1542763,1546237,1547623,1562473,1562743,1572346,1574263,1624573,1624753,1625473,1625743,1627453,1627543,1632754,1634275,1642375,1642735,1643275,1652473,1652743,1654237,1723465,1724365,1724635,1725643,1726453,1726543,1732465,1734256,1736245,1736425,1742563,1745263,1745623,1746523,1754263,1762345,1762435,1763245,1763425,1764325,2134756,2135674,2136745,2137645,2145763,2147563,2153674,2154763,2173645,2174563,2174653,2176345,2176435,2314576,2315467,2316547,2341576,2341765,2346175,2364517,2367541,2371465,2371645,2374615,2417365,2417635,2431765,2436175,2436751,2437156,2456137,2457163,2457613,2461735,2463175,2467513,2471563,2471653,2475163,2475613,2476513,2513674,2514763,2517346,2543761,2547163,2547613,2561743,2564173,2571364,2574163,2576143,2613475,2614375,2614735,2615743,2617453,2617543,2631457,2634157,2645173,2647513,2654173,2713465,2713645,2714365,2714635,2716345,2716435,2731465,2731645,2734615,2736415,2741563,2741653,2743156,2745163,2751634,2754163,2756143,2761453,2761543,2763415,2764135,2764315,2765431,3127645,3145267,3145726,3146275,3152746,3154627,3164275,3165427,3172465,3176245,3217645,3241765,3245617,3246175,3261475,3271465,3271645,3275164,3276415,3276541,3412765,3415267,3415726,3417625,3421765,3425176,3427165,3461275,3461725,3462715,3472615,3475216,3567214,3617245,3624175,3625714,3627145,3641275,3642175,3642715,3645127,3672154,3672514,3674215,3675241,3675421,3714625,3715246,3716425,3726145,3746125,3762541,3764215,4127365,4127635,4132765,4152637,4156273,4157236,4162573,4162753,4165273,4172563,4172653,4173625,4176235,4176325,4213675,4213765,4217365,4217635,4231657,4236751,4237165,4251736,4256173,4257613,4261573,4261753,4271365,4271635,4273165,4275613,4276153,4312765,4315276,4317625,4321765,4327165,4327651,4361725,4362715,4367521,4371526,4372615,4376251,4512367,4516273,4517263,4526173,4526317,4527613,4561327,4562173,4571623,4572316,4576123,4576213,4612375,4612735,4617235,4617325,4623157,4623715,4627135,4627315,4631725,4632715,4652173,4675123,4715623,4716253,4716523,4726135,4732615,4751263,4751623,4752136,4756123,4756213,4761253,4762153,4762513,4765123,5123647,5124673,5124763,5126473,5136724,5147623,5162473,5162743,5163274,5172643,5173426,5213476,5217463,5243671,5243716,5247163,5261743,5263147,5263417,5274163,5274316,5276143,5367214,5416273,5417263,5423167,5423671,5426173,5427613,5432761,5437621,5462317,5471623,5476123,5476213,5612473,5613247,5614273,5617423,5621473,5621743,5624713,5627413,5641723,5672134,5713624,5716243,5723146,5723416,5741623,5742613,5761243,5761423,5762143,6123745,6124573,6124753,6125473,6127345,6132457,6134725,6142573,6142753,6143725,6145273,6147325,6154273,6157423,6172345,6172435,6173245,6174253,6174523,6175423,6214573,6214753,6215473,6217453,6231547,6234175,6237145,6241735,6243175,6245713,6247153,6247513,6251473,6254371,6254713,6257134,6257413,6271345,6271435,6273145,6274153,6274513,6275413,6314527,6317245,6324175,6327145,6327514,6341275,6341527,6342175,6342715,6412735,6413275,6417253,6421375,6421735,6423715,6427135,6427315,6431275,6432175,6432715,6451237,6451723,6475123,6512473,6521743,6524713,6527413,6541723,6542317,6543271,6721354,6721534,6725134,6742135,6751243,6752431,6754231,7134625,7136254,7136425,7143625,7146235,7146325,7152436,7156243,7162453,7162543,7163425,7164235,7164325,7165243,7213564,7215364,7231456,7234156,7234615,7243615,7246315,7251364,7256413,7261345,7261435,7264513,7265413,7314625,7316425,7324615,7326145,7342516,7346125,7362415,7364125,7364215,7415623,7416253,7416523,7421365,7425613,7426153,7431526,7451623,7452613,7456213,7461235,7465213,7512463,7512643,7516243,7516324,7521346,7524361,7541623,7542361,7542613,7561243,7561423,7562143,7612453,7612543,7614253,7614523,7615423,7621453,7621543,7623415,7624315,7625143,7625431,7632415,7634125,7634215,7641325,7642135,7643125,7643215,7651243,7654321	1234567,1235467,1243765,1247356,1247536,1253467,1257364,1263754,1275643,1276453,1276543,1324756,1342567,1345762,1346725,1347625,1354267,1356427,1362475,1362745,1364257,1367245,1423765,1427365,1432567,1435267,1436725,1437625,1453267,1456273,1457632,1462573,1462753,1465273,1473625,1476235,1523467,1526374,1526734,1527643,1534267,1536427,1543267,1546273,1562374,1564273,1567234,1576342,1623475,1623745,1624375,1624735,1627345,1627435,1632475,1632745,1642573,1642753,1645273,1652734,1654273,1657234,1723546,1724356,1724536,1725346,1725436,1732456,1732546,1734526,1742365,1743526,1745236,1745326,1752463,1756243,1756324,1763452,1765243,1765423,2134675,2134765,2135647,2136754,2143675,2143765,2147365,2153647,2173456,2174356,2174536,2175634,2176543,2314765,2316574,2316754,2317456,2345617,2346157,2347165,2354176,2354617,2361745,2364571,2367154,2371564,2374165,2376145,2413675,2417563,2417653,2435176,2437165,2437615,2451736,2453176,2461753,2471365,2471635,2473165,2473516,2475136,2475316,2513647,2534176,2534617,2541736,2543176,2547631,2561347,2561437,2571463,2571643,2573614,2574361,2576431,2613547,2614357,2614537,2615347,2615437,2634751,2637154,2637514,2673154,2714563,2714653,2715463,2715643,2716453,2716543,2731654,2734165,2736145,2741365,2741635,2743165,2751463,2751643,2754631,2756413,2764153,2764513,2765413,3124756,3145762,3147625,3156724,3162475,3162745,3165274,3165724,3167524,3172456,3172546,3174526,3217456,3217564,3245176,3247165,3247516,3254176,3254761,3256147,3257641,3261457,3261547,3274165,3275461,3415762,3416275,3417256,3425617,3426157,3451762,3452176,3456127,3457612,3461257,3461527,3467215,3471625,3475261,3476215,3512476,3517246,3521746,3526147,3541726,3542617,3546127,3564217,3612574,3614275,3617425,3621475,3624715,3625741,3627415,3642157,3642517,3645721,3671524,3672145,3672415,3675124,3715264,3715624,3716245,3741625,3751264,3761245,3761425,3762145,4127563,4127653,4136275,4136725,4152763,4157632,4162375,4162735,4163275,4172356,4172536,4173256,4175623,4176523,4213567,4215367,4217653,4236175,4237615,4251367,4256137,4257163,4261357,4261537,4271563,4271653,4273615,4275163,4316275,4317256,4325617,4325761,4326157,4351726,4352176,4352617,4362571,4367215,4371625,4376125,4376215,4512763,4517326,4517632,4521736,4523176,4527163,4531726,4532176,4532617,4561237,4562713,4572361,4576132,4576312,4612357,4612537,4615237,4617523,4625713,4627153,4627513,4632751,4652713,4672135,4713625,4716235,4716325,4731625,4735126,4736215,4751326,4752631,4753126,4762135,4762315,4763251,5123674,5124736,5126374,5127643,5132476,5136427,5146273,5164273,5172436,5173246,5176342,5213674,5217346,5217436,5231746,5234617,5241763,5246173,5261437,5263471,5263714,5267314,5271463,5271643,5273164,5276413,5312476,5317246,5321746,5326147,5341726,5342617,5346127,5364217,5412763,5417236,5417326,5421763,5426137,5427163,5431726,5432617,5461237,5462713,5463271,5476321,5612347,5613427,5614327,5623714,5624173,5627143,5632174,5641273,5642137,5642713,5672314,5714623,5716423,5723164,5723641,5736124,5743621,5761342,5763142,5763412,5764321,6123457,6123547,6124375,6125347,6125734,6134257,6134572,6135427,6142375,6142735,6143257,6143527,6145327,6152347,6153427,6154327,6174235,6175243,6213475,6214375,6214735,6231475,6234715,6237154,6237415,6241753,6243715,6247135,6247315,6257143,6257431,6271453,6271543,6273415,6274135,6274315,6275143,6314572,6321754,6324715,6325471,6327415,6327541,6341572,6345172,6347521,6371524,6375124,6412753,6415273,6421357,6421537,6425137,6425713,6427153,6427513,6432571,6451273,6452713,6457231,6524173,6527143,6527314,6541273,6542173,6542713,6572314,6721345,6721435,6724135,6751234,6752134,7136245,7145623,7146253,7146523,7152634,7154623,7156234,7156423,7162345,7162435,7163245,7164253,7164523,7165423,7213465,7214365,7231654,7235416,7236451,7241365,7243516,7245316,7253416,7254316,7316245,7316524,7324516,7325416,7341625,7345216,7351246,7361254,7361425,7362145,7413625,7416235,7416325,7423615,7431625,7435216,7436251,7452316,7453216,7512364,7512634,7513246,7514623,7516423,7521364,7524613,7526341,7531246,7546321,7562413,7563214,7564123,7612435,7613452,7614235,7621345,7621435,7623145,7631452,7632541,7634152,7634512,7641523,7643251,7645123,7652413,7654123,7654213	4215673>5673124,4231567>1567324,4256731>6731524,4315267>5267134,4326715>6715234,4352671>2671534,4516723>6723154,4523167>3167254,4531672>1672354	4213675>3675124,4316752>6752134,4512367>2367154	1	-	5906.lswap-9bf7e32c6472.txt~5906.up-d8c6ba46400e.txt
37003398a949	7	1234567,1235467,1243765,1247356,1247536,1253467,1257364,1263754,1275643,1276453,1276543,1324756,1342567,1345762,1346725,1347625,1354267,1356427,1362475,1362745,1364257,1367245,1423765,1427365,1432567,1435267,1436725,1437625,1453267,1456273,1457632,1462573,1462753,1465273,1473625,1476235,1523467,1526374,1526734,1527643,1534267,1536427,1543267,1546273,1562374,1564273,1567234,1576342,1623475,1623745,1624375,1624735,1627345,1627435,1632475,1632745,1642573,1642753,1645273,1652734,1654273,1657234,1723546,1724356,1724536,1725346,1725436,1732456,1732546,1734526,1742365,1743526,1745236,1745326,1752463,1756243,1756324,1763452,1765243,1765423,2134675,2134765,2135647,2136754,2143675,2143765,2147365,2153647,2173456,2174356,2174536,2175634,2176543,2314765,2316574,2316754,2317456,2345617,2346157,2347165,2354176,2354617,2361745,2364571,2367154,2371564,2374165,2376145,2413675,2417563,2417653,2435176,2437165,2437615,2451736,2453176,2461753,2471365,2471635,2473165,2473516,2475136,2475316,2513647,2534176,2534617,2541736,2543176,2547631,2561347,2561437,2571463,2571643,2573614,2574361,2576431,2613547,2614357,2614537,2615347,2615437,2634751,2637154,2637514,2673154,2714563,2714653,2715463,2715643,2716453,2716543,2731654,2734165,2736145,2741365,2741635,2743165,2751463,2751643,2754631,2756413,2764153,2764513,2765413,3124756,3145762,3147625,3156724,3162475,3162745,3165274,3165724,3167524,3172456,3172546,3174526,3217456,3217564,3245176,3247165,3247516,3254176,3254761,3256147,3257641,3261457,3261547,3274165,3275461,3415762,3416275,3417256,3425617,3426157,3451762,3452176,3456127,3457612,3461257,3461527,3467215,3471625,3475261,3476215,3512476,3517246,3521746,3526147,3541726,3542617,3546127,3564217,3612574,3614275,3617425,3621475,3624715,3625741,3627415,3642157,3642517,3645721,3671524,3672145,3672415,3675124,3715264,3715624,3716245,3741625,3751264,3761245,3761425,3762145,4127563,4127653,4136275,4136725,4152763,4157632,4162375,4162735,4163275,4172356,4172536,4173256,4175623,4176523,4213567,4215367,4217653,4236175,4237615,4251367,4256137,4257163,4261357,4261537,4271563,4271653,4273615,4275163,4316275,4317256,4325617,4325761,4326157,4351726,4352176,4352617,4362571,4367215,4371625,4376125,4376215,4512763,4517326,4517632,4521736,4523176,4527163,4531726,4532176,4532617,4561237,4562713,4572361,4576132,4576312,4612357,4612537,4615237,4617523,4625713,4627153,4627513,4632751,4652713,4672135,4713625,4716235,4716325,4731625,4735126,4736215,4751326,4752631,4753126,4762135,4762315,4763251,5123674,5124736,5126374,5127643,5132476,5136427,5146273,5164273,5172436,5173246,5176342,5213674,5217346,5217436,5231746,5234617,5241763,5246173,5261437,5263471,5263714,5267314,5271463,5271643,5273164,5276413,5312476,5317246,5321746,5326147,5341726,5342617,5346127,5364217,5412763,5417236,5417326,5421763,5426137,5427163,5431726,5432617,5461237,5462713,5463271,5476321,5612347,5613427,5614327,5623714,5624173,5627143,5632174,5641273,5642137,5642713,5672314,5714623,5716423,5723164,5723641,5736124,5743621,5761342,5763142,5763412,5764321,6123457,6123547,6124375,6125347,6125734,6134257,6134572,6135427,6142375,6142735,6143257,6143527,6145327,6152347,6153427,6154327,6174235,6175243,6213475,6214375,6214735,6231475,6234715,6237154,6237415,6241753,6243715,6247135,6247315,6257143,6257431,6271453,6271543,6273415,6274135,6274315,6275143,6314572,6321754,6324715,6325471,6327415,6327541,6341572,6345172,6347521,6371524,6375124,6412753,6415273,6421357,6421537,6425137,6425713,6427153,6427513,6432571,6451273,6452713,6457231,6524173,6527143,6527314,6541273,6542173,6542713,6572314,6721345,6721435,6724135,6751234,6752134,7136245,7145623,7146253,7146523,7152634,7154623,7156234,7156423,7162345,7162435,7163245,7164253,7164523,7165423,7213465,7214365,7231654,7235416,7236451,7241365,7243516,7245316,7253416,7254316,7316245,7316524,7324516,7325416,7341625,7345216,7351246,7361254,7361425,7362145,7413625,7416235,7416325,7423615,7431625,7435216,7436251,7452316,7453216,7512364,7512634,7513246,7514623,7516423,7521364,7524613,7526341,7531246,7546321,7562413,7563214,7564123,7612435,7613452,7614235,7621345,7621435,7623145,7631452,7632541,7634152,7634512,7641523,7643251,7645123,7652413,7654123,7654213	1236457,1237465,1245763,1246753,1247563,1247653,1254763,1264753,1273465,1273645,1276345,1276435,1324567,1327645,1346275,1347265,1347526,1356724,1362574,1364275,1367254,1367425,1376425,1425763,1427563,1436275,1437265,1452637,1452763,1457236,1457623,1462375,1462735,1463275,1473265,1475623,1476253,1524376,1526347,1527436,1536724,1542763,1546237,1547623,1562473,1562743,1572346,1574263,1624573,1624753,1625473,1625743,1627453,1627543,1632754,1634275,1642375,1642735,1643275,1652473,1652743,1654237,1723465,1724365,1724635,1725643,1726453,1726543,1732465,1734256,1736245,1736425,1742563,1745263,1745623,1746523,1754263,1762345,1762435,1763245,1763425,1764325,2134756,2135674,2136745,2137645,2145763,2147563,2153674,2154763,2173645,2174563,2174653,2176345,2176435,2314576,2315467,2316547,2341576,2341765,2346175,2364517,2367541,2371465,2371645,2374615,2417365,2417635,2431765,2436175,2436751,2437156,2456137,2457163,2457613,2461735,2463175,2467513,2471563,2471653,2475163,2475613,2476513,2513674,2514763,2517346,2543761,2547163,2547613,2561743,2564173,2571364,2574163,2576143,2613475,2614375,2614735,2615743,2617453,2617543,2631457,2634157,2645173,2647513,2654173,2713465,2713645,2714365,2714635,2716345,2716435,2731465,2731645,2734615,2736415,2741563,2741653,2743156,2745163,2751634,2754163,2756143,2761453,2761543,2763415,2764135,2764315,2765431,3127645,3145267,3145726,3146275,3152746,3154627,3164275,3165427,3172465,3176245,3217645,3241765,3245617,3246175,3261475,3271465,3271645,3275164,3276415,3276541,3412765,3415267,3415726,3417625,3421765,3425176,3427165,3461275,3461725,3462715,3472615,3475216,3567214,3617245,3624175,3625714,3627145,3641275,3642175,3642715,3645127,3672154,3672514,3674215,3675241,3675421,3714625,3715246,3716425,3726145,3746125,3762541,3764215,4127365,4127635,4132765,4152637,4156273,4157236,4162573,4162753,4165273,4172563,4172653,4173625,4176235,4176325,4213675,4213765,4217365,4217635,4231657,4236751,4237165,4251736,4256173,4257613,4261573,4261753,4271365,4271635,4273165,4275613,4276153,4312765,4315276,4317625,4321765,4327165,4327651,4361725,4362715,4367521,4371526,4372615,4376251,4512367,4516273,4517263,4526173,4526317,4527613,4561327,4562173,4571623,4572316,4576123,4576213,4612375,4612735,4617235,4617325,4623157,4623715,4627135,4627315,4631725,4632715,4652173,4675123,4715623,4716253,4716523,4726135,4732615,4751263,4751623,4752136,4756123,4756213,4761253,4762153,4762513,4765123,5123647,5124673,5124763,5126473,5136724,5147623,5162473,5162743,5163274,5172643,5173426,5213476,5217463,5243671,5243716,5247163,5261743,5263147,5263417,5274163,5274316,5276143,5367214,5416273,5417263,5423167,5423671,5426173,5427613,5432761,5437621,5462317,5471623,5476123,5476213,5612473,5613247,5614273,5617423,5621473,5621743,5624713,5627413,5641723,5672134,5713624,5716243,5723146,5723416,5741623,5742613,5761243,5761423,5762143,6123745,6124573,6124753,6125473,6127345,6132457,6134725,6142573,6142753,6143725,6145273,6147325,6154273,6157423,6172345,6172435,6173245,6174253,6174523,6175423,6214573,6214753,6215473,6217453,6231547,6234175,6237145,6241735,6243175,6245713,6247153,6247513,6251473,6254371,6254713,6257134,6257413,6271345,6271435,6273145,6274153,6274513,6275413,6314527,6317245,6324175,6327145,6327514,6341275,6341527,6342175,6342715,6412735,6413275,6417253,6421375,6421735,6423715,6427135,6427315,6431275,6432175,6432715,6451237,6451723,6475123,6512473,6521743,6524713,6527413,6541723,6542317,6543271,6721354,6721534,6725134,6742135,6751243,6752431,6754231,7134625,7136254,7136425,7143625,7146235,7146325,7152436,7156243,7162453,7162543,7163425,7164235,7164325,7165243,7213564,7215364,7231456,7234156,7234615,7243615,7246315,7251364,7256413,7261345,7261435,7264513,7265413,7314625,7316425,7324615,7326145,7342516,7346125,7362415,7364125,7364215,7415623,7416253,7416523,7421365,7425613,7426153,7431526,7451623,7452613,7456213,7461235,7465213,7512463,7512643,7516243,7516324,7521346,7524361,7541623,7542361,7542613,7561243,7561423,7562143,7612453,7612543,7614253,7614523,7615423,7621453,7621543,7623415,7624315,7625143,7625431,7632415,7634125,7634215,7641325,7642135,7643125,7643215,7651243,7654321	4213675>3675124,4316752>6752134,4512367>2367154	4215673>5673124,4231567>1567324,4256731>6731524,4315267>5267134,4326715>6715234,4352671>2671534,4516723>6723154,4523167>3167254,4531672>1672354	1	-	5906.lswap-9bf7e32c6472.txt~5906.up-d8c6ba46400e.txt
535af5f8d015	7	1236457,1237465,1245763,1246753,1247563,1247653,1267354,1267534,1273465,1273645,1276345,1276435,1324567,1326754,1327645,1346275,1347265,1347526,1356724,1362574,1364275,1367254,1367425,1376425,1425763,1427563,1436275,1437265,1452637,1452763,1457236,1457623,1462375,1462735,1463275,1473265,1475623,1524376,1526347,1527436,1536724,1542763,1546237,1562473,1562743,1572346,1574263,1624573,1624753,1625743,1627453,1627543,1632754,1634275,1642375,1642735,1643275,1652473,1652743,1654237,1723465,1724365,1724635,1725643,1726453,1726543,1732465,1734256,1736245,1736425,1742563,1745263,1745623,1746523,1754263,1762345,1762435,1763245,1763425,1764325,2134756,2135674,2136745,2137645,2145763,2147563,2153674,2173645,2174563,2174653,2176345,2176435,2314576,2315467,2316547,2341576,2341765,2346175,2354761,2364517,2367541,2371465,2371645,2374615,2417365,2417635,2431765,2436175,2436751,2437156,2456137,2457163,2457613,2461735,2463175,2467513,2471563,2471653,2475163,2475613,2476513,2513674,2517346,2534761,2543761,2547361,2561743,2564173,2571364,2574163,2576143,2613475,2614375,2614735,2615743,2617453,2617543,2631457,2634157,2645173,2654173,2673514,2675134,2675314,2713465,2713645,2714365,2714635,2716345,2716435,2731465,2731645,2734615,2736415,2741563,2741653,2743156,2745163,2751634,2754163,2756143,2761453,2761543,2763415,2764135,2764315,2765431,3126754,3127645,3145267,3145726,3146275,3152746,3154627,3164275,3165427,3172465,3176245,3217645,3241765,3245617,3246175,3261475,3267514,3271465,3271645,3275164,3276415,3276541,3412765,3415267,3415726,3417625,3421765,3425176,3427165,3461275,3461725,3462715,3472615,3475216,3476251,3512674,3547621,3567214,3617245,3624175,3625471,3625714,3627145,3641275,3642175,3642715,3645127,3672154,3672514,3674215,3675241,3675421,3714625,3715246,3716425,3726145,3746125,3762541,3764215,4127365,4127635,4132765,4152637,4156273,4157236,4162573,4162753,4165273,4172563,4172653,4173625,4176235,4176325,4213675,4213765,4217365,4217635,4231657,4236751,4237165,4251736,4256173,4257613,4261573,4261753,4271365,4271635,4273165,4275613,4276153,4312765,4315276,4317625,4321765,4327165,4327651,4361725,4362715,4367521,4371526,4372615,4376251,4512367,4516273,4517263,4526173,4526317,4527613,4561327,4562173,4571623,4572316,4576123,4576213,4612375,4612735,4617235,4617325,4623157,4623715,4627135,4627315,4631725,4632715,4652173,4675123,4715623,4716523,4726135,4732615,4736251,4751623,4752136,4756123,4756213,4762351,4762531,4765123,5123647,5124673,5124763,5126734,5132674,5136724,5162473,5162743,5163274,5172643,5173426,5213476,5217463,5243671,5243716,5247163,5261743,5263147,5263417,5274163,5274316,5276143,5312674,5347621,5367214,5416273,5417263,5423167,5423671,5426173,5427613,5432761,5437621,5462317,5473621,5476231,5612473,5613247,5614273,5617423,5621473,5621743,5624713,5627413,5641723,5672134,5713624,5716243,5723146,5723416,5741623,5742613,5761243,5761423,5762143,6123745,6124573,6124753,6127345,6132457,6134725,6142573,6142753,6143725,6145273,6147325,6154273,6157423,6172345,6172435,6173245,6174253,6174523,6175423,6214573,6214753,6217453,6231547,6234175,6235471,6237145,6241735,6243175,6245713,6247153,6247513,6253471,6254371,6254731,6257134,6257413,6271345,6271435,6273145,6274153,6274513,6275413,6314527,6317245,6324175,6327145,6327514,6341275,6341527,6342175,6342715,6412735,6413275,6417253,6421375,6421735,6423715,6427135,6427315,6431275,6432175,6432715,6451237,6451723,6512473,6521743,6524713,6527413,6541723,6542317,6543271,6721354,6721534,6725134,6735124,6742135,6751243,6751324,6752431,6753124,6754231,7134625,7136254,7136425,7143625,7146235,7146325,7152436,7156243,7162453,7163425,7164235,7164325,7165243,7213564,7215364,7231456,7234156,7234615,7243615,7246315,7251364,7256413,7261345,7261435,7264513,7265413,7314625,7316425,7324615,7326145,7342516,7346125,7351264,7362415,7362541,7364125,7364215,7415623,7416253,7416523,7421365,7425613,7426153,7431526,7451623,7452613,7456213,7461235,7465213,7512463,7513264,7516243,7516324,7521346,7524361,7531264,7541623,7542361,7542613,7561243,7561423,7562143,7612453,7614253,7614523,7615423,7621453,7623415,7623541,7624315,7625341,7625431,7632415,7634125,7634215,7641325,7642135,7643125,7643215,7651243,7654321	1234567,1235467,1243765,1247356,1247536,1253467,1257364,1267453,1267543,1275643,1276453,1276543,1324756,1342567,1345762,1346725,1347625,1354267,1356427,1362475,1362745,1364257,1367245,1423765,1426753,1427365,1432567,1435267,1436725,1437625,1453267,1456273,1457632,1462573,1462753,1465273,1473625,1476235,1523467,1526374,1526734,1527643,1534267,1536427,1543267,1546273,1562374,1564273,1567234,1576342,1623475,1623745,1624375,1624735,1627345,1627435,1632475,1632745,1642573,1642753,1645273,1652734,1654273,1657234,1723546,1724356,1724536,1725346,1725436,1732456,1732546,1734526,1742365,1743526,1745236,1745326,1752463,1756243,1756324,1763452,1765243,1765423,2134675,2134765,2135647,2136754,2143675,2143765,2147365,2153647,2173456,2174356,2174536,2175634,2176543,2314765,2316574,2316754,2317456,2345617,2346157,2347165,2354176,2354617,2361745,2364571,2367154,2371564,2374165,2376145,2413675,2417563,2417653,2435176,2437165,2437615,2451736,2453176,2461753,2471365,2471635,2473165,2473516,2475136,2475316,2513647,2534176,2534617,2541736,2543176,2561347,2561437,2571463,2571643,2573614,2574361,2576431,2613547,2614357,2614537,2615347,2615437,2634751,2637154,2673154,2674513,2675143,2675413,2714563,2714653,2715463,2715643,2716453,2716543,2731654,2734165,2736145,2741365,2741635,2743165,2751463,2751643,2754631,2756413,2764153,2764513,2765413,3124756,3145762,3147625,3156724,3162475,3162745,3165274,3165724,3167524,3172456,3172546,3174526,3217456,3217564,3245176,3247165,3247516,3254176,3256147,3257641,3261457,3261547,3274165,3275461,3415762,3416275,3417256,3425617,3426157,3451762,3452176,3456127,3457612,3461257,3461527,3467215,3471625,3475261,3476215,3512476,3517246,3521746,3526147,3541726,3542617,3546127,3564217,3612574,3614275,3617425,3621475,3624715,3625741,3627415,3642157,3642517,3645721,3671524,3672145,3672415,3675124,3715264,3715624,3716245,3741625,3761245,3761425,3762145,4126753,4127563,4127653,4136275,4136725,4152763,4157632,4162375,4162735,4163275,4172356,4172536,4173256,4175623,4176523,4213567,4215367,4217653,4236175,4237615,4251367,4256137,4257163,4261357,4261537,4267513,4271563,4271653,4273615,4275163,4316275,4317256,4325617,4325761,4326157,4351726,4352176,4352617,4362571,4367215,4371625,4376125,4376215,4512673,4512763,4517326,4517632,4521736,4523176,4527163,4531726,4532176,4532617,4561237,4562713,4572361,4576132,4576312,4612357,4612537,4615237,4617523,4625713,4627153,4627513,4632751,4652713,4672135,4713625,4716235,4716325,4731625,4735126,4736215,4751326,4752631,4753126,4762135,4762315,5123674,5124736,5126743,5127643,5132476,5136427,5142673,5146273,5164273,5172436,5173246,5176342,5213674,5217346,5217436,5231746,5234617,5241763,5246173,5261437,5263471,5263714,5267314,5271463,5271643,5273164,5276413,5312476,5317246,5321746,5326147,5341726,5342617,5346127,5364217,5412673,5412763,5417236,5417326,5421763,5426137,5427163,5431726,5432617,5461237,5462713,5463271,5612347,5613427,5614327,5623714,5624173,5627143,5632174,5641273,5642137,5642713,5672314,5714623,5716423,5723164,5723641,5736124,5743621,5761342,5763142,5763412,5764321,6123457,6123547,6124375,6125347,6125734,6134257,6134572,6135427,6142375,6142735,6143257,6143527,6145327,6152347,6153427,6154327,6174235,6175243,6213475,6214375,6214735,6231475,6234715,6237154,6237415,6241753,6243715,6247135,6247315,6257143,6257431,6271453,6271543,6273415,6274135,6274315,6275143,6314572,6321754,6324715,6327415,6327541,6341572,6345172,6347521,6371524,6412753,6415273,6421357,6421537,6425137,6425713,6427153,6427513,6432571,6451273,6452713,6457231,6524173,6527143,6527314,6541273,6542173,6542713,6572314,6721345,6721435,6724135,6745123,6751234,6751423,6752134,6754123,7136245,7145623,7146253,7146523,7152634,7154623,7156234,7156423,7162345,7162435,7163245,7164253,7164523,7165423,7213465,7214365,7231654,7235416,7236451,7241365,7243516,7245316,7253416,7254316,7316245,7316524,7324516,7325416,7341625,7345216,7351246,7361254,7361425,7362145,7413625,7416235,7416325,7423615,7431625,7435216,7436251,7451263,7452316,7453216,7512364,7513246,7514263,7514623,7516423,7521364,7524613,7526341,7531246,7541263,7546321,7562413,7563214,7564123,7612435,7613452,7614235,7621345,7621435,7623145,7631452,7634152,7634512,7641523,7643251,7645123,7652413,7654123,7654213	4215673>5673124,4231567>1567324,4256731>6731524,4315267>5267134,4326715>6715234,4352671>2671534,4516723>6723154,4523167>3167254,4531672>1672354	4213675>3675124,4316752>6752134,4512367>2367154	1	-	5906.lswap-9f885c2a5e20.txt~5906.up-d8c6ba46400e.txt
35bbec47e33d	7	1234567,1235467,1243765,1247356,1247536,1253467,1257364,1267453,1267543,1275643,1276453,1276543,1324756,1342567,1345762,1346725,1347625,1354267,1356427,1362475,1362745,1364257,1367245,1423765,1426753,1427365,1432567,1435267,1436725,1437625,1453267,1456273,1457632,1462573,1462753,1465273,1473625,1476235,1523467,1526374,1526734,1527643,1534267,1536427,1543267,1546273,1562374,1564273,1567234,1576342,1623475,1623745,1624375,1624735,1627345,1627435,1632475,1632745,1642573,1642753,1645273,1652734,1654273,1657234,1723546,1724356,1724536,1725346,1725436,1732456,1732546,1734526,1742365,1743526,1745236,1745326,1752463,1756243,1756324,1763452,1765243,1765423,2134675,2134765,2135647,2136754,2143675,2143765,2147365,2153647,2173456,2174356,2174536,2175634,2176543,2314765,2316574,2316754,2317456,2345617,2346157,2347165,2354176,2354617,2361745,2364571,2367154,2371564,2374165,2376145,2413675,2417563,2417653,2435176,2437165,2437615,2451736,2453176,2461753,2471365,2471635,2473165,2473516,2475136,2475316,2513647,2534176,2534617,2541736,2543176,2561347,2561437,2571463,2571643,2573614,2574361,2576431,2613547,2614357,2614537,2615347,2615437,2634751,2637154,2673154,2674513,2675143,2675413,2714563,2714653,2715463,2715643,2716453,2716543,2731654,2734165,2736145,2741365,2741635,2743165,2751463,2751643,2754631,2756413,2764153,2764513,2765413,3124756,3145762,3147625,3156724,3162475,3162745,3165274,3165724,3167524,3172456,3172546,3174526,3217456,3217564,3245176,3247165,3247516,3254176,3256147,3257641,3261457,3261547,3274165,3275461,3415762,3416275,3417256,3425617,3426157,3451762,3452176,3456127,3457612,3461257,3461527,3467215,3471625,3475261,3476215,3512476,3517246,3521746,3526147,3541726,3542617,3546127,3564217,3612574,3614275,3617425,3621475,3624715,3625741,3627415,3642157,3642517,3645721,3671524,3672145,3672415,3675124,3715264,3715624,3716245,3741625,3761245,3761425,3762145,4126753,4127563,4127653,4136275,4136725,4152763,4157632,4162375,4162735,4163275,4172356,4172536,4173256,4175623,4176523,4213567,4215367,4217653,4236175,4237615,4251367,4256137,4257163,4261357,4261537,4267513,4271563,4271653,4273615,4275163,4316275,4317256,4325617,4325761,4326157,4351726,4352176,4352617,4362571,4367215,4371625,4376125,4376215,4512673,4512763,4517326,4517632,4521736,4523176,4527163,4531726,4532176,4532617,4561237,4562713,4572361,4576132,4576312,4612357,4612537,4615237,4617523,4625713,4627153,4627513,4632751,4652713,4672135,4713625,4716235,4716325,4731625,4735126,4736215,4751326,4752631,4753126,4762135,4762315,5123674,5124736,5126743,5127643,5132476,5136427,5142673,5146273,5164273,5172436,5173246,5176342,5213674,5217346,5217436,5231746,5234617,5241763,5246173,5261437,5263471,5263714,5267314,5271463,5271643,5273164,5276413,5312476,5317246,5321746,5326147,5341726,5342617,5346127,5364217,5412673,5412763,5417236,5417326,5421763,5426137,5427163,5431726,5432617,5461237,5462713,5463271,5612347,5613427,5614327,5623714,5624173,5627143,5632174,5641273,5642137,5642713,5672314,5714623,5716423,5723164,5723641,5736124,5743621,5761342,5763142,5763412,5764321,6123457,6123547,6124375,6125347,6125734,6134257,6134572,6135427,6142375,6142735,6143257,6143527,6145327,6152347,6153427,6154327,6174235,6175243,6213475,6214375,6214735,6231475,6234715,6237154,6237415,6241753,6243715,6247135,6247315,6257143,6257431,6271453,6271543,6273415,6274135,6274315,6275143,6314572,6321754,6324715,6327415,6327541,6341572,6345172,6347521,6371524,6412753,6415273,6421357,6421537,6425137,6425713,6427153,6427513,6432571,6451273,6452713,6457231,6524173,6527143,6527314,6541273,6542173,6542713,6572314,6721345,6721435,6724135,6745123,6751234,6751423,6752134,6754123,7136245,7145623,7146253,7146523,7152634,7154623,7156234,7156423,7162345,7162435,7163245,7164253,7164523,7165423,7213465,7214365,7231654,7235416,7236451,7241365,7243516,7245316,7253416,7254316,7316245,7316524,7324516,7325416,7341625,7345216,7351246,7361254,7361425,7362145,7413625,7416235,7416325,7423615,7431625,7435216,7436251,7451263,7452316,7453216,7512364,7513246,7514263,7514623,7516423,7521364,7524613,7526341,7531246,7541263,7546321,7562413,7563214,7564123,7612435,7613452,7614235,7621345,7621435,7623145,7631452,7634152,7634512,7641523,7643251,7645123,7652413,7654123,7654213	1236457,1237465,1245763,1246753,1247563,1247653,1267354,1267534,1273465,1273645,1276345,1276435,1324567,1326754,1327645,1346275,1347265,1347526,1356724,1362574,1364275,1367254,1367425,1376425,1425763,1427563,1436275,1437265,1452637,1452763,1457236,1457623,1462375,1462735,1463275,1473265,1475623,1524376,1526347,1527436,1536724,1542763,1546237,1562473,1562743,1572346,1574263,1624573,1624753,1625743,1627453,1627543,1632754,1634275,1642375,1642735,1643275,1652473,1652743,1654237,1723465,1724365,1724635,1725643,1726453,1726543,1732465,1734256,1736245,1736425,1742563,1745263,1745623,1746523,1754263,1762345,1762435,1763245,1763425,1764325,2134756,2135674,2136745,2137645,2145763,2147563,2153674,2173645,2174563,2174653,2176345,2176435,2314576,2315467,2316547,2341576,2341765,2346175,2354761,2364517,2367541,2371465,2371645,2374615,2417365,2417635,2431765,2436175,2436751,2437156,2456137,2457163,2457613,2461735,2463175,2467513,2471563,2471653,2475163,2475613,2476513,2513674,2517346,2534761,2543761,2547361,2561743,2564173,2571364,2574163,2576143,2613475,2614375,2614735,2615743,2617453,2617543,2631457,2634157,2645173,2654173,2673514,2675134,2675314,2713465,2713645,2714365,2714635,2716345,2716435,2731465,2731645,2734615,2736415,2741563,2741653,2743156,2745163,2751634,2754163,2756143,2761453,2761543,2763415,2764135,2764315,2765431,3126754,3127645,3145267,3145726,3146275,3152746,3154627,3164275,3165427,3172465,3176245,3217645,3241765,3245617,3246175,3261475,3267514,3271465,3271645,3275164,3276415,3276541,3412765,3415267,3415726,3417625,3421765,3425176,3427165,3461275,3461725,3462715,3472615,3475216,3476251,3512674,3547621,3567214,3617245,3624175,3625471,3625714,3627145,3641275,3642175,3642715,3645127,3672154,3672514,3674215,3675241,3675421,3714625,3715246,3716425,3726145,3746125,3762541,3764215,4127365,4127635,4132765,4152637,4156273,4157236,4162573,4162753,4165273,4172563,4172653,4173625,4176235,4176325,4213675,4213765,4217365,4217635,4231657,4236751,4237165,4251736,4256173,4257613,4261573,4261753,4271365,4271635,4273165,4275613,4276153,4312765,4315276,4317625,4321765,4327165,4327651,4361725,4362715,4367521,4371526,4372615,4376251,4512367,4516273,4517263,4526173,4526317,4527613,4561327,4562173,4571623,4572316,4576123,4576213,4612375,4612735,4617235,4617325,4623157,4623715,4627135,4627315,4631725,4632715,4652173,4675123,4715623,4716523,4726135,4732615,4736251,4751623,4752136,4756123,4756213,4762351,4762531,4765123,5123647,5124673,5124763,5126734,5132674,5136724,5162473,5162743,5163274,5172643,5173426,5213476,5217463,5243671,5243716,5247163,5261743,5263147,5263417,5274163,5274316,5276143,5312674,5347621,5367214,5416273,5417263,5423167,5423671,5426173,5427613,5432761,5437621,5462317,5473621,5476231,5612473,5613247,5614273,5617423,5621473,5621743,5624713,5627413,5641723,5672134,5713624,5716243,5723146,5723416,5741623,5742613,5761243,5761423,5762143,6123745,6124573,6124753,6127345,6132457,6134725,6142573,6142753,6143725,6145273,6147325,6154273,6157423,6172345,6172435,6173245,6174253,6174523,6175423,6214573,6214753,6217453,6231547,6234175,6235471,6237145,6241735,6243175,6245713,6247153,6247513,6253471,6254371,6254731,6257134,6257413,6271345,6271435,6273145,6274153,6274513,6275413,6314527,6317245,6324175,6327145,6327514,6341275,6341527,6342175,6342715,6412735,6413275,6417253,6421375,6421735,6423715,6427135,6427315,6431275,6432175,6432715,6451237,6451723,6512473,6521743,6524713,6527413,6541723,6542317,6543271,6721354,6721534,6725134,6735124,6742135,6751243,6751324,6752431,6753124,6754231,7134625,7136254,7136425,7143625,7146235,7146325,7152436,7156243,7162453,7163425,7164235,7164325,7165243,7213564,7215364,7231456,7234156,7234615,7243615,7246315,7251364,7256413,7261345,7261435,7264513,7265413,7314625,7316425,7324615,7326145,7342516,7346125,7351264,7362415,7362541,7364125,7364215,7415623,7416253,7416523,7421365,7425613,7426153,7431526,7451623,7452613,7456213,7461235,7465213,7512463,7513264,7516243,7516324,7521346,7524361,7531264,7541623,7542361,7542613,7561243,7561423,7562143,7612453,7614253,7614523,7615423,7621453,7623415,7623541,7624315,7625341,7625431,7632415,7634125,7634215,7641325,7642135,7643125,7643215,7651243,7654321	4213675>3675124,4316752>6752134,4512367>2367154	4215673>5673124,4231567>1567324,4256731>6731524,4315267>5267134,4326715>6715234,4352671>2671534,4516723>6723154,4523167>3167254,4531672>1672354	1	-	5906.lswap-9f885c2a5e20.txt~5906.up-d8c6ba46400e.txt
5cd3cbbb1e5a	7	1236457,1237465,1245763,1246753,1247563,1247653,1267354,1267534,1273465,1273645,1276345,1276435,1324567,1326754,1327645,1345276,1347265,1347526,1364275,1364725,1367425,1376425,1425763,1427563,1437265,1452637,1452763,1457236,1457623,1473265,1475623,1524376,1526347,1542763,1562473,1572346,1574263,1623457,1624573,1624753,1634275,1642375,1642735,1643275,1652473,1654237,1723465,1724365,1724635,1725643,1726453,1726543,1732465,1734256,1736245,1736425,1742563,1745263,1745623,1746523,1754263,1762345,1762435,1763245,1763425,1764325,2134756,2136475,2136745,2137645,2145763,2147563,2173645,2174563,2174653,2176345,2176435,2314576,2316547,2341576,2341765,2345167,2346175,2354761,2364517,2367541,2371645,2374615,2417365,2417635,2431765,2436175,2436751,2437156,2456137,2457163,2457613,2461735,2463175,2467513,2471563,2471653,2475163,2475613,2476513,2517346,2534761,2543761,2547361,2561743,2564173,2576143,2613475,2614375,2614735,2615743,2617453,2617543,2631457,2634157,2645173,2654173,2673514,2675134,2675314,2713456,2713645,2716345,2716435,2731645,2734615,2736415,2756143,2761453,2761543,2763415,2764135,2764315,2765431,3126754,3127645,3145267,3145726,3164275,3165427,3172465,3176245,3217645,3241765,3245617,3246175,3261475,3267514,3271645,3276415,3276541,3412765,3415267,3415726,3417625,3421765,3425176,3427165,3451627,3452716,3461275,3461725,3472615,3475216,3476251,3512674,3547621,3617245,3624175,3625471,3641275,3642175,3642715,3645127,3647215,3674215,3675241,3675421,3715246,3716425,3726145,3746125,3762541,3764215,4127365,4127635,4132765,4152637,4157236,4172563,4172653,4173625,4176235,4176325,4213675,4213765,4217365,4217635,4231657,4236751,4237165,4251736,4256173,4257613,4261573,4261753,4271365,4271635,4273165,4275613,4276153,4312765,4317625,4321765,4327165,4327651,4361725,4367521,4371526,4372615,4376251,4512367,4516237,4517263,4526173,4526317,4527136,4527613,4561327,4562173,4571623,4572316,4576123,4576213,4612375,4612735,4617235,4617325,4631725,4652173,4675123,4715623,4716523,4721365,4726135,4732615,4736251,4751623,4752136,4756123,4756213,4762351,4762531,4765123,5123647,5124673,5124763,5126734,5132674,5162347,5162473,5172643,5173426,5213476,5217463,5243671,5243716,5247163,5261743,5263147,5263417,5271346,5276143,5312674,5347621,5417263,5423167,5423671,5426173,5427613,5432761,5437621,5473621,5476231,5612473,5613247,5614273,5617423,5621473,5621743,5624713,5641723,5716243,5723146,5723416,5742613,5761243,5761423,5762143,6123745,6124573,6124753,6127345,6132457,6134725,6142573,6142753,6143725,6145273,6147325,6154273,6157423,6172345,6172435,6173245,6174253,6174523,6175423,6214573,6214753,6217453,6234175,6234517,6235471,6241735,6243175,6245713,6247153,6247513,6253471,6254371,6254731,6314527,6317245,6324175,6341275,6341527,6342175,6342715,6412735,6413275,6417253,6421375,6421735,6423715,6427135,6427315,6431275,6432175,6432715,6451237,6451723,6472135,6512473,6521743,6524713,6541723,6542317,6543271,6735124,6742135,6751243,6751324,6752431,6753124,6754231,7134526,7136425,7152436,7156243,7162453,7163425,7164235,7164325,7165243,7213645,7231456,7234156,7234615,7243615,7246315,7256413,7261345,7261435,7264513,7265413,7316425,7324615,7326145,7342516,7346125,7351264,7362415,7362541,7364125,7364215,7421365,7425613,7426153,7452613,7456213,7461235,7465213,7512463,7513264,7516243,7521346,7524361,7531264,7542361,7542613,7561243,7561423,7562143,7612453,7614253,7614523,7615423,7621453,7623415,7623541,7624315,7625341,7625431,7632415,7634125,7634215,7641325,7642135,7643125,7643215,7651243,7654321	1234567,1235467,1243765,1247356,1247536,1253467,1257364,1267453,1267543,1275643,1276453,1276543,1324756,1342567,1345762,1347625,1354267,1356427,1362475,1364257,1365724,1423765,1426753,1427365,1432567,1435267,1437625,1453267,1457632,1473625,1476235,1523467,1526374,1526734,1527643,1534267,1536427,1543267,1562374,1564273,1567234,1576342,1623475,1624375,1624735,1632475,1642573,1642753,1645273,1652734,1654273,1657234,1723546,1724356,1724536,1725346,1725436,1732456,1732546,1734526,1742365,1743526,1745236,1745326,1752463,1756243,1756324,1763452,1765243,1765423,2134765,2135647,2136574,2136754,2143765,2147365,2153647,2173456,2174356,2174536,2175634,2176543,2314765,2316574,2316754,2317456,2345617,2346157,2347165,2354176,2354617,2361745,2364571,2367154,2371564,2376145,2417563,2417653,2435176,2437165,2437615,2451736,2453176,2461753,2471365,2471635,2473165,2473516,2475136,2475316,2513647,2534176,2534617,2541736,2543176,2561347,2561437,2571643,2573614,2576431,2613547,2614357,2614537,2615347,2615437,2634751,2637154,2673154,2674513,2675143,2675413,2715643,2716453,2716543,2731654,2736145,2751643,2756413,2764153,2764513,2765413,3124756,3145762,3147625,3156724,3162475,3165274,3165724,3167524,3172456,3172546,3174526,3217456,3217564,3245176,3247165,3247516,3254176,3256147,3257641,3261457,3261547,3415762,3417256,3425617,3426157,3451762,3452176,3456127,3457612,3461257,3461527,3471625,3475261,3476215,3512476,3517246,3521746,3526147,3541726,3542617,3546127,3564217,3612574,3614275,3617425,3621475,3624715,3642157,3642517,3645721,3657214,3671524,3675124,3715264,3715624,3716245,3761245,3761425,3762145,4126753,4127563,4127653,4152763,4157632,4172356,4172536,4173256,4175623,4176523,4213567,4215367,4217653,4236175,4237615,4251367,4256137,4257163,4261357,4261537,4267513,4271563,4271653,4273615,4275163,4317256,4325617,4325761,4326157,4351726,4352176,4352617,4371625,4376125,4376215,4512673,4512763,4517326,4517632,4521736,4523176,4527163,4531726,4532176,4532617,4561237,4572361,4576132,4576312,4612357,4612537,4615237,4617523,4713625,4716235,4716325,4731625,4735126,4736215,4751326,4752631,4753126,4762135,4762315,5123674,5124736,5126743,5127643,5132476,5136427,5142673,5164273,5172436,5173246,5176342,5213674,5217346,5217436,5231746,5234617,5241763,5246173,5261437,5263471,5263714,5267314,5271643,5273164,5276413,5312476,5317246,5321746,5326147,5341726,5342617,5346127,5364217,5412673,5412763,5417236,5417326,5421763,5426137,5427163,5431726,5432617,5461237,5612347,5613427,5614327,5623714,5624173,5632174,5641273,5642137,5642713,5672314,5716423,5721364,5723164,5723641,5736124,5761342,5763142,5763412,5764321,6123457,6123547,6124375,6125347,6125734,6134257,6134572,6135427,6142375,6142735,6143257,6143527,6145327,6152347,6153427,6154327,6174235,6175243,6213475,6214375,6214735,6231475,6234715,6237154,6241753,6243715,6247135,6247315,6314572,6321754,6324715,6341572,6345172,6347521,6371524,6412753,6415273,6421357,6421537,6425137,6425713,6427153,6427513,6432571,6451273,6452713,6457231,6524173,6527314,6541273,6542173,6542713,6572134,6572314,6745123,6751234,6751423,6752134,6754123,7136245,7152634,7156234,7156423,7162345,7162435,7163245,7164253,7164523,7165423,7213654,7231654,7235416,7236451,7243516,7245316,7253416,7254316,7316245,7316524,7324516,7325416,7345216,7351246,7361254,7361425,7362145,7423615,7435216,7451263,7452316,7453216,7512364,7513246,7514263,7516423,7521364,7524613,7526341,7531246,7541263,7562413,7563214,7564123,7612435,7613452,7614235,7621345,7621435,7623145,7631452,7634152,7634512,7641523,7643251,7645123,7652413,7654123,7654213	4215673>5673124,4231567>1567324,4256731>6731524,4315267>5267134,4326715>6715234,4352671>2671534,4516723>6723154,4523167>3167254,4531672>1672354	4213675>3675124,4316752>6752134,4512367>2367154	1	-	5906.lswap-db110b7302cf.txt~5906.up-d8c6ba46400e.txt
b7786fb21162	7	1234567,1235467,1243765,1247356,1247536,1253467,1257364,1267453,1267543,1275643,1276453,1276543,1324756,1342567,1345762,1347625,1354267,1356427,1362475,1364257,1365724,1423765,1426753,1427365,1432567,1435267,1437625,1453267,1457632,1473625,1476235,1523467,1526374,1526734,1527643,1534267,1536427,1543267,1562374,1564273,1567234,1576342,1623475,1624375,1624735,1632475,1642573,1642753,1645273,1652734,1654273,1657234,1723546,1724356,1724536,1725346,1725436,1732456,1732546,1734526,1742365,1743526,1745236,1745326,1752463,1756243,1756324,1763452,1765243,1765423,2134765,2135647,2136574,2136754,2143765,2147365,2153647,2173456,2174356,2174536,2175634,2176543,2314765,2316574,2316754,2317456,2345617,2346157,2347165,2354176,2354617,2361745,2364571,2367154,2371564,2376145,2417563,2417653,2435176,2437165,2437615,2451736,2453176,2461753,2471365,2471635,2473165,2473516,2475136,2475316,2513647,2534176,2534617,2541736,2543176,2561347,2561437,2571643,2573614,2576431,2613547,2614357,2614537,2615347,2615437,2634751,2637154,2673154,2674513,2675143,2675413,2715643,2716453,2716543,2731654,2736145,2751643,2756413,2764153,2764513,2765413,3124756,3145762,3147625,3156724,3162475,3165274,3165724,3167524,3172456,3172546,3174526,3217456,3217564,3245176,3247165,3247516,3254176,3256147,3257641,3261457,3261547,3415762,3417256,3425617,3426157,3451762,3452176,3456127,3457612,3461257,3461527,3471625,3475261,3476215,3512476,3517246,3521746,3526147,3541726,3542617,3546127,3564217,3612574,3614275,3617425,3621475,3624715,3642157,3642517,3645721,3657214,3671524,3675124,3715264,3715624,3716245,3761245,3761425,3762145,4126753,4127563,4127653,4152763,4157632,4172356,4172536,4173256,4175623,4176523,4213567,4215367,4217653,4236175,4237615,4251367,4256137,4257163,4261357,4261537,4267513,4271563,4271653,4273615,4275163,4317256,4325617,4325761,4326157,4351726,4352176,4352617,4371625,4376125,4376215,4512673,4512763,4517326,4517632,4521736,4523176,4527163,4531726,4532176,4532617,4561237,4572361,4576132,4576312,4612357,4612537,4615237,4617523,4713625,4716235,4716325,4731625,4735126,4736215,4751326,4752631,4753126,4762135,4762315,5123674,5124736,5126743,5127643,5132476,5136427,5142673,5164273,5172436,5173246,5176342,5213674,5217346,5217436,5231746,5234617,5241763,5246173,5261437,5263471,5263714,5267314,5271643,5273164,5276413,5312476,5317246,5321746,5326147,5341726,5342617,5346127,5364217,5412673,5412763,5417236,5417326,5421763,5426137,5427163,5431726,5432617,5461237,5612347,5613427,5614327,5623714,5624173,5632174,5641273,5642137,5642713,5672314,5716423,5721364,5723164,5723641,5736124,5761342,5763142,5763412,5764321,6123457,6123547,6124375,6125347,6125734,6134257,6134572,6135427,6142375,6142735,6143257,6143527,6145327,6152347,6153427,6154327,6174235,6175243,6213475,6214375,6214735,6231475,6234715,6237154,6241753,6243715,6247135,6247315,6314572,6321754,6324715,6341572,6345172,6347521,6371524,6412753,6415273,6421357,6421537,6425137,6425713,6427153,6427513,6432571,6451273,6452713,6457231,6524173,6527314,6541273,6542173,6542713,6572134,6572314,6745123,6751234,6751423,6752134,6754123,7136245,7152634,7156234,7156423,7162345,7162435,7163245,7164253,7164523,7165423,7213654,7231654,7235416,7236451,7243516,7245316,7253416,7254316,7316245,7316524,7324516,7325416,7345216,7351246,7361254,7361425,7362145,7423615,7435216,7451263,7452316,7453216,7512364,7513246,7514263,7516423,7521364,7524613,7526341,7531246,7541263,7562413,7563214,7564123,7612435,7613452,7614235,7621345,7621435,7623145,7631452,7634152,7634512,7641523,7643251,7645123,7652413,7654123,7654213	1236457,1237465,1245763,1246753,1247563,1247653,1267354,1267534,1273465,1273645,1276345,1276435,1324567,1326754,1327645,1345276,1347265,1347526,1364275,1364725,1367425,1376425,1425763,1427563,1437265,1452637,1452763,1457236,1457623,1473265,1475623,1524376,1526347,1542763,1562473,1572346,1574263,1623457,1624573,1624753,1634275,1642375,1642735,1643275,1652473,1654237,1723465,1724365,1724635,1725643,1726453,1726543,1732465,1734256,1736245,1736425,1742563,1745263,1745623,1746523,1754263,1762345,1762435,1763245,1763425,1764325,2134756,2136475,2136745,2137645,2145763,2147563,2173645,2174563,2174653,2176345,2176435,2314576,2316547,2341576,2341765,2345167,2346175,2354761,2364517,2367541,2371645,2374615,2417365,2417635,2431765,2436175,2436751,2437156,2456137,2457163,2457613,2461735,2463175,2467513,2471563,2471653,2475163,2475613,2476513,2517346,2534761,2543761,2547361,2561743,2564173,2576143,2613475,2614375,2614735,2615743,2617453,2617543,2631457,2634157,2645173,2654173,2673514,2675134,2675314,2713456,2713645,2716345,2716435,2731645,2734615,2736415,2756143,2761453,2761543,2763415,2764135,2764315,2765431,3126754,3127645,3145267,3145726,3164275,3165427,3172465,3176245,3217645,3241765,3245617,3246175,3261475,3267514,3271645,3276415,3276541,3412765,3415267,3415726,3417625,3421765,3425176,3427165,3451627,3452716,3461275,3461725,3472615,3475216,3476251,3512674,3547621,3617245,3624175,3625471,3641275,3642175,3642715,3645127,3647215,3674215,3675241,3675421,3715246,3716425,3726145,3746125,3762541,3764215,4127365,4127635,4132765,4152637,4157236,4172563,4172653,4173625,4176235,4176325,4213675,4213765,4217365,4217635,4231657,4236751,4237165,4251736,4256173,4257613,4261573,4261753,4271365,4271635,4273165,4275613,4276153,4312765,4317625,4321765,4327165,4327651,4361725,4367521,4371526,4372615,4376251,4512367,4516237,4517263,4526173,4526317,4527136,4527613,4561327,4562173,4571623,4572316,4576123,4576213,4612375,4612735,4617235,4617325,4631725,4652173,4675123,4715623,4716523,4721365,4726135,4732615,4736251,4751623,4752136,4756123,4756213,4762351,4762531,4765123,5123647,5124673,5124763,5126734,5132674,5162347,5162473,5172643,5173426,5213476,5217463,5243671,5243716,5247163,5261743,5263147,5263417,5271346,5276143,5312674,5347621,5417263,5423167,5423671,5426173,5427613,5432761,5437621,5473621,5476231,5612473,5613247,5614273,5617423,5621473,5621743,5624713,5641723,5716243,5723146,5723416,5742613,5761243,5761423,5762143,6123745,6124573,6124753,6127345,6132457,6134725,6142573,6142753,6143725,6145273,6147325,6154273,6157423,6172345,6172435,6173245,6174253,6174523,6175423,6214573,6214753,6217453,6234175,6234517,6235471,6241735,6243175,6245713,6247153,6247513,6253471,6254371,6254731,6314527,6317245,6324175,6341275,6341527,6342175,6342715,6412735,6413275,6417253,6421375,6421735,6423715,6427135,6427315,6431275,6432175,6432715,6451237,6451723,6472135,6512473,6521743,6524713,6541723,6542317,6543271,6735124,6742135,6751243,6751324,6752431,6753124,6754231,7134526,7136425,7152436,7156243,7162453,7163425,7164235,7164325,7165243,7213645,7231456,7234156,7234615,7243615,7246315,7256413,7261345,7261435,7264513,7265413,7316425,7324615,7326145,7342516,7346125,7351264,7362415,7362541,7364125,7364215,7421365,7425613,7426153,7452613,7456213,7461235,7465213,7512463,7513264,7516243,7521346,7524361,7531264,7542361,7542613,7561243,7561423,7562143,7612453,7614253,7614523,7615423,7621453,7623415,7623541,7624315,7625341,7625431,7632415,7634125,7634215,7641325,7642135,7643125,7643215,7651243,7654321	4213675>3675124,4316752>6752134,4512367>2367154	4215673>5673124,4231567>1567324,4256731>6731524,4315267>5267134,4326715>6715234,4352671>2671534,4516723>6723154,4523167>3167254,4531672>1672354	1	-	5906.lswap-db110b7302cf.txt~5906.up-d8c6ba46400e.txt
