rule_id	n	shape_eo_ei_do_di	source_tables	n_pairs	inverse_id	inverse_present	rev_frame_id	rev_present	invrev_id	undirected_object	undirected_mult	reversal_object	reversal_mult	full_object	full_mult	census_undirected_edges	edgeset_group	census_undirected_edges	edgeset_group
0058ac858d36	7	108,108,0,0	rules_n7_a4840_gen2.tsv	rules_n7_a4840_gen2.tsv=2	1be958ce8f4e	Y	49eb8498235d	Y	92dd26e01875	0058ac858d36	2	0058ac858d36	2	0058ac858d36	4	8	E0000	8	E0000
00a156b3c4d8	7	49,48,1,2	rules_n7.tsv,rules_n7_a256.tsv	rules_n7.tsv=1,rules_n7_a256.tsv=1	cbba85d1efba	Y	06555b8e9d68	N	3ff3290d42c6	00a156b3c4d8	2	00a156b3c4d8	1	00a156b3c4d8	2	1	E0001	1	E0001
00feabfe3da8	7	132,132,0,0	rules_n7_a4840_gen2.tsv	rules_n7_a4840_gen2.tsv=1	098ff226f2b8	Y	c59c5cc23415	Y	afd8434437e6	00feabfe3da8	2	00feabfe3da8	2	00feabfe3da8	4	4	E0002	4	E0002
01ebc19824fc	7	174,174,0,0	rules_n7_a4840_gen2.tsv	rules_n7_a4840_gen2.tsv=2	bfd1c873c831	Y	0fc7d5df4a4f	N	224e482f5c59	01ebc19824fc	2	01ebc19824fc	1	01ebc19824fc	2	8	E0003	8	E0003
0203e75132fa	7	48,48,0,0	rules_n7_a4840_gen2.tsv	rules_n7_a4840_gen2.tsv=1	718c06223017	Y	0f51b2a6462a	N	1654681308dc	0203e75132fa	2	0203e75132fa	1	0203e75132fa	2	4	E0004	4	E0004
02397927f53b	7	48,48,0,0	rules_n7_a4840_gen2.tsv	rules_n7_a4840_gen2.tsv=2	74d503e42116	Y	725677205daf	Y	fb50a523fce2	02397927f53b	2	02397927f53b	2	02397927f53b	4	8	E0005	8	E0005
02eb9e2292e4	7	132,132,0,0	rules_n7_a4840_gen2.tsv	rules_n7_a4840_gen2.tsv=3	a8af7d1d0d1f	Y	4c38520b5849	N	a4bd7d863c5b	02eb9e2292e4	2	02eb9e2292e4	1	02eb9e2292e4	2	16	E0006	16	E0006
032dbf0d777a	7	72,72,0,0	rules_n7_a4840_gen2.tsv	rules_n7_a4840_gen2.tsv=7	d1acfe46465f	Y	0842711f47f7	N	8255afc85735	032dbf0d777a	2	032dbf0d777a	1	032dbf0d777a	2	8	E0007	8	E0007
033afc57097e	7	48,48,0,0	rules_n7_a4840_gen2.tsv	rules_n7_a4840_gen2.tsv=2	a5214c898b1c	Y	b4f13531d2e2	Y	f3530a9a4032	033afc57097e	2	033afc57097e	2	033afc57097e	4	8	E0008	8	E0008
033c72053344	7	96,96,0,0	rules_n7_a4840_gen2.tsv	rules_n7_a4840_gen2.tsv=1	3289b1f63a42	Y	16086fbbe2d0	N	f78ad6a6c42e	033c72053344	2	033c72053344	1	033c72053344	2	1	E0009	1	E0009
038dbff96d7c	7	210,210,0,0	rules_n7_a4840_band200.tsv	rules_n7_a4840_band200.tsv=1	2a574f2daa75	Y	3225a617f115	N	69a9db06e6a2	038dbff96d7c	2	038dbff96d7c	1	038dbff96d7c	2	2	E0010	2	E0010
03e7dfb21adb	7	72,72,0,0	rules_n7_a4840_band200.tsv	rules_n7_a4840_band200.tsv=1	eb92f835e1a8	Y	a8b42706a97e	N	8a1d5cab0186	03e7dfb21adb	2	03e7dfb21adb	1	03e7dfb21adb	2	2	E0011	2	E0011
04494fa53cff	7	60,60,0,0	rules_n7_a4840_band200.tsv	rules_n7_a4840_band200.tsv=2	13a2ca857332	Y	d1167a2951a8	N	b52066d6401f	04494fa53cff	2	04494fa53cff	1	04494fa53cff	2	4	E0012	4	E0012
045ff6b79066	7	192,192,0,0	rules_n7_a4840_gen2.tsv	rules_n7_a4840_gen2.tsv=2	c9d65fee4f73	Y	b41291dfb487	N	8a68e483f859	045ff6b79066	2	045ff6b79066	1	045ff6b79066	2	8	E0013	8	E0013
0485c22c758e	7	72,72,0,0	rules_n7_a4840_gen2.tsv	rules_n7_a4840_gen2.tsv=4	84a31d178833	Y	6e90bee81f01	N	cb803cb36edd	0485c22c758e	2	0485c22c758e	1	0485c22c758e	2	8	E0014	8	E0014
05ae19017d4c	7	156,156,0,0	rules_n7_a4840_gen2.tsv	rules_n7_a4840_gen2.tsv=1	d16acee52433	Y	3b4fcdbf4387	Y	5466fc6ea07e	05ae19017d4c	2	05ae19017d4c	2	05ae19017d4c	4	2	E0015	2	E0015
05d1006a63d6	7	156,156,0,0	rules_n7_a4840_gen2.tsv	rules_n7_a4840_gen2.tsv=1	ea32ce94656c	Y	aeff70f41be6	Y	94ad22a39ddf	05d1006a63d6	2	05d1006a63d6	2	05d1006a63d6	4	2	E0016	2	E0016
05db12227184	7	156,156,0,0	rules_n7_a4840_gen2.tsv	rules_n7_a4840_gen2.tsv=1	a98e907ebc54	Y	2cd2cc12e153	Y	94fd6c73a0d1	05db12227184	2	05db12227184	2	05db12227184	4	2	E0017	2	E0017
05dea696c534	7	396,402,9,3	rules_n7_a4840_gen2.tsv	rules_n7_a4840_gen2.tsv=1	94dd11545b8b	Y	1a0aa8fc59da	N	4fb52551f08e	05dea696c534	2	05dea696c534	1	05dea696c534	2	1	E0018	1	E0018
06076a4833ea	7	162,162,0,0	rules_n7_a4840_band200.tsv	rules_n7_a4840_band200.tsv=1	07d6e2e26dfe	Y	b125a1e98c90	N	f60ee8b246f2	06076a4833ea	2	06076a4833ea	1	06076a4833ea	2	2	E0019	2	E0019
0639dfc60058	7	72,72,0,0	rules_n7_a4840_gen2.tsv	rules_n7_a4840_gen2.tsv=1	f0b55e37fe22	Y	f12ed6f83d92	N	06cdae9055d7	0639dfc60058	2	0639dfc60058	1	0639dfc60058	2	8	E0020	8	E0020
06cbb44e483f	7	72,72,0,0	rules_n7_a4840_band200.tsv	rules_n7_a4840_band200.tsv=1	4adf6b64f36e	Y	af67a509445d	N	99ca576f76a7	06cbb44e483f	2	06cbb44e483f	1	06cbb44e483f	2	2	E0021	2	E0021
07d6e2e26dfe	7	162,162,0,0	rules_n7_a4840_band200.tsv	rules_n7_a4840_band200.tsv=1	06076a4833ea	Y	f60ee8b246f2	N	b125a1e98c90	06076a4833ea	2	07d6e2e26dfe	1	06076a4833ea	2	2	E0019	2	E0019
08228ec67eb6	7	60,60,0,0	rules_n7_a4840_band200.tsv	rules_n7_a4840_band200.tsv=1	642f48479b2a	Y	71cb5ec4c29e	N	baefb22d1573	08228ec67eb6	2	08228ec67eb6	1	08228ec67eb6	2	4	E0022	4	E0022
08979c4016d6	7	132,132,0,0	rules_n7_a4840_gen2.tsv	rules_n7_a4840_gen2.tsv=2	b33e8d83721c	Y	42fbf3f0d536	Y	a6cdd296693f	08979c4016d6	2	08979c4016d6	2	08979c4016d6	4	4	E0023	4	E0023
095bfb3dc800	7	48,48,0,0	rules_n7_a4840_gen2.tsv	rules_n7_a4840_gen2.tsv=10	b85e26cbabc5	Y	d349b655a7c1	N	5d8ddda89df0	095bfb3dc800	2	095bfb3dc800	1	095bfb3dc800	2	16	E0024	16	E0024
09857047dc88	7	25,25,2,2	rules_n7_a4840_gen2.tsv	rules_n7_a4840_gen2.tsv=1	e180ae0b1895	Y	83d866bb4dcf	N	03fdc512b020	09857047dc88	2	09857047dc88	1	09857047dc88	2	2	E0025	2	E0025
098ff226f2b8	7	132,132,0,0	rules_n7_a4840_gen2.tsv	rules_n7_a4840_gen2.tsv=1	00feabfe3da8	Y	afd8434437e6	Y	c59c5cc23415	00feabfe3da8	2	098ff226f2b8	2	00feabfe3da8	4	4	E0002	4	E0002
09d23aa6b91a	7	174,174,0,0	rules_n7_a4840_gen2.tsv	rules_n7_a4840_gen2.tsv=2	3ec33775c7bd	Y	7feb1d8f6606	N	fde10d5c7d66	09d23aa6b91a	2	09d23aa6b91a	1	09d23aa6b91a	2	8	E0026	8	E0026
0a44fc281e4b	7	192,192,0,0	rules_n7_a4840_band200.tsv	rules_n7_a4840_band200.tsv=1	7c9659982f8f	Y	f6ee21389b41	N	dda3a807fd9e	0a44fc281e4b	2	0a44fc281e4b	1	0a44fc281e4b	2	2	E0027	2	E0027
0ad29fbab280	7	150,150,0,0	rules_n7_a4840_gen2.tsv	rules_n7_a4840_gen2.tsv=3	1fbf82fb2187	Y	0b0d19498098	N	ccdcfbe3bca3	0ad29fbab280	2	0ad29fbab280	1	0ad29fbab280	2	16	E0028	16	E0028
0b15336d6103	7	498,492,3,9	rules_n7_a4840_gen2.tsv	rules_n7_a4840_gen2.tsv=1	fba50ca54243	Y	4171453a74ef	N	5714b8440dfe	0b15336d6103	2	0b15336d6103	1	0b15336d6103	2	1	E0029	1	E0029
0b34b5c6c34a	7	180,180,0,0	rules_n7_a256.tsv,rules_n7_a4840_gen2.tsv	rules_n7_a256.tsv=1,rules_n7_a4840_gen2.tsv=1	8d51e0d74976	Y	0b34b5c6c34a	Y	8d51e0d74976	0b34b5c6c34a	2	0b34b5c6c34a	1	0b34b5c6c34a	2	1	E0030	1	E0030
0bc4fb89c460	7	450,444,3,9	rules_n7_a4840_band200.tsv	rules_n7_a4840_band200.tsv=1	79d92aface79	Y	0bc4fb89c460	Y	79d92aface79	0bc4fb89c460	2	0bc4fb89c460	1	0bc4fb89c460	2	1	E0031	1	E0031
0c1ecc350843	7	174,174,0,0	rules_n7_a4840_gen2.tsv	rules_n7_a4840_gen2.tsv=1	cd477e782247	Y	430764020c60	N	bba5d2e14a53	0c1ecc350843	2	0c1ecc350843	1	0c1ecc350843	2	4	E0032	4	E0032
0c9cc8c1741a	7	438,432,3,9	rules_n7_a4840_band200.tsv	rules_n7_a4840_band200.tsv=1	fe051e9e8f60	Y	0c9cc8c1741a	Y	fe051e9e8f60	0c9cc8c1741a	2	0c9cc8c1741a	1	0c9cc8c1741a	2	1	E0033	1	E0033
0ce7fb1aec46	7	198,198,0,0	rules_n7_a4840_gen2.tsv	rules_n7_a4840_gen2.tsv=1	c62a03f346cf	Y	19892f0e9945	N	0297c23710d5	0ce7fb1aec46	2	0ce7fb1aec46	1	0ce7fb1aec46	2	4	E0034	4	E0034
0cf38a094cfc	7	84,84,0,0	rules_n7_a4840_band200.tsv	rules_n7_a4840_band200.tsv=2	b2c5eb761e41	Y	07b94910f637	N	5b6277926158	0cf38a094cfc	2	0cf38a094cfc	1	0cf38a094cfc	2	4	E0035	4	E0035
0d491f159886	7	48,48,0,0	rules_n7_a256.tsv,rules_n7_a4840_gen2.tsv	rules_n7_a256.tsv=1,rules_n7_a4840_gen2.tsv=4	3a3b52457923	Y	0d491f159886	Y	3a3b52457923	0d491f159886	2	0d491f159886	1	0d491f159886	2	20	E0036	20	E0036
0dcc7a5a1ff7	7	84,84,0,0	rules_n7_a4840_band200.tsv	rules_n7_a4840_band200.tsv=2	3a87ef2485a8	Y	533b82e95448	N	5490c8a3307f	0dcc7a5a1ff7	2	0dcc7a5a1ff7	1	0dcc7a5a1ff7	2	4	E0037	4	E0037
0df6c6a90182	7	48,48,0,0	rules_n7_a4840_gen2.tsv	rules_n7_a4840_gen2.tsv=28	0df6c6a90182	Y	4fbc716a9592	N	4fbc716a9592	0df6c6a90182	1	0df6c6a90182	1	0df6c6a90182	1	16	E0038	16	E0038
0e43e84ca1d0	7	168,168,0,0	rules_n7_a4840_band200.tsv	rules_n7_a4840_band200.tsv=1	2700c8747c7b	Y	4ac50e0ad05c	N	74cde6efc00e	0e43e84ca1d0	2	0e43e84ca1d0	1	0e43e84ca1d0	2	2	E0039	2	E0039
0eb5ac032697	7	300,300,0,0	rules_n7_a4840_gen2.tsv	rules_n7_a4840_gen2.tsv=1	b67b4e614376	Y	226814b63278	N	38cab8956cc4	0eb5ac032697	2	0eb5ac032697	1	0eb5ac032697	2	1	E0040	1	E0040
0f1e40b2bfba	7	168,168,0,0	rules_n7_a4840_band200.tsv	rules_n7_a4840_band200.tsv=1	e03995ff4434	Y	9b165768fe85	N	fb2b0e80d8ee	0f1e40b2bfba	2	0f1e40b2bfba	1	0f1e40b2bfba	2	2	E0041	2	E0041
0f5ed4ca9093	7	180,180,0,0	rules_n7_a4840_gen2.tsv	rules_n7_a4840_gen2.tsv=1	f491e3e4a3c1	Y	9b65ccb0d48c	N	e79ec6d38c94	0f5ed4ca9093	2	0f5ed4ca9093	1	0f5ed4ca9093	2	4	E0042	4	E0042
0f9b6ed98294	7	438,432,3,9	rules_n7_a4840_gen2.tsv	rules_n7_a4840_gen2.tsv=1	c79d39bc27d1	Y	7b3b50d5785b	N	ad06a651279e	0f9b6ed98294	2	0f9b6ed98294	1	0f9b6ed98294	2	1	E0043	1	E0043
0fa419c2f08b	7	84,84,0,0	rules_n7_a4840_band200.tsv	rules_n7_a4840_band200.tsv=1	f08b1ddb7e4d	Y	e87ff386b2bc	N	ad722827887b	0fa419c2f08b	2	0fa419c2f08b	1	0fa419c2f08b	2	4	E0044	4	E0044
105e326bc51e	7	25,24,1,2	rules_n7_a4840_gen2.tsv	rules_n7_a4840_gen2.tsv=2	28343f6d7386	Y	2595a1b3d86e	N	380bebbab32b	105e326bc51e	2	105e326bc51e	1	105e326bc51e	2	2	E0045	2	E0045
10d61a16c4f8	7	96,96,0,0	rules_n7_a4840_gen2.tsv	rules_n7_a4840_gen2.tsv=1	b4fb337c2041	Y	b8d9085fd1d6	N	1fe16c04b5d5	10d61a16c4f8	2	10d61a16c4f8	1	10d61a16c4f8	2	4	E0046	4	E0046
1174ffd57013	7	24,25,2,1	rules_n7_a4840_gen2.tsv	rules_n7_a4840_gen2.tsv=1	7df19d789c5d	Y	d991c7511bad	N	0b35fcf9032f	1174ffd57013	2	1174ffd57013	1	1174ffd57013	2	2	E0047	2	E0047
11d2586bfe7f	7	390,396,9,3	rules_n7_a4840_gen2.tsv	rules_n7_a4840_gen2.tsv=1	6ae7d8b11d5e	Y	0cd9e3d2a2ca	N	d10beed41948	11d2586bfe7f	2	11d2586bfe7f	1	11d2586bfe7f	2	1	E0048	1	E0048
11d3809be670	7	132,132,0,0	rules_n7_a256.tsv,rules_n7_a4840_gen2.tsv	rules_n7_a256.tsv=2,rules_n7_a4840_gen2.tsv=3	2021ad1a80b0	Y	11d3809be670	Y	2021ad1a80b0	11d3809be670	2	11d3809be670	1	11d3809be670	2	3	E0049	3	E0049
1293f7787f8a	7	192,192,0,0	rules_n7_a4840_gen2.tsv	rules_n7_a4840_gen2.tsv=1	ff37ff3f6ef2	Y	298312fd1761	N	6c869d93b549	1293f7787f8a	2	1293f7787f8a	1	1293f7787f8a	2	4	E0050	4	E0050
1349ff4d86ac	7	48,48,0,0	rules_n7_a4840_gen2.tsv	rules_n7_a4840_gen2.tsv=2	234ee4fddece	Y	cee7494fd232	N	90e996ea7480	1349ff4d86ac	2	1349ff4d86ac	1	1349ff4d86ac	2	4	E0051	4	E0051
13a2ca857332	7	60,60,0,0	rules_n7_a4840_band200.tsv	rules_n7_a4840_band200.tsv=2	04494fa53cff	Y	b52066d6401f	N	d1167a2951a8	04494fa53cff	2	13a2ca857332	1	04494fa53cff	2	4	E0012	4	E0012
13f6c2effda5	7	156,156,0,0	rules_n7_a4840_gen2.tsv	rules_n7_a4840_gen2.tsv=1	4eb2562f0637	Y	3928acbccbec	Y	1e95aaf59d36	13f6c2effda5	2	13f6c2effda5	2	13f6c2effda5	4	2	E0052	2	E0052
1440a8e1a807	7	108,108,0,0	rules_n7_a4840_band200.tsv	rules_n7_a4840_band200.tsv=1	518f9139e0cb	Y	eba5a9090074	N	184a34c3c4ad	1440a8e1a807	2	1440a8e1a807	1	1440a8e1a807	2	2	E0053	2	E0053
14641f09bcf0	7	192,192,0,0	rules_n7_a4840_gen2.tsv	rules_n7_a4840_gen2.tsv=1	a33cb05ccb10	Y	59e6012b822f	N	6cbd51cb3815	14641f09bcf0	2	14641f09bcf0	1	14641f09bcf0	2	4	E0054	4	E0054
14a420b3a5b2	7	168,168,0,0	rules_n7_a4840_gen2.tsv	rules_n7_a4840_gen2.tsv=3	162b937cfcd8	Y	02411532d356	N	41ba20e78150	14a420b3a5b2	2	14a420b3a5b2	1	14a420b3a5b2	2	16	E0055	16	E0055
14dbfee2d4bb	7	498,492,3,9	rules_n7_a4840_band200.tsv	rules_n7_a4840_band200.tsv=1	5c37934c0e37	Y	14dbfee2d4bb	Y	5c37934c0e37	14dbfee2d4bb	2	14dbfee2d4bb	1	14dbfee2d4bb	2	1	E0056	1	E0056
151c9d94814a	7	36,36,0,0	rules_n7_a4840_band200.tsv	rules_n7_a4840_band200.tsv=3	5166d6e62e75	Y	3f4b1bcb6fa8	Y	e3da64e6da9b	151c9d94814a	2	151c9d94814a	2	151c9d94814a	4	8	E0057	8	E0057
156e559f9324	7	72,72,0,0	rules_n7_a4840_gen2.tsv	rules_n7_a4840_gen2.tsv=1	f489418a0205	Y	2a67318b9efd	N	ce5a837cb7dc	156e559f9324	2	156e559f9324	1	156e559f9324	2	16	E0058	16	E0058
15c816659d45	7	60,60,0,0	rules_n7_a4840_band200.tsv	rules_n7_a4840_band200.tsv=2	e311a814616f	Y	947ec684036e	N	c0c8e59eccb8	15c816659d45	2	15c816659d45	1	15c816659d45	2	4	E0059	4	E0059
162b937cfcd8	7	168,168,0,0	rules_n7_a4840_gen2.tsv	rules_n7_a4840_gen2.tsv=3	14a420b3a5b2	Y	41ba20e78150	N	02411532d356	14a420b3a5b2	2	162b937cfcd8	1	14a420b3a5b2	2	16	E0055	16	E0055
16ba687ddc32	7	480,486,9,3	rules_n7_a4840_gen2.tsv	rules_n7_a4840_gen2.tsv=1	d3638d95f38d	Y	fab4aea3ff5e	N	2435b53b2cf7	16ba687ddc32	2	16ba687ddc32	1	16ba687ddc32	2	1	E0060	1	E0060
16eab6538ab6	7	96,96,0,0	rules_n7_a4840_gen2.tsv	rules_n7_a4840_gen2.tsv=3	cf81c5206273	Y	9e986c7ec4bc	N	18eeb048c846	16eab6538ab6	2	16eab6538ab6	1	16eab6538ab6	2	4	E0061	4	E0061
171ac63bfbd7	7	156,156,0,0	rules_n7_a4840_gen2.tsv	rules_n7_a4840_gen2.tsv=1	96bae6feab65	Y	153e565f6533	N	13a25682b809	171ac63bfbd7	2	171ac63bfbd7	1	171ac63bfbd7	2	4	E0062	4	E0062
172c8ba32158	7	48,49,2,1	rules_n7.tsv,rules_n7_a256.tsv	rules_n7.tsv=1,rules_n7_a256.tsv=1	3187a6ab820d	Y	2e1a3a5929ea	N	6a0ff2c5b0e5	172c8ba32158	2	172c8ba32158	1	172c8ba32158	2	1	E0063	1	E0063
176d3814e13d	7	168,168,0,0	rules_n7_a4840_gen2.tsv	rules_n7_a4840_gen2.tsv=1	56f642d92240	Y	dd55b0736383	N	a792d92caaf7	176d3814e13d	2	176d3814e13d	1	176d3814e13d	2	8	E0064	8	E0064
182cf9bee74c	7	84,84,0,0	rules_n7_a4840_band200.tsv	rules_n7_a4840_band200.tsv=2	98aeb647340c	Y	62d8f55318a5	N	ca8d4b1ffa1d	182cf9bee74c	2	182cf9bee74c	1	182cf9bee74c	2	4	E0065	4	E0065
19278553942a	7	132,132,0,0	rules_n7_a4840_gen2.tsv	rules_n7_a4840_gen2.tsv=1	b33afc4539f0	Y	bbd8011c82a9	Y	df07b5dbb378	19278553942a	2	19278553942a	2	19278553942a	4	4	E0066	4	E0066
1953b28ffc27	7	156,156,0,0	rules_n7_a4840_gen2.tsv	rules_n7_a4840_gen2.tsv=2	5e303fc5a688	Y	50217ca3a1ca	N	a31532e3fc4a	1953b28ffc27	2	1953b28ffc27	1	1953b28ffc27	2	8	E0067	8	E0067
196f16ebb5ca	7	438,432,3,9	rules_n7_a4840_band200.tsv	rules_n7_a4840_band200.tsv=1	1ba09021c7f8	Y	4509e1186df5	N	f1879fc411c0	196f16ebb5ca	2	196f16ebb5ca	1	196f16ebb5ca	2	1	E0068	1	E0068
19a9f1318e76	7	24,25,2,1	rules_n7_a4840_gen2.tsv	rules_n7_a4840_gen2.tsv=1	1b6b29b60594	Y	f4c944caebde	N	9bc83c25ad65	19a9f1318e76	2	19a9f1318e76	1	19a9f1318e76	2	2	E0069	2	E0069
19e1c21182bd	7	198,198,0,0	rules_n7_a4840_gen2.tsv	rules_n7_a4840_gen2.tsv=1	81d3a556dfde	Y	d4be81bcc9b2	N	ad559c2ff7f6	19e1c21182bd	2	19e1c21182bd	1	19e1c21182bd	2	4	E0070	4	E0070
1a06d1157530	7	192,192,0,0	rules_n7_a4840_gen2.tsv	rules_n7_a4840_gen2.tsv=2	96704a0eb24e	Y	29859554a491	N	fc9095304603	1a06d1157530	2	1a06d1157530	1	1a06d1157530	2	8	E0071	8	E0071
1af57ae297b0	7	492,498,9,3	rules_n7_a256.tsv,rules_n7_a4840_gen2.tsv	rules_n7_a256.tsv=1,rules_n7_a4840_gen2.tsv=1	ba5345a2c444	Y	1af57ae297b0	Y	ba5345a2c444	1af57ae297b0	2	1af57ae297b0	1	1af57ae297b0	2	1	E0072	1	E0072
1b6b29b60594	7	25,24,1,2	rules_n7_a4840_gen2.tsv	rules_n7_a4840_gen2.tsv=1	19a9f1318e76	Y	9bc83c25ad65	N	f4c944caebde	19a9f1318e76	2	1b6b29b60594	1	19a9f1318e76	2	2	E0069	2	E0069
1b8c339e89cd	7	72,72,0,0	rules_n7_a4840_gen2.tsv	rules_n7_a4840_gen2.tsv=5	b98392e1d7a6	Y	4084b26a2c4d	N	43b268f0ee21	1b8c339e89cd	2	1b8c339e89cd	1	1b8c339e89cd	2	8	E0073	8	E0073
1ba09021c7f8	7	432,438,9,3	rules_n7_a4840_band200.tsv	rules_n7_a4840_band200.tsv=1	196f16ebb5ca	Y	f1879fc411c0	N	4509e1186df5	196f16ebb5ca	2	1ba09021c7f8	1	196f16ebb5ca	2	1	E0068	1	E0068
1ba1dace333f	7	168,168,0,0	rules_n7_a4840_band200.tsv	rules_n7_a4840_band200.tsv=2	78a113fc5546	Y	e525d9fd225e	N	f1f041fbfb63	1ba1dace333f	2	1ba1dace333f	1	1ba1dace333f	2	4	E0074	4	E0074
1bba2e07446c	7	96,96,0,0	rules_n7_a4840_gen2.tsv	rules_n7_a4840_gen2.tsv=2	3a42d71f01c6	Y	6b015a2a1eac	N	1548d4e0ec17	1bba2e07446c	2	1bba2e07446c	1	1bba2e07446c	2	4	E0075	4	E0075
1be958ce8f4e	7	108,108,0,0	rules_n7_a4840_gen2.tsv	rules_n7_a4840_gen2.tsv=2	0058ac858d36	Y	92dd26e01875	Y	49eb8498235d	0058ac858d36	2	1be958ce8f4e	2	0058ac858d36	4	8	E0000	8	E0000
1cbe0c8fcdd7	7	324,324,0,0	rules_n7_a4840_gen2.tsv	rules_n7_a4840_gen2.tsv=1	6c1de5190355	Y	7c3bf8dcf149	N	52729c3c6d30	1cbe0c8fcdd7	2	1cbe0c8fcdd7	1	1cbe0c8fcdd7	2	1	E0076	1	E0076
1d16cacba0be	7	108,108,0,0	rules_n7_a4840_gen2.tsv	rules_n7_a4840_gen2.tsv=3	d306546e9989	Y	64747b1aaa96	Y	71e1161ee3eb	1d16cacba0be	2	1d16cacba0be	2	1d16cacba0be	4	8	E0077	8	E0077
1d66c35e4a35	7	192,192,0,0	rules_n7_a4840_gen2.tsv	rules_n7_a4840_gen2.tsv=1	77f471f848b0	Y	c9dc815dc393	N	036086865b82	1d66c35e4a35	2	1d66c35e4a35	1	1d66c35e4a35	2	4	E0078	4	E0078
1d6a7fce6cd4	7	156,156,0,0	rules_n7_a4840_band200.tsv	rules_n7_a4840_band200.tsv=2	32484de5d5f7	Y	1d6a7fce6cd4	Y	32484de5d5f7	1d6a7fce6cd4	2	1d6a7fce6cd4	1	1d6a7fce6cd4	2	3	E0079	3	E0079
1d9d6b4be098	7	156,156,0,0	rules_n7_a4840_gen2.tsv	rules_n7_a4840_gen2.tsv=1	205e00aedd5c	Y	6956c983c235	Y	c65aef8bfb75	1d9d6b4be098	2	1d9d6b4be098	2	1d9d6b4be098	4	2	E0080	2	E0080
1dc8fef1698c	7	162,162,0,0	rules_n7_a4840_band200.tsv	rules_n7_a4840_band200.tsv=1	442632459723	Y	2cb8f93eed94	N	4a5023fb6f26	1dc8fef1698c	2	1dc8fef1698c	1	1dc8fef1698c	2	2	E0081	2	E0081
1e48e92e2bca	7	174,174,0,0	rules_n7_a4840_gen2.tsv	rules_n7_a4840_gen2.tsv=2	e853ab8baae5	Y	0d5dfe410b14	N	4cc97a386295	1e48e92e2bca	2	1e48e92e2bca	1	1e48e92e2bca	2	8	E0082	8	E0082
1e95aaf59d36	7	156,156,0,0	rules_n7_a4840_gen2.tsv	rules_n7_a4840_gen2.tsv=1	3928acbccbec	Y	4eb2562f0637	Y	13f6c2effda5	1e95aaf59d36	2	1e95aaf59d36	2	13f6c2effda5	4	2	E0052	2	E0052
1e97b4d2bd18	7	126,126,0,0	rules_n7_a4840_gen2.tsv	rules_n7_a4840_gen2.tsv=3	a9604abeb264	Y	e8010fda4ae9	Y	90628da2dd0c	1e97b4d2bd18	2	1e97b4d2bd18	2	1e97b4d2bd18	4	16	E0083	16	E0083
1f023cb92021	7	504,510,9,3	rules_n7_a4840_gen2.tsv	rules_n7_a4840_gen2.tsv=1	b94b7bbdd2a8	Y	a91b32f5fef3	N	35ee6142b89b	1f023cb92021	2	1f023cb92021	1	1f023cb92021	2	1	E0084	1	E0084
1f22bfdc604d	7	48,48,0,0	rules_n7_a4840_gen2.tsv	rules_n7_a4840_gen2.tsv=2	5fdd20443018	Y	c216a9ac12c8	N	083fb1d0079b	1f22bfdc604d	2	1f22bfdc604d	1	1f22bfdc604d	2	4	E0085	4	E0085
1fa74a7c6774	7	96,96,0,0	rules_n7_a4840_gen2.tsv	rules_n7_a4840_gen2.tsv=3	fe3e4c3a8938	Y	c2c615bb1e0c	N	2a47a4bc678c	1fa74a7c6774	2	1fa74a7c6774	1	1fa74a7c6774	2	4	E0086	4	E0086
1fbf82fb2187	7	150,150,0,0	rules_n7_a4840_gen2.tsv	rules_n7_a4840_gen2.tsv=3	0ad29fbab280	Y	ccdcfbe3bca3	N	0b0d19498098	0ad29fbab280	2	1fbf82fb2187	1	0ad29fbab280	2	16	E0028	16	E0028
1fdef8fb9a0a	7	162,162,0,0	rules_n7_a4840_band200.tsv	rules_n7_a4840_band200.tsv=1	f609e3a8e480	Y	8ff9f614519b	N	58afe26c1f8b	1fdef8fb9a0a	2	1fdef8fb9a0a	1	1fdef8fb9a0a	2	4	E0087	4	E0087
1ff5160db856	7	132,132,0,0	rules_n7_a4840_gen2.tsv	rules_n7_a4840_gen2.tsv=1	dc2afaae0ced	Y	e1370d0dcbc7	N	bcd93c73054b	1ff5160db856	2	1ff5160db856	1	1ff5160db856	2	8	E0088	8	E0088
2021ad1a80b0	7	132,132,0,0	rules_n7_a256.tsv,rules_n7_a4840_gen2.tsv	rules_n7_a256.tsv=2,rules_n7_a4840_gen2.tsv=3	11d3809be670	Y	2021ad1a80b0	Y	11d3809be670	11d3809be670	2	2021ad1a80b0	1	11d3809be670	2	3	E0049	3	E0049
203b9da4a4f9	7	186,186,0,0	rules_n7_a4840_band200.tsv	rules_n7_a4840_band200.tsv=1	2646e152c820	Y	d55f13f5cad4	N	f81aa7671e47	203b9da4a4f9	2	203b9da4a4f9	1	203b9da4a4f9	2	2	E0089	2	E0089
205e00aedd5c	7	156,156,0,0	rules_n7_a4840_gen2.tsv	rules_n7_a4840_gen2.tsv=1	1d9d6b4be098	Y	c65aef8bfb75	Y	6956c983c235	1d9d6b4be098	2	205e00aedd5c	2	1d9d6b4be098	4	2	E0080	2	E0080
21134d34e6b2	7	49,48,1,2	rules_n7.tsv,rules_n7_a256.tsv	rules_n7.tsv=1,rules_n7_a256.tsv=1	68b839f8740c	Y	16fbb35027fe	N	21d49b444c2e	21134d34e6b2	2	21134d34e6b2	1	21134d34e6b2	2	1	E0090	1	E0090
211974864876	7	72,72,0,0	rules_n7_a4840_gen2.tsv	rules_n7_a4840_gen2.tsv=7	4ad13835a281	Y	33825def0181	N	53388a51deab	211974864876	2	211974864876	1	211974864876	2	8	E0091	8	E0091
2135df7e3613	7	522,516,3,9	rules_n7_a4840_band200.tsv	rules_n7_a4840_band200.tsv=1	e9e6b5ef5278	Y	2135df7e3613	Y	e9e6b5ef5278	2135df7e3613	2	2135df7e3613	1	2135df7e3613	2	1	E0092	1	E0092
214cd7ac6e3f	7	396,402,9,3	rules_n7_a256.tsv,rules_n7_a4840_gen2.tsv	rules_n7_a256.tsv=1,rules_n7_a4840_gen2.tsv=1	a086d7bc1418	Y	214cd7ac6e3f	Y	a086d7bc1418	214cd7ac6e3f	2	214cd7ac6e3f	1	214cd7ac6e3f	2	1	E0093	1	E0093
21a14dac12e8	7	180,180,0,0	rules_n7_a4840_gen2.tsv	rules_n7_a4840_gen2.tsv=1	be1ffc91f1cd	Y	d17fd944a87d	N	30f4657e2f6e	21a14dac12e8	2	21a14dac12e8	1	21a14dac12e8	2	4	E0094	4	E0094
223da8cfb8a5	7	72,72,0,0	rules_n7_a4840_gen2.tsv	rules_n7_a4840_gen2.tsv=5	7da937df9f1b	Y	440cb30f5d12	N	9409fdd5d1e7	223da8cfb8a5	2	223da8cfb8a5	1	223da8cfb8a5	2	8	E0095	8	E0095
224ee0b368b2	7	84,84,0,0	rules_n7_a4840_band200.tsv	rules_n7_a4840_band200.tsv=1	237fa4d654ed	Y	224ee0b368b2	Y	237fa4d654ed	224ee0b368b2	2	224ee0b368b2	1	224ee0b368b2	2	1	E0096	1	E0096
2257058c3d2d	7	48,48,0,0	rules_n7_a4840_gen2.tsv	rules_n7_a4840_gen2.tsv=13	f4276d62e543	Y	43c0b93537e4	N	987ab10cc3d6	2257058c3d2d	2	2257058c3d2d	1	2257058c3d2d	2	20	E0097	20	E0097
234ee4fddece	7	48,48,0,0	rules_n7_a4840_gen2.tsv	rules_n7_a4840_gen2.tsv=2	1349ff4d86ac	Y	90e996ea7480	N	cee7494fd232	1349ff4d86ac	2	234ee4fddece	1	1349ff4d86ac	2	4	E0051	4	E0051
237fa4d654ed	7	84,84,0,0	rules_n7_a4840_band200.tsv	rules_n7_a4840_band200.tsv=1	224ee0b368b2	Y	237fa4d654ed	Y	224ee0b368b2	224ee0b368b2	2	237fa4d654ed	1	224ee0b368b2	2	1	E0096	1	E0096
2385661fb60e	7	72,72,0,0	rules_n7_a4840_gen2.tsv	rules_n7_a4840_gen2.tsv=1	f929134a1b76	Y	ceaf9e8f25f1	Y	e1f44691aec8	2385661fb60e	2	2385661fb60e	2	2385661fb60e	4	4	E0098	4	E0098
23e5226ea9dd	7	72,72,0,0	rules_n7_a4840_gen2.tsv	rules_n7_a4840_gen2.tsv=1	7e77409c1574	Y	b3eacc1868b2	N	26357b845d60	23e5226ea9dd	2	23e5226ea9dd	1	23e5226ea9dd	2	2	E0099	2	E0099
240d550552a3	7	84,84,0,0	rules_n7_a4840_band200.tsv	rules_n7_a4840_band200.tsv=2	99fff9a726b2	Y	dd528f18aec2	N	4af5e55ad156	240d550552a3	2	240d550552a3	1	240d550552a3	2	4	E0100	4	E0100
248b3fffc1c2	7	426,432,9,3	rules_n7_a4840_gen2.tsv	rules_n7_a4840_gen2.tsv=1	959f5284bc34	Y	560962cc1749	N	71d4d93d814f	248b3fffc1c2	2	248b3fffc1c2	1	248b3fffc1c2	2	1	E0101	1	E0101
260bf1dba9d6	7	84,84,0,0	rules_n7_a4840_band200.tsv	rules_n7_a4840_band200.tsv=1	89adfdaeb650	Y	71630e0fbec2	N	918ea3d5c49c	260bf1dba9d6	2	260bf1dba9d6	1	260bf1dba9d6	2	4	E0102	4	E0102
261467a93592	7	84,84,0,0	rules_n7_a256.tsv,rules_n7_a4840_gen2.tsv	rules_n7_a256.tsv=1,rules_n7_a4840_gen2.tsv=1	a5bfbb3d0e8e	Y	261467a93592	Y	a5bfbb3d0e8e	261467a93592	2	261467a93592	1	261467a93592	2	1	E0103	1	E0103
2646e152c820	7	186,186,0,0	rules_n7_a4840_band200.tsv	rules_n7_a4840_band200.tsv=1	203b9da4a4f9	Y	f81aa7671e47	N	d55f13f5cad4	203b9da4a4f9	2	2646e152c820	1	203b9da4a4f9	2	2	E0089	2	E0089
2700c8747c7b	7	168,168,0,0	rules_n7_a4840_band200.tsv	rules_n7_a4840_band200.tsv=1	0e43e84ca1d0	Y	74cde6efc00e	N	4ac50e0ad05c	0e43e84ca1d0	2	2700c8747c7b	1	0e43e84ca1d0	2	2	E0039	2	E0039
279bcba663d9	7	138,138,0,0	rules_n7_a4840_band200.tsv	rules_n7_a4840_band200.tsv=1	709cf47fa2d3	Y	ff4cfd62723a	Y	8709489b69c1	279bcba663d9	2	279bcba663d9	2	279bcba663d9	4	4	E0104	4	E0104
27a0227e11e9	7	462,468,9,3	rules_n7_a4840_gen2.tsv	rules_n7_a4840_gen2.tsv=1	b9ccc01f991f	Y	24b05004905d	N	aefc8aaa21cf	27a0227e11e9	2	27a0227e11e9	1	27a0227e11e9	2	1	E0105	1	E0105
27b09fd682e3	7	108,108,0,0	rules_n7_a4840_gen2.tsv	rules_n7_a4840_gen2.tsv=3	45a947482465	Y	d3d61412dc56	Y	4397e30222b2	27b09fd682e3	2	27b09fd682e3	2	27b09fd682e3	4	8	E0106	8	E0106
27becabec391	7	150,150,0,0	rules_n7_a4840_gen2.tsv	rules_n7_a4840_gen2.tsv=4	61e671455635	Y	2adc61092ab6	N	e466cbfe715b	27becabec391	2	27becabec391	1	27becabec391	2	16	E0107	16	E0107
27db135a20ba	7	198,198,0,0	rules_n7_a4840_gen2.tsv	rules_n7_a4840_gen2.tsv=1	e0ba5cd5244d	Y	1d839add1464	N	689cbbb0422e	27db135a20ba	2	27db135a20ba	1	27db135a20ba	2	4	E0108	4	E0108
28343f6d7386	7	24,25,2,1	rules_n7_a4840_gen2.tsv	rules_n7_a4840_gen2.tsv=2	105e326bc51e	Y	380bebbab32b	N	2595a1b3d86e	105e326bc51e	2	28343f6d7386	1	105e326bc51e	2	2	E0045	2	E0045
28744d6ad86e	7	306,306,0,0	rules_n7_a4840_gen2.tsv	rules_n7_a4840_gen2.tsv=1	8f91910212c5	Y	4959ab5be3b2	N	d5b500158428	28744d6ad86e	2	28744d6ad86e	1	28744d6ad86e	2	1	E0109	1	E0109
28e415dd7f02	7	48,48,0,0	rules_n7_a4840_gen2.tsv	rules_n7_a4840_gen2.tsv=1	c26c151d9d54	Y	c26c151d9d54	Y	28e415dd7f02	28e415dd7f02	2	28e415dd7f02	2	28e415dd7f02	2	2	E0110	2	E0110
28eb250a68ea	7	108,108,0,0	rules_n7_a4840_band200.tsv	rules_n7_a4840_band200.tsv=1	bbdd86597cc7	Y	13416a9ebf5e	N	08e363636900	28eb250a68ea	2	28eb250a68ea	1	28eb250a68ea	2	2	E0111	2	E0111
2917468c0fac	7	426,420,3,9	rules_n7_a4840_gen2.tsv	rules_n7_a4840_gen2.tsv=1	73139a04654a	Y	ac13e9a751f0	N	e7517ef42eb3	2917468c0fac	2	2917468c0fac	1	2917468c0fac	2	1	E0112	1	E0112
292c02641e63	7	72,72,0,0	rules_n7_a4840_gen2.tsv	rules_n7_a4840_gen2.tsv=2	fb61739cb012	Y	a89df6442166	Y	939426db79b6	292c02641e63	2	292c02641e63	2	292c02641e63	4	4	E0113	4	E0113
298e146c1b51	7	66,66,0,0	rules_n7_a4840_band200.tsv	rules_n7_a4840_band200.tsv=1	b0362bc0097e	Y	79b5eae879e0	N	6deb45cfc12b	298e146c1b51	2	298e146c1b51	1	298e146c1b51	2	1	E0114	1	E0114
29acfe26c3eb	7	72,72,0,0	rules_n7_a4840_gen2.tsv	rules_n7_a4840_gen2.tsv=2	ba9ea1eefc0d	Y	52016e35d109	N	a35085a6bdae	29acfe26c3eb	2	29acfe26c3eb	1	29acfe26c3eb	2	8	E0115	8	E0115
2a00cff26db3	7	156,156,0,0	rules_n7_a4840_gen2.tsv	rules_n7_a4840_gen2.tsv=1	3ab705716374	Y	fc915925a29e	Y	c600828cb5e3	2a00cff26db3	2	2a00cff26db3	2	2a00cff26db3	4	2	E0116	2	E0116
2a574f2daa75	7	210,210,0,0	rules_n7_a4840_band200.tsv	rules_n7_a4840_band200.tsv=1	038dbff96d7c	Y	69a9db06e6a2	N	3225a617f115	038dbff96d7c	2	2a574f2daa75	1	038dbff96d7c	2	2	E0010	2	E0010
2b1829f80cf7	7	150,150,0,0	rules_n7_a4840_gen2.tsv	rules_n7_a4840_gen2.tsv=2	c5eefe353bce	Y	ea2e7e5199fe	N	71c60d5b8159	2b1829f80cf7	2	2b1829f80cf7	1	2b1829f80cf7	2	8	E0117	8	E0117
2b5c256071ab	7	216,216,0,0	rules_n7_a4840_gen2.tsv	rules_n7_a4840_gen2.tsv=1	7a76f11797d8	Y	1631062d749b	N	44ea12e0de12	2b5c256071ab	2	2b5c256071ab	1	2b5c256071ab	2	4	E0118	4	E0118
2ba97d8a677f	7	450,444,3,9	rules_n7_a4840_band200.tsv	rules_n7_a4840_band200.tsv=1	9dc03b0de11a	Y	59cc54939cfd	N	5a812ddeba7a	2ba97d8a677f	2	2ba97d8a677f	1	2ba97d8a677f	2	1	E0119	1	E0119
2c06ce315361	7	84,84,0,0	rules_n7_a4840_band200.tsv	rules_n7_a4840_band200.tsv=1	e6d89f3f0d4c	Y	e3d94bfb7ed4	N	6e0964416fff	2c06ce315361	2	2c06ce315361	1	2c06ce315361	2	4	E0120	4	E0120
2c483ace0daa	7	474,468,3,9	rules_n7_a256.tsv,rules_n7_a4840_gen2.tsv	rules_n7_a256.tsv=1,rules_n7_a4840_gen2.tsv=1	4cacb912829b	Y	2c483ace0daa	Y	4cacb912829b	2c483ace0daa	2	2c483ace0daa	1	2c483ace0daa	2	1	E0121	1	E0121
2c806c1bf6e3	7	48,48,0,0	rules_n7.tsv,rules_n7_a256.tsv,rules_n7_a4840_gen2.tsv	rules_n7.tsv=10,rules_n7_a256.tsv=10,rules_n7_a4840_gen2.tsv=9	7c2769543fc5	Y	2c806c1bf6e3	Y	7c2769543fc5	2c806c1bf6e3	2	2c806c1bf6e3	1	2c806c1bf6e3	2	19	E0122	19	E0122
2ca0aa902a05	7	480,486,9,3	rules_n7_a256.tsv,rules_n7_a4840_gen2.tsv	rules_n7_a256.tsv=1,rules_n7_a4840_gen2.tsv=1	339d7fc0a36e	Y	2ca0aa902a05	Y	339d7fc0a36e	2ca0aa902a05	2	2ca0aa902a05	1	2ca0aa902a05	2	1	E0123	1	E0123
2cd2cc12e153	7	156,156,0,0	rules_n7_a4840_gen2.tsv	rules_n7_a4840_gen2.tsv=1	94fd6c73a0d1	Y	05db12227184	Y	a98e907ebc54	2cd2cc12e153	2	05db12227184	2	05db12227184	4	2	E0017	2	E0017
2dcd6251565a	7	72,72,0,0	rules_n7_a4840_gen2.tsv	rules_n7_a4840_gen2.tsv=1	fecd684a9442	Y	b03b93912a87	N	5628d47129ba	2dcd6251565a	2	2dcd6251565a	1	2dcd6251565a	2	16	E0124	16	E0124
2dd7827e5108	7	174,174,0,0	rules_n7_a4840_gen2.tsv	rules_n7_a4840_gen2.tsv=2	868b50be85a4	Y	996fb797508f	N	88588d22bc1e	2dd7827e5108	2	2dd7827e5108	1	2dd7827e5108	2	8	E0125	8	E0125
2e183a958884	7	48,48,0,0	rules_n7_a4840_gen2.tsv	rules_n7_a4840_gen2.tsv=3	e086d3c2a7ab	Y	9f0931e3b065	N	96765641390e	2e183a958884	2	2e183a958884	1	2e183a958884	2	4	E0126	4	E0126
2e62188e3c8b	7	48,48,0,0	rules_n7_a4840_gen2.tsv	rules_n7_a4840_gen2.tsv=14	48f9270682d9	Y	48f9270682d9	Y	2e62188e3c8b	2e62188e3c8b	2	2e62188e3c8b	2	2e62188e3c8b	2	16	E0127	16	E0127
2f9f850b1759	7	186,186,0,0	rules_n7_a4840_band200.tsv	rules_n7_a4840_band200.tsv=1	ae30533f923a	Y	6b1c07608186	N	1076974065b1	2f9f850b1759	2	2f9f850b1759	1	2f9f850b1759	2	2	E0128	2	E0128
30361e285fae	7	180,180,0,0	rules_n7_a4840_gen2.tsv	rules_n7_a4840_gen2.tsv=1	7c184c5270f6	Y	a5cddce6b8e1	N	b35537cca3e2	30361e285fae	2	30361e285fae	1	30361e285fae	2	4	E0129	4	E0129
306d4d2a2ee6	7	84,84,0,0	rules_n7_a4840_band200.tsv	rules_n7_a4840_band200.tsv=2	d07ef10057cc	Y	51c224be6f17	N	6710364e2368	306d4d2a2ee6	2	306d4d2a2ee6	1	306d4d2a2ee6	2	4	E0130	4	E0130
311e9750fe53	7	48,48,0,0	rules_n7_a256.tsv,rules_n7_a4840_gen2.tsv	rules_n7_a256.tsv=1,rules_n7_a4840_gen2.tsv=1	9ce30e66b306	Y	311e9750fe53	Y	9ce30e66b306	311e9750fe53	2	311e9750fe53	1	311e9750fe53	2	2	E0131	2	E0131
3123e32f64ba	7	198,198,0,0	rules_n7_a4840_gen2.tsv	rules_n7_a4840_gen2.tsv=1	af79b06ba137	Y	06ee24223baf	N	f96e11b39e77	3123e32f64ba	2	3123e32f64ba	1	3123e32f64ba	2	4	E0132	4	E0132
3187a6ab820d	7	49,48,1,2	rules_n7.tsv,rules_n7_a256.tsv	rules_n7.tsv=1,rules_n7_a256.tsv=1	172c8ba32158	Y	6a0ff2c5b0e5	N	2e1a3a5929ea	172c8ba32158	2	3187a6ab820d	1	172c8ba32158	2	1	E0063	1	E0063
31a6811f7e37	7	156,156,0,0	rules_n7_a4840_gen2.tsv	rules_n7_a4840_gen2.tsv=1	566247c9db1e	Y	b084b8ac8244	Y	ed39c8e00437	31a6811f7e37	2	31a6811f7e37	2	31a6811f7e37	4	2	E0133	2	E0133
32484de5d5f7	7	156,156,0,0	rules_n7_a4840_band200.tsv	rules_n7_a4840_band200.tsv=2	1d6a7fce6cd4	Y	32484de5d5f7	Y	1d6a7fce6cd4	1d6a7fce6cd4	2	32484de5d5f7	1	1d6a7fce6cd4	2	3	E0079	3	E0079
3289b1f63a42	7	96,96,0,0	rules_n7_a4840_gen2.tsv	rules_n7_a4840_gen2.tsv=1	033c72053344	Y	f78ad6a6c42e	N	16086fbbe2d0	033c72053344	2	3289b1f63a42	1	033c72053344	2	1	E0009	1	E0009
32af70a4999e	7	192,192,0,0	rules_n7_a4840_gen2.tsv	rules_n7_a4840_gen2.tsv=2	dbb15d86868a	Y	aa61c1c5939b	N	8810af69465e	32af70a4999e	2	32af70a4999e	1	32af70a4999e	2	8	E0134	8	E0134
32eb67461a38	7	24,25,2,1	rules_n7_a4840_gen2.tsv	rules_n7_a4840_gen2.tsv=2	a31aaa6bc575	Y	36beb6177e58	N	7b34c604ba8c	32eb67461a38	2	32eb67461a38	1	32eb67461a38	2	2	E0135	2	E0135
33247298e6a4	7	438,444,9,3	rules_n7_a4840_band200.tsv	rules_n7_a4840_band200.tsv=1	c91b7da25221	Y	78ee4ecae00f	N	86106eea8dc6	33247298e6a4	2	33247298e6a4	1	33247298e6a4	2	1	E0136	1	E0136
3394d4cf4ce9	7	36,36,0,0	rules_n7_a4840_band200.tsv	rules_n7_a4840_band200.tsv=3	67eacd157bbc	Y	b84e5852608b	Y	90d033b7ddbf	3394d4cf4ce9	2	3394d4cf4ce9	2	3394d4cf4ce9	4	8	E0137	8	E0137
339d7fc0a36e	7	486,480,3,9	rules_n7_a256.tsv,rules_n7_a4840_gen2.tsv	rules_n7_a256.tsv=1,rules_n7_a4840_gen2.tsv=1	2ca0aa902a05	Y	339d7fc0a36e	Y	2ca0aa902a05	2ca0aa902a05	2	339d7fc0a36e	1	2ca0aa902a05	2	1	E0123	1	E0123
34aee4e1cbda	7	426,420,3,9	rules_n7_a4840_band200.tsv	rules_n7_a4840_band200.tsv=1	40511750d713	Y	34aee4e1cbda	Y	40511750d713	34aee4e1cbda	2	34aee4e1cbda	1	34aee4e1cbda	2	1	E0138	1	E0138
35bbec47e33d	7	528,522,3,9	rules_n7_a4840_band200.tsv	rules_n7_a4840_band200.tsv=1	535af5f8d015	Y	b40511323afd	N	73d24df9e157	35bbec47e33d	2	35bbec47e33d	1	35bbec47e33d	2	1	E0139	1	E0139
36706f4e334b	7	72,72,0,0	rules_n7_a4840_gen2.tsv	rules_n7_a4840_gen2.tsv=1	83f2a26fb1ab	Y	20dfd634c39d	N	087d17ed7a36	36706f4e334b	2	36706f4e334b	1	36706f4e334b	2	16	E0140	16	E0140
37003398a949	7	522,516,3,9	rules_n7_a4840_band200.tsv	rules_n7_a4840_band200.tsv=1	42447316c4f1	Y	a44979d58ad3	N	0e37f34fd908	37003398a949	2	37003398a949	1	37003398a949	2	1	E0141	1	E0141
374c09e1b5b9	7	150,150,0,0	rules_n7_a4840_gen2.tsv	rules_n7_a4840_gen2.tsv=1	eb52f3b0f67b	Y	94091abb441a	N	b4efa7448106	374c09e1b5b9	2	374c09e1b5b9	1	374c09e1b5b9	2	8	E0142	8	E0142
37cc3a8e114c	7	132,132,0,0	rules_n7_a4840_gen2.tsv	rules_n7_a4840_gen2.tsv=1	52066a3cc9fc	Y	68659e3421df	N	3461bb5fa4e9	37cc3a8e114c	2	37cc3a8e114c	1	37cc3a8e114c	2	8	E0143	8	E0143
3830c1bb282a	7	84,84,0,0	rules_n7_a4840_band200.tsv	rules_n7_a4840_band200.tsv=1	e6a2ec270f5f	Y	e55a28cc9161	N	0e6ecb53511a	3830c1bb282a	2	3830c1bb282a	1	3830c1bb282a	2	4	E0144	4	E0144
3848d784e880	7	132,132,0,0	rules_n7_a4840_gen2.tsv	rules_n7_a4840_gen2.tsv=1	b3e25e414908	Y	6631c0739124	N	3c7cfe70e93c	3848d784e880	2	3848d784e880	1	3848d784e880	2	8	E0145	8	E0145
38fa2979bd03	7	72,72,0,0	rules_n7_a4840_gen2.tsv	rules_n7_a4840_gen2.tsv=4	3f6f5c94d76e	Y	deb370b376d2	N	0269a8fa6b52	38fa2979bd03	2	38fa2979bd03	1	38fa2979bd03	2	8	E0146	8	E0146
3928acbccbec	7	156,156,0,0	rules_n7_a4840_gen2.tsv	rules_n7_a4840_gen2.tsv=1	1e95aaf59d36	Y	13f6c2effda5	Y	4eb2562f0637	1e95aaf59d36	2	13f6c2effda5	2	13f6c2effda5	4	2	E0052	2	E0052
396fe6d979c3	7	72,72,0,0	rules_n7_a4840_gen2.tsv	rules_n7_a4840_gen2.tsv=7	c8cd712ae7b0	Y	ef610343005a	N	2806ea7188e5	396fe6d979c3	2	396fe6d979c3	1	396fe6d979c3	2	8	E0147	8	E0147
398028eae919	7	48,48,0,0	rules_n7_a4840_gen2.tsv	rules_n7_a4840_gen2.tsv=15	a805ea3de51d	Y	e81502c52673	N	2dd037490bab	398028eae919	2	398028eae919	1	398028eae919	2	20	E0148	20	E0148
399155bb1069	7	156,156,0,0	rules_n7_a4840_gen2.tsv	rules_n7_a4840_gen2.tsv=1	e102740b5841	Y	b63310b11815	Y	5a8c41d2ff5e	399155bb1069	2	399155bb1069	2	399155bb1069	4	2	E0149	2	E0149
399bec1eb082	7	96,96,0,0	rules_n7_a4840_gen2.tsv	rules_n7_a4840_gen2.tsv=1	f6d440e96d8c	Y	3e6211364c35	N	eaf224744e02	399bec1eb082	2	399bec1eb082	1	399bec1eb082	2	4	E0150	4	E0150
39a60f60d325	7	108,108,0,0	rules_n7_a4840_gen2.tsv	rules_n7_a4840_gen2.tsv=2	c46ad2463388	Y	95415ff344bb	Y	60748cf01c32	39a60f60d325	2	39a60f60d325	2	39a60f60d325	4	8	E0151	8	E0151
39b993f37fda	7	96,96,0,0	rules_n7_a4840_gen2.tsv	rules_n7_a4840_gen2.tsv=2	8439efc11368	Y	aa658e787b4f	N	7990d0013e38	39b993f37fda	2	39b993f37fda	1	39b993f37fda	2	4	E0152	4	E0152
39ea17aa2020	7	150,150,0,0	rules_n7_a4840_gen2.tsv	rules_n7_a4840_gen2.tsv=1	8480c2d421f7	Y	7df952873676	N	828279114de0	39ea17aa2020	2	39ea17aa2020	1	39ea17aa2020	2	8	E0153	8	E0153
39fe21f51977	7	186,186,0,0	rules_n7_a4840_band200.tsv	rules_n7_a4840_band200.tsv=2	c50b4b5b313f	Y	0e3d7c884826	N	9c3499c67846	39fe21f51977	2	39fe21f51977	1	39fe21f51977	2	4	E0154	4	E0154
3a101202e00b	7	132,132,0,0	rules_n7_a4840_gen2.tsv	rules_n7_a4840_gen2.tsv=2	af8282bcbcba	Y	d1a0033e1269	Y	f64e9f0a8b15	3a101202e00b	2	3a101202e00b	2	3a101202e00b	4	4	E0155	4	E0155
3a296520ca00	7	132,132,0,0	rules_n7_a4840_gen2.tsv	rules_n7_a4840_gen2.tsv=2	53ccd5171863	Y	ec8aeb81c478	Y	9e9d1fddba16	3a296520ca00	2	3a296520ca00	2	3a296520ca00	4	4	E0156	4	E0156
3a3b52457923	7	48,48,0,0	rules_n7_a256.tsv,rules_n7_a4840_gen2.tsv	rules_n7_a256.tsv=1,rules_n7_a4840_gen2.tsv=4	0d491f159886	Y	3a3b52457923	Y	0d491f159886	0d491f159886	2	3a3b52457923	1	0d491f159886	2	20	E0036	20	E0036
3a42d71f01c6	7	96,96,0,0	rules_n7_a4840_gen2.tsv	rules_n7_a4840_gen2.tsv=2	1bba2e07446c	Y	1548d4e0ec17	N	6b015a2a1eac	1bba2e07446c	2	3a42d71f01c6	1	1bba2e07446c	2	4	E0075	4	E0075
3a87ef2485a8	7	84,84,0,0	rules_n7_a4840_band200.tsv	rules_n7_a4840_band200.tsv=2	0dcc7a5a1ff7	Y	5490c8a3307f	N	533b82e95448	0dcc7a5a1ff7	2	3a87ef2485a8	1	0dcc7a5a1ff7	2	4	E0037	4	E0037
3a9ca4131cc4	7	48,48,0,0	rules_n7_a4840_band200.tsv	rules_n7_a4840_band200.tsv=1	b9d178e37207	Y	6f671e554748	N	dbe37ea1adb5	3a9ca4131cc4	2	3a9ca4131cc4	1	3a9ca4131cc4	2	4	E0157	4	E0157
3ab705716374	7	156,156,0,0	rules_n7_a4840_gen2.tsv	rules_n7_a4840_gen2.tsv=1	2a00cff26db3	Y	c600828cb5e3	Y	fc915925a29e	2a00cff26db3	2	3ab705716374	2	2a00cff26db3	4	2	E0116	2	E0116
3b4fcdbf4387	7	156,156,0,0	rules_n7_a4840_gen2.tsv	rules_n7_a4840_gen2.tsv=1	5466fc6ea07e	Y	05ae19017d4c	Y	d16acee52433	3b4fcdbf4387	2	05ae19017d4c	2	05ae19017d4c	4	2	E0015	2	E0015
3b998b76d7fd	7	72,72,0,0	rules_n7_a4840_gen2.tsv	rules_n7_a4840_gen2.tsv=1	d6df25eea20b	Y	aca056ea4c48	Y	bf52ef05ab91	3b998b76d7fd	2	3b998b76d7fd	2	3b998b76d7fd	4	4	E0158	4	E0158
3c4631c5867a	7	72,72,0,0	rules_n7_a4840_gen2.tsv	rules_n7_a4840_gen2.tsv=2	e1065cfc01db	Y	27e85a76f8d8	N	3b39eae7f56d	3c4631c5867a	2	3c4631c5867a	1	3c4631c5867a	2	8	E0159	8	E0159
3c7f124adbf2	7	168,168,0,0	rules_n7_a4840_gen2.tsv	rules_n7_a4840_gen2.tsv=1	fa9996b118a5	Y	5b86d9d66678	N	99acf7a8aea8	3c7f124adbf2	2	3c7f124adbf2	1	3c7f124adbf2	2	8	E0160	8	E0160
3cebc7fa9384	7	270,270,0,0	rules_n7_a4840_gen2.tsv	rules_n7_a4840_gen2.tsv=1	ea8249f11315	Y	2dfe41ef2c2e	N	c0022cc65134	3cebc7fa9384	2	3cebc7fa9384	1	3cebc7fa9384	2	1	E0161	1	E0161
3d18e34840c5	7	198,198,0,0	rules_n7_a4840_gen2.tsv	rules_n7_a4840_gen2.tsv=1	5f89beb942b2	Y	f5d09d08c428	N	d7a33f148280	3d18e34840c5	2	3d18e34840c5	1	3d18e34840c5	2	4	E0162	4	E0162
3de03af84253	7	324,324,0,0	rules_n7_a4840_gen2.tsv	rules_n7_a4840_gen2.tsv=1	8d068195f573	Y	c6f21fed3d34	N	f70cb2fd6eed	3de03af84253	2	3de03af84253	1	3de03af84253	2	1	E0163	1	E0163
3e71ef327a14	7	318,318,0,0	rules_n7_a4840_gen2.tsv	rules_n7_a4840_gen2.tsv=1	a55d3fe6780d	Y	fda7a3749489	N	9afc78173011	3e71ef327a14	2	3e71ef327a14	1	3e71ef327a14	2	1	E0164	1	E0164
3ec33775c7bd	7	174,174,0,0	rules_n7_a4840_gen2.tsv	rules_n7_a4840_gen2.tsv=2	09d23aa6b91a	Y	fde10d5c7d66	N	7feb1d8f6606	09d23aa6b91a	2	3ec33775c7bd	1	09d23aa6b91a	2	8	E0026	8	E0026
3f4b1bcb6fa8	7	36,36,0,0	rules_n7_a4840_band200.tsv	rules_n7_a4840_band200.tsv=3	e3da64e6da9b	Y	151c9d94814a	Y	5166d6e62e75	3f4b1bcb6fa8	2	151c9d94814a	2	151c9d94814a	4	8	E0057	8	E0057
3f5aa66e7f8b	7	60,60,0,0	rules_n7_a4840_band200.tsv	rules_n7_a4840_band200.tsv=2	7762bf9a1f83	Y	3f5aa66e7f8b	Y	7762bf9a1f83	3f5aa66e7f8b	2	3f5aa66e7f8b	1	3f5aa66e7f8b	2	3	E0165	3	E0165
3f6f5c94d76e	7	72,72,0,0	rules_n7_a4840_gen2.tsv	rules_n7_a4840_gen2.tsv=4	38fa2979bd03	Y	0269a8fa6b52	N	deb370b376d2	38fa2979bd03	2	3f6f5c94d76e	1	38fa2979bd03	2	8	E0146	8	E0146
3fec56d50447	7	156,156,0,0	rules_n7_a4840_gen2.tsv	rules_n7_a4840_gen2.tsv=1	ce6c866f9d29	Y	b83b30ee08ce	Y	801e28b3acb6	3fec56d50447	2	3fec56d50447	2	3fec56d50447	4	2	E0166	2	E0166
3feefa303e8d	7	96,96,0,0	rules_n7_a4840_gen2.tsv	rules_n7_a4840_gen2.tsv=1	f2e392111776	Y	bde7c041799d	N	e84f4ed9e753	3feefa303e8d	2	3feefa303e8d	1	3feefa303e8d	2	4	E0167	4	E0167
4004c6042131	7	48,48,0,0	rules_n7_s48_covertwin.tsv	rules_n7_s48_covertwin.tsv=1	9233133e9c39	Y	9233133e9c39	Y	4004c6042131	4004c6042131	2	4004c6042131	2	4004c6042131	2	1	E0397	1	E0397
400f540f4bc2	7	204,204,0,0	rules_n7_a4840_band200.tsv	rules_n7_a4840_band200.tsv=1	438b84033bfa	Y	add5eade04f8	N	12361d714019	400f540f4bc2	2	400f540f4bc2	1	400f540f4bc2	2	2	E0168	2	E0168
40511750d713	7	420,426,9,3	rules_n7_a4840_band200.tsv	rules_n7_a4840_band200.tsv=1	34aee4e1cbda	Y	40511750d713	Y	34aee4e1cbda	34aee4e1cbda	2	40511750d713	1	34aee4e1cbda	2	1	E0138	1	E0138
4051cfed06ab	7	384,390,9,3	rules_n7_a256.tsv,rules_n7_a4840_gen2.tsv	rules_n7_a256.tsv=1,rules_n7_a4840_gen2.tsv=1	5bd9509256ff	Y	4051cfed06ab	Y	5bd9509256ff	4051cfed06ab	2	4051cfed06ab	1	4051cfed06ab	2	1	E0169	1	E0169
405b7c3d3a0f	7	156,156,0,0	rules_n7_a4840_gen2.tsv	rules_n7_a4840_gen2.tsv=1	ff1349883d98	Y	ddefe5f1daa4	Y	8562c2351bec	405b7c3d3a0f	2	405b7c3d3a0f	2	405b7c3d3a0f	4	2	E0170	2	E0170
41a730999ec8	7	96,96,0,0	rules_n7_a4840_gen2.tsv	rules_n7_a4840_gen2.tsv=2	84209a8c0f2c	Y	3cb309c151f7	N	779d8b92dfff	41a730999ec8	2	41a730999ec8	1	41a730999ec8	2	4	E0171	4	E0171
41dfe21e6c1c	7	186,186,0,0	rules_n7_a4840_band200.tsv	rules_n7_a4840_band200.tsv=1	e76c9c894e18	Y	c95a5ca12670	N	10d9356778da	41dfe21e6c1c	2	41dfe21e6c1c	1	41dfe21e6c1c	2	2	E0172	2	E0172
42447316c4f1	7	516,522,9,3	rules_n7_a4840_band200.tsv	rules_n7_a4840_band200.tsv=1	37003398a949	Y	0e37f34fd908	N	a44979d58ad3	37003398a949	2	42447316c4f1	1	37003398a949	2	1	E0141	1	E0141
427e8cc7a808	7	60,60,0,0	rules_n7_a4840_band200.tsv	rules_n7_a4840_band200.tsv=1	bbf1b4974173	Y	f5542aa46bd8	Y	dd454bcc3c5a	427e8cc7a808	2	427e8cc7a808	2	427e8cc7a808	4	4	E0173	4	E0173
427f0cd25687	7	72,72,0,0	rules_n7_a4840_gen2.tsv	rules_n7_a4840_gen2.tsv=1	bb74acd56cf9	Y	d9bc52991bee	N	b0930dab748f	427f0cd25687	2	427f0cd25687	1	427f0cd25687	2	4	E0174	4	E0174
429db3717944	7	48,48,0,0	rules_n7_a4840_gen2.tsv	rules_n7_a4840_gen2.tsv=2	b13177991e02	Y	b081b754d26e	Y	62a74ce65faa	429db3717944	2	429db3717944	2	429db3717944	4	32	E0175	32	E0175
42fbf3f0d536	7	132,132,0,0	rules_n7_a4840_gen2.tsv	rules_n7_a4840_gen2.tsv=2	a6cdd296693f	Y	08979c4016d6	Y	b33e8d83721c	42fbf3f0d536	2	08979c4016d6	2	08979c4016d6	4	4	E0023	4	E0023
430f8ba0d5bf	7	60,60,0,0	rules_n7_a4840_band200.tsv	rules_n7_a4840_band200.tsv=3	5d3074fe7163	Y	c4bc3f5987c1	N	104102cdb963	430f8ba0d5bf	2	430f8ba0d5bf	1	430f8ba0d5bf	2	8	E0176	8	E0176
435e181a3f3c	7	162,162,0,0	rules_n7_a4840_band200.tsv	rules_n7_a4840_band200.tsv=2	94e83c3c75fb	Y	1e4a4ce33f7f	N	8eb4a43f427d	435e181a3f3c	2	435e181a3f3c	1	435e181a3f3c	2	4	E0177	4	E0177
438b84033bfa	7	204,204,0,0	rules_n7_a4840_band200.tsv	rules_n7_a4840_band200.tsv=1	400f540f4bc2	Y	12361d714019	N	add5eade04f8	400f540f4bc2	2	438b84033bfa	1	400f540f4bc2	2	2	E0168	2	E0168
4397e30222b2	7	108,108,0,0	rules_n7_a4840_gen2.tsv	rules_n7_a4840_gen2.tsv=3	d3d61412dc56	Y	45a947482465	Y	27b09fd682e3	4397e30222b2	2	4397e30222b2	2	27b09fd682e3	4	8	E0106	8	E0106
442632459723	7	162,162,0,0	rules_n7_a4840_band200.tsv	rules_n7_a4840_band200.tsv=1	1dc8fef1698c	Y	4a5023fb6f26	N	2cb8f93eed94	1dc8fef1698c	2	442632459723	1	1dc8fef1698c	2	2	E0081	2	E0081
4428d2ecf001	7	180,180,0,0	rules_n7_a4840_band200.tsv	rules_n7_a4840_band200.tsv=1	f9ee8b6c0294	Y	c1f8184a0d6d	N	76582ab85bb2	4428d2ecf001	2	4428d2ecf001	1	4428d2ecf001	2	4	E0178	4	E0178
44bac1587ba9	7	72,72,0,0	rules_n7_a4840_gen2.tsv	rules_n7_a4840_gen2.tsv=2	ecad0e65a5d2	Y	a334d94e4000	N	fd05fd8725f2	44bac1587ba9	2	44bac1587ba9	1	44bac1587ba9	2	8	E0179	8	E0179
45a947482465	7	108,108,0,0	rules_n7_a4840_gen2.tsv	rules_n7_a4840_gen2.tsv=3	27b09fd682e3	Y	4397e30222b2	Y	d3d61412dc56	27b09fd682e3	2	4397e30222b2	2	27b09fd682e3	4	8	E0106	8	E0106
45e1abda4c12	7	72,72,0,0	rules_n7_a4840_gen2.tsv	rules_n7_a4840_gen2.tsv=1	7b5542740cec	Y	c166a6f5a3ee	N	ca0b8a1206c8	45e1abda4c12	2	45e1abda4c12	1	45e1abda4c12	2	16	E0180	16	E0180
46267e810eac	7	72,72,0,0	rules_n7_a4840_gen2.tsv	rules_n7_a4840_gen2.tsv=7	6e21f7e985fe	Y	56bafa20e0e9	N	1aab49e12fe7	46267e810eac	2	46267e810eac	1	46267e810eac	2	8	E0181	8	E0181
4728d8e5f3d2	7	36,36,0,0	rules_n7_a4840_band200.tsv	rules_n7_a4840_band200.tsv=1	c2220252475b	Y	1faaa4372ea9	N	5edafd148a9b	4728d8e5f3d2	2	4728d8e5f3d2	1	4728d8e5f3d2	2	8	E0182	8	E0182
47a02395c8f4	7	318,318,0,0	rules_n7_a4840_gen2.tsv	rules_n7_a4840_gen2.tsv=1	d4fbf7fd6f23	Y	006e2eb74c72	N	a6300b0ea8b8	47a02395c8f4	2	47a02395c8f4	1	47a02395c8f4	2	1	E0183	1	E0183
48618e07e64c	7	402,408,9,3	rules_n7_a4840_gen2.tsv	rules_n7_a4840_gen2.tsv=1	945e26e3b212	Y	4927b8230969	N	f17127c17e58	48618e07e64c	2	48618e07e64c	1	48618e07e64c	2	1	E0184	1	E0184
487b3aecfeb2	7	174,174,0,0	rules_n7_a4840_gen2.tsv	rules_n7_a4840_gen2.tsv=1	f1f39aaf528e	Y	d9d08fb76f35	N	f92d3b1c3ed7	487b3aecfeb2	2	487b3aecfeb2	1	487b3aecfeb2	2	4	E0185	4	E0185
48c30fab9556	7	12,12,0,0	rules_n7_a4840_band200.tsv	rules_n7_a4840_band200.tsv=7	803ec382c593	Y	48c30fab9556	Y	803ec382c593	48c30fab9556	2	48c30fab9556	1	48c30fab9556	2	10	E0186	10	E0186
48f9270682d9	7	48,48,0,0	rules_n7_a4840_gen2.tsv	rules_n7_a4840_gen2.tsv=14	2e62188e3c8b	Y	2e62188e3c8b	Y	48f9270682d9	2e62188e3c8b	2	2e62188e3c8b	2	2e62188e3c8b	2	16	E0127	16	E0127
495b710dba59	7	456,462,9,3	rules_n7_a4840_band200.tsv	rules_n7_a4840_band200.tsv=1	bb9ef9370a0d	Y	495b710dba59	Y	bb9ef9370a0d	495b710dba59	2	495b710dba59	1	495b710dba59	2	1	E0187	1	E0187
49a13c4700c6	7	516,510,3,9	rules_n7_a4840_band200.tsv	rules_n7_a4840_band200.tsv=1	e710971edcbf	Y	9841ecb691a5	N	1048df64e30e	49a13c4700c6	2	49a13c4700c6	1	49a13c4700c6	2	1	E0188	1	E0188
49c5410504fe	7	48,48,0,0	rules_n7_a4840_gen2.tsv	rules_n7_a4840_gen2.tsv=15	4f671bc3d3f3	Y	2e61ccbfa412	N	2db9124f5c9c	49c5410504fe	2	49c5410504fe	1	49c5410504fe	2	20	E0189	20	E0189
49d4d9e84135	7	174,174,0,0	rules_n7_a4840_gen2.tsv	rules_n7_a4840_gen2.tsv=1	bb0325078ded	Y	c5963e7738e8	N	637827456d89	49d4d9e84135	2	49d4d9e84135	1	49d4d9e84135	2	8	E0190	8	E0190
49eb8498235d	7	108,108,0,0	rules_n7_a4840_gen2.tsv	rules_n7_a4840_gen2.tsv=2	92dd26e01875	Y	0058ac858d36	Y	1be958ce8f4e	49eb8498235d	2	0058ac858d36	2	0058ac858d36	4	8	E0000	8	E0000
49fff6b78fa8	7	36,36,0,0	rules_n7_a4840_gen2.tsv	rules_n7_a4840_gen2.tsv=2	49fff6b78fa8	Y	fc41a7bd9625	N	fc41a7bd9625	49fff6b78fa8	1	49fff6b78fa8	1	49fff6b78fa8	1	1	E0191	1	E0191
4ad13835a281	7	72,72,0,0	rules_n7_a4840_gen2.tsv	rules_n7_a4840_gen2.tsv=7	211974864876	Y	53388a51deab	N	33825def0181	211974864876	2	4ad13835a281	1	211974864876	2	8	E0091	8	E0091
4adf6b64f36e	7	72,72,0,0	rules_n7_a4840_band200.tsv	rules_n7_a4840_band200.tsv=1	06cbb44e483f	Y	99ca576f76a7	N	af67a509445d	06cbb44e483f	2	4adf6b64f36e	1	06cbb44e483f	2	2	E0021	2	E0021
4afb5e5acf86	7	180,180,0,0	rules_n7_a4840_band200.tsv	rules_n7_a4840_band200.tsv=1	de447a54d5c6	Y	7249a5abd764	N	6e9ca009deac	4afb5e5acf86	2	4afb5e5acf86	1	4afb5e5acf86	2	4	E0192	4	E0192
4bb158d41da1	7	492,486,3,9	rules_n7_a4840_gen2.tsv	rules_n7_a4840_gen2.tsv=1	bf30f607a61f	Y	138f69b1ed46	N	ef072aac799d	4bb158d41da1	2	4bb158d41da1	1	4bb158d41da1	2	1	E0193	1	E0193
4bf7e3748717	7	72,72,0,0	rules_n7_a4840_gen2.tsv	rules_n7_a4840_gen2.tsv=7	71fce178fd55	Y	09e40c2ba7cf	N	bf9503ec8f9d	4bf7e3748717	2	4bf7e3748717	1	4bf7e3748717	2	10	E0194	10	E0194
4c331cf536a0	7	108,108,0,0	rules_n7_a4840_band200.tsv	rules_n7_a4840_band200.tsv=1	8483f8b7ecb1	Y	ae6a4aaa0134	N	fa708a9c92a5	4c331cf536a0	2	4c331cf536a0	1	4c331cf536a0	2	2	E0195	2	E0195
4c4f2d1a4871	7	204,204,0,0	rules_n7_a4840_band200.tsv	rules_n7_a4840_band200.tsv=2	c5613db25dba	Y	63f22180c1f7	N	61d47c4c21a6	4c4f2d1a4871	2	4c4f2d1a4871	1	4c4f2d1a4871	2	4	E0196	4	E0196
4c6e579a7560	7	48,48,0,0	rules_n7_a4840_gen2.tsv	rules_n7_a4840_gen2.tsv=8	72d376c5571d	Y	72d376c5571d	Y	4c6e579a7560	4c6e579a7560	2	4c6e579a7560	2	4c6e579a7560	2	9	E0197	9	E0197
4cacb912829b	7	468,474,9,3	rules_n7_a256.tsv,rules_n7_a4840_gen2.tsv	rules_n7_a256.tsv=1,rules_n7_a4840_gen2.tsv=1	2c483ace0daa	Y	4cacb912829b	Y	2c483ace0daa	2c483ace0daa	2	4cacb912829b	1	2c483ace0daa	2	1	E0121	1	E0121
4cc654e02a5f	7	480,486,9,3	rules_n7_a4840_gen2.tsv	rules_n7_a4840_gen2.tsv=1	cd6c8c10c579	Y	cbeeba88760b	N	c261949024d0	4cc654e02a5f	2	4cc654e02a5f	1	4cc654e02a5f	2	1	E0198	1	E0198
4ce48a92b573	7	210,210,0,0	rules_n7_a4840_band200.tsv	rules_n7_a4840_band200.tsv=1	989d2fdca27a	Y	bc61d550dfc1	N	2a0d0fbc5929	4ce48a92b573	2	4ce48a92b573	1	4ce48a92b573	2	2	E0199	2	E0199
4d9a21b2c945	7	48,48,0,0	rules_n7_a4840_gen2.tsv	rules_n7_a4840_gen2.tsv=10	f87b924fc4aa	Y	7df2e335695d	N	df1d21e21443	4d9a21b2c945	2	4d9a21b2c945	1	4d9a21b2c945	2	16	E0200	16	E0200
4eb2562f0637	7	156,156,0,0	rules_n7_a4840_gen2.tsv	rules_n7_a4840_gen2.tsv=1	13f6c2effda5	Y	1e95aaf59d36	Y	3928acbccbec	13f6c2effda5	2	1e95aaf59d36	2	13f6c2effda5	4	2	E0052	2	E0052
4ecba60aa35e	7	48,48,0,0	rules_n7.tsv,rules_n7_a256.tsv	rules_n7.tsv=2,rules_n7_a256.tsv=2	9729dc5f53f8	Y	4ecba60aa35e	Y	9729dc5f53f8	4ecba60aa35e	2	4ecba60aa35e	1	4ecba60aa35e	2	2	E0201	2	E0201
4f116897fd63	7	49,48,1,2	rules_n7_a256.tsv,rules_n7_a4840_gen2.tsv	rules_n7_a256.tsv=1,rules_n7_a4840_gen2.tsv=1	cfe46d0a2eed	Y	7bd849e3d4b2	N	89ff73b7862b	4f116897fd63	2	4f116897fd63	1	4f116897fd63	2	1	E0202	1	E0202
4f671bc3d3f3	7	48,48,0,0	rules_n7_a4840_gen2.tsv	rules_n7_a4840_gen2.tsv=15	49c5410504fe	Y	2db9124f5c9c	N	2e61ccbfa412	49c5410504fe	2	4f671bc3d3f3	1	49c5410504fe	2	20	E0189	20	E0189
4f8df87699e7	7	72,72,0,0	rules_n7_a4840_gen2.tsv	rules_n7_a4840_gen2.tsv=5	b2d27c6fb87b	Y	d0f29912759f	N	8ef4b9f8fa14	4f8df87699e7	2	4f8df87699e7	1	4f8df87699e7	2	8	E0203	8	E0203
4fee2fcf1569	7	174,174,0,0	rules_n7_a4840_band200.tsv	rules_n7_a4840_band200.tsv=1	fe22f3e91d6f	Y	a8ef3764cb72	N	e8405f07beda	4fee2fcf1569	2	4fee2fcf1569	1	4fee2fcf1569	2	4	E0204	4	E0204
510b5a794970	7	186,186,0,0	rules_n7_a4840_band200.tsv	rules_n7_a4840_band200.tsv=1	fee203226e22	Y	45dfb6f2d278	N	a0aabee848de	510b5a794970	2	510b5a794970	1	510b5a794970	2	2	E0205	2	E0205
51225a9bb93e	7	60,60,0,0	rules_n7_a4840_band200.tsv	rules_n7_a4840_band200.tsv=3	96c7e62b0db1	Y	9c3453ce4688	N	da6089d247c3	51225a9bb93e	2	51225a9bb93e	1	51225a9bb93e	2	8	E0206	8	E0206
5135b7adb396	7	174,174,0,0	rules_n7_a4840_gen2.tsv	rules_n7_a4840_gen2.tsv=1	8411b9baf058	Y	0cf462831a68	N	182de566f286	5135b7adb396	2	5135b7adb396	1	5135b7adb396	2	4	E0207	4	E0207
5166d6e62e75	7	36,36,0,0	rules_n7_a4840_band200.tsv	rules_n7_a4840_band200.tsv=3	151c9d94814a	Y	e3da64e6da9b	Y	3f4b1bcb6fa8	151c9d94814a	2	5166d6e62e75	2	151c9d94814a	4	8	E0057	8	E0057
518f9139e0cb	7	108,108,0,0	rules_n7_a4840_band200.tsv	rules_n7_a4840_band200.tsv=1	1440a8e1a807	Y	184a34c3c4ad	N	eba5a9090074	1440a8e1a807	2	518f9139e0cb	1	1440a8e1a807	2	2	E0053	2	E0053
51c13efc7a14	7	0,1,2,1	rules_n7_a4840_gen2.tsv	rules_n7_a4840_gen2.tsv=4	a23d031fbcd3	Y	dc4f47bd010d	N	3abf65c6db42	51c13efc7a14	2	51c13efc7a14	1	51c13efc7a14	2	13	E0208	13	E0208
52066a3cc9fc	7	132,132,0,0	rules_n7_a4840_gen2.tsv	rules_n7_a4840_gen2.tsv=1	37cc3a8e114c	Y	3461bb5fa4e9	N	68659e3421df	37cc3a8e114c	2	52066a3cc9fc	1	37cc3a8e114c	2	8	E0143	8	E0143
526035ef3d01	7	204,204,0,0	rules_n7_a4840_band200.tsv	rules_n7_a4840_band200.tsv=1	918cf6abec0b	Y	6f4a2f178ff6	N	fd9aec411e07	526035ef3d01	2	526035ef3d01	1	526035ef3d01	2	2	E0209	2	E0209
535af5f8d015	7	522,528,9,3	rules_n7_a4840_band200.tsv	rules_n7_a4840_band200.tsv=1	35bbec47e33d	Y	73d24df9e157	N	b40511323afd	35bbec47e33d	2	535af5f8d015	1	35bbec47e33d	2	1	E0139	1	E0139
53ccd5171863	7	132,132,0,0	rules_n7_a4840_gen2.tsv	rules_n7_a4840_gen2.tsv=2	3a296520ca00	Y	9e9d1fddba16	Y	ec8aeb81c478	3a296520ca00	2	53ccd5171863	2	3a296520ca00	4	4	E0156	4	E0156
5466fc6ea07e	7	156,156,0,0	rules_n7_a4840_gen2.tsv	rules_n7_a4840_gen2.tsv=1	3b4fcdbf4387	Y	d16acee52433	Y	05ae19017d4c	3b4fcdbf4387	2	5466fc6ea07e	2	05ae19017d4c	4	2	E0015	2	E0015
54b7bc1c7a38	7	192,192,0,0	rules_n7_a4840_band200.tsv	rules_n7_a4840_band200.tsv=1	f901e6cffd9f	Y	54b7bc1c7a38	Y	f901e6cffd9f	54b7bc1c7a38	2	54b7bc1c7a38	1	54b7bc1c7a38	2	1	E0210	1	E0210
54df7d6885d9	7	180,180,0,0	rules_n7_a256.tsv,rules_n7_a4840_gen2.tsv	rules_n7_a256.tsv=1,rules_n7_a4840_gen2.tsv=1	92fb5307eb65	Y	54df7d6885d9	Y	92fb5307eb65	54df7d6885d9	2	54df7d6885d9	1	54df7d6885d9	2	1	E0211	1	E0211
5581e578134b	7	48,48,0,0	rules_n7_a4840_gen2.tsv	rules_n7_a4840_gen2.tsv=3	d0a01a1ac47d	Y	d0a01a1ac47d	Y	5581e578134b	5581e578134b	2	5581e578134b	2	5581e578134b	2	12	E0212	12	E0212
5591f470dd0d	7	282,282,0,0	rules_n7_a4840_gen2.tsv	rules_n7_a4840_gen2.tsv=1	f730adbbcb07	Y	df035336c154	N	96effc5ea0b1	5591f470dd0d	2	5591f470dd0d	1	5591f470dd0d	2	1	E0213	1	E0213
55ceb6cb2330	7	48,48,0,0	rules_n7_a4840_band200.tsv	rules_n7_a4840_band200.tsv=1	a97d1120a6ed	Y	160db86fd0b0	N	8f0460768918	55ceb6cb2330	2	55ceb6cb2330	1	55ceb6cb2330	2	4	E0214	4	E0214
55ebb8b168a5	7	60,60,0,0	rules_n7_a4840_band200.tsv	rules_n7_a4840_band200.tsv=4	ab11977fcf47	Y	d5c71bba2746	N	de418ffd0427	55ebb8b168a5	2	55ebb8b168a5	1	55ebb8b168a5	2	8	E0215	8	E0215
566247c9db1e	7	156,156,0,0	rules_n7_a4840_gen2.tsv	rules_n7_a4840_gen2.tsv=1	31a6811f7e37	Y	ed39c8e00437	Y	b084b8ac8244	31a6811f7e37	2	566247c9db1e	2	31a6811f7e37	4	2	E0133	2	E0133
569e779b71c2	7	420,426,9,3	rules_n7_a256.tsv,rules_n7_a4840_gen2.tsv	rules_n7_a256.tsv=1,rules_n7_a4840_gen2.tsv=1	5be118229918	Y	569e779b71c2	Y	5be118229918	569e779b71c2	2	569e779b71c2	1	569e779b71c2	2	1	E0216	1	E0216
56f642d92240	7	168,168,0,0	rules_n7_a4840_gen2.tsv	rules_n7_a4840_gen2.tsv=1	176d3814e13d	Y	a792d92caaf7	N	dd55b0736383	176d3814e13d	2	56f642d92240	1	176d3814e13d	2	8	E0064	8	E0064
573b5918fcfd	7	198,198,0,0	rules_n7_a4840_gen2.tsv	rules_n7_a4840_gen2.tsv=1	e0be9b4548fa	Y	04b8bbb8ec5d	N	186b083e370a	573b5918fcfd	2	573b5918fcfd	1	573b5918fcfd	2	4	E0217	4	E0217
573ebb4e5913	7	72,72,0,0	rules_n7_a4840_gen2.tsv	rules_n7_a4840_gen2.tsv=2	f66db8d87212	Y	9db0a4d4fa85	N	573a94ea6662	573ebb4e5913	2	573ebb4e5913	1	573ebb4e5913	2	8	E0218	8	E0218
573ebdfa18ad	7	504,498,3,9	rules_n7_a4840_band200.tsv	rules_n7_a4840_band200.tsv=1	6af13929fbb1	Y	9142102585df	N	182fd78e79e9	573ebdfa18ad	2	573ebdfa18ad	1	573ebdfa18ad	2	1	E0219	1	E0219
5937ccee41db	7	156,156,0,0	rules_n7_a4840_gen2.tsv	rules_n7_a4840_gen2.tsv=1	9904ad27d680	Y	8aa1caeeb336	Y	a4ae35cede60	5937ccee41db	2	5937ccee41db	2	5937ccee41db	4	2	E0220	2	E0220
59ec37404138	7	288,288,0,0	rules_n7_a4840_gen2.tsv	rules_n7_a4840_gen2.tsv=1	d693593523cd	Y	bb9be884d711	N	d792f75349c7	59ec37404138	2	59ec37404138	1	59ec37404138	2	1	E0221	1	E0221
5a8c41d2ff5e	7	156,156,0,0	rules_n7_a4840_gen2.tsv	rules_n7_a4840_gen2.tsv=1	b63310b11815	Y	e102740b5841	Y	399155bb1069	5a8c41d2ff5e	2	5a8c41d2ff5e	2	399155bb1069	4	2	E0149	2	E0149
5aceefba3b64	7	48,48,0,0	rules_n7_a4840_gen2.tsv	rules_n7_a4840_gen2.tsv=2	ada84d0153fa	Y	71c5db04b01a	N	f52fa9aa52d8	5aceefba3b64	2	5aceefba3b64	1	5aceefba3b64	2	16	E0222	16	E0222
5bbd9f177d9c	7	162,162,0,0	rules_n7_a4840_band200.tsv	rules_n7_a4840_band200.tsv=1	6e943a6ae528	Y	529abfe9b753	N	a0f723e09f22	5bbd9f177d9c	2	5bbd9f177d9c	1	5bbd9f177d9c	2	2	E0223	2	E0223
5bd9509256ff	7	390,384,3,9	rules_n7_a256.tsv,rules_n7_a4840_gen2.tsv	rules_n7_a256.tsv=1,rules_n7_a4840_gen2.tsv=1	4051cfed06ab	Y	5bd9509256ff	Y	4051cfed06ab	4051cfed06ab	2	5bd9509256ff	1	4051cfed06ab	2	1	E0169	1	E0169
5be118229918	7	426,420,3,9	rules_n7_a256.tsv,rules_n7_a4840_gen2.tsv	rules_n7_a256.tsv=1,rules_n7_a4840_gen2.tsv=1	569e779b71c2	Y	5be118229918	Y	569e779b71c2	569e779b71c2	2	5be118229918	1	569e779b71c2	2	1	E0216	1	E0216
5bf23f32ca54	7	108,108,0,0	rules_n7_a4840_band200.tsv	rules_n7_a4840_band200.tsv=1	77edc40696c8	Y	37cbae347c6f	N	1a44253e72b0	5bf23f32ca54	2	5bf23f32ca54	1	5bf23f32ca54	2	2	E0224	2	E0224
5c37934c0e37	7	492,498,9,3	rules_n7_a4840_band200.tsv	rules_n7_a4840_band200.tsv=1	14dbfee2d4bb	Y	5c37934c0e37	Y	14dbfee2d4bb	14dbfee2d4bb	2	5c37934c0e37	1	14dbfee2d4bb	2	1	E0056	1	E0056
5c5648cddbd6	7	108,108,0,0	rules_n7_a4840_band200.tsv	rules_n7_a4840_band200.tsv=1	c04133834105	Y	b7277f4b4d92	N	4ccb2676e566	5c5648cddbd6	2	5c5648cddbd6	1	5c5648cddbd6	2	2	E0225	2	E0225
5cadd625a68e	7	108,108,0,0	rules_n7_a4840_band200.tsv	rules_n7_a4840_band200.tsv=1	9ed61ed63d31	Y	ed5a4fa02786	N	9e6201b71d22	5cadd625a68e	2	5cadd625a68e	1	5cadd625a68e	2	2	E0226	2	E0226
5cd3cbbb1e5a	7	438,444,9,3	rules_n7_a4840_band200.tsv	rules_n7_a4840_band200.tsv=1	b7786fb21162	Y	1458b737d6f9	N	fee91e0ac829	5cd3cbbb1e5a	2	5cd3cbbb1e5a	1	5cd3cbbb1e5a	2	1	E0227	1	E0227
5cd553a8321b	7	84,84,0,0	rules_n7_a4840_band200.tsv	rules_n7_a4840_band200.tsv=1	bc6dd269b36a	Y	0f91c94bac0f	N	9401bb8ec27e	5cd553a8321b	2	5cd553a8321b	1	5cd553a8321b	2	2	E0228	2	E0228
5d3074fe7163	7	60,60,0,0	rules_n7_a4840_band200.tsv	rules_n7_a4840_band200.tsv=3	430f8ba0d5bf	Y	104102cdb963	N	c4bc3f5987c1	430f8ba0d5bf	2	5d3074fe7163	1	430f8ba0d5bf	2	8	E0176	8	E0176
5df234313d5d	7	306,306,0,0	rules_n7_a4840_gen2.tsv	rules_n7_a4840_gen2.tsv=1	b7f629ee6373	Y	bca53e2262ec	N	3efd3ad80bc9	5df234313d5d	2	5df234313d5d	1	5df234313d5d	2	1	E0229	1	E0229
5e303fc5a688	7	156,156,0,0	rules_n7_a4840_gen2.tsv	rules_n7_a4840_gen2.tsv=2	1953b28ffc27	Y	a31532e3fc4a	N	50217ca3a1ca	1953b28ffc27	2	5e303fc5a688	1	1953b28ffc27	2	8	E0067	8	E0067
5e3e40b58466	7	36,36,0,0	rules_n7_a4840_band200.tsv	rules_n7_a4840_band200.tsv=1	c958df8ea4c3	Y	70cb7fe10749	N	3ca7947a0c4b	5e3e40b58466	2	5e3e40b58466	1	5e3e40b58466	2	8	E0230	8	E0230
5f12a02d1321	7	48,48,0,0	rules_n7_a4840_gen2.tsv	rules_n7_a4840_gen2.tsv=2	e29b2ab073c4	Y	638d297a119f	N	7a77bafb75de	5f12a02d1321	2	5f12a02d1321	1	5f12a02d1321	2	4	E0231	4	E0231
5f89beb942b2	7	198,198,0,0	rules_n7_a4840_gen2.tsv	rules_n7_a4840_gen2.tsv=1	3d18e34840c5	Y	d7a33f148280	N	f5d09d08c428	3d18e34840c5	2	5f89beb942b2	1	3d18e34840c5	2	4	E0162	4	E0162
5fdd20443018	7	48,48,0,0	rules_n7_a4840_gen2.tsv	rules_n7_a4840_gen2.tsv=2	1f22bfdc604d	Y	083fb1d0079b	N	c216a9ac12c8	1f22bfdc604d	2	5fdd20443018	1	1f22bfdc604d	2	4	E0085	4	E0085
5ff76078c599	7	48,48,0,0	rules_n7_a4840_gen2.tsv	rules_n7_a4840_gen2.tsv=28	8373a022eef2	Y	cf790b7e7212	N	5be9d4918e05	5ff76078c599	2	5ff76078c599	1	5ff76078c599	2	32	E0232	32	E0232
60748cf01c32	7	108,108,0,0	rules_n7_a4840_gen2.tsv	rules_n7_a4840_gen2.tsv=2	95415ff344bb	Y	c46ad2463388	Y	39a60f60d325	60748cf01c32	2	60748cf01c32	2	39a60f60d325	4	8	E0151	8	E0151
61425d36b790	7	318,318,0,0	rules_n7_a4840_gen2.tsv	rules_n7_a4840_gen2.tsv=1	ffee84a6f2e4	Y	d721819e7d6d	N	9aa088f919b7	61425d36b790	2	61425d36b790	1	61425d36b790	2	1	E0233	1	E0233
61e671455635	7	150,150,0,0	rules_n7_a4840_gen2.tsv	rules_n7_a4840_gen2.tsv=4	27becabec391	Y	e466cbfe715b	N	2adc61092ab6	27becabec391	2	61e671455635	1	27becabec391	2	16	E0107	16	E0107
6203f1c4b2cc	7	294,294,0,0	rules_n7_a4840_gen2.tsv	rules_n7_a4840_gen2.tsv=1	ce3dbf6afd27	Y	b0a63f387770	N	bb6794260145	6203f1c4b2cc	2	6203f1c4b2cc	1	6203f1c4b2cc	2	1	E0234	1	E0234
6229710a29b2	7	228,228,0,0	rules_n7_a4840_band200.tsv	rules_n7_a4840_band200.tsv=1	ab676a60b54e	Y	d7bb7c03d32e	N	e24944a11f9c	6229710a29b2	2	6229710a29b2	1	6229710a29b2	2	2	E0235	2	E0235
62a74ce65faa	7	48,48,0,0	rules_n7_a4840_gen2.tsv	rules_n7_a4840_gen2.tsv=28	b081b754d26e	Y	b13177991e02	Y	429db3717944	62a74ce65faa	2	62a74ce65faa	2	429db3717944	4	32	E0175	32	E0175
633ce2d3f413	7	132,132,0,0	rules_n7_a4840_gen2.tsv	rules_n7_a4840_gen2.tsv=1	9ca1059f7d02	Y	e97471679399	Y	7b8c90303ed0	633ce2d3f413	2	633ce2d3f413	2	633ce2d3f413	4	4	E0236	4	E0236
63ac52c757ed	7	486,492,9,3	rules_n7_a4840_gen2.tsv	rules_n7_a4840_gen2.tsv=1	95fa5c852284	Y	b35fbade78f0	N	48e637fc8527	63ac52c757ed	2	63ac52c757ed	1	63ac52c757ed	2	1	E0237	1	E0237
642f48479b2a	7	60,60,0,0	rules_n7_a4840_band200.tsv	rules_n7_a4840_band200.tsv=1	08228ec67eb6	Y	baefb22d1573	N	71cb5ec4c29e	08228ec67eb6	2	642f48479b2a	1	08228ec67eb6	2	4	E0022	4	E0022
64494227b63c	7	174,174,0,0	rules_n7_a4840_gen2.tsv	rules_n7_a4840_gen2.tsv=1	9105aba16b54	Y	a4513254683d	N	702308504be2	64494227b63c	2	64494227b63c	1	64494227b63c	2	4	E0238	4	E0238
64747b1aaa96	7	108,108,0,0	rules_n7_a4840_gen2.tsv	rules_n7_a4840_gen2.tsv=3	71e1161ee3eb	Y	1d16cacba0be	Y	d306546e9989	64747b1aaa96	2	1d16cacba0be	2	1d16cacba0be	4	8	E0077	8	E0077
65b414a14871	7	198,198,0,0	rules_n7_a4840_gen2.tsv	rules_n7_a4840_gen2.tsv=1	b90b8c0dcceb	Y	9c68c9e6931d	N	d479bf6bc7ab	65b414a14871	2	65b414a14871	1	65b414a14871	2	4	E0239	4	E0239
65b9d86f9b57	7	156,156,0,0	rules_n7_a4840_gen2.tsv	rules_n7_a4840_gen2.tsv=1	b426a4d5583d	Y	7930a256a7bc	N	5fa6f7683665	65b9d86f9b57	2	65b9d86f9b57	1	65b9d86f9b57	2	4	E0240	4	E0240
65d9c5d02da1	7	84,84,0,0	rules_n7_a256.tsv,rules_n7_a4840_gen2.tsv	rules_n7_a256.tsv=8,rules_n7_a4840_gen2.tsv=20	65d9c5d02da1	Y	65d9c5d02da1	Y	65d9c5d02da1	65d9c5d02da1	1	65d9c5d02da1	1	65d9c5d02da1	1	10	E0241	10	E0241
65e6ee3248d6	7	132,132,0,0	rules_n7_a4840_gen2.tsv	rules_n7_a4840_gen2.tsv=1	c589e2232376	Y	dcabc927a335	Y	b3530b0fdb4c	65e6ee3248d6	2	65e6ee3248d6	2	65e6ee3248d6	4	4	E0242	4	E0242
65faf8c9cd20	7	156,156,0,0	rules_n7_a4840_gen2.tsv	rules_n7_a4840_gen2.tsv=1	ac9bbabf002d	Y	a281daa84496	Y	686a622fdddc	65faf8c9cd20	2	65faf8c9cd20	2	65faf8c9cd20	4	2	E0243	2	E0243
66c7854e6888	7	72,72,0,0	rules_n7_a4840_gen2.tsv	rules_n7_a4840_gen2.tsv=7	c6fe0326a117	Y	603f4004dbe4	N	3545dc412c9b	66c7854e6888	2	66c7854e6888	1	66c7854e6888	2	8	E0244	8	E0244
6714c4a96bb4	7	48,48,0,0	rules_n7.tsv,rules_n7_a256.tsv	rules_n7.tsv=4,rules_n7_a256.tsv=4	6714c4a96bb4	Y	6714c4a96bb4	Y	6714c4a96bb4	6714c4a96bb4	1	6714c4a96bb4	1	6714c4a96bb4	1	2	E0245	2	E0245
67eacd157bbc	7	36,36,0,0	rules_n7_a4840_band200.tsv	rules_n7_a4840_band200.tsv=3	3394d4cf4ce9	Y	90d033b7ddbf	Y	b84e5852608b	3394d4cf4ce9	2	67eacd157bbc	2	3394d4cf4ce9	4	8	E0137	8	E0137
686a622fdddc	7	156,156,0,0	rules_n7_a4840_gen2.tsv	rules_n7_a4840_gen2.tsv=1	a281daa84496	Y	ac9bbabf002d	Y	65faf8c9cd20	686a622fdddc	2	686a622fdddc	2	65faf8c9cd20	4	2	E0243	2	E0243
687cb1131075	7	168,168,0,0	rules_n7_a4840_band200.tsv	rules_n7_a4840_band200.tsv=1	ebacd04c78bb	Y	5e2b629e006d	N	24e6b2e7cdab	687cb1131075	2	687cb1131075	1	687cb1131075	2	2	E0246	2	E0246
68b839f8740c	7	48,49,2,1	rules_n7.tsv,rules_n7_a256.tsv	rules_n7.tsv=1,rules_n7_a256.tsv=1	21134d34e6b2	Y	21d49b444c2e	N	16fbb35027fe	21134d34e6b2	2	68b839f8740c	1	21134d34e6b2	2	1	E0090	1	E0090
6930b7d208a7	7	156,156,0,0	rules_n7_a4840_gen2.tsv	rules_n7_a4840_gen2.tsv=1	b0c4e9f7edee	Y	9d43d80d96dc	Y	83998764da35	6930b7d208a7	2	6930b7d208a7	2	6930b7d208a7	4	2	E0247	2	E0247
6956c983c235	7	156,156,0,0	rules_n7_a4840_gen2.tsv	rules_n7_a4840_gen2.tsv=1	c65aef8bfb75	Y	1d9d6b4be098	Y	205e00aedd5c	6956c983c235	2	1d9d6b4be098	2	1d9d6b4be098	4	2	E0080	2	E0080
698dcf70c661	7	108,108,0,0	rules_n7_a4840_band200.tsv	rules_n7_a4840_band200.tsv=1	bac45191348c	Y	de15cd4bfd10	N	af34780ca686	698dcf70c661	2	698dcf70c661	1	698dcf70c661	2	2	E0248	2	E0248
6a51a52b89c4	7	156,156,0,0	rules_n7_a4840_gen2.tsv	rules_n7_a4840_gen2.tsv=2	6e38383cfc72	Y	f153287fe2b7	N	7b6e19010b02	6a51a52b89c4	2	6a51a52b89c4	1	6a51a52b89c4	2	8	E0249	8	E0249
6a6961005e6e	7	132,132,0,0	rules_n7_a4840_gen2.tsv	rules_n7_a4840_gen2.tsv=2	ef2d70e4fcf5	Y	af2802484319	Y	cf7caaa9c7fc	6a6961005e6e	2	6a6961005e6e	2	6a6961005e6e	4	4	E0250	4	E0250
6ad2d9f5eaae	7	330,330,0,0	rules_n7_a4840_gen2.tsv	rules_n7_a4840_gen2.tsv=1	8868d5db8f95	Y	ce97bc4f2544	N	6304c679bb54	6ad2d9f5eaae	2	6ad2d9f5eaae	1	6ad2d9f5eaae	2	1	E0251	1	E0251
6ae7d8b11d5e	7	396,390,3,9	rules_n7_a4840_gen2.tsv	rules_n7_a4840_gen2.tsv=1	11d2586bfe7f	Y	d10beed41948	N	0cd9e3d2a2ca	11d2586bfe7f	2	6ae7d8b11d5e	1	11d2586bfe7f	2	1	E0048	1	E0048
6af13929fbb1	7	498,504,9,3	rules_n7_a4840_band200.tsv	rules_n7_a4840_band200.tsv=1	573ebdfa18ad	Y	182fd78e79e9	N	9142102585df	573ebdfa18ad	2	6af13929fbb1	1	573ebdfa18ad	2	1	E0219	1	E0219
6bef45ce8a91	7	276,276,0,0	rules_n7_a256.tsv,rules_n7_a4840_gen2.tsv	rules_n7_a256.tsv=1,rules_n7_a4840_gen2.tsv=1	f0ace59fbec2	Y	6bef45ce8a91	Y	f0ace59fbec2	6bef45ce8a91	2	6bef45ce8a91	1	6bef45ce8a91	2	1	E0252	1	E0252
6c0329aa4489	7	150,150,0,0	rules_n7_a4840_gen2.tsv	rules_n7_a4840_gen2.tsv=2	c6701c2a9601	Y	85fefda07013	N	763b947f638f	6c0329aa4489	2	6c0329aa4489	1	6c0329aa4489	2	8	E0253	8	E0253
6c1de5190355	7	324,324,0,0	rules_n7_a4840_gen2.tsv	rules_n7_a4840_gen2.tsv=1	1cbe0c8fcdd7	Y	52729c3c6d30	N	7c3bf8dcf149	1cbe0c8fcdd7	2	6c1de5190355	1	1cbe0c8fcdd7	2	1	E0076	1	E0076
6c8a5f9ef1df	7	204,204,0,0	rules_n7_a4840_band200.tsv	rules_n7_a4840_band200.tsv=1	9c3648cce8b5	Y	f80306670fc5	N	accc02ff5fa1	6c8a5f9ef1df	2	6c8a5f9ef1df	1	6c8a5f9ef1df	2	2	E0254	2	E0254
6c91c41eaa3d	7	48,48,0,0	rules_n7_a4840_gen2.tsv	rules_n7_a4840_gen2.tsv=5	e2a2c6dd2c41	Y	fed32e0553ef	N	30d793431b05	6c91c41eaa3d	2	6c91c41eaa3d	1	6c91c41eaa3d	2	8	E0255	8	E0255
6d61e25e2762	7	48,48,0,0	rules_n7_a4840_gen2.tsv	rules_n7_a4840_gen2.tsv=5	de09595a70f4	Y	708a0040633c	N	f750d770cbe2	6d61e25e2762	2	6d61e25e2762	1	6d61e25e2762	2	8	E0256	8	E0256
6d77557bf8f2	7	72,72,0,0	rules_n7_a4840_gen2.tsv	rules_n7_a4840_gen2.tsv=1	d2922ca9327a	Y	f67057a04d42	Y	a6bd3e103a4c	6d77557bf8f2	2	6d77557bf8f2	2	6d77557bf8f2	4	4	E0257	4	E0257
6e21f7e985fe	7	72,72,0,0	rules_n7_a4840_gen2.tsv	rules_n7_a4840_gen2.tsv=7	46267e810eac	Y	1aab49e12fe7	N	56bafa20e0e9	46267e810eac	2	6e21f7e985fe	1	46267e810eac	2	8	E0181	8	E0181
6e38383cfc72	7	156,156,0,0	rules_n7_a4840_gen2.tsv	rules_n7_a4840_gen2.tsv=2	6a51a52b89c4	Y	7b6e19010b02	N	f153287fe2b7	6a51a52b89c4	2	6e38383cfc72	1	6a51a52b89c4	2	8	E0249	8	E0249
6e943a6ae528	7	162,162,0,0	rules_n7_a4840_band200.tsv	rules_n7_a4840_band200.tsv=1	5bbd9f177d9c	Y	a0f723e09f22	N	529abfe9b753	5bbd9f177d9c	2	6e943a6ae528	1	5bbd9f177d9c	2	2	E0223	2	E0223
709cf47fa2d3	7	138,138,0,0	rules_n7_a4840_band200.tsv	rules_n7_a4840_band200.tsv=1	279bcba663d9	Y	8709489b69c1	Y	ff4cfd62723a	279bcba663d9	2	709cf47fa2d3	2	279bcba663d9	4	4	E0104	4	E0104
7145048de6a4	7	72,72,0,0	rules_n7_a4840_gen2.tsv	rules_n7_a4840_gen2.tsv=7	96ebdab07f84	Y	5906bb868c59	N	b64910763264	7145048de6a4	2	7145048de6a4	1	7145048de6a4	2	8	E0258	8	E0258
718c06223017	7	48,48,0,0	rules_n7_a4840_gen2.tsv	rules_n7_a4840_gen2.tsv=1	0203e75132fa	Y	1654681308dc	N	0f51b2a6462a	0203e75132fa	2	718c06223017	1	0203e75132fa	2	4	E0004	4	E0004
71e1161ee3eb	7	108,108,0,0	rules_n7_a4840_gen2.tsv	rules_n7_a4840_gen2.tsv=3	64747b1aaa96	Y	d306546e9989	Y	1d16cacba0be	64747b1aaa96	2	71e1161ee3eb	2	1d16cacba0be	4	8	E0077	8	E0077
71fce178fd55	7	72,72,0,0	rules_n7_a4840_gen2.tsv	rules_n7_a4840_gen2.tsv=7	4bf7e3748717	Y	bf9503ec8f9d	N	09e40c2ba7cf	4bf7e3748717	2	71fce178fd55	1	4bf7e3748717	2	10	E0194	10	E0194
72397e2f680a	7	48,48,0,0	rules_n7_a4840_gen2.tsv	rules_n7_a4840_gen2.tsv=2	d24f63edf5b4	Y	1b2582810ab2	N	d37f1c4a5c8a	72397e2f680a	2	72397e2f680a	1	72397e2f680a	2	16	E0259	16	E0259
725677205daf	7	48,48,0,0	rules_n7_a4840_gen2.tsv	rules_n7_a4840_gen2.tsv=1	fb50a523fce2	Y	02397927f53b	Y	74d503e42116	725677205daf	2	02397927f53b	2	02397927f53b	4	8	E0005	8	E0005
72b83588e07a	7	132,132,0,0	rules_n7_a256.tsv,rules_n7_a4840_gen2.tsv	rules_n7_a256.tsv=2,rules_n7_a4840_gen2.tsv=3	ffee627b3f58	Y	72b83588e07a	Y	ffee627b3f58	72b83588e07a	2	72b83588e07a	1	72b83588e07a	2	3	E0260	3	E0260
72d376c5571d	7	48,48,0,0	rules_n7_a4840_gen2.tsv	rules_n7_a4840_gen2.tsv=8	4c6e579a7560	Y	4c6e579a7560	Y	72d376c5571d	4c6e579a7560	2	4c6e579a7560	2	4c6e579a7560	2	9	E0197	9	E0197
73139a04654a	7	420,426,9,3	rules_n7_a4840_gen2.tsv	rules_n7_a4840_gen2.tsv=1	2917468c0fac	Y	e7517ef42eb3	N	ac13e9a751f0	2917468c0fac	2	73139a04654a	1	2917468c0fac	2	1	E0112	1	E0112
733959bbeaa7	7	420,426,9,3	rules_n7_a4840_gen2.tsv	rules_n7_a4840_gen2.tsv=1	feafb676717b	Y	402eab5bf842	N	867a77bf11de	733959bbeaa7	2	733959bbeaa7	1	733959bbeaa7	2	1	E0261	1	E0261
740597538dde	7	330,330,0,0	rules_n7_a4840_gen2.tsv	rules_n7_a4840_gen2.tsv=1	d905cae1efa8	Y	2bb8f44abf61	N	7b716a750a51	740597538dde	2	740597538dde	1	740597538dde	2	1	E0262	1	E0262
746b5fef63fc	7	48,48,0,0	rules_n7_a4840_gen2.tsv	rules_n7_a4840_gen2.tsv=3	cf88f66916d6	Y	1b3ab0dffdf8	N	5e4ebafb66c5	746b5fef63fc	2	746b5fef63fc	1	746b5fef63fc	2	32	E0263	32	E0263
74d503e42116	7	48,48,0,0	rules_n7_a4840_gen2.tsv	rules_n7_a4840_gen2.tsv=2	02397927f53b	Y	fb50a523fce2	Y	725677205daf	02397927f53b	2	74d503e42116	2	02397927f53b	4	8	E0005	8	E0005
74d91872eeb5	7	48,48,0,0	rules_n7_a4840_gen2.tsv	rules_n7_a4840_gen2.tsv=14	cb67e923a6ca	Y	74d91872eeb5	Y	cb67e923a6ca	74d91872eeb5	2	74d91872eeb5	1	74d91872eeb5	2	16	E0264	16	E0264
75a33d1c2c49	7	324,324,0,0	rules_n7_a256.tsv,rules_n7_a4840_gen2.tsv	rules_n7_a256.tsv=1,rules_n7_a4840_gen2.tsv=1	a68147808d5d	Y	75a33d1c2c49	Y	a68147808d5d	75a33d1c2c49	2	75a33d1c2c49	1	75a33d1c2c49	2	1	E0265	1	E0265
75eb1aaf73a5	7	48,48,0,0	rules_n7_a4840_band200.tsv	rules_n7_a4840_band200.tsv=1	8555e9811683	Y	75eb1aaf73a5	Y	8555e9811683	75eb1aaf73a5	2	75eb1aaf73a5	1	75eb1aaf73a5	2	1	E0266	1	E0266
760f0d23e496	7	186,186,0,0	rules_n7_a4840_band200.tsv	rules_n7_a4840_band200.tsv=1	c89c9cf370a2	Y	c8950117c47b	N	9c5746eb1438	760f0d23e496	2	760f0d23e496	1	760f0d23e496	2	4	E0267	4	E0267
766a1e2136e6	7	72,72,0,0	rules_n7_a4840_gen2.tsv	rules_n7_a4840_gen2.tsv=1	92fdb9aa2892	Y	4a3a3fcef415	N	29a061d43f09	766a1e2136e6	2	766a1e2136e6	1	766a1e2136e6	2	2	E0268	2	E0268
76eea8394053	7	336,336,0,0	rules_n7_a4840_gen2.tsv	rules_n7_a4840_gen2.tsv=1	e30ae9185786	Y	6ce22cd227d3	N	c03a031dae23	76eea8394053	2	76eea8394053	1	76eea8394053	2	1	E0269	1	E0269
7762bf9a1f83	7	60,60,0,0	rules_n7_a4840_band200.tsv	rules_n7_a4840_band200.tsv=2	3f5aa66e7f8b	Y	7762bf9a1f83	Y	3f5aa66e7f8b	3f5aa66e7f8b	2	7762bf9a1f83	1	3f5aa66e7f8b	2	3	E0165	3	E0165
77edc40696c8	7	108,108,0,0	rules_n7_a4840_band200.tsv	rules_n7_a4840_band200.tsv=1	5bf23f32ca54	Y	1a44253e72b0	N	37cbae347c6f	5bf23f32ca54	2	77edc40696c8	1	5bf23f32ca54	2	2	E0224	2	E0224
77f471f848b0	7	192,192,0,0	rules_n7_a4840_gen2.tsv	rules_n7_a4840_gen2.tsv=1	1d66c35e4a35	Y	036086865b82	N	c9dc815dc393	1d66c35e4a35	2	77f471f848b0	1	1d66c35e4a35	2	4	E0078	4	E0078
781dcd7d819f	7	108,108,0,0	rules_n7_a256.tsv,rules_n7_a4840_gen2.tsv	rules_n7_a256.tsv=1,rules_n7_a4840_gen2.tsv=4	80b2932b3a5d	Y	781dcd7d819f	Y	80b2932b3a5d	781dcd7d819f	2	781dcd7d819f	1	781dcd7d819f	2	10	E0270	10	E0270
78a113fc5546	7	168,168,0,0	rules_n7_a4840_band200.tsv	rules_n7_a4840_band200.tsv=2	1ba1dace333f	Y	f1f041fbfb63	N	e525d9fd225e	1ba1dace333f	2	78a113fc5546	1	1ba1dace333f	2	4	E0074	4	E0074
794f3186b56e	7	156,156,0,0	rules_n7_a4840_gen2.tsv	rules_n7_a4840_gen2.tsv=1	c2def9f0e515	Y	c6d8a7497e1a	N	7f4ed36423bc	794f3186b56e	2	794f3186b56e	1	794f3186b56e	2	8	E0271	8	E0271
795829b2a5e4	7	414,420,9,3	rules_n7_a4840_gen2.tsv	rules_n7_a4840_gen2.tsv=1	f7a831b9b150	Y	b23065523d17	N	1ca0d6b694e6	795829b2a5e4	2	795829b2a5e4	1	795829b2a5e4	2	1	E0272	1	E0272
79bbc2526e76	7	60,60,0,0	rules_n7_a4840_band200.tsv	rules_n7_a4840_band200.tsv=2	d88a6cb7c03b	Y	583e6c0e888c	N	f6f083216426	79bbc2526e76	2	79bbc2526e76	1	79bbc2526e76	2	4	E0273	4	E0273
79d92aface79	7	444,450,9,3	rules_n7_a4840_band200.tsv	rules_n7_a4840_band200.tsv=1	0bc4fb89c460	Y	79d92aface79	Y	0bc4fb89c460	0bc4fb89c460	2	79d92aface79	1	0bc4fb89c460	2	1	E0031	1	E0031
7a76f11797d8	7	216,216,0,0	rules_n7_a4840_gen2.tsv	rules_n7_a4840_gen2.tsv=1	2b5c256071ab	Y	44ea12e0de12	N	1631062d749b	2b5c256071ab	2	7a76f11797d8	1	2b5c256071ab	2	4	E0118	4	E0118
7b5542740cec	7	72,72,0,0	rules_n7_a4840_gen2.tsv	rules_n7_a4840_gen2.tsv=1	45e1abda4c12	Y	ca0b8a1206c8	N	c166a6f5a3ee	45e1abda4c12	2	7b5542740cec	1	45e1abda4c12	2	16	E0180	16	E0180
7b8c90303ed0	7	132,132,0,0	rules_n7_a4840_gen2.tsv	rules_n7_a4840_gen2.tsv=1	e97471679399	Y	9ca1059f7d02	Y	633ce2d3f413	7b8c90303ed0	2	7b8c90303ed0	2	633ce2d3f413	4	4	E0236	4	E0236
7ba96ea7958d	7	504,510,9,3	rules_n7_a4840_band200.tsv	rules_n7_a4840_band200.tsv=1	e5001e80d3d0	Y	2ef478951260	N	9e3da3f72f27	7ba96ea7958d	2	7ba96ea7958d	1	7ba96ea7958d	2	1	E0274	1	E0274
7c184c5270f6	7	180,180,0,0	rules_n7_a4840_gen2.tsv	rules_n7_a4840_gen2.tsv=1	30361e285fae	Y	b35537cca3e2	N	a5cddce6b8e1	30361e285fae	2	7c184c5270f6	1	30361e285fae	2	4	E0129	4	E0129
7c2769543fc5	7	48,48,0,0	rules_n7.tsv,rules_n7_a256.tsv,rules_n7_a4840_gen2.tsv	rules_n7.tsv=10,rules_n7_a256.tsv=10,rules_n7_a4840_gen2.tsv=9	2c806c1bf6e3	Y	7c2769543fc5	Y	2c806c1bf6e3	2c806c1bf6e3	2	7c2769543fc5	1	2c806c1bf6e3	2	19	E0122	19	E0122
7c9659982f8f	7	192,192,0,0	rules_n7_a4840_band200.tsv	rules_n7_a4840_band200.tsv=1	0a44fc281e4b	Y	dda3a807fd9e	N	f6ee21389b41	0a44fc281e4b	2	7c9659982f8f	1	0a44fc281e4b	2	2	E0027	2	E0027
7da937df9f1b	7	72,72,0,0	rules_n7_a4840_gen2.tsv	rules_n7_a4840_gen2.tsv=5	223da8cfb8a5	Y	9409fdd5d1e7	N	440cb30f5d12	223da8cfb8a5	2	7da937df9f1b	1	223da8cfb8a5	2	8	E0095	8	E0095
7dae29ff7561	7	150,150,0,0	rules_n7_a4840_gen2.tsv	rules_n7_a4840_gen2.tsv=1	ba64a6bdcb29	Y	0b103858d4c4	N	0c71299a9036	7dae29ff7561	2	7dae29ff7561	1	7dae29ff7561	2	8	E0275	8	E0275
7df19d789c5d	7	25,24,1,2	rules_n7_a4840_gen2.tsv	rules_n7_a4840_gen2.tsv=1	1174ffd57013	Y	0b35fcf9032f	N	d991c7511bad	1174ffd57013	2	7df19d789c5d	1	1174ffd57013	2	2	E0047	2	E0047
7df736fe1c4c	7	48,48,0,0	rules_n7_a4840_gen2.tsv	rules_n7_a4840_gen2.tsv=1	d3f5b74d7545	Y	d3f5b74d7545	Y	7df736fe1c4c	7df736fe1c4c	2	7df736fe1c4c	2	7df736fe1c4c	2	1	E0276	1	E0276
7dfddb482d3c	7	156,156,0,0	rules_n7_a4840_gen2.tsv	rules_n7_a4840_gen2.tsv=2	a32416d5301e	Y	d9dc50d2ad15	N	d7f2e2957931	7dfddb482d3c	2	7dfddb482d3c	1	7dfddb482d3c	2	8	E0277	8	E0277
7e00c873941d	7	72,72,0,0	rules_n7_a4840_gen2.tsv	rules_n7_a4840_gen2.tsv=7	defc0816dfd5	Y	b02b5f8c2f86	N	9fa7d29857ec	7e00c873941d	2	7e00c873941d	1	7e00c873941d	2	8	E0278	8	E0278
7e77409c1574	7	72,72,0,0	rules_n7_a4840_gen2.tsv	rules_n7_a4840_gen2.tsv=1	23e5226ea9dd	Y	26357b845d60	N	b3eacc1868b2	23e5226ea9dd	2	7e77409c1574	1	23e5226ea9dd	2	2	E0099	2	E0099
7f04bb1041b3	7	72,72,0,0	rules_n7_a4840_gen2.tsv	rules_n7_a4840_gen2.tsv=4	e1d1870a78cd	Y	9fe4e634229e	N	1c8c752ed5af	7f04bb1041b3	2	7f04bb1041b3	1	7f04bb1041b3	2	10	E0279	10	E0279
7f1b18477bd6	7	156,156,0,0	rules_n7_a4840_gen2.tsv	rules_n7_a4840_gen2.tsv=1	cad1abae462c	Y	b8b5aa95fc10	N	731d5fd7c0e7	7f1b18477bd6	2	7f1b18477bd6	1	7f1b18477bd6	2	4	E0280	4	E0280
801e28b3acb6	7	156,156,0,0	rules_n7_a4840_gen2.tsv	rules_n7_a4840_gen2.tsv=1	b83b30ee08ce	Y	ce6c866f9d29	Y	3fec56d50447	801e28b3acb6	2	801e28b3acb6	2	3fec56d50447	4	2	E0166	2	E0166
803ec382c593	7	12,12,0,0	rules_n7_a4840_band200.tsv	rules_n7_a4840_band200.tsv=7	48c30fab9556	Y	803ec382c593	Y	48c30fab9556	48c30fab9556	2	803ec382c593	1	48c30fab9556	2	10	E0186	10	E0186
80502d87428e	7	300,300,0,0	rules_n7_a4840_gen2.tsv	rules_n7_a4840_gen2.tsv=1	e26634da2f8e	Y	7961bf342b1e	N	7af2a8619dad	80502d87428e	2	80502d87428e	1	80502d87428e	2	1	E0281	1	E0281
80b2932b3a5d	7	108,108,0,0	rules_n7_a256.tsv,rules_n7_a4840_gen2.tsv	rules_n7_a256.tsv=1,rules_n7_a4840_gen2.tsv=4	781dcd7d819f	Y	80b2932b3a5d	Y	781dcd7d819f	781dcd7d819f	2	80b2932b3a5d	1	781dcd7d819f	2	10	E0270	10	E0270
80d27d30ff66	7	192,192,0,0	rules_n7_a4840_gen2.tsv	rules_n7_a4840_gen2.tsv=1	8126cee8c426	Y	91b3d23eb353	N	fd6323dd373c	80d27d30ff66	2	80d27d30ff66	1	80d27d30ff66	2	4	E0282	4	E0282
8126cee8c426	7	192,192,0,0	rules_n7_a4840_gen2.tsv	rules_n7_a4840_gen2.tsv=1	80d27d30ff66	Y	fd6323dd373c	N	91b3d23eb353	80d27d30ff66	2	8126cee8c426	1	80d27d30ff66	2	4	E0282	4	E0282
814f28d8ff6a	7	180,180,0,0	rules_n7_a256.tsv,rules_n7_a4840_gen2.tsv	rules_n7_a256.tsv=1,rules_n7_a4840_gen2.tsv=1	f5fd978d8b6a	Y	814f28d8ff6a	Y	f5fd978d8b6a	814f28d8ff6a	2	814f28d8ff6a	1	814f28d8ff6a	2	1	E0283	1	E0283
81d3a556dfde	7	198,198,0,0	rules_n7_a4840_gen2.tsv	rules_n7_a4840_gen2.tsv=1	19e1c21182bd	Y	ad559c2ff7f6	N	d4be81bcc9b2	19e1c21182bd	2	81d3a556dfde	1	19e1c21182bd	2	4	E0070	4	E0070
821e83c01b7c	7	186,186,0,0	rules_n7_a4840_band200.tsv	rules_n7_a4840_band200.tsv=1	c1f9c93a5c27	Y	bcfa7c45d899	N	36c826e85470	821e83c01b7c	2	821e83c01b7c	1	821e83c01b7c	2	2	E0284	2	E0284
82d464ef22d6	7	174,174,0,0	rules_n7_a4840_gen2.tsv	rules_n7_a4840_gen2.tsv=1	e8e466f2309f	Y	547e13ea111a	N	659f198c589d	82d464ef22d6	2	82d464ef22d6	1	82d464ef22d6	2	8	E0285	8	E0285
833239f93d60	7	48,48,0,0	rules_n7_a4840_gen2.tsv	rules_n7_a4840_gen2.tsv=28	833239f93d60	Y	1214d29890a5	N	1214d29890a5	833239f93d60	1	833239f93d60	1	833239f93d60	1	16	E0286	16	E0286
8373a022eef2	7	48,48,0,0	rules_n7_a4840_gen2.tsv	rules_n7_a4840_gen2.tsv=28	5ff76078c599	Y	5be9d4918e05	N	cf790b7e7212	5ff76078c599	2	8373a022eef2	1	5ff76078c599	2	32	E0232	32	E0232
83998764da35	7	156,156,0,0	rules_n7_a4840_gen2.tsv	rules_n7_a4840_gen2.tsv=1	9d43d80d96dc	Y	b0c4e9f7edee	Y	6930b7d208a7	83998764da35	2	83998764da35	2	6930b7d208a7	4	2	E0247	2	E0247
83c3a7fffd4f	7	456,450,3,9	rules_n7_a4840_band200.tsv	rules_n7_a4840_band200.tsv=1	e83a0f9fb71e	Y	8a672ed8e37f	N	6651d1e1a118	83c3a7fffd4f	2	83c3a7fffd4f	1	83c3a7fffd4f	2	1	E0287	1	E0287
83d54a67702c	7	48,48,0,0	rules_n7_a4840_gen2.tsv	rules_n7_a4840_gen2.tsv=13	d6c04566fc39	Y	4c5c039a654f	N	5fe48bf93641	83d54a67702c	2	83d54a67702c	1	83d54a67702c	2	20	E0288	20	E0288
83f2a26fb1ab	7	72,72,0,0	rules_n7_a4840_gen2.tsv	rules_n7_a4840_gen2.tsv=1	36706f4e334b	Y	087d17ed7a36	N	20dfd634c39d	36706f4e334b	2	83f2a26fb1ab	1	36706f4e334b	2	16	E0140	16	E0140
8411b9baf058	7	174,174,0,0	rules_n7_a4840_gen2.tsv	rules_n7_a4840_gen2.tsv=1	5135b7adb396	Y	182de566f286	N	0cf462831a68	5135b7adb396	2	8411b9baf058	1	5135b7adb396	2	4	E0207	4	E0207
84209a8c0f2c	7	96,96,0,0	rules_n7_a4840_gen2.tsv	rules_n7_a4840_gen2.tsv=2	41a730999ec8	Y	779d8b92dfff	N	3cb309c151f7	41a730999ec8	2	84209a8c0f2c	1	41a730999ec8	2	4	E0171	4	E0171
8439efc11368	7	96,96,0,0	rules_n7_a4840_gen2.tsv	rules_n7_a4840_gen2.tsv=2	39b993f37fda	Y	7990d0013e38	N	aa658e787b4f	39b993f37fda	2	8439efc11368	1	39b993f37fda	2	4	E0152	4	E0152
847f96324af3	7	72,72,0,0	rules_n7_a4840_gen2.tsv	rules_n7_a4840_gen2.tsv=1	aa54b27dcfe9	Y	d9a67fe024a0	N	79ab4478ec3b	847f96324af3	2	847f96324af3	1	847f96324af3	2	8	E0289	8	E0289
8480c2d421f7	7	150,150,0,0	rules_n7_a4840_gen2.tsv	rules_n7_a4840_gen2.tsv=1	39ea17aa2020	Y	828279114de0	N	7df952873676	39ea17aa2020	2	8480c2d421f7	1	39ea17aa2020	2	8	E0153	8	E0153
8483f8b7ecb1	7	108,108,0,0	rules_n7_a4840_band200.tsv	rules_n7_a4840_band200.tsv=1	4c331cf536a0	Y	fa708a9c92a5	N	ae6a4aaa0134	4c331cf536a0	2	8483f8b7ecb1	1	4c331cf536a0	2	2	E0195	2	E0195
84a31d178833	7	72,72,0,0	rules_n7_a4840_gen2.tsv	rules_n7_a4840_gen2.tsv=4	0485c22c758e	Y	cb803cb36edd	N	6e90bee81f01	0485c22c758e	2	84a31d178833	1	0485c22c758e	2	8	E0014	8	E0014
8504a603e291	7	168,168,0,0	rules_n7_a4840_gen2.tsv	rules_n7_a4840_gen2.tsv=1	f2cd8c1f4d2e	Y	2a65b364f9a9	N	f6829c8ed99e	8504a603e291	2	8504a603e291	1	8504a603e291	2	8	E0290	8	E0290
8555e9811683	7	48,48,0,0	rules_n7_a4840_band200.tsv	rules_n7_a4840_band200.tsv=1	75eb1aaf73a5	Y	8555e9811683	Y	75eb1aaf73a5	75eb1aaf73a5	2	8555e9811683	1	75eb1aaf73a5	2	1	E0266	1	E0266
8562c2351bec	7	156,156,0,0	rules_n7_a4840_gen2.tsv	rules_n7_a4840_gen2.tsv=1	ddefe5f1daa4	Y	ff1349883d98	Y	405b7c3d3a0f	8562c2351bec	2	8562c2351bec	2	405b7c3d3a0f	4	2	E0170	2	E0170
85c16e36c4f2	7	414,408,3,9	rules_n7_a4840_gen2.tsv	rules_n7_a4840_gen2.tsv=1	f58883230a57	Y	553738707e56	N	069a176f67aa	85c16e36c4f2	2	85c16e36c4f2	1	85c16e36c4f2	2	1	E0291	1	E0291
862a0b139699	7	96,96,0,0	rules_n7.tsv,rules_n7_a256.tsv	rules_n7.tsv=2,rules_n7_a256.tsv=2	9dcb6b39580e	Y	862a0b139699	Y	9dcb6b39580e	862a0b139699	2	862a0b139699	1	862a0b139699	2	2	E0292	2	E0292
868b50be85a4	7	174,174,0,0	rules_n7_a4840_gen2.tsv	rules_n7_a4840_gen2.tsv=2	2dd7827e5108	Y	88588d22bc1e	N	996fb797508f	2dd7827e5108	2	868b50be85a4	1	2dd7827e5108	2	8	E0125	8	E0125
86d05ce43f33	7	72,72,0,0	rules_n7_a4840_gen2.tsv	rules_n7_a4840_gen2.tsv=1	b17264f2772b	Y	33a5a01a86a8	N	8c285be7cde9	86d05ce43f33	2	86d05ce43f33	1	86d05ce43f33	2	4	E0293	4	E0293
8709489b69c1	7	138,138,0,0	rules_n7_a4840_band200.tsv	rules_n7_a4840_band200.tsv=2	ff4cfd62723a	Y	709cf47fa2d3	Y	279bcba663d9	8709489b69c1	2	709cf47fa2d3	2	279bcba663d9	4	4	E0104	4	E0104
874bbd84a9b5	7	25,25,2,2	rules_n7_a4840_gen2.tsv	rules_n7_a4840_gen2.tsv=1	dc828d360c42	Y	8cc6681ea0a7	N	6122b9cf63a1	874bbd84a9b5	2	874bbd84a9b5	1	874bbd84a9b5	2	2	E0294	2	E0294
8821c9761a3f	7	48,48,0,0	rules_n7_a4840_gen2.tsv	rules_n7_a4840_gen2.tsv=3	d4ec6aadbefe	Y	8c08e8ad93fe	N	287b5c6ae478	8821c9761a3f	2	8821c9761a3f	1	8821c9761a3f	2	32	E0295	32	E0295
885fe227bff6	7	216,216,0,0	rules_n7_a4840_gen2.tsv	rules_n7_a4840_gen2.tsv=1	b506fa9d192d	Y	5909618aa586	N	e4db34bd3cc2	885fe227bff6	2	885fe227bff6	1	885fe227bff6	2	4	E0296	4	E0296
8868d5db8f95	7	330,330,0,0	rules_n7_a4840_gen2.tsv	rules_n7_a4840_gen2.tsv=1	6ad2d9f5eaae	Y	6304c679bb54	N	ce97bc4f2544	6ad2d9f5eaae	2	8868d5db8f95	1	6ad2d9f5eaae	2	1	E0251	1	E0251
8872f4d7dc0e	7	72,72,0,0	rules_n7_a4840_gen2.tsv	rules_n7_a4840_gen2.tsv=1	a23b607e8098	Y	cfdfa3ad6817	N	caacdbbe67c9	8872f4d7dc0e	2	8872f4d7dc0e	1	8872f4d7dc0e	2	2	E0297	2	E0297
89adfdaeb650	7	84,84,0,0	rules_n7_a4840_band200.tsv	rules_n7_a4840_band200.tsv=1	260bf1dba9d6	Y	918ea3d5c49c	N	71630e0fbec2	260bf1dba9d6	2	89adfdaeb650	1	260bf1dba9d6	2	4	E0102	4	E0102
8a34ad08d7c8	7	48,48,0,0	rules_n7.tsv,rules_n7_a256.tsv,rules_n7_a4840_gen2.tsv	rules_n7.tsv=5,rules_n7_a256.tsv=5,rules_n7_a4840_gen2.tsv=2	eb70d1e95c8b	Y	8a34ad08d7c8	Y	eb70d1e95c8b	8a34ad08d7c8	2	8a34ad08d7c8	1	8a34ad08d7c8	2	7	E0298	7	E0298
8aa1caeeb336	7	156,156,0,0	rules_n7_a4840_gen2.tsv	rules_n7_a4840_gen2.tsv=1	a4ae35cede60	Y	5937ccee41db	Y	9904ad27d680	8aa1caeeb336	2	5937ccee41db	2	5937ccee41db	4	2	E0220	2	E0220
8b5fb2498167	7	534,528,3,9	rules_n7_a4840_band200.tsv	rules_n7_a4840_band200.tsv=1	c9ee60484864	Y	8b5fb2498167	Y	c9ee60484864	8b5fb2498167	2	8b5fb2498167	1	8b5fb2498167	2	1	E0299	1	E0299
8b6d1ef3b31f	7	24,25,2,1	rules_n7_a4840_gen2.tsv	rules_n7_a4840_gen2.tsv=1	ad0486fad52f	Y	d5e268a8a2bc	N	6d63f6bfd9a0	8b6d1ef3b31f	2	8b6d1ef3b31f	1	8b6d1ef3b31f	2	2	E0300	2	E0300
8ba4f5a756dd	7	174,174,0,0	rules_n7_a4840_gen2.tsv	rules_n7_a4840_gen2.tsv=1	e6f4fad41ed1	Y	c7461913e54e	N	c6a27c8272a0	8ba4f5a756dd	2	8ba4f5a756dd	1	8ba4f5a756dd	2	4	E0301	4	E0301
8be1ac727fdf	7	474,480,9,3	rules_n7_a4840_gen2.tsv	rules_n7_a4840_gen2.tsv=1	bf97b9cb0418	Y	53d9c263d837	N	4591ba75681f	8be1ac727fdf	2	8be1ac727fdf	1	8be1ac727fdf	2	1	E0302	1	E0302
8cf8f57432f4	7	354,354,0,0	rules_n7_a4840_gen2.tsv	rules_n7_a4840_gen2.tsv=1	a49431c51085	Y	e7a5c74c2b45	N	4900cb0c76f1	8cf8f57432f4	2	8cf8f57432f4	1	8cf8f57432f4	2	1	E0303	1	E0303
8d068195f573	7	324,324,0,0	rules_n7_a4840_gen2.tsv	rules_n7_a4840_gen2.tsv=1	3de03af84253	Y	f70cb2fd6eed	N	c6f21fed3d34	3de03af84253	2	8d068195f573	1	3de03af84253	2	1	E0163	1	E0163
8d51e0d74976	7	180,180,0,0	rules_n7_a256.tsv,rules_n7_a4840_gen2.tsv	rules_n7_a256.tsv=1,rules_n7_a4840_gen2.tsv=1	0b34b5c6c34a	Y	8d51e0d74976	Y	0b34b5c6c34a	0b34b5c6c34a	2	8d51e0d74976	1	0b34b5c6c34a	2	1	E0030	1	E0030
8e3fa11cbde7	7	72,72,0,0	rules_n7_a4840_gen2.tsv	rules_n7_a4840_gen2.tsv=1	e491b3145c5e	Y	91e736eb6ded	N	b3da9797d9df	8e3fa11cbde7	2	8e3fa11cbde7	1	8e3fa11cbde7	2	8	E0304	8	E0304
8e620393073b	7	162,162,0,0	rules_n7_a4840_band200.tsv	rules_n7_a4840_band200.tsv=1	b742e93fcefe	Y	aaee4d888591	N	35f6c8e4f41e	8e620393073b	2	8e620393073b	1	8e620393073b	2	4	E0305	4	E0305
8ef3666ccfd4	7	108,108,0,0	rules_n7_a256.tsv,rules_n7_a4840_gen2.tsv	rules_n7_a256.tsv=1,rules_n7_a4840_gen2.tsv=1	d4745416b283	Y	8ef3666ccfd4	Y	d4745416b283	8ef3666ccfd4	2	8ef3666ccfd4	1	8ef3666ccfd4	2	1	E0306	1	E0306
8f5cf69c5f7c	7	174,174,0,0	rules_n7_a4840_gen2.tsv	rules_n7_a4840_gen2.tsv=2	b4dfc6692083	Y	a0268a082cbb	N	677709186970	8f5cf69c5f7c	2	8f5cf69c5f7c	1	8f5cf69c5f7c	2	8	E0307	8	E0307
8f91910212c5	7	306,306,0,0	rules_n7_a4840_gen2.tsv	rules_n7_a4840_gen2.tsv=1	28744d6ad86e	Y	d5b500158428	N	4959ab5be3b2	28744d6ad86e	2	8f91910212c5	1	28744d6ad86e	2	1	E0109	1	E0109
8fc24bd78fad	7	84,84,0,0	rules_n7_a4840_band200.tsv	rules_n7_a4840_band200.tsv=1	f4d01cebfb11	Y	519698716ca8	N	09758ee4b40b	8fc24bd78fad	2	8fc24bd78fad	1	8fc24bd78fad	2	2	E0308	2	E0308
8ffcb5ea5931	7	420,414,3,9	rules_n7_a4840_gen2.tsv	rules_n7_a4840_gen2.tsv=1	d47df6253c73	Y	1388a1d6eda7	N	c74f85e3d053	8ffcb5ea5931	2	8ffcb5ea5931	1	8ffcb5ea5931	2	1	E0309	1	E0309
903b55e7cb38	7	228,228,0,0	rules_n7_a4840_band200.tsv	rules_n7_a4840_band200.tsv=1	ac42fcb14bfc	Y	85cb60450862	N	f6a31ce07d69	903b55e7cb38	2	903b55e7cb38	1	903b55e7cb38	2	2	E0310	2	E0310
90628da2dd0c	7	126,126,0,0	rules_n7_a4840_gen2.tsv	rules_n7_a4840_gen2.tsv=4	e8010fda4ae9	Y	a9604abeb264	Y	1e97b4d2bd18	90628da2dd0c	2	90628da2dd0c	2	1e97b4d2bd18	4	16	E0083	16	E0083
90d033b7ddbf	7	36,36,0,0	rules_n7_a4840_band200.tsv	rules_n7_a4840_band200.tsv=3	b84e5852608b	Y	67eacd157bbc	Y	3394d4cf4ce9	90d033b7ddbf	2	67eacd157bbc	2	3394d4cf4ce9	4	8	E0137	8	E0137
90ec4efba5a6	7	96,96,0,0	rules_n7_a4840_gen2.tsv	rules_n7_a4840_gen2.tsv=1	e2381e7cebff	Y	079943fb5a5f	N	8eced2d12b8b	90ec4efba5a6	2	90ec4efba5a6	1	90ec4efba5a6	2	4	E0311	4	E0311
9105aba16b54	7	174,174,0,0	rules_n7_a4840_gen2.tsv	rules_n7_a4840_gen2.tsv=1	64494227b63c	Y	702308504be2	N	a4513254683d	64494227b63c	2	9105aba16b54	1	64494227b63c	2	4	E0238	4	E0238
91270bf2a57d	7	96,96,0,0	rules_n7_a4840_gen2.tsv	rules_n7_a4840_gen2.tsv=3	c22bfb6473cb	Y	6f2be99a5acc	N	98bbe2fcfb81	91270bf2a57d	2	91270bf2a57d	1	91270bf2a57d	2	4	E0312	4	E0312
918cf6abec0b	7	204,204,0,0	rules_n7_a4840_band200.tsv	rules_n7_a4840_band200.tsv=1	526035ef3d01	Y	fd9aec411e07	N	6f4a2f178ff6	526035ef3d01	2	918cf6abec0b	1	526035ef3d01	2	2	E0209	2	E0209
921653b5f057	7	150,150,0,0	rules_n7_a4840_gen2.tsv	rules_n7_a4840_gen2.tsv=2	a003705bbbb1	Y	f100be61b3ba	N	6e8288308de8	921653b5f057	2	921653b5f057	1	921653b5f057	2	8	E0313	8	E0313
9233133e9c39	7	48,48,0,0	rules_n7_s48_covertwin.tsv	rules_n7_s48_covertwin.tsv=1	4004c6042131	Y	4004c6042131	Y	9233133e9c39	4004c6042131	2	4004c6042131	2	4004c6042131	2	1	E0397	1	E0397
92782df6e5d5	7	72,72,0,0	rules_n7_a4840_gen2.tsv	rules_n7_a4840_gen2.tsv=7	e332743d8318	Y	0d9fdc176d80	N	f7c7c67e39ea	92782df6e5d5	2	92782df6e5d5	1	92782df6e5d5	2	8	E0314	8	E0314
92cca1ec54bb	7	198,198,0,0	rules_n7_a4840_band200.tsv	rules_n7_a4840_band200.tsv=1	a20827665556	Y	1917b6f5780e	N	7c56c0623f03	92cca1ec54bb	2	92cca1ec54bb	1	92cca1ec54bb	2	4	E0315	4	E0315
92dd26e01875	7	108,108,0,0	rules_n7_a4840_gen2.tsv	rules_n7_a4840_gen2.tsv=2	49eb8498235d	Y	1be958ce8f4e	Y	0058ac858d36	49eb8498235d	2	1be958ce8f4e	2	0058ac858d36	4	8	E0000	8	E0000
92fb5307eb65	7	180,180,0,0	rules_n7_a256.tsv,rules_n7_a4840_gen2.tsv	rules_n7_a256.tsv=1,rules_n7_a4840_gen2.tsv=1	54df7d6885d9	Y	92fb5307eb65	Y	54df7d6885d9	54df7d6885d9	2	92fb5307eb65	1	54df7d6885d9	2	1	E0211	1	E0211
92fdb9aa2892	7	72,72,0,0	rules_n7_a4840_gen2.tsv	rules_n7_a4840_gen2.tsv=1	766a1e2136e6	Y	29a061d43f09	N	4a3a3fcef415	766a1e2136e6	2	92fdb9aa2892	1	766a1e2136e6	2	2	E0268	2	E0268
939426db79b6	7	72,72,0,0	rules_n7_a4840_gen2.tsv	rules_n7_a4840_gen2.tsv=1	a89df6442166	Y	fb61739cb012	Y	292c02641e63	939426db79b6	2	939426db79b6	2	292c02641e63	4	4	E0113	4	E0113
942711725057	7	180,180,0,0	rules_n7_a4840_gen2.tsv	rules_n7_a4840_gen2.tsv=1	c672adfe27ca	Y	4f3b86d1ac63	N	eb6c0e3da9b3	942711725057	2	942711725057	1	942711725057	2	4	E0316	4	E0316
945e26e3b212	7	408,402,3,9	rules_n7_a4840_gen2.tsv	rules_n7_a4840_gen2.tsv=1	48618e07e64c	Y	f17127c17e58	N	4927b8230969	48618e07e64c	2	945e26e3b212	1	48618e07e64c	2	1	E0184	1	E0184
947fefee2ce1	7	150,150,0,0	rules_n7_a4840_gen2.tsv	rules_n7_a4840_gen2.tsv=1	a3a1b2ef43a0	Y	84588e42e0c4	N	888d12cd2f94	947fefee2ce1	2	947fefee2ce1	1	947fefee2ce1	2	8	E0317	8	E0317
94ad22a39ddf	7	156,156,0,0	rules_n7_a4840_gen2.tsv	rules_n7_a4840_gen2.tsv=1	aeff70f41be6	Y	ea32ce94656c	Y	05d1006a63d6	94ad22a39ddf	2	94ad22a39ddf	2	05d1006a63d6	4	2	E0016	2	E0016
94b0710c21f2	7	156,156,0,0	rules_n7_a4840_gen2.tsv	rules_n7_a4840_gen2.tsv=1	dc5f150968a2	Y	b064367f901c	Y	f0315d3d0817	94b0710c21f2	2	94b0710c21f2	2	94b0710c21f2	4	2	E0318	2	E0318
94dd11545b8b	7	402,396,3,9	rules_n7_a4840_gen2.tsv	rules_n7_a4840_gen2.tsv=1	05dea696c534	Y	4fb52551f08e	N	1a0aa8fc59da	05dea696c534	2	94dd11545b8b	1	05dea696c534	2	1	E0018	1	E0018
94e83c3c75fb	7	162,162,0,0	rules_n7_a4840_band200.tsv	rules_n7_a4840_band200.tsv=2	435e181a3f3c	Y	8eb4a43f427d	N	1e4a4ce33f7f	435e181a3f3c	2	94e83c3c75fb	1	435e181a3f3c	2	4	E0177	4	E0177
94fd6c73a0d1	7	156,156,0,0	rules_n7_a4840_gen2.tsv	rules_n7_a4840_gen2.tsv=1	2cd2cc12e153	Y	a98e907ebc54	Y	05db12227184	2cd2cc12e153	2	94fd6c73a0d1	2	05db12227184	4	2	E0017	2	E0017
95231b155960	7	510,504,3,9	rules_n7_a4840_band200.tsv	rules_n7_a4840_band200.tsv=1	f2d86811e9c1	Y	95231b155960	Y	f2d86811e9c1	95231b155960	2	95231b155960	1	95231b155960	2	1	E0319	1	E0319
95415ff344bb	7	108,108,0,0	rules_n7_a4840_gen2.tsv	rules_n7_a4840_gen2.tsv=2	60748cf01c32	Y	39a60f60d325	Y	c46ad2463388	60748cf01c32	2	39a60f60d325	2	39a60f60d325	4	8	E0151	8	E0151
956664d3c1bd	7	96,96,0,0	rules_n7_a4840_band200.tsv	rules_n7_a4840_band200.tsv=1	e7dc2a75bdd1	Y	957d7e451214	N	f67501a226fd	956664d3c1bd	2	956664d3c1bd	1	956664d3c1bd	2	4	E0320	4	E0320
959edf9574a8	7	174,174,0,0	rules_n7_a4840_gen2.tsv	rules_n7_a4840_gen2.tsv=2	c7e7cc660163	Y	e8dc6227e6b7	N	1bd1627ba423	959edf9574a8	2	959edf9574a8	1	959edf9574a8	2	8	E0321	8	E0321
959f5284bc34	7	432,426,3,9	rules_n7_a4840_gen2.tsv	rules_n7_a4840_gen2.tsv=1	248b3fffc1c2	Y	71d4d93d814f	N	560962cc1749	248b3fffc1c2	2	959f5284bc34	1	248b3fffc1c2	2	1	E0101	1	E0101
95bc0d3cc8df	7	402,408,9,3	rules_n7_a4840_gen2.tsv	rules_n7_a4840_gen2.tsv=1	98b8efaf8de2	Y	f6b70870a618	N	dda1cdd51205	95bc0d3cc8df	2	95bc0d3cc8df	1	95bc0d3cc8df	2	1	E0322	1	E0322
95db9bfc7309	7	96,96,0,0	rules_n7_a4840_band200.tsv	rules_n7_a4840_band200.tsv=1	f84b983d9afb	Y	23c3dfd9a648	N	a7b59d8e98d9	95db9bfc7309	2	95db9bfc7309	1	95db9bfc7309	2	4	E0323	4	E0323
95fa5c852284	7	492,486,3,9	rules_n7_a4840_gen2.tsv	rules_n7_a4840_gen2.tsv=1	63ac52c757ed	Y	48e637fc8527	N	b35fbade78f0	63ac52c757ed	2	95fa5c852284	1	63ac52c757ed	2	1	E0237	1	E0237
96704a0eb24e	7	192,192,0,0	rules_n7_a4840_gen2.tsv	rules_n7_a4840_gen2.tsv=2	1a06d1157530	Y	fc9095304603	N	29859554a491	1a06d1157530	2	96704a0eb24e	1	1a06d1157530	2	8	E0071	8	E0071
969165258934	7	72,72,0,0	rules_n7_a4840_gen2.tsv	rules_n7_a4840_gen2.tsv=7	d4c86ffe1efa	Y	daf0f4e8ae40	N	8866ee56a03c	969165258934	2	969165258934	1	969165258934	2	10	E0324	10	E0324
96bae6feab65	7	156,156,0,0	rules_n7_a4840_gen2.tsv	rules_n7_a4840_gen2.tsv=1	171ac63bfbd7	Y	13a25682b809	N	153e565f6533	171ac63bfbd7	2	96bae6feab65	1	171ac63bfbd7	2	4	E0062	4	E0062
96c7e62b0db1	7	60,60,0,0	rules_n7_a4840_band200.tsv	rules_n7_a4840_band200.tsv=3	51225a9bb93e	Y	da6089d247c3	N	9c3453ce4688	51225a9bb93e	2	96c7e62b0db1	1	51225a9bb93e	2	8	E0206	8	E0206
96ebdab07f84	7	72,72,0,0	rules_n7_a4840_gen2.tsv	rules_n7_a4840_gen2.tsv=7	7145048de6a4	Y	b64910763264	N	5906bb868c59	7145048de6a4	2	96ebdab07f84	1	7145048de6a4	2	8	E0258	8	E0258
971aac5119dd	7	48,48,0,0	rules_n7_a4840_gen2.tsv	rules_n7_a4840_gen2.tsv=2	b5b4d392bb7f	Y	a4a1b431a621	N	815f72ef20d5	971aac5119dd	2	971aac5119dd	1	971aac5119dd	2	4	E0325	4	E0325
9729dc5f53f8	7	48,48,0,0	rules_n7.tsv,rules_n7_a256.tsv	rules_n7.tsv=2,rules_n7_a256.tsv=2	4ecba60aa35e	Y	9729dc5f53f8	Y	4ecba60aa35e	4ecba60aa35e	2	9729dc5f53f8	1	4ecba60aa35e	2	2	E0201	2	E0201
989d2fdca27a	7	210,210,0,0	rules_n7_a4840_band200.tsv	rules_n7_a4840_band200.tsv=1	4ce48a92b573	Y	2a0d0fbc5929	N	bc61d550dfc1	4ce48a92b573	2	989d2fdca27a	1	4ce48a92b573	2	2	E0199	2	E0199
98aeb647340c	7	84,84,0,0	rules_n7_a4840_band200.tsv	rules_n7_a4840_band200.tsv=2	182cf9bee74c	Y	ca8d4b1ffa1d	N	62d8f55318a5	182cf9bee74c	2	98aeb647340c	1	182cf9bee74c	2	4	E0065	4	E0065
98b8efaf8de2	7	408,402,3,9	rules_n7_a4840_gen2.tsv	rules_n7_a4840_gen2.tsv=1	95bc0d3cc8df	Y	dda1cdd51205	N	f6b70870a618	95bc0d3cc8df	2	98b8efaf8de2	1	95bc0d3cc8df	2	1	E0322	1	E0322
9904ad27d680	7	156,156,0,0	rules_n7_a4840_gen2.tsv	rules_n7_a4840_gen2.tsv=1	5937ccee41db	Y	a4ae35cede60	Y	8aa1caeeb336	5937ccee41db	2	9904ad27d680	2	5937ccee41db	4	2	E0220	2	E0220
9943a7ddc283	7	72,72,0,0	rules_n7_a4840_gen2.tsv	rules_n7_a4840_gen2.tsv=4	be6b4f4e69cf	Y	f2592e27c321	N	acc5a0f245bf	9943a7ddc283	2	9943a7ddc283	1	9943a7ddc283	2	10	E0326	10	E0326
99cf5c65dd47	7	192,192,0,0	rules_n7_a4840_gen2.tsv	rules_n7_a4840_gen2.tsv=1	a780c2d233f8	Y	4ad0e556f038	N	da4b551518b1	99cf5c65dd47	2	99cf5c65dd47	1	99cf5c65dd47	2	8	E0327	8	E0327
99fff9a726b2	7	84,84,0,0	rules_n7_a4840_band200.tsv	rules_n7_a4840_band200.tsv=2	240d550552a3	Y	4af5e55ad156	N	dd528f18aec2	240d550552a3	2	99fff9a726b2	1	240d550552a3	2	4	E0100	4	E0100
9a1f3be55831	7	1,1,2,2	rules_n7_a4840_gen2.tsv	rules_n7_a4840_gen2.tsv=2	af1df8c730b3	Y	dde4353318d5	N	ad9118012e19	9a1f3be55831	2	9a1f3be55831	1	9a1f3be55831	2	2	E0328	2	E0328
9a425576c7dd	7	132,132,0,0	rules_n7_a256.tsv,rules_n7_a4840_gen2.tsv	rules_n7_a256.tsv=2,rules_n7_a4840_gen2.tsv=3	db92437171e9	Y	9a425576c7dd	Y	db92437171e9	9a425576c7dd	2	9a425576c7dd	1	9a425576c7dd	2	3	E0329	3	E0329
9ae93052f1a3	7	60,60,0,0	rules_n7_a4840_band200.tsv	rules_n7_a4840_band200.tsv=2	ab105a248a1e	Y	bae7a14b8d5e	N	6765e140fb55	9ae93052f1a3	2	9ae93052f1a3	1	9ae93052f1a3	2	4	E0330	4	E0330
9b8ddcec1214	7	48,48,0,0	rules_n7_a256.tsv,rules_n7_a4840_gen2.tsv	rules_n7_a256.tsv=1,rules_n7_a4840_gen2.tsv=2	d6f9e3aaed73	Y	9b8ddcec1214	Y	d6f9e3aaed73	9b8ddcec1214	2	9b8ddcec1214	1	9b8ddcec1214	2	3	E0331	3	E0331
9c07b36d20b9	7	162,162,0,0	rules_n7_a4840_band200.tsv	rules_n7_a4840_band200.tsv=2	f4b9a13ff36c	Y	c093dc39c533	N	437e728faba4	9c07b36d20b9	2	9c07b36d20b9	1	9c07b36d20b9	2	4	E0332	4	E0332
9c3648cce8b5	7	204,204,0,0	rules_n7_a4840_band200.tsv	rules_n7_a4840_band200.tsv=1	6c8a5f9ef1df	Y	accc02ff5fa1	N	f80306670fc5	6c8a5f9ef1df	2	9c3648cce8b5	1	6c8a5f9ef1df	2	2	E0254	2	E0254
9ca1059f7d02	7	132,132,0,0	rules_n7_a4840_gen2.tsv	rules_n7_a4840_gen2.tsv=1	633ce2d3f413	Y	7b8c90303ed0	Y	e97471679399	633ce2d3f413	2	7b8c90303ed0	2	633ce2d3f413	4	4	E0236	4	E0236
9ce30e66b306	7	48,48,0,0	rules_n7_a256.tsv,rules_n7_a4840_gen2.tsv	rules_n7_a256.tsv=1,rules_n7_a4840_gen2.tsv=1	311e9750fe53	Y	9ce30e66b306	Y	311e9750fe53	311e9750fe53	2	9ce30e66b306	1	311e9750fe53	2	2	E0131	2	E0131
9d43d80d96dc	7	156,156,0,0	rules_n7_a4840_gen2.tsv	rules_n7_a4840_gen2.tsv=1	83998764da35	Y	6930b7d208a7	Y	b0c4e9f7edee	83998764da35	2	6930b7d208a7	2	6930b7d208a7	4	2	E0247	2	E0247
9d8393a2cbd2	7	96,96,0,0	rules_n7_a4840_band200.tsv	rules_n7_a4840_band200.tsv=1	f76742e7df1c	Y	45e02eb8fd47	N	7236f8234005	9d8393a2cbd2	2	9d8393a2cbd2	1	9d8393a2cbd2	2	4	E0333	4	E0333
9dc03b0de11a	7	444,450,9,3	rules_n7_a4840_band200.tsv	rules_n7_a4840_band200.tsv=1	2ba97d8a677f	Y	5a812ddeba7a	N	59cc54939cfd	2ba97d8a677f	2	9dc03b0de11a	1	2ba97d8a677f	2	1	E0119	1	E0119
9dcb6b39580e	7	96,96,0,0	rules_n7.tsv,rules_n7_a256.tsv	rules_n7.tsv=2,rules_n7_a256.tsv=2	862a0b139699	Y	9dcb6b39580e	Y	862a0b139699	862a0b139699	2	9dcb6b39580e	1	862a0b139699	2	2	E0292	2	E0292
9dd6fedb3d36	7	408,414,9,3	rules_n7_a256.tsv,rules_n7_a4840_gen2.tsv	rules_n7_a256.tsv=1,rules_n7_a4840_gen2.tsv=1	e398e9782d7a	Y	9dd6fedb3d36	Y	e398e9782d7a	9dd6fedb3d36	2	9dd6fedb3d36	1	9dd6fedb3d36	2	1	E0334	1	E0334
9e9d1fddba16	7	132,132,0,0	rules_n7_a4840_gen2.tsv	rules_n7_a4840_gen2.tsv=2	ec8aeb81c478	Y	53ccd5171863	Y	3a296520ca00	9e9d1fddba16	2	53ccd5171863	2	3a296520ca00	4	4	E0156	4	E0156
9ed53e6fa387	7	60,60,0,0	rules_n7_a4840_band200.tsv	rules_n7_a4840_band200.tsv=1	ab99b7547904	Y	ba1d4c2e16f1	N	95af0b7661fb	9ed53e6fa387	2	9ed53e6fa387	1	9ed53e6fa387	2	4	E0335	4	E0335
9ed61ed63d31	7	108,108,0,0	rules_n7_a4840_band200.tsv	rules_n7_a4840_band200.tsv=1	5cadd625a68e	Y	9e6201b71d22	N	ed5a4fa02786	5cadd625a68e	2	9ed61ed63d31	1	5cadd625a68e	2	2	E0226	2	E0226
9fdfb0647d6f	7	49,48,1,2	rules_n7.tsv,rules_n7_a256.tsv	rules_n7.tsv=1,rules_n7_a256.tsv=1	dbe526a6a452	Y	ed9473c483e3	N	00ac76d7481c	9fdfb0647d6f	2	9fdfb0647d6f	1	9fdfb0647d6f	2	1	E0336	1	E0336
9fee43b970a3	7	414,408,3,9	rules_n7_a4840_gen2.tsv	rules_n7_a4840_gen2.tsv=1	ccfa1ffbf36b	Y	b430c49e5f9d	N	15147a7badd7	9fee43b970a3	2	9fee43b970a3	1	9fee43b970a3	2	1	E0337	1	E0337
9ffeb4ce9bae	7	36,36,0,0	rules_n7_a4840_band200.tsv	rules_n7_a4840_band200.tsv=5	fd3d2036ee73	Y	229b778a9c4d	N	b260f26c6ab6	9ffeb4ce9bae	2	9ffeb4ce9bae	1	9ffeb4ce9bae	2	16	E0338	16	E0338
a003705bbbb1	7	150,150,0,0	rules_n7_a4840_gen2.tsv	rules_n7_a4840_gen2.tsv=2	921653b5f057	Y	6e8288308de8	N	f100be61b3ba	921653b5f057	2	a003705bbbb1	1	921653b5f057	2	8	E0313	8	E0313
a086d7bc1418	7	402,396,3,9	rules_n7_a256.tsv,rules_n7_a4840_gen2.tsv	rules_n7_a256.tsv=1,rules_n7_a4840_gen2.tsv=1	214cd7ac6e3f	Y	a086d7bc1418	Y	214cd7ac6e3f	214cd7ac6e3f	2	a086d7bc1418	1	214cd7ac6e3f	2	1	E0093	1	E0093
a1764f88e216	7	84,84,0,0	rules_n7_a4840_band200.tsv	rules_n7_a4840_band200.tsv=2	e43c9981a5c7	Y	de1067c96ed0	N	2d24565ba55d	a1764f88e216	2	a1764f88e216	1	a1764f88e216	2	4	E0339	4	E0339
a20827665556	7	198,198,0,0	rules_n7_a4840_band200.tsv	rules_n7_a4840_band200.tsv=1	92cca1ec54bb	Y	7c56c0623f03	N	1917b6f5780e	92cca1ec54bb	2	a20827665556	1	92cca1ec54bb	2	4	E0315	4	E0315
a23b607e8098	7	72,72,0,0	rules_n7_a4840_gen2.tsv	rules_n7_a4840_gen2.tsv=1	8872f4d7dc0e	Y	caacdbbe67c9	N	cfdfa3ad6817	8872f4d7dc0e	2	a23b607e8098	1	8872f4d7dc0e	2	2	E0297	2	E0297
a23d031fbcd3	7	1,0,1,2	rules_n7_a4840_gen2.tsv	rules_n7_a4840_gen2.tsv=4	51c13efc7a14	Y	3abf65c6db42	N	dc4f47bd010d	51c13efc7a14	2	a23d031fbcd3	1	51c13efc7a14	2	13	E0208	13	E0208
a281daa84496	7	156,156,0,0	rules_n7_a4840_gen2.tsv	rules_n7_a4840_gen2.tsv=1	686a622fdddc	Y	65faf8c9cd20	Y	ac9bbabf002d	686a622fdddc	2	65faf8c9cd20	2	65faf8c9cd20	4	2	E0243	2	E0243
a30f47d5ff89	7	180,180,0,0	rules_n7_a256.tsv,rules_n7_a4840_gen2.tsv	rules_n7_a256.tsv=1,rules_n7_a4840_gen2.tsv=1	e5adb9d02203	Y	a30f47d5ff89	Y	e5adb9d02203	a30f47d5ff89	2	a30f47d5ff89	1	a30f47d5ff89	2	1	E0340	1	E0340
a31aaa6bc575	7	25,24,1,2	rules_n7_a4840_gen2.tsv	rules_n7_a4840_gen2.tsv=2	32eb67461a38	Y	7b34c604ba8c	N	36beb6177e58	32eb67461a38	2	a31aaa6bc575	1	32eb67461a38	2	2	E0135	2	E0135
a32416d5301e	7	156,156,0,0	rules_n7_a4840_gen2.tsv	rules_n7_a4840_gen2.tsv=2	7dfddb482d3c	Y	d7f2e2957931	N	d9dc50d2ad15	7dfddb482d3c	2	a32416d5301e	1	7dfddb482d3c	2	8	E0277	8	E0277
a337bc76c856	7	348,348,0,0	rules_n7_a4840_gen2.tsv	rules_n7_a4840_gen2.tsv=1	cb4feec1896d	Y	c45e3631a454	N	6b72860e6d49	a337bc76c856	2	a337bc76c856	1	a337bc76c856	2	1	E0341	1	E0341
a33cb05ccb10	7	192,192,0,0	rules_n7_a4840_gen2.tsv	rules_n7_a4840_gen2.tsv=1	14641f09bcf0	Y	6cbd51cb3815	N	59e6012b822f	14641f09bcf0	2	a33cb05ccb10	1	14641f09bcf0	2	4	E0054	4	E0054
a36fb689ba41	7	84,84,0,0	rules_n7_a4840_band200.tsv	rules_n7_a4840_band200.tsv=1	bcd8bf3c0076	Y	e16a1e50758e	N	4051a214f68a	a36fb689ba41	2	a36fb689ba41	1	a36fb689ba41	2	4	E0342	4	E0342
a38b35c5ed1f	7	432,426,3,9	rules_n7_a4840_band200.tsv	rules_n7_a4840_band200.tsv=1	ea4add0f39cc	Y	b24dc7f3c27d	N	a7eb466e4709	a38b35c5ed1f	2	a38b35c5ed1f	1	a38b35c5ed1f	2	1	E0343	1	E0343
a3a1b2ef43a0	7	150,150,0,0	rules_n7_a4840_gen2.tsv	rules_n7_a4840_gen2.tsv=1	947fefee2ce1	Y	888d12cd2f94	N	84588e42e0c4	947fefee2ce1	2	a3a1b2ef43a0	1	947fefee2ce1	2	8	E0317	8	E0317
a49431c51085	7	354,354,0,0	rules_n7_a4840_gen2.tsv	rules_n7_a4840_gen2.tsv=1	8cf8f57432f4	Y	4900cb0c76f1	N	e7a5c74c2b45	8cf8f57432f4	2	a49431c51085	1	8cf8f57432f4	2	1	E0303	1	E0303
a4ae35cede60	7	156,156,0,0	rules_n7_a4840_gen2.tsv	rules_n7_a4840_gen2.tsv=1	8aa1caeeb336	Y	9904ad27d680	Y	5937ccee41db	8aa1caeeb336	2	9904ad27d680	2	5937ccee41db	4	2	E0220	2	E0220
a4d962c8c490	7	156,156,0,0	rules_n7_a4840_gen2.tsv	rules_n7_a4840_gen2.tsv=1	bd96d6dbdd65	Y	75325b8e4af4	N	e8e1c72b546c	a4d962c8c490	2	a4d962c8c490	1	a4d962c8c490	2	4	E0344	4	E0344
a50ba88437d8	7	96,96,0,0	rules_n7_a4840_band200.tsv	rules_n7_a4840_band200.tsv=1	d3143f1b84ab	Y	df5b91a2fb15	N	9a22f51ffa10	a50ba88437d8	2	a50ba88437d8	1	a50ba88437d8	2	4	E0345	4	E0345
a5214c898b1c	7	48,48,0,0	rules_n7_a4840_gen2.tsv	rules_n7_a4840_gen2.tsv=2	033afc57097e	Y	f3530a9a4032	Y	b4f13531d2e2	033afc57097e	2	a5214c898b1c	2	033afc57097e	4	8	E0008	8	E0008
a55d3fe6780d	7	318,318,0,0	rules_n7_a4840_gen2.tsv	rules_n7_a4840_gen2.tsv=1	3e71ef327a14	Y	9afc78173011	N	fda7a3749489	3e71ef327a14	2	a55d3fe6780d	1	3e71ef327a14	2	1	E0164	1	E0164
a5bfbb3d0e8e	7	84,84,0,0	rules_n7_a256.tsv,rules_n7_a4840_gen2.tsv	rules_n7_a256.tsv=1,rules_n7_a4840_gen2.tsv=1	261467a93592	Y	a5bfbb3d0e8e	Y	261467a93592	261467a93592	2	a5bfbb3d0e8e	1	261467a93592	2	1	E0103	1	E0103
a68147808d5d	7	324,324,0,0	rules_n7_a256.tsv,rules_n7_a4840_gen2.tsv	rules_n7_a256.tsv=1,rules_n7_a4840_gen2.tsv=1	75a33d1c2c49	Y	a68147808d5d	Y	75a33d1c2c49	75a33d1c2c49	2	a68147808d5d	1	75a33d1c2c49	2	1	E0265	1	E0265
a6bd3e103a4c	7	72,72,0,0	rules_n7_a4840_gen2.tsv	rules_n7_a4840_gen2.tsv=2	f67057a04d42	Y	d2922ca9327a	Y	6d77557bf8f2	a6bd3e103a4c	2	a6bd3e103a4c	2	6d77557bf8f2	4	4	E0257	4	E0257
a6cdd296693f	7	132,132,0,0	rules_n7_a4840_gen2.tsv	rules_n7_a4840_gen2.tsv=2	42fbf3f0d536	Y	b33e8d83721c	Y	08979c4016d6	42fbf3f0d536	2	a6cdd296693f	2	08979c4016d6	4	4	E0023	4	E0023
a780c2d233f8	7	192,192,0,0	rules_n7_a4840_gen2.tsv	rules_n7_a4840_gen2.tsv=1	99cf5c65dd47	Y	da4b551518b1	N	4ad0e556f038	99cf5c65dd47	2	a780c2d233f8	1	99cf5c65dd47	2	8	E0327	8	E0327
a7aabea675cc	7	150,150,0,0	rules_n7_a4840_gen2.tsv	rules_n7_a4840_gen2.tsv=2	d85cb56ed236	Y	22c6a03bc1e6	N	c94b9ea791dc	a7aabea675cc	2	a7aabea675cc	1	a7aabea675cc	2	8	E0346	8	E0346
a805ea3de51d	7	48,48,0,0	rules_n7_a4840_gen2.tsv	rules_n7_a4840_gen2.tsv=15	398028eae919	Y	2dd037490bab	N	e81502c52673	398028eae919	2	a805ea3de51d	1	398028eae919	2	20	E0148	20	E0148
a820700838dc	7	342,342,0,0	rules_n7_a4840_gen2.tsv	rules_n7_a4840_gen2.tsv=1	fb1cce8c9de8	Y	6143c1caed1a	N	746ee7c26b09	a820700838dc	2	a820700838dc	1	a820700838dc	2	1	E0347	1	E0347
a89df6442166	7	72,72,0,0	rules_n7_a4840_gen2.tsv	rules_n7_a4840_gen2.tsv=1	939426db79b6	Y	292c02641e63	Y	fb61739cb012	939426db79b6	2	292c02641e63	2	292c02641e63	4	4	E0113	4	E0113
a8af7d1d0d1f	7	132,132,0,0	rules_n7_a4840_gen2.tsv	rules_n7_a4840_gen2.tsv=3	02eb9e2292e4	Y	a4bd7d863c5b	N	4c38520b5849	02eb9e2292e4	2	a8af7d1d0d1f	1	02eb9e2292e4	2	16	E0006	16	E0006
a9587b440eca	7	60,60,0,0	rules_n7_a4840_band200.tsv	rules_n7_a4840_band200.tsv=2	b71368c91055	Y	6ae18534f579	N	5eec7270f9dd	a9587b440eca	2	a9587b440eca	1	a9587b440eca	2	8	E0348	8	E0348
a9604abeb264	7	126,126,0,0	rules_n7_a4840_gen2.tsv	rules_n7_a4840_gen2.tsv=3	1e97b4d2bd18	Y	90628da2dd0c	Y	e8010fda4ae9	1e97b4d2bd18	2	90628da2dd0c	2	1e97b4d2bd18	4	16	E0083	16	E0083
a970d6913215	7	210,210,0,0	rules_n7_a4840_band200.tsv	rules_n7_a4840_band200.tsv=1	f5cc9fff27f8	Y	069c9aca629b	N	42aa5faefe0c	a970d6913215	2	a970d6913215	1	a970d6913215	2	2	E0349	2	E0349
a97d1120a6ed	7	48,48,0,0	rules_n7_a4840_band200.tsv	rules_n7_a4840_band200.tsv=1	55ceb6cb2330	Y	8f0460768918	N	160db86fd0b0	55ceb6cb2330	2	a97d1120a6ed	1	55ceb6cb2330	2	4	E0214	4	E0214
a98e907ebc54	7	156,156,0,0	rules_n7_a4840_gen2.tsv	rules_n7_a4840_gen2.tsv=1	05db12227184	Y	94fd6c73a0d1	Y	2cd2cc12e153	05db12227184	2	94fd6c73a0d1	2	05db12227184	4	2	E0017	2	E0017
a9c76f6fbb61	7	174,174,0,0	rules_n7_a4840_gen2.tsv	rules_n7_a4840_gen2.tsv=1	b45834e9d420	Y	ca61816f0549	N	398962aee719	a9c76f6fbb61	2	a9c76f6fbb61	1	a9c76f6fbb61	2	4	E0350	4	E0350
aa3931e40ed0	7	492,498,9,3	rules_n7_a4840_gen2.tsv	rules_n7_a4840_gen2.tsv=1	d2824d714363	Y	72f71a0e8401	N	b893a86b23be	aa3931e40ed0	2	aa3931e40ed0	1	aa3931e40ed0	2	1	E0351	1	E0351
aa54b27dcfe9	7	72,72,0,0	rules_n7_a4840_gen2.tsv	rules_n7_a4840_gen2.tsv=1	847f96324af3	Y	79ab4478ec3b	N	d9a67fe024a0	847f96324af3	2	aa54b27dcfe9	1	847f96324af3	2	8	E0289	8	E0289
ab105a248a1e	7	60,60,0,0	rules_n7_a4840_band200.tsv	rules_n7_a4840_band200.tsv=2	9ae93052f1a3	Y	6765e140fb55	N	bae7a14b8d5e	9ae93052f1a3	2	ab105a248a1e	1	9ae93052f1a3	2	4	E0330	4	E0330
ab11977fcf47	7	60,60,0,0	rules_n7_a4840_band200.tsv	rules_n7_a4840_band200.tsv=4	55ebb8b168a5	Y	de418ffd0427	N	d5c71bba2746	55ebb8b168a5	2	ab11977fcf47	1	55ebb8b168a5	2	8	E0215	8	E0215
ab676a60b54e	7	228,228,0,0	rules_n7_a4840_band200.tsv	rules_n7_a4840_band200.tsv=1	6229710a29b2	Y	e24944a11f9c	N	d7bb7c03d32e	6229710a29b2	2	ab676a60b54e	1	6229710a29b2	2	2	E0235	2	E0235
ab88abce72ba	7	24,24,0,0	rules_n7_a256.tsv,rules_n7_a4840_gen2.tsv	rules_n7_a256.tsv=2,rules_n7_a4840_gen2.tsv=506	ab88abce72ba	Y	ab88abce72ba	Y	ab88abce72ba	ab88abce72ba	1	ab88abce72ba	1	ab88abce72ba	1	302	E0352	302	E0352
ab99b7547904	7	60,60,0,0	rules_n7_a4840_band200.tsv	rules_n7_a4840_band200.tsv=1	9ed53e6fa387	Y	95af0b7661fb	N	ba1d4c2e16f1	9ed53e6fa387	2	ab99b7547904	1	9ed53e6fa387	2	4	E0335	4	E0335
ac42fcb14bfc	7	228,228,0,0	rules_n7_a4840_band200.tsv	rules_n7_a4840_band200.tsv=1	903b55e7cb38	Y	f6a31ce07d69	N	85cb60450862	903b55e7cb38	2	ac42fcb14bfc	1	903b55e7cb38	2	2	E0310	2	E0310
ac929078ff48	7	48,48,0,0	rules_n7_a4840_gen2.tsv	rules_n7_a4840_gen2.tsv=1	c72856868563	Y	c72856868563	Y	ac929078ff48	ac929078ff48	2	ac929078ff48	2	ac929078ff48	2	1	E0353	1	E0353
ac9b3dbee6ab	7	72,72,0,0	rules_n7_a4840_gen2.tsv	rules_n7_a4840_gen2.tsv=6	d0fa1d8cc35d	Y	b9bf9f01e5d8	N	3489e54c5b92	ac9b3dbee6ab	2	ac9b3dbee6ab	1	ac9b3dbee6ab	2	8	E0354	8	E0354
ac9bbabf002d	7	156,156,0,0	rules_n7_a4840_gen2.tsv	rules_n7_a4840_gen2.tsv=1	65faf8c9cd20	Y	686a622fdddc	Y	a281daa84496	65faf8c9cd20	2	686a622fdddc	2	65faf8c9cd20	4	2	E0243	2	E0243
aca056ea4c48	7	72,72,0,0	rules_n7_a4840_gen2.tsv	rules_n7_a4840_gen2.tsv=2	bf52ef05ab91	Y	3b998b76d7fd	Y	d6df25eea20b	aca056ea4c48	2	3b998b76d7fd	2	3b998b76d7fd	4	4	E0158	4	E0158
acfe7a414bb7	7	132,132,0,0	rules_n7_a256.tsv,rules_n7_a4840_gen2.tsv	rules_n7_a256.tsv=2,rules_n7_a4840_gen2.tsv=3	c957d4264558	Y	acfe7a414bb7	Y	c957d4264558	acfe7a414bb7	2	acfe7a414bb7	1	acfe7a414bb7	2	3	E0355	3	E0355
ad0486fad52f	7	25,24,1,2	rules_n7_a4840_gen2.tsv	rules_n7_a4840_gen2.tsv=1	8b6d1ef3b31f	Y	6d63f6bfd9a0	N	d5e268a8a2bc	8b6d1ef3b31f	2	ad0486fad52f	1	8b6d1ef3b31f	2	2	E0300	2	E0300
ada84d0153fa	7	48,48,0,0	rules_n7_a4840_gen2.tsv	rules_n7_a4840_gen2.tsv=2	5aceefba3b64	Y	f52fa9aa52d8	N	71c5db04b01a	5aceefba3b64	2	ada84d0153fa	1	5aceefba3b64	2	16	E0222	16	E0222
ae30533f923a	7	186,186,0,0	rules_n7_a4840_band200.tsv	rules_n7_a4840_band200.tsv=1	2f9f850b1759	Y	1076974065b1	N	6b1c07608186	2f9f850b1759	2	ae30533f923a	1	2f9f850b1759	2	2	E0128	2	E0128
aeff70f41be6	7	156,156,0,0	rules_n7_a4840_gen2.tsv	rules_n7_a4840_gen2.tsv=1	94ad22a39ddf	Y	05d1006a63d6	Y	ea32ce94656c	94ad22a39ddf	2	05d1006a63d6	2	05d1006a63d6	4	2	E0016	2	E0016
af1df8c730b3	7	1,1,2,2	rules_n7_a4840_gen2.tsv	rules_n7_a4840_gen2.tsv=2	9a1f3be55831	Y	ad9118012e19	N	dde4353318d5	9a1f3be55831	2	af1df8c730b3	1	9a1f3be55831	2	2	E0328	2	E0328
af2802484319	7	132,132,0,0	rules_n7_a4840_gen2.tsv	rules_n7_a4840_gen2.tsv=2	cf7caaa9c7fc	Y	6a6961005e6e	Y	ef2d70e4fcf5	af2802484319	2	6a6961005e6e	2	6a6961005e6e	4	4	E0250	4	E0250
af79b06ba137	7	198,198,0,0	rules_n7_a4840_gen2.tsv	rules_n7_a4840_gen2.tsv=1	3123e32f64ba	Y	f96e11b39e77	N	06ee24223baf	3123e32f64ba	2	af79b06ba137	1	3123e32f64ba	2	4	E0132	4	E0132
af8282bcbcba	7	132,132,0,0	rules_n7_a4840_gen2.tsv	rules_n7_a4840_gen2.tsv=2	3a101202e00b	Y	f64e9f0a8b15	Y	d1a0033e1269	3a101202e00b	2	af8282bcbcba	2	3a101202e00b	4	4	E0155	4	E0155
af945ab938fd	7	144,144,0,0	rules_n7_a256.tsv,rules_n7_a4840_gen2.tsv	rules_n7_a256.tsv=1,rules_n7_a4840_gen2.tsv=4	eb8331df9ee8	Y	af945ab938fd	Y	eb8331df9ee8	af945ab938fd	2	af945ab938fd	1	af945ab938fd	2	10	E0356	10	E0356
afb4c322ff24	7	96,96,0,0	rules_n7.tsv,rules_n7_a256.tsv	rules_n7.tsv=2,rules_n7_a256.tsv=2	dc0416c80bc5	Y	afb4c322ff24	Y	dc0416c80bc5	afb4c322ff24	2	afb4c322ff24	1	afb4c322ff24	2	2	E0357	2	E0357
afd8434437e6	7	132,132,0,0	rules_n7_a4840_gen2.tsv	rules_n7_a4840_gen2.tsv=1	c59c5cc23415	Y	098ff226f2b8	Y	00feabfe3da8	afd8434437e6	2	098ff226f2b8	2	00feabfe3da8	4	4	E0002	4	E0002
b0362bc0097e	7	66,66,0,0	rules_n7_a4840_band200.tsv	rules_n7_a4840_band200.tsv=1	298e146c1b51	Y	6deb45cfc12b	N	79b5eae879e0	298e146c1b51	2	b0362bc0097e	1	298e146c1b51	2	1	E0114	1	E0114
b064367f901c	7	156,156,0,0	rules_n7_a4840_gen2.tsv	rules_n7_a4840_gen2.tsv=1	f0315d3d0817	Y	94b0710c21f2	Y	dc5f150968a2	b064367f901c	2	94b0710c21f2	2	94b0710c21f2	4	2	E0318	2	E0318
b081b754d26e	7	48,48,0,0	rules_n7_a4840_gen2.tsv	rules_n7_a4840_gen2.tsv=28	62a74ce65faa	Y	429db3717944	Y	b13177991e02	62a74ce65faa	2	429db3717944	2	429db3717944	4	32	E0175	32	E0175
b084b8ac8244	7	156,156,0,0	rules_n7_a4840_gen2.tsv	rules_n7_a4840_gen2.tsv=1	ed39c8e00437	Y	31a6811f7e37	Y	566247c9db1e	b084b8ac8244	2	31a6811f7e37	2	31a6811f7e37	4	2	E0133	2	E0133
b0c4e9f7edee	7	156,156,0,0	rules_n7_a4840_gen2.tsv	rules_n7_a4840_gen2.tsv=1	6930b7d208a7	Y	83998764da35	Y	9d43d80d96dc	6930b7d208a7	2	83998764da35	2	6930b7d208a7	4	2	E0247	2	E0247
b0e623c58504	7	120,120,0,0	rules_n7_a4840_band200.tsv	rules_n7_a4840_band200.tsv=2	fffe585f92c4	Y	b0e623c58504	Y	fffe585f92c4	b0e623c58504	2	b0e623c58504	1	b0e623c58504	2	3	E0358	3	E0358
b13177991e02	7	48,48,0,0	rules_n7_a4840_gen2.tsv	rules_n7_a4840_gen2.tsv=2	429db3717944	Y	62a74ce65faa	Y	b081b754d26e	429db3717944	2	62a74ce65faa	2	429db3717944	4	32	E0175	32	E0175
b17264f2772b	7	72,72,0,0	rules_n7_a4840_gen2.tsv	rules_n7_a4840_gen2.tsv=1	86d05ce43f33	Y	8c285be7cde9	N	33a5a01a86a8	86d05ce43f33	2	b17264f2772b	1	86d05ce43f33	2	4	E0293	4	E0293
b1be0f46d82c	7	48,48,0,0	rules_n7_a4840_gen2.tsv	rules_n7_a4840_gen2.tsv=28	b1be0f46d82c	Y	8920828a4002	N	8920828a4002	b1be0f46d82c	1	b1be0f46d82c	1	b1be0f46d82c	1	16	E0359	16	E0359
b2c5eb761e41	7	84,84,0,0	rules_n7_a4840_band200.tsv	rules_n7_a4840_band200.tsv=2	0cf38a094cfc	Y	5b6277926158	N	07b94910f637	0cf38a094cfc	2	b2c5eb761e41	1	0cf38a094cfc	2	4	E0035	4	E0035
b2d27c6fb87b	7	72,72,0,0	rules_n7_a4840_gen2.tsv	rules_n7_a4840_gen2.tsv=5	4f8df87699e7	Y	8ef4b9f8fa14	N	d0f29912759f	4f8df87699e7	2	b2d27c6fb87b	1	4f8df87699e7	2	8	E0203	8	E0203
b33afc4539f0	7	132,132,0,0	rules_n7_a4840_gen2.tsv	rules_n7_a4840_gen2.tsv=1	19278553942a	Y	df07b5dbb378	Y	bbd8011c82a9	19278553942a	2	b33afc4539f0	2	19278553942a	4	4	E0066	4	E0066
b33e8d83721c	7	132,132,0,0	rules_n7_a4840_gen2.tsv	rules_n7_a4840_gen2.tsv=2	08979c4016d6	Y	a6cdd296693f	Y	42fbf3f0d536	08979c4016d6	2	a6cdd296693f	2	08979c4016d6	4	4	E0023	4	E0023
b3530b0fdb4c	7	132,132,0,0	rules_n7_a4840_gen2.tsv	rules_n7_a4840_gen2.tsv=1	dcabc927a335	Y	c589e2232376	Y	65e6ee3248d6	b3530b0fdb4c	2	b3530b0fdb4c	2	65e6ee3248d6	4	4	E0242	4	E0242
b3e25e414908	7	132,132,0,0	rules_n7_a4840_gen2.tsv	rules_n7_a4840_gen2.tsv=1	3848d784e880	Y	3c7cfe70e93c	N	6631c0739124	3848d784e880	2	b3e25e414908	1	3848d784e880	2	8	E0145	8	E0145
b426a4d5583d	7	156,156,0,0	rules_n7_a4840_gen2.tsv	rules_n7_a4840_gen2.tsv=1	65b9d86f9b57	Y	5fa6f7683665	N	7930a256a7bc	65b9d86f9b57	2	b426a4d5583d	1	65b9d86f9b57	2	4	E0240	4	E0240
b45834e9d420	7	174,174,0,0	rules_n7_a4840_gen2.tsv	rules_n7_a4840_gen2.tsv=1	a9c76f6fbb61	Y	398962aee719	N	ca61816f0549	a9c76f6fbb61	2	b45834e9d420	1	a9c76f6fbb61	2	4	E0350	4	E0350
b4bd6f395a25	7	168,168,0,0	rules_n7_a4840_gen2.tsv	rules_n7_a4840_gen2.tsv=1	ecf03ddecbed	Y	c899bfc3e3a3	N	301edc2eb297	b4bd6f395a25	2	b4bd6f395a25	1	b4bd6f395a25	2	8	E0360	8	E0360
b4dfc6692083	7	174,174,0,0	rules_n7_a4840_gen2.tsv	rules_n7_a4840_gen2.tsv=2	8f5cf69c5f7c	Y	677709186970	N	a0268a082cbb	8f5cf69c5f7c	2	b4dfc6692083	1	8f5cf69c5f7c	2	8	E0307	8	E0307
b4f13531d2e2	7	48,48,0,0	rules_n7_a4840_gen2.tsv	rules_n7_a4840_gen2.tsv=1	f3530a9a4032	Y	033afc57097e	Y	a5214c898b1c	b4f13531d2e2	2	033afc57097e	2	033afc57097e	4	8	E0008	8	E0008
b4fb337c2041	7	96,96,0,0	rules_n7_a4840_gen2.tsv	rules_n7_a4840_gen2.tsv=1	10d61a16c4f8	Y	1fe16c04b5d5	N	b8d9085fd1d6	10d61a16c4f8	2	b4fb337c2041	1	10d61a16c4f8	2	4	E0046	4	E0046
b506fa9d192d	7	216,216,0,0	rules_n7_a4840_gen2.tsv	rules_n7_a4840_gen2.tsv=1	885fe227bff6	Y	e4db34bd3cc2	N	5909618aa586	885fe227bff6	2	b506fa9d192d	1	885fe227bff6	2	4	E0296	4	E0296
b5b4d392bb7f	7	48,48,0,0	rules_n7_a4840_gen2.tsv	rules_n7_a4840_gen2.tsv=2	971aac5119dd	Y	815f72ef20d5	N	a4a1b431a621	971aac5119dd	2	b5b4d392bb7f	1	971aac5119dd	2	4	E0325	4	E0325
b63310b11815	7	156,156,0,0	rules_n7_a4840_gen2.tsv	rules_n7_a4840_gen2.tsv=1	5a8c41d2ff5e	Y	399155bb1069	Y	e102740b5841	5a8c41d2ff5e	2	399155bb1069	2	399155bb1069	4	2	E0149	2	E0149
b67b4e614376	7	300,300,0,0	rules_n7_a4840_gen2.tsv	rules_n7_a4840_gen2.tsv=1	0eb5ac032697	Y	38cab8956cc4	N	226814b63278	0eb5ac032697	2	b67b4e614376	1	0eb5ac032697	2	1	E0040	1	E0040
b71368c91055	7	60,60,0,0	rules_n7_a4840_band200.tsv	rules_n7_a4840_band200.tsv=2	a9587b440eca	Y	5eec7270f9dd	N	6ae18534f579	a9587b440eca	2	b71368c91055	1	a9587b440eca	2	8	E0348	8	E0348
b742e93fcefe	7	162,162,0,0	rules_n7_a4840_band200.tsv	rules_n7_a4840_band200.tsv=1	8e620393073b	Y	35f6c8e4f41e	N	aaee4d888591	8e620393073b	2	b742e93fcefe	1	8e620393073b	2	4	E0305	4	E0305
b7786fb21162	7	444,438,3,9	rules_n7_a4840_band200.tsv	rules_n7_a4840_band200.tsv=1	5cd3cbbb1e5a	Y	fee91e0ac829	N	1458b737d6f9	5cd3cbbb1e5a	2	b7786fb21162	1	5cd3cbbb1e5a	2	1	E0227	1	E0227
b7bc7337f220	7	72,72,0,0	rules_n7_a4840_gen2.tsv	rules_n7_a4840_gen2.tsv=1	fa53bebb0c07	Y	2649eec76021	N	b6a3fcd4f1c0	b7bc7337f220	2	b7bc7337f220	1	b7bc7337f220	2	8	E0361	8	E0361
b7f3d137c99a	7	216,216,0,0	rules_n7_a4840_gen2.tsv	rules_n7_a4840_gen2.tsv=1	bcf19a50a353	Y	972cf410803f	N	87188412124b	b7f3d137c99a	2	b7f3d137c99a	1	b7f3d137c99a	2	4	E0362	4	E0362
b7f629ee6373	7	306,306,0,0	rules_n7_a4840_gen2.tsv	rules_n7_a4840_gen2.tsv=1	5df234313d5d	Y	3efd3ad80bc9	N	bca53e2262ec	5df234313d5d	2	b7f629ee6373	1	5df234313d5d	2	1	E0229	1	E0229
b83b30ee08ce	7	156,156,0,0	rules_n7_a4840_gen2.tsv	rules_n7_a4840_gen2.tsv=1	801e28b3acb6	Y	3fec56d50447	Y	ce6c866f9d29	801e28b3acb6	2	3fec56d50447	2	3fec56d50447	4	2	E0166	2	E0166
b84e5852608b	7	36,36,0,0	rules_n7_a4840_band200.tsv	rules_n7_a4840_band200.tsv=3	90d033b7ddbf	Y	3394d4cf4ce9	Y	67eacd157bbc	90d033b7ddbf	2	3394d4cf4ce9	2	3394d4cf4ce9	4	8	E0137	8	E0137
b85e26cbabc5	7	48,48,0,0	rules_n7_a4840_gen2.tsv	rules_n7_a4840_gen2.tsv=10	095bfb3dc800	Y	5d8ddda89df0	N	d349b655a7c1	095bfb3dc800	2	b85e26cbabc5	1	095bfb3dc800	2	16	E0024	16	E0024
b8df90046146	7	24,25,2,1	rules_n7_a4840_gen2.tsv	rules_n7_a4840_gen2.tsv=1	c259acb12eb0	Y	b3df15f78e17	N	77a617bb8b7a	b8df90046146	2	b8df90046146	1	b8df90046146	2	2	E0363	2	E0363
b90b8c0dcceb	7	198,198,0,0	rules_n7_a4840_gen2.tsv	rules_n7_a4840_gen2.tsv=1	65b414a14871	Y	d479bf6bc7ab	N	9c68c9e6931d	65b414a14871	2	b90b8c0dcceb	1	65b414a14871	2	4	E0239	4	E0239
b94b7bbdd2a8	7	510,504,3,9	rules_n7_a4840_gen2.tsv	rules_n7_a4840_gen2.tsv=1	1f023cb92021	Y	35ee6142b89b	N	a91b32f5fef3	1f023cb92021	2	b94b7bbdd2a8	1	1f023cb92021	2	1	E0084	1	E0084
b98392e1d7a6	7	72,72,0,0	rules_n7_a4840_gen2.tsv	rules_n7_a4840_gen2.tsv=5	1b8c339e89cd	Y	43b268f0ee21	N	4084b26a2c4d	1b8c339e89cd	2	b98392e1d7a6	1	1b8c339e89cd	2	8	E0073	8	E0073
b9ccc01f991f	7	468,462,3,9	rules_n7_a4840_gen2.tsv	rules_n7_a4840_gen2.tsv=1	27a0227e11e9	Y	aefc8aaa21cf	N	24b05004905d	27a0227e11e9	2	b9ccc01f991f	1	27a0227e11e9	2	1	E0105	1	E0105
b9d178e37207	7	48,48,0,0	rules_n7_a4840_band200.tsv	rules_n7_a4840_band200.tsv=1	3a9ca4131cc4	Y	dbe37ea1adb5	N	6f671e554748	3a9ca4131cc4	2	b9d178e37207	1	3a9ca4131cc4	2	4	E0157	4	E0157
ba5345a2c444	7	498,492,3,9	rules_n7_a256.tsv,rules_n7_a4840_gen2.tsv	rules_n7_a256.tsv=1,rules_n7_a4840_gen2.tsv=1	1af57ae297b0	Y	ba5345a2c444	Y	1af57ae297b0	1af57ae297b0	2	ba5345a2c444	1	1af57ae297b0	2	1	E0072	1	E0072
ba64a6bdcb29	7	150,150,0,0	rules_n7_a4840_gen2.tsv	rules_n7_a4840_gen2.tsv=1	7dae29ff7561	Y	0c71299a9036	N	0b103858d4c4	7dae29ff7561	2	ba64a6bdcb29	1	7dae29ff7561	2	8	E0275	8	E0275
ba9ea1eefc0d	7	72,72,0,0	rules_n7_a4840_gen2.tsv	rules_n7_a4840_gen2.tsv=2	29acfe26c3eb	Y	a35085a6bdae	N	52016e35d109	29acfe26c3eb	2	ba9ea1eefc0d	1	29acfe26c3eb	2	8	E0115	8	E0115
bab3caf676bf	7	330,330,0,0	rules_n7_a4840_gen2.tsv	rules_n7_a4840_gen2.tsv=1	d9275de2ec1d	Y	712419162c81	N	155e1f09e03a	bab3caf676bf	2	bab3caf676bf	1	bab3caf676bf	2	1	E0364	1	E0364
bac45191348c	7	108,108,0,0	rules_n7_a4840_band200.tsv	rules_n7_a4840_band200.tsv=1	698dcf70c661	Y	af34780ca686	N	de15cd4bfd10	698dcf70c661	2	bac45191348c	1	698dcf70c661	2	2	E0248	2	E0248
bb0325078ded	7	174,174,0,0	rules_n7_a4840_gen2.tsv	rules_n7_a4840_gen2.tsv=1	49d4d9e84135	Y	637827456d89	N	c5963e7738e8	49d4d9e84135	2	bb0325078ded	1	49d4d9e84135	2	8	E0190	8	E0190
bb3307fb0884	7	60,60,0,0	rules_n7_a4840_band200.tsv	rules_n7_a4840_band200.tsv=2	d559476e2a95	Y	bb3307fb0884	Y	d559476e2a95	bb3307fb0884	2	bb3307fb0884	1	bb3307fb0884	2	3	E0365	3	E0365
bb74acd56cf9	7	72,72,0,0	rules_n7_a4840_gen2.tsv	rules_n7_a4840_gen2.tsv=1	427f0cd25687	Y	b0930dab748f	N	d9bc52991bee	427f0cd25687	2	bb74acd56cf9	1	427f0cd25687	2	4	E0174	4	E0174
bb9ef9370a0d	7	462,456,3,9	rules_n7_a4840_band200.tsv	rules_n7_a4840_band200.tsv=1	495b710dba59	Y	bb9ef9370a0d	Y	495b710dba59	495b710dba59	2	bb9ef9370a0d	1	495b710dba59	2	1	E0187	1	E0187
bbd8011c82a9	7	132,132,0,0	rules_n7_a4840_gen2.tsv	rules_n7_a4840_gen2.tsv=1	df07b5dbb378	Y	19278553942a	Y	b33afc4539f0	bbd8011c82a9	2	19278553942a	2	19278553942a	4	4	E0066	4	E0066
bbdd86597cc7	7	108,108,0,0	rules_n7_a4840_band200.tsv	rules_n7_a4840_band200.tsv=1	28eb250a68ea	Y	08e363636900	N	13416a9ebf5e	28eb250a68ea	2	bbdd86597cc7	1	28eb250a68ea	2	2	E0111	2	E0111
bbf1b4974173	7	60,60,0,0	rules_n7_a4840_band200.tsv	rules_n7_a4840_band200.tsv=1	427e8cc7a808	Y	dd454bcc3c5a	Y	f5542aa46bd8	427e8cc7a808	2	bbf1b4974173	2	427e8cc7a808	4	4	E0173	4	E0173
bc6dd269b36a	7	84,84,0,0	rules_n7_a4840_band200.tsv	rules_n7_a4840_band200.tsv=1	5cd553a8321b	Y	9401bb8ec27e	N	0f91c94bac0f	5cd553a8321b	2	bc6dd269b36a	1	5cd553a8321b	2	2	E0228	2	E0228
bcd8bf3c0076	7	84,84,0,0	rules_n7_a4840_band200.tsv	rules_n7_a4840_band200.tsv=1	a36fb689ba41	Y	4051a214f68a	N	e16a1e50758e	a36fb689ba41	2	bcd8bf3c0076	1	a36fb689ba41	2	4	E0342	4	E0342
bcf19a50a353	7	216,216,0,0	rules_n7_a4840_gen2.tsv	rules_n7_a4840_gen2.tsv=1	b7f3d137c99a	Y	87188412124b	N	972cf410803f	b7f3d137c99a	2	bcf19a50a353	1	b7f3d137c99a	2	4	E0362	4	E0362
bd508e5023d8	7	60,60,0,0	rules_n7_a4840_band200.tsv	rules_n7_a4840_band200.tsv=2	e50393a8ba1d	Y	eac04a15559b	N	ee790447f3dc	bd508e5023d8	2	bd508e5023d8	1	bd508e5023d8	2	8	E0366	8	E0366
bd96d6dbdd65	7	156,156,0,0	rules_n7_a4840_gen2.tsv	rules_n7_a4840_gen2.tsv=1	a4d962c8c490	Y	e8e1c72b546c	N	75325b8e4af4	a4d962c8c490	2	bd96d6dbdd65	1	a4d962c8c490	2	4	E0344	4	E0344
be1ffc91f1cd	7	180,180,0,0	rules_n7_a4840_gen2.tsv	rules_n7_a4840_gen2.tsv=1	21a14dac12e8	Y	30f4657e2f6e	N	d17fd944a87d	21a14dac12e8	2	be1ffc91f1cd	1	21a14dac12e8	2	4	E0094	4	E0094
be6b4f4e69cf	7	72,72,0,0	rules_n7_a4840_gen2.tsv	rules_n7_a4840_gen2.tsv=4	9943a7ddc283	Y	acc5a0f245bf	N	f2592e27c321	9943a7ddc283	2	be6b4f4e69cf	1	9943a7ddc283	2	10	E0326	10	E0326
bf30f607a61f	7	486,492,9,3	rules_n7_a4840_gen2.tsv	rules_n7_a4840_gen2.tsv=1	4bb158d41da1	Y	ef072aac799d	N	138f69b1ed46	4bb158d41da1	2	bf30f607a61f	1	4bb158d41da1	2	1	E0193	1	E0193
bf52ef05ab91	7	72,72,0,0	rules_n7_a4840_gen2.tsv	rules_n7_a4840_gen2.tsv=2	aca056ea4c48	Y	d6df25eea20b	Y	3b998b76d7fd	aca056ea4c48	2	bf52ef05ab91	2	3b998b76d7fd	4	4	E0158	4	E0158
bf97b9cb0418	7	480,474,3,9	rules_n7_a4840_gen2.tsv	rules_n7_a4840_gen2.tsv=1	8be1ac727fdf	Y	4591ba75681f	N	53d9c263d837	8be1ac727fdf	2	bf97b9cb0418	1	8be1ac727fdf	2	1	E0302	1	E0302
bfc9f419917a	7	132,132,0,0	rules_n7_a4840_gen2.tsv	rules_n7_a4840_gen2.tsv=1	cc6f0000205a	Y	d430b91bbd51	Y	e9fe89e56945	bfc9f419917a	2	bfc9f419917a	2	bfc9f419917a	4	4	E0367	4	E0367
bfd1c873c831	7	174,174,0,0	rules_n7_a4840_gen2.tsv	rules_n7_a4840_gen2.tsv=2	01ebc19824fc	Y	224e482f5c59	N	0fc7d5df4a4f	01ebc19824fc	2	bfd1c873c831	1	01ebc19824fc	2	8	E0003	8	E0003
c04133834105	7	108,108,0,0	rules_n7_a4840_band200.tsv	rules_n7_a4840_band200.tsv=1	5c5648cddbd6	Y	4ccb2676e566	N	b7277f4b4d92	5c5648cddbd6	2	c04133834105	1	5c5648cddbd6	2	2	E0225	2	E0225
c14f5e5dd539	7	186,186,0,0	rules_n7_a4840_band200.tsv	rules_n7_a4840_band200.tsv=1	d8cb6eb7687c	Y	707a30c5c084	N	d93e21400f63	c14f5e5dd539	2	c14f5e5dd539	1	c14f5e5dd539	2	2	E0368	2	E0368
c1f09ce0386f	7	462,456,3,9	rules_n7_a256.tsv,rules_n7_a4840_gen2.tsv	rules_n7_a256.tsv=1,rules_n7_a4840_gen2.tsv=1	e27783cacfbe	Y	c1f09ce0386f	Y	e27783cacfbe	c1f09ce0386f	2	c1f09ce0386f	1	c1f09ce0386f	2	1	E0369	1	E0369
c1f9c93a5c27	7	186,186,0,0	rules_n7_a4840_band200.tsv	rules_n7_a4840_band200.tsv=1	821e83c01b7c	Y	36c826e85470	N	bcfa7c45d899	821e83c01b7c	2	c1f9c93a5c27	1	821e83c01b7c	2	2	E0284	2	E0284
c2220252475b	7	36,36,0,0	rules_n7_a4840_band200.tsv	rules_n7_a4840_band200.tsv=1	4728d8e5f3d2	Y	5edafd148a9b	N	1faaa4372ea9	4728d8e5f3d2	2	c2220252475b	1	4728d8e5f3d2	2	8	E0182	8	E0182
c22bfb6473cb	7	96,96,0,0	rules_n7_a4840_gen2.tsv	rules_n7_a4840_gen2.tsv=3	91270bf2a57d	Y	98bbe2fcfb81	N	6f2be99a5acc	91270bf2a57d	2	c22bfb6473cb	1	91270bf2a57d	2	4	E0312	4	E0312
c259acb12eb0	7	25,24,1,2	rules_n7_a4840_gen2.tsv	rules_n7_a4840_gen2.tsv=1	b8df90046146	Y	77a617bb8b7a	N	b3df15f78e17	b8df90046146	2	c259acb12eb0	1	b8df90046146	2	2	E0363	2	E0363
c26c151d9d54	7	48,48,0,0	rules_n7_a4840_gen2.tsv	rules_n7_a4840_gen2.tsv=1	28e415dd7f02	Y	28e415dd7f02	Y	c26c151d9d54	28e415dd7f02	2	28e415dd7f02	2	28e415dd7f02	2	2	E0110	2	E0110
c2def9f0e515	7	156,156,0,0	rules_n7_a4840_gen2.tsv	rules_n7_a4840_gen2.tsv=1	794f3186b56e	Y	7f4ed36423bc	N	c6d8a7497e1a	794f3186b56e	2	c2def9f0e515	1	794f3186b56e	2	8	E0271	8	E0271
c32545fa8a66	7	60,60,0,0	rules_n7_a4840_band200.tsv	rules_n7_a4840_band200.tsv=1	cddfeeb9ec88	Y	253d6cc66023	N	256a8d907c11	c32545fa8a66	2	c32545fa8a66	1	c32545fa8a66	2	4	E0370	4	E0370
c442200796dc	7	84,84,0,0	rules_n7_a4840_band200.tsv	rules_n7_a4840_band200.tsv=2	eca15bf05f3f	Y	c9190e1e9fc4	N	ac73103901ff	c442200796dc	2	c442200796dc	1	c442200796dc	2	4	E0371	4	E0371
c46ad2463388	7	108,108,0,0	rules_n7_a4840_gen2.tsv	rules_n7_a4840_gen2.tsv=2	39a60f60d325	Y	60748cf01c32	Y	95415ff344bb	39a60f60d325	2	60748cf01c32	2	39a60f60d325	4	8	E0151	8	E0151
c4825905c44d	7	498,504,9,3	rules_n7_a4840_gen2.tsv	rules_n7_a4840_gen2.tsv=1	e514edc300b2	Y	96f66130ac04	N	5f573e2b11ab	c4825905c44d	2	c4825905c44d	1	c4825905c44d	2	1	E0372	1	E0372
c50b4b5b313f	7	186,186,0,0	rules_n7_a4840_band200.tsv	rules_n7_a4840_band200.tsv=2	39fe21f51977	Y	9c3499c67846	N	0e3d7c884826	39fe21f51977	2	c50b4b5b313f	1	39fe21f51977	2	4	E0154	4	E0154
c5613db25dba	7	204,204,0,0	rules_n7_a4840_band200.tsv	rules_n7_a4840_band200.tsv=2	4c4f2d1a4871	Y	61d47c4c21a6	N	63f22180c1f7	4c4f2d1a4871	2	c5613db25dba	1	4c4f2d1a4871	2	4	E0196	4	E0196
c570f33b6777	7	144,144,0,0	rules_n7_a4840_band200.tsv	rules_n7_a4840_band200.tsv=1	e05f876a6f8d	Y	06f44e4230eb	N	459e415405fc	c570f33b6777	2	c570f33b6777	1	c570f33b6777	2	4	E0373	4	E0373
c589e2232376	7	132,132,0,0	rules_n7_a4840_gen2.tsv	rules_n7_a4840_gen2.tsv=1	65e6ee3248d6	Y	b3530b0fdb4c	Y	dcabc927a335	65e6ee3248d6	2	b3530b0fdb4c	2	65e6ee3248d6	4	4	E0242	4	E0242
c59c5cc23415	7	132,132,0,0	rules_n7_a4840_gen2.tsv	rules_n7_a4840_gen2.tsv=1	afd8434437e6	Y	00feabfe3da8	Y	098ff226f2b8	afd8434437e6	2	00feabfe3da8	2	00feabfe3da8	4	4	E0002	4	E0002
c5b536bfe588	7	174,174,0,0	rules_n7_a4840_gen2.tsv	rules_n7_a4840_gen2.tsv=1	d0e1658792cb	Y	6b61af9677e4	N	a600714abd26	c5b536bfe588	2	c5b536bfe588	1	c5b536bfe588	2	4	E0374	4	E0374
c5eefe353bce	7	150,150,0,0	rules_n7_a4840_gen2.tsv	rules_n7_a4840_gen2.tsv=2	2b1829f80cf7	Y	71c60d5b8159	N	ea2e7e5199fe	2b1829f80cf7	2	c5eefe353bce	1	2b1829f80cf7	2	8	E0117	8	E0117
c600828cb5e3	7	156,156,0,0	rules_n7_a4840_gen2.tsv	rules_n7_a4840_gen2.tsv=1	fc915925a29e	Y	3ab705716374	Y	2a00cff26db3	c600828cb5e3	2	3ab705716374	2	2a00cff26db3	4	2	E0116	2	E0116
c62a03f346cf	7	198,198,0,0	rules_n7_a4840_gen2.tsv	rules_n7_a4840_gen2.tsv=1	0ce7fb1aec46	Y	0297c23710d5	N	19892f0e9945	0ce7fb1aec46	2	c62a03f346cf	1	0ce7fb1aec46	2	4	E0034	4	E0034
c65aef8bfb75	7	156,156,0,0	rules_n7_a4840_gen2.tsv	rules_n7_a4840_gen2.tsv=1	6956c983c235	Y	205e00aedd5c	Y	1d9d6b4be098	6956c983c235	2	205e00aedd5c	2	1d9d6b4be098	4	2	E0080	2	E0080
c6701c2a9601	7	150,150,0,0	rules_n7_a4840_gen2.tsv	rules_n7_a4840_gen2.tsv=2	6c0329aa4489	Y	763b947f638f	N	85fefda07013	6c0329aa4489	2	c6701c2a9601	1	6c0329aa4489	2	8	E0253	8	E0253
c672adfe27ca	7	180,180,0,0	rules_n7_a4840_gen2.tsv	rules_n7_a4840_gen2.tsv=1	942711725057	Y	eb6c0e3da9b3	N	4f3b86d1ac63	942711725057	2	c672adfe27ca	1	942711725057	2	4	E0316	4	E0316
c6fe0326a117	7	72,72,0,0	rules_n7_a4840_gen2.tsv	rules_n7_a4840_gen2.tsv=7	66c7854e6888	Y	3545dc412c9b	N	603f4004dbe4	66c7854e6888	2	c6fe0326a117	1	66c7854e6888	2	8	E0244	8	E0244
c72856868563	7	48,48,0,0	rules_n7_a4840_gen2.tsv	rules_n7_a4840_gen2.tsv=1	ac929078ff48	Y	ac929078ff48	Y	c72856868563	ac929078ff48	2	ac929078ff48	2	ac929078ff48	2	1	E0353	1	E0353
c7858d81e8da	7	60,60,0,0	rules_n7_a4840_band200.tsv	rules_n7_a4840_band200.tsv=1	cfa4043ac971	Y	e57e8fbf0f0b	N	19e10ca4333c	c7858d81e8da	2	c7858d81e8da	1	c7858d81e8da	2	4	E0375	4	E0375
c79d39bc27d1	7	432,438,9,3	rules_n7_a4840_gen2.tsv	rules_n7_a4840_gen2.tsv=1	0f9b6ed98294	Y	ad06a651279e	N	7b3b50d5785b	0f9b6ed98294	2	c79d39bc27d1	1	0f9b6ed98294	2	1	E0043	1	E0043
c7e7cc660163	7	174,174,0,0	rules_n7_a4840_gen2.tsv	rules_n7_a4840_gen2.tsv=2	959edf9574a8	Y	1bd1627ba423	N	e8dc6227e6b7	959edf9574a8	2	c7e7cc660163	1	959edf9574a8	2	8	E0321	8	E0321
c89c9cf370a2	7	186,186,0,0	rules_n7_a4840_band200.tsv	rules_n7_a4840_band200.tsv=1	760f0d23e496	Y	9c5746eb1438	N	c8950117c47b	760f0d23e496	2	c89c9cf370a2	1	760f0d23e496	2	4	E0267	4	E0267
c8a9fa3f5fe4	7	96,96,0,0	rules_n7_a4840_gen2.tsv	rules_n7_a4840_gen2.tsv=3	ff97c0cddd5f	Y	6b8af42b521a	N	d4230d1be742	c8a9fa3f5fe4	2	c8a9fa3f5fe4	1	c8a9fa3f5fe4	2	4	E0376	4	E0376
c8cd712ae7b0	7	72,72,0,0	rules_n7_a4840_gen2.tsv	rules_n7_a4840_gen2.tsv=7	396fe6d979c3	Y	2806ea7188e5	N	ef610343005a	396fe6d979c3	2	c8cd712ae7b0	1	396fe6d979c3	2	8	E0147	8	E0147
c91b7da25221	7	444,438,3,9	rules_n7_a4840_band200.tsv	rules_n7_a4840_band200.tsv=1	33247298e6a4	Y	86106eea8dc6	N	78ee4ecae00f	33247298e6a4	2	c91b7da25221	1	33247298e6a4	2	1	E0136	1	E0136
c957d4264558	7	132,132,0,0	rules_n7_a256.tsv,rules_n7_a4840_gen2.tsv	rules_n7_a256.tsv=2,rules_n7_a4840_gen2.tsv=3	acfe7a414bb7	Y	c957d4264558	Y	acfe7a414bb7	acfe7a414bb7	2	c957d4264558	1	acfe7a414bb7	2	3	E0355	3	E0355
c958df8ea4c3	7	36,36,0,0	rules_n7_a4840_band200.tsv	rules_n7_a4840_band200.tsv=1	5e3e40b58466	Y	3ca7947a0c4b	N	70cb7fe10749	5e3e40b58466	2	c958df8ea4c3	1	5e3e40b58466	2	8	E0230	8	E0230
c9d65fee4f73	7	192,192,0,0	rules_n7_a4840_gen2.tsv	rules_n7_a4840_gen2.tsv=2	045ff6b79066	Y	8a68e483f859	N	b41291dfb487	045ff6b79066	2	c9d65fee4f73	1	045ff6b79066	2	8	E0013	8	E0013
c9ee60484864	7	528,534,9,3	rules_n7_a4840_band200.tsv	rules_n7_a4840_band200.tsv=1	8b5fb2498167	Y	c9ee60484864	Y	8b5fb2498167	8b5fb2498167	2	c9ee60484864	1	8b5fb2498167	2	1	E0299	1	E0299
ca8cdf9cdda3	7	132,132,0,0	rules_n7_a4840_gen2.tsv	rules_n7_a4840_gen2.tsv=1	cbba85aa08fa	Y	b82b7d9336ad	N	5345e6dce9aa	ca8cdf9cdda3	2	ca8cdf9cdda3	1	ca8cdf9cdda3	2	8	E0377	8	E0377
cad1abae462c	7	156,156,0,0	rules_n7_a4840_gen2.tsv	rules_n7_a4840_gen2.tsv=1	7f1b18477bd6	Y	731d5fd7c0e7	N	b8b5aa95fc10	7f1b18477bd6	2	cad1abae462c	1	7f1b18477bd6	2	4	E0280	4	E0280
cb47d5e063e0	7	48,48,0,0	rules_n7.tsv,rules_n7_a256.tsv,rules_n7_a4840_gen2.tsv	rules_n7.tsv=1,rules_n7_a256.tsv=2,rules_n7_a4840_gen2.tsv=1	ea1ae55099c1	Y	cb47d5e063e0	Y	ea1ae55099c1	cb47d5e063e0	2	cb47d5e063e0	1	cb47d5e063e0	2	3	E0378	3	E0378
cb4feec1896d	7	348,348,0,0	rules_n7_a4840_gen2.tsv	rules_n7_a4840_gen2.tsv=1	a337bc76c856	Y	6b72860e6d49	N	c45e3631a454	a337bc76c856	2	cb4feec1896d	1	a337bc76c856	2	1	E0341	1	E0341
cb67e923a6ca	7	48,48,0,0	rules_n7_a4840_gen2.tsv	rules_n7_a4840_gen2.tsv=14	74d91872eeb5	Y	cb67e923a6ca	Y	74d91872eeb5	74d91872eeb5	2	cb67e923a6ca	1	74d91872eeb5	2	16	E0264	16	E0264
cbba85aa08fa	7	132,132,0,0	rules_n7_a4840_gen2.tsv	rules_n7_a4840_gen2.tsv=1	ca8cdf9cdda3	Y	5345e6dce9aa	N	b82b7d9336ad	ca8cdf9cdda3	2	cbba85aa08fa	1	ca8cdf9cdda3	2	8	E0377	8	E0377
cbba85d1efba	7	48,49,2,1	rules_n7.tsv,rules_n7_a256.tsv	rules_n7.tsv=1,rules_n7_a256.tsv=1	00a156b3c4d8	Y	3ff3290d42c6	N	06555b8e9d68	00a156b3c4d8	2	cbba85d1efba	1	00a156b3c4d8	2	1	E0001	1	E0001
cc6f0000205a	7	132,132,0,0	rules_n7_a4840_gen2.tsv	rules_n7_a4840_gen2.tsv=1	bfc9f419917a	Y	e9fe89e56945	Y	d430b91bbd51	bfc9f419917a	2	cc6f0000205a	2	bfc9f419917a	4	4	E0367	4	E0367
ccfa1ffbf36b	7	408,414,9,3	rules_n7_a4840_gen2.tsv	rules_n7_a4840_gen2.tsv=1	9fee43b970a3	Y	15147a7badd7	N	b430c49e5f9d	9fee43b970a3	2	ccfa1ffbf36b	1	9fee43b970a3	2	1	E0337	1	E0337
cd477e782247	7	174,174,0,0	rules_n7_a4840_gen2.tsv	rules_n7_a4840_gen2.tsv=1	0c1ecc350843	Y	bba5d2e14a53	N	430764020c60	0c1ecc350843	2	cd477e782247	1	0c1ecc350843	2	4	E0032	4	E0032
cd6c8c10c579	7	486,480,3,9	rules_n7_a4840_gen2.tsv	rules_n7_a4840_gen2.tsv=1	4cc654e02a5f	Y	c261949024d0	N	cbeeba88760b	4cc654e02a5f	2	cd6c8c10c579	1	4cc654e02a5f	2	1	E0198	1	E0198
cddfeeb9ec88	7	60,60,0,0	rules_n7_a4840_band200.tsv	rules_n7_a4840_band200.tsv=1	c32545fa8a66	Y	256a8d907c11	N	253d6cc66023	c32545fa8a66	2	cddfeeb9ec88	1	c32545fa8a66	2	4	E0370	4	E0370
ce3dbf6afd27	7	294,294,0,0	rules_n7_a4840_gen2.tsv	rules_n7_a4840_gen2.tsv=1	6203f1c4b2cc	Y	bb6794260145	N	b0a63f387770	6203f1c4b2cc	2	ce3dbf6afd27	1	6203f1c4b2cc	2	1	E0234	1	E0234
ce6c866f9d29	7	156,156,0,0	rules_n7_a4840_gen2.tsv	rules_n7_a4840_gen2.tsv=1	3fec56d50447	Y	801e28b3acb6	Y	b83b30ee08ce	3fec56d50447	2	801e28b3acb6	2	3fec56d50447	4	2	E0166	2	E0166
ceaf9e8f25f1	7	72,72,0,0	rules_n7_a4840_gen2.tsv	rules_n7_a4840_gen2.tsv=2	e1f44691aec8	Y	2385661fb60e	Y	f929134a1b76	ceaf9e8f25f1	2	2385661fb60e	2	2385661fb60e	4	4	E0098	4	E0098
cf7caaa9c7fc	7	132,132,0,0	rules_n7_a4840_gen2.tsv	rules_n7_a4840_gen2.tsv=2	af2802484319	Y	ef2d70e4fcf5	Y	6a6961005e6e	af2802484319	2	cf7caaa9c7fc	2	6a6961005e6e	4	4	E0250	4	E0250
cf81c5206273	7	96,96,0,0	rules_n7_a4840_gen2.tsv	rules_n7_a4840_gen2.tsv=3	16eab6538ab6	Y	18eeb048c846	N	9e986c7ec4bc	16eab6538ab6	2	cf81c5206273	1	16eab6538ab6	2	4	E0061	4	E0061
cf88f66916d6	7	48,48,0,0	rules_n7_a4840_gen2.tsv	rules_n7_a4840_gen2.tsv=3	746b5fef63fc	Y	5e4ebafb66c5	N	1b3ab0dffdf8	746b5fef63fc	2	cf88f66916d6	1	746b5fef63fc	2	32	E0263	32	E0263
cfa4043ac971	7	60,60,0,0	rules_n7_a4840_band200.tsv	rules_n7_a4840_band200.tsv=1	c7858d81e8da	Y	19e10ca4333c	N	e57e8fbf0f0b	c7858d81e8da	2	cfa4043ac971	1	c7858d81e8da	2	4	E0375	4	E0375
cfe46d0a2eed	7	48,49,2,1	rules_n7_a256.tsv,rules_n7_a4840_gen2.tsv	rules_n7_a256.tsv=1,rules_n7_a4840_gen2.tsv=1	4f116897fd63	Y	89ff73b7862b	N	7bd849e3d4b2	4f116897fd63	2	cfe46d0a2eed	1	4f116897fd63	2	1	E0202	1	E0202
d04f36d11055	7	192,192,0,0	rules_n7_a4840_band200.tsv	rules_n7_a4840_band200.tsv=1	e274eb8a1d46	Y	f56e83659124	N	62bd189eae26	d04f36d11055	2	d04f36d11055	1	d04f36d11055	2	2	E0379	2	E0379
d07ef10057cc	7	84,84,0,0	rules_n7_a4840_band200.tsv	rules_n7_a4840_band200.tsv=2	306d4d2a2ee6	Y	6710364e2368	N	51c224be6f17	306d4d2a2ee6	2	d07ef10057cc	1	306d4d2a2ee6	2	4	E0130	4	E0130
d0a01a1ac47d	7	48,48,0,0	rules_n7_a4840_gen2.tsv	rules_n7_a4840_gen2.tsv=3	5581e578134b	Y	5581e578134b	Y	d0a01a1ac47d	5581e578134b	2	5581e578134b	2	5581e578134b	2	12	E0212	12	E0212
d0e1658792cb	7	174,174,0,0	rules_n7_a4840_gen2.tsv	rules_n7_a4840_gen2.tsv=1	c5b536bfe588	Y	a600714abd26	N	6b61af9677e4	c5b536bfe588	2	d0e1658792cb	1	c5b536bfe588	2	4	E0374	4	E0374
d0f1e2321709	7	48,48,0,0	rules_n7_a256.tsv,rules_n7_a4840_gen2.tsv	rules_n7_a256.tsv=4,rules_n7_a4840_gen2.tsv=4	d0f1e2321709	Y	d0f1e2321709	Y	d0f1e2321709	d0f1e2321709	1	d0f1e2321709	1	d0f1e2321709	1	2	E0380	2	E0380
d0fa1d8cc35d	7	72,72,0,0	rules_n7_a4840_gen2.tsv	rules_n7_a4840_gen2.tsv=6	ac9b3dbee6ab	Y	3489e54c5b92	N	b9bf9f01e5d8	ac9b3dbee6ab	2	d0fa1d8cc35d	1	ac9b3dbee6ab	2	8	E0354	8	E0354
d16acee52433	7	156,156,0,0	rules_n7_a4840_gen2.tsv	rules_n7_a4840_gen2.tsv=1	05ae19017d4c	Y	5466fc6ea07e	Y	3b4fcdbf4387	05ae19017d4c	2	5466fc6ea07e	2	05ae19017d4c	4	2	E0015	2	E0015
d1a0033e1269	7	132,132,0,0	rules_n7_a4840_gen2.tsv	rules_n7_a4840_gen2.tsv=2	f64e9f0a8b15	Y	3a101202e00b	Y	af8282bcbcba	d1a0033e1269	2	3a101202e00b	2	3a101202e00b	4	4	E0155	4	E0155
d1acfe46465f	7	72,72,0,0	rules_n7_a4840_gen2.tsv	rules_n7_a4840_gen2.tsv=7	032dbf0d777a	Y	8255afc85735	N	0842711f47f7	032dbf0d777a	2	d1acfe46465f	1	032dbf0d777a	2	8	E0007	8	E0007
d24f63edf5b4	7	48,48,0,0	rules_n7_a4840_gen2.tsv	rules_n7_a4840_gen2.tsv=2	72397e2f680a	Y	d37f1c4a5c8a	N	1b2582810ab2	72397e2f680a	2	d24f63edf5b4	1	72397e2f680a	2	16	E0259	16	E0259
d2824d714363	7	498,492,3,9	rules_n7_a4840_gen2.tsv	rules_n7_a4840_gen2.tsv=1	aa3931e40ed0	Y	b893a86b23be	N	72f71a0e8401	aa3931e40ed0	2	d2824d714363	1	aa3931e40ed0	2	1	E0351	1	E0351
d2922ca9327a	7	72,72,0,0	rules_n7_a4840_gen2.tsv	rules_n7_a4840_gen2.tsv=1	6d77557bf8f2	Y	a6bd3e103a4c	Y	f67057a04d42	6d77557bf8f2	2	a6bd3e103a4c	2	6d77557bf8f2	4	4	E0257	4	E0257
d2af6a5a0526	7	468,474,9,3	rules_n7_a4840_gen2.tsv	rules_n7_a4840_gen2.tsv=1	eac488d036b4	Y	0047e8106d23	N	e169b1f394a9	d2af6a5a0526	2	d2af6a5a0526	1	d2af6a5a0526	2	1	E0381	1	E0381
d306546e9989	7	108,108,0,0	rules_n7_a4840_gen2.tsv	rules_n7_a4840_gen2.tsv=3	1d16cacba0be	Y	71e1161ee3eb	Y	64747b1aaa96	1d16cacba0be	2	71e1161ee3eb	2	1d16cacba0be	4	8	E0077	8	E0077
d3143f1b84ab	7	96,96,0,0	rules_n7_a4840_band200.tsv	rules_n7_a4840_band200.tsv=1	a50ba88437d8	Y	9a22f51ffa10	N	df5b91a2fb15	a50ba88437d8	2	d3143f1b84ab	1	a50ba88437d8	2	4	E0345	4	E0345
d3638d95f38d	7	486,480,3,9	rules_n7_a4840_gen2.tsv	rules_n7_a4840_gen2.tsv=1	16ba687ddc32	Y	2435b53b2cf7	N	fab4aea3ff5e	16ba687ddc32	2	d3638d95f38d	1	16ba687ddc32	2	1	E0060	1	E0060
d3d61412dc56	7	108,108,0,0	rules_n7_a4840_gen2.tsv	rules_n7_a4840_gen2.tsv=3	4397e30222b2	Y	27b09fd682e3	Y	45a947482465	4397e30222b2	2	27b09fd682e3	2	27b09fd682e3	4	8	E0106	8	E0106
d3f5b74d7545	7	48,48,0,0	rules_n7_a4840_gen2.tsv	rules_n7_a4840_gen2.tsv=1	7df736fe1c4c	Y	7df736fe1c4c	Y	d3f5b74d7545	7df736fe1c4c	2	7df736fe1c4c	2	7df736fe1c4c	2	1	E0276	1	E0276
d430b91bbd51	7	132,132,0,0	rules_n7_a4840_gen2.tsv	rules_n7_a4840_gen2.tsv=1	e9fe89e56945	Y	bfc9f419917a	Y	cc6f0000205a	d430b91bbd51	2	bfc9f419917a	2	bfc9f419917a	4	4	E0367	4	E0367
d4745416b283	7	108,108,0,0	rules_n7_a256.tsv,rules_n7_a4840_gen2.tsv	rules_n7_a256.tsv=1,rules_n7_a4840_gen2.tsv=1	8ef3666ccfd4	Y	d4745416b283	Y	8ef3666ccfd4	8ef3666ccfd4	2	d4745416b283	1	8ef3666ccfd4	2	1	E0306	1	E0306
d47df6253c73	7	414,420,9,3	rules_n7_a4840_gen2.tsv	rules_n7_a4840_gen2.tsv=1	8ffcb5ea5931	Y	c74f85e3d053	N	1388a1d6eda7	8ffcb5ea5931	2	d47df6253c73	1	8ffcb5ea5931	2	1	E0309	1	E0309
d4c86ffe1efa	7	72,72,0,0	rules_n7_a4840_gen2.tsv	rules_n7_a4840_gen2.tsv=7	969165258934	Y	8866ee56a03c	N	daf0f4e8ae40	969165258934	2	d4c86ffe1efa	1	969165258934	2	10	E0324	10	E0324
d4cb09a1314f	7	144,144,0,0	rules_n7_a4840_band200.tsv	rules_n7_a4840_band200.tsv=1	e77bc6cdc11d	Y	f18cc7fff8f0	N	93352fc45ef7	d4cb09a1314f	2	d4cb09a1314f	1	d4cb09a1314f	2	4	E0382	4	E0382
d4ec6aadbefe	7	48,48,0,0	rules_n7_a4840_gen2.tsv	rules_n7_a4840_gen2.tsv=3	8821c9761a3f	Y	287b5c6ae478	N	8c08e8ad93fe	8821c9761a3f	2	d4ec6aadbefe	1	8821c9761a3f	2	32	E0295	32	E0295
d4fbf7fd6f23	7	318,318,0,0	rules_n7_a4840_gen2.tsv	rules_n7_a4840_gen2.tsv=1	47a02395c8f4	Y	a6300b0ea8b8	N	006e2eb74c72	47a02395c8f4	2	d4fbf7fd6f23	1	47a02395c8f4	2	1	E0183	1	E0183
d559476e2a95	7	60,60,0,0	rules_n7_a4840_band200.tsv	rules_n7_a4840_band200.tsv=2	bb3307fb0884	Y	d559476e2a95	Y	bb3307fb0884	bb3307fb0884	2	d559476e2a95	1	bb3307fb0884	2	3	E0365	3	E0365
d58953d08832	7	72,72,0,0	rules_n7_a4840_gen2.tsv	rules_n7_a4840_gen2.tsv=5	f550b887608a	Y	5b0ac7cba2b1	N	0a072fe83102	d58953d08832	2	d58953d08832	1	d58953d08832	2	8	E0383	8	E0383
d5d134bba086	7	72,72,0,0	rules_n7_a4840_gen2.tsv	rules_n7_a4840_gen2.tsv=6	df712ba91fb7	Y	d49caa8b6af0	N	a57d75e9e70e	d5d134bba086	2	d5d134bba086	1	d5d134bba086	2	8	E0384	8	E0384
d693593523cd	7	288,288,0,0	rules_n7_a4840_gen2.tsv	rules_n7_a4840_gen2.tsv=1	59ec37404138	Y	d792f75349c7	N	bb9be884d711	59ec37404138	2	d693593523cd	1	59ec37404138	2	1	E0221	1	E0221
d6c04566fc39	7	48,48,0,0	rules_n7_a4840_gen2.tsv	rules_n7_a4840_gen2.tsv=13	83d54a67702c	Y	5fe48bf93641	N	4c5c039a654f	83d54a67702c	2	d6c04566fc39	1	83d54a67702c	2	20	E0288	20	E0288
d6df25eea20b	7	72,72,0,0	rules_n7_a4840_gen2.tsv	rules_n7_a4840_gen2.tsv=1	3b998b76d7fd	Y	bf52ef05ab91	Y	aca056ea4c48	3b998b76d7fd	2	bf52ef05ab91	2	3b998b76d7fd	4	4	E0158	4	E0158
d6f9e3aaed73	7	48,48,0,0	rules_n7_a256.tsv,rules_n7_a4840_gen2.tsv	rules_n7_a256.tsv=1,rules_n7_a4840_gen2.tsv=2	9b8ddcec1214	Y	d6f9e3aaed73	Y	9b8ddcec1214	9b8ddcec1214	2	d6f9e3aaed73	1	9b8ddcec1214	2	3	E0331	3	E0331
d75e0a7fbcef	7	306,306,0,0	rules_n7_a4840_gen2.tsv	rules_n7_a4840_gen2.tsv=1	f91474493bb4	Y	bf4debf0577b	N	6efe6978efdc	d75e0a7fbcef	2	d75e0a7fbcef	1	d75e0a7fbcef	2	1	E0385	1	E0385
d84249ff102d	7	49,48,1,2	rules_n7_a256.tsv,rules_n7_a4840_gen2.tsv	rules_n7_a256.tsv=1,rules_n7_a4840_gen2.tsv=1	f1af17db564a	Y	28ed8eeaeaf9	N	0e791bdb525f	d84249ff102d	2	d84249ff102d	1	d84249ff102d	2	1	E0386	1	E0386
d85cb56ed236	7	150,150,0,0	rules_n7_a4840_gen2.tsv	rules_n7_a4840_gen2.tsv=2	a7aabea675cc	Y	c94b9ea791dc	N	22c6a03bc1e6	a7aabea675cc	2	d85cb56ed236	1	a7aabea675cc	2	8	E0346	8	E0346
d88a6cb7c03b	7	60,60,0,0	rules_n7_a4840_band200.tsv	rules_n7_a4840_band200.tsv=2	79bbc2526e76	Y	f6f083216426	N	583e6c0e888c	79bbc2526e76	2	d88a6cb7c03b	1	79bbc2526e76	2	4	E0273	4	E0273
d8cb6eb7687c	7	186,186,0,0	rules_n7_a4840_band200.tsv	rules_n7_a4840_band200.tsv=1	c14f5e5dd539	Y	d93e21400f63	N	707a30c5c084	c14f5e5dd539	2	d8cb6eb7687c	1	c14f5e5dd539	2	2	E0368	2	E0368
d905cae1efa8	7	330,330,0,0	rules_n7_a4840_gen2.tsv	rules_n7_a4840_gen2.tsv=1	740597538dde	Y	7b716a750a51	N	2bb8f44abf61	740597538dde	2	d905cae1efa8	1	740597538dde	2	1	E0262	1	E0262
d9275de2ec1d	7	330,330,0,0	rules_n7_a4840_gen2.tsv	rules_n7_a4840_gen2.tsv=1	bab3caf676bf	Y	155e1f09e03a	N	712419162c81	bab3caf676bf	2	d9275de2ec1d	1	bab3caf676bf	2	1	E0364	1	E0364
db92437171e9	7	132,132,0,0	rules_n7_a256.tsv,rules_n7_a4840_gen2.tsv	rules_n7_a256.tsv=2,rules_n7_a4840_gen2.tsv=3	9a425576c7dd	Y	db92437171e9	Y	9a425576c7dd	9a425576c7dd	2	db92437171e9	1	9a425576c7dd	2	3	E0329	3	E0329
dbb15d86868a	7	192,192,0,0	rules_n7_a4840_gen2.tsv	rules_n7_a4840_gen2.tsv=2	32af70a4999e	Y	8810af69465e	N	aa61c1c5939b	32af70a4999e	2	dbb15d86868a	1	32af70a4999e	2	8	E0134	8	E0134
dbdbbc7a0086	7	216,216,0,0	rules_n7_a4840_gen2.tsv	rules_n7_a4840_gen2.tsv=1	ead8943daa46	Y	993c94e0a786	N	85d3c7472d9f	dbdbbc7a0086	2	dbdbbc7a0086	1	dbdbbc7a0086	2	4	E0387	4	E0387
dbe526a6a452	7	48,49,2,1	rules_n7.tsv,rules_n7_a256.tsv	rules_n7.tsv=1,rules_n7_a256.tsv=1	9fdfb0647d6f	Y	00ac76d7481c	N	ed9473c483e3	9fdfb0647d6f	2	dbe526a6a452	1	9fdfb0647d6f	2	1	E0336	1	E0336
dc0416c80bc5	7	96,96,0,0	rules_n7.tsv,rules_n7_a256.tsv	rules_n7.tsv=2,rules_n7_a256.tsv=2	afb4c322ff24	Y	dc0416c80bc5	Y	afb4c322ff24	afb4c322ff24	2	dc0416c80bc5	1	afb4c322ff24	2	2	E0357	2	E0357
dc2afaae0ced	7	132,132,0,0	rules_n7_a4840_gen2.tsv	rules_n7_a4840_gen2.tsv=1	1ff5160db856	Y	bcd93c73054b	N	e1370d0dcbc7	1ff5160db856	2	dc2afaae0ced	1	1ff5160db856	2	8	E0088	8	E0088
dc5f150968a2	7	156,156,0,0	rules_n7_a4840_gen2.tsv	rules_n7_a4840_gen2.tsv=1	94b0710c21f2	Y	f0315d3d0817	Y	b064367f901c	94b0710c21f2	2	dc5f150968a2	2	94b0710c21f2	4	2	E0318	2	E0318
dc828d360c42	7	25,25,2,2	rules_n7_a4840_gen2.tsv	rules_n7_a4840_gen2.tsv=1	874bbd84a9b5	Y	6122b9cf63a1	N	8cc6681ea0a7	874bbd84a9b5	2	dc828d360c42	1	874bbd84a9b5	2	2	E0294	2	E0294
dcabc927a335	7	132,132,0,0	rules_n7_a4840_gen2.tsv	rules_n7_a4840_gen2.tsv=1	b3530b0fdb4c	Y	65e6ee3248d6	Y	c589e2232376	b3530b0fdb4c	2	65e6ee3248d6	2	65e6ee3248d6	4	4	E0242	4	E0242
dd454bcc3c5a	7	60,60,0,0	rules_n7_a4840_band200.tsv	rules_n7_a4840_band200.tsv=1	f5542aa46bd8	Y	bbf1b4974173	Y	427e8cc7a808	dd454bcc3c5a	2	bbf1b4974173	2	427e8cc7a808	4	4	E0173	4	E0173
ddc1e5a5e22d	7	96,96,0,0	rules_n7_a4840_gen2.tsv	rules_n7_a4840_gen2.tsv=2	f33f447ada52	Y	55ffa2483570	N	81d55fd80a98	ddc1e5a5e22d	2	ddc1e5a5e22d	1	ddc1e5a5e22d	2	4	E0388	4	E0388
ddefe5f1daa4	7	156,156,0,0	rules_n7_a4840_gen2.tsv	rules_n7_a4840_gen2.tsv=1	8562c2351bec	Y	405b7c3d3a0f	Y	ff1349883d98	8562c2351bec	2	405b7c3d3a0f	2	405b7c3d3a0f	4	2	E0170	2	E0170
ddf5bfe474bf	7	60,60,0,0	rules_n7_a4840_band200.tsv	rules_n7_a4840_band200.tsv=3	ebdcc2d4d36c	Y	6f1f928d97b6	N	d6dfa1cb2ec2	ddf5bfe474bf	2	ddf5bfe474bf	1	ddf5bfe474bf	2	8	E0389	8	E0389
de09595a70f4	7	48,48,0,0	rules_n7_a4840_gen2.tsv	rules_n7_a4840_gen2.tsv=5	6d61e25e2762	Y	f750d770cbe2	N	708a0040633c	6d61e25e2762	2	de09595a70f4	1	6d61e25e2762	2	8	E0256	8	E0256
de447a54d5c6	7	180,180,0,0	rules_n7_a4840_band200.tsv	rules_n7_a4840_band200.tsv=1	4afb5e5acf86	Y	6e9ca009deac	N	7249a5abd764	4afb5e5acf86	2	de447a54d5c6	1	4afb5e5acf86	2	4	E0192	4	E0192
defc0816dfd5	7	72,72,0,0	rules_n7_a4840_gen2.tsv	rules_n7_a4840_gen2.tsv=7	7e00c873941d	Y	9fa7d29857ec	N	b02b5f8c2f86	7e00c873941d	2	defc0816dfd5	1	7e00c873941d	2	8	E0278	8	E0278
df07b5dbb378	7	132,132,0,0	rules_n7_a4840_gen2.tsv	rules_n7_a4840_gen2.tsv=1	bbd8011c82a9	Y	b33afc4539f0	Y	19278553942a	bbd8011c82a9	2	b33afc4539f0	2	19278553942a	4	4	E0066	4	E0066
df712ba91fb7	7	72,72,0,0	rules_n7_a4840_gen2.tsv	rules_n7_a4840_gen2.tsv=6	d5d134bba086	Y	a57d75e9e70e	N	d49caa8b6af0	d5d134bba086	2	df712ba91fb7	1	d5d134bba086	2	8	E0384	8	E0384
e03995ff4434	7	168,168,0,0	rules_n7_a4840_band200.tsv	rules_n7_a4840_band200.tsv=1	0f1e40b2bfba	Y	fb2b0e80d8ee	N	9b165768fe85	0f1e40b2bfba	2	e03995ff4434	1	0f1e40b2bfba	2	2	E0041	2	E0041
e05f876a6f8d	7	144,144,0,0	rules_n7_a4840_band200.tsv	rules_n7_a4840_band200.tsv=1	c570f33b6777	Y	459e415405fc	N	06f44e4230eb	c570f33b6777	2	e05f876a6f8d	1	c570f33b6777	2	4	E0373	4	E0373
e086d3c2a7ab	7	48,48,0,0	rules_n7_a4840_gen2.tsv	rules_n7_a4840_gen2.tsv=3	2e183a958884	Y	96765641390e	N	9f0931e3b065	2e183a958884	2	e086d3c2a7ab	1	2e183a958884	2	4	E0126	4	E0126
e0ba5cd5244d	7	198,198,0,0	rules_n7_a4840_gen2.tsv	rules_n7_a4840_gen2.tsv=1	27db135a20ba	Y	689cbbb0422e	N	1d839add1464	27db135a20ba	2	e0ba5cd5244d	1	27db135a20ba	2	4	E0108	4	E0108
e0be9b4548fa	7	198,198,0,0	rules_n7_a4840_gen2.tsv	rules_n7_a4840_gen2.tsv=1	573b5918fcfd	Y	186b083e370a	N	04b8bbb8ec5d	573b5918fcfd	2	e0be9b4548fa	1	573b5918fcfd	2	4	E0217	4	E0217
e102740b5841	7	156,156,0,0	rules_n7_a4840_gen2.tsv	rules_n7_a4840_gen2.tsv=1	399155bb1069	Y	5a8c41d2ff5e	Y	b63310b11815	399155bb1069	2	5a8c41d2ff5e	2	399155bb1069	4	2	E0149	2	E0149
e1065cfc01db	7	72,72,0,0	rules_n7_a4840_gen2.tsv	rules_n7_a4840_gen2.tsv=2	3c4631c5867a	Y	3b39eae7f56d	N	27e85a76f8d8	3c4631c5867a	2	e1065cfc01db	1	3c4631c5867a	2	8	E0159	8	E0159
e180ae0b1895	7	25,25,2,2	rules_n7_a4840_gen2.tsv	rules_n7_a4840_gen2.tsv=1	09857047dc88	Y	03fdc512b020	N	83d866bb4dcf	09857047dc88	2	e180ae0b1895	1	09857047dc88	2	2	E0025	2	E0025
e1d1870a78cd	7	72,72,0,0	rules_n7_a4840_gen2.tsv	rules_n7_a4840_gen2.tsv=4	7f04bb1041b3	Y	1c8c752ed5af	N	9fe4e634229e	7f04bb1041b3	2	e1d1870a78cd	1	7f04bb1041b3	2	10	E0279	10	E0279
e1f44691aec8	7	72,72,0,0	rules_n7_a4840_gen2.tsv	rules_n7_a4840_gen2.tsv=2	ceaf9e8f25f1	Y	f929134a1b76	Y	2385661fb60e	ceaf9e8f25f1	2	e1f44691aec8	2	2385661fb60e	4	4	E0098	4	E0098
e2381e7cebff	7	96,96,0,0	rules_n7_a4840_gen2.tsv	rules_n7_a4840_gen2.tsv=1	90ec4efba5a6	Y	8eced2d12b8b	N	079943fb5a5f	90ec4efba5a6	2	e2381e7cebff	1	90ec4efba5a6	2	4	E0311	4	E0311
e26634da2f8e	7	300,300,0,0	rules_n7_a4840_gen2.tsv	rules_n7_a4840_gen2.tsv=1	80502d87428e	Y	7af2a8619dad	N	7961bf342b1e	80502d87428e	2	e26634da2f8e	1	80502d87428e	2	1	E0281	1	E0281
e274eb8a1d46	7	192,192,0,0	rules_n7_a4840_band200.tsv	rules_n7_a4840_band200.tsv=1	d04f36d11055	Y	62bd189eae26	N	f56e83659124	d04f36d11055	2	e274eb8a1d46	1	d04f36d11055	2	2	E0379	2	E0379
e27783cacfbe	7	456,462,9,3	rules_n7_a256.tsv,rules_n7_a4840_gen2.tsv	rules_n7_a256.tsv=1,rules_n7_a4840_gen2.tsv=1	c1f09ce0386f	Y	e27783cacfbe	Y	c1f09ce0386f	c1f09ce0386f	2	e27783cacfbe	1	c1f09ce0386f	2	1	E0369	1	E0369
e29b2ab073c4	7	48,48,0,0	rules_n7_a4840_gen2.tsv	rules_n7_a4840_gen2.tsv=2	5f12a02d1321	Y	7a77bafb75de	N	638d297a119f	5f12a02d1321	2	e29b2ab073c4	1	5f12a02d1321	2	4	E0231	4	E0231
e2a2c6dd2c41	7	48,48,0,0	rules_n7_a4840_gen2.tsv	rules_n7_a4840_gen2.tsv=5	6c91c41eaa3d	Y	30d793431b05	N	fed32e0553ef	6c91c41eaa3d	2	e2a2c6dd2c41	1	6c91c41eaa3d	2	8	E0255	8	E0255
e30ae9185786	7	336,336,0,0	rules_n7_a4840_gen2.tsv	rules_n7_a4840_gen2.tsv=1	76eea8394053	Y	c03a031dae23	N	6ce22cd227d3	76eea8394053	2	e30ae9185786	1	76eea8394053	2	1	E0269	1	E0269
e311a814616f	7	60,60,0,0	rules_n7_a4840_band200.tsv	rules_n7_a4840_band200.tsv=2	15c816659d45	Y	c0c8e59eccb8	N	947ec684036e	15c816659d45	2	e311a814616f	1	15c816659d45	2	4	E0059	4	E0059
e332743d8318	7	72,72,0,0	rules_n7_a4840_gen2.tsv	rules_n7_a4840_gen2.tsv=7	92782df6e5d5	Y	f7c7c67e39ea	N	0d9fdc176d80	92782df6e5d5	2	e332743d8318	1	92782df6e5d5	2	8	E0314	8	E0314
e398e9782d7a	7	414,408,3,9	rules_n7_a256.tsv,rules_n7_a4840_gen2.tsv	rules_n7_a256.tsv=1,rules_n7_a4840_gen2.tsv=1	9dd6fedb3d36	Y	e398e9782d7a	Y	9dd6fedb3d36	9dd6fedb3d36	2	e398e9782d7a	1	9dd6fedb3d36	2	1	E0334	1	E0334
e3da64e6da9b	7	36,36,0,0	rules_n7_a4840_band200.tsv	rules_n7_a4840_band200.tsv=3	3f4b1bcb6fa8	Y	5166d6e62e75	Y	151c9d94814a	3f4b1bcb6fa8	2	5166d6e62e75	2	151c9d94814a	4	8	E0057	8	E0057
e3f3df959f86	7	48,48,0,0	rules_n7.tsv,rules_n7_a256.tsv	rules_n7.tsv=1,rules_n7_a256.tsv=1	eadd103a98f5	Y	e3f3df959f86	Y	eadd103a98f5	e3f3df959f86	2	e3f3df959f86	1	e3f3df959f86	2	1	E0390	1	E0390
e43c9981a5c7	7	84,84,0,0	rules_n7_a4840_band200.tsv	rules_n7_a4840_band200.tsv=2	a1764f88e216	Y	2d24565ba55d	N	de1067c96ed0	a1764f88e216	2	e43c9981a5c7	1	a1764f88e216	2	4	E0339	4	E0339
e491b3145c5e	7	72,72,0,0	rules_n7_a4840_gen2.tsv	rules_n7_a4840_gen2.tsv=1	8e3fa11cbde7	Y	b3da9797d9df	N	91e736eb6ded	8e3fa11cbde7	2	e491b3145c5e	1	8e3fa11cbde7	2	8	E0304	8	E0304
e4f91f85dba6	7	516,510,3,9	rules_n7_a4840_band200.tsv	rules_n7_a4840_band200.tsv=1	ed9520205b56	Y	66c8414997aa	N	1b032f177ca1	e4f91f85dba6	2	e4f91f85dba6	1	e4f91f85dba6	2	1	E0391	1	E0391
e5001e80d3d0	7	510,504,3,9	rules_n7_a4840_band200.tsv	rules_n7_a4840_band200.tsv=1	7ba96ea7958d	Y	9e3da3f72f27	N	2ef478951260	7ba96ea7958d	2	e5001e80d3d0	1	7ba96ea7958d	2	1	E0274	1	E0274
e50393a8ba1d	7	60,60,0,0	rules_n7_a4840_band200.tsv	rules_n7_a4840_band200.tsv=2	bd508e5023d8	Y	ee790447f3dc	N	eac04a15559b	bd508e5023d8	2	e50393a8ba1d	1	bd508e5023d8	2	8	E0366	8	E0366
e514edc300b2	7	504,498,3,9	rules_n7_a4840_gen2.tsv	rules_n7_a4840_gen2.tsv=1	c4825905c44d	Y	5f573e2b11ab	N	96f66130ac04	c4825905c44d	2	e514edc300b2	1	c4825905c44d	2	1	E0372	1	E0372
e519019a83be	7	474,480,9,3	rules_n7_a4840_gen2.tsv	rules_n7_a4840_gen2.tsv=1	ff68ba5bd26e	Y	ff93fdaff792	N	3f86c11528b5	e519019a83be	2	e519019a83be	1	e519019a83be	2	1	E0392	1	E0392
e5adb9d02203	7	180,180,0,0	rules_n7_a256.tsv,rules_n7_a4840_gen2.tsv	rules_n7_a256.tsv=1,rules_n7_a4840_gen2.tsv=1	a30f47d5ff89	Y	e5adb9d02203	Y	a30f47d5ff89	a30f47d5ff89	2	e5adb9d02203	1	a30f47d5ff89	2	1	E0340	1	E0340
e616c3f821ef	7	48,48,0,0	rules_n7_a4840_gen2.tsv	rules_n7_a4840_gen2.tsv=28	e616c3f821ef	Y	cb5981e684d5	N	cb5981e684d5	e616c3f821ef	1	e616c3f821ef	1	e616c3f821ef	1	16	E0393	16	E0393
e6a2ec270f5f	7	84,84,0,0	rules_n7_a4840_band200.tsv	rules_n7_a4840_band200.tsv=1	3830c1bb282a	Y	0e6ecb53511a	N	e55a28cc9161	3830c1bb282a	2	e6a2ec270f5f	1	3830c1bb282a	2	4	E0144	4	E0144
e6d89f3f0d4c	7	84,84,0,0	rules_n7_a4840_band200.tsv	rules_n7_a4840_band200.tsv=1	2c06ce315361	Y	6e0964416fff	N	e3d94bfb7ed4	2c06ce315361	2	e6d89f3f0d4c	1	2c06ce315361	2	4	E0120	4	E0120
e6f4fad41ed1	7	174,174,0,0	rules_n7_a4840_gen2.tsv	rules_n7_a4840_gen2.tsv=1	8ba4f5a756dd	Y	c6a27c8272a0	N	c7461913e54e	8ba4f5a756dd	2	e6f4fad41ed1	1	8ba4f5a756dd	2	4	E0301	4	E0301
e710971edcbf	7	510,516,9,3	rules_n7_a4840_band200.tsv	rules_n7_a4840_band200.tsv=1	49a13c4700c6	Y	1048df64e30e	N	9841ecb691a5	49a13c4700c6	2	e710971edcbf	1	49a13c4700c6	2	1	E0188	1	E0188
e76c9c894e18	7	186,186,0,0	rules_n7_a4840_band200.tsv	rules_n7_a4840_band200.tsv=1	41dfe21e6c1c	Y	10d9356778da	N	c95a5ca12670	41dfe21e6c1c	2	e76c9c894e18	1	41dfe21e6c1c	2	2	E0172	2	E0172
e77bc6cdc11d	7	144,144,0,0	rules_n7_a4840_band200.tsv	rules_n7_a4840_band200.tsv=1	d4cb09a1314f	Y	93352fc45ef7	N	f18cc7fff8f0	d4cb09a1314f	2	e77bc6cdc11d	1	d4cb09a1314f	2	4	E0382	4	E0382
e7dc2a75bdd1	7	96,96,0,0	rules_n7_a4840_band200.tsv	rules_n7_a4840_band200.tsv=1	956664d3c1bd	Y	f67501a226fd	N	957d7e451214	956664d3c1bd	2	e7dc2a75bdd1	1	956664d3c1bd	2	4	E0320	4	E0320
e8010fda4ae9	7	126,126,0,0	rules_n7_a4840_gen2.tsv	rules_n7_a4840_gen2.tsv=4	90628da2dd0c	Y	1e97b4d2bd18	Y	a9604abeb264	90628da2dd0c	2	1e97b4d2bd18	2	1e97b4d2bd18	4	16	E0083	16	E0083
e83a0f9fb71e	7	450,456,9,3	rules_n7_a4840_band200.tsv	rules_n7_a4840_band200.tsv=1	83c3a7fffd4f	Y	6651d1e1a118	N	8a672ed8e37f	83c3a7fffd4f	2	e83a0f9fb71e	1	83c3a7fffd4f	2	1	E0287	1	E0287
e853ab8baae5	7	174,174,0,0	rules_n7_a4840_gen2.tsv	rules_n7_a4840_gen2.tsv=2	1e48e92e2bca	Y	4cc97a386295	N	0d5dfe410b14	1e48e92e2bca	2	e853ab8baae5	1	1e48e92e2bca	2	8	E0082	8	E0082
e8e466f2309f	7	174,174,0,0	rules_n7_a4840_gen2.tsv	rules_n7_a4840_gen2.tsv=1	82d464ef22d6	Y	659f198c589d	N	547e13ea111a	82d464ef22d6	2	e8e466f2309f	1	82d464ef22d6	2	8	E0285	8	E0285
e91da76c7fc5	7	294,294,0,0	rules_n7_a4840_gen2.tsv	rules_n7_a4840_gen2.tsv=1	f07e9e0f7e65	Y	eb29b3c4d9c5	N	28520657d7fb	e91da76c7fc5	2	e91da76c7fc5	1	e91da76c7fc5	2	1	E0394	1	E0394
e97471679399	7	132,132,0,0	rules_n7_a4840_gen2.tsv	rules_n7_a4840_gen2.tsv=1	7b8c90303ed0	Y	633ce2d3f413	Y	9ca1059f7d02	7b8c90303ed0	2	633ce2d3f413	2	633ce2d3f413	4	4	E0236	4	E0236
e9e6b5ef5278	7	516,522,9,3	rules_n7_a4840_band200.tsv	rules_n7_a4840_band200.tsv=1	2135df7e3613	Y	e9e6b5ef5278	Y	2135df7e3613	2135df7e3613	2	e9e6b5ef5278	1	2135df7e3613	2	1	E0092	1	E0092
e9fe89e56945	7	132,132,0,0	rules_n7_a4840_gen2.tsv	rules_n7_a4840_gen2.tsv=1	d430b91bbd51	Y	cc6f0000205a	Y	bfc9f419917a	d430b91bbd51	2	cc6f0000205a	2	bfc9f419917a	4	4	E0367	4	E0367
ea1ae55099c1	7	48,48,0,0	rules_n7.tsv,rules_n7_a256.tsv,rules_n7_a4840_gen2.tsv	rules_n7.tsv=1,rules_n7_a256.tsv=2,rules_n7_a4840_gen2.tsv=1	cb47d5e063e0	Y	ea1ae55099c1	Y	cb47d5e063e0	cb47d5e063e0	2	ea1ae55099c1	1	cb47d5e063e0	2	3	E0378	3	E0378
ea32ce94656c	7	156,156,0,0	rules_n7_a4840_gen2.tsv	rules_n7_a4840_gen2.tsv=1	05d1006a63d6	Y	94ad22a39ddf	Y	aeff70f41be6	05d1006a63d6	2	94ad22a39ddf	2	05d1006a63d6	4	2	E0016	2	E0016
ea4add0f39cc	7	426,432,9,3	rules_n7_a4840_band200.tsv	rules_n7_a4840_band200.tsv=1	a38b35c5ed1f	Y	a7eb466e4709	N	b24dc7f3c27d	a38b35c5ed1f	2	ea4add0f39cc	1	a38b35c5ed1f	2	1	E0343	1	E0343
ea8249f11315	7	270,270,0,0	rules_n7_a4840_gen2.tsv	rules_n7_a4840_gen2.tsv=1	3cebc7fa9384	Y	c0022cc65134	N	2dfe41ef2c2e	3cebc7fa9384	2	ea8249f11315	1	3cebc7fa9384	2	1	E0161	1	E0161
eac488d036b4	7	474,468,3,9	rules_n7_a4840_gen2.tsv	rules_n7_a4840_gen2.tsv=1	d2af6a5a0526	Y	e169b1f394a9	N	0047e8106d23	d2af6a5a0526	2	eac488d036b4	1	d2af6a5a0526	2	1	E0381	1	E0381
ead8943daa46	7	216,216,0,0	rules_n7_a4840_gen2.tsv	rules_n7_a4840_gen2.tsv=1	dbdbbc7a0086	Y	85d3c7472d9f	N	993c94e0a786	dbdbbc7a0086	2	ead8943daa46	1	dbdbbc7a0086	2	4	E0387	4	E0387
eadd103a98f5	7	48,48,0,0	rules_n7.tsv,rules_n7_a256.tsv	rules_n7.tsv=1,rules_n7_a256.tsv=1	e3f3df959f86	Y	eadd103a98f5	Y	e3f3df959f86	e3f3df959f86	2	eadd103a98f5	1	e3f3df959f86	2	1	E0390	1	E0390
eb52f3b0f67b	7	150,150,0,0	rules_n7_a4840_gen2.tsv	rules_n7_a4840_gen2.tsv=1	374c09e1b5b9	Y	b4efa7448106	N	94091abb441a	374c09e1b5b9	2	eb52f3b0f67b	1	374c09e1b5b9	2	8	E0142	8	E0142
eb70d1e95c8b	7	48,48,0,0	rules_n7.tsv,rules_n7_a256.tsv,rules_n7_a4840_gen2.tsv	rules_n7.tsv=5,rules_n7_a256.tsv=5,rules_n7_a4840_gen2.tsv=2	8a34ad08d7c8	Y	eb70d1e95c8b	Y	8a34ad08d7c8	8a34ad08d7c8	2	eb70d1e95c8b	1	8a34ad08d7c8	2	7	E0298	7	E0298
eb8331df9ee8	7	144,144,0,0	rules_n7_a256.tsv,rules_n7_a4840_gen2.tsv	rules_n7_a256.tsv=1,rules_n7_a4840_gen2.tsv=4	af945ab938fd	Y	eb8331df9ee8	Y	af945ab938fd	af945ab938fd	2	eb8331df9ee8	1	af945ab938fd	2	10	E0356	10	E0356
eb92f835e1a8	7	72,72,0,0	rules_n7_a4840_band200.tsv	rules_n7_a4840_band200.tsv=1	03e7dfb21adb	Y	8a1d5cab0186	N	a8b42706a97e	03e7dfb21adb	2	eb92f835e1a8	1	03e7dfb21adb	2	2	E0011	2	E0011
ebacd04c78bb	7	168,168,0,0	rules_n7_a4840_band200.tsv	rules_n7_a4840_band200.tsv=1	687cb1131075	Y	24e6b2e7cdab	N	5e2b629e006d	687cb1131075	2	ebacd04c78bb	1	687cb1131075	2	2	E0246	2	E0246
ebdcc2d4d36c	7	60,60,0,0	rules_n7_a4840_band200.tsv	rules_n7_a4840_band200.tsv=3	ddf5bfe474bf	Y	d6dfa1cb2ec2	N	6f1f928d97b6	ddf5bfe474bf	2	ebdcc2d4d36c	1	ddf5bfe474bf	2	8	E0389	8	E0389
ec8aeb81c478	7	132,132,0,0	rules_n7_a4840_gen2.tsv	rules_n7_a4840_gen2.tsv=2	9e9d1fddba16	Y	3a296520ca00	Y	53ccd5171863	9e9d1fddba16	2	3a296520ca00	2	3a296520ca00	4	4	E0156	4	E0156
eca15bf05f3f	7	84,84,0,0	rules_n7_a4840_band200.tsv	rules_n7_a4840_band200.tsv=2	c442200796dc	Y	ac73103901ff	N	c9190e1e9fc4	c442200796dc	2	eca15bf05f3f	1	c442200796dc	2	4	E0371	4	E0371
ecad0e65a5d2	7	72,72,0,0	rules_n7_a4840_gen2.tsv	rules_n7_a4840_gen2.tsv=2	44bac1587ba9	Y	fd05fd8725f2	N	a334d94e4000	44bac1587ba9	2	ecad0e65a5d2	1	44bac1587ba9	2	8	E0179	8	E0179
ecf03ddecbed	7	168,168,0,0	rules_n7_a4840_gen2.tsv	rules_n7_a4840_gen2.tsv=1	b4bd6f395a25	Y	301edc2eb297	N	c899bfc3e3a3	b4bd6f395a25	2	ecf03ddecbed	1	b4bd6f395a25	2	8	E0360	8	E0360
ed253872391f	7	48,48,0,0	rules_n7_a4840_band200.tsv	rules_n7_a4840_band200.tsv=1	ed848d363ac9	Y	ed253872391f	Y	ed848d363ac9	ed253872391f	2	ed253872391f	1	ed253872391f	2	1	E0395	1	E0395
ed39c8e00437	7	156,156,0,0	rules_n7_a4840_gen2.tsv	rules_n7_a4840_gen2.tsv=1	b084b8ac8244	Y	566247c9db1e	Y	31a6811f7e37	b084b8ac8244	2	566247c9db1e	2	31a6811f7e37	4	2	E0133	2	E0133
ed848d363ac9	7	48,48,0,0	rules_n7_a4840_band200.tsv	rules_n7_a4840_band200.tsv=1	ed253872391f	Y	ed848d363ac9	Y	ed253872391f	ed253872391f	2	ed848d363ac9	1	ed253872391f	2	1	E0395	1	E0395
ed9520205b56	7	510,516,9,3	rules_n7_a4840_band200.tsv	rules_n7_a4840_band200.tsv=1	e4f91f85dba6	Y	1b032f177ca1	N	66c8414997aa	e4f91f85dba6	2	ed9520205b56	1	e4f91f85dba6	2	1	E0391	1	E0391
ef2d70e4fcf5	7	132,132,0,0	rules_n7_a4840_gen2.tsv	rules_n7_a4840_gen2.tsv=2	6a6961005e6e	Y	cf7caaa9c7fc	Y	af2802484319	6a6961005e6e	2	cf7caaa9c7fc	2	6a6961005e6e	4	4	E0250	4	E0250
f0315d3d0817	7	156,156,0,0	rules_n7_a4840_gen2.tsv	rules_n7_a4840_gen2.tsv=1	b064367f901c	Y	dc5f150968a2	Y	94b0710c21f2	b064367f901c	2	dc5f150968a2	2	94b0710c21f2	4	2	E0318	2	E0318
f07e9e0f7e65	7	294,294,0,0	rules_n7_a4840_gen2.tsv	rules_n7_a4840_gen2.tsv=1	e91da76c7fc5	Y	28520657d7fb	N	eb29b3c4d9c5	e91da76c7fc5	2	f07e9e0f7e65	1	e91da76c7fc5	2	1	E0394	1	E0394
f08b1ddb7e4d	7	84,84,0,0	rules_n7_a4840_band200.tsv	rules_n7_a4840_band200.tsv=1	0fa419c2f08b	Y	ad722827887b	N	e87ff386b2bc	0fa419c2f08b	2	f08b1ddb7e4d	1	0fa419c2f08b	2	4	E0044	4	E0044
f0ace59fbec2	7	276,276,0,0	rules_n7_a256.tsv,rules_n7_a4840_gen2.tsv	rules_n7_a256.tsv=1,rules_n7_a4840_gen2.tsv=1	6bef45ce8a91	Y	f0ace59fbec2	Y	6bef45ce8a91	6bef45ce8a91	2	f0ace59fbec2	1	6bef45ce8a91	2	1	E0252	1	E0252
f0b55e37fe22	7	72,72,0,0	rules_n7_a4840_gen2.tsv	rules_n7_a4840_gen2.tsv=1	0639dfc60058	Y	06cdae9055d7	N	f12ed6f83d92	0639dfc60058	2	f0b55e37fe22	1	0639dfc60058	2	8	E0020	8	E0020
f1af17db564a	7	48,49,2,1	rules_n7_a256.tsv,rules_n7_a4840_gen2.tsv	rules_n7_a256.tsv=1,rules_n7_a4840_gen2.tsv=1	d84249ff102d	Y	0e791bdb525f	N	28ed8eeaeaf9	d84249ff102d	2	f1af17db564a	1	d84249ff102d	2	1	E0386	1	E0386
f1f39aaf528e	7	174,174,0,0	rules_n7_a4840_gen2.tsv	rules_n7_a4840_gen2.tsv=1	487b3aecfeb2	Y	f92d3b1c3ed7	N	d9d08fb76f35	487b3aecfeb2	2	f1f39aaf528e	1	487b3aecfeb2	2	4	E0185	4	E0185
f2cd8c1f4d2e	7	168,168,0,0	rules_n7_a4840_gen2.tsv	rules_n7_a4840_gen2.tsv=1	8504a603e291	Y	f6829c8ed99e	N	2a65b364f9a9	8504a603e291	2	f2cd8c1f4d2e	1	8504a603e291	2	8	E0290	8	E0290
f2d86811e9c1	7	504,510,9,3	rules_n7_a4840_band200.tsv	rules_n7_a4840_band200.tsv=1	95231b155960	Y	f2d86811e9c1	Y	95231b155960	95231b155960	2	f2d86811e9c1	1	95231b155960	2	1	E0319	1	E0319
f2e392111776	7	96,96,0,0	rules_n7_a4840_gen2.tsv	rules_n7_a4840_gen2.tsv=1	3feefa303e8d	Y	e84f4ed9e753	N	bde7c041799d	3feefa303e8d	2	f2e392111776	1	3feefa303e8d	2	4	E0167	4	E0167
f33f447ada52	7	96,96,0,0	rules_n7_a4840_gen2.tsv	rules_n7_a4840_gen2.tsv=2	ddc1e5a5e22d	Y	81d55fd80a98	N	55ffa2483570	ddc1e5a5e22d	2	f33f447ada52	1	ddc1e5a5e22d	2	4	E0388	4	E0388
f3530a9a4032	7	48,48,0,0	rules_n7_a4840_gen2.tsv	rules_n7_a4840_gen2.tsv=1	b4f13531d2e2	Y	a5214c898b1c	Y	033afc57097e	b4f13531d2e2	2	a5214c898b1c	2	033afc57097e	4	8	E0008	8	E0008
f4276d62e543	7	48,48,0,0	rules_n7_a4840_gen2.tsv	rules_n7_a4840_gen2.tsv=13	2257058c3d2d	Y	987ab10cc3d6	N	43c0b93537e4	2257058c3d2d	2	f4276d62e543	1	2257058c3d2d	2	20	E0097	20	E0097
f489418a0205	7	72,72,0,0	rules_n7_a4840_gen2.tsv	rules_n7_a4840_gen2.tsv=1	156e559f9324	Y	ce5a837cb7dc	N	2a67318b9efd	156e559f9324	2	f489418a0205	1	156e559f9324	2	16	E0058	16	E0058
f491e3e4a3c1	7	180,180,0,0	rules_n7_a4840_gen2.tsv	rules_n7_a4840_gen2.tsv=1	0f5ed4ca9093	Y	e79ec6d38c94	N	9b65ccb0d48c	0f5ed4ca9093	2	f491e3e4a3c1	1	0f5ed4ca9093	2	4	E0042	4	E0042
f4b9a13ff36c	7	162,162,0,0	rules_n7_a4840_band200.tsv	rules_n7_a4840_band200.tsv=2	9c07b36d20b9	Y	437e728faba4	N	c093dc39c533	9c07b36d20b9	2	f4b9a13ff36c	1	9c07b36d20b9	2	4	E0332	4	E0332
f4d01cebfb11	7	84,84,0,0	rules_n7_a4840_band200.tsv	rules_n7_a4840_band200.tsv=1	8fc24bd78fad	Y	09758ee4b40b	N	519698716ca8	8fc24bd78fad	2	f4d01cebfb11	1	8fc24bd78fad	2	2	E0308	2	E0308
f550b887608a	7	72,72,0,0	rules_n7_a4840_gen2.tsv	rules_n7_a4840_gen2.tsv=5	d58953d08832	Y	0a072fe83102	N	5b0ac7cba2b1	d58953d08832	2	f550b887608a	1	d58953d08832	2	8	E0383	8	E0383
f5542aa46bd8	7	60,60,0,0	rules_n7_a4840_band200.tsv	rules_n7_a4840_band200.tsv=1	dd454bcc3c5a	Y	427e8cc7a808	Y	bbf1b4974173	dd454bcc3c5a	2	427e8cc7a808	2	427e8cc7a808	4	4	E0173	4	E0173
f58883230a57	7	408,414,9,3	rules_n7_a4840_gen2.tsv	rules_n7_a4840_gen2.tsv=1	85c16e36c4f2	Y	069a176f67aa	N	553738707e56	85c16e36c4f2	2	f58883230a57	1	85c16e36c4f2	2	1	E0291	1	E0291
f58a0fb1697c	7	48,48,0,0	rules_n7.tsv,rules_n7_a256.tsv	rules_n7.tsv=4,rules_n7_a256.tsv=4	f58a0fb1697c	Y	f58a0fb1697c	Y	f58a0fb1697c	f58a0fb1697c	1	f58a0fb1697c	1	f58a0fb1697c	1	2	E0396	2	E0396
f5cc9fff27f8	7	210,210,0,0	rules_n7_a4840_band200.tsv	rules_n7_a4840_band200.tsv=1	a970d6913215	Y	42aa5faefe0c	N	069c9aca629b	a970d6913215	2	f5cc9fff27f8	1	a970d6913215	2	2	E0349	2	E0349
f5fd978d8b6a	7	180,180,0,0	rules_n7_a256.tsv,rules_n7_a4840_gen2.tsv	rules_n7_a256.tsv=1,rules_n7_a4840_gen2.tsv=1	814f28d8ff6a	Y	f5fd978d8b6a	Y	814f28d8ff6a	814f28d8ff6a	2	f5fd978d8b6a	1	814f28d8ff6a	2	1	E0283	1	E0283
f609e3a8e480	7	162,162,0,0	rules_n7_a4840_band200.tsv	rules_n7_a4840_band200.tsv=1	1fdef8fb9a0a	Y	58afe26c1f8b	N	8ff9f614519b	1fdef8fb9a0a	2	f609e3a8e480	1	1fdef8fb9a0a	2	4	E0087	4	E0087
f64e9f0a8b15	7	132,132,0,0	rules_n7_a4840_gen2.tsv	rules_n7_a4840_gen2.tsv=2	d1a0033e1269	Y	af8282bcbcba	Y	3a101202e00b	d1a0033e1269	2	af8282bcbcba	2	3a101202e00b	4	4	E0155	4	E0155
f66db8d87212	7	72,72,0,0	rules_n7_a4840_gen2.tsv	rules_n7_a4840_gen2.tsv=2	573ebb4e5913	Y	573a94ea6662	N	9db0a4d4fa85	573ebb4e5913	2	f66db8d87212	1	573ebb4e5913	2	8	E0218	8	E0218
f67057a04d42	7	72,72,0,0	rules_n7_a4840_gen2.tsv	rules_n7_a4840_gen2.tsv=2	a6bd3e103a4c	Y	6d77557bf8f2	Y	d2922ca9327a	a6bd3e103a4c	2	6d77557bf8f2	2	6d77557bf8f2	4	4	E0257	4	E0257
f6d440e96d8c	7	96,96,0,0	rules_n7_a4840_gen2.tsv	rules_n7_a4840_gen2.tsv=1	399bec1eb082	Y	eaf224744e02	N	3e6211364c35	399bec1eb082	2	f6d440e96d8c	1	399bec1eb082	2	4	E0150	4	E0150
f730adbbcb07	7	282,282,0,0	rules_n7_a4840_gen2.tsv	rules_n7_a4840_gen2.tsv=1	5591f470dd0d	Y	96effc5ea0b1	N	df035336c154	5591f470dd0d	2	f730adbbcb07	1	5591f470dd0d	2	1	E0213	1	E0213
f76742e7df1c	7	96,96,0,0	rules_n7_a4840_band200.tsv	rules_n7_a4840_band200.tsv=1	9d8393a2cbd2	Y	7236f8234005	N	45e02eb8fd47	9d8393a2cbd2	2	f76742e7df1c	1	9d8393a2cbd2	2	4	E0333	4	E0333
f7a831b9b150	7	420,414,3,9	rules_n7_a4840_gen2.tsv	rules_n7_a4840_gen2.tsv=1	795829b2a5e4	Y	1ca0d6b694e6	N	b23065523d17	795829b2a5e4	2	f7a831b9b150	1	795829b2a5e4	2	1	E0272	1	E0272
f84b983d9afb	7	96,96,0,0	rules_n7_a4840_band200.tsv	rules_n7_a4840_band200.tsv=1	95db9bfc7309	Y	a7b59d8e98d9	N	23c3dfd9a648	95db9bfc7309	2	f84b983d9afb	1	95db9bfc7309	2	4	E0323	4	E0323
f87b924fc4aa	7	48,48,0,0	rules_n7_a4840_gen2.tsv	rules_n7_a4840_gen2.tsv=10	4d9a21b2c945	Y	df1d21e21443	N	7df2e335695d	4d9a21b2c945	2	f87b924fc4aa	1	4d9a21b2c945	2	16	E0200	16	E0200
f901e6cffd9f	7	192,192,0,0	rules_n7_a4840_band200.tsv	rules_n7_a4840_band200.tsv=1	54b7bc1c7a38	Y	f901e6cffd9f	Y	54b7bc1c7a38	54b7bc1c7a38	2	f901e6cffd9f	1	54b7bc1c7a38	2	1	E0210	1	E0210
f91474493bb4	7	306,306,0,0	rules_n7_a4840_gen2.tsv	rules_n7_a4840_gen2.tsv=1	d75e0a7fbcef	Y	6efe6978efdc	N	bf4debf0577b	d75e0a7fbcef	2	f91474493bb4	1	d75e0a7fbcef	2	1	E0385	1	E0385
f929134a1b76	7	72,72,0,0	rules_n7_a4840_gen2.tsv	rules_n7_a4840_gen2.tsv=1	2385661fb60e	Y	e1f44691aec8	Y	ceaf9e8f25f1	2385661fb60e	2	e1f44691aec8	2	2385661fb60e	4	4	E0098	4	E0098
f9ee8b6c0294	7	180,180,0,0	rules_n7_a4840_band200.tsv	rules_n7_a4840_band200.tsv=1	4428d2ecf001	Y	76582ab85bb2	N	c1f8184a0d6d	4428d2ecf001	2	f9ee8b6c0294	1	4428d2ecf001	2	4	E0178	4	E0178
fa53bebb0c07	7	72,72,0,0	rules_n7_a4840_gen2.tsv	rules_n7_a4840_gen2.tsv=1	b7bc7337f220	Y	b6a3fcd4f1c0	N	2649eec76021	b7bc7337f220	2	fa53bebb0c07	1	b7bc7337f220	2	8	E0361	8	E0361
fa9996b118a5	7	168,168,0,0	rules_n7_a4840_gen2.tsv	rules_n7_a4840_gen2.tsv=1	3c7f124adbf2	Y	99acf7a8aea8	N	5b86d9d66678	3c7f124adbf2	2	fa9996b118a5	1	3c7f124adbf2	2	8	E0160	8	E0160
fb1cce8c9de8	7	342,342,0,0	rules_n7_a4840_gen2.tsv	rules_n7_a4840_gen2.tsv=1	a820700838dc	Y	746ee7c26b09	N	6143c1caed1a	a820700838dc	2	fb1cce8c9de8	1	a820700838dc	2	1	E0347	1	E0347
fb50a523fce2	7	48,48,0,0	rules_n7_a4840_gen2.tsv	rules_n7_a4840_gen2.tsv=1	725677205daf	Y	74d503e42116	Y	02397927f53b	725677205daf	2	74d503e42116	2	02397927f53b	4	8	E0005	8	E0005
fb61739cb012	7	72,72,0,0	rules_n7_a4840_gen2.tsv	rules_n7_a4840_gen2.tsv=2	292c02641e63	Y	939426db79b6	Y	a89df6442166	292c02641e63	2	939426db79b6	2	292c02641e63	4	4	E0113	4	E0113
fba50ca54243	7	492,498,9,3	rules_n7_a4840_gen2.tsv	rules_n7_a4840_gen2.tsv=1	0b15336d6103	Y	5714b8440dfe	N	4171453a74ef	0b15336d6103	2	fba50ca54243	1	0b15336d6103	2	1	E0029	1	E0029
fc915925a29e	7	156,156,0,0	rules_n7_a4840_gen2.tsv	rules_n7_a4840_gen2.tsv=1	c600828cb5e3	Y	2a00cff26db3	Y	3ab705716374	c600828cb5e3	2	2a00cff26db3	2	2a00cff26db3	4	2	E0116	2	E0116
fd3d2036ee73	7	36,36,0,0	rules_n7_a4840_band200.tsv	rules_n7_a4840_band200.tsv=5	9ffeb4ce9bae	Y	b260f26c6ab6	N	229b778a9c4d	9ffeb4ce9bae	2	fd3d2036ee73	1	9ffeb4ce9bae	2	16	E0338	16	E0338
fe051e9e8f60	7	432,438,9,3	rules_n7_a4840_band200.tsv	rules_n7_a4840_band200.tsv=1	0c9cc8c1741a	Y	fe051e9e8f60	Y	0c9cc8c1741a	0c9cc8c1741a	2	fe051e9e8f60	1	0c9cc8c1741a	2	1	E0033	1	E0033
fe22f3e91d6f	7	174,174,0,0	rules_n7_a4840_band200.tsv	rules_n7_a4840_band200.tsv=1	4fee2fcf1569	Y	e8405f07beda	N	a8ef3764cb72	4fee2fcf1569	2	fe22f3e91d6f	1	4fee2fcf1569	2	4	E0204	4	E0204
fe3e4c3a8938	7	96,96,0,0	rules_n7_a4840_gen2.tsv	rules_n7_a4840_gen2.tsv=3	1fa74a7c6774	Y	2a47a4bc678c	N	c2c615bb1e0c	1fa74a7c6774	2	fe3e4c3a8938	1	1fa74a7c6774	2	4	E0086	4	E0086
feafb676717b	7	426,420,3,9	rules_n7_a4840_gen2.tsv	rules_n7_a4840_gen2.tsv=1	733959bbeaa7	Y	867a77bf11de	N	402eab5bf842	733959bbeaa7	2	feafb676717b	1	733959bbeaa7	2	1	E0261	1	E0261
fecd684a9442	7	72,72,0,0	rules_n7_a4840_gen2.tsv	rules_n7_a4840_gen2.tsv=1	2dcd6251565a	Y	5628d47129ba	N	b03b93912a87	2dcd6251565a	2	fecd684a9442	1	2dcd6251565a	2	16	E0124	16	E0124
fee203226e22	7	186,186,0,0	rules_n7_a4840_band200.tsv	rules_n7_a4840_band200.tsv=1	510b5a794970	Y	a0aabee848de	N	45dfb6f2d278	510b5a794970	2	fee203226e22	1	510b5a794970	2	2	E0205	2	E0205
ff1349883d98	7	156,156,0,0	rules_n7_a4840_gen2.tsv	rules_n7_a4840_gen2.tsv=1	405b7c3d3a0f	Y	8562c2351bec	Y	ddefe5f1daa4	405b7c3d3a0f	2	8562c2351bec	2	405b7c3d3a0f	4	2	E0170	2	E0170
ff37ff3f6ef2	7	192,192,0,0	rules_n7_a4840_gen2.tsv	rules_n7_a4840_gen2.tsv=1	1293f7787f8a	Y	6c869d93b549	N	298312fd1761	1293f7787f8a	2	ff37ff3f6ef2	1	1293f7787f8a	2	4	E0050	4	E0050
ff4cfd62723a	7	138,138,0,0	rules_n7_a4840_band200.tsv	rules_n7_a4840_band200.tsv=2	8709489b69c1	Y	279bcba663d9	Y	709cf47fa2d3	8709489b69c1	2	279bcba663d9	2	279bcba663d9	4	4	E0104	4	E0104
ff68ba5bd26e	7	480,474,3,9	rules_n7_a4840_gen2.tsv	rules_n7_a4840_gen2.tsv=1	e519019a83be	Y	3f86c11528b5	N	ff93fdaff792	e519019a83be	2	ff68ba5bd26e	1	e519019a83be	2	1	E0392	1	E0392
ff97c0cddd5f	7	96,96,0,0	rules_n7_a4840_gen2.tsv	rules_n7_a4840_gen2.tsv=3	c8a9fa3f5fe4	Y	d4230d1be742	N	6b8af42b521a	c8a9fa3f5fe4	2	ff97c0cddd5f	1	c8a9fa3f5fe4	2	4	E0376	4	E0376
ffee627b3f58	7	132,132,0,0	rules_n7_a256.tsv,rules_n7_a4840_gen2.tsv	rules_n7_a256.tsv=2,rules_n7_a4840_gen2.tsv=3	72b83588e07a	Y	ffee627b3f58	Y	72b83588e07a	72b83588e07a	2	ffee627b3f58	1	72b83588e07a	2	3	E0260	3	E0260
ffee84a6f2e4	7	318,318,0,0	rules_n7_a4840_gen2.tsv	rules_n7_a4840_gen2.tsv=1	61425d36b790	Y	9aa088f919b7	N	d721819e7d6d	61425d36b790	2	ffee84a6f2e4	1	61425d36b790	2	1	E0233	1	E0233
fffe585f92c4	7	120,120,0,0	rules_n7_a4840_band200.tsv	rules_n7_a4840_band200.tsv=2	b0e623c58504	Y	fffe585f92c4	Y	b0e623c58504	b0e623c58504	2	fffe585f92c4	1	b0e623c58504	2	3	E0358	3	E0358
