rule_id	n	ents_out	ents_in	doors_out	doors_in	n_pairs	sigs	example_pair
2c806c1bf6e3	7	1234765,1237465,1273465,1465273,1465723,1467523,1476523,1723465,2146573,2146753,2147653,2346175,2347615,2374615,2714653,2734615,3461275,3461725,3476125,3746125,4612375,4612735,4617235,4652713,4657213,4675213,4761235,4765213,5214673,5214763,5271463,5721463,6123475,6123745,6127345,6172345,6521473,6527143,6572143,6752143,7146523,7214653,7234615,7346125,7461235,7521463,7612345,7652143	1234567,1235467,1253467,1436527,1463527,1465237,1465327,1523467,2143657,2146357,2146537,2314657,2345617,2346157,2354617,2534617,3146527,3214657,3456127,3461257,3461527,3521467,3546127,3652147,4365217,4561237,4612357,4612537,4615237,4635217,4652317,4653217,5214367,5214637,5231467,5234617,5321467,5346127,5461237,5612347,6123457,6123547,6125347,6152347,6352147,6521437,6523147,6532147			10	085a8c9480ab,6b987d477796,f728a0379f47	5906.up-e948752d6a32.txt~5906.up-eebb02e3baec.txt
7c2769543fc5	7	1234567,1235467,1253467,1436527,1463527,1465237,1465327,1523467,2143657,2146357,2146537,2314657,2345617,2346157,2354617,2534617,3146527,3214657,3456127,3461257,3461527,3521467,3546127,3652147,4365217,4561237,4612357,4612537,4615237,4635217,4652317,4653217,5214367,5214637,5231467,5234617,5321467,5346127,5461237,5612347,6123457,6123547,6125347,6152347,6352147,6521437,6523147,6532147	1234765,1237465,1273465,1465273,1465723,1467523,1476523,1723465,2146573,2146753,2147653,2346175,2347615,2374615,2714653,2734615,3461275,3461725,3476125,3746125,4612375,4612735,4617235,4652713,4657213,4675213,4761235,4765213,5214673,5214763,5271463,5721463,6123475,6123745,6127345,6172345,6521473,6527143,6572143,6752143,7146523,7214653,7234615,7346125,7461235,7521463,7612345,7652143			10	085a8c9480ab,6b987d477796,f728a0379f47	5906.up-e948752d6a32.txt~5906.up-eebb02e3baec.txt
65d9c5d02da1	7	1234765,1237654,1243765,1247365,1247635,1324765,1425763,1427563,1427653,1432567,1452763,1527364,1542763,2347615,2376514,2437615,2473615,2476135,2476315,2547631,2561437,2576143,2736154,2756143,2761453,2761543,2765143,3124765,3247615,3254761,3256147,3476125,3612475,3615274,3761245,3765124,4257613,4275613,4276153,4276513,4325617,4376125,4527613,4736125,4761235,4761325,4763125,4763251,5123764,5142763,5273614,5276143,5427613,5476321,5614273,5614327,5761423,6123475,6124375,6124735,6132475,6142573,6142753,6143257,6145273,6152734,6154273,6312475,6325471,6512374,6514273,7361245,7361524,7561423,7612345,7612435,7613245,7614253,7614523,7615423,7631245,7632541,7651234,7651423	1234567,1245763,1247563,1247653,1254763,1342765,1423765,1427365,1427635,1432765,1437652,1524763,1547362,2345617,2376145,2457613,2475613,2476153,2476513,2547613,2736145,2761345,2761435,2763145,2763451,3142765,3276145,3427615,3452761,3456127,3614275,3615472,3761425,3765142,4237615,4273615,4276135,4276315,4327615,4376512,4527631,4561237,4576123,4736152,4756123,4761253,4761523,4765123,5124763,5143762,5247613,5276341,5473612,5476123,5612347,5612473,5761243,6123457,6124573,6124753,6125473,6134275,6142375,6142735,6143275,6152473,6154732,6314275,6345271,6512473,6514372,7361425,7361542,7561243,7612453,7612543,7613425,7614235,7614325,7615243,7631425,7634521,7651243,7651432			8	b1fc4d347f2b,f1152fecff0d	5906.up-0a065898a821.txt~5906.up-6597315411ea.txt
8a34ad08d7c8	7	1234765,1237465,1273465,1426375,1462375,1463275,1463725,1723465,2146375,2346175,2347615,2371465,2374615,2637145,2714635,2734615,3271465,3461275,3461725,3476125,3714265,3714625,3721465,3746125,4263715,4612375,4612735,4617235,4623715,4632715,4637215,4761235,6123475,6123745,6127345,6172345,6237145,6327145,6371425,6372145,7142635,7146235,7146325,7214635,7234615,7346125,7461235,7612345	1234567,1235467,1253467,1456372,1463572,1463752,1465372,1523467,2345617,2346157,2354617,2534617,3456127,3461257,3461527,3546127,3571462,3714562,3714652,3751462,4561237,4563712,4612357,4612537,4615237,4635712,4637512,4653712,5146372,5234617,5346127,5371462,5461237,5612347,5637142,5714632,6123457,6123547,6125347,6152347,6357142,6371452,6375142,6537142,7145632,7146352,7146532,7514632			5	29d87a06d747,8101d56940c4,f7611e935104	5906.up-c3afee7ed153.txt~5906.up-c63a66adbc60.txt
eb70d1e95c8b	7	1234567,1235467,1253467,1456372,1463572,1463752,1465372,1523467,2345617,2346157,2354617,2534617,3456127,3461257,3461527,3546127,3571462,3714562,3714652,3751462,4561237,4563712,4612357,4612537,4615237,4635712,4637512,4653712,5146372,5234617,5346127,5371462,5461237,5612347,5637142,5714632,6123457,6123547,6125347,6152347,6357142,6371452,6375142,6537142,7145632,7146352,7146532,7514632	1234765,1237465,1273465,1426375,1462375,1463275,1463725,1723465,2146375,2346175,2347615,2371465,2374615,2637145,2714635,2734615,3271465,3461275,3461725,3476125,3714265,3714625,3721465,3746125,4263715,4612375,4612735,4617235,4623715,4632715,4637215,4761235,6123475,6123745,6127345,6172345,6237145,6327145,6371425,6372145,7142635,7146235,7146325,7214635,7234615,7346125,7461235,7612345			5	29d87a06d747,8101d56940c4,f7611e935104	5906.up-c3afee7ed153.txt~5906.up-c63a66adbc60.txt
f58a0fb1697c	7	1234567,1235467,1243567,1423567,1623574,1623754,1627354,1672354,2345617,2351674,2354617,2356147,2357164,2375164,2435617,2735164,3456127,3516274,3516724,3546127,3561247,3561427,3571624,3751624,4235617,4356127,4561237,4612357,5162374,5162734,5167234,5461237,5612347,5612437,5614237,5716234,6123457,6123547,6124357,6142357,6235714,6237514,6273514,6723514,7162354,7235164,7351624,7516234	1235764,1237564,1273564,1623457,1623547,1624357,1642357,1723564,2345167,2351647,2354167,2356174,2357614,2375614,2435167,2735614,3451627,3516247,3516427,3541627,3561274,3561724,3576124,3756124,4162357,4235167,4351627,4516237,5162347,5162437,5164237,5416237,5612374,5612734,5617234,5761234,6123574,6123754,6127354,6172354,6234517,6235417,6243517,6423517,7235614,7356124,7561234,7612354			4	809a00b93e2e,b0a57898e37e	5906.up-78d638be95ae.txt~5906.up-e65e244c83d3.txt
6714c4a96bb4	7	1235467,1245763,1247563,1253467,1254367,1254637,1274563,1724563,2354617,2456173,2457613,2475613,2534617,2543617,2546317,2745613,3125467,3461257,3546127,3612547,4361257,4561273,4561723,4576123,4612357,4612537,4631257,4756123,5346127,5436127,5461237,5463127,5612473,5612743,5617243,5761243,6123547,6124573,6124753,6125347,6125437,6127453,6172453,6312547,7245613,7456123,7561243,7612453	1234567,1243567,1245367,1245637,1254763,1257463,1275463,1725463,2345617,2435617,2453617,2456317,2546173,2547613,2574613,2754613,3124567,3456127,3561247,3612457,4356127,4536127,4561237,4563127,4612573,4612753,4617253,4761253,5361247,5461273,5461723,5476123,5612347,5612437,5631247,5746123,6123457,6124357,6124537,6125473,6125743,6127543,6172543,6312457,7254613,7461253,7546123,7612543			4	e42578b72118	5906.up-890b6674bd25.txt~5906.up-d0b9281ca469.txt
d0f1e2321709	7	1236547,1345762,1347562,1362547,1365247,1365427,1374562,1734562,2136547,2365417,2413657,2541367,3456172,3457612,3475612,3625417,3652417,3654127,3654217,3745612,4123657,4136257,4136527,4213657,4561372,4561732,4576132,4756132,5241367,5412367,5413627,5421367,5613472,5613742,5617342,5761342,6134572,6134752,6137452,6173452,6254137,6524137,6541237,6542137,7345612,7456132,7561342,7613452	1234567,1324567,1342567,1345267,1365472,1365742,1367542,1736542,2345617,2456137,2561347,2613457,3245617,3425617,3452617,3456127,3654172,3654712,3657412,3675412,4136572,4136752,4173652,4256137,4526137,4561237,4561327,4713652,5261347,5413672,5417362,5471362,5612347,5613247,5613427,5741362,6123457,6132457,6134257,6134527,6541732,6547132,6574132,6754132,7136542,7365412,7413652,7541362			4	f9468e268727	5906.up-1206598d1ff0.txt~5906.up-6a142cb8e27d.txt
ea1ae55099c1	7	1235764,1237564,1273564,1723564,1735264,1735624,1736524,1763524,2173564,2173654,2176354,2356174,2357614,2375614,2617354,2735614,3521764,3526174,3561274,3561724,3562174,3576124,3652174,3756124,5217364,5217634,5261734,5612374,5612734,5617234,5621734,5761234,6123574,6123754,6127354,6172354,6173524,6217354,6352174,6521734,7235614,7352614,7356124,7356214,7365214,7561234,7612354,7635214	1234567,1235467,1243567,1423567,1734526,1735246,1735426,1743526,2173456,2173546,2174356,2345617,2354617,2356147,2417356,2435617,3452176,3456127,3521746,3524176,3542176,3546127,3561247,3561427,4173526,4217356,4235617,4352176,4356127,4521736,4561237,4612357,5217346,5217436,5241736,5421736,5461237,5612347,5612437,5614237,6123457,6123547,6124357,6142357,7345216,7352416,7354216,7435216			2	0d29c7b8725d,e807ae9e42e0	5906.up-207dc5352d35.txt~5906.up-37ac2db82134.txt
cb47d5e063e0	7	1234567,1235467,1243567,1423567,1734526,1735246,1735426,1743526,2173456,2173546,2174356,2345617,2354617,2356147,2417356,2435617,3452176,3456127,3521746,3524176,3542176,3546127,3561247,3561427,4173526,4217356,4235617,4352176,4356127,4521736,4561237,4612357,5217346,5217436,5241736,5421736,5461237,5612347,5612437,5614237,6123457,6123547,6124357,6142357,7345216,7352416,7354216,7435216	1235764,1237564,1273564,1723564,1735264,1735624,1736524,1763524,2173564,2173654,2176354,2356174,2357614,2375614,2617354,2735614,3521764,3526174,3561274,3561724,3562174,3576124,3652174,3756124,5217364,5217634,5261734,5612374,5612734,5617234,5621734,5761234,6123574,6123754,6127354,6172354,6173524,6217354,6352174,6521734,7235614,7352614,7356124,7356214,7365214,7561234,7612354,7635214			2	0d29c7b8725d,e807ae9e42e0	5906.up-207dc5352d35.txt~5906.up-37ac2db82134.txt
862a0b139699	7	1235764,1237564,1273564,1374652,1536724,1563724,1567234,1567324,1654372,1654732,1675432,1723564,1734652,1746352,1746532,1765432,2153674,2156374,2156734,2315674,2356174,2357614,2375614,2735614,3156724,3165472,3167542,3174652,3176542,3215674,3465172,3517462,3561274,3561724,3576124,3672154,3716542,3721564,3746512,3756124,4316752,4317652,4371652,4635172,4651372,4651732,4653172,4731652,5137462,5173462,5174632,5317462,5367214,5431672,5431762,5437162,5473162,5612374,5612734,5617234,5637214,5672314,5673214,5761234,6123574,6123754,6127354,6172354,6351742,6372154,6513742,6517342,6531742,6543172,6543712,6547312,6721534,6723154,6732154,6754312,7165432,7215364,7215634,7231564,7235614,7316542,7321564,7346512,7356124,7463512,7465132,7465312,7543162,7561234,7612354,7654312	1234567,1235467,1243567,1265437,1274653,1423567,1546723,1564723,1567243,1567423,1625437,1654237,1654327,1724653,1746253,1746523,2154673,2156473,2156743,2165437,2174653,2316547,2345617,2354617,2356147,2415673,2435617,2465173,2517463,2543167,2654317,2746513,3126547,3162547,3165427,3216547,3456127,3546127,3561247,3561427,4156723,4215673,4231657,4235617,4312657,4316257,4321657,4356127,4561237,4612357,4625173,4651273,4651723,4652173,4672153,4721563,5127463,5172463,5174623,5217463,5423167,5431267,5431627,5432167,5461237,5467213,5612347,5612437,5614237,5647213,5672413,5674213,6123457,6123547,6124357,6142357,6251743,6254317,6472153,6512743,6517243,6521743,6542317,6543127,6543217,6721543,6724153,6742153,7215463,7215643,7241563,7246513,7421563,7462513,7465123,7465213			2	2ccaf8efa20c,e95cd2ea9a1a	5906.up-6597315411ea.txt~5906.up-c63a66adbc60.txt
9dcb6b39580e	7	1234567,1235467,1243567,1265437,1274653,1423567,1546723,1564723,1567243,1567423,1625437,1654237,1654327,1724653,1746253,1746523,2154673,2156473,2156743,2165437,2174653,2316547,2345617,2354617,2356147,2415673,2435617,2465173,2517463,2543167,2654317,2746513,3126547,3162547,3165427,3216547,3456127,3546127,3561247,3561427,4156723,4215673,4231657,4235617,4312657,4316257,4321657,4356127,4561237,4612357,4625173,4651273,4651723,4652173,4672153,4721563,5127463,5172463,5174623,5217463,5423167,5431267,5431627,5432167,5461237,5467213,5612347,5612437,5614237,5647213,5672413,5674213,6123457,6123547,6124357,6142357,6251743,6254317,6472153,6512743,6517243,6521743,6542317,6543127,6543217,6721543,6724153,6742153,7215463,7215643,7241563,7246513,7421563,7462513,7465123,7465213	1235764,1237564,1273564,1374652,1536724,1563724,1567234,1567324,1654372,1654732,1675432,1723564,1734652,1746352,1746532,1765432,2153674,2156374,2156734,2315674,2356174,2357614,2375614,2735614,3156724,3165472,3167542,3174652,3176542,3215674,3465172,3517462,3561274,3561724,3576124,3672154,3716542,3721564,3746512,3756124,4316752,4317652,4371652,4635172,4651372,4651732,4653172,4731652,5137462,5173462,5174632,5317462,5367214,5431672,5431762,5437162,5473162,5612374,5612734,5617234,5637214,5672314,5673214,5761234,6123574,6123754,6127354,6172354,6351742,6372154,6513742,6517342,6531742,6543172,6543712,6547312,6721534,6723154,6732154,6754312,7165432,7215364,7215634,7231564,7235614,7316542,7321564,7346512,7356124,7463512,7465132,7465312,7543162,7561234,7612354,7654312			2	2ccaf8efa20c,e95cd2ea9a1a	5906.up-6597315411ea.txt~5906.up-c63a66adbc60.txt
afb4c322ff24	7	1234567,1235467,1243567,1374652,1423567,1546723,1564723,1567243,1567423,1654372,1654732,1675432,1734652,1746352,1746532,1765432,2154673,2156473,2156743,2345617,2354617,2356147,2415673,2435617,3165472,3167542,3174652,3176542,3456127,3465172,3517462,3546127,3561247,3561427,3716542,3746512,4156723,4215673,4235617,4316752,4317652,4356127,4371652,4561237,4612357,4635172,4651372,4651732,4653172,4672153,4721563,4731652,5137462,5173462,5174632,5317462,5431672,5431762,5437162,5461237,5467213,5473162,5612347,5612437,5614237,5647213,5672413,5674213,6123457,6123547,6124357,6142357,6351742,6472153,6513742,6517342,6531742,6543172,6543712,6547312,6721543,6724153,6742153,6754312,7165432,7215463,7215643,7241563,7316542,7346512,7421563,7463512,7465132,7465312,7543162,7654312	1235764,1237564,1265437,1273564,1274653,1536724,1563724,1567234,1567324,1625437,1654237,1654327,1723564,1724653,1746253,1746523,2153674,2156374,2156734,2165437,2174653,2315674,2316547,2356174,2357614,2375614,2465173,2517463,2543167,2654317,2735614,2746513,3126547,3156724,3162547,3165427,3215674,3216547,3561274,3561724,3576124,3672154,3721564,3756124,4231657,4312657,4316257,4321657,4625173,4651273,4651723,4652173,5127463,5172463,5174623,5217463,5367214,5423167,5431267,5431627,5432167,5612374,5612734,5617234,5637214,5672314,5673214,5761234,6123574,6123754,6127354,6172354,6251743,6254317,6372154,6512743,6517243,6521743,6542317,6543127,6543217,6721534,6723154,6732154,7215364,7215634,7231564,7235614,7246513,7321564,7356124,7462513,7465123,7465213,7561234,7612354			2	4e176f928187,5abbbceb1a7a	5906.up-c3afee7ed153.txt~5906.up-d1489855deef.txt
dc0416c80bc5	7	1235764,1237564,1265437,1273564,1274653,1536724,1563724,1567234,1567324,1625437,1654237,1654327,1723564,1724653,1746253,1746523,2153674,2156374,2156734,2165437,2174653,2315674,2316547,2356174,2357614,2375614,2465173,2517463,2543167,2654317,2735614,2746513,3126547,3156724,3162547,3165427,3215674,3216547,3561274,3561724,3576124,3672154,3721564,3756124,4231657,4312657,4316257,4321657,4625173,4651273,4651723,4652173,5127463,5172463,5174623,5217463,5367214,5423167,5431267,5431627,5432167,5612374,5612734,5617234,5637214,5672314,5673214,5761234,6123574,6123754,6127354,6172354,6251743,6254317,6372154,6512743,6517243,6521743,6542317,6543127,6543217,6721534,6723154,6732154,7215364,7215634,7231564,7235614,7246513,7321564,7356124,7462513,7465123,7465213,7561234,7612354	1234567,1235467,1243567,1374652,1423567,1546723,1564723,1567243,1567423,1654372,1654732,1675432,1734652,1746352,1746532,1765432,2154673,2156473,2156743,2345617,2354617,2356147,2415673,2435617,3165472,3167542,3174652,3176542,3456127,3465172,3517462,3546127,3561247,3561427,3716542,3746512,4156723,4215673,4235617,4316752,4317652,4356127,4371652,4561237,4612357,4635172,4651372,4651732,4653172,4672153,4721563,4731652,5137462,5173462,5174632,5317462,5431672,5431762,5437162,5461237,5467213,5473162,5612347,5612437,5614237,5647213,5672413,5674213,6123457,6123547,6124357,6142357,6351742,6472153,6513742,6517342,6531742,6543172,6543712,6547312,6721543,6724153,6742153,6754312,7165432,7215463,7215643,7241563,7316542,7346512,7421563,7463512,7465132,7465312,7543162,7654312			2	4e176f928187,5abbbceb1a7a	5906.up-c3afee7ed153.txt~5906.up-d1489855deef.txt
4ecba60aa35e	7	1234765,1237465,1273465,1273645,1723465,1723645,1736245,1736425,2173645,2346175,2347615,2364175,2374615,2417365,2734615,2736415,3461275,3461725,3476125,3624175,3641275,3641725,3642175,3746125,4127365,4172365,4173625,4217365,4612375,4612735,4617235,4761235,6123475,6123745,6127345,6172345,6241735,6412735,6417235,6421735,7234615,7236415,7346125,7362415,7364125,7364215,7461235,7612345	1234567,1235467,1253467,1523467,1573642,1736452,1736542,1753642,2345617,2346157,2354617,2534617,3456127,3461257,3461527,3546127,3641572,3641752,3645172,3654172,4157362,4173652,4175362,4517362,4561237,4612357,4612537,4615237,5173642,5234617,5346127,5364172,5417362,5461237,5612347,5736412,6123457,6123547,6125347,6152347,6415732,6417532,6451732,6541732,7364152,7364512,7365412,7536412			2	294852482af9	5906.up-56126e7237c3.txt~5906.up-bd458e7fc19e.txt
9729dc5f53f8	7	1234567,1235467,1253467,1523467,1573642,1736452,1736542,1753642,2345617,2346157,2354617,2534617,3456127,3461257,3461527,3546127,3641572,3641752,3645172,3654172,4157362,4173652,4175362,4517362,4561237,4612357,4612537,4615237,5173642,5234617,5346127,5364172,5417362,5461237,5612347,5736412,6123457,6123547,6125347,6152347,6415732,6417532,6451732,6541732,7364152,7364512,7365412,7536412	1234765,1237465,1273465,1273645,1723465,1723645,1736245,1736425,2173645,2346175,2347615,2364175,2374615,2417365,2734615,2736415,3461275,3461725,3476125,3624175,3641275,3641725,3642175,3746125,4127365,4172365,4173625,4217365,4612375,4612735,4617235,4761235,6123475,6123745,6127345,6172345,6241735,6412735,6417235,6421735,7234615,7236415,7346125,7362415,7364125,7364215,7461235,7612345			2	294852482af9	5906.up-56126e7237c3.txt~5906.up-bd458e7fc19e.txt
ab88abce72ba	7	1234567,1235467,1253467,1523467,2345617,2346157,2354617,2534617,3456127,3461257,3461527,3546127,4561237,4612357,4612537,4615237,5234617,5346127,5461237,5612347,6123457,6123547,6125347,6152347	1234765,1237465,1273465,1723465,2346175,2347615,2374615,2734615,3461275,3461725,3476125,3746125,4612375,4612735,4617235,4761235,6123475,6123745,6127345,6172345,7234615,7346125,7461235,7612345			2	4b19c3ccd5ca	5906.up-a235b0e09b6c.txt~5906.up-abe33e328763.txt
9a425576c7dd	7	1234765,1237654,1243765,1247365,1247635,1324765,1352674,1425763,1427563,1427653,1432567,1452763,1523674,1526734,1527364,1532674,1542763,1623574,1623754,1625374,1652374,2347615,2357164,2367154,2371654,2375164,2376514,2437615,2473615,2476135,2476315,2537164,2547631,2561437,2576143,2671354,2671534,2673154,2736154,2756143,2761453,2761543,2765143,3124765,3152674,3247615,3254761,3256147,3267154,3476125,3526714,3571624,3612475,3615274,3671524,3716254,3716524,3751624,3761245,3765124,4257613,4275613,4276153,4276513,4325617,4376125,4527613,4736125,4761235,4761325,4763125,4763251,5123764,5142763,5162374,5236714,5237164,5267134,5267314,5273614,5276143,5326714,5371624,5427613,5476321,5614273,5614327,5716234,5761423,6123475,6124375,6124735,6132475,6142573,6142753,6143257,6145273,6152734,6154273,6235714,6237514,6253714,6312475,6325471,6512374,6514273,6523714,6713524,6715234,6715324,6731524,7135264,7152364,7153264,7162354,7162534,7165234,7315264,7361245,7361524,7516234,7561423,7612345,7612435,7613245,7614253,7614523,7615423,7631245,7632541,7651234,7651423	1234567,1245763,1247563,1247653,1254763,1342765,1423765,1427365,1427635,1432765,1437652,1452673,1524673,1524763,1526743,1542673,1547362,1623475,1623745,1624375,1642375,2345617,2347165,2371645,2374165,2376145,2437165,2457613,2467153,2475613,2476153,2476513,2547613,2671453,2671543,2674153,2736145,2761345,2761435,2763145,2763451,3142765,3276145,3427615,3452761,3456127,3471625,3614275,3615472,3716245,3716425,3741625,3761425,3765142,4152673,4162375,4237165,4237615,4267153,4273615,4276135,4276315,4327615,4371625,4376512,4526713,4527631,4561237,4576123,4671523,4716235,4736152,4756123,4761253,4761523,4765123,5124763,5143762,5246713,5247613,5267143,5267413,5276341,5426713,5473612,5476123,5612347,5612473,5761243,6123457,6124573,6124753,6125473,6134275,6142375,6142735,6143275,6152473,6154732,6234715,6237415,6243715,6314275,6345271,6423715,6512473,6514372,6714523,6715243,6715423,6741523,7145263,7152463,7154263,7162345,7162435,7164235,7361425,7361542,7415263,7416235,7561243,7612453,7612543,7613425,7614235,7614325,7615243,7631425,7634521,7651243,7651432			2	589b385c9a9a,9d9e79832d5e	5906.up-0a065898a821.txt~5906.up-c3afee7ed153.txt
db92437171e9	7	1234567,1245763,1247563,1247653,1254763,1342765,1423765,1427365,1427635,1432765,1437652,1452673,1524673,1524763,1526743,1542673,1547362,1623475,1623745,1624375,1642375,2345617,2347165,2371645,2374165,2376145,2437165,2457613,2467153,2475613,2476153,2476513,2547613,2671453,2671543,2674153,2736145,2761345,2761435,2763145,2763451,3142765,3276145,3427615,3452761,3456127,3471625,3614275,3615472,3716245,3716425,3741625,3761425,3765142,4152673,4162375,4237165,4237615,4267153,4273615,4276135,4276315,4327615,4371625,4376512,4526713,4527631,4561237,4576123,4671523,4716235,4736152,4756123,4761253,4761523,4765123,5124763,5143762,5246713,5247613,5267143,5267413,5276341,5426713,5473612,5476123,5612347,5612473,5761243,6123457,6124573,6124753,6125473,6134275,6142375,6142735,6143275,6152473,6154732,6234715,6237415,6243715,6314275,6345271,6423715,6512473,6514372,6714523,6715243,6715423,6741523,7145263,7152463,7154263,7162345,7162435,7164235,7361425,7361542,7415263,7416235,7561243,7612453,7612543,7613425,7614235,7614325,7615243,7631425,7634521,7651243,7651432	1234765,1237654,1243765,1247365,1247635,1324765,1352674,1425763,1427563,1427653,1432567,1452763,1523674,1526734,1527364,1532674,1542763,1623574,1623754,1625374,1652374,2347615,2357164,2367154,2371654,2375164,2376514,2437615,2473615,2476135,2476315,2537164,2547631,2561437,2576143,2671354,2671534,2673154,2736154,2756143,2761453,2761543,2765143,3124765,3152674,3247615,3254761,3256147,3267154,3476125,3526714,3571624,3612475,3615274,3671524,3716254,3716524,3751624,3761245,3765124,4257613,4275613,4276153,4276513,4325617,4376125,4527613,4736125,4761235,4761325,4763125,4763251,5123764,5142763,5162374,5236714,5237164,5267134,5267314,5273614,5276143,5326714,5371624,5427613,5476321,5614273,5614327,5716234,5761423,6123475,6124375,6124735,6132475,6142573,6142753,6143257,6145273,6152734,6154273,6235714,6237514,6253714,6312475,6325471,6512374,6514273,6523714,6713524,6715234,6715324,6731524,7135264,7152364,7153264,7162354,7162534,7165234,7315264,7361245,7361524,7516234,7561423,7612345,7612435,7613245,7614253,7614523,7615423,7631245,7632541,7651234,7651423			2	589b385c9a9a,9d9e79832d5e	5906.up-0a065898a821.txt~5906.up-c3afee7ed153.txt
c957d4264558	7	1234765,1237654,1243765,1247365,1247635,1324765,1376542,1425763,1427563,1427653,1432567,1452763,1527364,1542763,1574362,1736542,1743562,1743652,1745362,1763542,1765342,2347615,2376514,2437615,2473615,2476135,2476315,2547631,2561437,2576143,2736154,2756143,2761453,2761543,2765143,3124765,3247615,3254761,3256147,3417652,3476125,3541762,3561742,3612475,3615274,3615742,3617452,3651742,3654172,3761245,3765124,3765412,4137652,4173652,4176352,4176532,4257613,4275613,4276153,4276513,4325617,4356172,4361572,4365172,4376125,4527613,4536172,4736125,4761235,4761325,4763125,4763251,5123764,5142763,5174362,5273614,5276143,5341762,5361742,5413762,5417362,5417632,5427613,5476321,5614273,5614327,5617432,5743612,5761423,6123475,6124375,6124735,6132475,6142573,6142753,6143257,6145273,6152734,6154273,6157432,6174352,6174532,6312475,6325471,6354172,6512374,6514273,6517432,6534172,6541372,6541732,7361245,7361524,7365412,7435612,7436152,7436512,7453612,7561423,7612345,7612435,7613245,7614253,7614523,7615423,7631245,7632541,7635412,7651234,7651423,7653412,7654132	1234567,1245763,1247563,1247653,1254763,1274365,1276543,1342765,1423765,1427365,1427635,1432765,1437652,1524763,1547362,1726543,1742365,1743265,1743625,1762543,1765243,2174365,2345617,2361745,2376145,2417653,2457613,2475613,2476153,2476513,2541763,2547613,2617435,2654173,2736145,2743615,2761345,2761435,2763145,2763451,2765413,3142765,3261745,3276145,3427615,3452761,3456127,3612745,3614275,3615472,3617425,3621745,3761425,3765142,4127653,4172653,4176253,4176523,4236175,4237615,4273615,4276135,4276315,4326175,4327615,4361275,4362175,4376512,4527631,4561237,4576123,4736152,4756123,4761253,4761523,4765123,5124763,5143762,5241763,5247613,5276341,5412763,5417263,5417623,5473612,5476123,5612347,5612473,5761243,6123457,6124573,6124753,6125473,6127435,6134275,6142375,6142735,6143275,6152473,6154732,6174235,6174325,6217435,6254173,6314275,6345271,6512473,6514372,6524173,6541273,6541723,7265413,7361425,7361542,7423615,7432615,7436125,7436215,7561243,7612453,7612543,7613425,7614235,7614325,7615243,7625413,7631425,7634521,7651243,7651432,7652413,7654123			2	b4b6a1e27f68	5906.up-0a065898a821.txt~5906.up-d1489855deef.txt
acfe7a414bb7	7	1234567,1245763,1247563,1247653,1254763,1274365,1276543,1342765,1423765,1427365,1427635,1432765,1437652,1524763,1547362,1726543,1742365,1743265,1743625,1762543,1765243,2174365,2345617,2361745,2376145,2417653,2457613,2475613,2476153,2476513,2541763,2547613,2617435,2654173,2736145,2743615,2761345,2761435,2763145,2763451,2765413,3142765,3261745,3276145,3427615,3452761,3456127,3612745,3614275,3615472,3617425,3621745,3761425,3765142,4127653,4172653,4176253,4176523,4236175,4237615,4273615,4276135,4276315,4326175,4327615,4361275,4362175,4376512,4527631,4561237,4576123,4736152,4756123,4761253,4761523,4765123,5124763,5143762,5241763,5247613,5276341,5412763,5417263,5417623,5473612,5476123,5612347,5612473,5761243,6123457,6124573,6124753,6125473,6127435,6134275,6142375,6142735,6143275,6152473,6154732,6174235,6174325,6217435,6254173,6314275,6345271,6512473,6514372,6524173,6541273,6541723,7265413,7361425,7361542,7423615,7432615,7436125,7436215,7561243,7612453,7612543,7613425,7614235,7614325,7615243,7625413,7631425,7634521,7651243,7651432,7652413,7654123	1234765,1237654,1243765,1247365,1247635,1324765,1376542,1425763,1427563,1427653,1432567,1452763,1527364,1542763,1574362,1736542,1743562,1743652,1745362,1763542,1765342,2347615,2376514,2437615,2473615,2476135,2476315,2547631,2561437,2576143,2736154,2756143,2761453,2761543,2765143,3124765,3247615,3254761,3256147,3417652,3476125,3541762,3561742,3612475,3615274,3615742,3617452,3651742,3654172,3761245,3765124,3765412,4137652,4173652,4176352,4176532,4257613,4275613,4276153,4276513,4325617,4356172,4361572,4365172,4376125,4527613,4536172,4736125,4761235,4761325,4763125,4763251,5123764,5142763,5174362,5273614,5276143,5341762,5361742,5413762,5417362,5417632,5427613,5476321,5614273,5614327,5617432,5743612,5761423,6123475,6124375,6124735,6132475,6142573,6142753,6143257,6145273,6152734,6154273,6157432,6174352,6174532,6312475,6325471,6354172,6512374,6514273,6517432,6534172,6541372,6541732,7361245,7361524,7365412,7435612,7436152,7436512,7453612,7561423,7612345,7612435,7613245,7614253,7614523,7615423,7631245,7632541,7635412,7651234,7651423,7653412,7654132			2	b4b6a1e27f68	5906.up-0a065898a821.txt~5906.up-d1489855deef.txt
11d3809be670	7	1234765,1237654,1243765,1247365,1247635,1324765,1425763,1427563,1427653,1432567,1452673,1452763,1524673,1526743,1527364,1542673,1542763,1623475,1623745,1624375,1642375,2347165,2347615,2371645,2374165,2376514,2437165,2437615,2467153,2473615,2476135,2476315,2547631,2561437,2576143,2671453,2671543,2674153,2736154,2756143,2761453,2761543,2765143,3124765,3247615,3254761,3256147,3471625,3476125,3612475,3615274,3716245,3716425,3741625,3761245,3765124,4152673,4162375,4237165,4257613,4267153,4275613,4276153,4276513,4325617,4371625,4376125,4526713,4527613,4671523,4716235,4736125,4761235,4761325,4763125,4763251,5123764,5142763,5246713,5267143,5267413,5273614,5276143,5426713,5427613,5476321,5614273,5614327,5761423,6123475,6124375,6124735,6132475,6142573,6142753,6143257,6145273,6152734,6154273,6234715,6237415,6243715,6312475,6325471,6423715,6512374,6514273,6714523,6715243,6715423,6741523,7145263,7152463,7154263,7162345,7162435,7164235,7361245,7361524,7415263,7416235,7561423,7612345,7612435,7613245,7614253,7614523,7615423,7631245,7632541,7651234,7651423	1234567,1245763,1247563,1247653,1254763,1342765,1352674,1423765,1427365,1427635,1432765,1437652,1523674,1524763,1526734,1532674,1547362,1623574,1623754,1625374,1652374,2345617,2357164,2367154,2371654,2375164,2376145,2457613,2475613,2476153,2476513,2537164,2547613,2671354,2671534,2673154,2736145,2761345,2761435,2763145,2763451,3142765,3152674,3267154,3276145,3427615,3452761,3456127,3526714,3571624,3614275,3615472,3671524,3716254,3716524,3751624,3761425,3765142,4237615,4273615,4276135,4276315,4327615,4376512,4527631,4561237,4576123,4736152,4756123,4761253,4761523,4765123,5124763,5143762,5162374,5236714,5237164,5247613,5267134,5267314,5276341,5326714,5371624,5473612,5476123,5612347,5612473,5716234,5761243,6123457,6124573,6124753,6125473,6134275,6142375,6142735,6143275,6152473,6154732,6235714,6237514,6253714,6314275,6345271,6512473,6514372,6523714,6713524,6715234,6715324,6731524,7135264,7152364,7153264,7162354,7162534,7165234,7315264,7361425,7361542,7516234,7561243,7612453,7612543,7613425,7614235,7614325,7615243,7631425,7634521,7651243,7651432			2	99044926564b,da337428309e	5906.up-377da0a3c300.txt~5906.up-6597315411ea.txt
2021ad1a80b0	7	1234567,1245763,1247563,1247653,1254763,1342765,1352674,1423765,1427365,1427635,1432765,1437652,1523674,1524763,1526734,1532674,1547362,1623574,1623754,1625374,1652374,2345617,2357164,2367154,2371654,2375164,2376145,2457613,2475613,2476153,2476513,2537164,2547613,2671354,2671534,2673154,2736145,2761345,2761435,2763145,2763451,3142765,3152674,3267154,3276145,3427615,3452761,3456127,3526714,3571624,3614275,3615472,3671524,3716254,3716524,3751624,3761425,3765142,4237615,4273615,4276135,4276315,4327615,4376512,4527631,4561237,4576123,4736152,4756123,4761253,4761523,4765123,5124763,5143762,5162374,5236714,5237164,5247613,5267134,5267314,5276341,5326714,5371624,5473612,5476123,5612347,5612473,5716234,5761243,6123457,6124573,6124753,6125473,6134275,6142375,6142735,6143275,6152473,6154732,6235714,6237514,6253714,6314275,6345271,6512473,6514372,6523714,6713524,6715234,6715324,6731524,7135264,7152364,7153264,7162354,7162534,7165234,7315264,7361425,7361542,7516234,7561243,7612453,7612543,7613425,7614235,7614325,7615243,7631425,7634521,7651243,7651432	1234765,1237654,1243765,1247365,1247635,1324765,1425763,1427563,1427653,1432567,1452673,1452763,1524673,1526743,1527364,1542673,1542763,1623475,1623745,1624375,1642375,2347165,2347615,2371645,2374165,2376514,2437165,2437615,2467153,2473615,2476135,2476315,2547631,2561437,2576143,2671453,2671543,2674153,2736154,2756143,2761453,2761543,2765143,3124765,3247615,3254761,3256147,3471625,3476125,3612475,3615274,3716245,3716425,3741625,3761245,3765124,4152673,4162375,4237165,4257613,4267153,4275613,4276153,4276513,4325617,4371625,4376125,4526713,4527613,4671523,4716235,4736125,4761235,4761325,4763125,4763251,5123764,5142763,5246713,5267143,5267413,5273614,5276143,5426713,5427613,5476321,5614273,5614327,5761423,6123475,6124375,6124735,6132475,6142573,6142753,6143257,6145273,6152734,6154273,6234715,6237415,6243715,6312475,6325471,6423715,6512374,6514273,6714523,6715243,6715423,6741523,7145263,7152463,7154263,7162345,7162435,7164235,7361245,7361524,7415263,7416235,7561423,7612345,7612435,7613245,7614253,7614523,7615423,7631245,7632541,7651234,7651423			2	99044926564b,da337428309e	5906.up-377da0a3c300.txt~5906.up-6597315411ea.txt
72b83588e07a	7	1234567,1245763,1247563,1247653,1254763,1342765,1376542,1423765,1427365,1427635,1432765,1437652,1524763,1547362,1574362,1736542,1743562,1743652,1745362,1763542,1765342,2345617,2376145,2457613,2475613,2476153,2476513,2547613,2736145,2761345,2761435,2763145,2763451,3142765,3276145,3417652,3427615,3452761,3456127,3541762,3561742,3614275,3615472,3615742,3617452,3651742,3654172,3761425,3765142,3765412,4137652,4173652,4176352,4176532,4237615,4273615,4276135,4276315,4327615,4356172,4361572,4365172,4376512,4527631,4536172,4561237,4576123,4736152,4756123,4761253,4761523,4765123,5124763,5143762,5174362,5247613,5276341,5341762,5361742,5413762,5417362,5417632,5473612,5476123,5612347,5612473,5617432,5743612,5761243,6123457,6124573,6124753,6125473,6134275,6142375,6142735,6143275,6152473,6154732,6157432,6174352,6174532,6314275,6345271,6354172,6512473,6514372,6517432,6534172,6541372,6541732,7361425,7361542,7365412,7435612,7436152,7436512,7453612,7561243,7612453,7612543,7613425,7614235,7614325,7615243,7631425,7634521,7635412,7651243,7651432,7653412,7654132	1234765,1237654,1243765,1247365,1247635,1274365,1276543,1324765,1425763,1427563,1427653,1432567,1452763,1527364,1542763,1726543,1742365,1743265,1743625,1762543,1765243,2174365,2347615,2361745,2376514,2417653,2437615,2473615,2476135,2476315,2541763,2547631,2561437,2576143,2617435,2654173,2736154,2743615,2756143,2761453,2761543,2765143,2765413,3124765,3247615,3254761,3256147,3261745,3476125,3612475,3612745,3615274,3617425,3621745,3761245,3765124,4127653,4172653,4176253,4176523,4236175,4257613,4275613,4276153,4276513,4325617,4326175,4361275,4362175,4376125,4527613,4736125,4761235,4761325,4763125,4763251,5123764,5142763,5241763,5273614,5276143,5412763,5417263,5417623,5427613,5476321,5614273,5614327,5761423,6123475,6124375,6124735,6127435,6132475,6142573,6142753,6143257,6145273,6152734,6154273,6174235,6174325,6217435,6254173,6312475,6325471,6512374,6514273,6524173,6541273,6541723,7265413,7361245,7361524,7423615,7432615,7436125,7436215,7561423,7612345,7612435,7613245,7614253,7614523,7615423,7625413,7631245,7632541,7651234,7651423,7652413,7654123			2	b0b4eba617a4	5906.up-6597315411ea.txt~5906.up-72482a71c81e.txt
ffee627b3f58	7	1234765,1237654,1243765,1247365,1247635,1274365,1276543,1324765,1425763,1427563,1427653,1432567,1452763,1527364,1542763,1726543,1742365,1743265,1743625,1762543,1765243,2174365,2347615,2361745,2376514,2417653,2437615,2473615,2476135,2476315,2541763,2547631,2561437,2576143,2617435,2654173,2736154,2743615,2756143,2761453,2761543,2765143,2765413,3124765,3247615,3254761,3256147,3261745,3476125,3612475,3612745,3615274,3617425,3621745,3761245,3765124,4127653,4172653,4176253,4176523,4236175,4257613,4275613,4276153,4276513,4325617,4326175,4361275,4362175,4376125,4527613,4736125,4761235,4761325,4763125,4763251,5123764,5142763,5241763,5273614,5276143,5412763,5417263,5417623,5427613,5476321,5614273,5614327,5761423,6123475,6124375,6124735,6127435,6132475,6142573,6142753,6143257,6145273,6152734,6154273,6174235,6174325,6217435,6254173,6312475,6325471,6512374,6514273,6524173,6541273,6541723,7265413,7361245,7361524,7423615,7432615,7436125,7436215,7561423,7612345,7612435,7613245,7614253,7614523,7615423,7625413,7631245,7632541,7651234,7651423,7652413,7654123	1234567,1245763,1247563,1247653,1254763,1342765,1376542,1423765,1427365,1427635,1432765,1437652,1524763,1547362,1574362,1736542,1743562,1743652,1745362,1763542,1765342,2345617,2376145,2457613,2475613,2476153,2476513,2547613,2736145,2761345,2761435,2763145,2763451,3142765,3276145,3417652,3427615,3452761,3456127,3541762,3561742,3614275,3615472,3615742,3617452,3651742,3654172,3761425,3765142,3765412,4137652,4173652,4176352,4176532,4237615,4273615,4276135,4276315,4327615,4356172,4361572,4365172,4376512,4527631,4536172,4561237,4576123,4736152,4756123,4761253,4761523,4765123,5124763,5143762,5174362,5247613,5276341,5341762,5361742,5413762,5417362,5417632,5473612,5476123,5612347,5612473,5617432,5743612,5761243,6123457,6124573,6124753,6125473,6134275,6142375,6142735,6143275,6152473,6154732,6157432,6174352,6174532,6314275,6345271,6354172,6512473,6514372,6517432,6534172,6541372,6541732,7361425,7361542,7365412,7435612,7436152,7436512,7453612,7561243,7612453,7612543,7613425,7614235,7614325,7615243,7631425,7634521,7635412,7651243,7651432,7653412,7654132			2	b0b4eba617a4	5906.up-6597315411ea.txt~5906.up-72482a71c81e.txt
00a156b3c4d8	7	1235467,1245763,1247563,1253467,1254367,1254637,1274563,1724563,2354617,2456173,2457613,2475613,2534617,2543617,2546317,2745613,3125467,3461257,3546127,3612547,3627154,4361257,4561273,4561723,4576123,4612357,4612537,4631257,4756123,5346127,5436127,5461237,5463127,5612473,5612743,5617243,5761243,6123547,6124573,6124753,6125347,6125437,6127453,6172453,6312547,7245613,7456123,7561243,7612453	1234567,1243567,1245367,1245637,1254763,1257463,1275463,1725463,2345617,2435617,2453617,2456317,2546173,2547613,2574613,2754613,3124567,3456127,3561247,3612457,4356127,4536127,4561237,4563127,4612573,4612753,4617253,4761253,5361247,5461273,5461723,5476123,5612347,5612437,5631247,5746123,6123457,6124357,6124537,6125473,6125743,6127543,6172543,6312457,7254613,7461253,7546123,7612543	4513627>3627154	4513627>3627145,5436271>6271534	1	48b0b4ff3ecd	5906.up-890b6674bd25.txt~5906.i4a-b99b1d60f13e.txt
cbba85d1efba	7	1234567,1243567,1245367,1245637,1254763,1257463,1275463,1725463,2345617,2435617,2453617,2456317,2546173,2547613,2574613,2754613,3124567,3456127,3561247,3612457,4356127,4536127,4561237,4563127,4612573,4612753,4617253,4761253,5361247,5461273,5461723,5476123,5612347,5612437,5631247,5746123,6123457,6124357,6124537,6125473,6125743,6127543,6172543,6312457,7254613,7461253,7546123,7612543	1235467,1245763,1247563,1253467,1254367,1254637,1274563,1724563,2354617,2456173,2457613,2475613,2534617,2543617,2546317,2745613,3125467,3461257,3546127,3612547,3627154,4361257,4561273,4561723,4576123,4612357,4612537,4631257,4756123,5346127,5436127,5461237,5463127,5612473,5612743,5617243,5761243,6123547,6124573,6124753,6125347,6125437,6127453,6172453,6312547,7245613,7456123,7561243,7612453	4513627>3627145,5436271>6271534	4513627>3627154	1	48b0b4ff3ecd	5906.up-890b6674bd25.txt~5906.i4a-b99b1d60f13e.txt
9fdfb0647d6f	7	1234567,1243567,1245367,1245637,1254763,1257463,1275463,1725463,2345617,2435617,2453617,2456317,2546173,2547613,2574613,2754613,3124567,3456127,3561247,3612457,3627154,4356127,4536127,4561237,4563127,4612573,4612753,4617253,4761253,5361247,5461273,5461723,5476123,5612347,5612437,5631247,5746123,6123457,6124357,6124537,6125473,6125743,6127543,6172543,6312457,7254613,7461253,7546123,7612543	1235467,1245763,1247563,1253467,1254367,1254637,1274563,1724563,2354617,2456173,2457613,2475613,2534617,2543617,2546317,2745613,3125467,3461257,3546127,3612547,4361257,4561273,4561723,4576123,4612357,4612537,4631257,4756123,5346127,5436127,5461237,5463127,5612473,5612743,5617243,5761243,6123547,6124573,6124753,6125347,6125437,6127453,6172453,6312547,7245613,7456123,7561243,7612453	4513627>3627154	4513627>3627145,5436271>6271534	1	78d47fdece45	5906.up-d0b9281ca469.txt~5906.i4a-50d865ca7907.txt
dbe526a6a452	7	1235467,1245763,1247563,1253467,1254367,1254637,1274563,1724563,2354617,2456173,2457613,2475613,2534617,2543617,2546317,2745613,3125467,3461257,3546127,3612547,4361257,4561273,4561723,4576123,4612357,4612537,4631257,4756123,5346127,5436127,5461237,5463127,5612473,5612743,5617243,5761243,6123547,6124573,6124753,6125347,6125437,6127453,6172453,6312547,7245613,7456123,7561243,7612453	1234567,1243567,1245367,1245637,1254763,1257463,1275463,1725463,2345617,2435617,2453617,2456317,2546173,2547613,2574613,2754613,3124567,3456127,3561247,3612457,3627154,4356127,4536127,4561237,4563127,4612573,4612753,4617253,4761253,5361247,5461273,5461723,5476123,5612347,5612437,5631247,5746123,6123457,6124357,6124537,6125473,6125743,6127543,6172543,6312457,7254613,7461253,7546123,7612543	4513627>3627145,5436271>6271534	4513627>3627154	1	78d47fdece45	5906.up-d0b9281ca469.txt~5906.i4a-50d865ca7907.txt
3187a6ab820d	7	1234765,1237465,1273465,1273645,1723465,1723645,1736245,1736425,2173645,2317465,2346175,2347615,2364175,2374615,2417365,2734615,2736415,3461275,3461725,3476125,3624175,3641275,3641725,3642175,3746125,4127365,4172365,4173625,4217365,4612375,4612735,4617235,4761235,6123475,6123745,6127345,6172345,6241735,6412735,6417235,6421735,7234615,7236415,7346125,7362415,7364125,7364215,7461235,7612345	1234567,1235467,1253467,1523467,1573642,1736452,1736542,1753642,2345617,2346157,2354617,2534617,3456127,3461257,3461527,3546127,3641572,3641752,3645172,3654172,4157362,4173652,4175362,4517362,4561237,4612357,4612537,4615237,5173642,5234617,5346127,5364172,5417362,5461237,5612347,5736412,6123457,6123547,6125347,6152347,6415732,6417532,6451732,6541732,7364152,7364512,7365412,7536412	5642317>2317465	5642317>2317456,6523174>3174625	1	b60b8012ce32	5906.up-56126e7237c3.txt~5906.i4a-29c55ed5fbf6.txt
172c8ba32158	7	1234567,1235467,1253467,1523467,1573642,1736452,1736542,1753642,2345617,2346157,2354617,2534617,3456127,3461257,3461527,3546127,3641572,3641752,3645172,3654172,4157362,4173652,4175362,4517362,4561237,4612357,4612537,4615237,5173642,5234617,5346127,5364172,5417362,5461237,5612347,5736412,6123457,6123547,6125347,6152347,6415732,6417532,6451732,6541732,7364152,7364512,7365412,7536412	1234765,1237465,1273465,1273645,1723465,1723645,1736245,1736425,2173645,2317465,2346175,2347615,2364175,2374615,2417365,2734615,2736415,3461275,3461725,3476125,3624175,3641275,3641725,3642175,3746125,4127365,4172365,4173625,4217365,4612375,4612735,4617235,4761235,6123475,6123745,6127345,6172345,6241735,6412735,6417235,6421735,7234615,7236415,7346125,7362415,7364125,7364215,7461235,7612345	5642317>2317456,6523174>3174625	5642317>2317465	1	b60b8012ce32	5906.up-56126e7237c3.txt~5906.i4a-29c55ed5fbf6.txt
21134d34e6b2	7	1234567,1235467,1253467,1523467,1573642,1736452,1736542,1753642,2317465,2345617,2346157,2354617,2534617,3456127,3461257,3461527,3546127,3641572,3641752,3645172,3654172,4157362,4173652,4175362,4517362,4561237,4612357,4612537,4615237,5173642,5234617,5346127,5364172,5417362,5461237,5612347,5736412,6123457,6123547,6125347,6152347,6415732,6417532,6451732,6541732,7364152,7364512,7365412,7536412	1234765,1237465,1273465,1273645,1723465,1723645,1736245,1736425,2173645,2346175,2347615,2364175,2374615,2417365,2734615,2736415,3461275,3461725,3476125,3624175,3641275,3641725,3642175,3746125,4127365,4172365,4173625,4217365,4612375,4612735,4617235,4761235,6123475,6123745,6127345,6172345,6241735,6412735,6417235,6421735,7234615,7236415,7346125,7362415,7364125,7364215,7461235,7612345	5642317>2317465	5642317>2317456,6523174>3174625	1	5c3f708b701a	5906.up-bd458e7fc19e.txt~5906.i4a-c1080e26f60c.txt
68b839f8740c	7	1234765,1237465,1273465,1273645,1723465,1723645,1736245,1736425,2173645,2346175,2347615,2364175,2374615,2417365,2734615,2736415,3461275,3461725,3476125,3624175,3641275,3641725,3642175,3746125,4127365,4172365,4173625,4217365,4612375,4612735,4617235,4761235,6123475,6123745,6127345,6172345,6241735,6412735,6417235,6421735,7234615,7236415,7346125,7362415,7364125,7364215,7461235,7612345	1234567,1235467,1253467,1523467,1573642,1736452,1736542,1753642,2317465,2345617,2346157,2354617,2534617,3456127,3461257,3461527,3546127,3641572,3641752,3645172,3654172,4157362,4173652,4175362,4517362,4561237,4612357,4612537,4615237,5173642,5234617,5346127,5364172,5417362,5461237,5612347,5736412,6123457,6123547,6125347,6152347,6415732,6417532,6451732,6541732,7364152,7364512,7365412,7536412	5642317>2317456,6523174>3174625	5642317>2317465	1	5c3f708b701a	5906.up-bd458e7fc19e.txt~5906.i4a-c1080e26f60c.txt
e3f3df959f86	7	1234567,1234657,1254673,1254763,1257436,1267453,1275436,1276453,2345617,2346517,2546713,2547613,2574316,2674513,2754316,2764513,3125746,3127546,3456127,3465127,4312576,4312756,4512673,4512763,4561237,4651237,4671253,4761253,5123467,5126743,5127643,5431276,5467123,5476123,5612347,5743126,6123457,6125473,6451273,6512347,6712543,6745123,7125463,7431256,7451263,7543126,7612543,7645123	1234765,1237456,1254367,1254637,1273456,1276435,1627435,1723465,2346175,2347615,2374516,2543617,2546317,2734516,2743165,2764315,3125467,3127645,3162745,3451276,3461725,3476125,3612547,3745126,4312765,4316275,4361257,4512376,4512736,4617235,4631257,4761235,5123746,5127346,5436127,5463127,6123475,6125437,6172345,6274315,6312547,6431275,7234615,7345126,7431625,7451236,7612345,7643125			1	f02081420210	5906.up-95ffff5c765c.txt~5906.up-cad80abdf334.txt
eadd103a98f5	7	1234765,1237456,1254367,1254637,1273456,1276435,1627435,1723465,2346175,2347615,2374516,2543617,2546317,2734516,2743165,2764315,3125467,3127645,3162745,3451276,3461725,3476125,3612547,3745126,4312765,4316275,4361257,4512376,4512736,4617235,4631257,4761235,5123746,5127346,5436127,5463127,6123475,6125437,6172345,6274315,6312547,6431275,7234615,7345126,7431625,7451236,7612345,7643125	1234567,1234657,1254673,1254763,1257436,1267453,1275436,1276453,2345617,2346517,2546713,2547613,2574316,2674513,2754316,2764513,3125746,3127546,3456127,3465127,4312576,4312756,4512673,4512763,4561237,4651237,4671253,4761253,5123467,5126743,5127643,5431276,5467123,5476123,5612347,5743126,6123457,6125473,6451273,6512347,6712543,6745123,7125463,7431256,7451263,7543126,7612543,7645123			1	f02081420210	5906.up-95ffff5c765c.txt~5906.up-cad80abdf334.txt
4f116897fd63	7	1236547,1345762,1347562,1362547,1365247,1365427,1374562,1734562,2136547,2317564,2365417,2413657,2541367,3456172,3457612,3475612,3625417,3652417,3654127,3654217,3745612,4123657,4136257,4136527,4213657,4561372,4561732,4576132,4756132,5241367,5412367,5413627,5421367,5613472,5613742,5617342,5761342,6134572,6134752,6137452,6173452,6254137,6524137,6541237,6542137,7345612,7456132,7561342,7613452	1234567,1324567,1342567,1345267,1365472,1365742,1367542,1736542,2345617,2456137,2561347,2613457,3245617,3425617,3452617,3456127,3654172,3654712,3657412,3675412,4136572,4136752,4173652,4256137,4526137,4561237,4561327,4713652,5261347,5413672,5417362,5471362,5612347,5613247,5613427,5741362,6123457,6132457,6134257,6134527,6541732,6547132,6574132,6754132,7136542,7365412,7413652,7541362	4652317>2317564	4652317>2317546,6423175>3175624	1	b28198d2331d	5906.up-1206598d1ff0.txt~5906.i4a-7f46c8149026.txt
cfe46d0a2eed	7	1234567,1324567,1342567,1345267,1365472,1365742,1367542,1736542,2345617,2456137,2561347,2613457,3245617,3425617,3452617,3456127,3654172,3654712,3657412,3675412,4136572,4136752,4173652,4256137,4526137,4561237,4561327,4713652,5261347,5413672,5417362,5471362,5612347,5613247,5613427,5741362,6123457,6132457,6134257,6134527,6541732,6547132,6574132,6754132,7136542,7365412,7413652,7541362	1236547,1345762,1347562,1362547,1365247,1365427,1374562,1734562,2136547,2317564,2365417,2413657,2541367,3456172,3457612,3475612,3625417,3652417,3654127,3654217,3745612,4123657,4136257,4136527,4213657,4561372,4561732,4576132,4756132,5241367,5412367,5413627,5421367,5613472,5613742,5617342,5761342,6134572,6134752,6137452,6173452,6254137,6524137,6541237,6542137,7345612,7456132,7561342,7613452	4652317>2317546,6423175>3175624	4652317>2317564	1	b28198d2331d	5906.up-1206598d1ff0.txt~5906.i4a-7f46c8149026.txt
d84249ff102d	7	1234567,1324567,1342567,1345267,1365472,1365742,1367542,1736542,2317564,2345617,2456137,2561347,2613457,3245617,3425617,3452617,3456127,3654172,3654712,3657412,3675412,4136572,4136752,4173652,4256137,4526137,4561237,4561327,4713652,5261347,5413672,5417362,5471362,5612347,5613247,5613427,5741362,6123457,6132457,6134257,6134527,6541732,6547132,6574132,6754132,7136542,7365412,7413652,7541362	1236547,1345762,1347562,1362547,1365247,1365427,1374562,1734562,2136547,2365417,2413657,2541367,3456172,3457612,3475612,3625417,3652417,3654127,3654217,3745612,4123657,4136257,4136527,4213657,4561372,4561732,4576132,4756132,5241367,5412367,5413627,5421367,5613472,5613742,5617342,5761342,6134572,6134752,6137452,6173452,6254137,6524137,6541237,6542137,7345612,7456132,7561342,7613452	4652317>2317564	4652317>2317546,6423175>3175624	1	6302fba0a6b0	5906.up-6a142cb8e27d.txt~5906.i4a-66637a3b8941.txt
f1af17db564a	7	1236547,1345762,1347562,1362547,1365247,1365427,1374562,1734562,2136547,2365417,2413657,2541367,3456172,3457612,3475612,3625417,3652417,3654127,3654217,3745612,4123657,4136257,4136527,4213657,4561372,4561732,4576132,4756132,5241367,5412367,5413627,5421367,5613472,5613742,5617342,5761342,6134572,6134752,6137452,6173452,6254137,6524137,6541237,6542137,7345612,7456132,7561342,7613452	1234567,1324567,1342567,1345267,1365472,1365742,1367542,1736542,2317564,2345617,2456137,2561347,2613457,3245617,3425617,3452617,3456127,3654172,3654712,3657412,3675412,4136572,4136752,4173652,4256137,4526137,4561237,4561327,4713652,5261347,5413672,5417362,5471362,5612347,5613247,5613427,5741362,6123457,6132457,6134257,6134527,6541732,6547132,6574132,6754132,7136542,7365412,7413652,7541362	4652317>2317546,6423175>3175624	4652317>2317564	1	6302fba0a6b0	5906.up-6a142cb8e27d.txt~5906.i4a-66637a3b8941.txt
e5adb9d02203	7	1234765,1237654,1243765,1247365,1247635,1324765,1352674,1376542,1425763,1427563,1427653,1432567,1452763,1523674,1526734,1527364,1532674,1542763,1574362,1623574,1623754,1625374,1652374,1736542,1743562,1743652,1745362,1763542,1765342,2347615,2357164,2367154,2371654,2375164,2376514,2437615,2473615,2476135,2476315,2537164,2547631,2561437,2576143,2671354,2671534,2673154,2736154,2756143,2761453,2761543,2765143,3124765,3152674,3247615,3254761,3256147,3267154,3417652,3476125,3526714,3541762,3561742,3571624,3612475,3615274,3615742,3617452,3651742,3654172,3671524,3716254,3716524,3751624,3761245,3765124,3765412,4137652,4173652,4176352,4176532,4257613,4275613,4276153,4276513,4325617,4356172,4361572,4365172,4376125,4527613,4536172,4736125,4761235,4761325,4763125,4763251,5123764,5142763,5162374,5174362,5236714,5237164,5267134,5267314,5273614,5276143,5326714,5341762,5361742,5371624,5413762,5417362,5417632,5427613,5476321,5614273,5614327,5617432,5716234,5743612,5761423,6123475,6124375,6124735,6132475,6142573,6142753,6143257,6145273,6152734,6154273,6157432,6174352,6174532,6235714,6237514,6253714,6312475,6325471,6354172,6512374,6514273,6517432,6523714,6534172,6541372,6541732,6713524,6715234,6715324,6731524,7135264,7152364,7153264,7162354,7162534,7165234,7315264,7361245,7361524,7365412,7435612,7436152,7436512,7453612,7516234,7561423,7612345,7612435,7613245,7614253,7614523,7615423,7631245,7632541,7635412,7651234,7651423,7653412,7654132	1234567,1245763,1247563,1247653,1254763,1274365,1276543,1342765,1423765,1427365,1427635,1432765,1437652,1452673,1524673,1524763,1526743,1542673,1547362,1623475,1623745,1624375,1642375,1726543,1742365,1743265,1743625,1762543,1765243,2174365,2345617,2347165,2361745,2371645,2374165,2376145,2417653,2437165,2457613,2467153,2475613,2476153,2476513,2541763,2547613,2617435,2654173,2671453,2671543,2674153,2736145,2743615,2761345,2761435,2763145,2763451,2765413,3142765,3261745,3276145,3427615,3452761,3456127,3471625,3612745,3614275,3615472,3617425,3621745,3716245,3716425,3741625,3761425,3765142,4127653,4152673,4162375,4172653,4176253,4176523,4236175,4237165,4237615,4267153,4273615,4276135,4276315,4326175,4327615,4361275,4362175,4371625,4376512,4526713,4527631,4561237,4576123,4671523,4716235,4736152,4756123,4761253,4761523,4765123,5124763,5143762,5241763,5246713,5247613,5267143,5267413,5276341,5412763,5417263,5417623,5426713,5473612,5476123,5612347,5612473,5761243,6123457,6124573,6124753,6125473,6127435,6134275,6142375,6142735,6143275,6152473,6154732,6174235,6174325,6217435,6234715,6237415,6243715,6254173,6314275,6345271,6423715,6512473,6514372,6524173,6541273,6541723,6714523,6715243,6715423,6741523,7145263,7152463,7154263,7162345,7162435,7164235,7265413,7361425,7361542,7415263,7416235,7423615,7432615,7436125,7436215,7561243,7612453,7612543,7613425,7614235,7614325,7615243,7625413,7631425,7634521,7651243,7651432,7652413,7654123			1	27f59015f595	5906.up-0a065898a821.txt~5906.up-c63a66adbc60.txt
a30f47d5ff89	7	1234567,1245763,1247563,1247653,1254763,1274365,1276543,1342765,1423765,1427365,1427635,1432765,1437652,1452673,1524673,1524763,1526743,1542673,1547362,1623475,1623745,1624375,1642375,1726543,1742365,1743265,1743625,1762543,1765243,2174365,2345617,2347165,2361745,2371645,2374165,2376145,2417653,2437165,2457613,2467153,2475613,2476153,2476513,2541763,2547613,2617435,2654173,2671453,2671543,2674153,2736145,2743615,2761345,2761435,2763145,2763451,2765413,3142765,3261745,3276145,3427615,3452761,3456127,3471625,3612745,3614275,3615472,3617425,3621745,3716245,3716425,3741625,3761425,3765142,4127653,4152673,4162375,4172653,4176253,4176523,4236175,4237165,4237615,4267153,4273615,4276135,4276315,4326175,4327615,4361275,4362175,4371625,4376512,4526713,4527631,4561237,4576123,4671523,4716235,4736152,4756123,4761253,4761523,4765123,5124763,5143762,5241763,5246713,5247613,5267143,5267413,5276341,5412763,5417263,5417623,5426713,5473612,5476123,5612347,5612473,5761243,6123457,6124573,6124753,6125473,6127435,6134275,6142375,6142735,6143275,6152473,6154732,6174235,6174325,6217435,6234715,6237415,6243715,6254173,6314275,6345271,6423715,6512473,6514372,6524173,6541273,6541723,6714523,6715243,6715423,6741523,7145263,7152463,7154263,7162345,7162435,7164235,7265413,7361425,7361542,7415263,7416235,7423615,7432615,7436125,7436215,7561243,7612453,7612543,7613425,7614235,7614325,7615243,7625413,7631425,7634521,7651243,7651432,7652413,7654123	1234765,1237654,1243765,1247365,1247635,1324765,1352674,1376542,1425763,1427563,1427653,1432567,1452763,1523674,1526734,1527364,1532674,1542763,1574362,1623574,1623754,1625374,1652374,1736542,1743562,1743652,1745362,1763542,1765342,2347615,2357164,2367154,2371654,2375164,2376514,2437615,2473615,2476135,2476315,2537164,2547631,2561437,2576143,2671354,2671534,2673154,2736154,2756143,2761453,2761543,2765143,3124765,3152674,3247615,3254761,3256147,3267154,3417652,3476125,3526714,3541762,3561742,3571624,3612475,3615274,3615742,3617452,3651742,3654172,3671524,3716254,3716524,3751624,3761245,3765124,3765412,4137652,4173652,4176352,4176532,4257613,4275613,4276153,4276513,4325617,4356172,4361572,4365172,4376125,4527613,4536172,4736125,4761235,4761325,4763125,4763251,5123764,5142763,5162374,5174362,5236714,5237164,5267134,5267314,5273614,5276143,5326714,5341762,5361742,5371624,5413762,5417362,5417632,5427613,5476321,5614273,5614327,5617432,5716234,5743612,5761423,6123475,6124375,6124735,6132475,6142573,6142753,6143257,6145273,6152734,6154273,6157432,6174352,6174532,6235714,6237514,6253714,6312475,6325471,6354172,6512374,6514273,6517432,6523714,6534172,6541372,6541732,6713524,6715234,6715324,6731524,7135264,7152364,7153264,7162354,7162534,7165234,7315264,7361245,7361524,7365412,7435612,7436152,7436512,7453612,7516234,7561423,7612345,7612435,7613245,7614253,7614523,7615423,7631245,7632541,7635412,7651234,7651423,7653412,7654132			1	27f59015f595	5906.up-0a065898a821.txt~5906.up-c63a66adbc60.txt
814f28d8ff6a	7	1234765,1237654,1243765,1247365,1247635,1324765,1376542,1425763,1427563,1427653,1432567,1452673,1452763,1524673,1526743,1527364,1542673,1542763,1574362,1623475,1623745,1624375,1642375,1736542,1743562,1743652,1745362,1763542,1765342,2347165,2347615,2371645,2374165,2376514,2437165,2437615,2467153,2473615,2476135,2476315,2547631,2561437,2576143,2671453,2671543,2674153,2736154,2756143,2761453,2761543,2765143,3124765,3247615,3254761,3256147,3417652,3471625,3476125,3541762,3561742,3612475,3615274,3615742,3617452,3651742,3654172,3716245,3716425,3741625,3761245,3765124,3765412,4137652,4152673,4162375,4173652,4176352,4176532,4237165,4257613,4267153,4275613,4276153,4276513,4325617,4356172,4361572,4365172,4371625,4376125,4526713,4527613,4536172,4671523,4716235,4736125,4761235,4761325,4763125,4763251,5123764,5142763,5174362,5246713,5267143,5267413,5273614,5276143,5341762,5361742,5413762,5417362,5417632,5426713,5427613,5476321,5614273,5614327,5617432,5743612,5761423,6123475,6124375,6124735,6132475,6142573,6142753,6143257,6145273,6152734,6154273,6157432,6174352,6174532,6234715,6237415,6243715,6312475,6325471,6354172,6423715,6512374,6514273,6517432,6534172,6541372,6541732,6714523,6715243,6715423,6741523,7145263,7152463,7154263,7162345,7162435,7164235,7361245,7361524,7365412,7415263,7416235,7435612,7436152,7436512,7453612,7561423,7612345,7612435,7613245,7614253,7614523,7615423,7631245,7632541,7635412,7651234,7651423,7653412,7654132	1234567,1245763,1247563,1247653,1254763,1274365,1276543,1342765,1352674,1423765,1427365,1427635,1432765,1437652,1523674,1524763,1526734,1532674,1547362,1623574,1623754,1625374,1652374,1726543,1742365,1743265,1743625,1762543,1765243,2174365,2345617,2357164,2361745,2367154,2371654,2375164,2376145,2417653,2457613,2475613,2476153,2476513,2537164,2541763,2547613,2617435,2654173,2671354,2671534,2673154,2736145,2743615,2761345,2761435,2763145,2763451,2765413,3142765,3152674,3261745,3267154,3276145,3427615,3452761,3456127,3526714,3571624,3612745,3614275,3615472,3617425,3621745,3671524,3716254,3716524,3751624,3761425,3765142,4127653,4172653,4176253,4176523,4236175,4237615,4273615,4276135,4276315,4326175,4327615,4361275,4362175,4376512,4527631,4561237,4576123,4736152,4756123,4761253,4761523,4765123,5124763,5143762,5162374,5236714,5237164,5241763,5247613,5267134,5267314,5276341,5326714,5371624,5412763,5417263,5417623,5473612,5476123,5612347,5612473,5716234,5761243,6123457,6124573,6124753,6125473,6127435,6134275,6142375,6142735,6143275,6152473,6154732,6174235,6174325,6217435,6235714,6237514,6253714,6254173,6314275,6345271,6512473,6514372,6523714,6524173,6541273,6541723,6713524,6715234,6715324,6731524,7135264,7152364,7153264,7162354,7162534,7165234,7265413,7315264,7361425,7361542,7423615,7432615,7436125,7436215,7516234,7561243,7612453,7612543,7613425,7614235,7614325,7615243,7625413,7631425,7634521,7651243,7651432,7652413,7654123			1	6f923e4a46b6	5906.up-377da0a3c300.txt~5906.up-d1489855deef.txt
f5fd978d8b6a	7	1234567,1245763,1247563,1247653,1254763,1274365,1276543,1342765,1352674,1423765,1427365,1427635,1432765,1437652,1523674,1524763,1526734,1532674,1547362,1623574,1623754,1625374,1652374,1726543,1742365,1743265,1743625,1762543,1765243,2174365,2345617,2357164,2361745,2367154,2371654,2375164,2376145,2417653,2457613,2475613,2476153,2476513,2537164,2541763,2547613,2617435,2654173,2671354,2671534,2673154,2736145,2743615,2761345,2761435,2763145,2763451,2765413,3142765,3152674,3261745,3267154,3276145,3427615,3452761,3456127,3526714,3571624,3612745,3614275,3615472,3617425,3621745,3671524,3716254,3716524,3751624,3761425,3765142,4127653,4172653,4176253,4176523,4236175,4237615,4273615,4276135,4276315,4326175,4327615,4361275,4362175,4376512,4527631,4561237,4576123,4736152,4756123,4761253,4761523,4765123,5124763,5143762,5162374,5236714,5237164,5241763,5247613,5267134,5267314,5276341,5326714,5371624,5412763,5417263,5417623,5473612,5476123,5612347,5612473,5716234,5761243,6123457,6124573,6124753,6125473,6127435,6134275,6142375,6142735,6143275,6152473,6154732,6174235,6174325,6217435,6235714,6237514,6253714,6254173,6314275,6345271,6512473,6514372,6523714,6524173,6541273,6541723,6713524,6715234,6715324,6731524,7135264,7152364,7153264,7162354,7162534,7165234,7265413,7315264,7361425,7361542,7423615,7432615,7436125,7436215,7516234,7561243,7612453,7612543,7613425,7614235,7614325,7615243,7625413,7631425,7634521,7651243,7651432,7652413,7654123	1234765,1237654,1243765,1247365,1247635,1324765,1376542,1425763,1427563,1427653,1432567,1452673,1452763,1524673,1526743,1527364,1542673,1542763,1574362,1623475,1623745,1624375,1642375,1736542,1743562,1743652,1745362,1763542,1765342,2347165,2347615,2371645,2374165,2376514,2437165,2437615,2467153,2473615,2476135,2476315,2547631,2561437,2576143,2671453,2671543,2674153,2736154,2756143,2761453,2761543,2765143,3124765,3247615,3254761,3256147,3417652,3471625,3476125,3541762,3561742,3612475,3615274,3615742,3617452,3651742,3654172,3716245,3716425,3741625,3761245,3765124,3765412,4137652,4152673,4162375,4173652,4176352,4176532,4237165,4257613,4267153,4275613,4276153,4276513,4325617,4356172,4361572,4365172,4371625,4376125,4526713,4527613,4536172,4671523,4716235,4736125,4761235,4761325,4763125,4763251,5123764,5142763,5174362,5246713,5267143,5267413,5273614,5276143,5341762,5361742,5413762,5417362,5417632,5426713,5427613,5476321,5614273,5614327,5617432,5743612,5761423,6123475,6124375,6124735,6132475,6142573,6142753,6143257,6145273,6152734,6154273,6157432,6174352,6174532,6234715,6237415,6243715,6312475,6325471,6354172,6423715,6512374,6514273,6517432,6534172,6541372,6541732,6714523,6715243,6715423,6741523,7145263,7152463,7154263,7162345,7162435,7164235,7361245,7361524,7365412,7415263,7416235,7435612,7436152,7436512,7453612,7561423,7612345,7612435,7613245,7614253,7614523,7615423,7631245,7632541,7635412,7651234,7651423,7653412,7654132			1	6f923e4a46b6	5906.up-377da0a3c300.txt~5906.up-d1489855deef.txt
8d51e0d74976	7	1234567,1245763,1247563,1247653,1254763,1342765,1352674,1376542,1423765,1427365,1427635,1432765,1437652,1523674,1524763,1526734,1532674,1547362,1574362,1623574,1623754,1625374,1652374,1736542,1743562,1743652,1745362,1763542,1765342,2345617,2357164,2367154,2371654,2375164,2376145,2457613,2475613,2476153,2476513,2537164,2547613,2671354,2671534,2673154,2736145,2761345,2761435,2763145,2763451,3142765,3152674,3267154,3276145,3417652,3427615,3452761,3456127,3526714,3541762,3561742,3571624,3614275,3615472,3615742,3617452,3651742,3654172,3671524,3716254,3716524,3751624,3761425,3765142,3765412,4137652,4173652,4176352,4176532,4237615,4273615,4276135,4276315,4327615,4356172,4361572,4365172,4376512,4527631,4536172,4561237,4576123,4736152,4756123,4761253,4761523,4765123,5124763,5143762,5162374,5174362,5236714,5237164,5247613,5267134,5267314,5276341,5326714,5341762,5361742,5371624,5413762,5417362,5417632,5473612,5476123,5612347,5612473,5617432,5716234,5743612,5761243,6123457,6124573,6124753,6125473,6134275,6142375,6142735,6143275,6152473,6154732,6157432,6174352,6174532,6235714,6237514,6253714,6314275,6345271,6354172,6512473,6514372,6517432,6523714,6534172,6541372,6541732,6713524,6715234,6715324,6731524,7135264,7152364,7153264,7162354,7162534,7165234,7315264,7361425,7361542,7365412,7435612,7436152,7436512,7453612,7516234,7561243,7612453,7612543,7613425,7614235,7614325,7615243,7631425,7634521,7635412,7651243,7651432,7653412,7654132	1234765,1237654,1243765,1247365,1247635,1274365,1276543,1324765,1425763,1427563,1427653,1432567,1452673,1452763,1524673,1526743,1527364,1542673,1542763,1623475,1623745,1624375,1642375,1726543,1742365,1743265,1743625,1762543,1765243,2174365,2347165,2347615,2361745,2371645,2374165,2376514,2417653,2437165,2437615,2467153,2473615,2476135,2476315,2541763,2547631,2561437,2576143,2617435,2654173,2671453,2671543,2674153,2736154,2743615,2756143,2761453,2761543,2765143,2765413,3124765,3247615,3254761,3256147,3261745,3471625,3476125,3612475,3612745,3615274,3617425,3621745,3716245,3716425,3741625,3761245,3765124,4127653,4152673,4162375,4172653,4176253,4176523,4236175,4237165,4257613,4267153,4275613,4276153,4276513,4325617,4326175,4361275,4362175,4371625,4376125,4526713,4527613,4671523,4716235,4736125,4761235,4761325,4763125,4763251,5123764,5142763,5241763,5246713,5267143,5267413,5273614,5276143,5412763,5417263,5417623,5426713,5427613,5476321,5614273,5614327,5761423,6123475,6124375,6124735,6127435,6132475,6142573,6142753,6143257,6145273,6152734,6154273,6174235,6174325,6217435,6234715,6237415,6243715,6254173,6312475,6325471,6423715,6512374,6514273,6524173,6541273,6541723,6714523,6715243,6715423,6741523,7145263,7152463,7154263,7162345,7162435,7164235,7265413,7361245,7361524,7415263,7416235,7423615,7432615,7436125,7436215,7561423,7612345,7612435,7613245,7614253,7614523,7615423,7625413,7631245,7632541,7651234,7651423,7652413,7654123			1	e21901d90bf3	5906.up-6597315411ea.txt~5906.up-f2c7804be474.txt
0b34b5c6c34a	7	1234765,1237654,1243765,1247365,1247635,1274365,1276543,1324765,1425763,1427563,1427653,1432567,1452673,1452763,1524673,1526743,1527364,1542673,1542763,1623475,1623745,1624375,1642375,1726543,1742365,1743265,1743625,1762543,1765243,2174365,2347165,2347615,2361745,2371645,2374165,2376514,2417653,2437165,2437615,2467153,2473615,2476135,2476315,2541763,2547631,2561437,2576143,2617435,2654173,2671453,2671543,2674153,2736154,2743615,2756143,2761453,2761543,2765143,2765413,3124765,3247615,3254761,3256147,3261745,3471625,3476125,3612475,3612745,3615274,3617425,3621745,3716245,3716425,3741625,3761245,3765124,4127653,4152673,4162375,4172653,4176253,4176523,4236175,4237165,4257613,4267153,4275613,4276153,4276513,4325617,4326175,4361275,4362175,4371625,4376125,4526713,4527613,4671523,4716235,4736125,4761235,4761325,4763125,4763251,5123764,5142763,5241763,5246713,5267143,5267413,5273614,5276143,5412763,5417263,5417623,5426713,5427613,5476321,5614273,5614327,5761423,6123475,6124375,6124735,6127435,6132475,6142573,6142753,6143257,6145273,6152734,6154273,6174235,6174325,6217435,6234715,6237415,6243715,6254173,6312475,6325471,6423715,6512374,6514273,6524173,6541273,6541723,6714523,6715243,6715423,6741523,7145263,7152463,7154263,7162345,7162435,7164235,7265413,7361245,7361524,7415263,7416235,7423615,7432615,7436125,7436215,7561423,7612345,7612435,7613245,7614253,7614523,7615423,7625413,7631245,7632541,7651234,7651423,7652413,7654123	1234567,1245763,1247563,1247653,1254763,1342765,1352674,1376542,1423765,1427365,1427635,1432765,1437652,1523674,1524763,1526734,1532674,1547362,1574362,1623574,1623754,1625374,1652374,1736542,1743562,1743652,1745362,1763542,1765342,2345617,2357164,2367154,2371654,2375164,2376145,2457613,2475613,2476153,2476513,2537164,2547613,2671354,2671534,2673154,2736145,2761345,2761435,2763145,2763451,3142765,3152674,3267154,3276145,3417652,3427615,3452761,3456127,3526714,3541762,3561742,3571624,3614275,3615472,3615742,3617452,3651742,3654172,3671524,3716254,3716524,3751624,3761425,3765142,3765412,4137652,4173652,4176352,4176532,4237615,4273615,4276135,4276315,4327615,4356172,4361572,4365172,4376512,4527631,4536172,4561237,4576123,4736152,4756123,4761253,4761523,4765123,5124763,5143762,5162374,5174362,5236714,5237164,5247613,5267134,5267314,5276341,5326714,5341762,5361742,5371624,5413762,5417362,5417632,5473612,5476123,5612347,5612473,5617432,5716234,5743612,5761243,6123457,6124573,6124753,6125473,6134275,6142375,6142735,6143275,6152473,6154732,6157432,6174352,6174532,6235714,6237514,6253714,6314275,6345271,6354172,6512473,6514372,6517432,6523714,6534172,6541372,6541732,6713524,6715234,6715324,6731524,7135264,7152364,7153264,7162354,7162534,7165234,7315264,7361425,7361542,7365412,7435612,7436152,7436512,7453612,7516234,7561243,7612453,7612543,7613425,7614235,7614325,7615243,7631425,7634521,7635412,7651243,7651432,7653412,7654132			1	e21901d90bf3	5906.up-6597315411ea.txt~5906.up-f2c7804be474.txt
54df7d6885d9	7	1234765,1237654,1243765,1247365,1247635,1274365,1276543,1324765,1352674,1425763,1427563,1427653,1432567,1452763,1523674,1526734,1527364,1532674,1542763,1623574,1623754,1625374,1652374,1726543,1742365,1743265,1743625,1762543,1765243,2174365,2347615,2357164,2361745,2367154,2371654,2375164,2376514,2417653,2437615,2473615,2476135,2476315,2537164,2541763,2547631,2561437,2576143,2617435,2654173,2671354,2671534,2673154,2736154,2743615,2756143,2761453,2761543,2765143,2765413,3124765,3152674,3247615,3254761,3256147,3261745,3267154,3476125,3526714,3571624,3612475,3612745,3615274,3617425,3621745,3671524,3716254,3716524,3751624,3761245,3765124,4127653,4172653,4176253,4176523,4236175,4257613,4275613,4276153,4276513,4325617,4326175,4361275,4362175,4376125,4527613,4736125,4761235,4761325,4763125,4763251,5123764,5142763,5162374,5236714,5237164,5241763,5267134,5267314,5273614,5276143,5326714,5371624,5412763,5417263,5417623,5427613,5476321,5614273,5614327,5716234,5761423,6123475,6124375,6124735,6127435,6132475,6142573,6142753,6143257,6145273,6152734,6154273,6174235,6174325,6217435,6235714,6237514,6253714,6254173,6312475,6325471,6512374,6514273,6523714,6524173,6541273,6541723,6713524,6715234,6715324,6731524,7135264,7152364,7153264,7162354,7162534,7165234,7265413,7315264,7361245,7361524,7423615,7432615,7436125,7436215,7516234,7561423,7612345,7612435,7613245,7614253,7614523,7615423,7625413,7631245,7632541,7651234,7651423,7652413,7654123	1234567,1245763,1247563,1247653,1254763,1342765,1376542,1423765,1427365,1427635,1432765,1437652,1452673,1524673,1524763,1526743,1542673,1547362,1574362,1623475,1623745,1624375,1642375,1736542,1743562,1743652,1745362,1763542,1765342,2345617,2347165,2371645,2374165,2376145,2437165,2457613,2467153,2475613,2476153,2476513,2547613,2671453,2671543,2674153,2736145,2761345,2761435,2763145,2763451,3142765,3276145,3417652,3427615,3452761,3456127,3471625,3541762,3561742,3614275,3615472,3615742,3617452,3651742,3654172,3716245,3716425,3741625,3761425,3765142,3765412,4137652,4152673,4162375,4173652,4176352,4176532,4237165,4237615,4267153,4273615,4276135,4276315,4327615,4356172,4361572,4365172,4371625,4376512,4526713,4527631,4536172,4561237,4576123,4671523,4716235,4736152,4756123,4761253,4761523,4765123,5124763,5143762,5174362,5246713,5247613,5267143,5267413,5276341,5341762,5361742,5413762,5417362,5417632,5426713,5473612,5476123,5612347,5612473,5617432,5743612,5761243,6123457,6124573,6124753,6125473,6134275,6142375,6142735,6143275,6152473,6154732,6157432,6174352,6174532,6234715,6237415,6243715,6314275,6345271,6354172,6423715,6512473,6514372,6517432,6534172,6541372,6541732,6714523,6715243,6715423,6741523,7145263,7152463,7154263,7162345,7162435,7164235,7361425,7361542,7365412,7415263,7416235,7435612,7436152,7436512,7453612,7561243,7612453,7612543,7613425,7614235,7614325,7615243,7631425,7634521,7635412,7651243,7651432,7653412,7654132			1	131202c1944d	5906.up-72482a71c81e.txt~5906.up-c3afee7ed153.txt
92fb5307eb65	7	1234567,1245763,1247563,1247653,1254763,1342765,1376542,1423765,1427365,1427635,1432765,1437652,1452673,1524673,1524763,1526743,1542673,1547362,1574362,1623475,1623745,1624375,1642375,1736542,1743562,1743652,1745362,1763542,1765342,2345617,2347165,2371645,2374165,2376145,2437165,2457613,2467153,2475613,2476153,2476513,2547613,2671453,2671543,2674153,2736145,2761345,2761435,2763145,2763451,3142765,3276145,3417652,3427615,3452761,3456127,3471625,3541762,3561742,3614275,3615472,3615742,3617452,3651742,3654172,3716245,3716425,3741625,3761425,3765142,3765412,4137652,4152673,4162375,4173652,4176352,4176532,4237165,4237615,4267153,4273615,4276135,4276315,4327615,4356172,4361572,4365172,4371625,4376512,4526713,4527631,4536172,4561237,4576123,4671523,4716235,4736152,4756123,4761253,4761523,4765123,5124763,5143762,5174362,5246713,5247613,5267143,5267413,5276341,5341762,5361742,5413762,5417362,5417632,5426713,5473612,5476123,5612347,5612473,5617432,5743612,5761243,6123457,6124573,6124753,6125473,6134275,6142375,6142735,6143275,6152473,6154732,6157432,6174352,6174532,6234715,6237415,6243715,6314275,6345271,6354172,6423715,6512473,6514372,6517432,6534172,6541372,6541732,6714523,6715243,6715423,6741523,7145263,7152463,7154263,7162345,7162435,7164235,7361425,7361542,7365412,7415263,7416235,7435612,7436152,7436512,7453612,7561243,7612453,7612543,7613425,7614235,7614325,7615243,7631425,7634521,7635412,7651243,7651432,7653412,7654132	1234765,1237654,1243765,1247365,1247635,1274365,1276543,1324765,1352674,1425763,1427563,1427653,1432567,1452763,1523674,1526734,1527364,1532674,1542763,1623574,1623754,1625374,1652374,1726543,1742365,1743265,1743625,1762543,1765243,2174365,2347615,2357164,2361745,2367154,2371654,2375164,2376514,2417653,2437615,2473615,2476135,2476315,2537164,2541763,2547631,2561437,2576143,2617435,2654173,2671354,2671534,2673154,2736154,2743615,2756143,2761453,2761543,2765143,2765413,3124765,3152674,3247615,3254761,3256147,3261745,3267154,3476125,3526714,3571624,3612475,3612745,3615274,3617425,3621745,3671524,3716254,3716524,3751624,3761245,3765124,4127653,4172653,4176253,4176523,4236175,4257613,4275613,4276153,4276513,4325617,4326175,4361275,4362175,4376125,4527613,4736125,4761235,4761325,4763125,4763251,5123764,5142763,5162374,5236714,5237164,5241763,5267134,5267314,5273614,5276143,5326714,5371624,5412763,5417263,5417623,5427613,5476321,5614273,5614327,5716234,5761423,6123475,6124375,6124735,6127435,6132475,6142573,6142753,6143257,6145273,6152734,6154273,6174235,6174325,6217435,6235714,6237514,6253714,6254173,6312475,6325471,6512374,6514273,6523714,6524173,6541273,6541723,6713524,6715234,6715324,6731524,7135264,7152364,7153264,7162354,7162534,7165234,7265413,7315264,7361245,7361524,7423615,7432615,7436125,7436215,7516234,7561423,7612345,7612435,7613245,7614253,7614523,7615423,7625413,7631245,7632541,7651234,7651423,7652413,7654123			1	131202c1944d	5906.up-72482a71c81e.txt~5906.up-c3afee7ed153.txt
9b8ddcec1214	7	1235764,1237564,1273564,1367254,1536724,1672534,1723564,1725364,2153674,2356174,2357614,2375614,2513674,2531674,2536174,2735614,3167254,3561274,3561724,3576124,3617254,3672154,3672514,3756124,5136724,5316724,5361724,5367214,5612374,5612734,5617234,5761234,6123574,6123754,6127354,6172354,6172534,6721534,6725134,6725314,7215364,7235614,7251364,7253164,7253614,7356124,7561234,7612354	1234567,1235467,1243567,1423567,2345617,2354617,2356147,2435617,2453671,2534671,2536471,2543671,3456127,3467251,3546127,3561247,3561427,3647251,3672451,3672541,4235617,4356127,4367251,4536721,4561237,4612357,4672531,4725361,5346721,5364721,5367241,5436721,5461237,5612347,5612437,5614237,6123457,6123547,6124357,6142357,6472531,6724531,6725341,6725431,7245361,7253461,7253641,7254361			1	e738ed0dd2de	5906.up-02d771908307.txt~5906.up-9a915a83c416.txt
d6f9e3aaed73	7	1234567,1235467,1243567,1423567,2345617,2354617,2356147,2435617,2453671,2534671,2536471,2543671,3456127,3467251,3546127,3561247,3561427,3647251,3672451,3672541,4235617,4356127,4367251,4536721,4561237,4612357,4672531,4725361,5346721,5364721,5367241,5436721,5461237,5612347,5612437,5614237,6123457,6123547,6124357,6142357,6472531,6724531,6725341,6725431,7245361,7253461,7253641,7254361	1235764,1237564,1273564,1367254,1536724,1672534,1723564,1725364,2153674,2356174,2357614,2375614,2513674,2531674,2536174,2735614,3167254,3561274,3561724,3576124,3617254,3672154,3672514,3756124,5136724,5316724,5361724,5367214,5612374,5612734,5617234,5761234,6123574,6123754,6127354,6172354,6172534,6721534,6725134,6725314,7215364,7235614,7251364,7253164,7253614,7356124,7561234,7612354			1	e738ed0dd2de	5906.up-02d771908307.txt~5906.up-9a915a83c416.txt
a5bfbb3d0e8e	7	1234765,1237654,1327546,1472365,1632745,1652347,1674325,1723465,1724356,1742356,1746325,1753264,1753624,2167435,2174635,2175364,2341657,2346175,2347615,2351746,2361475,2376514,2435176,2547631,2617534,2741635,2754136,3216745,3217465,3254761,3261754,3274165,3275416,3416527,3461725,3476125,3517246,3517426,3614725,3621754,3765124,4132756,4163275,4165237,4235176,4321675,4351726,4617235,4632175,4723615,4761235,4763251,5123764,5172436,5174236,5234167,5326174,5362174,5413276,5476321,6123475,6147235,6172345,6175324,6217534,6321745,6325471,6327415,6512374,6523417,6743215,7234615,7236145,7243516,7416325,7423516,7432165,7463215,7532614,7536214,7541326,7612345,7632541,7651234	1234567,1254763,1632547,1652743,1723564,1723654,1745326,1746352,1753462,1753642,1754326,1764352,2174536,2175436,2345617,2347651,2356174,2365174,2541637,2547613,2741653,2745631,3217456,3217546,3254167,3274561,3456127,3461752,3476521,3517462,3517642,3561724,3641752,3651724,4163257,4165273,4175362,4321756,4351762,4532176,4561237,4563271,4617532,4635172,4761253,4765231,5172364,5174632,5176432,5234761,5274163,5321746,5346172,5364172,5416327,5432176,5476123,5612347,5617234,5632741,6123457,6125473,6172354,6175342,6325417,6327451,6351742,6417532,6435172,6517234,6523471,6527413,7235614,7236514,7416523,7453216,7456321,7463512,7534612,7536412,7543216,7612543,7643512,7652341			1	0f56aef57ca4	5906.up-3de4f10d5095.txt~5906.up-a235b0e09b6c.txt
261467a93592	7	1234567,1254763,1632547,1652743,1723564,1723654,1745326,1746352,1753462,1753642,1754326,1764352,2174536,2175436,2345617,2347651,2356174,2365174,2541637,2547613,2741653,2745631,3217456,3217546,3254167,3274561,3456127,3461752,3476521,3517462,3517642,3561724,3641752,3651724,4163257,4165273,4175362,4321756,4351762,4532176,4561237,4563271,4617532,4635172,4761253,4765231,5172364,5174632,5176432,5234761,5274163,5321746,5346172,5364172,5416327,5432176,5476123,5612347,5617234,5632741,6123457,6125473,6172354,6175342,6325417,6327451,6351742,6417532,6435172,6517234,6523471,6527413,7235614,7236514,7416523,7453216,7456321,7463512,7534612,7536412,7543216,7612543,7643512,7652341	1234765,1237654,1327546,1472365,1632745,1652347,1674325,1723465,1724356,1742356,1746325,1753264,1753624,2167435,2174635,2175364,2341657,2346175,2347615,2351746,2361475,2376514,2435176,2547631,2617534,2741635,2754136,3216745,3217465,3254761,3261754,3274165,3275416,3416527,3461725,3476125,3517246,3517426,3614725,3621754,3765124,4132756,4163275,4165237,4235176,4321675,4351726,4617235,4632175,4723615,4761235,4763251,5123764,5172436,5174236,5234167,5326174,5362174,5413276,5476321,6123475,6147235,6172345,6175324,6217534,6321745,6325471,6327415,6512374,6523417,6743215,7234615,7236145,7243516,7416325,7423516,7432165,7463215,7532614,7536214,7541326,7612345,7632541,7651234			1	0f56aef57ca4	5906.up-3de4f10d5095.txt~5906.up-a235b0e09b6c.txt
d4745416b283	7	1234765,1237654,1327546,1472365,1632745,1652347,1674325,1723465,1724356,1742356,1746325,1753264,1753624,1756342,1763452,1763542,1765342,2167435,2174635,2175364,2341657,2346175,2347615,2351746,2361475,2376514,2435176,2547631,2617534,2741635,2754136,3216745,3217465,3254761,3261754,3274165,3275416,3416527,3417562,3417652,3451762,3461725,3476125,3517246,3517426,3541762,3614725,3621754,3765124,4132756,4163275,4165237,4175632,4176352,4176532,4235176,4321675,4351726,4517632,4617235,4632175,4723615,4761235,4763251,5123764,5172436,5174236,5176342,5234167,5326174,5341762,5362174,5413276,5417632,5476321,5634172,6123475,6147235,6172345,6175324,6217534,6321745,6325471,6327415,6341752,6345172,6354172,6512374,6523417,6534172,6743215,7234615,7236145,7243516,7416325,7423516,7432165,7463215,7532614,7536214,7541326,7563412,7612345,7632541,7634512,7635412,7651234,7653412	1234567,1254763,1632547,1652743,1723564,1723654,1726345,1745326,1746352,1753462,1753642,1754326,1762345,1763245,1763425,1764352,2174536,2175436,2176345,2341765,2345617,2347651,2356174,2365174,2417635,2541637,2547613,2634175,2741653,2745631,3217456,3217546,3241765,3254167,3274561,3417265,3417625,3421765,3456127,3461752,3476521,3517462,3517642,3561724,3641752,3651724,4163257,4165273,4172635,4175362,4176235,4176325,4217635,4321756,4351762,4532176,4561237,4563271,4617532,4635172,4761253,4765231,5172364,5174632,5176432,5234761,5274163,5321746,5346172,5364172,5416327,5432176,5476123,5612347,5617234,5632741,6123457,6125473,6172354,6175342,6234175,6324175,6325417,6327451,6341725,6342175,6351742,6417532,6435172,6517234,6523471,6527413,7235614,7236514,7263415,7416523,7453216,7456321,7463512,7534612,7536412,7543216,7612543,7623415,7632415,7634215,7643512,7652341			1	204c420db4c9	5906.up-3de4f10d5095.txt~5906.up-abe33e328763.txt
8ef3666ccfd4	7	1234567,1254763,1632547,1652743,1723564,1723654,1726345,1745326,1746352,1753462,1753642,1754326,1762345,1763245,1763425,1764352,2174536,2175436,2176345,2341765,2345617,2347651,2356174,2365174,2417635,2541637,2547613,2634175,2741653,2745631,3217456,3217546,3241765,3254167,3274561,3417265,3417625,3421765,3456127,3461752,3476521,3517462,3517642,3561724,3641752,3651724,4163257,4165273,4172635,4175362,4176235,4176325,4217635,4321756,4351762,4532176,4561237,4563271,4617532,4635172,4761253,4765231,5172364,5174632,5176432,5234761,5274163,5321746,5346172,5364172,5416327,5432176,5476123,5612347,5617234,5632741,6123457,6125473,6172354,6175342,6234175,6324175,6325417,6327451,6341725,6342175,6351742,6417532,6435172,6517234,6523471,6527413,7235614,7236514,7263415,7416523,7453216,7456321,7463512,7534612,7536412,7543216,7612543,7623415,7632415,7634215,7643512,7652341	1234765,1237654,1327546,1472365,1632745,1652347,1674325,1723465,1724356,1742356,1746325,1753264,1753624,1756342,1763452,1763542,1765342,2167435,2174635,2175364,2341657,2346175,2347615,2351746,2361475,2376514,2435176,2547631,2617534,2741635,2754136,3216745,3217465,3254761,3261754,3274165,3275416,3416527,3417562,3417652,3451762,3461725,3476125,3517246,3517426,3541762,3614725,3621754,3765124,4132756,4163275,4165237,4175632,4176352,4176532,4235176,4321675,4351726,4517632,4617235,4632175,4723615,4761235,4763251,5123764,5172436,5174236,5176342,5234167,5326174,5341762,5362174,5413276,5417632,5476321,5634172,6123475,6147235,6172345,6175324,6217534,6321745,6325471,6327415,6341752,6345172,6354172,6512374,6523417,6534172,6743215,7234615,7236145,7243516,7416325,7423516,7432165,7463215,7532614,7536214,7541326,7563412,7612345,7632541,7634512,7635412,7651234,7653412			1	204c420db4c9	5906.up-3de4f10d5095.txt~5906.up-abe33e328763.txt
2ca0aa902a05	7	1243576,1243657,1245763,1246357,1247563,1253467,1253647,1254367,1264357,1275364,1324756,1325764,1326574,1327546,1342756,1347526,1357246,1357426,1365742,1367254,1372654,1374526,1375246,1375426,1376254,1435726,1452736,1457236,1473256,1475632,1476523,1523674,1523764,1524736,1526374,1527346,1527436,1537246,1537426,1542367,1542736,1546723,1547263,1547623,1562374,1563472,1564723,1567324,1572346,1572436,1573264,1574236,1576324,1632574,1637452,1652374,1652437,1657324,1673452,1673524,1675234,1675324,1732546,1735264,1743256,1743562,1746523,1752364,1752634,1753264,1753624,1756234,1764523,1765243,2134756,2135746,2137456,2137546,2143576,2147653,2153746,2154673,2154763,2156473,2156734,2157634,2165734,2167354,2167534,2174653,2175364,2176453,2314576,2315746,2316754,2317564,2341576,2345761,2361547,2361754,2367154,2371564,2371654,2376154,2413576,2413756,2415376,2417653,2431576,2431657,2435716,2436517,2453671,2457613,2463517,2473156,2475136,2475613,2513674,2513764,2514736,2517436,2534617,2536417,2541736,2543617,2563741,2567341,2571634,2576134,2615473,2615734,2617354,2617534,2631754,2637154,2643517,2651374,2657134,2675431,2731456,2731546,2734156,2743156,2751346,2753614,2754136,2763451,3145276,3145726,3147562,3152476,3152746,3154276,3157246,3157426,3165247,3167524,3175264,3175624,3215674,3215764,3216574,3216754,3247516,3251476,3251746,3254176,3257164,3257614,3261574,3261754,3265714,3267541,3275416,3415276,3415726,3425671,3427516,3451672,3452761,3457621,3461257,3471562,3475216,3512467,3512647,3521674,3526174,3561742,3571246,3572146,3572416,3574216,3612547,3612754,3615427,3617524,3621754,3641257,3651247,3657412,3671524,3672451,3672514,3715264,3715624,3716524,3724156,3726514,3742156,3742561,3745162,3745216,3752416,3754216,3761524,3762514,4125367,4132756,4135726,4136572,4137526,4152736,4153726,4157236,4173256,4176523,4213576,4213756,4215376,4231576,4236157,4256371,4256731,4273156,4275136,4315276,4315726,4316527,4325176,4326751,4351267,4356172,4357126,4357216,4361257,4365127,4516372,4516732,4521376,4521763,4527316,4527631,4536721,4572316,4576123,4576231,4612537,4635127,4652173,4672153,4715632,4721563,4726153,4731526,4732516,4751326,4752136,4756123,4756312,4762153,4765213,5124367,5124637,5126437,5132476,5134276,5136724,5137264,5137624,5147326,5163742,5167342,5174326,5213476,5213746,5214763,5216734,5217463,5217643,5231674,5236174,5236714,5237164,5237614,5241376,5241763,5243167,5247316,5261734,5263174,5263714,5273146,5273416,5274316,5276341,5321674,5326174,5346127,5361274,5362174,5364127,5367241,5372416,5374216,5413276,5417326,5421376,5423617,5427316,5432671,5436127,5467213,5472613,5476213,5612473,5617432,5623174,5623714,5631472,5634712,5637421,5647213,5673214,5673421,5712436,5713264,5716324,5721436,5723146,5723416,5724136,5724316,5732164,5732614,5741362,5742136,5742316,5761243,5761324,5762341,5763214,6124573,6124753,6125347,6125437,6127534,6132574,6152374,6154237,6154723,6157324,6173524,6174352,6175234,6175324,6215473,6217534,6231754,6234571,6237154,6251374,6314752,6317524,6321574,6325714,6345271,6347152,6351247,6371524,6374251,6374512,6412537,6435127,6452173,6472153,6512437,6513724,6521473,6521743,6523714,6524173,6524317,6571324,6573214,6574132,6715234,6721543,6724531,6725134,6732154,6734251,6734512,6735214,6752314,6753214,6754321,7124356,7132654,7152364,7152634,7156234,7156342,7163254,7165234,7214356,7215463,7215643,7231456,7234156,7241356,7241536,7243156,7245361,7251364,7261543,7265134,7314526,7315246,7315426,7321564,7321654,7325146,7325416,7326154,7341526,7342561,7345162,7352164,7352614,7413652,7421356,7421536,7423156,7425631,7431526,7432516,7435612,7451632,7452136,7465213,7513246,7513426,7521346,7523164,7523614,7524136,7526314,7532164,7532614,7536124,7536214,7541326,7542136,7543261,7561243,7562314,7563142,7612453,7613254,7615234,7621543,7623451,7625134,7632154,7634521,7645213,7652143,7652413	1243567,1243756,1245367,1247356,1253674,1253764,1257364,1274356,1324576,1327564,1346752,1347652,1354267,1356724,1357624,1364752,1367425,1367542,1374652,1375264,1375624,1376452,1376542,1425637,1452376,1452637,1457326,1473526,1475236,1475326,1523476,1523746,1524376,1526734,1527364,1527634,1536724,1537264,1537624,1542376,1542763,1562347,1562734,1563724,1567234,1572364,1572634,1573246,1576234,1623457,1637425,1652473,1652734,1653247,1657234,1672453,1673425,1674325,1734526,1735246,1742563,1743526,1745236,1745326,1752346,1752436,1753462,1753642,1754236,1754362,2135674,2135764,2136745,2137564,2145736,2147356,2147536,2153674,2153764,2156374,2163745,2167345,2167435,2173456,2174356,2174536,2314756,2315674,2315764,2316574,2317456,2317546,2341567,2341756,2345167,2347156,2361574,2371456,2371546,2374156,2415736,2416537,2417356,2431756,2435617,2436571,2437156,2437516,2451673,2453617,2457136,2463571,2471653,2473516,2536714,2537614,2546731,2547631,2561743,2563147,2564731,2573614,2574631,2576431,2613547,2613754,2615374,2631457,2631574,2643571,2654731,2657431,2673154,2731564,2731654,2736154,2743516,2756134,2761543,2763154,3142567,3145267,3147526,3152674,3152764,3156274,3156724,3157264,3157624,3165274,3165724,3174526,3175246,3175426,3214576,3214756,3216745,3217456,3241576,3241657,3245716,3254671,3254761,3256471,3257461,3257641,3265471,3265741,3275614,3412567,3415627,3417526,3421675,3451267,3451627,3452176,3461752,3467512,3471526,3476512,3512476,3512746,3521476,3521746,3524176,3542617,3567214,3572461,3572641,3576214,3612574,3615274,3615724,3617542,3641752,3647512,3657241,3671254,3672154,3674215,3675412,3714526,3715246,3715426,3721564,3726154,3741526,3742165,3746512,3751246,3752614,3756214,3761254,3762154,3764512,3765412,4125637,4136752,4137652,4152376,4156237,4157326,4165327,4173526,4175236,4175362,4213675,4216375,4216735,4231756,4237156,4256173,4256317,4261357,4276153,4317526,4321675,4325761,4326571,4351276,4352176,4356127,4357261,4361752,4365721,4371526,4375126,4512637,4513762,4516237,4516723,4521736,4523176,4523716,4526317,4532176,4536127,4571326,4573216,4617532,4632571,4635721,4651372,4673251,4675132,4715236,4716523,4732561,4732651,4735126,4735216,4751362,4752316,4753216,4763251,4765132,5124376,5124736,5126347,5127436,5134672,5134762,5136472,5137462,5137642,5162347,5167243,5214736,5217346,5217436,5231476,5231746,5234176,5234716,5237146,5237416,5241736,5243176,5243716,5247163,5261374,5263147,5267314,5273164,5273614,5276314,5321476,5321746,5324167,5346172,5361247,5364172,5367124,5367214,5372614,5376124,5376214,5413672,5413762,5423176,5423716,5426137,5427613,5436172,5467321,5473261,5476321,5612347,5613274,5617423,5621374,5623417,5627314,5631247,5631427,5637214,5647321,5672134,5672314,5713246,5723164,5723614,5724361,5724631,5726314,5726431,5732146,5732416,5736124,5743261,5746321,5762134,5762314,5764321,6123457,6124357,6125374,6125734,6132754,6135427,6137524,6152734,6153724,6154273,6157234,6174253,6175342,6175432,6213574,6213754,6215374,6231574,6234157,6234517,6273154,6312457,6314257,6314527,6315274,6315724,6325471,6325741,6341257,6357241,6372154,6374215,6417532,6432571,6435721,6451372,6473251,6475132,6513472,6513742,6524713,6527314,6532417,6541372,6547321,6572314,6572431,6574321,6712534,6721354,6721534,6723154,6724513,6731524,6732541,6734215,6742135,6743215,6751342,6754132,7125364,7132456,7145236,7152346,7152436,7154236,7165243,7213564,7215364,7215634,7231564,7231654,7236154,7243651,7245163,7246351,7261534,7263154,7264351,7315264,7315624,7316524,7321456,7324156,7325461,7325641,7326541,7342165,7345216,7351246,7352146,7352416,7361254,7361524,7415236,7421365,7421635,7425613,7432165,7432651,7435126,7435216,7452316,7453216,7463251,7465132,7512436,7513462,7513642,7523146,7523416,7524316,7526134,7532146,7534612,7536412,7541362,7542316,7543612,7561324,7562134,7612534,7615423,7621354,7621534,7623154,7631524,7632541,7643251,7645132,7651342,7654132	7431256>1256347,7456312>6312547,7463125>3125647,7534126>4126357,7541263>1263457,7563412>3412657,7634512>4512367,7645123>5123467,7651234>1234567	7435612>5612347,7536124>6124357,7631245>1245367	1	33dc9d2b7ccf	5906.up-0a065898a821.txt~5906.up-63a938be8d73.txt
339d7fc0a36e	7	1243567,1243756,1245367,1247356,1253674,1253764,1257364,1274356,1324576,1327564,1346752,1347652,1354267,1356724,1357624,1364752,1367425,1367542,1374652,1375264,1375624,1376452,1376542,1425637,1452376,1452637,1457326,1473526,1475236,1475326,1523476,1523746,1524376,1526734,1527364,1527634,1536724,1537264,1537624,1542376,1542763,1562347,1562734,1563724,1567234,1572364,1572634,1573246,1576234,1623457,1637425,1652473,1652734,1653247,1657234,1672453,1673425,1674325,1734526,1735246,1742563,1743526,1745236,1745326,1752346,1752436,1753462,1753642,1754236,1754362,2135674,2135764,2136745,2137564,2145736,2147356,2147536,2153674,2153764,2156374,2163745,2167345,2167435,2173456,2174356,2174536,2314756,2315674,2315764,2316574,2317456,2317546,2341567,2341756,2345167,2347156,2361574,2371456,2371546,2374156,2415736,2416537,2417356,2431756,2435617,2436571,2437156,2437516,2451673,2453617,2457136,2463571,2471653,2473516,2536714,2537614,2546731,2547631,2561743,2563147,2564731,2573614,2574631,2576431,2613547,2613754,2615374,2631457,2631574,2643571,2654731,2657431,2673154,2731564,2731654,2736154,2743516,2756134,2761543,2763154,3142567,3145267,3147526,3152674,3152764,3156274,3156724,3157264,3157624,3165274,3165724,3174526,3175246,3175426,3214576,3214756,3216745,3217456,3241576,3241657,3245716,3254671,3254761,3256471,3257461,3257641,3265471,3265741,3275614,3412567,3415627,3417526,3421675,3451267,3451627,3452176,3461752,3467512,3471526,3476512,3512476,3512746,3521476,3521746,3524176,3542617,3567214,3572461,3572641,3576214,3612574,3615274,3615724,3617542,3641752,3647512,3657241,3671254,3672154,3674215,3675412,3714526,3715246,3715426,3721564,3726154,3741526,3742165,3746512,3751246,3752614,3756214,3761254,3762154,3764512,3765412,4125637,4136752,4137652,4152376,4156237,4157326,4165327,4173526,4175236,4175362,4213675,4216375,4216735,4231756,4237156,4256173,4256317,4261357,4276153,4317526,4321675,4325761,4326571,4351276,4352176,4356127,4357261,4361752,4365721,4371526,4375126,4512637,4513762,4516237,4516723,4521736,4523176,4523716,4526317,4532176,4536127,4571326,4573216,4617532,4632571,4635721,4651372,4673251,4675132,4715236,4716523,4732561,4732651,4735126,4735216,4751362,4752316,4753216,4763251,4765132,5124376,5124736,5126347,5127436,5134672,5134762,5136472,5137462,5137642,5162347,5167243,5214736,5217346,5217436,5231476,5231746,5234176,5234716,5237146,5237416,5241736,5243176,5243716,5247163,5261374,5263147,5267314,5273164,5273614,5276314,5321476,5321746,5324167,5346172,5361247,5364172,5367124,5367214,5372614,5376124,5376214,5413672,5413762,5423176,5423716,5426137,5427613,5436172,5467321,5473261,5476321,5612347,5613274,5617423,5621374,5623417,5627314,5631247,5631427,5637214,5647321,5672134,5672314,5713246,5723164,5723614,5724361,5724631,5726314,5726431,5732146,5732416,5736124,5743261,5746321,5762134,5762314,5764321,6123457,6124357,6125374,6125734,6132754,6135427,6137524,6152734,6153724,6154273,6157234,6174253,6175342,6175432,6213574,6213754,6215374,6231574,6234157,6234517,6273154,6312457,6314257,6314527,6315274,6315724,6325471,6325741,6341257,6357241,6372154,6374215,6417532,6432571,6435721,6451372,6473251,6475132,6513472,6513742,6524713,6527314,6532417,6541372,6547321,6572314,6572431,6574321,6712534,6721354,6721534,6723154,6724513,6731524,6732541,6734215,6742135,6743215,6751342,6754132,7125364,7132456,7145236,7152346,7152436,7154236,7165243,7213564,7215364,7215634,7231564,7231654,7236154,7243651,7245163,7246351,7261534,7263154,7264351,7315264,7315624,7316524,7321456,7324156,7325461,7325641,7326541,7342165,7345216,7351246,7352146,7352416,7361254,7361524,7415236,7421365,7421635,7425613,7432165,7432651,7435126,7435216,7452316,7453216,7463251,7465132,7512436,7513462,7513642,7523146,7523416,7524316,7526134,7532146,7534612,7536412,7541362,7542316,7543612,7561324,7562134,7612534,7615423,7621354,7621534,7623154,7631524,7632541,7643251,7645132,7651342,7654132	1243576,1243657,1245763,1246357,1247563,1253467,1253647,1254367,1264357,1275364,1324756,1325764,1326574,1327546,1342756,1347526,1357246,1357426,1365742,1367254,1372654,1374526,1375246,1375426,1376254,1435726,1452736,1457236,1473256,1475632,1476523,1523674,1523764,1524736,1526374,1527346,1527436,1537246,1537426,1542367,1542736,1546723,1547263,1547623,1562374,1563472,1564723,1567324,1572346,1572436,1573264,1574236,1576324,1632574,1637452,1652374,1652437,1657324,1673452,1673524,1675234,1675324,1732546,1735264,1743256,1743562,1746523,1752364,1752634,1753264,1753624,1756234,1764523,1765243,2134756,2135746,2137456,2137546,2143576,2147653,2153746,2154673,2154763,2156473,2156734,2157634,2165734,2167354,2167534,2174653,2175364,2176453,2314576,2315746,2316754,2317564,2341576,2345761,2361547,2361754,2367154,2371564,2371654,2376154,2413576,2413756,2415376,2417653,2431576,2431657,2435716,2436517,2453671,2457613,2463517,2473156,2475136,2475613,2513674,2513764,2514736,2517436,2534617,2536417,2541736,2543617,2563741,2567341,2571634,2576134,2615473,2615734,2617354,2617534,2631754,2637154,2643517,2651374,2657134,2675431,2731456,2731546,2734156,2743156,2751346,2753614,2754136,2763451,3145276,3145726,3147562,3152476,3152746,3154276,3157246,3157426,3165247,3167524,3175264,3175624,3215674,3215764,3216574,3216754,3247516,3251476,3251746,3254176,3257164,3257614,3261574,3261754,3265714,3267541,3275416,3415276,3415726,3425671,3427516,3451672,3452761,3457621,3461257,3471562,3475216,3512467,3512647,3521674,3526174,3561742,3571246,3572146,3572416,3574216,3612547,3612754,3615427,3617524,3621754,3641257,3651247,3657412,3671524,3672451,3672514,3715264,3715624,3716524,3724156,3726514,3742156,3742561,3745162,3745216,3752416,3754216,3761524,3762514,4125367,4132756,4135726,4136572,4137526,4152736,4153726,4157236,4173256,4176523,4213576,4213756,4215376,4231576,4236157,4256371,4256731,4273156,4275136,4315276,4315726,4316527,4325176,4326751,4351267,4356172,4357126,4357216,4361257,4365127,4516372,4516732,4521376,4521763,4527316,4527631,4536721,4572316,4576123,4576231,4612537,4635127,4652173,4672153,4715632,4721563,4726153,4731526,4732516,4751326,4752136,4756123,4756312,4762153,4765213,5124367,5124637,5126437,5132476,5134276,5136724,5137264,5137624,5147326,5163742,5167342,5174326,5213476,5213746,5214763,5216734,5217463,5217643,5231674,5236174,5236714,5237164,5237614,5241376,5241763,5243167,5247316,5261734,5263174,5263714,5273146,5273416,5274316,5276341,5321674,5326174,5346127,5361274,5362174,5364127,5367241,5372416,5374216,5413276,5417326,5421376,5423617,5427316,5432671,5436127,5467213,5472613,5476213,5612473,5617432,5623174,5623714,5631472,5634712,5637421,5647213,5673214,5673421,5712436,5713264,5716324,5721436,5723146,5723416,5724136,5724316,5732164,5732614,5741362,5742136,5742316,5761243,5761324,5762341,5763214,6124573,6124753,6125347,6125437,6127534,6132574,6152374,6154237,6154723,6157324,6173524,6174352,6175234,6175324,6215473,6217534,6231754,6234571,6237154,6251374,6314752,6317524,6321574,6325714,6345271,6347152,6351247,6371524,6374251,6374512,6412537,6435127,6452173,6472153,6512437,6513724,6521473,6521743,6523714,6524173,6524317,6571324,6573214,6574132,6715234,6721543,6724531,6725134,6732154,6734251,6734512,6735214,6752314,6753214,6754321,7124356,7132654,7152364,7152634,7156234,7156342,7163254,7165234,7214356,7215463,7215643,7231456,7234156,7241356,7241536,7243156,7245361,7251364,7261543,7265134,7314526,7315246,7315426,7321564,7321654,7325146,7325416,7326154,7341526,7342561,7345162,7352164,7352614,7413652,7421356,7421536,7423156,7425631,7431526,7432516,7435612,7451632,7452136,7465213,7513246,7513426,7521346,7523164,7523614,7524136,7526314,7532164,7532614,7536124,7536214,7541326,7542136,7543261,7561243,7562314,7563142,7612453,7613254,7615234,7621543,7623451,7625134,7632154,7634521,7645213,7652143,7652413	7435612>5612347,7536124>6124357,7631245>1245367	7431256>1256347,7456312>6312547,7463125>3125647,7534126>4126357,7541263>1263457,7563412>3412657,7634512>4512367,7645123>5123467,7651234>1234567	1	33dc9d2b7ccf	5906.up-0a065898a821.txt~5906.up-63a938be8d73.txt
e27783cacfbe	7	1243576,1245763,1247563,1275364,1324756,1325764,1326574,1327546,1342756,1347526,1357246,1357426,1365742,1367254,1372654,1374526,1375246,1375426,1376254,1435726,1452736,1457236,1473256,1475632,1476523,1523674,1523764,1524736,1526374,1527346,1527436,1537246,1537426,1542367,1542736,1546723,1547263,1547623,1562374,1563472,1564723,1567324,1572346,1572436,1573264,1574236,1576324,1632574,1637452,1652374,1652437,1657324,1673452,1673524,1675234,1675324,1724356,1725364,1732546,1735264,1743256,1743562,1746523,1752364,1752634,1753264,1753624,1756234,1764523,1765243,2134756,2135746,2137456,2137546,2143576,2147653,2153746,2154673,2154763,2156473,2156734,2157634,2165734,2167354,2167534,2174653,2175364,2176453,2314576,2315746,2316754,2317564,2341576,2345761,2361547,2361754,2367154,2371564,2371654,2376154,2413576,2413756,2415376,2417653,2431576,2431657,2435176,2435716,2453671,2457613,2473156,2475136,2475613,2513674,2513764,2514736,2517436,2536174,2541736,2563741,2567341,2571634,2576134,2615473,2615734,2617354,2617534,2631754,2637154,2651374,2657134,2675431,2731456,2731546,2734156,2743156,2751346,2753614,2754136,2763451,3145276,3145726,3147562,3152476,3152746,3154276,3157246,3157426,3165247,3167524,3175264,3175624,3215674,3215764,3216574,3216754,3247516,3251476,3251746,3254176,3257164,3257614,3261574,3261754,3265714,3267541,3275416,3415276,3415726,3425671,3427516,3451672,3452761,3457621,3471562,3475216,3517246,3521674,3526174,3561742,3571246,3572146,3572416,3574216,3612754,3615427,3617254,3617524,3621754,3657412,3671524,3672451,3672514,3715264,3715624,3716524,3724156,3726514,3742156,3742561,3745162,3745216,3752416,3754216,3761524,3762514,4132756,4135726,4136572,4137526,4152736,4153726,4157236,4173256,4176523,4213576,4213756,4215376,4231576,4236157,4256371,4256731,4273156,4275136,4315276,4315726,4316527,4325176,4326751,4351726,4356172,4357126,4357216,4516372,4516732,4521376,4521763,4527316,4527631,4536721,4572316,4576123,4576231,4652173,4672153,4715632,4721563,4726153,4731526,4732516,4751326,4752136,4756123,4756312,4762153,4765213,5132476,5134276,5136724,5137264,5137624,5147326,5163742,5167342,5172436,5174326,5213476,5213746,5214763,5216734,5217463,5217643,5231674,5236174,5236714,5237164,5237614,5241376,5241763,5243167,5247316,5261734,5263174,5263714,5273146,5273416,5274316,5276341,5321674,5326174,5361274,5361724,5362174,5367241,5372416,5374216,5413276,5417326,5421376,5423617,5427316,5432671,5467213,5472613,5476213,5612473,5617432,5623174,5623714,5631472,5634712,5637421,5647213,5673214,5673421,5712436,5713264,5716324,5721436,5723146,5723416,5724136,5724316,5732164,5732614,5741362,5742136,5742316,5761243,5761324,5762341,5763214,6124573,6124753,6127534,6132574,6152374,6154237,6154723,6157324,6172534,6173524,6174352,6175234,6175324,6215473,6217534,6231754,6234571,6237154,6251374,6314752,6317524,6321574,6325714,6345271,6347152,6371524,6374251,6374512,6452173,6472153,6513724,6521473,6521743,6523714,6524173,6524317,6571324,6573214,6574132,6715234,6721543,6724531,6725134,6732154,6734251,6734512,6735214,6752314,6753214,6754321,7124356,7132654,7152364,7152634,7156234,7156342,7163254,7165234,7214356,7215463,7215643,7231456,7234156,7241356,7241536,7243156,7243516,7245361,7251364,7253614,7261543,7265134,7314526,7315246,7315426,7321564,7321654,7325146,7325416,7326154,7341526,7342561,7345162,7352164,7352614,7413652,7421356,7421536,7423156,7425631,7431526,7432516,7435612,7451632,7452136,7465213,7513246,7513426,7521346,7523164,7523614,7524136,7526314,7532164,7532614,7536124,7536214,7541326,7542136,7543261,7561243,7562314,7563142,7612453,7613254,7615234,7621543,7623451,7625134,7632154,7634521,7645213,7652143,7652413	1243567,1245367,1324576,1327564,1346752,1347652,1354267,1356724,1357624,1364752,1367425,1367542,1374652,1375264,1375624,1376452,1376542,1425367,1425637,1452376,1452637,1457326,1473526,1475236,1475326,1523476,1523746,1524376,1526734,1527364,1527634,1536724,1537264,1537624,1542376,1542763,1562347,1562734,1563724,1567234,1572364,1572634,1573246,1576234,1623457,1624357,1637425,1652473,1652734,1653247,1657234,1672453,1673425,1674325,1734526,1735246,1742563,1743526,1745236,1745326,1752346,1752436,1753462,1753642,1754236,1754362,2135674,2135764,2136745,2137564,2145736,2147356,2147536,2153674,2153764,2156374,2163745,2167345,2167435,2173456,2174356,2174536,2314756,2315674,2315764,2316574,2317456,2317546,2341567,2341756,2345167,2347156,2361574,2371456,2371546,2374156,2415736,2416537,2417356,2431756,2435167,2435617,2436571,2437156,2451673,2453617,2457136,2463571,2471653,2536147,2546731,2547631,2561743,2563147,2564731,2574631,2576431,2613547,2613754,2615374,2631457,2631574,2643571,2654731,2657431,2673154,2731564,2731654,2736154,2756134,2761543,2763154,3142567,3145267,3147526,3152674,3152764,3156274,3156724,3157264,3157624,3165274,3165724,3174526,3175246,3175426,3214576,3214756,3216745,3217456,3241576,3241657,3245716,3254671,3254761,3256471,3257461,3257641,3265471,3265741,3275614,3412567,3415627,3417526,3421675,3451267,3451627,3452176,3461752,3467512,3471526,3476512,3516247,3521476,3521746,3524176,3542617,3567214,3572461,3572641,3576214,3614257,3615274,3615724,3617542,3641752,3647512,3657241,3672154,3674215,3675412,3714526,3715246,3715426,3721564,3726154,3741526,3742165,3746512,3752614,3756214,3762154,3764512,3765412,4125637,4136752,4137652,4152376,4156237,4157326,4165327,4173526,4175236,4175362,4213675,4216375,4216735,4231756,4237156,4253617,4256173,4256317,4261357,4276153,4317526,4321675,4325761,4326571,4351627,4352176,4356127,4357261,4361752,4365721,4371526,4512637,4513762,4516237,4516723,4521736,4523176,4523716,4526317,4532176,4536127,4571326,4573216,4617532,4632571,4635721,4651372,4673251,4675132,4715236,4716523,4732561,4732651,4735216,4751362,4752316,4753216,4763251,4765132,5126347,5134672,5134762,5136472,5137462,5137642,5162347,5162437,5167243,5214736,5217346,5217436,5231476,5231746,5234176,5234716,5237146,5237416,5241736,5243176,5243716,5247163,5261374,5263147,5267314,5273164,5273614,5276314,5321476,5321746,5324167,5346172,5361247,5361427,5364172,5367214,5372614,5376214,5413672,5413762,5423176,5423716,5426137,5427613,5436172,5467321,5473261,5476321,5612347,5613274,5617423,5621374,5623417,5627314,5631247,5631427,5637214,5647321,5672134,5672314,5713246,5723164,5723614,5724361,5724631,5726314,5726431,5732146,5732416,5743261,5746321,5762134,5762314,5764321,6123457,6124357,6132754,6135427,6137524,6142537,6152734,6153724,6154273,6157234,6174253,6175342,6175432,6213574,6213754,6215374,6231574,6234157,6234517,6243517,6273154,6312457,6314257,6314527,6315274,6315724,6325471,6325741,6341257,6357241,6372154,6374215,6417532,6432571,6435721,6451372,6473251,6475132,6513472,6513742,6524713,6527314,6532417,6541372,6547321,6572314,6572431,6574321,6721354,6721534,6723154,6724513,6731524,6732541,6734215,6742135,6743215,6751342,6754132,7132456,7145236,7152346,7152436,7154236,7165243,7213564,7215364,7215634,7231564,7231654,7236154,7243651,7245163,7246351,7261534,7263154,7264351,7315264,7315624,7316524,7321456,7324156,7325461,7325641,7326541,7342165,7345216,7352146,7352416,7361524,7415236,7421365,7421635,7425613,7432165,7432651,7435216,7452316,7453216,7463251,7465132,7513462,7513642,7523146,7523416,7524316,7526134,7532146,7534612,7536412,7541362,7542316,7543612,7561324,7562134,7615423,7621354,7621534,7623154,7631524,7632541,7643251,7645132,7651342,7654132	7431256>1256347,7456312>6312547,7463125>3125647,7534126>4126357,7541263>1263457,7563412>3412657,7634512>4512367,7645123>5123467,7651234>1234567	7435612>5612347,7536124>6124357,7631245>1245367	1	68fffc1c3f2e	5906.up-377da0a3c300.txt~5906.up-63a938be8d73.txt
c1f09ce0386f	7	1243567,1245367,1324576,1327564,1346752,1347652,1354267,1356724,1357624,1364752,1367425,1367542,1374652,1375264,1375624,1376452,1376542,1425367,1425637,1452376,1452637,1457326,1473526,1475236,1475326,1523476,1523746,1524376,1526734,1527364,1527634,1536724,1537264,1537624,1542376,1542763,1562347,1562734,1563724,1567234,1572364,1572634,1573246,1576234,1623457,1624357,1637425,1652473,1652734,1653247,1657234,1672453,1673425,1674325,1734526,1735246,1742563,1743526,1745236,1745326,1752346,1752436,1753462,1753642,1754236,1754362,2135674,2135764,2136745,2137564,2145736,2147356,2147536,2153674,2153764,2156374,2163745,2167345,2167435,2173456,2174356,2174536,2314756,2315674,2315764,2316574,2317456,2317546,2341567,2341756,2345167,2347156,2361574,2371456,2371546,2374156,2415736,2416537,2417356,2431756,2435167,2435617,2436571,2437156,2451673,2453617,2457136,2463571,2471653,2536147,2546731,2547631,2561743,2563147,2564731,2574631,2576431,2613547,2613754,2615374,2631457,2631574,2643571,2654731,2657431,2673154,2731564,2731654,2736154,2756134,2761543,2763154,3142567,3145267,3147526,3152674,3152764,3156274,3156724,3157264,3157624,3165274,3165724,3174526,3175246,3175426,3214576,3214756,3216745,3217456,3241576,3241657,3245716,3254671,3254761,3256471,3257461,3257641,3265471,3265741,3275614,3412567,3415627,3417526,3421675,3451267,3451627,3452176,3461752,3467512,3471526,3476512,3516247,3521476,3521746,3524176,3542617,3567214,3572461,3572641,3576214,3614257,3615274,3615724,3617542,3641752,3647512,3657241,3672154,3674215,3675412,3714526,3715246,3715426,3721564,3726154,3741526,3742165,3746512,3752614,3756214,3762154,3764512,3765412,4125637,4136752,4137652,4152376,4156237,4157326,4165327,4173526,4175236,4175362,4213675,4216375,4216735,4231756,4237156,4253617,4256173,4256317,4261357,4276153,4317526,4321675,4325761,4326571,4351627,4352176,4356127,4357261,4361752,4365721,4371526,4512637,4513762,4516237,4516723,4521736,4523176,4523716,4526317,4532176,4536127,4571326,4573216,4617532,4632571,4635721,4651372,4673251,4675132,4715236,4716523,4732561,4732651,4735216,4751362,4752316,4753216,4763251,4765132,5126347,5134672,5134762,5136472,5137462,5137642,5162347,5162437,5167243,5214736,5217346,5217436,5231476,5231746,5234176,5234716,5237146,5237416,5241736,5243176,5243716,5247163,5261374,5263147,5267314,5273164,5273614,5276314,5321476,5321746,5324167,5346172,5361247,5361427,5364172,5367214,5372614,5376214,5413672,5413762,5423176,5423716,5426137,5427613,5436172,5467321,5473261,5476321,5612347,5613274,5617423,5621374,5623417,5627314,5631247,5631427,5637214,5647321,5672134,5672314,5713246,5723164,5723614,5724361,5724631,5726314,5726431,5732146,5732416,5743261,5746321,5762134,5762314,5764321,6123457,6124357,6132754,6135427,6137524,6142537,6152734,6153724,6154273,6157234,6174253,6175342,6175432,6213574,6213754,6215374,6231574,6234157,6234517,6243517,6273154,6312457,6314257,6314527,6315274,6315724,6325471,6325741,6341257,6357241,6372154,6374215,6417532,6432571,6435721,6451372,6473251,6475132,6513472,6513742,6524713,6527314,6532417,6541372,6547321,6572314,6572431,6574321,6721354,6721534,6723154,6724513,6731524,6732541,6734215,6742135,6743215,6751342,6754132,7132456,7145236,7152346,7152436,7154236,7165243,7213564,7215364,7215634,7231564,7231654,7236154,7243651,7245163,7246351,7261534,7263154,7264351,7315264,7315624,7316524,7321456,7324156,7325461,7325641,7326541,7342165,7345216,7352146,7352416,7361524,7415236,7421365,7421635,7425613,7432165,7432651,7435216,7452316,7453216,7463251,7465132,7513462,7513642,7523146,7523416,7524316,7526134,7532146,7534612,7536412,7541362,7542316,7543612,7561324,7562134,7615423,7621354,7621534,7623154,7631524,7632541,7643251,7645132,7651342,7654132	1243576,1245763,1247563,1275364,1324756,1325764,1326574,1327546,1342756,1347526,1357246,1357426,1365742,1367254,1372654,1374526,1375246,1375426,1376254,1435726,1452736,1457236,1473256,1475632,1476523,1523674,1523764,1524736,1526374,1527346,1527436,1537246,1537426,1542367,1542736,1546723,1547263,1547623,1562374,1563472,1564723,1567324,1572346,1572436,1573264,1574236,1576324,1632574,1637452,1652374,1652437,1657324,1673452,1673524,1675234,1675324,1724356,1725364,1732546,1735264,1743256,1743562,1746523,1752364,1752634,1753264,1753624,1756234,1764523,1765243,2134756,2135746,2137456,2137546,2143576,2147653,2153746,2154673,2154763,2156473,2156734,2157634,2165734,2167354,2167534,2174653,2175364,2176453,2314576,2315746,2316754,2317564,2341576,2345761,2361547,2361754,2367154,2371564,2371654,2376154,2413576,2413756,2415376,2417653,2431576,2431657,2435176,2435716,2453671,2457613,2473156,2475136,2475613,2513674,2513764,2514736,2517436,2536174,2541736,2563741,2567341,2571634,2576134,2615473,2615734,2617354,2617534,2631754,2637154,2651374,2657134,2675431,2731456,2731546,2734156,2743156,2751346,2753614,2754136,2763451,3145276,3145726,3147562,3152476,3152746,3154276,3157246,3157426,3165247,3167524,3175264,3175624,3215674,3215764,3216574,3216754,3247516,3251476,3251746,3254176,3257164,3257614,3261574,3261754,3265714,3267541,3275416,3415276,3415726,3425671,3427516,3451672,3452761,3457621,3471562,3475216,3517246,3521674,3526174,3561742,3571246,3572146,3572416,3574216,3612754,3615427,3617254,3617524,3621754,3657412,3671524,3672451,3672514,3715264,3715624,3716524,3724156,3726514,3742156,3742561,3745162,3745216,3752416,3754216,3761524,3762514,4132756,4135726,4136572,4137526,4152736,4153726,4157236,4173256,4176523,4213576,4213756,4215376,4231576,4236157,4256371,4256731,4273156,4275136,4315276,4315726,4316527,4325176,4326751,4351726,4356172,4357126,4357216,4516372,4516732,4521376,4521763,4527316,4527631,4536721,4572316,4576123,4576231,4652173,4672153,4715632,4721563,4726153,4731526,4732516,4751326,4752136,4756123,4756312,4762153,4765213,5132476,5134276,5136724,5137264,5137624,5147326,5163742,5167342,5172436,5174326,5213476,5213746,5214763,5216734,5217463,5217643,5231674,5236174,5236714,5237164,5237614,5241376,5241763,5243167,5247316,5261734,5263174,5263714,5273146,5273416,5274316,5276341,5321674,5326174,5361274,5361724,5362174,5367241,5372416,5374216,5413276,5417326,5421376,5423617,5427316,5432671,5467213,5472613,5476213,5612473,5617432,5623174,5623714,5631472,5634712,5637421,5647213,5673214,5673421,5712436,5713264,5716324,5721436,5723146,5723416,5724136,5724316,5732164,5732614,5741362,5742136,5742316,5761243,5761324,5762341,5763214,6124573,6124753,6127534,6132574,6152374,6154237,6154723,6157324,6172534,6173524,6174352,6175234,6175324,6215473,6217534,6231754,6234571,6237154,6251374,6314752,6317524,6321574,6325714,6345271,6347152,6371524,6374251,6374512,6452173,6472153,6513724,6521473,6521743,6523714,6524173,6524317,6571324,6573214,6574132,6715234,6721543,6724531,6725134,6732154,6734251,6734512,6735214,6752314,6753214,6754321,7124356,7132654,7152364,7152634,7156234,7156342,7163254,7165234,7214356,7215463,7215643,7231456,7234156,7241356,7241536,7243156,7243516,7245361,7251364,7253614,7261543,7265134,7314526,7315246,7315426,7321564,7321654,7325146,7325416,7326154,7341526,7342561,7345162,7352164,7352614,7413652,7421356,7421536,7423156,7425631,7431526,7432516,7435612,7451632,7452136,7465213,7513246,7513426,7521346,7523164,7523614,7524136,7526314,7532164,7532614,7536124,7536214,7541326,7542136,7543261,7561243,7562314,7563142,7612453,7613254,7615234,7621543,7623451,7625134,7632154,7634521,7645213,7652143,7652413	7435612>5612347,7536124>6124357,7631245>1245367	7431256>1256347,7456312>6312547,7463125>3125647,7534126>4126357,7541263>1263457,7563412>3412657,7634512>4512367,7645123>5123467,7651234>1234567	1	68fffc1c3f2e	5906.up-377da0a3c300.txt~5906.up-63a938be8d73.txt
e398e9782d7a	7	1243567,1243756,1245367,1247356,1253674,1253764,1257364,1274356,1324576,1327564,1346752,1347652,1354267,1356724,1357624,1364752,1367425,1367542,1374652,1375264,1375624,1376452,1376542,1425637,1452637,1457326,1473526,1475236,1475326,1536724,1537264,1537624,1562347,1563724,1567234,1572364,1572634,1573246,1576234,1623457,1637425,1653247,1657234,1672453,1673425,1674325,1734526,1735246,1742563,1743526,1745236,1745326,1752346,1752436,1753462,1753642,1754236,1754362,2135674,2135764,2136745,2137564,2145736,2147356,2147536,2153674,2153764,2156374,2163745,2167345,2167435,2173456,2174356,2174536,2314756,2315674,2315764,2316574,2317456,2317546,2341567,2341756,2345167,2361574,2415736,2416537,2417356,2431756,2435617,2436571,2437516,2451673,2453617,2457136,2463571,2473516,2536714,2537614,2546731,2547631,2561743,2563147,2564731,2573614,2574631,2576431,2613547,2613754,2615374,2631457,2631574,2643571,2654731,2657431,2743516,2756134,3142567,3145267,3147526,3156724,3157264,3157624,3165724,3174526,3175246,3175426,3214576,3214756,3216745,3217456,3241576,3241657,3245716,3254671,3254761,3256471,3257461,3257641,3265471,3265741,3275614,3412567,3415627,3417526,3421675,3451267,3451627,3452176,3461752,3467512,3476512,3512476,3512746,3521476,3521746,3524176,3542617,3567214,3572461,3572641,3576214,3612574,3615724,3617542,3641752,3647512,3657241,3671254,3672154,3674215,3675412,3721564,3726154,3742165,3746512,3751246,3752614,3756214,3761254,3762154,3764512,3765412,4125637,4136752,4137652,4156237,4157326,4165327,4173526,4175236,4175362,4213675,4216375,4216735,4231756,4256173,4256317,4261357,4317526,4321675,4325761,4326571,4351276,4352176,4356127,4357261,4361752,4365721,4375126,4512637,4513762,4516237,4516723,4521736,4523176,4526317,4532176,4536127,4571326,4573216,4617532,4632571,4635721,4651372,4673251,4675132,4732561,4732651,4735126,4735216,4751362,4752316,4753216,4763251,4765132,5124376,5124736,5126347,5127436,5134672,5134762,5136472,5137462,5137642,5162347,5167243,5214736,5217346,5217436,5231476,5231746,5234176,5241736,5243176,5261374,5263147,5321476,5321746,5324167,5346172,5361247,5364172,5367124,5367214,5372614,5376124,5376214,5413672,5413762,5423176,5426137,5436172,5467321,5473261,5476321,5612347,5613274,5617423,5621374,5623417,5631247,5631427,5637214,5647321,5672134,5672314,5713246,5723164,5723614,5724361,5724631,5726314,5726431,5732146,5732416,5736124,5743261,5746321,5762134,5762314,5764321,6123457,6124357,6125374,6125734,6132754,6135427,6137524,6153724,6157234,6174253,6175342,6175432,6213574,6213754,6215374,6231574,6234157,6234517,6312457,6314257,6314527,6315724,6325471,6325741,6341257,6357241,6372154,6374215,6417532,6432571,6435721,6451372,6473251,6475132,6513472,6513742,6532417,6541372,6547321,6572314,6572431,6574321,6712534,6721354,6721534,6723154,6724513,6732541,6734215,6742135,6743215,6751342,6754132,7125364,7132456,7213564,7215364,7215634,7231564,7231654,7236154,7243651,7245163,7246351,7261534,7263154,7264351,7321456,7324156,7325461,7325641,7326541,7342165,7345216,7351246,7352146,7352416,7361254,7421365,7421635,7425613,7432165,7432651,7435126,7435216,7452316,7453216,7463251,7465132,7512436,7513462,7513642,7523146,7523416,7524316,7526134,7532146,7534612,7536412,7541362,7542316,7543612,7561324,7562134,7612534,7621354,7621534,7623154,7632541,7643251,7645132,7651342,7654132	1243576,1243657,1245763,1246357,1247563,1253467,1253647,1254367,1264357,1275364,1324756,1325764,1326574,1327546,1342756,1347526,1357246,1357426,1365742,1367254,1372654,1374526,1375246,1375426,1376254,1435726,1457236,1473256,1475632,1476523,1537246,1537426,1546723,1547263,1547623,1564723,1567324,1567432,1572346,1572436,1573264,1574236,1576324,1632574,1637452,1657324,1673452,1673524,1675234,1675324,1732546,1735264,1743256,1743562,1746523,1752364,1752634,1753264,1753624,1756234,1764523,1765243,2134756,2135746,2137456,2137546,2143576,2147653,2153746,2154673,2154763,2156473,2156734,2157634,2165734,2167354,2167534,2174653,2175364,2176453,2314576,2315746,2316754,2317564,2341576,2345761,2361754,2367451,2413576,2413756,2415376,2417653,2431576,2435716,2436517,2453671,2457613,2463517,2475136,2475613,2513674,2513764,2514736,2517436,2534617,2536417,2541736,2543617,2563741,2567341,2571634,2576134,2615473,2615734,2617354,2617534,2631754,2643517,2651374,2657134,2675431,2751346,2753614,2754136,3145726,3147562,3156742,3157246,3157426,3167524,3175264,3175624,3215674,3215764,3216574,3216754,3247516,3251476,3251746,3254176,3257164,3257614,3261574,3261754,3265714,3267541,3275416,3415726,3425671,3427516,3451672,3457621,3461257,3475216,3512467,3512647,3521674,3526174,3561742,3571246,3572146,3572416,3574216,3612547,3612754,3617524,3621754,3641257,3651247,3657412,3672451,3672514,3674521,3724156,3726514,3742156,3742561,3745162,3745216,3752416,3754216,3762514,4125367,4132756,4135726,4136572,4137526,4153726,4157236,4173256,4176523,4213576,4213756,4215376,4231576,4256371,4256731,4275136,4315672,4315726,4325176,4326751,4351267,4356172,4357126,4357216,4361257,4365127,4516372,4516732,4521376,4521763,4523671,4536721,4572316,4576123,4576231,4612537,4635127,4652173,4672153,4721563,4726153,4732516,4751326,4752136,4756123,4756312,4762153,4765213,5124367,5124637,5126437,5132476,5134276,5136724,5137264,5137624,5147326,5163742,5167342,5174326,5213476,5213746,5214763,5216734,5217463,5217643,5231674,5236174,5236741,5241376,5241763,5261734,5263174,5321674,5326174,5346127,5361274,5362174,5364127,5367241,5372416,5374216,5413276,5417326,5421376,5432671,5436127,5467213,5472613,5476213,5612473,5617432,5623174,5631472,5637421,5647213,5673214,5673421,5674312,5712436,5713264,5716324,5721436,5723146,5723416,5724136,5724316,5732164,5732614,5741362,5742136,5742316,5761243,5761324,5762341,5763214,6124573,6124753,6125347,6125437,6127534,6132574,6154723,6157324,6173524,6174352,6175234,6175324,6215473,6217534,6231754,6234571,6251374,6314752,6317524,6321574,6325714,6351247,6374251,6374512,6412537,6435127,6452173,6472153,6512437,6513724,6521473,6521743,6524173,6571324,6573214,6574132,6721543,6724531,6725134,6732154,6734251,6734512,6735214,6743152,6745231,6752314,6753214,6754321,7124356,7132654,7163254,7214356,7215463,7215643,7231456,7234156,7241356,7241536,7243156,7245361,7251364,7261543,7265134,7321564,7321654,7325146,7325416,7326154,7342561,7345162,7352164,7352614,7413652,7421356,7421536,7423156,7425631,7431562,7432516,7435612,7451632,7452136,7452361,7465213,7513246,7513426,7521346,7523164,7523614,7524136,7526314,7532164,7532614,7536124,7536214,7541326,7542136,7543261,7561243,7562314,7563142,7612453,7613254,7621543,7623451,7625134,7632154,7645213,7652143,7652413	7435612>5612347,7536124>6124357,7631245>1245367	7431256>1256347,7456312>6312547,7463125>3125647,7534126>4126357,7541263>1263457,7563412>3412657,7634512>4512367,7645123>5123467,7651234>1234567	1	4ebc19aceb7c	5906.up-63a938be8d73.txt~5906.up-6597315411ea.txt
9dd6fedb3d36	7	1243576,1243657,1245763,1246357,1247563,1253467,1253647,1254367,1264357,1275364,1324756,1325764,1326574,1327546,1342756,1347526,1357246,1357426,1365742,1367254,1372654,1374526,1375246,1375426,1376254,1435726,1457236,1473256,1475632,1476523,1537246,1537426,1546723,1547263,1547623,1564723,1567324,1567432,1572346,1572436,1573264,1574236,1576324,1632574,1637452,1657324,1673452,1673524,1675234,1675324,1732546,1735264,1743256,1743562,1746523,1752364,1752634,1753264,1753624,1756234,1764523,1765243,2134756,2135746,2137456,2137546,2143576,2147653,2153746,2154673,2154763,2156473,2156734,2157634,2165734,2167354,2167534,2174653,2175364,2176453,2314576,2315746,2316754,2317564,2341576,2345761,2361754,2367451,2413576,2413756,2415376,2417653,2431576,2435716,2436517,2453671,2457613,2463517,2475136,2475613,2513674,2513764,2514736,2517436,2534617,2536417,2541736,2543617,2563741,2567341,2571634,2576134,2615473,2615734,2617354,2617534,2631754,2643517,2651374,2657134,2675431,2751346,2753614,2754136,3145726,3147562,3156742,3157246,3157426,3167524,3175264,3175624,3215674,3215764,3216574,3216754,3247516,3251476,3251746,3254176,3257164,3257614,3261574,3261754,3265714,3267541,3275416,3415726,3425671,3427516,3451672,3457621,3461257,3475216,3512467,3512647,3521674,3526174,3561742,3571246,3572146,3572416,3574216,3612547,3612754,3617524,3621754,3641257,3651247,3657412,3672451,3672514,3674521,3724156,3726514,3742156,3742561,3745162,3745216,3752416,3754216,3762514,4125367,4132756,4135726,4136572,4137526,4153726,4157236,4173256,4176523,4213576,4213756,4215376,4231576,4256371,4256731,4275136,4315672,4315726,4325176,4326751,4351267,4356172,4357126,4357216,4361257,4365127,4516372,4516732,4521376,4521763,4523671,4536721,4572316,4576123,4576231,4612537,4635127,4652173,4672153,4721563,4726153,4732516,4751326,4752136,4756123,4756312,4762153,4765213,5124367,5124637,5126437,5132476,5134276,5136724,5137264,5137624,5147326,5163742,5167342,5174326,5213476,5213746,5214763,5216734,5217463,5217643,5231674,5236174,5236741,5241376,5241763,5261734,5263174,5321674,5326174,5346127,5361274,5362174,5364127,5367241,5372416,5374216,5413276,5417326,5421376,5432671,5436127,5467213,5472613,5476213,5612473,5617432,5623174,5631472,5637421,5647213,5673214,5673421,5674312,5712436,5713264,5716324,5721436,5723146,5723416,5724136,5724316,5732164,5732614,5741362,5742136,5742316,5761243,5761324,5762341,5763214,6124573,6124753,6125347,6125437,6127534,6132574,6154723,6157324,6173524,6174352,6175234,6175324,6215473,6217534,6231754,6234571,6251374,6314752,6317524,6321574,6325714,6351247,6374251,6374512,6412537,6435127,6452173,6472153,6512437,6513724,6521473,6521743,6524173,6571324,6573214,6574132,6721543,6724531,6725134,6732154,6734251,6734512,6735214,6743152,6745231,6752314,6753214,6754321,7124356,7132654,7163254,7214356,7215463,7215643,7231456,7234156,7241356,7241536,7243156,7245361,7251364,7261543,7265134,7321564,7321654,7325146,7325416,7326154,7342561,7345162,7352164,7352614,7413652,7421356,7421536,7423156,7425631,7431562,7432516,7435612,7451632,7452136,7452361,7465213,7513246,7513426,7521346,7523164,7523614,7524136,7526314,7532164,7532614,7536124,7536214,7541326,7542136,7543261,7561243,7562314,7563142,7612453,7613254,7621543,7623451,7625134,7632154,7645213,7652143,7652413	1243567,1243756,1245367,1247356,1253674,1253764,1257364,1274356,1324576,1327564,1346752,1347652,1354267,1356724,1357624,1364752,1367425,1367542,1374652,1375264,1375624,1376452,1376542,1425637,1452637,1457326,1473526,1475236,1475326,1536724,1537264,1537624,1562347,1563724,1567234,1572364,1572634,1573246,1576234,1623457,1637425,1653247,1657234,1672453,1673425,1674325,1734526,1735246,1742563,1743526,1745236,1745326,1752346,1752436,1753462,1753642,1754236,1754362,2135674,2135764,2136745,2137564,2145736,2147356,2147536,2153674,2153764,2156374,2163745,2167345,2167435,2173456,2174356,2174536,2314756,2315674,2315764,2316574,2317456,2317546,2341567,2341756,2345167,2361574,2415736,2416537,2417356,2431756,2435617,2436571,2437516,2451673,2453617,2457136,2463571,2473516,2536714,2537614,2546731,2547631,2561743,2563147,2564731,2573614,2574631,2576431,2613547,2613754,2615374,2631457,2631574,2643571,2654731,2657431,2743516,2756134,3142567,3145267,3147526,3156724,3157264,3157624,3165724,3174526,3175246,3175426,3214576,3214756,3216745,3217456,3241576,3241657,3245716,3254671,3254761,3256471,3257461,3257641,3265471,3265741,3275614,3412567,3415627,3417526,3421675,3451267,3451627,3452176,3461752,3467512,3476512,3512476,3512746,3521476,3521746,3524176,3542617,3567214,3572461,3572641,3576214,3612574,3615724,3617542,3641752,3647512,3657241,3671254,3672154,3674215,3675412,3721564,3726154,3742165,3746512,3751246,3752614,3756214,3761254,3762154,3764512,3765412,4125637,4136752,4137652,4156237,4157326,4165327,4173526,4175236,4175362,4213675,4216375,4216735,4231756,4256173,4256317,4261357,4317526,4321675,4325761,4326571,4351276,4352176,4356127,4357261,4361752,4365721,4375126,4512637,4513762,4516237,4516723,4521736,4523176,4526317,4532176,4536127,4571326,4573216,4617532,4632571,4635721,4651372,4673251,4675132,4732561,4732651,4735126,4735216,4751362,4752316,4753216,4763251,4765132,5124376,5124736,5126347,5127436,5134672,5134762,5136472,5137462,5137642,5162347,5167243,5214736,5217346,5217436,5231476,5231746,5234176,5241736,5243176,5261374,5263147,5321476,5321746,5324167,5346172,5361247,5364172,5367124,5367214,5372614,5376124,5376214,5413672,5413762,5423176,5426137,5436172,5467321,5473261,5476321,5612347,5613274,5617423,5621374,5623417,5631247,5631427,5637214,5647321,5672134,5672314,5713246,5723164,5723614,5724361,5724631,5726314,5726431,5732146,5732416,5736124,5743261,5746321,5762134,5762314,5764321,6123457,6124357,6125374,6125734,6132754,6135427,6137524,6153724,6157234,6174253,6175342,6175432,6213574,6213754,6215374,6231574,6234157,6234517,6312457,6314257,6314527,6315724,6325471,6325741,6341257,6357241,6372154,6374215,6417532,6432571,6435721,6451372,6473251,6475132,6513472,6513742,6532417,6541372,6547321,6572314,6572431,6574321,6712534,6721354,6721534,6723154,6724513,6732541,6734215,6742135,6743215,6751342,6754132,7125364,7132456,7213564,7215364,7215634,7231564,7231654,7236154,7243651,7245163,7246351,7261534,7263154,7264351,7321456,7324156,7325461,7325641,7326541,7342165,7345216,7351246,7352146,7352416,7361254,7421365,7421635,7425613,7432165,7432651,7435126,7435216,7452316,7453216,7463251,7465132,7512436,7513462,7513642,7523146,7523416,7524316,7526134,7532146,7534612,7536412,7541362,7542316,7543612,7561324,7562134,7612534,7621354,7621534,7623154,7632541,7643251,7645132,7651342,7654132	7431256>1256347,7456312>6312547,7463125>3125647,7534126>4126357,7541263>1263457,7563412>3412657,7634512>4512367,7645123>5123467,7651234>1234567	7435612>5612347,7536124>6124357,7631245>1245367	1	4ebc19aceb7c	5906.up-63a938be8d73.txt~5906.up-6597315411ea.txt
ba5345a2c444	7	1243567,1243756,1245367,1247356,1253674,1253764,1257364,1274356,1324576,1327564,1346752,1347652,1354267,1356724,1357624,1364752,1367425,1367542,1374652,1375264,1375624,1376452,1376542,1425637,1452376,1452637,1457326,1473526,1475236,1475326,1523476,1523746,1524376,1526734,1527364,1527634,1536724,1537264,1537624,1542376,1542763,1562347,1562734,1563724,1567234,1572364,1572634,1573246,1576234,1623457,1637425,1652473,1652734,1653247,1654723,1657234,1672453,1673425,1674325,1734526,1735246,1742563,1743526,1745236,1745326,1752346,1752436,1753462,1753642,1754236,1754362,1765423,2135674,2135764,2136745,2137564,2145736,2147356,2147536,2153674,2153764,2156374,2163745,2165473,2167345,2167435,2173456,2174356,2174536,2176543,2314756,2315674,2315764,2316574,2317456,2317546,2341567,2341756,2345167,2347156,2361574,2371456,2371546,2374156,2415736,2416537,2417356,2431756,2435617,2436571,2437156,2437516,2451673,2453617,2457136,2463571,2471653,2473516,2536714,2537614,2546731,2547631,2561743,2563147,2564731,2573614,2574631,2576431,2613547,2613754,2615374,2631457,2631574,2643571,2654731,2657431,2673154,2731564,2731654,2736154,2743516,2756134,2761543,2763154,3142567,3145267,3147526,3152674,3152764,3156274,3156724,3157264,3157624,3165274,3165724,3174526,3175246,3175426,3214576,3214756,3216745,3217456,3241576,3241657,3245716,3254671,3254761,3256471,3257461,3257641,3265471,3265741,3275614,3412567,3415627,3417526,3421675,3451267,3451627,3452176,3461752,3467512,3471526,3476512,3512476,3512746,3521476,3521746,3524176,3542617,3567214,3572461,3572641,3576214,3612574,3615274,3615724,3617542,3641752,3647512,3657241,3671254,3672154,3674215,3675412,3714526,3715246,3715426,3721564,3726154,3741526,3742165,3746512,3751246,3752614,3756214,3761254,3762154,3764512,3765412,4125637,4136752,4137652,4152376,4156237,4157326,4165327,4173526,4175236,4175362,4213675,4216375,4216735,4217653,4231756,4237156,4256173,4256317,4261357,4276153,4317526,4321675,4325761,4326571,4351276,4352176,4356127,4357261,4361752,4365721,4371526,4375126,4512637,4513762,4516237,4516723,4521736,4523176,4523716,4526317,4532176,4536127,4571326,4573216,4617532,4632571,4635721,4651372,4673251,4675132,4715236,4716523,4721653,4732561,4732651,4735126,4735216,4751362,4752316,4753216,4763251,4765132,5124376,5124736,5126347,5127436,5134672,5134762,5136472,5137462,5137642,5162347,5167243,5214736,5217346,5217436,5231476,5231746,5234176,5234716,5237146,5237416,5241736,5243176,5243716,5247163,5261374,5263147,5267314,5273164,5273614,5276314,5321476,5321746,5324167,5346172,5361247,5364172,5367124,5367214,5372614,5376124,5376214,5413672,5413762,5421763,5423176,5423716,5426137,5427613,5436172,5467321,5472163,5473261,5476321,5612347,5613274,5617423,5621374,5623417,5627314,5631247,5631427,5637214,5647321,5672134,5672314,5713246,5723164,5723614,5724361,5724631,5726314,5726431,5732146,5732416,5736124,5743261,5746321,5762134,5762314,5764321,6123457,6124357,6125374,6125734,6132754,6135427,6137524,6152734,6153724,6154273,6157234,6174253,6175342,6175432,6213574,6213754,6215374,6231574,6234157,6234517,6273154,6312457,6314257,6314527,6315274,6315724,6325471,6325741,6341257,6357241,6372154,6374215,6417532,6432571,6435721,6451372,6473251,6475132,6513472,6513742,6524713,6527314,6532417,6541372,6542173,6547213,6547321,6572314,6572431,6574321,6712534,6721354,6721534,6723154,6724513,6731524,6732541,6734215,6742135,6743215,6751342,6754132,7125364,7132456,7145236,7152346,7152436,7154236,7165243,7213564,7215364,7215634,7216543,7231564,7231654,7236154,7243651,7245163,7246351,7261534,7263154,7264351,7315264,7315624,7316524,7321456,7324156,7325461,7325641,7326541,7342165,7345216,7351246,7352146,7352416,7361254,7361524,7415236,7421365,7421635,7425613,7432165,7432651,7435126,7435216,7452316,7453216,7463251,7465132,7512436,7513462,7513642,7523146,7523416,7524316,7526134,7532146,7534612,7536412,7541362,7542316,7543612,7561324,7562134,7612534,7615423,7621354,7621534,7623154,7631524,7632541,7643251,7645132,7651342,7654132,7654213	1243576,1243657,1245763,1246357,1247563,1253467,1253647,1254367,1264357,1275364,1324756,1325764,1326574,1327546,1342756,1347526,1354726,1357246,1357426,1365742,1367254,1372654,1374526,1375246,1375426,1376254,1435726,1452736,1457236,1473256,1475632,1476523,1523674,1523764,1524736,1526374,1527346,1527436,1534726,1537246,1537426,1542367,1542736,1543726,1547236,1547623,1562374,1563472,1567324,1572346,1572436,1573264,1574236,1576324,1632574,1637452,1652374,1652437,1657324,1673452,1673524,1675234,1675324,1732546,1735264,1736524,1743256,1743562,1752364,1752634,1753264,1753624,1756234,1763524,1765234,1765324,2134756,2135476,2135746,2137456,2137546,2143576,2147653,2153476,2153746,2154376,2154763,2156734,2157634,2165734,2167354,2167534,2173654,2175364,2176354,2176534,2314576,2315476,2315746,2316754,2317564,2317654,2341576,2345761,2361547,2361754,2367154,2371564,2371654,2376154,2413576,2413756,2415376,2431576,2431657,2435716,2436517,2453671,2457613,2463517,2473156,2475136,2475613,2513674,2513764,2514736,2517436,2534617,2536417,2541736,2543617,2563741,2567341,2571634,2576134,2615734,2617354,2617534,2631754,2637154,2643517,2651374,2657134,2675431,2731456,2731546,2734156,2743156,2751346,2753614,2754136,2763451,3145276,3145726,3147562,3152476,3152746,3154276,3154726,3157246,3157426,3165247,3167524,3175264,3175624,3176524,3215674,3215764,3216574,3216754,3217654,3247516,3251476,3251746,3254176,3257164,3257614,3261574,3261754,3265714,3267541,3275416,3415276,3415726,3425671,3427516,3451672,3452761,3457621,3461257,3471562,3472156,3475216,3512467,3512647,3521674,3521764,3526174,3547216,3561742,3571246,3572146,3572416,3574216,3612547,3612754,3615427,3617524,3621754,3641257,3651247,3652174,3657412,3671524,3672451,3672514,3715264,3715624,3716524,3721546,3724156,3726514,3742156,3742561,3745162,3745216,3752416,3754216,3761524,3762514,4125367,4132756,4135726,4136572,4137526,4152736,4153726,4157236,4173256,4213576,4213756,4215376,4231576,4236157,4256371,4256731,4273156,4275136,4315276,4315726,4316527,4325176,4326751,4351267,4356172,4357126,4357216,4361257,4365127,4372156,4516372,4516732,4521376,4527316,4527631,4536721,4572316,4576123,4576231,4612537,4635127,4715632,4721356,4721536,4723156,4731526,4732516,4751326,4752136,4756123,4756312,4762153,4765213,5124367,5124637,5126437,5132476,5134276,5136724,5137264,5137624,5147326,5163742,5167342,5174326,5213476,5213746,5214763,5216734,5217364,5217634,5231674,5231764,5236174,5236714,5237164,5237614,5241376,5243167,5247316,5261734,5263174,5263714,5273146,5273416,5274316,5276341,5321674,5321764,5326174,5346127,5347216,5361274,5362174,5364127,5367241,5372416,5374216,5413276,5417326,5421376,5423617,5427316,5432671,5436127,5437216,5472136,5472316,5476213,5612473,5617432,5623174,5623714,5631472,5634712,5637421,5673214,5673421,5712436,5713264,5716324,5721436,5723146,5723416,5724136,5724316,5732164,5732614,5741362,5742136,5742316,5761243,5761324,5762341,5763214,6124573,6124753,6125347,6125437,6127534,6132574,6152374,6154237,6157324,6173524,6174352,6175234,6175324,6215473,6217534,6231754,6234571,6237154,6251374,6314752,6317524,6321574,6325714,6345271,6347152,6351247,6352174,6371524,6374251,6374512,6412537,6435127,6512437,6513724,6521473,6521734,6523174,6523714,6524317,6532174,6571324,6573214,6574132,6715234,6724531,6725134,6732154,6734251,6734512,6735214,6752314,6753214,6754321,7124356,7132654,7152364,7152634,7156234,7156342,7163254,7165234,7213546,7214356,7215346,7215436,7231456,7231546,7234156,7241356,7241536,7243156,7245361,7251364,7265134,7314526,7315246,7315426,7321564,7321654,7325146,7325416,7326154,7341526,7342561,7345162,7352164,7352614,7365214,7413652,7421356,7421536,7423156,7425631,7431526,7432516,7435612,7451632,7452136,7513246,7513426,7521346,7523164,7523614,7524136,7526314,7532164,7532614,7536124,7536214,7541326,7542136,7543261,7561243,7562314,7563142,7612453,7613254,7615234,7621543,7623451,7625134,7632154,7634521,7635214,7652143,7652314,7653214	7435612>5612347,7536124>6124357,7631245>1245367	7431256>1256347,7456312>6312547,7463125>3125647,7534126>4126357,7541263>1263457,7563412>3412657,7634512>4512367,7645123>5123467,7651234>1234567	1	4db2a8af80c6	5906.up-63a938be8d73.txt~5906.up-72482a71c81e.txt
1af57ae297b0	7	1243576,1243657,1245763,1246357,1247563,1253467,1253647,1254367,1264357,1275364,1324756,1325764,1326574,1327546,1342756,1347526,1354726,1357246,1357426,1365742,1367254,1372654,1374526,1375246,1375426,1376254,1435726,1452736,1457236,1473256,1475632,1476523,1523674,1523764,1524736,1526374,1527346,1527436,1534726,1537246,1537426,1542367,1542736,1543726,1547236,1547623,1562374,1563472,1567324,1572346,1572436,1573264,1574236,1576324,1632574,1637452,1652374,1652437,1657324,1673452,1673524,1675234,1675324,1732546,1735264,1736524,1743256,1743562,1752364,1752634,1753264,1753624,1756234,1763524,1765234,1765324,2134756,2135476,2135746,2137456,2137546,2143576,2147653,2153476,2153746,2154376,2154763,2156734,2157634,2165734,2167354,2167534,2173654,2175364,2176354,2176534,2314576,2315476,2315746,2316754,2317564,2317654,2341576,2345761,2361547,2361754,2367154,2371564,2371654,2376154,2413576,2413756,2415376,2431576,2431657,2435716,2436517,2453671,2457613,2463517,2473156,2475136,2475613,2513674,2513764,2514736,2517436,2534617,2536417,2541736,2543617,2563741,2567341,2571634,2576134,2615734,2617354,2617534,2631754,2637154,2643517,2651374,2657134,2675431,2731456,2731546,2734156,2743156,2751346,2753614,2754136,2763451,3145276,3145726,3147562,3152476,3152746,3154276,3154726,3157246,3157426,3165247,3167524,3175264,3175624,3176524,3215674,3215764,3216574,3216754,3217654,3247516,3251476,3251746,3254176,3257164,3257614,3261574,3261754,3265714,3267541,3275416,3415276,3415726,3425671,3427516,3451672,3452761,3457621,3461257,3471562,3472156,3475216,3512467,3512647,3521674,3521764,3526174,3547216,3561742,3571246,3572146,3572416,3574216,3612547,3612754,3615427,3617524,3621754,3641257,3651247,3652174,3657412,3671524,3672451,3672514,3715264,3715624,3716524,3721546,3724156,3726514,3742156,3742561,3745162,3745216,3752416,3754216,3761524,3762514,4125367,4132756,4135726,4136572,4137526,4152736,4153726,4157236,4173256,4213576,4213756,4215376,4231576,4236157,4256371,4256731,4273156,4275136,4315276,4315726,4316527,4325176,4326751,4351267,4356172,4357126,4357216,4361257,4365127,4372156,4516372,4516732,4521376,4527316,4527631,4536721,4572316,4576123,4576231,4612537,4635127,4715632,4721356,4721536,4723156,4731526,4732516,4751326,4752136,4756123,4756312,4762153,4765213,5124367,5124637,5126437,5132476,5134276,5136724,5137264,5137624,5147326,5163742,5167342,5174326,5213476,5213746,5214763,5216734,5217364,5217634,5231674,5231764,5236174,5236714,5237164,5237614,5241376,5243167,5247316,5261734,5263174,5263714,5273146,5273416,5274316,5276341,5321674,5321764,5326174,5346127,5347216,5361274,5362174,5364127,5367241,5372416,5374216,5413276,5417326,5421376,5423617,5427316,5432671,5436127,5437216,5472136,5472316,5476213,5612473,5617432,5623174,5623714,5631472,5634712,5637421,5673214,5673421,5712436,5713264,5716324,5721436,5723146,5723416,5724136,5724316,5732164,5732614,5741362,5742136,5742316,5761243,5761324,5762341,5763214,6124573,6124753,6125347,6125437,6127534,6132574,6152374,6154237,6157324,6173524,6174352,6175234,6175324,6215473,6217534,6231754,6234571,6237154,6251374,6314752,6317524,6321574,6325714,6345271,6347152,6351247,6352174,6371524,6374251,6374512,6412537,6435127,6512437,6513724,6521473,6521734,6523174,6523714,6524317,6532174,6571324,6573214,6574132,6715234,6724531,6725134,6732154,6734251,6734512,6735214,6752314,6753214,6754321,7124356,7132654,7152364,7152634,7156234,7156342,7163254,7165234,7213546,7214356,7215346,7215436,7231456,7231546,7234156,7241356,7241536,7243156,7245361,7251364,7265134,7314526,7315246,7315426,7321564,7321654,7325146,7325416,7326154,7341526,7342561,7345162,7352164,7352614,7365214,7413652,7421356,7421536,7423156,7425631,7431526,7432516,7435612,7451632,7452136,7513246,7513426,7521346,7523164,7523614,7524136,7526314,7532164,7532614,7536124,7536214,7541326,7542136,7543261,7561243,7562314,7563142,7612453,7613254,7615234,7621543,7623451,7625134,7632154,7634521,7635214,7652143,7652314,7653214	1243567,1243756,1245367,1247356,1253674,1253764,1257364,1274356,1324576,1327564,1346752,1347652,1354267,1356724,1357624,1364752,1367425,1367542,1374652,1375264,1375624,1376452,1376542,1425637,1452376,1452637,1457326,1473526,1475236,1475326,1523476,1523746,1524376,1526734,1527364,1527634,1536724,1537264,1537624,1542376,1542763,1562347,1562734,1563724,1567234,1572364,1572634,1573246,1576234,1623457,1637425,1652473,1652734,1653247,1654723,1657234,1672453,1673425,1674325,1734526,1735246,1742563,1743526,1745236,1745326,1752346,1752436,1753462,1753642,1754236,1754362,1765423,2135674,2135764,2136745,2137564,2145736,2147356,2147536,2153674,2153764,2156374,2163745,2165473,2167345,2167435,2173456,2174356,2174536,2176543,2314756,2315674,2315764,2316574,2317456,2317546,2341567,2341756,2345167,2347156,2361574,2371456,2371546,2374156,2415736,2416537,2417356,2431756,2435617,2436571,2437156,2437516,2451673,2453617,2457136,2463571,2471653,2473516,2536714,2537614,2546731,2547631,2561743,2563147,2564731,2573614,2574631,2576431,2613547,2613754,2615374,2631457,2631574,2643571,2654731,2657431,2673154,2731564,2731654,2736154,2743516,2756134,2761543,2763154,3142567,3145267,3147526,3152674,3152764,3156274,3156724,3157264,3157624,3165274,3165724,3174526,3175246,3175426,3214576,3214756,3216745,3217456,3241576,3241657,3245716,3254671,3254761,3256471,3257461,3257641,3265471,3265741,3275614,3412567,3415627,3417526,3421675,3451267,3451627,3452176,3461752,3467512,3471526,3476512,3512476,3512746,3521476,3521746,3524176,3542617,3567214,3572461,3572641,3576214,3612574,3615274,3615724,3617542,3641752,3647512,3657241,3671254,3672154,3674215,3675412,3714526,3715246,3715426,3721564,3726154,3741526,3742165,3746512,3751246,3752614,3756214,3761254,3762154,3764512,3765412,4125637,4136752,4137652,4152376,4156237,4157326,4165327,4173526,4175236,4175362,4213675,4216375,4216735,4217653,4231756,4237156,4256173,4256317,4261357,4276153,4317526,4321675,4325761,4326571,4351276,4352176,4356127,4357261,4361752,4365721,4371526,4375126,4512637,4513762,4516237,4516723,4521736,4523176,4523716,4526317,4532176,4536127,4571326,4573216,4617532,4632571,4635721,4651372,4673251,4675132,4715236,4716523,4721653,4732561,4732651,4735126,4735216,4751362,4752316,4753216,4763251,4765132,5124376,5124736,5126347,5127436,5134672,5134762,5136472,5137462,5137642,5162347,5167243,5214736,5217346,5217436,5231476,5231746,5234176,5234716,5237146,5237416,5241736,5243176,5243716,5247163,5261374,5263147,5267314,5273164,5273614,5276314,5321476,5321746,5324167,5346172,5361247,5364172,5367124,5367214,5372614,5376124,5376214,5413672,5413762,5421763,5423176,5423716,5426137,5427613,5436172,5467321,5472163,5473261,5476321,5612347,5613274,5617423,5621374,5623417,5627314,5631247,5631427,5637214,5647321,5672134,5672314,5713246,5723164,5723614,5724361,5724631,5726314,5726431,5732146,5732416,5736124,5743261,5746321,5762134,5762314,5764321,6123457,6124357,6125374,6125734,6132754,6135427,6137524,6152734,6153724,6154273,6157234,6174253,6175342,6175432,6213574,6213754,6215374,6231574,6234157,6234517,6273154,6312457,6314257,6314527,6315274,6315724,6325471,6325741,6341257,6357241,6372154,6374215,6417532,6432571,6435721,6451372,6473251,6475132,6513472,6513742,6524713,6527314,6532417,6541372,6542173,6547213,6547321,6572314,6572431,6574321,6712534,6721354,6721534,6723154,6724513,6731524,6732541,6734215,6742135,6743215,6751342,6754132,7125364,7132456,7145236,7152346,7152436,7154236,7165243,7213564,7215364,7215634,7216543,7231564,7231654,7236154,7243651,7245163,7246351,7261534,7263154,7264351,7315264,7315624,7316524,7321456,7324156,7325461,7325641,7326541,7342165,7345216,7351246,7352146,7352416,7361254,7361524,7415236,7421365,7421635,7425613,7432165,7432651,7435126,7435216,7452316,7453216,7463251,7465132,7512436,7513462,7513642,7523146,7523416,7524316,7526134,7532146,7534612,7536412,7541362,7542316,7543612,7561324,7562134,7612534,7615423,7621354,7621534,7623154,7631524,7632541,7643251,7645132,7651342,7654132,7654213	7431256>1256347,7456312>6312547,7463125>3125647,7534126>4126357,7541263>1263457,7563412>3412657,7634512>4512367,7645123>5123467,7651234>1234567	7435612>5612347,7536124>6124357,7631245>1245367	1	4db2a8af80c6	5906.up-63a938be8d73.txt~5906.up-72482a71c81e.txt
5bd9509256ff	7	1243567,1245367,1324576,1327564,1346752,1347652,1354267,1356724,1357624,1364752,1367425,1367542,1374652,1375264,1375624,1376452,1376542,1425367,1425637,1452637,1457326,1473526,1475236,1475326,1536724,1537264,1537624,1562347,1563724,1567234,1572364,1572634,1573246,1576234,1623457,1624357,1637425,1653247,1657234,1672453,1673425,1674325,1734526,1735246,1742563,1743526,1745236,1745326,1752346,1752436,1753462,1753642,1754236,1754362,2135674,2135764,2136745,2137564,2145736,2147356,2147536,2153674,2153764,2156374,2163745,2167345,2167435,2173456,2174356,2174536,2314756,2315674,2315764,2316574,2317456,2317546,2341567,2341756,2345167,2361574,2415736,2416537,2417356,2431756,2435167,2435617,2436571,2451673,2453617,2457136,2463571,2536147,2546731,2547631,2561743,2563147,2564731,2574631,2576431,2613547,2613754,2615374,2631457,2631574,2643571,2654731,2657431,2756134,3142567,3145267,3147526,3156724,3157264,3157624,3165724,3174526,3175246,3175426,3214576,3214756,3216745,3217456,3241576,3241657,3245716,3254671,3254761,3256471,3257461,3257641,3265471,3265741,3275614,3412567,3415627,3417526,3421675,3451267,3451627,3452176,3461752,3467512,3476512,3516247,3521476,3521746,3524176,3542617,3567214,3572461,3572641,3576214,3614257,3615724,3617542,3641752,3647512,3657241,3672154,3674215,3675412,3721564,3726154,3742165,3746512,3752614,3756214,3762154,3764512,3765412,4125637,4136752,4137652,4156237,4157326,4165327,4173526,4175236,4175362,4213675,4216375,4216735,4231756,4253617,4256173,4256317,4261357,4317526,4321675,4325761,4326571,4351627,4352176,4356127,4357261,4361752,4365721,4512637,4513762,4516237,4516723,4521736,4523176,4526317,4532176,4536127,4571326,4573216,4617532,4632571,4635721,4651372,4673251,4675132,4732561,4732651,4735216,4751362,4752316,4753216,4763251,4765132,5126347,5134672,5134762,5136472,5137462,5137642,5162347,5162437,5167243,5214736,5217346,5217436,5231476,5231746,5234176,5241736,5243176,5261374,5263147,5321476,5321746,5324167,5346172,5361247,5361427,5364172,5367214,5372614,5376214,5413672,5413762,5423176,5426137,5436172,5467321,5473261,5476321,5612347,5613274,5617423,5621374,5623417,5631247,5631427,5637214,5647321,5672134,5672314,5713246,5723164,5723614,5724361,5724631,5726314,5726431,5732146,5732416,5743261,5746321,5762134,5762314,5764321,6123457,6124357,6132754,6135427,6137524,6142537,6153724,6157234,6174253,6175342,6175432,6213574,6213754,6215374,6231574,6234157,6234517,6243517,6312457,6314257,6314527,6315724,6325471,6325741,6341257,6357241,6372154,6374215,6417532,6432571,6435721,6451372,6473251,6475132,6513472,6513742,6532417,6541372,6547321,6572314,6572431,6574321,6721354,6721534,6723154,6724513,6732541,6734215,6742135,6743215,6751342,6754132,7132456,7213564,7215364,7215634,7231564,7231654,7236154,7243651,7245163,7246351,7261534,7263154,7264351,7321456,7324156,7325461,7325641,7326541,7342165,7345216,7352146,7352416,7421365,7421635,7425613,7432165,7432651,7435216,7452316,7453216,7463251,7465132,7513462,7513642,7523146,7523416,7524316,7526134,7532146,7534612,7536412,7541362,7542316,7543612,7561324,7562134,7621354,7621534,7623154,7632541,7643251,7645132,7651342,7654132	1243576,1245763,1247563,1275364,1324756,1325764,1326574,1327546,1342756,1347526,1357246,1357426,1365742,1367254,1372654,1374526,1375246,1375426,1376254,1435726,1457236,1473256,1475632,1476523,1537246,1537426,1546723,1547263,1547623,1564723,1567324,1567432,1572346,1572436,1573264,1574236,1576324,1632574,1637452,1657324,1673452,1673524,1675234,1675324,1724356,1725364,1732546,1735264,1743256,1743562,1746523,1752364,1752634,1753264,1753624,1756234,1764523,1765243,2134756,2135746,2137456,2137546,2143576,2147653,2153746,2154673,2154763,2156473,2156734,2157634,2165734,2167354,2167534,2174653,2175364,2176453,2314576,2315746,2316754,2317564,2341576,2345761,2361754,2367451,2413576,2413756,2415376,2417653,2431576,2435176,2435716,2453671,2457613,2475136,2475613,2513674,2513764,2514736,2517436,2536174,2541736,2563741,2567341,2571634,2576134,2615473,2615734,2617354,2617534,2631754,2651374,2657134,2675431,2751346,2753614,2754136,3145726,3147562,3156742,3157246,3157426,3167524,3175264,3175624,3215674,3215764,3216574,3216754,3247516,3251476,3251746,3254176,3257164,3257614,3261574,3261754,3265714,3267541,3275416,3415726,3425671,3427516,3451672,3457621,3475216,3517246,3521674,3526174,3561742,3571246,3572146,3572416,3574216,3612754,3617254,3617524,3621754,3657412,3672451,3672514,3674521,3724156,3726514,3742156,3742561,3745162,3745216,3752416,3754216,3762514,4132756,4135726,4136572,4137526,4153726,4157236,4173256,4176523,4213576,4213756,4215376,4231576,4256371,4256731,4275136,4315672,4315726,4325176,4326751,4351726,4356172,4357126,4357216,4516372,4516732,4521376,4521763,4523671,4536721,4572316,4576123,4576231,4652173,4672153,4721563,4726153,4732516,4751326,4752136,4756123,4756312,4762153,4765213,5132476,5134276,5136724,5137264,5137624,5147326,5163742,5167342,5172436,5174326,5213476,5213746,5214763,5216734,5217463,5217643,5231674,5236174,5236741,5241376,5241763,5261734,5263174,5321674,5326174,5361274,5361724,5362174,5367241,5372416,5374216,5413276,5417326,5421376,5432671,5467213,5472613,5476213,5612473,5617432,5623174,5631472,5637421,5647213,5673214,5673421,5674312,5712436,5713264,5716324,5721436,5723146,5723416,5724136,5724316,5732164,5732614,5741362,5742136,5742316,5761243,5761324,5762341,5763214,6124573,6124753,6127534,6132574,6154723,6157324,6172534,6173524,6174352,6175234,6175324,6215473,6217534,6231754,6234571,6251374,6314752,6317524,6321574,6325714,6374251,6374512,6452173,6472153,6513724,6521473,6521743,6524173,6571324,6573214,6574132,6721543,6724531,6725134,6732154,6734251,6734512,6735214,6743152,6745231,6752314,6753214,6754321,7124356,7132654,7163254,7214356,7215463,7215643,7231456,7234156,7241356,7241536,7243156,7243516,7245361,7251364,7253614,7261543,7265134,7321564,7321654,7325146,7325416,7326154,7342561,7345162,7352164,7352614,7413652,7421356,7421536,7423156,7425631,7431562,7432516,7435612,7451632,7452136,7452361,7465213,7513246,7513426,7521346,7523164,7523614,7524136,7526314,7532164,7532614,7536124,7536214,7541326,7542136,7543261,7561243,7562314,7563142,7612453,7613254,7621543,7623451,7625134,7632154,7645213,7652143,7652413	7435612>5612347,7536124>6124357,7631245>1245367	7431256>1256347,7456312>6312547,7463125>3125647,7534126>4126357,7541263>1263457,7563412>3412657,7634512>4512367,7645123>5123467,7651234>1234567	1	a61d743e6b46	5906.up-63a938be8d73.txt~5906.up-c3afee7ed153.txt
4051cfed06ab	7	1243576,1245763,1247563,1275364,1324756,1325764,1326574,1327546,1342756,1347526,1357246,1357426,1365742,1367254,1372654,1374526,1375246,1375426,1376254,1435726,1457236,1473256,1475632,1476523,1537246,1537426,1546723,1547263,1547623,1564723,1567324,1567432,1572346,1572436,1573264,1574236,1576324,1632574,1637452,1657324,1673452,1673524,1675234,1675324,1724356,1725364,1732546,1735264,1743256,1743562,1746523,1752364,1752634,1753264,1753624,1756234,1764523,1765243,2134756,2135746,2137456,2137546,2143576,2147653,2153746,2154673,2154763,2156473,2156734,2157634,2165734,2167354,2167534,2174653,2175364,2176453,2314576,2315746,2316754,2317564,2341576,2345761,2361754,2367451,2413576,2413756,2415376,2417653,2431576,2435176,2435716,2453671,2457613,2475136,2475613,2513674,2513764,2514736,2517436,2536174,2541736,2563741,2567341,2571634,2576134,2615473,2615734,2617354,2617534,2631754,2651374,2657134,2675431,2751346,2753614,2754136,3145726,3147562,3156742,3157246,3157426,3167524,3175264,3175624,3215674,3215764,3216574,3216754,3247516,3251476,3251746,3254176,3257164,3257614,3261574,3261754,3265714,3267541,3275416,3415726,3425671,3427516,3451672,3457621,3475216,3517246,3521674,3526174,3561742,3571246,3572146,3572416,3574216,3612754,3617254,3617524,3621754,3657412,3672451,3672514,3674521,3724156,3726514,3742156,3742561,3745162,3745216,3752416,3754216,3762514,4132756,4135726,4136572,4137526,4153726,4157236,4173256,4176523,4213576,4213756,4215376,4231576,4256371,4256731,4275136,4315672,4315726,4325176,4326751,4351726,4356172,4357126,4357216,4516372,4516732,4521376,4521763,4523671,4536721,4572316,4576123,4576231,4652173,4672153,4721563,4726153,4732516,4751326,4752136,4756123,4756312,4762153,4765213,5132476,5134276,5136724,5137264,5137624,5147326,5163742,5167342,5172436,5174326,5213476,5213746,5214763,5216734,5217463,5217643,5231674,5236174,5236741,5241376,5241763,5261734,5263174,5321674,5326174,5361274,5361724,5362174,5367241,5372416,5374216,5413276,5417326,5421376,5432671,5467213,5472613,5476213,5612473,5617432,5623174,5631472,5637421,5647213,5673214,5673421,5674312,5712436,5713264,5716324,5721436,5723146,5723416,5724136,5724316,5732164,5732614,5741362,5742136,5742316,5761243,5761324,5762341,5763214,6124573,6124753,6127534,6132574,6154723,6157324,6172534,6173524,6174352,6175234,6175324,6215473,6217534,6231754,6234571,6251374,6314752,6317524,6321574,6325714,6374251,6374512,6452173,6472153,6513724,6521473,6521743,6524173,6571324,6573214,6574132,6721543,6724531,6725134,6732154,6734251,6734512,6735214,6743152,6745231,6752314,6753214,6754321,7124356,7132654,7163254,7214356,7215463,7215643,7231456,7234156,7241356,7241536,7243156,7243516,7245361,7251364,7253614,7261543,7265134,7321564,7321654,7325146,7325416,7326154,7342561,7345162,7352164,7352614,7413652,7421356,7421536,7423156,7425631,7431562,7432516,7435612,7451632,7452136,7452361,7465213,7513246,7513426,7521346,7523164,7523614,7524136,7526314,7532164,7532614,7536124,7536214,7541326,7542136,7543261,7561243,7562314,7563142,7612453,7613254,7621543,7623451,7625134,7632154,7645213,7652143,7652413	1243567,1245367,1324576,1327564,1346752,1347652,1354267,1356724,1357624,1364752,1367425,1367542,1374652,1375264,1375624,1376452,1376542,1425367,1425637,1452637,1457326,1473526,1475236,1475326,1536724,1537264,1537624,1562347,1563724,1567234,1572364,1572634,1573246,1576234,1623457,1624357,1637425,1653247,1657234,1672453,1673425,1674325,1734526,1735246,1742563,1743526,1745236,1745326,1752346,1752436,1753462,1753642,1754236,1754362,2135674,2135764,2136745,2137564,2145736,2147356,2147536,2153674,2153764,2156374,2163745,2167345,2167435,2173456,2174356,2174536,2314756,2315674,2315764,2316574,2317456,2317546,2341567,2341756,2345167,2361574,2415736,2416537,2417356,2431756,2435167,2435617,2436571,2451673,2453617,2457136,2463571,2536147,2546731,2547631,2561743,2563147,2564731,2574631,2576431,2613547,2613754,2615374,2631457,2631574,2643571,2654731,2657431,2756134,3142567,3145267,3147526,3156724,3157264,3157624,3165724,3174526,3175246,3175426,3214576,3214756,3216745,3217456,3241576,3241657,3245716,3254671,3254761,3256471,3257461,3257641,3265471,3265741,3275614,3412567,3415627,3417526,3421675,3451267,3451627,3452176,3461752,3467512,3476512,3516247,3521476,3521746,3524176,3542617,3567214,3572461,3572641,3576214,3614257,3615724,3617542,3641752,3647512,3657241,3672154,3674215,3675412,3721564,3726154,3742165,3746512,3752614,3756214,3762154,3764512,3765412,4125637,4136752,4137652,4156237,4157326,4165327,4173526,4175236,4175362,4213675,4216375,4216735,4231756,4253617,4256173,4256317,4261357,4317526,4321675,4325761,4326571,4351627,4352176,4356127,4357261,4361752,4365721,4512637,4513762,4516237,4516723,4521736,4523176,4526317,4532176,4536127,4571326,4573216,4617532,4632571,4635721,4651372,4673251,4675132,4732561,4732651,4735216,4751362,4752316,4753216,4763251,4765132,5126347,5134672,5134762,5136472,5137462,5137642,5162347,5162437,5167243,5214736,5217346,5217436,5231476,5231746,5234176,5241736,5243176,5261374,5263147,5321476,5321746,5324167,5346172,5361247,5361427,5364172,5367214,5372614,5376214,5413672,5413762,5423176,5426137,5436172,5467321,5473261,5476321,5612347,5613274,5617423,5621374,5623417,5631247,5631427,5637214,5647321,5672134,5672314,5713246,5723164,5723614,5724361,5724631,5726314,5726431,5732146,5732416,5743261,5746321,5762134,5762314,5764321,6123457,6124357,6132754,6135427,6137524,6142537,6153724,6157234,6174253,6175342,6175432,6213574,6213754,6215374,6231574,6234157,6234517,6243517,6312457,6314257,6314527,6315724,6325471,6325741,6341257,6357241,6372154,6374215,6417532,6432571,6435721,6451372,6473251,6475132,6513472,6513742,6532417,6541372,6547321,6572314,6572431,6574321,6721354,6721534,6723154,6724513,6732541,6734215,6742135,6743215,6751342,6754132,7132456,7213564,7215364,7215634,7231564,7231654,7236154,7243651,7245163,7246351,7261534,7263154,7264351,7321456,7324156,7325461,7325641,7326541,7342165,7345216,7352146,7352416,7421365,7421635,7425613,7432165,7432651,7435216,7452316,7453216,7463251,7465132,7513462,7513642,7523146,7523416,7524316,7526134,7532146,7534612,7536412,7541362,7542316,7543612,7561324,7562134,7621354,7621534,7623154,7632541,7643251,7645132,7651342,7654132	7431256>1256347,7456312>6312547,7463125>3125647,7534126>4126357,7541263>1263457,7563412>3412657,7634512>4512367,7645123>5123467,7651234>1234567	7435612>5612347,7536124>6124357,7631245>1245367	1	a61d743e6b46	5906.up-63a938be8d73.txt~5906.up-c3afee7ed153.txt
a086d7bc1418	7	1243567,1245367,1324576,1327564,1346752,1347652,1354267,1356724,1357624,1364752,1367425,1367542,1374652,1375264,1375624,1376452,1376542,1425367,1425637,1452637,1457326,1473526,1475236,1475326,1536724,1537264,1537624,1562347,1563724,1567234,1572364,1572634,1573246,1576234,1623457,1624357,1637425,1653247,1654723,1657234,1672453,1673425,1674325,1734526,1735246,1742563,1743526,1745236,1745326,1752346,1752436,1753462,1753642,1754236,1754362,1765423,2135674,2135764,2136745,2137564,2145736,2147356,2147536,2153674,2153764,2156374,2163745,2165473,2167345,2167435,2173456,2174356,2174536,2176543,2314756,2315674,2315764,2316574,2317456,2317546,2341567,2341756,2345167,2361574,2415736,2416537,2417356,2431756,2435167,2435617,2436571,2451673,2453617,2457136,2463571,2536147,2546731,2547631,2561743,2563147,2564731,2574631,2576431,2613547,2613754,2615374,2631457,2631574,2643571,2654731,2657431,2756134,3142567,3145267,3147526,3156724,3157264,3157624,3165724,3174526,3175246,3175426,3214576,3214756,3216745,3217456,3241576,3241657,3245716,3254671,3254761,3256471,3257461,3257641,3265471,3265741,3275614,3412567,3415627,3417526,3421675,3451267,3451627,3452176,3461752,3467512,3476512,3516247,3521476,3521746,3524176,3542617,3567214,3572461,3572641,3576214,3614257,3615724,3617542,3641752,3647512,3657241,3672154,3674215,3675412,3721564,3726154,3742165,3746512,3752614,3756214,3762154,3764512,3765412,4125637,4136752,4137652,4156237,4157326,4165327,4173526,4175236,4175362,4213675,4216375,4216735,4217653,4231756,4253617,4256173,4256317,4261357,4317526,4321675,4325761,4326571,4351627,4352176,4356127,4357261,4361752,4365721,4512637,4513762,4516237,4516723,4521736,4523176,4526317,4532176,4536127,4571326,4573216,4617532,4632571,4635721,4651372,4673251,4675132,4721653,4732561,4732651,4735216,4751362,4752316,4753216,4763251,4765132,5126347,5134672,5134762,5136472,5137462,5137642,5162347,5162437,5167243,5214736,5217346,5217436,5231476,5231746,5234176,5241736,5243176,5261374,5263147,5321476,5321746,5324167,5346172,5361247,5361427,5364172,5367214,5372614,5376214,5413672,5413762,5421763,5423176,5426137,5436172,5467321,5472163,5473261,5476321,5612347,5613274,5617423,5621374,5623417,5631247,5631427,5637214,5647321,5672134,5672314,5713246,5723164,5723614,5724361,5724631,5726314,5726431,5732146,5732416,5743261,5746321,5762134,5762314,5764321,6123457,6124357,6132754,6135427,6137524,6142537,6153724,6157234,6174253,6175342,6175432,6213574,6213754,6215374,6231574,6234157,6234517,6243517,6312457,6314257,6314527,6315724,6325471,6325741,6341257,6357241,6372154,6374215,6417532,6432571,6435721,6451372,6473251,6475132,6513472,6513742,6532417,6541372,6542173,6547213,6547321,6572314,6572431,6574321,6721354,6721534,6723154,6724513,6732541,6734215,6742135,6743215,6751342,6754132,7132456,7213564,7215364,7215634,7216543,7231564,7231654,7236154,7243651,7245163,7246351,7261534,7263154,7264351,7321456,7324156,7325461,7325641,7326541,7342165,7345216,7352146,7352416,7421365,7421635,7425613,7432165,7432651,7435216,7452316,7453216,7463251,7465132,7513462,7513642,7523146,7523416,7524316,7526134,7532146,7534612,7536412,7541362,7542316,7543612,7561324,7562134,7621354,7621534,7623154,7632541,7643251,7645132,7651342,7654132,7654213	1243576,1245763,1247563,1275364,1324756,1325764,1326574,1327546,1342756,1347526,1354726,1357246,1357426,1365742,1367254,1372654,1374526,1375246,1375426,1376254,1435726,1457236,1473256,1475632,1476523,1534726,1537246,1537426,1543726,1547236,1547623,1567324,1567432,1572346,1572436,1573264,1574236,1576324,1632574,1637452,1657324,1673452,1673524,1675234,1675324,1724356,1725364,1732546,1735264,1736524,1743256,1743562,1752364,1752634,1753264,1753624,1756234,1763524,1765234,1765324,2134756,2135476,2135746,2137456,2137546,2143576,2147653,2153476,2153746,2154376,2154763,2156734,2157634,2165734,2167354,2167534,2173654,2175364,2176354,2176534,2314576,2315476,2315746,2316754,2317564,2317654,2341576,2345761,2361754,2367451,2413576,2413756,2415376,2431576,2435176,2435716,2453671,2457613,2475136,2475613,2513674,2513764,2514736,2517436,2536174,2541736,2563741,2567341,2571634,2576134,2615734,2617354,2617534,2631754,2651374,2657134,2675431,2751346,2753614,2754136,3145726,3147562,3154726,3156742,3157246,3157426,3167524,3175264,3175624,3176524,3215674,3215764,3216574,3216754,3217654,3247516,3251476,3251746,3254176,3257164,3257614,3261574,3261754,3265714,3267541,3275416,3415726,3425671,3427516,3451672,3457621,3472156,3475216,3517246,3521674,3521764,3526174,3547216,3561742,3571246,3572146,3572416,3574216,3612754,3617254,3617524,3621754,3652174,3657412,3672451,3672514,3674521,3721546,3724156,3726514,3742156,3742561,3745162,3745216,3752416,3754216,3762514,4132756,4135726,4136572,4137526,4153726,4157236,4173256,4213576,4213756,4215376,4231576,4256371,4256731,4275136,4315672,4315726,4325176,4326751,4351726,4356172,4357126,4357216,4372156,4516372,4516732,4521376,4523671,4536721,4572316,4576123,4576231,4721356,4721536,4723156,4732516,4751326,4752136,4756123,4756312,4762153,4765213,5132476,5134276,5136724,5137264,5137624,5147326,5163742,5167342,5172436,5174326,5213476,5213746,5214763,5216734,5217364,5217634,5231674,5231764,5236174,5236741,5241376,5261734,5263174,5321674,5321764,5326174,5347216,5361274,5361724,5362174,5367241,5372416,5374216,5413276,5417326,5421376,5432671,5437216,5472136,5472316,5476213,5612473,5617432,5623174,5631472,5637421,5673214,5673421,5674312,5712436,5713264,5716324,5721436,5723146,5723416,5724136,5724316,5732164,5732614,5741362,5742136,5742316,5761243,5761324,5762341,5763214,6124573,6124753,6127534,6132574,6157324,6172534,6173524,6174352,6175234,6175324,6215473,6217534,6231754,6234571,6251374,6314752,6317524,6321574,6325714,6352174,6374251,6374512,6513724,6521473,6521734,6523174,6532174,6571324,6573214,6574132,6724531,6725134,6732154,6734251,6734512,6735214,6743152,6745231,6752314,6753214,6754321,7124356,7132654,7163254,7213546,7214356,7215346,7215436,7231456,7231546,7234156,7241356,7241536,7243156,7243516,7245361,7251364,7253614,7265134,7321564,7321654,7325146,7325416,7326154,7342561,7345162,7352164,7352614,7365214,7413652,7421356,7421536,7423156,7425631,7431562,7432516,7435612,7451632,7452136,7452361,7513246,7513426,7521346,7523164,7523614,7524136,7526314,7532164,7532614,7536124,7536214,7541326,7542136,7543261,7561243,7562314,7563142,7612453,7613254,7621543,7623451,7625134,7632154,7635214,7652143,7652314,7653214	7435612>5612347,7536124>6124357,7631245>1245367	7431256>1256347,7456312>6312547,7463125>3125647,7534126>4126357,7541263>1263457,7563412>3412657,7634512>4512367,7645123>5123467,7651234>1234567	1	b10860836981	5906.up-63a938be8d73.txt~5906.up-c63a66adbc60.txt
214cd7ac6e3f	7	1243576,1245763,1247563,1275364,1324756,1325764,1326574,1327546,1342756,1347526,1354726,1357246,1357426,1365742,1367254,1372654,1374526,1375246,1375426,1376254,1435726,1457236,1473256,1475632,1476523,1534726,1537246,1537426,1543726,1547236,1547623,1567324,1567432,1572346,1572436,1573264,1574236,1576324,1632574,1637452,1657324,1673452,1673524,1675234,1675324,1724356,1725364,1732546,1735264,1736524,1743256,1743562,1752364,1752634,1753264,1753624,1756234,1763524,1765234,1765324,2134756,2135476,2135746,2137456,2137546,2143576,2147653,2153476,2153746,2154376,2154763,2156734,2157634,2165734,2167354,2167534,2173654,2175364,2176354,2176534,2314576,2315476,2315746,2316754,2317564,2317654,2341576,2345761,2361754,2367451,2413576,2413756,2415376,2431576,2435176,2435716,2453671,2457613,2475136,2475613,2513674,2513764,2514736,2517436,2536174,2541736,2563741,2567341,2571634,2576134,2615734,2617354,2617534,2631754,2651374,2657134,2675431,2751346,2753614,2754136,3145726,3147562,3154726,3156742,3157246,3157426,3167524,3175264,3175624,3176524,3215674,3215764,3216574,3216754,3217654,3247516,3251476,3251746,3254176,3257164,3257614,3261574,3261754,3265714,3267541,3275416,3415726,3425671,3427516,3451672,3457621,3472156,3475216,3517246,3521674,3521764,3526174,3547216,3561742,3571246,3572146,3572416,3574216,3612754,3617254,3617524,3621754,3652174,3657412,3672451,3672514,3674521,3721546,3724156,3726514,3742156,3742561,3745162,3745216,3752416,3754216,3762514,4132756,4135726,4136572,4137526,4153726,4157236,4173256,4213576,4213756,4215376,4231576,4256371,4256731,4275136,4315672,4315726,4325176,4326751,4351726,4356172,4357126,4357216,4372156,4516372,4516732,4521376,4523671,4536721,4572316,4576123,4576231,4721356,4721536,4723156,4732516,4751326,4752136,4756123,4756312,4762153,4765213,5132476,5134276,5136724,5137264,5137624,5147326,5163742,5167342,5172436,5174326,5213476,5213746,5214763,5216734,5217364,5217634,5231674,5231764,5236174,5236741,5241376,5261734,5263174,5321674,5321764,5326174,5347216,5361274,5361724,5362174,5367241,5372416,5374216,5413276,5417326,5421376,5432671,5437216,5472136,5472316,5476213,5612473,5617432,5623174,5631472,5637421,5673214,5673421,5674312,5712436,5713264,5716324,5721436,5723146,5723416,5724136,5724316,5732164,5732614,5741362,5742136,5742316,5761243,5761324,5762341,5763214,6124573,6124753,6127534,6132574,6157324,6172534,6173524,6174352,6175234,6175324,6215473,6217534,6231754,6234571,6251374,6314752,6317524,6321574,6325714,6352174,6374251,6374512,6513724,6521473,6521734,6523174,6532174,6571324,6573214,6574132,6724531,6725134,6732154,6734251,6734512,6735214,6743152,6745231,6752314,6753214,6754321,7124356,7132654,7163254,7213546,7214356,7215346,7215436,7231456,7231546,7234156,7241356,7241536,7243156,7243516,7245361,7251364,7253614,7265134,7321564,7321654,7325146,7325416,7326154,7342561,7345162,7352164,7352614,7365214,7413652,7421356,7421536,7423156,7425631,7431562,7432516,7435612,7451632,7452136,7452361,7513246,7513426,7521346,7523164,7523614,7524136,7526314,7532164,7532614,7536124,7536214,7541326,7542136,7543261,7561243,7562314,7563142,7612453,7613254,7621543,7623451,7625134,7632154,7635214,7652143,7652314,7653214	1243567,1245367,1324576,1327564,1346752,1347652,1354267,1356724,1357624,1364752,1367425,1367542,1374652,1375264,1375624,1376452,1376542,1425367,1425637,1452637,1457326,1473526,1475236,1475326,1536724,1537264,1537624,1562347,1563724,1567234,1572364,1572634,1573246,1576234,1623457,1624357,1637425,1653247,1654723,1657234,1672453,1673425,1674325,1734526,1735246,1742563,1743526,1745236,1745326,1752346,1752436,1753462,1753642,1754236,1754362,1765423,2135674,2135764,2136745,2137564,2145736,2147356,2147536,2153674,2153764,2156374,2163745,2165473,2167345,2167435,2173456,2174356,2174536,2176543,2314756,2315674,2315764,2316574,2317456,2317546,2341567,2341756,2345167,2361574,2415736,2416537,2417356,2431756,2435167,2435617,2436571,2451673,2453617,2457136,2463571,2536147,2546731,2547631,2561743,2563147,2564731,2574631,2576431,2613547,2613754,2615374,2631457,2631574,2643571,2654731,2657431,2756134,3142567,3145267,3147526,3156724,3157264,3157624,3165724,3174526,3175246,3175426,3214576,3214756,3216745,3217456,3241576,3241657,3245716,3254671,3254761,3256471,3257461,3257641,3265471,3265741,3275614,3412567,3415627,3417526,3421675,3451267,3451627,3452176,3461752,3467512,3476512,3516247,3521476,3521746,3524176,3542617,3567214,3572461,3572641,3576214,3614257,3615724,3617542,3641752,3647512,3657241,3672154,3674215,3675412,3721564,3726154,3742165,3746512,3752614,3756214,3762154,3764512,3765412,4125637,4136752,4137652,4156237,4157326,4165327,4173526,4175236,4175362,4213675,4216375,4216735,4217653,4231756,4253617,4256173,4256317,4261357,4317526,4321675,4325761,4326571,4351627,4352176,4356127,4357261,4361752,4365721,4512637,4513762,4516237,4516723,4521736,4523176,4526317,4532176,4536127,4571326,4573216,4617532,4632571,4635721,4651372,4673251,4675132,4721653,4732561,4732651,4735216,4751362,4752316,4753216,4763251,4765132,5126347,5134672,5134762,5136472,5137462,5137642,5162347,5162437,5167243,5214736,5217346,5217436,5231476,5231746,5234176,5241736,5243176,5261374,5263147,5321476,5321746,5324167,5346172,5361247,5361427,5364172,5367214,5372614,5376214,5413672,5413762,5421763,5423176,5426137,5436172,5467321,5472163,5473261,5476321,5612347,5613274,5617423,5621374,5623417,5631247,5631427,5637214,5647321,5672134,5672314,5713246,5723164,5723614,5724361,5724631,5726314,5726431,5732146,5732416,5743261,5746321,5762134,5762314,5764321,6123457,6124357,6132754,6135427,6137524,6142537,6153724,6157234,6174253,6175342,6175432,6213574,6213754,6215374,6231574,6234157,6234517,6243517,6312457,6314257,6314527,6315724,6325471,6325741,6341257,6357241,6372154,6374215,6417532,6432571,6435721,6451372,6473251,6475132,6513472,6513742,6532417,6541372,6542173,6547213,6547321,6572314,6572431,6574321,6721354,6721534,6723154,6724513,6732541,6734215,6742135,6743215,6751342,6754132,7132456,7213564,7215364,7215634,7216543,7231564,7231654,7236154,7243651,7245163,7246351,7261534,7263154,7264351,7321456,7324156,7325461,7325641,7326541,7342165,7345216,7352146,7352416,7421365,7421635,7425613,7432165,7432651,7435216,7452316,7453216,7463251,7465132,7513462,7513642,7523146,7523416,7524316,7526134,7532146,7534612,7536412,7541362,7542316,7543612,7561324,7562134,7621354,7621534,7623154,7632541,7643251,7645132,7651342,7654132,7654213	7431256>1256347,7456312>6312547,7463125>3125647,7534126>4126357,7541263>1263457,7563412>3412657,7634512>4512367,7645123>5123467,7651234>1234567	7435612>5612347,7536124>6124357,7631245>1245367	1	b10860836981	5906.up-63a938be8d73.txt~5906.up-c63a66adbc60.txt
5be118229918	7	1243567,1243756,1245367,1247356,1253674,1253764,1257364,1274356,1324576,1327564,1346752,1347652,1354267,1356724,1357624,1364752,1367425,1367542,1374652,1375264,1375624,1376452,1376542,1425637,1452637,1457326,1473526,1475236,1475326,1536724,1537264,1537624,1562347,1563724,1567234,1572364,1572634,1573246,1576234,1623457,1637425,1653247,1654723,1657234,1672453,1673425,1674325,1734526,1735246,1742563,1743526,1745236,1745326,1752346,1752436,1753462,1753642,1754236,1754362,1765423,2135674,2135764,2136745,2137564,2145736,2147356,2147536,2153674,2153764,2156374,2163745,2165473,2167345,2167435,2173456,2174356,2174536,2176543,2314756,2315674,2315764,2316574,2317456,2317546,2341567,2341756,2345167,2361574,2415736,2416537,2417356,2431756,2435617,2436571,2437516,2451673,2453617,2457136,2463571,2473516,2536714,2537614,2546731,2547631,2561743,2563147,2564731,2573614,2574631,2576431,2613547,2613754,2615374,2631457,2631574,2643571,2654731,2657431,2743516,2756134,3142567,3145267,3147526,3156724,3157264,3157624,3165724,3174526,3175246,3175426,3214576,3214756,3216745,3217456,3241576,3241657,3245716,3254671,3254761,3256471,3257461,3257641,3265471,3265741,3275614,3412567,3415627,3417526,3421675,3451267,3451627,3452176,3461752,3467512,3476512,3512476,3512746,3521476,3521746,3524176,3542617,3567214,3572461,3572641,3576214,3612574,3615724,3617542,3641752,3647512,3657241,3671254,3672154,3674215,3675412,3721564,3726154,3742165,3746512,3751246,3752614,3756214,3761254,3762154,3764512,3765412,4125637,4136752,4137652,4156237,4157326,4165327,4173526,4175236,4175362,4213675,4216375,4216735,4217653,4231756,4256173,4256317,4261357,4317526,4321675,4325761,4326571,4351276,4352176,4356127,4357261,4361752,4365721,4375126,4512637,4513762,4516237,4516723,4521736,4523176,4526317,4532176,4536127,4571326,4573216,4617532,4632571,4635721,4651372,4673251,4675132,4721653,4732561,4732651,4735126,4735216,4751362,4752316,4753216,4763251,4765132,5124376,5124736,5126347,5127436,5134672,5134762,5136472,5137462,5137642,5162347,5167243,5214736,5217346,5217436,5231476,5231746,5234176,5241736,5243176,5261374,5263147,5321476,5321746,5324167,5346172,5361247,5364172,5367124,5367214,5372614,5376124,5376214,5413672,5413762,5421763,5423176,5426137,5436172,5467321,5472163,5473261,5476321,5612347,5613274,5617423,5621374,5623417,5631247,5631427,5637214,5647321,5672134,5672314,5713246,5723164,5723614,5724361,5724631,5726314,5726431,5732146,5732416,5736124,5743261,5746321,5762134,5762314,5764321,6123457,6124357,6125374,6125734,6132754,6135427,6137524,6153724,6157234,6174253,6175342,6175432,6213574,6213754,6215374,6231574,6234157,6234517,6312457,6314257,6314527,6315724,6325471,6325741,6341257,6357241,6372154,6374215,6417532,6432571,6435721,6451372,6473251,6475132,6513472,6513742,6532417,6541372,6542173,6547213,6547321,6572314,6572431,6574321,6712534,6721354,6721534,6723154,6724513,6732541,6734215,6742135,6743215,6751342,6754132,7125364,7132456,7213564,7215364,7215634,7216543,7231564,7231654,7236154,7243651,7245163,7246351,7261534,7263154,7264351,7321456,7324156,7325461,7325641,7326541,7342165,7345216,7351246,7352146,7352416,7361254,7421365,7421635,7425613,7432165,7432651,7435126,7435216,7452316,7453216,7463251,7465132,7512436,7513462,7513642,7523146,7523416,7524316,7526134,7532146,7534612,7536412,7541362,7542316,7543612,7561324,7562134,7612534,7621354,7621534,7623154,7632541,7643251,7645132,7651342,7654132,7654213	1243576,1243657,1245763,1246357,1247563,1253467,1253647,1254367,1264357,1275364,1324756,1325764,1326574,1327546,1342756,1347526,1354726,1357246,1357426,1365742,1367254,1372654,1374526,1375246,1375426,1376254,1435726,1457236,1473256,1475632,1476523,1534726,1537246,1537426,1543726,1547236,1547623,1567324,1567432,1572346,1572436,1573264,1574236,1576324,1632574,1637452,1657324,1673452,1673524,1675234,1675324,1732546,1735264,1736524,1743256,1743562,1752364,1752634,1753264,1753624,1756234,1763524,1765234,1765324,2134756,2135476,2135746,2137456,2137546,2143576,2147653,2153476,2153746,2154376,2154763,2156734,2157634,2165734,2167354,2167534,2173654,2175364,2176354,2176534,2314576,2315476,2315746,2316754,2317564,2317654,2341576,2345761,2361754,2367451,2413576,2413756,2415376,2431576,2435716,2436517,2453671,2457613,2463517,2475136,2475613,2513674,2513764,2514736,2517436,2534617,2536417,2541736,2543617,2563741,2567341,2571634,2576134,2615734,2617354,2617534,2631754,2643517,2651374,2657134,2675431,2751346,2753614,2754136,3145726,3147562,3154726,3156742,3157246,3157426,3167524,3175264,3175624,3176524,3215674,3215764,3216574,3216754,3217654,3247516,3251476,3251746,3254176,3257164,3257614,3261574,3261754,3265714,3267541,3275416,3415726,3425671,3427516,3451672,3457621,3461257,3472156,3475216,3512467,3512647,3521674,3521764,3526174,3547216,3561742,3571246,3572146,3572416,3574216,3612547,3612754,3617524,3621754,3641257,3651247,3652174,3657412,3672451,3672514,3674521,3721546,3724156,3726514,3742156,3742561,3745162,3745216,3752416,3754216,3762514,4125367,4132756,4135726,4136572,4137526,4153726,4157236,4173256,4213576,4213756,4215376,4231576,4256371,4256731,4275136,4315672,4315726,4325176,4326751,4351267,4356172,4357126,4357216,4361257,4365127,4372156,4516372,4516732,4521376,4523671,4536721,4572316,4576123,4576231,4612537,4635127,4721356,4721536,4723156,4732516,4751326,4752136,4756123,4756312,4762153,4765213,5124367,5124637,5126437,5132476,5134276,5136724,5137264,5137624,5147326,5163742,5167342,5174326,5213476,5213746,5214763,5216734,5217364,5217634,5231674,5231764,5236174,5236741,5241376,5261734,5263174,5321674,5321764,5326174,5346127,5347216,5361274,5362174,5364127,5367241,5372416,5374216,5413276,5417326,5421376,5432671,5436127,5437216,5472136,5472316,5476213,5612473,5617432,5623174,5631472,5637421,5673214,5673421,5674312,5712436,5713264,5716324,5721436,5723146,5723416,5724136,5724316,5732164,5732614,5741362,5742136,5742316,5761243,5761324,5762341,5763214,6124573,6124753,6125347,6125437,6127534,6132574,6157324,6173524,6174352,6175234,6175324,6215473,6217534,6231754,6234571,6251374,6314752,6317524,6321574,6325714,6351247,6352174,6374251,6374512,6412537,6435127,6512437,6513724,6521473,6521734,6523174,6532174,6571324,6573214,6574132,6724531,6725134,6732154,6734251,6734512,6735214,6743152,6745231,6752314,6753214,6754321,7124356,7132654,7163254,7213546,7214356,7215346,7215436,7231456,7231546,7234156,7241356,7241536,7243156,7245361,7251364,7265134,7321564,7321654,7325146,7325416,7326154,7342561,7345162,7352164,7352614,7365214,7413652,7421356,7421536,7423156,7425631,7431562,7432516,7435612,7451632,7452136,7452361,7513246,7513426,7521346,7523164,7523614,7524136,7526314,7532164,7532614,7536124,7536214,7541326,7542136,7543261,7561243,7562314,7563142,7612453,7613254,7621543,7623451,7625134,7632154,7635214,7652143,7652314,7653214	7435612>5612347,7536124>6124357,7631245>1245367	7431256>1256347,7456312>6312547,7463125>3125647,7534126>4126357,7541263>1263457,7563412>3412657,7634512>4512367,7645123>5123467,7651234>1234567	1	cb189f2ab803	5906.up-63a938be8d73.txt~5906.up-d1489855deef.txt
569e779b71c2	7	1243576,1243657,1245763,1246357,1247563,1253467,1253647,1254367,1264357,1275364,1324756,1325764,1326574,1327546,1342756,1347526,1354726,1357246,1357426,1365742,1367254,1372654,1374526,1375246,1375426,1376254,1435726,1457236,1473256,1475632,1476523,1534726,1537246,1537426,1543726,1547236,1547623,1567324,1567432,1572346,1572436,1573264,1574236,1576324,1632574,1637452,1657324,1673452,1673524,1675234,1675324,1732546,1735264,1736524,1743256,1743562,1752364,1752634,1753264,1753624,1756234,1763524,1765234,1765324,2134756,2135476,2135746,2137456,2137546,2143576,2147653,2153476,2153746,2154376,2154763,2156734,2157634,2165734,2167354,2167534,2173654,2175364,2176354,2176534,2314576,2315476,2315746,2316754,2317564,2317654,2341576,2345761,2361754,2367451,2413576,2413756,2415376,2431576,2435716,2436517,2453671,2457613,2463517,2475136,2475613,2513674,2513764,2514736,2517436,2534617,2536417,2541736,2543617,2563741,2567341,2571634,2576134,2615734,2617354,2617534,2631754,2643517,2651374,2657134,2675431,2751346,2753614,2754136,3145726,3147562,3154726,3156742,3157246,3157426,3167524,3175264,3175624,3176524,3215674,3215764,3216574,3216754,3217654,3247516,3251476,3251746,3254176,3257164,3257614,3261574,3261754,3265714,3267541,3275416,3415726,3425671,3427516,3451672,3457621,3461257,3472156,3475216,3512467,3512647,3521674,3521764,3526174,3547216,3561742,3571246,3572146,3572416,3574216,3612547,3612754,3617524,3621754,3641257,3651247,3652174,3657412,3672451,3672514,3674521,3721546,3724156,3726514,3742156,3742561,3745162,3745216,3752416,3754216,3762514,4125367,4132756,4135726,4136572,4137526,4153726,4157236,4173256,4213576,4213756,4215376,4231576,4256371,4256731,4275136,4315672,4315726,4325176,4326751,4351267,4356172,4357126,4357216,4361257,4365127,4372156,4516372,4516732,4521376,4523671,4536721,4572316,4576123,4576231,4612537,4635127,4721356,4721536,4723156,4732516,4751326,4752136,4756123,4756312,4762153,4765213,5124367,5124637,5126437,5132476,5134276,5136724,5137264,5137624,5147326,5163742,5167342,5174326,5213476,5213746,5214763,5216734,5217364,5217634,5231674,5231764,5236174,5236741,5241376,5261734,5263174,5321674,5321764,5326174,5346127,5347216,5361274,5362174,5364127,5367241,5372416,5374216,5413276,5417326,5421376,5432671,5436127,5437216,5472136,5472316,5476213,5612473,5617432,5623174,5631472,5637421,5673214,5673421,5674312,5712436,5713264,5716324,5721436,5723146,5723416,5724136,5724316,5732164,5732614,5741362,5742136,5742316,5761243,5761324,5762341,5763214,6124573,6124753,6125347,6125437,6127534,6132574,6157324,6173524,6174352,6175234,6175324,6215473,6217534,6231754,6234571,6251374,6314752,6317524,6321574,6325714,6351247,6352174,6374251,6374512,6412537,6435127,6512437,6513724,6521473,6521734,6523174,6532174,6571324,6573214,6574132,6724531,6725134,6732154,6734251,6734512,6735214,6743152,6745231,6752314,6753214,6754321,7124356,7132654,7163254,7213546,7214356,7215346,7215436,7231456,7231546,7234156,7241356,7241536,7243156,7245361,7251364,7265134,7321564,7321654,7325146,7325416,7326154,7342561,7345162,7352164,7352614,7365214,7413652,7421356,7421536,7423156,7425631,7431562,7432516,7435612,7451632,7452136,7452361,7513246,7513426,7521346,7523164,7523614,7524136,7526314,7532164,7532614,7536124,7536214,7541326,7542136,7543261,7561243,7562314,7563142,7612453,7613254,7621543,7623451,7625134,7632154,7635214,7652143,7652314,7653214	1243567,1243756,1245367,1247356,1253674,1253764,1257364,1274356,1324576,1327564,1346752,1347652,1354267,1356724,1357624,1364752,1367425,1367542,1374652,1375264,1375624,1376452,1376542,1425637,1452637,1457326,1473526,1475236,1475326,1536724,1537264,1537624,1562347,1563724,1567234,1572364,1572634,1573246,1576234,1623457,1637425,1653247,1654723,1657234,1672453,1673425,1674325,1734526,1735246,1742563,1743526,1745236,1745326,1752346,1752436,1753462,1753642,1754236,1754362,1765423,2135674,2135764,2136745,2137564,2145736,2147356,2147536,2153674,2153764,2156374,2163745,2165473,2167345,2167435,2173456,2174356,2174536,2176543,2314756,2315674,2315764,2316574,2317456,2317546,2341567,2341756,2345167,2361574,2415736,2416537,2417356,2431756,2435617,2436571,2437516,2451673,2453617,2457136,2463571,2473516,2536714,2537614,2546731,2547631,2561743,2563147,2564731,2573614,2574631,2576431,2613547,2613754,2615374,2631457,2631574,2643571,2654731,2657431,2743516,2756134,3142567,3145267,3147526,3156724,3157264,3157624,3165724,3174526,3175246,3175426,3214576,3214756,3216745,3217456,3241576,3241657,3245716,3254671,3254761,3256471,3257461,3257641,3265471,3265741,3275614,3412567,3415627,3417526,3421675,3451267,3451627,3452176,3461752,3467512,3476512,3512476,3512746,3521476,3521746,3524176,3542617,3567214,3572461,3572641,3576214,3612574,3615724,3617542,3641752,3647512,3657241,3671254,3672154,3674215,3675412,3721564,3726154,3742165,3746512,3751246,3752614,3756214,3761254,3762154,3764512,3765412,4125637,4136752,4137652,4156237,4157326,4165327,4173526,4175236,4175362,4213675,4216375,4216735,4217653,4231756,4256173,4256317,4261357,4317526,4321675,4325761,4326571,4351276,4352176,4356127,4357261,4361752,4365721,4375126,4512637,4513762,4516237,4516723,4521736,4523176,4526317,4532176,4536127,4571326,4573216,4617532,4632571,4635721,4651372,4673251,4675132,4721653,4732561,4732651,4735126,4735216,4751362,4752316,4753216,4763251,4765132,5124376,5124736,5126347,5127436,5134672,5134762,5136472,5137462,5137642,5162347,5167243,5214736,5217346,5217436,5231476,5231746,5234176,5241736,5243176,5261374,5263147,5321476,5321746,5324167,5346172,5361247,5364172,5367124,5367214,5372614,5376124,5376214,5413672,5413762,5421763,5423176,5426137,5436172,5467321,5472163,5473261,5476321,5612347,5613274,5617423,5621374,5623417,5631247,5631427,5637214,5647321,5672134,5672314,5713246,5723164,5723614,5724361,5724631,5726314,5726431,5732146,5732416,5736124,5743261,5746321,5762134,5762314,5764321,6123457,6124357,6125374,6125734,6132754,6135427,6137524,6153724,6157234,6174253,6175342,6175432,6213574,6213754,6215374,6231574,6234157,6234517,6312457,6314257,6314527,6315724,6325471,6325741,6341257,6357241,6372154,6374215,6417532,6432571,6435721,6451372,6473251,6475132,6513472,6513742,6532417,6541372,6542173,6547213,6547321,6572314,6572431,6574321,6712534,6721354,6721534,6723154,6724513,6732541,6734215,6742135,6743215,6751342,6754132,7125364,7132456,7213564,7215364,7215634,7216543,7231564,7231654,7236154,7243651,7245163,7246351,7261534,7263154,7264351,7321456,7324156,7325461,7325641,7326541,7342165,7345216,7351246,7352146,7352416,7361254,7421365,7421635,7425613,7432165,7432651,7435126,7435216,7452316,7453216,7463251,7465132,7512436,7513462,7513642,7523146,7523416,7524316,7526134,7532146,7534612,7536412,7541362,7542316,7543612,7561324,7562134,7612534,7621354,7621534,7623154,7632541,7643251,7645132,7651342,7654132,7654213	7431256>1256347,7456312>6312547,7463125>3125647,7534126>4126357,7541263>1263457,7563412>3412657,7634512>4512367,7645123>5123467,7651234>1234567	7435612>5612347,7536124>6124357,7631245>1245367	1	cb189f2ab803	5906.up-63a938be8d73.txt~5906.up-d1489855deef.txt
2c483ace0daa	7	1243567,1245367,1324576,1327564,1346752,1347652,1354267,1356724,1357624,1364752,1367425,1367542,1374652,1375264,1375624,1376452,1376542,1425367,1425637,1452376,1452637,1457326,1473526,1475236,1475326,1523476,1523746,1524376,1526734,1527364,1527634,1536724,1537264,1537624,1542376,1542763,1562347,1562734,1563724,1567234,1572364,1572634,1573246,1576234,1623457,1624357,1637425,1652473,1652734,1653247,1654723,1657234,1672453,1673425,1674325,1734526,1735246,1742563,1743526,1745236,1745326,1752346,1752436,1753462,1753642,1754236,1754362,1765423,2135674,2135764,2136745,2137564,2145736,2147356,2147536,2153674,2153764,2156374,2163745,2165473,2167345,2167435,2173456,2174356,2174536,2176543,2314756,2315674,2315764,2316574,2317456,2317546,2341567,2341756,2345167,2347156,2361574,2371456,2371546,2374156,2415736,2416537,2417356,2431756,2435167,2435617,2436571,2437156,2451673,2453617,2457136,2463571,2471653,2536147,2546731,2547631,2561743,2563147,2564731,2574631,2576431,2613547,2613754,2615374,2631457,2631574,2643571,2654731,2657431,2673154,2731564,2731654,2736154,2756134,2761543,2763154,3142567,3145267,3147526,3152674,3152764,3156274,3156724,3157264,3157624,3165274,3165724,3174526,3175246,3175426,3214576,3214756,3216745,3217456,3241576,3241657,3245716,3254671,3254761,3256471,3257461,3257641,3265471,3265741,3275614,3412567,3415627,3417526,3421675,3451267,3451627,3452176,3461752,3467512,3471526,3476512,3516247,3521476,3521746,3524176,3542617,3567214,3572461,3572641,3576214,3614257,3615274,3615724,3617542,3641752,3647512,3657241,3672154,3674215,3675412,3714526,3715246,3715426,3721564,3726154,3741526,3742165,3746512,3752614,3756214,3762154,3764512,3765412,4125637,4136752,4137652,4152376,4156237,4157326,4165327,4173526,4175236,4175362,4213675,4216375,4216735,4217653,4231756,4237156,4253617,4256173,4256317,4261357,4276153,4317526,4321675,4325761,4326571,4351627,4352176,4356127,4357261,4361752,4365721,4371526,4512637,4513762,4516237,4516723,4521736,4523176,4523716,4526317,4532176,4536127,4571326,4573216,4617532,4632571,4635721,4651372,4673251,4675132,4715236,4716523,4721653,4732561,4732651,4735216,4751362,4752316,4753216,4763251,4765132,5126347,5134672,5134762,5136472,5137462,5137642,5162347,5162437,5167243,5214736,5217346,5217436,5231476,5231746,5234176,5234716,5237146,5237416,5241736,5243176,5243716,5247163,5261374,5263147,5267314,5273164,5273614,5276314,5321476,5321746,5324167,5346172,5361247,5361427,5364172,5367214,5372614,5376214,5413672,5413762,5421763,5423176,5423716,5426137,5427613,5436172,5467321,5472163,5473261,5476321,5612347,5613274,5617423,5621374,5623417,5627314,5631247,5631427,5637214,5647321,5672134,5672314,5713246,5723164,5723614,5724361,5724631,5726314,5726431,5732146,5732416,5743261,5746321,5762134,5762314,5764321,6123457,6124357,6132754,6135427,6137524,6142537,6152734,6153724,6154273,6157234,6174253,6175342,6175432,6213574,6213754,6215374,6231574,6234157,6234517,6243517,6273154,6312457,6314257,6314527,6315274,6315724,6325471,6325741,6341257,6357241,6372154,6374215,6417532,6432571,6435721,6451372,6473251,6475132,6513472,6513742,6524713,6527314,6532417,6541372,6542173,6547213,6547321,6572314,6572431,6574321,6721354,6721534,6723154,6724513,6731524,6732541,6734215,6742135,6743215,6751342,6754132,7132456,7145236,7152346,7152436,7154236,7165243,7213564,7215364,7215634,7216543,7231564,7231654,7236154,7243651,7245163,7246351,7261534,7263154,7264351,7315264,7315624,7316524,7321456,7324156,7325461,7325641,7326541,7342165,7345216,7352146,7352416,7361524,7415236,7421365,7421635,7425613,7432165,7432651,7435216,7452316,7453216,7463251,7465132,7513462,7513642,7523146,7523416,7524316,7526134,7532146,7534612,7536412,7541362,7542316,7543612,7561324,7562134,7615423,7621354,7621534,7623154,7631524,7632541,7643251,7645132,7651342,7654132,7654213	1243576,1245763,1247563,1275364,1324756,1325764,1326574,1327546,1342756,1347526,1354726,1357246,1357426,1365742,1367254,1372654,1374526,1375246,1375426,1376254,1435726,1452736,1457236,1473256,1475632,1476523,1523674,1523764,1524736,1526374,1527346,1527436,1534726,1537246,1537426,1542367,1542736,1543726,1547236,1547623,1562374,1563472,1567324,1572346,1572436,1573264,1574236,1576324,1632574,1637452,1652374,1652437,1657324,1673452,1673524,1675234,1675324,1724356,1725364,1732546,1735264,1736524,1743256,1743562,1752364,1752634,1753264,1753624,1756234,1763524,1765234,1765324,2134756,2135476,2135746,2137456,2137546,2143576,2147653,2153476,2153746,2154376,2154763,2156734,2157634,2165734,2167354,2167534,2173654,2175364,2176354,2176534,2314576,2315476,2315746,2316754,2317564,2317654,2341576,2345761,2361547,2361754,2367154,2371564,2371654,2376154,2413576,2413756,2415376,2431576,2431657,2435176,2435716,2453671,2457613,2473156,2475136,2475613,2513674,2513764,2514736,2517436,2536174,2541736,2563741,2567341,2571634,2576134,2615734,2617354,2617534,2631754,2637154,2651374,2657134,2675431,2731456,2731546,2734156,2743156,2751346,2753614,2754136,2763451,3145276,3145726,3147562,3152476,3152746,3154276,3154726,3157246,3157426,3165247,3167524,3175264,3175624,3176524,3215674,3215764,3216574,3216754,3217654,3247516,3251476,3251746,3254176,3257164,3257614,3261574,3261754,3265714,3267541,3275416,3415276,3415726,3425671,3427516,3451672,3452761,3457621,3471562,3472156,3475216,3517246,3521674,3521764,3526174,3547216,3561742,3571246,3572146,3572416,3574216,3612754,3615427,3617254,3617524,3621754,3652174,3657412,3671524,3672451,3672514,3715264,3715624,3716524,3721546,3724156,3726514,3742156,3742561,3745162,3745216,3752416,3754216,3761524,3762514,4132756,4135726,4136572,4137526,4152736,4153726,4157236,4173256,4213576,4213756,4215376,4231576,4236157,4256371,4256731,4273156,4275136,4315276,4315726,4316527,4325176,4326751,4351726,4356172,4357126,4357216,4372156,4516372,4516732,4521376,4527316,4527631,4536721,4572316,4576123,4576231,4715632,4721356,4721536,4723156,4731526,4732516,4751326,4752136,4756123,4756312,4762153,4765213,5132476,5134276,5136724,5137264,5137624,5147326,5163742,5167342,5172436,5174326,5213476,5213746,5214763,5216734,5217364,5217634,5231674,5231764,5236174,5236714,5237164,5237614,5241376,5243167,5247316,5261734,5263174,5263714,5273146,5273416,5274316,5276341,5321674,5321764,5326174,5347216,5361274,5361724,5362174,5367241,5372416,5374216,5413276,5417326,5421376,5423617,5427316,5432671,5437216,5472136,5472316,5476213,5612473,5617432,5623174,5623714,5631472,5634712,5637421,5673214,5673421,5712436,5713264,5716324,5721436,5723146,5723416,5724136,5724316,5732164,5732614,5741362,5742136,5742316,5761243,5761324,5762341,5763214,6124573,6124753,6127534,6132574,6152374,6154237,6157324,6172534,6173524,6174352,6175234,6175324,6215473,6217534,6231754,6234571,6237154,6251374,6314752,6317524,6321574,6325714,6345271,6347152,6352174,6371524,6374251,6374512,6513724,6521473,6521734,6523174,6523714,6524317,6532174,6571324,6573214,6574132,6715234,6724531,6725134,6732154,6734251,6734512,6735214,6752314,6753214,6754321,7124356,7132654,7152364,7152634,7156234,7156342,7163254,7165234,7213546,7214356,7215346,7215436,7231456,7231546,7234156,7241356,7241536,7243156,7243516,7245361,7251364,7253614,7265134,7314526,7315246,7315426,7321564,7321654,7325146,7325416,7326154,7341526,7342561,7345162,7352164,7352614,7365214,7413652,7421356,7421536,7423156,7425631,7431526,7432516,7435612,7451632,7452136,7513246,7513426,7521346,7523164,7523614,7524136,7526314,7532164,7532614,7536124,7536214,7541326,7542136,7543261,7561243,7562314,7563142,7612453,7613254,7615234,7621543,7623451,7625134,7632154,7634521,7635214,7652143,7652314,7653214	7435612>5612347,7536124>6124357,7631245>1245367	7431256>1256347,7456312>6312547,7463125>3125647,7534126>4126357,7541263>1263457,7563412>3412657,7634512>4512367,7645123>5123467,7651234>1234567	1	ca846601591a	5906.up-63a938be8d73.txt~5906.up-f2c7804be474.txt
4cacb912829b	7	1243576,1245763,1247563,1275364,1324756,1325764,1326574,1327546,1342756,1347526,1354726,1357246,1357426,1365742,1367254,1372654,1374526,1375246,1375426,1376254,1435726,1452736,1457236,1473256,1475632,1476523,1523674,1523764,1524736,1526374,1527346,1527436,1534726,1537246,1537426,1542367,1542736,1543726,1547236,1547623,1562374,1563472,1567324,1572346,1572436,1573264,1574236,1576324,1632574,1637452,1652374,1652437,1657324,1673452,1673524,1675234,1675324,1724356,1725364,1732546,1735264,1736524,1743256,1743562,1752364,1752634,1753264,1753624,1756234,1763524,1765234,1765324,2134756,2135476,2135746,2137456,2137546,2143576,2147653,2153476,2153746,2154376,2154763,2156734,2157634,2165734,2167354,2167534,2173654,2175364,2176354,2176534,2314576,2315476,2315746,2316754,2317564,2317654,2341576,2345761,2361547,2361754,2367154,2371564,2371654,2376154,2413576,2413756,2415376,2431576,2431657,2435176,2435716,2453671,2457613,2473156,2475136,2475613,2513674,2513764,2514736,2517436,2536174,2541736,2563741,2567341,2571634,2576134,2615734,2617354,2617534,2631754,2637154,2651374,2657134,2675431,2731456,2731546,2734156,2743156,2751346,2753614,2754136,2763451,3145276,3145726,3147562,3152476,3152746,3154276,3154726,3157246,3157426,3165247,3167524,3175264,3175624,3176524,3215674,3215764,3216574,3216754,3217654,3247516,3251476,3251746,3254176,3257164,3257614,3261574,3261754,3265714,3267541,3275416,3415276,3415726,3425671,3427516,3451672,3452761,3457621,3471562,3472156,3475216,3517246,3521674,3521764,3526174,3547216,3561742,3571246,3572146,3572416,3574216,3612754,3615427,3617254,3617524,3621754,3652174,3657412,3671524,3672451,3672514,3715264,3715624,3716524,3721546,3724156,3726514,3742156,3742561,3745162,3745216,3752416,3754216,3761524,3762514,4132756,4135726,4136572,4137526,4152736,4153726,4157236,4173256,4213576,4213756,4215376,4231576,4236157,4256371,4256731,4273156,4275136,4315276,4315726,4316527,4325176,4326751,4351726,4356172,4357126,4357216,4372156,4516372,4516732,4521376,4527316,4527631,4536721,4572316,4576123,4576231,4715632,4721356,4721536,4723156,4731526,4732516,4751326,4752136,4756123,4756312,4762153,4765213,5132476,5134276,5136724,5137264,5137624,5147326,5163742,5167342,5172436,5174326,5213476,5213746,5214763,5216734,5217364,5217634,5231674,5231764,5236174,5236714,5237164,5237614,5241376,5243167,5247316,5261734,5263174,5263714,5273146,5273416,5274316,5276341,5321674,5321764,5326174,5347216,5361274,5361724,5362174,5367241,5372416,5374216,5413276,5417326,5421376,5423617,5427316,5432671,5437216,5472136,5472316,5476213,5612473,5617432,5623174,5623714,5631472,5634712,5637421,5673214,5673421,5712436,5713264,5716324,5721436,5723146,5723416,5724136,5724316,5732164,5732614,5741362,5742136,5742316,5761243,5761324,5762341,5763214,6124573,6124753,6127534,6132574,6152374,6154237,6157324,6172534,6173524,6174352,6175234,6175324,6215473,6217534,6231754,6234571,6237154,6251374,6314752,6317524,6321574,6325714,6345271,6347152,6352174,6371524,6374251,6374512,6513724,6521473,6521734,6523174,6523714,6524317,6532174,6571324,6573214,6574132,6715234,6724531,6725134,6732154,6734251,6734512,6735214,6752314,6753214,6754321,7124356,7132654,7152364,7152634,7156234,7156342,7163254,7165234,7213546,7214356,7215346,7215436,7231456,7231546,7234156,7241356,7241536,7243156,7243516,7245361,7251364,7253614,7265134,7314526,7315246,7315426,7321564,7321654,7325146,7325416,7326154,7341526,7342561,7345162,7352164,7352614,7365214,7413652,7421356,7421536,7423156,7425631,7431526,7432516,7435612,7451632,7452136,7513246,7513426,7521346,7523164,7523614,7524136,7526314,7532164,7532614,7536124,7536214,7541326,7542136,7543261,7561243,7562314,7563142,7612453,7613254,7615234,7621543,7623451,7625134,7632154,7634521,7635214,7652143,7652314,7653214	1243567,1245367,1324576,1327564,1346752,1347652,1354267,1356724,1357624,1364752,1367425,1367542,1374652,1375264,1375624,1376452,1376542,1425367,1425637,1452376,1452637,1457326,1473526,1475236,1475326,1523476,1523746,1524376,1526734,1527364,1527634,1536724,1537264,1537624,1542376,1542763,1562347,1562734,1563724,1567234,1572364,1572634,1573246,1576234,1623457,1624357,1637425,1652473,1652734,1653247,1654723,1657234,1672453,1673425,1674325,1734526,1735246,1742563,1743526,1745236,1745326,1752346,1752436,1753462,1753642,1754236,1754362,1765423,2135674,2135764,2136745,2137564,2145736,2147356,2147536,2153674,2153764,2156374,2163745,2165473,2167345,2167435,2173456,2174356,2174536,2176543,2314756,2315674,2315764,2316574,2317456,2317546,2341567,2341756,2345167,2347156,2361574,2371456,2371546,2374156,2415736,2416537,2417356,2431756,2435167,2435617,2436571,2437156,2451673,2453617,2457136,2463571,2471653,2536147,2546731,2547631,2561743,2563147,2564731,2574631,2576431,2613547,2613754,2615374,2631457,2631574,2643571,2654731,2657431,2673154,2731564,2731654,2736154,2756134,2761543,2763154,3142567,3145267,3147526,3152674,3152764,3156274,3156724,3157264,3157624,3165274,3165724,3174526,3175246,3175426,3214576,3214756,3216745,3217456,3241576,3241657,3245716,3254671,3254761,3256471,3257461,3257641,3265471,3265741,3275614,3412567,3415627,3417526,3421675,3451267,3451627,3452176,3461752,3467512,3471526,3476512,3516247,3521476,3521746,3524176,3542617,3567214,3572461,3572641,3576214,3614257,3615274,3615724,3617542,3641752,3647512,3657241,3672154,3674215,3675412,3714526,3715246,3715426,3721564,3726154,3741526,3742165,3746512,3752614,3756214,3762154,3764512,3765412,4125637,4136752,4137652,4152376,4156237,4157326,4165327,4173526,4175236,4175362,4213675,4216375,4216735,4217653,4231756,4237156,4253617,4256173,4256317,4261357,4276153,4317526,4321675,4325761,4326571,4351627,4352176,4356127,4357261,4361752,4365721,4371526,4512637,4513762,4516237,4516723,4521736,4523176,4523716,4526317,4532176,4536127,4571326,4573216,4617532,4632571,4635721,4651372,4673251,4675132,4715236,4716523,4721653,4732561,4732651,4735216,4751362,4752316,4753216,4763251,4765132,5126347,5134672,5134762,5136472,5137462,5137642,5162347,5162437,5167243,5214736,5217346,5217436,5231476,5231746,5234176,5234716,5237146,5237416,5241736,5243176,5243716,5247163,5261374,5263147,5267314,5273164,5273614,5276314,5321476,5321746,5324167,5346172,5361247,5361427,5364172,5367214,5372614,5376214,5413672,5413762,5421763,5423176,5423716,5426137,5427613,5436172,5467321,5472163,5473261,5476321,5612347,5613274,5617423,5621374,5623417,5627314,5631247,5631427,5637214,5647321,5672134,5672314,5713246,5723164,5723614,5724361,5724631,5726314,5726431,5732146,5732416,5743261,5746321,5762134,5762314,5764321,6123457,6124357,6132754,6135427,6137524,6142537,6152734,6153724,6154273,6157234,6174253,6175342,6175432,6213574,6213754,6215374,6231574,6234157,6234517,6243517,6273154,6312457,6314257,6314527,6315274,6315724,6325471,6325741,6341257,6357241,6372154,6374215,6417532,6432571,6435721,6451372,6473251,6475132,6513472,6513742,6524713,6527314,6532417,6541372,6542173,6547213,6547321,6572314,6572431,6574321,6721354,6721534,6723154,6724513,6731524,6732541,6734215,6742135,6743215,6751342,6754132,7132456,7145236,7152346,7152436,7154236,7165243,7213564,7215364,7215634,7216543,7231564,7231654,7236154,7243651,7245163,7246351,7261534,7263154,7264351,7315264,7315624,7316524,7321456,7324156,7325461,7325641,7326541,7342165,7345216,7352146,7352416,7361524,7415236,7421365,7421635,7425613,7432165,7432651,7435216,7452316,7453216,7463251,7465132,7513462,7513642,7523146,7523416,7524316,7526134,7532146,7534612,7536412,7541362,7542316,7543612,7561324,7562134,7615423,7621354,7621534,7623154,7631524,7632541,7643251,7645132,7651342,7654132,7654213	7431256>1256347,7456312>6312547,7463125>3125647,7534126>4126357,7541263>1263457,7563412>3412657,7634512>4512367,7645123>5123467,7651234>1234567	7435612>5612347,7536124>6124357,7631245>1245367	1	ca846601591a	5906.up-63a938be8d73.txt~5906.up-f2c7804be474.txt
0d491f159886	7	1234765,1237465,1273465,1723465,1742365,1742635,1746235,1764235,2317465,2317645,2346175,2347615,2361745,2374615,2631745,2734615,3174265,3174625,3176425,3461275,3461725,3476125,3617425,3746125,4231765,4236175,4263175,4612375,4612735,4617235,4623175,4761235,6123475,6123745,6127345,6172345,6174235,6231745,6317425,6423175,7234615,7346125,7423615,7426315,7461235,7462315,7612345,7642315	1234567,1235467,1253467,1523467,1742356,1742536,1745236,1754236,2317456,2317546,2345617,2346157,2351746,2354617,2531746,2534617,3174256,3174526,3175426,3456127,3461257,3461527,3517426,3546127,4231756,4235176,4253176,4523176,4561237,4612357,4612537,4615237,5174236,5231746,5234617,5317426,5346127,5423176,5461237,5612347,6123457,6123547,6125347,6152347,7423516,7425316,7452316,7542316			1	926721eebfb5	5906.up-331e3f0f91ee.txt~5906.up-53b55626d912.txt
3a3b52457923	7	1234567,1235467,1253467,1523467,1742356,1742536,1745236,1754236,2317456,2317546,2345617,2346157,2351746,2354617,2531746,2534617,3174256,3174526,3175426,3456127,3461257,3461527,3517426,3546127,4231756,4235176,4253176,4523176,4561237,4612357,4612537,4615237,5174236,5231746,5234617,5317426,5346127,5423176,5461237,5612347,6123457,6123547,6125347,6152347,7423516,7425316,7452316,7542316	1234765,1237465,1273465,1723465,1742365,1742635,1746235,1764235,2317465,2317645,2346175,2347615,2361745,2374615,2631745,2734615,3174265,3174625,3176425,3461275,3461725,3476125,3617425,3746125,4231765,4236175,4263175,4612375,4612735,4617235,4623175,4761235,6123475,6123745,6127345,6172345,6174235,6231745,6317425,6423175,7234615,7346125,7423615,7426315,7461235,7462315,7612345,7642315			1	926721eebfb5	5906.up-331e3f0f91ee.txt~5906.up-53b55626d912.txt
9ce30e66b306	7	1234567,1243567,1245367,1324567,2345617,2435617,2453617,2456137,2476531,2764531,2765341,2765431,3245617,3247651,3276451,3276541,3427651,3456127,3561247,3612457,4276531,4327651,4356127,4532761,4536127,4561237,4561327,4765321,5324761,5327641,5342761,5361247,5432761,5612347,5612437,5613247,6123457,6124357,6124537,6132457,6453271,6532471,6534271,6543271,7645321,7653241,7653421,7654321	1245763,1247563,1274563,1276534,1327654,1532764,1724563,1765324,2176534,2456173,2457613,2475613,2745613,2761534,2765134,2765314,3127654,3217654,3276154,3276514,4561273,4561723,4576123,4756123,5132764,5312764,5321764,5327614,5612473,5612743,5617243,5761243,6124573,6124753,6127453,6153274,6172453,6513274,6531274,6532174,7245613,7456123,7561243,7612453,7615324,7651324,7653124,7653214			1	7a7fe8454c05	5906.up-55058cab6cba.txt~5906.up-f0a3bb335ed9.txt
311e9750fe53	7	1245763,1247563,1274563,1276534,1327654,1532764,1724563,1765324,2176534,2456173,2457613,2475613,2745613,2761534,2765134,2765314,3127654,3217654,3276154,3276514,4561273,4561723,4576123,4756123,5132764,5312764,5321764,5327614,5612473,5612743,5617243,5761243,6124573,6124753,6127453,6153274,6172453,6513274,6531274,6532174,7245613,7456123,7561243,7612453,7615324,7651324,7653124,7653214	1234567,1243567,1245367,1324567,2345617,2435617,2453617,2456137,2476531,2764531,2765341,2765431,3245617,3247651,3276451,3276541,3427651,3456127,3561247,3612457,4276531,4327651,4356127,4532761,4536127,4561237,4561327,4765321,5324761,5327641,5342761,5361247,5432761,5612347,5612437,5613247,6123457,6124357,6124537,6132457,6453271,6532471,6534271,6543271,7645321,7653241,7653421,7654321			1	7a7fe8454c05	5906.up-55058cab6cba.txt~5906.up-f0a3bb335ed9.txt
f0ace59fbec2	7	1234765,1237564,1247365,1247635,1267435,1324567,1327645,1342657,1352467,1372546,1427365,1427635,1452367,1462735,1472536,1476523,1534267,1563247,1564237,1627354,1632457,1635247,1642357,1645237,1653427,1654237,1674523,1723645,1732546,1736245,1742365,1743625,1745263,2147653,2165347,2167453,2174365,2315647,2316457,2316547,2347615,2351647,2361457,2361745,2364175,2375614,2415637,2416357,2417365,2435761,2437561,2451637,2453761,2456137,2461357,2465371,2465731,2467531,2473615,2476315,2531476,2541376,2541736,2543761,2547361,2563741,2567341,2615347,2617453,2635741,2637541,2651347,2673541,2674315,2731465,2735164,2736145,2763145,2764135,3124765,3126745,3142765,3146275,3147256,3156427,3164527,3165427,3241567,3245167,3245617,3246571,3246751,3254176,3276415,3421657,3425671,3426157,3426517,3476125,3516274,3516427,3524167,3524617,3542671,3574261,3576241,3612475,3614275,3614527,3617425,3621745,3624175,3625471,3641725,3724651,3725416,3742561,3754261,3756124,3756241,3762451,3762541,4132765,4137256,4156327,4163527,4172365,4173256,4173625,4216537,4231567,4231657,4235167,4236175,4256371,4256731,4261537,4263571,4263751,4265137,4267351,4273615,4276315,4312675,4357621,4362175,4375621,4376251,4516327,4521673,4523167,4523617,4526173,4537621,4561327,4613527,4627315,4653721,4657321,4675321,4725316,4736125,4736251,4761235,4763125,4765213,5134267,5162734,5163247,5164237,5214763,5216743,5231647,5236147,5241637,5246137,5261743,5314726,5324671,5342167,5342617,5372461,5376241,5413726,5417326,5423167,5426371,5426731,5437621,5473621,5612374,5613247,5624371,5632417,5637421,5642317,5673421,5732461,5742631,5762431,6123475,6123754,6124735,6132457,6135247,6142735,6145237,6153427,6174235,6174523,6217435,6241735,6243571,6243751,6245371,6254371,6254731,6273145,6273514,6312475,6314275,6324157,6324517,6352417,6357421,6374251,6375421,6413275,6417235,6423157,6423517,6452317,6513427,6521473,6534217,6537241,6542317,6573241,6734251,6735421,6743125,6745213,6753241,7236415,7246531,7253146,7254136,7314625,7324651,7325416,7342561,7351624,7354261,7361245,7361425,7362415,7362541,7423615,7425631,7426351,7431265,7436215,7452163,7452613,7532461,7542631,7561234,7562431,7612345,7624351,7624531,7625431,7631245,7631425,7641325,7652143	1234567,1245763,1247563,1254763,1324675,1325647,1326547,1342675,1345267,1364725,1372465,1374265,1425367,1425637,1426375,1427356,1436725,1452736,1462537,1542736,1563427,1574236,1576243,1624375,1632475,1637245,1637425,1642375,1673245,1673425,1732465,1734265,1742356,1745236,1754236,1756243,1762453,1762543,2136475,2143675,2156347,2163745,2167345,2315746,2317456,2317546,2345617,2347651,2351746,2371645,2415763,2416375,2416735,2417563,2437165,2451763,2457613,2461375,2461735,2463571,2467135,2471635,2473651,2475613,2476351,2531467,2536147,2541763,2546731,2547613,2563147,2564137,2613457,2613745,2617345,2637145,2654137,2671345,2674351,2674531,2731456,2731546,2735146,2735461,3142567,3145276,3146257,3154276,3157426,3174526,3175426,3241675,3246175,3246715,3247165,3254671,3256417,3265417,3267451,3421567,3421675,3426175,3426715,3452617,3456127,3476521,3514276,3517426,3524761,3526741,3546271,3572461,3614257,3647215,3652471,3672145,3714265,3716245,3716425,3724165,3724615,3742165,3742615,4132567,4132657,4157623,4163725,4167325,4175623,4176253,4215637,4216375,4216735,4231576,4231756,4235176,4237165,4253617,4256317,4261375,4261735,4263715,4267135,4273156,4273516,4352671,4367215,4371625,4517623,4523176,4526137,4527316,4532671,4561237,4576123,4613725,4617325,4625317,4627351,4635721,4671325,4673251,4716325,4721365,4736521,4756123,4761253,4763521,4765231,5142736,5174236,5176243,5231746,5234761,5247361,5247631,5261347,5267431,5273146,5314627,5326741,5361427,5413267,5417623,5423176,5427316,5462731,5467321,5476123,5612347,5612473,5624173,5631427,5634217,5641327,5724631,5742316,5761243,5762413,6123457,6124573,6124753,6125473,6134527,6137245,6137425,6142537,6173245,6173425,6241573,6241753,6243715,6245173,6253147,6254173,6273541,6314257,6324715,6342157,6352471,6357241,6371425,6372415,6374215,6413257,6423715,6472135,6523471,6524731,6541327,6713245,6713425,6721435,6732415,6732541,6734215,6743521,6745321,7132465,7134265,7142635,7162435,7163245,7164235,7213645,7214365,7241635,7246135,7246351,7314526,7315426,7324165,7324615,7325461,7342165,7342615,7351426,7354621,7365241,7421635,7423156,7423516,7426135,7435261,7452316,7453261,7542316,7561243,7562413,7612453,7612543,7624153,7624513,7625413,7635241,7652341			1	861bc25fb159	5906.up-14e2c7b29aae.txt~5906.up-5ce87c54ecea.txt
6bef45ce8a91	7	1234567,1245763,1247563,1254763,1324675,1325647,1326547,1342675,1345267,1364725,1372465,1374265,1425367,1425637,1426375,1427356,1436725,1452736,1462537,1542736,1563427,1574236,1576243,1624375,1632475,1637245,1637425,1642375,1673245,1673425,1732465,1734265,1742356,1745236,1754236,1756243,1762453,1762543,2136475,2143675,2156347,2163745,2167345,2315746,2317456,2317546,2345617,2347651,2351746,2371645,2415763,2416375,2416735,2417563,2437165,2451763,2457613,2461375,2461735,2463571,2467135,2471635,2473651,2475613,2476351,2531467,2536147,2541763,2546731,2547613,2563147,2564137,2613457,2613745,2617345,2637145,2654137,2671345,2674351,2674531,2731456,2731546,2735146,2735461,3142567,3145276,3146257,3154276,3157426,3174526,3175426,3241675,3246175,3246715,3247165,3254671,3256417,3265417,3267451,3421567,3421675,3426175,3426715,3452617,3456127,3476521,3514276,3517426,3524761,3526741,3546271,3572461,3614257,3647215,3652471,3672145,3714265,3716245,3716425,3724165,3724615,3742165,3742615,4132567,4132657,4157623,4163725,4167325,4175623,4176253,4215637,4216375,4216735,4231576,4231756,4235176,4237165,4253617,4256317,4261375,4261735,4263715,4267135,4273156,4273516,4352671,4367215,4371625,4517623,4523176,4526137,4527316,4532671,4561237,4576123,4613725,4617325,4625317,4627351,4635721,4671325,4673251,4716325,4721365,4736521,4756123,4761253,4763521,4765231,5142736,5174236,5176243,5231746,5234761,5247361,5247631,5261347,5267431,5273146,5314627,5326741,5361427,5413267,5417623,5423176,5427316,5462731,5467321,5476123,5612347,5612473,5624173,5631427,5634217,5641327,5724631,5742316,5761243,5762413,6123457,6124573,6124753,6125473,6134527,6137245,6137425,6142537,6173245,6173425,6241573,6241753,6243715,6245173,6253147,6254173,6273541,6314257,6324715,6342157,6352471,6357241,6371425,6372415,6374215,6413257,6423715,6472135,6523471,6524731,6541327,6713245,6713425,6721435,6732415,6732541,6734215,6743521,6745321,7132465,7134265,7142635,7162435,7163245,7164235,7213645,7214365,7241635,7246135,7246351,7314526,7315426,7324165,7324615,7325461,7342165,7342615,7351426,7354621,7365241,7421635,7423156,7423516,7426135,7435261,7452316,7453261,7542316,7561243,7562413,7612453,7612543,7624153,7624513,7625413,7635241,7652341	1234765,1237564,1247365,1247635,1267435,1324567,1327645,1342657,1352467,1372546,1427365,1427635,1452367,1462735,1472536,1476523,1534267,1563247,1564237,1627354,1632457,1635247,1642357,1645237,1653427,1654237,1674523,1723645,1732546,1736245,1742365,1743625,1745263,2147653,2165347,2167453,2174365,2315647,2316457,2316547,2347615,2351647,2361457,2361745,2364175,2375614,2415637,2416357,2417365,2435761,2437561,2451637,2453761,2456137,2461357,2465371,2465731,2467531,2473615,2476315,2531476,2541376,2541736,2543761,2547361,2563741,2567341,2615347,2617453,2635741,2637541,2651347,2673541,2674315,2731465,2735164,2736145,2763145,2764135,3124765,3126745,3142765,3146275,3147256,3156427,3164527,3165427,3241567,3245167,3245617,3246571,3246751,3254176,3276415,3421657,3425671,3426157,3426517,3476125,3516274,3516427,3524167,3524617,3542671,3574261,3576241,3612475,3614275,3614527,3617425,3621745,3624175,3625471,3641725,3724651,3725416,3742561,3754261,3756124,3756241,3762451,3762541,4132765,4137256,4156327,4163527,4172365,4173256,4173625,4216537,4231567,4231657,4235167,4236175,4256371,4256731,4261537,4263571,4263751,4265137,4267351,4273615,4276315,4312675,4357621,4362175,4375621,4376251,4516327,4521673,4523167,4523617,4526173,4537621,4561327,4613527,4627315,4653721,4657321,4675321,4725316,4736125,4736251,4761235,4763125,4765213,5134267,5162734,5163247,5164237,5214763,5216743,5231647,5236147,5241637,5246137,5261743,5314726,5324671,5342167,5342617,5372461,5376241,5413726,5417326,5423167,5426371,5426731,5437621,5473621,5612374,5613247,5624371,5632417,5637421,5642317,5673421,5732461,5742631,5762431,6123475,6123754,6124735,6132457,6135247,6142735,6145237,6153427,6174235,6174523,6217435,6241735,6243571,6243751,6245371,6254371,6254731,6273145,6273514,6312475,6314275,6324157,6324517,6352417,6357421,6374251,6375421,6413275,6417235,6423157,6423517,6452317,6513427,6521473,6534217,6537241,6542317,6573241,6734251,6735421,6743125,6745213,6753241,7236415,7246531,7253146,7254136,7314625,7324651,7325416,7342561,7351624,7354261,7361245,7361425,7362415,7362541,7423615,7425631,7426351,7431265,7436215,7452163,7452613,7532461,7542631,7561234,7562431,7612345,7624351,7624531,7625431,7631245,7631425,7641325,7652143			1	861bc25fb159	5906.up-14e2c7b29aae.txt~5906.up-5ce87c54ecea.txt
a68147808d5d	7	1234567,1245763,1247563,1254763,1324675,1325647,1326547,1342675,1345267,1364725,1372465,1374265,1425367,1425637,1426375,1427356,1436725,1452736,1462537,1542736,1563427,1572436,1574236,1576243,1576423,1624375,1632475,1637245,1637425,1642375,1673245,1673425,1724356,1724536,1725436,1732465,1734265,1742356,1745236,1754236,1756243,1756423,1762453,1762543,1764523,1765423,2136475,2143675,2156347,2157643,2163745,2167345,2175643,2176453,2176543,2315746,2317456,2317546,2345617,2347651,2351746,2371645,2415763,2416375,2416735,2417563,2431576,2435176,2437165,2451763,2453176,2457613,2461375,2461735,2463571,2467135,2471635,2473651,2475613,2476351,2531467,2536147,2541763,2543176,2546731,2547613,2563147,2564137,2613457,2613745,2617345,2637145,2654137,2671345,2674351,2674531,2731456,2731546,2735146,2735461,3142567,3145276,3146257,3154276,3157246,3157426,3172456,3172546,3174526,3175426,3241675,3246175,3246715,3247165,3254671,3256417,3265417,3267451,3421567,3421675,3426175,3426715,3452617,3456127,3476521,3514276,3517246,3517426,3524761,3526741,3546271,3572461,3614257,3647215,3652471,3672145,3714265,3716245,3716425,3724165,3724615,3742165,3742615,4132567,4132657,4157623,4163725,4167325,4175623,4176253,4215637,4215763,4216375,4216735,4217563,4217653,4231576,4231756,4235176,4237165,4253617,4256317,4261375,4261735,4263715,4267135,4273156,4273516,4315726,4317256,4351726,4352671,4367215,4371625,4517623,4521763,4523176,4526137,4527316,4531726,4532671,4561237,4576123,4613725,4617325,4625317,4627351,4635721,4671325,4673251,4716325,4721365,4736521,4756123,4761253,4763521,4765231,5142736,5172436,5174236,5176243,5217643,5231746,5234761,5247361,5247631,5261347,5267431,5273146,5314627,5317246,5326741,5361427,5413267,5417623,5421763,5423176,5427316,5431726,5462731,5467321,5476123,5612347,5612473,5624173,5631427,5634217,5641327,5642173,5724316,5724631,5742316,5761243,5762413,5764213,6123457,6124573,6124753,6125473,6134527,6137245,6137425,6142537,6173245,6173425,6241573,6241753,6243715,6245173,6253147,6254173,6273541,6314257,6324715,6342157,6352471,6357241,6371425,6372415,6374215,6413257,6421573,6421753,6423715,6452173,6472135,6523471,6524731,6541327,6542173,6713245,6713425,6721435,6732415,6732541,6734215,6743521,6745321,7132465,7134265,7142635,7162435,7163245,7164235,7213645,7214365,7241635,7243156,7243516,7245316,7246135,7246351,7254316,7314526,7315426,7324165,7324615,7325461,7342165,7342615,7351426,7354621,7365241,7421635,7423156,7423516,7426135,7435261,7452316,7453261,7542316,7561243,7562413,7564213,7612453,7612543,7624153,7624513,7625413,7635241,7642153,7645213,7652341,7654213	1234765,1237564,1247365,1247635,1267435,1324567,1327645,1342657,1352467,1372546,1376425,1427365,1427635,1452367,1462735,1472536,1476523,1534267,1563247,1564237,1627354,1632457,1635247,1642357,1645237,1653427,1654237,1672435,1674523,1723645,1724365,1724635,1726435,1732546,1736245,1736425,1742365,1743625,1745263,1763425,1764325,2137645,2147653,2165347,2167453,2173645,2174365,2176345,2176435,2315647,2316457,2316547,2347615,2351647,2361457,2361745,2364175,2375614,2415637,2416357,2417365,2431675,2435761,2436175,2437561,2451637,2453761,2456137,2461357,2463175,2465371,2465731,2467531,2473615,2476315,2531476,2541376,2541736,2543761,2547361,2563741,2567341,2615347,2617453,2635741,2637541,2643175,2651347,2673541,2674315,2731465,2735164,2736145,2763145,2764135,3124765,3126745,3142765,3146275,3147256,3156427,3164527,3165427,3167245,3172465,3172645,3217645,3241567,3245167,3245617,3246571,3246751,3254176,3276415,3421657,3421765,3425671,3426157,3426517,3476125,3516274,3516427,3524167,3524617,3542671,3574261,3576241,3612475,3614275,3614527,3617245,3617425,3621745,3624175,3625471,3641725,3642175,3724651,3725416,3742561,3754261,3756124,3756241,3762451,3762541,3764215,4132765,4137256,4156327,4163527,4172365,4173256,4173625,4213765,4216537,4217365,4217635,4231567,4231657,4235167,4236175,4256371,4256731,4261537,4263571,4263751,4265137,4267351,4273615,4276315,4312675,4316725,4317265,4321765,4357621,4361725,4362175,4375621,4376251,4516327,4521673,4523167,4523617,4526173,4537621,4561327,4613527,4627315,4631725,4653721,4657321,4675321,4725316,4736125,4736251,4761235,4763125,4765213,5134267,5162734,5163247,5164237,5214763,5216743,5231647,5236147,5241637,5246137,5261743,5314726,5324671,5342167,5342617,5372461,5376241,5413726,5417326,5423167,5426371,5426731,5437621,5473621,5612374,5613247,5624371,5632417,5637421,5642317,5673421,5732461,5742631,5762431,6123475,6123754,6124735,6132457,6135247,6142735,6145237,6153427,6172435,6174235,6174523,6217435,6241735,6243571,6243751,6245371,6254371,6254731,6273145,6273514,6312475,6314275,6317245,6324157,6324517,6342175,6352417,6357421,6374251,6375421,6413275,6417235,6421375,6421735,6423157,6423517,6431725,6432175,6452317,6513427,6521473,6534217,6537241,6542317,6573241,6724315,6734251,6735421,6743125,6745213,6753241,7236415,7243165,7243615,7246315,7246531,7253146,7254136,7264315,7314625,7324651,7325416,7342561,7351624,7354261,7361245,7361425,7362415,7362541,7364215,7423615,7425631,7426351,7431265,7436215,7452163,7452613,7532461,7542631,7561234,7562431,7612345,7624351,7624531,7625431,7631245,7631425,7634215,7641325,7642135,7643215,7652143			1	edb7a30049c4	5906.up-5ce87c54ecea.txt~5906.up-a838f31a7b4f.txt
75a33d1c2c49	7	1234765,1237564,1247365,1247635,1267435,1324567,1327645,1342657,1352467,1372546,1376425,1427365,1427635,1452367,1462735,1472536,1476523,1534267,1563247,1564237,1627354,1632457,1635247,1642357,1645237,1653427,1654237,1672435,1674523,1723645,1724365,1724635,1726435,1732546,1736245,1736425,1742365,1743625,1745263,1763425,1764325,2137645,2147653,2165347,2167453,2173645,2174365,2176345,2176435,2315647,2316457,2316547,2347615,2351647,2361457,2361745,2364175,2375614,2415637,2416357,2417365,2431675,2435761,2436175,2437561,2451637,2453761,2456137,2461357,2463175,2465371,2465731,2467531,2473615,2476315,2531476,2541376,2541736,2543761,2547361,2563741,2567341,2615347,2617453,2635741,2637541,2643175,2651347,2673541,2674315,2731465,2735164,2736145,2763145,2764135,3124765,3126745,3142765,3146275,3147256,3156427,3164527,3165427,3167245,3172465,3172645,3217645,3241567,3245167,3245617,3246571,3246751,3254176,3276415,3421657,3421765,3425671,3426157,3426517,3476125,3516274,3516427,3524167,3524617,3542671,3574261,3576241,3612475,3614275,3614527,3617245,3617425,3621745,3624175,3625471,3641725,3642175,3724651,3725416,3742561,3754261,3756124,3756241,3762451,3762541,3764215,4132765,4137256,4156327,4163527,4172365,4173256,4173625,4213765,4216537,4217365,4217635,4231567,4231657,4235167,4236175,4256371,4256731,4261537,4263571,4263751,4265137,4267351,4273615,4276315,4312675,4316725,4317265,4321765,4357621,4361725,4362175,4375621,4376251,4516327,4521673,4523167,4523617,4526173,4537621,4561327,4613527,4627315,4631725,4653721,4657321,4675321,4725316,4736125,4736251,4761235,4763125,4765213,5134267,5162734,5163247,5164237,5214763,5216743,5231647,5236147,5241637,5246137,5261743,5314726,5324671,5342167,5342617,5372461,5376241,5413726,5417326,5423167,5426371,5426731,5437621,5473621,5612374,5613247,5624371,5632417,5637421,5642317,5673421,5732461,5742631,5762431,6123475,6123754,6124735,6132457,6135247,6142735,6145237,6153427,6172435,6174235,6174523,6217435,6241735,6243571,6243751,6245371,6254371,6254731,6273145,6273514,6312475,6314275,6317245,6324157,6324517,6342175,6352417,6357421,6374251,6375421,6413275,6417235,6421375,6421735,6423157,6423517,6431725,6432175,6452317,6513427,6521473,6534217,6537241,6542317,6573241,6724315,6734251,6735421,6743125,6745213,6753241,7236415,7243165,7243615,7246315,7246531,7253146,7254136,7264315,7314625,7324651,7325416,7342561,7351624,7354261,7361245,7361425,7362415,7362541,7364215,7423615,7425631,7426351,7431265,7436215,7452163,7452613,7532461,7542631,7561234,7562431,7612345,7624351,7624531,7625431,7631245,7631425,7634215,7641325,7642135,7643215,7652143	1234567,1245763,1247563,1254763,1324675,1325647,1326547,1342675,1345267,1364725,1372465,1374265,1425367,1425637,1426375,1427356,1436725,1452736,1462537,1542736,1563427,1572436,1574236,1576243,1576423,1624375,1632475,1637245,1637425,1642375,1673245,1673425,1724356,1724536,1725436,1732465,1734265,1742356,1745236,1754236,1756243,1756423,1762453,1762543,1764523,1765423,2136475,2143675,2156347,2157643,2163745,2167345,2175643,2176453,2176543,2315746,2317456,2317546,2345617,2347651,2351746,2371645,2415763,2416375,2416735,2417563,2431576,2435176,2437165,2451763,2453176,2457613,2461375,2461735,2463571,2467135,2471635,2473651,2475613,2476351,2531467,2536147,2541763,2543176,2546731,2547613,2563147,2564137,2613457,2613745,2617345,2637145,2654137,2671345,2674351,2674531,2731456,2731546,2735146,2735461,3142567,3145276,3146257,3154276,3157246,3157426,3172456,3172546,3174526,3175426,3241675,3246175,3246715,3247165,3254671,3256417,3265417,3267451,3421567,3421675,3426175,3426715,3452617,3456127,3476521,3514276,3517246,3517426,3524761,3526741,3546271,3572461,3614257,3647215,3652471,3672145,3714265,3716245,3716425,3724165,3724615,3742165,3742615,4132567,4132657,4157623,4163725,4167325,4175623,4176253,4215637,4215763,4216375,4216735,4217563,4217653,4231576,4231756,4235176,4237165,4253617,4256317,4261375,4261735,4263715,4267135,4273156,4273516,4315726,4317256,4351726,4352671,4367215,4371625,4517623,4521763,4523176,4526137,4527316,4531726,4532671,4561237,4576123,4613725,4617325,4625317,4627351,4635721,4671325,4673251,4716325,4721365,4736521,4756123,4761253,4763521,4765231,5142736,5172436,5174236,5176243,5217643,5231746,5234761,5247361,5247631,5261347,5267431,5273146,5314627,5317246,5326741,5361427,5413267,5417623,5421763,5423176,5427316,5431726,5462731,5467321,5476123,5612347,5612473,5624173,5631427,5634217,5641327,5642173,5724316,5724631,5742316,5761243,5762413,5764213,6123457,6124573,6124753,6125473,6134527,6137245,6137425,6142537,6173245,6173425,6241573,6241753,6243715,6245173,6253147,6254173,6273541,6314257,6324715,6342157,6352471,6357241,6371425,6372415,6374215,6413257,6421573,6421753,6423715,6452173,6472135,6523471,6524731,6541327,6542173,6713245,6713425,6721435,6732415,6732541,6734215,6743521,6745321,7132465,7134265,7142635,7162435,7163245,7164235,7213645,7214365,7241635,7243156,7243516,7245316,7246135,7246351,7254316,7314526,7315426,7324165,7324615,7325461,7342165,7342615,7351426,7354621,7365241,7421635,7423156,7423516,7426135,7435261,7452316,7453261,7542316,7561243,7562413,7564213,7612453,7612543,7624153,7624513,7625413,7635241,7642153,7645213,7652341,7654213			1	edb7a30049c4	5906.up-5ce87c54ecea.txt~5906.up-a838f31a7b4f.txt
af945ab938fd	7	1234567,1247365,1253467,1273645,1274365,1324765,1342765,1347265,1357462,1364275,1375462,1523467,1563427,1623745,1627345,1632547,1634572,1634752,1635247,1642375,1643275,1653472,1672345,1734652,2156347,2341675,2345617,2346157,2371645,2374165,2416357,2473615,2476135,2534617,2541637,2613475,2713645,2716435,2734165,2736415,2743615,2761345,3247615,3254167,3271645,3416275,3416725,3421567,3427615,3456127,3457162,3461257,3461527,3465172,3471652,3472615,3475162,3524167,3574612,3612475,3612745,3641275,3642715,3716425,3741625,3754612,4127365,4162375,4162735,4163257,4163527,4167235,4215637,4237165,4271365,4276135,4327165,4361275,4561237,4571632,4612537,4613572,4613752,4615237,4651732,4716532,4726135,4736125,4751632,4761325,5163472,5173462,5234617,5241637,5346127,5347162,5416327,5461372,5612347,5634217,5716342,5746132,6123457,6124735,6125347,6127435,6132475,6134275,6134725,6135742,6137542,6152347,6237415,6273415,6325417,6342157,6345712,6347512,6352417,6412735,6423715,6427135,6432715,6517342,6534712,6723415,7136425,7163452,7164235,7164325,7165342,7234165,7261345,7341625,7346512,7361245,7364125,7416235,7436125,7461352,7516342,7546132,7613245,7613425	1257364,1273564,1273654,1275364,1325467,1345762,1347562,1352467,1354267,1374625,1534762,1564273,1623457,1625347,1634725,1635742,1637542,1642573,1645273,1652347,1654273,1673542,1723465,1763245,2137465,2163475,2341657,2345167,2346175,2417635,2461357,2534167,2546137,2571643,2573614,2613547,2715643,2716453,2716543,2735614,2736514,2753614,3241765,3254617,3416257,3416527,3451627,3457612,3461725,3472165,3475612,3476152,3524617,3541672,3542617,3561274,3574162,3612574,3612754,3651274,3746215,3754162,4162537,4163572,4163752,4165237,4167352,4176325,4257163,4261357,4271563,4271653,4516237,4527163,4576132,4613257,4613527,4617235,4621375,4721635,4756132,4761532,5127364,5162347,5234167,5246137,5271643,5341627,5347612,5361274,5416372,5416732,5426137,5427163,5461327,5612734,5613472,5642713,5716423,5736124,5741632,5761342,6125734,6127354,6127534,6132547,6134572,6134752,6135247,6135427,6153472,6172345,6213745,6234517,6253417,6324175,6347215,6357412,6375412,6425713,6427153,6452713,6512734,6523417,6542713,6735412,7156423,7164253,7164523,7165423,7216345,7234615,7354162,7356124,7361254,7365124,7416352,7462135,7536124,7541632,7561342,7613452,7615342,7632415			1	4b724975473f	5906.up-d2559533f431.txt~5906.up-e948752d6a32.txt
eb8331df9ee8	7	1257364,1273564,1273654,1275364,1325467,1345762,1347562,1352467,1354267,1374625,1534762,1564273,1623457,1625347,1634725,1635742,1637542,1642573,1645273,1652347,1654273,1673542,1723465,1763245,2137465,2163475,2341657,2345167,2346175,2417635,2461357,2534167,2546137,2571643,2573614,2613547,2715643,2716453,2716543,2735614,2736514,2753614,3241765,3254617,3416257,3416527,3451627,3457612,3461725,3472165,3475612,3476152,3524617,3541672,3542617,3561274,3574162,3612574,3612754,3651274,3746215,3754162,4162537,4163572,4163752,4165237,4167352,4176325,4257163,4261357,4271563,4271653,4516237,4527163,4576132,4613257,4613527,4617235,4621375,4721635,4756132,4761532,5127364,5162347,5234167,5246137,5271643,5341627,5347612,5361274,5416372,5416732,5426137,5427163,5461327,5612734,5613472,5642713,5716423,5736124,5741632,5761342,6125734,6127354,6127534,6132547,6134572,6134752,6135247,6135427,6153472,6172345,6213745,6234517,6253417,6324175,6347215,6357412,6375412,6425713,6427153,6452713,6512734,6523417,6542713,6735412,7156423,7164253,7164523,7165423,7216345,7234615,7354162,7356124,7361254,7365124,7416352,7462135,7536124,7541632,7561342,7613452,7615342,7632415	1234567,1247365,1253467,1273645,1274365,1324765,1342765,1347265,1357462,1364275,1375462,1523467,1563427,1623745,1627345,1632547,1634572,1634752,1635247,1642375,1643275,1653472,1672345,1734652,2156347,2341675,2345617,2346157,2371645,2374165,2416357,2473615,2476135,2534617,2541637,2613475,2713645,2716435,2734165,2736415,2743615,2761345,3247615,3254167,3271645,3416275,3416725,3421567,3427615,3456127,3457162,3461257,3461527,3465172,3471652,3472615,3475162,3524167,3574612,3612475,3612745,3641275,3642715,3716425,3741625,3754612,4127365,4162375,4162735,4163257,4163527,4167235,4215637,4237165,4271365,4276135,4327165,4361275,4561237,4571632,4612537,4613572,4613752,4615237,4651732,4716532,4726135,4736125,4751632,4761325,5163472,5173462,5234617,5241637,5346127,5347162,5416327,5461372,5612347,5634217,5716342,5746132,6123457,6124735,6125347,6127435,6132475,6134275,6134725,6135742,6137542,6152347,6237415,6273415,6325417,6342157,6345712,6347512,6352417,6412735,6423715,6427135,6432715,6517342,6534712,6723415,7136425,7163452,7164235,7164325,7165342,7234165,7261345,7341625,7346512,7361245,7364125,7416235,7436125,7461352,7516342,7546132,7613245,7613425			1	4b724975473f	5906.up-d2559533f431.txt~5906.up-e948752d6a32.txt
80b2932b3a5d	7	1234567,1253467,1324765,1342765,1347265,1357462,1375462,1523467,1563427,1623745,1627345,1632547,1634572,1634752,1635247,1653472,1672345,1734652,2156347,2341675,2345617,2346157,2374165,2416357,2476135,2534617,2541637,2613475,2734165,2761345,3247615,3254167,3416275,3416725,3421567,3427615,3456127,3457162,3461257,3461527,3465172,3471652,3472615,3475162,3524167,3574612,3741625,3754612,4162375,4162735,4163257,4163527,4167235,4215637,4276135,4561237,4571632,4612537,4613572,4613752,4615237,4651732,4716532,4726135,4751632,4761325,5163472,5173462,5234617,5241637,5346127,5347162,5416327,5461372,5612347,5634217,5716342,5746132,6123457,6125347,6132475,6134275,6134725,6135742,6137542,6152347,6237415,6273415,6325417,6342157,6345712,6347512,6352417,6517342,6534712,6723415,7163452,7165342,7234165,7261345,7341625,7346512,7416235,7461352,7516342,7546132,7613245,7613425	1273465,1325467,1345762,1347562,1352467,1354267,1374625,1534762,1623457,1625347,1634275,1634725,1635742,1637542,1652347,1673542,1723465,1763245,2137465,2163475,2341657,2345167,2346175,2417635,2461357,2534167,2546137,2613547,2716345,2734615,3241765,3254617,3416257,3416527,3427165,3451627,3457612,3461275,3461725,3472165,3475612,3476152,3524617,3541672,3542617,3574162,3746215,3754162,4162537,4163572,4163752,4165237,4167352,4176325,4261357,4271635,4516237,4576132,4612735,4613257,4613527,4617235,4621375,4721635,4756132,4761532,5162347,5234167,5246137,5341627,5347612,5416372,5416732,5426137,5461327,5613472,5741632,5761342,6127345,6132547,6134572,6134752,6135247,6135427,6153472,6172345,6213745,6234517,6253417,6324175,6342715,6347215,6357412,6375412,6523417,6735412,7163425,7216345,7234615,7346125,7354162,7416352,7462135,7541632,7561342,7613452,7615342,7632415			1	79e3c97ba051	5906.up-d2559533f431.txt~5906.up-eebb02e3baec.txt
781dcd7d819f	7	1273465,1325467,1345762,1347562,1352467,1354267,1374625,1534762,1623457,1625347,1634275,1634725,1635742,1637542,1652347,1673542,1723465,1763245,2137465,2163475,2341657,2345167,2346175,2417635,2461357,2534167,2546137,2613547,2716345,2734615,3241765,3254617,3416257,3416527,3427165,3451627,3457612,3461275,3461725,3472165,3475612,3476152,3524617,3541672,3542617,3574162,3746215,3754162,4162537,4163572,4163752,4165237,4167352,4176325,4261357,4271635,4516237,4576132,4612735,4613257,4613527,4617235,4621375,4721635,4756132,4761532,5162347,5234167,5246137,5341627,5347612,5416372,5416732,5426137,5461327,5613472,5741632,5761342,6127345,6132547,6134572,6134752,6135247,6135427,6153472,6172345,6213745,6234517,6253417,6324175,6342715,6347215,6357412,6375412,6523417,6735412,7163425,7216345,7234615,7346125,7354162,7416352,7462135,7541632,7561342,7613452,7615342,7632415	1234567,1253467,1324765,1342765,1347265,1357462,1375462,1523467,1563427,1623745,1627345,1632547,1634572,1634752,1635247,1653472,1672345,1734652,2156347,2341675,2345617,2346157,2374165,2416357,2476135,2534617,2541637,2613475,2734165,2761345,3247615,3254167,3416275,3416725,3421567,3427615,3456127,3457162,3461257,3461527,3465172,3471652,3472615,3475162,3524167,3574612,3741625,3754612,4162375,4162735,4163257,4163527,4167235,4215637,4276135,4561237,4571632,4612537,4613572,4613752,4615237,4651732,4716532,4726135,4751632,4761325,5163472,5173462,5234617,5241637,5346127,5347162,5416327,5461372,5612347,5634217,5716342,5746132,6123457,6125347,6132475,6134275,6134725,6135742,6137542,6152347,6237415,6273415,6325417,6342157,6345712,6347512,6352417,6517342,6534712,6723415,7163452,7165342,7234165,7261345,7341625,7346512,7416235,7461352,7516342,7546132,7613245,7613425			1	79e3c97ba051	5906.up-d2559533f431.txt~5906.up-eebb02e3baec.txt
