class_a	class_b	deepest_d	shared_perms	orient	status
5906.lswap-d515e64b87be.txt	5906.up-02d771908307.txt	677	4363	fr	NEW
5906.lswap-d515e64b87be.txt	5906.up-e132c7a7c340.txt	677	4363	ff	NEW
5906.lswap-17946ea8ba63.txt	5906.lswap-68a263f18066.txt	712	4328	rr	NEW
5906.lswap-6008b60b1c2c.txt	5906.lswap-f8f86258580e.txt	712	4328	fr	NEW
5906.lswap-6008b60b1c2c.txt	5906.lswap-68a263f18066.txt	747	4293	rf	NEW
5906.lswap-17946ea8ba63.txt	5906.lswap-f8f86258580e.txt	747	4293	ff	NEW
5906.lswap-4a581202d46c.txt	5906.up-9a915a83c416.txt	782	4258	fr	NEW
5906.lswap-4a581202d46c.txt	5906.up-454308027985.txt	782	4258	ff	NEW
5906.lswap-09c105553d61.txt	5906.lswap-10f62906b166.txt	1885	3155	fr	NEW
5906.lswap-67fc5c2184ab.txt	5906.lswap-db110b7302cf.txt	1885	3155	fr	NEW
5906.lswap-3a55a72f70d6.txt	5906.up-6597315411ea.txt	1955	3085	fr	NEW
5906.lswap-28b97fbb68d1.txt	5906.up-c3afee7ed153.txt	1955	3085	fr	NEW
5906.lswap-28b97fbb68d1.txt	5906.up-c63a66adbc60.txt	1955	3085	ff	NEW
5906.lswap-3a55a72f70d6.txt	5906.up-d1489855deef.txt	1955	3085	ff	NEW
5906.lswap-09c105553d61.txt	5906.lswap-db110b7302cf.txt	2025	3015	rf	NEW
5906.lswap-10f62906b166.txt	5906.lswap-67fc5c2184ab.txt	2025	3015	fr	NEW
5906.lswap-06f4ba2c8122.txt	5906.lswap-23548cda0ace.txt	2095	2945	fr	NEW
5906.lswap-8f58c699a11d.txt	5906.lswap-9bf7e32c6472.txt	2095	2945	rf	NEW
5906.lswap-9f885c2a5e20.txt	5906.up-0a065898a821.txt	2165	2875	fr	NEW
5906.lswap-945cf8ae5bef.txt	5906.up-377da0a3c300.txt	2165	2875	fr	NEW
5906.lswap-9f885c2a5e20.txt	5906.up-72482a71c81e.txt	2165	2875	ff	NEW
5906.lswap-945cf8ae5bef.txt	5906.up-f2c7804be474.txt	2165	2875	ff	NEW
5906.lswap-06f4ba2c8122.txt	5906.lswap-8f58c699a11d.txt	2235	2805	rf	NEW
5906.lswap-23548cda0ace.txt	5906.lswap-9bf7e32c6472.txt	2235	2805	fr	NEW
5906.lswap-1e70957354f1.txt	5906.lswap-73851215f718.txt	2278	2762	rf	NEW
5906.lswap-2fb529601be6.txt	5906.lswap-821102adfff8.txt	2278	2762	rf	NEW
5906.lswap-423441640591.txt	5906.up-23ca8a9bcc81.txt	2348	2692	fr	NEW
5906.lswap-423441640591.txt	5906.up-aed220b1ebc4.txt	2348	2692	ff	NEW
5906.lswap-3c791ffa671d.txt	5906.up-7c111e182316.txt	2348	2692	ff	NEW
5906.lswap-3c791ffa671d.txt	5906.up-b2d6bec1e3bd.txt	2348	2692	fr	NEW
5906.lswap-3baeeea281f2.txt	5906.lswap-e0920da719d9.txt	2412	2628	ff	NEW
5906.lswap-cf8339eb5ca7.txt	5906.lswap-ebd38bf2c1cd.txt	2415	2625	ff	NEW
5906.lswap-1e70957354f1.txt	5906.lswap-821102adfff8.txt	2418	2622	fr	NEW
5906.lswap-2fb529601be6.txt	5906.lswap-73851215f718.txt	2418	2622	fr	NEW
5906.lswap-9edd04d13626.txt	5906.up-1bced7f87a93.txt	2437	2603	ff	NEW
5906.lswap-9edd04d13626.txt	5906.up-a233fdf94b8d.txt	2437	2603	fr	NEW
5906.lswap-a28e203d65dc.txt	5906.lswap-b55f23a2f470.txt	2447	2593	ff	NEW
5906.lswap-637b5054102a.txt	5906.up-6f42b3603dac.txt	2475	2565	fr	NEW
5906.lswap-637b5054102a.txt	5906.up-7f9a93193f10.txt	2475	2565	ff	NEW
5906.lswap-0d13fc4a8a4a.txt	5906.lswap-760f8ed53670.txt	2485	2555	rf	NEW
5906.lswap-c394b34cb7cc.txt	5906.up-63a938be8d73.txt	2499	2541	fr	NEW
5906.lswap-c394b34cb7cc.txt	5906.up-d8c6ba46400e.txt	2499	2541	ff	NEW
5906.i4a-66637a3b8941.txt	5906.up-1206598d1ff0.txt	2520	2520	fr	KNOWN-EDGE
5906.i4a-7f46c8149026.txt	5906.up-6a142cb8e27d.txt	2520	2520	fr	KNOWN-EDGE
5906.i4a-c1080e26f60c.txt	5906.up-56126e7237c3.txt	2520	2520	fr	KNOWN-EDGE
5906.i4a-29c55ed5fbf6.txt	5906.up-bd458e7fc19e.txt	2520	2520	fr	KNOWN-EDGE
5906.i4a-6a77e138ea8e.txt	5906.up-590fe2cb2c21.txt	2520	2520	fr	KNOWN-EDGE
5906.i4a-50d865ca7907.txt	5906.up-890b6674bd25.txt	2520	2520	fr	KNOWN-EDGE
5906.i4a-b99b1d60f13e.txt	5906.up-d0b9281ca469.txt	2520	2520	fr	KNOWN-EDGE
5906.up-a30c7c517d7b.txt	5906.up-d9a28c2d8195.txt	2520	2520	fr	KNOWN-EDGE
5906.i4a-e0f3de4ca026.txt	5906.up-df8c9033249e.txt	2520	2520	fr	KNOWN-EDGE
5906.lswap-41a210488ac9.txt	5906.lswap-5a55d1641a86.txt	2552	2488	rr	NEW
5906.lswap-49fc63d034f2.txt	5906.lswap-4c179f65aa4b.txt	2552	2488	rf	NEW
5906.lswap-0de54c0a7bb6.txt	5906.lswap-7602ba885180.txt	2552	2488	rf	NEW
5906.lswap-17203113788c.txt	5906.lswap-6d7ea156bdcc.txt	2552	2488	rr	NEW
5906.lswap-0d13fc4a8a4a.txt	5906.lswap-1f8e06e3e616.txt	2555	2485	ff	NEW
5906.lswap-6f6f375dca74.txt	5906.lswap-be4759bc731a.txt	2587	2453	rr	NEW
5906.lswap-aa52880fc9e0.txt	5906.lswap-d252e4d38aa9.txt	2587	2453	fr	NEW
5906.lswap-964ebce5847f.txt	5906.lswap-f6dbf9989449.txt	2587	2453	rf	NEW
5906.lswap-5764c730eaee.txt	5906.lswap-6bd82af50a4e.txt	2587	2453	rr	NEW
5906.lswap-2497c9291398.txt	5906.lswap-5808edca979d.txt	2617	2423	fr	NEW
5906.lswap-6dc582bac458.txt	5906.lswap-cf8339eb5ca7.txt	2625	2415	fr	NEW
5906.lswap-1f8e06e3e616.txt	5906.lswap-760f8ed53670.txt	2632	2408	rf	NEW
5906.lswap-3d82ae1f2111.txt	5906.lswap-e21e24656b8e.txt	2634	2406	rf	NEW
5906.lswap-17203113788c.txt	5906.lswap-3baeeea281f2.txt	2645	2395	rf	NEW
5906.lswap-17203113788c.txt	5906.lswap-e0920da719d9.txt	2645	2395	rf	NEW
5906.lswap-25804d565b10.txt	5906.lswap-52f45c5e8e22.txt	2645	2395	fr	NEW
5906.lswap-3baeeea281f2.txt	5906.lswap-6d7ea156bdcc.txt	2645	2395	fr	NEW
5906.lswap-6d7ea156bdcc.txt	5906.lswap-e0920da719d9.txt	2645	2395	rf	NEW
5906.lswap-52e683fb05d3.txt	5906.lswap-a7d2db45842b.txt	2652	2388	rf	NEW
5906.lswap-5764c730eaee.txt	5906.lswap-a28e203d65dc.txt	2680	2360	rf	NEW
5906.lswap-5764c730eaee.txt	5906.lswap-b55f23a2f470.txt	2680	2360	rf	NEW
5906.lswap-6bd82af50a4e.txt	5906.lswap-a28e203d65dc.txt	2680	2360	rf	NEW
5906.lswap-6bd82af50a4e.txt	5906.lswap-b55f23a2f470.txt	2680	2360	rf	NEW
5906.lswap-cf5ecb0e9ecc.txt	5906.up-a838f31a7b4f.txt	2692	2348	ff	NEW
5906.lswap-cae9c3b46793.txt	5906.up-2cb6c1139592.txt	2692	2348	ff	NEW
5906.lswap-3b4f2e286e0c.txt	5906.lswap-b12d38608f09.txt	2692	2348	ff	NEW
5906.lswap-5228890279ca.txt	5906.lswap-b12d38608f09.txt	2692	2348	rr	NEW
5906.lswap-469763027c57.txt	5906.up-eebb02e3baec.txt	2692	2348	ff	NEW
5906.lswap-e59a6239aa79.txt	5906.up-91a0d3cd2c14.txt	2692	2348	ff	NEW
5906.lswap-cf5ecb0e9ecc.txt	5906.up-14e2c7b29aae.txt	2727	2313	fr	NEW
5906.lswap-cae9c3b46793.txt	5906.up-168d62e1a9d1.txt	2727	2313	fr	NEW
5906.lswap-3b4f2e286e0c.txt	5906.lswap-5a7a973564fd.txt	2727	2313	rr	NEW
5906.lswap-5228890279ca.txt	5906.lswap-5a7a973564fd.txt	2727	2313	ff	NEW
5906.lswap-469763027c57.txt	5906.up-e948752d6a32.txt	2727	2313	fr	NEW
5906.lswap-e59a6239aa79.txt	5906.up-e94d2b57a7d4.txt	2727	2313	fr	NEW
5906.lswap-7217a0cd3774.txt	5906.lswap-7bd46049981f.txt	2750	2290	ff	NEW
5906.lswap-25cebe1ff658.txt	5906.lswap-7217a0cd3774.txt	2774	2266	fr	NEW
5906.lswap-41a210488ac9.txt	5906.lswap-5228890279ca.txt	2785	2255	rr	NEW
5906.lswap-41a210488ac9.txt	5906.lswap-b12d38608f09.txt	2785	2255	rr	NEW
5906.lswap-5228890279ca.txt	5906.lswap-5a55d1641a86.txt	2785	2255	rr	NEW
5906.lswap-5a55d1641a86.txt	5906.lswap-b12d38608f09.txt	2785	2255	rr	NEW
5906.lswap-eeb9a73f4b33.txt	5906.up-d2559533f431.txt	2785	2255	fr	NEW
5906.lswap-0de54c0a7bb6.txt	5906.up-eebb02e3baec.txt	2785	2255	fr	NEW
5906.lswap-7602ba885180.txt	5906.up-eebb02e3baec.txt	2785	2255	ff	NEW
5906.lswap-0de54c0a7bb6.txt	5906.lswap-469763027c57.txt	2785	2255	rf	NEW
5906.lswap-469763027c57.txt	5906.lswap-7602ba885180.txt	2785	2255	ff	NEW
5906.lswap-afd973e1a915.txt	5906.up-8ec03171f5df.txt	2785	2255	fr	NEW
5906.lswap-49fc63d034f2.txt	5906.up-91a0d3cd2c14.txt	2785	2255	fr	NEW
5906.lswap-4c179f65aa4b.txt	5906.up-91a0d3cd2c14.txt	2785	2255	ff	NEW
5906.lswap-49fc63d034f2.txt	5906.lswap-e59a6239aa79.txt	2785	2255	rf	NEW
5906.lswap-4c179f65aa4b.txt	5906.lswap-e59a6239aa79.txt	2785	2255	ff	NEW
5906.lswap-8ed814577309.txt	5906.lswap-9a5cc6a6e3c8.txt	2792	2248	fr	NEW
5906.lswap-3b4f2e286e0c.txt	5906.lswap-6f6f375dca74.txt	2820	2220	rr	NEW
5906.lswap-3b4f2e286e0c.txt	5906.lswap-be4759bc731a.txt	2820	2220	rr	NEW
5906.lswap-5a7a973564fd.txt	5906.lswap-6f6f375dca74.txt	2820	2220	rr	NEW
5906.lswap-5a7a973564fd.txt	5906.lswap-be4759bc731a.txt	2820	2220	rr	NEW
5906.lswap-964ebce5847f.txt	5906.up-e948752d6a32.txt	2820	2220	fr	NEW
5906.lswap-f6dbf9989449.txt	5906.up-e948752d6a32.txt	2820	2220	ff	NEW
5906.lswap-469763027c57.txt	5906.lswap-964ebce5847f.txt	2820	2220	rr	NEW
5906.lswap-469763027c57.txt	5906.lswap-f6dbf9989449.txt	2820	2220	rf	NEW
5906.lswap-aa52880fc9e0.txt	5906.up-e94d2b57a7d4.txt	2820	2220	ff	NEW
5906.lswap-d252e4d38aa9.txt	5906.up-e94d2b57a7d4.txt	2820	2220	fr	NEW
5906.lswap-aa52880fc9e0.txt	5906.lswap-e59a6239aa79.txt	2820	2220	fr	NEW
5906.lswap-d252e4d38aa9.txt	5906.lswap-e59a6239aa79.txt	2820	2220	rr	NEW
5906.lswap-e21e24656b8e.txt	5906.up-a001786e5861.txt	2820	2220	fr	NEW
5906.lswap-25cebe1ff658.txt	5906.up-e1680a9d0e30.txt	2820	2220	fr	NEW
5906.lswap-5dbb54e50268.txt	5906.lswap-df71274e07be.txt	2827	2213	rf	NEW
5906.lswap-41a210488ac9.txt	5906.lswap-6f6f375dca74.txt	2832	2208	ff	NEW
5906.lswap-49fc63d034f2.txt	5906.lswap-aa52880fc9e0.txt	2832	2208	fr	NEW
5906.lswap-0de54c0a7bb6.txt	5906.lswap-f6dbf9989449.txt	2832	2208	fr	NEW
5906.lswap-5764c730eaee.txt	5906.lswap-6d7ea156bdcc.txt	2832	2208	ff	NEW
5906.lswap-29ee6f7c1197.txt	5906.lswap-e73e096376f0.txt	2862	2178	fr	NEW
5906.lswap-4c179f65aa4b.txt	5906.lswap-d252e4d38aa9.txt	2867	2173	rf	NEW
5906.lswap-5a55d1641a86.txt	5906.lswap-be4759bc731a.txt	2867	2173	ff	NEW
5906.lswap-7602ba885180.txt	5906.lswap-964ebce5847f.txt	2867	2173	rf	NEW
5906.lswap-17203113788c.txt	5906.lswap-6bd82af50a4e.txt	2867	2173	ff	NEW
5906.lswap-80e6c24a2613.txt	5906.lswap-9759fb4af500.txt	2890	2150	rr	NEW
5906.lswap-3d82ae1f2111.txt	5906.lswap-7bd46049981f.txt	2890	2150	fr	NEW
5906.lswap-6d0ad177e5ee.txt	5906.lswap-9f3672f6c430.txt	2897	2143	rf	NEW
5906.lswap-49fc63d034f2.txt	5906.up-a838f31a7b4f.txt	2925	2115	ff	NEW
5906.lswap-aa52880fc9e0.txt	5906.up-a838f31a7b4f.txt	2925	2115	fr	NEW
5906.lswap-49fc63d034f2.txt	5906.lswap-cf5ecb0e9ecc.txt	2925	2115	ff	NEW
5906.lswap-aa52880fc9e0.txt	5906.lswap-cf5ecb0e9ecc.txt	2925	2115	rf	NEW
5906.lswap-0de54c0a7bb6.txt	5906.up-2cb6c1139592.txt	2925	2115	ff	NEW
5906.lswap-f6dbf9989449.txt	5906.up-2cb6c1139592.txt	2925	2115	fr	NEW
5906.lswap-0de54c0a7bb6.txt	5906.lswap-cae9c3b46793.txt	2925	2115	ff	NEW
5906.lswap-cae9c3b46793.txt	5906.lswap-f6dbf9989449.txt	2925	2115	fr	NEW
5906.lswap-3b4f2e286e0c.txt	5906.lswap-5764c730eaee.txt	2925	2115	ff	NEW
5906.lswap-3b4f2e286e0c.txt	5906.lswap-6d7ea156bdcc.txt	2925	2115	ff	NEW
5906.lswap-52f45c5e8e22.txt	5906.lswap-80e6c24a2613.txt	2925	2115	ff	NEW
5906.lswap-5764c730eaee.txt	5906.lswap-b12d38608f09.txt	2925	2115	ff	NEW
5906.lswap-6d7ea156bdcc.txt	5906.lswap-b12d38608f09.txt	2925	2115	ff	NEW
5906.lswap-25804d565b10.txt	5906.up-d2559533f431.txt	2943	2097	ff	NEW
5906.lswap-52f45c5e8e22.txt	5906.up-d2559533f431.txt	2943	2097	fr	NEW
5906.lswap-17203113788c.txt	5906.up-eebb02e3baec.txt	2943	2097	fr	NEW
5906.lswap-3baeeea281f2.txt	5906.up-eebb02e3baec.txt	2943	2097	ff	NEW
5906.lswap-6d7ea156bdcc.txt	5906.up-eebb02e3baec.txt	2943	2097	fr	NEW
5906.lswap-e0920da719d9.txt	5906.up-eebb02e3baec.txt	2943	2097	ff	NEW
5906.lswap-0de54c0a7bb6.txt	5906.lswap-17203113788c.txt	2943	2097	rr	NEW
5906.lswap-0de54c0a7bb6.txt	5906.lswap-3baeeea281f2.txt	2943	2097	rf	NEW
5906.lswap-0de54c0a7bb6.txt	5906.lswap-6d7ea156bdcc.txt	2943	2097	rr	NEW
5906.lswap-0de54c0a7bb6.txt	5906.lswap-e0920da719d9.txt	2943	2097	rf	NEW
5906.lswap-17203113788c.txt	5906.lswap-469763027c57.txt	2943	2097	rf	NEW
5906.lswap-17203113788c.txt	5906.lswap-7602ba885180.txt	2943	2097	rf	NEW
5906.lswap-25804d565b10.txt	5906.lswap-eeb9a73f4b33.txt	2943	2097	fr	NEW
5906.lswap-3baeeea281f2.txt	5906.lswap-469763027c57.txt	2943	2097	ff	NEW
5906.lswap-3baeeea281f2.txt	5906.lswap-7602ba885180.txt	2943	2097	ff	NEW
5906.lswap-469763027c57.txt	5906.lswap-6d7ea156bdcc.txt	2943	2097	fr	NEW
5906.lswap-469763027c57.txt	5906.lswap-e0920da719d9.txt	2943	2097	ff	NEW
5906.lswap-52f45c5e8e22.txt	5906.lswap-eeb9a73f4b33.txt	2943	2097	rr	NEW
5906.lswap-6d7ea156bdcc.txt	5906.lswap-7602ba885180.txt	2943	2097	rf	NEW
5906.lswap-7602ba885180.txt	5906.lswap-e0920da719d9.txt	2943	2097	ff	NEW
5906.lswap-4c179f65aa4b.txt	5906.up-14e2c7b29aae.txt	2960	2080	fr	NEW
5906.lswap-d252e4d38aa9.txt	5906.up-14e2c7b29aae.txt	2960	2080	ff	NEW
5906.lswap-4c179f65aa4b.txt	5906.lswap-cf5ecb0e9ecc.txt	2960	2080	rr	NEW
5906.lswap-cf5ecb0e9ecc.txt	5906.lswap-d252e4d38aa9.txt	2960	2080	rf	NEW
5906.lswap-7602ba885180.txt	5906.up-168d62e1a9d1.txt	2960	2080	fr	NEW
5906.lswap-964ebce5847f.txt	5906.up-168d62e1a9d1.txt	2960	2080	ff	NEW
5906.lswap-7602ba885180.txt	5906.lswap-cae9c3b46793.txt	2960	2080	rr	NEW
5906.lswap-964ebce5847f.txt	5906.lswap-cae9c3b46793.txt	2960	2080	fr	NEW
5906.lswap-17203113788c.txt	5906.lswap-5228890279ca.txt	2960	2080	ff	NEW
5906.lswap-17203113788c.txt	5906.lswap-5a7a973564fd.txt	2960	2080	ff	NEW
5906.lswap-5228890279ca.txt	5906.lswap-6bd82af50a4e.txt	2960	2080	ff	NEW
5906.lswap-5a7a973564fd.txt	5906.lswap-6bd82af50a4e.txt	2960	2080	ff	NEW
5906.lswap-a28e203d65dc.txt	5906.lswap-e0920da719d9.txt	2972	2068	rr	NEW
5906.lswap-0d13fc4a8a4a.txt	5906.up-6a142cb8e27d.txt	2989	2051	fr	NEW
5906.lswap-1f8e06e3e616.txt	5906.up-6a142cb8e27d.txt	2989	2051	fr	NEW
5906.lswap-760f8ed53670.txt	5906.up-6a142cb8e27d.txt	2989	2051	ff	NEW
5906.i4a-7f46c8149026.txt	5906.lswap-0d13fc4a8a4a.txt	2989	2051	fr	NEW
5906.i4a-7f46c8149026.txt	5906.lswap-1f8e06e3e616.txt	2989	2051	fr	NEW
5906.i4a-7f46c8149026.txt	5906.lswap-760f8ed53670.txt	2989	2051	ff	NEW
5906.lswap-3baeeea281f2.txt	5906.lswap-b55f23a2f470.txt	3007	2033	rr	NEW
5906.lswap-0d13fc4a8a4a.txt	5906.up-1206598d1ff0.txt	3024	2016	ff	NEW
5906.lswap-1f8e06e3e616.txt	5906.up-1206598d1ff0.txt	3024	2016	ff	NEW
5906.lswap-760f8ed53670.txt	5906.up-1206598d1ff0.txt	3024	2016	fr	NEW
5906.i4a-66637a3b8941.txt	5906.lswap-0d13fc4a8a4a.txt	3024	2016	ff	NEW
5906.i4a-66637a3b8941.txt	5906.lswap-1f8e06e3e616.txt	3024	2016	ff	NEW
5906.i4a-66637a3b8941.txt	5906.lswap-760f8ed53670.txt	3024	2016	fr	NEW
5906.lswap-eeb9a73f4b33.txt	5906.up-0d2e98183c29.txt	3030	2010	ff	NEW
5906.lswap-afd973e1a915.txt	5906.up-77512ee88848.txt	3030	2010	ff	NEW
5906.lswap-49fac07a5323.txt	5906.lswap-e145b859ca30.txt	3037	2003	fr	NEW
5906.lswap-5764c730eaee.txt	5906.up-e948752d6a32.txt	3048	1992	fr	NEW
5906.lswap-6bd82af50a4e.txt	5906.up-e948752d6a32.txt	3048	1992	fr	NEW
5906.lswap-a28e203d65dc.txt	5906.up-e948752d6a32.txt	3048	1992	ff	NEW
5906.lswap-b55f23a2f470.txt	5906.up-e948752d6a32.txt	3048	1992	ff	NEW
5906.lswap-469763027c57.txt	5906.lswap-5764c730eaee.txt	3048	1992	rr	NEW
5906.lswap-469763027c57.txt	5906.lswap-6bd82af50a4e.txt	3048	1992	rr	NEW
5906.lswap-469763027c57.txt	5906.lswap-a28e203d65dc.txt	3048	1992	rf	NEW
5906.lswap-469763027c57.txt	5906.lswap-b55f23a2f470.txt	3048	1992	rf	NEW
5906.lswap-5764c730eaee.txt	5906.lswap-964ebce5847f.txt	3048	1992	rr	NEW
5906.lswap-5764c730eaee.txt	5906.lswap-f6dbf9989449.txt	3048	1992	rf	NEW
5906.lswap-6bd82af50a4e.txt	5906.lswap-964ebce5847f.txt	3048	1992	rr	NEW
5906.lswap-6bd82af50a4e.txt	5906.lswap-f6dbf9989449.txt	3048	1992	rf	NEW
5906.lswap-964ebce5847f.txt	5906.lswap-a28e203d65dc.txt	3048	1992	rf	NEW
5906.lswap-964ebce5847f.txt	5906.lswap-b55f23a2f470.txt	3048	1992	rf	NEW
5906.lswap-a28e203d65dc.txt	5906.lswap-f6dbf9989449.txt	3048	1992	ff	NEW
5906.lswap-b55f23a2f470.txt	5906.lswap-f6dbf9989449.txt	3048	1992	ff	NEW
5906.lswap-41a210488ac9.txt	5906.lswap-a28e203d65dc.txt	3065	1975	fr	NEW
5906.lswap-41a210488ac9.txt	5906.lswap-e0920da719d9.txt	3065	1975	fr	NEW
5906.lswap-6f6f375dca74.txt	5906.lswap-a28e203d65dc.txt	3065	1975	fr	NEW
5906.lswap-6f6f375dca74.txt	5906.lswap-e0920da719d9.txt	3065	1975	fr	NEW
5906.lswap-af54b6f406a6.txt	5906.lswap-e2d18fca77cb.txt	3072	1968	fr	NEW
5906.lswap-41a210488ac9.txt	5906.up-2cb6c1139592.txt	3083	1957	fr	NEW
5906.lswap-5228890279ca.txt	5906.up-2cb6c1139592.txt	3083	1957	fr	NEW
5906.lswap-5a55d1641a86.txt	5906.up-2cb6c1139592.txt	3083	1957	fr	NEW
5906.lswap-b12d38608f09.txt	5906.up-2cb6c1139592.txt	3083	1957	fr	NEW
5906.lswap-0de54c0a7bb6.txt	5906.lswap-41a210488ac9.txt	3083	1957	fr	NEW
5906.lswap-0de54c0a7bb6.txt	5906.lswap-5228890279ca.txt	3083	1957	fr	NEW
5906.lswap-0de54c0a7bb6.txt	5906.lswap-5a55d1641a86.txt	3083	1957	fr	NEW
5906.lswap-0de54c0a7bb6.txt	5906.lswap-b12d38608f09.txt	3083	1957	fr	NEW
5906.lswap-41a210488ac9.txt	5906.lswap-cae9c3b46793.txt	3083	1957	rf	NEW
5906.lswap-41a210488ac9.txt	5906.lswap-f6dbf9989449.txt	3083	1957	rr	NEW
5906.lswap-5228890279ca.txt	5906.lswap-cae9c3b46793.txt	3083	1957	rf	NEW
5906.lswap-5228890279ca.txt	5906.lswap-f6dbf9989449.txt	3083	1957	rr	NEW
5906.lswap-5a55d1641a86.txt	5906.lswap-cae9c3b46793.txt	3083	1957	rf	NEW
5906.lswap-5a55d1641a86.txt	5906.lswap-f6dbf9989449.txt	3083	1957	rr	NEW
5906.lswap-b12d38608f09.txt	5906.lswap-cae9c3b46793.txt	3083	1957	rf	NEW
5906.lswap-b12d38608f09.txt	5906.lswap-f6dbf9989449.txt	3083	1957	rr	NEW
5906.lswap-52f45c5e8e22.txt	5906.up-8ec03171f5df.txt	3083	1957	ff	NEW
5906.lswap-80e6c24a2613.txt	5906.up-8ec03171f5df.txt	3083	1957	ff	NEW
5906.lswap-3b4f2e286e0c.txt	5906.up-91a0d3cd2c14.txt	3083	1957	ff	NEW
5906.lswap-5764c730eaee.txt	5906.up-91a0d3cd2c14.txt	3083	1957	ff	NEW
5906.lswap-6d7ea156bdcc.txt	5906.up-91a0d3cd2c14.txt	3083	1957	ff	NEW
5906.lswap-b12d38608f09.txt	5906.up-91a0d3cd2c14.txt	3083	1957	ff	NEW
5906.lswap-3b4f2e286e0c.txt	5906.lswap-49fc63d034f2.txt	3083	1957	fr	NEW
5906.lswap-3b4f2e286e0c.txt	5906.lswap-4c179f65aa4b.txt	3083	1957	ff	NEW
5906.lswap-3b4f2e286e0c.txt	5906.lswap-e59a6239aa79.txt	3083	1957	ff	NEW
5906.lswap-49fc63d034f2.txt	5906.lswap-5764c730eaee.txt	3083	1957	rf	NEW
5906.lswap-49fc63d034f2.txt	5906.lswap-6d7ea156bdcc.txt	3083	1957	rf	NEW
5906.lswap-49fc63d034f2.txt	5906.lswap-b12d38608f09.txt	3083	1957	rf	NEW
5906.lswap-4c179f65aa4b.txt	5906.lswap-5764c730eaee.txt	3083	1957	ff	NEW
5906.lswap-4c179f65aa4b.txt	5906.lswap-6d7ea156bdcc.txt	3083	1957	ff	NEW
5906.lswap-4c179f65aa4b.txt	5906.lswap-b12d38608f09.txt	3083	1957	ff	NEW
5906.lswap-52f45c5e8e22.txt	5906.lswap-afd973e1a915.txt	3083	1957	fr	NEW
5906.lswap-5764c730eaee.txt	5906.lswap-e59a6239aa79.txt	3083	1957	ff	NEW
5906.lswap-6d7ea156bdcc.txt	5906.lswap-e59a6239aa79.txt	3083	1957	ff	NEW
5906.lswap-80e6c24a2613.txt	5906.lswap-afd973e1a915.txt	3083	1957	fr	NEW
5906.lswap-b12d38608f09.txt	5906.lswap-e59a6239aa79.txt	3083	1957	ff	NEW
5906.lswap-3baeeea281f2.txt	5906.lswap-5a55d1641a86.txt	3100	1940	rf	NEW
5906.lswap-3baeeea281f2.txt	5906.lswap-be4759bc731a.txt	3100	1940	rf	NEW
5906.lswap-5a55d1641a86.txt	5906.lswap-b55f23a2f470.txt	3100	1940	fr	NEW
5906.lswap-b55f23a2f470.txt	5906.lswap-be4759bc731a.txt	3100	1940	rf	NEW
5906.lswap-aea48ef05d9e.txt	5906.up-a235b0e09b6c.txt	3144	1896	fr	NEW
5906.lswap-25804d565b10.txt	5906.lswap-9759fb4af500.txt	3170	1870	rf	NEW
5906.lswap-80e6c24a2613.txt	5906.up-0d2e98183c29.txt	3188	1852	fr	NEW
5906.lswap-9759fb4af500.txt	5906.up-0d2e98183c29.txt	3188	1852	fr	NEW
5906.lswap-80e6c24a2613.txt	5906.lswap-eeb9a73f4b33.txt	3188	1852	rf	NEW
5906.lswap-9759fb4af500.txt	5906.lswap-eeb9a73f4b33.txt	3188	1852	rf	NEW
5906.lswap-3b4f2e286e0c.txt	5906.up-168d62e1a9d1.txt	3188	1852	fr	NEW
5906.lswap-5a7a973564fd.txt	5906.up-168d62e1a9d1.txt	3188	1852	fr	NEW
5906.lswap-6f6f375dca74.txt	5906.up-168d62e1a9d1.txt	3188	1852	fr	NEW
5906.lswap-be4759bc731a.txt	5906.up-168d62e1a9d1.txt	3188	1852	fr	NEW
5906.lswap-3b4f2e286e0c.txt	5906.lswap-7602ba885180.txt	3188	1852	rr	NEW
5906.lswap-3b4f2e286e0c.txt	5906.lswap-964ebce5847f.txt	3188	1852	rf	NEW
5906.lswap-3b4f2e286e0c.txt	5906.lswap-cae9c3b46793.txt	3188	1852	rr	NEW
5906.lswap-5a7a973564fd.txt	5906.lswap-7602ba885180.txt	3188	1852	rr	NEW
5906.lswap-5a7a973564fd.txt	5906.lswap-964ebce5847f.txt	3188	1852	rf	NEW
5906.lswap-5a7a973564fd.txt	5906.lswap-cae9c3b46793.txt	3188	1852	rr	NEW
5906.lswap-6f6f375dca74.txt	5906.lswap-7602ba885180.txt	3188	1852	rr	NEW
5906.lswap-6f6f375dca74.txt	5906.lswap-964ebce5847f.txt	3188	1852	rf	NEW
5906.lswap-6f6f375dca74.txt	5906.lswap-cae9c3b46793.txt	3188	1852	rr	NEW
5906.lswap-7602ba885180.txt	5906.lswap-be4759bc731a.txt	3188	1852	rr	NEW
5906.lswap-964ebce5847f.txt	5906.lswap-be4759bc731a.txt	3188	1852	fr	NEW
5906.lswap-be4759bc731a.txt	5906.lswap-cae9c3b46793.txt	3188	1852	rr	NEW
5906.lswap-17203113788c.txt	5906.up-e94d2b57a7d4.txt	3188	1852	ff	NEW
5906.lswap-5228890279ca.txt	5906.up-e94d2b57a7d4.txt	3188	1852	ff	NEW
5906.lswap-5a7a973564fd.txt	5906.up-e94d2b57a7d4.txt	3188	1852	ff	NEW
5906.lswap-6bd82af50a4e.txt	5906.up-e94d2b57a7d4.txt	3188	1852	ff	NEW
5906.lswap-17203113788c.txt	5906.lswap-aa52880fc9e0.txt	3188	1852	ff	NEW
5906.lswap-17203113788c.txt	5906.lswap-d252e4d38aa9.txt	3188	1852	fr	NEW
5906.lswap-17203113788c.txt	5906.lswap-e59a6239aa79.txt	3188	1852	fr	NEW
5906.lswap-5228890279ca.txt	5906.lswap-aa52880fc9e0.txt	3188	1852	ff	NEW
5906.lswap-5228890279ca.txt	5906.lswap-d252e4d38aa9.txt	3188	1852	fr	NEW
5906.lswap-5228890279ca.txt	5906.lswap-e59a6239aa79.txt	3188	1852	fr	NEW
5906.lswap-5a7a973564fd.txt	5906.lswap-aa52880fc9e0.txt	3188	1852	ff	NEW
5906.lswap-5a7a973564fd.txt	5906.lswap-d252e4d38aa9.txt	3188	1852	fr	NEW
5906.lswap-5a7a973564fd.txt	5906.lswap-e59a6239aa79.txt	3188	1852	fr	NEW
5906.lswap-6bd82af50a4e.txt	5906.lswap-aa52880fc9e0.txt	3188	1852	ff	NEW
5906.lswap-6bd82af50a4e.txt	5906.lswap-d252e4d38aa9.txt	3188	1852	fr	NEW
5906.lswap-6bd82af50a4e.txt	5906.lswap-e59a6239aa79.txt	3188	1852	fr	NEW
5906.lswap-25cebe1ff658.txt	5906.lswap-3d82ae1f2111.txt	3198	1842	fr	NEW
5906.lswap-25cebe1ff658.txt	5906.lswap-e21e24656b8e.txt	3198	1842	ff	NEW
5906.lswap-3d82ae1f2111.txt	5906.lswap-7217a0cd3774.txt	3198	1842	rr	NEW
5906.lswap-7217a0cd3774.txt	5906.lswap-e21e24656b8e.txt	3198	1842	rf	NEW
5906.lswap-41a210488ac9.txt	5906.up-a838f31a7b4f.txt	3223	1817	ff	NEW
5906.lswap-6f6f375dca74.txt	5906.up-a838f31a7b4f.txt	3223	1817	ff	NEW
5906.lswap-a28e203d65dc.txt	5906.up-a838f31a7b4f.txt	3223	1817	fr	NEW
5906.lswap-e0920da719d9.txt	5906.up-a838f31a7b4f.txt	3223	1817	fr	NEW
5906.lswap-41a210488ac9.txt	5906.lswap-49fc63d034f2.txt	3223	1817	ff	NEW
5906.lswap-41a210488ac9.txt	5906.lswap-aa52880fc9e0.txt	3223	1817	fr	NEW
5906.lswap-41a210488ac9.txt	5906.lswap-cf5ecb0e9ecc.txt	3223	1817	ff	NEW
5906.lswap-49fc63d034f2.txt	5906.lswap-6f6f375dca74.txt	3223	1817	ff	NEW
5906.lswap-49fc63d034f2.txt	5906.lswap-a28e203d65dc.txt	3223	1817	fr	NEW
5906.lswap-49fc63d034f2.txt	5906.lswap-e0920da719d9.txt	3223	1817	fr	NEW
5906.lswap-6f6f375dca74.txt	5906.lswap-aa52880fc9e0.txt	3223	1817	fr	NEW
5906.lswap-6f6f375dca74.txt	5906.lswap-cf5ecb0e9ecc.txt	3223	1817	ff	NEW
5906.lswap-a28e203d65dc.txt	5906.lswap-aa52880fc9e0.txt	3223	1817	rr	NEW
5906.lswap-a28e203d65dc.txt	5906.lswap-cf5ecb0e9ecc.txt	3223	1817	rf	NEW
5906.lswap-aa52880fc9e0.txt	5906.lswap-e0920da719d9.txt	3223	1817	rr	NEW
5906.lswap-cf5ecb0e9ecc.txt	5906.lswap-e0920da719d9.txt	3223	1817	fr	NEW
5906.lswap-20db05a5b51e.txt	5906.up-e65e244c83d3.txt	3232	1808	fr	NEW
5906.lswap-20db05a5b51e.txt	5906.up-78d638be95ae.txt	3267	1773	ff	NEW
5906.lswap-3baeeea281f2.txt	5906.up-14e2c7b29aae.txt	3328	1712	fr	NEW
5906.lswap-5a55d1641a86.txt	5906.up-14e2c7b29aae.txt	3328	1712	ff	NEW
5906.lswap-b55f23a2f470.txt	5906.up-14e2c7b29aae.txt	3328	1712	fr	NEW
5906.lswap-be4759bc731a.txt	5906.up-14e2c7b29aae.txt	3328	1712	ff	NEW
5906.lswap-3baeeea281f2.txt	5906.lswap-4c179f65aa4b.txt	3328	1712	rr	NEW
5906.lswap-3baeeea281f2.txt	5906.lswap-cf5ecb0e9ecc.txt	3328	1712	rr	NEW
5906.lswap-3baeeea281f2.txt	5906.lswap-d252e4d38aa9.txt	3328	1712	rf	NEW
5906.lswap-4c179f65aa4b.txt	5906.lswap-5a55d1641a86.txt	3328	1712	rf	NEW
5906.lswap-4c179f65aa4b.txt	5906.lswap-b55f23a2f470.txt	3328	1712	rr	NEW
5906.lswap-4c179f65aa4b.txt	5906.lswap-be4759bc731a.txt	3328	1712	rf	NEW
5906.lswap-5a55d1641a86.txt	5906.lswap-cf5ecb0e9ecc.txt	3328	1712	fr	NEW
5906.lswap-5a55d1641a86.txt	5906.lswap-d252e4d38aa9.txt	3328	1712	ff	NEW
5906.lswap-b55f23a2f470.txt	5906.lswap-cf5ecb0e9ecc.txt	3328	1712	rr	NEW
5906.lswap-b55f23a2f470.txt	5906.lswap-d252e4d38aa9.txt	3328	1712	rf	NEW
5906.lswap-be4759bc731a.txt	5906.lswap-cf5ecb0e9ecc.txt	3328	1712	fr	NEW
5906.lswap-be4759bc731a.txt	5906.lswap-d252e4d38aa9.txt	3328	1712	ff	NEW
5906.lswap-25804d565b10.txt	5906.up-77512ee88848.txt	3328	1712	fr	NEW
5906.lswap-9759fb4af500.txt	5906.up-77512ee88848.txt	3328	1712	ff	NEW
5906.lswap-25804d565b10.txt	5906.lswap-afd973e1a915.txt	3328	1712	rf	NEW
5906.lswap-9759fb4af500.txt	5906.lswap-afd973e1a915.txt	3328	1712	ff	NEW
5906.lswap-8f58c699a11d.txt	5906.up-72482a71c81e.txt	3368	1672	fr	NEW
5906.lswap-9bf7e32c6472.txt	5906.up-72482a71c81e.txt	3368	1672	ff	NEW
5906.lswap-8f58c699a11d.txt	5906.lswap-9f885c2a5e20.txt	3368	1672	rf	NEW
5906.lswap-9bf7e32c6472.txt	5906.lswap-9f885c2a5e20.txt	3368	1672	ff	NEW
5906.lswap-23548cda0ace.txt	5906.up-f2c7804be474.txt	3438	1602	ff	NEW
5906.lswap-9bf7e32c6472.txt	5906.up-f2c7804be474.txt	3438	1602	fr	NEW
5906.lswap-23548cda0ace.txt	5906.lswap-945cf8ae5bef.txt	3438	1602	ff	NEW
5906.lswap-945cf8ae5bef.txt	5906.lswap-9bf7e32c6472.txt	3438	1602	fr	NEW
5906.lswap-3baeeea281f2.txt	5906.lswap-a28e203d65dc.txt	3493	1547	ff	NEW
5906.lswap-b55f23a2f470.txt	5906.lswap-e0920da719d9.txt	3493	1547	ff	NEW
5906.lswap-0de54c0a7bb6.txt	5906.lswap-964ebce5847f.txt	3493	1547	rr	NEW
5906.lswap-7602ba885180.txt	5906.lswap-f6dbf9989449.txt	3493	1547	ff	NEW
5906.up-e948752d6a32.txt	5906.up-eebb02e3baec.txt	3493	1547	ff	KNOWN-EDGE
5906.lswap-0de54c0a7bb6.txt	5906.up-e948752d6a32.txt	3493	1547	fr	NEW
5906.lswap-17203113788c.txt	5906.up-e948752d6a32.txt	3493	1547	fr	NEW
5906.lswap-3baeeea281f2.txt	5906.up-e948752d6a32.txt	3493	1547	ff	NEW
5906.lswap-6d7ea156bdcc.txt	5906.up-e948752d6a32.txt	3493	1547	fr	NEW
5906.lswap-7602ba885180.txt	5906.up-e948752d6a32.txt	3493	1547	ff	NEW
5906.lswap-e0920da719d9.txt	5906.up-e948752d6a32.txt	3493	1547	ff	NEW
5906.lswap-5764c730eaee.txt	5906.up-eebb02e3baec.txt	3493	1547	fr	NEW
5906.lswap-6bd82af50a4e.txt	5906.up-eebb02e3baec.txt	3493	1547	fr	NEW
5906.lswap-964ebce5847f.txt	5906.up-eebb02e3baec.txt	3493	1547	fr	NEW
5906.lswap-a28e203d65dc.txt	5906.up-eebb02e3baec.txt	3493	1547	ff	NEW
5906.lswap-b55f23a2f470.txt	5906.up-eebb02e3baec.txt	3493	1547	ff	NEW
5906.lswap-f6dbf9989449.txt	5906.up-eebb02e3baec.txt	3493	1547	ff	NEW
5906.lswap-0de54c0a7bb6.txt	5906.lswap-5764c730eaee.txt	3493	1547	rr	NEW
5906.lswap-0de54c0a7bb6.txt	5906.lswap-6bd82af50a4e.txt	3493	1547	rr	NEW
5906.lswap-0de54c0a7bb6.txt	5906.lswap-a28e203d65dc.txt	3493	1547	rf	NEW
5906.lswap-0de54c0a7bb6.txt	5906.lswap-b55f23a2f470.txt	3493	1547	rf	NEW
5906.lswap-17203113788c.txt	5906.lswap-5764c730eaee.txt	3493	1547	rr	NEW
5906.lswap-17203113788c.txt	5906.lswap-964ebce5847f.txt	3493	1547	rr	NEW
5906.lswap-17203113788c.txt	5906.lswap-a28e203d65dc.txt	3493	1547	rf	NEW
5906.lswap-17203113788c.txt	5906.lswap-b55f23a2f470.txt	3493	1547	rf	NEW
5906.lswap-17203113788c.txt	5906.lswap-f6dbf9989449.txt	3493	1547	rf	NEW
5906.lswap-3baeeea281f2.txt	5906.lswap-5764c730eaee.txt	3493	1547	fr	NEW
5906.lswap-3baeeea281f2.txt	5906.lswap-6bd82af50a4e.txt	3493	1547	fr	NEW
5906.lswap-3baeeea281f2.txt	5906.lswap-964ebce5847f.txt	3493	1547	fr	NEW
5906.lswap-3baeeea281f2.txt	5906.lswap-f6dbf9989449.txt	3493	1547	ff	NEW
5906.lswap-5764c730eaee.txt	5906.lswap-7602ba885180.txt	3493	1547	rf	NEW
5906.lswap-5764c730eaee.txt	5906.lswap-e0920da719d9.txt	3493	1547	rf	NEW
5906.lswap-6bd82af50a4e.txt	5906.lswap-6d7ea156bdcc.txt	3493	1547	rr	NEW
5906.lswap-6bd82af50a4e.txt	5906.lswap-7602ba885180.txt	3493	1547	rf	NEW
5906.lswap-6bd82af50a4e.txt	5906.lswap-e0920da719d9.txt	3493	1547	rf	NEW
5906.lswap-6d7ea156bdcc.txt	5906.lswap-964ebce5847f.txt	3493	1547	rr	NEW
5906.lswap-6d7ea156bdcc.txt	5906.lswap-a28e203d65dc.txt	3493	1547	rf	NEW
5906.lswap-6d7ea156bdcc.txt	5906.lswap-b55f23a2f470.txt	3493	1547	rf	NEW
5906.lswap-6d7ea156bdcc.txt	5906.lswap-f6dbf9989449.txt	3493	1547	rf	NEW
5906.lswap-7602ba885180.txt	5906.lswap-a28e203d65dc.txt	3493	1547	ff	NEW
5906.lswap-7602ba885180.txt	5906.lswap-b55f23a2f470.txt	3493	1547	ff	NEW
5906.lswap-964ebce5847f.txt	5906.lswap-e0920da719d9.txt	3493	1547	rf	NEW
5906.lswap-e0920da719d9.txt	5906.lswap-f6dbf9989449.txt	3493	1547	ff	NEW
5906.i4a-29c55ed5fbf6.txt	5906.lswap-6dc582bac458.txt	3526	1514	fr	NEW
5906.lswap-cf8339eb5ca7.txt	5906.up-bd458e7fc19e.txt	3532	1508	ff	NEW
5906.lswap-ebd38bf2c1cd.txt	5906.up-bd458e7fc19e.txt	3532	1508	ff	NEW
5906.i4a-29c55ed5fbf6.txt	5906.lswap-cf8339eb5ca7.txt	3532	1508	rf	NEW
5906.i4a-29c55ed5fbf6.txt	5906.lswap-ebd38bf2c1cd.txt	3532	1508	rf	NEW
5906.lswap-3b66fbdbdf53.txt	5906.lswap-af54b6f406a6.txt	3535	1505	fr	NEW
5906.lswap-e145b859ca30.txt	5906.up-53b55626d912.txt	3570	1470	ff	NEW
5906.lswap-41a210488ac9.txt	5906.lswap-be4759bc731a.txt	3598	1442	rr	NEW
5906.lswap-5a55d1641a86.txt	5906.lswap-6f6f375dca74.txt	3598	1442	rr	NEW
5906.up-168d62e1a9d1.txt	5906.up-2cb6c1139592.txt	3598	1442	ff	KNOWN-EDGE
5906.lswap-0de54c0a7bb6.txt	5906.up-168d62e1a9d1.txt	3598	1442	ff	NEW
5906.lswap-41a210488ac9.txt	5906.up-168d62e1a9d1.txt	3598	1442	fr	NEW
5906.lswap-5228890279ca.txt	5906.up-168d62e1a9d1.txt	3598	1442	fr	NEW
5906.lswap-5a55d1641a86.txt	5906.up-168d62e1a9d1.txt	3598	1442	fr	NEW
5906.lswap-b12d38608f09.txt	5906.up-168d62e1a9d1.txt	3598	1442	fr	NEW
5906.lswap-f6dbf9989449.txt	5906.up-168d62e1a9d1.txt	3598	1442	fr	NEW
5906.lswap-3b4f2e286e0c.txt	5906.up-2cb6c1139592.txt	3598	1442	fr	NEW
5906.lswap-5a7a973564fd.txt	5906.up-2cb6c1139592.txt	3598	1442	fr	NEW
5906.lswap-6f6f375dca74.txt	5906.up-2cb6c1139592.txt	3598	1442	fr	NEW
5906.lswap-7602ba885180.txt	5906.up-2cb6c1139592.txt	3598	1442	fr	NEW
5906.lswap-964ebce5847f.txt	5906.up-2cb6c1139592.txt	3598	1442	ff	NEW
5906.lswap-be4759bc731a.txt	5906.up-2cb6c1139592.txt	3598	1442	fr	NEW
5906.lswap-0de54c0a7bb6.txt	5906.lswap-3b4f2e286e0c.txt	3598	1442	fr	NEW
5906.lswap-0de54c0a7bb6.txt	5906.lswap-5a7a973564fd.txt	3598	1442	fr	NEW
5906.lswap-0de54c0a7bb6.txt	5906.lswap-6f6f375dca74.txt	3598	1442	fr	NEW
5906.lswap-0de54c0a7bb6.txt	5906.lswap-be4759bc731a.txt	3598	1442	fr	NEW
5906.lswap-3b4f2e286e0c.txt	5906.lswap-41a210488ac9.txt	3598	1442	rr	NEW
5906.lswap-3b4f2e286e0c.txt	5906.lswap-5228890279ca.txt	3598	1442	rr	NEW
5906.lswap-3b4f2e286e0c.txt	5906.lswap-5a55d1641a86.txt	3598	1442	rr	NEW
5906.lswap-3b4f2e286e0c.txt	5906.lswap-f6dbf9989449.txt	3598	1442	rr	NEW
5906.lswap-41a210488ac9.txt	5906.lswap-5a7a973564fd.txt	3598	1442	rr	NEW
5906.lswap-41a210488ac9.txt	5906.lswap-7602ba885180.txt	3598	1442	rr	NEW
5906.lswap-41a210488ac9.txt	5906.lswap-964ebce5847f.txt	3598	1442	rf	NEW
5906.lswap-5228890279ca.txt	5906.lswap-6f6f375dca74.txt	3598	1442	rr	NEW
5906.lswap-5228890279ca.txt	5906.lswap-7602ba885180.txt	3598	1442	rr	NEW
5906.lswap-5228890279ca.txt	5906.lswap-964ebce5847f.txt	3598	1442	rf	NEW
5906.lswap-5228890279ca.txt	5906.lswap-be4759bc731a.txt	3598	1442	rr	NEW
5906.lswap-5a55d1641a86.txt	5906.lswap-5a7a973564fd.txt	3598	1442	rr	NEW
5906.lswap-5a55d1641a86.txt	5906.lswap-7602ba885180.txt	3598	1442	rr	NEW
5906.lswap-5a55d1641a86.txt	5906.lswap-964ebce5847f.txt	3598	1442	rf	NEW
5906.lswap-5a7a973564fd.txt	5906.lswap-b12d38608f09.txt	3598	1442	rr	NEW
5906.lswap-5a7a973564fd.txt	5906.lswap-f6dbf9989449.txt	3598	1442	rr	NEW
5906.lswap-6f6f375dca74.txt	5906.lswap-b12d38608f09.txt	3598	1442	rr	NEW
5906.lswap-6f6f375dca74.txt	5906.lswap-f6dbf9989449.txt	3598	1442	rr	NEW
5906.lswap-7602ba885180.txt	5906.lswap-b12d38608f09.txt	3598	1442	rr	NEW
5906.lswap-964ebce5847f.txt	5906.lswap-b12d38608f09.txt	3598	1442	fr	NEW
5906.lswap-b12d38608f09.txt	5906.lswap-be4759bc731a.txt	3598	1442	rr	NEW
5906.lswap-be4759bc731a.txt	5906.lswap-f6dbf9989449.txt	3598	1442	rr	NEW
5906.lswap-7f47c6e6eeda.txt	5906.lswap-df71274e07be.txt	3605	1435	rr	NEW
5906.i4a-c1080e26f60c.txt	5906.lswap-ebd38bf2c1cd.txt	3631	1409	fr	NEW
5906.lswap-49fc63d034f2.txt	5906.lswap-d252e4d38aa9.txt	3633	1407	rr	NEW
5906.lswap-4c179f65aa4b.txt	5906.lswap-aa52880fc9e0.txt	3633	1407	ff	NEW
5906.up-91a0d3cd2c14.txt	5906.up-e94d2b57a7d4.txt	3633	1407	ff	KNOWN-EDGE
5906.lswap-17203113788c.txt	5906.up-91a0d3cd2c14.txt	3633	1407	ff	NEW
5906.lswap-5228890279ca.txt	5906.up-91a0d3cd2c14.txt	3633	1407	ff	NEW
5906.lswap-5a7a973564fd.txt	5906.up-91a0d3cd2c14.txt	3633	1407	ff	NEW
5906.lswap-6bd82af50a4e.txt	5906.up-91a0d3cd2c14.txt	3633	1407	ff	NEW
5906.lswap-aa52880fc9e0.txt	5906.up-91a0d3cd2c14.txt	3633	1407	ff	NEW
5906.lswap-d252e4d38aa9.txt	5906.up-91a0d3cd2c14.txt	3633	1407	fr	NEW
5906.lswap-3b4f2e286e0c.txt	5906.up-e94d2b57a7d4.txt	3633	1407	ff	NEW
5906.lswap-49fc63d034f2.txt	5906.up-e94d2b57a7d4.txt	3633	1407	fr	NEW
5906.lswap-4c179f65aa4b.txt	5906.up-e94d2b57a7d4.txt	3633	1407	ff	NEW
5906.lswap-5764c730eaee.txt	5906.up-e94d2b57a7d4.txt	3633	1407	ff	NEW
5906.lswap-6d7ea156bdcc.txt	5906.up-e94d2b57a7d4.txt	3633	1407	ff	NEW
5906.lswap-b12d38608f09.txt	5906.up-e94d2b57a7d4.txt	3633	1407	ff	NEW
5906.lswap-17203113788c.txt	5906.lswap-3b4f2e286e0c.txt	3633	1407	ff	NEW
5906.lswap-17203113788c.txt	5906.lswap-49fc63d034f2.txt	3633	1407	fr	NEW
5906.lswap-17203113788c.txt	5906.lswap-4c179f65aa4b.txt	3633	1407	ff	NEW
5906.lswap-17203113788c.txt	5906.lswap-b12d38608f09.txt	3633	1407	ff	NEW
5906.lswap-3b4f2e286e0c.txt	5906.lswap-6bd82af50a4e.txt	3633	1407	ff	NEW
5906.lswap-3b4f2e286e0c.txt	5906.lswap-aa52880fc9e0.txt	3633	1407	ff	NEW
5906.lswap-3b4f2e286e0c.txt	5906.lswap-d252e4d38aa9.txt	3633	1407	fr	NEW
5906.lswap-49fc63d034f2.txt	5906.lswap-5228890279ca.txt	3633	1407	rf	NEW
5906.lswap-49fc63d034f2.txt	5906.lswap-5a7a973564fd.txt	3633	1407	rf	NEW
5906.lswap-49fc63d034f2.txt	5906.lswap-6bd82af50a4e.txt	3633	1407	rf	NEW
5906.lswap-4c179f65aa4b.txt	5906.lswap-5228890279ca.txt	3633	1407	ff	NEW
5906.lswap-4c179f65aa4b.txt	5906.lswap-5a7a973564fd.txt	3633	1407	ff	NEW
5906.lswap-4c179f65aa4b.txt	5906.lswap-6bd82af50a4e.txt	3633	1407	ff	NEW
5906.lswap-5228890279ca.txt	5906.lswap-5764c730eaee.txt	3633	1407	ff	NEW
5906.lswap-5228890279ca.txt	5906.lswap-6d7ea156bdcc.txt	3633	1407	ff	NEW
5906.lswap-5764c730eaee.txt	5906.lswap-5a7a973564fd.txt	3633	1407	ff	NEW
5906.lswap-5764c730eaee.txt	5906.lswap-aa52880fc9e0.txt	3633	1407	ff	NEW
5906.lswap-5764c730eaee.txt	5906.lswap-d252e4d38aa9.txt	3633	1407	fr	NEW
5906.lswap-5a7a973564fd.txt	5906.lswap-6d7ea156bdcc.txt	3633	1407	ff	NEW
5906.lswap-6bd82af50a4e.txt	5906.lswap-b12d38608f09.txt	3633	1407	ff	NEW
5906.lswap-6d7ea156bdcc.txt	5906.lswap-aa52880fc9e0.txt	3633	1407	ff	NEW
5906.lswap-6d7ea156bdcc.txt	5906.lswap-d252e4d38aa9.txt	3633	1407	fr	NEW
5906.lswap-aa52880fc9e0.txt	5906.lswap-b12d38608f09.txt	3633	1407	ff	NEW
5906.lswap-b12d38608f09.txt	5906.lswap-d252e4d38aa9.txt	3633	1407	fr	NEW
5906.lswap-6dc582bac458.txt	5906.up-56126e7237c3.txt	3637	1403	ff	NEW
5906.lswap-cf8339eb5ca7.txt	5906.up-56126e7237c3.txt	3637	1403	fr	NEW
5906.i4a-c1080e26f60c.txt	5906.lswap-6dc582bac458.txt	3637	1403	rf	NEW
5906.i4a-c1080e26f60c.txt	5906.lswap-cf8339eb5ca7.txt	3637	1403	rr	NEW
5906.lswap-025c4805fc39.txt	5906.lswap-9a5cc6a6e3c8.txt	3640	1400	ff	NEW
5906.lswap-2ae54d2fd96c.txt	5906.lswap-6d0ad177e5ee.txt	3640	1400	ff	NEW
5906.lswap-2ae54d2fd96c.txt	5906.lswap-3b66fbdbdf53.txt	3642	1398	ff	NEW
5906.lswap-2ae54d2fd96c.txt	5906.lswap-af54b6f406a6.txt	3642	1398	fr	NEW
5906.lswap-3b66fbdbdf53.txt	5906.lswap-6d0ad177e5ee.txt	3642	1398	ff	NEW
5906.lswap-6d0ad177e5ee.txt	5906.lswap-af54b6f406a6.txt	3642	1398	fr	NEW
5906.lswap-e2d18fca77cb.txt	5906.up-331e3f0f91ee.txt	3675	1365	ff	NEW
5906.lswap-025c4805fc39.txt	5906.lswap-29ee6f7c1197.txt	3675	1365	rr	NEW
5906.lswap-025c4805fc39.txt	5906.up-53b55626d912.txt	3677	1363	fr	NEW
5906.lswap-29ee6f7c1197.txt	5906.up-53b55626d912.txt	3677	1363	fr	NEW
5906.lswap-025c4805fc39.txt	5906.lswap-e145b859ca30.txt	3677	1363	rf	NEW
5906.lswap-29ee6f7c1197.txt	5906.lswap-e145b859ca30.txt	3677	1363	rf	NEW
5906.up-c3afee7ed153.txt	5906.up-c63a66adbc60.txt	3709	1331	ff	KNOWN-EDGE
5906.lswap-031568aa1b5c.txt	5906.lswap-a7d2db45842b.txt	3710	1330	fr	NEW
5906.lswap-3b66fbdbdf53.txt	5906.lswap-49fac07a5323.txt	3710	1330	rr	NEW
5906.lswap-031568aa1b5c.txt	5906.lswap-7f47c6e6eeda.txt	3712	1328	fr	NEW
5906.lswap-031568aa1b5c.txt	5906.lswap-df71274e07be.txt	3712	1328	fr	NEW
5906.lswap-7f47c6e6eeda.txt	5906.lswap-a7d2db45842b.txt	3712	1328	rr	NEW
5906.lswap-a7d2db45842b.txt	5906.lswap-df71274e07be.txt	3712	1328	rr	NEW
5906.up-14e2c7b29aae.txt	5906.up-a838f31a7b4f.txt	3738	1302	ff	KNOWN-EDGE
5906.lswap-41a210488ac9.txt	5906.up-14e2c7b29aae.txt	3738	1302	ff	NEW
5906.lswap-49fc63d034f2.txt	5906.up-14e2c7b29aae.txt	3738	1302	ff	NEW
5906.lswap-6f6f375dca74.txt	5906.up-14e2c7b29aae.txt	3738	1302	ff	NEW
5906.lswap-a28e203d65dc.txt	5906.up-14e2c7b29aae.txt	3738	1302	fr	NEW
5906.lswap-aa52880fc9e0.txt	5906.up-14e2c7b29aae.txt	3738	1302	fr	NEW
5906.lswap-e0920da719d9.txt	5906.up-14e2c7b29aae.txt	3738	1302	fr	NEW
5906.lswap-3baeeea281f2.txt	5906.up-a838f31a7b4f.txt	3738	1302	fr	NEW
5906.lswap-4c179f65aa4b.txt	5906.up-a838f31a7b4f.txt	3738	1302	fr	NEW
5906.lswap-5a55d1641a86.txt	5906.up-a838f31a7b4f.txt	3738	1302	ff	NEW
5906.lswap-b55f23a2f470.txt	5906.up-a838f31a7b4f.txt	3738	1302	fr	NEW
5906.lswap-be4759bc731a.txt	5906.up-a838f31a7b4f.txt	3738	1302	ff	NEW
5906.lswap-d252e4d38aa9.txt	5906.up-a838f31a7b4f.txt	3738	1302	ff	NEW
5906.lswap-3baeeea281f2.txt	5906.lswap-41a210488ac9.txt	3738	1302	rf	NEW
5906.lswap-3baeeea281f2.txt	5906.lswap-49fc63d034f2.txt	3738	1302	rf	NEW
5906.lswap-3baeeea281f2.txt	5906.lswap-6f6f375dca74.txt	3738	1302	rf	NEW
5906.lswap-3baeeea281f2.txt	5906.lswap-aa52880fc9e0.txt	3738	1302	rr	NEW
5906.lswap-41a210488ac9.txt	5906.lswap-4c179f65aa4b.txt	3738	1302	fr	NEW
5906.lswap-41a210488ac9.txt	5906.lswap-b55f23a2f470.txt	3738	1302	fr	NEW
5906.lswap-41a210488ac9.txt	5906.lswap-d252e4d38aa9.txt	3738	1302	ff	NEW
5906.lswap-49fc63d034f2.txt	5906.lswap-5a55d1641a86.txt	3738	1302	ff	NEW
5906.lswap-49fc63d034f2.txt	5906.lswap-b55f23a2f470.txt	3738	1302	fr	NEW
5906.lswap-49fc63d034f2.txt	5906.lswap-be4759bc731a.txt	3738	1302	ff	NEW
5906.lswap-4c179f65aa4b.txt	5906.lswap-6f6f375dca74.txt	3738	1302	rf	NEW
5906.lswap-4c179f65aa4b.txt	5906.lswap-a28e203d65dc.txt	3738	1302	rr	NEW
5906.lswap-4c179f65aa4b.txt	5906.lswap-e0920da719d9.txt	3738	1302	rr	NEW
5906.lswap-5a55d1641a86.txt	5906.lswap-a28e203d65dc.txt	3738	1302	fr	NEW
5906.lswap-5a55d1641a86.txt	5906.lswap-aa52880fc9e0.txt	3738	1302	fr	NEW
5906.lswap-5a55d1641a86.txt	5906.lswap-e0920da719d9.txt	3738	1302	fr	NEW
5906.lswap-6f6f375dca74.txt	5906.lswap-b55f23a2f470.txt	3738	1302	fr	NEW
5906.lswap-6f6f375dca74.txt	5906.lswap-d252e4d38aa9.txt	3738	1302	ff	NEW
5906.lswap-a28e203d65dc.txt	5906.lswap-be4759bc731a.txt	3738	1302	rf	NEW
5906.lswap-a28e203d65dc.txt	5906.lswap-d252e4d38aa9.txt	3738	1302	rf	NEW
5906.lswap-aa52880fc9e0.txt	5906.lswap-b55f23a2f470.txt	3738	1302	rr	NEW
5906.lswap-aa52880fc9e0.txt	5906.lswap-be4759bc731a.txt	3738	1302	rf	NEW
5906.lswap-be4759bc731a.txt	5906.lswap-e0920da719d9.txt	3738	1302	fr	NEW
5906.lswap-d252e4d38aa9.txt	5906.lswap-e0920da719d9.txt	3738	1302	fr	NEW
5906.lswap-5808edca979d.txt	5906.up-0db50fc7743c.txt	3745	1295	ff	NEW
5906.lswap-5dbb54e50268.txt	5906.lswap-62d959eb4e73.txt	3745	1295	ff	NEW
5906.lswap-025c4805fc39.txt	5906.up-0db50fc7743c.txt	3747	1293	ff	NEW
5906.lswap-9a5cc6a6e3c8.txt	5906.up-0db50fc7743c.txt	3747	1293	ff	NEW
5906.lswap-025c4805fc39.txt	5906.lswap-5808edca979d.txt	3747	1293	ff	NEW
5906.lswap-5808edca979d.txt	5906.lswap-9a5cc6a6e3c8.txt	3747	1293	ff	NEW
5906.lswap-dcc866de4e11.txt	5906.up-37ac2db82134.txt	3777	1263	ff	NEW
5906.lswap-09c105553d61.txt	5906.lswap-67fc5c2184ab.txt	3779	1261	ff	NEW
5906.lswap-10f62906b166.txt	5906.lswap-db110b7302cf.txt	3779	1261	ff	NEW
5906.lswap-2ae54d2fd96c.txt	5906.lswap-8ed814577309.txt	3780	1260	rr	NEW
5906.lswap-62d959eb4e73.txt	5906.lswap-9f3672f6c430.txt	3780	1260	rr	NEW
5906.lswap-62d959eb4e73.txt	5906.up-331e3f0f91ee.txt	3782	1258	fr	NEW
5906.lswap-9f3672f6c430.txt	5906.up-331e3f0f91ee.txt	3782	1258	fr	NEW
5906.lswap-62d959eb4e73.txt	5906.lswap-e2d18fca77cb.txt	3782	1258	rf	NEW
5906.lswap-9f3672f6c430.txt	5906.lswap-e2d18fca77cb.txt	3782	1258	rf	NEW
5906.lswap-7f47c6e6eeda.txt	5906.lswap-e73e096376f0.txt	3815	1225	ff	NEW
5906.lswap-3b66fbdbdf53.txt	5906.lswap-7f47c6e6eeda.txt	3817	1223	rf	NEW
5906.lswap-3b66fbdbdf53.txt	5906.lswap-e73e096376f0.txt	3817	1223	rf	NEW
5906.lswap-49fac07a5323.txt	5906.lswap-7f47c6e6eeda.txt	3817	1223	rf	NEW
5906.lswap-49fac07a5323.txt	5906.lswap-e73e096376f0.txt	3817	1223	rf	NEW
5906.lswap-dcc866de4e11.txt	5906.up-207dc5352d35.txt	3847	1193	fr	NEW
5906.lswap-06f4ba2c8122.txt	5906.up-377da0a3c300.txt	3848	1192	fr	NEW
5906.lswap-8f58c699a11d.txt	5906.up-377da0a3c300.txt	3848	1192	ff	NEW
5906.lswap-06f4ba2c8122.txt	5906.lswap-945cf8ae5bef.txt	3848	1192	rr	NEW
5906.lswap-8f58c699a11d.txt	5906.lswap-945cf8ae5bef.txt	3848	1192	fr	NEW
5906.up-6597315411ea.txt	5906.up-d1489855deef.txt	3849	1191	ff	KNOWN-EDGE
5906.lswap-52e683fb05d3.txt	5906.up-16ca46d2c5a9.txt	3850	1190	ff	NEW
5906.lswap-5dbb54e50268.txt	5906.up-16ca46d2c5a9.txt	3852	1188	ff	NEW
5906.lswap-62d959eb4e73.txt	5906.up-16ca46d2c5a9.txt	3852	1188	ff	NEW
5906.lswap-52e683fb05d3.txt	5906.lswap-5dbb54e50268.txt	3852	1188	ff	NEW
5906.lswap-52e683fb05d3.txt	5906.lswap-62d959eb4e73.txt	3852	1188	ff	NEW
5906.up-78d638be95ae.txt	5906.up-e65e244c83d3.txt	3852	1188	ff	KNOWN-EDGE
5906.lswap-09c105553d61.txt	5906.up-c3afee7ed153.txt	3871	1169	fr	NEW
5906.lswap-10f62906b166.txt	5906.up-c3afee7ed153.txt	3871	1169	ff	NEW
5906.lswap-67fc5c2184ab.txt	5906.up-c3afee7ed153.txt	3871	1169	fr	NEW
5906.lswap-db110b7302cf.txt	5906.up-c3afee7ed153.txt	3871	1169	ff	NEW
5906.lswap-09c105553d61.txt	5906.up-c63a66adbc60.txt	3871	1169	fr	NEW
5906.lswap-10f62906b166.txt	5906.up-c63a66adbc60.txt	3871	1169	ff	NEW
5906.lswap-67fc5c2184ab.txt	5906.up-c63a66adbc60.txt	3871	1169	fr	NEW
5906.lswap-db110b7302cf.txt	5906.up-c63a66adbc60.txt	3871	1169	ff	NEW
5906.lswap-09c105553d61.txt	5906.lswap-28b97fbb68d1.txt	3871	1169	rf	NEW
5906.lswap-10f62906b166.txt	5906.lswap-28b97fbb68d1.txt	3871	1169	ff	NEW
5906.lswap-28b97fbb68d1.txt	5906.lswap-67fc5c2184ab.txt	3871	1169	fr	NEW
5906.lswap-28b97fbb68d1.txt	5906.lswap-db110b7302cf.txt	3871	1169	ff	NEW
5906.lswap-031568aa1b5c.txt	5906.lswap-2497c9291398.txt	3885	1155	rr	NEW
5906.lswap-031568aa1b5c.txt	5906.lswap-2ae54d2fd96c.txt	3887	1153	rr	NEW
5906.lswap-031568aa1b5c.txt	5906.lswap-8ed814577309.txt	3887	1153	rr	NEW
5906.lswap-2497c9291398.txt	5906.lswap-2ae54d2fd96c.txt	3887	1153	rr	NEW
5906.lswap-2497c9291398.txt	5906.lswap-8ed814577309.txt	3887	1153	rr	NEW
5906.lswap-06f4ba2c8122.txt	5906.up-0a065898a821.txt	3918	1122	ff	NEW
5906.lswap-23548cda0ace.txt	5906.up-0a065898a821.txt	3918	1122	fr	NEW
5906.lswap-06f4ba2c8122.txt	5906.lswap-9f885c2a5e20.txt	3918	1122	fr	NEW
5906.lswap-23548cda0ace.txt	5906.lswap-9f885c2a5e20.txt	3918	1122	rr	NEW
5906.lswap-c55c2b0fbb0f.txt	5906.up-a00b3e52965d.txt	3919	1121	fr	NEW
5906.lswap-025c4805fc39.txt	5906.lswap-2ae54d2fd96c.txt	3921	1119	rf	NEW
5906.lswap-2ae54d2fd96c.txt	5906.up-53b55626d912.txt	3921	1119	ff	NEW
5906.lswap-3b66fbdbdf53.txt	5906.up-53b55626d912.txt	3921	1119	ff	NEW
5906.lswap-6d0ad177e5ee.txt	5906.up-53b55626d912.txt	3921	1119	ff	NEW
5906.lswap-af54b6f406a6.txt	5906.up-53b55626d912.txt	3921	1119	fr	NEW
5906.lswap-025c4805fc39.txt	5906.lswap-3b66fbdbdf53.txt	3921	1119	rf	NEW
5906.lswap-025c4805fc39.txt	5906.lswap-6d0ad177e5ee.txt	3921	1119	rf	NEW
5906.lswap-025c4805fc39.txt	5906.lswap-af54b6f406a6.txt	3921	1119	rr	NEW
5906.lswap-29ee6f7c1197.txt	5906.lswap-2ae54d2fd96c.txt	3921	1119	rf	NEW
5906.lswap-29ee6f7c1197.txt	5906.lswap-3b66fbdbdf53.txt	3921	1119	rf	NEW
5906.lswap-29ee6f7c1197.txt	5906.lswap-6d0ad177e5ee.txt	3921	1119	rf	NEW
5906.lswap-29ee6f7c1197.txt	5906.lswap-af54b6f406a6.txt	3921	1119	rr	NEW
5906.lswap-2ae54d2fd96c.txt	5906.lswap-e145b859ca30.txt	3921	1119	ff	NEW
5906.lswap-3b66fbdbdf53.txt	5906.lswap-e145b859ca30.txt	3921	1119	ff	NEW
5906.lswap-6d0ad177e5ee.txt	5906.lswap-e145b859ca30.txt	3921	1119	ff	NEW
5906.lswap-af54b6f406a6.txt	5906.lswap-e145b859ca30.txt	3921	1119	rf	NEW
5906.up-207dc5352d35.txt	5906.up-37ac2db82134.txt	3932	1108	ff	KNOWN-EDGE
5906.lswap-09c105553d61.txt	5906.up-6597315411ea.txt	3941	1099	ff	NEW
5906.lswap-10f62906b166.txt	5906.up-6597315411ea.txt	3941	1099	fr	NEW
5906.lswap-67fc5c2184ab.txt	5906.up-6597315411ea.txt	3941	1099	ff	NEW
5906.lswap-db110b7302cf.txt	5906.up-6597315411ea.txt	3941	1099	fr	NEW
5906.lswap-09c105553d61.txt	5906.up-d1489855deef.txt	3941	1099	ff	NEW
5906.lswap-10f62906b166.txt	5906.up-d1489855deef.txt	3941	1099	fr	NEW
5906.lswap-67fc5c2184ab.txt	5906.up-d1489855deef.txt	3941	1099	ff	NEW
5906.lswap-db110b7302cf.txt	5906.up-d1489855deef.txt	3941	1099	fr	NEW
5906.lswap-09c105553d61.txt	5906.lswap-3a55a72f70d6.txt	3941	1099	ff	NEW
5906.lswap-10f62906b166.txt	5906.lswap-3a55a72f70d6.txt	3941	1099	rf	NEW
5906.lswap-3a55a72f70d6.txt	5906.lswap-67fc5c2184ab.txt	3941	1099	ff	NEW
5906.lswap-3a55a72f70d6.txt	5906.lswap-db110b7302cf.txt	3941	1099	fr	NEW
5906.lswap-c55c2b0fbb0f.txt	5906.up-5ce87c54ecea.txt	3954	1086	ff	NEW
5906.lswap-031568aa1b5c.txt	5906.up-0db50fc7743c.txt	3991	1049	ff	NEW
5906.lswap-7f47c6e6eeda.txt	5906.up-0db50fc7743c.txt	3991	1049	fr	NEW
5906.lswap-a7d2db45842b.txt	5906.up-0db50fc7743c.txt	3991	1049	fr	NEW
5906.lswap-df71274e07be.txt	5906.up-0db50fc7743c.txt	3991	1049	fr	NEW
5906.lswap-025c4805fc39.txt	5906.lswap-031568aa1b5c.txt	3991	1049	ff	NEW
5906.lswap-025c4805fc39.txt	5906.lswap-7f47c6e6eeda.txt	3991	1049	fr	NEW
5906.lswap-025c4805fc39.txt	5906.lswap-a7d2db45842b.txt	3991	1049	fr	NEW
5906.lswap-025c4805fc39.txt	5906.lswap-df71274e07be.txt	3991	1049	fr	NEW
5906.lswap-031568aa1b5c.txt	5906.lswap-5808edca979d.txt	3991	1049	ff	NEW
5906.lswap-031568aa1b5c.txt	5906.lswap-9a5cc6a6e3c8.txt	3991	1049	ff	NEW
5906.lswap-5808edca979d.txt	5906.lswap-7f47c6e6eeda.txt	3991	1049	fr	NEW
5906.lswap-5808edca979d.txt	5906.lswap-a7d2db45842b.txt	3991	1049	fr	NEW
5906.lswap-5808edca979d.txt	5906.lswap-df71274e07be.txt	3991	1049	fr	NEW
5906.lswap-7f47c6e6eeda.txt	5906.lswap-9a5cc6a6e3c8.txt	3991	1049	rf	NEW
5906.lswap-9a5cc6a6e3c8.txt	5906.lswap-a7d2db45842b.txt	3991	1049	fr	NEW
5906.lswap-9a5cc6a6e3c8.txt	5906.lswap-df71274e07be.txt	3991	1049	fr	NEW
5906.lswap-6dc582bac458.txt	5906.up-bd458e7fc19e.txt	3997	1043	fr	NEW
5906.lswap-6dc582bac458.txt	5906.lswap-ebd38bf2c1cd.txt	3997	1043	rf	NEW
5906.lswap-2fb529601be6.txt	5906.up-aed220b1ebc4.txt	4029	1011	fr	NEW
5906.lswap-821102adfff8.txt	5906.up-aed220b1ebc4.txt	4029	1011	ff	NEW
5906.lswap-2fb529601be6.txt	5906.lswap-423441640591.txt	4029	1011	rf	NEW
5906.lswap-423441640591.txt	5906.lswap-821102adfff8.txt	4029	1011	ff	NEW
5906.lswap-7217a0cd3774.txt	5906.up-a001786e5861.txt	4031	1009	ff	NEW
5906.lswap-7bd46049981f.txt	5906.up-a001786e5861.txt	4031	1009	ff	NEW
5906.lswap-7bd46049981f.txt	5906.lswap-e21e24656b8e.txt	4031	1009	fr	NEW
5906.up-6f42b3603dac.txt	5906.up-7f9a93193f10.txt	4036	1004	ff	KNOWN-EDGE
5906.lswap-62d959eb4e73.txt	5906.lswap-7f47c6e6eeda.txt	4061	979	rf	NEW
5906.lswap-3b66fbdbdf53.txt	5906.up-331e3f0f91ee.txt	4061	979	fr	NEW
5906.lswap-49fac07a5323.txt	5906.up-331e3f0f91ee.txt	4061	979	fr	NEW
5906.lswap-7f47c6e6eeda.txt	5906.up-331e3f0f91ee.txt	4061	979	ff	NEW
5906.lswap-e73e096376f0.txt	5906.up-331e3f0f91ee.txt	4061	979	ff	NEW
5906.lswap-3b66fbdbdf53.txt	5906.lswap-62d959eb4e73.txt	4061	979	rr	NEW
5906.lswap-3b66fbdbdf53.txt	5906.lswap-9f3672f6c430.txt	4061	979	rr	NEW
5906.lswap-3b66fbdbdf53.txt	5906.lswap-e2d18fca77cb.txt	4061	979	rf	NEW
5906.lswap-49fac07a5323.txt	5906.lswap-62d959eb4e73.txt	4061	979	rr	NEW
5906.lswap-49fac07a5323.txt	5906.lswap-9f3672f6c430.txt	4061	979	rr	NEW
5906.lswap-49fac07a5323.txt	5906.lswap-e2d18fca77cb.txt	4061	979	rf	NEW
5906.lswap-62d959eb4e73.txt	5906.lswap-e73e096376f0.txt	4061	979	rf	NEW
5906.lswap-7f47c6e6eeda.txt	5906.lswap-9f3672f6c430.txt	4061	979	fr	NEW
5906.lswap-7f47c6e6eeda.txt	5906.lswap-e2d18fca77cb.txt	4061	979	ff	NEW
5906.lswap-9f3672f6c430.txt	5906.lswap-e73e096376f0.txt	4061	979	rf	NEW
5906.lswap-e2d18fca77cb.txt	5906.lswap-e73e096376f0.txt	4061	979	ff	NEW
5906.lswap-2fb529601be6.txt	5906.up-7c111e182316.txt	4099	941	ff	NEW
5906.lswap-73851215f718.txt	5906.up-7c111e182316.txt	4099	941	fr	NEW
5906.lswap-2fb529601be6.txt	5906.lswap-3c791ffa671d.txt	4099	941	ff	NEW
5906.lswap-3c791ffa671d.txt	5906.lswap-73851215f718.txt	4099	941	fr	NEW
5906.lswap-ebd38bf2c1cd.txt	5906.up-56126e7237c3.txt	4102	938	fr	NEW
5906.lswap-031568aa1b5c.txt	5906.up-16ca46d2c5a9.txt	4131	909	fr	NEW
5906.lswap-2497c9291398.txt	5906.up-16ca46d2c5a9.txt	4131	909	fr	NEW
5906.lswap-2ae54d2fd96c.txt	5906.up-16ca46d2c5a9.txt	4131	909	fr	NEW
5906.lswap-8ed814577309.txt	5906.up-16ca46d2c5a9.txt	4131	909	fr	NEW
5906.lswap-031568aa1b5c.txt	5906.lswap-52e683fb05d3.txt	4131	909	rf	NEW
5906.lswap-031568aa1b5c.txt	5906.lswap-5dbb54e50268.txt	4131	909	rf	NEW
5906.lswap-031568aa1b5c.txt	5906.lswap-62d959eb4e73.txt	4131	909	rf	NEW
5906.lswap-2497c9291398.txt	5906.lswap-52e683fb05d3.txt	4131	909	rf	NEW
5906.lswap-2497c9291398.txt	5906.lswap-5dbb54e50268.txt	4131	909	rf	NEW
5906.lswap-2497c9291398.txt	5906.lswap-62d959eb4e73.txt	4131	909	rf	NEW
5906.lswap-2ae54d2fd96c.txt	5906.lswap-52e683fb05d3.txt	4131	909	rf	NEW
5906.lswap-2ae54d2fd96c.txt	5906.lswap-5dbb54e50268.txt	4131	909	rf	NEW
5906.lswap-2ae54d2fd96c.txt	5906.lswap-62d959eb4e73.txt	4131	909	rf	NEW
5906.lswap-52e683fb05d3.txt	5906.lswap-8ed814577309.txt	4131	909	fr	NEW
5906.lswap-5dbb54e50268.txt	5906.lswap-8ed814577309.txt	4131	909	fr	NEW
5906.lswap-62d959eb4e73.txt	5906.lswap-8ed814577309.txt	4131	909	fr	NEW
5906.lswap-2c94cb485ad7.txt	5906.up-3ffb4355518f.txt	4131	909	fr	NEW
5906.up-72482a71c81e.txt	5906.up-f2c7804be474.txt	4142	898	ff	KNOWN-EDGE
5906.lswap-23548cda0ace.txt	5906.up-72482a71c81e.txt	4142	898	ff	NEW
5906.lswap-945cf8ae5bef.txt	5906.up-72482a71c81e.txt	4142	898	ff	NEW
5906.lswap-8f58c699a11d.txt	5906.up-f2c7804be474.txt	4142	898	fr	NEW
5906.lswap-9f885c2a5e20.txt	5906.up-f2c7804be474.txt	4142	898	ff	NEW
5906.lswap-23548cda0ace.txt	5906.lswap-8f58c699a11d.txt	4142	898	fr	NEW
5906.lswap-945cf8ae5bef.txt	5906.lswap-9f885c2a5e20.txt	4142	898	ff	NEW
5906.lswap-2c94cb485ad7.txt	5906.up-956f3f1864b5.txt	4166	874	ff	NEW
5906.lswap-3d82ae1f2111.txt	5906.up-e1680a9d0e30.txt	4171	869	ff	NEW
5906.lswap-7bd46049981f.txt	5906.up-e1680a9d0e30.txt	4171	869	fr	NEW
5906.lswap-25cebe1ff658.txt	5906.lswap-7bd46049981f.txt	4171	869	rr	NEW
5906.up-0a065898a821.txt	5906.up-377da0a3c300.txt	4185	855	ff	KNOWN-EDGE
5906.lswap-8f58c699a11d.txt	5906.up-0a065898a821.txt	4185	855	ff	NEW
5906.lswap-945cf8ae5bef.txt	5906.up-0a065898a821.txt	4185	855	fr	NEW
5906.lswap-23548cda0ace.txt	5906.up-377da0a3c300.txt	4185	855	fr	NEW
5906.lswap-9f885c2a5e20.txt	5906.up-377da0a3c300.txt	4185	855	fr	NEW
5906.lswap-1e70957354f1.txt	5906.up-23ca8a9bcc81.txt	4197	843	fr	NEW
5906.lswap-73851215f718.txt	5906.up-23ca8a9bcc81.txt	4197	843	ff	NEW
5906.lswap-1e70957354f1.txt	5906.lswap-423441640591.txt	4197	843	rr	NEW
5906.lswap-423441640591.txt	5906.lswap-73851215f718.txt	4197	843	rf	NEW
5906.up-6597315411ea.txt	5906.up-c3afee7ed153.txt	4208	832	ff	KNOWN-EDGE
5906.up-6597315411ea.txt	5906.up-c63a66adbc60.txt	4208	832	ff	KNOWN-EDGE
5906.lswap-28b97fbb68d1.txt	5906.up-6597315411ea.txt	4208	832	ff	NEW
5906.up-c3afee7ed153.txt	5906.up-d1489855deef.txt	4208	832	ff	KNOWN-EDGE
5906.lswap-3a55a72f70d6.txt	5906.up-c3afee7ed153.txt	4208	832	ff	NEW
5906.up-c63a66adbc60.txt	5906.up-d1489855deef.txt	4208	832	ff	KNOWN-EDGE
5906.lswap-3a55a72f70d6.txt	5906.up-c63a66adbc60.txt	4208	832	ff	NEW
5906.lswap-28b97fbb68d1.txt	5906.up-d1489855deef.txt	4208	832	ff	NEW
5906.lswap-28b97fbb68d1.txt	5906.lswap-3a55a72f70d6.txt	4208	832	ff	NEW
5906.lswap-25cebe1ff658.txt	5906.up-207dc5352d35.txt	4255	785	ff	NEW
5906.lswap-3d82ae1f2111.txt	5906.up-207dc5352d35.txt	4255	785	fr	NEW
5906.lswap-7217a0cd3774.txt	5906.up-207dc5352d35.txt	4255	785	fr	NEW
5906.lswap-e21e24656b8e.txt	5906.up-207dc5352d35.txt	4255	785	ff	NEW
5906.lswap-25cebe1ff658.txt	5906.up-37ac2db82134.txt	4255	785	ff	NEW
5906.lswap-3d82ae1f2111.txt	5906.up-37ac2db82134.txt	4255	785	fr	NEW
5906.lswap-7217a0cd3774.txt	5906.up-37ac2db82134.txt	4255	785	fr	NEW
5906.lswap-e21e24656b8e.txt	5906.up-37ac2db82134.txt	4255	785	ff	NEW
5906.lswap-25cebe1ff658.txt	5906.lswap-dcc866de4e11.txt	4255	785	ff	NEW
5906.lswap-3d82ae1f2111.txt	5906.lswap-dcc866de4e11.txt	4255	785	rf	NEW
5906.lswap-7217a0cd3774.txt	5906.lswap-dcc866de4e11.txt	4255	785	rf	NEW
5906.lswap-dcc866de4e11.txt	5906.lswap-e21e24656b8e.txt	4255	785	ff	NEW
5906.lswap-f4c2deec7c96.txt	5906.up-331228e22360.txt	4262	778	ff	NEW
5906.lswap-1e70957354f1.txt	5906.up-b2d6bec1e3bd.txt	4267	773	ff	NEW
5906.lswap-821102adfff8.txt	5906.up-b2d6bec1e3bd.txt	4267	773	fr	NEW
5906.lswap-1e70957354f1.txt	5906.lswap-3c791ffa671d.txt	4267	773	fr	NEW
5906.lswap-3c791ffa671d.txt	5906.lswap-821102adfff8.txt	4267	773	rr	NEW
5906.up-1bced7f87a93.txt	5906.up-a233fdf94b8d.txt	4301	739	ff	KNOWN-EDGE
5906.up-23ca8a9bcc81.txt	5906.up-aed220b1ebc4.txt	4383	657	ff	KNOWN-EDGE
5906.lswap-2fb529601be6.txt	5906.up-23ca8a9bcc81.txt	4383	657	fr	NEW
5906.lswap-821102adfff8.txt	5906.up-23ca8a9bcc81.txt	4383	657	ff	NEW
5906.lswap-1e70957354f1.txt	5906.up-aed220b1ebc4.txt	4383	657	fr	NEW
5906.lswap-73851215f718.txt	5906.up-aed220b1ebc4.txt	4383	657	ff	NEW
5906.lswap-1e70957354f1.txt	5906.lswap-2fb529601be6.txt	4383	657	rr	NEW
5906.lswap-73851215f718.txt	5906.lswap-821102adfff8.txt	4383	657	ff	NEW
5906.up-890b6674bd25.txt	5906.up-d0b9281ca469.txt	4418	622	ff	KNOWN-EDGE
5906.i4a-b99b1d60f13e.txt	5906.up-890b6674bd25.txt	4418	622	ff	KNOWN-EDGE
5906.i4a-50d865ca7907.txt	5906.up-d0b9281ca469.txt	4418	622	ff	KNOWN-EDGE
5906.i4a-50d865ca7907.txt	5906.i4a-b99b1d60f13e.txt	4418	622	ff	KNOWN-EDGE
5906.lswap-aea48ef05d9e.txt	5906.up-abe33e328763.txt	4421	619	ff	NEW
5906.lswap-5dbb54e50268.txt	5906.lswap-af54b6f406a6.txt	4430	610	rf	NEW
5906.lswap-5dbb54e50268.txt	5906.lswap-e2d18fca77cb.txt	4430	610	rr	NEW
5906.lswap-af54b6f406a6.txt	5906.lswap-df71274e07be.txt	4430	610	ff	NEW
5906.lswap-df71274e07be.txt	5906.lswap-e2d18fca77cb.txt	4430	610	fr	NEW
5906.lswap-5dbb54e50268.txt	5906.up-d2559533f431.txt	4446	594	fr	NEW
5906.lswap-af54b6f406a6.txt	5906.up-d2559533f431.txt	4446	594	ff	NEW
5906.lswap-df71274e07be.txt	5906.up-d2559533f431.txt	4446	594	ff	NEW
5906.lswap-e2d18fca77cb.txt	5906.up-d2559533f431.txt	4446	594	fr	NEW
5906.lswap-25804d565b10.txt	5906.lswap-5dbb54e50268.txt	4446	594	fr	NEW
5906.lswap-25804d565b10.txt	5906.lswap-af54b6f406a6.txt	4446	594	ff	NEW
5906.lswap-25804d565b10.txt	5906.lswap-df71274e07be.txt	4446	594	ff	NEW
5906.lswap-25804d565b10.txt	5906.lswap-e2d18fca77cb.txt	4446	594	fr	NEW
5906.lswap-52f45c5e8e22.txt	5906.lswap-5dbb54e50268.txt	4446	594	rr	NEW
5906.lswap-52f45c5e8e22.txt	5906.lswap-af54b6f406a6.txt	4446	594	rf	NEW
5906.lswap-52f45c5e8e22.txt	5906.lswap-df71274e07be.txt	4446	594	rf	NEW
5906.lswap-52f45c5e8e22.txt	5906.lswap-e2d18fca77cb.txt	4446	594	rr	NEW
5906.lswap-5dbb54e50268.txt	5906.lswap-eeb9a73f4b33.txt	4446	594	rr	NEW
5906.lswap-af54b6f406a6.txt	5906.lswap-eeb9a73f4b33.txt	4446	594	fr	NEW
5906.lswap-df71274e07be.txt	5906.lswap-eeb9a73f4b33.txt	4446	594	fr	NEW
5906.lswap-e2d18fca77cb.txt	5906.lswap-eeb9a73f4b33.txt	4446	594	rr	NEW
5906.up-7c111e182316.txt	5906.up-b2d6bec1e3bd.txt	4453	587	ff	KNOWN-EDGE
5906.lswap-1e70957354f1.txt	5906.up-7c111e182316.txt	4453	587	ff	NEW
5906.lswap-821102adfff8.txt	5906.up-7c111e182316.txt	4453	587	fr	NEW
5906.lswap-2fb529601be6.txt	5906.up-b2d6bec1e3bd.txt	4453	587	ff	NEW
5906.lswap-73851215f718.txt	5906.up-b2d6bec1e3bd.txt	4453	587	fr	NEW
5906.up-56126e7237c3.txt	5906.up-bd458e7fc19e.txt	4458	582	ff	KNOWN-EDGE
5906.i4a-29c55ed5fbf6.txt	5906.up-56126e7237c3.txt	4458	582	ff	KNOWN-EDGE
5906.i4a-c1080e26f60c.txt	5906.up-bd458e7fc19e.txt	4458	582	ff	KNOWN-EDGE
5906.i4a-29c55ed5fbf6.txt	5906.i4a-c1080e26f60c.txt	4458	582	ff	KNOWN-EDGE
5906.up-95ffff5c765c.txt	5906.up-cad80abdf334.txt	4461	579	ff	KNOWN-EDGE
5906.up-0a065898a821.txt	5906.up-72482a71c81e.txt	4475	565	ff	KNOWN-EDGE
5906.up-0a065898a821.txt	5906.up-f2c7804be474.txt	4475	565	ff	KNOWN-EDGE
5906.lswap-9bf7e32c6472.txt	5906.up-0a065898a821.txt	4475	565	ff	NEW
5906.up-377da0a3c300.txt	5906.up-72482a71c81e.txt	4475	565	ff	KNOWN-EDGE
5906.up-377da0a3c300.txt	5906.up-f2c7804be474.txt	4475	565	ff	KNOWN-EDGE
5906.lswap-9bf7e32c6472.txt	5906.up-377da0a3c300.txt	4475	565	ff	NEW
5906.lswap-06f4ba2c8122.txt	5906.up-72482a71c81e.txt	4475	565	ff	NEW
5906.lswap-06f4ba2c8122.txt	5906.up-f2c7804be474.txt	4475	565	ff	NEW
5906.lswap-06f4ba2c8122.txt	5906.lswap-9bf7e32c6472.txt	4475	565	ff	NEW
5906.lswap-52e683fb05d3.txt	5906.lswap-6d0ad177e5ee.txt	4500	540	rr	NEW
5906.lswap-52e683fb05d3.txt	5906.lswap-9f3672f6c430.txt	4500	540	rf	NEW
5906.lswap-6d0ad177e5ee.txt	5906.lswap-a7d2db45842b.txt	4500	540	rf	NEW
5906.lswap-9f3672f6c430.txt	5906.lswap-a7d2db45842b.txt	4500	540	ff	NEW
5906.lswap-52e683fb05d3.txt	5906.up-0d2e98183c29.txt	4516	524	fr	NEW
5906.lswap-6d0ad177e5ee.txt	5906.up-0d2e98183c29.txt	4516	524	fr	NEW
5906.lswap-9f3672f6c430.txt	5906.up-0d2e98183c29.txt	4516	524	ff	NEW
5906.lswap-a7d2db45842b.txt	5906.up-0d2e98183c29.txt	4516	524	ff	NEW
5906.lswap-52e683fb05d3.txt	5906.lswap-80e6c24a2613.txt	4516	524	rr	NEW
5906.lswap-52e683fb05d3.txt	5906.lswap-9759fb4af500.txt	4516	524	rr	NEW
5906.lswap-52e683fb05d3.txt	5906.lswap-eeb9a73f4b33.txt	4516	524	rf	NEW
5906.lswap-6d0ad177e5ee.txt	5906.lswap-80e6c24a2613.txt	4516	524	rr	NEW
5906.lswap-6d0ad177e5ee.txt	5906.lswap-9759fb4af500.txt	4516	524	rr	NEW
5906.lswap-6d0ad177e5ee.txt	5906.lswap-eeb9a73f4b33.txt	4516	524	rf	NEW
5906.lswap-80e6c24a2613.txt	5906.lswap-9f3672f6c430.txt	4516	524	rf	NEW
5906.lswap-80e6c24a2613.txt	5906.lswap-a7d2db45842b.txt	4516	524	rf	NEW
5906.lswap-9759fb4af500.txt	5906.lswap-9f3672f6c430.txt	4516	524	rf	NEW
5906.lswap-9759fb4af500.txt	5906.lswap-a7d2db45842b.txt	4516	524	rf	NEW
5906.lswap-9f3672f6c430.txt	5906.lswap-eeb9a73f4b33.txt	4516	524	ff	NEW
5906.lswap-a7d2db45842b.txt	5906.lswap-eeb9a73f4b33.txt	4516	524	ff	NEW
5906.lswap-49fac07a5323.txt	5906.lswap-8ed814577309.txt	4535	505	ff	NEW
5906.lswap-49fac07a5323.txt	5906.lswap-9a5cc6a6e3c8.txt	4535	505	fr	NEW
5906.lswap-8ed814577309.txt	5906.lswap-e145b859ca30.txt	4535	505	fr	NEW
5906.lswap-9a5cc6a6e3c8.txt	5906.lswap-e145b859ca30.txt	4535	505	rr	NEW
5906.lswap-49fac07a5323.txt	5906.up-8ec03171f5df.txt	4551	489	ff	NEW
5906.lswap-8ed814577309.txt	5906.up-8ec03171f5df.txt	4551	489	ff	NEW
5906.lswap-9a5cc6a6e3c8.txt	5906.up-8ec03171f5df.txt	4551	489	fr	NEW
5906.lswap-e145b859ca30.txt	5906.up-8ec03171f5df.txt	4551	489	fr	NEW
5906.lswap-49fac07a5323.txt	5906.lswap-52f45c5e8e22.txt	4551	489	ff	NEW
5906.lswap-49fac07a5323.txt	5906.lswap-80e6c24a2613.txt	4551	489	ff	NEW
5906.lswap-49fac07a5323.txt	5906.lswap-afd973e1a915.txt	4551	489	fr	NEW
5906.lswap-52f45c5e8e22.txt	5906.lswap-8ed814577309.txt	4551	489	ff	NEW
5906.lswap-52f45c5e8e22.txt	5906.lswap-9a5cc6a6e3c8.txt	4551	489	fr	NEW
5906.lswap-52f45c5e8e22.txt	5906.lswap-e145b859ca30.txt	4551	489	fr	NEW
5906.lswap-80e6c24a2613.txt	5906.lswap-8ed814577309.txt	4551	489	ff	NEW
5906.lswap-80e6c24a2613.txt	5906.lswap-9a5cc6a6e3c8.txt	4551	489	fr	NEW
5906.lswap-80e6c24a2613.txt	5906.lswap-e145b859ca30.txt	4551	489	fr	NEW
5906.lswap-8ed814577309.txt	5906.lswap-afd973e1a915.txt	4551	489	fr	NEW
5906.lswap-9a5cc6a6e3c8.txt	5906.lswap-afd973e1a915.txt	4551	489	rr	NEW
5906.lswap-afd973e1a915.txt	5906.lswap-e145b859ca30.txt	4551	489	rr	NEW
5906.lswap-2497c9291398.txt	5906.lswap-29ee6f7c1197.txt	4605	435	ff	NEW
5906.lswap-2497c9291398.txt	5906.lswap-e73e096376f0.txt	4605	435	fr	NEW
5906.lswap-29ee6f7c1197.txt	5906.lswap-5808edca979d.txt	4605	435	fr	NEW
5906.lswap-5808edca979d.txt	5906.lswap-e73e096376f0.txt	4605	435	rr	NEW
5906.lswap-17946ea8ba63.txt	5906.up-9a915a83c416.txt	4610	430	fr	NEW
5906.lswap-68a263f18066.txt	5906.up-9a915a83c416.txt	4610	430	fr	NEW
5906.lswap-17946ea8ba63.txt	5906.lswap-4a581202d46c.txt	4610	430	rr	NEW
5906.lswap-4a581202d46c.txt	5906.lswap-68a263f18066.txt	4610	430	rr	NEW
5906.lswap-2497c9291398.txt	5906.up-77512ee88848.txt	4621	419	ff	NEW
5906.lswap-29ee6f7c1197.txt	5906.up-77512ee88848.txt	4621	419	ff	NEW
5906.lswap-5808edca979d.txt	5906.up-77512ee88848.txt	4621	419	fr	NEW
5906.lswap-e73e096376f0.txt	5906.up-77512ee88848.txt	4621	419	fr	NEW
5906.lswap-2497c9291398.txt	5906.lswap-25804d565b10.txt	4621	419	fr	NEW
5906.lswap-2497c9291398.txt	5906.lswap-9759fb4af500.txt	4621	419	ff	NEW
5906.lswap-2497c9291398.txt	5906.lswap-afd973e1a915.txt	4621	419	ff	NEW
5906.lswap-25804d565b10.txt	5906.lswap-29ee6f7c1197.txt	4621	419	rf	NEW
5906.lswap-25804d565b10.txt	5906.lswap-5808edca979d.txt	4621	419	rr	NEW
5906.lswap-25804d565b10.txt	5906.lswap-e73e096376f0.txt	4621	419	rr	NEW
5906.lswap-29ee6f7c1197.txt	5906.lswap-9759fb4af500.txt	4621	419	ff	NEW
5906.lswap-29ee6f7c1197.txt	5906.lswap-afd973e1a915.txt	4621	419	ff	NEW
5906.lswap-5808edca979d.txt	5906.lswap-9759fb4af500.txt	4621	419	rf	NEW
5906.lswap-5808edca979d.txt	5906.lswap-afd973e1a915.txt	4621	419	rf	NEW
5906.lswap-9759fb4af500.txt	5906.lswap-e73e096376f0.txt	4621	419	fr	NEW
5906.lswap-afd973e1a915.txt	5906.lswap-e73e096376f0.txt	4621	419	fr	NEW
5906.up-1206598d1ff0.txt	5906.up-6a142cb8e27d.txt	4627	413	ff	NEW
5906.i4a-7f46c8149026.txt	5906.up-1206598d1ff0.txt	4627	413	ff	NEW
5906.i4a-66637a3b8941.txt	5906.up-6a142cb8e27d.txt	4627	413	ff	NEW
5906.i4a-66637a3b8941.txt	5906.i4a-7f46c8149026.txt	4627	413	ff	NEW
5906.up-a235b0e09b6c.txt	5906.up-abe33e328763.txt	4631	409	ff	NEW
5906.lswap-fde8e0f0f322.txt	5906.up-55058cab6cba.txt	4648	392	fr	NEW
5906.up-0a065898a821.txt	5906.up-6597315411ea.txt	4651	389	ff	NEW
5906.up-0a065898a821.txt	5906.up-c3afee7ed153.txt	4651	389	ff	NEW
5906.up-0a065898a821.txt	5906.up-c63a66adbc60.txt	4651	389	ff	NEW
5906.up-0a065898a821.txt	5906.up-d1489855deef.txt	4651	389	ff	NEW
5906.lswap-09c105553d61.txt	5906.up-0a065898a821.txt	4651	389	ff	NEW
5906.lswap-10f62906b166.txt	5906.up-0a065898a821.txt	4651	389	ff	NEW
5906.lswap-28b97fbb68d1.txt	5906.up-0a065898a821.txt	4651	389	ff	NEW
5906.lswap-3a55a72f70d6.txt	5906.up-0a065898a821.txt	4651	389	ff	NEW
5906.lswap-67fc5c2184ab.txt	5906.up-0a065898a821.txt	4651	389	ff	NEW
5906.lswap-db110b7302cf.txt	5906.up-0a065898a821.txt	4651	389	ff	NEW
5906.up-377da0a3c300.txt	5906.up-6597315411ea.txt	4651	389	ff	NEW
5906.up-377da0a3c300.txt	5906.up-c3afee7ed153.txt	4651	389	ff	NEW
5906.up-377da0a3c300.txt	5906.up-c63a66adbc60.txt	4651	389	ff	NEW
5906.up-377da0a3c300.txt	5906.up-d1489855deef.txt	4651	389	ff	NEW
5906.lswap-09c105553d61.txt	5906.up-377da0a3c300.txt	4651	389	ff	NEW
5906.lswap-10f62906b166.txt	5906.up-377da0a3c300.txt	4651	389	ff	NEW
5906.lswap-28b97fbb68d1.txt	5906.up-377da0a3c300.txt	4651	389	ff	NEW
5906.lswap-3a55a72f70d6.txt	5906.up-377da0a3c300.txt	4651	389	ff	NEW
5906.lswap-67fc5c2184ab.txt	5906.up-377da0a3c300.txt	4651	389	ff	NEW
5906.lswap-db110b7302cf.txt	5906.up-377da0a3c300.txt	4651	389	ff	NEW
5906.up-6597315411ea.txt	5906.up-72482a71c81e.txt	4651	389	ff	NEW
5906.up-6597315411ea.txt	5906.up-f2c7804be474.txt	4651	389	ff	NEW
5906.lswap-06f4ba2c8122.txt	5906.up-6597315411ea.txt	4651	389	ff	NEW
5906.lswap-23548cda0ace.txt	5906.up-6597315411ea.txt	4651	389	ff	NEW
5906.lswap-8f58c699a11d.txt	5906.up-6597315411ea.txt	4651	389	ff	NEW
5906.lswap-945cf8ae5bef.txt	5906.up-6597315411ea.txt	4651	389	ff	NEW
5906.lswap-9bf7e32c6472.txt	5906.up-6597315411ea.txt	4651	389	ff	NEW
5906.lswap-9f885c2a5e20.txt	5906.up-6597315411ea.txt	4651	389	ff	NEW
5906.up-72482a71c81e.txt	5906.up-c3afee7ed153.txt	4651	389	ff	NEW
5906.up-72482a71c81e.txt	5906.up-c63a66adbc60.txt	4651	389	ff	NEW
5906.up-72482a71c81e.txt	5906.up-d1489855deef.txt	4651	389	ff	NEW
5906.lswap-09c105553d61.txt	5906.up-72482a71c81e.txt	4651	389	ff	NEW
5906.lswap-10f62906b166.txt	5906.up-72482a71c81e.txt	4651	389	ff	NEW
5906.lswap-28b97fbb68d1.txt	5906.up-72482a71c81e.txt	4651	389	ff	NEW
5906.lswap-3a55a72f70d6.txt	5906.up-72482a71c81e.txt	4651	389	ff	NEW
5906.lswap-67fc5c2184ab.txt	5906.up-72482a71c81e.txt	4651	389	ff	NEW
5906.lswap-db110b7302cf.txt	5906.up-72482a71c81e.txt	4651	389	ff	NEW
5906.up-c3afee7ed153.txt	5906.up-f2c7804be474.txt	4651	389	ff	NEW
5906.lswap-06f4ba2c8122.txt	5906.up-c3afee7ed153.txt	4651	389	ff	NEW
5906.lswap-23548cda0ace.txt	5906.up-c3afee7ed153.txt	4651	389	ff	NEW
5906.lswap-8f58c699a11d.txt	5906.up-c3afee7ed153.txt	4651	389	ff	NEW
5906.lswap-945cf8ae5bef.txt	5906.up-c3afee7ed153.txt	4651	389	ff	NEW
5906.lswap-9bf7e32c6472.txt	5906.up-c3afee7ed153.txt	4651	389	ff	NEW
5906.lswap-9f885c2a5e20.txt	5906.up-c3afee7ed153.txt	4651	389	ff	NEW
5906.up-c63a66adbc60.txt	5906.up-f2c7804be474.txt	4651	389	ff	NEW
5906.lswap-06f4ba2c8122.txt	5906.up-c63a66adbc60.txt	4651	389	ff	NEW
5906.lswap-23548cda0ace.txt	5906.up-c63a66adbc60.txt	4651	389	ff	NEW
5906.lswap-8f58c699a11d.txt	5906.up-c63a66adbc60.txt	4651	389	ff	NEW
5906.lswap-945cf8ae5bef.txt	5906.up-c63a66adbc60.txt	4651	389	ff	NEW
5906.lswap-9bf7e32c6472.txt	5906.up-c63a66adbc60.txt	4651	389	ff	NEW
5906.lswap-9f885c2a5e20.txt	5906.up-c63a66adbc60.txt	4651	389	ff	NEW
5906.up-d1489855deef.txt	5906.up-f2c7804be474.txt	4651	389	ff	NEW
5906.lswap-06f4ba2c8122.txt	5906.up-d1489855deef.txt	4651	389	ff	NEW
5906.lswap-23548cda0ace.txt	5906.up-d1489855deef.txt	4651	389	ff	NEW
5906.lswap-8f58c699a11d.txt	5906.up-d1489855deef.txt	4651	389	ff	NEW
5906.lswap-945cf8ae5bef.txt	5906.up-d1489855deef.txt	4651	389	ff	NEW
5906.lswap-9bf7e32c6472.txt	5906.up-d1489855deef.txt	4651	389	ff	NEW
5906.lswap-9f885c2a5e20.txt	5906.up-d1489855deef.txt	4651	389	ff	NEW
5906.lswap-09c105553d61.txt	5906.up-f2c7804be474.txt	4651	389	ff	NEW
5906.lswap-10f62906b166.txt	5906.up-f2c7804be474.txt	4651	389	ff	NEW
5906.lswap-28b97fbb68d1.txt	5906.up-f2c7804be474.txt	4651	389	ff	NEW
5906.lswap-3a55a72f70d6.txt	5906.up-f2c7804be474.txt	4651	389	ff	NEW
5906.lswap-67fc5c2184ab.txt	5906.up-f2c7804be474.txt	4651	389	ff	NEW
5906.lswap-db110b7302cf.txt	5906.up-f2c7804be474.txt	4651	389	ff	NEW
5906.lswap-06f4ba2c8122.txt	5906.lswap-09c105553d61.txt	4651	389	ff	NEW
5906.lswap-06f4ba2c8122.txt	5906.lswap-10f62906b166.txt	4651	389	ff	NEW
5906.lswap-06f4ba2c8122.txt	5906.lswap-28b97fbb68d1.txt	4651	389	ff	NEW
5906.lswap-06f4ba2c8122.txt	5906.lswap-3a55a72f70d6.txt	4651	389	ff	NEW
5906.lswap-06f4ba2c8122.txt	5906.lswap-67fc5c2184ab.txt	4651	389	ff	NEW
5906.lswap-06f4ba2c8122.txt	5906.lswap-db110b7302cf.txt	4651	389	ff	NEW
5906.lswap-09c105553d61.txt	5906.lswap-23548cda0ace.txt	4651	389	ff	NEW
5906.lswap-09c105553d61.txt	5906.lswap-8f58c699a11d.txt	4651	389	ff	NEW
5906.lswap-09c105553d61.txt	5906.lswap-945cf8ae5bef.txt	4651	389	ff	NEW
5906.lswap-09c105553d61.txt	5906.lswap-9bf7e32c6472.txt	4651	389	ff	NEW
5906.lswap-09c105553d61.txt	5906.lswap-9f885c2a5e20.txt	4651	389	ff	NEW
5906.lswap-10f62906b166.txt	5906.lswap-23548cda0ace.txt	4651	389	ff	NEW
5906.lswap-10f62906b166.txt	5906.lswap-8f58c699a11d.txt	4651	389	ff	NEW
5906.lswap-10f62906b166.txt	5906.lswap-945cf8ae5bef.txt	4651	389	ff	NEW
5906.lswap-10f62906b166.txt	5906.lswap-9bf7e32c6472.txt	4651	389	ff	NEW
5906.lswap-10f62906b166.txt	5906.lswap-9f885c2a5e20.txt	4651	389	ff	NEW
5906.lswap-23548cda0ace.txt	5906.lswap-28b97fbb68d1.txt	4651	389	ff	NEW
5906.lswap-23548cda0ace.txt	5906.lswap-3a55a72f70d6.txt	4651	389	ff	NEW
5906.lswap-23548cda0ace.txt	5906.lswap-67fc5c2184ab.txt	4651	389	ff	NEW
5906.lswap-23548cda0ace.txt	5906.lswap-db110b7302cf.txt	4651	389	ff	NEW
5906.lswap-28b97fbb68d1.txt	5906.lswap-8f58c699a11d.txt	4651	389	ff	NEW
5906.lswap-28b97fbb68d1.txt	5906.lswap-945cf8ae5bef.txt	4651	389	ff	NEW
5906.lswap-28b97fbb68d1.txt	5906.lswap-9bf7e32c6472.txt	4651	389	ff	NEW
5906.lswap-28b97fbb68d1.txt	5906.lswap-9f885c2a5e20.txt	4651	389	ff	NEW
5906.lswap-3a55a72f70d6.txt	5906.lswap-8f58c699a11d.txt	4651	389	ff	NEW
5906.lswap-3a55a72f70d6.txt	5906.lswap-945cf8ae5bef.txt	4651	389	ff	NEW
5906.lswap-3a55a72f70d6.txt	5906.lswap-9bf7e32c6472.txt	4651	389	ff	NEW
5906.lswap-3a55a72f70d6.txt	5906.lswap-9f885c2a5e20.txt	4651	389	ff	NEW
5906.lswap-67fc5c2184ab.txt	5906.lswap-8f58c699a11d.txt	4651	389	ff	NEW
5906.lswap-67fc5c2184ab.txt	5906.lswap-945cf8ae5bef.txt	4651	389	ff	NEW
5906.lswap-67fc5c2184ab.txt	5906.lswap-9bf7e32c6472.txt	4651	389	ff	NEW
5906.lswap-67fc5c2184ab.txt	5906.lswap-9f885c2a5e20.txt	4651	389	ff	NEW
5906.lswap-8f58c699a11d.txt	5906.lswap-db110b7302cf.txt	4651	389	ff	NEW
5906.lswap-945cf8ae5bef.txt	5906.lswap-db110b7302cf.txt	4651	389	ff	NEW
5906.lswap-9bf7e32c6472.txt	5906.lswap-db110b7302cf.txt	4651	389	ff	NEW
5906.lswap-9f885c2a5e20.txt	5906.lswap-db110b7302cf.txt	4651	389	ff	NEW
5906.up-a001786e5861.txt	5906.up-e1680a9d0e30.txt	4665	375	ff	KNOWN-EDGE
5906.lswap-25cebe1ff658.txt	5906.up-a001786e5861.txt	4665	375	fr	NEW
5906.lswap-3d82ae1f2111.txt	5906.up-a001786e5861.txt	4665	375	ff	NEW
5906.lswap-7217a0cd3774.txt	5906.up-e1680a9d0e30.txt	4665	375	ff	NEW
5906.lswap-e21e24656b8e.txt	5906.up-e1680a9d0e30.txt	4665	375	fr	NEW
5906.lswap-6008b60b1c2c.txt	5906.up-02d771908307.txt	4680	360	fr	NEW
5906.lswap-68a263f18066.txt	5906.up-02d771908307.txt	4680	360	ff	NEW
5906.lswap-6008b60b1c2c.txt	5906.lswap-d515e64b87be.txt	4680	360	rr	NEW
5906.lswap-68a263f18066.txt	5906.lswap-d515e64b87be.txt	4680	360	fr	NEW
5906.lswap-9bd2a50baa0e.txt	5906.up-756ff2ed09bd.txt	4682	358	ff	NEW
5906.lswap-fde8e0f0f322.txt	5906.up-f0a3bb335ed9.txt	4683	357	ff	NEW
5906.up-02d771908307.txt	5906.up-9a915a83c416.txt	4691	349	ff	NEW
5906.lswap-17946ea8ba63.txt	5906.up-02d771908307.txt	4691	349	fr	NEW
5906.lswap-4a581202d46c.txt	5906.up-02d771908307.txt	4691	349	fr	NEW
5906.lswap-6008b60b1c2c.txt	5906.up-9a915a83c416.txt	4691	349	fr	NEW
5906.lswap-d515e64b87be.txt	5906.up-9a915a83c416.txt	4691	349	fr	NEW
5906.lswap-17946ea8ba63.txt	5906.lswap-6008b60b1c2c.txt	4691	349	rr	NEW
5906.lswap-17946ea8ba63.txt	5906.lswap-d515e64b87be.txt	4691	349	rr	NEW
5906.lswap-4a581202d46c.txt	5906.lswap-6008b60b1c2c.txt	4691	349	rr	NEW
5906.lswap-4a581202d46c.txt	5906.lswap-d515e64b87be.txt	4691	349	rr	NEW
5906.up-3de4f10d5095.txt	5906.up-a235b0e09b6c.txt	4706	334	ff	NEW
5906.up-3de4f10d5095.txt	5906.up-abe33e328763.txt	4706	334	ff	NEW
5906.lswap-aea48ef05d9e.txt	5906.up-3de4f10d5095.txt	4706	334	ff	NEW
5906.lswap-6008b60b1c2c.txt	5906.up-454308027985.txt	4721	319	ff	NEW
5906.lswap-f8f86258580e.txt	5906.up-454308027985.txt	4721	319	fr	NEW
5906.lswap-4a581202d46c.txt	5906.lswap-f8f86258580e.txt	4721	319	fr	NEW
5906.up-0a065898a821.txt	5906.up-63a938be8d73.txt	4732	308	ff	NEW
5906.lswap-c394b34cb7cc.txt	5906.up-0a065898a821.txt	4732	308	fr	NEW
5906.up-377da0a3c300.txt	5906.up-63a938be8d73.txt	4732	308	ff	NEW
5906.lswap-c394b34cb7cc.txt	5906.up-377da0a3c300.txt	4732	308	fr	NEW
5906.up-63a938be8d73.txt	5906.up-6597315411ea.txt	4732	308	ff	NEW
5906.up-63a938be8d73.txt	5906.up-72482a71c81e.txt	4732	308	ff	NEW
5906.up-63a938be8d73.txt	5906.up-c3afee7ed153.txt	4732	308	ff	NEW
5906.up-63a938be8d73.txt	5906.up-c63a66adbc60.txt	4732	308	ff	NEW
5906.up-63a938be8d73.txt	5906.up-d1489855deef.txt	4732	308	ff	NEW
5906.up-63a938be8d73.txt	5906.up-f2c7804be474.txt	4732	308	ff	NEW
5906.lswap-06f4ba2c8122.txt	5906.up-63a938be8d73.txt	4732	308	ff	NEW
5906.lswap-09c105553d61.txt	5906.up-63a938be8d73.txt	4732	308	ff	NEW
5906.lswap-10f62906b166.txt	5906.up-63a938be8d73.txt	4732	308	ff	NEW
5906.lswap-23548cda0ace.txt	5906.up-63a938be8d73.txt	4732	308	ff	NEW
5906.lswap-28b97fbb68d1.txt	5906.up-63a938be8d73.txt	4732	308	ff	NEW
5906.lswap-3a55a72f70d6.txt	5906.up-63a938be8d73.txt	4732	308	ff	NEW
5906.lswap-67fc5c2184ab.txt	5906.up-63a938be8d73.txt	4732	308	ff	NEW
5906.lswap-8f58c699a11d.txt	5906.up-63a938be8d73.txt	4732	308	ff	NEW
5906.lswap-945cf8ae5bef.txt	5906.up-63a938be8d73.txt	4732	308	ff	NEW
5906.lswap-9bf7e32c6472.txt	5906.up-63a938be8d73.txt	4732	308	ff	NEW
5906.lswap-9f885c2a5e20.txt	5906.up-63a938be8d73.txt	4732	308	ff	NEW
5906.lswap-db110b7302cf.txt	5906.up-63a938be8d73.txt	4732	308	ff	NEW
5906.lswap-c394b34cb7cc.txt	5906.up-6597315411ea.txt	4732	308	fr	NEW
5906.lswap-c394b34cb7cc.txt	5906.up-72482a71c81e.txt	4732	308	fr	NEW
5906.lswap-c394b34cb7cc.txt	5906.up-c3afee7ed153.txt	4732	308	fr	NEW
5906.lswap-c394b34cb7cc.txt	5906.up-c63a66adbc60.txt	4732	308	fr	NEW
5906.lswap-c394b34cb7cc.txt	5906.up-d1489855deef.txt	4732	308	fr	NEW
5906.lswap-c394b34cb7cc.txt	5906.up-f2c7804be474.txt	4732	308	fr	NEW
5906.lswap-06f4ba2c8122.txt	5906.lswap-c394b34cb7cc.txt	4732	308	fr	NEW
5906.lswap-09c105553d61.txt	5906.lswap-c394b34cb7cc.txt	4732	308	fr	NEW
5906.lswap-10f62906b166.txt	5906.lswap-c394b34cb7cc.txt	4732	308	fr	NEW
5906.lswap-23548cda0ace.txt	5906.lswap-c394b34cb7cc.txt	4732	308	fr	NEW
5906.lswap-28b97fbb68d1.txt	5906.lswap-c394b34cb7cc.txt	4732	308	fr	NEW
5906.lswap-3a55a72f70d6.txt	5906.lswap-c394b34cb7cc.txt	4732	308	fr	NEW
5906.lswap-67fc5c2184ab.txt	5906.lswap-c394b34cb7cc.txt	4732	308	fr	NEW
5906.lswap-8f58c699a11d.txt	5906.lswap-c394b34cb7cc.txt	4732	308	fr	NEW
5906.lswap-945cf8ae5bef.txt	5906.lswap-c394b34cb7cc.txt	4732	308	fr	NEW
5906.lswap-9bf7e32c6472.txt	5906.lswap-c394b34cb7cc.txt	4732	308	fr	NEW
5906.lswap-9f885c2a5e20.txt	5906.lswap-c394b34cb7cc.txt	4732	308	fr	NEW
5906.lswap-c394b34cb7cc.txt	5906.lswap-db110b7302cf.txt	4732	308	rf	NEW
5906.lswap-025c4805fc39.txt	5906.lswap-62d959eb4e73.txt	4749	291	rr	NEW
5906.lswap-2ae54d2fd96c.txt	5906.lswap-7f47c6e6eeda.txt	4749	291	ff	NEW
5906.up-331e3f0f91ee.txt	5906.up-53b55626d912.txt	4749	291	ff	NEW
5906.lswap-025c4805fc39.txt	5906.up-331e3f0f91ee.txt	4749	291	fr	NEW
5906.lswap-29ee6f7c1197.txt	5906.up-331e3f0f91ee.txt	4749	291	fr	NEW
5906.lswap-2ae54d2fd96c.txt	5906.up-331e3f0f91ee.txt	4749	291	ff	NEW
5906.lswap-6d0ad177e5ee.txt	5906.up-331e3f0f91ee.txt	4749	291	ff	NEW
5906.lswap-af54b6f406a6.txt	5906.up-331e3f0f91ee.txt	4749	291	fr	NEW
5906.lswap-e145b859ca30.txt	5906.up-331e3f0f91ee.txt	4749	291	ff	NEW
5906.lswap-49fac07a5323.txt	5906.up-53b55626d912.txt	4749	291	fr	NEW
5906.lswap-62d959eb4e73.txt	5906.up-53b55626d912.txt	4749	291	fr	NEW
5906.lswap-7f47c6e6eeda.txt	5906.up-53b55626d912.txt	4749	291	ff	NEW
5906.lswap-9f3672f6c430.txt	5906.up-53b55626d912.txt	4749	291	fr	NEW
5906.lswap-e2d18fca77cb.txt	5906.up-53b55626d912.txt	4749	291	ff	NEW
5906.lswap-e73e096376f0.txt	5906.up-53b55626d912.txt	4749	291	ff	NEW
5906.lswap-025c4805fc39.txt	5906.lswap-49fac07a5323.txt	4749	291	rr	NEW
5906.lswap-025c4805fc39.txt	5906.lswap-9f3672f6c430.txt	4749	291	rr	NEW
5906.lswap-025c4805fc39.txt	5906.lswap-e2d18fca77cb.txt	4749	291	rf	NEW
5906.lswap-025c4805fc39.txt	5906.lswap-e73e096376f0.txt	4749	291	rf	NEW
5906.lswap-29ee6f7c1197.txt	5906.lswap-49fac07a5323.txt	4749	291	rr	NEW
5906.lswap-29ee6f7c1197.txt	5906.lswap-62d959eb4e73.txt	4749	291	rr	NEW
5906.lswap-29ee6f7c1197.txt	5906.lswap-7f47c6e6eeda.txt	4749	291	rf	NEW
5906.lswap-29ee6f7c1197.txt	5906.lswap-9f3672f6c430.txt	4749	291	rr	NEW
5906.lswap-29ee6f7c1197.txt	5906.lswap-e2d18fca77cb.txt	4749	291	rf	NEW
5906.lswap-2ae54d2fd96c.txt	5906.lswap-49fac07a5323.txt	4749	291	fr	NEW
5906.lswap-2ae54d2fd96c.txt	5906.lswap-9f3672f6c430.txt	4749	291	fr	NEW
5906.lswap-2ae54d2fd96c.txt	5906.lswap-e2d18fca77cb.txt	4749	291	ff	NEW
5906.lswap-2ae54d2fd96c.txt	5906.lswap-e73e096376f0.txt	4749	291	ff	NEW
5906.lswap-49fac07a5323.txt	5906.lswap-6d0ad177e5ee.txt	4749	291	rf	NEW
5906.lswap-49fac07a5323.txt	5906.lswap-af54b6f406a6.txt	4749	291	rr	NEW
5906.lswap-62d959eb4e73.txt	5906.lswap-6d0ad177e5ee.txt	4749	291	rf	NEW
5906.lswap-62d959eb4e73.txt	5906.lswap-af54b6f406a6.txt	4749	291	rr	NEW
5906.lswap-62d959eb4e73.txt	5906.lswap-e145b859ca30.txt	4749	291	rf	NEW
5906.lswap-6d0ad177e5ee.txt	5906.lswap-7f47c6e6eeda.txt	4749	291	ff	NEW
5906.lswap-6d0ad177e5ee.txt	5906.lswap-e2d18fca77cb.txt	4749	291	ff	NEW
5906.lswap-6d0ad177e5ee.txt	5906.lswap-e73e096376f0.txt	4749	291	ff	NEW
5906.lswap-7f47c6e6eeda.txt	5906.lswap-af54b6f406a6.txt	4749	291	fr	NEW
5906.lswap-7f47c6e6eeda.txt	5906.lswap-e145b859ca30.txt	4749	291	ff	NEW
5906.lswap-9f3672f6c430.txt	5906.lswap-af54b6f406a6.txt	4749	291	rr	NEW
5906.lswap-9f3672f6c430.txt	5906.lswap-e145b859ca30.txt	4749	291	rf	NEW
5906.lswap-af54b6f406a6.txt	5906.lswap-e73e096376f0.txt	4749	291	rf	NEW
5906.lswap-e145b859ca30.txt	5906.lswap-e2d18fca77cb.txt	4749	291	ff	NEW
5906.lswap-e145b859ca30.txt	5906.lswap-e73e096376f0.txt	4749	291	ff	NEW
5906.up-55058cab6cba.txt	5906.up-f0a3bb335ed9.txt	4764	276	ff	NEW
5906.up-14e2c7b29aae.txt	5906.up-5ce87c54ecea.txt	4776	264	ff	NEW
5906.lswap-c55c2b0fbb0f.txt	5906.up-14e2c7b29aae.txt	4776	264	ff	NEW
5906.up-5ce87c54ecea.txt	5906.up-a838f31a7b4f.txt	4776	264	ff	NEW
5906.lswap-3baeeea281f2.txt	5906.up-5ce87c54ecea.txt	4776	264	fr	NEW
5906.lswap-41a210488ac9.txt	5906.up-5ce87c54ecea.txt	4776	264	ff	NEW
5906.lswap-49fc63d034f2.txt	5906.up-5ce87c54ecea.txt	4776	264	ff	NEW
5906.lswap-4c179f65aa4b.txt	5906.up-5ce87c54ecea.txt	4776	264	fr	NEW
5906.lswap-5a55d1641a86.txt	5906.up-5ce87c54ecea.txt	4776	264	ff	NEW
5906.lswap-6f6f375dca74.txt	5906.up-5ce87c54ecea.txt	4776	264	ff	NEW
5906.lswap-a28e203d65dc.txt	5906.up-5ce87c54ecea.txt	4776	264	fr	NEW
5906.lswap-aa52880fc9e0.txt	5906.up-5ce87c54ecea.txt	4776	264	fr	NEW
5906.lswap-b55f23a2f470.txt	5906.up-5ce87c54ecea.txt	4776	264	fr	NEW
5906.lswap-be4759bc731a.txt	5906.up-5ce87c54ecea.txt	4776	264	ff	NEW
5906.lswap-cf5ecb0e9ecc.txt	5906.up-5ce87c54ecea.txt	4776	264	ff	NEW
5906.lswap-d252e4d38aa9.txt	5906.up-5ce87c54ecea.txt	4776	264	ff	NEW
5906.lswap-e0920da719d9.txt	5906.up-5ce87c54ecea.txt	4776	264	fr	NEW
5906.lswap-c55c2b0fbb0f.txt	5906.up-a838f31a7b4f.txt	4776	264	ff	NEW
5906.lswap-3baeeea281f2.txt	5906.lswap-c55c2b0fbb0f.txt	4776	264	rf	NEW
5906.lswap-41a210488ac9.txt	5906.lswap-c55c2b0fbb0f.txt	4776	264	ff	NEW
5906.lswap-49fc63d034f2.txt	5906.lswap-c55c2b0fbb0f.txt	4776	264	ff	NEW
5906.lswap-4c179f65aa4b.txt	5906.lswap-c55c2b0fbb0f.txt	4776	264	rf	NEW
5906.lswap-5a55d1641a86.txt	5906.lswap-c55c2b0fbb0f.txt	4776	264	ff	NEW
5906.lswap-6f6f375dca74.txt	5906.lswap-c55c2b0fbb0f.txt	4776	264	ff	NEW
5906.lswap-a28e203d65dc.txt	5906.lswap-c55c2b0fbb0f.txt	4776	264	rf	NEW
5906.lswap-aa52880fc9e0.txt	5906.lswap-c55c2b0fbb0f.txt	4776	264	rf	NEW
5906.lswap-b55f23a2f470.txt	5906.lswap-c55c2b0fbb0f.txt	4776	264	rf	NEW
5906.lswap-be4759bc731a.txt	5906.lswap-c55c2b0fbb0f.txt	4776	264	ff	NEW
5906.lswap-c55c2b0fbb0f.txt	5906.lswap-cf5ecb0e9ecc.txt	4776	264	ff	NEW
5906.lswap-c55c2b0fbb0f.txt	5906.lswap-d252e4d38aa9.txt	4776	264	ff	NEW
5906.lswap-c55c2b0fbb0f.txt	5906.lswap-e0920da719d9.txt	4776	264	fr	NEW
5906.up-d2559533f431.txt	5906.up-e948752d6a32.txt	4782	258	ff	NEW
5906.up-d2559533f431.txt	5906.up-eebb02e3baec.txt	4782	258	ff	NEW
5906.lswap-0de54c0a7bb6.txt	5906.up-d2559533f431.txt	4782	258	fr	NEW
5906.lswap-17203113788c.txt	5906.up-d2559533f431.txt	4782	258	fr	NEW
5906.lswap-3baeeea281f2.txt	5906.up-d2559533f431.txt	4782	258	ff	NEW
5906.lswap-469763027c57.txt	5906.up-d2559533f431.txt	4782	258	ff	NEW
5906.lswap-5764c730eaee.txt	5906.up-d2559533f431.txt	4782	258	fr	NEW
5906.lswap-6bd82af50a4e.txt	5906.up-d2559533f431.txt	4782	258	fr	NEW
5906.lswap-6d7ea156bdcc.txt	5906.up-d2559533f431.txt	4782	258	fr	NEW
5906.lswap-7602ba885180.txt	5906.up-d2559533f431.txt	4782	258	ff	NEW
5906.lswap-964ebce5847f.txt	5906.up-d2559533f431.txt	4782	258	fr	NEW
5906.lswap-a28e203d65dc.txt	5906.up-d2559533f431.txt	4782	258	ff	NEW
5906.lswap-b55f23a2f470.txt	5906.up-d2559533f431.txt	4782	258	ff	NEW
5906.lswap-e0920da719d9.txt	5906.up-d2559533f431.txt	4782	258	ff	NEW
5906.lswap-f6dbf9989449.txt	5906.up-d2559533f431.txt	4782	258	ff	NEW
5906.lswap-25804d565b10.txt	5906.up-e948752d6a32.txt	4782	258	ff	NEW
5906.lswap-52f45c5e8e22.txt	5906.up-e948752d6a32.txt	4782	258	fr	NEW
5906.lswap-5dbb54e50268.txt	5906.up-e948752d6a32.txt	4782	258	fr	NEW
5906.lswap-af54b6f406a6.txt	5906.up-e948752d6a32.txt	4782	258	ff	NEW
5906.lswap-df71274e07be.txt	5906.up-e948752d6a32.txt	4782	258	ff	NEW
5906.lswap-e2d18fca77cb.txt	5906.up-e948752d6a32.txt	4782	258	fr	NEW
5906.lswap-eeb9a73f4b33.txt	5906.up-e948752d6a32.txt	4782	258	fr	NEW
5906.lswap-25804d565b10.txt	5906.up-eebb02e3baec.txt	4782	258	ff	NEW
5906.lswap-52f45c5e8e22.txt	5906.up-eebb02e3baec.txt	4782	258	fr	NEW
5906.lswap-5dbb54e50268.txt	5906.up-eebb02e3baec.txt	4782	258	fr	NEW
5906.lswap-af54b6f406a6.txt	5906.up-eebb02e3baec.txt	4782	258	ff	NEW
5906.lswap-df71274e07be.txt	5906.up-eebb02e3baec.txt	4782	258	ff	NEW
5906.lswap-e2d18fca77cb.txt	5906.up-eebb02e3baec.txt	4782	258	fr	NEW
5906.lswap-eeb9a73f4b33.txt	5906.up-eebb02e3baec.txt	4782	258	fr	NEW
5906.lswap-0de54c0a7bb6.txt	5906.lswap-25804d565b10.txt	4782	258	rf	NEW
5906.lswap-0de54c0a7bb6.txt	5906.lswap-52f45c5e8e22.txt	4782	258	rr	NEW
5906.lswap-0de54c0a7bb6.txt	5906.lswap-5dbb54e50268.txt	4782	258	rr	NEW
5906.lswap-0de54c0a7bb6.txt	5906.lswap-af54b6f406a6.txt	4782	258	rf	NEW
5906.lswap-0de54c0a7bb6.txt	5906.lswap-df71274e07be.txt	4782	258	rf	NEW
5906.lswap-0de54c0a7bb6.txt	5906.lswap-e2d18fca77cb.txt	4782	258	rr	NEW
5906.lswap-0de54c0a7bb6.txt	5906.lswap-eeb9a73f4b33.txt	4782	258	rr	NEW
5906.lswap-17203113788c.txt	5906.lswap-25804d565b10.txt	4782	258	rf	NEW
5906.lswap-17203113788c.txt	5906.lswap-52f45c5e8e22.txt	4782	258	rr	NEW
5906.lswap-17203113788c.txt	5906.lswap-5dbb54e50268.txt	4782	258	rr	NEW
5906.lswap-17203113788c.txt	5906.lswap-af54b6f406a6.txt	4782	258	rf	NEW
5906.lswap-17203113788c.txt	5906.lswap-df71274e07be.txt	4782	258	rf	NEW
5906.lswap-17203113788c.txt	5906.lswap-e2d18fca77cb.txt	4782	258	rr	NEW
5906.lswap-17203113788c.txt	5906.lswap-eeb9a73f4b33.txt	4782	258	rr	NEW
5906.lswap-25804d565b10.txt	5906.lswap-3baeeea281f2.txt	4782	258	ff	NEW
5906.lswap-25804d565b10.txt	5906.lswap-469763027c57.txt	4782	258	ff	NEW
5906.lswap-25804d565b10.txt	5906.lswap-5764c730eaee.txt	4782	258	fr	NEW
5906.lswap-25804d565b10.txt	5906.lswap-6bd82af50a4e.txt	4782	258	fr	NEW
5906.lswap-25804d565b10.txt	5906.lswap-6d7ea156bdcc.txt	4782	258	fr	NEW
5906.lswap-25804d565b10.txt	5906.lswap-7602ba885180.txt	4782	258	ff	NEW
5906.lswap-25804d565b10.txt	5906.lswap-964ebce5847f.txt	4782	258	fr	NEW
5906.lswap-25804d565b10.txt	5906.lswap-a28e203d65dc.txt	4782	258	ff	NEW
5906.lswap-25804d565b10.txt	5906.lswap-b55f23a2f470.txt	4782	258	ff	NEW
5906.lswap-25804d565b10.txt	5906.lswap-e0920da719d9.txt	4782	258	ff	NEW
5906.lswap-25804d565b10.txt	5906.lswap-f6dbf9989449.txt	4782	258	ff	NEW
5906.lswap-3baeeea281f2.txt	5906.lswap-52f45c5e8e22.txt	4782	258	fr	NEW
5906.lswap-3baeeea281f2.txt	5906.lswap-5dbb54e50268.txt	4782	258	fr	NEW
5906.lswap-3baeeea281f2.txt	5906.lswap-af54b6f406a6.txt	4782	258	ff	NEW
5906.lswap-3baeeea281f2.txt	5906.lswap-df71274e07be.txt	4782	258	ff	NEW
5906.lswap-3baeeea281f2.txt	5906.lswap-e2d18fca77cb.txt	4782	258	fr	NEW
5906.lswap-3baeeea281f2.txt	5906.lswap-eeb9a73f4b33.txt	4782	258	fr	NEW
5906.lswap-469763027c57.txt	5906.lswap-52f45c5e8e22.txt	4782	258	fr	NEW
5906.lswap-469763027c57.txt	5906.lswap-5dbb54e50268.txt	4782	258	fr	NEW
5906.lswap-469763027c57.txt	5906.lswap-af54b6f406a6.txt	4782	258	ff	NEW
5906.lswap-469763027c57.txt	5906.lswap-df71274e07be.txt	4782	258	ff	NEW
5906.lswap-469763027c57.txt	5906.lswap-e2d18fca77cb.txt	4782	258	fr	NEW
5906.lswap-469763027c57.txt	5906.lswap-eeb9a73f4b33.txt	4782	258	fr	NEW
5906.lswap-52f45c5e8e22.txt	5906.lswap-5764c730eaee.txt	4782	258	rr	NEW
5906.lswap-52f45c5e8e22.txt	5906.lswap-6bd82af50a4e.txt	4782	258	rr	NEW
5906.lswap-52f45c5e8e22.txt	5906.lswap-6d7ea156bdcc.txt	4782	258	rr	NEW
5906.lswap-52f45c5e8e22.txt	5906.lswap-7602ba885180.txt	4782	258	rf	NEW
5906.lswap-52f45c5e8e22.txt	5906.lswap-964ebce5847f.txt	4782	258	rr	NEW
5906.lswap-52f45c5e8e22.txt	5906.lswap-a28e203d65dc.txt	4782	258	rf	NEW
5906.lswap-52f45c5e8e22.txt	5906.lswap-b55f23a2f470.txt	4782	258	rf	NEW
5906.lswap-52f45c5e8e22.txt	5906.lswap-e0920da719d9.txt	4782	258	rf	NEW
5906.lswap-52f45c5e8e22.txt	5906.lswap-f6dbf9989449.txt	4782	258	rf	NEW
5906.lswap-5764c730eaee.txt	5906.lswap-5dbb54e50268.txt	4782	258	rr	NEW
5906.lswap-5764c730eaee.txt	5906.lswap-af54b6f406a6.txt	4782	258	rf	NEW
5906.lswap-5764c730eaee.txt	5906.lswap-df71274e07be.txt	4782	258	rf	NEW
5906.lswap-5764c730eaee.txt	5906.lswap-e2d18fca77cb.txt	4782	258	rr	NEW
5906.lswap-5764c730eaee.txt	5906.lswap-eeb9a73f4b33.txt	4782	258	rr	NEW
5906.lswap-5dbb54e50268.txt	5906.lswap-6bd82af50a4e.txt	4782	258	rr	NEW
5906.lswap-5dbb54e50268.txt	5906.lswap-6d7ea156bdcc.txt	4782	258	rr	NEW
5906.lswap-5dbb54e50268.txt	5906.lswap-7602ba885180.txt	4782	258	rf	NEW
5906.lswap-5dbb54e50268.txt	5906.lswap-964ebce5847f.txt	4782	258	rr	NEW
5906.lswap-5dbb54e50268.txt	5906.lswap-a28e203d65dc.txt	4782	258	rf	NEW
5906.lswap-5dbb54e50268.txt	5906.lswap-b55f23a2f470.txt	4782	258	rf	NEW
5906.lswap-5dbb54e50268.txt	5906.lswap-e0920da719d9.txt	4782	258	rf	NEW
5906.lswap-5dbb54e50268.txt	5906.lswap-f6dbf9989449.txt	4782	258	rf	NEW
5906.lswap-6bd82af50a4e.txt	5906.lswap-af54b6f406a6.txt	4782	258	rf	NEW
5906.lswap-6bd82af50a4e.txt	5906.lswap-df71274e07be.txt	4782	258	rf	NEW
5906.lswap-6bd82af50a4e.txt	5906.lswap-e2d18fca77cb.txt	4782	258	rr	NEW
5906.lswap-6bd82af50a4e.txt	5906.lswap-eeb9a73f4b33.txt	4782	258	rr	NEW
5906.lswap-6d7ea156bdcc.txt	5906.lswap-af54b6f406a6.txt	4782	258	rf	NEW
5906.lswap-6d7ea156bdcc.txt	5906.lswap-df71274e07be.txt	4782	258	rf	NEW
5906.lswap-6d7ea156bdcc.txt	5906.lswap-e2d18fca77cb.txt	4782	258	rr	NEW
5906.lswap-6d7ea156bdcc.txt	5906.lswap-eeb9a73f4b33.txt	4782	258	rr	NEW
5906.lswap-7602ba885180.txt	5906.lswap-af54b6f406a6.txt	4782	258	ff	NEW
5906.lswap-7602ba885180.txt	5906.lswap-df71274e07be.txt	4782	258	ff	NEW
5906.lswap-7602ba885180.txt	5906.lswap-e2d18fca77cb.txt	4782	258	fr	NEW
5906.lswap-7602ba885180.txt	5906.lswap-eeb9a73f4b33.txt	4782	258	fr	NEW
5906.lswap-964ebce5847f.txt	5906.lswap-af54b6f406a6.txt	4782	258	rf	NEW
5906.lswap-964ebce5847f.txt	5906.lswap-df71274e07be.txt	4782	258	rf	NEW
5906.lswap-964ebce5847f.txt	5906.lswap-e2d18fca77cb.txt	4782	258	rr	NEW
5906.lswap-964ebce5847f.txt	5906.lswap-eeb9a73f4b33.txt	4782	258	rr	NEW
5906.lswap-a28e203d65dc.txt	5906.lswap-af54b6f406a6.txt	4782	258	ff	NEW
5906.lswap-a28e203d65dc.txt	5906.lswap-df71274e07be.txt	4782	258	ff	NEW
5906.lswap-a28e203d65dc.txt	5906.lswap-e2d18fca77cb.txt	4782	258	fr	NEW
5906.lswap-a28e203d65dc.txt	5906.lswap-eeb9a73f4b33.txt	4782	258	fr	NEW
5906.lswap-af54b6f406a6.txt	5906.lswap-b55f23a2f470.txt	4782	258	ff	NEW
5906.lswap-af54b6f406a6.txt	5906.lswap-e0920da719d9.txt	4782	258	ff	NEW
5906.lswap-af54b6f406a6.txt	5906.lswap-f6dbf9989449.txt	4782	258	ff	NEW
5906.lswap-b55f23a2f470.txt	5906.lswap-df71274e07be.txt	4782	258	ff	NEW
5906.lswap-b55f23a2f470.txt	5906.lswap-e2d18fca77cb.txt	4782	258	fr	NEW
5906.lswap-b55f23a2f470.txt	5906.lswap-eeb9a73f4b33.txt	4782	258	fr	NEW
5906.lswap-df71274e07be.txt	5906.lswap-e0920da719d9.txt	4782	258	ff	NEW
5906.lswap-df71274e07be.txt	5906.lswap-f6dbf9989449.txt	4782	258	ff	NEW
5906.lswap-e0920da719d9.txt	5906.lswap-e2d18fca77cb.txt	4782	258	fr	NEW
5906.lswap-e0920da719d9.txt	5906.lswap-eeb9a73f4b33.txt	4782	258	fr	NEW
5906.lswap-e2d18fca77cb.txt	5906.lswap-f6dbf9989449.txt	4782	258	rf	NEW
5906.lswap-eeb9a73f4b33.txt	5906.lswap-f6dbf9989449.txt	4782	258	rf	NEW
5906.lswap-17946ea8ba63.txt	5906.up-e132c7a7c340.txt	4791	249	ff	NEW
5906.lswap-f8f86258580e.txt	5906.up-e132c7a7c340.txt	4791	249	ff	NEW
5906.lswap-d515e64b87be.txt	5906.lswap-f8f86258580e.txt	4791	249	ff	NEW
5906.up-454308027985.txt	5906.up-e132c7a7c340.txt	4802	238	ff	NEW
5906.lswap-17946ea8ba63.txt	5906.up-454308027985.txt	4802	238	ff	NEW
5906.lswap-d515e64b87be.txt	5906.up-454308027985.txt	4802	238	ff	NEW
5906.lswap-4a581202d46c.txt	5906.up-e132c7a7c340.txt	4802	238	ff	NEW
5906.lswap-6008b60b1c2c.txt	5906.up-e132c7a7c340.txt	4802	238	ff	NEW
5906.up-3ffb4355518f.txt	5906.up-956f3f1864b5.txt	4808	232	ff	NEW
5906.up-8ec03171f5df.txt	5906.up-91a0d3cd2c14.txt	4817	223	ff	NEW
5906.up-8ec03171f5df.txt	5906.up-e94d2b57a7d4.txt	4817	223	ff	NEW
5906.lswap-17203113788c.txt	5906.up-8ec03171f5df.txt	4817	223	ff	NEW
5906.lswap-3b4f2e286e0c.txt	5906.up-8ec03171f5df.txt	4817	223	ff	NEW
5906.lswap-49fc63d034f2.txt	5906.up-8ec03171f5df.txt	4817	223	fr	NEW
5906.lswap-4c179f65aa4b.txt	5906.up-8ec03171f5df.txt	4817	223	ff	NEW
5906.lswap-5228890279ca.txt	5906.up-8ec03171f5df.txt	4817	223	ff	NEW
5906.lswap-5764c730eaee.txt	5906.up-8ec03171f5df.txt	4817	223	ff	NEW
5906.lswap-5a7a973564fd.txt	5906.up-8ec03171f5df.txt	4817	223	ff	NEW
5906.lswap-6bd82af50a4e.txt	5906.up-8ec03171f5df.txt	4817	223	ff	NEW
5906.lswap-6d7ea156bdcc.txt	5906.up-8ec03171f5df.txt	4817	223	ff	NEW
5906.lswap-aa52880fc9e0.txt	5906.up-8ec03171f5df.txt	4817	223	ff	NEW
5906.lswap-b12d38608f09.txt	5906.up-8ec03171f5df.txt	4817	223	ff	NEW
5906.lswap-d252e4d38aa9.txt	5906.up-8ec03171f5df.txt	4817	223	fr	NEW
5906.lswap-e59a6239aa79.txt	5906.up-8ec03171f5df.txt	4817	223	ff	NEW
5906.lswap-49fac07a5323.txt	5906.up-91a0d3cd2c14.txt	4817	223	ff	NEW
5906.lswap-52f45c5e8e22.txt	5906.up-91a0d3cd2c14.txt	4817	223	ff	NEW
5906.lswap-80e6c24a2613.txt	5906.up-91a0d3cd2c14.txt	4817	223	ff	NEW
5906.lswap-8ed814577309.txt	5906.up-91a0d3cd2c14.txt	4817	223	ff	NEW
5906.lswap-9a5cc6a6e3c8.txt	5906.up-91a0d3cd2c14.txt	4817	223	fr	NEW
5906.lswap-afd973e1a915.txt	5906.up-91a0d3cd2c14.txt	4817	223	fr	NEW
5906.lswap-e145b859ca30.txt	5906.up-91a0d3cd2c14.txt	4817	223	fr	NEW
5906.lswap-49fac07a5323.txt	5906.up-e94d2b57a7d4.txt	4817	223	ff	NEW
5906.lswap-52f45c5e8e22.txt	5906.up-e94d2b57a7d4.txt	4817	223	ff	NEW
5906.lswap-80e6c24a2613.txt	5906.up-e94d2b57a7d4.txt	4817	223	ff	NEW
5906.lswap-8ed814577309.txt	5906.up-e94d2b57a7d4.txt	4817	223	ff	NEW
5906.lswap-9a5cc6a6e3c8.txt	5906.up-e94d2b57a7d4.txt	4817	223	fr	NEW
5906.lswap-afd973e1a915.txt	5906.up-e94d2b57a7d4.txt	4817	223	fr	NEW
5906.lswap-e145b859ca30.txt	5906.up-e94d2b57a7d4.txt	4817	223	fr	NEW
5906.lswap-17203113788c.txt	5906.lswap-49fac07a5323.txt	4817	223	ff	NEW
5906.lswap-17203113788c.txt	5906.lswap-80e6c24a2613.txt	4817	223	ff	NEW
5906.lswap-17203113788c.txt	5906.lswap-8ed814577309.txt	4817	223	ff	NEW
5906.lswap-17203113788c.txt	5906.lswap-9a5cc6a6e3c8.txt	4817	223	fr	NEW
5906.lswap-17203113788c.txt	5906.lswap-afd973e1a915.txt	4817	223	fr	NEW
5906.lswap-17203113788c.txt	5906.lswap-e145b859ca30.txt	4817	223	fr	NEW
5906.lswap-3b4f2e286e0c.txt	5906.lswap-49fac07a5323.txt	4817	223	ff	NEW
5906.lswap-3b4f2e286e0c.txt	5906.lswap-52f45c5e8e22.txt	4817	223	ff	NEW
5906.lswap-3b4f2e286e0c.txt	5906.lswap-80e6c24a2613.txt	4817	223	ff	NEW
5906.lswap-3b4f2e286e0c.txt	5906.lswap-8ed814577309.txt	4817	223	ff	NEW
5906.lswap-3b4f2e286e0c.txt	5906.lswap-9a5cc6a6e3c8.txt	4817	223	fr	NEW
5906.lswap-3b4f2e286e0c.txt	5906.lswap-afd973e1a915.txt	4817	223	fr	NEW
5906.lswap-3b4f2e286e0c.txt	5906.lswap-e145b859ca30.txt	4817	223	fr	NEW
5906.lswap-49fac07a5323.txt	5906.lswap-49fc63d034f2.txt	4817	223	fr	NEW
5906.lswap-49fac07a5323.txt	5906.lswap-4c179f65aa4b.txt	4817	223	ff	NEW
5906.lswap-49fac07a5323.txt	5906.lswap-5228890279ca.txt	4817	223	ff	NEW
5906.lswap-49fac07a5323.txt	5906.lswap-5764c730eaee.txt	4817	223	ff	NEW
5906.lswap-49fac07a5323.txt	5906.lswap-5a7a973564fd.txt	4817	223	ff	NEW
5906.lswap-49fac07a5323.txt	5906.lswap-6bd82af50a4e.txt	4817	223	ff	NEW
5906.lswap-49fac07a5323.txt	5906.lswap-6d7ea156bdcc.txt	4817	223	ff	NEW
5906.lswap-49fac07a5323.txt	5906.lswap-aa52880fc9e0.txt	4817	223	ff	NEW
5906.lswap-49fac07a5323.txt	5906.lswap-b12d38608f09.txt	4817	223	ff	NEW
5906.lswap-49fac07a5323.txt	5906.lswap-d252e4d38aa9.txt	4817	223	fr	NEW
5906.lswap-49fac07a5323.txt	5906.lswap-e59a6239aa79.txt	4817	223	ff	NEW
5906.lswap-49fc63d034f2.txt	5906.lswap-52f45c5e8e22.txt	4817	223	rf	NEW
5906.lswap-49fc63d034f2.txt	5906.lswap-80e6c24a2613.txt	4817	223	rf	NEW
5906.lswap-49fc63d034f2.txt	5906.lswap-8ed814577309.txt	4817	223	rf	NEW
5906.lswap-49fc63d034f2.txt	5906.lswap-9a5cc6a6e3c8.txt	4817	223	rr	NEW
5906.lswap-49fc63d034f2.txt	5906.lswap-afd973e1a915.txt	4817	223	rr	NEW
5906.lswap-49fc63d034f2.txt	5906.lswap-e145b859ca30.txt	4817	223	rr	NEW
5906.lswap-4c179f65aa4b.txt	5906.lswap-52f45c5e8e22.txt	4817	223	ff	NEW
5906.lswap-4c179f65aa4b.txt	5906.lswap-80e6c24a2613.txt	4817	223	ff	NEW
5906.lswap-4c179f65aa4b.txt	5906.lswap-8ed814577309.txt	4817	223	ff	NEW
5906.lswap-4c179f65aa4b.txt	5906.lswap-9a5cc6a6e3c8.txt	4817	223	fr	NEW
5906.lswap-4c179f65aa4b.txt	5906.lswap-afd973e1a915.txt	4817	223	fr	NEW
5906.lswap-4c179f65aa4b.txt	5906.lswap-e145b859ca30.txt	4817	223	fr	NEW
5906.lswap-5228890279ca.txt	5906.lswap-52f45c5e8e22.txt	4817	223	ff	NEW
5906.lswap-5228890279ca.txt	5906.lswap-80e6c24a2613.txt	4817	223	ff	NEW
5906.lswap-5228890279ca.txt	5906.lswap-8ed814577309.txt	4817	223	ff	NEW
5906.lswap-5228890279ca.txt	5906.lswap-9a5cc6a6e3c8.txt	4817	223	fr	NEW
5906.lswap-5228890279ca.txt	5906.lswap-afd973e1a915.txt	4817	223	fr	NEW
5906.lswap-5228890279ca.txt	5906.lswap-e145b859ca30.txt	4817	223	fr	NEW
5906.lswap-52f45c5e8e22.txt	5906.lswap-5a7a973564fd.txt	4817	223	ff	NEW
5906.lswap-52f45c5e8e22.txt	5906.lswap-aa52880fc9e0.txt	4817	223	ff	NEW
5906.lswap-52f45c5e8e22.txt	5906.lswap-b12d38608f09.txt	4817	223	ff	NEW
5906.lswap-52f45c5e8e22.txt	5906.lswap-d252e4d38aa9.txt	4817	223	fr	NEW
5906.lswap-52f45c5e8e22.txt	5906.lswap-e59a6239aa79.txt	4817	223	ff	NEW
5906.lswap-5764c730eaee.txt	5906.lswap-80e6c24a2613.txt	4817	223	ff	NEW
5906.lswap-5764c730eaee.txt	5906.lswap-8ed814577309.txt	4817	223	ff	NEW
5906.lswap-5764c730eaee.txt	5906.lswap-9a5cc6a6e3c8.txt	4817	223	fr	NEW
5906.lswap-5764c730eaee.txt	5906.lswap-afd973e1a915.txt	4817	223	fr	NEW
5906.lswap-5764c730eaee.txt	5906.lswap-e145b859ca30.txt	4817	223	fr	NEW
5906.lswap-5a7a973564fd.txt	5906.lswap-80e6c24a2613.txt	4817	223	ff	NEW
5906.lswap-5a7a973564fd.txt	5906.lswap-8ed814577309.txt	4817	223	ff	NEW
5906.lswap-5a7a973564fd.txt	5906.lswap-9a5cc6a6e3c8.txt	4817	223	fr	NEW
5906.lswap-5a7a973564fd.txt	5906.lswap-afd973e1a915.txt	4817	223	fr	NEW
5906.lswap-5a7a973564fd.txt	5906.lswap-e145b859ca30.txt	4817	223	fr	NEW
5906.lswap-6bd82af50a4e.txt	5906.lswap-80e6c24a2613.txt	4817	223	ff	NEW
5906.lswap-6bd82af50a4e.txt	5906.lswap-8ed814577309.txt	4817	223	ff	NEW
5906.lswap-6bd82af50a4e.txt	5906.lswap-9a5cc6a6e3c8.txt	4817	223	fr	NEW
5906.lswap-6bd82af50a4e.txt	5906.lswap-afd973e1a915.txt	4817	223	fr	NEW
5906.lswap-6bd82af50a4e.txt	5906.lswap-e145b859ca30.txt	4817	223	fr	NEW
5906.lswap-6d7ea156bdcc.txt	5906.lswap-80e6c24a2613.txt	4817	223	ff	NEW
5906.lswap-6d7ea156bdcc.txt	5906.lswap-8ed814577309.txt	4817	223	ff	NEW
5906.lswap-6d7ea156bdcc.txt	5906.lswap-9a5cc6a6e3c8.txt	4817	223	fr	NEW
5906.lswap-6d7ea156bdcc.txt	5906.lswap-afd973e1a915.txt	4817	223	fr	NEW
5906.lswap-6d7ea156bdcc.txt	5906.lswap-e145b859ca30.txt	4817	223	fr	NEW
5906.lswap-80e6c24a2613.txt	5906.lswap-aa52880fc9e0.txt	4817	223	ff	NEW
5906.lswap-80e6c24a2613.txt	5906.lswap-b12d38608f09.txt	4817	223	ff	NEW
5906.lswap-80e6c24a2613.txt	5906.lswap-d252e4d38aa9.txt	4817	223	fr	NEW
5906.lswap-80e6c24a2613.txt	5906.lswap-e59a6239aa79.txt	4817	223	ff	NEW
5906.lswap-8ed814577309.txt	5906.lswap-aa52880fc9e0.txt	4817	223	ff	NEW
5906.lswap-8ed814577309.txt	5906.lswap-b12d38608f09.txt	4817	223	ff	NEW
5906.lswap-8ed814577309.txt	5906.lswap-d252e4d38aa9.txt	4817	223	fr	NEW
5906.lswap-8ed814577309.txt	5906.lswap-e59a6239aa79.txt	4817	223	ff	NEW
5906.lswap-9a5cc6a6e3c8.txt	5906.lswap-aa52880fc9e0.txt	4817	223	rf	NEW
5906.lswap-9a5cc6a6e3c8.txt	5906.lswap-b12d38608f09.txt	4817	223	rf	NEW
5906.lswap-9a5cc6a6e3c8.txt	5906.lswap-d252e4d38aa9.txt	4817	223	rr	NEW
5906.lswap-9a5cc6a6e3c8.txt	5906.lswap-e59a6239aa79.txt	4817	223	rf	NEW
5906.lswap-aa52880fc9e0.txt	5906.lswap-afd973e1a915.txt	4817	223	fr	NEW
5906.lswap-aa52880fc9e0.txt	5906.lswap-e145b859ca30.txt	4817	223	fr	NEW
5906.lswap-afd973e1a915.txt	5906.lswap-b12d38608f09.txt	4817	223	rf	NEW
5906.lswap-afd973e1a915.txt	5906.lswap-d252e4d38aa9.txt	4817	223	rr	NEW
5906.lswap-afd973e1a915.txt	5906.lswap-e59a6239aa79.txt	4817	223	rf	NEW
5906.lswap-b12d38608f09.txt	5906.lswap-e145b859ca30.txt	4817	223	fr	NEW
5906.lswap-d252e4d38aa9.txt	5906.lswap-e145b859ca30.txt	4817	223	rr	NEW
5906.lswap-e145b859ca30.txt	5906.lswap-e59a6239aa79.txt	4817	223	rf	NEW
5906.up-0db50fc7743c.txt	5906.up-16ca46d2c5a9.txt	4819	221	ff	NEW
5906.lswap-2497c9291398.txt	5906.up-0db50fc7743c.txt	4819	221	fr	NEW
5906.lswap-2ae54d2fd96c.txt	5906.up-0db50fc7743c.txt	4819	221	fr	NEW
5906.lswap-52e683fb05d3.txt	5906.up-0db50fc7743c.txt	4819	221	ff	NEW
5906.lswap-5dbb54e50268.txt	5906.up-0db50fc7743c.txt	4819	221	ff	NEW
5906.lswap-62d959eb4e73.txt	5906.up-0db50fc7743c.txt	4819	221	ff	NEW
5906.lswap-8ed814577309.txt	5906.up-0db50fc7743c.txt	4819	221	fr	NEW
5906.lswap-025c4805fc39.txt	5906.up-16ca46d2c5a9.txt	4819	221	ff	NEW
5906.lswap-5808edca979d.txt	5906.up-16ca46d2c5a9.txt	4819	221	ff	NEW
5906.lswap-7f47c6e6eeda.txt	5906.up-16ca46d2c5a9.txt	4819	221	fr	NEW
5906.lswap-9a5cc6a6e3c8.txt	5906.up-16ca46d2c5a9.txt	4819	221	ff	NEW
5906.lswap-a7d2db45842b.txt	5906.up-16ca46d2c5a9.txt	4819	221	fr	NEW
5906.lswap-df71274e07be.txt	5906.up-16ca46d2c5a9.txt	4819	221	fr	NEW
5906.lswap-025c4805fc39.txt	5906.lswap-2497c9291398.txt	4819	221	fr	NEW
5906.lswap-025c4805fc39.txt	5906.lswap-52e683fb05d3.txt	4819	221	ff	NEW
5906.lswap-025c4805fc39.txt	5906.lswap-5dbb54e50268.txt	4819	221	ff	NEW
5906.lswap-025c4805fc39.txt	5906.lswap-8ed814577309.txt	4819	221	fr	NEW
5906.lswap-2497c9291398.txt	5906.lswap-7f47c6e6eeda.txt	4819	221	rr	NEW
5906.lswap-2497c9291398.txt	5906.lswap-9a5cc6a6e3c8.txt	4819	221	rf	NEW
5906.lswap-2497c9291398.txt	5906.lswap-a7d2db45842b.txt	4819	221	rr	NEW
5906.lswap-2497c9291398.txt	5906.lswap-df71274e07be.txt	4819	221	rr	NEW
5906.lswap-2ae54d2fd96c.txt	5906.lswap-5808edca979d.txt	4819	221	rf	NEW
5906.lswap-2ae54d2fd96c.txt	5906.lswap-9a5cc6a6e3c8.txt	4819	221	rf	NEW
5906.lswap-2ae54d2fd96c.txt	5906.lswap-a7d2db45842b.txt	4819	221	rr	NEW
5906.lswap-2ae54d2fd96c.txt	5906.lswap-df71274e07be.txt	4819	221	rr	NEW
5906.lswap-52e683fb05d3.txt	5906.lswap-5808edca979d.txt	4819	221	ff	NEW
5906.lswap-52e683fb05d3.txt	5906.lswap-7f47c6e6eeda.txt	4819	221	fr	NEW
5906.lswap-52e683fb05d3.txt	5906.lswap-9a5cc6a6e3c8.txt	4819	221	ff	NEW
5906.lswap-52e683fb05d3.txt	5906.lswap-df71274e07be.txt	4819	221	fr	NEW
5906.lswap-5808edca979d.txt	5906.lswap-5dbb54e50268.txt	4819	221	ff	NEW
5906.lswap-5808edca979d.txt	5906.lswap-62d959eb4e73.txt	4819	221	ff	NEW
5906.lswap-5808edca979d.txt	5906.lswap-8ed814577309.txt	4819	221	fr	NEW
5906.lswap-5dbb54e50268.txt	5906.lswap-7f47c6e6eeda.txt	4819	221	fr	NEW
5906.lswap-5dbb54e50268.txt	5906.lswap-9a5cc6a6e3c8.txt	4819	221	ff	NEW
5906.lswap-5dbb54e50268.txt	5906.lswap-a7d2db45842b.txt	4819	221	fr	NEW
5906.lswap-62d959eb4e73.txt	5906.lswap-9a5cc6a6e3c8.txt	4819	221	ff	NEW
5906.lswap-62d959eb4e73.txt	5906.lswap-a7d2db45842b.txt	4819	221	fr	NEW
5906.lswap-62d959eb4e73.txt	5906.lswap-df71274e07be.txt	4819	221	fr	NEW
5906.lswap-7f47c6e6eeda.txt	5906.lswap-8ed814577309.txt	4819	221	rr	NEW
5906.lswap-8ed814577309.txt	5906.lswap-a7d2db45842b.txt	4819	221	rr	NEW
5906.lswap-8ed814577309.txt	5906.lswap-df71274e07be.txt	4819	221	rr	NEW
5906.up-23ca8a9bcc81.txt	5906.up-d2559533f431.txt	4819	221	ff	NEW
5906.up-23ca8a9bcc81.txt	5906.up-e948752d6a32.txt	4819	221	ff	NEW
5906.up-23ca8a9bcc81.txt	5906.up-eebb02e3baec.txt	4819	221	ff	NEW
5906.lswap-0de54c0a7bb6.txt	5906.up-23ca8a9bcc81.txt	4819	221	fr	NEW
5906.lswap-17203113788c.txt	5906.up-23ca8a9bcc81.txt	4819	221	fr	NEW
5906.lswap-25804d565b10.txt	5906.up-23ca8a9bcc81.txt	4819	221	ff	NEW
5906.lswap-3baeeea281f2.txt	5906.up-23ca8a9bcc81.txt	4819	221	ff	NEW
5906.lswap-469763027c57.txt	5906.up-23ca8a9bcc81.txt	4819	221	ff	NEW
5906.lswap-52f45c5e8e22.txt	5906.up-23ca8a9bcc81.txt	4819	221	fr	NEW
5906.lswap-5764c730eaee.txt	5906.up-23ca8a9bcc81.txt	4819	221	fr	NEW
5906.lswap-5dbb54e50268.txt	5906.up-23ca8a9bcc81.txt	4819	221	fr	NEW
5906.lswap-6bd82af50a4e.txt	5906.up-23ca8a9bcc81.txt	4819	221	fr	NEW
5906.lswap-6d7ea156bdcc.txt	5906.up-23ca8a9bcc81.txt	4819	221	fr	NEW
5906.lswap-7602ba885180.txt	5906.up-23ca8a9bcc81.txt	4819	221	ff	NEW
5906.lswap-964ebce5847f.txt	5906.up-23ca8a9bcc81.txt	4819	221	fr	NEW
5906.lswap-a28e203d65dc.txt	5906.up-23ca8a9bcc81.txt	4819	221	ff	NEW
5906.lswap-af54b6f406a6.txt	5906.up-23ca8a9bcc81.txt	4819	221	ff	NEW
5906.lswap-b55f23a2f470.txt	5906.up-23ca8a9bcc81.txt	4819	221	ff	NEW
5906.lswap-df71274e07be.txt	5906.up-23ca8a9bcc81.txt	4819	221	ff	NEW
5906.lswap-e0920da719d9.txt	5906.up-23ca8a9bcc81.txt	4819	221	ff	NEW
5906.lswap-e2d18fca77cb.txt	5906.up-23ca8a9bcc81.txt	4819	221	fr	NEW
5906.lswap-eeb9a73f4b33.txt	5906.up-23ca8a9bcc81.txt	4819	221	fr	NEW
5906.lswap-f6dbf9989449.txt	5906.up-23ca8a9bcc81.txt	4819	221	ff	NEW
5906.up-aed220b1ebc4.txt	5906.up-d2559533f431.txt	4819	221	ff	NEW
5906.up-aed220b1ebc4.txt	5906.up-e948752d6a32.txt	4819	221	ff	NEW
5906.up-aed220b1ebc4.txt	5906.up-eebb02e3baec.txt	4819	221	ff	NEW
5906.lswap-0de54c0a7bb6.txt	5906.up-aed220b1ebc4.txt	4819	221	fr	NEW
5906.lswap-17203113788c.txt	5906.up-aed220b1ebc4.txt	4819	221	fr	NEW
5906.lswap-25804d565b10.txt	5906.up-aed220b1ebc4.txt	4819	221	ff	NEW
5906.lswap-3baeeea281f2.txt	5906.up-aed220b1ebc4.txt	4819	221	ff	NEW
5906.lswap-469763027c57.txt	5906.up-aed220b1ebc4.txt	4819	221	ff	NEW
5906.lswap-52f45c5e8e22.txt	5906.up-aed220b1ebc4.txt	4819	221	fr	NEW
5906.lswap-5764c730eaee.txt	5906.up-aed220b1ebc4.txt	4819	221	fr	NEW
5906.lswap-5dbb54e50268.txt	5906.up-aed220b1ebc4.txt	4819	221	fr	NEW
5906.lswap-6bd82af50a4e.txt	5906.up-aed220b1ebc4.txt	4819	221	fr	NEW
5906.lswap-6d7ea156bdcc.txt	5906.up-aed220b1ebc4.txt	4819	221	fr	NEW
5906.lswap-7602ba885180.txt	5906.up-aed220b1ebc4.txt	4819	221	ff	NEW
5906.lswap-964ebce5847f.txt	5906.up-aed220b1ebc4.txt	4819	221	fr	NEW
5906.lswap-a28e203d65dc.txt	5906.up-aed220b1ebc4.txt	4819	221	ff	NEW
5906.lswap-af54b6f406a6.txt	5906.up-aed220b1ebc4.txt	4819	221	ff	NEW
5906.lswap-b55f23a2f470.txt	5906.up-aed220b1ebc4.txt	4819	221	ff	NEW
5906.lswap-df71274e07be.txt	5906.up-aed220b1ebc4.txt	4819	221	ff	NEW
5906.lswap-e0920da719d9.txt	5906.up-aed220b1ebc4.txt	4819	221	ff	NEW
5906.lswap-e2d18fca77cb.txt	5906.up-aed220b1ebc4.txt	4819	221	fr	NEW
5906.lswap-eeb9a73f4b33.txt	5906.up-aed220b1ebc4.txt	4819	221	fr	NEW
5906.lswap-f6dbf9989449.txt	5906.up-aed220b1ebc4.txt	4819	221	ff	NEW
5906.lswap-1e70957354f1.txt	5906.up-d2559533f431.txt	4819	221	fr	NEW
5906.lswap-2fb529601be6.txt	5906.up-d2559533f431.txt	4819	221	fr	NEW
5906.lswap-423441640591.txt	5906.up-d2559533f431.txt	4819	221	ff	NEW
5906.lswap-73851215f718.txt	5906.up-d2559533f431.txt	4819	221	ff	NEW
5906.lswap-821102adfff8.txt	5906.up-d2559533f431.txt	4819	221	ff	NEW
5906.lswap-1e70957354f1.txt	5906.up-e948752d6a32.txt	4819	221	fr	NEW
5906.lswap-2fb529601be6.txt	5906.up-e948752d6a32.txt	4819	221	fr	NEW
5906.lswap-423441640591.txt	5906.up-e948752d6a32.txt	4819	221	ff	NEW
5906.lswap-73851215f718.txt	5906.up-e948752d6a32.txt	4819	221	ff	NEW
5906.lswap-821102adfff8.txt	5906.up-e948752d6a32.txt	4819	221	ff	NEW
5906.lswap-1e70957354f1.txt	5906.up-eebb02e3baec.txt	4819	221	fr	NEW
5906.lswap-2fb529601be6.txt	5906.up-eebb02e3baec.txt	4819	221	fr	NEW
5906.lswap-423441640591.txt	5906.up-eebb02e3baec.txt	4819	221	ff	NEW
5906.lswap-73851215f718.txt	5906.up-eebb02e3baec.txt	4819	221	ff	NEW
5906.lswap-821102adfff8.txt	5906.up-eebb02e3baec.txt	4819	221	ff	NEW
5906.lswap-0de54c0a7bb6.txt	5906.lswap-1e70957354f1.txt	4819	221	rr	NEW
5906.lswap-0de54c0a7bb6.txt	5906.lswap-2fb529601be6.txt	4819	221	rr	NEW
5906.lswap-0de54c0a7bb6.txt	5906.lswap-423441640591.txt	4819	221	rf	NEW
5906.lswap-0de54c0a7bb6.txt	5906.lswap-73851215f718.txt	4819	221	rf	NEW
5906.lswap-0de54c0a7bb6.txt	5906.lswap-821102adfff8.txt	4819	221	rf	NEW
5906.lswap-17203113788c.txt	5906.lswap-1e70957354f1.txt	4819	221	rr	NEW
5906.lswap-17203113788c.txt	5906.lswap-2fb529601be6.txt	4819	221	rr	NEW
5906.lswap-17203113788c.txt	5906.lswap-423441640591.txt	4819	221	rf	NEW
5906.lswap-17203113788c.txt	5906.lswap-73851215f718.txt	4819	221	rf	NEW
5906.lswap-17203113788c.txt	5906.lswap-821102adfff8.txt	4819	221	rf	NEW
5906.lswap-1e70957354f1.txt	5906.lswap-25804d565b10.txt	4819	221	rf	NEW
5906.lswap-1e70957354f1.txt	5906.lswap-3baeeea281f2.txt	4819	221	rf	NEW
5906.lswap-1e70957354f1.txt	5906.lswap-469763027c57.txt	4819	221	rf	NEW
5906.lswap-1e70957354f1.txt	5906.lswap-52f45c5e8e22.txt	4819	221	rr	NEW
5906.lswap-1e70957354f1.txt	5906.lswap-5764c730eaee.txt	4819	221	rr	NEW
5906.lswap-1e70957354f1.txt	5906.lswap-5dbb54e50268.txt	4819	221	rr	NEW
5906.lswap-1e70957354f1.txt	5906.lswap-6bd82af50a4e.txt	4819	221	rr	NEW
5906.lswap-1e70957354f1.txt	5906.lswap-6d7ea156bdcc.txt	4819	221	rr	NEW
5906.lswap-1e70957354f1.txt	5906.lswap-7602ba885180.txt	4819	221	rf	NEW
5906.lswap-1e70957354f1.txt	5906.lswap-964ebce5847f.txt	4819	221	rr	NEW
5906.lswap-1e70957354f1.txt	5906.lswap-a28e203d65dc.txt	4819	221	rf	NEW
5906.lswap-1e70957354f1.txt	5906.lswap-af54b6f406a6.txt	4819	221	rf	NEW
5906.lswap-1e70957354f1.txt	5906.lswap-b55f23a2f470.txt	4819	221	rf	NEW
5906.lswap-1e70957354f1.txt	5906.lswap-df71274e07be.txt	4819	221	rf	NEW
5906.lswap-1e70957354f1.txt	5906.lswap-e0920da719d9.txt	4819	221	rf	NEW
5906.lswap-1e70957354f1.txt	5906.lswap-e2d18fca77cb.txt	4819	221	rr	NEW
5906.lswap-1e70957354f1.txt	5906.lswap-eeb9a73f4b33.txt	4819	221	rr	NEW
5906.lswap-1e70957354f1.txt	5906.lswap-f6dbf9989449.txt	4819	221	rf	NEW
5906.lswap-25804d565b10.txt	5906.lswap-2fb529601be6.txt	4819	221	fr	NEW
5906.lswap-25804d565b10.txt	5906.lswap-423441640591.txt	4819	221	ff	NEW
5906.lswap-25804d565b10.txt	5906.lswap-73851215f718.txt	4819	221	ff	NEW
5906.lswap-25804d565b10.txt	5906.lswap-821102adfff8.txt	4819	221	ff	NEW
5906.lswap-2fb529601be6.txt	5906.lswap-3baeeea281f2.txt	4819	221	rf	NEW
5906.lswap-2fb529601be6.txt	5906.lswap-469763027c57.txt	4819	221	rf	NEW
5906.lswap-2fb529601be6.txt	5906.lswap-52f45c5e8e22.txt	4819	221	rr	NEW
5906.lswap-2fb529601be6.txt	5906.lswap-5764c730eaee.txt	4819	221	rr	NEW
5906.lswap-2fb529601be6.txt	5906.lswap-5dbb54e50268.txt	4819	221	rr	NEW
5906.lswap-2fb529601be6.txt	5906.lswap-6bd82af50a4e.txt	4819	221	rr	NEW
5906.lswap-2fb529601be6.txt	5906.lswap-6d7ea156bdcc.txt	4819	221	rr	NEW
5906.lswap-2fb529601be6.txt	5906.lswap-7602ba885180.txt	4819	221	rf	NEW
5906.lswap-2fb529601be6.txt	5906.lswap-964ebce5847f.txt	4819	221	rr	NEW
5906.lswap-2fb529601be6.txt	5906.lswap-a28e203d65dc.txt	4819	221	rf	NEW
5906.lswap-2fb529601be6.txt	5906.lswap-af54b6f406a6.txt	4819	221	rf	NEW
5906.lswap-2fb529601be6.txt	5906.lswap-b55f23a2f470.txt	4819	221	rf	NEW
5906.lswap-2fb529601be6.txt	5906.lswap-df71274e07be.txt	4819	221	rf	NEW
5906.lswap-2fb529601be6.txt	5906.lswap-e0920da719d9.txt	4819	221	rf	NEW
5906.lswap-2fb529601be6.txt	5906.lswap-e2d18fca77cb.txt	4819	221	rr	NEW
5906.lswap-2fb529601be6.txt	5906.lswap-eeb9a73f4b33.txt	4819	221	rr	NEW
5906.lswap-2fb529601be6.txt	5906.lswap-f6dbf9989449.txt	4819	221	rf	NEW
5906.lswap-3baeeea281f2.txt	5906.lswap-423441640591.txt	4819	221	ff	NEW
5906.lswap-3baeeea281f2.txt	5906.lswap-73851215f718.txt	4819	221	ff	NEW
5906.lswap-3baeeea281f2.txt	5906.lswap-821102adfff8.txt	4819	221	ff	NEW
5906.lswap-423441640591.txt	5906.lswap-469763027c57.txt	4819	221	ff	NEW
5906.lswap-423441640591.txt	5906.lswap-52f45c5e8e22.txt	4819	221	fr	NEW
5906.lswap-423441640591.txt	5906.lswap-5764c730eaee.txt	4819	221	fr	NEW
5906.lswap-423441640591.txt	5906.lswap-5dbb54e50268.txt	4819	221	fr	NEW
5906.lswap-423441640591.txt	5906.lswap-6bd82af50a4e.txt	4819	221	fr	NEW
5906.lswap-423441640591.txt	5906.lswap-6d7ea156bdcc.txt	4819	221	fr	NEW
5906.lswap-423441640591.txt	5906.lswap-7602ba885180.txt	4819	221	ff	NEW
5906.lswap-423441640591.txt	5906.lswap-964ebce5847f.txt	4819	221	fr	NEW
5906.lswap-423441640591.txt	5906.lswap-a28e203d65dc.txt	4819	221	ff	NEW
5906.lswap-423441640591.txt	5906.lswap-af54b6f406a6.txt	4819	221	ff	NEW
5906.lswap-423441640591.txt	5906.lswap-b55f23a2f470.txt	4819	221	ff	NEW
5906.lswap-423441640591.txt	5906.lswap-df71274e07be.txt	4819	221	ff	NEW
5906.lswap-423441640591.txt	5906.lswap-e0920da719d9.txt	4819	221	ff	NEW
5906.lswap-423441640591.txt	5906.lswap-e2d18fca77cb.txt	4819	221	fr	NEW
5906.lswap-423441640591.txt	5906.lswap-eeb9a73f4b33.txt	4819	221	fr	NEW
5906.lswap-423441640591.txt	5906.lswap-f6dbf9989449.txt	4819	221	ff	NEW
5906.lswap-469763027c57.txt	5906.lswap-73851215f718.txt	4819	221	ff	NEW
5906.lswap-469763027c57.txt	5906.lswap-821102adfff8.txt	4819	221	ff	NEW
5906.lswap-52f45c5e8e22.txt	5906.lswap-73851215f718.txt	4819	221	rf	NEW
5906.lswap-52f45c5e8e22.txt	5906.lswap-821102adfff8.txt	4819	221	rf	NEW
5906.lswap-5764c730eaee.txt	5906.lswap-73851215f718.txt	4819	221	rf	NEW
5906.lswap-5764c730eaee.txt	5906.lswap-821102adfff8.txt	4819	221	rf	NEW
5906.lswap-5dbb54e50268.txt	5906.lswap-73851215f718.txt	4819	221	rf	NEW
5906.lswap-5dbb54e50268.txt	5906.lswap-821102adfff8.txt	4819	221	rf	NEW
5906.lswap-6bd82af50a4e.txt	5906.lswap-73851215f718.txt	4819	221	rf	NEW
5906.lswap-6bd82af50a4e.txt	5906.lswap-821102adfff8.txt	4819	221	rf	NEW
5906.lswap-6d7ea156bdcc.txt	5906.lswap-73851215f718.txt	4819	221	rf	NEW
5906.lswap-6d7ea156bdcc.txt	5906.lswap-821102adfff8.txt	4819	221	rf	NEW
5906.lswap-73851215f718.txt	5906.lswap-7602ba885180.txt	4819	221	ff	NEW
5906.lswap-73851215f718.txt	5906.lswap-964ebce5847f.txt	4819	221	fr	NEW
5906.lswap-73851215f718.txt	5906.lswap-a28e203d65dc.txt	4819	221	ff	NEW
5906.lswap-73851215f718.txt	5906.lswap-af54b6f406a6.txt	4819	221	ff	NEW
5906.lswap-73851215f718.txt	5906.lswap-b55f23a2f470.txt	4819	221	ff	NEW
5906.lswap-73851215f718.txt	5906.lswap-df71274e07be.txt	4819	221	ff	NEW
5906.lswap-73851215f718.txt	5906.lswap-e0920da719d9.txt	4819	221	ff	NEW
5906.lswap-73851215f718.txt	5906.lswap-e2d18fca77cb.txt	4819	221	fr	NEW
5906.lswap-73851215f718.txt	5906.lswap-eeb9a73f4b33.txt	4819	221	fr	NEW
5906.lswap-73851215f718.txt	5906.lswap-f6dbf9989449.txt	4819	221	ff	NEW
5906.lswap-7602ba885180.txt	5906.lswap-821102adfff8.txt	4819	221	ff	NEW
5906.lswap-821102adfff8.txt	5906.lswap-964ebce5847f.txt	4819	221	fr	NEW
5906.lswap-821102adfff8.txt	5906.lswap-a28e203d65dc.txt	4819	221	ff	NEW
5906.lswap-821102adfff8.txt	5906.lswap-af54b6f406a6.txt	4819	221	ff	NEW
5906.lswap-821102adfff8.txt	5906.lswap-b55f23a2f470.txt	4819	221	ff	NEW
5906.lswap-821102adfff8.txt	5906.lswap-df71274e07be.txt	4819	221	ff	NEW
5906.lswap-821102adfff8.txt	5906.lswap-e0920da719d9.txt	4819	221	ff	NEW
5906.lswap-821102adfff8.txt	5906.lswap-e2d18fca77cb.txt	4819	221	fr	NEW
5906.lswap-821102adfff8.txt	5906.lswap-eeb9a73f4b33.txt	4819	221	fr	NEW
5906.lswap-821102adfff8.txt	5906.lswap-f6dbf9989449.txt	4819	221	ff	NEW
5906.up-6f42b3603dac.txt	5906.up-f8d1e70c6a52.txt	4834	206	ff	NEW
5906.up-7f9a93193f10.txt	5906.up-f8d1e70c6a52.txt	4834	206	ff	NEW
5906.lswap-637b5054102a.txt	5906.up-f8d1e70c6a52.txt	4834	206	ff	NEW
5906.up-6773ff05a318.txt	5906.up-e8da0f18269f.txt	4836	204	ff	NEW
5906.up-0a065898a821.txt	5906.up-d8c6ba46400e.txt	4840	200	ff	NEW
5906.up-377da0a3c300.txt	5906.up-d8c6ba46400e.txt	4840	200	ff	NEW
5906.up-63a938be8d73.txt	5906.up-d8c6ba46400e.txt	4840	200	ff	NEW
5906.up-6597315411ea.txt	5906.up-d8c6ba46400e.txt	4840	200	ff	NEW
5906.up-72482a71c81e.txt	5906.up-d8c6ba46400e.txt	4840	200	ff	NEW
5906.up-c3afee7ed153.txt	5906.up-d8c6ba46400e.txt	4840	200	ff	NEW
5906.up-c63a66adbc60.txt	5906.up-d8c6ba46400e.txt	4840	200	ff	NEW
5906.up-d1489855deef.txt	5906.up-d8c6ba46400e.txt	4840	200	ff	NEW
5906.up-d8c6ba46400e.txt	5906.up-f2c7804be474.txt	4840	200	ff	NEW
5906.lswap-06f4ba2c8122.txt	5906.up-d8c6ba46400e.txt	4840	200	ff	NEW
5906.lswap-09c105553d61.txt	5906.up-d8c6ba46400e.txt	4840	200	ff	NEW
5906.lswap-10f62906b166.txt	5906.up-d8c6ba46400e.txt	4840	200	ff	NEW
5906.lswap-23548cda0ace.txt	5906.up-d8c6ba46400e.txt	4840	200	ff	NEW
5906.lswap-28b97fbb68d1.txt	5906.up-d8c6ba46400e.txt	4840	200	ff	NEW
5906.lswap-3a55a72f70d6.txt	5906.up-d8c6ba46400e.txt	4840	200	ff	NEW
5906.lswap-67fc5c2184ab.txt	5906.up-d8c6ba46400e.txt	4840	200	ff	NEW
5906.lswap-8f58c699a11d.txt	5906.up-d8c6ba46400e.txt	4840	200	ff	NEW
5906.lswap-945cf8ae5bef.txt	5906.up-d8c6ba46400e.txt	4840	200	ff	NEW
5906.lswap-9bf7e32c6472.txt	5906.up-d8c6ba46400e.txt	4840	200	ff	NEW
5906.lswap-9f885c2a5e20.txt	5906.up-d8c6ba46400e.txt	4840	200	ff	NEW
5906.lswap-db110b7302cf.txt	5906.up-d8c6ba46400e.txt	4840	200	ff	NEW
